solid OpenSCAD_Model
  facet normal -1 -0 0
    outer loop
      vertex 0 4 0
      vertex 0 4 3
      vertex 0 28 3
    endloop
  endfacet
  facet normal 0 0 -1
    outer loop
      vertex 0 4 0
      vertex 0 28 0
      vertex 4.3 16 0
    endloop
  endfacet
  facet normal -1 0 0
    outer loop
      vertex 0 4 0
      vertex 0 28 3
      vertex 0 28 0
    endloop
  endfacet
  facet normal -0.997859 -0.0654009 0
    outer loop
      vertex 0 4 0
      vertex 0.0342197 3.47789 0
      vertex 0 4 3
    endloop
  endfacet
  facet normal 0 0 -1
    outer loop
      vertex 0 4 0
      vertex 0.136296 2.96472 0
      vertex 0.0342197 3.47789 0
    endloop
  endfacet
  facet normal 0 0 -1
    outer loop
      vertex 0 4 0
      vertex 0.304482 2.46927 0
      vertex 0.136296 2.96472 0
    endloop
  endfacet
  facet normal 0 0 -1
    outer loop
      vertex 0 4 0
      vertex 0.535898 2 0
      vertex 0.304482 2.46927 0
    endloop
  endfacet
  facet normal 0 0 -1
    outer loop
      vertex 0 4 0
      vertex 0.826586 1.56495 0
      vertex 0.535898 2 0
    endloop
  endfacet
  facet normal 0 0 -1
    outer loop
      vertex 0 4 0
      vertex 1.17157 1.17157 0
      vertex 0.826586 1.56495 0
    endloop
  endfacet
  facet normal 0 0 -1
    outer loop
      vertex 0 4 0
      vertex 1.56495 0.826586 0
      vertex 1.17157 1.17157 0
    endloop
  endfacet
  facet normal 0 0 -1
    outer loop
      vertex 0 4 0
      vertex 2 0.535898 0
      vertex 1.56495 0.826586 0
    endloop
  endfacet
  facet normal 0 0 -1
    outer loop
      vertex 0 4 0
      vertex 2.46927 0.304482 0
      vertex 2 0.535898 0
    endloop
  endfacet
  facet normal 0 0 -1
    outer loop
      vertex 0 4 0
      vertex 2.96472 0.136296 0
      vertex 2.46927 0.304482 0
    endloop
  endfacet
  facet normal 0 0 -1
    outer loop
      vertex 0 4 0
      vertex 3.47789 0.0342197 0
      vertex 2.96472 0.136296 0
    endloop
  endfacet
  facet normal 0 0 -1
    outer loop
      vertex 0 4 0
      vertex 4 0 0
      vertex 3.47789 0.0342197 0
    endloop
  endfacet
  facet normal -0 0 -1
    outer loop
      vertex 0 4 0
      vertex 4.3 16 0
      vertex 4.31454 15.7781 0
    endloop
  endfacet
  facet normal -0 0 -1
    outer loop
      vertex 0 4 0
      vertex 4.31454 15.7781 0
      vertex 4.35793 15.56 0
    endloop
  endfacet
  facet normal -0 0 -1
    outer loop
      vertex 0 4 0
      vertex 4.35793 15.56 0
      vertex 4.4294 15.3494 0
    endloop
  endfacet
  facet normal -0 0 -1
    outer loop
      vertex 0 4 0
      vertex 4.4294 15.3494 0
      vertex 4.52776 15.15 0
    endloop
  endfacet
  facet normal -0 0 -1
    outer loop
      vertex 0 4 0
      vertex 4.52776 15.15 0
      vertex 4.6513 14.9651 0
    endloop
  endfacet
  facet normal -0 0 -1
    outer loop
      vertex 0 4 0
      vertex 4.6513 14.9651 0
      vertex 4.79792 14.7979 0
    endloop
  endfacet
  facet normal -0 0 -1
    outer loop
      vertex 0 4 0
      vertex 4.79792 14.7979 0
      vertex 4.96511 14.6513 0
    endloop
  endfacet
  facet normal -0 0 -1
    outer loop
      vertex 0 4 0
      vertex 4.96511 14.6513 0
      vertex 5.15 14.5278 0
    endloop
  endfacet
  facet normal -0 0 -1
    outer loop
      vertex 0 4 0
      vertex 5.15 14.5278 0
      vertex 5.34944 14.4294 0
    endloop
  endfacet
  facet normal -0 0 -1
    outer loop
      vertex 0 4 0
      vertex 5.34944 14.4294 0
      vertex 5.56001 14.3579 0
    endloop
  endfacet
  facet normal -0 0 -1
    outer loop
      vertex 0 4 0
      vertex 5.56001 14.3579 0
      vertex 5.7781 14.3145 0
    endloop
  endfacet
  facet normal -0 0 -1
    outer loop
      vertex 0 4 0
      vertex 5.7781 14.3145 0
      vertex 6 14.3 0
    endloop
  endfacet
  facet normal 0 0 -1
    outer loop
      vertex 0 4 0
      vertex 6 14.3 0
      vertex 6.22189 14.3145 0
    endloop
  endfacet
  facet normal 0 0 -1
    outer loop
      vertex 0 4 0
      vertex 6.22189 14.3145 0
      vertex 4 0 0
    endloop
  endfacet
  facet normal -0.997859 -0.0654009 0
    outer loop
      vertex 0 4 3
      vertex 0.0342197 3.47789 0
      vertex 0.0342197 3.47789 3
    endloop
  endfacet
  facet normal 0 0 1
    outer loop
      vertex 0 4 3
      vertex 0.0342197 3.47789 3
      vertex 0.136296 2.96472 3
    endloop
  endfacet
  facet normal 0 0 1
    outer loop
      vertex 0 4 3
      vertex 0.136296 2.96472 3
      vertex 0.304482 2.46927 3
    endloop
  endfacet
  facet normal 0 0 1
    outer loop
      vertex 0 4 3
      vertex 0.304482 2.46927 3
      vertex 0.535898 2 3
    endloop
  endfacet
  facet normal 0 0 1
    outer loop
      vertex 0 4 3
      vertex 0.535898 2 3
      vertex 0.826586 1.56495 3
    endloop
  endfacet
  facet normal 0 0 1
    outer loop
      vertex 0 4 3
      vertex 0.826586 1.56495 3
      vertex 1.17157 1.17157 3
    endloop
  endfacet
  facet normal 0 0 1
    outer loop
      vertex 0 4 3
      vertex 1.17157 1.17157 3
      vertex 1.56495 0.826586 3
    endloop
  endfacet
  facet normal 0 0 1
    outer loop
      vertex 0 4 3
      vertex 1.56495 0.826586 3
      vertex 2 0.535898 3
    endloop
  endfacet
  facet normal 0 0 1
    outer loop
      vertex 0 4 3
      vertex 2 0.535898 3
      vertex 2.46927 0.304482 3
    endloop
  endfacet
  facet normal 0 0 1
    outer loop
      vertex 0 4 3
      vertex 2.46927 0.304482 3
      vertex 2.96472 0.136296 3
    endloop
  endfacet
  facet normal 0 0 1
    outer loop
      vertex 0 4 3
      vertex 2.96472 0.136296 3
      vertex 3.47789 0.0342197 3
    endloop
  endfacet
  facet normal 0 0 1
    outer loop
      vertex 0 4 3
      vertex 3.47789 0.0342197 3
      vertex 4 0 3
    endloop
  endfacet
  facet normal 0 0 1
    outer loop
      vertex 0 4 3
      vertex 4 0 3
      vertex 6.22189 14.3145 3
    endloop
  endfacet
  facet normal 0 0 1
    outer loop
      vertex 0 4 3
      vertex 4.3 16 3
      vertex 0 28 3
    endloop
  endfacet
  facet normal 0 0 1
    outer loop
      vertex 0 4 3
      vertex 4.31454 15.7781 3
      vertex 4.3 16 3
    endloop
  endfacet
  facet normal 0 0 1
    outer loop
      vertex 0 4 3
      vertex 4.35793 15.56 3
      vertex 4.31454 15.7781 3
    endloop
  endfacet
  facet normal 0 0 1
    outer loop
      vertex 0 4 3
      vertex 4.4294 15.3494 3
      vertex 4.35793 15.56 3
    endloop
  endfacet
  facet normal 0 0 1
    outer loop
      vertex 0 4 3
      vertex 4.52776 15.15 3
      vertex 4.4294 15.3494 3
    endloop
  endfacet
  facet normal 0 0 1
    outer loop
      vertex 0 4 3
      vertex 4.6513 14.9651 3
      vertex 4.52776 15.15 3
    endloop
  endfacet
  facet normal 0 0 1
    outer loop
      vertex 0 4 3
      vertex 4.79792 14.7979 3
      vertex 4.6513 14.9651 3
    endloop
  endfacet
  facet normal 0 0 1
    outer loop
      vertex 0 4 3
      vertex 4.96511 14.6513 3
      vertex 4.79792 14.7979 3
    endloop
  endfacet
  facet normal 0 0 1
    outer loop
      vertex 0 4 3
      vertex 5.15 14.5278 3
      vertex 4.96511 14.6513 3
    endloop
  endfacet
  facet normal 0 0 1
    outer loop
      vertex 0 4 3
      vertex 5.34944 14.4294 3
      vertex 5.15 14.5278 3
    endloop
  endfacet
  facet normal 0 0 1
    outer loop
      vertex 0 4 3
      vertex 5.56001 14.3579 3
      vertex 5.34944 14.4294 3
    endloop
  endfacet
  facet normal 0 0 1
    outer loop
      vertex 0 4 3
      vertex 5.7781 14.3145 3
      vertex 5.56001 14.3579 3
    endloop
  endfacet
  facet normal 0 0 1
    outer loop
      vertex 0 4 3
      vertex 6 14.3 3
      vertex 5.7781 14.3145 3
    endloop
  endfacet
  facet normal 0 0 1
    outer loop
      vertex 0 4 3
      vertex 6.22189 14.3145 3
      vertex 6 14.3 3
    endloop
  endfacet
  facet normal -0.997859 0.0654021 0
    outer loop
      vertex 0 28 0
      vertex 0 28 3
      vertex 0.0342197 28.5221 3
    endloop
  endfacet
  facet normal 0 0 -1
    outer loop
      vertex 0 28 0
      vertex 0.0342197 28.5221 0
      vertex 0.136296 29.0353 0
    endloop
  endfacet
  facet normal -0.997859 0.0654021 0
    outer loop
      vertex 0 28 0
      vertex 0.0342197 28.5221 3
      vertex 0.0342197 28.5221 0
    endloop
  endfacet
  facet normal 0 0 -1
    outer loop
      vertex 0 28 0
      vertex 0.136296 29.0353 0
      vertex 0.304482 29.5307 0
    endloop
  endfacet
  facet normal 0 0 -1
    outer loop
      vertex 0 28 0
      vertex 0.304482 29.5307 0
      vertex 0.535898 30 0
    endloop
  endfacet
  facet normal 0 0 -1
    outer loop
      vertex 0 28 0
      vertex 0.535898 30 0
      vertex 0.826586 30.435 0
    endloop
  endfacet
  facet normal 0 0 -1
    outer loop
      vertex 0 28 0
      vertex 0.826586 30.435 0
      vertex 1.17157 30.8284 0
    endloop
  endfacet
  facet normal 0 0 -1
    outer loop
      vertex 0 28 0
      vertex 1.17157 30.8284 0
      vertex 1.56495 31.1734 0
    endloop
  endfacet
  facet normal 0 0 -1
    outer loop
      vertex 0 28 0
      vertex 1.56495 31.1734 0
      vertex 2 31.4641 0
    endloop
  endfacet
  facet normal 0 0 -1
    outer loop
      vertex 0 28 0
      vertex 2 31.4641 0
      vertex 2.46927 31.6955 0
    endloop
  endfacet
  facet normal 0 0 -1
    outer loop
      vertex 0 28 0
      vertex 2.46927 31.6955 0
      vertex 2.96472 31.8637 0
    endloop
  endfacet
  facet normal 0 0 -1
    outer loop
      vertex 0 28 0
      vertex 2.96472 31.8637 0
      vertex 3.47789 31.9658 0
    endloop
  endfacet
  facet normal 0 0 -1
    outer loop
      vertex 0 28 0
      vertex 3.47789 31.9658 0
      vertex 4 32 0
    endloop
  endfacet
  facet normal 0 0 -1
    outer loop
      vertex 0 28 0
      vertex 4 32 0
      vertex 6.22189 17.6855 0
    endloop
  endfacet
  facet normal 0 0 -1
    outer loop
      vertex 0 28 0
      vertex 4.31454 16.2219 0
      vertex 4.3 16 0
    endloop
  endfacet
  facet normal 0 0 -1
    outer loop
      vertex 0 28 0
      vertex 4.35793 16.44 0
      vertex 4.31454 16.2219 0
    endloop
  endfacet
  facet normal 0 0 -1
    outer loop
      vertex 0 28 0
      vertex 4.4294 16.6506 0
      vertex 4.35793 16.44 0
    endloop
  endfacet
  facet normal 0 0 -1
    outer loop
      vertex 0 28 0
      vertex 4.52776 16.85 0
      vertex 4.4294 16.6506 0
    endloop
  endfacet
  facet normal 0 0 -1
    outer loop
      vertex 0 28 0
      vertex 4.6513 17.0349 0
      vertex 4.52776 16.85 0
    endloop
  endfacet
  facet normal 0 0 -1
    outer loop
      vertex 0 28 0
      vertex 4.79792 17.2021 0
      vertex 4.6513 17.0349 0
    endloop
  endfacet
  facet normal 0 0 -1
    outer loop
      vertex 0 28 0
      vertex 4.96511 17.3487 0
      vertex 4.79792 17.2021 0
    endloop
  endfacet
  facet normal 0 0 -1
    outer loop
      vertex 0 28 0
      vertex 5.15 17.4722 0
      vertex 4.96511 17.3487 0
    endloop
  endfacet
  facet normal 0 0 -1
    outer loop
      vertex 0 28 0
      vertex 5.34944 17.5706 0
      vertex 5.15 17.4722 0
    endloop
  endfacet
  facet normal 0 0 -1
    outer loop
      vertex 0 28 0
      vertex 5.56001 17.6421 0
      vertex 5.34944 17.5706 0
    endloop
  endfacet
  facet normal 0 0 -1
    outer loop
      vertex 0 28 0
      vertex 5.7781 17.6855 0
      vertex 5.56001 17.6421 0
    endloop
  endfacet
  facet normal 0 0 -1
    outer loop
      vertex 0 28 0
      vertex 6 17.7 0
      vertex 5.7781 17.6855 0
    endloop
  endfacet
  facet normal 0 0 -1
    outer loop
      vertex 0 28 0
      vertex 6.22189 17.6855 0
      vertex 6 17.7 0
    endloop
  endfacet
  facet normal 0 0 1
    outer loop
      vertex 0 28 3
      vertex 0.136296 29.0353 3
      vertex 0.0342197 28.5221 3
    endloop
  endfacet
  facet normal 0 0 1
    outer loop
      vertex 0 28 3
      vertex 0.304482 29.5307 3
      vertex 0.136296 29.0353 3
    endloop
  endfacet
  facet normal 0 0 1
    outer loop
      vertex 0 28 3
      vertex 0.535898 30 3
      vertex 0.304482 29.5307 3
    endloop
  endfacet
  facet normal 0 0 1
    outer loop
      vertex 0 28 3
      vertex 0.826586 30.435 3
      vertex 0.535898 30 3
    endloop
  endfacet
  facet normal 0 0 1
    outer loop
      vertex 0 28 3
      vertex 1.17157 30.8284 3
      vertex 0.826586 30.435 3
    endloop
  endfacet
  facet normal 0 0 1
    outer loop
      vertex 0 28 3
      vertex 1.56495 31.1734 3
      vertex 1.17157 30.8284 3
    endloop
  endfacet
  facet normal 0 0 1
    outer loop
      vertex 0 28 3
      vertex 2 31.4641 3
      vertex 1.56495 31.1734 3
    endloop
  endfacet
  facet normal 0 0 1
    outer loop
      vertex 0 28 3
      vertex 2.46927 31.6955 3
      vertex 2 31.4641 3
    endloop
  endfacet
  facet normal 0 0 1
    outer loop
      vertex 0 28 3
      vertex 2.96472 31.8637 3
      vertex 2.46927 31.6955 3
    endloop
  endfacet
  facet normal 0 0 1
    outer loop
      vertex 0 28 3
      vertex 3.47789 31.9658 3
      vertex 2.96472 31.8637 3
    endloop
  endfacet
  facet normal 0 0 1
    outer loop
      vertex 0 28 3
      vertex 4 32 3
      vertex 3.47789 31.9658 3
    endloop
  endfacet
  facet normal 0 0 1
    outer loop
      vertex 0 28 3
      vertex 4.3 16 3
      vertex 4.31454 16.2219 3
    endloop
  endfacet
  facet normal 0 0 1
    outer loop
      vertex 0 28 3
      vertex 4.31454 16.2219 3
      vertex 4.35793 16.44 3
    endloop
  endfacet
  facet normal 0 0 1
    outer loop
      vertex 0 28 3
      vertex 4.35793 16.44 3
      vertex 4.4294 16.6506 3
    endloop
  endfacet
  facet normal 0 0 1
    outer loop
      vertex 0 28 3
      vertex 4.4294 16.6506 3
      vertex 4.52776 16.85 3
    endloop
  endfacet
  facet normal 0 0 1
    outer loop
      vertex 0 28 3
      vertex 4.52776 16.85 3
      vertex 4.6513 17.0349 3
    endloop
  endfacet
  facet normal 0 0 1
    outer loop
      vertex 0 28 3
      vertex 4.6513 17.0349 3
      vertex 4.79792 17.2021 3
    endloop
  endfacet
  facet normal 0 0 1
    outer loop
      vertex 0 28 3
      vertex 4.79792 17.2021 3
      vertex 4.96511 17.3487 3
    endloop
  endfacet
  facet normal 0 0 1
    outer loop
      vertex 0 28 3
      vertex 4.96511 17.3487 3
      vertex 5.15 17.4722 3
    endloop
  endfacet
  facet normal 0 0 1
    outer loop
      vertex 0 28 3
      vertex 5.15 17.4722 3
      vertex 5.34944 17.5706 3
    endloop
  endfacet
  facet normal 0 0 1
    outer loop
      vertex 0 28 3
      vertex 5.34944 17.5706 3
      vertex 5.56001 17.6421 3
    endloop
  endfacet
  facet normal 0 0 1
    outer loop
      vertex 0 28 3
      vertex 5.56001 17.6421 3
      vertex 5.7781 17.6855 3
    endloop
  endfacet
  facet normal 0 0 1
    outer loop
      vertex 0 28 3
      vertex 5.7781 17.6855 3
      vertex 6 17.7 3
    endloop
  endfacet
  facet normal 0 0 1
    outer loop
      vertex 0 28 3
      vertex 6 17.7 3
      vertex 6.22189 17.6855 3
    endloop
  endfacet
  facet normal -0 0 1
    outer loop
      vertex 0 28 3
      vertex 6.22189 17.6855 3
      vertex 4 32 3
    endloop
  endfacet
  facet normal -0.980785 -0.195091 0
    outer loop
      vertex 0.0342197 3.47789 0
      vertex 0.136296 2.96472 0
      vertex 0.0342197 3.47789 3
    endloop
  endfacet
  facet normal -0.980785 -0.195091 0
    outer loop
      vertex 0.0342197 3.47789 3
      vertex 0.136296 2.96472 0
      vertex 0.136296 2.96472 3
    endloop
  endfacet
  facet normal -0.980787 0.19508 0
    outer loop
      vertex 0.0342197 28.5221 0
      vertex 0.0342197 28.5221 3
      vertex 0.136296 29.0353 3
    endloop
  endfacet
  facet normal -0.980787 0.19508 0
    outer loop
      vertex 0.0342197 28.5221 0
      vertex 0.136296 29.0353 3
      vertex 0.136296 29.0353 0
    endloop
  endfacet
  facet normal -0.946928 -0.321445 0
    outer loop
      vertex 0.136296 2.96472 0
      vertex 0.304482 2.46927 0
      vertex 0.136296 2.96472 3
    endloop
  endfacet
  facet normal -0.946928 -0.321445 0
    outer loop
      vertex 0.136296 2.96472 3
      vertex 0.304482 2.46927 0
      vertex 0.304482 2.46927 3
    endloop
  endfacet
  facet normal -0.946918 0.321474 0
    outer loop
      vertex 0.136296 29.0353 0
      vertex 0.136296 29.0353 3
      vertex 0.304482 29.5307 3
    endloop
  endfacet
  facet normal -0.946918 0.321474 0
    outer loop
      vertex 0.136296 29.0353 0
      vertex 0.304482 29.5307 3
      vertex 0.304482 29.5307 0
    endloop
  endfacet
  facet normal -0.896875 -0.442285 0
    outer loop
      vertex 0.304482 2.46927 0
      vertex 0.535898 2 0
      vertex 0.304482 2.46927 3
    endloop
  endfacet
  facet normal -0.896875 -0.442285 0
    outer loop
      vertex 0.304482 2.46927 3
      vertex 0.535898 2 0
      vertex 0.535898 2 3
    endloop
  endfacet
  facet normal -0.896886 0.442262 0
    outer loop
      vertex 0.304482 29.5307 0
      vertex 0.304482 29.5307 3
      vertex 0.535898 30 3
    endloop
  endfacet
  facet normal -0.896886 0.442262 0
    outer loop
      vertex 0.304482 29.5307 0
      vertex 0.535898 30 3
      vertex 0.535898 30 0
    endloop
  endfacet
  facet normal -0.831472 -0.555566 0
    outer loop
      vertex 0.535898 2 0
      vertex 0.826586 1.56495 0
      vertex 0.535898 2 3
    endloop
  endfacet
  facet normal -0.831472 -0.555566 0
    outer loop
      vertex 0.535898 2 3
      vertex 0.826586 1.56495 0
      vertex 0.826586 1.56495 3
    endloop
  endfacet
  facet normal -0.831443 0.55561 0
    outer loop
      vertex 0.535898 30 0
      vertex 0.535898 30 3
      vertex 0.826586 30.435 3
    endloop
  endfacet
  facet normal -0.831443 0.55561 0
    outer loop
      vertex 0.535898 30 0
      vertex 0.826586 30.435 3
      vertex 0.826586 30.435 0
    endloop
  endfacet
  facet normal -0.751841 -0.659345 0
    outer loop
      vertex 0.826586 1.56495 0
      vertex 1.17157 1.17157 0
      vertex 0.826586 1.56495 3
    endloop
  endfacet
  facet normal -0.751841 -0.659345 0
    outer loop
      vertex 0.826586 1.56495 3
      vertex 1.17157 1.17157 0
      vertex 1.17157 1.17157 3
    endloop
  endfacet
  facet normal -0.751857 0.659326 0
    outer loop
      vertex 0.826586 30.435 0
      vertex 0.826586 30.435 3
      vertex 1.17157 30.8284 3
    endloop
  endfacet
  facet normal -0.751857 0.659326 0
    outer loop
      vertex 0.826586 30.435 0
      vertex 1.17157 30.8284 3
      vertex 1.17157 30.8284 0
    endloop
  endfacet
  facet normal -0.659345 -0.751841 -0
    outer loop
      vertex 1.17157 1.17157 0
      vertex 1.56495 0.826586 0
      vertex 1.56495 0.826586 3
    endloop
  endfacet
  facet normal -0.659345 -0.751841 0
    outer loop
      vertex 1.17157 1.17157 0
      vertex 1.56495 0.826586 3
      vertex 1.17157 1.17157 3
    endloop
  endfacet
  facet normal -0.659362 0.751826 0
    outer loop
      vertex 1.17157 30.8284 0
      vertex 1.17157 30.8284 3
      vertex 1.56495 31.1734 0
    endloop
  endfacet
  facet normal -0.659362 0.751826 0
    outer loop
      vertex 1.17157 30.8284 3
      vertex 1.56495 31.1734 3
      vertex 1.56495 31.1734 0
    endloop
  endfacet
  facet normal -0.555566 -0.831472 -0
    outer loop
      vertex 1.56495 0.826586 0
      vertex 2 0.535898 0
      vertex 2 0.535898 3
    endloop
  endfacet
  facet normal -0.555566 -0.831472 0
    outer loop
      vertex 1.56495 0.826586 0
      vertex 2 0.535898 3
      vertex 1.56495 0.826586 3
    endloop
  endfacet
  facet normal -0.555582 0.831462 0
    outer loop
      vertex 1.56495 31.1734 0
      vertex 1.56495 31.1734 3
      vertex 2 31.4641 0
    endloop
  endfacet
  facet normal -0.555582 0.831462 0
    outer loop
      vertex 1.56495 31.1734 3
      vertex 2 31.4641 3
      vertex 2 31.4641 0
    endloop
  endfacet
  facet normal -0.442285 -0.896875 -0
    outer loop
      vertex 2 0.535898 0
      vertex 2.46927 0.304482 0
      vertex 2.46927 0.304482 3
    endloop
  endfacet
  facet normal -0.442285 -0.896875 0
    outer loop
      vertex 2 0.535898 0
      vertex 2.46927 0.304482 3
      vertex 2 0.535898 3
    endloop
  endfacet
  facet normal -0.44226 0.896887 0
    outer loop
      vertex 2 31.4641 0
      vertex 2 31.4641 3
      vertex 2.46927 31.6955 0
    endloop
  endfacet
  facet normal -0.44226 0.896887 0
    outer loop
      vertex 2 31.4641 3
      vertex 2.46927 31.6955 3
      vertex 2.46927 31.6955 0
    endloop
  endfacet
  facet normal -0.321445 -0.946928 -0
    outer loop
      vertex 2.46927 0.304482 0
      vertex 2.96472 0.136296 0
      vertex 2.96472 0.136296 3
    endloop
  endfacet
  facet normal -0.321445 -0.946928 0
    outer loop
      vertex 2.46927 0.304482 0
      vertex 2.96472 0.136296 3
      vertex 2.46927 0.304482 3
    endloop
  endfacet
  facet normal -0.321469 0.94692 0
    outer loop
      vertex 2.46927 31.6955 0
      vertex 2.46927 31.6955 3
      vertex 2.96472 31.8637 0
    endloop
  endfacet
  facet normal -0.321469 0.94692 0
    outer loop
      vertex 2.46927 31.6955 3
      vertex 2.96472 31.8637 3
      vertex 2.96472 31.8637 0
    endloop
  endfacet
  facet normal -0.195091 -0.980785 -0
    outer loop
      vertex 2.96472 0.136296 0
      vertex 3.47789 0.0342197 0
      vertex 3.47789 0.0342197 3
    endloop
  endfacet
  facet normal -0.195091 -0.980785 0
    outer loop
      vertex 2.96472 0.136296 0
      vertex 3.47789 0.0342197 3
      vertex 2.96472 0.136296 3
    endloop
  endfacet
  facet normal -0.195135 0.980776 0
    outer loop
      vertex 2.96472 31.8637 0
      vertex 2.96472 31.8637 3
      vertex 3.47789 31.9658 0
    endloop
  endfacet
  facet normal -0.195135 0.980776 0
    outer loop
      vertex 2.96472 31.8637 3
      vertex 3.47789 31.9658 3
      vertex 3.47789 31.9658 0
    endloop
  endfacet
  facet normal -0.0654009 -0.997859 -0
    outer loop
      vertex 3.47789 0.0342197 0
      vertex 4 0 0
      vertex 4 0 3
    endloop
  endfacet
  facet normal -0.0654009 -0.997859 0
    outer loop
      vertex 3.47789 0.0342197 0
      vertex 4 0 3
      vertex 3.47789 0.0342197 3
    endloop
  endfacet
  facet normal -0.0653634 0.997862 0
    outer loop
      vertex 3.47789 31.9658 0
      vertex 3.47789 31.9658 3
      vertex 4 32 0
    endloop
  endfacet
  facet normal -0.0653634 0.997862 0
    outer loop
      vertex 3.47789 31.9658 3
      vertex 4 32 3
      vertex 4 32 0
    endloop
  endfacet
  facet normal 0 0 -1
    outer loop
      vertex 4 0 0
      vertex 6.22189 14.3145 0
      vertex 6.43999 14.3579 0
    endloop
  endfacet
  facet normal 0 0 -1
    outer loop
      vertex 4 0 0
      vertex 6.43999 14.3579 0
      vertex 6.65056 14.4294 0
    endloop
  endfacet
  facet normal 0 0 -1
    outer loop
      vertex 4 0 0
      vertex 6.65056 14.4294 0
      vertex 6.85 14.5278 0
    endloop
  endfacet
  facet normal 0 0 -1
    outer loop
      vertex 4 0 0
      vertex 6.85 14.5278 0
      vertex 7.03489 14.6513 0
    endloop
  endfacet
  facet normal 0 -0 -1
    outer loop
      vertex 4 0 0
      vertex 7.03489 14.6513 0
      vertex 22.1716 13.1716 0
    endloop
  endfacet
  facet normal -0 0 -1
    outer loop
      vertex 4 0 0
      vertex 22.1716 13.1716 0
      vertex 22.565 12.8266 0
    endloop
  endfacet
  facet normal 0 0 -1
    outer loop
      vertex 4 0 0
      vertex 22.565 12.8266 0
      vertex 28 0 0
    endloop
  endfacet
  facet normal 0 -1 -0
    outer loop
      vertex 4 0 0
      vertex 28 0 0
      vertex 28 0 3
    endloop
  endfacet
  facet normal 0 -1 0
    outer loop
      vertex 4 0 0
      vertex 28 0 3
      vertex 4 0 3
    endloop
  endfacet
  facet normal 0 0 1
    outer loop
      vertex 4 0 3
      vertex 6.43999 14.3579 3
      vertex 6.22189 14.3145 3
    endloop
  endfacet
  facet normal 0 0 1
    outer loop
      vertex 4 0 3
      vertex 6.65056 14.4294 3
      vertex 6.43999 14.3579 3
    endloop
  endfacet
  facet normal 0 0 1
    outer loop
      vertex 4 0 3
      vertex 6.85 14.5278 3
      vertex 6.65056 14.4294 3
    endloop
  endfacet
  facet normal 0 0 1
    outer loop
      vertex 4 0 3
      vertex 7.03489 14.6513 3
      vertex 6.85 14.5278 3
    endloop
  endfacet
  facet normal 0 0 1
    outer loop
      vertex 4 0 3
      vertex 22.1716 13.1716 3
      vertex 7.03489 14.6513 3
    endloop
  endfacet
  facet normal 0 0 1
    outer loop
      vertex 4 0 3
      vertex 22.565 12.8266 3
      vertex 22.1716 13.1716 3
    endloop
  endfacet
  facet normal 0 0 1
    outer loop
      vertex 4 0 3
      vertex 28 0 3
      vertex 22.565 12.8266 3
    endloop
  endfacet
  facet normal 0 1 0
    outer loop
      vertex 4 32 0
      vertex 4 32 3
      vertex 60 32 0
    endloop
  endfacet
  facet normal 0 0 -1
    outer loop
      vertex 4 32 0
      vertex 6.43999 17.6421 0
      vertex 6.22189 17.6855 0
    endloop
  endfacet
  facet normal 0 0 -1
    outer loop
      vertex 4 32 0
      vertex 6.65056 17.5706 0
      vertex 6.43999 17.6421 0
    endloop
  endfacet
  facet normal 0 0 -1
    outer loop
      vertex 4 32 0
      vertex 6.85 17.4722 0
      vertex 6.65056 17.5706 0
    endloop
  endfacet
  facet normal 0 0 -1
    outer loop
      vertex 4 32 0
      vertex 7.03489 17.3487 0
      vertex 6.85 17.4722 0
    endloop
  endfacet
  facet normal 0 0 -1
    outer loop
      vertex 4 32 0
      vertex 22.1716 18.8284 0
      vertex 7.03489 17.3487 0
    endloop
  endfacet
  facet normal 0 0 -1
    outer loop
      vertex 4 32 0
      vertex 22.565 19.1734 0
      vertex 22.1716 18.8284 0
    endloop
  endfacet
  facet normal 0 0 -1
    outer loop
      vertex 4 32 0
      vertex 23 19.4641 0
      vertex 22.565 19.1734 0
    endloop
  endfacet
  facet normal 0 0 -1
    outer loop
      vertex 4 32 0
      vertex 23.4693 19.6955 0
      vertex 23 19.4641 0
    endloop
  endfacet
  facet normal 0 0 -1
    outer loop
      vertex 4 32 0
      vertex 23.9647 19.8637 0
      vertex 23.4693 19.6955 0
    endloop
  endfacet
  facet normal 0 0 -1
    outer loop
      vertex 4 32 0
      vertex 24.4779 19.9658 0
      vertex 23.9647 19.8637 0
    endloop
  endfacet
  facet normal 0 0 -1
    outer loop
      vertex 4 32 0
      vertex 25 20 0
      vertex 24.4779 19.9658 0
    endloop
  endfacet
  facet normal 0 0 -1
    outer loop
      vertex 4 32 0
      vertex 60 32 0
      vertex 25 20 0
    endloop
  endfacet
  facet normal 0 0 1
    outer loop
      vertex 4 32 3
      vertex 6.22189 17.6855 3
      vertex 6.43999 17.6421 3
    endloop
  endfacet
  facet normal 0 0 1
    outer loop
      vertex 4 32 3
      vertex 6.43999 17.6421 3
      vertex 6.65056 17.5706 3
    endloop
  endfacet
  facet normal 0 0 1
    outer loop
      vertex 4 32 3
      vertex 6.65056 17.5706 3
      vertex 6.85 17.4722 3
    endloop
  endfacet
  facet normal 0 0 1
    outer loop
      vertex 4 32 3
      vertex 6.85 17.4722 3
      vertex 7.03489 17.3487 3
    endloop
  endfacet
  facet normal 0 0 1
    outer loop
      vertex 4 32 3
      vertex 7.03489 17.3487 3
      vertex 22.1716 18.8284 3
    endloop
  endfacet
  facet normal 0 0 1
    outer loop
      vertex 4 32 3
      vertex 22.1716 18.8284 3
      vertex 22.565 19.1734 3
    endloop
  endfacet
  facet normal 0 0 1
    outer loop
      vertex 4 32 3
      vertex 22.565 19.1734 3
      vertex 23 19.4641 3
    endloop
  endfacet
  facet normal 0 0 1
    outer loop
      vertex 4 32 3
      vertex 23 19.4641 3
      vertex 23.4693 19.6955 3
    endloop
  endfacet
  facet normal 0 0 1
    outer loop
      vertex 4 32 3
      vertex 23.4693 19.6955 3
      vertex 23.9647 19.8637 3
    endloop
  endfacet
  facet normal 0 0 1
    outer loop
      vertex 4 32 3
      vertex 23.9647 19.8637 3
      vertex 24.4779 19.9658 3
    endloop
  endfacet
  facet normal 0 0 1
    outer loop
      vertex 4 32 3
      vertex 24.4779 19.9658 3
      vertex 25 20 3
    endloop
  endfacet
  facet normal -0 0 1
    outer loop
      vertex 4 32 3
      vertex 25 20 3
      vertex 60 32 3
    endloop
  endfacet
  facet normal 0 1 -0
    outer loop
      vertex 4 32 3
      vertex 60 32 3
      vertex 60 32 0
    endloop
  endfacet
  facet normal 0.99786 0.0653848 0
    outer loop
      vertex 4.3 16 0
      vertex 4.3 16 3
      vertex 4.31454 15.7781 3
    endloop
  endfacet
  facet normal 0.99786 0.0653848 0
    outer loop
      vertex 4.3 16 0
      vertex 4.31454 15.7781 3
      vertex 4.31454 15.7781 0
    endloop
  endfacet
  facet normal 0.99786 -0.0653848 0
    outer loop
      vertex 4.3 16 0
      vertex 4.31454 16.2219 0
      vertex 4.3 16 3
    endloop
  endfacet
  facet normal 0.99786 -0.0653848 0
    outer loop
      vertex 4.3 16 3
      vertex 4.31454 16.2219 0
      vertex 4.31454 16.2219 3
    endloop
  endfacet
  facet normal 0.980779 0.195122 0
    outer loop
      vertex 4.31454 15.7781 0
      vertex 4.31454 15.7781 3
      vertex 4.35793 15.56 3
    endloop
  endfacet
  facet normal 0.980779 0.195122 0
    outer loop
      vertex 4.31454 15.7781 0
      vertex 4.35793 15.56 3
      vertex 4.35793 15.56 0
    endloop
  endfacet
  facet normal 0.980779 -0.195122 0
    outer loop
      vertex 4.31454 16.2219 0
      vertex 4.35793 16.44 0
      vertex 4.31454 16.2219 3
    endloop
  endfacet
  facet normal 0.980779 -0.195122 0
    outer loop
      vertex 4.31454 16.2219 3
      vertex 4.35793 16.44 0
      vertex 4.35793 16.44 3
    endloop
  endfacet
  facet normal 0.946956 0.321363 0
    outer loop
      vertex 4.35793 15.56 0
      vertex 4.35793 15.56 3
      vertex 4.4294 15.3494 3
    endloop
  endfacet
  facet normal 0.946956 0.321363 0
    outer loop
      vertex 4.35793 15.56 0
      vertex 4.4294 15.3494 3
      vertex 4.4294 15.3494 0
    endloop
  endfacet
  facet normal 0.946956 -0.321363 0
    outer loop
      vertex 4.35793 16.44 0
      vertex 4.4294 16.6506 0
      vertex 4.35793 16.44 3
    endloop
  endfacet
  facet normal 0.946956 -0.321363 0
    outer loop
      vertex 4.35793 16.44 3
      vertex 4.4294 16.6506 0
      vertex 4.4294 16.6506 3
    endloop
  endfacet
  facet normal 0.896825 0.442386 0
    outer loop
      vertex 4.4294 15.3494 0
      vertex 4.4294 15.3494 3
      vertex 4.52776 15.15 3
    endloop
  endfacet
  facet normal 0.896825 0.442386 0
    outer loop
      vertex 4.4294 15.3494 0
      vertex 4.52776 15.15 3
      vertex 4.52776 15.15 0
    endloop
  endfacet
  facet normal 0.896825 -0.442386 0
    outer loop
      vertex 4.4294 16.6506 0
      vertex 4.52776 16.85 0
      vertex 4.4294 16.6506 3
    endloop
  endfacet
  facet normal 0.896825 -0.442386 0
    outer loop
      vertex 4.4294 16.6506 3
      vertex 4.52776 16.85 0
      vertex 4.52776 16.85 3
    endloop
  endfacet
  facet normal 0.831483 0.555551 0
    outer loop
      vertex 4.52776 15.15 0
      vertex 4.52776 15.15 3
      vertex 4.6513 14.9651 3
    endloop
  endfacet
  facet normal 0.831483 0.555551 0
    outer loop
      vertex 4.52776 15.15 0
      vertex 4.6513 14.9651 3
      vertex 4.6513 14.9651 0
    endloop
  endfacet
  facet normal 0.831483 -0.555551 0
    outer loop
      vertex 4.52776 16.85 0
      vertex 4.6513 17.0349 0
      vertex 4.52776 16.85 3
    endloop
  endfacet
  facet normal 0.831483 -0.555551 0
    outer loop
      vertex 4.52776 16.85 3
      vertex 4.6513 17.0349 0
      vertex 4.6513 17.0349 3
    endloop
  endfacet
  facet normal 0.751863 0.659319 0
    outer loop
      vertex 4.6513 14.9651 0
      vertex 4.6513 14.9651 3
      vertex 4.79792 14.7979 3
    endloop
  endfacet
  facet normal 0.751863 0.659319 0
    outer loop
      vertex 4.6513 14.9651 0
      vertex 4.79792 14.7979 3
      vertex 4.79792 14.7979 0
    endloop
  endfacet
  facet normal 0.751863 -0.659319 0
    outer loop
      vertex 4.6513 17.0349 0
      vertex 4.79792 17.2021 0
      vertex 4.6513 17.0349 3
    endloop
  endfacet
  facet normal 0.751863 -0.659319 0
    outer loop
      vertex 4.6513 17.0349 3
      vertex 4.79792 17.2021 0
      vertex 4.79792 17.2021 3
    endloop
  endfacet
  facet normal 0.659291 0.751888 0
    outer loop
      vertex 4.79792 14.7979 0
      vertex 4.79792 14.7979 3
      vertex 4.96511 14.6513 0
    endloop
  endfacet
  facet normal 0.659291 0.751888 -0
    outer loop
      vertex 4.79792 14.7979 3
      vertex 4.96511 14.6513 3
      vertex 4.96511 14.6513 0
    endloop
  endfacet
  facet normal 0.659291 -0.751888 0
    outer loop
      vertex 4.79792 17.2021 0
      vertex 4.96511 17.3487 0
      vertex 4.96511 17.3487 3
    endloop
  endfacet
  facet normal 0.659291 -0.751888 0
    outer loop
      vertex 4.79792 17.2021 0
      vertex 4.96511 17.3487 3
      vertex 4.79792 17.2021 3
    endloop
  endfacet
  facet normal 0.555447 0.831552 0
    outer loop
      vertex 4.96511 14.6513 0
      vertex 4.96511 14.6513 3
      vertex 5.15 14.5278 0
    endloop
  endfacet
  facet normal 0.555447 0.831552 -0
    outer loop
      vertex 4.96511 14.6513 3
      vertex 5.15 14.5278 3
      vertex 5.15 14.5278 0
    endloop
  endfacet
  facet normal 0.555447 -0.831552 0
    outer loop
      vertex 4.96511 17.3487 0
      vertex 5.15 17.4722 0
      vertex 5.15 17.4722 3
    endloop
  endfacet
  facet normal 0.555447 -0.831552 0
    outer loop
      vertex 4.96511 17.3487 0
      vertex 5.15 17.4722 3
      vertex 4.96511 17.3487 3
    endloop
  endfacet
  facet normal 0.442459 0.896789 0
    outer loop
      vertex 5.15 14.5278 0
      vertex 5.15 14.5278 3
      vertex 5.34944 14.4294 0
    endloop
  endfacet
  facet normal 0.442459 0.896789 -0
    outer loop
      vertex 5.15 14.5278 3
      vertex 5.34944 14.4294 3
      vertex 5.34944 14.4294 0
    endloop
  endfacet
  facet normal 0.442459 -0.896789 0
    outer loop
      vertex 5.15 17.4722 0
      vertex 5.34944 17.5706 0
      vertex 5.34944 17.5706 3
    endloop
  endfacet
  facet normal 0.442459 -0.896789 0
    outer loop
      vertex 5.15 17.4722 0
      vertex 5.34944 17.5706 3
      vertex 5.15 17.4722 3
    endloop
  endfacet
  facet normal 0.321525 0.946901 0
    outer loop
      vertex 5.34944 14.4294 0
      vertex 5.34944 14.4294 3
      vertex 5.56001 14.3579 0
    endloop
  endfacet
  facet normal 0.321525 0.946901 -0
    outer loop
      vertex 5.34944 14.4294 3
      vertex 5.56001 14.3579 3
      vertex 5.56001 14.3579 0
    endloop
  endfacet
  facet normal 0.321525 -0.946901 0
    outer loop
      vertex 5.34944 17.5706 0
      vertex 5.56001 17.6421 0
      vertex 5.56001 17.6421 3
    endloop
  endfacet
  facet normal 0.321525 -0.946901 0
    outer loop
      vertex 5.34944 17.5706 0
      vertex 5.56001 17.6421 3
      vertex 5.34944 17.5706 3
    endloop
  endfacet
  facet normal 0.195173 0.980769 0
    outer loop
      vertex 5.56001 14.3579 0
      vertex 5.56001 14.3579 3
      vertex 5.7781 14.3145 0
    endloop
  endfacet
  facet normal 0.195173 0.980769 -0
    outer loop
      vertex 5.56001 14.3579 3
      vertex 5.7781 14.3145 3
      vertex 5.7781 14.3145 0
    endloop
  endfacet
  facet normal 0.195173 -0.980769 0
    outer loop
      vertex 5.56001 17.6421 0
      vertex 5.7781 17.6855 0
      vertex 5.7781 17.6855 3
    endloop
  endfacet
  facet normal 0.195173 -0.980769 0
    outer loop
      vertex 5.56001 17.6421 0
      vertex 5.7781 17.6855 3
      vertex 5.56001 17.6421 3
    endloop
  endfacet
  facet normal 0.0652057 0.997872 0
    outer loop
      vertex 5.7781 14.3145 0
      vertex 5.7781 14.3145 3
      vertex 6 14.3 0
    endloop
  endfacet
  facet normal 0.0652057 0.997872 -0
    outer loop
      vertex 5.7781 14.3145 3
      vertex 6 14.3 3
      vertex 6 14.3 0
    endloop
  endfacet
  facet normal 0.0652057 -0.997872 0
    outer loop
      vertex 5.7781 17.6855 0
      vertex 6 17.7 0
      vertex 6 17.7 3
    endloop
  endfacet
  facet normal 0.0652057 -0.997872 0
    outer loop
      vertex 5.7781 17.6855 0
      vertex 6 17.7 3
      vertex 5.7781 17.6855 3
    endloop
  endfacet
  facet normal -0.0652086 0.997872 0
    outer loop
      vertex 6 14.3 0
      vertex 6 14.3 3
      vertex 6.22189 14.3145 0
    endloop
  endfacet
  facet normal -0.0652086 0.997872 0
    outer loop
      vertex 6 14.3 3
      vertex 6.22189 14.3145 3
      vertex 6.22189 14.3145 0
    endloop
  endfacet
  facet normal -0.0652086 -0.997872 -0
    outer loop
      vertex 6 17.7 0
      vertex 6.22189 17.6855 0
      vertex 6.22189 17.6855 3
    endloop
  endfacet
  facet normal -0.0652086 -0.997872 0
    outer loop
      vertex 6 17.7 0
      vertex 6.22189 17.6855 3
      vertex 6 17.7 3
    endloop
  endfacet
  facet normal -0.195165 0.98077 0
    outer loop
      vertex 6.22189 14.3145 0
      vertex 6.22189 14.3145 3
      vertex 6.43999 14.3579 0
    endloop
  endfacet
  facet normal -0.195165 0.98077 0
    outer loop
      vertex 6.22189 14.3145 3
      vertex 6.43999 14.3579 3
      vertex 6.43999 14.3579 0
    endloop
  endfacet
  facet normal -0.195165 -0.98077 -0
    outer loop
      vertex 6.22189 17.6855 0
      vertex 6.43999 17.6421 0
      vertex 6.43999 17.6421 3
    endloop
  endfacet
  facet normal -0.195165 -0.98077 0
    outer loop
      vertex 6.22189 17.6855 0
      vertex 6.43999 17.6421 3
      vertex 6.22189 17.6855 3
    endloop
  endfacet
  facet normal -0.321525 0.946901 0
    outer loop
      vertex 6.43999 14.3579 0
      vertex 6.43999 14.3579 3
      vertex 6.65056 14.4294 0
    endloop
  endfacet
  facet normal -0.321525 0.946901 0
    outer loop
      vertex 6.43999 14.3579 3
      vertex 6.65056 14.4294 3
      vertex 6.65056 14.4294 0
    endloop
  endfacet
  facet normal -0.321525 -0.946901 -0
    outer loop
      vertex 6.43999 17.6421 0
      vertex 6.65056 17.5706 0
      vertex 6.65056 17.5706 3
    endloop
  endfacet
  facet normal -0.321525 -0.946901 0
    outer loop
      vertex 6.43999 17.6421 0
      vertex 6.65056 17.5706 3
      vertex 6.43999 17.6421 3
    endloop
  endfacet
  facet normal -0.442459 0.896789 0
    outer loop
      vertex 6.65056 14.4294 0
      vertex 6.65056 14.4294 3
      vertex 6.85 14.5278 0
    endloop
  endfacet
  facet normal -0.442459 0.896789 0
    outer loop
      vertex 6.65056 14.4294 3
      vertex 6.85 14.5278 3
      vertex 6.85 14.5278 0
    endloop
  endfacet
  facet normal -0.442459 -0.896789 -0
    outer loop
      vertex 6.65056 17.5706 0
      vertex 6.85 17.4722 0
      vertex 6.85 17.4722 3
    endloop
  endfacet
  facet normal -0.442459 -0.896789 0
    outer loop
      vertex 6.65056 17.5706 0
      vertex 6.85 17.4722 3
      vertex 6.65056 17.5706 3
    endloop
  endfacet
  facet normal -0.555447 0.831552 0
    outer loop
      vertex 6.85 14.5278 0
      vertex 6.85 14.5278 3
      vertex 7.03489 14.6513 0
    endloop
  endfacet
  facet normal -0.555447 0.831552 0
    outer loop
      vertex 6.85 14.5278 3
      vertex 7.03489 14.6513 3
      vertex 7.03489 14.6513 0
    endloop
  endfacet
  facet normal -0.555447 -0.831552 -0
    outer loop
      vertex 6.85 17.4722 0
      vertex 7.03489 17.3487 0
      vertex 7.03489 17.3487 3
    endloop
  endfacet
  facet normal -0.555447 -0.831552 0
    outer loop
      vertex 6.85 17.4722 0
      vertex 7.03489 17.3487 3
      vertex 6.85 17.4722 3
    endloop
  endfacet
  facet normal -0.659291 0.751888 0
    outer loop
      vertex 7.03489 14.6513 0
      vertex 7.03489 14.6513 3
      vertex 7.20208 14.7979 0
    endloop
  endfacet
  facet normal 0 -0 -1
    outer loop
      vertex 7.03489 14.6513 0
      vertex 7.20208 14.7979 0
      vertex 21.8266 13.565 0
    endloop
  endfacet
  facet normal 0 0 -1
    outer loop
      vertex 7.03489 14.6513 0
      vertex 21.8266 13.565 0
      vertex 22.1716 13.1716 0
    endloop
  endfacet
  facet normal -0.659291 0.751888 0
    outer loop
      vertex 7.03489 14.6513 3
      vertex 7.20208 14.7979 3
      vertex 7.20208 14.7979 0
    endloop
  endfacet
  facet normal 0 0 1
    outer loop
      vertex 7.03489 14.6513 3
      vertex 21.8266 13.565 3
      vertex 7.20208 14.7979 3
    endloop
  endfacet
  facet normal 0 0 1
    outer loop
      vertex 7.03489 14.6513 3
      vertex 22.1716 13.1716 3
      vertex 21.8266 13.565 3
    endloop
  endfacet
  facet normal -0.659291 -0.751888 -0
    outer loop
      vertex 7.03489 17.3487 0
      vertex 7.20208 17.2021 0
      vertex 7.20208 17.2021 3
    endloop
  endfacet
  facet normal -0.659291 -0.751888 0
    outer loop
      vertex 7.03489 17.3487 0
      vertex 7.20208 17.2021 3
      vertex 7.03489 17.3487 3
    endloop
  endfacet
  facet normal 0 0 -1
    outer loop
      vertex 7.03489 17.3487 0
      vertex 21.8266 18.435 0
      vertex 7.20208 17.2021 0
    endloop
  endfacet
  facet normal -0 0 -1
    outer loop
      vertex 7.03489 17.3487 0
      vertex 22.1716 18.8284 0
      vertex 21.8266 18.435 0
    endloop
  endfacet
  facet normal 0 0 1
    outer loop
      vertex 7.03489 17.3487 3
      vertex 7.20208 17.2021 3
      vertex 21.8266 18.435 3
    endloop
  endfacet
  facet normal 0 0 1
    outer loop
      vertex 7.03489 17.3487 3
      vertex 21.8266 18.435 3
      vertex 22.1716 18.8284 3
    endloop
  endfacet
  facet normal -0.751863 0.659319 0
    outer loop
      vertex 7.20208 14.7979 0
      vertex 7.20208 14.7979 3
      vertex 7.3487 14.9651 3
    endloop
  endfacet
  facet normal 0 -0 -1
    outer loop
      vertex 7.20208 14.7979 0
      vertex 7.3487 14.9651 0
      vertex 21.5359 14 0
    endloop
  endfacet
  facet normal -0.751863 0.659319 0
    outer loop
      vertex 7.20208 14.7979 0
      vertex 7.3487 14.9651 3
      vertex 7.3487 14.9651 0
    endloop
  endfacet
  facet normal 0 0 -1
    outer loop
      vertex 7.20208 14.7979 0
      vertex 21.5359 14 0
      vertex 21.8266 13.565 0
    endloop
  endfacet
  facet normal 0 0 1
    outer loop
      vertex 7.20208 14.7979 3
      vertex 21.5359 14 3
      vertex 7.3487 14.9651 3
    endloop
  endfacet
  facet normal 0 0 1
    outer loop
      vertex 7.20208 14.7979 3
      vertex 21.8266 13.565 3
      vertex 21.5359 14 3
    endloop
  endfacet
  facet normal -0.751863 -0.659319 0
    outer loop
      vertex 7.20208 17.2021 0
      vertex 7.3487 17.0349 0
      vertex 7.20208 17.2021 3
    endloop
  endfacet
  facet normal 0 0 -1
    outer loop
      vertex 7.20208 17.2021 0
      vertex 21.5359 18 0
      vertex 7.3487 17.0349 0
    endloop
  endfacet
  facet normal -0 0 -1
    outer loop
      vertex 7.20208 17.2021 0
      vertex 21.8266 18.435 0
      vertex 21.5359 18 0
    endloop
  endfacet
  facet normal -0.751863 -0.659319 0
    outer loop
      vertex 7.20208 17.2021 3
      vertex 7.3487 17.0349 0
      vertex 7.3487 17.0349 3
    endloop
  endfacet
  facet normal 0 0 1
    outer loop
      vertex 7.20208 17.2021 3
      vertex 7.3487 17.0349 3
      vertex 21.5359 18 3
    endloop
  endfacet
  facet normal 0 0 1
    outer loop
      vertex 7.20208 17.2021 3
      vertex 21.5359 18 3
      vertex 21.8266 18.435 3
    endloop
  endfacet
  facet normal -0.831483 0.555551 0
    outer loop
      vertex 7.3487 14.9651 0
      vertex 7.3487 14.9651 3
      vertex 7.47224 15.15 3
    endloop
  endfacet
  facet normal 0 -0 -1
    outer loop
      vertex 7.3487 14.9651 0
      vertex 7.47224 15.15 0
      vertex 21.5359 14 0
    endloop
  endfacet
  facet normal -0.831483 0.555551 0
    outer loop
      vertex 7.3487 14.9651 0
      vertex 7.47224 15.15 3
      vertex 7.47224 15.15 0
    endloop
  endfacet
  facet normal 0 0 1
    outer loop
      vertex 7.3487 14.9651 3
      vertex 21.5359 14 3
      vertex 7.47224 15.15 3
    endloop
  endfacet
  facet normal -0.831483 -0.555551 0
    outer loop
      vertex 7.3487 17.0349 0
      vertex 7.47224 16.85 0
      vertex 7.3487 17.0349 3
    endloop
  endfacet
  facet normal 0 0 -1
    outer loop
      vertex 7.3487 17.0349 0
      vertex 21.5359 18 0
      vertex 7.47224 16.85 0
    endloop
  endfacet
  facet normal -0.831483 -0.555551 0
    outer loop
      vertex 7.3487 17.0349 3
      vertex 7.47224 16.85 0
      vertex 7.47224 16.85 3
    endloop
  endfacet
  facet normal 0 0 1
    outer loop
      vertex 7.3487 17.0349 3
      vertex 7.47224 16.85 3
      vertex 21.5359 18 3
    endloop
  endfacet
  facet normal -0.896843 0.442349 0
    outer loop
      vertex 7.47224 15.15 0
      vertex 7.47224 15.15 3
      vertex 7.57059 15.3494 3
    endloop
  endfacet
  facet normal 0 0 -1
    outer loop
      vertex 7.47224 15.15 0
      vertex 7.57059 15.3494 0
      vertex 21.3045 14.4693 0
    endloop
  endfacet
  facet normal -0.896843 0.442349 0
    outer loop
      vertex 7.47224 15.15 0
      vertex 7.57059 15.3494 3
      vertex 7.57059 15.3494 0
    endloop
  endfacet
  facet normal 0 0 -1
    outer loop
      vertex 7.47224 15.15 0
      vertex 21.3045 14.4693 0
      vertex 21.5359 14 0
    endloop
  endfacet
  facet normal -0 0 1
    outer loop
      vertex 7.47224 15.15 3
      vertex 21.3045 14.4693 3
      vertex 7.57059 15.3494 3
    endloop
  endfacet
  facet normal 0 0 1
    outer loop
      vertex 7.47224 15.15 3
      vertex 21.5359 14 3
      vertex 21.3045 14.4693 3
    endloop
  endfacet
  facet normal -0.896843 -0.442349 0
    outer loop
      vertex 7.47224 16.85 0
      vertex 7.57059 16.6506 0
      vertex 7.47224 16.85 3
    endloop
  endfacet
  facet normal 0 0 -1
    outer loop
      vertex 7.47224 16.85 0
      vertex 21.3045 17.5307 0
      vertex 7.57059 16.6506 0
    endloop
  endfacet
  facet normal -0 0 -1
    outer loop
      vertex 7.47224 16.85 0
      vertex 21.5359 18 0
      vertex 21.3045 17.5307 0
    endloop
  endfacet
  facet normal -0.896843 -0.442349 0
    outer loop
      vertex 7.47224 16.85 3
      vertex 7.57059 16.6506 0
      vertex 7.57059 16.6506 3
    endloop
  endfacet
  facet normal 0 0 1
    outer loop
      vertex 7.47224 16.85 3
      vertex 7.57059 16.6506 3
      vertex 21.3045 17.5307 3
    endloop
  endfacet
  facet normal 0 0 1
    outer loop
      vertex 7.47224 16.85 3
      vertex 21.3045 17.5307 3
      vertex 21.5359 18 3
    endloop
  endfacet
  facet normal -0.946943 0.321403 0
    outer loop
      vertex 7.57059 15.3494 0
      vertex 7.57059 15.3494 3
      vertex 7.64207 15.56 3
    endloop
  endfacet
  facet normal 0 0 -1
    outer loop
      vertex 7.57059 15.3494 0
      vertex 7.64207 15.56 0
      vertex 21.1363 14.9647 0
    endloop
  endfacet
  facet normal -0.946943 0.321403 0
    outer loop
      vertex 7.57059 15.3494 0
      vertex 7.64207 15.56 3
      vertex 7.64207 15.56 0
    endloop
  endfacet
  facet normal 0 0 -1
    outer loop
      vertex 7.57059 15.3494 0
      vertex 21.1363 14.9647 0
      vertex 21.3045 14.4693 0
    endloop
  endfacet
  facet normal -0 0 1
    outer loop
      vertex 7.57059 15.3494 3
      vertex 21.1363 14.9647 3
      vertex 7.64207 15.56 3
    endloop
  endfacet
  facet normal 0 0 1
    outer loop
      vertex 7.57059 15.3494 3
      vertex 21.3045 14.4693 3
      vertex 21.1363 14.9647 3
    endloop
  endfacet
  facet normal -0.946943 -0.321403 0
    outer loop
      vertex 7.57059 16.6506 0
      vertex 7.64207 16.44 0
      vertex 7.57059 16.6506 3
    endloop
  endfacet
  facet normal 0 0 -1
    outer loop
      vertex 7.57059 16.6506 0
      vertex 21.1363 17.0353 0
      vertex 7.64207 16.44 0
    endloop
  endfacet
  facet normal -0 0 -1
    outer loop
      vertex 7.57059 16.6506 0
      vertex 21.3045 17.5307 0
      vertex 21.1363 17.0353 0
    endloop
  endfacet
  facet normal -0.946943 -0.321403 0
    outer loop
      vertex 7.57059 16.6506 3
      vertex 7.64207 16.44 0
      vertex 7.64207 16.44 3
    endloop
  endfacet
  facet normal 0 0 1
    outer loop
      vertex 7.57059 16.6506 3
      vertex 7.64207 16.44 3
      vertex 21.1363 17.0353 3
    endloop
  endfacet
  facet normal 0 0 1
    outer loop
      vertex 7.57059 16.6506 3
      vertex 21.1363 17.0353 3
      vertex 21.3045 17.5307 3
    endloop
  endfacet
  facet normal -0.980779 0.195122 0
    outer loop
      vertex 7.64207 15.56 0
      vertex 7.64207 15.56 3
      vertex 7.68546 15.7781 3
    endloop
  endfacet
  facet normal 0 0 -1
    outer loop
      vertex 7.64207 15.56 0
      vertex 7.68546 15.7781 0
      vertex 21.0342 15.4779 0
    endloop
  endfacet
  facet normal -0.980779 0.195122 0
    outer loop
      vertex 7.64207 15.56 0
      vertex 7.68546 15.7781 3
      vertex 7.68546 15.7781 0
    endloop
  endfacet
  facet normal 0 0 -1
    outer loop
      vertex 7.64207 15.56 0
      vertex 21.0342 15.4779 0
      vertex 21.1363 14.9647 0
    endloop
  endfacet
  facet normal -0 0 1
    outer loop
      vertex 7.64207 15.56 3
      vertex 21.0342 15.4779 3
      vertex 7.68546 15.7781 3
    endloop
  endfacet
  facet normal 0 0 1
    outer loop
      vertex 7.64207 15.56 3
      vertex 21.1363 14.9647 3
      vertex 21.0342 15.4779 3
    endloop
  endfacet
  facet normal -0.980779 -0.195122 0
    outer loop
      vertex 7.64207 16.44 0
      vertex 7.68546 16.2219 0
      vertex 7.64207 16.44 3
    endloop
  endfacet
  facet normal 0 0 -1
    outer loop
      vertex 7.64207 16.44 0
      vertex 21.0342 16.5221 0
      vertex 7.68546 16.2219 0
    endloop
  endfacet
  facet normal -0 0 -1
    outer loop
      vertex 7.64207 16.44 0
      vertex 21.1363 17.0353 0
      vertex 21.0342 16.5221 0
    endloop
  endfacet
  facet normal -0.980779 -0.195122 0
    outer loop
      vertex 7.64207 16.44 3
      vertex 7.68546 16.2219 0
      vertex 7.68546 16.2219 3
    endloop
  endfacet
  facet normal 0 0 1
    outer loop
      vertex 7.64207 16.44 3
      vertex 7.68546 16.2219 3
      vertex 21.0342 16.5221 3
    endloop
  endfacet
  facet normal 0 0 1
    outer loop
      vertex 7.64207 16.44 3
      vertex 21.0342 16.5221 3
      vertex 21.1363 17.0353 3
    endloop
  endfacet
  facet normal -0.99786 0.0653848 0
    outer loop
      vertex 7.68546 15.7781 0
      vertex 7.68546 15.7781 3
      vertex 7.7 16 3
    endloop
  endfacet
  facet normal -0 0 -1
    outer loop
      vertex 7.68546 15.7781 0
      vertex 7.7 16 0
      vertex 21 16 0
    endloop
  endfacet
  facet normal -0.99786 0.0653848 0
    outer loop
      vertex 7.68546 15.7781 0
      vertex 7.7 16 3
      vertex 7.7 16 0
    endloop
  endfacet
  facet normal 0 0 -1
    outer loop
      vertex 7.68546 15.7781 0
      vertex 21 16 0
      vertex 21.0342 15.4779 0
    endloop
  endfacet
  facet normal 0 0 1
    outer loop
      vertex 7.68546 15.7781 3
      vertex 21 16 3
      vertex 7.7 16 3
    endloop
  endfacet
  facet normal 0 0 1
    outer loop
      vertex 7.68546 15.7781 3
      vertex 21.0342 15.4779 3
      vertex 21 16 3
    endloop
  endfacet
  facet normal -0.99786 -0.0653848 0
    outer loop
      vertex 7.68546 16.2219 0
      vertex 7.7 16 0
      vertex 7.68546 16.2219 3
    endloop
  endfacet
  facet normal 0 0 -1
    outer loop
      vertex 7.68546 16.2219 0
      vertex 21 16 0
      vertex 7.7 16 0
    endloop
  endfacet
  facet normal 0 0 -1
    outer loop
      vertex 7.68546 16.2219 0
      vertex 21.0342 16.5221 0
      vertex 21 16 0
    endloop
  endfacet
  facet normal -0.99786 -0.0653848 0
    outer loop
      vertex 7.68546 16.2219 3
      vertex 7.7 16 0
      vertex 7.7 16 3
    endloop
  endfacet
  facet normal 0 0 1
    outer loop
      vertex 7.68546 16.2219 3
      vertex 7.7 16 3
      vertex 21 16 3
    endloop
  endfacet
  facet normal -0 0 1
    outer loop
      vertex 7.68546 16.2219 3
      vertex 21 16 3
      vertex 21.0342 16.5221 3
    endloop
  endfacet
  facet normal 0.997861 0.0653646 0
    outer loop
      vertex 21 16 0
      vertex 21 16 3
      vertex 21.0342 15.4779 3
    endloop
  endfacet
  facet normal 0.997861 0.0653646 0
    outer loop
      vertex 21 16 0
      vertex 21.0342 15.4779 3
      vertex 21.0342 15.4779 0
    endloop
  endfacet
  facet normal 0.997861 -0.0653646 0
    outer loop
      vertex 21 16 0
      vertex 21.0342 16.5221 0
      vertex 21 16 3
    endloop
  endfacet
  facet normal 0.997861 -0.0653646 0
    outer loop
      vertex 21 16 3
      vertex 21.0342 16.5221 0
      vertex 21.0342 16.5221 3
    endloop
  endfacet
  facet normal 0.980779 0.195124 0
    outer loop
      vertex 21.0342 15.4779 0
      vertex 21.0342 15.4779 3
      vertex 21.1363 14.9647 3
    endloop
  endfacet
  facet normal 0.980779 0.195124 0
    outer loop
      vertex 21.0342 15.4779 0
      vertex 21.1363 14.9647 3
      vertex 21.1363 14.9647 0
    endloop
  endfacet
  facet normal 0.980779 -0.195124 0
    outer loop
      vertex 21.0342 16.5221 0
      vertex 21.1363 17.0353 0
      vertex 21.0342 16.5221 3
    endloop
  endfacet
  facet normal 0.980779 -0.195124 0
    outer loop
      vertex 21.0342 16.5221 3
      vertex 21.1363 17.0353 0
      vertex 21.1363 17.0353 3
    endloop
  endfacet
  facet normal 0.94691 0.321498 0
    outer loop
      vertex 21.1363 14.9647 0
      vertex 21.1363 14.9647 3
      vertex 21.3045 14.4693 3
    endloop
  endfacet
  facet normal 0.94691 0.321498 0
    outer loop
      vertex 21.1363 14.9647 0
      vertex 21.3045 14.4693 3
      vertex 21.3045 14.4693 0
    endloop
  endfacet
  facet normal 0.94691 -0.321498 0
    outer loop
      vertex 21.1363 17.0353 0
      vertex 21.3045 17.5307 0
      vertex 21.1363 17.0353 3
    endloop
  endfacet
  facet normal 0.94691 -0.321498 0
    outer loop
      vertex 21.1363 17.0353 3
      vertex 21.3045 17.5307 0
      vertex 21.3045 17.5307 3
    endloop
  endfacet
  facet normal 0.896898 0.442238 0
    outer loop
      vertex 21.3045 14.4693 0
      vertex 21.3045 14.4693 3
      vertex 21.5359 14 3
    endloop
  endfacet
  facet normal 0.896898 0.442238 0
    outer loop
      vertex 21.3045 14.4693 0
      vertex 21.5359 14 3
      vertex 21.5359 14 0
    endloop
  endfacet
  facet normal 0.896898 -0.442238 0
    outer loop
      vertex 21.3045 17.5307 0
      vertex 21.5359 18 0
      vertex 21.3045 17.5307 3
    endloop
  endfacet
  facet normal 0.896898 -0.442238 0
    outer loop
      vertex 21.3045 17.5307 3
      vertex 21.5359 18 0
      vertex 21.5359 18 3
    endloop
  endfacet
  facet normal 0.831432 0.555626 0
    outer loop
      vertex 21.5359 14 0
      vertex 21.5359 14 3
      vertex 21.8266 13.565 3
    endloop
  endfacet
  facet normal 0.831432 0.555626 0
    outer loop
      vertex 21.5359 14 0
      vertex 21.8266 13.565 3
      vertex 21.8266 13.565 0
    endloop
  endfacet
  facet normal 0.831432 -0.555626 0
    outer loop
      vertex 21.5359 18 0
      vertex 21.8266 18.435 0
      vertex 21.5359 18 3
    endloop
  endfacet
  facet normal 0.831432 -0.555626 0
    outer loop
      vertex 21.5359 18 3
      vertex 21.8266 18.435 0
      vertex 21.8266 18.435 3
    endloop
  endfacet
  facet normal 0.751842 0.659343 0
    outer loop
      vertex 21.8266 13.565 0
      vertex 21.8266 13.565 3
      vertex 22.1716 13.1716 3
    endloop
  endfacet
  facet normal 0.751842 0.659343 0
    outer loop
      vertex 21.8266 13.565 0
      vertex 22.1716 13.1716 3
      vertex 22.1716 13.1716 0
    endloop
  endfacet
  facet normal 0.751842 -0.659343 0
    outer loop
      vertex 21.8266 18.435 0
      vertex 22.1716 18.8284 0
      vertex 21.8266 18.435 3
    endloop
  endfacet
  facet normal 0.751842 -0.659343 0
    outer loop
      vertex 21.8266 18.435 3
      vertex 22.1716 18.8284 0
      vertex 22.1716 18.8284 3
    endloop
  endfacet
  facet normal 0.659343 0.751842 0
    outer loop
      vertex 22.1716 13.1716 0
      vertex 22.1716 13.1716 3
      vertex 22.565 12.8266 0
    endloop
  endfacet
  facet normal 0.659343 0.751842 -0
    outer loop
      vertex 22.1716 13.1716 3
      vertex 22.565 12.8266 3
      vertex 22.565 12.8266 0
    endloop
  endfacet
  facet normal 0.659343 -0.751842 0
    outer loop
      vertex 22.1716 18.8284 0
      vertex 22.565 19.1734 0
      vertex 22.565 19.1734 3
    endloop
  endfacet
  facet normal 0.659343 -0.751842 0
    outer loop
      vertex 22.1716 18.8284 0
      vertex 22.565 19.1734 3
      vertex 22.1716 18.8284 3
    endloop
  endfacet
  facet normal 0.555626 0.831432 0
    outer loop
      vertex 22.565 12.8266 0
      vertex 22.565 12.8266 3
      vertex 23 12.5359 0
    endloop
  endfacet
  facet normal 0 0 -1
    outer loop
      vertex 22.565 12.8266 0
      vertex 23 12.5359 0
      vertex 28 0 0
    endloop
  endfacet
  facet normal 0.555626 0.831432 -0
    outer loop
      vertex 22.565 12.8266 3
      vertex 23 12.5359 3
      vertex 23 12.5359 0
    endloop
  endfacet
  facet normal 0 0 1
    outer loop
      vertex 22.565 12.8266 3
      vertex 28 0 3
      vertex 23 12.5359 3
    endloop
  endfacet
  facet normal 0.555626 -0.831432 0
    outer loop
      vertex 22.565 19.1734 0
      vertex 23 19.4641 0
      vertex 23 19.4641 3
    endloop
  endfacet
  facet normal 0.555626 -0.831432 0
    outer loop
      vertex 22.565 19.1734 0
      vertex 23 19.4641 3
      vertex 22.565 19.1734 3
    endloop
  endfacet
  facet normal 0.442238 0.896898 0
    outer loop
      vertex 23 12.5359 0
      vertex 23 12.5359 3
      vertex 23.4693 12.3045 0
    endloop
  endfacet
  facet normal 0 0 -1
    outer loop
      vertex 23 12.5359 0
      vertex 23.4693 12.3045 0
      vertex 28 0 0
    endloop
  endfacet
  facet normal 0.442238 0.896898 -0
    outer loop
      vertex 23 12.5359 3
      vertex 23.4693 12.3045 3
      vertex 23.4693 12.3045 0
    endloop
  endfacet
  facet normal 0 0 1
    outer loop
      vertex 23 12.5359 3
      vertex 28 0 3
      vertex 23.4693 12.3045 3
    endloop
  endfacet
  facet normal 0.442238 -0.896898 0
    outer loop
      vertex 23 19.4641 0
      vertex 23.4693 19.6955 0
      vertex 23.4693 19.6955 3
    endloop
  endfacet
  facet normal 0.442238 -0.896898 0
    outer loop
      vertex 23 19.4641 0
      vertex 23.4693 19.6955 3
      vertex 23 19.4641 3
    endloop
  endfacet
  facet normal 0.321498 0.94691 0
    outer loop
      vertex 23.4693 12.3045 0
      vertex 23.4693 12.3045 3
      vertex 23.9647 12.1363 0
    endloop
  endfacet
  facet normal 0 0 -1
    outer loop
      vertex 23.4693 12.3045 0
      vertex 23.9647 12.1363 0
      vertex 28 0 0
    endloop
  endfacet
  facet normal 0.321498 0.94691 -0
    outer loop
      vertex 23.4693 12.3045 3
      vertex 23.9647 12.1363 3
      vertex 23.9647 12.1363 0
    endloop
  endfacet
  facet normal 0 0 1
    outer loop
      vertex 23.4693 12.3045 3
      vertex 28 0 3
      vertex 23.9647 12.1363 3
    endloop
  endfacet
  facet normal 0.321498 -0.94691 0
    outer loop
      vertex 23.4693 19.6955 0
      vertex 23.9647 19.8637 0
      vertex 23.9647 19.8637 3
    endloop
  endfacet
  facet normal 0.321498 -0.94691 0
    outer loop
      vertex 23.4693 19.6955 0
      vertex 23.9647 19.8637 3
      vertex 23.4693 19.6955 3
    endloop
  endfacet
  facet normal 0.195124 0.980779 0
    outer loop
      vertex 23.9647 12.1363 0
      vertex 23.9647 12.1363 3
      vertex 24.4779 12.0342 0
    endloop
  endfacet
  facet normal 0 0 -1
    outer loop
      vertex 23.9647 12.1363 0
      vertex 24.4779 12.0342 0
      vertex 28 0 0
    endloop
  endfacet
  facet normal 0.195124 0.980779 -0
    outer loop
      vertex 23.9647 12.1363 3
      vertex 24.4779 12.0342 3
      vertex 24.4779 12.0342 0
    endloop
  endfacet
  facet normal 0 0 1
    outer loop
      vertex 23.9647 12.1363 3
      vertex 28 0 3
      vertex 24.4779 12.0342 3
    endloop
  endfacet
  facet normal 0.195124 -0.980779 0
    outer loop
      vertex 23.9647 19.8637 0
      vertex 24.4779 19.9658 0
      vertex 24.4779 19.9658 3
    endloop
  endfacet
  facet normal 0.195124 -0.980779 0
    outer loop
      vertex 23.9647 19.8637 0
      vertex 24.4779 19.9658 3
      vertex 23.9647 19.8637 3
    endloop
  endfacet
  facet normal 0.0653646 0.997861 0
    outer loop
      vertex 24.4779 12.0342 0
      vertex 24.4779 12.0342 3
      vertex 25 12 0
    endloop
  endfacet
  facet normal 0 0 -1
    outer loop
      vertex 24.4779 12.0342 0
      vertex 25 12 0
      vertex 28 0 0
    endloop
  endfacet
  facet normal 0.0653646 0.997861 -0
    outer loop
      vertex 24.4779 12.0342 3
      vertex 25 12 3
      vertex 25 12 0
    endloop
  endfacet
  facet normal 0 0 1
    outer loop
      vertex 24.4779 12.0342 3
      vertex 28 0 3
      vertex 25 12 3
    endloop
  endfacet
  facet normal 0.0653646 -0.997861 0
    outer loop
      vertex 24.4779 19.9658 0
      vertex 25 20 0
      vertex 25 20 3
    endloop
  endfacet
  facet normal 0.0653646 -0.997861 0
    outer loop
      vertex 24.4779 19.9658 0
      vertex 25 20 3
      vertex 24.4779 19.9658 3
    endloop
  endfacet
  facet normal 0 1 0
    outer loop
      vertex 25 12 0
      vertex 25 12 3
      vertex 28 12 0
    endloop
  endfacet
  facet normal 0 0 -1
    outer loop
      vertex 25 12 0
      vertex 28 12 0
      vertex 28 0 0
    endloop
  endfacet
  facet normal -0 0 1
    outer loop
      vertex 25 12 3
      vertex 28 0 3
      vertex 28 12 3
    endloop
  endfacet
  facet normal 0 1 -0
    outer loop
      vertex 25 12 3
      vertex 28 12 3
      vertex 28 12 0
    endloop
  endfacet
  facet normal 0 -1 -0
    outer loop
      vertex 25 20 0
      vertex 39 20 0
      vertex 39 20 3
    endloop
  endfacet
  facet normal 0 -1 0
    outer loop
      vertex 25 20 0
      vertex 39 20 3
      vertex 25 20 3
    endloop
  endfacet
  facet normal 0 0 -1
    outer loop
      vertex 25 20 0
      vertex 60 32 0
      vertex 39 20 0
    endloop
  endfacet
  facet normal 0 0 1
    outer loop
      vertex 25 20 3
      vertex 39 20 3
      vertex 60 32 3
    endloop
  endfacet
  facet normal 1 0 0
    outer loop
      vertex 28 0 0
      vertex 28 12 0
      vertex 28 0 3
    endloop
  endfacet
  facet normal 1 -0 0
    outer loop
      vertex 28 0 3
      vertex 28 12 0
      vertex 28 12 3
    endloop
  endfacet
  facet normal -1 -0 0
    outer loop
      vertex 36 0 0
      vertex 36 0 3
      vertex 36 12 3
    endloop
  endfacet
  facet normal -0 0 -1
    outer loop
      vertex 36 0 0
      vertex 36 12 0
      vertex 39 12 0
    endloop
  endfacet
  facet normal -1 0 0
    outer loop
      vertex 36 0 0
      vertex 36 12 3
      vertex 36 12 0
    endloop
  endfacet
  facet normal 0 0 -1
    outer loop
      vertex 36 0 0
      vertex 39 12 0
      vertex 39.5221 12.0342 0
    endloop
  endfacet
  facet normal 0 0 -1
    outer loop
      vertex 36 0 0
      vertex 39.5221 12.0342 0
      vertex 40.0353 12.1363 0
    endloop
  endfacet
  facet normal 0 0 -1
    outer loop
      vertex 36 0 0
      vertex 40.0353 12.1363 0
      vertex 40.5307 12.3045 0
    endloop
  endfacet
  facet normal 0 0 -1
    outer loop
      vertex 36 0 0
      vertex 40.5307 12.3045 0
      vertex 41 12.5359 0
    endloop
  endfacet
  facet normal 0 0 -1
    outer loop
      vertex 36 0 0
      vertex 41 12.5359 0
      vertex 60 0 0
    endloop
  endfacet
  facet normal 0 -1 -0
    outer loop
      vertex 36 0 0
      vertex 60 0 0
      vertex 60 0 3
    endloop
  endfacet
  facet normal 0 -1 0
    outer loop
      vertex 36 0 0
      vertex 60 0 3
      vertex 36 0 3
    endloop
  endfacet
  facet normal 0 0 1
    outer loop
      vertex 36 0 3
      vertex 39 12 3
      vertex 36 12 3
    endloop
  endfacet
  facet normal 0 0 1
    outer loop
      vertex 36 0 3
      vertex 39.5221 12.0342 3
      vertex 39 12 3
    endloop
  endfacet
  facet normal 0 0 1
    outer loop
      vertex 36 0 3
      vertex 40.0353 12.1363 3
      vertex 39.5221 12.0342 3
    endloop
  endfacet
  facet normal 0 0 1
    outer loop
      vertex 36 0 3
      vertex 40.5307 12.3045 3
      vertex 40.0353 12.1363 3
    endloop
  endfacet
  facet normal 0 0 1
    outer loop
      vertex 36 0 3
      vertex 41 12.5359 3
      vertex 40.5307 12.3045 3
    endloop
  endfacet
  facet normal 0 0 1
    outer loop
      vertex 36 0 3
      vertex 60 0 3
      vertex 41 12.5359 3
    endloop
  endfacet
  facet normal 0 1 0
    outer loop
      vertex 36 12 0
      vertex 36 12 3
      vertex 39 12 0
    endloop
  endfacet
  facet normal 0 1 -0
    outer loop
      vertex 36 12 3
      vertex 39 12 3
      vertex 39 12 0
    endloop
  endfacet
  facet normal -0.0653646 0.997861 0
    outer loop
      vertex 39 12 0
      vertex 39 12 3
      vertex 39.5221 12.0342 0
    endloop
  endfacet
  facet normal -0.0653646 0.997861 0
    outer loop
      vertex 39 12 3
      vertex 39.5221 12.0342 3
      vertex 39.5221 12.0342 0
    endloop
  endfacet
  facet normal -0.0653646 -0.997861 -0
    outer loop
      vertex 39 20 0
      vertex 39.5221 19.9658 0
      vertex 39.5221 19.9658 3
    endloop
  endfacet
  facet normal -0.0653646 -0.997861 0
    outer loop
      vertex 39 20 0
      vertex 39.5221 19.9658 3
      vertex 39 20 3
    endloop
  endfacet
  facet normal 0 0 -1
    outer loop
      vertex 39 20 0
      vertex 60 32 0
      vertex 39.5221 19.9658 0
    endloop
  endfacet
  facet normal 0 0 1
    outer loop
      vertex 39 20 3
      vertex 39.5221 19.9658 3
      vertex 60 32 3
    endloop
  endfacet
  facet normal -0.195124 0.980779 0
    outer loop
      vertex 39.5221 12.0342 0
      vertex 39.5221 12.0342 3
      vertex 40.0353 12.1363 0
    endloop
  endfacet
  facet normal -0.195124 0.980779 0
    outer loop
      vertex 39.5221 12.0342 3
      vertex 40.0353 12.1363 3
      vertex 40.0353 12.1363 0
    endloop
  endfacet
  facet normal -0.195124 -0.980779 -0
    outer loop
      vertex 39.5221 19.9658 0
      vertex 40.0353 19.8637 0
      vertex 40.0353 19.8637 3
    endloop
  endfacet
  facet normal -0.195124 -0.980779 0
    outer loop
      vertex 39.5221 19.9658 0
      vertex 40.0353 19.8637 3
      vertex 39.5221 19.9658 3
    endloop
  endfacet
  facet normal 0 0 -1
    outer loop
      vertex 39.5221 19.9658 0
      vertex 60 32 0
      vertex 40.0353 19.8637 0
    endloop
  endfacet
  facet normal 0 0 1
    outer loop
      vertex 39.5221 19.9658 3
      vertex 40.0353 19.8637 3
      vertex 60 32 3
    endloop
  endfacet
  facet normal -0.321498 0.94691 0
    outer loop
      vertex 40.0353 12.1363 0
      vertex 40.0353 12.1363 3
      vertex 40.5307 12.3045 0
    endloop
  endfacet
  facet normal -0.321498 0.94691 0
    outer loop
      vertex 40.0353 12.1363 3
      vertex 40.5307 12.3045 3
      vertex 40.5307 12.3045 0
    endloop
  endfacet
  facet normal -0.321498 -0.94691 -0
    outer loop
      vertex 40.0353 19.8637 0
      vertex 40.5307 19.6955 0
      vertex 40.5307 19.6955 3
    endloop
  endfacet
  facet normal -0.321498 -0.94691 0
    outer loop
      vertex 40.0353 19.8637 0
      vertex 40.5307 19.6955 3
      vertex 40.0353 19.8637 3
    endloop
  endfacet
  facet normal 0 0 -1
    outer loop
      vertex 40.0353 19.8637 0
      vertex 60 32 0
      vertex 40.5307 19.6955 0
    endloop
  endfacet
  facet normal 0 0 1
    outer loop
      vertex 40.0353 19.8637 3
      vertex 40.5307 19.6955 3
      vertex 60 32 3
    endloop
  endfacet
  facet normal -0.442238 0.896898 0
    outer loop
      vertex 40.5307 12.3045 0
      vertex 40.5307 12.3045 3
      vertex 41 12.5359 0
    endloop
  endfacet
  facet normal -0.442238 0.896898 0
    outer loop
      vertex 40.5307 12.3045 3
      vertex 41 12.5359 3
      vertex 41 12.5359 0
    endloop
  endfacet
  facet normal -0.442238 -0.896898 -0
    outer loop
      vertex 40.5307 19.6955 0
      vertex 41 19.4641 0
      vertex 41 19.4641 3
    endloop
  endfacet
  facet normal -0.442238 -0.896898 0
    outer loop
      vertex 40.5307 19.6955 0
      vertex 41 19.4641 3
      vertex 40.5307 19.6955 3
    endloop
  endfacet
  facet normal 0 0 -1
    outer loop
      vertex 40.5307 19.6955 0
      vertex 60 32 0
      vertex 41 19.4641 0
    endloop
  endfacet
  facet normal 0 0 1
    outer loop
      vertex 40.5307 19.6955 3
      vertex 41 19.4641 3
      vertex 60 32 3
    endloop
  endfacet
  facet normal -0.555626 0.831432 0
    outer loop
      vertex 41 12.5359 0
      vertex 41 12.5359 3
      vertex 41.435 12.8266 0
    endloop
  endfacet
  facet normal 0 0 -1
    outer loop
      vertex 41 12.5359 0
      vertex 41.435 12.8266 0
      vertex 60 0 0
    endloop
  endfacet
  facet normal -0.555626 0.831432 0
    outer loop
      vertex 41 12.5359 3
      vertex 41.435 12.8266 3
      vertex 41.435 12.8266 0
    endloop
  endfacet
  facet normal -0 0 1
    outer loop
      vertex 41 12.5359 3
      vertex 60 0 3
      vertex 41.435 12.8266 3
    endloop
  endfacet
  facet normal -0.555626 -0.831432 -0
    outer loop
      vertex 41 19.4641 0
      vertex 41.435 19.1734 0
      vertex 41.435 19.1734 3
    endloop
  endfacet
  facet normal -0.555626 -0.831432 0
    outer loop
      vertex 41 19.4641 0
      vertex 41.435 19.1734 3
      vertex 41 19.4641 3
    endloop
  endfacet
  facet normal 0 0 -1
    outer loop
      vertex 41 19.4641 0
      vertex 60 32 0
      vertex 41.435 19.1734 0
    endloop
  endfacet
  facet normal 0 0 1
    outer loop
      vertex 41 19.4641 3
      vertex 41.435 19.1734 3
      vertex 60 32 3
    endloop
  endfacet
  facet normal -0.659343 0.751842 0
    outer loop
      vertex 41.435 12.8266 0
      vertex 41.435 12.8266 3
      vertex 41.8284 13.1716 0
    endloop
  endfacet
  facet normal 0 0 -1
    outer loop
      vertex 41.435 12.8266 0
      vertex 41.8284 13.1716 0
      vertex 60 0 0
    endloop
  endfacet
  facet normal -0.659343 0.751842 0
    outer loop
      vertex 41.435 12.8266 3
      vertex 41.8284 13.1716 3
      vertex 41.8284 13.1716 0
    endloop
  endfacet
  facet normal -0 0 1
    outer loop
      vertex 41.435 12.8266 3
      vertex 60 0 3
      vertex 41.8284 13.1716 3
    endloop
  endfacet
  facet normal -0.659343 -0.751842 -0
    outer loop
      vertex 41.435 19.1734 0
      vertex 41.8284 18.8284 0
      vertex 41.8284 18.8284 3
    endloop
  endfacet
  facet normal -0.659343 -0.751842 0
    outer loop
      vertex 41.435 19.1734 0
      vertex 41.8284 18.8284 3
      vertex 41.435 19.1734 3
    endloop
  endfacet
  facet normal 0 0 -1
    outer loop
      vertex 41.435 19.1734 0
      vertex 60 32 0
      vertex 41.8284 18.8284 0
    endloop
  endfacet
  facet normal 0 0 1
    outer loop
      vertex 41.435 19.1734 3
      vertex 41.8284 18.8284 3
      vertex 60 32 3
    endloop
  endfacet
  facet normal -0.751842 0.659343 0
    outer loop
      vertex 41.8284 13.1716 0
      vertex 41.8284 13.1716 3
      vertex 42.1734 13.565 3
    endloop
  endfacet
  facet normal 0 -0 -1
    outer loop
      vertex 41.8284 13.1716 0
      vertex 42.1734 13.565 0
      vertex 56.9651 14.6513 0
    endloop
  endfacet
  facet normal -0.751842 0.659343 0
    outer loop
      vertex 41.8284 13.1716 0
      vertex 42.1734 13.565 3
      vertex 42.1734 13.565 0
    endloop
  endfacet
  facet normal 0 0 -1
    outer loop
      vertex 41.8284 13.1716 0
      vertex 56.9651 14.6513 0
      vertex 60 0 0
    endloop
  endfacet
  facet normal 0 0 1
    outer loop
      vertex 41.8284 13.1716 3
      vertex 56.9651 14.6513 3
      vertex 42.1734 13.565 3
    endloop
  endfacet
  facet normal 0 0 1
    outer loop
      vertex 41.8284 13.1716 3
      vertex 60 0 3
      vertex 56.9651 14.6513 3
    endloop
  endfacet
  facet normal -0.751842 -0.659343 0
    outer loop
      vertex 41.8284 18.8284 0
      vertex 42.1734 18.435 0
      vertex 41.8284 18.8284 3
    endloop
  endfacet
  facet normal 0 0 -1
    outer loop
      vertex 41.8284 18.8284 0
      vertex 56.9651 17.3487 0
      vertex 42.1734 18.435 0
    endloop
  endfacet
  facet normal 0 0 -1
    outer loop
      vertex 41.8284 18.8284 0
      vertex 60 32 0
      vertex 56.9651 17.3487 0
    endloop
  endfacet
  facet normal -0.751842 -0.659343 0
    outer loop
      vertex 41.8284 18.8284 3
      vertex 42.1734 18.435 0
      vertex 42.1734 18.435 3
    endloop
  endfacet
  facet normal -0 -0 1
    outer loop
      vertex 41.8284 18.8284 3
      vertex 42.1734 18.435 3
      vertex 56.9651 17.3487 3
    endloop
  endfacet
  facet normal -0 0 1
    outer loop
      vertex 41.8284 18.8284 3
      vertex 56.9651 17.3487 3
      vertex 60 32 3
    endloop
  endfacet
  facet normal -0.831432 0.555626 0
    outer loop
      vertex 42.1734 13.565 0
      vertex 42.1734 13.565 3
      vertex 42.4641 14 3
    endloop
  endfacet
  facet normal 0 -0 -1
    outer loop
      vertex 42.1734 13.565 0
      vertex 42.4641 14 0
      vertex 56.7979 14.7979 0
    endloop
  endfacet
  facet normal -0.831432 0.555626 0
    outer loop
      vertex 42.1734 13.565 0
      vertex 42.4641 14 3
      vertex 42.4641 14 0
    endloop
  endfacet
  facet normal -0 0 -1
    outer loop
      vertex 42.1734 13.565 0
      vertex 56.7979 14.7979 0
      vertex 56.9651 14.6513 0
    endloop
  endfacet
  facet normal 0 0 1
    outer loop
      vertex 42.1734 13.565 3
      vertex 56.7979 14.7979 3
      vertex 42.4641 14 3
    endloop
  endfacet
  facet normal 0 0 1
    outer loop
      vertex 42.1734 13.565 3
      vertex 56.9651 14.6513 3
      vertex 56.7979 14.7979 3
    endloop
  endfacet
  facet normal -0.831432 -0.555626 0
    outer loop
      vertex 42.1734 18.435 0
      vertex 42.4641 18 0
      vertex 42.1734 18.435 3
    endloop
  endfacet
  facet normal 0 0 -1
    outer loop
      vertex 42.1734 18.435 0
      vertex 56.7979 17.2021 0
      vertex 42.4641 18 0
    endloop
  endfacet
  facet normal 0 0 -1
    outer loop
      vertex 42.1734 18.435 0
      vertex 56.9651 17.3487 0
      vertex 56.7979 17.2021 0
    endloop
  endfacet
  facet normal -0.831432 -0.555626 0
    outer loop
      vertex 42.1734 18.435 3
      vertex 42.4641 18 0
      vertex 42.4641 18 3
    endloop
  endfacet
  facet normal -0 -0 1
    outer loop
      vertex 42.1734 18.435 3
      vertex 42.4641 18 3
      vertex 56.7979 17.2021 3
    endloop
  endfacet
  facet normal 0 0 1
    outer loop
      vertex 42.1734 18.435 3
      vertex 56.7979 17.2021 3
      vertex 56.9651 17.3487 3
    endloop
  endfacet
  facet normal -0.896898 0.442238 0
    outer loop
      vertex 42.4641 14 0
      vertex 42.4641 14 3
      vertex 42.6955 14.4693 3
    endloop
  endfacet
  facet normal 0 -0 -1
    outer loop
      vertex 42.4641 14 0
      vertex 42.6955 14.4693 0
      vertex 56.5278 15.15 0
    endloop
  endfacet
  facet normal -0.896898 0.442238 0
    outer loop
      vertex 42.4641 14 0
      vertex 42.6955 14.4693 3
      vertex 42.6955 14.4693 0
    endloop
  endfacet
  facet normal -0 0 -1
    outer loop
      vertex 42.4641 14 0
      vertex 56.5278 15.15 0
      vertex 56.6513 14.9651 0
    endloop
  endfacet
  facet normal -0 0 -1
    outer loop
      vertex 42.4641 14 0
      vertex 56.6513 14.9651 0
      vertex 56.7979 14.7979 0
    endloop
  endfacet
  facet normal 0 0 1
    outer loop
      vertex 42.4641 14 3
      vertex 56.5278 15.15 3
      vertex 42.6955 14.4693 3
    endloop
  endfacet
  facet normal 0 0 1
    outer loop
      vertex 42.4641 14 3
      vertex 56.6513 14.9651 3
      vertex 56.5278 15.15 3
    endloop
  endfacet
  facet normal 0 0 1
    outer loop
      vertex 42.4641 14 3
      vertex 56.7979 14.7979 3
      vertex 56.6513 14.9651 3
    endloop
  endfacet
  facet normal -0.896898 -0.442238 0
    outer loop
      vertex 42.4641 18 0
      vertex 42.6955 17.5307 0
      vertex 42.4641 18 3
    endloop
  endfacet
  facet normal 0 0 -1
    outer loop
      vertex 42.4641 18 0
      vertex 56.5278 16.85 0
      vertex 42.6955 17.5307 0
    endloop
  endfacet
  facet normal 0 0 -1
    outer loop
      vertex 42.4641 18 0
      vertex 56.6513 17.0349 0
      vertex 56.5278 16.85 0
    endloop
  endfacet
  facet normal 0 0 -1
    outer loop
      vertex 42.4641 18 0
      vertex 56.7979 17.2021 0
      vertex 56.6513 17.0349 0
    endloop
  endfacet
  facet normal -0.896898 -0.442238 0
    outer loop
      vertex 42.4641 18 3
      vertex 42.6955 17.5307 0
      vertex 42.6955 17.5307 3
    endloop
  endfacet
  facet normal -0 -0 1
    outer loop
      vertex 42.4641 18 3
      vertex 42.6955 17.5307 3
      vertex 56.5278 16.85 3
    endloop
  endfacet
  facet normal 0 0 1
    outer loop
      vertex 42.4641 18 3
      vertex 56.5278 16.85 3
      vertex 56.6513 17.0349 3
    endloop
  endfacet
  facet normal 0 0 1
    outer loop
      vertex 42.4641 18 3
      vertex 56.6513 17.0349 3
      vertex 56.7979 17.2021 3
    endloop
  endfacet
  facet normal -0.94691 0.321498 0
    outer loop
      vertex 42.6955 14.4693 0
      vertex 42.6955 14.4693 3
      vertex 42.8637 14.9647 3
    endloop
  endfacet
  facet normal 0 -0 -1
    outer loop
      vertex 42.6955 14.4693 0
      vertex 42.8637 14.9647 0
      vertex 56.4294 15.3494 0
    endloop
  endfacet
  facet normal -0.94691 0.321498 0
    outer loop
      vertex 42.6955 14.4693 0
      vertex 42.8637 14.9647 3
      vertex 42.8637 14.9647 0
    endloop
  endfacet
  facet normal -0 0 -1
    outer loop
      vertex 42.6955 14.4693 0
      vertex 56.4294 15.3494 0
      vertex 56.5278 15.15 0
    endloop
  endfacet
  facet normal 0 0 1
    outer loop
      vertex 42.6955 14.4693 3
      vertex 56.4294 15.3494 3
      vertex 42.8637 14.9647 3
    endloop
  endfacet
  facet normal 0 0 1
    outer loop
      vertex 42.6955 14.4693 3
      vertex 56.5278 15.15 3
      vertex 56.4294 15.3494 3
    endloop
  endfacet
  facet normal -0.94691 -0.321498 0
    outer loop
      vertex 42.6955 17.5307 0
      vertex 42.8637 17.0353 0
      vertex 42.6955 17.5307 3
    endloop
  endfacet
  facet normal 0 0 -1
    outer loop
      vertex 42.6955 17.5307 0
      vertex 56.4294 16.6506 0
      vertex 42.8637 17.0353 0
    endloop
  endfacet
  facet normal 0 0 -1
    outer loop
      vertex 42.6955 17.5307 0
      vertex 56.5278 16.85 0
      vertex 56.4294 16.6506 0
    endloop
  endfacet
  facet normal -0.94691 -0.321498 0
    outer loop
      vertex 42.6955 17.5307 3
      vertex 42.8637 17.0353 0
      vertex 42.8637 17.0353 3
    endloop
  endfacet
  facet normal -0 -0 1
    outer loop
      vertex 42.6955 17.5307 3
      vertex 42.8637 17.0353 3
      vertex 56.4294 16.6506 3
    endloop
  endfacet
  facet normal 0 0 1
    outer loop
      vertex 42.6955 17.5307 3
      vertex 56.4294 16.6506 3
      vertex 56.5278 16.85 3
    endloop
  endfacet
  facet normal -0.980779 0.195124 0
    outer loop
      vertex 42.8637 14.9647 0
      vertex 42.8637 14.9647 3
      vertex 42.9658 15.4779 3
    endloop
  endfacet
  facet normal 0 0 -1
    outer loop
      vertex 42.8637 14.9647 0
      vertex 42.9658 15.4779 0
      vertex 56.3579 15.56 0
    endloop
  endfacet
  facet normal -0.980779 0.195124 0
    outer loop
      vertex 42.8637 14.9647 0
      vertex 42.9658 15.4779 3
      vertex 42.9658 15.4779 0
    endloop
  endfacet
  facet normal -0 0 -1
    outer loop
      vertex 42.8637 14.9647 0
      vertex 56.3579 15.56 0
      vertex 56.4294 15.3494 0
    endloop
  endfacet
  facet normal 0 0 1
    outer loop
      vertex 42.8637 14.9647 3
      vertex 56.3579 15.56 3
      vertex 42.9658 15.4779 3
    endloop
  endfacet
  facet normal 0 0 1
    outer loop
      vertex 42.8637 14.9647 3
      vertex 56.4294 15.3494 3
      vertex 56.3579 15.56 3
    endloop
  endfacet
  facet normal -0.980779 -0.195124 0
    outer loop
      vertex 42.8637 17.0353 0
      vertex 42.9658 16.5221 0
      vertex 42.8637 17.0353 3
    endloop
  endfacet
  facet normal 0 0 -1
    outer loop
      vertex 42.8637 17.0353 0
      vertex 56.3579 16.44 0
      vertex 42.9658 16.5221 0
    endloop
  endfacet
  facet normal 0 0 -1
    outer loop
      vertex 42.8637 17.0353 0
      vertex 56.4294 16.6506 0
      vertex 56.3579 16.44 0
    endloop
  endfacet
  facet normal -0.980779 -0.195124 0
    outer loop
      vertex 42.8637 17.0353 3
      vertex 42.9658 16.5221 0
      vertex 42.9658 16.5221 3
    endloop
  endfacet
  facet normal 0 0 1
    outer loop
      vertex 42.8637 17.0353 3
      vertex 42.9658 16.5221 3
      vertex 56.3579 16.44 3
    endloop
  endfacet
  facet normal 0 0 1
    outer loop
      vertex 42.8637 17.0353 3
      vertex 56.3579 16.44 3
      vertex 56.4294 16.6506 3
    endloop
  endfacet
  facet normal -0.997861 0.0653646 0
    outer loop
      vertex 42.9658 15.4779 0
      vertex 42.9658 15.4779 3
      vertex 43 16 3
    endloop
  endfacet
  facet normal -0 0 -1
    outer loop
      vertex 42.9658 15.4779 0
      vertex 43 16 0
      vertex 56.3145 15.7781 0
    endloop
  endfacet
  facet normal -0.997861 0.0653646 0
    outer loop
      vertex 42.9658 15.4779 0
      vertex 43 16 3
      vertex 43 16 0
    endloop
  endfacet
  facet normal 0 0 -1
    outer loop
      vertex 42.9658 15.4779 0
      vertex 56.3145 15.7781 0
      vertex 56.3579 15.56 0
    endloop
  endfacet
  facet normal 0 0 1
    outer loop
      vertex 42.9658 15.4779 3
      vertex 56.3145 15.7781 3
      vertex 43 16 3
    endloop
  endfacet
  facet normal 0 0 1
    outer loop
      vertex 42.9658 15.4779 3
      vertex 56.3579 15.56 3
      vertex 56.3145 15.7781 3
    endloop
  endfacet
  facet normal -0.997861 -0.0653646 0
    outer loop
      vertex 42.9658 16.5221 0
      vertex 43 16 0
      vertex 42.9658 16.5221 3
    endloop
  endfacet
  facet normal 0 0 -1
    outer loop
      vertex 42.9658 16.5221 0
      vertex 56.3145 16.2219 0
      vertex 43 16 0
    endloop
  endfacet
  facet normal 0 0 -1
    outer loop
      vertex 42.9658 16.5221 0
      vertex 56.3579 16.44 0
      vertex 56.3145 16.2219 0
    endloop
  endfacet
  facet normal -0.997861 -0.0653646 0
    outer loop
      vertex 42.9658 16.5221 3
      vertex 43 16 0
      vertex 43 16 3
    endloop
  endfacet
  facet normal 0 0 1
    outer loop
      vertex 42.9658 16.5221 3
      vertex 43 16 3
      vertex 56.3145 16.2219 3
    endloop
  endfacet
  facet normal 0 0 1
    outer loop
      vertex 42.9658 16.5221 3
      vertex 56.3145 16.2219 3
      vertex 56.3579 16.44 3
    endloop
  endfacet
  facet normal 0 0 -1
    outer loop
      vertex 43 16 0
      vertex 56.3 16 0
      vertex 56.3145 15.7781 0
    endloop
  endfacet
  facet normal 0 0 -1
    outer loop
      vertex 43 16 0
      vertex 56.3145 16.2219 0
      vertex 56.3 16 0
    endloop
  endfacet
  facet normal 0 0 1
    outer loop
      vertex 43 16 3
      vertex 56.3 16 3
      vertex 56.3145 16.2219 3
    endloop
  endfacet
  facet normal -0 0 1
    outer loop
      vertex 43 16 3
      vertex 56.3145 15.7781 3
      vertex 56.3 16 3
    endloop
  endfacet
  facet normal 0.997872 0.0652057 0
    outer loop
      vertex 56.3 16 0
      vertex 56.3 16 3
      vertex 56.3145 15.7781 3
    endloop
  endfacet
  facet normal 0.997872 0.0652057 0
    outer loop
      vertex 56.3 16 0
      vertex 56.3145 15.7781 3
      vertex 56.3145 15.7781 0
    endloop
  endfacet
  facet normal 0.997872 -0.0652057 0
    outer loop
      vertex 56.3 16 0
      vertex 56.3145 16.2219 0
      vertex 56.3 16 3
    endloop
  endfacet
  facet normal 0.997872 -0.0652057 0
    outer loop
      vertex 56.3 16 3
      vertex 56.3145 16.2219 0
      vertex 56.3145 16.2219 3
    endloop
  endfacet
  facet normal 0.98077 0.195165 0
    outer loop
      vertex 56.3145 15.7781 0
      vertex 56.3145 15.7781 3
      vertex 56.3579 15.56 3
    endloop
  endfacet
  facet normal 0.98077 0.195165 0
    outer loop
      vertex 56.3145 15.7781 0
      vertex 56.3579 15.56 3
      vertex 56.3579 15.56 0
    endloop
  endfacet
  facet normal 0.98077 -0.195165 0
    outer loop
      vertex 56.3145 16.2219 0
      vertex 56.3579 16.44 0
      vertex 56.3145 16.2219 3
    endloop
  endfacet
  facet normal 0.98077 -0.195165 0
    outer loop
      vertex 56.3145 16.2219 3
      vertex 56.3579 16.44 0
      vertex 56.3579 16.44 3
    endloop
  endfacet
  facet normal 0.946915 0.321484 0
    outer loop
      vertex 56.3579 15.56 0
      vertex 56.3579 15.56 3
      vertex 56.4294 15.3494 3
    endloop
  endfacet
  facet normal 0.946915 0.321484 0
    outer loop
      vertex 56.3579 15.56 0
      vertex 56.4294 15.3494 3
      vertex 56.4294 15.3494 0
    endloop
  endfacet
  facet normal 0.946915 -0.321484 0
    outer loop
      vertex 56.3579 16.44 0
      vertex 56.4294 16.6506 0
      vertex 56.3579 16.44 3
    endloop
  endfacet
  facet normal 0.946915 -0.321484 0
    outer loop
      vertex 56.3579 16.44 3
      vertex 56.4294 16.6506 0
      vertex 56.4294 16.6506 3
    endloop
  endfacet
  facet normal 0.896754 0.44253 0
    outer loop
      vertex 56.4294 15.3494 0
      vertex 56.4294 15.3494 3
      vertex 56.5278 15.15 3
    endloop
  endfacet
  facet normal 0.896754 0.44253 0
    outer loop
      vertex 56.4294 15.3494 0
      vertex 56.5278 15.15 3
      vertex 56.5278 15.15 0
    endloop
  endfacet
  facet normal 0.896754 -0.44253 0
    outer loop
      vertex 56.4294 16.6506 0
      vertex 56.5278 16.85 0
      vertex 56.4294 16.6506 3
    endloop
  endfacet
  facet normal 0.896754 -0.44253 0
    outer loop
      vertex 56.4294 16.6506 3
      vertex 56.5278 16.85 0
      vertex 56.5278 16.85 3
    endloop
  endfacet
  facet normal 0.831566 0.555426 0
    outer loop
      vertex 56.5278 15.15 0
      vertex 56.5278 15.15 3
      vertex 56.6513 14.9651 3
    endloop
  endfacet
  facet normal 0.831566 0.555426 0
    outer loop
      vertex 56.5278 15.15 0
      vertex 56.6513 14.9651 3
      vertex 56.6513 14.9651 0
    endloop
  endfacet
  facet normal 0.831566 -0.555426 0
    outer loop
      vertex 56.5278 16.85 0
      vertex 56.6513 17.0349 0
      vertex 56.5278 16.85 3
    endloop
  endfacet
  facet normal 0.831566 -0.555426 0
    outer loop
      vertex 56.5278 16.85 3
      vertex 56.6513 17.0349 0
      vertex 56.6513 17.0349 3
    endloop
  endfacet
  facet normal 0.751908 0.659268 0
    outer loop
      vertex 56.6513 14.9651 0
      vertex 56.6513 14.9651 3
      vertex 56.7979 14.7979 3
    endloop
  endfacet
  facet normal 0.751908 0.659268 0
    outer loop
      vertex 56.6513 14.9651 0
      vertex 56.7979 14.7979 3
      vertex 56.7979 14.7979 0
    endloop
  endfacet
  facet normal 0.751908 -0.659268 0
    outer loop
      vertex 56.6513 17.0349 0
      vertex 56.7979 17.2021 0
      vertex 56.6513 17.0349 3
    endloop
  endfacet
  facet normal 0.751908 -0.659268 0
    outer loop
      vertex 56.6513 17.0349 3
      vertex 56.7979 17.2021 0
      vertex 56.7979 17.2021 3
    endloop
  endfacet
  facet normal 0.659268 0.751908 0
    outer loop
      vertex 56.7979 14.7979 0
      vertex 56.7979 14.7979 3
      vertex 56.9651 14.6513 0
    endloop
  endfacet
  facet normal 0.659268 0.751908 -0
    outer loop
      vertex 56.7979 14.7979 3
      vertex 56.9651 14.6513 3
      vertex 56.9651 14.6513 0
    endloop
  endfacet
  facet normal 0.659268 -0.751908 0
    outer loop
      vertex 56.7979 17.2021 0
      vertex 56.9651 17.3487 0
      vertex 56.9651 17.3487 3
    endloop
  endfacet
  facet normal 0.659268 -0.751908 0
    outer loop
      vertex 56.7979 17.2021 0
      vertex 56.9651 17.3487 3
      vertex 56.7979 17.2021 3
    endloop
  endfacet
  facet normal 0.555426 0.831566 0
    outer loop
      vertex 56.9651 14.6513 0
      vertex 56.9651 14.6513 3
      vertex 57.15 14.5278 0
    endloop
  endfacet
  facet normal 0 0 -1
    outer loop
      vertex 56.9651 14.6513 0
      vertex 57.15 14.5278 0
      vertex 60 0 0
    endloop
  endfacet
  facet normal 0.555426 0.831566 -0
    outer loop
      vertex 56.9651 14.6513 3
      vertex 57.15 14.5278 3
      vertex 57.15 14.5278 0
    endloop
  endfacet
  facet normal 0 0 1
    outer loop
      vertex 56.9651 14.6513 3
      vertex 60 0 3
      vertex 57.15 14.5278 3
    endloop
  endfacet
  facet normal 0.555426 -0.831566 0
    outer loop
      vertex 56.9651 17.3487 0
      vertex 57.15 17.4722 0
      vertex 57.15 17.4722 3
    endloop
  endfacet
  facet normal 0.555426 -0.831566 0
    outer loop
      vertex 56.9651 17.3487 0
      vertex 57.15 17.4722 3
      vertex 56.9651 17.3487 3
    endloop
  endfacet
  facet normal 0 0 -1
    outer loop
      vertex 56.9651 17.3487 0
      vertex 60 32 0
      vertex 57.15 17.4722 0
    endloop
  endfacet
  facet normal 0 0 1
    outer loop
      vertex 56.9651 17.3487 3
      vertex 57.15 17.4722 3
      vertex 60 32 3
    endloop
  endfacet
  facet normal 0.44253 0.896754 0
    outer loop
      vertex 57.15 14.5278 0
      vertex 57.15 14.5278 3
      vertex 57.3494 14.4294 0
    endloop
  endfacet
  facet normal 0 0 -1
    outer loop
      vertex 57.15 14.5278 0
      vertex 57.3494 14.4294 0
      vertex 60 0 0
    endloop
  endfacet
  facet normal 0.44253 0.896754 -0
    outer loop
      vertex 57.15 14.5278 3
      vertex 57.3494 14.4294 3
      vertex 57.3494 14.4294 0
    endloop
  endfacet
  facet normal 0 0 1
    outer loop
      vertex 57.15 14.5278 3
      vertex 60 0 3
      vertex 57.3494 14.4294 3
    endloop
  endfacet
  facet normal 0.44253 -0.896754 0
    outer loop
      vertex 57.15 17.4722 0
      vertex 57.3494 17.5706 0
      vertex 57.3494 17.5706 3
    endloop
  endfacet
  facet normal 0.44253 -0.896754 0
    outer loop
      vertex 57.15 17.4722 0
      vertex 57.3494 17.5706 3
      vertex 57.15 17.4722 3
    endloop
  endfacet
  facet normal 0 0 -1
    outer loop
      vertex 57.15 17.4722 0
      vertex 60 32 0
      vertex 57.3494 17.5706 0
    endloop
  endfacet
  facet normal 0 0 1
    outer loop
      vertex 57.15 17.4722 3
      vertex 57.3494 17.5706 3
      vertex 60 32 3
    endloop
  endfacet
  facet normal 0.321484 0.946915 0
    outer loop
      vertex 57.3494 14.4294 0
      vertex 57.3494 14.4294 3
      vertex 57.56 14.3579 0
    endloop
  endfacet
  facet normal 0 0 -1
    outer loop
      vertex 57.3494 14.4294 0
      vertex 57.56 14.3579 0
      vertex 60 0 0
    endloop
  endfacet
  facet normal 0.321484 0.946915 -0
    outer loop
      vertex 57.3494 14.4294 3
      vertex 57.56 14.3579 3
      vertex 57.56 14.3579 0
    endloop
  endfacet
  facet normal 0 0 1
    outer loop
      vertex 57.3494 14.4294 3
      vertex 60 0 3
      vertex 57.56 14.3579 3
    endloop
  endfacet
  facet normal 0.321484 -0.946915 0
    outer loop
      vertex 57.3494 17.5706 0
      vertex 57.56 17.6421 0
      vertex 57.56 17.6421 3
    endloop
  endfacet
  facet normal 0.321484 -0.946915 0
    outer loop
      vertex 57.3494 17.5706 0
      vertex 57.56 17.6421 3
      vertex 57.3494 17.5706 3
    endloop
  endfacet
  facet normal 0 0 -1
    outer loop
      vertex 57.3494 17.5706 0
      vertex 60 32 0
      vertex 57.56 17.6421 0
    endloop
  endfacet
  facet normal 0 0 1
    outer loop
      vertex 57.3494 17.5706 3
      vertex 57.56 17.6421 3
      vertex 60 32 3
    endloop
  endfacet
  facet normal 0.195165 0.98077 0
    outer loop
      vertex 57.56 14.3579 0
      vertex 57.56 14.3579 3
      vertex 57.7781 14.3145 0
    endloop
  endfacet
  facet normal 0 0 -1
    outer loop
      vertex 57.56 14.3579 0
      vertex 57.7781 14.3145 0
      vertex 60 0 0
    endloop
  endfacet
  facet normal 0.195165 0.98077 -0
    outer loop
      vertex 57.56 14.3579 3
      vertex 57.7781 14.3145 3
      vertex 57.7781 14.3145 0
    endloop
  endfacet
  facet normal 0 0 1
    outer loop
      vertex 57.56 14.3579 3
      vertex 60 0 3
      vertex 57.7781 14.3145 3
    endloop
  endfacet
  facet normal 0.195165 -0.98077 0
    outer loop
      vertex 57.56 17.6421 0
      vertex 57.7781 17.6855 0
      vertex 57.7781 17.6855 3
    endloop
  endfacet
  facet normal 0.195165 -0.98077 0
    outer loop
      vertex 57.56 17.6421 0
      vertex 57.7781 17.6855 3
      vertex 57.56 17.6421 3
    endloop
  endfacet
  facet normal 0 0 -1
    outer loop
      vertex 57.56 17.6421 0
      vertex 60 32 0
      vertex 57.7781 17.6855 0
    endloop
  endfacet
  facet normal 0 0 1
    outer loop
      vertex 57.56 17.6421 3
      vertex 57.7781 17.6855 3
      vertex 60 32 3
    endloop
  endfacet
  facet normal 0.0652057 0.997872 0
    outer loop
      vertex 57.7781 14.3145 0
      vertex 57.7781 14.3145 3
      vertex 58 14.3 0
    endloop
  endfacet
  facet normal 0 0 -1
    outer loop
      vertex 57.7781 14.3145 0
      vertex 58 14.3 0
      vertex 64 4 0
    endloop
  endfacet
  facet normal 0 0 -1
    outer loop
      vertex 57.7781 14.3145 0
      vertex 64 4 0
      vertex 60 0 0
    endloop
  endfacet
  facet normal 0.0652057 0.997872 -0
    outer loop
      vertex 57.7781 14.3145 3
      vertex 58 14.3 3
      vertex 58 14.3 0
    endloop
  endfacet
  facet normal 0 0 1
    outer loop
      vertex 57.7781 14.3145 3
      vertex 60 0 3
      vertex 64 4 3
    endloop
  endfacet
  facet normal 0 0 1
    outer loop
      vertex 57.7781 14.3145 3
      vertex 64 4 3
      vertex 58 14.3 3
    endloop
  endfacet
  facet normal 0.0652057 -0.997872 0
    outer loop
      vertex 57.7781 17.6855 0
      vertex 58 17.7 0
      vertex 58 17.7 3
    endloop
  endfacet
  facet normal 0.0652057 -0.997872 0
    outer loop
      vertex 57.7781 17.6855 0
      vertex 58 17.7 3
      vertex 57.7781 17.6855 3
    endloop
  endfacet
  facet normal -0 0 -1
    outer loop
      vertex 57.7781 17.6855 0
      vertex 60 32 0
      vertex 64 28 0
    endloop
  endfacet
  facet normal 0 0 -1
    outer loop
      vertex 57.7781 17.6855 0
      vertex 64 28 0
      vertex 58 17.7 0
    endloop
  endfacet
  facet normal 0 0 1
    outer loop
      vertex 57.7781 17.6855 3
      vertex 58 17.7 3
      vertex 64 28 3
    endloop
  endfacet
  facet normal 0 0 1
    outer loop
      vertex 57.7781 17.6855 3
      vertex 64 28 3
      vertex 60 32 3
    endloop
  endfacet
  facet normal -0.0652057 0.997872 0
    outer loop
      vertex 58 14.3 0
      vertex 58 14.3 3
      vertex 58.2219 14.3145 0
    endloop
  endfacet
  facet normal 0 0 -1
    outer loop
      vertex 58 14.3 0
      vertex 58.2219 14.3145 0
      vertex 64 4 0
    endloop
  endfacet
  facet normal -0.0652057 0.997872 0
    outer loop
      vertex 58 14.3 3
      vertex 58.2219 14.3145 3
      vertex 58.2219 14.3145 0
    endloop
  endfacet
  facet normal -0 0 1
    outer loop
      vertex 58 14.3 3
      vertex 64 4 3
      vertex 58.2219 14.3145 3
    endloop
  endfacet
  facet normal -0.0652057 -0.997872 -0
    outer loop
      vertex 58 17.7 0
      vertex 58.2219 17.6855 0
      vertex 58.2219 17.6855 3
    endloop
  endfacet
  facet normal -0.0652057 -0.997872 0
    outer loop
      vertex 58 17.7 0
      vertex 58.2219 17.6855 3
      vertex 58 17.7 3
    endloop
  endfacet
  facet normal 0 0 -1
    outer loop
      vertex 58 17.7 0
      vertex 64 28 0
      vertex 58.2219 17.6855 0
    endloop
  endfacet
  facet normal 0 0 1
    outer loop
      vertex 58 17.7 3
      vertex 58.2219 17.6855 3
      vertex 64 28 3
    endloop
  endfacet
  facet normal -0.195165 0.98077 0
    outer loop
      vertex 58.2219 14.3145 0
      vertex 58.2219 14.3145 3
      vertex 58.44 14.3579 0
    endloop
  endfacet
  facet normal 0 0 -1
    outer loop
      vertex 58.2219 14.3145 0
      vertex 58.44 14.3579 0
      vertex 64 4 0
    endloop
  endfacet
  facet normal -0.195165 0.98077 0
    outer loop
      vertex 58.2219 14.3145 3
      vertex 58.44 14.3579 3
      vertex 58.44 14.3579 0
    endloop
  endfacet
  facet normal -0 0 1
    outer loop
      vertex 58.2219 14.3145 3
      vertex 64 4 3
      vertex 58.44 14.3579 3
    endloop
  endfacet
  facet normal -0.195165 -0.98077 -0
    outer loop
      vertex 58.2219 17.6855 0
      vertex 58.44 17.6421 0
      vertex 58.44 17.6421 3
    endloop
  endfacet
  facet normal -0.195165 -0.98077 0
    outer loop
      vertex 58.2219 17.6855 0
      vertex 58.44 17.6421 3
      vertex 58.2219 17.6855 3
    endloop
  endfacet
  facet normal 0 0 -1
    outer loop
      vertex 58.2219 17.6855 0
      vertex 64 28 0
      vertex 58.44 17.6421 0
    endloop
  endfacet
  facet normal 0 0 1
    outer loop
      vertex 58.2219 17.6855 3
      vertex 58.44 17.6421 3
      vertex 64 28 3
    endloop
  endfacet
  facet normal -0.321484 0.946915 0
    outer loop
      vertex 58.44 14.3579 0
      vertex 58.44 14.3579 3
      vertex 58.6506 14.4294 0
    endloop
  endfacet
  facet normal 0 0 -1
    outer loop
      vertex 58.44 14.3579 0
      vertex 58.6506 14.4294 0
      vertex 64 4 0
    endloop
  endfacet
  facet normal -0.321484 0.946915 0
    outer loop
      vertex 58.44 14.3579 3
      vertex 58.6506 14.4294 3
      vertex 58.6506 14.4294 0
    endloop
  endfacet
  facet normal -0 0 1
    outer loop
      vertex 58.44 14.3579 3
      vertex 64 4 3
      vertex 58.6506 14.4294 3
    endloop
  endfacet
  facet normal -0.321484 -0.946915 -0
    outer loop
      vertex 58.44 17.6421 0
      vertex 58.6506 17.5706 0
      vertex 58.6506 17.5706 3
    endloop
  endfacet
  facet normal -0.321484 -0.946915 0
    outer loop
      vertex 58.44 17.6421 0
      vertex 58.6506 17.5706 3
      vertex 58.44 17.6421 3
    endloop
  endfacet
  facet normal 0 0 -1
    outer loop
      vertex 58.44 17.6421 0
      vertex 64 28 0
      vertex 58.6506 17.5706 0
    endloop
  endfacet
  facet normal 0 0 1
    outer loop
      vertex 58.44 17.6421 3
      vertex 58.6506 17.5706 3
      vertex 64 28 3
    endloop
  endfacet
  facet normal -0.44253 0.896754 0
    outer loop
      vertex 58.6506 14.4294 0
      vertex 58.6506 14.4294 3
      vertex 58.85 14.5278 0
    endloop
  endfacet
  facet normal 0 0 -1
    outer loop
      vertex 58.6506 14.4294 0
      vertex 58.85 14.5278 0
      vertex 64 4 0
    endloop
  endfacet
  facet normal -0.44253 0.896754 0
    outer loop
      vertex 58.6506 14.4294 3
      vertex 58.85 14.5278 3
      vertex 58.85 14.5278 0
    endloop
  endfacet
  facet normal -0 0 1
    outer loop
      vertex 58.6506 14.4294 3
      vertex 64 4 3
      vertex 58.85 14.5278 3
    endloop
  endfacet
  facet normal -0.44253 -0.896754 -0
    outer loop
      vertex 58.6506 17.5706 0
      vertex 58.85 17.4722 0
      vertex 58.85 17.4722 3
    endloop
  endfacet
  facet normal -0.44253 -0.896754 0
    outer loop
      vertex 58.6506 17.5706 0
      vertex 58.85 17.4722 3
      vertex 58.6506 17.5706 3
    endloop
  endfacet
  facet normal 0 0 -1
    outer loop
      vertex 58.6506 17.5706 0
      vertex 64 28 0
      vertex 58.85 17.4722 0
    endloop
  endfacet
  facet normal 0 0 1
    outer loop
      vertex 58.6506 17.5706 3
      vertex 58.85 17.4722 3
      vertex 64 28 3
    endloop
  endfacet
  facet normal -0.555426 0.831566 0
    outer loop
      vertex 58.85 14.5278 0
      vertex 58.85 14.5278 3
      vertex 59.0349 14.6513 0
    endloop
  endfacet
  facet normal 0 0 -1
    outer loop
      vertex 58.85 14.5278 0
      vertex 59.0349 14.6513 0
      vertex 64 4 0
    endloop
  endfacet
  facet normal -0.555426 0.831566 0
    outer loop
      vertex 58.85 14.5278 3
      vertex 59.0349 14.6513 3
      vertex 59.0349 14.6513 0
    endloop
  endfacet
  facet normal -0 0 1
    outer loop
      vertex 58.85 14.5278 3
      vertex 64 4 3
      vertex 59.0349 14.6513 3
    endloop
  endfacet
  facet normal -0.555426 -0.831566 -0
    outer loop
      vertex 58.85 17.4722 0
      vertex 59.0349 17.3487 0
      vertex 59.0349 17.3487 3
    endloop
  endfacet
  facet normal -0.555426 -0.831566 0
    outer loop
      vertex 58.85 17.4722 0
      vertex 59.0349 17.3487 3
      vertex 58.85 17.4722 3
    endloop
  endfacet
  facet normal 0 0 -1
    outer loop
      vertex 58.85 17.4722 0
      vertex 64 28 0
      vertex 59.0349 17.3487 0
    endloop
  endfacet
  facet normal 0 0 1
    outer loop
      vertex 58.85 17.4722 3
      vertex 59.0349 17.3487 3
      vertex 64 28 3
    endloop
  endfacet
  facet normal -0.659268 0.751908 0
    outer loop
      vertex 59.0349 14.6513 0
      vertex 59.0349 14.6513 3
      vertex 59.2021 14.7979 0
    endloop
  endfacet
  facet normal 0 0 -1
    outer loop
      vertex 59.0349 14.6513 0
      vertex 59.2021 14.7979 0
      vertex 64 4 0
    endloop
  endfacet
  facet normal -0.659268 0.751908 0
    outer loop
      vertex 59.0349 14.6513 3
      vertex 59.2021 14.7979 3
      vertex 59.2021 14.7979 0
    endloop
  endfacet
  facet normal -0 0 1
    outer loop
      vertex 59.0349 14.6513 3
      vertex 64 4 3
      vertex 59.2021 14.7979 3
    endloop
  endfacet
  facet normal -0.659268 -0.751908 -0
    outer loop
      vertex 59.0349 17.3487 0
      vertex 59.2021 17.2021 0
      vertex 59.2021 17.2021 3
    endloop
  endfacet
  facet normal -0.659268 -0.751908 0
    outer loop
      vertex 59.0349 17.3487 0
      vertex 59.2021 17.2021 3
      vertex 59.0349 17.3487 3
    endloop
  endfacet
  facet normal 0 0 -1
    outer loop
      vertex 59.0349 17.3487 0
      vertex 64 28 0
      vertex 59.2021 17.2021 0
    endloop
  endfacet
  facet normal 0 0 1
    outer loop
      vertex 59.0349 17.3487 3
      vertex 59.2021 17.2021 3
      vertex 64 28 3
    endloop
  endfacet
  facet normal -0.751908 0.659268 0
    outer loop
      vertex 59.2021 14.7979 0
      vertex 59.2021 14.7979 3
      vertex 59.3487 14.9651 3
    endloop
  endfacet
  facet normal 0 0 -1
    outer loop
      vertex 59.2021 14.7979 0
      vertex 59.3487 14.9651 0
      vertex 64 4 0
    endloop
  endfacet
  facet normal -0.751908 0.659268 0
    outer loop
      vertex 59.2021 14.7979 0
      vertex 59.3487 14.9651 3
      vertex 59.3487 14.9651 0
    endloop
  endfacet
  facet normal -0 0 1
    outer loop
      vertex 59.2021 14.7979 3
      vertex 64 4 3
      vertex 59.3487 14.9651 3
    endloop
  endfacet
  facet normal -0.751908 -0.659268 0
    outer loop
      vertex 59.2021 17.2021 0
      vertex 59.3487 17.0349 0
      vertex 59.2021 17.2021 3
    endloop
  endfacet
  facet normal 0 0 -1
    outer loop
      vertex 59.2021 17.2021 0
      vertex 64 28 0
      vertex 59.3487 17.0349 0
    endloop
  endfacet
  facet normal -0.751908 -0.659268 0
    outer loop
      vertex 59.2021 17.2021 3
      vertex 59.3487 17.0349 0
      vertex 59.3487 17.0349 3
    endloop
  endfacet
  facet normal 0 0 1
    outer loop
      vertex 59.2021 17.2021 3
      vertex 59.3487 17.0349 3
      vertex 64 28 3
    endloop
  endfacet
  facet normal -0.831566 0.555426 0
    outer loop
      vertex 59.3487 14.9651 0
      vertex 59.3487 14.9651 3
      vertex 59.4722 15.15 3
    endloop
  endfacet
  facet normal 0 0 -1
    outer loop
      vertex 59.3487 14.9651 0
      vertex 59.4722 15.15 0
      vertex 64 4 0
    endloop
  endfacet
  facet normal -0.831566 0.555426 0
    outer loop
      vertex 59.3487 14.9651 0
      vertex 59.4722 15.15 3
      vertex 59.4722 15.15 0
    endloop
  endfacet
  facet normal -0 0 1
    outer loop
      vertex 59.3487 14.9651 3
      vertex 64 4 3
      vertex 59.4722 15.15 3
    endloop
  endfacet
  facet normal -0.831566 -0.555426 0
    outer loop
      vertex 59.3487 17.0349 0
      vertex 59.4722 16.85 0
      vertex 59.3487 17.0349 3
    endloop
  endfacet
  facet normal 0 0 -1
    outer loop
      vertex 59.3487 17.0349 0
      vertex 64 28 0
      vertex 59.4722 16.85 0
    endloop
  endfacet
  facet normal -0.831566 -0.555426 0
    outer loop
      vertex 59.3487 17.0349 3
      vertex 59.4722 16.85 0
      vertex 59.4722 16.85 3
    endloop
  endfacet
  facet normal 0 0 1
    outer loop
      vertex 59.3487 17.0349 3
      vertex 59.4722 16.85 3
      vertex 64 28 3
    endloop
  endfacet
  facet normal -0.896754 0.44253 0
    outer loop
      vertex 59.4722 15.15 0
      vertex 59.4722 15.15 3
      vertex 59.5706 15.3494 3
    endloop
  endfacet
  facet normal 0 0 -1
    outer loop
      vertex 59.4722 15.15 0
      vertex 59.5706 15.3494 0
      vertex 64 4 0
    endloop
  endfacet
  facet normal -0.896754 0.44253 0
    outer loop
      vertex 59.4722 15.15 0
      vertex 59.5706 15.3494 3
      vertex 59.5706 15.3494 0
    endloop
  endfacet
  facet normal -0 0 1
    outer loop
      vertex 59.4722 15.15 3
      vertex 64 4 3
      vertex 59.5706 15.3494 3
    endloop
  endfacet
  facet normal -0.896754 -0.44253 0
    outer loop
      vertex 59.4722 16.85 0
      vertex 59.5706 16.6506 0
      vertex 59.4722 16.85 3
    endloop
  endfacet
  facet normal 0 0 -1
    outer loop
      vertex 59.4722 16.85 0
      vertex 64 28 0
      vertex 59.5706 16.6506 0
    endloop
  endfacet
  facet normal -0.896754 -0.44253 0
    outer loop
      vertex 59.4722 16.85 3
      vertex 59.5706 16.6506 0
      vertex 59.5706 16.6506 3
    endloop
  endfacet
  facet normal 0 0 1
    outer loop
      vertex 59.4722 16.85 3
      vertex 59.5706 16.6506 3
      vertex 64 28 3
    endloop
  endfacet
  facet normal -0.946915 0.321484 0
    outer loop
      vertex 59.5706 15.3494 0
      vertex 59.5706 15.3494 3
      vertex 59.6421 15.56 3
    endloop
  endfacet
  facet normal 0 0 -1
    outer loop
      vertex 59.5706 15.3494 0
      vertex 59.6421 15.56 0
      vertex 64 4 0
    endloop
  endfacet
  facet normal -0.946915 0.321484 0
    outer loop
      vertex 59.5706 15.3494 0
      vertex 59.6421 15.56 3
      vertex 59.6421 15.56 0
    endloop
  endfacet
  facet normal -0 0 1
    outer loop
      vertex 59.5706 15.3494 3
      vertex 64 4 3
      vertex 59.6421 15.56 3
    endloop
  endfacet
  facet normal -0.946915 -0.321484 0
    outer loop
      vertex 59.5706 16.6506 0
      vertex 59.6421 16.44 0
      vertex 59.5706 16.6506 3
    endloop
  endfacet
  facet normal 0 0 -1
    outer loop
      vertex 59.5706 16.6506 0
      vertex 64 28 0
      vertex 59.6421 16.44 0
    endloop
  endfacet
  facet normal -0.946915 -0.321484 0
    outer loop
      vertex 59.5706 16.6506 3
      vertex 59.6421 16.44 0
      vertex 59.6421 16.44 3
    endloop
  endfacet
  facet normal 0 0 1
    outer loop
      vertex 59.5706 16.6506 3
      vertex 59.6421 16.44 3
      vertex 64 28 3
    endloop
  endfacet
  facet normal -0.98077 0.195165 0
    outer loop
      vertex 59.6421 15.56 0
      vertex 59.6421 15.56 3
      vertex 59.6855 15.7781 3
    endloop
  endfacet
  facet normal 0 0 -1
    outer loop
      vertex 59.6421 15.56 0
      vertex 59.6855 15.7781 0
      vertex 64 4 0
    endloop
  endfacet
  facet normal -0.98077 0.195165 0
    outer loop
      vertex 59.6421 15.56 0
      vertex 59.6855 15.7781 3
      vertex 59.6855 15.7781 0
    endloop
  endfacet
  facet normal -0 0 1
    outer loop
      vertex 59.6421 15.56 3
      vertex 64 4 3
      vertex 59.6855 15.7781 3
    endloop
  endfacet
  facet normal -0.98077 -0.195165 0
    outer loop
      vertex 59.6421 16.44 0
      vertex 59.6855 16.2219 0
      vertex 59.6421 16.44 3
    endloop
  endfacet
  facet normal 0 0 -1
    outer loop
      vertex 59.6421 16.44 0
      vertex 64 28 0
      vertex 59.6855 16.2219 0
    endloop
  endfacet
  facet normal -0.98077 -0.195165 0
    outer loop
      vertex 59.6421 16.44 3
      vertex 59.6855 16.2219 0
      vertex 59.6855 16.2219 3
    endloop
  endfacet
  facet normal 0 0 1
    outer loop
      vertex 59.6421 16.44 3
      vertex 59.6855 16.2219 3
      vertex 64 28 3
    endloop
  endfacet
  facet normal -0.997872 0.0652057 0
    outer loop
      vertex 59.6855 15.7781 0
      vertex 59.6855 15.7781 3
      vertex 59.7 16 3
    endloop
  endfacet
  facet normal 0 0 -1
    outer loop
      vertex 59.6855 15.7781 0
      vertex 59.7 16 0
      vertex 64 4 0
    endloop
  endfacet
  facet normal -0.997872 0.0652057 0
    outer loop
      vertex 59.6855 15.7781 0
      vertex 59.7 16 3
      vertex 59.7 16 0
    endloop
  endfacet
  facet normal -0 0 1
    outer loop
      vertex 59.6855 15.7781 3
      vertex 64 4 3
      vertex 59.7 16 3
    endloop
  endfacet
  facet normal -0.997872 -0.0652057 0
    outer loop
      vertex 59.6855 16.2219 0
      vertex 59.7 16 0
      vertex 59.6855 16.2219 3
    endloop
  endfacet
  facet normal 0 0 -1
    outer loop
      vertex 59.6855 16.2219 0
      vertex 64 28 0
      vertex 59.7 16 0
    endloop
  endfacet
  facet normal -0.997872 -0.0652057 0
    outer loop
      vertex 59.6855 16.2219 3
      vertex 59.7 16 0
      vertex 59.7 16 3
    endloop
  endfacet
  facet normal 0 0 1
    outer loop
      vertex 59.6855 16.2219 3
      vertex 59.7 16 3
      vertex 64 28 3
    endloop
  endfacet
  facet normal 0 0 -1
    outer loop
      vertex 59.7 16 0
      vertex 64 28 0
      vertex 64 4 0
    endloop
  endfacet
  facet normal 0 0 1
    outer loop
      vertex 59.7 16 3
      vertex 64 4 3
      vertex 64 28 3
    endloop
  endfacet
  facet normal 0.0654021 -0.997859 0
    outer loop
      vertex 60 0 0
      vertex 60.5221 0.0342197 0
      vertex 60.5221 0.0342197 3
    endloop
  endfacet
  facet normal 0.0654021 -0.997859 0
    outer loop
      vertex 60 0 0
      vertex 60.5221 0.0342197 3
      vertex 60 0 3
    endloop
  endfacet
  facet normal 0 0 -1
    outer loop
      vertex 60 0 0
      vertex 61.0353 0.136296 0
      vertex 60.5221 0.0342197 0
    endloop
  endfacet
  facet normal 0 0 -1
    outer loop
      vertex 60 0 0
      vertex 61.5307 0.304482 0
      vertex 61.0353 0.136296 0
    endloop
  endfacet
  facet normal 0 0 -1
    outer loop
      vertex 60 0 0
      vertex 62 0.535898 0
      vertex 61.5307 0.304482 0
    endloop
  endfacet
  facet normal 0 0 -1
    outer loop
      vertex 60 0 0
      vertex 62.435 0.826586 0
      vertex 62 0.535898 0
    endloop
  endfacet
  facet normal 0 0 -1
    outer loop
      vertex 60 0 0
      vertex 62.8284 1.17157 0
      vertex 62.435 0.826586 0
    endloop
  endfacet
  facet normal 0 0 -1
    outer loop
      vertex 60 0 0
      vertex 63.1734 1.56495 0
      vertex 62.8284 1.17157 0
    endloop
  endfacet
  facet normal 0 0 -1
    outer loop
      vertex 60 0 0
      vertex 63.4641 2 0
      vertex 63.1734 1.56495 0
    endloop
  endfacet
  facet normal 0 0 -1
    outer loop
      vertex 60 0 0
      vertex 63.6955 2.46927 0
      vertex 63.4641 2 0
    endloop
  endfacet
  facet normal 0 0 -1
    outer loop
      vertex 60 0 0
      vertex 63.8637 2.96472 0
      vertex 63.6955 2.46927 0
    endloop
  endfacet
  facet normal 0 0 -1
    outer loop
      vertex 60 0 0
      vertex 63.9658 3.47789 0
      vertex 63.8637 2.96472 0
    endloop
  endfacet
  facet normal 0 0 -1
    outer loop
      vertex 60 0 0
      vertex 64 4 0
      vertex 63.9658 3.47789 0
    endloop
  endfacet
  facet normal 0 0 1
    outer loop
      vertex 60 0 3
      vertex 60.5221 0.0342197 3
      vertex 61.0353 0.136296 3
    endloop
  endfacet
  facet normal 0 0 1
    outer loop
      vertex 60 0 3
      vertex 61.0353 0.136296 3
      vertex 61.5307 0.304482 3
    endloop
  endfacet
  facet normal 0 0 1
    outer loop
      vertex 60 0 3
      vertex 61.5307 0.304482 3
      vertex 62 0.535898 3
    endloop
  endfacet
  facet normal 0 0 1
    outer loop
      vertex 60 0 3
      vertex 62 0.535898 3
      vertex 62.435 0.826586 3
    endloop
  endfacet
  facet normal 0 0 1
    outer loop
      vertex 60 0 3
      vertex 62.435 0.826586 3
      vertex 62.8284 1.17157 3
    endloop
  endfacet
  facet normal 0 0 1
    outer loop
      vertex 60 0 3
      vertex 62.8284 1.17157 3
      vertex 63.1734 1.56495 3
    endloop
  endfacet
  facet normal 0 0 1
    outer loop
      vertex 60 0 3
      vertex 63.1734 1.56495 3
      vertex 63.4641 2 3
    endloop
  endfacet
  facet normal 0 0 1
    outer loop
      vertex 60 0 3
      vertex 63.4641 2 3
      vertex 63.6955 2.46927 3
    endloop
  endfacet
  facet normal 0 0 1
    outer loop
      vertex 60 0 3
      vertex 63.6955 2.46927 3
      vertex 63.8637 2.96472 3
    endloop
  endfacet
  facet normal 0 0 1
    outer loop
      vertex 60 0 3
      vertex 63.8637 2.96472 3
      vertex 63.9658 3.47789 3
    endloop
  endfacet
  facet normal 0 0 1
    outer loop
      vertex 60 0 3
      vertex 63.9658 3.47789 3
      vertex 64 4 3
    endloop
  endfacet
  facet normal 0.0653646 0.997861 0
    outer loop
      vertex 60 32 0
      vertex 60 32 3
      vertex 60.5221 31.9658 0
    endloop
  endfacet
  facet normal 0 0 -1
    outer loop
      vertex 60 32 0
      vertex 60.5221 31.9658 0
      vertex 61.0353 31.8637 0
    endloop
  endfacet
  facet normal 0 0 -1
    outer loop
      vertex 60 32 0
      vertex 61.0353 31.8637 0
      vertex 61.5307 31.6955 0
    endloop
  endfacet
  facet normal 0 0 -1
    outer loop
      vertex 60 32 0
      vertex 61.5307 31.6955 0
      vertex 62 31.4641 0
    endloop
  endfacet
  facet normal 0 0 -1
    outer loop
      vertex 60 32 0
      vertex 62 31.4641 0
      vertex 62.435 31.1734 0
    endloop
  endfacet
  facet normal 0 0 -1
    outer loop
      vertex 60 32 0
      vertex 62.435 31.1734 0
      vertex 62.8284 30.8284 0
    endloop
  endfacet
  facet normal 0 0 -1
    outer loop
      vertex 60 32 0
      vertex 62.8284 30.8284 0
      vertex 63.1734 30.435 0
    endloop
  endfacet
  facet normal 0 0 -1
    outer loop
      vertex 60 32 0
      vertex 63.1734 30.435 0
      vertex 63.4641 30 0
    endloop
  endfacet
  facet normal 0 0 -1
    outer loop
      vertex 60 32 0
      vertex 63.4641 30 0
      vertex 63.6955 29.5307 0
    endloop
  endfacet
  facet normal 0 0 -1
    outer loop
      vertex 60 32 0
      vertex 63.6955 29.5307 0
      vertex 63.8637 29.0353 0
    endloop
  endfacet
  facet normal 0 0 -1
    outer loop
      vertex 60 32 0
      vertex 63.8637 29.0353 0
      vertex 63.9658 28.5221 0
    endloop
  endfacet
  facet normal 0 0 -1
    outer loop
      vertex 60 32 0
      vertex 63.9658 28.5221 0
      vertex 64 28 0
    endloop
  endfacet
  facet normal 0.0653646 0.997861 -0
    outer loop
      vertex 60 32 3
      vertex 60.5221 31.9658 3
      vertex 60.5221 31.9658 0
    endloop
  endfacet
  facet normal 0 0 1
    outer loop
      vertex 60 32 3
      vertex 61.0353 31.8637 3
      vertex 60.5221 31.9658 3
    endloop
  endfacet
  facet normal 0 0 1
    outer loop
      vertex 60 32 3
      vertex 61.5307 31.6955 3
      vertex 61.0353 31.8637 3
    endloop
  endfacet
  facet normal 0 0 1
    outer loop
      vertex 60 32 3
      vertex 62 31.4641 3
      vertex 61.5307 31.6955 3
    endloop
  endfacet
  facet normal 0 0 1
    outer loop
      vertex 60 32 3
      vertex 62.435 31.1734 3
      vertex 62 31.4641 3
    endloop
  endfacet
  facet normal 0 0 1
    outer loop
      vertex 60 32 3
      vertex 62.8284 30.8284 3
      vertex 62.435 31.1734 3
    endloop
  endfacet
  facet normal 0 0 1
    outer loop
      vertex 60 32 3
      vertex 63.1734 30.435 3
      vertex 62.8284 30.8284 3
    endloop
  endfacet
  facet normal 0 0 1
    outer loop
      vertex 60 32 3
      vertex 63.4641 30 3
      vertex 63.1734 30.435 3
    endloop
  endfacet
  facet normal 0 0 1
    outer loop
      vertex 60 32 3
      vertex 63.6955 29.5307 3
      vertex 63.4641 30 3
    endloop
  endfacet
  facet normal 0 0 1
    outer loop
      vertex 60 32 3
      vertex 63.8637 29.0353 3
      vertex 63.6955 29.5307 3
    endloop
  endfacet
  facet normal 0 0 1
    outer loop
      vertex 60 32 3
      vertex 63.9658 28.5221 3
      vertex 63.8637 29.0353 3
    endloop
  endfacet
  facet normal 0 0 1
    outer loop
      vertex 60 32 3
      vertex 64 28 3
      vertex 63.9658 28.5221 3
    endloop
  endfacet
  facet normal 0.19508 -0.980787 0
    outer loop
      vertex 60.5221 0.0342197 0
      vertex 61.0353 0.136296 0
      vertex 61.0353 0.136296 3
    endloop
  endfacet
  facet normal 0.19508 -0.980787 0
    outer loop
      vertex 60.5221 0.0342197 0
      vertex 61.0353 0.136296 3
      vertex 60.5221 0.0342197 3
    endloop
  endfacet
  facet normal 0.195124 0.980779 0
    outer loop
      vertex 60.5221 31.9658 0
      vertex 60.5221 31.9658 3
      vertex 61.0353 31.8637 0
    endloop
  endfacet
  facet normal 0.195124 0.980779 -0
    outer loop
      vertex 60.5221 31.9658 3
      vertex 61.0353 31.8637 3
      vertex 61.0353 31.8637 0
    endloop
  endfacet
  facet normal 0.321474 -0.946918 0
    outer loop
      vertex 61.0353 0.136296 0
      vertex 61.5307 0.304482 0
      vertex 61.5307 0.304482 3
    endloop
  endfacet
  facet normal 0.321474 -0.946918 0
    outer loop
      vertex 61.0353 0.136296 0
      vertex 61.5307 0.304482 3
      vertex 61.0353 0.136296 3
    endloop
  endfacet
  facet normal 0.321498 0.94691 0
    outer loop
      vertex 61.0353 31.8637 0
      vertex 61.0353 31.8637 3
      vertex 61.5307 31.6955 0
    endloop
  endfacet
  facet normal 0.321498 0.94691 -0
    outer loop
      vertex 61.0353 31.8637 3
      vertex 61.5307 31.6955 3
      vertex 61.5307 31.6955 0
    endloop
  endfacet
  facet normal 0.442262 -0.896886 0
    outer loop
      vertex 61.5307 0.304482 0
      vertex 62 0.535898 0
      vertex 62 0.535898 3
    endloop
  endfacet
  facet normal 0.442262 -0.896886 0
    outer loop
      vertex 61.5307 0.304482 0
      vertex 62 0.535898 3
      vertex 61.5307 0.304482 3
    endloop
  endfacet
  facet normal 0.442238 0.896898 0
    outer loop
      vertex 61.5307 31.6955 0
      vertex 61.5307 31.6955 3
      vertex 62 31.4641 0
    endloop
  endfacet
  facet normal 0.442238 0.896898 -0
    outer loop
      vertex 61.5307 31.6955 3
      vertex 62 31.4641 3
      vertex 62 31.4641 0
    endloop
  endfacet
  facet normal 0.55561 -0.831443 0
    outer loop
      vertex 62 0.535898 0
      vertex 62.435 0.826586 0
      vertex 62.435 0.826586 3
    endloop
  endfacet
  facet normal 0.55561 -0.831443 0
    outer loop
      vertex 62 0.535898 0
      vertex 62.435 0.826586 3
      vertex 62 0.535898 3
    endloop
  endfacet
  facet normal 0.555626 0.831432 0
    outer loop
      vertex 62 31.4641 0
      vertex 62 31.4641 3
      vertex 62.435 31.1734 0
    endloop
  endfacet
  facet normal 0.555626 0.831432 -0
    outer loop
      vertex 62 31.4641 3
      vertex 62.435 31.1734 3
      vertex 62.435 31.1734 0
    endloop
  endfacet
  facet normal 0.659326 -0.751857 0
    outer loop
      vertex 62.435 0.826586 0
      vertex 62.8284 1.17157 0
      vertex 62.8284 1.17157 3
    endloop
  endfacet
  facet normal 0.659326 -0.751857 0
    outer loop
      vertex 62.435 0.826586 0
      vertex 62.8284 1.17157 3
      vertex 62.435 0.826586 3
    endloop
  endfacet
  facet normal 0.659343 0.751842 0
    outer loop
      vertex 62.435 31.1734 0
      vertex 62.435 31.1734 3
      vertex 62.8284 30.8284 0
    endloop
  endfacet
  facet normal 0.659343 0.751842 -0
    outer loop
      vertex 62.435 31.1734 3
      vertex 62.8284 30.8284 3
      vertex 62.8284 30.8284 0
    endloop
  endfacet
  facet normal 0.751826 -0.659362 0
    outer loop
      vertex 62.8284 1.17157 0
      vertex 63.1734 1.56495 0
      vertex 62.8284 1.17157 3
    endloop
  endfacet
  facet normal 0.751826 -0.659362 0
    outer loop
      vertex 62.8284 1.17157 3
      vertex 63.1734 1.56495 0
      vertex 63.1734 1.56495 3
    endloop
  endfacet
  facet normal 0.751842 0.659343 0
    outer loop
      vertex 62.8284 30.8284 0
      vertex 62.8284 30.8284 3
      vertex 63.1734 30.435 3
    endloop
  endfacet
  facet normal 0.751842 0.659343 0
    outer loop
      vertex 62.8284 30.8284 0
      vertex 63.1734 30.435 3
      vertex 63.1734 30.435 0
    endloop
  endfacet
  facet normal 0.831462 -0.555582 0
    outer loop
      vertex 63.1734 1.56495 0
      vertex 63.4641 2 0
      vertex 63.1734 1.56495 3
    endloop
  endfacet
  facet normal 0.831462 -0.555582 0
    outer loop
      vertex 63.1734 1.56495 3
      vertex 63.4641 2 0
      vertex 63.4641 2 3
    endloop
  endfacet
  facet normal 0.831432 0.555626 0
    outer loop
      vertex 63.1734 30.435 0
      vertex 63.1734 30.435 3
      vertex 63.4641 30 3
    endloop
  endfacet
  facet normal 0.831432 0.555626 0
    outer loop
      vertex 63.1734 30.435 0
      vertex 63.4641 30 3
      vertex 63.4641 30 0
    endloop
  endfacet
  facet normal 0.896887 -0.44226 0
    outer loop
      vertex 63.4641 2 0
      vertex 63.6955 2.46927 0
      vertex 63.4641 2 3
    endloop
  endfacet
  facet normal 0.896887 -0.44226 0
    outer loop
      vertex 63.4641 2 3
      vertex 63.6955 2.46927 0
      vertex 63.6955 2.46927 3
    endloop
  endfacet
  facet normal 0.896898 0.442238 0
    outer loop
      vertex 63.4641 30 0
      vertex 63.4641 30 3
      vertex 63.6955 29.5307 3
    endloop
  endfacet
  facet normal 0.896898 0.442238 0
    outer loop
      vertex 63.4641 30 0
      vertex 63.6955 29.5307 3
      vertex 63.6955 29.5307 0
    endloop
  endfacet
  facet normal 0.94692 -0.321469 0
    outer loop
      vertex 63.6955 2.46927 0
      vertex 63.8637 2.96472 0
      vertex 63.6955 2.46927 3
    endloop
  endfacet
  facet normal 0.94692 -0.321469 0
    outer loop
      vertex 63.6955 2.46927 3
      vertex 63.8637 2.96472 0
      vertex 63.8637 2.96472 3
    endloop
  endfacet
  facet normal 0.94691 0.321498 0
    outer loop
      vertex 63.6955 29.5307 0
      vertex 63.6955 29.5307 3
      vertex 63.8637 29.0353 3
    endloop
  endfacet
  facet normal 0.94691 0.321498 0
    outer loop
      vertex 63.6955 29.5307 0
      vertex 63.8637 29.0353 3
      vertex 63.8637 29.0353 0
    endloop
  endfacet
  facet normal 0.980776 -0.195135 0
    outer loop
      vertex 63.8637 2.96472 0
      vertex 63.9658 3.47789 0
      vertex 63.8637 2.96472 3
    endloop
  endfacet
  facet normal 0.980776 -0.195135 0
    outer loop
      vertex 63.8637 2.96472 3
      vertex 63.9658 3.47789 0
      vertex 63.9658 3.47789 3
    endloop
  endfacet
  facet normal 0.980779 0.195124 0
    outer loop
      vertex 63.8637 29.0353 0
      vertex 63.8637 29.0353 3
      vertex 63.9658 28.5221 3
    endloop
  endfacet
  facet normal 0.980779 0.195124 0
    outer loop
      vertex 63.8637 29.0353 0
      vertex 63.9658 28.5221 3
      vertex 63.9658 28.5221 0
    endloop
  endfacet
  facet normal 0.997862 -0.0653634 0
    outer loop
      vertex 63.9658 3.47789 0
      vertex 64 4 0
      vertex 63.9658 3.47789 3
    endloop
  endfacet
  facet normal 0.997862 -0.0653634 0
    outer loop
      vertex 63.9658 3.47789 3
      vertex 64 4 0
      vertex 64 4 3
    endloop
  endfacet
  facet normal 0.997861 0.0653646 0
    outer loop
      vertex 63.9658 28.5221 0
      vertex 63.9658 28.5221 3
      vertex 64 28 3
    endloop
  endfacet
  facet normal 0.997861 0.0653646 0
    outer loop
      vertex 63.9658 28.5221 0
      vertex 64 28 3
      vertex 64 28 0
    endloop
  endfacet
  facet normal 1 0 0
    outer loop
      vertex 64 4 0
      vertex 64 28 0
      vertex 64 4 3
    endloop
  endfacet
  facet normal 1 -0 0
    outer loop
      vertex 64 4 3
      vertex 64 28 0
      vertex 64 28 3
    endloop
  endfacet
endsolid OpenSCAD_Model
