solid flux
  facet normal -1.000000 0.000000 0.000000
    outer loop
      vertex 25.0000 14.0000 0.0000
      vertex 25.0000 14.0000 16.9315
      vertex 25.0000 66.1332 5.8502
    endloop
  endfacet
  facet normal -0.000000 0.000000 -1.000000
    outer loop
      vertex 25.0000 14.0000 0.0000
      vertex 25.0000 66.1332 0.0000
      vertex 78.8311 25.9189 0.0000
    endloop
  endfacet
  facet normal -1.000000 0.000000 0.000000
    outer loop
      vertex 25.0000 14.0000 0.0000
      vertex 25.0000 66.1332 5.8502
      vertex 25.0000 66.1332 0.0000
    endloop
  endfacet
  facet normal -0.999731 -0.023195 0.000000
    outer loop
      vertex 25.0000 14.0000 0.0000
      vertex 25.0086 13.6290 17.0103
      vertex 25.0000 14.0000 16.9315
    endloop
  endfacet
  facet normal -0.999699 -0.024541 -0.000029
    outer loop
      vertex 25.0000 14.0000 0.0000
      vertex 25.0096 13.6075 0.0000
      vertex 25.0086 13.6290 17.0103
    endloop
  endfacet
  facet normal 0.000000 0.000000 -1.000000
    outer loop
      vertex 25.0000 14.0000 0.0000
      vertex 25.3445 11.6777 0.0000
      vertex 25.0096 13.6075 0.0000
    endloop
  endfacet
  facet normal 0.000000 0.000000 -1.000000
    outer loop
      vertex 25.0000 14.0000 0.0000
      vertex 33.0000 6.0000 0.0000
      vertex 25.3445 11.6777 0.0000
    endloop
  endfacet
  facet normal 0.000000 0.000000 -1.000000
    outer loop
      vertex 25.0000 14.0000 0.0000
      vertex 78.2111 23.9278 0.0000
      vertex 33.0000 6.0000 0.0000
    endloop
  endfacet
  facet normal 0.000000 0.000000 -1.000000
    outer loop
      vertex 25.0000 14.0000 0.0000
      vertex 78.3030 24.3358 0.0000
      vertex 78.2111 23.9278 0.0000
    endloop
  endfacet
  facet normal 0.000000 0.000000 -1.000000
    outer loop
      vertex 25.0000 14.0000 0.0000
      vertex 78.4111 24.7395 0.0000
      vertex 78.3030 24.3358 0.0000
    endloop
  endfacet
  facet normal 0.000000 0.000000 -1.000000
    outer loop
      vertex 25.0000 14.0000 0.0000
      vertex 78.5353 25.1384 0.0000
      vertex 78.4111 24.7395 0.0000
    endloop
  endfacet
  facet normal 0.000000 0.000000 -1.000000
    outer loop
      vertex 25.0000 14.0000 0.0000
      vertex 78.6754 25.5318 0.0000
      vertex 78.5353 25.1384 0.0000
    endloop
  endfacet
  facet normal 0.000000 0.000000 -1.000000
    outer loop
      vertex 25.0000 14.0000 0.0000
      vertex 78.8311 25.9189 0.0000
      vertex 78.6754 25.5318 0.0000
    endloop
  endfacet
  facet normal -0.000000 0.207912 0.978148
    outer loop
      vertex 25.0000 14.0000 16.9315
      vertex 25.0086 13.6290 17.0103
      vertex 33.0000 6.0000 18.6319
    endloop
  endfacet
  facet normal -0.000000 0.207912 0.978148
    outer loop
      vertex 25.0000 14.0000 16.9315
      vertex 33.0000 6.0000 18.6319
      vertex 84.6674 25.6017 14.4655
    endloop
  endfacet
  facet normal -0.000000 0.207912 0.978148
    outer loop
      vertex 25.0000 14.0000 16.9315
      vertex 84.6674 25.6017 14.4655
      vertex 84.7051 25.7634 14.4311
    endloop
  endfacet
  facet normal 0.000000 0.207912 0.978148
    outer loop
      vertex 25.0000 14.0000 16.9315
      vertex 84.7051 25.7634 14.4311
      vertex 84.7511 25.9230 14.3972
    endloop
  endfacet
  facet normal 0.000000 0.207912 0.978148
    outer loop
      vertex 25.0000 14.0000 16.9315
      vertex 84.7511 25.9230 14.3972
      vertex 84.8050 26.0802 14.3637
    endloop
  endfacet
  facet normal -0.000000 0.207912 0.978148
    outer loop
      vertex 25.0000 14.0000 16.9315
      vertex 84.8050 26.0802 14.3637
      vertex 84.8670 26.2346 14.3309
    endloop
  endfacet
  facet normal 0.000000 0.207912 0.978148
    outer loop
      vertex 25.0000 14.0000 16.9315
      vertex 84.8670 26.2346 14.3309
      vertex 25.0000 66.1332 5.8502
    endloop
  endfacet
  facet normal -0.999731 0.023195 0.000000
    outer loop
      vertex 25.0000 66.1332 0.0000
      vertex 25.0000 66.1332 5.8502
      vertex 25.0086 66.5042 5.7714
    endloop
  endfacet
  facet normal -0.999699 0.024541 -0.000087
    outer loop
      vertex 25.0000 66.1332 0.0000
      vertex 25.0086 66.5042 5.7714
      vertex 25.0096 66.5257 0.0000
    endloop
  endfacet
  facet normal 0.000000 0.000000 -1.000000
    outer loop
      vertex 25.0000 66.1332 0.0000
      vertex 25.0096 66.5257 0.0000
      vertex 25.1537 67.6939 0.0000
    endloop
  endfacet
  facet normal 0.000000 0.000000 -1.000000
    outer loop
      vertex 25.0000 66.1332 0.0000
      vertex 25.1537 67.6939 0.0000
      vertex 25.3445 68.4555 0.0000
    endloop
  endfacet
  facet normal 0.000000 0.000000 -1.000000
    outer loop
      vertex 25.0000 66.1332 0.0000
      vertex 25.3445 68.4555 0.0000
      vertex 25.7681 69.5536 0.0000
    endloop
  endfacet
  facet normal 0.000000 0.000000 -1.000000
    outer loop
      vertex 25.0000 66.1332 0.0000
      vertex 25.7681 69.5536 0.0000
      vertex 26.3482 70.5777 0.0000
    endloop
  endfacet
  facet normal 0.000000 0.000000 -1.000000
    outer loop
      vertex 25.0000 66.1332 0.0000
      vertex 26.3482 70.5777 0.0000
      vertex 27.6275 72.0608 0.0000
    endloop
  endfacet
  facet normal 0.000000 0.000000 -1.000000
    outer loop
      vertex 25.0000 66.1332 0.0000
      vertex 27.6275 72.0608 0.0000
      vertex 28.5554 72.7849 0.0000
    endloop
  endfacet
  facet normal 0.000000 0.000000 -1.000000
    outer loop
      vertex 25.0000 66.1332 0.0000
      vertex 28.5554 72.7849 0.0000
      vertex 29.9385 73.5242 0.0000
    endloop
  endfacet
  facet normal 0.000000 0.000000 -1.000000
    outer loop
      vertex 25.0000 66.1332 0.0000
      vertex 29.9385 73.5242 0.0000
      vertex 31.4393 73.9795 0.0000
    endloop
  endfacet
  facet normal 0.000000 0.000000 -1.000000
    outer loop
      vertex 25.0000 66.1332 0.0000
      vertex 31.4393 73.9795 0.0000
      vertex 33.0000 74.1332 0.0000
    endloop
  endfacet
  facet normal 0.000000 0.000000 -1.000000
    outer loop
      vertex 25.0000 66.1332 0.0000
      vertex 33.0000 74.1332 0.0000
      vertex 79.8342 27.7396 0.0000
    endloop
  endfacet
  facet normal -0.000000 0.000000 -1.000000
    outer loop
      vertex 25.0000 66.1332 0.0000
      vertex 79.0022 26.2992 0.0000
      vertex 78.8311 25.9189 0.0000
    endloop
  endfacet
  facet normal -0.000000 0.000000 -1.000000
    outer loop
      vertex 25.0000 66.1332 0.0000
      vertex 79.1884 26.6721 0.0000
      vertex 79.0022 26.2992 0.0000
    endloop
  endfacet
  facet normal -0.000000 0.000000 -1.000000
    outer loop
      vertex 25.0000 66.1332 0.0000
      vertex 79.3894 27.0368 0.0000
      vertex 79.1884 26.6721 0.0000
    endloop
  endfacet
  facet normal -0.000000 0.000000 -1.000000
    outer loop
      vertex 25.0000 66.1332 0.0000
      vertex 79.6047 27.3929 0.0000
      vertex 79.3894 27.0368 0.0000
    endloop
  endfacet
  facet normal -0.000000 0.000000 -1.000000
    outer loop
      vertex 25.0000 66.1332 0.0000
      vertex 79.8342 27.7396 0.0000
      vertex 79.6047 27.3929 0.0000
    endloop
  endfacet
  facet normal -0.000000 0.207912 0.978148
    outer loop
      vertex 25.0000 66.1332 5.8502
      vertex 33.0000 74.1332 4.1498
      vertex 25.0086 66.5042 5.7714
    endloop
  endfacet
  facet normal -0.000000 0.207912 0.978148
    outer loop
      vertex 25.0000 66.1332 5.8502
      vertex 84.8670 26.2346 14.3309
      vertex 84.9367 26.3857 14.2988
    endloop
  endfacet
  facet normal 0.000000 0.207912 0.978148
    outer loop
      vertex 25.0000 66.1332 5.8502
      vertex 84.9367 26.3857 14.2988
      vertex 85.0140 26.5333 14.2674
    endloop
  endfacet
  facet normal -0.000000 0.207912 0.978148
    outer loop
      vertex 25.0000 66.1332 5.8502
      vertex 85.0140 26.5333 14.2674
      vertex 85.0988 26.6769 14.2369
    endloop
  endfacet
  facet normal 0.000000 0.207912 0.978148
    outer loop
      vertex 25.0000 66.1332 5.8502
      vertex 85.0988 26.6769 14.2369
      vertex 33.0000 74.1332 4.1498
    endloop
  endfacet
  facet normal -0.997580 -0.069528 0.000028
    outer loop
      vertex 25.0086 13.6290 17.0103
      vertex 25.0096 13.6075 0.0000
      vertex 25.0344 13.2588 17.0890
    endloop
  endfacet
  facet normal 0.000000 0.207912 0.978148
    outer loop
      vertex 25.0086 13.6290 17.0103
      vertex 25.0344 13.2588 17.0890
      vertex 33.0000 6.0000 18.6319
    endloop
  endfacet
  facet normal -0.997578 0.069551 0.000082
    outer loop
      vertex 25.0086 66.5042 5.7714
      vertex 25.0344 66.8744 5.6927
      vertex 25.0096 66.5257 0.0000
    endloop
  endfacet
  facet normal 0.000000 0.207912 0.978148
    outer loop
      vertex 25.0086 66.5042 5.7714
      vertex 33.0000 74.1332 4.1498
      vertex 25.0344 66.8744 5.6927
    endloop
  endfacet
  facet normal -0.997290 -0.073565 -0.000055
    outer loop
      vertex 25.0096 13.6075 0.0000
      vertex 25.0385 13.2159 0.0000
      vertex 25.0344 13.2588 17.0890
    endloop
  endfacet
  facet normal 0.000000 0.000000 -1.000000
    outer loop
      vertex 25.0096 13.6075 0.0000
      vertex 25.0866 12.8262 0.0000
      vertex 25.0385 13.2159 0.0000
    endloop
  endfacet
  facet normal 0.000000 0.000000 -1.000000
    outer loop
      vertex 25.0096 13.6075 0.0000
      vertex 25.1537 12.4393 0.0000
      vertex 25.0866 12.8262 0.0000
    endloop
  endfacet
  facet normal 0.000000 0.000000 -1.000000
    outer loop
      vertex 25.0096 13.6075 0.0000
      vertex 25.2397 12.0562 0.0000
      vertex 25.1537 12.4393 0.0000
    endloop
  endfacet
  facet normal 0.000000 0.000000 -1.000000
    outer loop
      vertex 25.0096 13.6075 0.0000
      vertex 25.3445 11.6777 0.0000
      vertex 25.2397 12.0562 0.0000
    endloop
  endfacet
  facet normal -0.997290 0.073565 -0.000165
    outer loop
      vertex 25.0096 66.5257 0.0000
      vertex 25.0344 66.8744 5.6927
      vertex 25.0385 66.9173 0.0000
    endloop
  endfacet
  facet normal 0.000000 0.000000 -1.000000
    outer loop
      vertex 25.0096 66.5257 0.0000
      vertex 25.0385 66.9173 0.0000
      vertex 25.1537 67.6939 0.0000
    endloop
  endfacet
  facet normal -0.993283 -0.115713 0.000052
    outer loop
      vertex 25.0344 13.2588 17.0890
      vertex 25.0385 13.2159 0.0000
      vertex 25.0774 12.8901 17.1674
    endloop
  endfacet
  facet normal 0.000000 0.207912 0.978148
    outer loop
      vertex 25.0344 13.2588 17.0890
      vertex 25.0774 12.8901 17.1674
      vertex 33.0000 6.0000 18.6319
    endloop
  endfacet
  facet normal -0.993278 0.115757 0.000155
    outer loop
      vertex 25.0344 66.8744 5.6927
      vertex 25.0774 67.2430 5.6143
      vertex 25.0385 66.9173 0.0000
    endloop
  endfacet
  facet normal 0.000000 0.207912 0.978148
    outer loop
      vertex 25.0344 66.8744 5.6927
      vertex 33.0000 74.1332 4.1498
      vertex 25.0774 67.2430 5.6143
    endloop
  endfacet
  facet normal -0.992480 -0.122411 -0.000077
    outer loop
      vertex 25.0385 13.2159 0.0000
      vertex 25.0866 12.8262 0.0000
      vertex 25.0774 12.8901 17.1674
    endloop
  endfacet
  facet normal -0.992480 0.122411 -0.000236
    outer loop
      vertex 25.0385 66.9173 0.0000
      vertex 25.0774 67.2430 5.6143
      vertex 25.0866 67.3070 0.0000
    endloop
  endfacet
  facet normal 0.000000 0.000000 -1.000000
    outer loop
      vertex 25.0385 66.9173 0.0000
      vertex 25.0866 67.3070 0.0000
      vertex 25.1537 67.6939 0.0000
    endloop
  endfacet
  facet normal -0.986848 -0.161650 0.000072
    outer loop
      vertex 25.0774 12.8901 17.1674
      vertex 25.0866 12.8262 0.0000
      vertex 25.1374 12.5239 17.2452
    endloop
  endfacet
  facet normal -0.000000 0.207912 0.978148
    outer loop
      vertex 25.0774 12.8901 17.1674
      vertex 25.1374 12.5239 17.2452
      vertex 33.0000 6.0000 18.6319
    endloop
  endfacet
  facet normal -0.986838 0.161711 0.000221
    outer loop
      vertex 25.0774 67.2430 5.6143
      vertex 25.1374 67.6093 5.5365
      vertex 25.0866 67.3070 0.0000
    endloop
  endfacet
  facet normal 0.000000 0.207912 0.978148
    outer loop
      vertex 25.0774 67.2430 5.6143
      vertex 33.0000 74.1332 4.1498
      vertex 25.1374 67.6093 5.5365
    endloop
  endfacet
  facet normal -0.985278 -0.170962 -0.000096
    outer loop
      vertex 25.0866 12.8262 0.0000
      vertex 25.1537 12.4393 0.0000
      vertex 25.1374 12.5239 17.2452
    endloop
  endfacet
  facet normal -0.985278 0.170962 -0.000298
    outer loop
      vertex 25.0866 67.3070 0.0000
      vertex 25.1374 67.6093 5.5365
      vertex 25.1537 67.6939 0.0000
    endloop
  endfacet
  facet normal -0.978290 -0.207240 0.000089
    outer loop
      vertex 25.1374 12.5239 17.2452
      vertex 25.1537 12.4393 0.0000
      vertex 25.2143 12.1609 17.3224
    endloop
  endfacet
  facet normal 0.000000 0.207912 0.978148
    outer loop
      vertex 25.1374 12.5239 17.2452
      vertex 25.2143 12.1609 17.3224
      vertex 33.0000 6.0000 18.6319
    endloop
  endfacet
  facet normal -0.978274 0.207314 0.000278
    outer loop
      vertex 25.1374 67.6093 5.5365
      vertex 25.2143 67.9723 5.4593
      vertex 25.1537 67.6939 0.0000
    endloop
  endfacet
  facet normal 0.000000 0.207912 0.978148
    outer loop
      vertex 25.1374 67.6093 5.5365
      vertex 33.0000 74.1332 4.1498
      vertex 25.2143 67.9723 5.4593
    endloop
  endfacet
  facet normal -0.975702 -0.219101 -0.000111
    outer loop
      vertex 25.1537 12.4393 0.0000
      vertex 25.2397 12.0562 0.0000
      vertex 25.2143 12.1609 17.3224
    endloop
  endfacet
  facet normal -0.975702 0.219101 -0.000351
    outer loop
      vertex 25.1537 67.6939 0.0000
      vertex 25.2143 67.9723 5.4593
      vertex 25.2397 68.0770 0.0000
    endloop
  endfacet
  facet normal 0.000000 0.000000 -1.000000
    outer loop
      vertex 25.1537 67.6939 0.0000
      vertex 25.2397 68.0770 0.0000
      vertex 25.3445 68.4555 0.0000
    endloop
  endfacet
  facet normal -0.967627 -0.252384 0.000102
    outer loop
      vertex 25.2143 12.1609 17.3224
      vertex 25.2397 12.0562 0.0000
      vertex 25.3079 11.8018 17.3987
    endloop
  endfacet
  facet normal -0.000000 0.207912 0.978148
    outer loop
      vertex 25.2143 12.1609 17.3224
      vertex 25.3079 11.8018 17.3987
      vertex 33.0000 6.0000 18.6319
    endloop
  endfacet
  facet normal -0.967605 0.252470 0.000326
    outer loop
      vertex 25.2143 67.9723 5.4593
      vertex 25.3079 68.3314 5.3830
      vertex 25.2397 68.0770 0.0000
    endloop
  endfacet
  facet normal 0.000000 0.207912 0.978148
    outer loop
      vertex 25.2143 67.9723 5.4593
      vertex 33.0000 74.1332 4.1498
      vertex 25.3079 68.3314 5.3830
    endloop
  endfacet
  facet normal -0.963776 -0.266713 -0.000122
    outer loop
      vertex 25.2397 12.0562 0.0000
      vertex 25.3445 11.6777 0.0000
      vertex 25.3079 11.8018 17.3987
    endloop
  endfacet
  facet normal -0.963776 0.266713 -0.000395
    outer loop
      vertex 25.2397 68.0770 0.0000
      vertex 25.3079 68.3314 5.3830
      vertex 25.3445 68.4555 0.0000
    endloop
  endfacet
  facet normal -0.954882 -0.296987 0.000112
    outer loop
      vertex 25.3079 11.8018 17.3987
      vertex 25.3445 11.6777 0.0000
      vertex 25.4182 11.4474 17.4741
    endloop
  endfacet
  facet normal -0.000000 0.207912 0.978148
    outer loop
      vertex 25.3079 11.8018 17.3987
      vertex 25.4182 11.4474 17.4741
      vertex 33.0000 6.0000 18.6319
    endloop
  endfacet
  facet normal -0.954853 0.297079 0.000365
    outer loop
      vertex 25.3079 68.3314 5.3830
      vertex 25.4182 68.6858 5.3077
      vertex 25.3445 68.4555 0.0000
    endloop
  endfacet
  facet normal 0.000000 0.207912 0.978148
    outer loop
      vertex 25.3079 68.3314 5.3830
      vertex 33.0000 74.1332 4.1498
      vertex 25.4182 68.6858 5.3077
    endloop
  endfacet
  facet normal -0.949528 -0.313682 -0.000130
    outer loop
      vertex 25.3445 11.6777 0.0000
      vertex 25.4676 11.3049 0.0000
      vertex 25.4182 11.4474 17.4741
    endloop
  endfacet
  facet normal 0.000000 0.000000 -1.000000
    outer loop
      vertex 25.3445 11.6777 0.0000
      vertex 25.6090 10.9385 0.0000
      vertex 25.4676 11.3049 0.0000
    endloop
  endfacet
  facet normal 0.000000 0.000000 -1.000000
    outer loop
      vertex 25.3445 11.6777 0.0000
      vertex 25.7681 10.5796 0.0000
      vertex 25.6090 10.9385 0.0000
    endloop
  endfacet
  facet normal 0.000000 0.000000 -1.000000
    outer loop
      vertex 25.3445 11.6777 0.0000
      vertex 26.1382 9.8872 0.0000
      vertex 25.7681 10.5796 0.0000
    endloop
  endfacet
  facet normal 0.000000 0.000000 -1.000000
    outer loop
      vertex 25.3445 11.6777 0.0000
      vertex 26.8159 8.9249 0.0000
      vertex 26.1382 9.8872 0.0000
    endloop
  endfacet
  facet normal 0.000000 0.000000 -1.000000
    outer loop
      vertex 25.3445 11.6777 0.0000
      vertex 33.0000 6.0000 0.0000
      vertex 26.8159 8.9249 0.0000
    endloop
  endfacet
  facet normal -0.949528 0.313682 -0.000430
    outer loop
      vertex 25.3445 68.4555 0.0000
      vertex 25.4182 68.6858 5.3077
      vertex 25.4676 68.8283 0.0000
    endloop
  endfacet
  facet normal 0.000000 0.000000 -1.000000
    outer loop
      vertex 25.3445 68.4555 0.0000
      vertex 25.4676 68.8283 0.0000
      vertex 25.7681 69.5536 0.0000
    endloop
  endfacet
  facet normal -0.940081 -0.340951 0.000119
    outer loop
      vertex 25.4182 11.4474 17.4741
      vertex 25.4676 11.3049 0.0000
      vertex 25.5447 11.0985 17.5482
    endloop
  endfacet
  facet normal -0.000000 0.207912 0.978148
    outer loop
      vertex 25.4182 11.4474 17.4741
      vertex 25.5447 11.0985 17.5482
      vertex 33.0000 6.0000 18.6319
    endloop
  endfacet
  facet normal -0.940046 0.341047 0.000394
    outer loop
      vertex 25.4182 68.6858 5.3077
      vertex 25.5447 69.0347 5.2335
      vertex 25.4676 68.8283 0.0000
    endloop
  endfacet
  facet normal 0.000000 0.207912 0.978148
    outer loop
      vertex 25.4182 68.6858 5.3077
      vertex 33.0000 74.1332 4.1498
      vertex 25.5447 69.0347 5.2335
    endloop
  endfacet
  facet normal -0.932993 -0.359895 -0.000135
    outer loop
      vertex 25.4676 11.3049 0.0000
      vertex 25.6090 10.9385 0.0000
      vertex 25.5447 11.0985 17.5482
    endloop
  endfacet
  facet normal -0.932993 0.359895 -0.000454
    outer loop
      vertex 25.4676 68.8283 0.0000
      vertex 25.5447 69.0347 5.2335
      vertex 25.6090 69.1947 0.0000
    endloop
  endfacet
  facet normal 0.000000 0.000000 -1.000000
    outer loop
      vertex 25.4676 68.8283 0.0000
      vertex 25.6090 69.1947 0.0000
      vertex 25.7681 69.5536 0.0000
    endloop
  endfacet
  facet normal -0.923257 -0.384182 0.000122
    outer loop
      vertex 25.5447 11.0985 17.5482
      vertex 25.6090 10.9385 0.0000
      vertex 25.6873 10.7559 17.6210
    endloop
  endfacet
  facet normal 0.000000 0.207912 0.978148
    outer loop
      vertex 25.5447 11.0985 17.5482
      vertex 25.6873 10.7559 17.6210
      vertex 33.0000 6.0000 18.6319
    endloop
  endfacet
  facet normal -0.923217 0.384278 0.000412
    outer loop
      vertex 25.5447 69.0347 5.2335
      vertex 25.6873 69.3773 5.1607
      vertex 25.6090 69.1947 0.0000
    endloop
  endfacet
  facet normal -0.000000 0.207912 0.978148
    outer loop
      vertex 25.5447 69.0347 5.2335
      vertex 33.0000 74.1332 4.1498
      vertex 25.6873 69.3773 5.1607
    endloop
  endfacet
  facet normal -0.914210 -0.405241 -0.000137
    outer loop
      vertex 25.6090 10.9385 0.0000
      vertex 25.7681 10.5796 0.0000
      vertex 25.6873 10.7559 17.6210
    endloop
  endfacet
  facet normal -0.914210 0.405241 -0.000467
    outer loop
      vertex 25.6090 69.1947 0.0000
      vertex 25.6873 69.3773 5.1607
      vertex 25.7681 69.5536 0.0000
    endloop
  endfacet
  facet normal -0.904447 -0.426587 0.000122
    outer loop
      vertex 25.6873 10.7559 17.6210
      vertex 25.7681 10.5796 0.0000
      vertex 25.8456 10.4202 17.6924
    endloop
  endfacet
  facet normal -0.000000 0.207912 0.978148
    outer loop
      vertex 25.6873 10.7559 17.6210
      vertex 25.8456 10.4202 17.6924
      vertex 33.0000 6.0000 18.6319
    endloop
  endfacet
  facet normal -0.904402 0.426681 0.000419
    outer loop
      vertex 25.6873 69.3773 5.1607
      vertex 25.8456 69.7130 5.0893
      vertex 25.7681 69.5536 0.0000
    endloop
  endfacet
  facet normal 0.000000 0.207912 0.978148
    outer loop
      vertex 25.6873 69.3773 5.1607
      vertex 33.0000 74.1332 4.1498
      vertex 25.8456 69.7130 5.0893
    endloop
  endfacet
  facet normal -0.893224 -0.449611 -0.000135
    outer loop
      vertex 25.7681 10.5796 0.0000
      vertex 25.9446 10.2288 0.0000
      vertex 25.8456 10.4202 17.6924
    endloop
  endfacet
  facet normal 0.000000 0.000000 -1.000000
    outer loop
      vertex 25.7681 10.5796 0.0000
      vertex 26.1382 9.8872 0.0000
      vertex 25.9446 10.2288 0.0000
    endloop
  endfacet
  facet normal -0.893224 0.449611 -0.000469
    outer loop
      vertex 25.7681 69.5536 0.0000
      vertex 25.8456 69.7130 5.0893
      vertex 25.9446 69.9044 0.0000
    endloop
  endfacet
  facet normal 0.000000 0.000000 -1.000000
    outer loop
      vertex 25.7681 69.5536 0.0000
      vertex 25.9446 69.9044 0.0000
      vertex 26.1382 70.2460 0.0000
    endloop
  endfacet
  facet normal 0.000000 0.000000 -1.000000
    outer loop
      vertex 25.7681 69.5536 0.0000
      vertex 26.1382 70.2460 0.0000
      vertex 26.3482 70.5777 0.0000
    endloop
  endfacet
  facet normal -0.883689 -0.468074 0.000118
    outer loop
      vertex 25.8456 10.4202 17.6924
      vertex 25.9446 10.2288 0.0000
      vertex 26.0193 10.0923 17.7621
    endloop
  endfacet
  facet normal 0.000000 0.207912 0.978148
    outer loop
      vertex 25.8456 10.4202 17.6924
      vertex 26.0193 10.0923 17.7621
      vertex 33.0000 6.0000 18.6319
    endloop
  endfacet
  facet normal -0.883642 0.468163 0.000415
    outer loop
      vertex 25.8456 69.7130 5.0893
      vertex 26.0193 70.0409 5.0196
      vertex 25.9446 69.9044 0.0000
    endloop
  endfacet
  facet normal -0.000000 0.207912 0.978148
    outer loop
      vertex 25.8456 69.7130 5.0893
      vertex 33.0000 74.1332 4.1498
      vertex 26.0193 70.0409 5.0196
    endloop
  endfacet
  facet normal -0.870087 -0.492898 -0.000130
    outer loop
      vertex 25.9446 10.2288 0.0000
      vertex 26.1382 9.8872 0.0000
      vertex 26.0193 10.0923 17.7621
    endloop
  endfacet
  facet normal -0.870087 0.492898 -0.000459
    outer loop
      vertex 25.9446 69.9044 0.0000
      vertex 26.0193 70.0409 5.0196
      vertex 26.1382 70.2460 0.0000
    endloop
  endfacet
  facet normal -0.861030 -0.508555 0.000112
    outer loop
      vertex 26.0193 10.0923 17.7621
      vertex 26.1382 9.8872 0.0000
      vertex 26.2081 9.7727 17.8300
    endloop
  endfacet
  facet normal 0.000000 0.207912 0.978148
    outer loop
      vertex 26.0193 10.0923 17.7621
      vertex 26.2081 9.7727 17.8300
      vertex 33.0000 6.0000 18.6319
    endloop
  endfacet
  facet normal -0.860982 0.508635 0.000399
    outer loop
      vertex 26.0193 70.0409 5.0196
      vertex 26.2081 70.3604 4.9517
      vertex 26.1382 70.2460 0.0000
    endloop
  endfacet
  facet normal 0.000000 0.207912 0.978148
    outer loop
      vertex 26.0193 70.0409 5.0196
      vertex 33.0000 74.1332 4.1498
      vertex 26.2081 70.3604 4.9517
    endloop
  endfacet
  facet normal -0.844854 -0.534998 -0.000122
    outer loop
      vertex 26.1382 9.8872 0.0000
      vertex 26.3482 9.5554 0.0000
      vertex 26.2081 9.7727 17.8300
    endloop
  endfacet
  facet normal 0.000000 0.000000 -1.000000
    outer loop
      vertex 26.1382 9.8872 0.0000
      vertex 26.5743 9.2344 0.0000
      vertex 26.3482 9.5554 0.0000
    endloop
  endfacet
  facet normal 0.000000 0.000000 -1.000000
    outer loop
      vertex 26.1382 9.8872 0.0000
      vertex 26.8159 8.9249 0.0000
      vertex 26.5743 9.2344 0.0000
    endloop
  endfacet
  facet normal -0.844853 0.534998 -0.000438
    outer loop
      vertex 26.1382 70.2460 0.0000
      vertex 26.2081 70.3604 4.9517
      vertex 26.3482 70.5777 0.0000
    endloop
  endfacet
  facet normal -0.836517 -0.547942 0.000102
    outer loop
      vertex 26.2081 9.7727 17.8300
      vertex 26.3482 9.5554 0.0000
      vertex 26.4114 9.4623 17.8960
    endloop
  endfacet
  facet normal -0.000000 0.207912 0.978148
    outer loop
      vertex 26.2081 9.7727 17.8300
      vertex 26.4114 9.4623 17.8960
      vertex 33.0000 6.0000 18.6319
    endloop
  endfacet
  facet normal -0.836471 0.548012 0.000371
    outer loop
      vertex 26.2081 70.3604 4.9517
      vertex 26.4114 70.6709 4.8857
      vertex 26.3482 70.5777 0.0000
    endloop
  endfacet
  facet normal -0.000000 0.207912 0.978148
    outer loop
      vertex 26.2081 70.3604 4.9517
      vertex 33.0000 74.1332 4.1498
      vertex 26.4114 70.6709 4.8857
    endloop
  endfacet
  facet normal -0.817585 -0.575808 -0.000110
    outer loop
      vertex 26.3482 9.5554 0.0000
      vertex 26.5743 9.2344 0.0000
      vertex 26.4114 9.4623 17.8960
    endloop
  endfacet
  facet normal -0.817585 0.575808 -0.000403
    outer loop
      vertex 26.3482 70.5777 0.0000
      vertex 26.4114 70.6709 4.8857
      vertex 26.5743 70.8988 0.0000
    endloop
  endfacet
  facet normal 0.000000 0.000000 -1.000000
    outer loop
      vertex 26.3482 70.5777 0.0000
      vertex 26.5743 70.8988 0.0000
      vertex 26.8159 71.2083 0.0000
    endloop
  endfacet
  facet normal 0.000000 0.000000 -1.000000
    outer loop
      vertex 26.3482 70.5777 0.0000
      vertex 26.8159 71.2083 0.0000
      vertex 27.0724 71.5057 0.0000
    endloop
  endfacet
  facet normal 0.000000 0.000000 -1.000000
    outer loop
      vertex 26.3482 70.5777 0.0000
      vertex 27.0724 71.5057 0.0000
      vertex 27.6275 72.0608 0.0000
    endloop
  endfacet
  facet normal -0.810203 -0.586149 0.000089
    outer loop
      vertex 26.4114 9.4623 17.8960
      vertex 26.5743 9.2344 0.0000
      vertex 26.6290 9.1616 17.9599
    endloop
  endfacet
  facet normal -0.000000 0.207912 0.978148
    outer loop
      vertex 26.4114 9.4623 17.8960
      vertex 26.6290 9.1616 17.9599
      vertex 33.0000 6.0000 18.6319
    endloop
  endfacet
  facet normal -0.810161 0.586208 0.000329
    outer loop
      vertex 26.4114 70.6709 4.8857
      vertex 26.6290 70.9716 4.8218
      vertex 26.5743 70.8988 0.0000
    endloop
  endfacet
  facet normal 0.000000 0.207912 0.978148
    outer loop
      vertex 26.4114 70.6709 4.8857
      vertex 33.0000 74.1332 4.1498
      vertex 26.6290 70.9716 4.8218
    endloop
  endfacet
  facet normal -0.788346 -0.615232 -0.000096
    outer loop
      vertex 26.5743 9.2344 0.0000
      vertex 26.8159 8.9249 0.0000
      vertex 26.6290 9.1616 17.9599
    endloop
  endfacet
  facet normal -0.788346 0.615232 -0.000356
    outer loop
      vertex 26.5743 70.8988 0.0000
      vertex 26.6290 70.9716 4.8218
      vertex 26.8159 71.2083 0.0000
    endloop
  endfacet
  facet normal -0.782146 -0.623096 0.000073
    outer loop
      vertex 26.6290 9.1616 17.9599
      vertex 26.8159 8.9249 0.0000
      vertex 26.8602 8.8714 18.0216
    endloop
  endfacet
  facet normal -0.000000 0.207912 0.978148
    outer loop
      vertex 26.6290 9.1616 17.9599
      vertex 26.8602 8.8714 18.0216
      vertex 33.0000 6.0000 18.6319
    endloop
  endfacet
  facet normal -0.782110 0.623141 0.000274
    outer loop
      vertex 26.6290 70.9716 4.8218
      vertex 26.8602 71.2618 4.7601
      vertex 26.8159 71.2083 0.0000
    endloop
  endfacet
  facet normal -0.000000 0.207912 0.978148
    outer loop
      vertex 26.6290 70.9716 4.8218
      vertex 33.0000 74.1332 4.1498
      vertex 26.8602 71.2618 4.7601
    endloop
  endfacet
  facet normal -0.757209 -0.653173 -0.000078
    outer loop
      vertex 26.8159 8.9249 0.0000
      vertex 27.0724 8.6275 0.0000
      vertex 26.8602 8.8714 18.0216
    endloop
  endfacet
  facet normal 0.000000 0.000000 -1.000000
    outer loop
      vertex 26.8159 8.9249 0.0000
      vertex 28.2344 7.5743 0.0000
      vertex 27.0724 8.6275 0.0000
    endloop
  endfacet
  facet normal 0.000000 0.000000 -1.000000
    outer loop
      vertex 26.8159 8.9249 0.0000
      vertex 33.0000 6.0000 0.0000
      vertex 28.2344 7.5743 0.0000
    endloop
  endfacet
  facet normal -0.757209 0.653173 -0.000295
    outer loop
      vertex 26.8159 71.2083 0.0000
      vertex 26.8602 71.2618 4.7601
      vertex 27.0724 71.5057 0.0000
    endloop
  endfacet
  facet normal -0.752404 -0.658702 0.000054
    outer loop
      vertex 26.8602 8.8714 18.0216
      vertex 27.0724 8.6275 0.0000
      vertex 27.1047 8.5921 18.0810
    endloop
  endfacet
  facet normal 0.000000 0.207912 0.978148
    outer loop
      vertex 26.8602 8.8714 18.0216
      vertex 27.1047 8.5921 18.0810
      vertex 33.0000 6.0000 18.6319
    endloop
  endfacet
  facet normal -0.752377 0.658733 0.000205
    outer loop
      vertex 26.8602 71.2618 4.7601
      vertex 27.1047 71.5410 4.7008
      vertex 27.0724 71.5057 0.0000
    endloop
  endfacet
  facet normal 0.000000 0.207912 0.978148
    outer loop
      vertex 26.8602 71.2618 4.7601
      vertex 33.0000 74.1332 4.1498
      vertex 27.1047 71.5410 4.7008
    endloop
  endfacet
  facet normal -0.724247 -0.689541 -0.000057
    outer loop
      vertex 27.0724 8.6275 0.0000
      vertex 27.3431 8.3431 0.0000
      vertex 27.1047 8.5921 18.0810
    endloop
  endfacet
  facet normal 0.000000 0.000000 -1.000000
    outer loop
      vertex 27.0724 8.6275 0.0000
      vertex 28.2344 7.5743 0.0000
      vertex 27.3431 8.3431 0.0000
    endloop
  endfacet
  facet normal -0.724247 0.689541 -0.000220
    outer loop
      vertex 27.0724 71.5057 0.0000
      vertex 27.1047 71.5410 4.7008
      vertex 27.3431 71.7900 0.0000
    endloop
  endfacet
  facet normal 0.000000 0.000000 -1.000000
    outer loop
      vertex 27.0724 71.5057 0.0000
      vertex 27.3431 71.7900 0.0000
      vertex 27.6275 72.0608 0.0000
    endloop
  endfacet
  facet normal -0.721044 -0.692890 0.000031
    outer loop
      vertex 27.1047 8.5921 18.0810
      vertex 27.3431 8.3431 0.0000
      vertex 27.3618 8.3246 18.1378
    endloop
  endfacet
  facet normal -0.000000 0.207912 0.978148
    outer loop
      vertex 27.1047 8.5921 18.0810
      vertex 27.3618 8.3246 18.1378
      vertex 33.0000 6.0000 18.6319
    endloop
  endfacet
  facet normal -0.721027 0.692907 0.000122
    outer loop
      vertex 27.1047 71.5410 4.7008
      vertex 27.3618 71.8086 4.6439
      vertex 27.3431 71.7900 0.0000
    endloop
  endfacet
  facet normal -0.000000 0.207912 0.978148
    outer loop
      vertex 27.1047 71.5410 4.7008
      vertex 33.0000 74.1332 4.1498
      vertex 27.3618 71.8086 4.6439
    endloop
  endfacet
  facet normal -0.689541 -0.724247 -0.000033
    outer loop
      vertex 27.3431 8.3431 0.0000
      vertex 27.6275 8.0724 0.0000
      vertex 27.3618 8.3246 18.1378
    endloop
  endfacet
  facet normal 0.000000 0.000000 -1.000000
    outer loop
      vertex 27.3431 8.3431 0.0000
      vertex 28.2344 7.5743 0.0000
      vertex 27.6275 8.0724 0.0000
    endloop
  endfacet
  facet normal -0.689541 0.724247 -0.000130
    outer loop
      vertex 27.3431 71.7900 0.0000
      vertex 27.3618 71.8086 4.6439
      vertex 27.6275 72.0608 0.0000
    endloop
  endfacet
  facet normal -0.688131 -0.725587 0.000006
    outer loop
      vertex 27.3618 8.3246 18.1378
      vertex 27.6275 8.0724 0.0000
      vertex 27.6311 8.0692 18.1921
    endloop
  endfacet
  facet normal 0.000000 0.207912 0.978148
    outer loop
      vertex 27.3618 8.3246 18.1378
      vertex 27.6311 8.0692 18.1921
      vertex 33.0000 6.0000 18.6319
    endloop
  endfacet
  facet normal -0.688128 0.725590 0.000024
    outer loop
      vertex 27.3618 71.8086 4.6439
      vertex 27.6311 72.0640 4.5896
      vertex 27.6275 72.0608 0.0000
    endloop
  endfacet
  facet normal -0.000000 0.207912 0.978148
    outer loop
      vertex 27.3618 71.8086 4.6439
      vertex 33.0000 74.1332 4.1498
      vertex 27.6311 72.0640 4.5896
    endloop
  endfacet
  facet normal -0.653739 -0.756720 -0.000006
    outer loop
      vertex 27.6275 8.0724 0.0000
      vertex 27.9119 7.8266 18.2437
      vertex 27.6311 8.0692 18.1921
    endloop
  endfacet
  facet normal -0.653173 -0.757209 -0.000022
    outer loop
      vertex 27.6275 8.0724 0.0000
      vertex 27.9249 7.8159 0.0000
      vertex 27.9119 7.8266 18.2437
    endloop
  endfacet
  facet normal 0.000000 0.000000 -1.000000
    outer loop
      vertex 27.6275 8.0724 0.0000
      vertex 28.2344 7.5743 0.0000
      vertex 27.9249 7.8159 0.0000
    endloop
  endfacet
  facet normal -0.653742 0.756718 -0.000025
    outer loop
      vertex 27.6275 72.0608 0.0000
      vertex 27.6311 72.0640 4.5896
      vertex 27.9119 72.3066 4.5380
    endloop
  endfacet
  facet normal -0.653173 0.757209 -0.000087
    outer loop
      vertex 27.6275 72.0608 0.0000
      vertex 27.9119 72.3066 4.5380
      vertex 27.9249 72.3173 0.0000
    endloop
  endfacet
  facet normal 0.000000 0.000000 -1.000000
    outer loop
      vertex 27.6275 72.0608 0.0000
      vertex 27.9249 72.3173 0.0000
      vertex 28.5554 72.7849 0.0000
    endloop
  endfacet
  facet normal -0.000000 0.207912 0.978148
    outer loop
      vertex 27.6311 8.0692 18.1921
      vertex 27.9119 7.8266 18.2437
      vertex 33.0000 6.0000 18.6319
    endloop
  endfacet
  facet normal -0.000000 0.207912 0.978148
    outer loop
      vertex 27.6311 72.0640 4.5896
      vertex 33.0000 74.1332 4.1498
      vertex 27.9119 72.3066 4.5380
    endloop
  endfacet
  facet normal -0.617944 -0.786222 0.000020
    outer loop
      vertex 27.9119 7.8266 18.2437
      vertex 27.9249 7.8159 0.0000
      vertex 28.2037 7.5972 18.2924
    endloop
  endfacet
  facet normal -0.000000 0.207912 0.978148
    outer loop
      vertex 27.9119 7.8266 18.2437
      vertex 28.2037 7.5972 18.2924
      vertex 33.0000 6.0000 18.6319
    endloop
  endfacet
  facet normal -0.617933 0.786231 0.000082
    outer loop
      vertex 27.9119 72.3066 4.5380
      vertex 28.2037 72.5359 4.4893
      vertex 27.9249 72.3173 0.0000
    endloop
  endfacet
  facet normal 0.000000 0.207912 0.978148
    outer loop
      vertex 27.9119 72.3066 4.5380
      vertex 33.0000 74.1332 4.1498
      vertex 28.2037 72.5359 4.4893
    endloop
  endfacet
  facet normal -0.615232 -0.788346 -0.000046
    outer loop
      vertex 27.9249 7.8159 0.0000
      vertex 28.2344 7.5743 0.0000
      vertex 28.2037 7.5972 18.2924
    endloop
  endfacet
  facet normal -0.615232 0.788346 -0.000189
    outer loop
      vertex 27.9249 72.3173 0.0000
      vertex 28.2037 72.5359 4.4893
      vertex 28.2344 72.5588 0.0000
    endloop
  endfacet
  facet normal 0.000000 0.000000 -1.000000
    outer loop
      vertex 27.9249 72.3173 0.0000
      vertex 28.2344 72.5588 0.0000
      vertex 28.5554 72.7849 0.0000
    endloop
  endfacet
  facet normal -0.580818 -0.814033 0.000044
    outer loop
      vertex 28.2037 7.5972 18.2924
      vertex 28.2344 7.5743 0.0000
      vertex 28.5058 7.3817 18.3382
    endloop
  endfacet
  facet normal -0.000000 0.207912 0.978148
    outer loop
      vertex 28.2037 7.5972 18.2924
      vertex 28.5058 7.3817 18.3382
      vertex 33.0000 6.0000 18.6319
    endloop
  endfacet
  facet normal -0.580796 0.814049 0.000178
    outer loop
      vertex 28.2037 72.5359 4.4893
      vertex 28.5058 72.7515 4.4435
      vertex 28.2344 72.5588 0.0000
    endloop
  endfacet
  facet normal 0.000000 0.207912 0.978148
    outer loop
      vertex 28.2037 72.5359 4.4893
      vertex 33.0000 74.1332 4.1498
      vertex 28.5058 72.7515 4.4435
    endloop
  endfacet
  facet normal -0.575808 -0.817585 -0.000068
    outer loop
      vertex 28.2344 7.5743 0.0000
      vertex 28.5554 7.3482 0.0000
      vertex 28.5058 7.3817 18.3382
    endloop
  endfacet
  facet normal 0.000000 0.000000 -1.000000
    outer loop
      vertex 28.2344 7.5743 0.0000
      vertex 31.4393 6.1537 0.0000
      vertex 28.5554 7.3482 0.0000
    endloop
  endfacet
  facet normal 0.000000 0.000000 -1.000000
    outer loop
      vertex 28.2344 7.5743 0.0000
      vertex 33.0000 6.0000 0.0000
      vertex 31.4393 6.1537 0.0000
    endloop
  endfacet
  facet normal -0.575808 0.817585 -0.000280
    outer loop
      vertex 28.2344 72.5588 0.0000
      vertex 28.5058 72.7515 4.4435
      vertex 28.5554 72.7849 0.0000
    endloop
  endfacet
  facet normal -0.542443 -0.840093 0.000063
    outer loop
      vertex 28.5058 7.3817 18.3382
      vertex 28.5554 7.3482 0.0000
      vertex 28.8176 7.1804 18.3810
    endloop
  endfacet
  facet normal 0.000000 0.207912 0.978148
    outer loop
      vertex 28.5058 7.3817 18.3382
      vertex 28.8176 7.1804 18.3810
      vertex 33.0000 6.0000 18.6319
    endloop
  endfacet
  facet normal -0.542411 0.840113 0.000262
    outer loop
      vertex 28.5058 72.7515 4.4435
      vertex 28.8176 72.9528 4.4007
      vertex 28.5554 72.7849 0.0000
    endloop
  endfacet
  facet normal 0.000000 0.207912 0.978148
    outer loop
      vertex 28.5058 72.7515 4.4435
      vertex 33.0000 74.1332 4.1498
      vertex 28.8176 72.9528 4.4007
    endloop
  endfacet
  facet normal -0.534998 -0.844854 -0.000086
    outer loop
      vertex 28.5554 7.3482 0.0000
      vertex 28.8872 7.1382 0.0000
      vertex 28.8176 7.1804 18.3810
    endloop
  endfacet
  facet normal 0.000000 0.000000 -1.000000
    outer loop
      vertex 28.5554 7.3482 0.0000
      vertex 29.9385 6.6090 0.0000
      vertex 28.8872 7.1382 0.0000
    endloop
  endfacet
  facet normal 0.000000 0.000000 -1.000000
    outer loop
      vertex 28.5554 7.3482 0.0000
      vertex 30.6777 6.3445 0.0000
      vertex 29.9385 6.6090 0.0000
    endloop
  endfacet
  facet normal 0.000000 0.000000 -1.000000
    outer loop
      vertex 28.5554 7.3482 0.0000
      vertex 31.0562 6.2397 0.0000
      vertex 30.6777 6.3445 0.0000
    endloop
  endfacet
  facet normal 0.000000 0.000000 -1.000000
    outer loop
      vertex 28.5554 7.3482 0.0000
      vertex 31.4393 6.1537 0.0000
      vertex 31.0562 6.2397 0.0000
    endloop
  endfacet
  facet normal -0.534998 0.844854 -0.000360
    outer loop
      vertex 28.5554 72.7849 0.0000
      vertex 28.8176 72.9528 4.4007
      vertex 28.8872 72.9950 0.0000
    endloop
  endfacet
  facet normal 0.000000 0.000000 -1.000000
    outer loop
      vertex 28.5554 72.7849 0.0000
      vertex 28.8872 72.9950 0.0000
      vertex 29.9385 73.5242 0.0000
    endloop
  endfacet
  facet normal -0.502899 -0.864345 0.000080
    outer loop
      vertex 28.8176 7.1804 18.3810
      vertex 28.8872 7.1382 0.0000
      vertex 29.1383 6.9937 18.4207
    endloop
  endfacet
  facet normal -0.000000 0.207912 0.978148
    outer loop
      vertex 28.8176 7.1804 18.3810
      vertex 29.1383 6.9937 18.4207
      vertex 33.0000 6.0000 18.6319
    endloop
  endfacet
  facet normal -0.502861 0.864367 0.000336
    outer loop
      vertex 28.8176 72.9528 4.4007
      vertex 29.1383 73.1394 4.3610
      vertex 28.8872 72.9950 0.0000
    endloop
  endfacet
  facet normal -0.000000 0.207912 0.978148
    outer loop
      vertex 28.8176 72.9528 4.4007
      vertex 33.0000 74.1332 4.1498
      vertex 29.1383 73.1394 4.3610
    endloop
  endfacet
  facet normal -0.492898 -0.870087 -0.000101
    outer loop
      vertex 28.8872 7.1382 0.0000
      vertex 29.2288 6.9446 0.0000
      vertex 29.1383 6.9937 18.4207
    endloop
  endfacet
  facet normal 0.000000 0.000000 -1.000000
    outer loop
      vertex 28.8872 7.1382 0.0000
      vertex 29.9385 6.6090 0.0000
      vertex 29.2288 6.9446 0.0000
    endloop
  endfacet
  facet normal -0.492898 0.870087 -0.000428
    outer loop
      vertex 28.8872 72.9950 0.0000
      vertex 29.1383 73.1394 4.3610
      vertex 29.2288 73.1886 0.0000
    endloop
  endfacet
  facet normal 0.000000 0.000000 -1.000000
    outer loop
      vertex 28.8872 72.9950 0.0000
      vertex 29.2288 73.1886 0.0000
      vertex 29.9385 73.5242 0.0000
    endloop
  endfacet
  facet normal -0.462273 -0.886738 0.000094
    outer loop
      vertex 29.1383 6.9937 18.4207
      vertex 29.2288 6.9446 0.0000
      vertex 29.4674 6.8222 18.4572
    endloop
  endfacet
  facet normal -0.000000 0.207912 0.978148
    outer loop
      vertex 29.1383 6.9937 18.4207
      vertex 29.4674 6.8222 18.4572
      vertex 33.0000 6.0000 18.6319
    endloop
  endfacet
  facet normal -0.462230 0.886760 0.000397
    outer loop
      vertex 29.1383 73.1394 4.3610
      vertex 29.4674 73.3110 4.3245
      vertex 29.2288 73.1886 0.0000
    endloop
  endfacet
  facet normal 0.000000 0.207912 0.978148
    outer loop
      vertex 29.1383 73.1394 4.3610
      vertex 33.0000 74.1332 4.1498
      vertex 29.4674 73.3110 4.3245
    endloop
  endfacet
  facet normal -0.449611 -0.893224 -0.000113
    outer loop
      vertex 29.2288 6.9446 0.0000
      vertex 29.5796 6.7681 0.0000
      vertex 29.4674 6.8222 18.4572
    endloop
  endfacet
  facet normal 0.000000 0.000000 -1.000000
    outer loop
      vertex 29.2288 6.9446 0.0000
      vertex 29.9385 6.6090 0.0000
      vertex 29.5796 6.7681 0.0000
    endloop
  endfacet
  facet normal -0.449611 0.893224 -0.000483
    outer loop
      vertex 29.2288 73.1886 0.0000
      vertex 29.4674 73.3110 4.3245
      vertex 29.5796 73.3651 0.0000
    endloop
  endfacet
  facet normal 0.000000 0.000000 -1.000000
    outer loop
      vertex 29.2288 73.1886 0.0000
      vertex 29.5796 73.3651 0.0000
      vertex 29.9385 73.5242 0.0000
    endloop
  endfacet
  facet normal -0.420651 -0.907222 0.000104
    outer loop
      vertex 29.4674 6.8222 18.4572
      vertex 29.5796 6.7681 0.0000
      vertex 29.8041 6.6661 18.4903
    endloop
  endfacet
  facet normal 0.000000 0.207912 0.978148
    outer loop
      vertex 29.4674 6.8222 18.4572
      vertex 29.8041 6.6661 18.4903
      vertex 33.0000 6.0000 18.6319
    endloop
  endfacet
  facet normal -0.420607 0.907243 0.000445
    outer loop
      vertex 29.4674 73.3110 4.3245
      vertex 29.8041 73.4671 4.2914
      vertex 29.5796 73.3651 0.0000
    endloop
  endfacet
  facet normal -0.000000 0.207912 0.978148
    outer loop
      vertex 29.4674 73.3110 4.3245
      vertex 33.0000 74.1332 4.1498
      vertex 29.8041 73.4671 4.2914
    endloop
  endfacet
  facet normal -0.405241 -0.914210 -0.000122
    outer loop
      vertex 29.5796 6.7681 0.0000
      vertex 29.9385 6.6090 0.0000
      vertex 29.8041 6.6661 18.4903
    endloop
  endfacet
  facet normal -0.405241 0.914210 -0.000525
    outer loop
      vertex 29.5796 73.3651 0.0000
      vertex 29.8041 73.4671 4.2914
      vertex 29.9385 73.5242 0.0000
    endloop
  endfacet
  facet normal -0.378124 -0.925755 0.000111
    outer loop
      vertex 29.8041 6.6661 18.4903
      vertex 29.9385 6.6090 0.0000
      vertex 30.1477 6.5258 18.5202
    endloop
  endfacet
  facet normal -0.000000 0.207912 0.978148
    outer loop
      vertex 29.8041 6.6661 18.4903
      vertex 30.1477 6.5258 18.5202
      vertex 33.0000 6.0000 18.6319
    endloop
  endfacet
  facet normal -0.378080 0.925773 0.000480
    outer loop
      vertex 29.8041 73.4671 4.2914
      vertex 30.1477 73.6074 4.2615
      vertex 29.9385 73.5242 0.0000
    endloop
  endfacet
  facet normal -0.000000 0.207912 0.978148
    outer loop
      vertex 29.8041 73.4671 4.2914
      vertex 33.0000 74.1332 4.1498
      vertex 30.1477 73.6074 4.2615
    endloop
  endfacet
  facet normal -0.359895 -0.932993 -0.000127
    outer loop
      vertex 29.9385 6.6090 0.0000
      vertex 30.3049 6.4676 0.0000
      vertex 30.1477 6.5258 18.5202
    endloop
  endfacet
  facet normal 0.000000 0.000000 -1.000000
    outer loop
      vertex 29.9385 6.6090 0.0000
      vertex 30.6777 6.3445 0.0000
      vertex 30.3049 6.4676 0.0000
    endloop
  endfacet
  facet normal -0.359895 0.932993 -0.000553
    outer loop
      vertex 29.9385 73.5242 0.0000
      vertex 30.1477 73.6074 4.2615
      vertex 30.3049 73.6655 0.0000
    endloop
  endfacet
  facet normal 0.000000 0.000000 -1.000000
    outer loop
      vertex 29.9385 73.5242 0.0000
      vertex 30.3049 73.6655 0.0000
      vertex 30.6777 73.7887 0.0000
    endloop
  endfacet
  facet normal 0.000000 0.000000 -1.000000
    outer loop
      vertex 29.9385 73.5242 0.0000
      vertex 30.6777 73.7887 0.0000
      vertex 31.4393 73.9795 0.0000
    endloop
  endfacet
  facet normal -0.334783 -0.942295 0.000115
    outer loop
      vertex 30.1477 6.5258 18.5202
      vertex 30.3049 6.4676 0.0000
      vertex 30.4974 6.4015 18.5466
    endloop
  endfacet
  facet normal -0.000000 0.207912 0.978148
    outer loop
      vertex 30.1477 6.5258 18.5202
      vertex 30.4974 6.4015 18.5466
      vertex 33.0000 6.0000 18.6319
    endloop
  endfacet
  facet normal -0.334742 0.942310 0.000502
    outer loop
      vertex 30.1477 73.6074 4.2615
      vertex 30.4974 73.7317 4.2351
      vertex 30.3049 73.6655 0.0000
    endloop
  endfacet
  facet normal 0.000000 0.207912 0.978148
    outer loop
      vertex 30.1477 73.6074 4.2615
      vertex 33.0000 74.1332 4.1498
      vertex 30.4974 73.7317 4.2351
    endloop
  endfacet
  facet normal -0.313682 -0.949528 -0.000130
    outer loop
      vertex 30.3049 6.4676 0.0000
      vertex 30.6777 6.3445 0.0000
      vertex 30.4974 6.4015 18.5466
    endloop
  endfacet
  facet normal -0.313682 0.949528 -0.000568
    outer loop
      vertex 30.3049 73.6655 0.0000
      vertex 30.4974 73.7317 4.2351
      vertex 30.6777 73.7887 0.0000
    endloop
  endfacet
  facet normal -0.290721 -0.956808 0.000116
    outer loop
      vertex 30.4974 6.4015 18.5466
      vertex 30.6777 6.3445 0.0000
      vertex 30.8525 6.2936 18.5695
    endloop
  endfacet
  facet normal -0.000000 0.207912 0.978148
    outer loop
      vertex 30.4974 6.4015 18.5466
      vertex 30.8525 6.2936 18.5695
      vertex 33.0000 6.0000 18.6319
    endloop
  endfacet
  facet normal -0.290684 0.956819 0.000509
    outer loop
      vertex 30.4974 73.7317 4.2351
      vertex 30.8525 73.8395 4.2122
      vertex 30.6777 73.7887 0.0000
    endloop
  endfacet
  facet normal 0.000000 0.207912 0.978148
    outer loop
      vertex 30.4974 73.7317 4.2351
      vertex 33.0000 74.1332 4.1498
      vertex 30.8525 73.8395 4.2122
    endloop
  endfacet
  facet normal -0.266713 -0.963776 -0.000129
    outer loop
      vertex 30.6777 6.3445 0.0000
      vertex 31.0562 6.2397 0.0000
      vertex 30.8525 6.2936 18.5695
    endloop
  endfacet
  facet normal -0.266713 0.963776 -0.000569
    outer loop
      vertex 30.6777 73.7887 0.0000
      vertex 30.8525 73.8395 4.2122
      vertex 31.0562 73.8934 0.0000
    endloop
  endfacet
  facet normal 0.000000 0.000000 -1.000000
    outer loop
      vertex 30.6777 73.7887 0.0000
      vertex 31.0562 73.8934 0.0000
      vertex 31.4393 73.9795 0.0000
    endloop
  endfacet
  facet normal -0.246033 -0.969261 0.000114
    outer loop
      vertex 30.8525 6.2936 18.5695
      vertex 31.0562 6.2397 0.0000
      vertex 31.2122 6.2023 18.5889
    endloop
  endfacet
  facet normal 0.000000 0.207912 0.978148
    outer loop
      vertex 30.8525 6.2936 18.5695
      vertex 31.2122 6.2023 18.5889
      vertex 33.0000 6.0000 18.6319
    endloop
  endfacet
  facet normal -0.246002 0.969269 0.000503
    outer loop
      vertex 30.8525 73.8395 4.2122
      vertex 31.2122 73.9309 4.1928
      vertex 31.0562 73.8934 0.0000
    endloop
  endfacet
  facet normal 0.000000 0.207912 0.978148
    outer loop
      vertex 30.8525 73.8395 4.2122
      vertex 33.0000 74.1332 4.1498
      vertex 31.2122 73.9309 4.1928
    endloop
  endfacet
  facet normal -0.219101 -0.975702 -0.000125
    outer loop
      vertex 31.0562 6.2397 0.0000
      vertex 31.4393 6.1537 0.0000
      vertex 31.2122 6.2023 18.5889
    endloop
  endfacet
  facet normal -0.219101 0.975702 -0.000555
    outer loop
      vertex 31.0562 73.8934 0.0000
      vertex 31.2122 73.9309 4.1928
      vertex 31.4393 73.9795 0.0000
    endloop
  endfacet
  facet normal -0.200816 -0.979629 0.000108
    outer loop
      vertex 31.2122 6.2023 18.5889
      vertex 31.4393 6.1537 0.0000
      vertex 31.5757 6.1278 18.6048
    endloop
  endfacet
  facet normal -0.000000 0.207912 0.978148
    outer loop
      vertex 31.2122 6.2023 18.5889
      vertex 31.5757 6.1278 18.6048
      vertex 33.0000 6.0000 18.6319
    endloop
  endfacet
  facet normal -0.200791 0.979634 0.000482
    outer loop
      vertex 31.2122 73.9309 4.1928
      vertex 31.5757 74.0054 4.1769
      vertex 31.4393 73.9795 0.0000
    endloop
  endfacet
  facet normal 0.000000 0.207912 0.978148
    outer loop
      vertex 31.2122 73.9309 4.1928
      vertex 33.0000 74.1332 4.1498
      vertex 31.5757 74.0054 4.1769
    endloop
  endfacet
  facet normal -0.170962 -0.985278 -0.000118
    outer loop
      vertex 31.4393 6.1537 0.0000
      vertex 31.8262 6.0866 0.0000
      vertex 31.5757 6.1278 18.6048
    endloop
  endfacet
  facet normal 0.000000 0.000000 -1.000000
    outer loop
      vertex 31.4393 6.1537 0.0000
      vertex 33.0000 6.0000 0.0000
      vertex 31.8262 6.0866 0.0000
    endloop
  endfacet
  facet normal -0.170962 0.985278 -0.000527
    outer loop
      vertex 31.4393 73.9795 0.0000
      vertex 31.5757 74.0054 4.1769
      vertex 31.8262 74.0466 0.0000
    endloop
  endfacet
  facet normal 0.000000 0.000000 -1.000000
    outer loop
      vertex 31.4393 73.9795 0.0000
      vertex 31.8262 74.0466 0.0000
      vertex 32.2159 74.0947 0.0000
    endloop
  endfacet
  facet normal 0.000000 0.000000 -1.000000
    outer loop
      vertex 31.4393 73.9795 0.0000
      vertex 32.2159 74.0947 0.0000
      vertex 32.6075 74.1235 0.0000
    endloop
  endfacet
  facet normal 0.000000 0.000000 -1.000000
    outer loop
      vertex 31.4393 73.9795 0.0000
      vertex 32.6075 74.1235 0.0000
      vertex 33.0000 74.1332 0.0000
    endloop
  endfacet
  facet normal -0.155166 -0.987888 0.000100
    outer loop
      vertex 31.5757 6.1278 18.6048
      vertex 31.8262 6.0866 0.0000
      vertex 31.9423 6.0702 18.6170
    endloop
  endfacet
  facet normal -0.000000 0.207912 0.978148
    outer loop
      vertex 31.5757 6.1278 18.6048
      vertex 31.9423 6.0702 18.6170
      vertex 33.0000 6.0000 18.6319
    endloop
  endfacet
  facet normal -0.155149 0.987891 0.000446
    outer loop
      vertex 31.5757 74.0054 4.1769
      vertex 31.9423 74.0630 4.1647
      vertex 31.8262 74.0466 0.0000
    endloop
  endfacet
  facet normal 0.000000 0.207912 0.978148
    outer loop
      vertex 31.5757 74.0054 4.1769
      vertex 33.0000 74.1332 4.1498
      vertex 31.9423 74.0630 4.1647
    endloop
  endfacet
  facet normal -0.122411 -0.992480 -0.000108
    outer loop
      vertex 31.8262 6.0866 0.0000
      vertex 32.2159 6.0385 0.0000
      vertex 31.9423 6.0702 18.6170
    endloop
  endfacet
  facet normal 0.000000 0.000000 -1.000000
    outer loop
      vertex 31.8262 6.0866 0.0000
      vertex 32.6075 6.0096 0.0000
      vertex 32.2159 6.0385 0.0000
    endloop
  endfacet
  facet normal 0.000000 0.000000 -1.000000
    outer loop
      vertex 31.8262 6.0866 0.0000
      vertex 33.0000 6.0000 0.0000
      vertex 32.6075 6.0096 0.0000
    endloop
  endfacet
  facet normal -0.122411 0.992479 -0.000485
    outer loop
      vertex 31.8262 74.0466 0.0000
      vertex 31.9423 74.0630 4.1647
      vertex 32.2159 74.0947 0.0000
    endloop
  endfacet
  facet normal -0.109183 -0.994022 0.000089
    outer loop
      vertex 31.9423 6.0702 18.6170
      vertex 32.2159 6.0385 0.0000
      vertex 32.3112 6.0297 18.6256
    endloop
  endfacet
  facet normal 0.000000 0.207912 0.978148
    outer loop
      vertex 31.9423 6.0702 18.6170
      vertex 32.3112 6.0297 18.6256
      vertex 33.0000 6.0000 18.6319
    endloop
  endfacet
  facet normal -0.109172 0.994023 0.000396
    outer loop
      vertex 31.9423 74.0630 4.1647
      vertex 32.3112 74.1035 4.1561
      vertex 32.2159 74.0947 0.0000
    endloop
  endfacet
  facet normal 0.000000 0.207912 0.978148
    outer loop
      vertex 31.9423 74.0630 4.1647
      vertex 33.0000 74.1332 4.1498
      vertex 32.3112 74.1035 4.1561
    endloop
  endfacet
  facet normal -0.073565 -0.997290 -0.000095
    outer loop
      vertex 32.2159 6.0385 0.0000
      vertex 32.6075 6.0096 0.0000
      vertex 32.3112 6.0297 18.6256
    endloop
  endfacet
  facet normal -0.073565 0.997290 -0.000428
    outer loop
      vertex 32.2159 74.0947 0.0000
      vertex 32.3112 74.1035 4.1561
      vertex 32.6075 74.1235 0.0000
    endloop
  endfacet
  facet normal -0.064607 -0.997911 0.000048
    outer loop
      vertex 32.3112 6.0297 18.6256
      vertex 32.6075 6.0096 0.0000
      vertex 32.6553 6.0074 18.6303
    endloop
  endfacet
  facet normal -0.000000 0.207912 0.978148
    outer loop
      vertex 32.3112 6.0297 18.6256
      vertex 32.6553 6.0074 18.6303
      vertex 33.0000 6.0000 18.6319
    endloop
  endfacet
  facet normal -0.064604 0.997911 0.000214
    outer loop
      vertex 32.3112 74.1035 4.1561
      vertex 32.6553 74.1258 4.1514
      vertex 32.6075 74.1235 0.0000
    endloop
  endfacet
  facet normal 0.000000 0.207912 0.978148
    outer loop
      vertex 32.3112 74.1035 4.1561
      vertex 33.0000 74.1332 4.1498
      vertex 32.6553 74.1258 4.1514
    endloop
  endfacet
  facet normal -0.024541 -0.999699 -0.000055
    outer loop
      vertex 32.6075 6.0096 0.0000
      vertex 33.0000 6.0000 0.0000
      vertex 32.6553 6.0074 18.6303
    endloop
  endfacet
  facet normal -0.024541 0.999699 -0.000249
    outer loop
      vertex 32.6075 74.1235 0.0000
      vertex 32.6553 74.1258 4.1514
      vertex 33.0000 74.1332 0.0000
    endloop
  endfacet
  facet normal -0.021549 -0.999768 -0.000000
    outer loop
      vertex 32.6553 6.0074 18.6303
      vertex 33.0000 6.0000 0.0000
      vertex 33.0000 6.0000 18.6319
    endloop
  endfacet
  facet normal -0.021549 0.999768 0.000000
    outer loop
      vertex 32.6553 74.1258 4.1514
      vertex 33.0000 74.1332 4.1498
      vertex 33.0000 74.1332 0.0000
    endloop
  endfacet
  facet normal 0.000000 -0.000000 -1.000000
    outer loop
      vertex 33.0000 6.0000 0.0000
      vertex 78.0000 21.8494 0.0000
      vertex 78.0079 21.4309 0.0000
    endloop
  endfacet
  facet normal 0.000000 -0.000000 -1.000000
    outer loop
      vertex 33.0000 6.0000 0.0000
      vertex 78.0079 21.4309 0.0000
      vertex 78.0326 21.0130 0.0000
    endloop
  endfacet
  facet normal 0.000000 0.000000 -1.000000
    outer loop
      vertex 33.0000 6.0000 0.0000
      vertex 78.0088 22.2679 0.0000
      vertex 78.0000 21.8494 0.0000
    endloop
  endfacet
  facet normal 0.000000 -0.000000 -1.000000
    outer loop
      vertex 33.0000 6.0000 0.0000
      vertex 78.0326 21.0130 0.0000
      vertex 78.0740 20.5965 0.0000
    endloop
  endfacet
  facet normal 0.000000 0.000000 -1.000000
    outer loop
      vertex 33.0000 6.0000 0.0000
      vertex 78.0344 22.6857 0.0000
      vertex 78.0088 22.2679 0.0000
    endloop
  endfacet
  facet normal 0.000000 -0.000000 -1.000000
    outer loop
      vertex 33.0000 6.0000 0.0000
      vertex 78.0740 20.5965 0.0000
      vertex 78.1321 20.1821 0.0000
    endloop
  endfacet
  facet normal 0.000000 0.000000 -1.000000
    outer loop
      vertex 33.0000 6.0000 0.0000
      vertex 78.0767 23.1021 0.0000
      vertex 78.0344 22.6857 0.0000
    endloop
  endfacet
  facet normal 0.000000 -0.000000 -1.000000
    outer loop
      vertex 33.0000 6.0000 0.0000
      vertex 78.1321 20.1821 0.0000
      vertex 78.2067 19.7705 0.0000
    endloop
  endfacet
  facet normal 0.000000 0.000000 -1.000000
    outer loop
      vertex 33.0000 6.0000 0.0000
      vertex 78.1356 23.5164 0.0000
      vertex 78.0767 23.1021 0.0000
    endloop
  endfacet
  facet normal 0.000000 -0.000000 -1.000000
    outer loop
      vertex 33.0000 6.0000 0.0000
      vertex 78.2067 19.7705 0.0000
      vertex 78.2977 19.3624 0.0000
    endloop
  endfacet
  facet normal 0.000000 0.000000 -1.000000
    outer loop
      vertex 33.0000 6.0000 0.0000
      vertex 78.2111 23.9278 0.0000
      vertex 78.1356 23.5164 0.0000
    endloop
  endfacet
  facet normal 0.000000 -0.000000 -1.000000
    outer loop
      vertex 33.0000 6.0000 0.0000
      vertex 78.2977 19.3624 0.0000
      vertex 78.4050 18.9584 0.0000
    endloop
  endfacet
  facet normal 0.000000 -0.000000 -1.000000
    outer loop
      vertex 33.0000 6.0000 0.0000
      vertex 78.4050 18.9584 0.0000
      vertex 78.5283 18.5592 0.0000
    endloop
  endfacet
  facet normal 0.000000 -0.000000 -1.000000
    outer loop
      vertex 33.0000 6.0000 0.0000
      vertex 78.5283 18.5592 0.0000
      vertex 78.6676 18.1655 0.0000
    endloop
  endfacet
  facet normal 0.000000 -0.000000 -1.000000
    outer loop
      vertex 33.0000 6.0000 0.0000
      vertex 78.6676 18.1655 0.0000
      vertex 78.8225 17.7780 0.0000
    endloop
  endfacet
  facet normal 0.000000 -0.000000 -1.000000
    outer loop
      vertex 33.0000 6.0000 0.0000
      vertex 78.8225 17.7780 0.0000
      vertex 78.9927 17.3973 0.0000
    endloop
  endfacet
  facet normal 0.000000 -0.000000 -1.000000
    outer loop
      vertex 33.0000 6.0000 0.0000
      vertex 78.9927 17.3973 0.0000
      vertex 79.1781 17.0241 0.0000
    endloop
  endfacet
  facet normal 0.000000 -0.000000 -1.000000
    outer loop
      vertex 33.0000 6.0000 0.0000
      vertex 79.1781 17.0241 0.0000
      vertex 79.3783 16.6589 0.0000
    endloop
  endfacet
  facet normal 0.000000 -0.000000 -1.000000
    outer loop
      vertex 33.0000 6.0000 0.0000
      vertex 79.3783 16.6589 0.0000
      vertex 79.5929 16.3024 0.0000
    endloop
  endfacet
  facet normal 0.000000 -0.000000 -1.000000
    outer loop
      vertex 33.0000 6.0000 0.0000
      vertex 79.5929 16.3024 0.0000
      vertex 79.8217 15.9552 0.0000
    endloop
  endfacet
  facet normal 0.000000 -0.000000 -1.000000
    outer loop
      vertex 33.0000 6.0000 0.0000
      vertex 79.8217 15.9552 0.0000
      vertex 80.0641 15.6178 0.0000
    endloop
  endfacet
  facet normal 0.000000 -0.000000 -1.000000
    outer loop
      vertex 33.0000 6.0000 0.0000
      vertex 80.0641 15.6178 0.0000
      vertex 80.3198 15.2909 0.0000
    endloop
  endfacet
  facet normal 0.000000 -0.000000 -1.000000
    outer loop
      vertex 33.0000 6.0000 0.0000
      vertex 80.3198 15.2909 0.0000
      vertex 80.5885 14.9749 0.0000
    endloop
  endfacet
  facet normal 0.000000 -0.000000 -1.000000
    outer loop
      vertex 33.0000 6.0000 0.0000
      vertex 80.5885 14.9749 0.0000
      vertex 80.8695 14.6705 0.0000
    endloop
  endfacet
  facet normal -0.000000 0.000000 -1.000000
    outer loop
      vertex 33.0000 6.0000 0.0000
      vertex 80.8695 14.6705 0.0000
      vertex 81.1625 14.3781 0.0000
    endloop
  endfacet
  facet normal -0.000000 0.000000 -1.000000
    outer loop
      vertex 33.0000 6.0000 0.0000
      vertex 81.1625 14.3781 0.0000
      vertex 81.4670 14.0982 0.0000
    endloop
  endfacet
  facet normal -0.000000 0.000000 -1.000000
    outer loop
      vertex 33.0000 6.0000 0.0000
      vertex 81.4670 14.0982 0.0000
      vertex 81.7824 13.8312 0.0000
    endloop
  endfacet
  facet normal -0.000000 0.000000 -1.000000
    outer loop
      vertex 33.0000 6.0000 0.0000
      vertex 81.7824 13.8312 0.0000
      vertex 82.1082 13.5777 0.0000
    endloop
  endfacet
  facet normal -0.000000 0.000000 -1.000000
    outer loop
      vertex 33.0000 6.0000 0.0000
      vertex 82.1082 13.5777 0.0000
      vertex 82.4440 13.3380 0.0000
    endloop
  endfacet
  facet normal -0.000000 0.000000 -1.000000
    outer loop
      vertex 33.0000 6.0000 0.0000
      vertex 82.4440 13.3380 0.0000
      vertex 82.7890 13.1126 0.0000
    endloop
  endfacet
  facet normal -0.000000 0.000000 -1.000000
    outer loop
      vertex 33.0000 6.0000 0.0000
      vertex 82.7890 13.1126 0.0000
      vertex 83.1428 12.9018 0.0000
    endloop
  endfacet
  facet normal -0.000000 0.000000 -1.000000
    outer loop
      vertex 33.0000 6.0000 0.0000
      vertex 83.1428 12.9018 0.0000
      vertex 83.5047 12.7060 0.0000
    endloop
  endfacet
  facet normal -0.000000 0.000000 -1.000000
    outer loop
      vertex 33.0000 6.0000 0.0000
      vertex 83.5047 12.7060 0.0000
      vertex 83.8742 12.5256 0.0000
    endloop
  endfacet
  facet normal -0.000000 0.000000 -1.000000
    outer loop
      vertex 33.0000 6.0000 0.0000
      vertex 83.8742 12.5256 0.0000
      vertex 84.2505 12.3607 0.0000
    endloop
  endfacet
  facet normal -0.000000 0.000000 -1.000000
    outer loop
      vertex 33.0000 6.0000 0.0000
      vertex 84.2505 12.3607 0.0000
      vertex 84.6332 12.2117 0.0000
    endloop
  endfacet
  facet normal -0.000000 0.000000 -1.000000
    outer loop
      vertex 33.0000 6.0000 0.0000
      vertex 84.6332 12.2117 0.0000
      vertex 85.0215 12.0789 0.0000
    endloop
  endfacet
  facet normal -0.000000 0.000000 -1.000000
    outer loop
      vertex 33.0000 6.0000 0.0000
      vertex 85.0215 12.0789 0.0000
      vertex 85.4148 11.9624 0.0000
    endloop
  endfacet
  facet normal -0.000000 0.000000 -1.000000
    outer loop
      vertex 33.0000 6.0000 0.0000
      vertex 85.4148 11.9624 0.0000
      vertex 85.8124 11.8625 0.0000
    endloop
  endfacet
  facet normal -0.000000 0.000000 -1.000000
    outer loop
      vertex 33.0000 6.0000 0.0000
      vertex 85.8124 11.8625 0.0000
      vertex 86.2137 11.7793 0.0000
    endloop
  endfacet
  facet normal -0.000000 0.000000 -1.000000
    outer loop
      vertex 33.0000 6.0000 0.0000
      vertex 86.2137 11.7793 0.0000
      vertex 86.6180 11.7130 0.0000
    endloop
  endfacet
  facet normal -0.000000 0.000000 -1.000000
    outer loop
      vertex 33.0000 6.0000 0.0000
      vertex 86.6180 11.7130 0.0000
      vertex 87.0247 11.6636 0.0000
    endloop
  endfacet
  facet normal -0.000000 0.000000 -1.000000
    outer loop
      vertex 33.0000 6.0000 0.0000
      vertex 87.0247 11.6636 0.0000
      vertex 87.4329 11.6313 0.0000
    endloop
  endfacet
  facet normal -0.000000 0.000000 -1.000000
    outer loop
      vertex 33.0000 6.0000 0.0000
      vertex 87.4329 11.6313 0.0000
      vertex 87.8421 11.6161 0.0000
    endloop
  endfacet
  facet normal 0.000000 0.000000 -1.000000
    outer loop
      vertex 33.0000 6.0000 0.0000
      vertex 87.8421 11.6161 0.0000
      vertex 88.2516 11.6181 0.0000
    endloop
  endfacet
  facet normal 0.000000 0.000000 -1.000000
    outer loop
      vertex 33.0000 6.0000 0.0000
      vertex 88.2516 11.6181 0.0000
      vertex 147.0000 6.0000 0.0000
    endloop
  endfacet
  facet normal 0.000000 -1.000000 0.000000
    outer loop
      vertex 33.0000 6.0000 0.0000
      vertex 147.0000 6.0000 0.0000
      vertex 33.0000 6.0000 18.6319
    endloop
  endfacet
  facet normal 0.000000 0.207912 0.978148
    outer loop
      vertex 33.0000 6.0000 18.6319
      vertex 84.6000 24.9428 14.6055
      vertex 84.6042 25.1085 14.5703
    endloop
  endfacet
  facet normal -0.000000 0.207912 0.978148
    outer loop
      vertex 33.0000 6.0000 18.6319
      vertex 84.6042 24.7770 14.6408
      vertex 84.6000 24.9428 14.6055
    endloop
  endfacet
  facet normal -0.000000 0.207912 0.978148
    outer loop
      vertex 33.0000 6.0000 18.6319
      vertex 84.6042 25.1085 14.5703
      vertex 84.6169 25.2739 14.5351
    endloop
  endfacet
  facet normal 0.000000 0.207912 0.978148
    outer loop
      vertex 33.0000 6.0000 18.6319
      vertex 84.6169 24.6116 14.6759
      vertex 84.6042 24.7770 14.6408
    endloop
  endfacet
  facet normal 0.000000 0.207912 0.978148
    outer loop
      vertex 33.0000 6.0000 18.6319
      vertex 84.6169 25.2739 14.5351
      vertex 84.6380 25.4384 14.5002
    endloop
  endfacet
  facet normal -0.000000 0.207912 0.978148
    outer loop
      vertex 33.0000 6.0000 18.6319
      vertex 84.6380 24.4471 14.7109
      vertex 84.6169 24.6116 14.6759
    endloop
  endfacet
  facet normal -0.000000 0.207912 0.978148
    outer loop
      vertex 33.0000 6.0000 18.6319
      vertex 84.6380 25.4384 14.5002
      vertex 84.6674 25.6017 14.4655
    endloop
  endfacet
  facet normal -0.000000 0.207912 0.978148
    outer loop
      vertex 33.0000 6.0000 18.6319
      vertex 84.6674 24.2838 14.7456
      vertex 84.6380 24.4471 14.7109
    endloop
  endfacet
  facet normal 0.000000 0.207912 0.978148
    outer loop
      vertex 33.0000 6.0000 18.6319
      vertex 84.7051 24.1221 14.7800
      vertex 84.6674 24.2838 14.7456
    endloop
  endfacet
  facet normal -0.000000 0.207912 0.978148
    outer loop
      vertex 33.0000 6.0000 18.6319
      vertex 84.7511 23.9625 14.8139
      vertex 84.7051 24.1221 14.7800
    endloop
  endfacet
  facet normal 0.000000 0.207912 0.978148
    outer loop
      vertex 33.0000 6.0000 18.6319
      vertex 84.8050 23.8053 14.8473
      vertex 84.7511 23.9625 14.8139
    endloop
  endfacet
  facet normal 0.000000 0.207912 0.978148
    outer loop
      vertex 33.0000 6.0000 18.6319
      vertex 84.8670 23.6509 14.8801
      vertex 84.8050 23.8053 14.8473
    endloop
  endfacet
  facet normal -0.000000 0.207912 0.978148
    outer loop
      vertex 33.0000 6.0000 18.6319
      vertex 84.9367 23.4998 14.9122
      vertex 84.8670 23.6509 14.8801
    endloop
  endfacet
  facet normal 0.000000 0.207912 0.978148
    outer loop
      vertex 33.0000 6.0000 18.6319
      vertex 85.0140 23.3522 14.9436
      vertex 84.9367 23.4998 14.9122
    endloop
  endfacet
  facet normal -0.000000 0.207912 0.978148
    outer loop
      vertex 33.0000 6.0000 18.6319
      vertex 85.0988 23.2086 14.9741
      vertex 85.0140 23.3522 14.9436
    endloop
  endfacet
  facet normal 0.000000 0.207912 0.978148
    outer loop
      vertex 33.0000 6.0000 18.6319
      vertex 85.1908 23.0693 15.0037
      vertex 85.0988 23.2086 14.9741
    endloop
  endfacet
  facet normal 0.000000 0.207912 0.978148
    outer loop
      vertex 33.0000 6.0000 18.6319
      vertex 85.2897 22.9347 15.0323
      vertex 85.1908 23.0693 15.0037
    endloop
  endfacet
  facet normal 0.000000 0.207912 0.978148
    outer loop
      vertex 33.0000 6.0000 18.6319
      vertex 85.3954 22.8050 15.0599
      vertex 85.2897 22.9347 15.0323
    endloop
  endfacet
  facet normal -0.000000 0.207912 0.978148
    outer loop
      vertex 33.0000 6.0000 18.6319
      vertex 85.5076 22.6807 15.0863
      vertex 85.3954 22.8050 15.0599
    endloop
  endfacet
  facet normal 0.000000 0.207912 0.978148
    outer loop
      vertex 33.0000 6.0000 18.6319
      vertex 85.6260 22.5620 15.1116
      vertex 85.5076 22.6807 15.0863
    endloop
  endfacet
  facet normal 0.000000 0.207912 0.978148
    outer loop
      vertex 33.0000 6.0000 18.6319
      vertex 85.7503 22.4492 15.1355
      vertex 85.6260 22.5620 15.1116
    endloop
  endfacet
  facet normal 0.000000 0.207912 0.978148
    outer loop
      vertex 33.0000 6.0000 18.6319
      vertex 85.8801 22.3426 15.1582
      vertex 85.7503 22.4492 15.1355
    endloop
  endfacet
  facet normal 0.000000 0.207912 0.978148
    outer loop
      vertex 33.0000 6.0000 18.6319
      vertex 86.0153 22.2425 15.1795
      vertex 85.8801 22.3426 15.1582
    endloop
  endfacet
  facet normal -0.000000 0.207912 0.978148
    outer loop
      vertex 33.0000 6.0000 18.6319
      vertex 86.1553 22.1491 15.1993
      vertex 86.0153 22.2425 15.1795
    endloop
  endfacet
  facet normal -0.000000 0.207912 0.978148
    outer loop
      vertex 33.0000 6.0000 18.6319
      vertex 86.3000 22.0626 15.2177
      vertex 86.1553 22.1491 15.1993
    endloop
  endfacet
  facet normal 0.000000 0.207912 0.978148
    outer loop
      vertex 33.0000 6.0000 18.6319
      vertex 86.4489 21.9833 15.2346
      vertex 86.3000 22.0626 15.2177
    endloop
  endfacet
  facet normal 0.000000 0.207912 0.978148
    outer loop
      vertex 33.0000 6.0000 18.6319
      vertex 86.6016 21.9114 15.2499
      vertex 86.4489 21.9833 15.2346
    endloop
  endfacet
  facet normal -0.000000 0.207912 0.978148
    outer loop
      vertex 33.0000 6.0000 18.6319
      vertex 86.7578 21.8470 15.2636
      vertex 86.6016 21.9114 15.2499
    endloop
  endfacet
  facet normal 0.000000 0.207912 0.978148
    outer loop
      vertex 33.0000 6.0000 18.6319
      vertex 86.9171 21.7902 15.2756
      vertex 86.7578 21.8470 15.2636
    endloop
  endfacet
  facet normal -0.000000 0.207912 0.978148
    outer loop
      vertex 33.0000 6.0000 18.6319
      vertex 87.0791 21.7414 15.2860
      vertex 86.9171 21.7902 15.2756
    endloop
  endfacet
  facet normal 0.000000 0.207912 0.978148
    outer loop
      vertex 33.0000 6.0000 18.6319
      vertex 87.2434 21.7004 15.2947
      vertex 87.0791 21.7414 15.2860
    endloop
  endfacet
  facet normal 0.000000 0.207912 0.978148
    outer loop
      vertex 33.0000 6.0000 18.6319
      vertex 87.4096 21.6676 15.3017
      vertex 87.2434 21.7004 15.2947
    endloop
  endfacet
  facet normal -0.000000 0.207912 0.978148
    outer loop
      vertex 33.0000 6.0000 18.6319
      vertex 87.5772 21.6429 15.3069
      vertex 87.4096 21.6676 15.3017
    endloop
  endfacet
  facet normal 0.000000 0.207912 0.978148
    outer loop
      vertex 33.0000 6.0000 18.6319
      vertex 87.7459 21.6264 15.3104
      vertex 87.5772 21.6429 15.3069
    endloop
  endfacet
  facet normal 0.000000 0.207912 0.978148
    outer loop
      vertex 33.0000 6.0000 18.6319
      vertex 87.9152 21.6181 15.3122
      vertex 87.7459 21.6264 15.3104
    endloop
  endfacet
  facet normal -0.000000 0.207912 0.978148
    outer loop
      vertex 33.0000 6.0000 18.6319
      vertex 88.0848 21.6181 15.3122
      vertex 87.9152 21.6181 15.3122
    endloop
  endfacet
  facet normal -0.000000 -1.000000 -0.000000
    outer loop
      vertex 33.0000 6.0000 18.6319
      vertex 147.0000 6.0000 0.0000
      vertex 147.0000 6.0000 18.6319
    endloop
  endfacet
  facet normal 0.000000 0.207912 0.978148
    outer loop
      vertex 33.0000 6.0000 18.6319
      vertex 147.0000 6.0000 18.6319
      vertex 88.0848 21.6181 15.3122
    endloop
  endfacet
  facet normal 0.000000 1.000000 0.000000
    outer loop
      vertex 33.0000 74.1332 0.0000
      vertex 33.0000 74.1332 4.1498
      vertex 147.0000 74.1332 4.1498
    endloop
  endfacet
  facet normal -0.000000 0.000000 -1.000000
    outer loop
      vertex 33.0000 74.1332 0.0000
      vertex 80.0774 28.0764 0.0000
      vertex 79.8342 27.7396 0.0000
    endloop
  endfacet
  facet normal -0.000000 0.000000 -1.000000
    outer loop
      vertex 33.0000 74.1332 0.0000
      vertex 80.3338 28.4027 0.0000
      vertex 80.0774 28.0764 0.0000
    endloop
  endfacet
  facet normal -0.000000 0.000000 -1.000000
    outer loop
      vertex 33.0000 74.1332 0.0000
      vertex 80.6031 28.7181 0.0000
      vertex 80.3338 28.4027 0.0000
    endloop
  endfacet
  facet normal -0.000000 0.000000 -1.000000
    outer loop
      vertex 33.0000 74.1332 0.0000
      vertex 80.8848 29.0219 0.0000
      vertex 80.6031 28.7181 0.0000
    endloop
  endfacet
  facet normal -0.000000 0.000000 -1.000000
    outer loop
      vertex 33.0000 74.1332 0.0000
      vertex 81.1784 29.3137 0.0000
      vertex 80.8848 29.0219 0.0000
    endloop
  endfacet
  facet normal -0.000000 0.000000 -1.000000
    outer loop
      vertex 33.0000 74.1332 0.0000
      vertex 81.4835 29.5929 0.0000
      vertex 81.1784 29.3137 0.0000
    endloop
  endfacet
  facet normal -0.000000 0.000000 -1.000000
    outer loop
      vertex 33.0000 74.1332 0.0000
      vertex 81.7995 29.8591 0.0000
      vertex 81.4835 29.5929 0.0000
    endloop
  endfacet
  facet normal -0.000000 0.000000 -1.000000
    outer loop
      vertex 33.0000 74.1332 0.0000
      vertex 82.1259 30.1119 0.0000
      vertex 81.7995 29.8591 0.0000
    endloop
  endfacet
  facet normal -0.000000 0.000000 -1.000000
    outer loop
      vertex 33.0000 74.1332 0.0000
      vertex 82.4621 30.3508 0.0000
      vertex 82.1259 30.1119 0.0000
    endloop
  endfacet
  facet normal -0.000000 0.000000 -1.000000
    outer loop
      vertex 33.0000 74.1332 0.0000
      vertex 82.8076 30.5755 0.0000
      vertex 82.4621 30.3508 0.0000
    endloop
  endfacet
  facet normal -0.000000 0.000000 -1.000000
    outer loop
      vertex 33.0000 74.1332 0.0000
      vertex 83.1618 30.7855 0.0000
      vertex 82.8076 30.5755 0.0000
    endloop
  endfacet
  facet normal -0.000000 0.000000 -1.000000
    outer loop
      vertex 33.0000 74.1332 0.0000
      vertex 83.5242 30.9805 0.0000
      vertex 83.1618 30.7855 0.0000
    endloop
  endfacet
  facet normal -0.000000 0.000000 -1.000000
    outer loop
      vertex 33.0000 74.1332 0.0000
      vertex 83.8940 31.1601 0.0000
      vertex 83.5242 30.9805 0.0000
    endloop
  endfacet
  facet normal -0.000000 0.000000 -1.000000
    outer loop
      vertex 33.0000 74.1332 0.0000
      vertex 84.2707 31.3242 0.0000
      vertex 83.8940 31.1601 0.0000
    endloop
  endfacet
  facet normal -0.000000 0.000000 -1.000000
    outer loop
      vertex 33.0000 74.1332 0.0000
      vertex 84.6537 31.4723 0.0000
      vertex 84.2707 31.3242 0.0000
    endloop
  endfacet
  facet normal -0.000000 0.000000 -1.000000
    outer loop
      vertex 33.0000 74.1332 0.0000
      vertex 85.0423 31.6043 0.0000
      vertex 84.6537 31.4723 0.0000
    endloop
  endfacet
  facet normal -0.000000 0.000000 -1.000000
    outer loop
      vertex 33.0000 74.1332 0.0000
      vertex 85.4359 31.7199 0.0000
      vertex 85.0423 31.6043 0.0000
    endloop
  endfacet
  facet normal -0.000000 0.000000 -1.000000
    outer loop
      vertex 33.0000 74.1332 0.0000
      vertex 85.8337 31.8189 0.0000
      vertex 85.4359 31.7199 0.0000
    endloop
  endfacet
  facet normal -0.000000 0.000000 -1.000000
    outer loop
      vertex 33.0000 74.1332 0.0000
      vertex 86.2352 31.9012 0.0000
      vertex 85.8337 31.8189 0.0000
    endloop
  endfacet
  facet normal -0.000000 0.000000 -1.000000
    outer loop
      vertex 33.0000 74.1332 0.0000
      vertex 86.6396 31.9666 0.0000
      vertex 86.2352 31.9012 0.0000
    endloop
  endfacet
  facet normal -0.000000 0.000000 -1.000000
    outer loop
      vertex 33.0000 74.1332 0.0000
      vertex 87.0463 32.0151 0.0000
      vertex 86.6396 31.9666 0.0000
    endloop
  endfacet
  facet normal -0.000000 0.000000 -1.000000
    outer loop
      vertex 33.0000 74.1332 0.0000
      vertex 87.4547 32.0465 0.0000
      vertex 87.0463 32.0151 0.0000
    endloop
  endfacet
  facet normal -0.000000 0.000000 -1.000000
    outer loop
      vertex 33.0000 74.1332 0.0000
      vertex 87.8639 32.0607 0.0000
      vertex 87.4547 32.0465 0.0000
    endloop
  endfacet
  facet normal 0.000000 0.000000 -1.000000
    outer loop
      vertex 33.0000 74.1332 0.0000
      vertex 88.2734 32.0579 0.0000
      vertex 87.8639 32.0607 0.0000
    endloop
  endfacet
  facet normal -0.000000 0.000000 -1.000000
    outer loop
      vertex 33.0000 74.1332 0.0000
      vertex 147.0000 74.1332 0.0000
      vertex 88.2734 32.0579 0.0000
    endloop
  endfacet
  facet normal 0.000000 1.000000 0.000000
    outer loop
      vertex 33.0000 74.1332 0.0000
      vertex 147.0000 74.1332 4.1498
      vertex 147.0000 74.1332 0.0000
    endloop
  endfacet
  facet normal -0.000000 0.207912 0.978148
    outer loop
      vertex 33.0000 74.1332 4.1498
      vertex 85.0988 26.6769 14.2369
      vertex 85.1908 26.8162 14.2073
    endloop
  endfacet
  facet normal -0.000000 0.207912 0.978148
    outer loop
      vertex 33.0000 74.1332 4.1498
      vertex 85.1908 26.8162 14.2073
      vertex 85.2897 26.9508 14.1787
    endloop
  endfacet
  facet normal 0.000000 0.207912 0.978148
    outer loop
      vertex 33.0000 74.1332 4.1498
      vertex 85.2897 26.9508 14.1787
      vertex 85.3954 27.0805 14.1511
    endloop
  endfacet
  facet normal -0.000000 0.207912 0.978148
    outer loop
      vertex 33.0000 74.1332 4.1498
      vertex 85.3954 27.0805 14.1511
      vertex 85.5076 27.2048 14.1247
    endloop
  endfacet
  facet normal 0.000000 0.207912 0.978148
    outer loop
      vertex 33.0000 74.1332 4.1498
      vertex 85.5076 27.2048 14.1247
      vertex 85.6260 27.3235 14.0995
    endloop
  endfacet
  facet normal -0.000000 0.207912 0.978148
    outer loop
      vertex 33.0000 74.1332 4.1498
      vertex 85.6260 27.3235 14.0995
      vertex 85.7503 27.4363 14.0755
    endloop
  endfacet
  facet normal -0.000000 0.207912 0.978148
    outer loop
      vertex 33.0000 74.1332 4.1498
      vertex 85.7503 27.4363 14.0755
      vertex 85.8801 27.5429 14.0528
    endloop
  endfacet
  facet normal -0.000000 0.207912 0.978148
    outer loop
      vertex 33.0000 74.1332 4.1498
      vertex 85.8801 27.5429 14.0528
      vertex 86.0153 27.6430 14.0316
    endloop
  endfacet
  facet normal 0.000000 0.207912 0.978148
    outer loop
      vertex 33.0000 74.1332 4.1498
      vertex 86.0153 27.6430 14.0316
      vertex 86.1553 27.7364 14.0117
    endloop
  endfacet
  facet normal -0.000000 0.207912 0.978148
    outer loop
      vertex 33.0000 74.1332 4.1498
      vertex 86.1553 27.7364 14.0117
      vertex 86.3000 27.8229 13.9933
    endloop
  endfacet
  facet normal 0.000000 0.207912 0.978148
    outer loop
      vertex 33.0000 74.1332 4.1498
      vertex 86.3000 27.8229 13.9933
      vertex 86.4489 27.9022 13.9765
    endloop
  endfacet
  facet normal -0.000000 0.207912 0.978148
    outer loop
      vertex 33.0000 74.1332 4.1498
      vertex 86.4489 27.9022 13.9765
      vertex 86.6016 27.9742 13.9612
    endloop
  endfacet
  facet normal 0.000000 0.207912 0.978148
    outer loop
      vertex 33.0000 74.1332 4.1498
      vertex 86.6016 27.9742 13.9612
      vertex 86.7578 28.0386 13.9475
    endloop
  endfacet
  facet normal -0.000000 0.207912 0.978148
    outer loop
      vertex 33.0000 74.1332 4.1498
      vertex 86.7578 28.0386 13.9475
      vertex 86.9171 28.0953 13.9354
    endloop
  endfacet
  facet normal 0.000000 0.207912 0.978148
    outer loop
      vertex 33.0000 74.1332 4.1498
      vertex 86.9171 28.0953 13.9354
      vertex 87.0791 28.1442 13.9250
    endloop
  endfacet
  facet normal -0.000000 0.207912 0.978148
    outer loop
      vertex 33.0000 74.1332 4.1498
      vertex 87.0791 28.1442 13.9250
      vertex 87.2434 28.1851 13.9163
    endloop
  endfacet
  facet normal -0.000000 0.207912 0.978148
    outer loop
      vertex 33.0000 74.1332 4.1498
      vertex 87.2434 28.1851 13.9163
      vertex 87.4096 28.2179 13.9094
    endloop
  endfacet
  facet normal -0.000000 0.207912 0.978148
    outer loop
      vertex 33.0000 74.1332 4.1498
      vertex 87.4096 28.2179 13.9094
      vertex 87.5772 28.2427 13.9041
    endloop
  endfacet
  facet normal 0.000000 0.207912 0.978148
    outer loop
      vertex 33.0000 74.1332 4.1498
      vertex 87.5772 28.2427 13.9041
      vertex 87.7459 28.2592 13.9006
    endloop
  endfacet
  facet normal -0.000000 0.207912 0.978148
    outer loop
      vertex 33.0000 74.1332 4.1498
      vertex 87.7459 28.2592 13.9006
      vertex 87.9152 28.2674 13.8988
    endloop
  endfacet
  facet normal 0.000000 0.207912 0.978148
    outer loop
      vertex 33.0000 74.1332 4.1498
      vertex 87.9152 28.2674 13.8988
      vertex 88.0848 28.2674 13.8988
    endloop
  endfacet
  facet normal 0.000000 0.207912 0.978148
    outer loop
      vertex 33.0000 74.1332 4.1498
      vertex 88.0848 28.2674 13.8988
      vertex 147.0000 74.1332 4.1498
    endloop
  endfacet
  facet normal 0.999812 0.018961 -0.004007
    outer loop
      vertex 78.0000 21.8494 0.0000
      vertex 78.0000 23.7992 9.2257
      vertex 78.0079 21.4309 0.0000
    endloop
  endfacet
  facet normal 0.999768 -0.021091 0.004458
    outer loop
      vertex 78.0000 21.8494 0.0000
      vertex 78.0088 22.2679 0.0000
      vertex 78.0000 23.7992 9.2257
    endloop
  endfacet
  facet normal 0.999689 -0.024423 0.005011
    outer loop
      vertex 78.0000 23.7992 9.2257
      vertex 78.0088 22.2679 0.0000
      vertex 78.0124 24.2868 9.1221
    endloop
  endfacet
  facet normal 0.999689 0.024342 -0.005388
    outer loop
      vertex 78.0000 23.7992 9.2257
      vertex 78.0124 23.3117 9.3293
      vertex 78.0079 21.4309 0.0000
    endloop
  endfacet
  facet normal -0.000000 -0.207912 -0.978148
    outer loop
      vertex 78.0000 23.7992 9.2257
      vertex 78.0124 24.2868 9.1221
      vertex 84.6042 23.9650 9.1905
    endloop
  endfacet
  facet normal -0.000000 -0.207912 -0.978148
    outer loop
      vertex 78.0000 23.7992 9.2257
      vertex 84.6000 23.7992 9.2257
      vertex 78.0124 23.3117 9.3293
    endloop
  endfacet
  facet normal -0.000000 -0.207912 -0.978148
    outer loop
      vertex 78.0000 23.7992 9.2257
      vertex 84.6042 23.9650 9.1905
      vertex 84.6000 23.7992 9.2257
    endloop
  endfacet
  facet normal 0.998182 0.058981 -0.012371
    outer loop
      vertex 78.0079 21.4309 0.0000
      vertex 78.0124 23.3117 9.3293
      vertex 78.0326 21.0130 0.0000
    endloop
  endfacet
  facet normal 0.998045 -0.061108 0.013131
    outer loop
      vertex 78.0088 22.2679 0.0000
      vertex 78.0344 22.6857 0.0000
      vertex 78.0124 24.2868 9.1221
    endloop
  endfacet
  facet normal 0.997204 0.073034 -0.015835
    outer loop
      vertex 78.0124 23.3117 9.3293
      vertex 78.0497 22.8253 9.4327
      vertex 78.0326 21.0130 0.0000
    endloop
  endfacet
  facet normal 0.000000 -0.207912 -0.978148
    outer loop
      vertex 78.0124 23.3117 9.3293
      vertex 84.6000 23.7992 9.2257
      vertex 84.6042 23.6335 9.2609
    endloop
  endfacet
  facet normal 0.000000 -0.207912 -0.978148
    outer loop
      vertex 78.0124 23.3117 9.3293
      vertex 84.6042 23.6335 9.2609
      vertex 78.0497 22.8253 9.4327
    endloop
  endfacet
  facet normal 0.997204 -0.073159 0.015244
    outer loop
      vertex 78.0124 24.2868 9.1221
      vertex 78.0344 22.6857 0.0000
      vertex 78.0497 24.7732 9.0187
    endloop
  endfacet
  facet normal -0.000000 -0.207912 -0.978148
    outer loop
      vertex 78.0124 24.2868 9.1221
      vertex 78.0497 24.7732 9.0187
      vertex 84.6169 24.1304 9.1553
    endloop
  endfacet
  facet normal -0.000000 -0.207912 -0.978148
    outer loop
      vertex 78.0124 24.2868 9.1221
      vertex 84.6169 24.1304 9.1553
      vertex 84.6042 23.9650 9.1905
    endloop
  endfacet
  facet normal 0.994880 0.098903 -0.020802
    outer loop
      vertex 78.0326 21.0130 0.0000
      vertex 78.0497 22.8253 9.4327
      vertex 78.0740 20.5965 0.0000
    endloop
  endfacet
  facet normal 0.994648 -0.101022 0.021698
    outer loop
      vertex 78.0344 22.6857 0.0000
      vertex 78.0767 23.1021 0.0000
      vertex 78.0497 24.7732 9.0187
    endloop
  endfacet
  facet normal 0.992239 0.121561 -0.026162
    outer loop
      vertex 78.0497 22.8253 9.4327
      vertex 78.1117 22.3414 9.5356
      vertex 78.0740 20.5965 0.0000
    endloop
  endfacet
  facet normal 0.000000 -0.207912 -0.978148
    outer loop
      vertex 78.0497 22.8253 9.4327
      vertex 84.6042 23.6335 9.2609
      vertex 84.6169 23.4681 9.2961
    endloop
  endfacet
  facet normal 0.000000 -0.207912 -0.978148
    outer loop
      vertex 78.0497 22.8253 9.4327
      vertex 84.6169 23.4681 9.2961
      vertex 84.6380 23.3036 9.3311
    endloop
  endfacet
  facet normal 0.000000 -0.207912 -0.978148
    outer loop
      vertex 78.0497 22.8253 9.4327
      vertex 84.6380 23.3036 9.3311
      vertex 78.1117 22.3414 9.5356
    endloop
  endfacet
  facet normal 0.992239 -0.121697 0.025521
    outer loop
      vertex 78.0497 24.7732 9.0187
      vertex 78.0767 23.1021 0.0000
      vertex 78.1117 25.2571 8.9158
    endloop
  endfacet
  facet normal -0.000000 -0.207912 -0.978148
    outer loop
      vertex 78.0497 24.7732 9.0187
      vertex 78.1117 25.2571 8.9158
      vertex 84.6169 24.1304 9.1553
    endloop
  endfacet
  facet normal 0.989907 0.138659 -0.029282
    outer loop
      vertex 78.0740 20.5965 0.0000
      vertex 78.1117 22.3414 9.5356
      vertex 78.1321 20.1821 0.0000
    endloop
  endfacet
  facet normal 0.989584 -0.140767 0.030141
    outer loop
      vertex 78.0767 23.1021 0.0000
      vertex 78.1356 23.5164 0.0000
      vertex 78.1117 25.2571 8.9158
    endloop
  endfacet
  facet normal 0.984808 0.169802 -0.036345
    outer loop
      vertex 78.1117 22.3414 9.5356
      vertex 78.1983 21.8611 9.6377
      vertex 78.1321 20.1821 0.0000
    endloop
  endfacet
  facet normal 0.000000 -0.207912 -0.978148
    outer loop
      vertex 78.1117 22.3414 9.5356
      vertex 84.6380 23.3036 9.3311
      vertex 78.1983 21.8611 9.6377
    endloop
  endfacet
  facet normal 0.984808 -0.169914 0.035819
    outer loop
      vertex 78.1117 25.2571 8.9158
      vertex 78.1356 23.5164 0.0000
      vertex 78.1983 25.7374 8.8137
    endloop
  endfacet
  facet normal -0.000000 -0.207912 -0.978148
    outer loop
      vertex 78.1117 25.2571 8.9158
      vertex 78.1983 25.7374 8.8137
      vertex 84.6674 24.4582 9.0856
    endloop
  endfacet
  facet normal -0.000000 -0.207912 -0.978148
    outer loop
      vertex 78.1117 25.2571 8.9158
      vertex 84.6380 24.2949 9.1204
      vertex 84.6169 24.1304 9.1553
    endloop
  endfacet
  facet normal 0.000000 -0.207912 -0.978148
    outer loop
      vertex 78.1117 25.2571 8.9158
      vertex 84.6674 24.4582 9.0856
      vertex 84.6380 24.2949 9.1204
    endloop
  endfacet
  facet normal 0.983271 0.178182 -0.037794
    outer loop
      vertex 78.1321 20.1821 0.0000
      vertex 78.1983 21.8611 9.6377
      vertex 78.2067 19.7705 0.0000
    endloop
  endfacet
  facet normal 0.982865 -0.180276 0.038444
    outer loop
      vertex 78.1356 23.5164 0.0000
      vertex 78.2111 23.9278 0.0000
      vertex 78.1983 25.7374 8.8137
    endloop
  endfacet
  facet normal 0.974928 0.217638 -0.046360
    outer loop
      vertex 78.1983 21.8611 9.6377
      vertex 78.3092 21.3856 9.7387
      vertex 78.2067 19.7705 0.0000
    endloop
  endfacet
  facet normal -0.000000 -0.207912 -0.978148
    outer loop
      vertex 78.1983 21.8611 9.6377
      vertex 84.6380 23.3036 9.3311
      vertex 84.6674 23.1403 9.3658
    endloop
  endfacet
  facet normal 0.000000 -0.207912 -0.978148
    outer loop
      vertex 78.1983 21.8611 9.6377
      vertex 84.6674 23.1403 9.3658
      vertex 78.3092 21.3856 9.7387
    endloop
  endfacet
  facet normal 0.974928 -0.217690 0.046114
    outer loop
      vertex 78.1983 25.7374 8.8137
      vertex 78.2111 23.9278 0.0000
      vertex 78.3092 26.2129 8.7127
    endloop
  endfacet
  facet normal -0.000000 -0.207912 -0.978148
    outer loop
      vertex 78.1983 25.7374 8.8137
      vertex 78.3092 26.2129 8.7127
      vertex 84.7051 24.6199 9.0513
    endloop
  endfacet
  facet normal -0.000000 -0.207912 -0.978148
    outer loop
      vertex 78.1983 25.7374 8.8137
      vertex 84.7051 24.6199 9.0513
      vertex 84.6674 24.4582 9.0856
    endloop
  endfacet
  facet normal 0.974982 0.217405 -0.046322
    outer loop
      vertex 78.2067 19.7705 0.0000
      vertex 78.3092 21.3856 9.7387
      vertex 78.2977 19.3624 0.0000
    endloop
  endfacet
  facet normal 0.974503 -0.219484 0.046589
    outer loop
      vertex 78.2111 23.9278 0.0000
      vertex 78.3030 24.3358 0.0000
      vertex 78.3092 26.2129 8.7127
    endloop
  endfacet
  facet normal 0.965075 0.256267 -0.054383
    outer loop
      vertex 78.2977 19.3624 0.0000
      vertex 78.3092 21.3856 9.7387
      vertex 78.4050 18.9584 0.0000
    endloop
  endfacet
  facet normal 0.964494 -0.258321 0.054964
    outer loop
      vertex 78.3030 24.3358 0.0000
      vertex 78.4111 24.7395 0.0000
      vertex 78.3092 26.2129 8.7127
    endloop
  endfacet
  facet normal 0.962624 0.264871 -0.056552
    outer loop
      vertex 78.3092 21.3856 9.7387
      vertex 78.4443 20.9161 9.8385
      vertex 78.4050 18.9584 0.0000
    endloop
  endfacet
  facet normal -0.000000 -0.207912 -0.978148
    outer loop
      vertex 78.3092 21.3856 9.7387
      vertex 84.6674 23.1403 9.3658
      vertex 84.7051 22.9786 9.4001
    endloop
  endfacet
  facet normal -0.000000 -0.207912 -0.978148
    outer loop
      vertex 78.3092 21.3856 9.7387
      vertex 84.7051 22.9786 9.4001
      vertex 78.4443 20.9161 9.8385
    endloop
  endfacet
  facet normal 0.962624 -0.264974 0.056067
    outer loop
      vertex 78.3092 26.2129 8.7127
      vertex 78.4111 24.7395 0.0000
      vertex 78.4443 26.6824 8.6129
    endloop
  endfacet
  facet normal -0.000000 -0.207912 -0.978148
    outer loop
      vertex 78.3092 26.2129 8.7127
      vertex 78.4443 26.6824 8.6129
      vertex 84.7051 24.6199 9.0513
    endloop
  endfacet
  facet normal 0.953547 0.294700 -0.062451
    outer loop
      vertex 78.4050 18.9584 0.0000
      vertex 78.4443 20.9161 9.8385
      vertex 78.5283 18.5592 0.0000
    endloop
  endfacet
  facet normal 0.952865 -0.296724 0.063267
    outer loop
      vertex 78.4111 24.7395 0.0000
      vertex 78.5353 25.1384 0.0000
      vertex 78.4443 26.6824 8.6129
    endloop
  endfacet
  facet normal 0.947927 0.311464 -0.066515
    outer loop
      vertex 78.4443 20.9161 9.8385
      vertex 78.6031 20.4538 9.9368
      vertex 78.5283 18.5592 0.0000
    endloop
  endfacet
  facet normal 0.000000 -0.207912 -0.978148
    outer loop
      vertex 78.4443 20.9161 9.8385
      vertex 84.7051 22.9786 9.4001
      vertex 84.7511 22.8190 9.4341
    endloop
  endfacet
  facet normal 0.000000 -0.207912 -0.978148
    outer loop
      vertex 78.4443 20.9161 9.8385
      vertex 84.7511 22.8190 9.4341
      vertex 78.6031 20.4538 9.9368
    endloop
  endfacet
  facet normal 0.947927 -0.311598 0.065881
    outer loop
      vertex 78.4443 26.6824 8.6129
      vertex 78.5353 25.1384 0.0000
      vertex 78.6031 27.1447 8.5146
    endloop
  endfacet
  facet normal 0.000000 -0.207912 -0.978148
    outer loop
      vertex 78.4443 26.6824 8.6129
      vertex 78.6031 27.1447 8.5146
      vertex 84.8050 24.9367 8.9839
    endloop
  endfacet
  facet normal -0.000000 -0.207912 -0.978148
    outer loop
      vertex 78.4443 26.6824 8.6129
      vertex 84.7511 24.7795 9.0173
      vertex 84.7051 24.6199 9.0513
    endloop
  endfacet
  facet normal 0.000000 -0.207912 -0.978148
    outer loop
      vertex 78.4443 26.6824 8.6129
      vertex 84.8050 24.9367 8.9839
      vertex 84.7511 24.7795 9.0173
    endloop
  endfacet
  facet normal 0.940416 0.332638 -0.070496
    outer loop
      vertex 78.5283 18.5592 0.0000
      vertex 78.6031 20.4538 9.9368
      vertex 78.6676 18.1655 0.0000
    endloop
  endfacet
  facet normal 0.939643 -0.334630 0.071374
    outer loop
      vertex 78.5353 25.1384 0.0000
      vertex 78.6754 25.5318 0.0000
      vertex 78.6031 27.1447 8.5146
    endloop
  endfacet
  facet normal 0.930874 0.357298 -0.076236
    outer loop
      vertex 78.6031 20.4538 9.9368
      vertex 78.7852 19.9998 10.0333
      vertex 78.6676 18.1655 0.0000
    endloop
  endfacet
  facet normal -0.000000 -0.207912 -0.978148
    outer loop
      vertex 78.6031 20.4538 9.9368
      vertex 84.7511 22.8190 9.4341
      vertex 84.8050 22.6618 9.4675
    endloop
  endfacet
  facet normal -0.000000 -0.207912 -0.978148
    outer loop
      vertex 78.6031 20.4538 9.9368
      vertex 84.8050 22.6618 9.4675
      vertex 78.7852 19.9998 10.0333
    endloop
  endfacet
  facet normal 0.930874 -0.357430 0.075618
    outer loop
      vertex 78.6031 27.1447 8.5146
      vertex 78.6754 25.5318 0.0000
      vertex 78.7852 27.5987 8.4181
    endloop
  endfacet
  facet normal 0.000000 -0.207912 -0.978148
    outer loop
      vertex 78.6031 27.1447 8.5146
      vertex 78.7852 27.5987 8.4181
      vertex 84.8670 25.0911 8.9511
    endloop
  endfacet
  facet normal -0.000000 -0.207912 -0.978148
    outer loop
      vertex 78.6031 27.1447 8.5146
      vertex 84.8670 25.0911 8.9511
      vertex 84.8050 24.9367 8.9839
    endloop
  endfacet
  facet normal 0.925703 0.370015 -0.078501
    outer loop
      vertex 78.6676 18.1655 0.0000
      vertex 78.7852 19.9998 10.0333
      vertex 78.8225 17.7780 0.0000
    endloop
  endfacet
  facet normal 0.924851 -0.371977 0.079269
    outer loop
      vertex 78.6754 25.5318 0.0000
      vertex 78.8311 25.9189 0.0000
      vertex 78.7852 27.5987 8.4181
    endloop
  endfacet
  facet normal 0.911506 0.402261 -0.085694
    outer loop
      vertex 78.7852 19.9998 10.0333
      vertex 78.9903 19.5552 10.1278
      vertex 78.8225 17.7780 0.0000
    endloop
  endfacet
  facet normal 0.000000 -0.207912 -0.978148
    outer loop
      vertex 78.7852 19.9998 10.0333
      vertex 84.8050 22.6618 9.4675
      vertex 84.8670 22.5074 9.5003
    endloop
  endfacet
  facet normal -0.000000 -0.207912 -0.978148
    outer loop
      vertex 78.7852 19.9998 10.0333
      vertex 84.8670 22.5074 9.5003
      vertex 78.9903 19.5552 10.1278
    endloop
  endfacet
  facet normal 0.911506 -0.402353 0.085258
    outer loop
      vertex 78.7852 27.5987 8.4181
      vertex 78.8311 25.9189 0.0000
      vertex 78.9903 28.0433 8.3236
    endloop
  endfacet
  facet normal -0.000000 -0.207912 -0.978148
    outer loop
      vertex 78.7852 27.5987 8.4181
      vertex 78.9903 28.0433 8.3236
      vertex 84.8670 25.0911 8.9511
    endloop
  endfacet
  facet normal 0.909431 0.406770 -0.086450
    outer loop
      vertex 78.8225 17.7780 0.0000
      vertex 78.9903 19.5552 10.1278
      vertex 78.9927 17.3973 0.0000
    endloop
  endfacet
  facet normal 0.908517 -0.408704 0.086936
    outer loop
      vertex 78.8311 25.9189 0.0000
      vertex 79.0022 26.2992 0.0000
      vertex 78.9903 28.0433 8.3236
    endloop
  endfacet
  facet normal 0.891642 0.442845 -0.094141
    outer loop
      vertex 78.9903 19.5552 10.1278
      vertex 79.1781 17.0241 0.0000
      vertex 78.9927 17.3973 0.0000
    endloop
  endfacet
  facet normal 0.889872 0.446207 -0.095014
    outer loop
      vertex 78.9903 19.5552 10.1278
      vertex 79.2178 19.1212 10.2201
      vertex 79.1781 17.0241 0.0000
    endloop
  endfacet
  facet normal -0.000000 -0.207912 -0.978148
    outer loop
      vertex 78.9903 19.5552 10.1278
      vertex 84.8670 22.5074 9.5003
      vertex 84.9367 22.3563 9.5324
    endloop
  endfacet
  facet normal 0.000000 -0.207912 -0.978148
    outer loop
      vertex 78.9903 19.5552 10.1278
      vertex 84.9367 22.3563 9.5324
      vertex 79.2178 19.1212 10.2201
    endloop
  endfacet
  facet normal 0.890661 -0.444747 0.094462
    outer loop
      vertex 78.9903 28.0433 8.3236
      vertex 79.0022 26.2992 0.0000
      vertex 79.1884 26.6721 0.0000
    endloop
  endfacet
  facet normal 0.889872 -0.446275 0.094695
    outer loop
      vertex 78.9903 28.0433 8.3236
      vertex 79.1884 26.6721 0.0000
      vertex 79.2178 28.4773 8.2314
    endloop
  endfacet
  facet normal 0.000000 -0.207912 -0.978148
    outer loop
      vertex 78.9903 28.0433 8.3236
      vertex 79.2178 28.4773 8.2314
      vertex 85.0140 25.3898 8.8876
    endloop
  endfacet
  facet normal 0.000000 -0.207912 -0.978148
    outer loop
      vertex 78.9903 28.0433 8.3236
      vertex 84.9367 25.2422 8.9190
      vertex 84.8670 25.0911 8.9511
    endloop
  endfacet
  facet normal 0.000000 -0.207912 -0.978148
    outer loop
      vertex 78.9903 28.0433 8.3236
      vertex 85.0140 25.3898 8.8876
      vertex 84.9367 25.2422 8.9190
    endloop
  endfacet
  facet normal 0.872373 0.478185 -0.101508
    outer loop
      vertex 79.1781 17.0241 0.0000
      vertex 79.2178 19.1212 10.2201
      vertex 79.3783 16.6589 0.0000
    endloop
  endfacet
  facet normal 0.871283 -0.480030 0.102164
    outer loop
      vertex 79.1884 26.6721 0.0000
      vertex 79.3894 27.0368 0.0000
      vertex 79.2178 28.4773 8.2314
    endloop
  endfacet
  facet normal 0.866025 0.489018 -0.104218
    outer loop
      vertex 79.2178 19.1212 10.2201
      vertex 79.4671 18.6988 10.3098
      vertex 79.3783 16.6589 0.0000
    endloop
  endfacet
  facet normal 0.000000 -0.207912 -0.978148
    outer loop
      vertex 79.2178 19.1212 10.2201
      vertex 84.9367 22.3563 9.5324
      vertex 85.0140 22.2087 9.5638
    endloop
  endfacet
  facet normal 0.000000 -0.207912 -0.978148
    outer loop
      vertex 79.2178 19.1212 10.2201
      vertex 85.0140 22.2087 9.5638
      vertex 79.4671 18.6988 10.3098
    endloop
  endfacet
  facet normal 0.866025 -0.489139 0.103648
    outer loop
      vertex 79.2178 28.4773 8.2314
      vertex 79.3894 27.0368 0.0000
      vertex 79.4671 28.8997 8.1416
    endloop
  endfacet
  facet normal -0.000000 -0.207912 -0.978148
    outer loop
      vertex 79.2178 28.4773 8.2314
      vertex 79.4671 28.8997 8.1416
      vertex 85.0988 25.5334 8.8571
    endloop
  endfacet
  facet normal -0.000000 -0.207912 -0.978148
    outer loop
      vertex 79.2178 28.4773 8.2314
      vertex 85.0988 25.5334 8.8571
      vertex 85.0140 25.3898 8.8876
    endloop
  endfacet
  facet normal 0.851635 0.512722 -0.108784
    outer loop
      vertex 79.3783 16.6589 0.0000
      vertex 79.4671 18.6988 10.3098
      vertex 79.5929 16.3024 0.0000
    endloop
  endfacet
  facet normal 0.850450 -0.514511 0.109602
    outer loop
      vertex 79.3894 27.0368 0.0000
      vertex 79.6047 27.3929 0.0000
      vertex 79.4671 28.8997 8.1416
    endloop
  endfacet
  facet normal 0.840026 0.530629 -0.113088
    outer loop
      vertex 79.4671 18.6988 10.3098
      vertex 79.7376 18.2891 10.3969
      vertex 79.5929 16.3024 0.0000
    endloop
  endfacet
  facet normal -0.000000 -0.207912 -0.978148
    outer loop
      vertex 79.4671 18.6988 10.3098
      vertex 85.0140 22.2087 9.5638
      vertex 85.0988 22.0651 9.5943
    endloop
  endfacet
  facet normal -0.000000 -0.207912 -0.978148
    outer loop
      vertex 79.4671 18.6988 10.3098
      vertex 85.0988 22.0651 9.5943
      vertex 79.7376 18.2891 10.3969
    endloop
  endfacet
  facet normal 0.840026 -0.530768 0.112435
    outer loop
      vertex 79.4671 28.8997 8.1416
      vertex 79.6047 27.3929 0.0000
      vertex 79.7376 29.3094 8.0545
    endloop
  endfacet
  facet normal -0.000000 -0.207912 -0.978148
    outer loop
      vertex 79.4671 28.8997 8.1416
      vertex 79.7376 29.3094 8.0545
      vertex 85.1908 25.6727 8.8275
    endloop
  endfacet
  facet normal -0.000000 -0.207912 -0.978148
    outer loop
      vertex 79.4671 28.8997 8.1416
      vertex 85.1908 25.6727 8.8275
      vertex 85.0988 25.5334 8.8571
    endloop
  endfacet
  facet normal 0.829462 0.546395 -0.115954
    outer loop
      vertex 79.5929 16.3024 0.0000
      vertex 79.7376 18.2891 10.3969
      vertex 79.8217 15.9552 0.0000
    endloop
  endfacet
  facet normal 0.828201 -0.548133 0.116762
    outer loop
      vertex 79.6047 27.3929 0.0000
      vertex 79.8342 27.7396 0.0000
      vertex 79.7376 29.3094 8.0545
    endloop
  endfacet
  facet normal 0.811938 0.570937 -0.121605
    outer loop
      vertex 79.7376 18.2891 10.3969
      vertex 80.0287 17.8932 10.4811
      vertex 79.8217 15.9552 0.0000
    endloop
  endfacet
  facet normal 0.000000 -0.207912 -0.978148
    outer loop
      vertex 79.7376 18.2891 10.3969
      vertex 85.0988 22.0651 9.5943
      vertex 85.1908 21.9258 9.6239
    endloop
  endfacet
  facet normal 0.000000 -0.207912 -0.978148
    outer loop
      vertex 79.7376 18.2891 10.3969
      vertex 85.1908 21.9258 9.6239
      vertex 80.0287 17.8932 10.4811
    endloop
  endfacet
  facet normal 0.811938 -0.571058 0.121035
    outer loop
      vertex 79.7376 29.3094 8.0545
      vertex 79.8342 27.7396 0.0000
      vertex 80.0287 29.7053 7.9703
    endloop
  endfacet
  facet normal 0.000000 -0.207912 -0.978148
    outer loop
      vertex 79.7376 29.3094 8.0545
      vertex 80.0287 29.7053 7.9703
      vertex 85.2897 25.8073 8.7989
    endloop
  endfacet
  facet normal 0.000000 -0.207912 -0.978148
    outer loop
      vertex 79.7376 29.3094 8.0545
      vertex 85.2897 25.8073 8.7989
      vertex 85.1908 25.6727 8.8275
    endloop
  endfacet
  facet normal 0.805891 0.579146 -0.123003
    outer loop
      vertex 79.8217 15.9552 0.0000
      vertex 80.0287 17.8932 10.4811
      vertex 80.0641 15.6178 0.0000
    endloop
  endfacet
  facet normal 0.804573 -0.580843 0.123628
    outer loop
      vertex 79.8342 27.7396 0.0000
      vertex 80.0774 28.0764 0.0000
      vertex 80.0287 29.7053 7.9703
    endloop
  endfacet
  facet normal 0.781831 0.609840 -0.129748
    outer loop
      vertex 80.0287 17.8932 10.4811
      vertex 80.3396 17.5118 10.5621
      vertex 80.0641 15.6178 0.0000
    endloop
  endfacet
  facet normal 0.000000 -0.207912 -0.978148
    outer loop
      vertex 80.0287 17.8932 10.4811
      vertex 85.1908 21.9258 9.6239
      vertex 85.2897 21.7912 9.6525
    endloop
  endfacet
  facet normal 0.000000 -0.207912 -0.978148
    outer loop
      vertex 80.0287 17.8932 10.4811
      vertex 85.2897 21.7912 9.6525
      vertex 80.3396 17.5118 10.5621
    endloop
  endfacet
  facet normal 0.781831 -0.609908 0.129429
    outer loop
      vertex 80.0287 29.7053 7.9703
      vertex 80.0774 28.0764 0.0000
      vertex 80.3396 30.0867 7.8893
    endloop
  endfacet
  facet normal -0.000000 -0.207912 -0.978148
    outer loop
      vertex 80.0287 29.7053 7.9703
      vertex 80.3396 30.0867 7.8893
      vertex 85.3954 25.9370 8.7713
    endloop
  endfacet
  facet normal -0.000000 -0.207912 -0.978148
    outer loop
      vertex 80.0287 29.7053 7.9703
      vertex 85.3954 25.9370 8.7713
      vertex 85.2897 25.8073 8.7989
    endloop
  endfacet
  facet normal 0.780960 0.610919 -0.129919
    outer loop
      vertex 80.0641 15.6178 0.0000
      vertex 80.3396 17.5118 10.5621
      vertex 80.3198 15.2909 0.0000
    endloop
  endfacet
  facet normal 0.779607 -0.612589 0.130186
    outer loop
      vertex 80.0774 28.0764 0.0000
      vertex 80.3338 28.4027 0.0000
      vertex 80.3396 30.0867 7.8893
    endloop
  endfacet
  facet normal 0.754749 0.641690 -0.136340
    outer loop
      vertex 80.3198 15.2909 0.0000
      vertex 80.3396 17.5118 10.5621
      vertex 80.5885 14.9749 0.0000
    endloop
  endfacet
  facet normal 0.753310 -0.643290 0.136758
    outer loop
      vertex 80.3338 28.4027 0.0000
      vertex 80.6031 28.7181 0.0000
      vertex 80.3396 30.0867 7.8893
    endloop
  endfacet
  facet normal 0.749781 0.647183 -0.137777
    outer loop
      vertex 80.3396 17.5118 10.5621
      vertex 80.6695 17.1462 10.6399
      vertex 80.5885 14.9749 0.0000
    endloop
  endfacet
  facet normal -0.000000 -0.207912 -0.978148
    outer loop
      vertex 80.3396 17.5118 10.5621
      vertex 85.2897 21.7912 9.6525
      vertex 85.3954 21.6615 9.6801
    endloop
  endfacet
  facet normal -0.000000 -0.207912 -0.978148
    outer loop
      vertex 80.3396 17.5118 10.5621
      vertex 85.3954 21.6615 9.6801
      vertex 80.6695 17.1462 10.6399
    endloop
  endfacet
  facet normal 0.749781 -0.647277 0.137332
    outer loop
      vertex 80.3396 30.0867 7.8893
      vertex 80.6031 28.7181 0.0000
      vertex 80.6695 30.4523 7.8115
    endloop
  endfacet
  facet normal 0.000000 -0.207912 -0.978148
    outer loop
      vertex 80.3396 30.0867 7.8893
      vertex 80.6695 30.4523 7.8115
      vertex 85.3954 25.9370 8.7713
    endloop
  endfacet
  facet normal 0.727271 0.671385 -0.142544
    outer loop
      vertex 80.5885 14.9749 0.0000
      vertex 80.6695 17.1462 10.6399
      vertex 80.8695 14.6705 0.0000
    endloop
  endfacet
  facet normal 0.725737 -0.672899 0.143225
    outer loop
      vertex 80.6031 28.7181 0.0000
      vertex 80.8848 29.0219 0.0000
      vertex 80.6695 30.4523 7.8115
    endloop
  endfacet
  facet normal 0.715867 0.682921 -0.145443
    outer loop
      vertex 80.6695 17.1462 10.6399
      vertex 81.0176 16.7970 10.7141
      vertex 80.8695 14.6705 0.0000
    endloop
  endfacet
  facet normal -0.000000 -0.207912 -0.978148
    outer loop
      vertex 80.6695 17.1462 10.6399
      vertex 85.3954 21.6615 9.6801
      vertex 85.5076 21.5372 9.7065
    endloop
  endfacet
  facet normal -0.000000 -0.207912 -0.978148
    outer loop
      vertex 80.6695 17.1462 10.6399
      vertex 85.5076 21.5372 9.7065
      vertex 81.0176 16.7970 10.7141
    endloop
  endfacet
  facet normal 0.715867 -0.683055 0.144812
    outer loop
      vertex 80.6695 30.4523 7.8115
      vertex 80.8848 29.0219 0.0000
      vertex 81.0176 30.8015 7.7373
    endloop
  endfacet
  facet normal -0.000000 -0.207912 -0.978148
    outer loop
      vertex 80.6695 30.4523 7.8115
      vertex 81.0176 30.8015 7.7373
      vertex 85.5076 26.0613 8.7449
    endloop
  endfacet
  facet normal 0.000000 -0.207912 -0.978148
    outer loop
      vertex 80.6695 30.4523 7.8115
      vertex 85.5076 26.0613 8.7449
      vertex 85.3954 25.9370 8.7713
    endloop
  endfacet
  facet normal 0.698566 0.699949 -0.148583
    outer loop
      vertex 80.8695 14.6705 0.0000
      vertex 81.0176 16.7970 10.7141
      vertex 81.1625 14.3781 0.0000
    endloop
  endfacet
  facet normal 0.696957 -0.701388 0.149353
    outer loop
      vertex 80.8848 29.0219 0.0000
      vertex 81.1784 29.3137 0.0000
      vertex 81.0176 30.8015 7.7373
    endloop
  endfacet
  facet normal 0.680173 0.716976 -0.152676
    outer loop
      vertex 81.0176 16.7970 10.7141
      vertex 81.3831 16.4653 10.7846
      vertex 81.1625 14.3781 0.0000
    endloop
  endfacet
  facet normal 0.000000 -0.207912 -0.978148
    outer loop
      vertex 81.0176 16.7970 10.7141
      vertex 85.5076 21.5372 9.7065
      vertex 85.6260 21.4185 9.7318
    endloop
  endfacet
  facet normal -0.000000 -0.207912 -0.978148
    outer loop
      vertex 81.0176 16.7970 10.7141
      vertex 85.6260 21.4185 9.7318
      vertex 85.7503 21.3057 9.7557
    endloop
  endfacet
  facet normal 0.000000 -0.207912 -0.978148
    outer loop
      vertex 81.0176 16.7970 10.7141
      vertex 85.7503 21.3057 9.7557
      vertex 81.3831 16.4653 10.7846
    endloop
  endfacet
  facet normal 0.680173 -0.717114 0.152029
    outer loop
      vertex 81.0176 30.8015 7.7373
      vertex 81.1784 29.3137 0.0000
      vertex 81.3831 31.1332 7.6668
    endloop
  endfacet
  facet normal -0.000000 -0.207912 -0.978148
    outer loop
      vertex 81.0176 30.8015 7.7373
      vertex 81.3831 31.1332 7.6668
      vertex 85.6260 26.1800 8.7197
    endloop
  endfacet
  facet normal 0.000000 -0.207912 -0.978148
    outer loop
      vertex 81.0176 30.8015 7.7373
      vertex 85.6260 26.1800 8.7197
      vertex 85.5076 26.0613 8.7449
    endloop
  endfacet
  facet normal 0.668682 0.727332 -0.154445
    outer loop
      vertex 81.1625 14.3781 0.0000
      vertex 81.3831 16.4653 10.7846
      vertex 81.4670 14.0982 0.0000
    endloop
  endfacet
  facet normal 0.667019 -0.728711 0.155132
    outer loop
      vertex 81.1784 29.3137 0.0000
      vertex 81.4835 29.5929 0.0000
      vertex 81.3831 31.1332 7.6668
    endloop
  endfacet
  facet normal 0.642788 0.749264 -0.159461
    outer loop
      vertex 81.3831 16.4653 10.7846
      vertex 81.7651 16.1518 10.8512
      vertex 81.4670 14.0982 0.0000
    endloop
  endfacet
  facet normal -0.000000 -0.207912 -0.978148
    outer loop
      vertex 81.3831 16.4653 10.7846
      vertex 85.7503 21.3057 9.7557
      vertex 85.8801 21.1991 9.7784
    endloop
  endfacet
  facet normal -0.000000 -0.207912 -0.978148
    outer loop
      vertex 81.3831 16.4653 10.7846
      vertex 85.8801 21.1991 9.7784
      vertex 81.7651 16.1518 10.8512
    endloop
  endfacet
  facet normal 0.642788 -0.749369 0.158965
    outer loop
      vertex 81.3831 31.1332 7.6668
      vertex 81.4835 29.5929 0.0000
      vertex 81.7651 31.4467 7.6002
    endloop
  endfacet
  facet normal 0.000000 -0.207912 -0.978148
    outer loop
      vertex 81.3831 31.1332 7.6668
      vertex 81.7651 31.4467 7.6002
      vertex 85.7503 26.2928 8.6957
    endloop
  endfacet
  facet normal 0.000000 -0.207912 -0.978148
    outer loop
      vertex 81.3831 31.1332 7.6668
      vertex 85.7503 26.2928 8.6957
      vertex 85.6260 26.1800 8.7197
    endloop
  endfacet
  facet normal 0.637669 0.753486 -0.160119
    outer loop
      vertex 81.4670 14.0982 0.0000
      vertex 81.7651 16.1518 10.8512
      vertex 81.7824 13.8312 0.0000
    endloop
  endfacet
  facet normal 0.635974 -0.754825 0.160549
    outer loop
      vertex 81.4835 29.5929 0.0000
      vertex 81.7995 29.8591 0.0000
      vertex 81.7651 31.4467 7.6002
    endloop
  endfacet
  facet normal 0.605590 0.778378 -0.165493
    outer loop
      vertex 81.7651 16.1518 10.8512
      vertex 82.1082 13.5777 0.0000
      vertex 81.7824 13.8312 0.0000
    endloop
  endfacet
  facet normal 0.603804 0.779686 -0.165860
    outer loop
      vertex 81.7651 16.1518 10.8512
      vertex 82.1626 15.8573 10.9138
      vertex 82.1082 13.5777 0.0000
    endloop
  endfacet
  facet normal -0.000000 -0.207912 -0.978148
    outer loop
      vertex 81.7651 16.1518 10.8512
      vertex 85.8801 21.1991 9.7784
      vertex 86.0153 21.0990 9.7997
    endloop
  endfacet
  facet normal 0.000000 -0.207912 -0.978148
    outer loop
      vertex 81.7651 16.1518 10.8512
      vertex 86.0153 21.0990 9.7997
      vertex 82.1626 15.8573 10.9138
    endloop
  endfacet
  facet normal 0.603873 -0.779689 0.165597
    outer loop
      vertex 81.7651 31.4467 7.6002
      vertex 81.7995 29.8591 0.0000
      vertex 82.1259 30.1119 0.0000
    endloop
  endfacet
  facet normal 0.603804 -0.779741 0.165603
    outer loop
      vertex 81.7651 31.4467 7.6002
      vertex 82.1259 30.1119 0.0000
      vertex 82.1626 31.7412 7.5376
    endloop
  endfacet
  facet normal 0.000000 -0.207912 -0.978148
    outer loop
      vertex 81.7651 31.4467 7.6002
      vertex 82.1626 31.7412 7.5376
      vertex 85.8801 26.3994 8.6730
    endloop
  endfacet
  facet normal 0.000000 -0.207912 -0.978148
    outer loop
      vertex 81.7651 31.4467 7.6002
      vertex 85.8801 26.3994 8.6730
      vertex 85.7503 26.2928 8.6957
    endloop
  endfacet
  facet normal 0.572520 0.801996 -0.170364
    outer loop
      vertex 82.1082 13.5777 0.0000
      vertex 82.1626 15.8573 10.9138
      vertex 82.4440 13.3380 0.0000
    endloop
  endfacet
  facet normal 0.570711 -0.803185 0.170832
    outer loop
      vertex 82.1259 30.1119 0.0000
      vertex 82.4621 30.3508 0.0000
      vertex 82.1626 31.7412 7.5376
    endloop
  endfacet
  facet normal 0.563320 0.808134 -0.172018
    outer loop
      vertex 82.1626 15.8573 10.9138
      vertex 82.5745 15.5826 10.9722
      vertex 82.4440 13.3380 0.0000
    endloop
  endfacet
  facet normal 0.000000 -0.207912 -0.978148
    outer loop
      vertex 82.1626 15.8573 10.9138
      vertex 86.0153 21.0990 9.7997
      vertex 82.5745 15.5826 10.9722
    endloop
  endfacet
  facet normal 0.563320 -0.808250 0.171472
    outer loop
      vertex 82.1626 31.7412 7.5376
      vertex 82.4621 30.3508 0.0000
      vertex 82.5745 32.0159 7.4792
    endloop
  endfacet
  facet normal 0.000000 -0.207912 -0.978148
    outer loop
      vertex 82.1626 31.7412 7.5376
      vertex 82.5745 32.0159 7.4792
      vertex 86.1553 26.5929 8.6319
    endloop
  endfacet
  facet normal -0.000000 -0.207912 -0.978148
    outer loop
      vertex 82.1626 31.7412 7.5376
      vertex 86.0153 26.4995 8.6517
      vertex 85.8801 26.3994 8.6730
    endloop
  endfacet
  facet normal 0.000000 -0.207912 -0.978148
    outer loop
      vertex 82.1626 31.7412 7.5376
      vertex 86.1553 26.5929 8.6319
      vertex 86.0153 26.4995 8.6517
    endloop
  endfacet
  facet normal 0.538481 0.824261 -0.175022
    outer loop
      vertex 82.4440 13.3380 0.0000
      vertex 82.5745 15.5826 10.9722
      vertex 82.7890 13.1126 0.0000
    endloop
  endfacet
  facet normal 0.536604 -0.825344 0.175680
    outer loop
      vertex 82.4621 30.3508 0.0000
      vertex 82.8076 30.5755 0.0000
      vertex 82.5745 32.0159 7.4792
    endloop
  endfacet
  facet normal 0.521435 0.834587 -0.177679
    outer loop
      vertex 82.5745 15.5826 10.9722
      vertex 83.0000 15.3282 11.0263
      vertex 82.7890 13.1126 0.0000
    endloop
  endfacet
  facet normal 0.000000 -0.207912 -0.978148
    outer loop
      vertex 82.5745 15.5826 10.9722
      vertex 86.0153 21.0990 9.7997
      vertex 86.1553 21.0056 9.8195
    endloop
  endfacet
  facet normal -0.000000 -0.207912 -0.978148
    outer loop
      vertex 82.5745 15.5826 10.9722
      vertex 86.1553 21.0056 9.8195
      vertex 86.3000 20.9191 9.8379
    endloop
  endfacet
  facet normal -0.000000 -0.207912 -0.978148
    outer loop
      vertex 82.5745 15.5826 10.9722
      vertex 86.3000 20.9191 9.8379
      vertex 83.0000 15.3282 11.0263
    endloop
  endfacet
  facet normal 0.521435 -0.834728 0.177014
    outer loop
      vertex 82.5745 32.0159 7.4792
      vertex 82.8076 30.5755 0.0000
      vertex 83.0000 32.2703 7.4251
    endloop
  endfacet
  facet normal -0.000000 -0.207912 -0.978148
    outer loop
      vertex 82.5745 32.0159 7.4792
      vertex 83.0000 32.2703 7.4251
      vertex 86.3000 26.6794 8.6135
    endloop
  endfacet
  facet normal -0.000000 -0.207912 -0.978148
    outer loop
      vertex 82.5745 32.0159 7.4792
      vertex 86.3000 26.6794 8.6135
      vertex 86.1553 26.5929 8.6319
    endloop
  endfacet
  facet normal 0.503532 0.845134 -0.179456
    outer loop
      vertex 82.7890 13.1126 0.0000
      vertex 83.0000 15.3282 11.0263
      vertex 83.1428 12.9018 0.0000
    endloop
  endfacet
  facet normal 0.501607 -0.846134 0.180131
    outer loop
      vertex 82.8076 30.5755 0.0000
      vertex 83.1618 30.7855 0.0000
      vertex 83.0000 32.2703 7.4251
    endloop
  endfacet
  facet normal 0.478254 0.858980 -0.182830
    outer loop
      vertex 83.0000 15.3282 11.0263
      vertex 83.4379 15.0950 11.0759
      vertex 83.1428 12.9018 0.0000
    endloop
  endfacet
  facet normal 0.000000 -0.207912 -0.978148
    outer loop
      vertex 83.0000 15.3282 11.0263
      vertex 86.3000 20.9191 9.8379
      vertex 86.4489 20.8398 9.8548
    endloop
  endfacet
  facet normal 0.000000 -0.207912 -0.978148
    outer loop
      vertex 83.0000 15.3282 11.0263
      vertex 86.4489 20.8398 9.8548
      vertex 83.4379 15.0950 11.0759
    endloop
  endfacet
  facet normal 0.478254 -0.859110 0.182217
    outer loop
      vertex 83.0000 32.2703 7.4251
      vertex 83.1618 30.7855 0.0000
      vertex 83.4379 32.5035 7.3756
    endloop
  endfacet
  facet normal 0.000000 -0.207912 -0.978148
    outer loop
      vertex 83.0000 32.2703 7.4251
      vertex 83.4379 32.5035 7.3756
      vertex 86.3000 26.6794 8.6135
    endloop
  endfacet
  facet normal 0.467733 0.864578 -0.183659
    outer loop
      vertex 83.1428 12.9018 0.0000
      vertex 83.4379 15.0950 11.0759
      vertex 83.5047 12.7060 0.0000
    endloop
  endfacet
  facet normal 0.465779 -0.865522 0.184177
    outer loop
      vertex 83.1618 30.7855 0.0000
      vertex 83.5242 30.9805 0.0000
      vertex 83.4379 32.5035 7.3756
    endloop
  endfacet
  facet normal 0.433884 0.881251 -0.187459
    outer loop
      vertex 83.4379 15.0950 11.0759
      vertex 83.8871 14.8834 11.1208
      vertex 83.5047 12.7060 0.0000
    endloop
  endfacet
  facet normal -0.000000 -0.207912 -0.978148
    outer loop
      vertex 83.4379 15.0950 11.0759
      vertex 86.4489 20.8398 9.8548
      vertex 86.6016 20.7679 9.8701
    endloop
  endfacet
  facet normal -0.000000 -0.207912 -0.978148
    outer loop
      vertex 83.4379 15.0950 11.0759
      vertex 86.6016 20.7679 9.8701
      vertex 83.8871 14.8834 11.1208
    endloop
  endfacet
  facet normal 0.433884 -0.881334 0.187069
    outer loop
      vertex 83.4379 32.5035 7.3756
      vertex 83.5242 30.9805 0.0000
      vertex 83.8871 32.7151 7.3306
    endloop
  endfacet
  facet normal 0.000000 -0.207912 -0.978148
    outer loop
      vertex 83.4379 32.5035 7.3756
      vertex 83.8871 32.7151 7.3306
      vertex 86.4489 26.7587 8.5967
    endloop
  endfacet
  facet normal -0.000000 -0.207912 -0.978148
    outer loop
      vertex 83.4379 32.5035 7.3756
      vertex 86.4489 26.7587 8.5967
      vertex 86.3000 26.6794 8.6135
    endloop
  endfacet
  facet normal 0.431145 0.882560 -0.187621
    outer loop
      vertex 83.5047 12.7060 0.0000
      vertex 83.8871 14.8834 11.1208
      vertex 83.8742 12.5256 0.0000
    endloop
  endfacet
  facet normal 0.429178 -0.883478 0.187810
    outer loop
      vertex 83.5242 30.9805 0.0000
      vertex 83.8940 31.1601 0.0000
      vertex 83.8871 32.7151 7.3306
    endloop
  endfacet
  facet normal 0.393849 0.899094 -0.191083
    outer loop
      vertex 83.8742 12.5256 0.0000
      vertex 83.8871 14.8834 11.1208
      vertex 84.2505 12.3607 0.0000
    endloop
  endfacet
  facet normal 0.388435 0.901302 -0.191761
    outer loop
      vertex 83.8871 14.8834 11.1208
      vertex 84.3466 14.6939 11.1611
      vertex 84.2505 12.3607 0.0000
    endloop
  endfacet
  facet normal 0.000000 -0.207912 -0.978148
    outer loop
      vertex 83.8871 14.8834 11.1208
      vertex 86.6016 20.7679 9.8701
      vertex 86.7578 20.7034 9.8837
    endloop
  endfacet
  facet normal 0.000000 -0.207912 -0.978148
    outer loop
      vertex 83.8871 14.8834 11.1208
      vertex 86.7578 20.7034 9.8837
      vertex 84.3466 14.6939 11.1611
    endloop
  endfacet
  facet normal 0.391845 -0.899931 0.191265
    outer loop
      vertex 83.8871 32.7151 7.3306
      vertex 83.8940 31.1601 0.0000
      vertex 84.2707 31.3242 0.0000
    endloop
  endfacet
  facet normal 0.388435 -0.901387 0.191363
    outer loop
      vertex 83.8871 32.7151 7.3306
      vertex 84.2707 31.3242 0.0000
      vertex 84.3466 32.9046 7.2903
    endloop
  endfacet
  facet normal 0.000000 -0.207912 -0.978148
    outer loop
      vertex 83.8871 32.7151 7.3306
      vertex 84.3466 32.9046 7.2903
      vertex 86.7578 26.8951 8.5677
    endloop
  endfacet
  facet normal 0.000000 -0.207912 -0.978148
    outer loop
      vertex 83.8871 32.7151 7.3306
      vertex 86.6016 26.8306 8.5814
      vertex 86.4489 26.7587 8.5967
    endloop
  endfacet
  facet normal -0.000000 -0.207912 -0.978148
    outer loop
      vertex 83.8871 32.7151 7.3306
      vertex 86.7578 26.8951 8.5677
      vertex 86.6016 26.8306 8.5814
    endloop
  endfacet
  facet normal 0.355897 0.914132 -0.194163
    outer loop
      vertex 84.2505 12.3607 0.0000
      vertex 84.3466 14.6939 11.1611
      vertex 84.6332 12.2117 0.0000
    endloop
  endfacet
  facet normal 0.353838 -0.914831 0.194637
    outer loop
      vertex 84.2707 31.3242 0.0000
      vertex 84.6537 31.4723 0.0000
      vertex 84.3466 32.9046 7.2903
    endloop
  endfacet
  facet normal 0.342020 0.919104 -0.195625
    outer loop
      vertex 84.3466 14.6939 11.1611
      vertex 84.8151 14.5271 11.1966
      vertex 84.6332 12.2117 0.0000
    endloop
  endfacet
  facet normal -0.000000 -0.207912 -0.978148
    outer loop
      vertex 84.3466 14.6939 11.1611
      vertex 86.7578 20.7034 9.8837
      vertex 84.8151 14.5271 11.1966
    endloop
  endfacet
  facet normal 0.342020 -0.919236 0.195004
    outer loop
      vertex 84.3466 32.9046 7.2903
      vertex 84.6537 31.4723 0.0000
      vertex 84.8151 33.0714 7.2549
    endloop
  endfacet
  facet normal -0.000000 -0.207912 -0.978148
    outer loop
      vertex 84.3466 32.9046 7.2903
      vertex 84.8151 33.0714 7.2549
      vertex 86.7578 26.8951 8.5677
    endloop
  endfacet
  facet normal 0.999689 0.024386 -0.005183
    outer loop
      vertex 84.6000 23.7992 9.2257
      vertex 84.6000 24.9428 14.6055
      vertex 84.6042 24.7770 14.6408
    endloop
  endfacet
  facet normal 0.999689 -0.024386 0.005183
    outer loop
      vertex 84.6000 23.7992 9.2257
      vertex 84.6042 23.9650 9.1905
      vertex 84.6000 24.9428 14.6055
    endloop
  endfacet
  facet normal 0.999689 0.024386 -0.005183
    outer loop
      vertex 84.6000 23.7992 9.2257
      vertex 84.6042 24.7770 14.6408
      vertex 84.6042 23.6335 9.2609
    endloop
  endfacet
  facet normal 0.999689 -0.024386 0.005183
    outer loop
      vertex 84.6000 24.9428 14.6055
      vertex 84.6042 23.9650 9.1905
      vertex 84.6042 25.1085 14.5703
    endloop
  endfacet
  facet normal 0.997204 0.073097 -0.015537
    outer loop
      vertex 84.6042 23.6335 9.2609
      vertex 84.6042 24.7770 14.6408
      vertex 84.6169 24.6116 14.6759
    endloop
  endfacet
  facet normal 0.997204 0.073097 -0.015537
    outer loop
      vertex 84.6042 23.6335 9.2609
      vertex 84.6169 24.6116 14.6759
      vertex 84.6169 23.4681 9.2961
    endloop
  endfacet
  facet normal 0.997204 -0.073097 0.015537
    outer loop
      vertex 84.6042 23.9650 9.1905
      vertex 84.6169 24.1304 9.1553
      vertex 84.6042 25.1085 14.5703
    endloop
  endfacet
  facet normal 0.997204 -0.073097 0.015537
    outer loop
      vertex 84.6042 25.1085 14.5703
      vertex 84.6169 24.1304 9.1553
      vertex 84.6169 25.2739 14.5351
    endloop
  endfacet
  facet normal 0.992239 0.121626 -0.025853
    outer loop
      vertex 84.6169 23.4681 9.2961
      vertex 84.6169 24.6116 14.6759
      vertex 84.6380 24.4471 14.7109
    endloop
  endfacet
  facet normal 0.992239 0.121626 -0.025853
    outer loop
      vertex 84.6169 23.4681 9.2961
      vertex 84.6380 24.4471 14.7109
      vertex 84.6380 23.3036 9.3311
    endloop
  endfacet
  facet normal 0.992239 -0.121626 0.025853
    outer loop
      vertex 84.6169 24.1304 9.1553
      vertex 84.6380 24.2949 9.1204
      vertex 84.6169 25.2739 14.5351
    endloop
  endfacet
  facet normal 0.992239 -0.121626 0.025853
    outer loop
      vertex 84.6169 25.2739 14.5351
      vertex 84.6380 24.2949 9.1204
      vertex 84.6380 25.4384 14.5002
    endloop
  endfacet
  facet normal 0.317343 0.927626 -0.196986
    outer loop
      vertex 84.6332 12.2117 0.0000
      vertex 84.8151 14.5271 11.1966
      vertex 85.0215 12.0789 0.0000
    endloop
  endfacet
  facet normal 0.984808 0.169854 -0.036103
    outer loop
      vertex 84.6380 23.3036 9.3311
      vertex 84.6380 24.4471 14.7109
      vertex 84.6674 23.1403 9.3658
    endloop
  endfacet
  facet normal 0.984808 -0.169854 0.036103
    outer loop
      vertex 84.6380 24.2949 9.1204
      vertex 84.6674 24.4582 9.0856
      vertex 84.6380 25.4384 14.5002
    endloop
  endfacet
  facet normal 0.984808 0.169854 -0.036103
    outer loop
      vertex 84.6380 24.4471 14.7109
      vertex 84.6674 24.2838 14.7456
      vertex 84.6674 23.1403 9.3658
    endloop
  endfacet
  facet normal 0.984808 -0.169854 0.036103
    outer loop
      vertex 84.6380 25.4384 14.5002
      vertex 84.6674 24.4582 9.0856
      vertex 84.6674 25.6017 14.4655
    endloop
  endfacet
  facet normal 0.315247 -0.928214 0.197579
    outer loop
      vertex 84.6537 31.4723 0.0000
      vertex 85.0423 31.6043 0.0000
      vertex 84.8151 33.0714 7.2549
    endloop
  endfacet
  facet normal 0.974928 0.217658 -0.046265
    outer loop
      vertex 84.6674 23.1403 9.3658
      vertex 84.6674 24.2838 14.7456
      vertex 84.7051 24.1221 14.7800
    endloop
  endfacet
  facet normal 0.974928 0.217658 -0.046265
    outer loop
      vertex 84.6674 23.1403 9.3658
      vertex 84.7051 24.1221 14.7800
      vertex 84.7051 22.9786 9.4001
    endloop
  endfacet
  facet normal 0.974928 -0.217658 0.046265
    outer loop
      vertex 84.6674 24.4582 9.0856
      vertex 84.7051 24.6199 9.0513
      vertex 84.6674 25.6017 14.4655
    endloop
  endfacet
  facet normal 0.974928 -0.217658 0.046265
    outer loop
      vertex 84.6674 25.6017 14.4655
      vertex 84.7051 24.6199 9.0513
      vertex 84.7051 25.7634 14.4311
    endloop
  endfacet
  facet normal 0.962624 0.264922 -0.056311
    outer loop
      vertex 84.7051 22.9786 9.4001
      vertex 84.7051 24.1221 14.7800
      vertex 84.7511 22.8190 9.4341
    endloop
  endfacet
  facet normal 0.962624 0.264922 -0.056311
    outer loop
      vertex 84.7051 24.1221 14.7800
      vertex 84.7511 23.9625 14.8139
      vertex 84.7511 22.8190 9.4341
    endloop
  endfacet
  facet normal 0.962624 -0.264922 0.056311
    outer loop
      vertex 84.7051 24.6199 9.0513
      vertex 84.7511 24.7795 9.0173
      vertex 84.7051 25.7634 14.4311
    endloop
  endfacet
  facet normal 0.962624 -0.264922 0.056311
    outer loop
      vertex 84.7051 25.7634 14.4311
      vertex 84.7511 24.7795 9.0173
      vertex 84.7511 25.9230 14.3972
    endloop
  endfacet
  facet normal 0.947927 0.311527 -0.066217
    outer loop
      vertex 84.7511 22.8190 9.4341
      vertex 84.7511 23.9625 14.8139
      vertex 84.8050 23.8053 14.8473
    endloop
  endfacet
  facet normal 0.947927 0.311527 -0.066217
    outer loop
      vertex 84.7511 22.8190 9.4341
      vertex 84.8050 23.8053 14.8473
      vertex 84.8050 22.6618 9.4675
    endloop
  endfacet
  facet normal 0.947927 -0.311527 0.066217
    outer loop
      vertex 84.7511 24.7795 9.0173
      vertex 84.8050 24.9367 8.9839
      vertex 84.7511 25.9230 14.3972
    endloop
  endfacet
  facet normal 0.947927 -0.311527 0.066217
    outer loop
      vertex 84.7511 25.9230 14.3972
      vertex 84.8050 24.9367 8.9839
      vertex 84.8050 26.0802 14.3637
    endloop
  endfacet
  facet normal 0.930874 0.357357 -0.075959
    outer loop
      vertex 84.8050 22.6618 9.4675
      vertex 84.8050 23.8053 14.8473
      vertex 84.8670 22.5074 9.5003
    endloop
  endfacet
  facet normal 0.930874 0.357357 -0.075959
    outer loop
      vertex 84.8050 23.8053 14.8473
      vertex 84.8670 23.6509 14.8801
      vertex 84.8670 22.5074 9.5003
    endloop
  endfacet
  facet normal 0.930874 -0.357357 0.075959
    outer loop
      vertex 84.8050 24.9367 8.9839
      vertex 84.8670 25.0911 8.9511
      vertex 84.8050 26.0802 14.3637
    endloop
  endfacet
  facet normal 0.930874 -0.357357 0.075959
    outer loop
      vertex 84.8050 26.0802 14.3637
      vertex 84.8670 25.0911 8.9511
      vertex 84.8670 26.2346 14.3309
    endloop
  endfacet
  facet normal 0.294755 0.934636 -0.198936
    outer loop
      vertex 84.8151 14.5271 11.1966
      vertex 85.2916 14.3834 11.2271
      vertex 85.0215 12.0789 0.0000
    endloop
  endfacet
  facet normal 0.000000 -0.207912 -0.978148
    outer loop
      vertex 84.8151 14.5271 11.1966
      vertex 86.7578 20.7034 9.8837
      vertex 86.9171 20.6467 9.8958
    endloop
  endfacet
  facet normal -0.000000 -0.207912 -0.978148
    outer loop
      vertex 84.8151 14.5271 11.1966
      vertex 86.9171 20.6467 9.8958
      vertex 87.0791 20.5978 9.9062
    endloop
  endfacet
  facet normal 0.000000 -0.207912 -0.978148
    outer loop
      vertex 84.8151 14.5271 11.1966
      vertex 87.0791 20.5978 9.9062
      vertex 85.2916 14.3834 11.2271
    endloop
  endfacet
  facet normal 0.294755 -0.934778 0.198265
    outer loop
      vertex 84.8151 33.0714 7.2549
      vertex 85.0423 31.6043 0.0000
      vertex 85.2916 33.2151 7.2243
    endloop
  endfacet
  facet normal -0.000000 -0.207912 -0.978148
    outer loop
      vertex 84.8151 33.0714 7.2549
      vertex 85.2916 33.2151 7.2243
      vertex 86.9171 26.9518 8.5556
    endloop
  endfacet
  facet normal -0.000000 -0.207912 -0.978148
    outer loop
      vertex 84.8151 33.0714 7.2549
      vertex 86.9171 26.9518 8.5556
      vertex 86.7578 26.8951 8.5677
    endloop
  endfacet
  facet normal 0.911506 0.402299 -0.085511
    outer loop
      vertex 84.8670 22.5074 9.5003
      vertex 84.8670 23.6509 14.8801
      vertex 84.9367 23.4998 14.9122
    endloop
  endfacet
  facet normal 0.911506 0.402299 -0.085511
    outer loop
      vertex 84.8670 22.5074 9.5003
      vertex 84.9367 23.4998 14.9122
      vertex 84.9367 22.3563 9.5324
    endloop
  endfacet
  facet normal 0.911506 -0.402299 0.085511
    outer loop
      vertex 84.8670 25.0911 8.9511
      vertex 84.9367 25.2422 8.9190
      vertex 84.8670 26.2346 14.3309
    endloop
  endfacet
  facet normal 0.911506 -0.402299 0.085511
    outer loop
      vertex 84.8670 26.2346 14.3309
      vertex 84.9367 25.2422 8.9190
      vertex 84.9367 26.3857 14.2988
    endloop
  endfacet
  facet normal 0.889872 0.446241 -0.094852
    outer loop
      vertex 84.9367 22.3563 9.5324
      vertex 84.9367 23.4998 14.9122
      vertex 85.0140 23.3522 14.9436
    endloop
  endfacet
  facet normal 0.889872 0.446241 -0.094852
    outer loop
      vertex 84.9367 22.3563 9.5324
      vertex 85.0140 23.3522 14.9436
      vertex 85.0140 22.2087 9.5638
    endloop
  endfacet
  facet normal 0.889872 -0.446241 0.094852
    outer loop
      vertex 84.9367 25.2422 8.9190
      vertex 85.0140 25.3898 8.8876
      vertex 85.0140 26.5333 14.2674
    endloop
  endfacet
  facet normal 0.889872 -0.446241 0.094852
    outer loop
      vertex 84.9367 25.2422 8.9190
      vertex 85.0140 26.5333 14.2674
      vertex 84.9367 26.3857 14.2988
    endloop
  endfacet
  facet normal 0.866025 0.489074 -0.103956
    outer loop
      vertex 85.0140 22.2087 9.5638
      vertex 85.0140 23.3522 14.9436
      vertex 85.0988 23.2086 14.9741
    endloop
  endfacet
  facet normal 0.866025 0.489074 -0.103956
    outer loop
      vertex 85.0140 22.2087 9.5638
      vertex 85.0988 23.2086 14.9741
      vertex 85.0988 22.0651 9.5943
    endloop
  endfacet
  facet normal 0.866025 -0.489074 0.103956
    outer loop
      vertex 85.0140 25.3898 8.8876
      vertex 85.0988 25.5334 8.8571
      vertex 85.0140 26.5333 14.2674
    endloop
  endfacet
  facet normal 0.866025 -0.489074 0.103956
    outer loop
      vertex 85.0140 26.5333 14.2674
      vertex 85.0988 25.5334 8.8571
      vertex 85.0988 26.6769 14.2369
    endloop
  endfacet
  facet normal 0.278251 0.939551 -0.199548
    outer loop
      vertex 85.0215 12.0789 0.0000
      vertex 85.2916 14.3834 11.2271
      vertex 85.4148 11.9624 0.0000
    endloop
  endfacet
  facet normal 0.276134 -0.940062 0.200085
    outer loop
      vertex 85.0423 31.6043 0.0000
      vertex 85.4359 31.7199 0.0000
      vertex 85.2916 33.2151 7.2243
    endloop
  endfacet
  facet normal 0.840026 0.530690 -0.112802
    outer loop
      vertex 85.0988 22.0651 9.5943
      vertex 85.0988 23.2086 14.9741
      vertex 85.1908 21.9258 9.6239
    endloop
  endfacet
  facet normal 0.840026 0.530690 -0.112802
    outer loop
      vertex 85.0988 23.2086 14.9741
      vertex 85.1908 23.0693 15.0037
      vertex 85.1908 21.9258 9.6239
    endloop
  endfacet
  facet normal 0.840026 -0.530690 0.112802
    outer loop
      vertex 85.0988 25.5334 8.8571
      vertex 85.1908 25.6727 8.8275
      vertex 85.0988 26.6769 14.2369
    endloop
  endfacet
  facet normal 0.840026 -0.530690 0.112802
    outer loop
      vertex 85.0988 26.6769 14.2369
      vertex 85.1908 25.6727 8.8275
      vertex 85.1908 26.8162 14.2073
    endloop
  endfacet
  facet normal 0.811938 0.570987 -0.121367
    outer loop
      vertex 85.1908 21.9258 9.6239
      vertex 85.1908 23.0693 15.0037
      vertex 85.2897 22.9347 15.0323
    endloop
  endfacet
  facet normal 0.811938 0.570987 -0.121367
    outer loop
      vertex 85.1908 21.9258 9.6239
      vertex 85.2897 22.9347 15.0323
      vertex 85.2897 21.7912 9.6525
    endloop
  endfacet
  facet normal 0.811938 -0.570987 0.121367
    outer loop
      vertex 85.1908 25.6727 8.8275
      vertex 85.2897 25.8073 8.7989
      vertex 85.1908 26.8162 14.2073
    endloop
  endfacet
  facet normal 0.811938 -0.570987 0.121367
    outer loop
      vertex 85.1908 26.8162 14.2073
      vertex 85.2897 25.8073 8.7989
      vertex 85.2897 26.9508 14.1787
    endloop
  endfacet
  facet normal 0.781831 0.609865 -0.129631
    outer loop
      vertex 85.2897 21.7912 9.6525
      vertex 85.2897 22.9347 15.0323
      vertex 85.3954 22.8050 15.0599
    endloop
  endfacet
  facet normal 0.781831 0.609865 -0.129631
    outer loop
      vertex 85.2897 21.7912 9.6525
      vertex 85.3954 22.8050 15.0599
      vertex 85.3954 21.6615 9.6801
    endloop
  endfacet
  facet normal 0.781831 -0.609865 0.129631
    outer loop
      vertex 85.2897 25.8073 8.7989
      vertex 85.3954 25.9370 8.7713
      vertex 85.3954 27.0805 14.1511
    endloop
  endfacet
  facet normal 0.781831 -0.609865 0.129631
    outer loop
      vertex 85.2897 25.8073 8.7989
      vertex 85.3954 27.0805 14.1511
      vertex 85.2897 26.9508 14.1787
    endloop
  endfacet
  facet normal 0.246757 0.947858 -0.201684
    outer loop
      vertex 85.2916 14.3834 11.2271
      vertex 85.7748 14.2630 11.2527
      vertex 85.4148 11.9624 0.0000
    endloop
  endfacet
  facet normal 0.000000 -0.207912 -0.978148
    outer loop
      vertex 85.2916 14.3834 11.2271
      vertex 87.0791 20.5978 9.9062
      vertex 87.2434 20.5569 9.9149
    endloop
  endfacet
  facet normal 0.000000 -0.207912 -0.978148
    outer loop
      vertex 85.2916 14.3834 11.2271
      vertex 87.2434 20.5569 9.9149
      vertex 85.7748 14.2630 11.2527
    endloop
  endfacet
  facet normal 0.246757 -0.947974 0.201136
    outer loop
      vertex 85.2916 33.2151 7.2243
      vertex 85.4359 31.7199 0.0000
      vertex 85.7748 33.3355 7.1987
    endloop
  endfacet
  facet normal 0.000000 -0.207912 -0.978148
    outer loop
      vertex 85.2916 33.2151 7.2243
      vertex 85.7748 33.3355 7.1987
      vertex 87.0791 27.0007 8.5452
    endloop
  endfacet
  facet normal 0.000000 -0.207912 -0.978148
    outer loop
      vertex 85.2916 33.2151 7.2243
      vertex 87.0791 27.0007 8.5452
      vertex 86.9171 26.9518 8.5556
    endloop
  endfacet
  facet normal 0.749781 0.647226 -0.137572
    outer loop
      vertex 85.3954 21.6615 9.6801
      vertex 85.3954 22.8050 15.0599
      vertex 85.5076 21.5372 9.7065
    endloop
  endfacet
  facet normal 0.749781 0.647226 -0.137572
    outer loop
      vertex 85.3954 22.8050 15.0599
      vertex 85.5076 22.6807 15.0863
      vertex 85.5076 21.5372 9.7065
    endloop
  endfacet
  facet normal 0.749781 -0.647226 0.137572
    outer loop
      vertex 85.3954 25.9370 8.7713
      vertex 85.5076 26.0613 8.7449
      vertex 85.3954 27.0805 14.1511
    endloop
  endfacet
  facet normal 0.749781 -0.647226 0.137572
    outer loop
      vertex 85.3954 27.0805 14.1511
      vertex 85.5076 26.0613 8.7449
      vertex 85.5076 27.2048 14.1247
    endloop
  endfacet
  facet normal 0.238690 0.949888 -0.201841
    outer loop
      vertex 85.4148 11.9624 0.0000
      vertex 85.7748 14.2630 11.2527
      vertex 85.8124 11.8625 0.0000
    endloop
  endfacet
  facet normal 0.236564 -0.950354 0.202150
    outer loop
      vertex 85.4359 31.7199 0.0000
      vertex 85.8337 31.8189 0.0000
      vertex 85.7748 33.3355 7.1987
    endloop
  endfacet
  facet normal 0.715867 0.682979 -0.145172
    outer loop
      vertex 85.5076 21.5372 9.7065
      vertex 85.5076 22.6807 15.0863
      vertex 85.6260 22.5620 15.1116
    endloop
  endfacet
  facet normal 0.715867 0.682979 -0.145172
    outer loop
      vertex 85.5076 21.5372 9.7065
      vertex 85.6260 22.5620 15.1116
      vertex 85.6260 21.4185 9.7318
    endloop
  endfacet
  facet normal 0.715867 -0.682979 0.145172
    outer loop
      vertex 85.5076 26.0613 8.7449
      vertex 85.6260 26.1800 8.7197
      vertex 85.6260 27.3235 14.0995
    endloop
  endfacet
  facet normal 0.715867 -0.682979 0.145172
    outer loop
      vertex 85.5076 26.0613 8.7449
      vertex 85.6260 27.3235 14.0995
      vertex 85.5076 27.2048 14.1247
    endloop
  endfacet
  facet normal 0.680173 0.717033 -0.152410
    outer loop
      vertex 85.6260 21.4185 9.7318
      vertex 85.6260 22.5620 15.1116
      vertex 85.7503 22.4492 15.1355
    endloop
  endfacet
  facet normal 0.680173 0.717033 -0.152410
    outer loop
      vertex 85.6260 21.4185 9.7318
      vertex 85.7503 22.4492 15.1355
      vertex 85.7503 21.3057 9.7557
    endloop
  endfacet
  facet normal 0.680173 -0.717033 0.152410
    outer loop
      vertex 85.6260 26.1800 8.7197
      vertex 85.7503 26.2928 8.6957
      vertex 85.6260 27.3235 14.0995
    endloop
  endfacet
  facet normal 0.680173 -0.717033 0.152410
    outer loop
      vertex 85.6260 27.3235 14.0995
      vertex 85.7503 26.2928 8.6957
      vertex 85.7503 27.4363 14.0755
    endloop
  endfacet
  facet normal 0.642788 0.749305 -0.159270
    outer loop
      vertex 85.7503 21.3057 9.7557
      vertex 85.7503 22.4492 15.1355
      vertex 85.8801 22.3426 15.1582
    endloop
  endfacet
  facet normal 0.642788 0.749305 -0.159270
    outer loop
      vertex 85.7503 21.3057 9.7557
      vertex 85.8801 22.3426 15.1582
      vertex 85.8801 21.1991 9.7784
    endloop
  endfacet
  facet normal 0.642788 -0.749305 0.159270
    outer loop
      vertex 85.7503 26.2928 8.6957
      vertex 85.8801 26.3994 8.6730
      vertex 85.8801 27.5429 14.0528
    endloop
  endfacet
  facet normal 0.642788 -0.749305 0.159270
    outer loop
      vertex 85.7503 26.2928 8.6957
      vertex 85.8801 27.5429 14.0528
      vertex 85.7503 27.4363 14.0755
    endloop
  endfacet
  facet normal 0.198729 0.958622 -0.203838
    outer loop
      vertex 85.7748 14.2630 11.2527
      vertex 86.2137 11.7793 0.0000
      vertex 85.8124 11.8625 0.0000
    endloop
  endfacet
  facet normal 0.198146 0.958733 -0.203885
    outer loop
      vertex 85.7748 14.2630 11.2527
      vertex 86.2635 14.1664 11.2732
      vertex 86.2137 11.7793 0.0000
    endloop
  endfacet
  facet normal 0.000000 -0.207912 -0.978148
    outer loop
      vertex 85.7748 14.2630 11.2527
      vertex 87.2434 20.5569 9.9149
      vertex 87.4096 20.5241 9.9219
    endloop
  endfacet
  facet normal -0.000000 -0.207912 -0.978148
    outer loop
      vertex 85.7748 14.2630 11.2527
      vertex 87.4096 20.5241 9.9219
      vertex 86.2635 14.1664 11.2732
    endloop
  endfacet
  facet normal 0.198146 -0.958791 0.203613
    outer loop
      vertex 85.7748 33.3355 7.1987
      vertex 85.8337 31.8189 0.0000
      vertex 86.2635 33.4321 7.1782
    endloop
  endfacet
  facet normal -0.000000 -0.207912 -0.978148
    outer loop
      vertex 85.7748 33.3355 7.1987
      vertex 86.2635 33.4321 7.1782
      vertex 87.2434 27.0416 8.5365
    endloop
  endfacet
  facet normal 0.000000 -0.207912 -0.978148
    outer loop
      vertex 85.7748 33.3355 7.1987
      vertex 87.2434 27.0416 8.5365
      vertex 87.0791 27.0007 8.5452
    endloop
  endfacet
  facet normal 0.196600 -0.959076 0.203770
    outer loop
      vertex 85.8337 31.8189 0.0000
      vertex 86.2352 31.9012 0.0000
      vertex 86.2635 33.4321 7.1782
    endloop
  endfacet
  facet normal 0.603804 0.779713 -0.165733
    outer loop
      vertex 85.8801 21.1991 9.7784
      vertex 85.8801 22.3426 15.1582
      vertex 86.0153 21.0990 9.7997
    endloop
  endfacet
  facet normal 0.603804 0.779713 -0.165733
    outer loop
      vertex 85.8801 22.3426 15.1582
      vertex 86.0153 22.2425 15.1795
      vertex 86.0153 21.0990 9.7997
    endloop
  endfacet
  facet normal 0.603804 -0.779713 0.165733
    outer loop
      vertex 85.8801 26.3994 8.6730
      vertex 86.0153 26.4995 8.6517
      vertex 86.0153 27.6430 14.0316
    endloop
  endfacet
  facet normal 0.603804 -0.779713 0.165733
    outer loop
      vertex 85.8801 26.3994 8.6730
      vertex 86.0153 27.6430 14.0316
      vertex 85.8801 27.5429 14.0528
    endloop
  endfacet
  facet normal 0.563320 0.808183 -0.171785
    outer loop
      vertex 86.0153 21.0990 9.7997
      vertex 86.0153 22.2425 15.1795
      vertex 86.1553 22.1491 15.1993
    endloop
  endfacet
  facet normal 0.563320 0.808183 -0.171785
    outer loop
      vertex 86.0153 21.0990 9.7997
      vertex 86.1553 22.1491 15.1993
      vertex 86.1553 21.0056 9.8195
    endloop
  endfacet
  facet normal 0.563320 -0.808183 0.171785
    outer loop
      vertex 86.0153 26.4995 8.6517
      vertex 86.1553 26.5929 8.6319
      vertex 86.0153 27.6430 14.0316
    endloop
  endfacet
  facet normal 0.563320 -0.808183 0.171785
    outer loop
      vertex 86.0153 27.6430 14.0316
      vertex 86.1553 26.5929 8.6319
      vertex 86.1553 27.7364 14.0117
    endloop
  endfacet
  facet normal 0.521435 0.834644 -0.177409
    outer loop
      vertex 86.1553 21.0056 9.8195
      vertex 86.1553 22.1491 15.1993
      vertex 86.3000 20.9191 9.8379
    endloop
  endfacet
  facet normal 0.521435 0.834644 -0.177409
    outer loop
      vertex 86.1553 22.1491 15.1993
      vertex 86.3000 22.0626 15.2177
      vertex 86.3000 20.9191 9.8379
    endloop
  endfacet
  facet normal 0.521435 -0.834644 0.177409
    outer loop
      vertex 86.1553 26.5929 8.6319
      vertex 86.3000 26.6794 8.6135
      vertex 86.3000 27.8229 13.9933
    endloop
  endfacet
  facet normal 0.521435 -0.834644 0.177409
    outer loop
      vertex 86.1553 26.5929 8.6319
      vertex 86.3000 27.8229 13.9933
      vertex 86.1553 27.7364 14.0117
    endloop
  endfacet
  facet normal 0.158446 0.965808 -0.205208
    outer loop
      vertex 86.2137 11.7793 0.0000
      vertex 86.2635 14.1664 11.2732
      vertex 86.6180 11.7130 0.0000
    endloop
  endfacet
  facet normal 0.156290 -0.966112 0.205430
    outer loop
      vertex 86.2352 31.9012 0.0000
      vertex 86.6396 31.9666 0.0000
      vertex 86.2635 33.4321 7.1782
    endloop
  endfacet
  facet normal 0.149042 0.967177 -0.205802
    outer loop
      vertex 86.2635 14.1664 11.2732
      vertex 86.7566 14.0937 11.2887
      vertex 86.6180 11.7130 0.0000
    endloop
  endfacet
  facet normal -0.000000 -0.207912 -0.978148
    outer loop
      vertex 86.2635 14.1664 11.2732
      vertex 87.4096 20.5241 9.9219
      vertex 87.5772 20.4994 9.9271
    endloop
  endfacet
  facet normal 0.000000 -0.207912 -0.978148
    outer loop
      vertex 86.2635 14.1664 11.2732
      vertex 87.5772 20.4994 9.9271
      vertex 86.7566 14.0937 11.2887
    endloop
  endfacet
  facet normal 0.149042 -0.967286 0.205290
    outer loop
      vertex 86.2635 33.4321 7.1782
      vertex 86.6396 31.9666 0.0000
      vertex 86.7566 33.5048 7.1627
    endloop
  endfacet
  facet normal -0.000000 -0.207912 -0.978148
    outer loop
      vertex 86.2635 33.4321 7.1782
      vertex 86.7566 33.5048 7.1627
      vertex 87.5772 27.0991 8.5243
    endloop
  endfacet
  facet normal -0.000000 -0.207912 -0.978148
    outer loop
      vertex 86.2635 33.4321 7.1782
      vertex 87.4096 27.0744 8.5295
      vertex 87.2434 27.0416 8.5365
    endloop
  endfacet
  facet normal 0.000000 -0.207912 -0.978148
    outer loop
      vertex 86.2635 33.4321 7.1782
      vertex 87.5772 27.0991 8.5243
      vertex 87.4096 27.0744 8.5295
    endloop
  endfacet
  facet normal 0.478254 0.859030 -0.182593
    outer loop
      vertex 86.3000 20.9191 9.8379
      vertex 86.3000 22.0626 15.2177
      vertex 86.4489 21.9833 15.2346
    endloop
  endfacet
  facet normal 0.478254 0.859030 -0.182593
    outer loop
      vertex 86.3000 20.9191 9.8379
      vertex 86.4489 21.9833 15.2346
      vertex 86.4489 20.8398 9.8548
    endloop
  endfacet
  facet normal 0.478254 -0.859030 0.182593
    outer loop
      vertex 86.3000 26.6794 8.6135
      vertex 86.4489 26.7587 8.5967
      vertex 86.4489 27.9022 13.9765
    endloop
  endfacet
  facet normal 0.478254 -0.859030 0.182593
    outer loop
      vertex 86.3000 26.6794 8.6135
      vertex 86.4489 27.9022 13.9765
      vertex 86.3000 27.8229 13.9933
    endloop
  endfacet
  facet normal 0.433884 0.881281 -0.187322
    outer loop
      vertex 86.4489 20.8398 9.8548
      vertex 86.4489 21.9833 15.2346
      vertex 86.6016 21.9114 15.2499
    endloop
  endfacet
  facet normal 0.433884 0.881281 -0.187322
    outer loop
      vertex 86.4489 20.8398 9.8548
      vertex 86.6016 21.9114 15.2499
      vertex 86.6016 20.7679 9.8701
    endloop
  endfacet
  facet normal 0.433884 -0.881281 0.187322
    outer loop
      vertex 86.4489 26.7587 8.5967
      vertex 86.6016 26.8306 8.5814
      vertex 86.4489 27.9022 13.9765
    endloop
  endfacet
  facet normal 0.433884 -0.881281 0.187322
    outer loop
      vertex 86.4489 27.9022 13.9765
      vertex 86.6016 26.8306 8.5814
      vertex 86.6016 27.9742 13.9612
    endloop
  endfacet
  facet normal 0.388435 0.901340 -0.191586
    outer loop
      vertex 86.6016 20.7679 9.8701
      vertex 86.6016 21.9114 15.2499
      vertex 86.7578 21.8470 15.2636
    endloop
  endfacet
  facet normal 0.388435 0.901340 -0.191586
    outer loop
      vertex 86.6016 20.7679 9.8701
      vertex 86.7578 21.8470 15.2636
      vertex 86.7578 20.7034 9.8837
    endloop
  endfacet
  facet normal 0.388435 -0.901340 0.191586
    outer loop
      vertex 86.6016 26.8306 8.5814
      vertex 86.7578 26.8951 8.5677
      vertex 86.6016 27.9742 13.9612
    endloop
  endfacet
  facet normal 0.388435 -0.901340 0.191586
    outer loop
      vertex 86.6016 27.9742 13.9612
      vertex 86.7578 26.8951 8.5677
      vertex 86.7578 28.0386 13.9475
    endloop
  endfacet
  facet normal 0.117894 0.971360 -0.206302
    outer loop
      vertex 86.6180 11.7130 0.0000
      vertex 86.7566 14.0937 11.2887
      vertex 87.0247 11.6636 0.0000
    endloop
  endfacet
  facet normal 0.115720 -0.971527 0.206745
    outer loop
      vertex 86.6396 31.9666 0.0000
      vertex 87.0463 32.0151 0.0000
      vertex 86.7566 33.5048 7.1627
    endloop
  endfacet
  facet normal 0.099568 0.973231 -0.207140
    outer loop
      vertex 86.7566 14.0937 11.2887
      vertex 87.2527 14.0451 11.2990
      vertex 87.0247 11.6636 0.0000
    endloop
  endfacet
  facet normal -0.000000 -0.207912 -0.978148
    outer loop
      vertex 86.7566 14.0937 11.2887
      vertex 87.5772 20.4994 9.9271
      vertex 87.2527 14.0451 11.2990
    endloop
  endfacet
  facet normal 0.099568 -0.973373 0.206475
    outer loop
      vertex 86.7566 33.5048 7.1627
      vertex 87.0463 32.0151 0.0000
      vertex 87.2527 33.5534 7.1524
    endloop
  endfacet
  facet normal 0.000000 -0.207912 -0.978148
    outer loop
      vertex 86.7566 33.5048 7.1627
      vertex 87.2527 33.5534 7.1524
      vertex 87.5772 27.0991 8.5243
    endloop
  endfacet
  facet normal 0.342020 0.919158 -0.195373
    outer loop
      vertex 86.7578 20.7034 9.8837
      vertex 86.7578 21.8470 15.2636
      vertex 86.9171 20.6467 9.8958
    endloop
  endfacet
  facet normal 0.342020 0.919158 -0.195373
    outer loop
      vertex 86.7578 21.8470 15.2636
      vertex 86.9171 21.7902 15.2756
      vertex 86.9171 20.6467 9.8958
    endloop
  endfacet
  facet normal 0.342020 -0.919158 0.195373
    outer loop
      vertex 86.7578 26.8951 8.5677
      vertex 86.9171 26.9518 8.5556
      vertex 86.9171 28.0953 13.9354
    endloop
  endfacet
  facet normal 0.342020 -0.919158 0.195373
    outer loop
      vertex 86.7578 26.8951 8.5677
      vertex 86.9171 28.0953 13.9354
      vertex 86.7578 28.0386 13.9475
    endloop
  endfacet
  facet normal 0.294755 0.934691 -0.198675
    outer loop
      vertex 86.9171 20.6467 9.8958
      vertex 86.9171 21.7902 15.2756
      vertex 87.0791 21.7414 15.2860
    endloop
  endfacet
  facet normal 0.294755 0.934691 -0.198675
    outer loop
      vertex 86.9171 20.6467 9.8958
      vertex 87.0791 21.7414 15.2860
      vertex 87.0791 20.5978 9.9062
    endloop
  endfacet
  facet normal 0.294755 -0.934691 0.198675
    outer loop
      vertex 86.9171 26.9518 8.5556
      vertex 87.0791 27.0007 8.5452
      vertex 87.0791 28.1442 13.9250
    endloop
  endfacet
  facet normal 0.294755 -0.934691 0.198675
    outer loop
      vertex 86.9171 26.9518 8.5556
      vertex 87.0791 28.1442 13.9250
      vertex 86.9171 28.0953 13.9354
    endloop
  endfacet
  facet normal 0.077141 0.975270 -0.207117
    outer loop
      vertex 87.0247 11.6636 0.0000
      vertex 87.2527 14.0451 11.2990
      vertex 87.4329 11.6313 0.0000
    endloop
  endfacet
  facet normal 0.074961 -0.975336 0.207607
    outer loop
      vertex 87.0463 32.0151 0.0000
      vertex 87.4547 32.0465 0.0000
      vertex 87.2527 33.5534 7.1524
    endloop
  endfacet
  facet normal 0.246757 0.947901 -0.201482
    outer loop
      vertex 87.0791 20.5978 9.9062
      vertex 87.0791 21.7414 15.2860
      vertex 87.2434 21.7004 15.2947
    endloop
  endfacet
  facet normal 0.246757 0.947901 -0.201482
    outer loop
      vertex 87.0791 20.5978 9.9062
      vertex 87.2434 21.7004 15.2947
      vertex 87.2434 20.5569 9.9149
    endloop
  endfacet
  facet normal 0.246757 -0.947901 0.201482
    outer loop
      vertex 87.0791 27.0007 8.5452
      vertex 87.2434 27.0416 8.5365
      vertex 87.0791 28.1442 13.9250
    endloop
  endfacet
  facet normal 0.246757 -0.947901 0.201482
    outer loop
      vertex 87.0791 28.1442 13.9250
      vertex 87.2434 27.0416 8.5365
      vertex 87.2434 28.1851 13.9163
    endloop
  endfacet
  facet normal 0.198146 0.958753 -0.203789
    outer loop
      vertex 87.2434 20.5569 9.9149
      vertex 87.2434 21.7004 15.2947
      vertex 87.4096 21.6676 15.3017
    endloop
  endfacet
  facet normal 0.198146 0.958753 -0.203789
    outer loop
      vertex 87.2434 20.5569 9.9149
      vertex 87.4096 21.6676 15.3017
      vertex 87.4096 20.5241 9.9219
    endloop
  endfacet
  facet normal 0.198146 -0.958753 0.203789
    outer loop
      vertex 87.2434 27.0416 8.5365
      vertex 87.4096 27.0744 8.5295
      vertex 87.2434 28.1851 13.9163
    endloop
  endfacet
  facet normal 0.198146 -0.958753 0.203789
    outer loop
      vertex 87.2434 28.1851 13.9163
      vertex 87.4096 27.0744 8.5295
      vertex 87.4096 28.2179 13.9094
    endloop
  endfacet
  facet normal -0.000000 -0.207912 -0.978148
    outer loop
      vertex 87.2527 14.0451 11.2990
      vertex 87.5772 20.4994 9.9271
      vertex 87.7459 20.4828 9.9306
    endloop
  endfacet
  facet normal -0.000000 -0.207912 -0.978148
    outer loop
      vertex 87.2527 14.0451 11.2990
      vertex 87.7459 20.4828 9.9306
      vertex 87.9152 20.4746 9.9324
    endloop
  endfacet
  facet normal 0.049846 0.976880 -0.207896
    outer loop
      vertex 87.2527 14.0451 11.2990
      vertex 87.7507 14.0208 11.3042
      vertex 87.4329 11.6313 0.0000
    endloop
  endfacet
  facet normal 0.000000 -0.207912 -0.978148
    outer loop
      vertex 87.2527 14.0451 11.2990
      vertex 87.9152 20.4746 9.9324
      vertex 87.7507 14.0208 11.3042
    endloop
  endfacet
  facet normal 0.049846 -0.977017 0.207252
    outer loop
      vertex 87.2527 33.5534 7.1524
      vertex 87.4547 32.0465 0.0000
      vertex 87.7507 33.5777 7.1472
    endloop
  endfacet
  facet normal 0.000000 -0.207912 -0.978148
    outer loop
      vertex 87.2527 33.5534 7.1524
      vertex 87.7459 27.1157 8.5208
      vertex 87.5772 27.0991 8.5243
    endloop
  endfacet
  facet normal -0.000000 -0.207912 -0.978148
    outer loop
      vertex 87.2527 33.5534 7.1524
      vertex 87.7507 33.5777 7.1472
      vertex 87.7459 27.1157 8.5208
    endloop
  endfacet
  facet normal 0.149042 0.967223 -0.205589
    outer loop
      vertex 87.4096 20.5241 9.9219
      vertex 87.4096 21.6676 15.3017
      vertex 87.5772 20.4994 9.9271
    endloop
  endfacet
  facet normal 0.149042 0.967223 -0.205589
    outer loop
      vertex 87.4096 21.6676 15.3017
      vertex 87.5772 21.6429 15.3069
      vertex 87.5772 20.4994 9.9271
    endloop
  endfacet
  facet normal 0.149042 -0.967223 0.205589
    outer loop
      vertex 87.4096 27.0744 8.5295
      vertex 87.5772 27.0991 8.5243
      vertex 87.4096 28.2179 13.9094
    endloop
  endfacet
  facet normal 0.149042 -0.967223 0.205589
    outer loop
      vertex 87.4096 28.2179 13.9094
      vertex 87.5772 27.0991 8.5243
      vertex 87.5772 28.2427 13.9041
    endloop
  endfacet
  facet normal 0.036257 0.977531 -0.207652
    outer loop
      vertex 87.4329 11.6313 0.0000
      vertex 87.7507 14.0208 11.3042
      vertex 87.8421 11.6161 0.0000
    endloop
  endfacet
  facet normal 0.034078 -0.977532 0.208015
    outer loop
      vertex 87.4547 32.0465 0.0000
      vertex 87.8639 32.0607 0.0000
      vertex 87.7507 33.5777 7.1472
    endloop
  endfacet
  facet normal 0.099568 0.973287 -0.206879
    outer loop
      vertex 87.5772 20.4994 9.9271
      vertex 87.5772 21.6429 15.3069
      vertex 87.7459 20.4828 9.9306
    endloop
  endfacet
  facet normal 0.099568 0.973287 -0.206879
    outer loop
      vertex 87.5772 21.6429 15.3069
      vertex 87.7459 21.6264 15.3104
      vertex 87.7459 20.4828 9.9306
    endloop
  endfacet
  facet normal 0.099568 -0.973287 0.206879
    outer loop
      vertex 87.5772 27.0991 8.5243
      vertex 87.7459 27.1157 8.5208
      vertex 87.5772 28.2427 13.9041
    endloop
  endfacet
  facet normal 0.099568 -0.973287 0.206879
    outer loop
      vertex 87.5772 28.2427 13.9041
      vertex 87.7459 27.1157 8.5208
      vertex 87.7459 28.2592 13.9006
    endloop
  endfacet
  facet normal 0.049846 0.976932 -0.207653
    outer loop
      vertex 87.7459 20.4828 9.9306
      vertex 87.7459 21.6264 15.3104
      vertex 87.9152 20.4746 9.9324
    endloop
  endfacet
  facet normal 0.049846 0.976932 -0.207653
    outer loop
      vertex 87.7459 21.6264 15.3104
      vertex 87.9152 21.6181 15.3122
      vertex 87.9152 20.4746 9.9324
    endloop
  endfacet
  facet normal -0.000000 -0.207912 -0.978148
    outer loop
      vertex 87.7459 27.1157 8.5208
      vertex 87.7507 33.5777 7.1472
      vertex 87.9152 27.1239 8.5190
    endloop
  endfacet
  facet normal 0.049846 -0.976932 0.207653
    outer loop
      vertex 87.7459 27.1157 8.5208
      vertex 87.9152 27.1239 8.5190
      vertex 87.9152 28.2674 13.8988
    endloop
  endfacet
  facet normal 0.049846 -0.976932 0.207653
    outer loop
      vertex 87.7459 27.1157 8.5208
      vertex 87.9152 28.2674 13.8988
      vertex 87.7459 28.2592 13.9006
    endloop
  endfacet
  facet normal 0.000000 -0.207912 -0.978148
    outer loop
      vertex 87.7507 14.0208 11.3042
      vertex 87.9152 20.4746 9.9324
      vertex 88.0848 20.4746 9.9324
    endloop
  endfacet
  facet normal 0.000000 -0.207912 -0.978148
    outer loop
      vertex 87.7507 14.0208 11.3042
      vertex 88.0848 20.4746 9.9324
      vertex 88.2493 14.0208 11.3042
    endloop
  endfacet
  facet normal -0.000000 0.978114 -0.208069
    outer loop
      vertex 87.7507 14.0208 11.3042
      vertex 88.2493 14.0208 11.3042
      vertex 87.8421 11.6161 0.0000
    endloop
  endfacet
  facet normal 0.000000 -0.978210 0.207620
    outer loop
      vertex 87.7507 33.5777 7.1472
      vertex 87.8639 32.0607 0.0000
      vertex 88.2493 33.5777 7.1472
    endloop
  endfacet
  facet normal 0.000000 -0.207912 -0.978148
    outer loop
      vertex 87.7507 33.5777 7.1472
      vertex 88.0848 27.1239 8.5190
      vertex 87.9152 27.1239 8.5190
    endloop
  endfacet
  facet normal -0.000000 -0.207912 -0.978148
    outer loop
      vertex 87.7507 33.5777 7.1472
      vertex 88.2493 33.5777 7.1472
      vertex 88.0848 27.1239 8.5190
    endloop
  endfacet
  facet normal -0.004685 0.978138 -0.207905
    outer loop
      vertex 87.8421 11.6161 0.0000
      vertex 88.2493 14.0208 11.3042
      vertex 88.2516 11.6181 0.0000
    endloop
  endfacet
  facet normal -0.006864 -0.978111 0.207969
    outer loop
      vertex 87.8639 32.0607 0.0000
      vertex 88.2734 32.0579 0.0000
      vertex 88.2493 33.5777 7.1472
    endloop
  endfacet
  facet normal -0.000000 0.978148 -0.207912
    outer loop
      vertex 87.9152 20.4746 9.9324
      vertex 87.9152 21.6181 15.3122
      vertex 88.0848 21.6181 15.3122
    endloop
  endfacet
  facet normal -0.000000 0.978148 -0.207912
    outer loop
      vertex 87.9152 20.4746 9.9324
      vertex 88.0848 21.6181 15.3122
      vertex 88.0848 20.4746 9.9324
    endloop
  endfacet
  facet normal 0.000000 -0.978148 0.207912
    outer loop
      vertex 87.9152 27.1239 8.5190
      vertex 88.0848 27.1239 8.5190
      vertex 88.0848 28.2674 13.8988
    endloop
  endfacet
  facet normal 0.000000 -0.978148 0.207912
    outer loop
      vertex 87.9152 27.1239 8.5190
      vertex 88.0848 28.2674 13.8988
      vertex 87.9152 28.2674 13.8988
    endloop
  endfacet
  facet normal -0.049846 0.976932 -0.207653
    outer loop
      vertex 88.0848 20.4746 9.9324
      vertex 88.0848 21.6181 15.3122
      vertex 88.2541 21.6264 15.3104
    endloop
  endfacet
  facet normal 0.000000 -0.207912 -0.978148
    outer loop
      vertex 88.0848 20.4746 9.9324
      vertex 88.2541 20.4828 9.9306
      vertex 88.2493 14.0208 11.3042
    endloop
  endfacet
  facet normal -0.049846 0.976932 -0.207653
    outer loop
      vertex 88.0848 20.4746 9.9324
      vertex 88.2541 21.6264 15.3104
      vertex 88.2541 20.4828 9.9306
    endloop
  endfacet
  facet normal 0.000000 0.207912 0.978148
    outer loop
      vertex 88.0848 21.6181 15.3122
      vertex 147.0000 6.0000 18.6319
      vertex 88.2541 21.6264 15.3104
    endloop
  endfacet
  facet normal 0.000000 -0.207912 -0.978148
    outer loop
      vertex 88.0848 27.1239 8.5190
      vertex 88.2493 33.5777 7.1472
      vertex 88.7473 33.5534 7.1524
    endloop
  endfacet
  facet normal -0.049846 -0.976932 0.207653
    outer loop
      vertex 88.0848 27.1239 8.5190
      vertex 88.2541 27.1157 8.5208
      vertex 88.0848 28.2674 13.8988
    endloop
  endfacet
  facet normal 0.000000 -0.207912 -0.978148
    outer loop
      vertex 88.0848 27.1239 8.5190
      vertex 88.7473 33.5534 7.1524
      vertex 88.2541 27.1157 8.5208
    endloop
  endfacet
  facet normal -0.049846 -0.976932 0.207653
    outer loop
      vertex 88.0848 28.2674 13.8988
      vertex 88.2541 27.1157 8.5208
      vertex 88.2541 28.2592 13.9006
    endloop
  endfacet
  facet normal 0.000000 0.207912 0.978148
    outer loop
      vertex 88.0848 28.2674 13.8988
      vertex 88.2541 28.2592 13.9006
      vertex 147.0000 74.1332 4.1498
    endloop
  endfacet
  facet normal -0.000000 -0.207912 -0.978148
    outer loop
      vertex 88.2493 14.0208 11.3042
      vertex 88.2541 20.4828 9.9306
      vertex 88.7473 14.0451 11.2990
    endloop
  endfacet
  facet normal -0.045619 0.977128 -0.207699
    outer loop
      vertex 88.2493 14.0208 11.3042
      vertex 88.6606 11.6372 0.0000
      vertex 88.2516 11.6181 0.0000
    endloop
  endfacet
  facet normal -0.049846 0.976899 -0.207805
    outer loop
      vertex 88.2493 14.0208 11.3042
      vertex 88.7473 14.0451 11.2990
      vertex 88.6606 11.6372 0.0000
    endloop
  endfacet
  facet normal -0.047797 -0.977045 0.207604
    outer loop
      vertex 88.2493 33.5777 7.1472
      vertex 88.2734 32.0579 0.0000
      vertex 88.6824 32.0378 0.0000
    endloop
  endfacet
  facet normal -0.049846 -0.976972 0.207464
    outer loop
      vertex 88.2493 33.5777 7.1472
      vertex 88.6824 32.0378 0.0000
      vertex 88.7473 33.5534 7.1524
    endloop
  endfacet
  facet normal 0.000000 0.000000 -1.000000
    outer loop
      vertex 88.2516 11.6181 0.0000
      vertex 88.6606 11.6372 0.0000
      vertex 147.0000 6.0000 0.0000
    endloop
  endfacet
  facet normal -0.099568 0.973287 -0.206879
    outer loop
      vertex 88.2541 20.4828 9.9306
      vertex 88.2541 21.6264 15.3104
      vertex 88.4228 21.6429 15.3069
    endloop
  endfacet
  facet normal -0.000000 -0.207912 -0.978148
    outer loop
      vertex 88.2541 20.4828 9.9306
      vertex 88.4228 20.4994 9.9271
      vertex 88.7473 14.0451 11.2990
    endloop
  endfacet
  facet normal -0.099568 0.973287 -0.206879
    outer loop
      vertex 88.2541 20.4828 9.9306
      vertex 88.4228 21.6429 15.3069
      vertex 88.4228 20.4994 9.9271
    endloop
  endfacet
  facet normal -0.000000 0.207912 0.978148
    outer loop
      vertex 88.2541 21.6264 15.3104
      vertex 147.0000 6.0000 18.6319
      vertex 88.4228 21.6429 15.3069
    endloop
  endfacet
  facet normal -0.099568 -0.973287 0.206879
    outer loop
      vertex 88.2541 27.1157 8.5208
      vertex 88.4228 27.0991 8.5243
      vertex 88.2541 28.2592 13.9006
    endloop
  endfacet
  facet normal -0.000000 -0.207912 -0.978148
    outer loop
      vertex 88.2541 27.1157 8.5208
      vertex 88.7473 33.5534 7.1524
      vertex 88.4228 27.0991 8.5243
    endloop
  endfacet
  facet normal -0.099568 -0.973287 0.206879
    outer loop
      vertex 88.2541 28.2592 13.9006
      vertex 88.4228 27.0991 8.5243
      vertex 88.4228 28.2427 13.9041
    endloop
  endfacet
  facet normal -0.000000 0.207912 0.978148
    outer loop
      vertex 88.2541 28.2592 13.9006
      vertex 88.4228 28.2427 13.9041
      vertex 147.0000 74.1332 4.1498
    endloop
  endfacet
  facet normal 0.000000 0.000000 -1.000000
    outer loop
      vertex 88.2734 32.0579 0.0000
      vertex 147.0000 74.1332 0.0000
      vertex 88.6824 32.0378 0.0000
    endloop
  endfacet
  facet normal -0.149042 0.967223 -0.205589
    outer loop
      vertex 88.4228 20.4994 9.9271
      vertex 88.4228 21.6429 15.3069
      vertex 88.5904 21.6676 15.3017
    endloop
  endfacet
  facet normal 0.000000 -0.207912 -0.978148
    outer loop
      vertex 88.4228 20.4994 9.9271
      vertex 88.5904 20.5241 9.9219
      vertex 89.2434 14.0937 11.2887
    endloop
  endfacet
  facet normal -0.149042 0.967223 -0.205589
    outer loop
      vertex 88.4228 20.4994 9.9271
      vertex 88.5904 21.6676 15.3017
      vertex 88.5904 20.5241 9.9219
    endloop
  endfacet
  facet normal 0.000000 -0.207912 -0.978148
    outer loop
      vertex 88.4228 20.4994 9.9271
      vertex 89.2434 14.0937 11.2887
      vertex 88.7473 14.0451 11.2990
    endloop
  endfacet
  facet normal -0.000000 0.207912 0.978148
    outer loop
      vertex 88.4228 21.6429 15.3069
      vertex 147.0000 6.0000 18.6319
      vertex 88.5904 21.6676 15.3017
    endloop
  endfacet
  facet normal -0.149042 -0.967223 0.205589
    outer loop
      vertex 88.4228 27.0991 8.5243
      vertex 88.5904 27.0744 8.5295
      vertex 88.5904 28.2179 13.9094
    endloop
  endfacet
  facet normal -0.149042 -0.967223 0.205589
    outer loop
      vertex 88.4228 27.0991 8.5243
      vertex 88.5904 28.2179 13.9094
      vertex 88.4228 28.2427 13.9041
    endloop
  endfacet
  facet normal -0.000000 -0.207912 -0.978148
    outer loop
      vertex 88.4228 27.0991 8.5243
      vertex 88.7473 33.5534 7.1524
      vertex 89.2434 33.5048 7.1627
    endloop
  endfacet
  facet normal -0.000000 -0.207912 -0.978148
    outer loop
      vertex 88.4228 27.0991 8.5243
      vertex 89.2434 33.5048 7.1627
      vertex 88.5904 27.0744 8.5295
    endloop
  endfacet
  facet normal 0.000000 0.207912 0.978148
    outer loop
      vertex 88.4228 28.2427 13.9041
      vertex 88.5904 28.2179 13.9094
      vertex 147.0000 74.1332 4.1498
    endloop
  endfacet
  facet normal -0.198146 0.958753 -0.203789
    outer loop
      vertex 88.5904 20.5241 9.9219
      vertex 88.5904 21.6676 15.3017
      vertex 88.7566 21.7004 15.2947
    endloop
  endfacet
  facet normal -0.000000 -0.207912 -0.978148
    outer loop
      vertex 88.5904 20.5241 9.9219
      vertex 88.7566 20.5569 9.9149
      vertex 90.2252 14.2630 11.2527
    endloop
  endfacet
  facet normal -0.198146 0.958753 -0.203789
    outer loop
      vertex 88.5904 20.5241 9.9219
      vertex 88.7566 21.7004 15.2947
      vertex 88.7566 20.5569 9.9149
    endloop
  endfacet
  facet normal -0.000000 -0.207912 -0.978148
    outer loop
      vertex 88.5904 20.5241 9.9219
      vertex 89.7365 14.1664 11.2732
      vertex 89.2434 14.0937 11.2887
    endloop
  endfacet
  facet normal -0.000000 -0.207912 -0.978148
    outer loop
      vertex 88.5904 20.5241 9.9219
      vertex 90.2252 14.2630 11.2527
      vertex 89.7365 14.1664 11.2732
    endloop
  endfacet
  facet normal 0.000000 0.207912 0.978148
    outer loop
      vertex 88.5904 21.6676 15.3017
      vertex 147.0000 6.0000 18.6319
      vertex 88.7566 21.7004 15.2947
    endloop
  endfacet
  facet normal -0.198146 -0.958753 0.203789
    outer loop
      vertex 88.5904 27.0744 8.5295
      vertex 88.7566 27.0416 8.5365
      vertex 88.5904 28.2179 13.9094
    endloop
  endfacet
  facet normal 0.000000 -0.207912 -0.978148
    outer loop
      vertex 88.5904 27.0744 8.5295
      vertex 89.2434 33.5048 7.1627
      vertex 89.7365 33.4321 7.1782
    endloop
  endfacet
  facet normal 0.000000 -0.207912 -0.978148
    outer loop
      vertex 88.5904 27.0744 8.5295
      vertex 89.7365 33.4321 7.1782
      vertex 90.2252 33.3355 7.1987
    endloop
  endfacet
  facet normal 0.000000 -0.207912 -0.978148
    outer loop
      vertex 88.5904 27.0744 8.5295
      vertex 90.2252 33.3355 7.1987
      vertex 88.7566 27.0416 8.5365
    endloop
  endfacet
  facet normal -0.198146 -0.958753 0.203789
    outer loop
      vertex 88.5904 28.2179 13.9094
      vertex 88.7566 27.0416 8.5365
      vertex 88.7566 28.1851 13.9163
    endloop
  endfacet
  facet normal 0.000000 0.207912 0.978148
    outer loop
      vertex 88.5904 28.2179 13.9094
      vertex 88.7566 28.1851 13.9163
      vertex 147.0000 74.1332 4.1498
    endloop
  endfacet
  facet normal -0.086479 0.974508 -0.207014
    outer loop
      vertex 88.6606 11.6372 0.0000
      vertex 88.7473 14.0451 11.2990
      vertex 89.0686 11.6734 0.0000
    endloop
  endfacet
  facet normal 0.000000 0.000000 -1.000000
    outer loop
      vertex 88.6606 11.6372 0.0000
      vertex 89.0686 11.6734 0.0000
      vertex 147.0000 6.0000 0.0000
    endloop
  endfacet
  facet normal -0.088644 -0.974265 0.207243
    outer loop
      vertex 88.6824 32.0378 0.0000
      vertex 89.0902 32.0007 0.0000
      vertex 88.7473 33.5534 7.1524
    endloop
  endfacet
  facet normal 0.000000 0.000000 -1.000000
    outer loop
      vertex 88.6824 32.0378 0.0000
      vertex 147.0000 74.1332 0.0000
      vertex 89.0902 32.0007 0.0000
    endloop
  endfacet
  facet normal -0.099568 0.973236 -0.207119
    outer loop
      vertex 88.7473 14.0451 11.2990
      vertex 89.2434 14.0937 11.2887
      vertex 89.0686 11.6734 0.0000
    endloop
  endfacet
  facet normal -0.099568 -0.973362 0.206524
    outer loop
      vertex 88.7473 33.5534 7.1524
      vertex 89.0902 32.0007 0.0000
      vertex 89.2434 33.5048 7.1627
    endloop
  endfacet
  facet normal -0.246757 0.947901 -0.201482
    outer loop
      vertex 88.7566 20.5569 9.9149
      vertex 88.7566 21.7004 15.2947
      vertex 88.9209 21.7414 15.2860
    endloop
  endfacet
  facet normal 0.000000 -0.207912 -0.978148
    outer loop
      vertex 88.7566 20.5569 9.9149
      vertex 88.9209 20.5978 9.9062
      vertex 90.2252 14.2630 11.2527
    endloop
  endfacet
  facet normal -0.246757 0.947901 -0.201482
    outer loop
      vertex 88.7566 20.5569 9.9149
      vertex 88.9209 21.7414 15.2860
      vertex 88.9209 20.5978 9.9062
    endloop
  endfacet
  facet normal -0.000000 0.207912 0.978148
    outer loop
      vertex 88.7566 21.7004 15.2947
      vertex 147.0000 6.0000 18.6319
      vertex 88.9209 21.7414 15.2860
    endloop
  endfacet
  facet normal -0.246757 -0.947901 0.201482
    outer loop
      vertex 88.7566 27.0416 8.5365
      vertex 88.9209 27.0007 8.5452
      vertex 88.7566 28.1851 13.9163
    endloop
  endfacet
  facet normal -0.000000 -0.207912 -0.978148
    outer loop
      vertex 88.7566 27.0416 8.5365
      vertex 90.2252 33.3355 7.1987
      vertex 90.7084 33.2151 7.2243
    endloop
  endfacet
  facet normal -0.000000 -0.207912 -0.978148
    outer loop
      vertex 88.7566 27.0416 8.5365
      vertex 90.7084 33.2151 7.2243
      vertex 88.9209 27.0007 8.5452
    endloop
  endfacet
  facet normal -0.246757 -0.947901 0.201482
    outer loop
      vertex 88.7566 28.1851 13.9163
      vertex 88.9209 27.0007 8.5452
      vertex 88.9209 28.1442 13.9250
    endloop
  endfacet
  facet normal -0.000000 0.207912 0.978148
    outer loop
      vertex 88.7566 28.1851 13.9163
      vertex 88.9209 28.1442 13.9250
      vertex 147.0000 74.1332 4.1498
    endloop
  endfacet
  facet normal -0.294755 0.934691 -0.198675
    outer loop
      vertex 88.9209 20.5978 9.9062
      vertex 88.9209 21.7414 15.2860
      vertex 89.0829 20.6467 9.8958
    endloop
  endfacet
  facet normal 0.000000 -0.207912 -0.978148
    outer loop
      vertex 88.9209 20.5978 9.9062
      vertex 89.0829 20.6467 9.8958
      vertex 91.1849 14.5271 11.1966
    endloop
  endfacet
  facet normal 0.000000 -0.207912 -0.978148
    outer loop
      vertex 88.9209 20.5978 9.9062
      vertex 90.7084 14.3834 11.2271
      vertex 90.2252 14.2630 11.2527
    endloop
  endfacet
  facet normal 0.000000 -0.207912 -0.978148
    outer loop
      vertex 88.9209 20.5978 9.9062
      vertex 91.1849 14.5271 11.1966
      vertex 90.7084 14.3834 11.2271
    endloop
  endfacet
  facet normal -0.294755 0.934691 -0.198675
    outer loop
      vertex 88.9209 21.7414 15.2860
      vertex 89.0829 21.7902 15.2756
      vertex 89.0829 20.6467 9.8958
    endloop
  endfacet
  facet normal -0.000000 0.207912 0.978148
    outer loop
      vertex 88.9209 21.7414 15.2860
      vertex 147.0000 6.0000 18.6319
      vertex 89.0829 21.7902 15.2756
    endloop
  endfacet
  facet normal -0.294755 -0.934691 0.198675
    outer loop
      vertex 88.9209 27.0007 8.5452
      vertex 89.0829 26.9518 8.5556
      vertex 88.9209 28.1442 13.9250
    endloop
  endfacet
  facet normal -0.000000 -0.207912 -0.978148
    outer loop
      vertex 88.9209 27.0007 8.5452
      vertex 90.7084 33.2151 7.2243
      vertex 91.1849 33.0714 7.2549
    endloop
  endfacet
  facet normal -0.000000 -0.207912 -0.978148
    outer loop
      vertex 88.9209 27.0007 8.5452
      vertex 91.1849 33.0714 7.2549
      vertex 89.0829 26.9518 8.5556
    endloop
  endfacet
  facet normal -0.294755 -0.934691 0.198675
    outer loop
      vertex 88.9209 28.1442 13.9250
      vertex 89.0829 26.9518 8.5556
      vertex 89.0829 28.0953 13.9354
    endloop
  endfacet
  facet normal -0.000000 0.207912 0.978148
    outer loop
      vertex 88.9209 28.1442 13.9250
      vertex 89.0829 28.0953 13.9354
      vertex 147.0000 74.1332 4.1498
    endloop
  endfacet
  facet normal -0.127194 0.970240 -0.206049
    outer loop
      vertex 89.0686 11.6734 0.0000
      vertex 89.2434 14.0937 11.2887
      vertex 89.4747 11.7266 0.0000
    endloop
  endfacet
  facet normal 0.000000 0.000000 -1.000000
    outer loop
      vertex 89.0686 11.6734 0.0000
      vertex 89.4747 11.7266 0.0000
      vertex 147.0000 6.0000 0.0000
    endloop
  endfacet
  facet normal -0.342020 0.919158 -0.195373
    outer loop
      vertex 89.0829 20.6467 9.8958
      vertex 89.0829 21.7902 15.2756
      vertex 89.2422 21.8470 15.2636
    endloop
  endfacet
  facet normal 0.000000 -0.207912 -0.978148
    outer loop
      vertex 89.0829 20.6467 9.8958
      vertex 89.2422 20.7034 9.8837
      vertex 91.1849 14.5271 11.1966
    endloop
  endfacet
  facet normal -0.342020 0.919158 -0.195373
    outer loop
      vertex 89.0829 20.6467 9.8958
      vertex 89.2422 21.8470 15.2636
      vertex 89.2422 20.7034 9.8837
    endloop
  endfacet
  facet normal 0.000000 0.207912 0.978148
    outer loop
      vertex 89.0829 21.7902 15.2756
      vertex 147.0000 6.0000 18.6319
      vertex 89.2422 21.8470 15.2636
    endloop
  endfacet
  facet normal -0.342020 -0.919158 0.195373
    outer loop
      vertex 89.0829 26.9518 8.5556
      vertex 89.2422 26.8951 8.5677
      vertex 89.0829 28.0953 13.9354
    endloop
  endfacet
  facet normal 0.000000 -0.207912 -0.978148
    outer loop
      vertex 89.0829 26.9518 8.5556
      vertex 91.1849 33.0714 7.2549
      vertex 89.2422 26.8951 8.5677
    endloop
  endfacet
  facet normal -0.342020 -0.919158 0.195373
    outer loop
      vertex 89.0829 28.0953 13.9354
      vertex 89.2422 26.8951 8.5677
      vertex 89.2422 28.0386 13.9475
    endloop
  endfacet
  facet normal 0.000000 0.207912 0.978148
    outer loop
      vertex 89.0829 28.0953 13.9354
      vertex 89.2422 28.0386 13.9475
      vertex 147.0000 74.1332 4.1498
    endloop
  endfacet
  facet normal -0.129343 -0.969875 0.206428
    outer loop
      vertex 89.0902 32.0007 0.0000
      vertex 89.4962 31.9466 0.0000
      vertex 89.2434 33.5048 7.1627
    endloop
  endfacet
  facet normal 0.000000 0.000000 -1.000000
    outer loop
      vertex 89.0902 32.0007 0.0000
      vertex 147.0000 74.1332 0.0000
      vertex 89.4962 31.9466 0.0000
    endloop
  endfacet
  facet normal -0.388435 0.901340 -0.191586
    outer loop
      vertex 89.2422 20.7034 9.8837
      vertex 89.2422 21.8470 15.2636
      vertex 89.3984 21.9114 15.2499
    endloop
  endfacet
  facet normal 0.000000 -0.207912 -0.978148
    outer loop
      vertex 89.2422 20.7034 9.8837
      vertex 89.3984 20.7679 9.8701
      vertex 91.6534 14.6939 11.1611
    endloop
  endfacet
  facet normal -0.388435 0.901340 -0.191586
    outer loop
      vertex 89.2422 20.7034 9.8837
      vertex 89.3984 21.9114 15.2499
      vertex 89.3984 20.7679 9.8701
    endloop
  endfacet
  facet normal -0.000000 -0.207912 -0.978148
    outer loop
      vertex 89.2422 20.7034 9.8837
      vertex 91.6534 14.6939 11.1611
      vertex 91.1849 14.5271 11.1966
    endloop
  endfacet
  facet normal 0.000000 0.207912 0.978148
    outer loop
      vertex 89.2422 21.8470 15.2636
      vertex 147.0000 6.0000 18.6319
      vertex 89.3984 21.9114 15.2499
    endloop
  endfacet
  facet normal -0.388435 -0.901340 0.191586
    outer loop
      vertex 89.2422 26.8951 8.5677
      vertex 89.3984 26.8306 8.5814
      vertex 89.2422 28.0386 13.9475
    endloop
  endfacet
  facet normal 0.000000 -0.207912 -0.978148
    outer loop
      vertex 89.2422 26.8951 8.5677
      vertex 91.1849 33.0714 7.2549
      vertex 91.6534 32.9046 7.2903
    endloop
  endfacet
  facet normal -0.000000 -0.207912 -0.978148
    outer loop
      vertex 89.2422 26.8951 8.5677
      vertex 91.6534 32.9046 7.2903
      vertex 92.1129 32.7151 7.3306
    endloop
  endfacet
  facet normal 0.000000 -0.207912 -0.978148
    outer loop
      vertex 89.2422 26.8951 8.5677
      vertex 92.1129 32.7151 7.3306
      vertex 89.3984 26.8306 8.5814
    endloop
  endfacet
  facet normal -0.388435 -0.901340 0.191586
    outer loop
      vertex 89.2422 28.0386 13.9475
      vertex 89.3984 26.8306 8.5814
      vertex 89.3984 27.9742 13.9612
    endloop
  endfacet
  facet normal -0.000000 0.207912 0.978148
    outer loop
      vertex 89.2422 28.0386 13.9475
      vertex 89.3984 27.9742 13.9612
      vertex 147.0000 74.1332 4.1498
    endloop
  endfacet
  facet normal -0.149042 0.967167 -0.205852
    outer loop
      vertex 89.2434 14.0937 11.2887
      vertex 89.7365 14.1664 11.2732
      vertex 89.4747 11.7266 0.0000
    endloop
  endfacet
  facet normal -0.149042 -0.967311 0.205175
    outer loop
      vertex 89.2434 33.5048 7.1627
      vertex 89.4962 31.9466 0.0000
      vertex 89.7365 33.4321 7.1782
    endloop
  endfacet
  facet normal -0.433884 0.881281 -0.187322
    outer loop
      vertex 89.3984 20.7679 9.8701
      vertex 89.3984 21.9114 15.2499
      vertex 89.5511 20.8398 9.8548
    endloop
  endfacet
  facet normal -0.000000 -0.207912 -0.978148
    outer loop
      vertex 89.3984 20.7679 9.8701
      vertex 89.5511 20.8398 9.8548
      vertex 92.1129 14.8834 11.1208
    endloop
  endfacet
  facet normal -0.000000 -0.207912 -0.978148
    outer loop
      vertex 89.3984 20.7679 9.8701
      vertex 92.1129 14.8834 11.1208
      vertex 91.6534 14.6939 11.1611
    endloop
  endfacet
  facet normal -0.433884 0.881281 -0.187322
    outer loop
      vertex 89.3984 21.9114 15.2499
      vertex 89.5511 21.9833 15.2346
      vertex 89.5511 20.8398 9.8548
    endloop
  endfacet
  facet normal -0.000000 0.207912 0.978148
    outer loop
      vertex 89.3984 21.9114 15.2499
      vertex 147.0000 6.0000 18.6319
      vertex 89.5511 21.9833 15.2346
    endloop
  endfacet
  facet normal -0.433884 -0.881281 0.187322
    outer loop
      vertex 89.3984 26.8306 8.5814
      vertex 89.5511 26.7587 8.5967
      vertex 89.3984 27.9742 13.9612
    endloop
  endfacet
  facet normal -0.000000 -0.207912 -0.978148
    outer loop
      vertex 89.3984 26.8306 8.5814
      vertex 92.1129 32.7151 7.3306
      vertex 92.5621 32.5035 7.3756
    endloop
  endfacet
  facet normal -0.000000 -0.207912 -0.978148
    outer loop
      vertex 89.3984 26.8306 8.5814
      vertex 92.5621 32.5035 7.3756
      vertex 89.5511 26.7587 8.5967
    endloop
  endfacet
  facet normal -0.433884 -0.881281 0.187322
    outer loop
      vertex 89.3984 27.9742 13.9612
      vertex 89.5511 26.7587 8.5967
      vertex 89.5511 27.9022 13.9765
    endloop
  endfacet
  facet normal 0.000000 0.207912 0.978148
    outer loop
      vertex 89.3984 27.9742 13.9612
      vertex 89.5511 27.9022 13.9765
      vertex 147.0000 74.1332 4.1498
    endloop
  endfacet
  facet normal -0.167695 0.964331 -0.204805
    outer loop
      vertex 89.4747 11.7266 0.0000
      vertex 89.7365 14.1664 11.2732
      vertex 89.8784 11.7968 0.0000
    endloop
  endfacet
  facet normal 0.000000 0.000000 -1.000000
    outer loop
      vertex 89.4747 11.7266 0.0000
      vertex 89.8784 11.7968 0.0000
      vertex 147.0000 6.0000 0.0000
    endloop
  endfacet
  facet normal -0.169827 -0.963882 0.205161
    outer loop
      vertex 89.4962 31.9466 0.0000
      vertex 89.8998 31.8755 0.0000
      vertex 89.7365 33.4321 7.1782
    endloop
  endfacet
  facet normal 0.000000 0.000000 -1.000000
    outer loop
      vertex 89.4962 31.9466 0.0000
      vertex 147.0000 74.1332 0.0000
      vertex 89.8998 31.8755 0.0000
    endloop
  endfacet
  facet normal -0.478254 0.859030 -0.182593
    outer loop
      vertex 89.5511 20.8398 9.8548
      vertex 89.5511 21.9833 15.2346
      vertex 89.7000 22.0626 15.2177
    endloop
  endfacet
  facet normal -0.000000 -0.207912 -0.978148
    outer loop
      vertex 89.5511 20.8398 9.8548
      vertex 89.7000 20.9191 9.8379
      vertex 92.5621 15.0950 11.0759
    endloop
  endfacet
  facet normal -0.478254 0.859030 -0.182593
    outer loop
      vertex 89.5511 20.8398 9.8548
      vertex 89.7000 22.0626 15.2177
      vertex 89.7000 20.9191 9.8379
    endloop
  endfacet
  facet normal 0.000000 -0.207912 -0.978148
    outer loop
      vertex 89.5511 20.8398 9.8548
      vertex 92.5621 15.0950 11.0759
      vertex 92.1129 14.8834 11.1208
    endloop
  endfacet
  facet normal -0.000000 0.207912 0.978148
    outer loop
      vertex 89.5511 21.9833 15.2346
      vertex 147.0000 6.0000 18.6319
      vertex 89.7000 22.0626 15.2177
    endloop
  endfacet
  facet normal -0.478254 -0.859030 0.182593
    outer loop
      vertex 89.5511 26.7587 8.5967
      vertex 89.7000 26.6794 8.6135
      vertex 89.7000 27.8229 13.9933
    endloop
  endfacet
  facet normal -0.478254 -0.859030 0.182593
    outer loop
      vertex 89.5511 26.7587 8.5967
      vertex 89.7000 27.8229 13.9933
      vertex 89.5511 27.9022 13.9765
    endloop
  endfacet
  facet normal 0.000000 -0.207912 -0.978148
    outer loop
      vertex 89.5511 26.7587 8.5967
      vertex 92.5621 32.5035 7.3756
      vertex 89.7000 26.6794 8.6135
    endloop
  endfacet
  facet normal -0.000000 0.207912 0.978148
    outer loop
      vertex 89.5511 27.9022 13.9765
      vertex 89.7000 27.8229 13.9933
      vertex 147.0000 74.1332 4.1498
    endloop
  endfacet
  facet normal -0.521435 0.834644 -0.177409
    outer loop
      vertex 89.7000 20.9191 9.8379
      vertex 89.7000 22.0626 15.2177
      vertex 89.8447 21.0056 9.8195
    endloop
  endfacet
  facet normal 0.000000 -0.207912 -0.978148
    outer loop
      vertex 89.7000 20.9191 9.8379
      vertex 89.8447 21.0056 9.8195
      vertex 93.0000 15.3282 11.0263
    endloop
  endfacet
  facet normal 0.000000 -0.207912 -0.978148
    outer loop
      vertex 89.7000 20.9191 9.8379
      vertex 93.0000 15.3282 11.0263
      vertex 92.5621 15.0950 11.0759
    endloop
  endfacet
  facet normal -0.521435 0.834644 -0.177409
    outer loop
      vertex 89.7000 22.0626 15.2177
      vertex 89.8447 22.1491 15.1993
      vertex 89.8447 21.0056 9.8195
    endloop
  endfacet
  facet normal -0.000000 0.207912 0.978148
    outer loop
      vertex 89.7000 22.0626 15.2177
      vertex 147.0000 6.0000 18.6319
      vertex 89.8447 22.1491 15.1993
    endloop
  endfacet
  facet normal -0.521435 -0.834644 0.177409
    outer loop
      vertex 89.7000 26.6794 8.6135
      vertex 89.8447 26.5929 8.6319
      vertex 89.7000 27.8229 13.9933
    endloop
  endfacet
  facet normal 0.000000 -0.207912 -0.978148
    outer loop
      vertex 89.7000 26.6794 8.6135
      vertex 92.5621 32.5035 7.3756
      vertex 93.0000 32.2703 7.4251
    endloop
  endfacet
  facet normal 0.000000 -0.207912 -0.978148
    outer loop
      vertex 89.7000 26.6794 8.6135
      vertex 93.0000 32.2703 7.4251
      vertex 93.4255 32.0159 7.4792
    endloop
  endfacet
  facet normal 0.000000 -0.207912 -0.978148
    outer loop
      vertex 89.7000 26.6794 8.6135
      vertex 93.4255 32.0159 7.4792
      vertex 89.8447 26.5929 8.6319
    endloop
  endfacet
  facet normal -0.521435 -0.834644 0.177409
    outer loop
      vertex 89.7000 27.8229 13.9933
      vertex 89.8447 26.5929 8.6319
      vertex 89.8447 27.7364 14.0117
    endloop
  endfacet
  facet normal -0.000000 0.207912 0.978148
    outer loop
      vertex 89.7000 27.8229 13.9933
      vertex 89.8447 27.7364 14.0117
      vertex 147.0000 74.1332 4.1498
    endloop
  endfacet
  facet normal -0.198146 0.958707 -0.204006
    outer loop
      vertex 89.7365 14.1664 11.2732
      vertex 90.2252 14.2630 11.2527
      vertex 89.8784 11.7968 0.0000
    endloop
  endfacet
  facet normal -0.198146 -0.958831 0.203422
    outer loop
      vertex 89.7365 33.4321 7.1782
      vertex 89.8998 31.8755 0.0000
      vertex 90.2252 33.3355 7.1987
    endloop
  endfacet
  facet normal -0.563320 0.808183 -0.171785
    outer loop
      vertex 89.8447 21.0056 9.8195
      vertex 89.8447 22.1491 15.1993
      vertex 89.9847 22.2425 15.1795
    endloop
  endfacet
  facet normal -0.000000 -0.207912 -0.978148
    outer loop
      vertex 89.8447 21.0056 9.8195
      vertex 89.9847 21.0990 9.7997
      vertex 93.4255 15.5826 10.9722
    endloop
  endfacet
  facet normal -0.563320 0.808183 -0.171785
    outer loop
      vertex 89.8447 21.0056 9.8195
      vertex 89.9847 22.2425 15.1795
      vertex 89.9847 21.0990 9.7997
    endloop
  endfacet
  facet normal -0.000000 -0.207912 -0.978148
    outer loop
      vertex 89.8447 21.0056 9.8195
      vertex 93.4255 15.5826 10.9722
      vertex 93.0000 15.3282 11.0263
    endloop
  endfacet
  facet normal 0.000000 0.207912 0.978148
    outer loop
      vertex 89.8447 22.1491 15.1993
      vertex 147.0000 6.0000 18.6319
      vertex 89.9847 22.2425 15.1795
    endloop
  endfacet
  facet normal -0.563320 -0.808183 0.171785
    outer loop
      vertex 89.8447 26.5929 8.6319
      vertex 89.9847 26.4995 8.6517
      vertex 89.9847 27.6430 14.0316
    endloop
  endfacet
  facet normal -0.563320 -0.808183 0.171785
    outer loop
      vertex 89.8447 26.5929 8.6319
      vertex 89.9847 27.6430 14.0316
      vertex 89.8447 27.7364 14.0117
    endloop
  endfacet
  facet normal 0.000000 -0.207912 -0.978148
    outer loop
      vertex 89.8447 26.5929 8.6319
      vertex 93.4255 32.0159 7.4792
      vertex 93.8374 31.7412 7.5376
    endloop
  endfacet
  facet normal 0.000000 -0.207912 -0.978148
    outer loop
      vertex 89.8447 26.5929 8.6319
      vertex 93.8374 31.7412 7.5376
      vertex 89.9847 26.4995 8.6517
    endloop
  endfacet
  facet normal 0.000000 0.207912 0.978148
    outer loop
      vertex 89.8447 27.7364 14.0117
      vertex 89.9847 27.6430 14.0316
      vertex 147.0000 74.1332 4.1498
    endloop
  endfacet
  facet normal -0.207911 0.956791 -0.203285
    outer loop
      vertex 89.8784 11.7968 0.0000
      vertex 90.2252 14.2630 11.2527
      vertex 90.2789 11.8839 0.0000
    endloop
  endfacet
  facet normal 0.000000 0.000000 -1.000000
    outer loop
      vertex 89.8784 11.7968 0.0000
      vertex 90.2789 11.8839 0.0000
      vertex 147.0000 6.0000 0.0000
    endloop
  endfacet
  facet normal -0.210030 -0.956294 0.203444
    outer loop
      vertex 89.8998 31.8755 0.0000
      vertex 90.3001 31.7876 0.0000
      vertex 90.2252 33.3355 7.1987
    endloop
  endfacet
  facet normal 0.000000 0.000000 -1.000000
    outer loop
      vertex 89.8998 31.8755 0.0000
      vertex 147.0000 74.1332 0.0000
      vertex 90.3001 31.7876 0.0000
    endloop
  endfacet
  facet normal -0.603804 0.779713 -0.165733
    outer loop
      vertex 89.9847 21.0990 9.7997
      vertex 89.9847 22.2425 15.1795
      vertex 90.1199 21.1991 9.7784
    endloop
  endfacet
  facet normal 0.000000 -0.207912 -0.978148
    outer loop
      vertex 89.9847 21.0990 9.7997
      vertex 90.1199 21.1991 9.7784
      vertex 94.2349 16.1518 10.8512
    endloop
  endfacet
  facet normal -0.000000 -0.207912 -0.978148
    outer loop
      vertex 89.9847 21.0990 9.7997
      vertex 93.8374 15.8573 10.9138
      vertex 93.4255 15.5826 10.9722
    endloop
  endfacet
  facet normal 0.000000 -0.207912 -0.978148
    outer loop
      vertex 89.9847 21.0990 9.7997
      vertex 94.2349 16.1518 10.8512
      vertex 93.8374 15.8573 10.9138
    endloop
  endfacet
  facet normal -0.603804 0.779713 -0.165733
    outer loop
      vertex 89.9847 22.2425 15.1795
      vertex 90.1199 22.3426 15.1582
      vertex 90.1199 21.1991 9.7784
    endloop
  endfacet
  facet normal -0.000000 0.207912 0.978148
    outer loop
      vertex 89.9847 22.2425 15.1795
      vertex 147.0000 6.0000 18.6319
      vertex 90.1199 22.3426 15.1582
    endloop
  endfacet
  facet normal -0.603804 -0.779713 0.165733
    outer loop
      vertex 89.9847 26.4995 8.6517
      vertex 90.1199 26.3994 8.6730
      vertex 89.9847 27.6430 14.0316
    endloop
  endfacet
  facet normal -0.000000 -0.207912 -0.978148
    outer loop
      vertex 89.9847 26.4995 8.6517
      vertex 93.8374 31.7412 7.5376
      vertex 94.2349 31.4467 7.6002
    endloop
  endfacet
  facet normal 0.000000 -0.207912 -0.978148
    outer loop
      vertex 89.9847 26.4995 8.6517
      vertex 94.2349 31.4467 7.6002
      vertex 90.1199 26.3994 8.6730
    endloop
  endfacet
  facet normal -0.603804 -0.779713 0.165733
    outer loop
      vertex 89.9847 27.6430 14.0316
      vertex 90.1199 26.3994 8.6730
      vertex 90.1199 27.5429 14.0528
    endloop
  endfacet
  facet normal 0.000000 0.207912 0.978148
    outer loop
      vertex 89.9847 27.6430 14.0316
      vertex 90.1199 27.5429 14.0528
      vertex 147.0000 74.1332 4.1498
    endloop
  endfacet
  facet normal -0.642788 0.749305 -0.159270
    outer loop
      vertex 90.1199 21.1991 9.7784
      vertex 90.1199 22.3426 15.1582
      vertex 90.2497 22.4492 15.1355
    endloop
  endfacet
  facet normal 0.000000 -0.207912 -0.978148
    outer loop
      vertex 90.1199 21.1991 9.7784
      vertex 90.2497 21.3057 9.7557
      vertex 94.2349 16.1518 10.8512
    endloop
  endfacet
  facet normal -0.642788 0.749305 -0.159270
    outer loop
      vertex 90.1199 21.1991 9.7784
      vertex 90.2497 22.4492 15.1355
      vertex 90.2497 21.3057 9.7557
    endloop
  endfacet
  facet normal -0.000000 0.207912 0.978148
    outer loop
      vertex 90.1199 22.3426 15.1582
      vertex 147.0000 6.0000 18.6319
      vertex 90.2497 22.4492 15.1355
    endloop
  endfacet
  facet normal -0.642788 -0.749305 0.159270
    outer loop
      vertex 90.1199 26.3994 8.6730
      vertex 90.2497 26.2928 8.6957
      vertex 90.2497 27.4363 14.0755
    endloop
  endfacet
  facet normal -0.642788 -0.749305 0.159270
    outer loop
      vertex 90.1199 26.3994 8.6730
      vertex 90.2497 27.4363 14.0755
      vertex 90.1199 27.5429 14.0528
    endloop
  endfacet
  facet normal -0.000000 -0.207912 -0.978148
    outer loop
      vertex 90.1199 26.3994 8.6730
      vertex 94.2349 31.4467 7.6002
      vertex 94.6169 31.1332 7.6668
    endloop
  endfacet
  facet normal -0.000000 -0.207912 -0.978148
    outer loop
      vertex 90.1199 26.3994 8.6730
      vertex 94.6169 31.1332 7.6668
      vertex 90.2497 26.2928 8.6957
    endloop
  endfacet
  facet normal 0.000000 0.207912 0.978148
    outer loop
      vertex 90.1199 27.5429 14.0528
      vertex 90.2497 27.4363 14.0755
      vertex 147.0000 74.1332 4.1498
    endloop
  endfacet
  facet normal -0.246757 0.947879 -0.201586
    outer loop
      vertex 90.2252 14.2630 11.2527
      vertex 90.7084 14.3834 11.2271
      vertex 90.2789 11.8839 0.0000
    endloop
  endfacet
  facet normal -0.246757 -0.947946 0.201267
    outer loop
      vertex 90.2252 33.3355 7.1987
      vertex 90.3001 31.7876 0.0000
      vertex 90.7084 33.2151 7.2243
    endloop
  endfacet
  facet normal -0.680173 0.717033 -0.152410
    outer loop
      vertex 90.2497 21.3057 9.7557
      vertex 90.2497 22.4492 15.1355
      vertex 90.3740 22.5620 15.1116
    endloop
  endfacet
  facet normal -0.000000 -0.207912 -0.978148
    outer loop
      vertex 90.2497 21.3057 9.7557
      vertex 90.3740 21.4185 9.7318
      vertex 94.6169 16.4653 10.7846
    endloop
  endfacet
  facet normal -0.680173 0.717033 -0.152410
    outer loop
      vertex 90.2497 21.3057 9.7557
      vertex 90.3740 22.5620 15.1116
      vertex 90.3740 21.4185 9.7318
    endloop
  endfacet
  facet normal -0.000000 -0.207912 -0.978148
    outer loop
      vertex 90.2497 21.3057 9.7557
      vertex 94.6169 16.4653 10.7846
      vertex 94.2349 16.1518 10.8512
    endloop
  endfacet
  facet normal -0.000000 0.207912 0.978148
    outer loop
      vertex 90.2497 22.4492 15.1355
      vertex 147.0000 6.0000 18.6319
      vertex 90.3740 22.5620 15.1116
    endloop
  endfacet
  facet normal -0.680173 -0.717033 0.152410
    outer loop
      vertex 90.2497 26.2928 8.6957
      vertex 90.3740 26.1800 8.7197
      vertex 90.2497 27.4363 14.0755
    endloop
  endfacet
  facet normal 0.000000 -0.207912 -0.978148
    outer loop
      vertex 90.2497 26.2928 8.6957
      vertex 94.6169 31.1332 7.6668
      vertex 94.9824 30.8015 7.7373
    endloop
  endfacet
  facet normal -0.000000 -0.207912 -0.978148
    outer loop
      vertex 90.2497 26.2928 8.6957
      vertex 94.9824 30.8015 7.7373
      vertex 90.3740 26.1800 8.7197
    endloop
  endfacet
  facet normal -0.680173 -0.717033 0.152410
    outer loop
      vertex 90.2497 27.4363 14.0755
      vertex 90.3740 26.1800 8.7197
      vertex 90.3740 27.3235 14.0995
    endloop
  endfacet
  facet normal 0.000000 0.207912 0.978148
    outer loop
      vertex 90.2497 27.4363 14.0755
      vertex 90.3740 27.3235 14.0995
      vertex 147.0000 74.1332 4.1498
    endloop
  endfacet
  facet normal 0.000000 0.000000 -1.000000
    outer loop
      vertex 90.2789 11.8839 0.0000
      vertex 90.6756 11.9876 0.0000
      vertex 147.0000 6.0000 0.0000
    endloop
  endfacet
  facet normal -0.247773 0.947633 -0.201493
    outer loop
      vertex 90.2789 11.8839 0.0000
      vertex 90.7084 14.3834 11.2271
      vertex 90.6756 11.9876 0.0000
    endloop
  endfacet
  facet normal -0.249889 -0.947123 0.201281
    outer loop
      vertex 90.3001 31.7876 0.0000
      vertex 90.6966 31.6830 0.0000
      vertex 90.7084 33.2151 7.2243
    endloop
  endfacet
  facet normal 0.000000 0.000000 -1.000000
    outer loop
      vertex 90.3001 31.7876 0.0000
      vertex 147.0000 74.1332 0.0000
      vertex 90.6966 31.6830 0.0000
    endloop
  endfacet
  facet normal -0.715867 0.682979 -0.145172
    outer loop
      vertex 90.3740 21.4185 9.7318
      vertex 90.3740 22.5620 15.1116
      vertex 90.4924 22.6807 15.0863
    endloop
  endfacet
  facet normal 0.000000 -0.207912 -0.978148
    outer loop
      vertex 90.3740 21.4185 9.7318
      vertex 90.4924 21.5372 9.7065
      vertex 94.9824 16.7970 10.7141
    endloop
  endfacet
  facet normal -0.715867 0.682979 -0.145172
    outer loop
      vertex 90.3740 21.4185 9.7318
      vertex 90.4924 22.6807 15.0863
      vertex 90.4924 21.5372 9.7065
    endloop
  endfacet
  facet normal 0.000000 -0.207912 -0.978148
    outer loop
      vertex 90.3740 21.4185 9.7318
      vertex 94.9824 16.7970 10.7141
      vertex 94.6169 16.4653 10.7846
    endloop
  endfacet
  facet normal 0.000000 0.207912 0.978148
    outer loop
      vertex 90.3740 22.5620 15.1116
      vertex 147.0000 6.0000 18.6319
      vertex 90.4924 22.6807 15.0863
    endloop
  endfacet
  facet normal -0.715867 -0.682979 0.145172
    outer loop
      vertex 90.3740 26.1800 8.7197
      vertex 90.4924 26.0613 8.7449
      vertex 90.3740 27.3235 14.0995
    endloop
  endfacet
  facet normal 0.000000 -0.207912 -0.978148
    outer loop
      vertex 90.3740 26.1800 8.7197
      vertex 94.9824 30.8015 7.7373
      vertex 90.4924 26.0613 8.7449
    endloop
  endfacet
  facet normal -0.715867 -0.682979 0.145172
    outer loop
      vertex 90.3740 27.3235 14.0995
      vertex 90.4924 26.0613 8.7449
      vertex 90.4924 27.2048 14.1247
    endloop
  endfacet
  facet normal -0.000000 0.207912 0.978148
    outer loop
      vertex 90.3740 27.3235 14.0995
      vertex 90.4924 27.2048 14.1247
      vertex 147.0000 74.1332 4.1498
    endloop
  endfacet
  facet normal -0.749781 0.647226 -0.137572
    outer loop
      vertex 90.4924 21.5372 9.7065
      vertex 90.4924 22.6807 15.0863
      vertex 90.6046 22.8050 15.0599
    endloop
  endfacet
  facet normal 0.000000 -0.207912 -0.978148
    outer loop
      vertex 90.4924 21.5372 9.7065
      vertex 90.6046 21.6615 9.6801
      vertex 95.6604 17.5118 10.5621
    endloop
  endfacet
  facet normal -0.749781 0.647226 -0.137572
    outer loop
      vertex 90.4924 21.5372 9.7065
      vertex 90.6046 22.8050 15.0599
      vertex 90.6046 21.6615 9.6801
    endloop
  endfacet
  facet normal -0.000000 -0.207912 -0.978148
    outer loop
      vertex 90.4924 21.5372 9.7065
      vertex 95.3305 17.1462 10.6399
      vertex 94.9824 16.7970 10.7141
    endloop
  endfacet
  facet normal 0.000000 -0.207912 -0.978148
    outer loop
      vertex 90.4924 21.5372 9.7065
      vertex 95.6604 17.5118 10.5621
      vertex 95.3305 17.1462 10.6399
    endloop
  endfacet
  facet normal -0.000000 0.207912 0.978148
    outer loop
      vertex 90.4924 22.6807 15.0863
      vertex 147.0000 6.0000 18.6319
      vertex 90.6046 22.8050 15.0599
    endloop
  endfacet
  facet normal -0.749781 -0.647226 0.137572
    outer loop
      vertex 90.4924 26.0613 8.7449
      vertex 90.6046 25.9370 8.7713
      vertex 90.4924 27.2048 14.1247
    endloop
  endfacet
  facet normal 0.000000 -0.207912 -0.978148
    outer loop
      vertex 90.4924 26.0613 8.7449
      vertex 94.9824 30.8015 7.7373
      vertex 95.3305 30.4523 7.8115
    endloop
  endfacet
  facet normal -0.000000 -0.207912 -0.978148
    outer loop
      vertex 90.4924 26.0613 8.7449
      vertex 95.3305 30.4523 7.8115
      vertex 90.6046 25.9370 8.7713
    endloop
  endfacet
  facet normal -0.749781 -0.647226 0.137572
    outer loop
      vertex 90.4924 27.2048 14.1247
      vertex 90.6046 25.9370 8.7713
      vertex 90.6046 27.0805 14.1511
    endloop
  endfacet
  facet normal 0.000000 0.207912 0.978148
    outer loop
      vertex 90.4924 27.2048 14.1247
      vertex 90.6046 27.0805 14.1511
      vertex 147.0000 74.1332 4.1498
    endloop
  endfacet
  facet normal -0.781831 0.609865 -0.129631
    outer loop
      vertex 90.6046 21.6615 9.6801
      vertex 90.6046 22.8050 15.0599
      vertex 90.7103 22.9347 15.0323
    endloop
  endfacet
  facet normal 0.000000 -0.207912 -0.978148
    outer loop
      vertex 90.6046 21.6615 9.6801
      vertex 90.7103 21.7912 9.6525
      vertex 95.6604 17.5118 10.5621
    endloop
  endfacet
  facet normal -0.781831 0.609865 -0.129631
    outer loop
      vertex 90.6046 21.6615 9.6801
      vertex 90.7103 22.9347 15.0323
      vertex 90.7103 21.7912 9.6525
    endloop
  endfacet
  facet normal 0.000000 0.207912 0.978148
    outer loop
      vertex 90.6046 22.8050 15.0599
      vertex 147.0000 6.0000 18.6319
      vertex 90.7103 22.9347 15.0323
    endloop
  endfacet
  facet normal -0.781831 -0.609865 0.129631
    outer loop
      vertex 90.6046 25.9370 8.7713
      vertex 90.7103 25.8073 8.7989
      vertex 90.7103 26.9508 14.1787
    endloop
  endfacet
  facet normal -0.781831 -0.609865 0.129631
    outer loop
      vertex 90.6046 25.9370 8.7713
      vertex 90.7103 26.9508 14.1787
      vertex 90.6046 27.0805 14.1511
    endloop
  endfacet
  facet normal -0.000000 -0.207912 -0.978148
    outer loop
      vertex 90.6046 25.9370 8.7713
      vertex 95.3305 30.4523 7.8115
      vertex 95.6604 30.0867 7.8893
    endloop
  endfacet
  facet normal 0.000000 -0.207912 -0.978148
    outer loop
      vertex 90.6046 25.9370 8.7713
      vertex 95.6604 30.0867 7.8893
      vertex 90.7103 25.8073 8.7989
    endloop
  endfacet
  facet normal -0.000000 0.207912 0.978148
    outer loop
      vertex 90.6046 27.0805 14.1511
      vertex 90.7103 26.9508 14.1787
      vertex 147.0000 74.1332 4.1498
    endloop
  endfacet
  facet normal -0.287234 0.936940 -0.199096
    outer loop
      vertex 90.6756 11.9876 0.0000
      vertex 90.7084 14.3834 11.2271
      vertex 91.0678 12.1078 0.0000
    endloop
  endfacet
  facet normal 0.000000 0.000000 -1.000000
    outer loop
      vertex 90.6756 11.9876 0.0000
      vertex 91.0678 12.1078 0.0000
      vertex 147.0000 6.0000 0.0000
    endloop
  endfacet
  facet normal -0.289315 -0.936309 0.199052
    outer loop
      vertex 90.6966 31.6830 0.0000
      vertex 91.0885 31.5618 0.0000
      vertex 90.7084 33.2151 7.2243
    endloop
  endfacet
  facet normal 0.000000 0.000000 -1.000000
    outer loop
      vertex 90.6966 31.6830 0.0000
      vertex 147.0000 74.1332 0.0000
      vertex 91.0885 31.5618 0.0000
    endloop
  endfacet
  facet normal -0.294755 0.934649 -0.198872
    outer loop
      vertex 90.7084 14.3834 11.2271
      vertex 91.1849 14.5271 11.1966
      vertex 91.0678 12.1078 0.0000
    endloop
  endfacet
  facet normal -0.294755 -0.934748 0.198409
    outer loop
      vertex 90.7084 33.2151 7.2243
      vertex 91.0885 31.5618 0.0000
      vertex 91.1849 33.0714 7.2549
    endloop
  endfacet
  facet normal -0.811938 0.570987 -0.121367
    outer loop
      vertex 90.7103 21.7912 9.6525
      vertex 90.7103 22.9347 15.0323
      vertex 90.8092 23.0693 15.0037
    endloop
  endfacet
  facet normal -0.000000 -0.207912 -0.978148
    outer loop
      vertex 90.7103 21.7912 9.6525
      vertex 90.8092 21.9258 9.6239
      vertex 96.2624 18.2891 10.3969
    endloop
  endfacet
  facet normal -0.811938 0.570987 -0.121367
    outer loop
      vertex 90.7103 21.7912 9.6525
      vertex 90.8092 23.0693 15.0037
      vertex 90.8092 21.9258 9.6239
    endloop
  endfacet
  facet normal -0.000000 -0.207912 -0.978148
    outer loop
      vertex 90.7103 21.7912 9.6525
      vertex 95.9713 17.8932 10.4811
      vertex 95.6604 17.5118 10.5621
    endloop
  endfacet
  facet normal -0.000000 -0.207912 -0.978148
    outer loop
      vertex 90.7103 21.7912 9.6525
      vertex 96.2624 18.2891 10.3969
      vertex 95.9713 17.8932 10.4811
    endloop
  endfacet
  facet normal -0.000000 0.207912 0.978148
    outer loop
      vertex 90.7103 22.9347 15.0323
      vertex 147.0000 6.0000 18.6319
      vertex 90.8092 23.0693 15.0037
    endloop
  endfacet
  facet normal -0.811938 -0.570987 0.121367
    outer loop
      vertex 90.7103 25.8073 8.7989
      vertex 90.8092 25.6727 8.8275
      vertex 90.7103 26.9508 14.1787
    endloop
  endfacet
  facet normal -0.000000 -0.207912 -0.978148
    outer loop
      vertex 90.7103 25.8073 8.7989
      vertex 95.6604 30.0867 7.8893
      vertex 95.9713 29.7053 7.9703
    endloop
  endfacet
  facet normal 0.000000 -0.207912 -0.978148
    outer loop
      vertex 90.7103 25.8073 8.7989
      vertex 95.9713 29.7053 7.9703
      vertex 96.2624 29.3094 8.0545
    endloop
  endfacet
  facet normal -0.000000 -0.207912 -0.978148
    outer loop
      vertex 90.7103 25.8073 8.7989
      vertex 96.2624 29.3094 8.0545
      vertex 90.8092 25.6727 8.8275
    endloop
  endfacet
  facet normal -0.811938 -0.570987 0.121367
    outer loop
      vertex 90.7103 26.9508 14.1787
      vertex 90.8092 25.6727 8.8275
      vertex 90.8092 26.8162 14.2073
    endloop
  endfacet
  facet normal 0.000000 0.207912 0.978148
    outer loop
      vertex 90.7103 26.9508 14.1787
      vertex 90.8092 26.8162 14.2073
      vertex 147.0000 74.1332 4.1498
    endloop
  endfacet
  facet normal -0.840026 0.530690 -0.112802
    outer loop
      vertex 90.8092 21.9258 9.6239
      vertex 90.8092 23.0693 15.0037
      vertex 90.9012 22.0651 9.5943
    endloop
  endfacet
  facet normal -0.000000 -0.207912 -0.978148
    outer loop
      vertex 90.8092 21.9258 9.6239
      vertex 90.9012 22.0651 9.5943
      vertex 96.5329 18.6988 10.3098
    endloop
  endfacet
  facet normal 0.000000 -0.207912 -0.978148
    outer loop
      vertex 90.8092 21.9258 9.6239
      vertex 96.5329 18.6988 10.3098
      vertex 96.2624 18.2891 10.3969
    endloop
  endfacet
  facet normal -0.840026 0.530690 -0.112802
    outer loop
      vertex 90.8092 23.0693 15.0037
      vertex 90.9012 23.2086 14.9741
      vertex 90.9012 22.0651 9.5943
    endloop
  endfacet
  facet normal -0.000000 0.207912 0.978148
    outer loop
      vertex 90.8092 23.0693 15.0037
      vertex 147.0000 6.0000 18.6319
      vertex 90.9012 23.2086 14.9741
    endloop
  endfacet
  facet normal -0.840026 -0.530690 0.112802
    outer loop
      vertex 90.8092 25.6727 8.8275
      vertex 90.9012 25.5334 8.8571
      vertex 90.9012 26.6769 14.2369
    endloop
  endfacet
  facet normal -0.840026 -0.530690 0.112802
    outer loop
      vertex 90.8092 25.6727 8.8275
      vertex 90.9012 26.6769 14.2369
      vertex 90.8092 26.8162 14.2073
    endloop
  endfacet
  facet normal 0.000000 -0.207912 -0.978148
    outer loop
      vertex 90.8092 25.6727 8.8275
      vertex 96.2624 29.3094 8.0545
      vertex 90.9012 25.5334 8.8571
    endloop
  endfacet
  facet normal 0.000000 0.207912 0.978148
    outer loop
      vertex 90.8092 26.8162 14.2073
      vertex 90.9012 26.6769 14.2369
      vertex 147.0000 74.1332 4.1498
    endloop
  endfacet
  facet normal -0.866025 0.489074 -0.103956
    outer loop
      vertex 90.9012 22.0651 9.5943
      vertex 90.9012 23.2086 14.9741
      vertex 90.9860 22.2087 9.5638
    endloop
  endfacet
  facet normal 0.000000 -0.207912 -0.978148
    outer loop
      vertex 90.9012 22.0651 9.5943
      vertex 90.9860 22.2087 9.5638
      vertex 96.7822 19.1212 10.2201
    endloop
  endfacet
  facet normal -0.000000 -0.207912 -0.978148
    outer loop
      vertex 90.9012 22.0651 9.5943
      vertex 96.7822 19.1212 10.2201
      vertex 96.5329 18.6988 10.3098
    endloop
  endfacet
  facet normal -0.866025 0.489074 -0.103956
    outer loop
      vertex 90.9012 23.2086 14.9741
      vertex 90.9860 23.3522 14.9436
      vertex 90.9860 22.2087 9.5638
    endloop
  endfacet
  facet normal 0.000000 0.207912 0.978148
    outer loop
      vertex 90.9012 23.2086 14.9741
      vertex 147.0000 6.0000 18.6319
      vertex 90.9860 23.3522 14.9436
    endloop
  endfacet
  facet normal -0.866025 -0.489074 0.103956
    outer loop
      vertex 90.9012 25.5334 8.8571
      vertex 90.9860 25.3898 8.8876
      vertex 90.9860 26.5333 14.2674
    endloop
  endfacet
  facet normal -0.866025 -0.489074 0.103956
    outer loop
      vertex 90.9012 25.5334 8.8571
      vertex 90.9860 26.5333 14.2674
      vertex 90.9012 26.6769 14.2369
    endloop
  endfacet
  facet normal 0.000000 -0.207912 -0.978148
    outer loop
      vertex 90.9012 25.5334 8.8571
      vertex 96.2624 29.3094 8.0545
      vertex 96.5329 28.8997 8.1416
    endloop
  endfacet
  facet normal -0.000000 -0.207912 -0.978148
    outer loop
      vertex 90.9012 25.5334 8.8571
      vertex 96.5329 28.8997 8.1416
      vertex 90.9860 25.3898 8.8876
    endloop
  endfacet
  facet normal 0.000000 0.207912 0.978148
    outer loop
      vertex 90.9012 26.6769 14.2369
      vertex 90.9860 26.5333 14.2674
      vertex 147.0000 74.1332 4.1498
    endloop
  endfacet
  facet normal -0.889872 0.446241 -0.094852
    outer loop
      vertex 90.9860 22.2087 9.5638
      vertex 90.9860 23.3522 14.9436
      vertex 91.0633 23.4998 14.9122
    endloop
  endfacet
  facet normal -0.000000 -0.207912 -0.978148
    outer loop
      vertex 90.9860 22.2087 9.5638
      vertex 91.0633 22.3563 9.5324
      vertex 96.7822 19.1212 10.2201
    endloop
  endfacet
  facet normal -0.889872 0.446241 -0.094852
    outer loop
      vertex 90.9860 22.2087 9.5638
      vertex 91.0633 23.4998 14.9122
      vertex 91.0633 22.3563 9.5324
    endloop
  endfacet
  facet normal -0.000000 0.207912 0.978148
    outer loop
      vertex 90.9860 23.3522 14.9436
      vertex 147.0000 6.0000 18.6319
      vertex 91.0633 23.4998 14.9122
    endloop
  endfacet
  facet normal -0.889872 -0.446241 0.094852
    outer loop
      vertex 90.9860 25.3898 8.8876
      vertex 91.0633 25.2422 8.9190
      vertex 91.0633 26.3857 14.2988
    endloop
  endfacet
  facet normal -0.889872 -0.446241 0.094852
    outer loop
      vertex 90.9860 25.3898 8.8876
      vertex 91.0633 26.3857 14.2988
      vertex 90.9860 26.5333 14.2674
    endloop
  endfacet
  facet normal -0.000000 -0.207912 -0.978148
    outer loop
      vertex 90.9860 25.3898 8.8876
      vertex 96.5329 28.8997 8.1416
      vertex 96.7822 28.4773 8.2314
    endloop
  endfacet
  facet normal 0.000000 -0.207912 -0.978148
    outer loop
      vertex 90.9860 25.3898 8.8876
      vertex 96.7822 28.4773 8.2314
      vertex 97.0097 28.0433 8.3236
    endloop
  endfacet
  facet normal 0.000000 -0.207912 -0.978148
    outer loop
      vertex 90.9860 25.3898 8.8876
      vertex 97.0097 28.0433 8.3236
      vertex 91.0633 25.2422 8.9190
    endloop
  endfacet
  facet normal -0.000000 0.207912 0.978148
    outer loop
      vertex 90.9860 26.5333 14.2674
      vertex 91.0633 26.3857 14.2988
      vertex 155.0000 66.1332 5.8502
    endloop
  endfacet
  facet normal -0.000000 0.207912 0.978148
    outer loop
      vertex 90.9860 26.5333 14.2674
      vertex 155.0000 66.1332 5.8502
      vertex 147.0000 74.1332 4.1498
    endloop
  endfacet
  facet normal -0.911506 0.402299 -0.085511
    outer loop
      vertex 91.0633 22.3563 9.5324
      vertex 91.0633 23.4998 14.9122
      vertex 91.1330 23.6509 14.8801
    endloop
  endfacet
  facet normal -0.000000 -0.207912 -0.978148
    outer loop
      vertex 91.0633 22.3563 9.5324
      vertex 91.1330 22.5074 9.5003
      vertex 97.2148 19.9998 10.0333
    endloop
  endfacet
  facet normal -0.911506 0.402299 -0.085511
    outer loop
      vertex 91.0633 22.3563 9.5324
      vertex 91.1330 23.6509 14.8801
      vertex 91.1330 22.5074 9.5003
    endloop
  endfacet
  facet normal -0.000000 -0.207912 -0.978148
    outer loop
      vertex 91.0633 22.3563 9.5324
      vertex 97.0097 19.5552 10.1278
      vertex 96.7822 19.1212 10.2201
    endloop
  endfacet
  facet normal -0.000000 -0.207912 -0.978148
    outer loop
      vertex 91.0633 22.3563 9.5324
      vertex 97.2148 19.9998 10.0333
      vertex 97.0097 19.5552 10.1278
    endloop
  endfacet
  facet normal -0.000000 0.207912 0.978148
    outer loop
      vertex 91.0633 23.4998 14.9122
      vertex 147.0000 6.0000 18.6319
      vertex 91.1330 23.6509 14.8801
    endloop
  endfacet
  facet normal -0.911506 -0.402299 0.085511
    outer loop
      vertex 91.0633 25.2422 8.9190
      vertex 91.1330 25.0911 8.9511
      vertex 91.0633 26.3857 14.2988
    endloop
  endfacet
  facet normal 0.000000 -0.207912 -0.978148
    outer loop
      vertex 91.0633 25.2422 8.9190
      vertex 97.0097 28.0433 8.3236
      vertex 91.1330 25.0911 8.9511
    endloop
  endfacet
  facet normal -0.911506 -0.402299 0.085511
    outer loop
      vertex 91.0633 26.3857 14.2988
      vertex 91.1330 25.0911 8.9511
      vertex 91.1330 26.2346 14.3309
    endloop
  endfacet
  facet normal 0.000000 0.207912 0.978148
    outer loop
      vertex 91.0633 26.3857 14.2988
      vertex 91.1330 26.2346 14.3309
      vertex 155.0000 66.1332 5.8502
    endloop
  endfacet
  facet normal -0.326214 0.924671 -0.196387
    outer loop
      vertex 91.0678 12.1078 0.0000
      vertex 91.1849 14.5271 11.1966
      vertex 91.4549 12.2444 0.0000
    endloop
  endfacet
  facet normal 0.000000 0.000000 -1.000000
    outer loop
      vertex 91.0678 12.1078 0.0000
      vertex 91.4549 12.2444 0.0000
      vertex 147.0000 6.0000 0.0000
    endloop
  endfacet
  facet normal -0.328248 -0.923906 0.196598
    outer loop
      vertex 91.0885 31.5618 0.0000
      vertex 91.4753 31.4244 0.0000
      vertex 91.1849 33.0714 7.2549
    endloop
  endfacet
  facet normal 0.000000 0.000000 -1.000000
    outer loop
      vertex 91.0885 31.5618 0.0000
      vertex 147.0000 74.1332 0.0000
      vertex 91.4753 31.4244 0.0000
    endloop
  endfacet
  facet normal -0.930874 0.357357 -0.075959
    outer loop
      vertex 91.1330 22.5074 9.5003
      vertex 91.1330 23.6509 14.8801
      vertex 91.1950 22.6618 9.4675
    endloop
  endfacet
  facet normal -0.000000 -0.207912 -0.978148
    outer loop
      vertex 91.1330 22.5074 9.5003
      vertex 91.1950 22.6618 9.4675
      vertex 97.3969 20.4538 9.9368
    endloop
  endfacet
  facet normal 0.000000 -0.207912 -0.978148
    outer loop
      vertex 91.1330 22.5074 9.5003
      vertex 97.3969 20.4538 9.9368
      vertex 97.2148 19.9998 10.0333
    endloop
  endfacet
  facet normal -0.930874 0.357357 -0.075959
    outer loop
      vertex 91.1330 23.6509 14.8801
      vertex 91.1950 23.8053 14.8473
      vertex 91.1950 22.6618 9.4675
    endloop
  endfacet
  facet normal 0.000000 0.207912 0.978148
    outer loop
      vertex 91.1330 23.6509 14.8801
      vertex 147.0000 6.0000 18.6319
      vertex 91.1950 23.8053 14.8473
    endloop
  endfacet
  facet normal -0.930874 -0.357357 0.075959
    outer loop
      vertex 91.1330 25.0911 8.9511
      vertex 91.1950 24.9367 8.9839
      vertex 91.1330 26.2346 14.3309
    endloop
  endfacet
  facet normal 0.000000 -0.207912 -0.978148
    outer loop
      vertex 91.1330 25.0911 8.9511
      vertex 97.0097 28.0433 8.3236
      vertex 97.2148 27.5987 8.4181
    endloop
  endfacet
  facet normal -0.000000 -0.207912 -0.978148
    outer loop
      vertex 91.1330 25.0911 8.9511
      vertex 97.2148 27.5987 8.4181
      vertex 91.1950 24.9367 8.9839
    endloop
  endfacet
  facet normal -0.930874 -0.357357 0.075959
    outer loop
      vertex 91.1330 26.2346 14.3309
      vertex 91.1950 24.9367 8.9839
      vertex 91.1950 26.0802 14.3637
    endloop
  endfacet
  facet normal -0.000000 0.207912 0.978148
    outer loop
      vertex 91.1330 26.2346 14.3309
      vertex 91.1950 26.0802 14.3637
      vertex 155.0000 14.0000 16.9315
    endloop
  endfacet
  facet normal -0.000000 0.207912 0.978148
    outer loop
      vertex 91.1330 26.2346 14.3309
      vertex 155.0000 14.0000 16.9315
      vertex 155.0000 66.1332 5.8502
    endloop
  endfacet
  facet normal -0.342020 0.919103 -0.195633
    outer loop
      vertex 91.1849 14.5271 11.1966
      vertex 91.6534 14.6939 11.1611
      vertex 91.4549 12.2444 0.0000
    endloop
  endfacet
  facet normal -0.342020 -0.919240 0.194987
    outer loop
      vertex 91.1849 33.0714 7.2549
      vertex 91.4753 31.4244 0.0000
      vertex 91.6534 32.9046 7.2903
    endloop
  endfacet
  facet normal -0.947927 0.311527 -0.066217
    outer loop
      vertex 91.1950 22.6618 9.4675
      vertex 91.1950 23.8053 14.8473
      vertex 91.2489 23.9625 14.8139
    endloop
  endfacet
  facet normal 0.000000 -0.207912 -0.978148
    outer loop
      vertex 91.1950 22.6618 9.4675
      vertex 91.2489 22.8190 9.4341
      vertex 97.5557 20.9161 9.8385
    endloop
  endfacet
  facet normal -0.947927 0.311527 -0.066217
    outer loop
      vertex 91.1950 22.6618 9.4675
      vertex 91.2489 23.9625 14.8139
      vertex 91.2489 22.8190 9.4341
    endloop
  endfacet
  facet normal -0.000000 -0.207912 -0.978148
    outer loop
      vertex 91.1950 22.6618 9.4675
      vertex 97.5557 20.9161 9.8385
      vertex 97.3969 20.4538 9.9368
    endloop
  endfacet
  facet normal -0.000000 0.207912 0.978148
    outer loop
      vertex 91.1950 23.8053 14.8473
      vertex 147.0000 6.0000 18.6319
      vertex 91.2489 23.9625 14.8139
    endloop
  endfacet
  facet normal -0.947927 -0.311527 0.066217
    outer loop
      vertex 91.1950 24.9367 8.9839
      vertex 91.2489 24.7795 9.0173
      vertex 91.2489 25.9230 14.3972
    endloop
  endfacet
  facet normal -0.947927 -0.311527 0.066217
    outer loop
      vertex 91.1950 24.9367 8.9839
      vertex 91.2489 25.9230 14.3972
      vertex 91.1950 26.0802 14.3637
    endloop
  endfacet
  facet normal -0.000000 -0.207912 -0.978148
    outer loop
      vertex 91.1950 24.9367 8.9839
      vertex 97.2148 27.5987 8.4181
      vertex 97.3969 27.1447 8.5146
    endloop
  endfacet
  facet normal 0.000000 -0.207912 -0.978148
    outer loop
      vertex 91.1950 24.9367 8.9839
      vertex 97.3969 27.1447 8.5146
      vertex 91.2489 24.7795 9.0173
    endloop
  endfacet
  facet normal 0.000000 0.207912 0.978148
    outer loop
      vertex 91.1950 26.0802 14.3637
      vertex 91.2489 25.9230 14.3972
      vertex 155.0000 14.0000 16.9315
    endloop
  endfacet
  facet normal -0.962624 0.264922 -0.056311
    outer loop
      vertex 91.2489 22.8190 9.4341
      vertex 91.2489 23.9625 14.8139
      vertex 91.2949 24.1221 14.7800
    endloop
  endfacet
  facet normal -0.000000 -0.207912 -0.978148
    outer loop
      vertex 91.2489 22.8190 9.4341
      vertex 91.2949 22.9786 9.4001
      vertex 97.6908 21.3856 9.7387
    endloop
  endfacet
  facet normal -0.962624 0.264922 -0.056311
    outer loop
      vertex 91.2489 22.8190 9.4341
      vertex 91.2949 24.1221 14.7800
      vertex 91.2949 22.9786 9.4001
    endloop
  endfacet
  facet normal -0.000000 -0.207912 -0.978148
    outer loop
      vertex 91.2489 22.8190 9.4341
      vertex 97.6908 21.3856 9.7387
      vertex 97.5557 20.9161 9.8385
    endloop
  endfacet
  facet normal 0.000000 0.207912 0.978148
    outer loop
      vertex 91.2489 23.9625 14.8139
      vertex 147.0000 6.0000 18.6319
      vertex 91.2949 24.1221 14.7800
    endloop
  endfacet
  facet normal -0.962624 -0.264922 0.056311
    outer loop
      vertex 91.2489 24.7795 9.0173
      vertex 91.2949 24.6199 9.0513
      vertex 91.2489 25.9230 14.3972
    endloop
  endfacet
  facet normal 0.000000 -0.207912 -0.978148
    outer loop
      vertex 91.2489 24.7795 9.0173
      vertex 97.3969 27.1447 8.5146
      vertex 97.5557 26.6824 8.6129
    endloop
  endfacet
  facet normal -0.000000 -0.207912 -0.978148
    outer loop
      vertex 91.2489 24.7795 9.0173
      vertex 97.5557 26.6824 8.6129
      vertex 91.2949 24.6199 9.0513
    endloop
  endfacet
  facet normal -0.962624 -0.264922 0.056311
    outer loop
      vertex 91.2489 25.9230 14.3972
      vertex 91.2949 24.6199 9.0513
      vertex 91.2949 25.7634 14.4311
    endloop
  endfacet
  facet normal -0.000000 0.207912 0.978148
    outer loop
      vertex 91.2489 25.9230 14.3972
      vertex 91.2949 25.7634 14.4311
      vertex 155.0000 14.0000 16.9315
    endloop
  endfacet
  facet normal -0.974928 0.217658 -0.046265
    outer loop
      vertex 91.2949 22.9786 9.4001
      vertex 91.2949 24.1221 14.7800
      vertex 91.3326 24.2838 14.7456
    endloop
  endfacet
  facet normal 0.000000 -0.207912 -0.978148
    outer loop
      vertex 91.2949 22.9786 9.4001
      vertex 91.3326 23.1403 9.3658
      vertex 97.6908 21.3856 9.7387
    endloop
  endfacet
  facet normal -0.974928 0.217658 -0.046265
    outer loop
      vertex 91.2949 22.9786 9.4001
      vertex 91.3326 24.2838 14.7456
      vertex 91.3326 23.1403 9.3658
    endloop
  endfacet
  facet normal -0.000000 0.207912 0.978148
    outer loop
      vertex 91.2949 24.1221 14.7800
      vertex 147.0000 6.0000 18.6319
      vertex 91.3326 24.2838 14.7456
    endloop
  endfacet
  facet normal -0.974928 -0.217658 0.046265
    outer loop
      vertex 91.2949 24.6199 9.0513
      vertex 91.3326 24.4582 9.0856
      vertex 91.2949 25.7634 14.4311
    endloop
  endfacet
  facet normal 0.000000 -0.207912 -0.978148
    outer loop
      vertex 91.2949 24.6199 9.0513
      vertex 97.5557 26.6824 8.6129
      vertex 97.6908 26.2129 8.7127
    endloop
  endfacet
  facet normal 0.000000 -0.207912 -0.978148
    outer loop
      vertex 91.2949 24.6199 9.0513
      vertex 97.6908 26.2129 8.7127
      vertex 91.3326 24.4582 9.0856
    endloop
  endfacet
  facet normal -0.974928 -0.217658 0.046265
    outer loop
      vertex 91.2949 25.7634 14.4311
      vertex 91.3326 24.4582 9.0856
      vertex 91.3326 25.6017 14.4655
    endloop
  endfacet
  facet normal 0.000000 0.207912 0.978148
    outer loop
      vertex 91.2949 25.7634 14.4311
      vertex 91.3326 25.6017 14.4655
      vertex 147.0000 6.0000 18.6319
    endloop
  endfacet
  facet normal 0.000000 0.207912 0.978148
    outer loop
      vertex 91.2949 25.7634 14.4311
      vertex 147.0000 6.0000 18.6319
      vertex 155.0000 14.0000 16.9315
    endloop
  endfacet
  facet normal -0.984808 0.169854 -0.036103
    outer loop
      vertex 91.3326 23.1403 9.3658
      vertex 91.3326 24.2838 14.7456
      vertex 91.3620 23.3036 9.3311
    endloop
  endfacet
  facet normal -0.000000 -0.207912 -0.978148
    outer loop
      vertex 91.3326 23.1403 9.3658
      vertex 91.3620 23.3036 9.3311
      vertex 97.8883 22.3414 9.5356
    endloop
  endfacet
  facet normal -0.000000 -0.207912 -0.978148
    outer loop
      vertex 91.3326 23.1403 9.3658
      vertex 97.8017 21.8611 9.6377
      vertex 97.6908 21.3856 9.7387
    endloop
  endfacet
  facet normal -0.000000 -0.207912 -0.978148
    outer loop
      vertex 91.3326 23.1403 9.3658
      vertex 97.8883 22.3414 9.5356
      vertex 97.8017 21.8611 9.6377
    endloop
  endfacet
  facet normal -0.984808 0.169854 -0.036103
    outer loop
      vertex 91.3326 24.2838 14.7456
      vertex 91.3620 24.4471 14.7109
      vertex 91.3620 23.3036 9.3311
    endloop
  endfacet
  facet normal 0.000000 0.207912 0.978148
    outer loop
      vertex 91.3326 24.2838 14.7456
      vertex 147.0000 6.0000 18.6319
      vertex 91.3620 24.4471 14.7109
    endloop
  endfacet
  facet normal -0.984808 -0.169854 0.036103
    outer loop
      vertex 91.3326 24.4582 9.0856
      vertex 91.3620 24.2949 9.1204
      vertex 91.3620 25.4384 14.5002
    endloop
  endfacet
  facet normal -0.984808 -0.169854 0.036103
    outer loop
      vertex 91.3326 24.4582 9.0856
      vertex 91.3620 25.4384 14.5002
      vertex 91.3326 25.6017 14.4655
    endloop
  endfacet
  facet normal 0.000000 -0.207912 -0.978148
    outer loop
      vertex 91.3326 24.4582 9.0856
      vertex 97.6908 26.2129 8.7127
      vertex 97.8017 25.7374 8.8137
    endloop
  endfacet
  facet normal 0.000000 -0.207912 -0.978148
    outer loop
      vertex 91.3326 24.4582 9.0856
      vertex 97.8017 25.7374 8.8137
      vertex 91.3620 24.2949 9.1204
    endloop
  endfacet
  facet normal -0.000000 0.207912 0.978148
    outer loop
      vertex 91.3326 25.6017 14.4655
      vertex 91.3620 25.4384 14.5002
      vertex 147.0000 6.0000 18.6319
    endloop
  endfacet
  facet normal -0.992239 0.121626 -0.025853
    outer loop
      vertex 91.3620 23.3036 9.3311
      vertex 91.3620 24.4471 14.7109
      vertex 91.3831 24.6116 14.6759
    endloop
  endfacet
  facet normal 0.000000 -0.207912 -0.978148
    outer loop
      vertex 91.3620 23.3036 9.3311
      vertex 91.3831 23.4681 9.2961
      vertex 97.9503 22.8253 9.4327
    endloop
  endfacet
  facet normal -0.992239 0.121626 -0.025853
    outer loop
      vertex 91.3620 23.3036 9.3311
      vertex 91.3831 24.6116 14.6759
      vertex 91.3831 23.4681 9.2961
    endloop
  endfacet
  facet normal 0.000000 -0.207912 -0.978148
    outer loop
      vertex 91.3620 23.3036 9.3311
      vertex 97.9503 22.8253 9.4327
      vertex 97.8883 22.3414 9.5356
    endloop
  endfacet
  facet normal -0.992239 -0.121626 0.025853
    outer loop
      vertex 91.3620 24.2949 9.1204
      vertex 91.3831 24.1304 9.1553
      vertex 91.3620 25.4384 14.5002
    endloop
  endfacet
  facet normal -0.000000 -0.207912 -0.978148
    outer loop
      vertex 91.3620 24.2949 9.1204
      vertex 97.8017 25.7374 8.8137
      vertex 97.8883 25.2571 8.9158
    endloop
  endfacet
  facet normal -0.000000 -0.207912 -0.978148
    outer loop
      vertex 91.3620 24.2949 9.1204
      vertex 97.8883 25.2571 8.9158
      vertex 97.9503 24.7732 9.0187
    endloop
  endfacet
  facet normal -0.000000 -0.207912 -0.978148
    outer loop
      vertex 91.3620 24.2949 9.1204
      vertex 97.9503 24.7732 9.0187
      vertex 91.3831 24.1304 9.1553
    endloop
  endfacet
  facet normal 0.000000 0.207912 0.978148
    outer loop
      vertex 91.3620 24.4471 14.7109
      vertex 147.0000 6.0000 18.6319
      vertex 91.3831 24.6116 14.6759
    endloop
  endfacet
  facet normal -0.992239 -0.121626 0.025853
    outer loop
      vertex 91.3620 25.4384 14.5002
      vertex 91.3831 24.1304 9.1553
      vertex 91.3831 25.2739 14.5351
    endloop
  endfacet
  facet normal 0.000000 0.207912 0.978148
    outer loop
      vertex 91.3620 25.4384 14.5002
      vertex 91.3831 25.2739 14.5351
      vertex 147.0000 6.0000 18.6319
    endloop
  endfacet
  facet normal -0.997204 0.073097 -0.015537
    outer loop
      vertex 91.3831 23.4681 9.2961
      vertex 91.3831 24.6116 14.6759
      vertex 91.3958 24.7770 14.6408
    endloop
  endfacet
  facet normal 0.000000 -0.207912 -0.978148
    outer loop
      vertex 91.3831 23.4681 9.2961
      vertex 91.3958 23.6335 9.2609
      vertex 97.9876 23.3117 9.3293
    endloop
  endfacet
  facet normal -0.997204 0.073097 -0.015537
    outer loop
      vertex 91.3831 23.4681 9.2961
      vertex 91.3958 24.7770 14.6408
      vertex 91.3958 23.6335 9.2609
    endloop
  endfacet
  facet normal 0.000000 -0.207912 -0.978148
    outer loop
      vertex 91.3831 23.4681 9.2961
      vertex 97.9876 23.3117 9.3293
      vertex 97.9503 22.8253 9.4327
    endloop
  endfacet
  facet normal -0.997204 -0.073097 0.015537
    outer loop
      vertex 91.3831 24.1304 9.1553
      vertex 91.3958 23.9650 9.1905
      vertex 91.3831 25.2739 14.5351
    endloop
  endfacet
  facet normal -0.000000 -0.207912 -0.978148
    outer loop
      vertex 91.3831 24.1304 9.1553
      vertex 97.9503 24.7732 9.0187
      vertex 91.3958 23.9650 9.1905
    endloop
  endfacet
  facet normal -0.000000 0.207912 0.978148
    outer loop
      vertex 91.3831 24.6116 14.6759
      vertex 147.0000 6.0000 18.6319
      vertex 91.3958 24.7770 14.6408
    endloop
  endfacet
  facet normal -0.997204 -0.073097 0.015537
    outer loop
      vertex 91.3831 25.2739 14.5351
      vertex 91.3958 23.9650 9.1905
      vertex 91.3958 25.1085 14.5703
    endloop
  endfacet
  facet normal 0.000000 0.207912 0.978148
    outer loop
      vertex 91.3831 25.2739 14.5351
      vertex 91.3958 25.1085 14.5703
      vertex 147.0000 6.0000 18.6319
    endloop
  endfacet
  facet normal -0.999689 0.024386 -0.005183
    outer loop
      vertex 91.3958 23.6335 9.2609
      vertex 91.3958 24.7770 14.6408
      vertex 91.4000 24.9428 14.6055
    endloop
  endfacet
  facet normal -0.000000 -0.207912 -0.978148
    outer loop
      vertex 91.3958 23.6335 9.2609
      vertex 91.4000 23.7992 9.2257
      vertex 98.0000 23.7992 9.2257
    endloop
  endfacet
  facet normal -0.999689 0.024386 -0.005183
    outer loop
      vertex 91.3958 23.6335 9.2609
      vertex 91.4000 24.9428 14.6055
      vertex 91.4000 23.7992 9.2257
    endloop
  endfacet
  facet normal 0.000000 -0.207912 -0.978148
    outer loop
      vertex 91.3958 23.6335 9.2609
      vertex 98.0000 23.7992 9.2257
      vertex 97.9876 23.3117 9.3293
    endloop
  endfacet
  facet normal -0.999689 -0.024386 0.005183
    outer loop
      vertex 91.3958 23.9650 9.1905
      vertex 91.4000 23.7992 9.2257
      vertex 91.3958 25.1085 14.5703
    endloop
  endfacet
  facet normal -0.000000 -0.207912 -0.978148
    outer loop
      vertex 91.3958 23.9650 9.1905
      vertex 97.9503 24.7732 9.0187
      vertex 97.9876 24.2868 9.1221
    endloop
  endfacet
  facet normal -0.000000 -0.207912 -0.978148
    outer loop
      vertex 91.3958 23.9650 9.1905
      vertex 97.9876 24.2868 9.1221
      vertex 98.0000 23.7992 9.2257
    endloop
  endfacet
  facet normal -0.000000 -0.207912 -0.978148
    outer loop
      vertex 91.3958 23.9650 9.1905
      vertex 98.0000 23.7992 9.2257
      vertex 91.4000 23.7992 9.2257
    endloop
  endfacet
  facet normal 0.000000 0.207912 0.978148
    outer loop
      vertex 91.3958 24.7770 14.6408
      vertex 147.0000 6.0000 18.6319
      vertex 91.4000 24.9428 14.6055
    endloop
  endfacet
  facet normal -0.999689 -0.024386 0.005183
    outer loop
      vertex 91.3958 25.1085 14.5703
      vertex 91.4000 23.7992 9.2257
      vertex 91.4000 24.9428 14.6055
    endloop
  endfacet
  facet normal -0.000000 0.207912 0.978148
    outer loop
      vertex 91.3958 25.1085 14.5703
      vertex 91.4000 24.9428 14.6055
      vertex 147.0000 6.0000 18.6319
    endloop
  endfacet
  facet normal -0.364642 0.910838 -0.193417
    outer loop
      vertex 91.4549 12.2444 0.0000
      vertex 91.6534 14.6939 11.1611
      vertex 91.8362 12.3970 0.0000
    endloop
  endfacet
  facet normal 0.000000 0.000000 -1.000000
    outer loop
      vertex 91.4549 12.2444 0.0000
      vertex 91.8362 12.3970 0.0000
      vertex 147.0000 6.0000 0.0000
    endloop
  endfacet
  facet normal -0.366637 -0.909975 0.193707
    outer loop
      vertex 91.4753 31.4244 0.0000
      vertex 91.8563 31.2709 0.0000
      vertex 91.6534 32.9046 7.2903
    endloop
  endfacet
  facet normal 0.000000 0.000000 -1.000000
    outer loop
      vertex 91.4753 31.4244 0.0000
      vertex 147.0000 74.1332 0.0000
      vertex 91.8563 31.2709 0.0000
    endloop
  endfacet
  facet normal -0.388435 0.901285 -0.191841
    outer loop
      vertex 91.6534 14.6939 11.1611
      vertex 92.1129 14.8834 11.1208
      vertex 91.8362 12.3970 0.0000
    endloop
  endfacet
  facet normal -0.388435 -0.901425 0.191185
    outer loop
      vertex 91.6534 32.9046 7.2903
      vertex 91.8563 31.2709 0.0000
      vertex 92.1129 32.7151 7.3306
    endloop
  endfacet
  facet normal -0.402455 0.895465 -0.190191
    outer loop
      vertex 91.8362 12.3970 0.0000
      vertex 92.1129 14.8834 11.1208
      vertex 92.2110 12.5655 0.0000
    endloop
  endfacet
  facet normal 0.000000 0.000000 -1.000000
    outer loop
      vertex 91.8362 12.3970 0.0000
      vertex 92.2110 12.5655 0.0000
      vertex 147.0000 6.0000 0.0000
    endloop
  endfacet
  facet normal -0.404418 -0.894538 0.190388
    outer loop
      vertex 91.8563 31.2709 0.0000
      vertex 92.2308 31.1016 0.0000
      vertex 92.1129 32.7151 7.3306
    endloop
  endfacet
  facet normal 0.000000 0.000000 -1.000000
    outer loop
      vertex 91.8563 31.2709 0.0000
      vertex 147.0000 74.1332 0.0000
      vertex 92.2308 31.1016 0.0000
    endloop
  endfacet
  facet normal -0.433884 0.881242 -0.187504
    outer loop
      vertex 92.1129 14.8834 11.1208
      vertex 92.5621 15.0950 11.0759
      vertex 92.2110 12.5655 0.0000
    endloop
  endfacet
  facet normal -0.433884 -0.881347 0.187010
    outer loop
      vertex 92.1129 32.7151 7.3306
      vertex 92.2308 31.1016 0.0000
      vertex 92.5621 32.5035 7.3756
    endloop
  endfacet
  facet normal -0.439586 0.878580 -0.186715
    outer loop
      vertex 92.2110 12.5655 0.0000
      vertex 92.5621 15.0950 11.0759
      vertex 92.5788 12.7495 0.0000
    endloop
  endfacet
  facet normal 0.000000 0.000000 -1.000000
    outer loop
      vertex 92.2110 12.5655 0.0000
      vertex 92.5788 12.7495 0.0000
      vertex 147.0000 6.0000 0.0000
    endloop
  endfacet
  facet normal -0.441530 -0.877619 0.186645
    outer loop
      vertex 92.2308 31.1016 0.0000
      vertex 92.5982 30.9168 0.0000
      vertex 92.5621 32.5035 7.3756
    endloop
  endfacet
  facet normal 0.000000 0.000000 -1.000000
    outer loop
      vertex 92.2308 31.1016 0.0000
      vertex 147.0000 74.1332 0.0000
      vertex 92.5982 30.9168 0.0000
    endloop
  endfacet
  facet normal -0.475982 0.860229 -0.182884
    outer loop
      vertex 92.5621 15.0950 11.0759
      vertex 92.9389 12.9488 0.0000
      vertex 92.5788 12.7495 0.0000
    endloop
  endfacet
  facet normal -0.478254 0.859003 -0.182723
    outer loop
      vertex 92.5621 15.0950 11.0759
      vertex 93.0000 15.3282 11.0263
      vertex 92.9389 12.9488 0.0000
    endloop
  endfacet
  facet normal -0.477911 -0.859238 0.182513
    outer loop
      vertex 92.5621 32.5035 7.3756
      vertex 92.5982 30.9168 0.0000
      vertex 92.9578 30.7167 0.0000
    endloop
  endfacet
  facet normal -0.478254 -0.859060 0.182451
    outer loop
      vertex 92.5621 32.5035 7.3756
      vertex 92.9578 30.7167 0.0000
      vertex 93.0000 32.2703 7.4251
    endloop
  endfacet
  facet normal 0.000000 0.000000 -1.000000
    outer loop
      vertex 92.5788 12.7495 0.0000
      vertex 92.9389 12.9488 0.0000
      vertex 147.0000 6.0000 0.0000
    endloop
  endfacet
  facet normal 0.000000 0.000000 -1.000000
    outer loop
      vertex 92.5982 30.9168 0.0000
      vertex 147.0000 74.1332 0.0000
      vertex 92.9578 30.7167 0.0000
    endloop
  endfacet
  facet normal -0.511600 0.840470 -0.178539
    outer loop
      vertex 92.9389 12.9488 0.0000
      vertex 93.0000 15.3282 11.0263
      vertex 93.2907 13.1629 0.0000
    endloop
  endfacet
  facet normal 0.000000 0.000000 -1.000000
    outer loop
      vertex 92.9389 12.9488 0.0000
      vertex 93.2907 13.1629 0.0000
      vertex 147.0000 6.0000 0.0000
    endloop
  endfacet
  facet normal -0.513450 -0.839344 0.178526
    outer loop
      vertex 92.9578 30.7167 0.0000
      vertex 93.3092 30.5018 0.0000
      vertex 93.0000 32.2703 7.4251
    endloop
  endfacet
  facet normal 0.000000 0.000000 -1.000000
    outer loop
      vertex 92.9578 30.7167 0.0000
      vertex 147.0000 74.1332 0.0000
      vertex 93.3092 30.5018 0.0000
    endloop
  endfacet
  facet normal -0.521435 0.834594 -0.177645
    outer loop
      vertex 93.0000 15.3282 11.0263
      vertex 93.4255 15.5826 10.9722
      vertex 93.2907 13.1629 0.0000
    endloop
  endfacet
  facet normal -0.521435 -0.834712 0.177090
    outer loop
      vertex 93.0000 32.2703 7.4251
      vertex 93.3092 30.5018 0.0000
      vertex 93.4255 32.0159 7.4792
    endloop
  endfacet
  facet normal -0.546354 0.819289 -0.173963
    outer loop
      vertex 93.2907 13.1629 0.0000
      vertex 93.4255 15.5826 10.9722
      vertex 93.6337 13.3916 0.0000
    endloop
  endfacet
  facet normal 0.000000 0.000000 -1.000000
    outer loop
      vertex 93.2907 13.1629 0.0000
      vertex 93.6337 13.3916 0.0000
      vertex 147.0000 6.0000 0.0000
    endloop
  endfacet
  facet normal -0.548136 -0.818061 0.174135
    outer loop
      vertex 93.3092 30.5018 0.0000
      vertex 93.6517 30.2723 0.0000
      vertex 93.4255 32.0159 7.4792
    endloop
  endfacet
  facet normal 0.000000 0.000000 -1.000000
    outer loop
      vertex 93.3092 30.5018 0.0000
      vertex 147.0000 74.1332 0.0000
      vertex 93.6517 30.2723 0.0000
    endloop
  endfacet
  facet normal -0.563320 0.808126 -0.172056
    outer loop
      vertex 93.4255 15.5826 10.9722
      vertex 93.8374 15.8573 10.9138
      vertex 93.6337 13.3916 0.0000
    endloop
  endfacet
  facet normal -0.563320 -0.808267 0.171392
    outer loop
      vertex 93.4255 32.0159 7.4792
      vertex 93.6517 30.2723 0.0000
      vertex 93.8374 31.7412 7.5376
    endloop
  endfacet
  facet normal -0.580185 0.796723 -0.169166
    outer loop
      vertex 93.6337 13.3916 0.0000
      vertex 93.8374 15.8573 10.9138
      vertex 93.9672 13.6345 0.0000
    endloop
  endfacet
  facet normal 0.000000 0.000000 -1.000000
    outer loop
      vertex 93.6337 13.3916 0.0000
      vertex 93.9672 13.6345 0.0000
      vertex 147.0000 6.0000 0.0000
    endloop
  endfacet
  facet normal -0.581913 -0.795423 0.169347
    outer loop
      vertex 93.6517 30.2723 0.0000
      vertex 93.9847 30.0287 0.0000
      vertex 93.8374 31.7412 7.5376
    endloop
  endfacet
  facet normal 0.000000 0.000000 -1.000000
    outer loop
      vertex 93.6517 30.2723 0.0000
      vertex 147.0000 74.1332 0.0000
      vertex 93.9847 30.0287 0.0000
    endloop
  endfacet
  facet normal -0.603804 0.779663 -0.165972
    outer loop
      vertex 93.8374 15.8573 10.9138
      vertex 94.2349 16.1518 10.8512
      vertex 93.9672 13.6345 0.0000
    endloop
  endfacet
  facet normal -0.603804 -0.779791 0.165368
    outer loop
      vertex 93.8374 31.7412 7.5376
      vertex 93.9847 30.0287 0.0000
      vertex 94.2349 31.4467 7.6002
    endloop
  endfacet
  facet normal -0.613036 0.772813 -0.164155
    outer loop
      vertex 93.9672 13.6345 0.0000
      vertex 94.2349 16.1518 10.8512
      vertex 94.2907 13.8911 0.0000
    endloop
  endfacet
  facet normal 0.000000 0.000000 -1.000000
    outer loop
      vertex 93.9672 13.6345 0.0000
      vertex 94.2907 13.8911 0.0000
      vertex 147.0000 6.0000 0.0000
    endloop
  endfacet
  facet normal -0.614725 -0.771466 0.164174
    outer loop
      vertex 93.9847 30.0287 0.0000
      vertex 94.3076 29.7714 0.0000
      vertex 94.2349 31.4467 7.6002
    endloop
  endfacet
  facet normal 0.000000 0.000000 -1.000000
    outer loop
      vertex 93.9847 30.0287 0.0000
      vertex 147.0000 74.1332 0.0000
      vertex 94.3076 29.7714 0.0000
    endloop
  endfacet
  facet normal -0.642788 0.749276 -0.159405
    outer loop
      vertex 94.2349 16.1518 10.8512
      vertex 94.6169 16.4653 10.7846
      vertex 94.2907 13.8911 0.0000
    endloop
  endfacet
  facet normal -0.642788 -0.749355 0.159032
    outer loop
      vertex 94.2349 31.4467 7.6002
      vertex 94.3076 29.7714 0.0000
      vertex 94.6169 31.1332 7.6668
    endloop
  endfacet
  facet normal 0.000000 0.000000 -1.000000
    outer loop
      vertex 94.2907 13.8911 0.0000
      vertex 94.6037 14.1611 0.0000
      vertex 147.0000 6.0000 0.0000
    endloop
  endfacet
  facet normal -0.644852 0.747599 -0.158942
    outer loop
      vertex 94.2907 13.8911 0.0000
      vertex 94.6169 16.4653 10.7846
      vertex 94.6037 14.1611 0.0000
    endloop
  endfacet
  facet normal -0.646518 -0.746226 0.158626
    outer loop
      vertex 94.3076 29.7714 0.0000
      vertex 94.6200 29.5007 0.0000
      vertex 94.6169 31.1332 7.6668
    endloop
  endfacet
  facet normal 0.000000 0.000000 -1.000000
    outer loop
      vertex 94.3076 29.7714 0.0000
      vertex 147.0000 74.1332 0.0000
      vertex 94.6200 29.5007 0.0000
    endloop
  endfacet
  facet normal -0.675607 0.721157 -0.153255
    outer loop
      vertex 94.6037 14.1611 0.0000
      vertex 94.6169 16.4653 10.7846
      vertex 94.9056 14.4439 0.0000
    endloop
  endfacet
  facet normal 0.000000 0.000000 -1.000000
    outer loop
      vertex 94.6037 14.1611 0.0000
      vertex 94.9056 14.4439 0.0000
      vertex 147.0000 6.0000 0.0000
    endloop
  endfacet
  facet normal -0.680173 0.716993 -0.152597
    outer loop
      vertex 94.6169 16.4653 10.7846
      vertex 94.9824 16.7970 10.7141
      vertex 94.9056 14.4439 0.0000
    endloop
  endfacet
  facet normal -0.677210 -0.719714 0.152968
    outer loop
      vertex 94.6169 31.1332 7.6668
      vertex 94.6200 29.5007 0.0000
      vertex 94.9213 29.2172 0.0000
    endloop
  endfacet
  facet normal -0.680173 -0.717079 0.152192
    outer loop
      vertex 94.6169 31.1332 7.6668
      vertex 94.9213 29.2172 0.0000
      vertex 94.9824 30.8015 7.7373
    endloop
  endfacet
  facet normal 0.000000 0.000000 -1.000000
    outer loop
      vertex 94.6200 29.5007 0.0000
      vertex 147.0000 74.1332 0.0000
      vertex 94.9213 29.2172 0.0000
    endloop
  endfacet
  facet normal -0.705236 0.693511 -0.147259
    outer loop
      vertex 94.9056 14.4439 0.0000
      vertex 94.9824 16.7970 10.7141
      vertex 95.1959 14.7391 0.0000
    endloop
  endfacet
  facet normal 0.000000 0.000000 -1.000000
    outer loop
      vertex 94.9056 14.4439 0.0000
      vertex 95.1959 14.7391 0.0000
      vertex 147.0000 6.0000 0.0000
    endloop
  endfacet
  facet normal -0.706745 -0.691973 0.147261
    outer loop
      vertex 94.9213 29.2172 0.0000
      vertex 95.2110 28.9214 0.0000
      vertex 94.9824 30.8015 7.7373
    endloop
  endfacet
  facet normal 0.000000 0.000000 -1.000000
    outer loop
      vertex 94.9213 29.2172 0.0000
      vertex 147.0000 74.1332 0.0000
      vertex 95.2110 28.9214 0.0000
    endloop
  endfacet
  facet normal -0.715867 0.682922 -0.145438
    outer loop
      vertex 94.9824 16.7970 10.7141
      vertex 95.3305 17.1462 10.6399
      vertex 95.1959 14.7391 0.0000
    endloop
  endfacet
  facet normal -0.715867 -0.683052 0.144824
    outer loop
      vertex 94.9824 30.8015 7.7373
      vertex 95.2110 28.9214 0.0000
      vertex 95.3305 30.4523 7.8115
    endloop
  endfacet
  facet normal -0.733674 0.664693 -0.141088
    outer loop
      vertex 95.1959 14.7391 0.0000
      vertex 95.3305 17.1462 10.6399
      vertex 95.4741 15.0462 0.0000
    endloop
  endfacet
  facet normal 0.000000 0.000000 -1.000000
    outer loop
      vertex 95.1959 14.7391 0.0000
      vertex 95.4741 15.0462 0.0000
      vertex 147.0000 6.0000 0.0000
    endloop
  endfacet
  facet normal -0.735105 -0.663085 0.141205
    outer loop
      vertex 95.2110 28.9214 0.0000
      vertex 95.4886 28.6136 0.0000
      vertex 95.3305 30.4523 7.8115
    endloop
  endfacet
  facet normal 0.000000 0.000000 -1.000000
    outer loop
      vertex 95.2110 28.9214 0.0000
      vertex 147.0000 74.1332 0.0000
      vertex 95.4886 28.6136 0.0000
    endloop
  endfacet
  facet normal -0.749781 0.647168 -0.137847
    outer loop
      vertex 95.3305 17.1462 10.6399
      vertex 95.6604 17.5118 10.5621
      vertex 95.4741 15.0462 0.0000
    endloop
  endfacet
  facet normal -0.749781 -0.647307 0.137194
    outer loop
      vertex 95.3305 30.4523 7.8115
      vertex 95.4886 28.6136 0.0000
      vertex 95.6604 30.0867 7.8893
    endloop
  endfacet
  facet normal -0.760875 0.634753 -0.134753
    outer loop
      vertex 95.4741 15.0462 0.0000
      vertex 95.6604 17.5118 10.5621
      vertex 95.7398 15.3647 0.0000
    endloop
  endfacet
  facet normal 0.000000 0.000000 -1.000000
    outer loop
      vertex 95.4741 15.0462 0.0000
      vertex 95.7398 15.3647 0.0000
      vertex 147.0000 6.0000 0.0000
    endloop
  endfacet
  facet normal -0.762244 -0.633095 0.134812
    outer loop
      vertex 95.4886 28.6136 0.0000
      vertex 95.7536 28.2945 0.0000
      vertex 95.6604 30.0867 7.8893
    endloop
  endfacet
  facet normal 0.000000 0.000000 -1.000000
    outer loop
      vertex 95.4886 28.6136 0.0000
      vertex 147.0000 74.1332 0.0000
      vertex 95.7536 28.2945 0.0000
    endloop
  endfacet
  facet normal -0.781831 0.609820 -0.129842
    outer loop
      vertex 95.6604 17.5118 10.5621
      vertex 95.9713 17.8932 10.4811
      vertex 95.7398 15.3647 0.0000
    endloop
  endfacet
  facet normal -0.781831 -0.609931 0.129319
    outer loop
      vertex 95.6604 30.0867 7.8893
      vertex 95.7536 28.2945 0.0000
      vertex 95.9713 29.7053 7.9703
    endloop
  endfacet
  facet normal -0.786792 0.603744 -0.128267
    outer loop
      vertex 95.7398 15.3647 0.0000
      vertex 95.9713 17.8932 10.4811
      vertex 95.9926 15.6941 0.0000
    endloop
  endfacet
  facet normal 0.000000 0.000000 -1.000000
    outer loop
      vertex 95.7398 15.3647 0.0000
      vertex 95.9926 15.6941 0.0000
      vertex 147.0000 6.0000 0.0000
    endloop
  endfacet
  facet normal -0.788115 -0.602051 0.128096
    outer loop
      vertex 95.7536 28.2945 0.0000
      vertex 96.0056 27.9646 0.0000
      vertex 95.9713 29.7053 7.9703
    endloop
  endfacet
  facet normal 0.000000 0.000000 -1.000000
    outer loop
      vertex 95.7536 28.2945 0.0000
      vertex 147.0000 74.1332 0.0000
      vertex 96.0056 27.9646 0.0000
    endloop
  endfacet
  facet normal -0.811387 0.571722 -0.121598
    outer loop
      vertex 95.9713 17.8932 10.4811
      vertex 96.2319 16.0338 0.0000
      vertex 95.9926 15.6941 0.0000
    endloop
  endfacet
  facet normal -0.811938 0.570964 -0.121477
    outer loop
      vertex 95.9713 17.8932 10.4811
      vertex 96.2624 18.2891 10.3969
      vertex 96.2319 16.0338 0.0000
    endloop
  endfacet
  facet normal -0.811938 -0.571020 0.121216
    outer loop
      vertex 95.9713 29.7053 7.9703
      vertex 96.0056 27.9646 0.0000
      vertex 96.2624 29.3094 8.0545
    endloop
  endfacet
  facet normal 0.000000 0.000000 -1.000000
    outer loop
      vertex 95.9926 15.6941 0.0000
      vertex 96.2319 16.0338 0.0000
      vertex 147.0000 6.0000 0.0000
    endloop
  endfacet
  facet normal -0.812674 -0.570002 0.121070
    outer loop
      vertex 96.0056 27.9646 0.0000
      vertex 96.2443 27.6244 0.0000
      vertex 96.2624 29.3094 8.0545
    endloop
  endfacet
  facet normal 0.000000 0.000000 -1.000000
    outer loop
      vertex 96.0056 27.9646 0.0000
      vertex 147.0000 74.1332 0.0000
      vertex 96.2443 27.6244 0.0000
    endloop
  endfacet
  facet normal -0.834651 0.538762 -0.114425
    outer loop
      vertex 96.2319 16.0338 0.0000
      vertex 96.2624 18.2891 10.3969
      vertex 96.4574 16.3832 0.0000
    endloop
  endfacet
  facet normal 0.000000 0.000000 -1.000000
    outer loop
      vertex 96.2319 16.0338 0.0000
      vertex 96.4574 16.3832 0.0000
      vertex 147.0000 6.0000 0.0000
    endloop
  endfacet
  facet normal -0.837079 -0.535110 0.113825
    outer loop
      vertex 96.2443 27.6244 0.0000
      vertex 96.4932 27.2351 0.0000
      vertex 96.2624 29.3094 8.0545
    endloop
  endfacet
  facet normal 0.000000 0.000000 -1.000000
    outer loop
      vertex 96.2443 27.6244 0.0000
      vertex 147.0000 74.1332 0.0000
      vertex 96.4932 27.2351 0.0000
    endloop
  endfacet
  facet normal -0.840026 0.530640 -0.113037
    outer loop
      vertex 96.2624 18.2891 10.3969
      vertex 96.5329 18.6988 10.3098
      vertex 96.4574 16.3832 0.0000
    endloop
  endfacet
  facet normal -0.840026 -0.530730 0.112613
    outer loop
      vertex 96.2624 29.3094 8.0545
      vertex 96.4932 27.2351 0.0000
      vertex 96.5329 28.8997 8.1416
    endloop
  endfacet
  facet normal -0.856508 0.504892 -0.107133
    outer loop
      vertex 96.4574 16.3832 0.0000
      vertex 96.5329 18.6988 10.3098
      vertex 96.6688 16.7417 0.0000
    endloop
  endfacet
  facet normal 0.000000 0.000000 -1.000000
    outer loop
      vertex 96.4574 16.3832 0.0000
      vertex 96.6688 16.7417 0.0000
      vertex 147.0000 6.0000 0.0000
    endloop
  endfacet
  facet normal -0.862368 -0.495178 0.105453
    outer loop
      vertex 96.4932 27.2351 0.0000
      vertex 96.7491 26.7894 0.0000
      vertex 96.5329 28.8997 8.1416
    endloop
  endfacet
  facet normal 0.000000 -0.000000 -1.000000
    outer loop
      vertex 96.4932 27.2351 0.0000
      vertex 147.0000 74.1332 0.0000
      vertex 155.0000 66.1332 0.0000
    endloop
  endfacet
  facet normal 0.000000 0.000000 -1.000000
    outer loop
      vertex 96.4932 27.2351 0.0000
      vertex 155.0000 66.1332 0.0000
      vertex 96.7491 26.7894 0.0000
    endloop
  endfacet
  facet normal -0.866025 0.489012 -0.104244
    outer loop
      vertex 96.5329 18.6988 10.3098
      vertex 96.7822 19.1212 10.2201
      vertex 96.6688 16.7417 0.0000
    endloop
  endfacet
  facet normal -0.866025 -0.489110 0.103784
    outer loop
      vertex 96.5329 28.8997 8.1416
      vertex 96.7491 26.7894 0.0000
      vertex 96.7822 28.4773 8.2314
    endloop
  endfacet
  facet normal -0.876922 0.470171 -0.099737
    outer loop
      vertex 96.6688 16.7417 0.0000
      vertex 96.7822 19.1212 10.2201
      vertex 96.8656 17.1088 0.0000
    endloop
  endfacet
  facet normal 0.000000 0.000000 -1.000000
    outer loop
      vertex 96.6688 16.7417 0.0000
      vertex 96.8656 17.1088 0.0000
      vertex 147.0000 6.0000 0.0000
    endloop
  endfacet
  facet normal -0.886852 -0.451920 0.096241
    outer loop
      vertex 96.7491 26.7894 0.0000
      vertex 96.9826 26.3311 0.0000
      vertex 96.7822 28.4773 8.2314
    endloop
  endfacet
  facet normal 0.000000 0.000000 -1.000000
    outer loop
      vertex 96.7491 26.7894 0.0000
      vertex 155.0000 66.1332 0.0000
      vertex 96.9826 26.3311 0.0000
    endloop
  endfacet
  facet normal -0.889872 0.446184 -0.095119
    outer loop
      vertex 96.7822 19.1212 10.2201
      vertex 97.0097 19.5552 10.1278
      vertex 96.8656 17.1088 0.0000
    endloop
  endfacet
  facet normal -0.889872 -0.446274 0.094696
    outer loop
      vertex 96.7822 28.4773 8.2314
      vertex 96.9826 26.3311 0.0000
      vertex 97.0097 28.0433 8.3236
    endloop
  endfacet
  facet normal -0.895858 0.434659 -0.092250
    outer loop
      vertex 96.8656 17.1088 0.0000
      vertex 97.0097 19.5552 10.1278
      vertex 97.0476 17.4838 0.0000
    endloop
  endfacet
  facet normal 0.000000 0.000000 -1.000000
    outer loop
      vertex 96.8656 17.1088 0.0000
      vertex 97.0476 17.4838 0.0000
      vertex 147.0000 6.0000 0.0000
    endloop
  endfacet
  facet normal -0.909069 -0.407507 0.086784
    outer loop
      vertex 96.9826 26.3311 0.0000
      vertex 97.1932 25.8612 0.0000
      vertex 97.0097 28.0433 8.3236
    endloop
  endfacet
  facet normal 0.000000 0.000000 -1.000000
    outer loop
      vertex 96.9826 26.3311 0.0000
      vertex 155.0000 66.1332 0.0000
      vertex 97.1932 25.8612 0.0000
    endloop
  endfacet
  facet normal -0.911506 0.402263 -0.085683
    outer loop
      vertex 97.0097 19.5552 10.1278
      vertex 97.2148 19.9998 10.0333
      vertex 97.0476 17.4838 0.0000
    endloop
  endfacet
  facet normal -0.911506 -0.402329 0.085372
    outer loop
      vertex 97.0097 28.0433 8.3236
      vertex 97.1932 25.8612 0.0000
      vertex 97.2148 27.5987 8.4181
    endloop
  endfacet
  facet normal 0.000000 0.000000 -1.000000
    outer loop
      vertex 97.0476 17.4838 0.0000
      vertex 97.2143 17.8661 0.0000
      vertex 147.0000 6.0000 0.0000
    endloop
  endfacet
  facet normal -0.913287 0.398415 -0.084688
    outer loop
      vertex 97.0476 17.4838 0.0000
      vertex 97.2148 19.9998 10.0333
      vertex 97.2143 17.8661 0.0000
    endloop
  endfacet
  facet normal -0.928963 -0.362053 0.077104
    outer loop
      vertex 97.1932 25.8612 0.0000
      vertex 97.3803 25.3812 0.0000
      vertex 97.2148 27.5987 8.4181
    endloop
  endfacet
  facet normal 0.000000 0.000000 -1.000000
    outer loop
      vertex 97.1932 25.8612 0.0000
      vertex 155.0000 14.0000 0.0000
      vertex 97.3803 25.3812 0.0000
    endloop
  endfacet
  facet normal 0.000000 -0.000000 -1.000000
    outer loop
      vertex 97.1932 25.8612 0.0000
      vertex 155.0000 66.1332 0.0000
      vertex 155.0000 14.0000 0.0000
    endloop
  endfacet
  facet normal -0.929197 0.361510 -0.076839
    outer loop
      vertex 97.2143 17.8661 0.0000
      vertex 97.2148 19.9998 10.0333
      vertex 97.3657 18.2551 0.0000
    endloop
  endfacet
  facet normal 0.000000 0.000000 -1.000000
    outer loop
      vertex 97.2143 17.8661 0.0000
      vertex 97.3657 18.2551 0.0000
      vertex 147.0000 6.0000 0.0000
    endloop
  endfacet
  facet normal -0.930874 0.357320 -0.076136
    outer loop
      vertex 97.2148 19.9998 10.0333
      vertex 97.3969 20.4538 9.9368
      vertex 97.3657 18.2551 0.0000
    endloop
  endfacet
  facet normal -0.930874 -0.357383 0.075837
    outer loop
      vertex 97.2148 27.5987 8.4181
      vertex 97.3803 25.3812 0.0000
      vertex 97.3969 27.1447 8.5146
    endloop
  endfacet
  facet normal -0.943557 0.324002 -0.068724
    outer loop
      vertex 97.3657 18.2551 0.0000
      vertex 97.3969 20.4538 9.9368
      vertex 97.5013 18.6501 0.0000
    endloop
  endfacet
  facet normal 0.000000 0.000000 -1.000000
    outer loop
      vertex 97.3657 18.2551 0.0000
      vertex 97.5013 18.6501 0.0000
      vertex 147.0000 6.0000 0.0000
    endloop
  endfacet
  facet normal -0.946484 -0.315673 0.067228
    outer loop
      vertex 97.3803 25.3812 0.0000
      vertex 97.5435 24.8920 0.0000
      vertex 97.3969 27.1447 8.5146
    endloop
  endfacet
  facet normal 0.000000 0.000000 -1.000000
    outer loop
      vertex 97.3803 25.3812 0.0000
      vertex 155.0000 14.0000 0.0000
      vertex 97.5435 24.8920 0.0000
    endloop
  endfacet
  facet normal -0.947927 0.311468 -0.066495
    outer loop
      vertex 97.3969 20.4538 9.9368
      vertex 97.5557 20.9161 9.8385
      vertex 97.5013 18.6501 0.0000
    endloop
  endfacet
  facet normal -0.947927 -0.311549 0.066112
    outer loop
      vertex 97.3969 27.1447 8.5146
      vertex 97.5435 24.8920 0.0000
      vertex 97.5557 26.6824 8.6129
    endloop
  endfacet
  facet normal -0.956329 0.285947 -0.060570
    outer loop
      vertex 97.5013 18.6501 0.0000
      vertex 97.5557 20.9161 9.8385
      vertex 97.6210 19.0504 0.0000
    endloop
  endfacet
  facet normal 0.000000 0.000000 -1.000000
    outer loop
      vertex 97.5013 18.6501 0.0000
      vertex 97.6210 19.0504 0.0000
      vertex 147.0000 6.0000 0.0000
    endloop
  endfacet
  facet normal -0.961585 -0.268486 0.057180
    outer loop
      vertex 97.5435 24.8920 0.0000
      vertex 97.6822 24.3951 0.0000
      vertex 97.5557 26.6824 8.6129
    endloop
  endfacet
  facet normal 0.000000 0.000000 -1.000000
    outer loop
      vertex 97.5435 24.8920 0.0000
      vertex 155.0000 14.0000 0.0000
      vertex 97.6822 24.3951 0.0000
    endloop
  endfacet
  facet normal -0.962624 0.264858 -0.056613
    outer loop
      vertex 97.5557 20.9161 9.8385
      vertex 97.6908 21.3856 9.7387
      vertex 97.6210 19.0504 0.0000
    endloop
  endfacet
  facet normal -0.962624 -0.264941 0.056223
    outer loop
      vertex 97.5557 26.6824 8.6129
      vertex 97.6822 24.3951 0.0000
      vertex 97.6908 26.2129 8.7127
    endloop
  endfacet
  facet normal -0.967493 0.247412 -0.052395
    outer loop
      vertex 97.6210 19.0504 0.0000
      vertex 97.6908 21.3856 9.7387
      vertex 97.7246 19.4554 0.0000
    endloop
  endfacet
  facet normal 0.000000 0.000000 -1.000000
    outer loop
      vertex 97.6210 19.0504 0.0000
      vertex 97.7246 19.4554 0.0000
      vertex 147.0000 6.0000 0.0000
    endloop
  endfacet
  facet normal -0.974229 -0.220612 0.046986
    outer loop
      vertex 97.6822 24.3951 0.0000
      vertex 97.7962 23.8916 0.0000
      vertex 97.6908 26.2129 8.7127
    endloop
  endfacet
  facet normal 0.000000 0.000000 -1.000000
    outer loop
      vertex 97.6822 24.3951 0.0000
      vertex 147.0000 6.0000 0.0000
      vertex 97.7962 23.8916 0.0000
    endloop
  endfacet
  facet normal -0.000000 0.000000 -1.000000
    outer loop
      vertex 97.6822 24.3951 0.0000
      vertex 155.0000 14.0000 0.0000
      vertex 147.0000 6.0000 0.0000
    endloop
  endfacet
  facet normal -0.974928 0.217606 -0.046513
    outer loop
      vertex 97.6908 21.3856 9.7387
      vertex 97.8017 21.8611 9.6377
      vertex 97.7246 19.4554 0.0000
    endloop
  endfacet
  facet normal -0.974928 -0.217673 0.046194
    outer loop
      vertex 97.6908 26.2129 8.7127
      vertex 97.7962 23.8916 0.0000
      vertex 97.8017 25.7374 8.8137
    endloop
  endfacet
  facet normal -0.977031 0.208461 -0.044214
    outer loop
      vertex 97.7246 19.4554 0.0000
      vertex 97.8017 21.8611 9.6377
      vertex 97.8119 19.8644 0.0000
    endloop
  endfacet
  facet normal 0.000000 0.000000 -1.000000
    outer loop
      vertex 97.7246 19.4554 0.0000
      vertex 97.8119 19.8644 0.0000
      vertex 147.0000 6.0000 0.0000
    endloop
  endfacet
  facet normal -0.984384 -0.172175 0.036672
    outer loop
      vertex 97.7962 23.8916 0.0000
      vertex 97.8852 23.3829 0.0000
      vertex 97.8017 25.7374 8.8137
    endloop
  endfacet
  facet normal 0.000000 0.000000 -1.000000
    outer loop
      vertex 97.7962 23.8916 0.0000
      vertex 147.0000 6.0000 0.0000
      vertex 97.8852 23.3829 0.0000
    endloop
  endfacet
  facet normal -0.984928 0.169161 -0.036080
    outer loop
      vertex 97.8017 21.8611 9.6377
      vertex 97.8827 20.2767 0.0000
      vertex 97.8119 19.8644 0.0000
    endloop
  endfacet
  facet normal -0.984808 0.169835 -0.036190
    outer loop
      vertex 97.8017 21.8611 9.6377
      vertex 97.8883 22.3414 9.5356
      vertex 97.8827 20.2767 0.0000
    endloop
  endfacet
  facet normal -0.984808 -0.169865 0.036050
    outer loop
      vertex 97.8017 25.7374 8.8137
      vertex 97.8852 23.3829 0.0000
      vertex 97.8883 25.2571 8.9158
    endloop
  endfacet
  facet normal 0.000000 0.000000 -1.000000
    outer loop
      vertex 97.8119 19.8644 0.0000
      vertex 97.8827 20.2767 0.0000
      vertex 147.0000 6.0000 0.0000
    endloop
  endfacet
  facet normal -0.991188 0.129579 -0.027470
    outer loop
      vertex 97.8827 20.2767 0.0000
      vertex 97.8883 22.3414 9.5356
      vertex 97.9369 20.6917 0.0000
    endloop
  endfacet
  facet normal 0.000000 0.000000 -1.000000
    outer loop
      vertex 97.8827 20.2767 0.0000
      vertex 97.9369 20.6917 0.0000
      vertex 147.0000 6.0000 0.0000
    endloop
  endfacet
  facet normal -0.992022 -0.123298 0.026264
    outer loop
      vertex 97.8852 23.3829 0.0000
      vertex 97.9489 22.8702 0.0000
      vertex 97.8883 25.2571 8.9158
    endloop
  endfacet
  facet normal 0.000000 0.000000 -1.000000
    outer loop
      vertex 97.8852 23.3829 0.0000
      vertex 147.0000 6.0000 0.0000
      vertex 97.9489 22.8702 0.0000
    endloop
  endfacet
  facet normal -0.992239 0.121576 -0.026091
    outer loop
      vertex 97.8883 22.3414 9.5356
      vertex 97.9503 22.8253 9.4327
      vertex 97.9369 20.6917 0.0000
    endloop
  endfacet
  facet normal -0.992239 -0.121634 0.025817
    outer loop
      vertex 97.8883 25.2571 8.9158
      vertex 97.9489 22.8702 0.0000
      vertex 97.9503 24.7732 9.0187
    endloop
  endfacet
  facet normal -0.995782 0.089780 -0.018893
    outer loop
      vertex 97.9369 20.6917 0.0000
      vertex 97.9503 22.8253 9.4327
      vertex 97.9745 21.1085 0.0000
    endloop
  endfacet
  facet normal 0.000000 0.000000 -1.000000
    outer loop
      vertex 97.9369 20.6917 0.0000
      vertex 97.9745 21.1085 0.0000
      vertex 147.0000 6.0000 0.0000
    endloop
  endfacet
  facet normal -0.997125 -0.074105 0.015789
    outer loop
      vertex 97.9489 22.8702 0.0000
      vertex 97.9872 22.3549 0.0000
      vertex 97.9503 24.7732 9.0187
    endloop
  endfacet
  facet normal 0.000000 0.000000 -1.000000
    outer loop
      vertex 97.9489 22.8702 0.0000
      vertex 147.0000 6.0000 0.0000
      vertex 97.9872 22.3549 0.0000
    endloop
  endfacet
  facet normal -0.997204 0.073031 -0.015849
    outer loop
      vertex 97.9503 22.8253 9.4327
      vertex 97.9876 23.3117 9.3293
      vertex 97.9745 21.1085 0.0000
    endloop
  endfacet
  facet normal -0.997204 -0.073101 0.015519
    outer loop
      vertex 97.9503 24.7732 9.0187
      vertex 97.9872 22.3549 0.0000
      vertex 97.9876 24.2868 9.1221
    endloop
  endfacet
  facet normal -0.998567 0.052384 -0.010971
    outer loop
      vertex 97.9745 21.1085 0.0000
      vertex 97.9876 23.3117 9.3293
      vertex 97.9936 21.4732 0.0000
    endloop
  endfacet
  facet normal 0.000000 0.000000 -1.000000
    outer loop
      vertex 97.9745 21.1085 0.0000
      vertex 97.9936 21.4732 0.0000
      vertex 147.0000 6.0000 0.0000
    endloop
  endfacet
  facet normal -0.999681 -0.024723 0.005255
    outer loop
      vertex 97.9872 22.3549 0.0000
      vertex 98.0000 21.8383 0.0000
      vertex 98.0000 23.7992 9.2257
    endloop
  endfacet
  facet normal -0.999689 -0.024382 0.005202
    outer loop
      vertex 97.9872 22.3549 0.0000
      vertex 98.0000 23.7992 9.2257
      vertex 97.9876 24.2868 9.1221
    endloop
  endfacet
  facet normal 0.000000 0.000000 -1.000000
    outer loop
      vertex 97.9872 22.3549 0.0000
      vertex 147.0000 6.0000 0.0000
      vertex 98.0000 21.8383 0.0000
    endloop
  endfacet
  facet normal -0.999689 0.024331 -0.005443
    outer loop
      vertex 97.9876 23.3117 9.3293
      vertex 98.0000 23.7992 9.2257
      vertex 97.9936 21.4732 0.0000
    endloop
  endfacet
  facet normal 0.000000 0.000000 -1.000000
    outer loop
      vertex 97.9936 21.4732 0.0000
      vertex 98.0000 21.8383 0.0000
      vertex 147.0000 6.0000 0.0000
    endloop
  endfacet
  facet normal -0.999841 0.017469 -0.003713
    outer loop
      vertex 97.9936 21.4732 0.0000
      vertex 98.0000 23.7992 9.2257
      vertex 98.0000 21.8383 0.0000
    endloop
  endfacet
  facet normal 0.022940 -0.999737 0.000000
    outer loop
      vertex 147.0000 6.0000 0.0000
      vertex 147.3669 6.0084 18.6301
      vertex 147.0000 6.0000 18.6319
    endloop
  endfacet
  facet normal 0.024541 -0.999699 -0.000032
    outer loop
      vertex 147.0000 6.0000 0.0000
      vertex 147.3925 6.0096 0.0000
      vertex 147.3669 6.0084 18.6301
    endloop
  endfacet
  facet normal 0.000000 0.000000 -1.000000
    outer loop
      vertex 147.0000 6.0000 0.0000
      vertex 147.7841 6.0385 0.0000
      vertex 147.3925 6.0096 0.0000
    endloop
  endfacet
  facet normal 0.000000 0.000000 -1.000000
    outer loop
      vertex 147.0000 6.0000 0.0000
      vertex 148.9438 6.2397 0.0000
      vertex 147.7841 6.0385 0.0000
    endloop
  endfacet
  facet normal 0.000000 0.000000 -1.000000
    outer loop
      vertex 147.0000 6.0000 0.0000
      vertex 150.0615 6.6090 0.0000
      vertex 148.9438 6.2397 0.0000
    endloop
  endfacet
  facet normal 0.000000 0.000000 -1.000000
    outer loop
      vertex 147.0000 6.0000 0.0000
      vertex 151.1128 7.1382 0.0000
      vertex 150.0615 6.6090 0.0000
    endloop
  endfacet
  facet normal 0.000000 0.000000 -1.000000
    outer loop
      vertex 147.0000 6.0000 0.0000
      vertex 151.4446 7.3482 0.0000
      vertex 151.1128 7.1382 0.0000
    endloop
  endfacet
  facet normal 0.000000 0.000000 -1.000000
    outer loop
      vertex 147.0000 6.0000 0.0000
      vertex 152.3725 8.0724 0.0000
      vertex 151.4446 7.3482 0.0000
    endloop
  endfacet
  facet normal 0.000000 0.000000 -1.000000
    outer loop
      vertex 147.0000 6.0000 0.0000
      vertex 153.1841 8.9249 0.0000
      vertex 152.3725 8.0724 0.0000
    endloop
  endfacet
  facet normal 0.000000 0.000000 -1.000000
    outer loop
      vertex 147.0000 6.0000 0.0000
      vertex 153.6518 9.5554 0.0000
      vertex 153.1841 8.9249 0.0000
    endloop
  endfacet
  facet normal 0.000000 0.000000 -1.000000
    outer loop
      vertex 147.0000 6.0000 0.0000
      vertex 153.8618 9.8872 0.0000
      vertex 153.6518 9.5554 0.0000
    endloop
  endfacet
  facet normal 0.000000 0.000000 -1.000000
    outer loop
      vertex 147.0000 6.0000 0.0000
      vertex 154.3910 10.9385 0.0000
      vertex 153.8618 9.8872 0.0000
    endloop
  endfacet
  facet normal 0.000000 0.000000 -1.000000
    outer loop
      vertex 147.0000 6.0000 0.0000
      vertex 154.9615 13.2159 0.0000
      vertex 154.3910 10.9385 0.0000
    endloop
  endfacet
  facet normal 0.000000 0.000000 -1.000000
    outer loop
      vertex 147.0000 6.0000 0.0000
      vertex 155.0000 14.0000 0.0000
      vertex 154.9615 13.2159 0.0000
    endloop
  endfacet
  facet normal 0.000000 0.207912 0.978148
    outer loop
      vertex 147.0000 6.0000 18.6319
      vertex 147.3669 6.0084 18.6301
      vertex 147.7331 6.0337 18.6248
    endloop
  endfacet
  facet normal -0.000000 0.207912 0.978148
    outer loop
      vertex 147.0000 6.0000 18.6319
      vertex 147.7331 6.0337 18.6248
      vertex 148.0977 6.0757 18.6158
    endloop
  endfacet
  facet normal -0.000000 0.207912 0.978148
    outer loop
      vertex 147.0000 6.0000 18.6319
      vertex 148.0977 6.0757 18.6158
      vertex 148.4601 6.1344 18.6034
    endloop
  endfacet
  facet normal -0.000000 0.207912 0.978148
    outer loop
      vertex 147.0000 6.0000 18.6319
      vertex 148.4601 6.1344 18.6034
      vertex 148.8193 6.2096 18.5874
    endloop
  endfacet
  facet normal 0.000000 0.207912 0.978148
    outer loop
      vertex 147.0000 6.0000 18.6319
      vertex 148.8193 6.2096 18.5874
      vertex 149.1747 6.3013 18.5679
    endloop
  endfacet
  facet normal -0.000000 0.207912 0.978148
    outer loop
      vertex 147.0000 6.0000 18.6319
      vertex 149.1747 6.3013 18.5679
      vertex 149.5255 6.4091 18.5450
    endloop
  endfacet
  facet normal -0.000000 0.207912 0.978148
    outer loop
      vertex 147.0000 6.0000 18.6319
      vertex 149.5255 6.4091 18.5450
      vertex 149.8711 6.5329 18.5186
    endloop
  endfacet
  facet normal 0.000000 0.207912 0.978148
    outer loop
      vertex 147.0000 6.0000 18.6319
      vertex 149.8711 6.5329 18.5186
      vertex 150.2105 6.6725 18.4890
    endloop
  endfacet
  facet normal 0.000000 0.207912 0.978148
    outer loop
      vertex 147.0000 6.0000 18.6319
      vertex 150.2105 6.6725 18.4890
      vertex 150.5433 6.8275 18.4560
    endloop
  endfacet
  facet normal 0.000000 0.207912 0.978148
    outer loop
      vertex 147.0000 6.0000 18.6319
      vertex 150.5433 6.8275 18.4560
      vertex 150.8685 6.9975 18.4199
    endloop
  endfacet
  facet normal -0.000000 0.207912 0.978148
    outer loop
      vertex 147.0000 6.0000 18.6319
      vertex 150.8685 6.9975 18.4199
      vertex 151.1856 7.1823 18.3806
    endloop
  endfacet
  facet normal 0.000000 0.207912 0.978148
    outer loop
      vertex 147.0000 6.0000 18.6319
      vertex 151.1856 7.1823 18.3806
      vertex 151.4939 7.3815 18.3383
    endloop
  endfacet
  facet normal -0.000000 0.207912 0.978148
    outer loop
      vertex 147.0000 6.0000 18.6319
      vertex 151.4939 7.3815 18.3383
      vertex 151.7928 7.5946 18.2930
    endloop
  endfacet
  facet normal 0.000000 0.207912 0.978148
    outer loop
      vertex 147.0000 6.0000 18.6319
      vertex 151.7928 7.5946 18.2930
      vertex 152.0815 7.8212 18.2448
    endloop
  endfacet
  facet normal -0.000000 0.207912 0.978148
    outer loop
      vertex 147.0000 6.0000 18.6319
      vertex 152.0815 7.8212 18.2448
      vertex 152.3596 8.0608 18.1939
    endloop
  endfacet
  facet normal 0.000000 0.207912 0.978148
    outer loop
      vertex 147.0000 6.0000 18.6319
      vertex 152.3596 8.0608 18.1939
      vertex 152.6264 8.3128 18.1403
    endloop
  endfacet
  facet normal 0.000000 0.207912 0.978148
    outer loop
      vertex 147.0000 6.0000 18.6319
      vertex 152.6264 8.3128 18.1403
      vertex 152.8813 8.5769 18.0842
    endloop
  endfacet
  facet normal 0.000000 0.207912 0.978148
    outer loop
      vertex 147.0000 6.0000 18.6319
      vertex 152.8813 8.5769 18.0842
      vertex 153.1239 8.8524 18.0256
    endloop
  endfacet
  facet normal 0.000000 0.207912 0.978148
    outer loop
      vertex 147.0000 6.0000 18.6319
      vertex 153.1239 8.8524 18.0256
      vertex 153.3535 9.1387 17.9648
    endloop
  endfacet
  facet normal -0.000000 0.207912 0.978148
    outer loop
      vertex 147.0000 6.0000 18.6319
      vertex 153.3535 9.1387 17.9648
      vertex 153.5698 9.4352 17.9018
    endloop
  endfacet
  facet normal 0.000000 0.207912 0.978148
    outer loop
      vertex 147.0000 6.0000 18.6319
      vertex 153.5698 9.4352 17.9018
      vertex 153.7723 9.7414 17.8367
    endloop
  endfacet
  facet normal 0.000000 0.207912 0.978148
    outer loop
      vertex 147.0000 6.0000 18.6319
      vertex 153.7723 9.7414 17.8367
      vertex 153.9605 10.0565 17.7697
    endloop
  endfacet
  facet normal 0.000000 0.207912 0.978148
    outer loop
      vertex 147.0000 6.0000 18.6319
      vertex 153.9605 10.0565 17.7697
      vertex 154.1341 10.3799 17.7010
    endloop
  endfacet
  facet normal -0.000000 0.207912 0.978148
    outer loop
      vertex 147.0000 6.0000 18.6319
      vertex 154.1341 10.3799 17.7010
      vertex 154.2926 10.7109 17.6306
    endloop
  endfacet
  facet normal 0.000000 0.207912 0.978148
    outer loop
      vertex 147.0000 6.0000 18.6319
      vertex 154.2926 10.7109 17.6306
      vertex 154.4358 11.0489 17.5588
    endloop
  endfacet
  facet normal -0.000000 0.207912 0.978148
    outer loop
      vertex 147.0000 6.0000 18.6319
      vertex 154.4358 11.0489 17.5588
      vertex 154.5633 11.3930 17.4856
    endloop
  endfacet
  facet normal -0.000000 0.207912 0.978148
    outer loop
      vertex 147.0000 6.0000 18.6319
      vertex 154.5633 11.3930 17.4856
      vertex 154.6749 11.7427 17.4113
    endloop
  endfacet
  facet normal 0.000000 0.207912 0.978148
    outer loop
      vertex 147.0000 6.0000 18.6319
      vertex 154.6749 11.7427 17.4113
      vertex 154.7704 12.0971 17.3359
    endloop
  endfacet
  facet normal -0.000000 0.207912 0.978148
    outer loop
      vertex 147.0000 6.0000 18.6319
      vertex 154.7704 12.0971 17.3359
      vertex 154.8495 12.4555 17.2598
    endloop
  endfacet
  facet normal 0.000000 0.207912 0.978148
    outer loop
      vertex 147.0000 6.0000 18.6319
      vertex 154.8495 12.4555 17.2598
      vertex 154.9121 12.8172 17.1829
    endloop
  endfacet
  facet normal -0.000000 0.207912 0.978148
    outer loop
      vertex 147.0000 6.0000 18.6319
      vertex 154.9121 12.8172 17.1829
      vertex 154.9580 13.1813 17.1055
    endloop
  endfacet
  facet normal -0.000000 0.207912 0.978148
    outer loop
      vertex 147.0000 6.0000 18.6319
      vertex 154.9580 13.1813 17.1055
      vertex 154.9872 13.5472 17.0277
    endloop
  endfacet
  facet normal 0.000000 0.207912 0.978148
    outer loop
      vertex 147.0000 6.0000 18.6319
      vertex 154.9872 13.5472 17.0277
      vertex 154.9968 13.7735 16.9796
    endloop
  endfacet
  facet normal 0.000000 0.207912 0.978148
    outer loop
      vertex 147.0000 6.0000 18.6319
      vertex 154.9968 13.7735 16.9796
      vertex 155.0000 14.0000 16.9315
    endloop
  endfacet
  facet normal 0.022940 0.999737 0.000000
    outer loop
      vertex 147.0000 74.1332 0.0000
      vertex 147.0000 74.1332 4.1498
      vertex 147.3669 74.1248 4.1516
    endloop
  endfacet
  facet normal 0.024541 0.999699 -0.000142
    outer loop
      vertex 147.0000 74.1332 0.0000
      vertex 147.3669 74.1248 4.1516
      vertex 147.3925 74.1235 0.0000
    endloop
  endfacet
  facet normal 0.000000 0.000000 -1.000000
    outer loop
      vertex 147.0000 74.1332 0.0000
      vertex 147.3925 74.1235 0.0000
      vertex 148.1738 74.0466 0.0000
    endloop
  endfacet
  facet normal 0.000000 0.000000 -1.000000
    outer loop
      vertex 147.0000 74.1332 0.0000
      vertex 148.1738 74.0466 0.0000
      vertex 148.5607 73.9795 0.0000
    endloop
  endfacet
  facet normal 0.000000 0.000000 -1.000000
    outer loop
      vertex 147.0000 74.1332 0.0000
      vertex 148.5607 73.9795 0.0000
      vertex 148.9438 73.8934 0.0000
    endloop
  endfacet
  facet normal -0.000000 -0.000000 -1.000000
    outer loop
      vertex 147.0000 74.1332 0.0000
      vertex 148.9438 73.8934 0.0000
      vertex 155.0000 66.1332 0.0000
    endloop
  endfacet
  facet normal -0.000000 0.207912 0.978148
    outer loop
      vertex 147.0000 74.1332 4.1498
      vertex 147.7331 74.0995 4.1569
      vertex 147.3669 74.1248 4.1516
    endloop
  endfacet
  facet normal -0.000000 0.207912 0.978148
    outer loop
      vertex 147.0000 74.1332 4.1498
      vertex 148.0977 74.0575 4.1659
      vertex 147.7331 74.0995 4.1569
    endloop
  endfacet
  facet normal -0.000000 0.207912 0.978148
    outer loop
      vertex 147.0000 74.1332 4.1498
      vertex 148.4601 73.9988 4.1783
      vertex 148.0977 74.0575 4.1659
    endloop
  endfacet
  facet normal -0.000000 0.207912 0.978148
    outer loop
      vertex 147.0000 74.1332 4.1498
      vertex 148.8193 73.9236 4.1943
      vertex 148.4601 73.9988 4.1783
    endloop
  endfacet
  facet normal -0.000000 0.207912 0.978148
    outer loop
      vertex 147.0000 74.1332 4.1498
      vertex 149.1747 73.8319 4.2138
      vertex 148.8193 73.9236 4.1943
    endloop
  endfacet
  facet normal -0.000000 0.207912 0.978148
    outer loop
      vertex 147.0000 74.1332 4.1498
      vertex 149.5255 73.7241 4.2367
      vertex 149.1747 73.8319 4.2138
    endloop
  endfacet
  facet normal 0.000000 0.207912 0.978148
    outer loop
      vertex 147.0000 74.1332 4.1498
      vertex 149.8711 73.6002 4.2631
      vertex 149.5255 73.7241 4.2367
    endloop
  endfacet
  facet normal -0.000000 0.207912 0.978148
    outer loop
      vertex 147.0000 74.1332 4.1498
      vertex 150.2105 73.4607 4.2927
      vertex 149.8711 73.6002 4.2631
    endloop
  endfacet
  facet normal 0.000000 0.207912 0.978148
    outer loop
      vertex 147.0000 74.1332 4.1498
      vertex 150.5433 73.3057 4.3257
      vertex 150.2105 73.4607 4.2927
    endloop
  endfacet
  facet normal 0.000000 0.207912 0.978148
    outer loop
      vertex 147.0000 74.1332 4.1498
      vertex 150.8685 73.1357 4.3618
      vertex 150.5433 73.3057 4.3257
    endloop
  endfacet
  facet normal -0.000000 0.207912 0.978148
    outer loop
      vertex 147.0000 74.1332 4.1498
      vertex 151.1856 72.9508 4.4011
      vertex 150.8685 73.1357 4.3618
    endloop
  endfacet
  facet normal -0.000000 0.207912 0.978148
    outer loop
      vertex 147.0000 74.1332 4.1498
      vertex 151.4939 72.7517 4.4434
      vertex 151.1856 72.9508 4.4011
    endloop
  endfacet
  facet normal 0.000000 0.207912 0.978148
    outer loop
      vertex 147.0000 74.1332 4.1498
      vertex 151.7928 72.5386 4.4887
      vertex 151.4939 72.7517 4.4434
    endloop
  endfacet
  facet normal -0.000000 0.207912 0.978148
    outer loop
      vertex 147.0000 74.1332 4.1498
      vertex 152.0815 72.3120 4.5369
      vertex 151.7928 72.5386 4.4887
    endloop
  endfacet
  facet normal -0.000000 0.207912 0.978148
    outer loop
      vertex 147.0000 74.1332 4.1498
      vertex 152.3596 72.0724 4.5878
      vertex 152.0815 72.3120 4.5369
    endloop
  endfacet
  facet normal -0.000000 0.207912 0.978148
    outer loop
      vertex 147.0000 74.1332 4.1498
      vertex 152.6264 71.8203 4.6414
      vertex 152.3596 72.0724 4.5878
    endloop
  endfacet
  facet normal -0.000000 0.207912 0.978148
    outer loop
      vertex 147.0000 74.1332 4.1498
      vertex 152.8813 71.5563 4.6975
      vertex 152.6264 71.8203 4.6414
    endloop
  endfacet
  facet normal 0.000000 0.207912 0.978148
    outer loop
      vertex 147.0000 74.1332 4.1498
      vertex 153.1239 71.2808 4.7561
      vertex 152.8813 71.5563 4.6975
    endloop
  endfacet
  facet normal -0.000000 0.207912 0.978148
    outer loop
      vertex 147.0000 74.1332 4.1498
      vertex 153.3535 70.9945 4.8169
      vertex 153.1239 71.2808 4.7561
    endloop
  endfacet
  facet normal -0.000000 0.207912 0.978148
    outer loop
      vertex 147.0000 74.1332 4.1498
      vertex 153.5698 70.6980 4.8799
      vertex 153.3535 70.9945 4.8169
    endloop
  endfacet
  facet normal 0.000000 0.207912 0.978148
    outer loop
      vertex 147.0000 74.1332 4.1498
      vertex 153.7723 70.3918 4.9450
      vertex 153.5698 70.6980 4.8799
    endloop
  endfacet
  facet normal -0.000000 0.207912 0.978148
    outer loop
      vertex 147.0000 74.1332 4.1498
      vertex 153.9605 70.0767 5.0120
      vertex 153.7723 70.3918 4.9450
    endloop
  endfacet
  facet normal 0.000000 0.207912 0.978148
    outer loop
      vertex 147.0000 74.1332 4.1498
      vertex 154.1341 69.7533 5.0807
      vertex 153.9605 70.0767 5.0120
    endloop
  endfacet
  facet normal -0.000000 0.207912 0.978148
    outer loop
      vertex 147.0000 74.1332 4.1498
      vertex 154.2926 69.4223 5.1511
      vertex 154.1341 69.7533 5.0807
    endloop
  endfacet
  facet normal 0.000000 0.207912 0.978148
    outer loop
      vertex 147.0000 74.1332 4.1498
      vertex 154.4358 69.0843 5.2229
      vertex 154.2926 69.4223 5.1511
    endloop
  endfacet
  facet normal -0.000000 0.207912 0.978148
    outer loop
      vertex 147.0000 74.1332 4.1498
      vertex 154.5633 68.7401 5.2961
      vertex 154.4358 69.0843 5.2229
    endloop
  endfacet
  facet normal -0.000000 0.207912 0.978148
    outer loop
      vertex 147.0000 74.1332 4.1498
      vertex 154.6749 68.3905 5.3704
      vertex 154.5633 68.7401 5.2961
    endloop
  endfacet
  facet normal 0.000000 0.207912 0.978148
    outer loop
      vertex 147.0000 74.1332 4.1498
      vertex 154.7704 68.0361 5.4458
      vertex 154.6749 68.3905 5.3704
    endloop
  endfacet
  facet normal -0.000000 0.207912 0.978148
    outer loop
      vertex 147.0000 74.1332 4.1498
      vertex 154.8495 67.6777 5.5219
      vertex 154.7704 68.0361 5.4458
    endloop
  endfacet
  facet normal 0.000000 0.207912 0.978148
    outer loop
      vertex 147.0000 74.1332 4.1498
      vertex 154.9121 67.3160 5.5988
      vertex 154.8495 67.6777 5.5219
    endloop
  endfacet
  facet normal -0.000000 0.207912 0.978148
    outer loop
      vertex 147.0000 74.1332 4.1498
      vertex 154.9580 66.9519 5.6762
      vertex 154.9121 67.3160 5.5988
    endloop
  endfacet
  facet normal -0.000000 0.207912 0.978148
    outer loop
      vertex 147.0000 74.1332 4.1498
      vertex 154.9872 66.5860 5.7540
      vertex 154.9580 66.9519 5.6762
    endloop
  endfacet
  facet normal 0.000000 0.207912 0.978148
    outer loop
      vertex 147.0000 74.1332 4.1498
      vertex 154.9968 66.3597 5.8021
      vertex 154.9872 66.5860 5.7540
    endloop
  endfacet
  facet normal 0.000000 0.207912 0.978148
    outer loop
      vertex 147.0000 74.1332 4.1498
      vertex 155.0000 66.1332 5.8502
      vertex 154.9968 66.3597 5.8021
    endloop
  endfacet
  facet normal 0.068772 -0.997632 0.000029
    outer loop
      vertex 147.3669 6.0084 18.6301
      vertex 147.3925 6.0096 0.0000
      vertex 147.7331 6.0337 18.6248
    endloop
  endfacet
  facet normal 0.068770 0.997633 0.000132
    outer loop
      vertex 147.3669 74.1248 4.1516
      vertex 147.7331 74.0995 4.1569
      vertex 147.3925 74.1235 0.0000
    endloop
  endfacet
  facet normal 0.073565 -0.997290 -0.000059
    outer loop
      vertex 147.3925 6.0096 0.0000
      vertex 147.7841 6.0385 0.0000
      vertex 147.7331 6.0337 18.6248
    endloop
  endfacet
  facet normal 0.073565 0.997290 -0.000263
    outer loop
      vertex 147.3925 74.1235 0.0000
      vertex 147.7331 74.0995 4.1569
      vertex 147.7841 74.0947 0.0000
    endloop
  endfacet
  facet normal 0.000000 0.000000 -1.000000
    outer loop
      vertex 147.3925 74.1235 0.0000
      vertex 147.7841 74.0947 0.0000
      vertex 148.1738 74.0466 0.0000
    endloop
  endfacet
  facet normal 0.114460 -0.993428 0.000054
    outer loop
      vertex 147.7331 6.0337 18.6248
      vertex 147.7841 6.0385 0.0000
      vertex 148.0977 6.0757 18.6158
    endloop
  endfacet
  facet normal 0.114452 0.993429 0.000243
    outer loop
      vertex 147.7331 74.0995 4.1569
      vertex 148.0977 74.0575 4.1659
      vertex 147.7841 74.0947 0.0000
    endloop
  endfacet
  facet normal 0.122411 -0.992480 -0.000082
    outer loop
      vertex 147.7841 6.0385 0.0000
      vertex 148.1738 6.0866 0.0000
      vertex 148.0977 6.0757 18.6158
    endloop
  endfacet
  facet normal 0.000000 0.000000 -1.000000
    outer loop
      vertex 147.7841 6.0385 0.0000
      vertex 148.5607 6.1537 0.0000
      vertex 148.1738 6.0866 0.0000
    endloop
  endfacet
  facet normal 0.000000 0.000000 -1.000000
    outer loop
      vertex 147.7841 6.0385 0.0000
      vertex 148.9438 6.2397 0.0000
      vertex 148.5607 6.1537 0.0000
    endloop
  endfacet
  facet normal 0.122411 0.992479 -0.000364
    outer loop
      vertex 147.7841 74.0947 0.0000
      vertex 148.0977 74.0575 4.1659
      vertex 148.1738 74.0466 0.0000
    endloop
  endfacet
  facet normal 0.159907 -0.987132 0.000075
    outer loop
      vertex 148.0977 6.0757 18.6158
      vertex 148.1738 6.0866 0.0000
      vertex 148.4601 6.1344 18.6034
    endloop
  endfacet
  facet normal 0.159893 0.987134 0.000334
    outer loop
      vertex 148.0977 74.0575 4.1659
      vertex 148.4601 73.9988 4.1783
      vertex 148.1738 74.0466 0.0000
    endloop
  endfacet
  facet normal 0.170962 -0.985278 -0.000100
    outer loop
      vertex 148.1738 6.0866 0.0000
      vertex 148.5607 6.1537 0.0000
      vertex 148.4601 6.1344 18.6034
    endloop
  endfacet
  facet normal 0.170962 0.985278 -0.000445
    outer loop
      vertex 148.1738 74.0466 0.0000
      vertex 148.4601 73.9988 4.1783
      vertex 148.5607 73.9795 0.0000
    endloop
  endfacet
  facet normal 0.205017 -0.978758 0.000091
    outer loop
      vertex 148.4601 6.1344 18.6034
      vertex 148.5607 6.1537 0.0000
      vertex 148.8193 6.2096 18.5874
    endloop
  endfacet
  facet normal 0.204996 0.978763 0.000405
    outer loop
      vertex 148.4601 73.9988 4.1783
      vertex 148.8193 73.9236 4.1943
      vertex 148.5607 73.9795 0.0000
    endloop
  endfacet
  facet normal 0.219101 -0.975702 -0.000114
    outer loop
      vertex 148.5607 6.1537 0.0000
      vertex 148.9438 6.2397 0.0000
      vertex 148.8193 6.2096 18.5874
    endloop
  endfacet
  facet normal 0.219101 0.975702 -0.000505
    outer loop
      vertex 148.5607 73.9795 0.0000
      vertex 148.8193 73.9236 4.1943
      vertex 148.9438 73.8934 0.0000
    endloop
  endfacet
  facet normal 0.249696 -0.968324 0.000103
    outer loop
      vertex 148.8193 6.2096 18.5874
      vertex 148.9438 6.2397 0.0000
      vertex 149.1747 6.3013 18.5679
    endloop
  endfacet
  facet normal 0.249668 0.968331 0.000455
    outer loop
      vertex 148.8193 73.9236 4.1943
      vertex 149.1747 73.8319 4.2138
      vertex 148.9438 73.8934 0.0000
    endloop
  endfacet
  facet normal 0.266713 -0.963776 -0.000124
    outer loop
      vertex 148.9438 6.2397 0.0000
      vertex 149.3223 6.3445 0.0000
      vertex 149.1747 6.3013 18.5679
    endloop
  endfacet
  facet normal 0.000000 0.000000 -1.000000
    outer loop
      vertex 148.9438 6.2397 0.0000
      vertex 149.6951 6.4676 0.0000
      vertex 149.3223 6.3445 0.0000
    endloop
  endfacet
  facet normal 0.000000 0.000000 -1.000000
    outer loop
      vertex 148.9438 6.2397 0.0000
      vertex 150.0615 6.6090 0.0000
      vertex 149.6951 6.4676 0.0000
    endloop
  endfacet
  facet normal 0.266713 0.963776 -0.000545
    outer loop
      vertex 148.9438 73.8934 0.0000
      vertex 149.1747 73.8319 4.2138
      vertex 149.3223 73.7887 0.0000
    endloop
  endfacet
  facet normal 0.000000 0.000000 -1.000000
    outer loop
      vertex 148.9438 73.8934 0.0000
      vertex 149.3223 73.7887 0.0000
      vertex 149.6951 73.6655 0.0000
    endloop
  endfacet
  facet normal -0.000000 -0.000000 -1.000000
    outer loop
      vertex 148.9438 73.8934 0.0000
      vertex 149.6951 73.6655 0.0000
      vertex 154.9615 66.9173 0.0000
    endloop
  endfacet
  facet normal 0.000000 0.000000 -1.000000
    outer loop
      vertex 148.9438 73.8934 0.0000
      vertex 154.9615 66.9173 0.0000
      vertex 155.0000 66.1332 0.0000
    endloop
  endfacet
  facet normal 0.293850 -0.955852 0.000110
    outer loop
      vertex 149.1747 6.3013 18.5679
      vertex 149.3223 6.3445 0.0000
      vertex 149.5255 6.4091 18.5450
    endloop
  endfacet
  facet normal 0.293814 0.955862 0.000485
    outer loop
      vertex 149.1747 73.8319 4.2138
      vertex 149.5255 73.7241 4.2367
      vertex 149.3223 73.7887 0.0000
    endloop
  endfacet
  facet normal 0.313682 -0.949528 -0.000129
    outer loop
      vertex 149.3223 6.3445 0.0000
      vertex 149.6951 6.4676 0.0000
      vertex 149.5255 6.4091 18.5450
    endloop
  endfacet
  facet normal 0.313682 0.949528 -0.000564
    outer loop
      vertex 149.3223 73.7887 0.0000
      vertex 149.5255 73.7241 4.2367
      vertex 149.6951 73.6655 0.0000
    endloop
  endfacet
  facet normal 0.337384 -0.941367 0.000114
    outer loop
      vertex 149.5255 6.4091 18.5450
      vertex 149.6951 6.4676 0.0000
      vertex 149.8711 6.5329 18.5186
    endloop
  endfacet
  facet normal 0.337343 0.941382 0.000495
    outer loop
      vertex 149.5255 73.7241 4.2367
      vertex 149.8711 73.6002 4.2631
      vertex 149.6951 73.6655 0.0000
    endloop
  endfacet
  facet normal 0.359895 -0.932993 -0.000130
    outer loop
      vertex 149.6951 6.4676 0.0000
      vertex 150.0615 6.6090 0.0000
      vertex 149.8711 6.5329 18.5186
    endloop
  endfacet
  facet normal 0.359895 0.932993 -0.000564
    outer loop
      vertex 149.6951 73.6655 0.0000
      vertex 149.8711 73.6002 4.2631
      vertex 150.0615 73.5242 0.0000
    endloop
  endfacet
  facet normal 0.000000 0.000000 -1.000000
    outer loop
      vertex 149.6951 73.6655 0.0000
      vertex 150.0615 73.5242 0.0000
      vertex 151.1128 72.9950 0.0000
    endloop
  endfacet
  facet normal 0.000000 0.000000 -1.000000
    outer loop
      vertex 149.6951 73.6655 0.0000
      vertex 151.1128 72.9950 0.0000
      vertex 151.4446 72.7849 0.0000
    endloop
  endfacet
  facet normal 0.000000 0.000000 -1.000000
    outer loop
      vertex 149.6951 73.6655 0.0000
      vertex 151.4446 72.7849 0.0000
      vertex 152.3725 72.0608 0.0000
    endloop
  endfacet
  facet normal 0.000000 0.000000 -1.000000
    outer loop
      vertex 149.6951 73.6655 0.0000
      vertex 152.3725 72.0608 0.0000
      vertex 152.6569 71.7900 0.0000
    endloop
  endfacet
  facet normal -0.000000 -0.000000 -1.000000
    outer loop
      vertex 149.6951 73.6655 0.0000
      vertex 152.6569 71.7900 0.0000
      vertex 154.6555 68.4555 0.0000
    endloop
  endfacet
  facet normal 0.000000 0.000000 -1.000000
    outer loop
      vertex 149.6951 73.6655 0.0000
      vertex 154.6555 68.4555 0.0000
      vertex 154.8463 67.6939 0.0000
    endloop
  endfacet
  facet normal 0.000000 0.000000 -1.000000
    outer loop
      vertex 149.6951 73.6655 0.0000
      vertex 154.8463 67.6939 0.0000
      vertex 154.9615 66.9173 0.0000
    endloop
  endfacet
  facet normal 0.380209 -0.924901 0.000112
    outer loop
      vertex 149.8711 6.5329 18.5186
      vertex 150.0615 6.6090 0.0000
      vertex 150.2105 6.6725 18.4890
    endloop
  endfacet
  facet normal 0.380164 0.924919 0.000485
    outer loop
      vertex 149.8711 73.6002 4.2631
      vertex 150.2105 73.4607 4.2927
      vertex 150.0615 73.5242 0.0000
    endloop
  endfacet
  facet normal 0.405241 -0.914210 -0.000126
    outer loop
      vertex 150.0615 6.6090 0.0000
      vertex 150.4204 6.7681 0.0000
      vertex 150.2105 6.6725 18.4890
    endloop
  endfacet
  facet normal 0.000000 0.000000 -1.000000
    outer loop
      vertex 150.0615 6.6090 0.0000
      vertex 151.1128 7.1382 0.0000
      vertex 150.4204 6.7681 0.0000
    endloop
  endfacet
  facet normal 0.405241 0.914210 -0.000544
    outer loop
      vertex 150.0615 73.5242 0.0000
      vertex 150.2105 73.4607 4.2927
      vertex 150.4204 73.3651 0.0000
    endloop
  endfacet
  facet normal 0.000000 0.000000 -1.000000
    outer loop
      vertex 150.0615 73.5242 0.0000
      vertex 150.4204 73.3651 0.0000
      vertex 151.1128 72.9950 0.0000
    endloop
  endfacet
  facet normal 0.422232 -0.906488 0.000106
    outer loop
      vertex 150.2105 6.6725 18.4890
      vertex 150.4204 6.7681 0.0000
      vertex 150.5433 6.8275 18.4560
    endloop
  endfacet
  facet normal 0.422186 0.906509 0.000456
    outer loop
      vertex 150.2105 73.4607 4.2927
      vertex 150.5433 73.3057 4.3257
      vertex 150.4204 73.3651 0.0000
    endloop
  endfacet
  facet normal 0.449611 -0.893224 -0.000118
    outer loop
      vertex 150.4204 6.7681 0.0000
      vertex 150.7712 6.9446 0.0000
      vertex 150.5433 6.8275 18.4560
    endloop
  endfacet
  facet normal 0.000000 0.000000 -1.000000
    outer loop
      vertex 150.4204 6.7681 0.0000
      vertex 151.1128 7.1382 0.0000
      vertex 150.7712 6.9446 0.0000
    endloop
  endfacet
  facet normal 0.449611 0.893224 -0.000505
    outer loop
      vertex 150.4204 73.3651 0.0000
      vertex 150.5433 73.3057 4.3257
      vertex 150.7712 73.1886 0.0000
    endloop
  endfacet
  facet normal 0.000000 0.000000 -1.000000
    outer loop
      vertex 150.4204 73.3651 0.0000
      vertex 150.7712 73.1886 0.0000
      vertex 151.1128 72.9950 0.0000
    endloop
  endfacet
  facet normal 0.463366 -0.886167 0.000096
    outer loop
      vertex 150.5433 6.8275 18.4560
      vertex 150.7712 6.9446 0.0000
      vertex 150.8685 6.9975 18.4199
    endloop
  endfacet
  facet normal 0.463322 0.886190 0.000408
    outer loop
      vertex 150.5433 73.3057 4.3257
      vertex 150.8685 73.1357 4.3618
      vertex 150.7712 73.1886 0.0000
    endloop
  endfacet
  facet normal 0.492898 -0.870087 -0.000106
    outer loop
      vertex 150.7712 6.9446 0.0000
      vertex 151.1128 7.1382 0.0000
      vertex 150.8685 6.9975 18.4199
    endloop
  endfacet
  facet normal 0.492898 0.870087 -0.000448
    outer loop
      vertex 150.7712 73.1886 0.0000
      vertex 150.8685 73.1357 4.3618
      vertex 151.1128 72.9950 0.0000
    endloop
  endfacet
  facet normal 0.503524 -0.863981 0.000082
    outer loop
      vertex 150.8685 6.9975 18.4199
      vertex 151.1128 7.1382 0.0000
      vertex 151.1856 7.1823 18.3806
    endloop
  endfacet
  facet normal 0.503485 0.864004 0.000342
    outer loop
      vertex 150.8685 73.1357 4.3618
      vertex 151.1856 72.9508 4.4011
      vertex 151.1128 72.9950 0.0000
    endloop
  endfacet
  facet normal 0.534998 -0.844854 -0.000089
    outer loop
      vertex 151.1128 7.1382 0.0000
      vertex 151.4446 7.3482 0.0000
      vertex 151.1856 7.1823 18.3806
    endloop
  endfacet
  facet normal 0.534998 0.844854 -0.000372
    outer loop
      vertex 151.1128 72.9950 0.0000
      vertex 151.1856 72.9508 4.4011
      vertex 151.4446 72.7849 0.0000
    endloop
  endfacet
  facet normal 0.542622 -0.839977 0.000062
    outer loop
      vertex 151.1856 7.1823 18.3806
      vertex 151.4446 7.3482 0.0000
      vertex 151.4939 7.3815 18.3383
    endloop
  endfacet
  facet normal 0.542591 0.839997 0.000258
    outer loop
      vertex 151.1856 72.9508 4.4011
      vertex 151.4939 72.7517 4.4434
      vertex 151.4446 72.7849 0.0000
    endloop
  endfacet
  facet normal 0.575808 -0.817585 -0.000068
    outer loop
      vertex 151.4446 7.3482 0.0000
      vertex 151.7656 7.5743 0.0000
      vertex 151.4939 7.3815 18.3383
    endloop
  endfacet
  facet normal 0.000000 0.000000 -1.000000
    outer loop
      vertex 151.4446 7.3482 0.0000
      vertex 152.0751 7.8159 0.0000
      vertex 151.7656 7.5743 0.0000
    endloop
  endfacet
  facet normal 0.000000 0.000000 -1.000000
    outer loop
      vertex 151.4446 7.3482 0.0000
      vertex 152.3725 8.0724 0.0000
      vertex 152.0751 7.8159 0.0000
    endloop
  endfacet
  facet normal 0.575808 0.817585 -0.000279
    outer loop
      vertex 151.4446 72.7849 0.0000
      vertex 151.4939 72.7517 4.4434
      vertex 151.7656 72.5588 0.0000
    endloop
  endfacet
  facet normal 0.000000 0.000000 -1.000000
    outer loop
      vertex 151.4446 72.7849 0.0000
      vertex 151.7656 72.5588 0.0000
      vertex 152.3725 72.0608 0.0000
    endloop
  endfacet
  facet normal 0.580577 -0.814206 0.000039
    outer loop
      vertex 151.4939 7.3815 18.3383
      vertex 151.7656 7.5743 0.0000
      vertex 151.7928 7.5946 18.2930
    endloop
  endfacet
  facet normal 0.580557 0.814220 0.000157
    outer loop
      vertex 151.4939 72.7517 4.4434
      vertex 151.7928 72.5386 4.4887
      vertex 151.7656 72.5588 0.0000
    endloop
  endfacet
  facet normal 0.615232 -0.788346 -0.000042
    outer loop
      vertex 151.7656 7.5743 0.0000
      vertex 152.0751 7.8159 0.0000
      vertex 151.7928 7.5946 18.2930
    endloop
  endfacet
  facet normal 0.615232 0.788346 -0.000169
    outer loop
      vertex 151.7656 72.5588 0.0000
      vertex 151.7928 72.5386 4.4887
      vertex 152.0751 72.3173 0.0000
    endloop
  endfacet
  facet normal 0.000000 0.000000 -1.000000
    outer loop
      vertex 151.7656 72.5588 0.0000
      vertex 152.0751 72.3173 0.0000
      vertex 152.3725 72.0608 0.0000
    endloop
  endfacet
  facet normal 0.617309 -0.786721 0.000010
    outer loop
      vertex 151.7928 7.5946 18.2930
      vertex 152.0751 7.8159 0.0000
      vertex 152.0815 7.8212 18.2448
    endloop
  endfacet
  facet normal 0.617304 0.786725 0.000041
    outer loop
      vertex 151.7928 72.5386 4.4887
      vertex 152.0815 72.3120 4.5369
      vertex 152.0751 72.3173 0.0000
    endloop
  endfacet
  facet normal 0.652742 -0.757580 -0.000011
    outer loop
      vertex 152.0751 7.8159 0.0000
      vertex 152.3596 8.0608 18.1939
      vertex 152.0815 7.8212 18.2448
    endloop
  endfacet
  facet normal 0.653173 -0.757209 -0.000022
    outer loop
      vertex 152.0751 7.8159 0.0000
      vertex 152.3725 8.0724 0.0000
      vertex 152.3596 8.0608 18.1939
    endloop
  endfacet
  facet normal 0.653173 0.757209 -0.000044
    outer loop
      vertex 152.0751 72.3173 0.0000
      vertex 152.0815 72.3120 4.5369
      vertex 152.3725 72.0608 0.0000
    endloop
  endfacet
  facet normal 0.652753 0.757571 -0.000091
    outer loop
      vertex 152.0815 72.3120 4.5369
      vertex 152.3596 72.0724 4.5878
      vertex 152.3725 72.0608 0.0000
    endloop
  endfacet
  facet normal 0.686807 -0.726840 0.000021
    outer loop
      vertex 152.3596 8.0608 18.1939
      vertex 152.3725 8.0724 0.0000
      vertex 152.6264 8.3128 18.1403
    endloop
  endfacet
  facet normal 0.686796 0.726850 0.000083
    outer loop
      vertex 152.3596 72.0724 4.5878
      vertex 152.6264 71.8203 4.6414
      vertex 152.3725 72.0608 0.0000
    endloop
  endfacet
  facet normal 0.689541 -0.724247 -0.000052
    outer loop
      vertex 152.3725 8.0724 0.0000
      vertex 152.6569 8.3431 0.0000
      vertex 152.6264 8.3128 18.1403
    endloop
  endfacet
  facet normal 0.000000 0.000000 -1.000000
    outer loop
      vertex 152.3725 8.0724 0.0000
      vertex 152.9276 8.6275 0.0000
      vertex 152.6569 8.3431 0.0000
    endloop
  endfacet
  facet normal 0.000000 0.000000 -1.000000
    outer loop
      vertex 152.3725 8.0724 0.0000
      vertex 153.1841 8.9249 0.0000
      vertex 152.9276 8.6275 0.0000
    endloop
  endfacet
  facet normal 0.689541 0.724247 -0.000202
    outer loop
      vertex 152.3725 72.0608 0.0000
      vertex 152.6264 71.8203 4.6414
      vertex 152.6569 71.7900 0.0000
    endloop
  endfacet
  facet normal 0.719426 -0.694570 0.000048
    outer loop
      vertex 152.6264 8.3128 18.1403
      vertex 152.6569 8.3431 0.0000
      vertex 152.8813 8.5769 18.0842
    endloop
  endfacet
  facet normal 0.719401 0.694595 0.000187
    outer loop
      vertex 152.6264 71.8203 4.6414
      vertex 152.8813 71.5563 4.6975
      vertex 152.6569 71.7900 0.0000
    endloop
  endfacet
  facet normal 0.724247 -0.689541 -0.000077
    outer loop
      vertex 152.6569 8.3431 0.0000
      vertex 152.9276 8.6275 0.0000
      vertex 152.8813 8.5769 18.0842
    endloop
  endfacet
  facet normal 0.724247 0.689541 -0.000296
    outer loop
      vertex 152.6569 71.7900 0.0000
      vertex 152.8813 71.5563 4.6975
      vertex 152.9276 71.5057 0.0000
    endloop
  endfacet
  facet normal 0.000000 0.000000 -1.000000
    outer loop
      vertex 152.6569 71.7900 0.0000
      vertex 152.9276 71.5057 0.0000
      vertex 153.4257 70.8988 0.0000
    endloop
  endfacet
  facet normal 0.000000 0.000000 -1.000000
    outer loop
      vertex 152.6569 71.7900 0.0000
      vertex 153.4257 70.8988 0.0000
      vertex 154.6555 68.4555 0.0000
    endloop
  endfacet
  facet normal 0.750529 -0.660837 0.000071
    outer loop
      vertex 152.8813 8.5769 18.0842
      vertex 152.9276 8.6275 0.0000
      vertex 153.1239 8.8524 18.0256
    endloop
  endfacet
  facet normal 0.750493 0.660878 0.000272
    outer loop
      vertex 152.8813 71.5563 4.6975
      vertex 153.1239 71.2808 4.7561
      vertex 152.9276 71.5057 0.0000
    endloop
  endfacet
  facet normal 0.757209 -0.653173 -0.000098
    outer loop
      vertex 152.9276 8.6275 0.0000
      vertex 153.1841 8.9249 0.0000
      vertex 153.1239 8.8524 18.0256
    endloop
  endfacet
  facet normal 0.757209 0.653173 -0.000370
    outer loop
      vertex 152.9276 71.5057 0.0000
      vertex 153.1239 71.2808 4.7561
      vertex 153.1841 71.2083 0.0000
    endloop
  endfacet
  facet normal 0.000000 0.000000 -1.000000
    outer loop
      vertex 152.9276 71.5057 0.0000
      vertex 153.1841 71.2083 0.0000
      vertex 153.4257 70.8988 0.0000
    endloop
  endfacet
  facet normal 0.780053 -0.625714 0.000089
    outer loop
      vertex 153.1239 8.8524 18.0256
      vertex 153.1841 8.9249 0.0000
      vertex 153.3535 9.1387 17.9648
    endloop
  endfacet
  facet normal 0.780008 0.625769 0.000337
    outer loop
      vertex 153.1239 71.2808 4.7561
      vertex 153.3535 70.9945 4.8169
      vertex 153.1841 71.2083 0.0000
    endloop
  endfacet
  facet normal 0.788346 -0.615232 -0.000114
    outer loop
      vertex 153.1841 8.9249 0.0000
      vertex 153.4257 9.2344 0.0000
      vertex 153.3535 9.1387 17.9648
    endloop
  endfacet
  facet normal 0.000000 0.000000 -1.000000
    outer loop
      vertex 153.1841 8.9249 0.0000
      vertex 153.6518 9.5554 0.0000
      vertex 153.4257 9.2344 0.0000
    endloop
  endfacet
  facet normal 0.788346 0.615232 -0.000424
    outer loop
      vertex 153.1841 71.2083 0.0000
      vertex 153.3535 70.9945 4.8169
      vertex 153.4257 70.8988 0.0000
    endloop
  endfacet
  facet normal 0.807934 -0.589274 0.000103
    outer loop
      vertex 153.3535 9.1387 17.9648
      vertex 153.4257 9.2344 0.0000
      vertex 153.5698 9.4352 17.9018
    endloop
  endfacet
  facet normal 0.807884 0.589341 0.000383
    outer loop
      vertex 153.3535 70.9945 4.8169
      vertex 153.5698 70.6980 4.8799
      vertex 153.4257 70.8988 0.0000
    endloop
  endfacet
  facet normal 0.817585 -0.575808 -0.000126
    outer loop
      vertex 153.4257 9.2344 0.0000
      vertex 153.6518 9.5554 0.0000
      vertex 153.5698 9.4352 17.9018
    endloop
  endfacet
  facet normal 0.817585 0.575808 -0.000461
    outer loop
      vertex 153.4257 70.8988 0.0000
      vertex 153.5698 70.6980 4.8799
      vertex 153.6518 70.5777 0.0000
    endloop
  endfacet
  facet normal 0.000000 0.000000 -1.000000
    outer loop
      vertex 153.4257 70.8988 0.0000
      vertex 153.6518 70.5777 0.0000
      vertex 153.8618 70.2460 0.0000
    endloop
  endfacet
  facet normal 0.000000 0.000000 -1.000000
    outer loop
      vertex 153.4257 70.8988 0.0000
      vertex 153.8618 70.2460 0.0000
      vertex 154.0554 69.9044 0.0000
    endloop
  endfacet
  facet normal 0.000000 0.000000 -1.000000
    outer loop
      vertex 153.4257 70.8988 0.0000
      vertex 154.0554 69.9044 0.0000
      vertex 154.6555 68.4555 0.0000
    endloop
  endfacet
  facet normal 0.834113 -0.551593 0.000113
    outer loop
      vertex 153.5698 9.4352 17.9018
      vertex 153.6518 9.5554 0.0000
      vertex 153.7723 9.7414 17.8367
    endloop
  endfacet
  facet normal 0.834062 0.551671 0.000411
    outer loop
      vertex 153.5698 70.6980 4.8799
      vertex 153.7723 70.3918 4.9450
      vertex 153.6518 70.5777 0.0000
    endloop
  endfacet
  facet normal 0.844854 -0.534998 -0.000133
    outer loop
      vertex 153.6518 9.5554 0.0000
      vertex 153.8618 9.8872 0.0000
      vertex 153.7723 9.7414 17.8367
    endloop
  endfacet
  facet normal 0.844853 0.534998 -0.000479
    outer loop
      vertex 153.6518 70.5777 0.0000
      vertex 153.7723 70.3918 4.9450
      vertex 153.8618 70.2460 0.0000
    endloop
  endfacet
  facet normal 0.858536 -0.512753 0.000118
    outer loop
      vertex 153.7723 9.7414 17.8367
      vertex 153.8618 9.8872 0.0000
      vertex 153.9605 10.0565 17.7697
    endloop
  endfacet
  facet normal 0.858486 0.512837 0.000421
    outer loop
      vertex 153.7723 70.3918 4.9450
      vertex 153.9605 70.0767 5.0120
      vertex 153.8618 70.2460 0.0000
    endloop
  endfacet
  facet normal 0.870087 -0.492898 -0.000136
    outer loop
      vertex 153.8618 9.8872 0.0000
      vertex 154.0554 10.2288 0.0000
      vertex 153.9605 10.0565 17.7697
    endloop
  endfacet
  facet normal 0.000000 0.000000 -1.000000
    outer loop
      vertex 153.8618 9.8872 0.0000
      vertex 154.3910 10.9385 0.0000
      vertex 154.0554 10.2288 0.0000
    endloop
  endfacet
  facet normal 0.870087 0.492898 -0.000481
    outer loop
      vertex 153.8618 70.2460 0.0000
      vertex 153.9605 70.0767 5.0120
      vertex 154.0554 69.9044 0.0000
    endloop
  endfacet
  facet normal 0.881152 -0.472833 0.000118
    outer loop
      vertex 153.9605 10.0565 17.7697
      vertex 154.0554 10.2288 0.0000
      vertex 154.1341 10.3799 17.7010
    endloop
  endfacet
  facet normal 0.881105 0.472921 0.000415
    outer loop
      vertex 153.9605 70.0767 5.0120
      vertex 154.1341 69.7533 5.0807
      vertex 154.0554 69.9044 0.0000
    endloop
  endfacet
  facet normal 0.893224 -0.449611 -0.000134
    outer loop
      vertex 154.0554 10.2288 0.0000
      vertex 154.2319 10.5796 0.0000
      vertex 154.1341 10.3799 17.7010
    endloop
  endfacet
  facet normal 0.000000 0.000000 -1.000000
    outer loop
      vertex 154.0554 10.2288 0.0000
      vertex 154.3910 10.9385 0.0000
      vertex 154.2319 10.5796 0.0000
    endloop
  endfacet
  facet normal 0.893224 0.449611 -0.000466
    outer loop
      vertex 154.0554 69.9044 0.0000
      vertex 154.1341 69.7533 5.0807
      vertex 154.2319 69.5536 0.0000
    endloop
  endfacet
  facet normal 0.000000 0.000000 -1.000000
    outer loop
      vertex 154.0554 69.9044 0.0000
      vertex 154.2319 69.5536 0.0000
      vertex 154.3910 69.1947 0.0000
    endloop
  endfacet
  facet normal 0.000000 0.000000 -1.000000
    outer loop
      vertex 154.0554 69.9044 0.0000
      vertex 154.3910 69.1947 0.0000
      vertex 154.5324 68.8283 0.0000
    endloop
  endfacet
  facet normal 0.000000 0.000000 -1.000000
    outer loop
      vertex 154.0554 69.9044 0.0000
      vertex 154.5324 68.8283 0.0000
      vertex 154.6555 68.4555 0.0000
    endloop
  endfacet
  facet normal 0.901912 -0.431920 0.000114
    outer loop
      vertex 154.1341 10.3799 17.7010
      vertex 154.2319 10.5796 0.0000
      vertex 154.2926 10.7109 17.6306
    endloop
  endfacet
  facet normal 0.901870 0.432007 0.000393
    outer loop
      vertex 154.1341 69.7533 5.0807
      vertex 154.2926 69.4223 5.1511
      vertex 154.2319 69.5536 0.0000
    endloop
  endfacet
  facet normal 0.914210 -0.405241 -0.000127
    outer loop
      vertex 154.2319 10.5796 0.0000
      vertex 154.3910 10.9385 0.0000
      vertex 154.2926 10.7109 17.6306
    endloop
  endfacet
  facet normal 0.914210 0.405241 -0.000435
    outer loop
      vertex 154.2319 69.5536 0.0000
      vertex 154.2926 69.4223 5.1511
      vertex 154.3910 69.1947 0.0000
    endloop
  endfacet
  facet normal 0.920774 -0.390097 0.000105
    outer loop
      vertex 154.2926 10.7109 17.6306
      vertex 154.3910 10.9385 0.0000
      vertex 154.4358 11.0489 17.5588
    endloop
  endfacet
  facet normal 0.920738 0.390180 0.000355
    outer loop
      vertex 154.2926 69.4223 5.1511
      vertex 154.4358 69.0843 5.2229
      vertex 154.3910 69.1947 0.0000
    endloop
  endfacet
  facet normal 0.932993 -0.359895 -0.000116
    outer loop
      vertex 154.3910 10.9385 0.0000
      vertex 154.5324 11.3049 0.0000
      vertex 154.4358 11.0489 17.5588
    endloop
  endfacet
  facet normal 0.000000 0.000000 -1.000000
    outer loop
      vertex 154.3910 10.9385 0.0000
      vertex 154.6555 11.6777 0.0000
      vertex 154.5324 11.3049 0.0000
    endloop
  endfacet
  facet normal 0.000000 0.000000 -1.000000
    outer loop
      vertex 154.3910 10.9385 0.0000
      vertex 154.9615 13.2159 0.0000
      vertex 154.6555 11.6777 0.0000
    endloop
  endfacet
  facet normal 0.932993 0.359895 -0.000390
    outer loop
      vertex 154.3910 69.1947 0.0000
      vertex 154.4358 69.0843 5.2229
      vertex 154.5324 68.8283 0.0000
    endloop
  endfacet
  facet normal 0.937697 -0.347455 0.000091
    outer loop
      vertex 154.4358 11.0489 17.5588
      vertex 154.5324 11.3049 0.0000
      vertex 154.5633 11.3930 17.4856
    endloop
  endfacet
  facet normal 0.937669 0.347529 0.000303
    outer loop
      vertex 154.4358 69.0843 5.2229
      vertex 154.5633 68.7401 5.2961
      vertex 154.5324 68.8283 0.0000
    endloop
  endfacet
  facet normal 0.949528 -0.313682 -0.000100
    outer loop
      vertex 154.5324 11.3049 0.0000
      vertex 154.6555 11.6777 0.0000
      vertex 154.5633 11.3930 17.4856
    endloop
  endfacet
  facet normal 0.949528 0.313682 -0.000330
    outer loop
      vertex 154.5324 68.8283 0.0000
      vertex 154.5633 68.7401 5.2961
      vertex 154.6555 68.4555 0.0000
    endloop
  endfacet
  facet normal 0.952646 -0.304083 0.000073
    outer loop
      vertex 154.5633 11.3930 17.4856
      vertex 154.6555 11.6777 0.0000
      vertex 154.6749 11.7427 17.4113
    endloop
  endfacet
  facet normal 0.952627 0.304142 0.000237
    outer loop
      vertex 154.5633 68.7401 5.2961
      vertex 154.6749 68.3905 5.3704
      vertex 154.6555 68.4555 0.0000
    endloop
  endfacet
  facet normal 0.963776 -0.266713 -0.000079
    outer loop
      vertex 154.6555 11.6777 0.0000
      vertex 154.7603 12.0562 0.0000
      vertex 154.6749 11.7427 17.4113
    endloop
  endfacet
  facet normal 0.000000 0.000000 -1.000000
    outer loop
      vertex 154.6555 11.6777 0.0000
      vertex 154.9615 13.2159 0.0000
      vertex 154.7603 12.0562 0.0000
    endloop
  endfacet
  facet normal 0.963776 0.266713 -0.000256
    outer loop
      vertex 154.6555 68.4555 0.0000
      vertex 154.6749 68.3905 5.3704
      vertex 154.7603 68.0770 0.0000
    endloop
  endfacet
  facet normal 0.000000 0.000000 -1.000000
    outer loop
      vertex 154.6555 68.4555 0.0000
      vertex 154.7603 68.0770 0.0000
      vertex 154.8463 67.6939 0.0000
    endloop
  endfacet
  facet normal 0.965589 -0.260071 0.000049
    outer loop
      vertex 154.6749 11.7427 17.4113
      vertex 154.7603 12.0562 0.0000
      vertex 154.7704 12.0971 17.3359
    endloop
  endfacet
  facet normal 0.965578 0.260112 0.000158
    outer loop
      vertex 154.6749 68.3905 5.3704
      vertex 154.7704 68.0361 5.4458
      vertex 154.7603 68.0770 0.0000
    endloop
  endfacet
  facet normal 0.975702 -0.219101 -0.000053
    outer loop
      vertex 154.7603 12.0562 0.0000
      vertex 154.8463 12.4393 0.0000
      vertex 154.7704 12.0971 17.3359
    endloop
  endfacet
  facet normal 0.000000 0.000000 -1.000000
    outer loop
      vertex 154.7603 12.0562 0.0000
      vertex 154.9134 12.8262 0.0000
      vertex 154.8463 12.4393 0.0000
    endloop
  endfacet
  facet normal 0.000000 0.000000 -1.000000
    outer loop
      vertex 154.7603 12.0562 0.0000
      vertex 154.9615 13.2159 0.0000
      vertex 154.9134 12.8262 0.0000
    endloop
  endfacet
  facet normal 0.975702 0.219101 -0.000170
    outer loop
      vertex 154.7603 68.0770 0.0000
      vertex 154.7704 68.0361 5.4458
      vertex 154.8463 67.6939 0.0000
    endloop
  endfacet
  facet normal 0.976501 -0.215514 0.000021
    outer loop
      vertex 154.7704 12.0971 17.3359
      vertex 154.8463 12.4393 0.0000
      vertex 154.8495 12.4555 17.2598
    endloop
  endfacet
  facet normal 0.976497 0.215532 0.000066
    outer loop
      vertex 154.7704 68.0361 5.4458
      vertex 154.8495 67.6777 5.5219
      vertex 154.8463 67.6939 0.0000
    endloop
  endfacet
  facet normal 0.985278 -0.170962 -0.000023
    outer loop
      vertex 154.8463 12.4393 0.0000
      vertex 154.9134 12.8262 0.0000
      vertex 154.8495 12.4555 17.2598
    endloop
  endfacet
  facet normal 0.985278 0.170962 -0.000070
    outer loop
      vertex 154.8463 67.6939 0.0000
      vertex 154.8495 67.6777 5.5219
      vertex 154.9134 67.3070 0.0000
    endloop
  endfacet
  facet normal 0.000000 0.000000 -1.000000
    outer loop
      vertex 154.8463 67.6939 0.0000
      vertex 154.9134 67.3070 0.0000
      vertex 154.9615 66.9173 0.0000
    endloop
  endfacet
  facet normal 0.985357 -0.170504 -0.000012
    outer loop
      vertex 154.8495 12.4555 17.2598
      vertex 154.9134 12.8262 0.0000
      vertex 154.9121 12.8172 17.1829
    endloop
  endfacet
  facet normal 0.985359 0.170494 -0.000038
    outer loop
      vertex 154.8495 67.6777 5.5219
      vertex 154.9121 67.3160 5.5988
      vertex 154.9134 67.3070 0.0000
    endloop
  endfacet
  facet normal 0.992141 -0.125123 0.000012
    outer loop
      vertex 154.9121 12.8172 17.1829
      vertex 154.9134 12.8262 0.0000
      vertex 154.9580 13.1813 17.1055
    endloop
  endfacet
  facet normal 0.992140 0.125134 0.000036
    outer loop
      vertex 154.9121 67.3160 5.5988
      vertex 154.9580 66.9519 5.6762
      vertex 154.9134 67.3070 0.0000
    endloop
  endfacet
  facet normal 0.992480 -0.122411 -0.000045
    outer loop
      vertex 154.9134 12.8262 0.0000
      vertex 154.9615 13.2159 0.0000
      vertex 154.9580 13.1813 17.1055
    endloop
  endfacet
  facet normal 0.992480 0.122411 -0.000137
    outer loop
      vertex 154.9134 67.3070 0.0000
      vertex 154.9580 66.9519 5.6762
      vertex 154.9615 66.9173 0.0000
    endloop
  endfacet
  facet normal 0.996837 -0.079478 0.000042
    outer loop
      vertex 154.9580 13.1813 17.1055
      vertex 154.9615 13.2159 0.0000
      vertex 154.9872 13.5472 17.0277
    endloop
  endfacet
  facet normal 0.996834 0.079514 0.000127
    outer loop
      vertex 154.9580 66.9519 5.6762
      vertex 154.9872 66.5860 5.7540
      vertex 154.9615 66.9173 0.0000
    endloop
  endfacet
  facet normal 0.997290 -0.073565 -0.000074
    outer loop
      vertex 154.9615 13.2159 0.0000
      vertex 154.9904 13.6075 0.0000
      vertex 154.9872 13.5472 17.0277
    endloop
  endfacet
  facet normal 0.000000 0.000000 -1.000000
    outer loop
      vertex 154.9615 13.2159 0.0000
      vertex 155.0000 14.0000 0.0000
      vertex 154.9904 13.6075 0.0000
    endloop
  endfacet
  facet normal 0.997290 0.073565 -0.000218
    outer loop
      vertex 154.9615 66.9173 0.0000
      vertex 154.9872 66.5860 5.7540
      vertex 154.9904 66.5257 0.0000
    endloop
  endfacet
  facet normal 0.000000 0.000000 -1.000000
    outer loop
      vertex 154.9615 66.9173 0.0000
      vertex 154.9904 66.5257 0.0000
      vertex 155.0000 66.1332 0.0000
    endloop
  endfacet
  facet normal 0.999099 -0.042451 0.000037
    outer loop
      vertex 154.9872 13.5472 17.0277
      vertex 154.9904 13.6075 0.0000
      vertex 154.9968 13.7735 16.9796
    endloop
  endfacet
  facet normal 0.999097 0.042482 0.000109
    outer loop
      vertex 154.9872 66.5860 5.7540
      vertex 154.9968 66.3597 5.8021
      vertex 154.9904 66.5257 0.0000
    endloop
  endfacet
  facet normal 0.999699 -0.024541 -0.000139
    outer loop
      vertex 154.9904 13.6075 0.0000
      vertex 155.0000 14.0000 0.0000
      vertex 154.9968 13.7735 16.9796
    endloop
  endfacet
  facet normal 0.999699 0.024541 -0.000405
    outer loop
      vertex 154.9904 66.5257 0.0000
      vertex 154.9968 66.3597 5.8021
      vertex 155.0000 66.1332 0.0000
    endloop
  endfacet
  facet normal 0.999900 -0.014157 0.000000
    outer loop
      vertex 154.9968 13.7735 16.9796
      vertex 155.0000 14.0000 0.0000
      vertex 155.0000 14.0000 16.9315
    endloop
  endfacet
  facet normal 0.999900 0.014157 0.000000
    outer loop
      vertex 154.9968 66.3597 5.8021
      vertex 155.0000 66.1332 5.8502
      vertex 155.0000 66.1332 0.0000
    endloop
  endfacet
  facet normal 1.000000 0.000000 0.000000
    outer loop
      vertex 155.0000 14.0000 0.0000
      vertex 155.0000 66.1332 0.0000
      vertex 155.0000 66.1332 5.8502
    endloop
  endfacet
  facet normal 1.000000 0.000000 0.000000
    outer loop
      vertex 155.0000 14.0000 0.0000
      vertex 155.0000 66.1332 5.8502
      vertex 155.0000 14.0000 16.9315
    endloop
  endfacet
endsolid flux
