solid flux
  facet normal -1.000000 0.000000 0.000000
    outer loop
      vertex 56.0000 -34.8100 0.0000
      vertex 56.0000 -34.8100 3.0000
      vertex 56.0000 -34.7900 0.0000
    endloop
  endfacet
  facet normal -0.000000 0.000000 -1.000000
    outer loop
      vertex 56.0000 -34.8100 0.0000
      vertex 56.0000 -34.7900 0.0000
      vertex 64.1122 -34.8000 0.0000
    endloop
  endfacet
  facet normal -0.999699 -0.024541 -0.000000
    outer loop
      vertex 56.0000 -34.8100 0.0000
      vertex 56.0102 -35.2266 0.0000
      vertex 56.0000 -34.8100 3.0000
    endloop
  endfacet
  facet normal 0.000000 0.000000 -1.000000
    outer loop
      vertex 56.0000 -34.8100 0.0000
      vertex 64.1122 -34.8000 0.0000
      vertex 56.0102 -35.2266 0.0000
    endloop
  endfacet
  facet normal -1.000000 0.000000 0.000000
    outer loop
      vertex 56.0000 -34.8100 3.0000
      vertex 56.0000 -34.7900 3.0000
      vertex 56.0000 -34.7900 0.0000
    endloop
  endfacet
  facet normal -0.999699 -0.024541 0.000000
    outer loop
      vertex 56.0000 -34.8100 3.0000
      vertex 56.0102 -35.2266 0.0000
      vertex 56.0102 -35.2266 3.0000
    endloop
  endfacet
  facet normal 0.000000 0.000000 1.000000
    outer loop
      vertex 56.0000 -34.8100 3.0000
      vertex 56.0102 -35.2266 3.0000
      vertex 64.1122 -34.8000 3.0000
    endloop
  endfacet
  facet normal 0.000000 0.000000 1.000000
    outer loop
      vertex 56.0000 -34.8100 3.0000
      vertex 64.1122 -34.8000 3.0000
      vertex 56.0000 -34.7900 3.0000
    endloop
  endfacet
  facet normal -0.999699 0.024541 0.000000
    outer loop
      vertex 56.0000 -34.7900 0.0000
      vertex 56.0000 -34.7900 3.0000
      vertex 56.0102 -34.3734 3.0000
    endloop
  endfacet
  facet normal 0.000000 0.000000 -1.000000
    outer loop
      vertex 56.0000 -34.7900 0.0000
      vertex 56.0102 -34.3734 0.0000
      vertex 64.1122 -34.8000 0.0000
    endloop
  endfacet
  facet normal -0.999699 0.024541 0.000000
    outer loop
      vertex 56.0000 -34.7900 0.0000
      vertex 56.0102 -34.3734 3.0000
      vertex 56.0102 -34.3734 0.0000
    endloop
  endfacet
  facet normal 0.000000 0.000000 1.000000
    outer loop
      vertex 56.0000 -34.7900 3.0000
      vertex 64.1122 -34.8000 3.0000
      vertex 56.0102 -34.3734 3.0000
    endloop
  endfacet
  facet normal -0.997290 -0.073565 -0.000000
    outer loop
      vertex 56.0102 -35.2266 0.0000
      vertex 56.0409 -35.6422 0.0000
      vertex 56.0102 -35.2266 3.0000
    endloop
  endfacet
  facet normal -0.000000 0.000000 -1.000000
    outer loop
      vertex 56.0102 -35.2266 0.0000
      vertex 64.1122 -34.8000 0.0000
      vertex 64.1214 -35.1683 0.0000
    endloop
  endfacet
  facet normal 0.000000 0.000000 -1.000000
    outer loop
      vertex 56.0102 -35.2266 0.0000
      vertex 64.1214 -35.1683 0.0000
      vertex 56.0409 -35.6422 0.0000
    endloop
  endfacet
  facet normal -0.997290 -0.073565 0.000000
    outer loop
      vertex 56.0102 -35.2266 3.0000
      vertex 56.0409 -35.6422 0.0000
      vertex 56.0409 -35.6422 3.0000
    endloop
  endfacet
  facet normal 0.000000 0.000000 1.000000
    outer loop
      vertex 56.0102 -35.2266 3.0000
      vertex 56.0409 -35.6422 3.0000
      vertex 64.1214 -35.1683 3.0000
    endloop
  endfacet
  facet normal 0.000000 0.000000 1.000000
    outer loop
      vertex 56.0102 -35.2266 3.0000
      vertex 64.1214 -35.1683 3.0000
      vertex 64.1122 -34.8000 3.0000
    endloop
  endfacet
  facet normal -0.997290 0.073565 0.000000
    outer loop
      vertex 56.0102 -34.3734 0.0000
      vertex 56.0102 -34.3734 3.0000
      vertex 56.0409 -33.9578 3.0000
    endloop
  endfacet
  facet normal 0.000000 0.000000 -1.000000
    outer loop
      vertex 56.0102 -34.3734 0.0000
      vertex 56.0409 -33.9578 0.0000
      vertex 64.1214 -34.4317 0.0000
    endloop
  endfacet
  facet normal -0.997290 0.073565 0.000000
    outer loop
      vertex 56.0102 -34.3734 0.0000
      vertex 56.0409 -33.9578 3.0000
      vertex 56.0409 -33.9578 0.0000
    endloop
  endfacet
  facet normal 0.000000 0.000000 -1.000000
    outer loop
      vertex 56.0102 -34.3734 0.0000
      vertex 64.1214 -34.4317 0.0000
      vertex 64.1122 -34.8000 0.0000
    endloop
  endfacet
  facet normal 0.000000 -0.000000 1.000000
    outer loop
      vertex 56.0102 -34.3734 3.0000
      vertex 64.1122 -34.8000 3.0000
      vertex 64.1214 -34.4317 3.0000
    endloop
  endfacet
  facet normal 0.000000 0.000000 1.000000
    outer loop
      vertex 56.0102 -34.3734 3.0000
      vertex 64.1214 -34.4317 3.0000
      vertex 56.0409 -33.9578 3.0000
    endloop
  endfacet
  facet normal -0.992480 -0.122411 -0.000000
    outer loop
      vertex 56.0409 -35.6422 0.0000
      vertex 56.0919 -36.0557 0.0000
      vertex 56.0409 -35.6422 3.0000
    endloop
  endfacet
  facet normal 0.000000 0.000000 -1.000000
    outer loop
      vertex 56.0409 -35.6422 0.0000
      vertex 64.1214 -35.1683 0.0000
      vertex 56.0919 -36.0557 0.0000
    endloop
  endfacet
  facet normal -0.992480 -0.122411 0.000000
    outer loop
      vertex 56.0409 -35.6422 3.0000
      vertex 56.0919 -36.0557 0.0000
      vertex 56.0919 -36.0557 3.0000
    endloop
  endfacet
  facet normal 0.000000 0.000000 1.000000
    outer loop
      vertex 56.0409 -35.6422 3.0000
      vertex 56.0919 -36.0557 3.0000
      vertex 64.1214 -35.1683 3.0000
    endloop
  endfacet
  facet normal -0.992480 0.122411 0.000000
    outer loop
      vertex 56.0409 -33.9578 0.0000
      vertex 56.0409 -33.9578 3.0000
      vertex 56.0919 -33.5443 3.0000
    endloop
  endfacet
  facet normal 0.000000 0.000000 -1.000000
    outer loop
      vertex 56.0409 -33.9578 0.0000
      vertex 56.0919 -33.5443 0.0000
      vertex 64.1214 -34.4317 0.0000
    endloop
  endfacet
  facet normal -0.992480 0.122411 0.000000
    outer loop
      vertex 56.0409 -33.9578 0.0000
      vertex 56.0919 -33.5443 3.0000
      vertex 56.0919 -33.5443 0.0000
    endloop
  endfacet
  facet normal 0.000000 0.000000 1.000000
    outer loop
      vertex 56.0409 -33.9578 3.0000
      vertex 64.1214 -34.4317 3.0000
      vertex 56.0919 -33.5443 3.0000
    endloop
  endfacet
  facet normal -0.985278 -0.170962 -0.000000
    outer loop
      vertex 56.0919 -36.0557 0.0000
      vertex 56.1631 -36.4663 0.0000
      vertex 56.0919 -36.0557 3.0000
    endloop
  endfacet
  facet normal 0.000000 0.000000 -1.000000
    outer loop
      vertex 56.0919 -36.0557 0.0000
      vertex 64.1214 -35.1683 0.0000
      vertex 56.1631 -36.4663 0.0000
    endloop
  endfacet
  facet normal -0.985278 -0.170962 0.000000
    outer loop
      vertex 56.0919 -36.0557 3.0000
      vertex 56.1631 -36.4663 0.0000
      vertex 56.1631 -36.4663 3.0000
    endloop
  endfacet
  facet normal 0.000000 0.000000 1.000000
    outer loop
      vertex 56.0919 -36.0557 3.0000
      vertex 56.1631 -36.4663 3.0000
      vertex 64.1214 -35.1683 3.0000
    endloop
  endfacet
  facet normal -0.985278 0.170962 0.000000
    outer loop
      vertex 56.0919 -33.5443 0.0000
      vertex 56.0919 -33.5443 3.0000
      vertex 56.1631 -33.1337 3.0000
    endloop
  endfacet
  facet normal 0.000000 0.000000 -1.000000
    outer loop
      vertex 56.0919 -33.5443 0.0000
      vertex 56.1631 -33.1337 0.0000
      vertex 64.1214 -34.4317 0.0000
    endloop
  endfacet
  facet normal -0.985278 0.170962 0.000000
    outer loop
      vertex 56.0919 -33.5443 0.0000
      vertex 56.1631 -33.1337 3.0000
      vertex 56.1631 -33.1337 0.0000
    endloop
  endfacet
  facet normal 0.000000 0.000000 1.000000
    outer loop
      vertex 56.0919 -33.5443 3.0000
      vertex 64.1214 -34.4317 3.0000
      vertex 56.1631 -33.1337 3.0000
    endloop
  endfacet
  facet normal -0.975702 -0.219101 -0.000000
    outer loop
      vertex 56.1631 -36.4663 0.0000
      vertex 56.2544 -36.8729 0.0000
      vertex 56.2544 -36.8729 3.0000
    endloop
  endfacet
  facet normal -0.975702 -0.219101 -0.000000
    outer loop
      vertex 56.1631 -36.4663 0.0000
      vertex 56.2544 -36.8729 3.0000
      vertex 56.1631 -36.4663 3.0000
    endloop
  endfacet
  facet normal -0.000000 0.000000 -1.000000
    outer loop
      vertex 56.1631 -36.4663 0.0000
      vertex 64.1214 -35.1683 0.0000
      vertex 64.1489 -35.5356 0.0000
    endloop
  endfacet
  facet normal 0.000000 0.000000 -1.000000
    outer loop
      vertex 56.1631 -36.4663 0.0000
      vertex 64.1489 -35.5356 0.0000
      vertex 56.2544 -36.8729 0.0000
    endloop
  endfacet
  facet normal 0.000000 0.000000 1.000000
    outer loop
      vertex 56.1631 -36.4663 3.0000
      vertex 56.2544 -36.8729 3.0000
      vertex 64.1489 -35.5356 3.0000
    endloop
  endfacet
  facet normal 0.000000 0.000000 1.000000
    outer loop
      vertex 56.1631 -36.4663 3.0000
      vertex 64.1489 -35.5356 3.0000
      vertex 64.1214 -35.1683 3.0000
    endloop
  endfacet
  facet normal -0.975702 0.219101 0.000000
    outer loop
      vertex 56.1631 -33.1337 0.0000
      vertex 56.1631 -33.1337 3.0000
      vertex 56.2544 -32.7271 3.0000
    endloop
  endfacet
  facet normal 0.000000 0.000000 -1.000000
    outer loop
      vertex 56.1631 -33.1337 0.0000
      vertex 56.2544 -32.7271 0.0000
      vertex 64.1489 -34.0644 0.0000
    endloop
  endfacet
  facet normal -0.975702 0.219101 0.000000
    outer loop
      vertex 56.1631 -33.1337 0.0000
      vertex 56.2544 -32.7271 3.0000
      vertex 56.2544 -32.7271 0.0000
    endloop
  endfacet
  facet normal 0.000000 0.000000 -1.000000
    outer loop
      vertex 56.1631 -33.1337 0.0000
      vertex 64.1489 -34.0644 0.0000
      vertex 64.1214 -34.4317 0.0000
    endloop
  endfacet
  facet normal 0.000000 -0.000000 1.000000
    outer loop
      vertex 56.1631 -33.1337 3.0000
      vertex 64.1214 -34.4317 3.0000
      vertex 64.1489 -34.0644 3.0000
    endloop
  endfacet
  facet normal 0.000000 0.000000 1.000000
    outer loop
      vertex 56.1631 -33.1337 3.0000
      vertex 64.1489 -34.0644 3.0000
      vertex 56.2544 -32.7271 3.0000
    endloop
  endfacet
  facet normal -0.963776 -0.266713 -0.000000
    outer loop
      vertex 56.2544 -36.8729 0.0000
      vertex 56.3656 -37.2745 0.0000
      vertex 56.2544 -36.8729 3.0000
    endloop
  endfacet
  facet normal 0.000000 0.000000 -1.000000
    outer loop
      vertex 56.2544 -36.8729 0.0000
      vertex 64.1489 -35.5356 0.0000
      vertex 56.3656 -37.2745 0.0000
    endloop
  endfacet
  facet normal -0.963776 -0.266713 0.000000
    outer loop
      vertex 56.2544 -36.8729 3.0000
      vertex 56.3656 -37.2745 0.0000
      vertex 56.3656 -37.2745 3.0000
    endloop
  endfacet
  facet normal 0.000000 0.000000 1.000000
    outer loop
      vertex 56.2544 -36.8729 3.0000
      vertex 56.3656 -37.2745 3.0000
      vertex 64.1489 -35.5356 3.0000
    endloop
  endfacet
  facet normal -0.963776 0.266713 0.000000
    outer loop
      vertex 56.2544 -32.7271 0.0000
      vertex 56.2544 -32.7271 3.0000
      vertex 56.3656 -32.3255 3.0000
    endloop
  endfacet
  facet normal 0.000000 0.000000 -1.000000
    outer loop
      vertex 56.2544 -32.7271 0.0000
      vertex 56.3656 -32.3255 0.0000
      vertex 64.1489 -34.0644 0.0000
    endloop
  endfacet
  facet normal -0.963776 0.266713 0.000000
    outer loop
      vertex 56.2544 -32.7271 0.0000
      vertex 56.3656 -32.3255 3.0000
      vertex 56.3656 -32.3255 0.0000
    endloop
  endfacet
  facet normal 0.000000 0.000000 1.000000
    outer loop
      vertex 56.2544 -32.7271 3.0000
      vertex 64.1489 -34.0644 3.0000
      vertex 56.3656 -32.3255 3.0000
    endloop
  endfacet
  facet normal -0.949528 -0.313682 -0.000000
    outer loop
      vertex 56.3656 -37.2745 0.0000
      vertex 56.4963 -37.6702 0.0000
      vertex 56.3656 -37.2745 3.0000
    endloop
  endfacet
  facet normal -0.000000 0.000000 -1.000000
    outer loop
      vertex 56.3656 -37.2745 0.0000
      vertex 64.1489 -35.5356 0.0000
      vertex 64.1947 -35.9011 0.0000
    endloop
  endfacet
  facet normal 0.000000 0.000000 -1.000000
    outer loop
      vertex 56.3656 -37.2745 0.0000
      vertex 64.1947 -35.9011 0.0000
      vertex 56.4963 -37.6702 0.0000
    endloop
  endfacet
  facet normal -0.949528 -0.313682 0.000000
    outer loop
      vertex 56.3656 -37.2745 3.0000
      vertex 56.4963 -37.6702 0.0000
      vertex 56.4963 -37.6702 3.0000
    endloop
  endfacet
  facet normal 0.000000 0.000000 1.000000
    outer loop
      vertex 56.3656 -37.2745 3.0000
      vertex 56.4963 -37.6702 3.0000
      vertex 64.1947 -35.9011 3.0000
    endloop
  endfacet
  facet normal 0.000000 0.000000 1.000000
    outer loop
      vertex 56.3656 -37.2745 3.0000
      vertex 64.1947 -35.9011 3.0000
      vertex 64.1489 -35.5356 3.0000
    endloop
  endfacet
  facet normal -0.949528 0.313682 0.000000
    outer loop
      vertex 56.3656 -32.3255 0.0000
      vertex 56.3656 -32.3255 3.0000
      vertex 56.4963 -31.9298 3.0000
    endloop
  endfacet
  facet normal 0.000000 0.000000 -1.000000
    outer loop
      vertex 56.3656 -32.3255 0.0000
      vertex 56.4963 -31.9298 0.0000
      vertex 64.1947 -33.6989 0.0000
    endloop
  endfacet
  facet normal -0.949528 0.313682 0.000000
    outer loop
      vertex 56.3656 -32.3255 0.0000
      vertex 56.4963 -31.9298 3.0000
      vertex 56.4963 -31.9298 0.0000
    endloop
  endfacet
  facet normal 0.000000 0.000000 -1.000000
    outer loop
      vertex 56.3656 -32.3255 0.0000
      vertex 64.1947 -33.6989 0.0000
      vertex 64.1489 -34.0644 0.0000
    endloop
  endfacet
  facet normal 0.000000 -0.000000 1.000000
    outer loop
      vertex 56.3656 -32.3255 3.0000
      vertex 64.1489 -34.0644 3.0000
      vertex 64.1947 -33.6989 3.0000
    endloop
  endfacet
  facet normal 0.000000 0.000000 1.000000
    outer loop
      vertex 56.3656 -32.3255 3.0000
      vertex 64.1947 -33.6989 3.0000
      vertex 56.4963 -31.9298 3.0000
    endloop
  endfacet
  facet normal -0.932993 -0.359895 -0.000000
    outer loop
      vertex 56.4963 -37.6702 0.0000
      vertex 56.6463 -38.0590 0.0000
      vertex 56.4963 -37.6702 3.0000
    endloop
  endfacet
  facet normal 0.000000 0.000000 -1.000000
    outer loop
      vertex 56.4963 -37.6702 0.0000
      vertex 64.1947 -35.9011 0.0000
      vertex 56.6463 -38.0590 0.0000
    endloop
  endfacet
  facet normal -0.932993 -0.359895 0.000000
    outer loop
      vertex 56.4963 -37.6702 3.0000
      vertex 56.6463 -38.0590 0.0000
      vertex 56.6463 -38.0590 3.0000
    endloop
  endfacet
  facet normal 0.000000 0.000000 1.000000
    outer loop
      vertex 56.4963 -37.6702 3.0000
      vertex 56.6463 -38.0590 3.0000
      vertex 64.1947 -35.9011 3.0000
    endloop
  endfacet
  facet normal -0.932993 0.359895 0.000000
    outer loop
      vertex 56.4963 -31.9298 0.0000
      vertex 56.4963 -31.9298 3.0000
      vertex 56.6463 -31.5410 3.0000
    endloop
  endfacet
  facet normal 0.000000 0.000000 -1.000000
    outer loop
      vertex 56.4963 -31.9298 0.0000
      vertex 56.6463 -31.5410 0.0000
      vertex 64.1947 -33.6989 0.0000
    endloop
  endfacet
  facet normal -0.932993 0.359895 0.000000
    outer loop
      vertex 56.4963 -31.9298 0.0000
      vertex 56.6463 -31.5410 3.0000
      vertex 56.6463 -31.5410 0.0000
    endloop
  endfacet
  facet normal 0.000000 0.000000 1.000000
    outer loop
      vertex 56.4963 -31.9298 3.0000
      vertex 64.1947 -33.6989 3.0000
      vertex 56.6463 -31.5410 3.0000
    endloop
  endfacet
  facet normal -0.914210 -0.405241 -0.000000
    outer loop
      vertex 56.6463 -38.0590 0.0000
      vertex 56.8151 -38.4399 0.0000
      vertex 56.8151 -38.4399 3.0000
    endloop
  endfacet
  facet normal -0.914210 -0.405241 -0.000000
    outer loop
      vertex 56.6463 -38.0590 0.0000
      vertex 56.8151 -38.4399 3.0000
      vertex 56.6463 -38.0590 3.0000
    endloop
  endfacet
  facet normal 0.000000 0.000000 -1.000000
    outer loop
      vertex 56.6463 -38.0590 0.0000
      vertex 64.1947 -35.9011 0.0000
      vertex 56.8151 -38.4399 0.0000
    endloop
  endfacet
  facet normal 0.000000 0.000000 1.000000
    outer loop
      vertex 56.6463 -38.0590 3.0000
      vertex 56.8151 -38.4399 3.0000
      vertex 64.1947 -35.9011 3.0000
    endloop
  endfacet
  facet normal -0.914210 0.405241 0.000000
    outer loop
      vertex 56.6463 -31.5410 0.0000
      vertex 56.6463 -31.5410 3.0000
      vertex 56.8151 -31.1601 3.0000
    endloop
  endfacet
  facet normal 0.000000 0.000000 -1.000000
    outer loop
      vertex 56.6463 -31.5410 0.0000
      vertex 56.8151 -31.1601 0.0000
      vertex 64.1947 -33.6989 0.0000
    endloop
  endfacet
  facet normal -0.914210 0.405241 0.000000
    outer loop
      vertex 56.6463 -31.5410 0.0000
      vertex 56.8151 -31.1601 3.0000
      vertex 56.8151 -31.1601 0.0000
    endloop
  endfacet
  facet normal 0.000000 0.000000 1.000000
    outer loop
      vertex 56.6463 -31.5410 3.0000
      vertex 64.1947 -33.6989 3.0000
      vertex 56.8151 -31.1601 3.0000
    endloop
  endfacet
  facet normal -0.893224 -0.449611 -0.000000
    outer loop
      vertex 56.8151 -38.4399 0.0000
      vertex 57.0025 -38.8122 0.0000
      vertex 56.8151 -38.4399 3.0000
    endloop
  endfacet
  facet normal -0.000000 0.000000 -1.000000
    outer loop
      vertex 56.8151 -38.4399 0.0000
      vertex 64.1947 -35.9011 0.0000
      vertex 64.2587 -36.2639 0.0000
    endloop
  endfacet
  facet normal 0.000000 0.000000 -1.000000
    outer loop
      vertex 56.8151 -38.4399 0.0000
      vertex 64.2587 -36.2639 0.0000
      vertex 57.0025 -38.8122 0.0000
    endloop
  endfacet
  facet normal -0.893224 -0.449611 0.000000
    outer loop
      vertex 56.8151 -38.4399 3.0000
      vertex 57.0025 -38.8122 0.0000
      vertex 57.0025 -38.8122 3.0000
    endloop
  endfacet
  facet normal 0.000000 0.000000 1.000000
    outer loop
      vertex 56.8151 -38.4399 3.0000
      vertex 57.0025 -38.8122 3.0000
      vertex 64.2587 -36.2639 3.0000
    endloop
  endfacet
  facet normal 0.000000 0.000000 1.000000
    outer loop
      vertex 56.8151 -38.4399 3.0000
      vertex 64.2587 -36.2639 3.0000
      vertex 64.1947 -35.9011 3.0000
    endloop
  endfacet
  facet normal -0.893224 0.449611 0.000000
    outer loop
      vertex 56.8151 -31.1601 0.0000
      vertex 56.8151 -31.1601 3.0000
      vertex 57.0025 -30.7878 3.0000
    endloop
  endfacet
  facet normal 0.000000 0.000000 -1.000000
    outer loop
      vertex 56.8151 -31.1601 0.0000
      vertex 57.0025 -30.7878 0.0000
      vertex 64.2587 -33.3361 0.0000
    endloop
  endfacet
  facet normal -0.893224 0.449611 0.000000
    outer loop
      vertex 56.8151 -31.1601 0.0000
      vertex 57.0025 -30.7878 3.0000
      vertex 57.0025 -30.7878 0.0000
    endloop
  endfacet
  facet normal 0.000000 0.000000 -1.000000
    outer loop
      vertex 56.8151 -31.1601 0.0000
      vertex 64.2587 -33.3361 0.0000
      vertex 64.1947 -33.6989 0.0000
    endloop
  endfacet
  facet normal 0.000000 -0.000000 1.000000
    outer loop
      vertex 56.8151 -31.1601 3.0000
      vertex 64.1947 -33.6989 3.0000
      vertex 64.2587 -33.3361 3.0000
    endloop
  endfacet
  facet normal 0.000000 0.000000 1.000000
    outer loop
      vertex 56.8151 -31.1601 3.0000
      vertex 64.2587 -33.3361 3.0000
      vertex 57.0025 -30.7878 3.0000
    endloop
  endfacet
  facet normal -0.870087 -0.492898 -0.000000
    outer loop
      vertex 57.0025 -38.8122 0.0000
      vertex 57.2079 -39.1747 0.0000
      vertex 57.2079 -39.1747 3.0000
    endloop
  endfacet
  facet normal -0.870087 -0.492898 -0.000000
    outer loop
      vertex 57.0025 -38.8122 0.0000
      vertex 57.2079 -39.1747 3.0000
      vertex 57.0025 -38.8122 3.0000
    endloop
  endfacet
  facet normal 0.000000 0.000000 -1.000000
    outer loop
      vertex 57.0025 -38.8122 0.0000
      vertex 64.2587 -36.2639 0.0000
      vertex 57.2079 -39.1747 0.0000
    endloop
  endfacet
  facet normal 0.000000 0.000000 1.000000
    outer loop
      vertex 57.0025 -38.8122 3.0000
      vertex 57.2079 -39.1747 3.0000
      vertex 64.2587 -36.2639 3.0000
    endloop
  endfacet
  facet normal -0.870087 0.492898 0.000000
    outer loop
      vertex 57.0025 -30.7878 0.0000
      vertex 57.0025 -30.7878 3.0000
      vertex 57.2079 -30.4253 3.0000
    endloop
  endfacet
  facet normal 0.000000 0.000000 -1.000000
    outer loop
      vertex 57.0025 -30.7878 0.0000
      vertex 57.2079 -30.4253 0.0000
      vertex 64.2587 -33.3361 0.0000
    endloop
  endfacet
  facet normal -0.870087 0.492898 0.000000
    outer loop
      vertex 57.0025 -30.7878 0.0000
      vertex 57.2079 -30.4253 3.0000
      vertex 57.2079 -30.4253 0.0000
    endloop
  endfacet
  facet normal 0.000000 0.000000 1.000000
    outer loop
      vertex 57.0025 -30.7878 3.0000
      vertex 64.2587 -33.3361 3.0000
      vertex 57.2079 -30.4253 3.0000
    endloop
  endfacet
  facet normal -0.844854 -0.534998 -0.000000
    outer loop
      vertex 57.2079 -39.1747 0.0000
      vertex 57.4308 -39.5268 0.0000
      vertex 57.2079 -39.1747 3.0000
    endloop
  endfacet
  facet normal -0.000000 0.000000 -1.000000
    outer loop
      vertex 57.2079 -39.1747 0.0000
      vertex 64.2587 -36.2639 0.0000
      vertex 64.3407 -36.6230 0.0000
    endloop
  endfacet
  facet normal 0.000000 0.000000 -1.000000
    outer loop
      vertex 57.2079 -39.1747 0.0000
      vertex 64.3407 -36.6230 0.0000
      vertex 57.4308 -39.5268 0.0000
    endloop
  endfacet
  facet normal -0.844854 -0.534998 0.000000
    outer loop
      vertex 57.2079 -39.1747 3.0000
      vertex 57.4308 -39.5268 0.0000
      vertex 57.4308 -39.5268 3.0000
    endloop
  endfacet
  facet normal 0.000000 0.000000 1.000000
    outer loop
      vertex 57.2079 -39.1747 3.0000
      vertex 57.4308 -39.5268 3.0000
      vertex 64.3407 -36.6230 3.0000
    endloop
  endfacet
  facet normal 0.000000 0.000000 1.000000
    outer loop
      vertex 57.2079 -39.1747 3.0000
      vertex 64.3407 -36.6230 3.0000
      vertex 64.2587 -36.2639 3.0000
    endloop
  endfacet
  facet normal -0.844854 0.534998 0.000000
    outer loop
      vertex 57.2079 -30.4253 0.0000
      vertex 57.2079 -30.4253 3.0000
      vertex 57.4308 -30.0732 3.0000
    endloop
  endfacet
  facet normal 0.000000 0.000000 -1.000000
    outer loop
      vertex 57.2079 -30.4253 0.0000
      vertex 57.4308 -30.0732 0.0000
      vertex 64.3407 -32.9770 0.0000
    endloop
  endfacet
  facet normal -0.844854 0.534998 0.000000
    outer loop
      vertex 57.2079 -30.4253 0.0000
      vertex 57.4308 -30.0732 3.0000
      vertex 57.4308 -30.0732 0.0000
    endloop
  endfacet
  facet normal 0.000000 0.000000 -1.000000
    outer loop
      vertex 57.2079 -30.4253 0.0000
      vertex 64.3407 -32.9770 0.0000
      vertex 64.2587 -33.3361 0.0000
    endloop
  endfacet
  facet normal 0.000000 -0.000000 1.000000
    outer loop
      vertex 57.2079 -30.4253 3.0000
      vertex 64.2587 -33.3361 3.0000
      vertex 64.3407 -32.9770 3.0000
    endloop
  endfacet
  facet normal 0.000000 0.000000 1.000000
    outer loop
      vertex 57.2079 -30.4253 3.0000
      vertex 64.3407 -32.9770 3.0000
      vertex 57.4308 -30.0732 3.0000
    endloop
  endfacet
  facet normal -0.817585 -0.575808 -0.000000
    outer loop
      vertex 57.4308 -39.5268 0.0000
      vertex 57.6708 -39.8675 0.0000
      vertex 57.4308 -39.5268 3.0000
    endloop
  endfacet
  facet normal 0.000000 0.000000 -1.000000
    outer loop
      vertex 57.4308 -39.5268 0.0000
      vertex 64.3407 -36.6230 0.0000
      vertex 57.6708 -39.8675 0.0000
    endloop
  endfacet
  facet normal -0.817585 -0.575808 0.000000
    outer loop
      vertex 57.4308 -39.5268 3.0000
      vertex 57.6708 -39.8675 0.0000
      vertex 57.6708 -39.8675 3.0000
    endloop
  endfacet
  facet normal 0.000000 0.000000 1.000000
    outer loop
      vertex 57.4308 -39.5268 3.0000
      vertex 57.6708 -39.8675 3.0000
      vertex 64.3407 -36.6230 3.0000
    endloop
  endfacet
  facet normal -0.817585 0.575808 0.000000
    outer loop
      vertex 57.4308 -30.0732 0.0000
      vertex 57.4308 -30.0732 3.0000
      vertex 57.6708 -29.7325 3.0000
    endloop
  endfacet
  facet normal 0.000000 0.000000 -1.000000
    outer loop
      vertex 57.4308 -30.0732 0.0000
      vertex 57.6708 -29.7325 0.0000
      vertex 64.3407 -32.9770 0.0000
    endloop
  endfacet
  facet normal -0.817585 0.575808 0.000000
    outer loop
      vertex 57.4308 -30.0732 0.0000
      vertex 57.6708 -29.7325 3.0000
      vertex 57.6708 -29.7325 0.0000
    endloop
  endfacet
  facet normal 0.000000 0.000000 1.000000
    outer loop
      vertex 57.4308 -30.0732 3.0000
      vertex 64.3407 -32.9770 3.0000
      vertex 57.6708 -29.7325 3.0000
    endloop
  endfacet
  facet normal -0.788346 -0.615232 -0.000000
    outer loop
      vertex 57.6708 -39.8675 0.0000
      vertex 57.9271 -40.1960 0.0000
      vertex 57.6708 -39.8675 3.0000
    endloop
  endfacet
  facet normal 0.000000 0.000000 -1.000000
    outer loop
      vertex 57.6708 -39.8675 0.0000
      vertex 64.3407 -36.6230 0.0000
      vertex 57.9271 -40.1960 0.0000
    endloop
  endfacet
  facet normal -0.788346 -0.615232 0.000000
    outer loop
      vertex 57.6708 -39.8675 3.0000
      vertex 57.9271 -40.1960 0.0000
      vertex 57.9271 -40.1960 3.0000
    endloop
  endfacet
  facet normal 0.000000 0.000000 1.000000
    outer loop
      vertex 57.6708 -39.8675 3.0000
      vertex 57.9271 -40.1960 3.0000
      vertex 64.3407 -36.6230 3.0000
    endloop
  endfacet
  facet normal -0.788346 0.615232 0.000000
    outer loop
      vertex 57.6708 -29.7325 0.0000
      vertex 57.6708 -29.7325 3.0000
      vertex 57.9271 -29.4040 3.0000
    endloop
  endfacet
  facet normal 0.000000 0.000000 -1.000000
    outer loop
      vertex 57.6708 -29.7325 0.0000
      vertex 57.9271 -29.4040 0.0000
      vertex 64.3407 -32.9770 0.0000
    endloop
  endfacet
  facet normal -0.788346 0.615232 0.000000
    outer loop
      vertex 57.6708 -29.7325 0.0000
      vertex 57.9271 -29.4040 3.0000
      vertex 57.9271 -29.4040 0.0000
    endloop
  endfacet
  facet normal 0.000000 0.000000 1.000000
    outer loop
      vertex 57.6708 -29.7325 3.0000
      vertex 64.3407 -32.9770 3.0000
      vertex 57.9271 -29.4040 3.0000
    endloop
  endfacet
  facet normal -0.757209 -0.653173 -0.000000
    outer loop
      vertex 57.9271 -40.1960 0.0000
      vertex 58.1993 -40.5115 0.0000
      vertex 57.9271 -40.1960 3.0000
    endloop
  endfacet
  facet normal -0.000000 0.000000 -1.000000
    outer loop
      vertex 57.9271 -40.1960 0.0000
      vertex 64.3407 -36.6230 0.0000
      vertex 64.4404 -36.9776 0.0000
    endloop
  endfacet
  facet normal 0.000000 0.000000 -1.000000
    outer loop
      vertex 57.9271 -40.1960 0.0000
      vertex 64.4404 -36.9776 0.0000
      vertex 58.1993 -40.5115 0.0000
    endloop
  endfacet
  facet normal -0.757209 -0.653173 0.000000
    outer loop
      vertex 57.9271 -40.1960 3.0000
      vertex 58.1993 -40.5115 0.0000
      vertex 58.1993 -40.5115 3.0000
    endloop
  endfacet
  facet normal 0.000000 0.000000 1.000000
    outer loop
      vertex 57.9271 -40.1960 3.0000
      vertex 58.1993 -40.5115 3.0000
      vertex 64.4404 -36.9776 3.0000
    endloop
  endfacet
  facet normal 0.000000 0.000000 1.000000
    outer loop
      vertex 57.9271 -40.1960 3.0000
      vertex 64.4404 -36.9776 3.0000
      vertex 64.3407 -36.6230 3.0000
    endloop
  endfacet
  facet normal -0.757209 0.653173 0.000000
    outer loop
      vertex 57.9271 -29.4040 0.0000
      vertex 57.9271 -29.4040 3.0000
      vertex 58.1993 -29.0885 3.0000
    endloop
  endfacet
  facet normal 0.000000 0.000000 -1.000000
    outer loop
      vertex 57.9271 -29.4040 0.0000
      vertex 58.1993 -29.0885 0.0000
      vertex 64.4404 -32.6224 0.0000
    endloop
  endfacet
  facet normal -0.757209 0.653173 0.000000
    outer loop
      vertex 57.9271 -29.4040 0.0000
      vertex 58.1993 -29.0885 3.0000
      vertex 58.1993 -29.0885 0.0000
    endloop
  endfacet
  facet normal 0.000000 0.000000 -1.000000
    outer loop
      vertex 57.9271 -29.4040 0.0000
      vertex 64.4404 -32.6224 0.0000
      vertex 64.3407 -32.9770 0.0000
    endloop
  endfacet
  facet normal 0.000000 -0.000000 1.000000
    outer loop
      vertex 57.9271 -29.4040 3.0000
      vertex 64.3407 -32.9770 3.0000
      vertex 64.4404 -32.6224 3.0000
    endloop
  endfacet
  facet normal 0.000000 0.000000 1.000000
    outer loop
      vertex 57.9271 -29.4040 3.0000
      vertex 64.4404 -32.6224 3.0000
      vertex 58.1993 -29.0885 3.0000
    endloop
  endfacet
  facet normal -0.724247 -0.689541 -0.000000
    outer loop
      vertex 58.1993 -40.5115 0.0000
      vertex 58.4867 -40.8133 0.0000
      vertex 58.4867 -40.8133 3.0000
    endloop
  endfacet
  facet normal -0.724247 -0.689541 -0.000000
    outer loop
      vertex 58.1993 -40.5115 0.0000
      vertex 58.4867 -40.8133 3.0000
      vertex 58.1993 -40.5115 3.0000
    endloop
  endfacet
  facet normal 0.000000 0.000000 -1.000000
    outer loop
      vertex 58.1993 -40.5115 0.0000
      vertex 64.4404 -36.9776 0.0000
      vertex 58.4867 -40.8133 0.0000
    endloop
  endfacet
  facet normal 0.000000 0.000000 1.000000
    outer loop
      vertex 58.1993 -40.5115 3.0000
      vertex 58.4867 -40.8133 3.0000
      vertex 64.4404 -36.9776 3.0000
    endloop
  endfacet
  facet normal -0.724247 0.689541 0.000000
    outer loop
      vertex 58.1993 -29.0885 0.0000
      vertex 58.1993 -29.0885 3.0000
      vertex 58.4867 -28.7867 3.0000
    endloop
  endfacet
  facet normal 0.000000 0.000000 -1.000000
    outer loop
      vertex 58.1993 -29.0885 0.0000
      vertex 58.4867 -28.7867 0.0000
      vertex 64.4404 -32.6224 0.0000
    endloop
  endfacet
  facet normal -0.724247 0.689541 0.000000
    outer loop
      vertex 58.1993 -29.0885 0.0000
      vertex 58.4867 -28.7867 3.0000
      vertex 58.4867 -28.7867 0.0000
    endloop
  endfacet
  facet normal 0.000000 0.000000 1.000000
    outer loop
      vertex 58.1993 -29.0885 3.0000
      vertex 64.4404 -32.6224 3.0000
      vertex 58.4867 -28.7867 3.0000
    endloop
  endfacet
  facet normal -0.689541 -0.724247 -0.000000
    outer loop
      vertex 58.4867 -40.8133 0.0000
      vertex 58.7885 -41.1007 0.0000
      vertex 58.4867 -40.8133 3.0000
    endloop
  endfacet
  facet normal -0.000000 0.000000 -1.000000
    outer loop
      vertex 58.4867 -40.8133 0.0000
      vertex 64.4404 -36.9776 0.0000
      vertex 64.5577 -37.3268 0.0000
    endloop
  endfacet
  facet normal 0.000000 0.000000 -1.000000
    outer loop
      vertex 58.4867 -40.8133 0.0000
      vertex 64.5577 -37.3268 0.0000
      vertex 58.7885 -41.1007 0.0000
    endloop
  endfacet
  facet normal -0.689541 -0.724247 0.000000
    outer loop
      vertex 58.4867 -40.8133 3.0000
      vertex 58.7885 -41.1007 0.0000
      vertex 58.7885 -41.1007 3.0000
    endloop
  endfacet
  facet normal 0.000000 0.000000 1.000000
    outer loop
      vertex 58.4867 -40.8133 3.0000
      vertex 58.7885 -41.1007 3.0000
      vertex 64.5577 -37.3268 3.0000
    endloop
  endfacet
  facet normal 0.000000 0.000000 1.000000
    outer loop
      vertex 58.4867 -40.8133 3.0000
      vertex 64.5577 -37.3268 3.0000
      vertex 64.4404 -36.9776 3.0000
    endloop
  endfacet
  facet normal -0.689541 0.724247 0.000000
    outer loop
      vertex 58.4867 -28.7867 0.0000
      vertex 58.4867 -28.7867 3.0000
      vertex 58.7885 -28.4993 3.0000
    endloop
  endfacet
  facet normal 0.000000 0.000000 -1.000000
    outer loop
      vertex 58.4867 -28.7867 0.0000
      vertex 58.7885 -28.4993 0.0000
      vertex 64.5577 -32.2732 0.0000
    endloop
  endfacet
  facet normal -0.689541 0.724247 0.000000
    outer loop
      vertex 58.4867 -28.7867 0.0000
      vertex 58.7885 -28.4993 3.0000
      vertex 58.7885 -28.4993 0.0000
    endloop
  endfacet
  facet normal 0.000000 0.000000 -1.000000
    outer loop
      vertex 58.4867 -28.7867 0.0000
      vertex 64.5577 -32.2732 0.0000
      vertex 64.4404 -32.6224 0.0000
    endloop
  endfacet
  facet normal 0.000000 -0.000000 1.000000
    outer loop
      vertex 58.4867 -28.7867 3.0000
      vertex 64.4404 -32.6224 3.0000
      vertex 64.5577 -32.2732 3.0000
    endloop
  endfacet
  facet normal 0.000000 0.000000 1.000000
    outer loop
      vertex 58.4867 -28.7867 3.0000
      vertex 64.5577 -32.2732 3.0000
      vertex 58.7885 -28.4993 3.0000
    endloop
  endfacet
  facet normal -0.653173 -0.757209 -0.000000
    outer loop
      vertex 58.7885 -41.1007 0.0000
      vertex 59.1040 -41.3729 0.0000
      vertex 58.7885 -41.1007 3.0000
    endloop
  endfacet
  facet normal 0.000000 0.000000 -1.000000
    outer loop
      vertex 58.7885 -41.1007 0.0000
      vertex 64.5577 -37.3268 0.0000
      vertex 59.1040 -41.3729 0.0000
    endloop
  endfacet
  facet normal -0.653173 -0.757209 0.000000
    outer loop
      vertex 58.7885 -41.1007 3.0000
      vertex 59.1040 -41.3729 0.0000
      vertex 59.1040 -41.3729 3.0000
    endloop
  endfacet
  facet normal 0.000000 0.000000 1.000000
    outer loop
      vertex 58.7885 -41.1007 3.0000
      vertex 59.1040 -41.3729 3.0000
      vertex 64.5577 -37.3268 3.0000
    endloop
  endfacet
  facet normal -0.653173 0.757209 0.000000
    outer loop
      vertex 58.7885 -28.4993 0.0000
      vertex 58.7885 -28.4993 3.0000
      vertex 59.1040 -28.2271 3.0000
    endloop
  endfacet
  facet normal 0.000000 0.000000 -1.000000
    outer loop
      vertex 58.7885 -28.4993 0.0000
      vertex 59.1040 -28.2271 0.0000
      vertex 64.5577 -32.2732 0.0000
    endloop
  endfacet
  facet normal -0.653173 0.757209 0.000000
    outer loop
      vertex 58.7885 -28.4993 0.0000
      vertex 59.1040 -28.2271 3.0000
      vertex 59.1040 -28.2271 0.0000
    endloop
  endfacet
  facet normal 0.000000 0.000000 1.000000
    outer loop
      vertex 58.7885 -28.4993 3.0000
      vertex 64.5577 -32.2732 3.0000
      vertex 59.1040 -28.2271 3.0000
    endloop
  endfacet
  facet normal -0.615232 -0.788346 -0.000000
    outer loop
      vertex 59.1040 -41.3729 0.0000
      vertex 59.4325 -41.6292 0.0000
      vertex 59.1040 -41.3729 3.0000
    endloop
  endfacet
  facet normal -0.000000 0.000000 -1.000000
    outer loop
      vertex 59.1040 -41.3729 0.0000
      vertex 64.5577 -37.3268 0.0000
      vertex 64.6923 -37.6697 0.0000
    endloop
  endfacet
  facet normal 0.000000 0.000000 -1.000000
    outer loop
      vertex 59.1040 -41.3729 0.0000
      vertex 64.6923 -37.6697 0.0000
      vertex 59.4325 -41.6292 0.0000
    endloop
  endfacet
  facet normal -0.615232 -0.788346 0.000000
    outer loop
      vertex 59.1040 -41.3729 3.0000
      vertex 59.4325 -41.6292 0.0000
      vertex 59.4325 -41.6292 3.0000
    endloop
  endfacet
  facet normal 0.000000 0.000000 1.000000
    outer loop
      vertex 59.1040 -41.3729 3.0000
      vertex 59.4325 -41.6292 3.0000
      vertex 64.6923 -37.6697 3.0000
    endloop
  endfacet
  facet normal 0.000000 0.000000 1.000000
    outer loop
      vertex 59.1040 -41.3729 3.0000
      vertex 64.6923 -37.6697 3.0000
      vertex 64.5577 -37.3268 3.0000
    endloop
  endfacet
  facet normal -0.615232 0.788346 0.000000
    outer loop
      vertex 59.1040 -28.2271 0.0000
      vertex 59.1040 -28.2271 3.0000
      vertex 59.4325 -27.9708 0.0000
    endloop
  endfacet
  facet normal 0.000000 0.000000 -1.000000
    outer loop
      vertex 59.1040 -28.2271 0.0000
      vertex 59.4325 -27.9708 0.0000
      vertex 64.6923 -31.9303 0.0000
    endloop
  endfacet
  facet normal 0.000000 0.000000 -1.000000
    outer loop
      vertex 59.1040 -28.2271 0.0000
      vertex 64.6923 -31.9303 0.0000
      vertex 64.5577 -32.2732 0.0000
    endloop
  endfacet
  facet normal -0.615232 0.788346 0.000000
    outer loop
      vertex 59.1040 -28.2271 3.0000
      vertex 59.4325 -27.9708 3.0000
      vertex 59.4325 -27.9708 0.0000
    endloop
  endfacet
  facet normal 0.000000 -0.000000 1.000000
    outer loop
      vertex 59.1040 -28.2271 3.0000
      vertex 64.5577 -32.2732 3.0000
      vertex 64.6923 -31.9303 3.0000
    endloop
  endfacet
  facet normal 0.000000 0.000000 1.000000
    outer loop
      vertex 59.1040 -28.2271 3.0000
      vertex 64.6923 -31.9303 3.0000
      vertex 59.4325 -27.9708 3.0000
    endloop
  endfacet
  facet normal -0.575808 -0.817585 -0.000000
    outer loop
      vertex 59.4325 -41.6292 0.0000
      vertex 59.7732 -41.8692 0.0000
      vertex 59.7732 -41.8692 3.0000
    endloop
  endfacet
  facet normal -0.575808 -0.817585 -0.000000
    outer loop
      vertex 59.4325 -41.6292 0.0000
      vertex 59.7732 -41.8692 3.0000
      vertex 59.4325 -41.6292 3.0000
    endloop
  endfacet
  facet normal 0.000000 0.000000 -1.000000
    outer loop
      vertex 59.4325 -41.6292 0.0000
      vertex 64.6923 -37.6697 0.0000
      vertex 59.7732 -41.8692 0.0000
    endloop
  endfacet
  facet normal 0.000000 0.000000 1.000000
    outer loop
      vertex 59.4325 -41.6292 3.0000
      vertex 59.7732 -41.8692 3.0000
      vertex 64.6923 -37.6697 3.0000
    endloop
  endfacet
  facet normal -0.575808 0.817585 0.000000
    outer loop
      vertex 59.4325 -27.9708 0.0000
      vertex 59.4325 -27.9708 3.0000
      vertex 59.7732 -27.7308 3.0000
    endloop
  endfacet
  facet normal 0.000000 0.000000 -1.000000
    outer loop
      vertex 59.4325 -27.9708 0.0000
      vertex 59.7732 -27.7308 0.0000
      vertex 64.6923 -31.9303 0.0000
    endloop
  endfacet
  facet normal -0.575808 0.817585 0.000000
    outer loop
      vertex 59.4325 -27.9708 0.0000
      vertex 59.7732 -27.7308 3.0000
      vertex 59.7732 -27.7308 0.0000
    endloop
  endfacet
  facet normal 0.000000 0.000000 1.000000
    outer loop
      vertex 59.4325 -27.9708 3.0000
      vertex 64.6923 -31.9303 3.0000
      vertex 59.7732 -27.7308 3.0000
    endloop
  endfacet
  facet normal -0.534998 -0.844854 -0.000000
    outer loop
      vertex 59.7732 -41.8692 0.0000
      vertex 60.1253 -42.0921 0.0000
      vertex 59.7732 -41.8692 3.0000
    endloop
  endfacet
  facet normal 0.000000 0.000000 -1.000000
    outer loop
      vertex 59.7732 -41.8692 0.0000
      vertex 64.6923 -37.6697 0.0000
      vertex 60.1253 -42.0921 0.0000
    endloop
  endfacet
  facet normal -0.534998 -0.844854 0.000000
    outer loop
      vertex 59.7732 -41.8692 3.0000
      vertex 60.1253 -42.0921 0.0000
      vertex 60.1253 -42.0921 3.0000
    endloop
  endfacet
  facet normal 0.000000 0.000000 1.000000
    outer loop
      vertex 59.7732 -41.8692 3.0000
      vertex 60.1253 -42.0921 3.0000
      vertex 64.6923 -37.6697 3.0000
    endloop
  endfacet
  facet normal -0.534998 0.844854 0.000000
    outer loop
      vertex 59.7732 -27.7308 0.0000
      vertex 59.7732 -27.7308 3.0000
      vertex 60.1253 -27.5079 3.0000
    endloop
  endfacet
  facet normal 0.000000 0.000000 -1.000000
    outer loop
      vertex 59.7732 -27.7308 0.0000
      vertex 60.1253 -27.5079 0.0000
      vertex 64.6923 -31.9303 0.0000
    endloop
  endfacet
  facet normal -0.534998 0.844854 0.000000
    outer loop
      vertex 59.7732 -27.7308 0.0000
      vertex 60.1253 -27.5079 3.0000
      vertex 60.1253 -27.5079 0.0000
    endloop
  endfacet
  facet normal 0.000000 0.000000 1.000000
    outer loop
      vertex 59.7732 -27.7308 3.0000
      vertex 64.6923 -31.9303 3.0000
      vertex 60.1253 -27.5079 3.0000
    endloop
  endfacet
  facet normal -0.492898 -0.870087 -0.000000
    outer loop
      vertex 60.1253 -42.0921 0.0000
      vertex 60.4878 -42.2975 0.0000
      vertex 60.1253 -42.0921 3.0000
    endloop
  endfacet
  facet normal -0.000000 0.000000 -1.000000
    outer loop
      vertex 60.1253 -42.0921 0.0000
      vertex 64.6923 -37.6697 0.0000
      vertex 64.8438 -38.0054 0.0000
    endloop
  endfacet
  facet normal 0.000000 0.000000 -1.000000
    outer loop
      vertex 60.1253 -42.0921 0.0000
      vertex 64.8438 -38.0054 0.0000
      vertex 60.4878 -42.2975 0.0000
    endloop
  endfacet
  facet normal -0.492898 -0.870087 0.000000
    outer loop
      vertex 60.1253 -42.0921 3.0000
      vertex 60.4878 -42.2975 0.0000
      vertex 60.4878 -42.2975 3.0000
    endloop
  endfacet
  facet normal 0.000000 0.000000 1.000000
    outer loop
      vertex 60.1253 -42.0921 3.0000
      vertex 60.4878 -42.2975 3.0000
      vertex 64.8438 -38.0054 3.0000
    endloop
  endfacet
  facet normal 0.000000 0.000000 1.000000
    outer loop
      vertex 60.1253 -42.0921 3.0000
      vertex 64.8438 -38.0054 3.0000
      vertex 64.6923 -37.6697 3.0000
    endloop
  endfacet
  facet normal -0.492898 0.870087 0.000000
    outer loop
      vertex 60.1253 -27.5079 0.0000
      vertex 60.1253 -27.5079 3.0000
      vertex 60.4878 -27.3025 0.0000
    endloop
  endfacet
  facet normal 0.000000 0.000000 -1.000000
    outer loop
      vertex 60.1253 -27.5079 0.0000
      vertex 60.4878 -27.3025 0.0000
      vertex 64.8438 -31.5946 0.0000
    endloop
  endfacet
  facet normal 0.000000 0.000000 -1.000000
    outer loop
      vertex 60.1253 -27.5079 0.0000
      vertex 64.8438 -31.5946 0.0000
      vertex 64.6923 -31.9303 0.0000
    endloop
  endfacet
  facet normal -0.492898 0.870087 0.000000
    outer loop
      vertex 60.1253 -27.5079 3.0000
      vertex 60.4878 -27.3025 3.0000
      vertex 60.4878 -27.3025 0.0000
    endloop
  endfacet
  facet normal 0.000000 -0.000000 1.000000
    outer loop
      vertex 60.1253 -27.5079 3.0000
      vertex 64.6923 -31.9303 3.0000
      vertex 64.8438 -31.5946 3.0000
    endloop
  endfacet
  facet normal 0.000000 0.000000 1.000000
    outer loop
      vertex 60.1253 -27.5079 3.0000
      vertex 64.8438 -31.5946 3.0000
      vertex 60.4878 -27.3025 3.0000
    endloop
  endfacet
  facet normal -0.449611 -0.893224 -0.000000
    outer loop
      vertex 60.4878 -42.2975 0.0000
      vertex 60.8601 -42.4849 0.0000
      vertex 60.4878 -42.2975 3.0000
    endloop
  endfacet
  facet normal 0.000000 0.000000 -1.000000
    outer loop
      vertex 60.4878 -42.2975 0.0000
      vertex 64.8438 -38.0054 0.0000
      vertex 60.8601 -42.4849 0.0000
    endloop
  endfacet
  facet normal -0.449611 -0.893224 0.000000
    outer loop
      vertex 60.4878 -42.2975 3.0000
      vertex 60.8601 -42.4849 0.0000
      vertex 60.8601 -42.4849 3.0000
    endloop
  endfacet
  facet normal 0.000000 -0.000000 1.000000
    outer loop
      vertex 60.4878 -42.2975 3.0000
      vertex 60.8601 -42.4849 3.0000
      vertex 64.8438 -38.0054 3.0000
    endloop
  endfacet
  facet normal -0.449611 0.893224 0.000000
    outer loop
      vertex 60.4878 -27.3025 0.0000
      vertex 60.4878 -27.3025 3.0000
      vertex 60.8601 -27.1151 3.0000
    endloop
  endfacet
  facet normal 0.000000 0.000000 -1.000000
    outer loop
      vertex 60.4878 -27.3025 0.0000
      vertex 60.8601 -27.1151 0.0000
      vertex 64.8438 -31.5946 0.0000
    endloop
  endfacet
  facet normal -0.449611 0.893224 0.000000
    outer loop
      vertex 60.4878 -27.3025 0.0000
      vertex 60.8601 -27.1151 3.0000
      vertex 60.8601 -27.1151 0.0000
    endloop
  endfacet
  facet normal 0.000000 0.000000 1.000000
    outer loop
      vertex 60.4878 -27.3025 3.0000
      vertex 64.8438 -31.5946 3.0000
      vertex 60.8601 -27.1151 3.0000
    endloop
  endfacet
  facet normal -0.405241 -0.914210 -0.000000
    outer loop
      vertex 60.8601 -42.4849 0.0000
      vertex 61.2410 -42.6537 0.0000
      vertex 60.8601 -42.4849 3.0000
    endloop
  endfacet
  facet normal -0.000000 0.000000 -1.000000
    outer loop
      vertex 60.8601 -42.4849 0.0000
      vertex 64.8438 -38.0054 0.0000
      vertex 65.0119 -38.3332 0.0000
    endloop
  endfacet
  facet normal 0.000000 0.000000 -1.000000
    outer loop
      vertex 60.8601 -42.4849 0.0000
      vertex 65.0119 -38.3332 0.0000
      vertex 61.2410 -42.6537 0.0000
    endloop
  endfacet
  facet normal -0.405241 -0.914210 0.000000
    outer loop
      vertex 60.8601 -42.4849 3.0000
      vertex 61.2410 -42.6537 0.0000
      vertex 61.2410 -42.6537 3.0000
    endloop
  endfacet
  facet normal 0.000000 -0.000000 1.000000
    outer loop
      vertex 60.8601 -42.4849 3.0000
      vertex 61.2410 -42.6537 3.0000
      vertex 65.0119 -38.3332 3.0000
    endloop
  endfacet
  facet normal 0.000000 0.000000 1.000000
    outer loop
      vertex 60.8601 -42.4849 3.0000
      vertex 65.0119 -38.3332 3.0000
      vertex 64.8438 -38.0054 3.0000
    endloop
  endfacet
  facet normal -0.405241 0.914210 0.000000
    outer loop
      vertex 60.8601 -27.1151 0.0000
      vertex 60.8601 -27.1151 3.0000
      vertex 61.2410 -26.9463 3.0000
    endloop
  endfacet
  facet normal 0.000000 0.000000 -1.000000
    outer loop
      vertex 60.8601 -27.1151 0.0000
      vertex 61.2410 -26.9463 0.0000
      vertex 65.0119 -31.2668 0.0000
    endloop
  endfacet
  facet normal -0.405241 0.914210 0.000000
    outer loop
      vertex 60.8601 -27.1151 0.0000
      vertex 61.2410 -26.9463 3.0000
      vertex 61.2410 -26.9463 0.0000
    endloop
  endfacet
  facet normal 0.000000 0.000000 -1.000000
    outer loop
      vertex 60.8601 -27.1151 0.0000
      vertex 65.0119 -31.2668 0.0000
      vertex 64.8438 -31.5946 0.0000
    endloop
  endfacet
  facet normal 0.000000 -0.000000 1.000000
    outer loop
      vertex 60.8601 -27.1151 3.0000
      vertex 64.8438 -31.5946 3.0000
      vertex 65.0119 -31.2668 3.0000
    endloop
  endfacet
  facet normal 0.000000 0.000000 1.000000
    outer loop
      vertex 60.8601 -27.1151 3.0000
      vertex 65.0119 -31.2668 3.0000
      vertex 61.2410 -26.9463 3.0000
    endloop
  endfacet
  facet normal -0.359895 -0.932993 -0.000000
    outer loop
      vertex 61.2410 -42.6537 0.0000
      vertex 61.6298 -42.8037 0.0000
      vertex 61.2410 -42.6537 3.0000
    endloop
  endfacet
  facet normal 0.000000 0.000000 -1.000000
    outer loop
      vertex 61.2410 -42.6537 0.0000
      vertex 65.0119 -38.3332 0.0000
      vertex 61.6298 -42.8037 0.0000
    endloop
  endfacet
  facet normal -0.359895 -0.932993 0.000000
    outer loop
      vertex 61.2410 -42.6537 3.0000
      vertex 61.6298 -42.8037 0.0000
      vertex 61.6298 -42.8037 3.0000
    endloop
  endfacet
  facet normal 0.000000 -0.000000 1.000000
    outer loop
      vertex 61.2410 -42.6537 3.0000
      vertex 61.6298 -42.8037 3.0000
      vertex 65.0119 -38.3332 3.0000
    endloop
  endfacet
  facet normal -0.359895 0.932993 0.000000
    outer loop
      vertex 61.2410 -26.9463 0.0000
      vertex 61.2410 -26.9463 3.0000
      vertex 61.6298 -26.7963 3.0000
    endloop
  endfacet
  facet normal 0.000000 0.000000 -1.000000
    outer loop
      vertex 61.2410 -26.9463 0.0000
      vertex 61.6298 -26.7963 0.0000
      vertex 65.0119 -31.2668 0.0000
    endloop
  endfacet
  facet normal -0.359895 0.932993 0.000000
    outer loop
      vertex 61.2410 -26.9463 0.0000
      vertex 61.6298 -26.7963 3.0000
      vertex 61.6298 -26.7963 0.0000
    endloop
  endfacet
  facet normal 0.000000 0.000000 1.000000
    outer loop
      vertex 61.2410 -26.9463 3.0000
      vertex 65.0119 -31.2668 3.0000
      vertex 61.6298 -26.7963 3.0000
    endloop
  endfacet
  facet normal -0.313682 -0.949528 -0.000000
    outer loop
      vertex 61.6298 -42.8037 0.0000
      vertex 62.0255 -42.9344 0.0000
      vertex 61.6298 -42.8037 3.0000
    endloop
  endfacet
  facet normal 0.000000 0.000000 -1.000000
    outer loop
      vertex 61.6298 -42.8037 0.0000
      vertex 65.0119 -38.3332 0.0000
      vertex 65.1961 -38.6523 0.0000
    endloop
  endfacet
  facet normal 0.000000 0.000000 -1.000000
    outer loop
      vertex 61.6298 -42.8037 0.0000
      vertex 65.1961 -38.6523 0.0000
      vertex 62.0255 -42.9344 0.0000
    endloop
  endfacet
  facet normal -0.313682 -0.949528 0.000000
    outer loop
      vertex 61.6298 -42.8037 3.0000
      vertex 62.0255 -42.9344 0.0000
      vertex 62.0255 -42.9344 3.0000
    endloop
  endfacet
  facet normal 0.000000 -0.000000 1.000000
    outer loop
      vertex 61.6298 -42.8037 3.0000
      vertex 62.0255 -42.9344 3.0000
      vertex 65.1961 -38.6523 3.0000
    endloop
  endfacet
  facet normal 0.000000 0.000000 1.000000
    outer loop
      vertex 61.6298 -42.8037 3.0000
      vertex 65.1961 -38.6523 3.0000
      vertex 65.0119 -38.3332 3.0000
    endloop
  endfacet
  facet normal -0.313682 0.949528 0.000000
    outer loop
      vertex 61.6298 -26.7963 0.0000
      vertex 61.6298 -26.7963 3.0000
      vertex 62.0255 -26.6656 3.0000
    endloop
  endfacet
  facet normal 0.000000 0.000000 -1.000000
    outer loop
      vertex 61.6298 -26.7963 0.0000
      vertex 62.0255 -26.6656 0.0000
      vertex 65.1961 -30.9477 0.0000
    endloop
  endfacet
  facet normal -0.313682 0.949528 0.000000
    outer loop
      vertex 61.6298 -26.7963 0.0000
      vertex 62.0255 -26.6656 3.0000
      vertex 62.0255 -26.6656 0.0000
    endloop
  endfacet
  facet normal 0.000000 0.000000 -1.000000
    outer loop
      vertex 61.6298 -26.7963 0.0000
      vertex 65.1961 -30.9477 0.0000
      vertex 65.0119 -31.2668 0.0000
    endloop
  endfacet
  facet normal 0.000000 -0.000000 1.000000
    outer loop
      vertex 61.6298 -26.7963 3.0000
      vertex 65.0119 -31.2668 3.0000
      vertex 65.1961 -30.9477 3.0000
    endloop
  endfacet
  facet normal 0.000000 0.000000 1.000000
    outer loop
      vertex 61.6298 -26.7963 3.0000
      vertex 65.1961 -30.9477 3.0000
      vertex 62.0255 -26.6656 3.0000
    endloop
  endfacet
  facet normal -0.266713 -0.963776 -0.000000
    outer loop
      vertex 62.0255 -42.9344 0.0000
      vertex 62.4271 -43.0456 0.0000
      vertex 62.0255 -42.9344 3.0000
    endloop
  endfacet
  facet normal 0.000000 0.000000 -1.000000
    outer loop
      vertex 62.0255 -42.9344 0.0000
      vertex 65.1961 -38.6523 0.0000
      vertex 65.3959 -38.9617 0.0000
    endloop
  endfacet
  facet normal 0.000000 0.000000 -1.000000
    outer loop
      vertex 62.0255 -42.9344 0.0000
      vertex 65.3959 -38.9617 0.0000
      vertex 62.4271 -43.0456 0.0000
    endloop
  endfacet
  facet normal -0.266713 -0.963776 0.000000
    outer loop
      vertex 62.0255 -42.9344 3.0000
      vertex 62.4271 -43.0456 0.0000
      vertex 62.4271 -43.0456 3.0000
    endloop
  endfacet
  facet normal 0.000000 -0.000000 1.000000
    outer loop
      vertex 62.0255 -42.9344 3.0000
      vertex 62.4271 -43.0456 3.0000
      vertex 65.3959 -38.9617 3.0000
    endloop
  endfacet
  facet normal 0.000000 0.000000 1.000000
    outer loop
      vertex 62.0255 -42.9344 3.0000
      vertex 65.3959 -38.9617 3.0000
      vertex 65.1961 -38.6523 3.0000
    endloop
  endfacet
  facet normal -0.266713 0.963776 0.000000
    outer loop
      vertex 62.0255 -26.6656 0.0000
      vertex 62.0255 -26.6656 3.0000
      vertex 62.4271 -26.5544 3.0000
    endloop
  endfacet
  facet normal 0.000000 0.000000 -1.000000
    outer loop
      vertex 62.0255 -26.6656 0.0000
      vertex 62.4271 -26.5544 0.0000
      vertex 65.3959 -30.6383 0.0000
    endloop
  endfacet
  facet normal -0.266713 0.963776 0.000000
    outer loop
      vertex 62.0255 -26.6656 0.0000
      vertex 62.4271 -26.5544 3.0000
      vertex 62.4271 -26.5544 0.0000
    endloop
  endfacet
  facet normal 0.000000 0.000000 -1.000000
    outer loop
      vertex 62.0255 -26.6656 0.0000
      vertex 65.3959 -30.6383 0.0000
      vertex 65.1961 -30.9477 0.0000
    endloop
  endfacet
  facet normal 0.000000 -0.000000 1.000000
    outer loop
      vertex 62.0255 -26.6656 3.0000
      vertex 65.1961 -30.9477 3.0000
      vertex 65.3959 -30.6383 3.0000
    endloop
  endfacet
  facet normal 0.000000 0.000000 1.000000
    outer loop
      vertex 62.0255 -26.6656 3.0000
      vertex 65.3959 -30.6383 3.0000
      vertex 62.4271 -26.5544 3.0000
    endloop
  endfacet
  facet normal -0.219101 -0.975702 -0.000000
    outer loop
      vertex 62.4271 -43.0456 0.0000
      vertex 62.8337 -43.1369 0.0000
      vertex 62.8337 -43.1369 3.0000
    endloop
  endfacet
  facet normal -0.219101 -0.975702 -0.000000
    outer loop
      vertex 62.4271 -43.0456 0.0000
      vertex 62.8337 -43.1369 3.0000
      vertex 62.4271 -43.0456 3.0000
    endloop
  endfacet
  facet normal 0.000000 0.000000 -1.000000
    outer loop
      vertex 62.4271 -43.0456 0.0000
      vertex 65.3959 -38.9617 0.0000
      vertex 62.8337 -43.1369 0.0000
    endloop
  endfacet
  facet normal 0.000000 -0.000000 1.000000
    outer loop
      vertex 62.4271 -43.0456 3.0000
      vertex 62.8337 -43.1369 3.0000
      vertex 65.3959 -38.9617 3.0000
    endloop
  endfacet
  facet normal -0.219101 0.975702 0.000000
    outer loop
      vertex 62.4271 -26.5544 0.0000
      vertex 62.4271 -26.5544 3.0000
      vertex 62.8337 -26.4631 3.0000
    endloop
  endfacet
  facet normal 0.000000 0.000000 -1.000000
    outer loop
      vertex 62.4271 -26.5544 0.0000
      vertex 62.8337 -26.4631 0.0000
      vertex 65.3959 -30.6383 0.0000
    endloop
  endfacet
  facet normal -0.219101 0.975702 0.000000
    outer loop
      vertex 62.4271 -26.5544 0.0000
      vertex 62.8337 -26.4631 3.0000
      vertex 62.8337 -26.4631 0.0000
    endloop
  endfacet
  facet normal 0.000000 0.000000 1.000000
    outer loop
      vertex 62.4271 -26.5544 3.0000
      vertex 65.3959 -30.6383 3.0000
      vertex 62.8337 -26.4631 3.0000
    endloop
  endfacet
  facet normal -0.170962 -0.985278 -0.000000
    outer loop
      vertex 62.8337 -43.1369 0.0000
      vertex 63.2443 -43.2081 0.0000
      vertex 62.8337 -43.1369 3.0000
    endloop
  endfacet
  facet normal 0.000000 0.000000 -1.000000
    outer loop
      vertex 62.8337 -43.1369 0.0000
      vertex 65.3959 -38.9617 0.0000
      vertex 65.6109 -39.2608 0.0000
    endloop
  endfacet
  facet normal 0.000000 0.000000 -1.000000
    outer loop
      vertex 62.8337 -43.1369 0.0000
      vertex 65.6109 -39.2608 0.0000
      vertex 63.2443 -43.2081 0.0000
    endloop
  endfacet
  facet normal -0.170962 -0.985278 0.000000
    outer loop
      vertex 62.8337 -43.1369 3.0000
      vertex 63.2443 -43.2081 0.0000
      vertex 63.2443 -43.2081 3.0000
    endloop
  endfacet
  facet normal 0.000000 -0.000000 1.000000
    outer loop
      vertex 62.8337 -43.1369 3.0000
      vertex 63.2443 -43.2081 3.0000
      vertex 65.6109 -39.2608 3.0000
    endloop
  endfacet
  facet normal 0.000000 0.000000 1.000000
    outer loop
      vertex 62.8337 -43.1369 3.0000
      vertex 65.6109 -39.2608 3.0000
      vertex 65.3959 -38.9617 3.0000
    endloop
  endfacet
  facet normal -0.170962 0.985278 0.000000
    outer loop
      vertex 62.8337 -26.4631 0.0000
      vertex 62.8337 -26.4631 3.0000
      vertex 63.2443 -26.3919 0.0000
    endloop
  endfacet
  facet normal 0.000000 0.000000 -1.000000
    outer loop
      vertex 62.8337 -26.4631 0.0000
      vertex 63.2443 -26.3919 0.0000
      vertex 65.6109 -30.3392 0.0000
    endloop
  endfacet
  facet normal 0.000000 0.000000 -1.000000
    outer loop
      vertex 62.8337 -26.4631 0.0000
      vertex 65.6109 -30.3392 0.0000
      vertex 65.3959 -30.6383 0.0000
    endloop
  endfacet
  facet normal -0.170962 0.985278 0.000000
    outer loop
      vertex 62.8337 -26.4631 3.0000
      vertex 63.2443 -26.3919 3.0000
      vertex 63.2443 -26.3919 0.0000
    endloop
  endfacet
  facet normal 0.000000 -0.000000 1.000000
    outer loop
      vertex 62.8337 -26.4631 3.0000
      vertex 65.3959 -30.6383 3.0000
      vertex 65.6109 -30.3392 3.0000
    endloop
  endfacet
  facet normal 0.000000 0.000000 1.000000
    outer loop
      vertex 62.8337 -26.4631 3.0000
      vertex 65.6109 -30.3392 3.0000
      vertex 63.2443 -26.3919 3.0000
    endloop
  endfacet
  facet normal -0.122411 -0.992480 -0.000000
    outer loop
      vertex 63.2443 -43.2081 0.0000
      vertex 63.6578 -43.2591 0.0000
      vertex 63.2443 -43.2081 3.0000
    endloop
  endfacet
  facet normal 0.000000 0.000000 -1.000000
    outer loop
      vertex 63.2443 -43.2081 0.0000
      vertex 65.6109 -39.2608 0.0000
      vertex 63.6578 -43.2591 0.0000
    endloop
  endfacet
  facet normal -0.122411 -0.992480 0.000000
    outer loop
      vertex 63.2443 -43.2081 3.0000
      vertex 63.6578 -43.2591 0.0000
      vertex 63.6578 -43.2591 3.0000
    endloop
  endfacet
  facet normal 0.000000 -0.000000 1.000000
    outer loop
      vertex 63.2443 -43.2081 3.0000
      vertex 63.6578 -43.2591 3.0000
      vertex 65.6109 -39.2608 3.0000
    endloop
  endfacet
  facet normal -0.122411 0.992480 0.000000
    outer loop
      vertex 63.2443 -26.3919 0.0000
      vertex 63.2443 -26.3919 3.0000
      vertex 63.6578 -26.3409 0.0000
    endloop
  endfacet
  facet normal 0.000000 0.000000 -1.000000
    outer loop
      vertex 63.2443 -26.3919 0.0000
      vertex 63.6578 -26.3409 0.0000
      vertex 65.6109 -30.3392 0.0000
    endloop
  endfacet
  facet normal -0.122411 0.992480 0.000000
    outer loop
      vertex 63.2443 -26.3919 3.0000
      vertex 63.6578 -26.3409 3.0000
      vertex 63.6578 -26.3409 0.0000
    endloop
  endfacet
  facet normal 0.000000 0.000000 1.000000
    outer loop
      vertex 63.2443 -26.3919 3.0000
      vertex 65.6109 -30.3392 3.0000
      vertex 63.6578 -26.3409 3.0000
    endloop
  endfacet
  facet normal -0.073565 -0.997290 -0.000000
    outer loop
      vertex 63.6578 -43.2591 0.0000
      vertex 64.0734 -43.2898 0.0000
      vertex 63.6578 -43.2591 3.0000
    endloop
  endfacet
  facet normal 0.000000 0.000000 -1.000000
    outer loop
      vertex 63.6578 -43.2591 0.0000
      vertex 65.6109 -39.2608 0.0000
      vertex 65.8406 -39.5488 0.0000
    endloop
  endfacet
  facet normal 0.000000 0.000000 -1.000000
    outer loop
      vertex 63.6578 -43.2591 0.0000
      vertex 65.8406 -39.5488 0.0000
      vertex 64.0734 -43.2898 0.0000
    endloop
  endfacet
  facet normal -0.073565 -0.997290 0.000000
    outer loop
      vertex 63.6578 -43.2591 3.0000
      vertex 64.0734 -43.2898 0.0000
      vertex 64.0734 -43.2898 3.0000
    endloop
  endfacet
  facet normal 0.000000 -0.000000 1.000000
    outer loop
      vertex 63.6578 -43.2591 3.0000
      vertex 64.0734 -43.2898 3.0000
      vertex 65.8406 -39.5488 3.0000
    endloop
  endfacet
  facet normal 0.000000 0.000000 1.000000
    outer loop
      vertex 63.6578 -43.2591 3.0000
      vertex 65.8406 -39.5488 3.0000
      vertex 65.6109 -39.2608 3.0000
    endloop
  endfacet
  facet normal -0.073565 0.997290 0.000000
    outer loop
      vertex 63.6578 -26.3409 0.0000
      vertex 63.6578 -26.3409 3.0000
      vertex 64.0734 -26.3102 3.0000
    endloop
  endfacet
  facet normal 0.000000 0.000000 -1.000000
    outer loop
      vertex 63.6578 -26.3409 0.0000
      vertex 64.0734 -26.3102 0.0000
      vertex 65.8406 -30.0512 0.0000
    endloop
  endfacet
  facet normal -0.073565 0.997290 0.000000
    outer loop
      vertex 63.6578 -26.3409 0.0000
      vertex 64.0734 -26.3102 3.0000
      vertex 64.0734 -26.3102 0.0000
    endloop
  endfacet
  facet normal 0.000000 0.000000 -1.000000
    outer loop
      vertex 63.6578 -26.3409 0.0000
      vertex 65.8406 -30.0512 0.0000
      vertex 65.6109 -30.3392 0.0000
    endloop
  endfacet
  facet normal 0.000000 -0.000000 1.000000
    outer loop
      vertex 63.6578 -26.3409 3.0000
      vertex 65.6109 -30.3392 3.0000
      vertex 65.8406 -30.0512 3.0000
    endloop
  endfacet
  facet normal 0.000000 0.000000 1.000000
    outer loop
      vertex 63.6578 -26.3409 3.0000
      vertex 65.8406 -30.0512 3.0000
      vertex 64.0734 -26.3102 3.0000
    endloop
  endfacet
  facet normal -0.024541 -0.999699 -0.000000
    outer loop
      vertex 64.0734 -43.2898 0.0000
      vertex 64.4900 -43.3000 0.0000
      vertex 64.0734 -43.2898 3.0000
    endloop
  endfacet
  facet normal 0.000000 0.000000 -1.000000
    outer loop
      vertex 64.0734 -43.2898 0.0000
      vertex 65.8406 -39.5488 0.0000
      vertex 66.0844 -39.8250 0.0000
    endloop
  endfacet
  facet normal 0.000000 0.000000 -1.000000
    outer loop
      vertex 64.0734 -43.2898 0.0000
      vertex 66.0844 -39.8250 0.0000
      vertex 64.4900 -43.3000 0.0000
    endloop
  endfacet
  facet normal -0.024541 -0.999699 0.000000
    outer loop
      vertex 64.0734 -43.2898 3.0000
      vertex 64.4900 -43.3000 0.0000
      vertex 64.4900 -43.3000 3.0000
    endloop
  endfacet
  facet normal 0.000000 -0.000000 1.000000
    outer loop
      vertex 64.0734 -43.2898 3.0000
      vertex 64.4900 -43.3000 3.0000
      vertex 66.0844 -39.8250 3.0000
    endloop
  endfacet
  facet normal 0.000000 0.000000 1.000000
    outer loop
      vertex 64.0734 -43.2898 3.0000
      vertex 66.0844 -39.8250 3.0000
      vertex 65.8406 -39.5488 3.0000
    endloop
  endfacet
  facet normal -0.024541 0.999699 0.000000
    outer loop
      vertex 64.0734 -26.3102 0.0000
      vertex 64.0734 -26.3102 3.0000
      vertex 64.4900 -26.3000 3.0000
    endloop
  endfacet
  facet normal 0.000000 0.000000 -1.000000
    outer loop
      vertex 64.0734 -26.3102 0.0000
      vertex 64.4900 -26.3000 0.0000
      vertex 66.0844 -29.7750 0.0000
    endloop
  endfacet
  facet normal -0.024541 0.999699 0.000000
    outer loop
      vertex 64.0734 -26.3102 0.0000
      vertex 64.4900 -26.3000 3.0000
      vertex 64.4900 -26.3000 0.0000
    endloop
  endfacet
  facet normal 0.000000 0.000000 -1.000000
    outer loop
      vertex 64.0734 -26.3102 0.0000
      vertex 66.0844 -29.7750 0.0000
      vertex 65.8406 -30.0512 0.0000
    endloop
  endfacet
  facet normal 0.000000 -0.000000 1.000000
    outer loop
      vertex 64.0734 -26.3102 3.0000
      vertex 65.8406 -30.0512 3.0000
      vertex 66.0844 -29.7750 3.0000
    endloop
  endfacet
  facet normal 0.000000 0.000000 1.000000
    outer loop
      vertex 64.0734 -26.3102 3.0000
      vertex 66.0844 -29.7750 3.0000
      vertex 64.4900 -26.3000 3.0000
    endloop
  endfacet
  facet normal 0.999689 0.024931 0.000000
    outer loop
      vertex 64.1122 -34.8000 0.0000
      vertex 64.1122 -34.8000 3.0000
      vertex 64.1214 -35.1683 0.0000
    endloop
  endfacet
  facet normal 0.999689 -0.024931 0.000000
    outer loop
      vertex 64.1122 -34.8000 0.0000
      vertex 64.1214 -34.4317 0.0000
      vertex 64.1214 -34.4317 3.0000
    endloop
  endfacet
  facet normal 0.999689 -0.024931 0.000000
    outer loop
      vertex 64.1122 -34.8000 0.0000
      vertex 64.1214 -34.4317 3.0000
      vertex 64.1122 -34.8000 3.0000
    endloop
  endfacet
  facet normal 0.999689 0.024931 0.000000
    outer loop
      vertex 64.1122 -34.8000 3.0000
      vertex 64.1214 -35.1683 3.0000
      vertex 64.1214 -35.1683 0.0000
    endloop
  endfacet
  facet normal 0.997204 0.074730 0.000000
    outer loop
      vertex 64.1214 -35.1683 0.0000
      vertex 64.1214 -35.1683 3.0000
      vertex 64.1489 -35.5356 0.0000
    endloop
  endfacet
  facet normal 0.997204 0.074730 0.000000
    outer loop
      vertex 64.1214 -35.1683 3.0000
      vertex 64.1489 -35.5356 3.0000
      vertex 64.1489 -35.5356 0.0000
    endloop
  endfacet
  facet normal 0.997204 -0.074730 0.000000
    outer loop
      vertex 64.1214 -34.4317 0.0000
      vertex 64.1489 -34.0644 0.0000
      vertex 64.1489 -34.0644 3.0000
    endloop
  endfacet
  facet normal 0.997204 -0.074730 0.000000
    outer loop
      vertex 64.1214 -34.4317 0.0000
      vertex 64.1489 -34.0644 3.0000
      vertex 64.1214 -34.4317 3.0000
    endloop
  endfacet
  facet normal 0.992239 0.124344 0.000000
    outer loop
      vertex 64.1489 -35.5356 0.0000
      vertex 64.1489 -35.5356 3.0000
      vertex 64.1947 -35.9011 0.0000
    endloop
  endfacet
  facet normal 0.992239 0.124344 0.000000
    outer loop
      vertex 64.1489 -35.5356 3.0000
      vertex 64.1947 -35.9011 3.0000
      vertex 64.1947 -35.9011 0.0000
    endloop
  endfacet
  facet normal 0.992239 -0.124344 0.000000
    outer loop
      vertex 64.1489 -34.0644 0.0000
      vertex 64.1947 -33.6989 0.0000
      vertex 64.1947 -33.6989 3.0000
    endloop
  endfacet
  facet normal 0.992239 -0.124344 0.000000
    outer loop
      vertex 64.1489 -34.0644 0.0000
      vertex 64.1947 -33.6989 3.0000
      vertex 64.1489 -34.0644 3.0000
    endloop
  endfacet
  facet normal 0.984808 0.173648 0.000000
    outer loop
      vertex 64.1947 -35.9011 0.0000
      vertex 64.1947 -35.9011 3.0000
      vertex 64.2587 -36.2639 0.0000
    endloop
  endfacet
  facet normal 0.984808 0.173648 0.000000
    outer loop
      vertex 64.1947 -35.9011 3.0000
      vertex 64.2587 -36.2639 3.0000
      vertex 64.2587 -36.2639 0.0000
    endloop
  endfacet
  facet normal 0.984808 -0.173648 0.000000
    outer loop
      vertex 64.1947 -33.6989 0.0000
      vertex 64.2587 -33.3361 0.0000
      vertex 64.2587 -33.3361 3.0000
    endloop
  endfacet
  facet normal 0.984808 -0.173648 0.000000
    outer loop
      vertex 64.1947 -33.6989 0.0000
      vertex 64.2587 -33.3361 3.0000
      vertex 64.1947 -33.6989 3.0000
    endloop
  endfacet
  facet normal 0.974928 0.222521 0.000000
    outer loop
      vertex 64.2587 -36.2639 0.0000
      vertex 64.2587 -36.2639 3.0000
      vertex 64.3407 -36.6230 0.0000
    endloop
  endfacet
  facet normal 0.974928 0.222521 0.000000
    outer loop
      vertex 64.2587 -36.2639 3.0000
      vertex 64.3407 -36.6230 3.0000
      vertex 64.3407 -36.6230 0.0000
    endloop
  endfacet
  facet normal 0.974928 -0.222521 0.000000
    outer loop
      vertex 64.2587 -33.3361 0.0000
      vertex 64.3407 -32.9770 0.0000
      vertex 64.3407 -32.9770 3.0000
    endloop
  endfacet
  facet normal 0.974928 -0.222521 0.000000
    outer loop
      vertex 64.2587 -33.3361 0.0000
      vertex 64.3407 -32.9770 3.0000
      vertex 64.2587 -33.3361 3.0000
    endloop
  endfacet
  facet normal 0.962624 0.270840 0.000000
    outer loop
      vertex 64.3407 -36.6230 0.0000
      vertex 64.3407 -36.6230 3.0000
      vertex 64.4404 -36.9776 0.0000
    endloop
  endfacet
  facet normal 0.962624 0.270840 0.000000
    outer loop
      vertex 64.3407 -36.6230 3.0000
      vertex 64.4404 -36.9776 3.0000
      vertex 64.4404 -36.9776 0.0000
    endloop
  endfacet
  facet normal 0.962624 -0.270840 0.000000
    outer loop
      vertex 64.3407 -32.9770 0.0000
      vertex 64.4404 -32.6224 0.0000
      vertex 64.4404 -32.6224 3.0000
    endloop
  endfacet
  facet normal 0.962624 -0.270840 0.000000
    outer loop
      vertex 64.3407 -32.9770 0.0000
      vertex 64.4404 -32.6224 3.0000
      vertex 64.3407 -32.9770 3.0000
    endloop
  endfacet
  facet normal 0.947927 0.318487 0.000000
    outer loop
      vertex 64.4404 -36.9776 0.0000
      vertex 64.4404 -36.9776 3.0000
      vertex 64.5577 -37.3268 0.0000
    endloop
  endfacet
  facet normal 0.947927 0.318487 0.000000
    outer loop
      vertex 64.4404 -36.9776 3.0000
      vertex 64.5577 -37.3268 3.0000
      vertex 64.5577 -37.3268 0.0000
    endloop
  endfacet
  facet normal 0.947927 -0.318487 0.000000
    outer loop
      vertex 64.4404 -32.6224 0.0000
      vertex 64.5577 -32.2732 0.0000
      vertex 64.5577 -32.2732 3.0000
    endloop
  endfacet
  facet normal 0.947927 -0.318487 0.000000
    outer loop
      vertex 64.4404 -32.6224 0.0000
      vertex 64.5577 -32.2732 3.0000
      vertex 64.4404 -32.6224 3.0000
    endloop
  endfacet
  facet normal 0.000000 0.000000 -1.000000
    outer loop
      vertex 64.4900 -43.3000 0.0000
      vertex 66.0844 -39.8250 0.0000
      vertex 66.3416 -40.0887 0.0000
    endloop
  endfacet
  facet normal 0.000000 0.000000 -1.000000
    outer loop
      vertex 64.4900 -43.3000 0.0000
      vertex 66.3416 -40.0887 0.0000
      vertex 66.6116 -40.3392 0.0000
    endloop
  endfacet
  facet normal 0.000000 0.000000 -1.000000
    outer loop
      vertex 64.4900 -43.3000 0.0000
      vertex 66.6116 -40.3392 0.0000
      vertex 66.8938 -40.5760 0.0000
    endloop
  endfacet
  facet normal -0.000000 0.000000 -1.000000
    outer loop
      vertex 64.4900 -43.3000 0.0000
      vertex 66.8938 -40.5760 0.0000
      vertex 67.1874 -40.7984 0.0000
    endloop
  endfacet
  facet normal -0.000000 0.000000 -1.000000
    outer loop
      vertex 64.4900 -43.3000 0.0000
      vertex 67.1874 -40.7984 0.0000
      vertex 67.4918 -41.0059 0.0000
    endloop
  endfacet
  facet normal -0.000000 0.000000 -1.000000
    outer loop
      vertex 64.4900 -43.3000 0.0000
      vertex 67.4918 -41.0059 0.0000
      vertex 67.8061 -41.1980 0.0000
    endloop
  endfacet
  facet normal -0.000000 0.000000 -1.000000
    outer loop
      vertex 64.4900 -43.3000 0.0000
      vertex 67.8061 -41.1980 0.0000
      vertex 68.1296 -41.3742 0.0000
    endloop
  endfacet
  facet normal -0.000000 0.000000 -1.000000
    outer loop
      vertex 64.4900 -43.3000 0.0000
      vertex 68.1296 -41.3742 0.0000
      vertex 68.4615 -41.5340 0.0000
    endloop
  endfacet
  facet normal -0.000000 0.000000 -1.000000
    outer loop
      vertex 64.4900 -43.3000 0.0000
      vertex 68.4615 -41.5340 0.0000
      vertex 68.8009 -41.6771 0.0000
    endloop
  endfacet
  facet normal -0.000000 0.000000 -1.000000
    outer loop
      vertex 64.4900 -43.3000 0.0000
      vertex 68.8009 -41.6771 0.0000
      vertex 69.1471 -41.8031 0.0000
    endloop
  endfacet
  facet normal -0.000000 0.000000 -1.000000
    outer loop
      vertex 64.4900 -43.3000 0.0000
      vertex 69.1471 -41.8031 0.0000
      vertex 69.4991 -41.9117 0.0000
    endloop
  endfacet
  facet normal -0.000000 0.000000 -1.000000
    outer loop
      vertex 64.4900 -43.3000 0.0000
      vertex 69.4991 -41.9117 0.0000
      vertex 69.8561 -42.0026 0.0000
    endloop
  endfacet
  facet normal -0.000000 0.000000 -1.000000
    outer loop
      vertex 64.4900 -43.3000 0.0000
      vertex 69.8561 -42.0026 0.0000
      vertex 70.2171 -42.0756 0.0000
    endloop
  endfacet
  facet normal -0.000000 0.000000 -1.000000
    outer loop
      vertex 64.4900 -43.3000 0.0000
      vertex 70.2171 -42.0756 0.0000
      vertex 70.5814 -42.1305 0.0000
    endloop
  endfacet
  facet normal -0.000000 0.000000 -1.000000
    outer loop
      vertex 64.4900 -43.3000 0.0000
      vertex 70.5814 -42.1305 0.0000
      vertex 70.9479 -42.1671 0.0000
    endloop
  endfacet
  facet normal -0.000000 0.000000 -1.000000
    outer loop
      vertex 64.4900 -43.3000 0.0000
      vertex 70.9479 -42.1671 0.0000
      vertex 71.3158 -42.1855 0.0000
    endloop
  endfacet
  facet normal -0.000000 0.000000 -1.000000
    outer loop
      vertex 64.4900 -43.3000 0.0000
      vertex 71.3158 -42.1855 0.0000
      vertex 71.6842 -42.1855 0.0000
    endloop
  endfacet
  facet normal 0.000000 0.000000 -1.000000
    outer loop
      vertex 64.4900 -43.3000 0.0000
      vertex 71.6842 -42.1855 0.0000
      vertex 115.5100 -43.3000 0.0000
    endloop
  endfacet
  facet normal 0.000000 -1.000000 0.000000
    outer loop
      vertex 64.4900 -43.3000 0.0000
      vertex 115.5100 -43.3000 0.0000
      vertex 64.4900 -43.3000 3.0000
    endloop
  endfacet
  facet normal 0.000000 0.000000 1.000000
    outer loop
      vertex 64.4900 -43.3000 3.0000
      vertex 66.3416 -40.0887 3.0000
      vertex 66.0844 -39.8250 3.0000
    endloop
  endfacet
  facet normal 0.000000 0.000000 1.000000
    outer loop
      vertex 64.4900 -43.3000 3.0000
      vertex 66.6116 -40.3392 3.0000
      vertex 66.3416 -40.0887 3.0000
    endloop
  endfacet
  facet normal 0.000000 0.000000 1.000000
    outer loop
      vertex 64.4900 -43.3000 3.0000
      vertex 66.8938 -40.5760 3.0000
      vertex 66.6116 -40.3392 3.0000
    endloop
  endfacet
  facet normal 0.000000 0.000000 1.000000
    outer loop
      vertex 64.4900 -43.3000 3.0000
      vertex 67.1874 -40.7984 3.0000
      vertex 66.8938 -40.5760 3.0000
    endloop
  endfacet
  facet normal 0.000000 0.000000 1.000000
    outer loop
      vertex 64.4900 -43.3000 3.0000
      vertex 67.4918 -41.0059 3.0000
      vertex 67.1874 -40.7984 3.0000
    endloop
  endfacet
  facet normal 0.000000 0.000000 1.000000
    outer loop
      vertex 64.4900 -43.3000 3.0000
      vertex 67.8061 -41.1980 3.0000
      vertex 67.4918 -41.0059 3.0000
    endloop
  endfacet
  facet normal 0.000000 0.000000 1.000000
    outer loop
      vertex 64.4900 -43.3000 3.0000
      vertex 68.1296 -41.3742 3.0000
      vertex 67.8061 -41.1980 3.0000
    endloop
  endfacet
  facet normal 0.000000 0.000000 1.000000
    outer loop
      vertex 64.4900 -43.3000 3.0000
      vertex 68.4615 -41.5340 3.0000
      vertex 68.1296 -41.3742 3.0000
    endloop
  endfacet
  facet normal 0.000000 0.000000 1.000000
    outer loop
      vertex 64.4900 -43.3000 3.0000
      vertex 68.8009 -41.6771 3.0000
      vertex 68.4615 -41.5340 3.0000
    endloop
  endfacet
  facet normal 0.000000 0.000000 1.000000
    outer loop
      vertex 64.4900 -43.3000 3.0000
      vertex 69.1471 -41.8031 3.0000
      vertex 68.8009 -41.6771 3.0000
    endloop
  endfacet
  facet normal 0.000000 0.000000 1.000000
    outer loop
      vertex 64.4900 -43.3000 3.0000
      vertex 69.4991 -41.9117 3.0000
      vertex 69.1471 -41.8031 3.0000
    endloop
  endfacet
  facet normal 0.000000 0.000000 1.000000
    outer loop
      vertex 64.4900 -43.3000 3.0000
      vertex 69.8561 -42.0026 3.0000
      vertex 69.4991 -41.9117 3.0000
    endloop
  endfacet
  facet normal 0.000000 0.000000 1.000000
    outer loop
      vertex 64.4900 -43.3000 3.0000
      vertex 70.2171 -42.0756 3.0000
      vertex 69.8561 -42.0026 3.0000
    endloop
  endfacet
  facet normal 0.000000 0.000000 1.000000
    outer loop
      vertex 64.4900 -43.3000 3.0000
      vertex 70.5814 -42.1305 3.0000
      vertex 70.2171 -42.0756 3.0000
    endloop
  endfacet
  facet normal 0.000000 0.000000 1.000000
    outer loop
      vertex 64.4900 -43.3000 3.0000
      vertex 70.9479 -42.1671 3.0000
      vertex 70.5814 -42.1305 3.0000
    endloop
  endfacet
  facet normal 0.000000 0.000000 1.000000
    outer loop
      vertex 64.4900 -43.3000 3.0000
      vertex 71.3158 -42.1855 3.0000
      vertex 70.9479 -42.1671 3.0000
    endloop
  endfacet
  facet normal 0.000000 0.000000 1.000000
    outer loop
      vertex 64.4900 -43.3000 3.0000
      vertex 71.6842 -42.1855 3.0000
      vertex 71.3158 -42.1855 3.0000
    endloop
  endfacet
  facet normal -0.000000 -1.000000 -0.000000
    outer loop
      vertex 64.4900 -43.3000 3.0000
      vertex 115.5100 -43.3000 0.0000
      vertex 115.5100 -43.3000 3.0000
    endloop
  endfacet
  facet normal 0.000000 0.000000 1.000000
    outer loop
      vertex 64.4900 -43.3000 3.0000
      vertex 115.5100 -43.3000 3.0000
      vertex 71.6842 -42.1855 3.0000
    endloop
  endfacet
  facet normal 0.000000 1.000000 0.000000
    outer loop
      vertex 64.4900 -26.3000 0.0000
      vertex 64.4900 -26.3000 3.0000
      vertex 115.5100 -26.3000 0.0000
    endloop
  endfacet
  facet normal 0.000000 0.000000 -1.000000
    outer loop
      vertex 64.4900 -26.3000 0.0000
      vertex 66.3416 -29.5113 0.0000
      vertex 66.0844 -29.7750 0.0000
    endloop
  endfacet
  facet normal -0.000000 0.000000 -1.000000
    outer loop
      vertex 64.4900 -26.3000 0.0000
      vertex 66.6116 -29.2608 0.0000
      vertex 66.3416 -29.5113 0.0000
    endloop
  endfacet
  facet normal -0.000000 0.000000 -1.000000
    outer loop
      vertex 64.4900 -26.3000 0.0000
      vertex 66.8938 -29.0240 0.0000
      vertex 66.6116 -29.2608 0.0000
    endloop
  endfacet
  facet normal -0.000000 0.000000 -1.000000
    outer loop
      vertex 64.4900 -26.3000 0.0000
      vertex 67.1874 -28.8016 0.0000
      vertex 66.8938 -29.0240 0.0000
    endloop
  endfacet
  facet normal -0.000000 0.000000 -1.000000
    outer loop
      vertex 64.4900 -26.3000 0.0000
      vertex 67.4918 -28.5941 0.0000
      vertex 67.1874 -28.8016 0.0000
    endloop
  endfacet
  facet normal -0.000000 0.000000 -1.000000
    outer loop
      vertex 64.4900 -26.3000 0.0000
      vertex 67.8061 -28.4020 0.0000
      vertex 67.4918 -28.5941 0.0000
    endloop
  endfacet
  facet normal -0.000000 0.000000 -1.000000
    outer loop
      vertex 64.4900 -26.3000 0.0000
      vertex 68.1296 -28.2258 0.0000
      vertex 67.8061 -28.4020 0.0000
    endloop
  endfacet
  facet normal -0.000000 0.000000 -1.000000
    outer loop
      vertex 64.4900 -26.3000 0.0000
      vertex 68.4615 -28.0660 0.0000
      vertex 68.1296 -28.2258 0.0000
    endloop
  endfacet
  facet normal -0.000000 0.000000 -1.000000
    outer loop
      vertex 64.4900 -26.3000 0.0000
      vertex 68.8009 -27.9229 0.0000
      vertex 68.4615 -28.0660 0.0000
    endloop
  endfacet
  facet normal -0.000000 0.000000 -1.000000
    outer loop
      vertex 64.4900 -26.3000 0.0000
      vertex 69.1471 -27.7969 0.0000
      vertex 68.8009 -27.9229 0.0000
    endloop
  endfacet
  facet normal -0.000000 0.000000 -1.000000
    outer loop
      vertex 64.4900 -26.3000 0.0000
      vertex 69.4991 -27.6883 0.0000
      vertex 69.1471 -27.7969 0.0000
    endloop
  endfacet
  facet normal -0.000000 0.000000 -1.000000
    outer loop
      vertex 64.4900 -26.3000 0.0000
      vertex 69.8561 -27.5974 0.0000
      vertex 69.4991 -27.6883 0.0000
    endloop
  endfacet
  facet normal -0.000000 0.000000 -1.000000
    outer loop
      vertex 64.4900 -26.3000 0.0000
      vertex 70.2171 -27.5244 0.0000
      vertex 69.8561 -27.5974 0.0000
    endloop
  endfacet
  facet normal -0.000000 0.000000 -1.000000
    outer loop
      vertex 64.4900 -26.3000 0.0000
      vertex 70.5814 -27.4695 0.0000
      vertex 70.2171 -27.5244 0.0000
    endloop
  endfacet
  facet normal -0.000000 0.000000 -1.000000
    outer loop
      vertex 64.4900 -26.3000 0.0000
      vertex 70.9479 -27.4329 0.0000
      vertex 70.5814 -27.4695 0.0000
    endloop
  endfacet
  facet normal -0.000000 0.000000 -1.000000
    outer loop
      vertex 64.4900 -26.3000 0.0000
      vertex 71.3158 -27.4145 0.0000
      vertex 70.9479 -27.4329 0.0000
    endloop
  endfacet
  facet normal 0.000000 0.000000 -1.000000
    outer loop
      vertex 64.4900 -26.3000 0.0000
      vertex 71.6842 -27.4145 0.0000
      vertex 71.3158 -27.4145 0.0000
    endloop
  endfacet
  facet normal 0.000000 0.000000 -1.000000
    outer loop
      vertex 64.4900 -26.3000 0.0000
      vertex 72.0521 -27.4329 0.0000
      vertex 71.6842 -27.4145 0.0000
    endloop
  endfacet
  facet normal 0.000000 0.000000 -1.000000
    outer loop
      vertex 64.4900 -26.3000 0.0000
      vertex 72.4186 -27.4695 0.0000
      vertex 72.0521 -27.4329 0.0000
    endloop
  endfacet
  facet normal -0.000000 0.000000 -1.000000
    outer loop
      vertex 64.4900 -26.3000 0.0000
      vertex 115.5100 -26.3000 0.0000
      vertex 72.4186 -27.4695 0.0000
    endloop
  endfacet
  facet normal 0.000000 -0.000000 1.000000
    outer loop
      vertex 64.4900 -26.3000 3.0000
      vertex 66.0844 -29.7750 3.0000
      vertex 66.3416 -29.5113 3.0000
    endloop
  endfacet
  facet normal 0.000000 0.000000 1.000000
    outer loop
      vertex 64.4900 -26.3000 3.0000
      vertex 66.3416 -29.5113 3.0000
      vertex 66.6116 -29.2608 3.0000
    endloop
  endfacet
  facet normal 0.000000 0.000000 1.000000
    outer loop
      vertex 64.4900 -26.3000 3.0000
      vertex 66.6116 -29.2608 3.0000
      vertex 66.8938 -29.0240 3.0000
    endloop
  endfacet
  facet normal 0.000000 0.000000 1.000000
    outer loop
      vertex 64.4900 -26.3000 3.0000
      vertex 66.8938 -29.0240 3.0000
      vertex 67.1874 -28.8016 3.0000
    endloop
  endfacet
  facet normal 0.000000 0.000000 1.000000
    outer loop
      vertex 64.4900 -26.3000 3.0000
      vertex 67.1874 -28.8016 3.0000
      vertex 67.4918 -28.5941 3.0000
    endloop
  endfacet
  facet normal 0.000000 0.000000 1.000000
    outer loop
      vertex 64.4900 -26.3000 3.0000
      vertex 67.4918 -28.5941 3.0000
      vertex 67.8061 -28.4020 3.0000
    endloop
  endfacet
  facet normal 0.000000 0.000000 1.000000
    outer loop
      vertex 64.4900 -26.3000 3.0000
      vertex 67.8061 -28.4020 3.0000
      vertex 68.1296 -28.2258 3.0000
    endloop
  endfacet
  facet normal 0.000000 0.000000 1.000000
    outer loop
      vertex 64.4900 -26.3000 3.0000
      vertex 68.1296 -28.2258 3.0000
      vertex 68.4615 -28.0660 3.0000
    endloop
  endfacet
  facet normal 0.000000 0.000000 1.000000
    outer loop
      vertex 64.4900 -26.3000 3.0000
      vertex 68.4615 -28.0660 3.0000
      vertex 68.8009 -27.9229 3.0000
    endloop
  endfacet
  facet normal 0.000000 0.000000 1.000000
    outer loop
      vertex 64.4900 -26.3000 3.0000
      vertex 68.8009 -27.9229 3.0000
      vertex 69.1471 -27.7969 3.0000
    endloop
  endfacet
  facet normal 0.000000 0.000000 1.000000
    outer loop
      vertex 64.4900 -26.3000 3.0000
      vertex 69.1471 -27.7969 3.0000
      vertex 69.4991 -27.6883 3.0000
    endloop
  endfacet
  facet normal 0.000000 0.000000 1.000000
    outer loop
      vertex 64.4900 -26.3000 3.0000
      vertex 69.4991 -27.6883 3.0000
      vertex 69.8561 -27.5974 3.0000
    endloop
  endfacet
  facet normal 0.000000 0.000000 1.000000
    outer loop
      vertex 64.4900 -26.3000 3.0000
      vertex 69.8561 -27.5974 3.0000
      vertex 70.2171 -27.5244 3.0000
    endloop
  endfacet
  facet normal 0.000000 0.000000 1.000000
    outer loop
      vertex 64.4900 -26.3000 3.0000
      vertex 70.2171 -27.5244 3.0000
      vertex 70.5814 -27.4695 3.0000
    endloop
  endfacet
  facet normal 0.000000 0.000000 1.000000
    outer loop
      vertex 64.4900 -26.3000 3.0000
      vertex 70.5814 -27.4695 3.0000
      vertex 70.9479 -27.4329 3.0000
    endloop
  endfacet
  facet normal 0.000000 0.000000 1.000000
    outer loop
      vertex 64.4900 -26.3000 3.0000
      vertex 70.9479 -27.4329 3.0000
      vertex 71.3158 -27.4145 3.0000
    endloop
  endfacet
  facet normal 0.000000 0.000000 1.000000
    outer loop
      vertex 64.4900 -26.3000 3.0000
      vertex 71.3158 -27.4145 3.0000
      vertex 71.6842 -27.4145 3.0000
    endloop
  endfacet
  facet normal 0.000000 0.000000 1.000000
    outer loop
      vertex 64.4900 -26.3000 3.0000
      vertex 71.6842 -27.4145 3.0000
      vertex 72.0521 -27.4329 3.0000
    endloop
  endfacet
  facet normal 0.000000 0.000000 1.000000
    outer loop
      vertex 64.4900 -26.3000 3.0000
      vertex 72.0521 -27.4329 3.0000
      vertex 72.4186 -27.4695 3.0000
    endloop
  endfacet
  facet normal 0.000000 0.000000 1.000000
    outer loop
      vertex 64.4900 -26.3000 3.0000
      vertex 72.4186 -27.4695 3.0000
      vertex 115.5100 -26.3000 3.0000
    endloop
  endfacet
  facet normal 0.000000 1.000000 0.000000
    outer loop
      vertex 64.4900 -26.3000 3.0000
      vertex 115.5100 -26.3000 3.0000
      vertex 115.5100 -26.3000 0.0000
    endloop
  endfacet
  facet normal 0.930874 0.365341 0.000000
    outer loop
      vertex 64.5577 -37.3268 0.0000
      vertex 64.5577 -37.3268 3.0000
      vertex 64.6923 -37.6697 0.0000
    endloop
  endfacet
  facet normal 0.930874 0.365341 0.000000
    outer loop
      vertex 64.5577 -37.3268 3.0000
      vertex 64.6923 -37.6697 3.0000
      vertex 64.6923 -37.6697 0.0000
    endloop
  endfacet
  facet normal 0.930874 -0.365341 0.000000
    outer loop
      vertex 64.5577 -32.2732 0.0000
      vertex 64.6923 -31.9303 0.0000
      vertex 64.6923 -31.9303 3.0000
    endloop
  endfacet
  facet normal 0.930874 -0.365341 0.000000
    outer loop
      vertex 64.5577 -32.2732 0.0000
      vertex 64.6923 -31.9303 3.0000
      vertex 64.5577 -32.2732 3.0000
    endloop
  endfacet
  facet normal 0.911506 0.411287 0.000000
    outer loop
      vertex 64.6923 -37.6697 0.0000
      vertex 64.6923 -37.6697 3.0000
      vertex 64.8438 -38.0054 0.0000
    endloop
  endfacet
  facet normal 0.911506 0.411287 0.000000
    outer loop
      vertex 64.6923 -37.6697 3.0000
      vertex 64.8438 -38.0054 3.0000
      vertex 64.8438 -38.0054 0.0000
    endloop
  endfacet
  facet normal 0.911506 -0.411287 0.000000
    outer loop
      vertex 64.6923 -31.9303 0.0000
      vertex 64.8438 -31.5946 0.0000
      vertex 64.8438 -31.5946 3.0000
    endloop
  endfacet
  facet normal 0.911506 -0.411287 0.000000
    outer loop
      vertex 64.6923 -31.9303 0.0000
      vertex 64.8438 -31.5946 3.0000
      vertex 64.6923 -31.9303 3.0000
    endloop
  endfacet
  facet normal 0.889872 0.456211 0.000000
    outer loop
      vertex 64.8438 -38.0054 0.0000
      vertex 64.8438 -38.0054 3.0000
      vertex 65.0119 -38.3332 0.0000
    endloop
  endfacet
  facet normal 0.889872 0.456211 0.000000
    outer loop
      vertex 64.8438 -38.0054 3.0000
      vertex 65.0119 -38.3332 3.0000
      vertex 65.0119 -38.3332 0.0000
    endloop
  endfacet
  facet normal 0.889872 -0.456211 0.000000
    outer loop
      vertex 64.8438 -31.5946 0.0000
      vertex 65.0119 -31.2668 0.0000
      vertex 65.0119 -31.2668 3.0000
    endloop
  endfacet
  facet normal 0.889872 -0.456211 0.000000
    outer loop
      vertex 64.8438 -31.5946 0.0000
      vertex 65.0119 -31.2668 3.0000
      vertex 64.8438 -31.5946 3.0000
    endloop
  endfacet
  facet normal 0.866025 0.500000 0.000000
    outer loop
      vertex 65.0119 -38.3332 0.0000
      vertex 65.0119 -38.3332 3.0000
      vertex 65.1961 -38.6523 0.0000
    endloop
  endfacet
  facet normal 0.866025 0.500000 0.000000
    outer loop
      vertex 65.0119 -38.3332 3.0000
      vertex 65.1961 -38.6523 3.0000
      vertex 65.1961 -38.6523 0.0000
    endloop
  endfacet
  facet normal 0.866025 -0.500000 0.000000
    outer loop
      vertex 65.0119 -31.2668 0.0000
      vertex 65.1961 -30.9477 0.0000
      vertex 65.1961 -30.9477 3.0000
    endloop
  endfacet
  facet normal 0.866025 -0.500000 0.000000
    outer loop
      vertex 65.0119 -31.2668 0.0000
      vertex 65.1961 -30.9477 3.0000
      vertex 65.0119 -31.2668 3.0000
    endloop
  endfacet
  facet normal 0.840026 0.542546 0.000000
    outer loop
      vertex 65.1961 -38.6523 0.0000
      vertex 65.1961 -38.6523 3.0000
      vertex 65.3959 -38.9617 0.0000
    endloop
  endfacet
  facet normal 0.840026 0.542546 0.000000
    outer loop
      vertex 65.1961 -38.6523 3.0000
      vertex 65.3959 -38.9617 3.0000
      vertex 65.3959 -38.9617 0.0000
    endloop
  endfacet
  facet normal 0.840026 -0.542546 0.000000
    outer loop
      vertex 65.1961 -30.9477 0.0000
      vertex 65.3959 -30.6383 0.0000
      vertex 65.3959 -30.6383 3.0000
    endloop
  endfacet
  facet normal 0.840026 -0.542546 0.000000
    outer loop
      vertex 65.1961 -30.9477 0.0000
      vertex 65.3959 -30.6383 3.0000
      vertex 65.1961 -30.9477 3.0000
    endloop
  endfacet
  facet normal 0.811938 0.583744 0.000000
    outer loop
      vertex 65.3959 -38.9617 0.0000
      vertex 65.3959 -38.9617 3.0000
      vertex 65.6109 -39.2608 0.0000
    endloop
  endfacet
  facet normal 0.811938 0.583744 0.000000
    outer loop
      vertex 65.3959 -38.9617 3.0000
      vertex 65.6109 -39.2608 3.0000
      vertex 65.6109 -39.2608 0.0000
    endloop
  endfacet
  facet normal 0.811938 -0.583744 0.000000
    outer loop
      vertex 65.3959 -30.6383 0.0000
      vertex 65.6109 -30.3392 0.0000
      vertex 65.6109 -30.3392 3.0000
    endloop
  endfacet
  facet normal 0.811938 -0.583744 0.000000
    outer loop
      vertex 65.3959 -30.6383 0.0000
      vertex 65.6109 -30.3392 3.0000
      vertex 65.3959 -30.6383 3.0000
    endloop
  endfacet
  facet normal 0.781831 0.623490 0.000000
    outer loop
      vertex 65.6109 -39.2608 0.0000
      vertex 65.6109 -39.2608 3.0000
      vertex 65.8406 -39.5488 0.0000
    endloop
  endfacet
  facet normal 0.781831 0.623490 0.000000
    outer loop
      vertex 65.6109 -39.2608 3.0000
      vertex 65.8406 -39.5488 3.0000
      vertex 65.8406 -39.5488 0.0000
    endloop
  endfacet
  facet normal 0.781831 -0.623490 0.000000
    outer loop
      vertex 65.6109 -30.3392 0.0000
      vertex 65.8406 -30.0512 0.0000
      vertex 65.8406 -30.0512 3.0000
    endloop
  endfacet
  facet normal 0.781831 -0.623490 0.000000
    outer loop
      vertex 65.6109 -30.3392 0.0000
      vertex 65.8406 -30.0512 3.0000
      vertex 65.6109 -30.3392 3.0000
    endloop
  endfacet
  facet normal 0.749781 0.661686 0.000000
    outer loop
      vertex 65.8406 -39.5488 0.0000
      vertex 65.8406 -39.5488 3.0000
      vertex 66.0844 -39.8250 0.0000
    endloop
  endfacet
  facet normal 0.749781 0.661686 0.000000
    outer loop
      vertex 65.8406 -39.5488 3.0000
      vertex 66.0844 -39.8250 3.0000
      vertex 66.0844 -39.8250 0.0000
    endloop
  endfacet
  facet normal 0.749781 -0.661686 0.000000
    outer loop
      vertex 65.8406 -30.0512 0.0000
      vertex 66.0844 -29.7750 0.0000
      vertex 66.0844 -29.7750 3.0000
    endloop
  endfacet
  facet normal 0.749781 -0.661686 0.000000
    outer loop
      vertex 65.8406 -30.0512 0.0000
      vertex 66.0844 -29.7750 3.0000
      vertex 65.8406 -30.0512 3.0000
    endloop
  endfacet
  facet normal 0.715867 0.698237 0.000000
    outer loop
      vertex 66.0844 -39.8250 0.0000
      vertex 66.0844 -39.8250 3.0000
      vertex 66.3416 -40.0887 0.0000
    endloop
  endfacet
  facet normal 0.715867 0.698237 0.000000
    outer loop
      vertex 66.0844 -39.8250 3.0000
      vertex 66.3416 -40.0887 3.0000
      vertex 66.3416 -40.0887 0.0000
    endloop
  endfacet
  facet normal 0.715867 -0.698237 0.000000
    outer loop
      vertex 66.0844 -29.7750 0.0000
      vertex 66.3416 -29.5113 0.0000
      vertex 66.3416 -29.5113 3.0000
    endloop
  endfacet
  facet normal 0.715867 -0.698237 0.000000
    outer loop
      vertex 66.0844 -29.7750 0.0000
      vertex 66.3416 -29.5113 3.0000
      vertex 66.0844 -29.7750 3.0000
    endloop
  endfacet
  facet normal 0.680173 0.733052 0.000000
    outer loop
      vertex 66.3416 -40.0887 0.0000
      vertex 66.3416 -40.0887 3.0000
      vertex 66.6116 -40.3392 0.0000
    endloop
  endfacet
  facet normal 0.680173 0.733052 0.000000
    outer loop
      vertex 66.3416 -40.0887 3.0000
      vertex 66.6116 -40.3392 3.0000
      vertex 66.6116 -40.3392 0.0000
    endloop
  endfacet
  facet normal 0.680173 -0.733052 0.000000
    outer loop
      vertex 66.3416 -29.5113 0.0000
      vertex 66.6116 -29.2608 0.0000
      vertex 66.6116 -29.2608 3.0000
    endloop
  endfacet
  facet normal 0.680173 -0.733052 0.000000
    outer loop
      vertex 66.3416 -29.5113 0.0000
      vertex 66.6116 -29.2608 3.0000
      vertex 66.3416 -29.5113 3.0000
    endloop
  endfacet
  facet normal 0.642788 0.766044 0.000000
    outer loop
      vertex 66.6116 -40.3392 0.0000
      vertex 66.6116 -40.3392 3.0000
      vertex 66.8938 -40.5760 0.0000
    endloop
  endfacet
  facet normal 0.642788 0.766044 0.000000
    outer loop
      vertex 66.6116 -40.3392 3.0000
      vertex 66.8938 -40.5760 3.0000
      vertex 66.8938 -40.5760 0.0000
    endloop
  endfacet
  facet normal 0.642788 -0.766044 0.000000
    outer loop
      vertex 66.6116 -29.2608 0.0000
      vertex 66.8938 -29.0240 0.0000
      vertex 66.8938 -29.0240 3.0000
    endloop
  endfacet
  facet normal 0.642788 -0.766044 0.000000
    outer loop
      vertex 66.6116 -29.2608 0.0000
      vertex 66.8938 -29.0240 3.0000
      vertex 66.6116 -29.2608 3.0000
    endloop
  endfacet
  facet normal 0.603804 0.797133 0.000000
    outer loop
      vertex 66.8938 -40.5760 0.0000
      vertex 66.8938 -40.5760 3.0000
      vertex 67.1874 -40.7984 0.0000
    endloop
  endfacet
  facet normal 0.603804 0.797133 0.000000
    outer loop
      vertex 66.8938 -40.5760 3.0000
      vertex 67.1874 -40.7984 3.0000
      vertex 67.1874 -40.7984 0.0000
    endloop
  endfacet
  facet normal 0.603804 -0.797133 0.000000
    outer loop
      vertex 66.8938 -29.0240 0.0000
      vertex 67.1874 -28.8016 0.0000
      vertex 67.1874 -28.8016 3.0000
    endloop
  endfacet
  facet normal 0.603804 -0.797133 0.000000
    outer loop
      vertex 66.8938 -29.0240 0.0000
      vertex 67.1874 -28.8016 3.0000
      vertex 66.8938 -29.0240 3.0000
    endloop
  endfacet
  facet normal 0.563320 0.826239 0.000000
    outer loop
      vertex 67.1874 -40.7984 0.0000
      vertex 67.1874 -40.7984 3.0000
      vertex 67.4918 -41.0059 0.0000
    endloop
  endfacet
  facet normal 0.563320 0.826239 0.000000
    outer loop
      vertex 67.1874 -40.7984 3.0000
      vertex 67.4918 -41.0059 3.0000
      vertex 67.4918 -41.0059 0.0000
    endloop
  endfacet
  facet normal 0.563320 -0.826239 0.000000
    outer loop
      vertex 67.1874 -28.8016 0.0000
      vertex 67.4918 -28.5941 0.0000
      vertex 67.4918 -28.5941 3.0000
    endloop
  endfacet
  facet normal 0.563320 -0.826239 0.000000
    outer loop
      vertex 67.1874 -28.8016 0.0000
      vertex 67.4918 -28.5941 3.0000
      vertex 67.1874 -28.8016 3.0000
    endloop
  endfacet
  facet normal 0.521435 0.853291 0.000000
    outer loop
      vertex 67.4918 -41.0059 0.0000
      vertex 67.4918 -41.0059 3.0000
      vertex 67.8061 -41.1980 0.0000
    endloop
  endfacet
  facet normal 0.521435 0.853291 0.000000
    outer loop
      vertex 67.4918 -41.0059 3.0000
      vertex 67.8061 -41.1980 3.0000
      vertex 67.8061 -41.1980 0.0000
    endloop
  endfacet
  facet normal 0.521435 -0.853291 0.000000
    outer loop
      vertex 67.4918 -28.5941 0.0000
      vertex 67.8061 -28.4020 0.0000
      vertex 67.8061 -28.4020 3.0000
    endloop
  endfacet
  facet normal 0.521435 -0.853291 0.000000
    outer loop
      vertex 67.4918 -28.5941 0.0000
      vertex 67.8061 -28.4020 3.0000
      vertex 67.4918 -28.5941 3.0000
    endloop
  endfacet
  facet normal 0.478254 0.878222 0.000000
    outer loop
      vertex 67.8061 -41.1980 0.0000
      vertex 67.8061 -41.1980 3.0000
      vertex 68.1296 -41.3742 0.0000
    endloop
  endfacet
  facet normal 0.478254 0.878222 0.000000
    outer loop
      vertex 67.8061 -41.1980 3.0000
      vertex 68.1296 -41.3742 3.0000
      vertex 68.1296 -41.3742 0.0000
    endloop
  endfacet
  facet normal 0.478254 -0.878222 0.000000
    outer loop
      vertex 67.8061 -28.4020 0.0000
      vertex 68.1296 -28.2258 0.0000
      vertex 68.1296 -28.2258 3.0000
    endloop
  endfacet
  facet normal 0.478254 -0.878222 0.000000
    outer loop
      vertex 67.8061 -28.4020 0.0000
      vertex 68.1296 -28.2258 3.0000
      vertex 67.8061 -28.4020 3.0000
    endloop
  endfacet
  facet normal 0.433884 0.900969 0.000000
    outer loop
      vertex 68.1296 -41.3742 0.0000
      vertex 68.1296 -41.3742 3.0000
      vertex 68.4615 -41.5340 3.0000
    endloop
  endfacet
  facet normal 0.433884 0.900969 0.000000
    outer loop
      vertex 68.1296 -41.3742 0.0000
      vertex 68.4615 -41.5340 3.0000
      vertex 68.4615 -41.5340 0.0000
    endloop
  endfacet
  facet normal 0.433884 -0.900969 0.000000
    outer loop
      vertex 68.1296 -28.2258 0.0000
      vertex 68.4615 -28.0660 0.0000
      vertex 68.4615 -28.0660 3.0000
    endloop
  endfacet
  facet normal 0.433884 -0.900969 0.000000
    outer loop
      vertex 68.1296 -28.2258 0.0000
      vertex 68.4615 -28.0660 3.0000
      vertex 68.1296 -28.2258 3.0000
    endloop
  endfacet
  facet normal 0.388435 0.921476 0.000000
    outer loop
      vertex 68.4615 -41.5340 0.0000
      vertex 68.4615 -41.5340 3.0000
      vertex 68.8009 -41.6771 0.0000
    endloop
  endfacet
  facet normal 0.388435 0.921476 0.000000
    outer loop
      vertex 68.4615 -41.5340 3.0000
      vertex 68.8009 -41.6771 3.0000
      vertex 68.8009 -41.6771 0.0000
    endloop
  endfacet
  facet normal 0.388435 -0.921476 0.000000
    outer loop
      vertex 68.4615 -28.0660 0.0000
      vertex 68.8009 -27.9229 0.0000
      vertex 68.8009 -27.9229 3.0000
    endloop
  endfacet
  facet normal 0.388435 -0.921476 0.000000
    outer loop
      vertex 68.4615 -28.0660 0.0000
      vertex 68.8009 -27.9229 3.0000
      vertex 68.4615 -28.0660 3.0000
    endloop
  endfacet
  facet normal 0.342020 0.939693 0.000000
    outer loop
      vertex 68.8009 -41.6771 0.0000
      vertex 68.8009 -41.6771 3.0000
      vertex 69.1471 -41.8031 0.0000
    endloop
  endfacet
  facet normal 0.342020 0.939693 0.000000
    outer loop
      vertex 68.8009 -41.6771 3.0000
      vertex 69.1471 -41.8031 3.0000
      vertex 69.1471 -41.8031 0.0000
    endloop
  endfacet
  facet normal 0.342020 -0.939693 0.000000
    outer loop
      vertex 68.8009 -27.9229 0.0000
      vertex 69.1471 -27.7969 0.0000
      vertex 69.1471 -27.7969 3.0000
    endloop
  endfacet
  facet normal 0.342020 -0.939693 0.000000
    outer loop
      vertex 68.8009 -27.9229 0.0000
      vertex 69.1471 -27.7969 3.0000
      vertex 68.8009 -27.9229 3.0000
    endloop
  endfacet
  facet normal 0.294755 0.955573 0.000000
    outer loop
      vertex 69.1471 -41.8031 0.0000
      vertex 69.1471 -41.8031 3.0000
      vertex 69.4991 -41.9117 0.0000
    endloop
  endfacet
  facet normal 0.294755 0.955573 0.000000
    outer loop
      vertex 69.1471 -41.8031 3.0000
      vertex 69.4991 -41.9117 3.0000
      vertex 69.4991 -41.9117 0.0000
    endloop
  endfacet
  facet normal 0.294755 -0.955573 0.000000
    outer loop
      vertex 69.1471 -27.7969 0.0000
      vertex 69.4991 -27.6883 0.0000
      vertex 69.4991 -27.6883 3.0000
    endloop
  endfacet
  facet normal 0.294755 -0.955573 0.000000
    outer loop
      vertex 69.1471 -27.7969 0.0000
      vertex 69.4991 -27.6883 3.0000
      vertex 69.1471 -27.7969 3.0000
    endloop
  endfacet
  facet normal 0.246757 0.969077 0.000000
    outer loop
      vertex 69.4991 -41.9117 0.0000
      vertex 69.4991 -41.9117 3.0000
      vertex 69.8561 -42.0026 0.0000
    endloop
  endfacet
  facet normal 0.246757 0.969077 0.000000
    outer loop
      vertex 69.4991 -41.9117 3.0000
      vertex 69.8561 -42.0026 3.0000
      vertex 69.8561 -42.0026 0.0000
    endloop
  endfacet
  facet normal 0.246757 -0.969077 0.000000
    outer loop
      vertex 69.4991 -27.6883 0.0000
      vertex 69.8561 -27.5974 0.0000
      vertex 69.8561 -27.5974 3.0000
    endloop
  endfacet
  facet normal 0.246757 -0.969077 0.000000
    outer loop
      vertex 69.4991 -27.6883 0.0000
      vertex 69.8561 -27.5974 3.0000
      vertex 69.4991 -27.6883 3.0000
    endloop
  endfacet
  facet normal 0.198146 0.980172 0.000000
    outer loop
      vertex 69.8561 -42.0026 0.0000
      vertex 69.8561 -42.0026 3.0000
      vertex 70.2171 -42.0756 0.0000
    endloop
  endfacet
  facet normal 0.198146 0.980172 0.000000
    outer loop
      vertex 69.8561 -42.0026 3.0000
      vertex 70.2171 -42.0756 3.0000
      vertex 70.2171 -42.0756 0.0000
    endloop
  endfacet
  facet normal 0.198146 -0.980172 0.000000
    outer loop
      vertex 69.8561 -27.5974 0.0000
      vertex 70.2171 -27.5244 0.0000
      vertex 70.2171 -27.5244 3.0000
    endloop
  endfacet
  facet normal 0.198146 -0.980172 0.000000
    outer loop
      vertex 69.8561 -27.5974 0.0000
      vertex 70.2171 -27.5244 3.0000
      vertex 69.8561 -27.5974 3.0000
    endloop
  endfacet
  facet normal 0.149042 0.988831 0.000000
    outer loop
      vertex 70.2171 -42.0756 0.0000
      vertex 70.2171 -42.0756 3.0000
      vertex 70.5814 -42.1305 3.0000
    endloop
  endfacet
  facet normal 0.149042 0.988831 0.000000
    outer loop
      vertex 70.2171 -42.0756 0.0000
      vertex 70.5814 -42.1305 3.0000
      vertex 70.5814 -42.1305 0.0000
    endloop
  endfacet
  facet normal 0.149042 -0.988831 0.000000
    outer loop
      vertex 70.2171 -27.5244 0.0000
      vertex 70.5814 -27.4695 0.0000
      vertex 70.5814 -27.4695 3.0000
    endloop
  endfacet
  facet normal 0.149042 -0.988831 0.000000
    outer loop
      vertex 70.2171 -27.5244 0.0000
      vertex 70.5814 -27.4695 3.0000
      vertex 70.2171 -27.5244 3.0000
    endloop
  endfacet
  facet normal 0.099568 0.995031 0.000000
    outer loop
      vertex 70.5814 -42.1305 0.0000
      vertex 70.5814 -42.1305 3.0000
      vertex 70.9479 -42.1671 0.0000
    endloop
  endfacet
  facet normal 0.099568 0.995031 0.000000
    outer loop
      vertex 70.5814 -42.1305 3.0000
      vertex 70.9479 -42.1671 3.0000
      vertex 70.9479 -42.1671 0.0000
    endloop
  endfacet
  facet normal 0.099568 -0.995031 0.000000
    outer loop
      vertex 70.5814 -27.4695 0.0000
      vertex 70.9479 -27.4329 0.0000
      vertex 70.9479 -27.4329 3.0000
    endloop
  endfacet
  facet normal 0.099568 -0.995031 0.000000
    outer loop
      vertex 70.5814 -27.4695 0.0000
      vertex 70.9479 -27.4329 3.0000
      vertex 70.5814 -27.4695 3.0000
    endloop
  endfacet
  facet normal 0.049846 0.998757 0.000000
    outer loop
      vertex 70.9479 -42.1671 0.0000
      vertex 70.9479 -42.1671 3.0000
      vertex 71.3158 -42.1855 3.0000
    endloop
  endfacet
  facet normal 0.049846 0.998757 0.000000
    outer loop
      vertex 70.9479 -42.1671 0.0000
      vertex 71.3158 -42.1855 3.0000
      vertex 71.3158 -42.1855 0.0000
    endloop
  endfacet
  facet normal 0.049846 -0.998757 0.000000
    outer loop
      vertex 70.9479 -27.4329 0.0000
      vertex 71.3158 -27.4145 0.0000
      vertex 70.9479 -27.4329 3.0000
    endloop
  endfacet
  facet normal 0.049846 -0.998757 0.000000
    outer loop
      vertex 70.9479 -27.4329 3.0000
      vertex 71.3158 -27.4145 0.0000
      vertex 71.3158 -27.4145 3.0000
    endloop
  endfacet
  facet normal 0.000000 1.000000 0.000000
    outer loop
      vertex 71.3158 -42.1855 0.0000
      vertex 71.3158 -42.1855 3.0000
      vertex 71.6842 -42.1855 0.0000
    endloop
  endfacet
  facet normal -0.000000 1.000000 0.000000
    outer loop
      vertex 71.3158 -42.1855 3.0000
      vertex 71.6842 -42.1855 3.0000
      vertex 71.6842 -42.1855 0.0000
    endloop
  endfacet
  facet normal -0.000000 -1.000000 -0.000000
    outer loop
      vertex 71.3158 -27.4145 0.0000
      vertex 71.6842 -27.4145 0.0000
      vertex 71.6842 -27.4145 3.0000
    endloop
  endfacet
  facet normal -0.000000 -1.000000 0.000000
    outer loop
      vertex 71.3158 -27.4145 0.0000
      vertex 71.6842 -27.4145 3.0000
      vertex 71.3158 -27.4145 3.0000
    endloop
  endfacet
  facet normal -0.049846 0.998757 0.000000
    outer loop
      vertex 71.6842 -42.1855 0.0000
      vertex 71.6842 -42.1855 3.0000
      vertex 72.0521 -42.1671 3.0000
    endloop
  endfacet
  facet normal 0.000000 0.000000 -1.000000
    outer loop
      vertex 71.6842 -42.1855 0.0000
      vertex 72.0521 -42.1671 0.0000
      vertex 115.5100 -43.3000 0.0000
    endloop
  endfacet
  facet normal -0.049846 0.998757 0.000000
    outer loop
      vertex 71.6842 -42.1855 0.0000
      vertex 72.0521 -42.1671 3.0000
      vertex 72.0521 -42.1671 0.0000
    endloop
  endfacet
  facet normal 0.000000 0.000000 1.000000
    outer loop
      vertex 71.6842 -42.1855 3.0000
      vertex 115.5100 -43.3000 3.0000
      vertex 72.0521 -42.1671 3.0000
    endloop
  endfacet
  facet normal -0.049846 -0.998757 -0.000000
    outer loop
      vertex 71.6842 -27.4145 0.0000
      vertex 72.0521 -27.4329 0.0000
      vertex 72.0521 -27.4329 3.0000
    endloop
  endfacet
  facet normal -0.049846 -0.998757 0.000000
    outer loop
      vertex 71.6842 -27.4145 0.0000
      vertex 72.0521 -27.4329 3.0000
      vertex 71.6842 -27.4145 3.0000
    endloop
  endfacet
  facet normal -0.099568 0.995031 0.000000
    outer loop
      vertex 72.0521 -42.1671 0.0000
      vertex 72.0521 -42.1671 3.0000
      vertex 72.4186 -42.1305 0.0000
    endloop
  endfacet
  facet normal 0.000000 0.000000 -1.000000
    outer loop
      vertex 72.0521 -42.1671 0.0000
      vertex 72.4186 -42.1305 0.0000
      vertex 115.5100 -43.3000 0.0000
    endloop
  endfacet
  facet normal -0.099568 0.995031 0.000000
    outer loop
      vertex 72.0521 -42.1671 3.0000
      vertex 72.4186 -42.1305 3.0000
      vertex 72.4186 -42.1305 0.0000
    endloop
  endfacet
  facet normal 0.000000 0.000000 1.000000
    outer loop
      vertex 72.0521 -42.1671 3.0000
      vertex 115.5100 -43.3000 3.0000
      vertex 72.4186 -42.1305 3.0000
    endloop
  endfacet
  facet normal -0.099568 -0.995031 -0.000000
    outer loop
      vertex 72.0521 -27.4329 0.0000
      vertex 72.4186 -27.4695 0.0000
      vertex 72.4186 -27.4695 3.0000
    endloop
  endfacet
  facet normal -0.099568 -0.995031 0.000000
    outer loop
      vertex 72.0521 -27.4329 0.0000
      vertex 72.4186 -27.4695 3.0000
      vertex 72.0521 -27.4329 3.0000
    endloop
  endfacet
  facet normal -0.149042 0.988831 0.000000
    outer loop
      vertex 72.4186 -42.1305 0.0000
      vertex 72.4186 -42.1305 3.0000
      vertex 72.7829 -42.0756 3.0000
    endloop
  endfacet
  facet normal 0.000000 0.000000 -1.000000
    outer loop
      vertex 72.4186 -42.1305 0.0000
      vertex 72.7829 -42.0756 0.0000
      vertex 115.5100 -43.3000 0.0000
    endloop
  endfacet
  facet normal -0.149042 0.988831 0.000000
    outer loop
      vertex 72.4186 -42.1305 0.0000
      vertex 72.7829 -42.0756 3.0000
      vertex 72.7829 -42.0756 0.0000
    endloop
  endfacet
  facet normal 0.000000 0.000000 1.000000
    outer loop
      vertex 72.4186 -42.1305 3.0000
      vertex 115.5100 -43.3000 3.0000
      vertex 72.7829 -42.0756 3.0000
    endloop
  endfacet
  facet normal -0.149042 -0.988831 -0.000000
    outer loop
      vertex 72.4186 -27.4695 0.0000
      vertex 72.7829 -27.5244 0.0000
      vertex 72.7829 -27.5244 3.0000
    endloop
  endfacet
  facet normal -0.149042 -0.988831 0.000000
    outer loop
      vertex 72.4186 -27.4695 0.0000
      vertex 72.7829 -27.5244 3.0000
      vertex 72.4186 -27.4695 3.0000
    endloop
  endfacet
  facet normal 0.000000 0.000000 -1.000000
    outer loop
      vertex 72.4186 -27.4695 0.0000
      vertex 115.5100 -26.3000 0.0000
      vertex 72.7829 -27.5244 0.0000
    endloop
  endfacet
  facet normal 0.000000 0.000000 1.000000
    outer loop
      vertex 72.4186 -27.4695 3.0000
      vertex 72.7829 -27.5244 3.0000
      vertex 115.5100 -26.3000 3.0000
    endloop
  endfacet
  facet normal -0.198146 0.980172 0.000000
    outer loop
      vertex 72.7829 -42.0756 0.0000
      vertex 72.7829 -42.0756 3.0000
      vertex 73.1439 -42.0026 3.0000
    endloop
  endfacet
  facet normal 0.000000 0.000000 -1.000000
    outer loop
      vertex 72.7829 -42.0756 0.0000
      vertex 73.1439 -42.0026 0.0000
      vertex 115.5100 -43.3000 0.0000
    endloop
  endfacet
  facet normal -0.198146 0.980172 0.000000
    outer loop
      vertex 72.7829 -42.0756 0.0000
      vertex 73.1439 -42.0026 3.0000
      vertex 73.1439 -42.0026 0.0000
    endloop
  endfacet
  facet normal 0.000000 0.000000 1.000000
    outer loop
      vertex 72.7829 -42.0756 3.0000
      vertex 115.5100 -43.3000 3.0000
      vertex 73.1439 -42.0026 3.0000
    endloop
  endfacet
  facet normal -0.198146 -0.980172 -0.000000
    outer loop
      vertex 72.7829 -27.5244 0.0000
      vertex 73.1439 -27.5974 0.0000
      vertex 73.1439 -27.5974 3.0000
    endloop
  endfacet
  facet normal -0.198146 -0.980172 0.000000
    outer loop
      vertex 72.7829 -27.5244 0.0000
      vertex 73.1439 -27.5974 3.0000
      vertex 72.7829 -27.5244 3.0000
    endloop
  endfacet
  facet normal 0.000000 0.000000 -1.000000
    outer loop
      vertex 72.7829 -27.5244 0.0000
      vertex 115.5100 -26.3000 0.0000
      vertex 73.1439 -27.5974 0.0000
    endloop
  endfacet
  facet normal 0.000000 0.000000 1.000000
    outer loop
      vertex 72.7829 -27.5244 3.0000
      vertex 73.1439 -27.5974 3.0000
      vertex 115.5100 -26.3000 3.0000
    endloop
  endfacet
  facet normal -0.246757 0.969077 0.000000
    outer loop
      vertex 73.1439 -42.0026 0.0000
      vertex 73.1439 -42.0026 3.0000
      vertex 73.5009 -41.9117 0.0000
    endloop
  endfacet
  facet normal 0.000000 0.000000 -1.000000
    outer loop
      vertex 73.1439 -42.0026 0.0000
      vertex 73.5009 -41.9117 0.0000
      vertex 115.5100 -43.3000 0.0000
    endloop
  endfacet
  facet normal -0.246757 0.969077 0.000000
    outer loop
      vertex 73.1439 -42.0026 3.0000
      vertex 73.5009 -41.9117 3.0000
      vertex 73.5009 -41.9117 0.0000
    endloop
  endfacet
  facet normal 0.000000 0.000000 1.000000
    outer loop
      vertex 73.1439 -42.0026 3.0000
      vertex 115.5100 -43.3000 3.0000
      vertex 73.5009 -41.9117 3.0000
    endloop
  endfacet
  facet normal -0.246757 -0.969077 -0.000000
    outer loop
      vertex 73.1439 -27.5974 0.0000
      vertex 73.5009 -27.6883 0.0000
      vertex 73.1439 -27.5974 3.0000
    endloop
  endfacet
  facet normal 0.000000 0.000000 -1.000000
    outer loop
      vertex 73.1439 -27.5974 0.0000
      vertex 96.0392 -29.6845 0.0000
      vertex 73.5009 -27.6883 0.0000
    endloop
  endfacet
  facet normal 0.000000 0.000000 -1.000000
    outer loop
      vertex 73.1439 -27.5974 0.0000
      vertex 115.5100 -26.3000 0.0000
      vertex 96.0392 -29.6845 0.0000
    endloop
  endfacet
  facet normal -0.246757 -0.969077 -0.000000
    outer loop
      vertex 73.1439 -27.5974 3.0000
      vertex 73.5009 -27.6883 0.0000
      vertex 73.5009 -27.6883 3.0000
    endloop
  endfacet
  facet normal 0.000000 0.000000 1.000000
    outer loop
      vertex 73.1439 -27.5974 3.0000
      vertex 73.5009 -27.6883 3.0000
      vertex 96.0392 -29.6845 3.0000
    endloop
  endfacet
  facet normal 0.000000 0.000000 1.000000
    outer loop
      vertex 73.1439 -27.5974 3.0000
      vertex 96.0392 -29.6845 3.0000
      vertex 115.5100 -26.3000 3.0000
    endloop
  endfacet
  facet normal -0.294755 0.955573 0.000000
    outer loop
      vertex 73.5009 -41.9117 0.0000
      vertex 73.5009 -41.9117 3.0000
      vertex 73.8529 -41.8031 0.0000
    endloop
  endfacet
  facet normal 0.000000 0.000000 -1.000000
    outer loop
      vertex 73.5009 -41.9117 0.0000
      vertex 73.8529 -41.8031 0.0000
      vertex 115.5100 -43.3000 0.0000
    endloop
  endfacet
  facet normal -0.294755 0.955573 0.000000
    outer loop
      vertex 73.5009 -41.9117 3.0000
      vertex 73.8529 -41.8031 3.0000
      vertex 73.8529 -41.8031 0.0000
    endloop
  endfacet
  facet normal 0.000000 0.000000 1.000000
    outer loop
      vertex 73.5009 -41.9117 3.0000
      vertex 115.5100 -43.3000 3.0000
      vertex 73.8529 -41.8031 3.0000
    endloop
  endfacet
  facet normal -0.294755 -0.955573 -0.000000
    outer loop
      vertex 73.5009 -27.6883 0.0000
      vertex 73.8529 -27.7969 0.0000
      vertex 73.8529 -27.7969 3.0000
    endloop
  endfacet
  facet normal -0.294755 -0.955573 0.000000
    outer loop
      vertex 73.5009 -27.6883 0.0000
      vertex 73.8529 -27.7969 3.0000
      vertex 73.5009 -27.6883 3.0000
    endloop
  endfacet
  facet normal 0.000000 0.000000 -1.000000
    outer loop
      vertex 73.5009 -27.6883 0.0000
      vertex 95.7890 -29.7030 0.0000
      vertex 73.8529 -27.7969 0.0000
    endloop
  endfacet
  facet normal -0.000000 0.000000 -1.000000
    outer loop
      vertex 73.5009 -27.6883 0.0000
      vertex 96.0392 -29.6845 0.0000
      vertex 95.7890 -29.7030 0.0000
    endloop
  endfacet
  facet normal 0.000000 0.000000 1.000000
    outer loop
      vertex 73.5009 -27.6883 3.0000
      vertex 73.8529 -27.7969 3.0000
      vertex 95.7890 -29.7030 3.0000
    endloop
  endfacet
  facet normal 0.000000 0.000000 1.000000
    outer loop
      vertex 73.5009 -27.6883 3.0000
      vertex 95.7890 -29.7030 3.0000
      vertex 96.0392 -29.6845 3.0000
    endloop
  endfacet
  facet normal -0.342020 0.939693 0.000000
    outer loop
      vertex 73.8529 -41.8031 0.0000
      vertex 73.8529 -41.8031 3.0000
      vertex 74.1991 -41.6771 3.0000
    endloop
  endfacet
  facet normal 0.000000 0.000000 -1.000000
    outer loop
      vertex 73.8529 -41.8031 0.0000
      vertex 74.1991 -41.6771 0.0000
      vertex 115.5100 -43.3000 0.0000
    endloop
  endfacet
  facet normal -0.342020 0.939693 0.000000
    outer loop
      vertex 73.8529 -41.8031 0.0000
      vertex 74.1991 -41.6771 3.0000
      vertex 74.1991 -41.6771 0.0000
    endloop
  endfacet
  facet normal 0.000000 0.000000 1.000000
    outer loop
      vertex 73.8529 -41.8031 3.0000
      vertex 115.5100 -43.3000 3.0000
      vertex 74.1991 -41.6771 3.0000
    endloop
  endfacet
  facet normal -0.342020 -0.939693 -0.000000
    outer loop
      vertex 73.8529 -27.7969 0.0000
      vertex 74.1991 -27.9229 0.0000
      vertex 74.1991 -27.9229 3.0000
    endloop
  endfacet
  facet normal -0.342020 -0.939693 0.000000
    outer loop
      vertex 73.8529 -27.7969 0.0000
      vertex 74.1991 -27.9229 3.0000
      vertex 73.8529 -27.7969 3.0000
    endloop
  endfacet
  facet normal 0.000000 0.000000 -1.000000
    outer loop
      vertex 73.8529 -27.7969 0.0000
      vertex 95.2928 -29.7766 0.0000
      vertex 74.1991 -27.9229 0.0000
    endloop
  endfacet
  facet normal -0.000000 0.000000 -1.000000
    outer loop
      vertex 73.8529 -27.7969 0.0000
      vertex 95.5400 -29.7337 0.0000
      vertex 95.2928 -29.7766 0.0000
    endloop
  endfacet
  facet normal -0.000000 0.000000 -1.000000
    outer loop
      vertex 73.8529 -27.7969 0.0000
      vertex 95.7890 -29.7030 0.0000
      vertex 95.5400 -29.7337 0.0000
    endloop
  endfacet
  facet normal 0.000000 0.000000 1.000000
    outer loop
      vertex 73.8529 -27.7969 3.0000
      vertex 74.1991 -27.9229 3.0000
      vertex 95.2928 -29.7766 3.0000
    endloop
  endfacet
  facet normal 0.000000 0.000000 1.000000
    outer loop
      vertex 73.8529 -27.7969 3.0000
      vertex 95.2928 -29.7766 3.0000
      vertex 95.5400 -29.7337 3.0000
    endloop
  endfacet
  facet normal 0.000000 0.000000 1.000000
    outer loop
      vertex 73.8529 -27.7969 3.0000
      vertex 95.5400 -29.7337 3.0000
      vertex 95.7890 -29.7030 3.0000
    endloop
  endfacet
  facet normal -0.388435 0.921476 0.000000
    outer loop
      vertex 74.1991 -41.6771 0.0000
      vertex 74.1991 -41.6771 3.0000
      vertex 74.5385 -41.5340 0.0000
    endloop
  endfacet
  facet normal 0.000000 0.000000 -1.000000
    outer loop
      vertex 74.1991 -41.6771 0.0000
      vertex 74.5385 -41.5340 0.0000
      vertex 95.0480 -39.7685 0.0000
    endloop
  endfacet
  facet normal -0.000000 0.000000 -1.000000
    outer loop
      vertex 74.1991 -41.6771 0.0000
      vertex 95.0480 -39.7685 0.0000
      vertex 95.2928 -39.8234 0.0000
    endloop
  endfacet
  facet normal -0.000000 0.000000 -1.000000
    outer loop
      vertex 74.1991 -41.6771 0.0000
      vertex 95.2928 -39.8234 0.0000
      vertex 95.5400 -39.8663 0.0000
    endloop
  endfacet
  facet normal -0.000000 0.000000 -1.000000
    outer loop
      vertex 74.1991 -41.6771 0.0000
      vertex 95.5400 -39.8663 0.0000
      vertex 95.7890 -39.8970 0.0000
    endloop
  endfacet
  facet normal -0.000000 0.000000 -1.000000
    outer loop
      vertex 74.1991 -41.6771 0.0000
      vertex 95.7890 -39.8970 0.0000
      vertex 96.0392 -39.9155 0.0000
    endloop
  endfacet
  facet normal 0.000000 0.000000 -1.000000
    outer loop
      vertex 74.1991 -41.6771 0.0000
      vertex 96.0392 -39.9155 0.0000
      vertex 115.5100 -43.3000 0.0000
    endloop
  endfacet
  facet normal -0.388435 0.921476 0.000000
    outer loop
      vertex 74.1991 -41.6771 3.0000
      vertex 74.5385 -41.5340 3.0000
      vertex 74.5385 -41.5340 0.0000
    endloop
  endfacet
  facet normal 0.000000 0.000000 1.000000
    outer loop
      vertex 74.1991 -41.6771 3.0000
      vertex 95.0480 -39.7685 3.0000
      vertex 74.5385 -41.5340 3.0000
    endloop
  endfacet
  facet normal 0.000000 0.000000 1.000000
    outer loop
      vertex 74.1991 -41.6771 3.0000
      vertex 95.2928 -39.8234 3.0000
      vertex 95.0480 -39.7685 3.0000
    endloop
  endfacet
  facet normal 0.000000 0.000000 1.000000
    outer loop
      vertex 74.1991 -41.6771 3.0000
      vertex 95.5400 -39.8663 3.0000
      vertex 95.2928 -39.8234 3.0000
    endloop
  endfacet
  facet normal 0.000000 0.000000 1.000000
    outer loop
      vertex 74.1991 -41.6771 3.0000
      vertex 95.7890 -39.8970 3.0000
      vertex 95.5400 -39.8663 3.0000
    endloop
  endfacet
  facet normal 0.000000 0.000000 1.000000
    outer loop
      vertex 74.1991 -41.6771 3.0000
      vertex 96.0392 -39.9155 3.0000
      vertex 95.7890 -39.8970 3.0000
    endloop
  endfacet
  facet normal 0.000000 0.000000 1.000000
    outer loop
      vertex 74.1991 -41.6771 3.0000
      vertex 115.5100 -43.3000 3.0000
      vertex 96.0392 -39.9155 3.0000
    endloop
  endfacet
  facet normal -0.388435 -0.921476 -0.000000
    outer loop
      vertex 74.1991 -27.9229 0.0000
      vertex 74.5385 -28.0660 0.0000
      vertex 74.5385 -28.0660 3.0000
    endloop
  endfacet
  facet normal -0.388435 -0.921476 0.000000
    outer loop
      vertex 74.1991 -27.9229 0.0000
      vertex 74.5385 -28.0660 3.0000
      vertex 74.1991 -27.9229 3.0000
    endloop
  endfacet
  facet normal 0.000000 0.000000 -1.000000
    outer loop
      vertex 74.1991 -27.9229 0.0000
      vertex 95.0480 -29.8315 0.0000
      vertex 74.5385 -28.0660 0.0000
    endloop
  endfacet
  facet normal -0.000000 0.000000 -1.000000
    outer loop
      vertex 74.1991 -27.9229 0.0000
      vertex 95.2928 -29.7766 0.0000
      vertex 95.0480 -29.8315 0.0000
    endloop
  endfacet
  facet normal 0.000000 0.000000 1.000000
    outer loop
      vertex 74.1991 -27.9229 3.0000
      vertex 74.5385 -28.0660 3.0000
      vertex 95.0480 -29.8315 3.0000
    endloop
  endfacet
  facet normal 0.000000 0.000000 1.000000
    outer loop
      vertex 74.1991 -27.9229 3.0000
      vertex 95.0480 -29.8315 3.0000
      vertex 95.2928 -29.7766 3.0000
    endloop
  endfacet
  facet normal -0.433884 0.900969 0.000000
    outer loop
      vertex 74.5385 -41.5340 0.0000
      vertex 74.5385 -41.5340 3.0000
      vertex 74.8704 -41.3742 3.0000
    endloop
  endfacet
  facet normal 0.000000 0.000000 -1.000000
    outer loop
      vertex 74.5385 -41.5340 0.0000
      vertex 74.8704 -41.3742 0.0000
      vertex 94.8062 -39.7015 0.0000
    endloop
  endfacet
  facet normal -0.433884 0.900969 0.000000
    outer loop
      vertex 74.5385 -41.5340 0.0000
      vertex 74.8704 -41.3742 3.0000
      vertex 74.8704 -41.3742 0.0000
    endloop
  endfacet
  facet normal -0.000000 0.000000 -1.000000
    outer loop
      vertex 74.5385 -41.5340 0.0000
      vertex 94.8062 -39.7015 0.0000
      vertex 95.0480 -39.7685 0.0000
    endloop
  endfacet
  facet normal 0.000000 0.000000 1.000000
    outer loop
      vertex 74.5385 -41.5340 3.0000
      vertex 94.8062 -39.7015 3.0000
      vertex 74.8704 -41.3742 3.0000
    endloop
  endfacet
  facet normal 0.000000 0.000000 1.000000
    outer loop
      vertex 74.5385 -41.5340 3.0000
      vertex 95.0480 -39.7685 3.0000
      vertex 94.8062 -39.7015 3.0000
    endloop
  endfacet
  facet normal -0.433884 -0.900969 -0.000000
    outer loop
      vertex 74.5385 -28.0660 0.0000
      vertex 74.8704 -28.2258 0.0000
      vertex 74.5385 -28.0660 3.0000
    endloop
  endfacet
  facet normal 0.000000 0.000000 -1.000000
    outer loop
      vertex 74.5385 -28.0660 0.0000
      vertex 94.8062 -29.8985 0.0000
      vertex 74.8704 -28.2258 0.0000
    endloop
  endfacet
  facet normal -0.000000 0.000000 -1.000000
    outer loop
      vertex 74.5385 -28.0660 0.0000
      vertex 95.0480 -29.8315 0.0000
      vertex 94.8062 -29.8985 0.0000
    endloop
  endfacet
  facet normal -0.433884 -0.900969 -0.000000
    outer loop
      vertex 74.5385 -28.0660 3.0000
      vertex 74.8704 -28.2258 0.0000
      vertex 74.8704 -28.2258 3.0000
    endloop
  endfacet
  facet normal 0.000000 0.000000 1.000000
    outer loop
      vertex 74.5385 -28.0660 3.0000
      vertex 74.8704 -28.2258 3.0000
      vertex 94.8062 -29.8985 3.0000
    endloop
  endfacet
  facet normal 0.000000 0.000000 1.000000
    outer loop
      vertex 74.5385 -28.0660 3.0000
      vertex 94.8062 -29.8985 3.0000
      vertex 95.0480 -29.8315 3.0000
    endloop
  endfacet
  facet normal -0.478254 0.878222 0.000000
    outer loop
      vertex 74.8704 -41.3742 0.0000
      vertex 74.8704 -41.3742 3.0000
      vertex 75.1939 -41.1980 0.0000
    endloop
  endfacet
  facet normal 0.000000 0.000000 -1.000000
    outer loop
      vertex 74.8704 -41.3742 0.0000
      vertex 75.1939 -41.1980 0.0000
      vertex 94.5679 -39.6228 0.0000
    endloop
  endfacet
  facet normal -0.000000 0.000000 -1.000000
    outer loop
      vertex 74.8704 -41.3742 0.0000
      vertex 94.5679 -39.6228 0.0000
      vertex 94.8062 -39.7015 0.0000
    endloop
  endfacet
  facet normal -0.478254 0.878222 0.000000
    outer loop
      vertex 74.8704 -41.3742 3.0000
      vertex 75.1939 -41.1980 3.0000
      vertex 75.1939 -41.1980 0.0000
    endloop
  endfacet
  facet normal 0.000000 0.000000 1.000000
    outer loop
      vertex 74.8704 -41.3742 3.0000
      vertex 94.5679 -39.6228 3.0000
      vertex 75.1939 -41.1980 3.0000
    endloop
  endfacet
  facet normal 0.000000 0.000000 1.000000
    outer loop
      vertex 74.8704 -41.3742 3.0000
      vertex 94.8062 -39.7015 3.0000
      vertex 94.5679 -39.6228 3.0000
    endloop
  endfacet
  facet normal -0.478254 -0.878222 -0.000000
    outer loop
      vertex 74.8704 -28.2258 0.0000
      vertex 75.1939 -28.4020 0.0000
      vertex 75.1939 -28.4020 3.0000
    endloop
  endfacet
  facet normal -0.478254 -0.878222 0.000000
    outer loop
      vertex 74.8704 -28.2258 0.0000
      vertex 75.1939 -28.4020 3.0000
      vertex 74.8704 -28.2258 3.0000
    endloop
  endfacet
  facet normal 0.000000 0.000000 -1.000000
    outer loop
      vertex 74.8704 -28.2258 0.0000
      vertex 94.5679 -29.9772 0.0000
      vertex 75.1939 -28.4020 0.0000
    endloop
  endfacet
  facet normal -0.000000 0.000000 -1.000000
    outer loop
      vertex 74.8704 -28.2258 0.0000
      vertex 94.8062 -29.8985 0.0000
      vertex 94.5679 -29.9772 0.0000
    endloop
  endfacet
  facet normal 0.000000 0.000000 1.000000
    outer loop
      vertex 74.8704 -28.2258 3.0000
      vertex 75.1939 -28.4020 3.0000
      vertex 94.5679 -29.9772 3.0000
    endloop
  endfacet
  facet normal 0.000000 0.000000 1.000000
    outer loop
      vertex 74.8704 -28.2258 3.0000
      vertex 94.5679 -29.9772 3.0000
      vertex 94.8062 -29.8985 3.0000
    endloop
  endfacet
  facet normal -0.521435 0.853291 0.000000
    outer loop
      vertex 75.1939 -41.1980 0.0000
      vertex 75.1939 -41.1980 3.0000
      vertex 75.5082 -41.0059 3.0000
    endloop
  endfacet
  facet normal 0.000000 0.000000 -1.000000
    outer loop
      vertex 75.1939 -41.1980 0.0000
      vertex 75.5082 -41.0059 0.0000
      vertex 94.3339 -39.5325 0.0000
    endloop
  endfacet
  facet normal -0.521435 0.853291 0.000000
    outer loop
      vertex 75.1939 -41.1980 0.0000
      vertex 75.5082 -41.0059 3.0000
      vertex 75.5082 -41.0059 0.0000
    endloop
  endfacet
  facet normal -0.000000 0.000000 -1.000000
    outer loop
      vertex 75.1939 -41.1980 0.0000
      vertex 94.3339 -39.5325 0.0000
      vertex 94.5679 -39.6228 0.0000
    endloop
  endfacet
  facet normal 0.000000 0.000000 1.000000
    outer loop
      vertex 75.1939 -41.1980 3.0000
      vertex 94.3339 -39.5325 3.0000
      vertex 75.5082 -41.0059 3.0000
    endloop
  endfacet
  facet normal 0.000000 0.000000 1.000000
    outer loop
      vertex 75.1939 -41.1980 3.0000
      vertex 94.5679 -39.6228 3.0000
      vertex 94.3339 -39.5325 3.0000
    endloop
  endfacet
  facet normal -0.521435 -0.853291 -0.000000
    outer loop
      vertex 75.1939 -28.4020 0.0000
      vertex 75.5082 -28.5941 0.0000
      vertex 75.5082 -28.5941 3.0000
    endloop
  endfacet
  facet normal -0.521435 -0.853291 0.000000
    outer loop
      vertex 75.1939 -28.4020 0.0000
      vertex 75.5082 -28.5941 3.0000
      vertex 75.1939 -28.4020 3.0000
    endloop
  endfacet
  facet normal 0.000000 0.000000 -1.000000
    outer loop
      vertex 75.1939 -28.4020 0.0000
      vertex 94.3339 -30.0675 0.0000
      vertex 75.5082 -28.5941 0.0000
    endloop
  endfacet
  facet normal -0.000000 0.000000 -1.000000
    outer loop
      vertex 75.1939 -28.4020 0.0000
      vertex 94.5679 -29.9772 0.0000
      vertex 94.3339 -30.0675 0.0000
    endloop
  endfacet
  facet normal 0.000000 0.000000 1.000000
    outer loop
      vertex 75.1939 -28.4020 3.0000
      vertex 75.5082 -28.5941 3.0000
      vertex 94.3339 -30.0675 3.0000
    endloop
  endfacet
  facet normal 0.000000 0.000000 1.000000
    outer loop
      vertex 75.1939 -28.4020 3.0000
      vertex 94.3339 -30.0675 3.0000
      vertex 94.5679 -29.9772 3.0000
    endloop
  endfacet
  facet normal -0.563320 0.826239 0.000000
    outer loop
      vertex 75.5082 -41.0059 0.0000
      vertex 75.5082 -41.0059 3.0000
      vertex 75.8126 -40.7984 0.0000
    endloop
  endfacet
  facet normal 0.000000 0.000000 -1.000000
    outer loop
      vertex 75.5082 -41.0059 0.0000
      vertex 75.8126 -40.7984 0.0000
      vertex 94.1045 -39.4309 0.0000
    endloop
  endfacet
  facet normal -0.000000 0.000000 -1.000000
    outer loop
      vertex 75.5082 -41.0059 0.0000
      vertex 94.1045 -39.4309 0.0000
      vertex 94.3339 -39.5325 0.0000
    endloop
  endfacet
  facet normal -0.563320 0.826239 0.000000
    outer loop
      vertex 75.5082 -41.0059 3.0000
      vertex 75.8126 -40.7984 3.0000
      vertex 75.8126 -40.7984 0.0000
    endloop
  endfacet
  facet normal 0.000000 0.000000 1.000000
    outer loop
      vertex 75.5082 -41.0059 3.0000
      vertex 94.1045 -39.4309 3.0000
      vertex 75.8126 -40.7984 3.0000
    endloop
  endfacet
  facet normal 0.000000 0.000000 1.000000
    outer loop
      vertex 75.5082 -41.0059 3.0000
      vertex 94.3339 -39.5325 3.0000
      vertex 94.1045 -39.4309 3.0000
    endloop
  endfacet
  facet normal -0.563320 -0.826239 -0.000000
    outer loop
      vertex 75.5082 -28.5941 0.0000
      vertex 75.8126 -28.8016 0.0000
      vertex 75.8126 -28.8016 3.0000
    endloop
  endfacet
  facet normal -0.563320 -0.826239 0.000000
    outer loop
      vertex 75.5082 -28.5941 0.0000
      vertex 75.8126 -28.8016 3.0000
      vertex 75.5082 -28.5941 3.0000
    endloop
  endfacet
  facet normal 0.000000 0.000000 -1.000000
    outer loop
      vertex 75.5082 -28.5941 0.0000
      vertex 94.1045 -30.1691 0.0000
      vertex 75.8126 -28.8016 0.0000
    endloop
  endfacet
  facet normal -0.000000 0.000000 -1.000000
    outer loop
      vertex 75.5082 -28.5941 0.0000
      vertex 94.3339 -30.0675 0.0000
      vertex 94.1045 -30.1691 0.0000
    endloop
  endfacet
  facet normal 0.000000 0.000000 1.000000
    outer loop
      vertex 75.5082 -28.5941 3.0000
      vertex 75.8126 -28.8016 3.0000
      vertex 94.1045 -30.1691 3.0000
    endloop
  endfacet
  facet normal 0.000000 0.000000 1.000000
    outer loop
      vertex 75.5082 -28.5941 3.0000
      vertex 94.1045 -30.1691 3.0000
      vertex 94.3339 -30.0675 3.0000
    endloop
  endfacet
  facet normal -0.603804 0.797133 0.000000
    outer loop
      vertex 75.8126 -40.7984 0.0000
      vertex 75.8126 -40.7984 3.0000
      vertex 76.1062 -40.5760 0.0000
    endloop
  endfacet
  facet normal 0.000000 0.000000 -1.000000
    outer loop
      vertex 75.8126 -40.7984 0.0000
      vertex 76.1062 -40.5760 0.0000
      vertex 93.8804 -39.3181 0.0000
    endloop
  endfacet
  facet normal -0.000000 0.000000 -1.000000
    outer loop
      vertex 75.8126 -40.7984 0.0000
      vertex 93.8804 -39.3181 0.0000
      vertex 94.1045 -39.4309 0.0000
    endloop
  endfacet
  facet normal -0.603804 0.797133 0.000000
    outer loop
      vertex 75.8126 -40.7984 3.0000
      vertex 76.1062 -40.5760 3.0000
      vertex 76.1062 -40.5760 0.0000
    endloop
  endfacet
  facet normal 0.000000 0.000000 1.000000
    outer loop
      vertex 75.8126 -40.7984 3.0000
      vertex 93.8804 -39.3181 3.0000
      vertex 76.1062 -40.5760 3.0000
    endloop
  endfacet
  facet normal 0.000000 0.000000 1.000000
    outer loop
      vertex 75.8126 -40.7984 3.0000
      vertex 94.1045 -39.4309 3.0000
      vertex 93.8804 -39.3181 3.0000
    endloop
  endfacet
  facet normal -0.603804 -0.797133 -0.000000
    outer loop
      vertex 75.8126 -28.8016 0.0000
      vertex 76.1062 -29.0240 0.0000
      vertex 75.8126 -28.8016 3.0000
    endloop
  endfacet
  facet normal 0.000000 0.000000 -1.000000
    outer loop
      vertex 75.8126 -28.8016 0.0000
      vertex 93.8804 -30.2819 0.0000
      vertex 76.1062 -29.0240 0.0000
    endloop
  endfacet
  facet normal -0.000000 0.000000 -1.000000
    outer loop
      vertex 75.8126 -28.8016 0.0000
      vertex 94.1045 -30.1691 0.0000
      vertex 93.8804 -30.2819 0.0000
    endloop
  endfacet
  facet normal -0.603804 -0.797133 -0.000000
    outer loop
      vertex 75.8126 -28.8016 3.0000
      vertex 76.1062 -29.0240 0.0000
      vertex 76.1062 -29.0240 3.0000
    endloop
  endfacet
  facet normal 0.000000 0.000000 1.000000
    outer loop
      vertex 75.8126 -28.8016 3.0000
      vertex 76.1062 -29.0240 3.0000
      vertex 93.8804 -30.2819 3.0000
    endloop
  endfacet
  facet normal 0.000000 0.000000 1.000000
    outer loop
      vertex 75.8126 -28.8016 3.0000
      vertex 93.8804 -30.2819 3.0000
      vertex 94.1045 -30.1691 3.0000
    endloop
  endfacet
  facet normal -0.642788 0.766044 0.000000
    outer loop
      vertex 76.1062 -40.5760 0.0000
      vertex 76.1062 -40.5760 3.0000
      vertex 76.3884 -40.3392 0.0000
    endloop
  endfacet
  facet normal 0.000000 0.000000 -1.000000
    outer loop
      vertex 76.1062 -40.5760 0.0000
      vertex 76.3884 -40.3392 0.0000
      vertex 93.6621 -39.1944 0.0000
    endloop
  endfacet
  facet normal -0.000000 0.000000 -1.000000
    outer loop
      vertex 76.1062 -40.5760 0.0000
      vertex 93.6621 -39.1944 0.0000
      vertex 93.8804 -39.3181 0.0000
    endloop
  endfacet
  facet normal -0.642788 0.766044 0.000000
    outer loop
      vertex 76.1062 -40.5760 3.0000
      vertex 76.3884 -40.3392 3.0000
      vertex 76.3884 -40.3392 0.0000
    endloop
  endfacet
  facet normal 0.000000 0.000000 1.000000
    outer loop
      vertex 76.1062 -40.5760 3.0000
      vertex 93.6621 -39.1944 3.0000
      vertex 76.3884 -40.3392 3.0000
    endloop
  endfacet
  facet normal 0.000000 0.000000 1.000000
    outer loop
      vertex 76.1062 -40.5760 3.0000
      vertex 93.8804 -39.3181 3.0000
      vertex 93.6621 -39.1944 3.0000
    endloop
  endfacet
  facet normal -0.642788 -0.766044 -0.000000
    outer loop
      vertex 76.1062 -29.0240 0.0000
      vertex 76.3884 -29.2608 0.0000
      vertex 76.3884 -29.2608 3.0000
    endloop
  endfacet
  facet normal -0.642788 -0.766044 0.000000
    outer loop
      vertex 76.1062 -29.0240 0.0000
      vertex 76.3884 -29.2608 3.0000
      vertex 76.1062 -29.0240 3.0000
    endloop
  endfacet
  facet normal 0.000000 0.000000 -1.000000
    outer loop
      vertex 76.1062 -29.0240 0.0000
      vertex 93.6621 -30.4056 0.0000
      vertex 76.3884 -29.2608 0.0000
    endloop
  endfacet
  facet normal -0.000000 0.000000 -1.000000
    outer loop
      vertex 76.1062 -29.0240 0.0000
      vertex 93.8804 -30.2819 0.0000
      vertex 93.6621 -30.4056 0.0000
    endloop
  endfacet
  facet normal 0.000000 0.000000 1.000000
    outer loop
      vertex 76.1062 -29.0240 3.0000
      vertex 76.3884 -29.2608 3.0000
      vertex 93.6621 -30.4056 3.0000
    endloop
  endfacet
  facet normal 0.000000 0.000000 1.000000
    outer loop
      vertex 76.1062 -29.0240 3.0000
      vertex 93.6621 -30.4056 3.0000
      vertex 93.8804 -30.2819 3.0000
    endloop
  endfacet
  facet normal -0.680173 0.733052 0.000000
    outer loop
      vertex 76.3884 -40.3392 0.0000
      vertex 76.3884 -40.3392 3.0000
      vertex 76.6584 -40.0887 0.0000
    endloop
  endfacet
  facet normal 0.000000 0.000000 -1.000000
    outer loop
      vertex 76.3884 -40.3392 0.0000
      vertex 76.6584 -40.0887 0.0000
      vertex 93.4501 -39.0602 0.0000
    endloop
  endfacet
  facet normal -0.000000 0.000000 -1.000000
    outer loop
      vertex 76.3884 -40.3392 0.0000
      vertex 93.4501 -39.0602 0.0000
      vertex 93.6621 -39.1944 0.0000
    endloop
  endfacet
  facet normal -0.680173 0.733052 0.000000
    outer loop
      vertex 76.3884 -40.3392 3.0000
      vertex 76.6584 -40.0887 3.0000
      vertex 76.6584 -40.0887 0.0000
    endloop
  endfacet
  facet normal 0.000000 0.000000 1.000000
    outer loop
      vertex 76.3884 -40.3392 3.0000
      vertex 93.4501 -39.0602 3.0000
      vertex 76.6584 -40.0887 3.0000
    endloop
  endfacet
  facet normal 0.000000 0.000000 1.000000
    outer loop
      vertex 76.3884 -40.3392 3.0000
      vertex 93.6621 -39.1944 3.0000
      vertex 93.4501 -39.0602 3.0000
    endloop
  endfacet
  facet normal -0.680173 -0.733052 -0.000000
    outer loop
      vertex 76.3884 -29.2608 0.0000
      vertex 76.6584 -29.5113 0.0000
      vertex 76.3884 -29.2608 3.0000
    endloop
  endfacet
  facet normal 0.000000 0.000000 -1.000000
    outer loop
      vertex 76.3884 -29.2608 0.0000
      vertex 93.4501 -30.5398 0.0000
      vertex 76.6584 -29.5113 0.0000
    endloop
  endfacet
  facet normal -0.000000 0.000000 -1.000000
    outer loop
      vertex 76.3884 -29.2608 0.0000
      vertex 93.6621 -30.4056 0.0000
      vertex 93.4501 -30.5398 0.0000
    endloop
  endfacet
  facet normal -0.680173 -0.733052 -0.000000
    outer loop
      vertex 76.3884 -29.2608 3.0000
      vertex 76.6584 -29.5113 0.0000
      vertex 76.6584 -29.5113 3.0000
    endloop
  endfacet
  facet normal 0.000000 0.000000 1.000000
    outer loop
      vertex 76.3884 -29.2608 3.0000
      vertex 76.6584 -29.5113 3.0000
      vertex 93.4501 -30.5398 3.0000
    endloop
  endfacet
  facet normal 0.000000 0.000000 1.000000
    outer loop
      vertex 76.3884 -29.2608 3.0000
      vertex 93.4501 -30.5398 3.0000
      vertex 93.6621 -30.4056 3.0000
    endloop
  endfacet
  facet normal -0.715867 0.698237 0.000000
    outer loop
      vertex 76.6584 -40.0887 0.0000
      vertex 76.6584 -40.0887 3.0000
      vertex 76.9156 -39.8250 0.0000
    endloop
  endfacet
  facet normal 0.000000 0.000000 -1.000000
    outer loop
      vertex 76.6584 -40.0887 0.0000
      vertex 76.9156 -39.8250 0.0000
      vertex 93.2450 -38.9157 0.0000
    endloop
  endfacet
  facet normal -0.000000 0.000000 -1.000000
    outer loop
      vertex 76.6584 -40.0887 0.0000
      vertex 93.2450 -38.9157 0.0000
      vertex 93.4501 -39.0602 0.0000
    endloop
  endfacet
  facet normal -0.715867 0.698237 0.000000
    outer loop
      vertex 76.6584 -40.0887 3.0000
      vertex 76.9156 -39.8250 3.0000
      vertex 76.9156 -39.8250 0.0000
    endloop
  endfacet
  facet normal 0.000000 0.000000 1.000000
    outer loop
      vertex 76.6584 -40.0887 3.0000
      vertex 93.2450 -38.9157 3.0000
      vertex 76.9156 -39.8250 3.0000
    endloop
  endfacet
  facet normal 0.000000 0.000000 1.000000
    outer loop
      vertex 76.6584 -40.0887 3.0000
      vertex 93.4501 -39.0602 3.0000
      vertex 93.2450 -38.9157 3.0000
    endloop
  endfacet
  facet normal -0.715867 -0.698237 -0.000000
    outer loop
      vertex 76.6584 -29.5113 0.0000
      vertex 76.9156 -29.7750 0.0000
      vertex 76.9156 -29.7750 3.0000
    endloop
  endfacet
  facet normal -0.715867 -0.698237 0.000000
    outer loop
      vertex 76.6584 -29.5113 0.0000
      vertex 76.9156 -29.7750 3.0000
      vertex 76.6584 -29.5113 3.0000
    endloop
  endfacet
  facet normal 0.000000 0.000000 -1.000000
    outer loop
      vertex 76.6584 -29.5113 0.0000
      vertex 93.2450 -30.6843 0.0000
      vertex 76.9156 -29.7750 0.0000
    endloop
  endfacet
  facet normal -0.000000 0.000000 -1.000000
    outer loop
      vertex 76.6584 -29.5113 0.0000
      vertex 93.4501 -30.5398 0.0000
      vertex 93.2450 -30.6843 0.0000
    endloop
  endfacet
  facet normal 0.000000 0.000000 1.000000
    outer loop
      vertex 76.6584 -29.5113 3.0000
      vertex 76.9156 -29.7750 3.0000
      vertex 93.2450 -30.6843 3.0000
    endloop
  endfacet
  facet normal 0.000000 0.000000 1.000000
    outer loop
      vertex 76.6584 -29.5113 3.0000
      vertex 93.2450 -30.6843 3.0000
      vertex 93.4501 -30.5398 3.0000
    endloop
  endfacet
  facet normal -0.749781 0.661686 0.000000
    outer loop
      vertex 76.9156 -39.8250 0.0000
      vertex 76.9156 -39.8250 3.0000
      vertex 77.1594 -39.5488 0.0000
    endloop
  endfacet
  facet normal 0.000000 0.000000 -1.000000
    outer loop
      vertex 76.9156 -39.8250 0.0000
      vertex 77.1594 -39.5488 0.0000
      vertex 92.8572 -38.5975 0.0000
    endloop
  endfacet
  facet normal -0.000000 0.000000 -1.000000
    outer loop
      vertex 76.9156 -39.8250 0.0000
      vertex 92.8572 -38.5975 0.0000
      vertex 93.0472 -38.7614 0.0000
    endloop
  endfacet
  facet normal -0.000000 0.000000 -1.000000
    outer loop
      vertex 76.9156 -39.8250 0.0000
      vertex 93.0472 -38.7614 0.0000
      vertex 93.2450 -38.9157 0.0000
    endloop
  endfacet
  facet normal -0.749781 0.661686 0.000000
    outer loop
      vertex 76.9156 -39.8250 3.0000
      vertex 77.1594 -39.5488 3.0000
      vertex 77.1594 -39.5488 0.0000
    endloop
  endfacet
  facet normal 0.000000 0.000000 1.000000
    outer loop
      vertex 76.9156 -39.8250 3.0000
      vertex 92.8572 -38.5975 3.0000
      vertex 77.1594 -39.5488 3.0000
    endloop
  endfacet
  facet normal 0.000000 0.000000 1.000000
    outer loop
      vertex 76.9156 -39.8250 3.0000
      vertex 93.0472 -38.7614 3.0000
      vertex 92.8572 -38.5975 3.0000
    endloop
  endfacet
  facet normal 0.000000 0.000000 1.000000
    outer loop
      vertex 76.9156 -39.8250 3.0000
      vertex 93.2450 -38.9157 3.0000
      vertex 93.0472 -38.7614 3.0000
    endloop
  endfacet
  facet normal -0.749781 -0.661686 -0.000000
    outer loop
      vertex 76.9156 -29.7750 0.0000
      vertex 77.1594 -30.0512 0.0000
      vertex 77.1594 -30.0512 3.0000
    endloop
  endfacet
  facet normal -0.749781 -0.661686 0.000000
    outer loop
      vertex 76.9156 -29.7750 0.0000
      vertex 77.1594 -30.0512 3.0000
      vertex 76.9156 -29.7750 3.0000
    endloop
  endfacet
  facet normal 0.000000 0.000000 -1.000000
    outer loop
      vertex 76.9156 -29.7750 0.0000
      vertex 92.8572 -31.0025 0.0000
      vertex 77.1594 -30.0512 0.0000
    endloop
  endfacet
  facet normal -0.000000 0.000000 -1.000000
    outer loop
      vertex 76.9156 -29.7750 0.0000
      vertex 93.0472 -30.8386 0.0000
      vertex 92.8572 -31.0025 0.0000
    endloop
  endfacet
  facet normal -0.000000 0.000000 -1.000000
    outer loop
      vertex 76.9156 -29.7750 0.0000
      vertex 93.2450 -30.6843 0.0000
      vertex 93.0472 -30.8386 0.0000
    endloop
  endfacet
  facet normal 0.000000 0.000000 1.000000
    outer loop
      vertex 76.9156 -29.7750 3.0000
      vertex 77.1594 -30.0512 3.0000
      vertex 92.8572 -31.0025 3.0000
    endloop
  endfacet
  facet normal 0.000000 0.000000 1.000000
    outer loop
      vertex 76.9156 -29.7750 3.0000
      vertex 92.8572 -31.0025 3.0000
      vertex 93.0472 -30.8386 3.0000
    endloop
  endfacet
  facet normal 0.000000 0.000000 1.000000
    outer loop
      vertex 76.9156 -29.7750 3.0000
      vertex 93.0472 -30.8386 3.0000
      vertex 93.2450 -30.6843 3.0000
    endloop
  endfacet
  facet normal -0.781831 0.623490 0.000000
    outer loop
      vertex 77.1594 -39.5488 0.0000
      vertex 77.1594 -39.5488 3.0000
      vertex 77.3891 -39.2608 0.0000
    endloop
  endfacet
  facet normal 0.000000 0.000000 -1.000000
    outer loop
      vertex 77.1594 -39.5488 0.0000
      vertex 77.3891 -39.2608 0.0000
      vertex 92.6755 -38.4245 0.0000
    endloop
  endfacet
  facet normal -0.000000 0.000000 -1.000000
    outer loop
      vertex 77.1594 -39.5488 0.0000
      vertex 92.6755 -38.4245 0.0000
      vertex 92.8572 -38.5975 0.0000
    endloop
  endfacet
  facet normal -0.781831 0.623490 0.000000
    outer loop
      vertex 77.1594 -39.5488 3.0000
      vertex 77.3891 -39.2608 3.0000
      vertex 77.3891 -39.2608 0.0000
    endloop
  endfacet
  facet normal 0.000000 0.000000 1.000000
    outer loop
      vertex 77.1594 -39.5488 3.0000
      vertex 92.6755 -38.4245 3.0000
      vertex 77.3891 -39.2608 3.0000
    endloop
  endfacet
  facet normal 0.000000 0.000000 1.000000
    outer loop
      vertex 77.1594 -39.5488 3.0000
      vertex 92.8572 -38.5975 3.0000
      vertex 92.6755 -38.4245 3.0000
    endloop
  endfacet
  facet normal -0.781831 -0.623490 -0.000000
    outer loop
      vertex 77.1594 -30.0512 0.0000
      vertex 77.3891 -30.3392 0.0000
      vertex 77.3891 -30.3392 3.0000
    endloop
  endfacet
  facet normal -0.781831 -0.623490 0.000000
    outer loop
      vertex 77.1594 -30.0512 0.0000
      vertex 77.3891 -30.3392 3.0000
      vertex 77.1594 -30.0512 3.0000
    endloop
  endfacet
  facet normal 0.000000 0.000000 -1.000000
    outer loop
      vertex 77.1594 -30.0512 0.0000
      vertex 92.6755 -31.1755 0.0000
      vertex 77.3891 -30.3392 0.0000
    endloop
  endfacet
  facet normal -0.000000 0.000000 -1.000000
    outer loop
      vertex 77.1594 -30.0512 0.0000
      vertex 92.8572 -31.0025 0.0000
      vertex 92.6755 -31.1755 0.0000
    endloop
  endfacet
  facet normal 0.000000 0.000000 1.000000
    outer loop
      vertex 77.1594 -30.0512 3.0000
      vertex 77.3891 -30.3392 3.0000
      vertex 92.6755 -31.1755 3.0000
    endloop
  endfacet
  facet normal 0.000000 0.000000 1.000000
    outer loop
      vertex 77.1594 -30.0512 3.0000
      vertex 92.6755 -31.1755 3.0000
      vertex 92.8572 -31.0025 3.0000
    endloop
  endfacet
  facet normal -0.811938 0.583744 0.000000
    outer loop
      vertex 77.3891 -39.2608 0.0000
      vertex 77.3891 -39.2608 3.0000
      vertex 77.6041 -38.9617 0.0000
    endloop
  endfacet
  facet normal 0.000000 0.000000 -1.000000
    outer loop
      vertex 77.3891 -39.2608 0.0000
      vertex 77.6041 -38.9617 0.0000
      vertex 92.5025 -38.2428 0.0000
    endloop
  endfacet
  facet normal -0.000000 0.000000 -1.000000
    outer loop
      vertex 77.3891 -39.2608 0.0000
      vertex 92.5025 -38.2428 0.0000
      vertex 92.6755 -38.4245 0.0000
    endloop
  endfacet
  facet normal -0.811938 0.583744 0.000000
    outer loop
      vertex 77.3891 -39.2608 3.0000
      vertex 77.6041 -38.9617 3.0000
      vertex 77.6041 -38.9617 0.0000
    endloop
  endfacet
  facet normal 0.000000 0.000000 1.000000
    outer loop
      vertex 77.3891 -39.2608 3.0000
      vertex 92.5025 -38.2428 3.0000
      vertex 77.6041 -38.9617 3.0000
    endloop
  endfacet
  facet normal 0.000000 0.000000 1.000000
    outer loop
      vertex 77.3891 -39.2608 3.0000
      vertex 92.6755 -38.4245 3.0000
      vertex 92.5025 -38.2428 3.0000
    endloop
  endfacet
  facet normal -0.811938 -0.583744 -0.000000
    outer loop
      vertex 77.3891 -30.3392 0.0000
      vertex 77.6041 -30.6383 0.0000
      vertex 77.6041 -30.6383 3.0000
    endloop
  endfacet
  facet normal -0.811938 -0.583744 0.000000
    outer loop
      vertex 77.3891 -30.3392 0.0000
      vertex 77.6041 -30.6383 3.0000
      vertex 77.3891 -30.3392 3.0000
    endloop
  endfacet
  facet normal 0.000000 0.000000 -1.000000
    outer loop
      vertex 77.3891 -30.3392 0.0000
      vertex 92.5025 -31.3572 0.0000
      vertex 77.6041 -30.6383 0.0000
    endloop
  endfacet
  facet normal 0.000000 0.000000 -1.000000
    outer loop
      vertex 77.3891 -30.3392 0.0000
      vertex 92.6755 -31.1755 0.0000
      vertex 92.5025 -31.3572 0.0000
    endloop
  endfacet
  facet normal 0.000000 0.000000 1.000000
    outer loop
      vertex 77.3891 -30.3392 3.0000
      vertex 77.6041 -30.6383 3.0000
      vertex 92.5025 -31.3572 3.0000
    endloop
  endfacet
  facet normal 0.000000 -0.000000 1.000000
    outer loop
      vertex 77.3891 -30.3392 3.0000
      vertex 92.5025 -31.3572 3.0000
      vertex 92.6755 -31.1755 3.0000
    endloop
  endfacet
  facet normal -0.840026 0.542546 0.000000
    outer loop
      vertex 77.6041 -38.9617 0.0000
      vertex 77.6041 -38.9617 3.0000
      vertex 77.8039 -38.6523 0.0000
    endloop
  endfacet
  facet normal 0.000000 0.000000 -1.000000
    outer loop
      vertex 77.6041 -38.9617 0.0000
      vertex 77.8039 -38.6523 0.0000
      vertex 92.3386 -38.0528 0.0000
    endloop
  endfacet
  facet normal -0.000000 0.000000 -1.000000
    outer loop
      vertex 77.6041 -38.9617 0.0000
      vertex 92.3386 -38.0528 0.0000
      vertex 92.5025 -38.2428 0.0000
    endloop
  endfacet
  facet normal -0.840026 0.542546 0.000000
    outer loop
      vertex 77.6041 -38.9617 3.0000
      vertex 77.8039 -38.6523 3.0000
      vertex 77.8039 -38.6523 0.0000
    endloop
  endfacet
  facet normal 0.000000 0.000000 1.000000
    outer loop
      vertex 77.6041 -38.9617 3.0000
      vertex 92.3386 -38.0528 3.0000
      vertex 77.8039 -38.6523 3.0000
    endloop
  endfacet
  facet normal 0.000000 0.000000 1.000000
    outer loop
      vertex 77.6041 -38.9617 3.0000
      vertex 92.5025 -38.2428 3.0000
      vertex 92.3386 -38.0528 3.0000
    endloop
  endfacet
  facet normal -0.840026 -0.542546 -0.000000
    outer loop
      vertex 77.6041 -30.6383 0.0000
      vertex 77.8039 -30.9477 0.0000
      vertex 77.8039 -30.9477 3.0000
    endloop
  endfacet
  facet normal -0.840026 -0.542546 0.000000
    outer loop
      vertex 77.6041 -30.6383 0.0000
      vertex 77.8039 -30.9477 3.0000
      vertex 77.6041 -30.6383 3.0000
    endloop
  endfacet
  facet normal 0.000000 0.000000 -1.000000
    outer loop
      vertex 77.6041 -30.6383 0.0000
      vertex 92.3386 -31.5472 0.0000
      vertex 77.8039 -30.9477 0.0000
    endloop
  endfacet
  facet normal 0.000000 0.000000 -1.000000
    outer loop
      vertex 77.6041 -30.6383 0.0000
      vertex 92.5025 -31.3572 0.0000
      vertex 92.3386 -31.5472 0.0000
    endloop
  endfacet
  facet normal 0.000000 0.000000 1.000000
    outer loop
      vertex 77.6041 -30.6383 3.0000
      vertex 77.8039 -30.9477 3.0000
      vertex 92.3386 -31.5472 3.0000
    endloop
  endfacet
  facet normal 0.000000 -0.000000 1.000000
    outer loop
      vertex 77.6041 -30.6383 3.0000
      vertex 92.3386 -31.5472 3.0000
      vertex 92.5025 -31.3572 3.0000
    endloop
  endfacet
  facet normal -0.866025 0.500000 0.000000
    outer loop
      vertex 77.8039 -38.6523 0.0000
      vertex 77.8039 -38.6523 3.0000
      vertex 77.9881 -38.3332 0.0000
    endloop
  endfacet
  facet normal 0.000000 0.000000 -1.000000
    outer loop
      vertex 77.8039 -38.6523 0.0000
      vertex 77.9881 -38.3332 0.0000
      vertex 92.1843 -37.8550 0.0000
    endloop
  endfacet
  facet normal -0.000000 0.000000 -1.000000
    outer loop
      vertex 77.8039 -38.6523 0.0000
      vertex 92.1843 -37.8550 0.0000
      vertex 92.3386 -38.0528 0.0000
    endloop
  endfacet
  facet normal -0.866025 0.500000 0.000000
    outer loop
      vertex 77.8039 -38.6523 3.0000
      vertex 77.9881 -38.3332 3.0000
      vertex 77.9881 -38.3332 0.0000
    endloop
  endfacet
  facet normal 0.000000 0.000000 1.000000
    outer loop
      vertex 77.8039 -38.6523 3.0000
      vertex 92.1843 -37.8550 3.0000
      vertex 77.9881 -38.3332 3.0000
    endloop
  endfacet
  facet normal 0.000000 0.000000 1.000000
    outer loop
      vertex 77.8039 -38.6523 3.0000
      vertex 92.3386 -38.0528 3.0000
      vertex 92.1843 -37.8550 3.0000
    endloop
  endfacet
  facet normal -0.866025 -0.500000 -0.000000
    outer loop
      vertex 77.8039 -30.9477 0.0000
      vertex 77.9881 -31.2668 0.0000
      vertex 77.9881 -31.2668 3.0000
    endloop
  endfacet
  facet normal -0.866025 -0.500000 0.000000
    outer loop
      vertex 77.8039 -30.9477 0.0000
      vertex 77.9881 -31.2668 3.0000
      vertex 77.8039 -30.9477 3.0000
    endloop
  endfacet
  facet normal 0.000000 0.000000 -1.000000
    outer loop
      vertex 77.8039 -30.9477 0.0000
      vertex 92.1843 -31.7450 0.0000
      vertex 77.9881 -31.2668 0.0000
    endloop
  endfacet
  facet normal 0.000000 0.000000 -1.000000
    outer loop
      vertex 77.8039 -30.9477 0.0000
      vertex 92.3386 -31.5472 0.0000
      vertex 92.1843 -31.7450 0.0000
    endloop
  endfacet
  facet normal 0.000000 0.000000 1.000000
    outer loop
      vertex 77.8039 -30.9477 3.0000
      vertex 77.9881 -31.2668 3.0000
      vertex 92.1843 -31.7450 3.0000
    endloop
  endfacet
  facet normal 0.000000 -0.000000 1.000000
    outer loop
      vertex 77.8039 -30.9477 3.0000
      vertex 92.1843 -31.7450 3.0000
      vertex 92.3386 -31.5472 3.0000
    endloop
  endfacet
  facet normal -0.889872 0.456211 0.000000
    outer loop
      vertex 77.9881 -38.3332 0.0000
      vertex 77.9881 -38.3332 3.0000
      vertex 78.1562 -38.0054 0.0000
    endloop
  endfacet
  facet normal 0.000000 0.000000 -1.000000
    outer loop
      vertex 77.9881 -38.3332 0.0000
      vertex 78.1562 -38.0054 0.0000
      vertex 91.9056 -37.4379 0.0000
    endloop
  endfacet
  facet normal -0.000000 0.000000 -1.000000
    outer loop
      vertex 77.9881 -38.3332 0.0000
      vertex 91.9056 -37.4379 0.0000
      vertex 92.0398 -37.6499 0.0000
    endloop
  endfacet
  facet normal -0.000000 0.000000 -1.000000
    outer loop
      vertex 77.9881 -38.3332 0.0000
      vertex 92.0398 -37.6499 0.0000
      vertex 92.1843 -37.8550 0.0000
    endloop
  endfacet
  facet normal -0.889872 0.456211 0.000000
    outer loop
      vertex 77.9881 -38.3332 3.0000
      vertex 78.1562 -38.0054 3.0000
      vertex 78.1562 -38.0054 0.0000
    endloop
  endfacet
  facet normal 0.000000 0.000000 1.000000
    outer loop
      vertex 77.9881 -38.3332 3.0000
      vertex 91.9056 -37.4379 3.0000
      vertex 78.1562 -38.0054 3.0000
    endloop
  endfacet
  facet normal 0.000000 0.000000 1.000000
    outer loop
      vertex 77.9881 -38.3332 3.0000
      vertex 92.0398 -37.6499 3.0000
      vertex 91.9056 -37.4379 3.0000
    endloop
  endfacet
  facet normal 0.000000 0.000000 1.000000
    outer loop
      vertex 77.9881 -38.3332 3.0000
      vertex 92.1843 -37.8550 3.0000
      vertex 92.0398 -37.6499 3.0000
    endloop
  endfacet
  facet normal -0.889872 -0.456211 -0.000000
    outer loop
      vertex 77.9881 -31.2668 0.0000
      vertex 78.1562 -31.5946 0.0000
      vertex 78.1562 -31.5946 3.0000
    endloop
  endfacet
  facet normal -0.889872 -0.456211 0.000000
    outer loop
      vertex 77.9881 -31.2668 0.0000
      vertex 78.1562 -31.5946 3.0000
      vertex 77.9881 -31.2668 3.0000
    endloop
  endfacet
  facet normal 0.000000 0.000000 -1.000000
    outer loop
      vertex 77.9881 -31.2668 0.0000
      vertex 91.9056 -32.1621 0.0000
      vertex 78.1562 -31.5946 0.0000
    endloop
  endfacet
  facet normal 0.000000 0.000000 -1.000000
    outer loop
      vertex 77.9881 -31.2668 0.0000
      vertex 92.0398 -31.9501 0.0000
      vertex 91.9056 -32.1621 0.0000
    endloop
  endfacet
  facet normal 0.000000 0.000000 -1.000000
    outer loop
      vertex 77.9881 -31.2668 0.0000
      vertex 92.1843 -31.7450 0.0000
      vertex 92.0398 -31.9501 0.0000
    endloop
  endfacet
  facet normal 0.000000 0.000000 1.000000
    outer loop
      vertex 77.9881 -31.2668 3.0000
      vertex 78.1562 -31.5946 3.0000
      vertex 91.9056 -32.1621 3.0000
    endloop
  endfacet
  facet normal 0.000000 -0.000000 1.000000
    outer loop
      vertex 77.9881 -31.2668 3.0000
      vertex 91.9056 -32.1621 3.0000
      vertex 92.0398 -31.9501 3.0000
    endloop
  endfacet
  facet normal 0.000000 -0.000000 1.000000
    outer loop
      vertex 77.9881 -31.2668 3.0000
      vertex 92.0398 -31.9501 3.0000
      vertex 92.1843 -31.7450 3.0000
    endloop
  endfacet
  facet normal -0.911506 0.411287 0.000000
    outer loop
      vertex 78.1562 -38.0054 0.0000
      vertex 78.1562 -38.0054 3.0000
      vertex 78.3077 -37.6697 3.0000
    endloop
  endfacet
  facet normal 0.000000 0.000000 -1.000000
    outer loop
      vertex 78.1562 -38.0054 0.0000
      vertex 78.3077 -37.6697 0.0000
      vertex 91.7819 -37.2196 0.0000
    endloop
  endfacet
  facet normal -0.911506 0.411287 0.000000
    outer loop
      vertex 78.1562 -38.0054 0.0000
      vertex 78.3077 -37.6697 3.0000
      vertex 78.3077 -37.6697 0.0000
    endloop
  endfacet
  facet normal -0.000000 0.000000 -1.000000
    outer loop
      vertex 78.1562 -38.0054 0.0000
      vertex 91.7819 -37.2196 0.0000
      vertex 91.9056 -37.4379 0.0000
    endloop
  endfacet
  facet normal 0.000000 0.000000 1.000000
    outer loop
      vertex 78.1562 -38.0054 3.0000
      vertex 91.7819 -37.2196 3.0000
      vertex 78.3077 -37.6697 3.0000
    endloop
  endfacet
  facet normal 0.000000 0.000000 1.000000
    outer loop
      vertex 78.1562 -38.0054 3.0000
      vertex 91.9056 -37.4379 3.0000
      vertex 91.7819 -37.2196 3.0000
    endloop
  endfacet
  facet normal -0.911506 -0.411287 -0.000000
    outer loop
      vertex 78.1562 -31.5946 0.0000
      vertex 78.3077 -31.9303 0.0000
      vertex 78.3077 -31.9303 3.0000
    endloop
  endfacet
  facet normal -0.911506 -0.411287 0.000000
    outer loop
      vertex 78.1562 -31.5946 0.0000
      vertex 78.3077 -31.9303 3.0000
      vertex 78.1562 -31.5946 3.0000
    endloop
  endfacet
  facet normal 0.000000 0.000000 -1.000000
    outer loop
      vertex 78.1562 -31.5946 0.0000
      vertex 91.7819 -32.3804 0.0000
      vertex 78.3077 -31.9303 0.0000
    endloop
  endfacet
  facet normal 0.000000 0.000000 -1.000000
    outer loop
      vertex 78.1562 -31.5946 0.0000
      vertex 91.9056 -32.1621 0.0000
      vertex 91.7819 -32.3804 0.0000
    endloop
  endfacet
  facet normal 0.000000 0.000000 1.000000
    outer loop
      vertex 78.1562 -31.5946 3.0000
      vertex 78.3077 -31.9303 3.0000
      vertex 91.7819 -32.3804 3.0000
    endloop
  endfacet
  facet normal 0.000000 -0.000000 1.000000
    outer loop
      vertex 78.1562 -31.5946 3.0000
      vertex 91.7819 -32.3804 3.0000
      vertex 91.9056 -32.1621 3.0000
    endloop
  endfacet
  facet normal -0.930874 0.365341 0.000000
    outer loop
      vertex 78.3077 -37.6697 0.0000
      vertex 78.3077 -37.6697 3.0000
      vertex 78.4423 -37.3268 0.0000
    endloop
  endfacet
  facet normal 0.000000 0.000000 -1.000000
    outer loop
      vertex 78.3077 -37.6697 0.0000
      vertex 78.4423 -37.3268 0.0000
      vertex 91.6691 -36.9955 0.0000
    endloop
  endfacet
  facet normal -0.000000 0.000000 -1.000000
    outer loop
      vertex 78.3077 -37.6697 0.0000
      vertex 91.6691 -36.9955 0.0000
      vertex 91.7819 -37.2196 0.0000
    endloop
  endfacet
  facet normal -0.930874 0.365341 0.000000
    outer loop
      vertex 78.3077 -37.6697 3.0000
      vertex 78.4423 -37.3268 3.0000
      vertex 78.4423 -37.3268 0.0000
    endloop
  endfacet
  facet normal 0.000000 0.000000 1.000000
    outer loop
      vertex 78.3077 -37.6697 3.0000
      vertex 91.6691 -36.9955 3.0000
      vertex 78.4423 -37.3268 3.0000
    endloop
  endfacet
  facet normal 0.000000 0.000000 1.000000
    outer loop
      vertex 78.3077 -37.6697 3.0000
      vertex 91.7819 -37.2196 3.0000
      vertex 91.6691 -36.9955 3.0000
    endloop
  endfacet
  facet normal -0.930874 -0.365341 -0.000000
    outer loop
      vertex 78.3077 -31.9303 0.0000
      vertex 78.4423 -32.2732 0.0000
      vertex 78.4423 -32.2732 3.0000
    endloop
  endfacet
  facet normal -0.930874 -0.365341 0.000000
    outer loop
      vertex 78.3077 -31.9303 0.0000
      vertex 78.4423 -32.2732 3.0000
      vertex 78.3077 -31.9303 3.0000
    endloop
  endfacet
  facet normal 0.000000 0.000000 -1.000000
    outer loop
      vertex 78.3077 -31.9303 0.0000
      vertex 91.6691 -32.6045 0.0000
      vertex 78.4423 -32.2732 0.0000
    endloop
  endfacet
  facet normal 0.000000 0.000000 -1.000000
    outer loop
      vertex 78.3077 -31.9303 0.0000
      vertex 91.7819 -32.3804 0.0000
      vertex 91.6691 -32.6045 0.0000
    endloop
  endfacet
  facet normal 0.000000 0.000000 1.000000
    outer loop
      vertex 78.3077 -31.9303 3.0000
      vertex 78.4423 -32.2732 3.0000
      vertex 91.6691 -32.6045 3.0000
    endloop
  endfacet
  facet normal 0.000000 -0.000000 1.000000
    outer loop
      vertex 78.3077 -31.9303 3.0000
      vertex 91.6691 -32.6045 3.0000
      vertex 91.7819 -32.3804 3.0000
    endloop
  endfacet
  facet normal -0.947927 0.318487 0.000000
    outer loop
      vertex 78.4423 -37.3268 0.0000
      vertex 78.4423 -37.3268 3.0000
      vertex 78.5596 -36.9776 0.0000
    endloop
  endfacet
  facet normal 0.000000 0.000000 -1.000000
    outer loop
      vertex 78.4423 -37.3268 0.0000
      vertex 78.5596 -36.9776 0.0000
      vertex 91.5675 -36.7661 0.0000
    endloop
  endfacet
  facet normal -0.000000 0.000000 -1.000000
    outer loop
      vertex 78.4423 -37.3268 0.0000
      vertex 91.5675 -36.7661 0.0000
      vertex 91.6691 -36.9955 0.0000
    endloop
  endfacet
  facet normal -0.947927 0.318487 0.000000
    outer loop
      vertex 78.4423 -37.3268 3.0000
      vertex 78.5596 -36.9776 3.0000
      vertex 78.5596 -36.9776 0.0000
    endloop
  endfacet
  facet normal 0.000000 0.000000 1.000000
    outer loop
      vertex 78.4423 -37.3268 3.0000
      vertex 91.5675 -36.7661 3.0000
      vertex 78.5596 -36.9776 3.0000
    endloop
  endfacet
  facet normal 0.000000 0.000000 1.000000
    outer loop
      vertex 78.4423 -37.3268 3.0000
      vertex 91.6691 -36.9955 3.0000
      vertex 91.5675 -36.7661 3.0000
    endloop
  endfacet
  facet normal -0.947927 -0.318487 -0.000000
    outer loop
      vertex 78.4423 -32.2732 0.0000
      vertex 78.5596 -32.6224 0.0000
      vertex 78.5596 -32.6224 3.0000
    endloop
  endfacet
  facet normal -0.947927 -0.318487 0.000000
    outer loop
      vertex 78.4423 -32.2732 0.0000
      vertex 78.5596 -32.6224 3.0000
      vertex 78.4423 -32.2732 3.0000
    endloop
  endfacet
  facet normal 0.000000 0.000000 -1.000000
    outer loop
      vertex 78.4423 -32.2732 0.0000
      vertex 91.5675 -32.8339 0.0000
      vertex 78.5596 -32.6224 0.0000
    endloop
  endfacet
  facet normal 0.000000 0.000000 -1.000000
    outer loop
      vertex 78.4423 -32.2732 0.0000
      vertex 91.6691 -32.6045 0.0000
      vertex 91.5675 -32.8339 0.0000
    endloop
  endfacet
  facet normal 0.000000 0.000000 1.000000
    outer loop
      vertex 78.4423 -32.2732 3.0000
      vertex 78.5596 -32.6224 3.0000
      vertex 91.5675 -32.8339 3.0000
    endloop
  endfacet
  facet normal 0.000000 -0.000000 1.000000
    outer loop
      vertex 78.4423 -32.2732 3.0000
      vertex 91.5675 -32.8339 3.0000
      vertex 91.6691 -32.6045 3.0000
    endloop
  endfacet
  facet normal -0.962624 0.270840 0.000000
    outer loop
      vertex 78.5596 -36.9776 0.0000
      vertex 78.5596 -36.9776 3.0000
      vertex 78.6593 -36.6230 3.0000
    endloop
  endfacet
  facet normal 0.000000 0.000000 -1.000000
    outer loop
      vertex 78.5596 -36.9776 0.0000
      vertex 78.6593 -36.6230 0.0000
      vertex 91.4772 -36.5321 0.0000
    endloop
  endfacet
  facet normal -0.962624 0.270840 0.000000
    outer loop
      vertex 78.5596 -36.9776 0.0000
      vertex 78.6593 -36.6230 3.0000
      vertex 78.6593 -36.6230 0.0000
    endloop
  endfacet
  facet normal -0.000000 0.000000 -1.000000
    outer loop
      vertex 78.5596 -36.9776 0.0000
      vertex 91.4772 -36.5321 0.0000
      vertex 91.5675 -36.7661 0.0000
    endloop
  endfacet
  facet normal 0.000000 0.000000 1.000000
    outer loop
      vertex 78.5596 -36.9776 3.0000
      vertex 91.4772 -36.5321 3.0000
      vertex 78.6593 -36.6230 3.0000
    endloop
  endfacet
  facet normal 0.000000 0.000000 1.000000
    outer loop
      vertex 78.5596 -36.9776 3.0000
      vertex 91.5675 -36.7661 3.0000
      vertex 91.4772 -36.5321 3.0000
    endloop
  endfacet
  facet normal -0.962624 -0.270840 -0.000000
    outer loop
      vertex 78.5596 -32.6224 0.0000
      vertex 78.6593 -32.9770 0.0000
      vertex 78.6593 -32.9770 3.0000
    endloop
  endfacet
  facet normal -0.962624 -0.270840 0.000000
    outer loop
      vertex 78.5596 -32.6224 0.0000
      vertex 78.6593 -32.9770 3.0000
      vertex 78.5596 -32.6224 3.0000
    endloop
  endfacet
  facet normal 0.000000 0.000000 -1.000000
    outer loop
      vertex 78.5596 -32.6224 0.0000
      vertex 91.4772 -33.0679 0.0000
      vertex 78.6593 -32.9770 0.0000
    endloop
  endfacet
  facet normal 0.000000 0.000000 -1.000000
    outer loop
      vertex 78.5596 -32.6224 0.0000
      vertex 91.5675 -32.8339 0.0000
      vertex 91.4772 -33.0679 0.0000
    endloop
  endfacet
  facet normal 0.000000 0.000000 1.000000
    outer loop
      vertex 78.5596 -32.6224 3.0000
      vertex 78.6593 -32.9770 3.0000
      vertex 91.4772 -33.0679 3.0000
    endloop
  endfacet
  facet normal 0.000000 -0.000000 1.000000
    outer loop
      vertex 78.5596 -32.6224 3.0000
      vertex 91.4772 -33.0679 3.0000
      vertex 91.5675 -32.8339 3.0000
    endloop
  endfacet
  facet normal -0.974928 0.222521 0.000000
    outer loop
      vertex 78.6593 -36.6230 0.0000
      vertex 78.6593 -36.6230 3.0000
      vertex 78.7413 -36.2639 3.0000
    endloop
  endfacet
  facet normal 0.000000 0.000000 -1.000000
    outer loop
      vertex 78.6593 -36.6230 0.0000
      vertex 78.7413 -36.2639 0.0000
      vertex 91.3315 -36.0520 0.0000
    endloop
  endfacet
  facet normal -0.974928 0.222521 0.000000
    outer loop
      vertex 78.6593 -36.6230 0.0000
      vertex 78.7413 -36.2639 3.0000
      vertex 78.7413 -36.2639 0.0000
    endloop
  endfacet
  facet normal -0.000000 0.000000 -1.000000
    outer loop
      vertex 78.6593 -36.6230 0.0000
      vertex 91.3315 -36.0520 0.0000
      vertex 91.3985 -36.2938 0.0000
    endloop
  endfacet
  facet normal -0.000000 0.000000 -1.000000
    outer loop
      vertex 78.6593 -36.6230 0.0000
      vertex 91.3985 -36.2938 0.0000
      vertex 91.4772 -36.5321 0.0000
    endloop
  endfacet
  facet normal 0.000000 0.000000 1.000000
    outer loop
      vertex 78.6593 -36.6230 3.0000
      vertex 91.3315 -36.0520 3.0000
      vertex 78.7413 -36.2639 3.0000
    endloop
  endfacet
  facet normal 0.000000 0.000000 1.000000
    outer loop
      vertex 78.6593 -36.6230 3.0000
      vertex 91.3985 -36.2938 3.0000
      vertex 91.3315 -36.0520 3.0000
    endloop
  endfacet
  facet normal 0.000000 0.000000 1.000000
    outer loop
      vertex 78.6593 -36.6230 3.0000
      vertex 91.4772 -36.5321 3.0000
      vertex 91.3985 -36.2938 3.0000
    endloop
  endfacet
  facet normal -0.974928 -0.222521 -0.000000
    outer loop
      vertex 78.6593 -32.9770 0.0000
      vertex 78.7413 -33.3361 0.0000
      vertex 78.7413 -33.3361 3.0000
    endloop
  endfacet
  facet normal -0.974928 -0.222521 0.000000
    outer loop
      vertex 78.6593 -32.9770 0.0000
      vertex 78.7413 -33.3361 3.0000
      vertex 78.6593 -32.9770 3.0000
    endloop
  endfacet
  facet normal 0.000000 0.000000 -1.000000
    outer loop
      vertex 78.6593 -32.9770 0.0000
      vertex 91.3315 -33.5480 0.0000
      vertex 78.7413 -33.3361 0.0000
    endloop
  endfacet
  facet normal 0.000000 0.000000 -1.000000
    outer loop
      vertex 78.6593 -32.9770 0.0000
      vertex 91.3985 -33.3062 0.0000
      vertex 91.3315 -33.5480 0.0000
    endloop
  endfacet
  facet normal 0.000000 0.000000 -1.000000
    outer loop
      vertex 78.6593 -32.9770 0.0000
      vertex 91.4772 -33.0679 0.0000
      vertex 91.3985 -33.3062 0.0000
    endloop
  endfacet
  facet normal 0.000000 0.000000 1.000000
    outer loop
      vertex 78.6593 -32.9770 3.0000
      vertex 78.7413 -33.3361 3.0000
      vertex 91.3315 -33.5480 3.0000
    endloop
  endfacet
  facet normal 0.000000 -0.000000 1.000000
    outer loop
      vertex 78.6593 -32.9770 3.0000
      vertex 91.3315 -33.5480 3.0000
      vertex 91.3985 -33.3062 3.0000
    endloop
  endfacet
  facet normal 0.000000 -0.000000 1.000000
    outer loop
      vertex 78.6593 -32.9770 3.0000
      vertex 91.3985 -33.3062 3.0000
      vertex 91.4772 -33.0679 3.0000
    endloop
  endfacet
  facet normal -0.984808 0.173648 0.000000
    outer loop
      vertex 78.7413 -36.2639 0.0000
      vertex 78.7413 -36.2639 3.0000
      vertex 78.8053 -35.9011 0.0000
    endloop
  endfacet
  facet normal 0.000000 0.000000 -1.000000
    outer loop
      vertex 78.7413 -36.2639 0.0000
      vertex 78.8053 -35.9011 0.0000
      vertex 91.2766 -35.8072 0.0000
    endloop
  endfacet
  facet normal -0.000000 0.000000 -1.000000
    outer loop
      vertex 78.7413 -36.2639 0.0000
      vertex 91.2766 -35.8072 0.0000
      vertex 91.3315 -36.0520 0.0000
    endloop
  endfacet
  facet normal -0.984808 0.173648 0.000000
    outer loop
      vertex 78.7413 -36.2639 3.0000
      vertex 78.8053 -35.9011 3.0000
      vertex 78.8053 -35.9011 0.0000
    endloop
  endfacet
  facet normal 0.000000 0.000000 1.000000
    outer loop
      vertex 78.7413 -36.2639 3.0000
      vertex 91.2766 -35.8072 3.0000
      vertex 78.8053 -35.9011 3.0000
    endloop
  endfacet
  facet normal 0.000000 0.000000 1.000000
    outer loop
      vertex 78.7413 -36.2639 3.0000
      vertex 91.3315 -36.0520 3.0000
      vertex 91.2766 -35.8072 3.0000
    endloop
  endfacet
  facet normal -0.984808 -0.173648 -0.000000
    outer loop
      vertex 78.7413 -33.3361 0.0000
      vertex 78.8053 -33.6989 0.0000
      vertex 78.8053 -33.6989 3.0000
    endloop
  endfacet
  facet normal -0.984808 -0.173648 0.000000
    outer loop
      vertex 78.7413 -33.3361 0.0000
      vertex 78.8053 -33.6989 3.0000
      vertex 78.7413 -33.3361 3.0000
    endloop
  endfacet
  facet normal 0.000000 0.000000 -1.000000
    outer loop
      vertex 78.7413 -33.3361 0.0000
      vertex 91.2766 -33.7928 0.0000
      vertex 78.8053 -33.6989 0.0000
    endloop
  endfacet
  facet normal 0.000000 0.000000 -1.000000
    outer loop
      vertex 78.7413 -33.3361 0.0000
      vertex 91.3315 -33.5480 0.0000
      vertex 91.2766 -33.7928 0.0000
    endloop
  endfacet
  facet normal 0.000000 0.000000 1.000000
    outer loop
      vertex 78.7413 -33.3361 3.0000
      vertex 78.8053 -33.6989 3.0000
      vertex 91.2766 -33.7928 3.0000
    endloop
  endfacet
  facet normal 0.000000 -0.000000 1.000000
    outer loop
      vertex 78.7413 -33.3361 3.0000
      vertex 91.2766 -33.7928 3.0000
      vertex 91.3315 -33.5480 3.0000
    endloop
  endfacet
  facet normal -0.992239 0.124344 0.000000
    outer loop
      vertex 78.8053 -35.9011 0.0000
      vertex 78.8053 -35.9011 3.0000
      vertex 78.8511 -35.5356 3.0000
    endloop
  endfacet
  facet normal -0.000000 0.000000 -1.000000
    outer loop
      vertex 78.8053 -35.9011 0.0000
      vertex 78.8511 -35.5356 0.0000
      vertex 91.2337 -35.5600 0.0000
    endloop
  endfacet
  facet normal -0.992239 0.124344 0.000000
    outer loop
      vertex 78.8053 -35.9011 0.0000
      vertex 78.8511 -35.5356 3.0000
      vertex 78.8511 -35.5356 0.0000
    endloop
  endfacet
  facet normal -0.000000 0.000000 -1.000000
    outer loop
      vertex 78.8053 -35.9011 0.0000
      vertex 91.2337 -35.5600 0.0000
      vertex 91.2766 -35.8072 0.0000
    endloop
  endfacet
  facet normal 0.000000 0.000000 1.000000
    outer loop
      vertex 78.8053 -35.9011 3.0000
      vertex 91.2337 -35.5600 3.0000
      vertex 78.8511 -35.5356 3.0000
    endloop
  endfacet
  facet normal 0.000000 0.000000 1.000000
    outer loop
      vertex 78.8053 -35.9011 3.0000
      vertex 91.2766 -35.8072 3.0000
      vertex 91.2337 -35.5600 3.0000
    endloop
  endfacet
  facet normal -0.992239 -0.124344 -0.000000
    outer loop
      vertex 78.8053 -33.6989 0.0000
      vertex 78.8511 -34.0644 0.0000
      vertex 78.8511 -34.0644 3.0000
    endloop
  endfacet
  facet normal -0.992239 -0.124344 0.000000
    outer loop
      vertex 78.8053 -33.6989 0.0000
      vertex 78.8511 -34.0644 3.0000
      vertex 78.8053 -33.6989 3.0000
    endloop
  endfacet
  facet normal -0.000000 0.000000 -1.000000
    outer loop
      vertex 78.8053 -33.6989 0.0000
      vertex 91.2337 -34.0400 0.0000
      vertex 78.8511 -34.0644 0.0000
    endloop
  endfacet
  facet normal 0.000000 0.000000 -1.000000
    outer loop
      vertex 78.8053 -33.6989 0.0000
      vertex 91.2766 -33.7928 0.0000
      vertex 91.2337 -34.0400 0.0000
    endloop
  endfacet
  facet normal 0.000000 0.000000 1.000000
    outer loop
      vertex 78.8053 -33.6989 3.0000
      vertex 78.8511 -34.0644 3.0000
      vertex 91.2337 -34.0400 3.0000
    endloop
  endfacet
  facet normal 0.000000 -0.000000 1.000000
    outer loop
      vertex 78.8053 -33.6989 3.0000
      vertex 91.2337 -34.0400 3.0000
      vertex 91.2766 -33.7928 3.0000
    endloop
  endfacet
  facet normal -0.997204 0.074730 0.000000
    outer loop
      vertex 78.8511 -35.5356 0.0000
      vertex 78.8511 -35.5356 3.0000
      vertex 78.8786 -35.1683 0.0000
    endloop
  endfacet
  facet normal -0.000000 0.000000 -1.000000
    outer loop
      vertex 78.8511 -35.5356 0.0000
      vertex 78.8786 -35.1683 0.0000
      vertex 91.2030 -35.3110 0.0000
    endloop
  endfacet
  facet normal 0.000000 0.000000 -1.000000
    outer loop
      vertex 78.8511 -35.5356 0.0000
      vertex 91.2030 -35.3110 0.0000
      vertex 91.2337 -35.5600 0.0000
    endloop
  endfacet
  facet normal -0.997204 0.074730 0.000000
    outer loop
      vertex 78.8511 -35.5356 3.0000
      vertex 78.8786 -35.1683 3.0000
      vertex 78.8786 -35.1683 0.0000
    endloop
  endfacet
  facet normal 0.000000 0.000000 1.000000
    outer loop
      vertex 78.8511 -35.5356 3.0000
      vertex 91.2030 -35.3110 3.0000
      vertex 78.8786 -35.1683 3.0000
    endloop
  endfacet
  facet normal 0.000000 0.000000 1.000000
    outer loop
      vertex 78.8511 -35.5356 3.0000
      vertex 91.2337 -35.5600 3.0000
      vertex 91.2030 -35.3110 3.0000
    endloop
  endfacet
  facet normal -0.997204 -0.074730 -0.000000
    outer loop
      vertex 78.8511 -34.0644 0.0000
      vertex 78.8786 -34.4317 0.0000
      vertex 78.8786 -34.4317 3.0000
    endloop
  endfacet
  facet normal -0.997204 -0.074730 0.000000
    outer loop
      vertex 78.8511 -34.0644 0.0000
      vertex 78.8786 -34.4317 3.0000
      vertex 78.8511 -34.0644 3.0000
    endloop
  endfacet
  facet normal -0.000000 0.000000 -1.000000
    outer loop
      vertex 78.8511 -34.0644 0.0000
      vertex 91.2030 -34.2890 0.0000
      vertex 78.8786 -34.4317 0.0000
    endloop
  endfacet
  facet normal 0.000000 0.000000 -1.000000
    outer loop
      vertex 78.8511 -34.0644 0.0000
      vertex 91.2337 -34.0400 0.0000
      vertex 91.2030 -34.2890 0.0000
    endloop
  endfacet
  facet normal 0.000000 0.000000 1.000000
    outer loop
      vertex 78.8511 -34.0644 3.0000
      vertex 78.8786 -34.4317 3.0000
      vertex 91.2030 -34.2890 3.0000
    endloop
  endfacet
  facet normal 0.000000 -0.000000 1.000000
    outer loop
      vertex 78.8511 -34.0644 3.0000
      vertex 91.2030 -34.2890 3.0000
      vertex 91.2337 -34.0400 3.0000
    endloop
  endfacet
  facet normal -0.999689 0.024931 0.000000
    outer loop
      vertex 78.8786 -35.1683 0.0000
      vertex 78.8786 -35.1683 3.0000
      vertex 78.8878 -34.8000 0.0000
    endloop
  endfacet
  facet normal -0.000000 0.000000 -1.000000
    outer loop
      vertex 78.8786 -35.1683 0.0000
      vertex 78.8878 -34.8000 0.0000
      vertex 91.1845 -35.0608 0.0000
    endloop
  endfacet
  facet normal 0.000000 0.000000 -1.000000
    outer loop
      vertex 78.8786 -35.1683 0.0000
      vertex 91.1845 -35.0608 0.0000
      vertex 91.2030 -35.3110 0.0000
    endloop
  endfacet
  facet normal -0.999689 0.024931 0.000000
    outer loop
      vertex 78.8786 -35.1683 3.0000
      vertex 78.8878 -34.8000 3.0000
      vertex 78.8878 -34.8000 0.0000
    endloop
  endfacet
  facet normal 0.000000 0.000000 1.000000
    outer loop
      vertex 78.8786 -35.1683 3.0000
      vertex 91.1845 -35.0608 3.0000
      vertex 78.8878 -34.8000 3.0000
    endloop
  endfacet
  facet normal 0.000000 0.000000 1.000000
    outer loop
      vertex 78.8786 -35.1683 3.0000
      vertex 91.2030 -35.3110 3.0000
      vertex 91.1845 -35.0608 3.0000
    endloop
  endfacet
  facet normal -0.999689 -0.024931 -0.000000
    outer loop
      vertex 78.8786 -34.4317 0.0000
      vertex 78.8878 -34.8000 0.0000
      vertex 78.8878 -34.8000 3.0000
    endloop
  endfacet
  facet normal -0.999689 -0.024931 0.000000
    outer loop
      vertex 78.8786 -34.4317 0.0000
      vertex 78.8878 -34.8000 3.0000
      vertex 78.8786 -34.4317 3.0000
    endloop
  endfacet
  facet normal -0.000000 0.000000 -1.000000
    outer loop
      vertex 78.8786 -34.4317 0.0000
      vertex 91.1845 -34.5392 0.0000
      vertex 78.8878 -34.8000 0.0000
    endloop
  endfacet
  facet normal 0.000000 0.000000 -1.000000
    outer loop
      vertex 78.8786 -34.4317 0.0000
      vertex 91.2030 -34.2890 0.0000
      vertex 91.1845 -34.5392 0.0000
    endloop
  endfacet
  facet normal 0.000000 0.000000 1.000000
    outer loop
      vertex 78.8786 -34.4317 3.0000
      vertex 78.8878 -34.8000 3.0000
      vertex 91.1845 -34.5392 3.0000
    endloop
  endfacet
  facet normal 0.000000 -0.000000 1.000000
    outer loop
      vertex 78.8786 -34.4317 3.0000
      vertex 91.1845 -34.5392 3.0000
      vertex 91.2030 -34.2890 3.0000
    endloop
  endfacet
  facet normal 0.000000 0.000000 -1.000000
    outer loop
      vertex 78.8878 -34.8000 0.0000
      vertex 91.1784 -34.8100 0.0000
      vertex 91.1845 -35.0608 0.0000
    endloop
  endfacet
  facet normal 0.000000 0.000000 -1.000000
    outer loop
      vertex 78.8878 -34.8000 0.0000
      vertex 91.1784 -34.7900 0.0000
      vertex 91.1784 -34.8100 0.0000
    endloop
  endfacet
  facet normal -0.000000 0.000000 -1.000000
    outer loop
      vertex 78.8878 -34.8000 0.0000
      vertex 91.1845 -34.5392 0.0000
      vertex 91.1784 -34.7900 0.0000
    endloop
  endfacet
  facet normal 0.000000 -0.000000 1.000000
    outer loop
      vertex 78.8878 -34.8000 3.0000
      vertex 91.1784 -34.8100 3.0000
      vertex 91.1784 -34.7900 3.0000
    endloop
  endfacet
  facet normal 0.000000 -0.000000 1.000000
    outer loop
      vertex 78.8878 -34.8000 3.0000
      vertex 91.1784 -34.7900 3.0000
      vertex 91.1845 -34.5392 3.0000
    endloop
  endfacet
  facet normal 0.000000 0.000000 1.000000
    outer loop
      vertex 78.8878 -34.8000 3.0000
      vertex 91.1845 -35.0608 3.0000
      vertex 91.1784 -34.8100 3.0000
    endloop
  endfacet
  facet normal 0.999699 0.024541 0.000000
    outer loop
      vertex 91.1784 -34.8100 0.0000
      vertex 91.1784 -34.8100 3.0000
      vertex 91.1845 -35.0608 0.0000
    endloop
  endfacet
  facet normal 1.000000 0.000000 0.000000
    outer loop
      vertex 91.1784 -34.8100 0.0000
      vertex 91.1784 -34.7900 0.0000
      vertex 91.1784 -34.8100 3.0000
    endloop
  endfacet
  facet normal 1.000000 -0.000000 0.000000
    outer loop
      vertex 91.1784 -34.8100 3.0000
      vertex 91.1784 -34.7900 0.0000
      vertex 91.1784 -34.7900 3.0000
    endloop
  endfacet
  facet normal 0.999699 0.024541 0.000000
    outer loop
      vertex 91.1784 -34.8100 3.0000
      vertex 91.1845 -35.0608 3.0000
      vertex 91.1845 -35.0608 0.0000
    endloop
  endfacet
  facet normal 0.999699 -0.024541 0.000000
    outer loop
      vertex 91.1784 -34.7900 0.0000
      vertex 91.1845 -34.5392 0.0000
      vertex 91.1845 -34.5392 3.0000
    endloop
  endfacet
  facet normal 0.999699 -0.024541 0.000000
    outer loop
      vertex 91.1784 -34.7900 0.0000
      vertex 91.1845 -34.5392 3.0000
      vertex 91.1784 -34.7900 3.0000
    endloop
  endfacet
  facet normal 0.997290 0.073565 0.000000
    outer loop
      vertex 91.1845 -35.0608 0.0000
      vertex 91.1845 -35.0608 3.0000
      vertex 91.2030 -35.3110 0.0000
    endloop
  endfacet
  facet normal 0.997290 0.073565 0.000000
    outer loop
      vertex 91.1845 -35.0608 3.0000
      vertex 91.2030 -35.3110 3.0000
      vertex 91.2030 -35.3110 0.0000
    endloop
  endfacet
  facet normal 0.997290 -0.073565 0.000000
    outer loop
      vertex 91.1845 -34.5392 0.0000
      vertex 91.2030 -34.2890 0.0000
      vertex 91.2030 -34.2890 3.0000
    endloop
  endfacet
  facet normal 0.997290 -0.073565 0.000000
    outer loop
      vertex 91.1845 -34.5392 0.0000
      vertex 91.2030 -34.2890 3.0000
      vertex 91.1845 -34.5392 3.0000
    endloop
  endfacet
  facet normal 0.992480 0.122411 0.000000
    outer loop
      vertex 91.2030 -35.3110 0.0000
      vertex 91.2030 -35.3110 3.0000
      vertex 91.2337 -35.5600 0.0000
    endloop
  endfacet
  facet normal 0.992480 0.122411 0.000000
    outer loop
      vertex 91.2030 -35.3110 3.0000
      vertex 91.2337 -35.5600 3.0000
      vertex 91.2337 -35.5600 0.0000
    endloop
  endfacet
  facet normal 0.992480 -0.122411 0.000000
    outer loop
      vertex 91.2030 -34.2890 0.0000
      vertex 91.2337 -34.0400 0.0000
      vertex 91.2337 -34.0400 3.0000
    endloop
  endfacet
  facet normal 0.992480 -0.122411 0.000000
    outer loop
      vertex 91.2030 -34.2890 0.0000
      vertex 91.2337 -34.0400 3.0000
      vertex 91.2030 -34.2890 3.0000
    endloop
  endfacet
  facet normal 0.985278 0.170962 0.000000
    outer loop
      vertex 91.2337 -35.5600 0.0000
      vertex 91.2337 -35.5600 3.0000
      vertex 91.2766 -35.8072 0.0000
    endloop
  endfacet
  facet normal 0.985278 0.170962 0.000000
    outer loop
      vertex 91.2337 -35.5600 3.0000
      vertex 91.2766 -35.8072 3.0000
      vertex 91.2766 -35.8072 0.0000
    endloop
  endfacet
  facet normal 0.985278 -0.170962 0.000000
    outer loop
      vertex 91.2337 -34.0400 0.0000
      vertex 91.2766 -33.7928 0.0000
      vertex 91.2766 -33.7928 3.0000
    endloop
  endfacet
  facet normal 0.985278 -0.170962 0.000000
    outer loop
      vertex 91.2337 -34.0400 0.0000
      vertex 91.2766 -33.7928 3.0000
      vertex 91.2337 -34.0400 3.0000
    endloop
  endfacet
  facet normal 0.975702 0.219101 0.000000
    outer loop
      vertex 91.2766 -35.8072 0.0000
      vertex 91.2766 -35.8072 3.0000
      vertex 91.3315 -36.0520 3.0000
    endloop
  endfacet
  facet normal 0.975702 0.219101 0.000000
    outer loop
      vertex 91.2766 -35.8072 0.0000
      vertex 91.3315 -36.0520 3.0000
      vertex 91.3315 -36.0520 0.0000
    endloop
  endfacet
  facet normal 0.975702 -0.219101 0.000000
    outer loop
      vertex 91.2766 -33.7928 0.0000
      vertex 91.3315 -33.5480 0.0000
      vertex 91.3315 -33.5480 3.0000
    endloop
  endfacet
  facet normal 0.975702 -0.219101 0.000000
    outer loop
      vertex 91.2766 -33.7928 0.0000
      vertex 91.3315 -33.5480 3.0000
      vertex 91.2766 -33.7928 3.0000
    endloop
  endfacet
  facet normal 0.963776 0.266713 0.000000
    outer loop
      vertex 91.3315 -36.0520 0.0000
      vertex 91.3315 -36.0520 3.0000
      vertex 91.3985 -36.2938 0.0000
    endloop
  endfacet
  facet normal 0.963776 0.266713 0.000000
    outer loop
      vertex 91.3315 -36.0520 3.0000
      vertex 91.3985 -36.2938 3.0000
      vertex 91.3985 -36.2938 0.0000
    endloop
  endfacet
  facet normal 0.963776 -0.266713 0.000000
    outer loop
      vertex 91.3315 -33.5480 0.0000
      vertex 91.3985 -33.3062 0.0000
      vertex 91.3985 -33.3062 3.0000
    endloop
  endfacet
  facet normal 0.963776 -0.266713 0.000000
    outer loop
      vertex 91.3315 -33.5480 0.0000
      vertex 91.3985 -33.3062 3.0000
      vertex 91.3315 -33.5480 3.0000
    endloop
  endfacet
  facet normal 0.949528 0.313682 0.000000
    outer loop
      vertex 91.3985 -36.2938 0.0000
      vertex 91.3985 -36.2938 3.0000
      vertex 91.4772 -36.5321 0.0000
    endloop
  endfacet
  facet normal 0.949528 0.313682 0.000000
    outer loop
      vertex 91.3985 -36.2938 3.0000
      vertex 91.4772 -36.5321 3.0000
      vertex 91.4772 -36.5321 0.0000
    endloop
  endfacet
  facet normal 0.949528 -0.313682 0.000000
    outer loop
      vertex 91.3985 -33.3062 0.0000
      vertex 91.4772 -33.0679 0.0000
      vertex 91.4772 -33.0679 3.0000
    endloop
  endfacet
  facet normal 0.949528 -0.313682 0.000000
    outer loop
      vertex 91.3985 -33.3062 0.0000
      vertex 91.4772 -33.0679 3.0000
      vertex 91.3985 -33.3062 3.0000
    endloop
  endfacet
  facet normal 0.932993 0.359895 0.000000
    outer loop
      vertex 91.4772 -36.5321 0.0000
      vertex 91.4772 -36.5321 3.0000
      vertex 91.5675 -36.7661 0.0000
    endloop
  endfacet
  facet normal 0.932993 0.359895 0.000000
    outer loop
      vertex 91.4772 -36.5321 3.0000
      vertex 91.5675 -36.7661 3.0000
      vertex 91.5675 -36.7661 0.0000
    endloop
  endfacet
  facet normal 0.932993 -0.359895 0.000000
    outer loop
      vertex 91.4772 -33.0679 0.0000
      vertex 91.5675 -32.8339 0.0000
      vertex 91.5675 -32.8339 3.0000
    endloop
  endfacet
  facet normal 0.932993 -0.359895 0.000000
    outer loop
      vertex 91.4772 -33.0679 0.0000
      vertex 91.5675 -32.8339 3.0000
      vertex 91.4772 -33.0679 3.0000
    endloop
  endfacet
  facet normal 0.914210 0.405241 0.000000
    outer loop
      vertex 91.5675 -36.7661 0.0000
      vertex 91.5675 -36.7661 3.0000
      vertex 91.6691 -36.9955 3.0000
    endloop
  endfacet
  facet normal 0.914210 0.405241 0.000000
    outer loop
      vertex 91.5675 -36.7661 0.0000
      vertex 91.6691 -36.9955 3.0000
      vertex 91.6691 -36.9955 0.0000
    endloop
  endfacet
  facet normal 0.914210 -0.405241 0.000000
    outer loop
      vertex 91.5675 -32.8339 0.0000
      vertex 91.6691 -32.6045 0.0000
      vertex 91.6691 -32.6045 3.0000
    endloop
  endfacet
  facet normal 0.914210 -0.405241 0.000000
    outer loop
      vertex 91.5675 -32.8339 0.0000
      vertex 91.6691 -32.6045 3.0000
      vertex 91.5675 -32.8339 3.0000
    endloop
  endfacet
  facet normal 0.893224 0.449611 0.000000
    outer loop
      vertex 91.6691 -36.9955 0.0000
      vertex 91.6691 -36.9955 3.0000
      vertex 91.7819 -37.2196 0.0000
    endloop
  endfacet
  facet normal 0.893224 0.449611 0.000000
    outer loop
      vertex 91.6691 -36.9955 3.0000
      vertex 91.7819 -37.2196 3.0000
      vertex 91.7819 -37.2196 0.0000
    endloop
  endfacet
  facet normal 0.893224 -0.449611 0.000000
    outer loop
      vertex 91.6691 -32.6045 0.0000
      vertex 91.7819 -32.3804 0.0000
      vertex 91.7819 -32.3804 3.0000
    endloop
  endfacet
  facet normal 0.893224 -0.449611 0.000000
    outer loop
      vertex 91.6691 -32.6045 0.0000
      vertex 91.7819 -32.3804 3.0000
      vertex 91.6691 -32.6045 3.0000
    endloop
  endfacet
  facet normal 0.870087 0.492898 0.000000
    outer loop
      vertex 91.7819 -37.2196 0.0000
      vertex 91.7819 -37.2196 3.0000
      vertex 91.9056 -37.4379 3.0000
    endloop
  endfacet
  facet normal 0.870087 0.492898 0.000000
    outer loop
      vertex 91.7819 -37.2196 0.0000
      vertex 91.9056 -37.4379 3.0000
      vertex 91.9056 -37.4379 0.0000
    endloop
  endfacet
  facet normal 0.870087 -0.492898 0.000000
    outer loop
      vertex 91.7819 -32.3804 0.0000
      vertex 91.9056 -32.1621 0.0000
      vertex 91.9056 -32.1621 3.0000
    endloop
  endfacet
  facet normal 0.870087 -0.492898 0.000000
    outer loop
      vertex 91.7819 -32.3804 0.0000
      vertex 91.9056 -32.1621 3.0000
      vertex 91.7819 -32.3804 3.0000
    endloop
  endfacet
  facet normal 0.844854 0.534998 0.000000
    outer loop
      vertex 91.9056 -37.4379 0.0000
      vertex 91.9056 -37.4379 3.0000
      vertex 92.0398 -37.6499 0.0000
    endloop
  endfacet
  facet normal 0.844854 0.534998 0.000000
    outer loop
      vertex 91.9056 -37.4379 3.0000
      vertex 92.0398 -37.6499 3.0000
      vertex 92.0398 -37.6499 0.0000
    endloop
  endfacet
  facet normal 0.844854 -0.534998 0.000000
    outer loop
      vertex 91.9056 -32.1621 0.0000
      vertex 92.0398 -31.9501 0.0000
      vertex 92.0398 -31.9501 3.0000
    endloop
  endfacet
  facet normal 0.844854 -0.534998 0.000000
    outer loop
      vertex 91.9056 -32.1621 0.0000
      vertex 92.0398 -31.9501 3.0000
      vertex 91.9056 -32.1621 3.0000
    endloop
  endfacet
  facet normal 0.817585 0.575808 0.000000
    outer loop
      vertex 92.0398 -37.6499 0.0000
      vertex 92.0398 -37.6499 3.0000
      vertex 92.1843 -37.8550 0.0000
    endloop
  endfacet
  facet normal 0.817585 0.575808 0.000000
    outer loop
      vertex 92.0398 -37.6499 3.0000
      vertex 92.1843 -37.8550 3.0000
      vertex 92.1843 -37.8550 0.0000
    endloop
  endfacet
  facet normal 0.817585 -0.575808 0.000000
    outer loop
      vertex 92.0398 -31.9501 0.0000
      vertex 92.1843 -31.7450 0.0000
      vertex 92.1843 -31.7450 3.0000
    endloop
  endfacet
  facet normal 0.817585 -0.575808 0.000000
    outer loop
      vertex 92.0398 -31.9501 0.0000
      vertex 92.1843 -31.7450 3.0000
      vertex 92.0398 -31.9501 3.0000
    endloop
  endfacet
  facet normal 0.788346 0.615232 0.000000
    outer loop
      vertex 92.1843 -37.8550 0.0000
      vertex 92.1843 -37.8550 3.0000
      vertex 92.3386 -38.0528 0.0000
    endloop
  endfacet
  facet normal 0.788346 0.615232 0.000000
    outer loop
      vertex 92.1843 -37.8550 3.0000
      vertex 92.3386 -38.0528 3.0000
      vertex 92.3386 -38.0528 0.0000
    endloop
  endfacet
  facet normal 0.788346 -0.615232 0.000000
    outer loop
      vertex 92.1843 -31.7450 0.0000
      vertex 92.3386 -31.5472 0.0000
      vertex 92.3386 -31.5472 3.0000
    endloop
  endfacet
  facet normal 0.788346 -0.615232 0.000000
    outer loop
      vertex 92.1843 -31.7450 0.0000
      vertex 92.3386 -31.5472 3.0000
      vertex 92.1843 -31.7450 3.0000
    endloop
  endfacet
  facet normal 0.757209 0.653173 0.000000
    outer loop
      vertex 92.3386 -38.0528 0.0000
      vertex 92.3386 -38.0528 3.0000
      vertex 92.5025 -38.2428 0.0000
    endloop
  endfacet
  facet normal 0.757209 0.653173 0.000000
    outer loop
      vertex 92.3386 -38.0528 3.0000
      vertex 92.5025 -38.2428 3.0000
      vertex 92.5025 -38.2428 0.0000
    endloop
  endfacet
  facet normal 0.757209 -0.653173 0.000000
    outer loop
      vertex 92.3386 -31.5472 0.0000
      vertex 92.5025 -31.3572 0.0000
      vertex 92.5025 -31.3572 3.0000
    endloop
  endfacet
  facet normal 0.757209 -0.653173 0.000000
    outer loop
      vertex 92.3386 -31.5472 0.0000
      vertex 92.5025 -31.3572 3.0000
      vertex 92.3386 -31.5472 3.0000
    endloop
  endfacet
  facet normal 0.724247 0.689541 0.000000
    outer loop
      vertex 92.5025 -38.2428 0.0000
      vertex 92.5025 -38.2428 3.0000
      vertex 92.6755 -38.4245 3.0000
    endloop
  endfacet
  facet normal 0.724247 0.689541 0.000000
    outer loop
      vertex 92.5025 -38.2428 0.0000
      vertex 92.6755 -38.4245 3.0000
      vertex 92.6755 -38.4245 0.0000
    endloop
  endfacet
  facet normal 0.724247 -0.689541 0.000000
    outer loop
      vertex 92.5025 -31.3572 0.0000
      vertex 92.6755 -31.1755 0.0000
      vertex 92.6755 -31.1755 3.0000
    endloop
  endfacet
  facet normal 0.724247 -0.689541 0.000000
    outer loop
      vertex 92.5025 -31.3572 0.0000
      vertex 92.6755 -31.1755 3.0000
      vertex 92.5025 -31.3572 3.0000
    endloop
  endfacet
  facet normal 0.689541 0.724247 0.000000
    outer loop
      vertex 92.6755 -38.4245 0.0000
      vertex 92.6755 -38.4245 3.0000
      vertex 92.8572 -38.5975 0.0000
    endloop
  endfacet
  facet normal 0.689541 0.724247 0.000000
    outer loop
      vertex 92.6755 -38.4245 3.0000
      vertex 92.8572 -38.5975 3.0000
      vertex 92.8572 -38.5975 0.0000
    endloop
  endfacet
  facet normal 0.689541 -0.724247 0.000000
    outer loop
      vertex 92.6755 -31.1755 0.0000
      vertex 92.8572 -31.0025 0.0000
      vertex 92.8572 -31.0025 3.0000
    endloop
  endfacet
  facet normal 0.689541 -0.724247 0.000000
    outer loop
      vertex 92.6755 -31.1755 0.0000
      vertex 92.8572 -31.0025 3.0000
      vertex 92.6755 -31.1755 3.0000
    endloop
  endfacet
  facet normal 0.653173 0.757209 0.000000
    outer loop
      vertex 92.8572 -38.5975 0.0000
      vertex 92.8572 -38.5975 3.0000
      vertex 93.0472 -38.7614 0.0000
    endloop
  endfacet
  facet normal 0.653173 0.757209 0.000000
    outer loop
      vertex 92.8572 -38.5975 3.0000
      vertex 93.0472 -38.7614 3.0000
      vertex 93.0472 -38.7614 0.0000
    endloop
  endfacet
  facet normal 0.653173 -0.757209 0.000000
    outer loop
      vertex 92.8572 -31.0025 0.0000
      vertex 93.0472 -30.8386 0.0000
      vertex 93.0472 -30.8386 3.0000
    endloop
  endfacet
  facet normal 0.653173 -0.757209 0.000000
    outer loop
      vertex 92.8572 -31.0025 0.0000
      vertex 93.0472 -30.8386 3.0000
      vertex 92.8572 -31.0025 3.0000
    endloop
  endfacet
  facet normal 0.615232 0.788346 0.000000
    outer loop
      vertex 93.0472 -38.7614 0.0000
      vertex 93.0472 -38.7614 3.0000
      vertex 93.2450 -38.9157 0.0000
    endloop
  endfacet
  facet normal 0.615232 0.788346 0.000000
    outer loop
      vertex 93.0472 -38.7614 3.0000
      vertex 93.2450 -38.9157 3.0000
      vertex 93.2450 -38.9157 0.0000
    endloop
  endfacet
  facet normal 0.615232 -0.788346 0.000000
    outer loop
      vertex 93.0472 -30.8386 0.0000
      vertex 93.2450 -30.6843 0.0000
      vertex 93.0472 -30.8386 3.0000
    endloop
  endfacet
  facet normal 0.615232 -0.788346 0.000000
    outer loop
      vertex 93.0472 -30.8386 3.0000
      vertex 93.2450 -30.6843 0.0000
      vertex 93.2450 -30.6843 3.0000
    endloop
  endfacet
  facet normal 0.575808 0.817585 0.000000
    outer loop
      vertex 93.2450 -38.9157 0.0000
      vertex 93.2450 -38.9157 3.0000
      vertex 93.4501 -39.0602 3.0000
    endloop
  endfacet
  facet normal 0.575808 0.817585 0.000000
    outer loop
      vertex 93.2450 -38.9157 0.0000
      vertex 93.4501 -39.0602 3.0000
      vertex 93.4501 -39.0602 0.0000
    endloop
  endfacet
  facet normal 0.575808 -0.817585 0.000000
    outer loop
      vertex 93.2450 -30.6843 0.0000
      vertex 93.4501 -30.5398 0.0000
      vertex 93.4501 -30.5398 3.0000
    endloop
  endfacet
  facet normal 0.575808 -0.817585 0.000000
    outer loop
      vertex 93.2450 -30.6843 0.0000
      vertex 93.4501 -30.5398 3.0000
      vertex 93.2450 -30.6843 3.0000
    endloop
  endfacet
  facet normal 0.534998 0.844854 0.000000
    outer loop
      vertex 93.4501 -39.0602 0.0000
      vertex 93.4501 -39.0602 3.0000
      vertex 93.6621 -39.1944 0.0000
    endloop
  endfacet
  facet normal 0.534998 0.844854 0.000000
    outer loop
      vertex 93.4501 -39.0602 3.0000
      vertex 93.6621 -39.1944 3.0000
      vertex 93.6621 -39.1944 0.0000
    endloop
  endfacet
  facet normal 0.534998 -0.844854 0.000000
    outer loop
      vertex 93.4501 -30.5398 0.0000
      vertex 93.6621 -30.4056 0.0000
      vertex 93.6621 -30.4056 3.0000
    endloop
  endfacet
  facet normal 0.534998 -0.844854 0.000000
    outer loop
      vertex 93.4501 -30.5398 0.0000
      vertex 93.6621 -30.4056 3.0000
      vertex 93.4501 -30.5398 3.0000
    endloop
  endfacet
  facet normal 0.492898 0.870087 0.000000
    outer loop
      vertex 93.6621 -39.1944 0.0000
      vertex 93.6621 -39.1944 3.0000
      vertex 93.8804 -39.3181 0.0000
    endloop
  endfacet
  facet normal 0.492898 0.870087 0.000000
    outer loop
      vertex 93.6621 -39.1944 3.0000
      vertex 93.8804 -39.3181 3.0000
      vertex 93.8804 -39.3181 0.0000
    endloop
  endfacet
  facet normal 0.492898 -0.870087 0.000000
    outer loop
      vertex 93.6621 -30.4056 0.0000
      vertex 93.8804 -30.2819 0.0000
      vertex 93.6621 -30.4056 3.0000
    endloop
  endfacet
  facet normal 0.492898 -0.870087 0.000000
    outer loop
      vertex 93.6621 -30.4056 3.0000
      vertex 93.8804 -30.2819 0.0000
      vertex 93.8804 -30.2819 3.0000
    endloop
  endfacet
  facet normal 0.449611 0.893224 0.000000
    outer loop
      vertex 93.8804 -39.3181 0.0000
      vertex 93.8804 -39.3181 3.0000
      vertex 94.1045 -39.4309 0.0000
    endloop
  endfacet
  facet normal 0.449611 0.893224 0.000000
    outer loop
      vertex 93.8804 -39.3181 3.0000
      vertex 94.1045 -39.4309 3.0000
      vertex 94.1045 -39.4309 0.0000
    endloop
  endfacet
  facet normal 0.449611 -0.893224 0.000000
    outer loop
      vertex 93.8804 -30.2819 0.0000
      vertex 94.1045 -30.1691 0.0000
      vertex 94.1045 -30.1691 3.0000
    endloop
  endfacet
  facet normal 0.449611 -0.893224 0.000000
    outer loop
      vertex 93.8804 -30.2819 0.0000
      vertex 94.1045 -30.1691 3.0000
      vertex 93.8804 -30.2819 3.0000
    endloop
  endfacet
  facet normal 0.405241 0.914210 0.000000
    outer loop
      vertex 94.1045 -39.4309 0.0000
      vertex 94.1045 -39.4309 3.0000
      vertex 94.3339 -39.5325 0.0000
    endloop
  endfacet
  facet normal 0.405241 0.914210 0.000000
    outer loop
      vertex 94.1045 -39.4309 3.0000
      vertex 94.3339 -39.5325 3.0000
      vertex 94.3339 -39.5325 0.0000
    endloop
  endfacet
  facet normal 0.405241 -0.914210 0.000000
    outer loop
      vertex 94.1045 -30.1691 0.0000
      vertex 94.3339 -30.0675 0.0000
      vertex 94.3339 -30.0675 3.0000
    endloop
  endfacet
  facet normal 0.405241 -0.914210 0.000000
    outer loop
      vertex 94.1045 -30.1691 0.0000
      vertex 94.3339 -30.0675 3.0000
      vertex 94.1045 -30.1691 3.0000
    endloop
  endfacet
  facet normal 0.359895 0.932993 0.000000
    outer loop
      vertex 94.3339 -39.5325 0.0000
      vertex 94.3339 -39.5325 3.0000
      vertex 94.5679 -39.6228 0.0000
    endloop
  endfacet
  facet normal 0.359895 0.932993 0.000000
    outer loop
      vertex 94.3339 -39.5325 3.0000
      vertex 94.5679 -39.6228 3.0000
      vertex 94.5679 -39.6228 0.0000
    endloop
  endfacet
  facet normal 0.359895 -0.932993 0.000000
    outer loop
      vertex 94.3339 -30.0675 0.0000
      vertex 94.5679 -29.9772 0.0000
      vertex 94.5679 -29.9772 3.0000
    endloop
  endfacet
  facet normal 0.359895 -0.932993 0.000000
    outer loop
      vertex 94.3339 -30.0675 0.0000
      vertex 94.5679 -29.9772 3.0000
      vertex 94.3339 -30.0675 3.0000
    endloop
  endfacet
  facet normal 0.313682 0.949528 0.000000
    outer loop
      vertex 94.5679 -39.6228 0.0000
      vertex 94.5679 -39.6228 3.0000
      vertex 94.8062 -39.7015 0.0000
    endloop
  endfacet
  facet normal 0.313682 0.949528 0.000000
    outer loop
      vertex 94.5679 -39.6228 3.0000
      vertex 94.8062 -39.7015 3.0000
      vertex 94.8062 -39.7015 0.0000
    endloop
  endfacet
  facet normal 0.313682 -0.949528 0.000000
    outer loop
      vertex 94.5679 -29.9772 0.0000
      vertex 94.8062 -29.8985 0.0000
      vertex 94.8062 -29.8985 3.0000
    endloop
  endfacet
  facet normal 0.313682 -0.949528 0.000000
    outer loop
      vertex 94.5679 -29.9772 0.0000
      vertex 94.8062 -29.8985 3.0000
      vertex 94.5679 -29.9772 3.0000
    endloop
  endfacet
  facet normal 0.266713 0.963776 0.000000
    outer loop
      vertex 94.8062 -39.7015 0.0000
      vertex 94.8062 -39.7015 3.0000
      vertex 95.0480 -39.7685 0.0000
    endloop
  endfacet
  facet normal 0.266713 0.963776 0.000000
    outer loop
      vertex 94.8062 -39.7015 3.0000
      vertex 95.0480 -39.7685 3.0000
      vertex 95.0480 -39.7685 0.0000
    endloop
  endfacet
  facet normal 0.266713 -0.963776 0.000000
    outer loop
      vertex 94.8062 -29.8985 0.0000
      vertex 95.0480 -29.8315 0.0000
      vertex 95.0480 -29.8315 3.0000
    endloop
  endfacet
  facet normal 0.266713 -0.963776 0.000000
    outer loop
      vertex 94.8062 -29.8985 0.0000
      vertex 95.0480 -29.8315 3.0000
      vertex 94.8062 -29.8985 3.0000
    endloop
  endfacet
  facet normal 0.219101 0.975702 0.000000
    outer loop
      vertex 95.0480 -39.7685 0.0000
      vertex 95.0480 -39.7685 3.0000
      vertex 95.2928 -39.8234 3.0000
    endloop
  endfacet
  facet normal 0.219101 0.975702 0.000000
    outer loop
      vertex 95.0480 -39.7685 0.0000
      vertex 95.2928 -39.8234 3.0000
      vertex 95.2928 -39.8234 0.0000
    endloop
  endfacet
  facet normal 0.219101 -0.975702 0.000000
    outer loop
      vertex 95.0480 -29.8315 0.0000
      vertex 95.2928 -29.7766 0.0000
      vertex 95.2928 -29.7766 3.0000
    endloop
  endfacet
  facet normal 0.219101 -0.975702 0.000000
    outer loop
      vertex 95.0480 -29.8315 0.0000
      vertex 95.2928 -29.7766 3.0000
      vertex 95.0480 -29.8315 3.0000
    endloop
  endfacet
  facet normal 0.170962 0.985278 0.000000
    outer loop
      vertex 95.2928 -39.8234 0.0000
      vertex 95.2928 -39.8234 3.0000
      vertex 95.5400 -39.8663 0.0000
    endloop
  endfacet
  facet normal 0.170962 0.985278 0.000000
    outer loop
      vertex 95.2928 -39.8234 3.0000
      vertex 95.5400 -39.8663 3.0000
      vertex 95.5400 -39.8663 0.0000
    endloop
  endfacet
  facet normal 0.170962 -0.985278 0.000000
    outer loop
      vertex 95.2928 -29.7766 0.0000
      vertex 95.5400 -29.7337 0.0000
      vertex 95.2928 -29.7766 3.0000
    endloop
  endfacet
  facet normal 0.170962 -0.985278 0.000000
    outer loop
      vertex 95.2928 -29.7766 3.0000
      vertex 95.5400 -29.7337 0.0000
      vertex 95.5400 -29.7337 3.0000
    endloop
  endfacet
  facet normal 0.122411 0.992480 0.000000
    outer loop
      vertex 95.5400 -39.8663 0.0000
      vertex 95.5400 -39.8663 3.0000
      vertex 95.7890 -39.8970 0.0000
    endloop
  endfacet
  facet normal 0.122411 0.992480 0.000000
    outer loop
      vertex 95.5400 -39.8663 3.0000
      vertex 95.7890 -39.8970 3.0000
      vertex 95.7890 -39.8970 0.0000
    endloop
  endfacet
  facet normal 0.122411 -0.992480 0.000000
    outer loop
      vertex 95.5400 -29.7337 0.0000
      vertex 95.7890 -29.7030 0.0000
      vertex 95.5400 -29.7337 3.0000
    endloop
  endfacet
  facet normal 0.122411 -0.992480 0.000000
    outer loop
      vertex 95.5400 -29.7337 3.0000
      vertex 95.7890 -29.7030 0.0000
      vertex 95.7890 -29.7030 3.0000
    endloop
  endfacet
  facet normal 0.073565 0.997290 0.000000
    outer loop
      vertex 95.7890 -39.8970 0.0000
      vertex 95.7890 -39.8970 3.0000
      vertex 96.0392 -39.9155 0.0000
    endloop
  endfacet
  facet normal 0.073565 0.997290 0.000000
    outer loop
      vertex 95.7890 -39.8970 3.0000
      vertex 96.0392 -39.9155 3.0000
      vertex 96.0392 -39.9155 0.0000
    endloop
  endfacet
  facet normal 0.073565 -0.997290 0.000000
    outer loop
      vertex 95.7890 -29.7030 0.0000
      vertex 96.0392 -29.6845 0.0000
      vertex 96.0392 -29.6845 3.0000
    endloop
  endfacet
  facet normal 0.073565 -0.997290 0.000000
    outer loop
      vertex 95.7890 -29.7030 0.0000
      vertex 96.0392 -29.6845 3.0000
      vertex 95.7890 -29.7030 3.0000
    endloop
  endfacet
  facet normal 0.024541 0.999699 0.000000
    outer loop
      vertex 96.0392 -39.9155 0.0000
      vertex 96.0392 -39.9155 3.0000
      vertex 96.2900 -39.9216 0.0000
    endloop
  endfacet
  facet normal 0.000000 0.000000 -1.000000
    outer loop
      vertex 96.0392 -39.9155 0.0000
      vertex 96.2900 -39.9216 0.0000
      vertex 115.5100 -43.3000 0.0000
    endloop
  endfacet
  facet normal 0.024541 0.999699 0.000000
    outer loop
      vertex 96.0392 -39.9155 3.0000
      vertex 96.2900 -39.9216 3.0000
      vertex 96.2900 -39.9216 0.0000
    endloop
  endfacet
  facet normal 0.000000 0.000000 1.000000
    outer loop
      vertex 96.0392 -39.9155 3.0000
      vertex 115.5100 -43.3000 3.0000
      vertex 96.2900 -39.9216 3.0000
    endloop
  endfacet
  facet normal 0.024541 -0.999699 0.000000
    outer loop
      vertex 96.0392 -29.6845 0.0000
      vertex 96.2900 -29.6784 0.0000
      vertex 96.2900 -29.6784 3.0000
    endloop
  endfacet
  facet normal 0.024541 -0.999699 0.000000
    outer loop
      vertex 96.0392 -29.6845 0.0000
      vertex 96.2900 -29.6784 3.0000
      vertex 96.0392 -29.6845 3.0000
    endloop
  endfacet
  facet normal 0.000000 0.000000 -1.000000
    outer loop
      vertex 96.0392 -29.6845 0.0000
      vertex 115.5100 -26.3000 0.0000
      vertex 96.2900 -29.6784 0.0000
    endloop
  endfacet
  facet normal 0.000000 0.000000 1.000000
    outer loop
      vertex 96.0392 -29.6845 3.0000
      vertex 96.2900 -29.6784 3.0000
      vertex 115.5100 -26.3000 3.0000
    endloop
  endfacet
  facet normal 0.000000 1.000000 0.000000
    outer loop
      vertex 96.2900 -39.9216 0.0000
      vertex 96.2900 -39.9216 3.0000
      vertex 99.7100 -39.9216 0.0000
    endloop
  endfacet
  facet normal 0.000000 0.000000 -1.000000
    outer loop
      vertex 96.2900 -39.9216 0.0000
      vertex 99.7100 -39.9216 0.0000
      vertex 115.5100 -43.3000 0.0000
    endloop
  endfacet
  facet normal 0.000000 1.000000 0.000000
    outer loop
      vertex 96.2900 -39.9216 3.0000
      vertex 99.7100 -39.9216 3.0000
      vertex 99.7100 -39.9216 0.0000
    endloop
  endfacet
  facet normal 0.000000 0.000000 1.000000
    outer loop
      vertex 96.2900 -39.9216 3.0000
      vertex 115.5100 -43.3000 3.0000
      vertex 99.7100 -39.9216 3.0000
    endloop
  endfacet
  facet normal 0.000000 -1.000000 0.000000
    outer loop
      vertex 96.2900 -29.6784 0.0000
      vertex 99.7100 -29.6784 0.0000
      vertex 96.2900 -29.6784 3.0000
    endloop
  endfacet
  facet normal 0.000000 0.000000 -1.000000
    outer loop
      vertex 96.2900 -29.6784 0.0000
      vertex 115.5100 -26.3000 0.0000
      vertex 99.7100 -29.6784 0.0000
    endloop
  endfacet
  facet normal -0.000000 -1.000000 -0.000000
    outer loop
      vertex 96.2900 -29.6784 3.0000
      vertex 99.7100 -29.6784 0.0000
      vertex 99.7100 -29.6784 3.0000
    endloop
  endfacet
  facet normal 0.000000 0.000000 1.000000
    outer loop
      vertex 96.2900 -29.6784 3.0000
      vertex 99.7100 -29.6784 3.0000
      vertex 115.5100 -26.3000 3.0000
    endloop
  endfacet
  facet normal -0.024541 0.999699 0.000000
    outer loop
      vertex 99.7100 -39.9216 0.0000
      vertex 99.7100 -39.9216 3.0000
      vertex 99.9608 -39.9155 0.0000
    endloop
  endfacet
  facet normal 0.000000 0.000000 -1.000000
    outer loop
      vertex 99.7100 -39.9216 0.0000
      vertex 99.9608 -39.9155 0.0000
      vertex 115.5100 -43.3000 0.0000
    endloop
  endfacet
  facet normal -0.024541 0.999699 0.000000
    outer loop
      vertex 99.7100 -39.9216 3.0000
      vertex 99.9608 -39.9155 3.0000
      vertex 99.9608 -39.9155 0.0000
    endloop
  endfacet
  facet normal 0.000000 0.000000 1.000000
    outer loop
      vertex 99.7100 -39.9216 3.0000
      vertex 115.5100 -43.3000 3.0000
      vertex 99.9608 -39.9155 3.0000
    endloop
  endfacet
  facet normal -0.024541 -0.999699 -0.000000
    outer loop
      vertex 99.7100 -29.6784 0.0000
      vertex 99.9608 -29.6845 0.0000
      vertex 99.9608 -29.6845 3.0000
    endloop
  endfacet
  facet normal -0.024541 -0.999699 0.000000
    outer loop
      vertex 99.7100 -29.6784 0.0000
      vertex 99.9608 -29.6845 3.0000
      vertex 99.7100 -29.6784 3.0000
    endloop
  endfacet
  facet normal 0.000000 0.000000 -1.000000
    outer loop
      vertex 99.7100 -29.6784 0.0000
      vertex 115.5100 -26.3000 0.0000
      vertex 99.9608 -29.6845 0.0000
    endloop
  endfacet
  facet normal 0.000000 0.000000 1.000000
    outer loop
      vertex 99.7100 -29.6784 3.0000
      vertex 99.9608 -29.6845 3.0000
      vertex 115.5100 -26.3000 3.0000
    endloop
  endfacet
  facet normal -0.073565 0.997290 0.000000
    outer loop
      vertex 99.9608 -39.9155 0.0000
      vertex 99.9608 -39.9155 3.0000
      vertex 100.2110 -39.8970 0.0000
    endloop
  endfacet
  facet normal 0.000000 0.000000 -1.000000
    outer loop
      vertex 99.9608 -39.9155 0.0000
      vertex 100.2110 -39.8970 0.0000
      vertex 115.5100 -43.3000 0.0000
    endloop
  endfacet
  facet normal -0.073565 0.997290 0.000000
    outer loop
      vertex 99.9608 -39.9155 3.0000
      vertex 100.2110 -39.8970 3.0000
      vertex 100.2110 -39.8970 0.0000
    endloop
  endfacet
  facet normal 0.000000 0.000000 1.000000
    outer loop
      vertex 99.9608 -39.9155 3.0000
      vertex 115.5100 -43.3000 3.0000
      vertex 100.2110 -39.8970 3.0000
    endloop
  endfacet
  facet normal -0.073565 -0.997290 -0.000000
    outer loop
      vertex 99.9608 -29.6845 0.0000
      vertex 100.2110 -29.7030 0.0000
      vertex 100.2110 -29.7030 3.0000
    endloop
  endfacet
  facet normal -0.073565 -0.997290 0.000000
    outer loop
      vertex 99.9608 -29.6845 0.0000
      vertex 100.2110 -29.7030 3.0000
      vertex 99.9608 -29.6845 3.0000
    endloop
  endfacet
  facet normal 0.000000 0.000000 -1.000000
    outer loop
      vertex 99.9608 -29.6845 0.0000
      vertex 115.5100 -26.3000 0.0000
      vertex 100.2110 -29.7030 0.0000
    endloop
  endfacet
  facet normal 0.000000 0.000000 1.000000
    outer loop
      vertex 99.9608 -29.6845 3.0000
      vertex 100.2110 -29.7030 3.0000
      vertex 115.5100 -26.3000 3.0000
    endloop
  endfacet
  facet normal -0.122411 0.992480 0.000000
    outer loop
      vertex 100.2110 -39.8970 0.0000
      vertex 100.2110 -39.8970 3.0000
      vertex 100.4600 -39.8663 0.0000
    endloop
  endfacet
  facet normal 0.000000 0.000000 -1.000000
    outer loop
      vertex 100.2110 -39.8970 0.0000
      vertex 100.4600 -39.8663 0.0000
      vertex 115.5100 -43.3000 0.0000
    endloop
  endfacet
  facet normal -0.122411 0.992480 0.000000
    outer loop
      vertex 100.2110 -39.8970 3.0000
      vertex 100.4600 -39.8663 3.0000
      vertex 100.4600 -39.8663 0.0000
    endloop
  endfacet
  facet normal 0.000000 0.000000 1.000000
    outer loop
      vertex 100.2110 -39.8970 3.0000
      vertex 115.5100 -43.3000 3.0000
      vertex 100.4600 -39.8663 3.0000
    endloop
  endfacet
  facet normal -0.122411 -0.992480 -0.000000
    outer loop
      vertex 100.2110 -29.7030 0.0000
      vertex 100.4600 -29.7337 0.0000
      vertex 100.4600 -29.7337 3.0000
    endloop
  endfacet
  facet normal -0.122411 -0.992480 0.000000
    outer loop
      vertex 100.2110 -29.7030 0.0000
      vertex 100.4600 -29.7337 3.0000
      vertex 100.2110 -29.7030 3.0000
    endloop
  endfacet
  facet normal 0.000000 0.000000 -1.000000
    outer loop
      vertex 100.2110 -29.7030 0.0000
      vertex 115.5100 -26.3000 0.0000
      vertex 100.4600 -29.7337 0.0000
    endloop
  endfacet
  facet normal 0.000000 0.000000 1.000000
    outer loop
      vertex 100.2110 -29.7030 3.0000
      vertex 100.4600 -29.7337 3.0000
      vertex 115.5100 -26.3000 3.0000
    endloop
  endfacet
  facet normal -0.170962 0.985278 0.000000
    outer loop
      vertex 100.4600 -39.8663 0.0000
      vertex 100.4600 -39.8663 3.0000
      vertex 100.7072 -39.8234 0.0000
    endloop
  endfacet
  facet normal 0.000000 0.000000 -1.000000
    outer loop
      vertex 100.4600 -39.8663 0.0000
      vertex 100.7072 -39.8234 0.0000
      vertex 115.5100 -43.3000 0.0000
    endloop
  endfacet
  facet normal -0.170962 0.985278 0.000000
    outer loop
      vertex 100.4600 -39.8663 3.0000
      vertex 100.7072 -39.8234 3.0000
      vertex 100.7072 -39.8234 0.0000
    endloop
  endfacet
  facet normal 0.000000 0.000000 1.000000
    outer loop
      vertex 100.4600 -39.8663 3.0000
      vertex 115.5100 -43.3000 3.0000
      vertex 100.7072 -39.8234 3.0000
    endloop
  endfacet
  facet normal -0.170962 -0.985278 -0.000000
    outer loop
      vertex 100.4600 -29.7337 0.0000
      vertex 100.7072 -29.7766 0.0000
      vertex 100.7072 -29.7766 3.0000
    endloop
  endfacet
  facet normal -0.170962 -0.985278 0.000000
    outer loop
      vertex 100.4600 -29.7337 0.0000
      vertex 100.7072 -29.7766 3.0000
      vertex 100.4600 -29.7337 3.0000
    endloop
  endfacet
  facet normal 0.000000 0.000000 -1.000000
    outer loop
      vertex 100.4600 -29.7337 0.0000
      vertex 115.5100 -26.3000 0.0000
      vertex 100.7072 -29.7766 0.0000
    endloop
  endfacet
  facet normal 0.000000 0.000000 1.000000
    outer loop
      vertex 100.4600 -29.7337 3.0000
      vertex 100.7072 -29.7766 3.0000
      vertex 115.5100 -26.3000 3.0000
    endloop
  endfacet
  facet normal -0.219101 0.975702 0.000000
    outer loop
      vertex 100.7072 -39.8234 0.0000
      vertex 100.7072 -39.8234 3.0000
      vertex 100.9520 -39.7685 0.0000
    endloop
  endfacet
  facet normal 0.000000 0.000000 -1.000000
    outer loop
      vertex 100.7072 -39.8234 0.0000
      vertex 100.9520 -39.7685 0.0000
      vertex 115.5100 -43.3000 0.0000
    endloop
  endfacet
  facet normal -0.219101 0.975702 0.000000
    outer loop
      vertex 100.7072 -39.8234 3.0000
      vertex 100.9520 -39.7685 3.0000
      vertex 100.9520 -39.7685 0.0000
    endloop
  endfacet
  facet normal 0.000000 0.000000 1.000000
    outer loop
      vertex 100.7072 -39.8234 3.0000
      vertex 115.5100 -43.3000 3.0000
      vertex 100.9520 -39.7685 3.0000
    endloop
  endfacet
  facet normal -0.219101 -0.975702 -0.000000
    outer loop
      vertex 100.7072 -29.7766 0.0000
      vertex 100.9520 -29.8315 0.0000
      vertex 100.9520 -29.8315 3.0000
    endloop
  endfacet
  facet normal -0.219101 -0.975702 0.000000
    outer loop
      vertex 100.7072 -29.7766 0.0000
      vertex 100.9520 -29.8315 3.0000
      vertex 100.7072 -29.7766 3.0000
    endloop
  endfacet
  facet normal 0.000000 0.000000 -1.000000
    outer loop
      vertex 100.7072 -29.7766 0.0000
      vertex 115.5100 -26.3000 0.0000
      vertex 100.9520 -29.8315 0.0000
    endloop
  endfacet
  facet normal 0.000000 0.000000 1.000000
    outer loop
      vertex 100.7072 -29.7766 3.0000
      vertex 100.9520 -29.8315 3.0000
      vertex 115.5100 -26.3000 3.0000
    endloop
  endfacet
  facet normal -0.266713 0.963776 0.000000
    outer loop
      vertex 100.9520 -39.7685 0.0000
      vertex 100.9520 -39.7685 3.0000
      vertex 101.1938 -39.7015 0.0000
    endloop
  endfacet
  facet normal 0.000000 0.000000 -1.000000
    outer loop
      vertex 100.9520 -39.7685 0.0000
      vertex 101.1938 -39.7015 0.0000
      vertex 115.5100 -43.3000 0.0000
    endloop
  endfacet
  facet normal -0.266713 0.963776 0.000000
    outer loop
      vertex 100.9520 -39.7685 3.0000
      vertex 101.1938 -39.7015 3.0000
      vertex 101.1938 -39.7015 0.0000
    endloop
  endfacet
  facet normal 0.000000 0.000000 1.000000
    outer loop
      vertex 100.9520 -39.7685 3.0000
      vertex 115.5100 -43.3000 3.0000
      vertex 101.1938 -39.7015 3.0000
    endloop
  endfacet
  facet normal -0.266713 -0.963776 -0.000000
    outer loop
      vertex 100.9520 -29.8315 0.0000
      vertex 101.1938 -29.8985 0.0000
      vertex 101.1938 -29.8985 3.0000
    endloop
  endfacet
  facet normal -0.266713 -0.963776 0.000000
    outer loop
      vertex 100.9520 -29.8315 0.0000
      vertex 101.1938 -29.8985 3.0000
      vertex 100.9520 -29.8315 3.0000
    endloop
  endfacet
  facet normal 0.000000 0.000000 -1.000000
    outer loop
      vertex 100.9520 -29.8315 0.0000
      vertex 115.5100 -26.3000 0.0000
      vertex 101.1938 -29.8985 0.0000
    endloop
  endfacet
  facet normal 0.000000 0.000000 1.000000
    outer loop
      vertex 100.9520 -29.8315 3.0000
      vertex 101.1938 -29.8985 3.0000
      vertex 115.5100 -26.3000 3.0000
    endloop
  endfacet
  facet normal -0.313682 0.949528 0.000000
    outer loop
      vertex 101.1938 -39.7015 0.0000
      vertex 101.1938 -39.7015 3.0000
      vertex 101.4321 -39.6228 3.0000
    endloop
  endfacet
  facet normal 0.000000 0.000000 -1.000000
    outer loop
      vertex 101.1938 -39.7015 0.0000
      vertex 101.4321 -39.6228 0.0000
      vertex 115.5100 -43.3000 0.0000
    endloop
  endfacet
  facet normal -0.313682 0.949528 0.000000
    outer loop
      vertex 101.1938 -39.7015 0.0000
      vertex 101.4321 -39.6228 3.0000
      vertex 101.4321 -39.6228 0.0000
    endloop
  endfacet
  facet normal 0.000000 0.000000 1.000000
    outer loop
      vertex 101.1938 -39.7015 3.0000
      vertex 115.5100 -43.3000 3.0000
      vertex 101.4321 -39.6228 3.0000
    endloop
  endfacet
  facet normal -0.313682 -0.949528 -0.000000
    outer loop
      vertex 101.1938 -29.8985 0.0000
      vertex 101.4321 -29.9772 0.0000
      vertex 101.4321 -29.9772 3.0000
    endloop
  endfacet
  facet normal -0.313682 -0.949528 0.000000
    outer loop
      vertex 101.1938 -29.8985 0.0000
      vertex 101.4321 -29.9772 3.0000
      vertex 101.1938 -29.8985 3.0000
    endloop
  endfacet
  facet normal 0.000000 0.000000 -1.000000
    outer loop
      vertex 101.1938 -29.8985 0.0000
      vertex 115.5100 -26.3000 0.0000
      vertex 101.4321 -29.9772 0.0000
    endloop
  endfacet
  facet normal 0.000000 0.000000 1.000000
    outer loop
      vertex 101.1938 -29.8985 3.0000
      vertex 101.4321 -29.9772 3.0000
      vertex 115.5100 -26.3000 3.0000
    endloop
  endfacet
  facet normal -0.359895 0.932993 0.000000
    outer loop
      vertex 101.4321 -39.6228 0.0000
      vertex 101.4321 -39.6228 3.0000
      vertex 101.6661 -39.5325 3.0000
    endloop
  endfacet
  facet normal 0.000000 0.000000 -1.000000
    outer loop
      vertex 101.4321 -39.6228 0.0000
      vertex 101.6661 -39.5325 0.0000
      vertex 115.5100 -43.3000 0.0000
    endloop
  endfacet
  facet normal -0.359895 0.932993 0.000000
    outer loop
      vertex 101.4321 -39.6228 0.0000
      vertex 101.6661 -39.5325 3.0000
      vertex 101.6661 -39.5325 0.0000
    endloop
  endfacet
  facet normal 0.000000 0.000000 1.000000
    outer loop
      vertex 101.4321 -39.6228 3.0000
      vertex 115.5100 -43.3000 3.0000
      vertex 101.6661 -39.5325 3.0000
    endloop
  endfacet
  facet normal -0.359895 -0.932993 -0.000000
    outer loop
      vertex 101.4321 -29.9772 0.0000
      vertex 101.6661 -30.0675 0.0000
      vertex 101.6661 -30.0675 3.0000
    endloop
  endfacet
  facet normal -0.359895 -0.932993 0.000000
    outer loop
      vertex 101.4321 -29.9772 0.0000
      vertex 101.6661 -30.0675 3.0000
      vertex 101.4321 -29.9772 3.0000
    endloop
  endfacet
  facet normal 0.000000 0.000000 -1.000000
    outer loop
      vertex 101.4321 -29.9772 0.0000
      vertex 115.5100 -26.3000 0.0000
      vertex 101.6661 -30.0675 0.0000
    endloop
  endfacet
  facet normal 0.000000 0.000000 1.000000
    outer loop
      vertex 101.4321 -29.9772 3.0000
      vertex 101.6661 -30.0675 3.0000
      vertex 115.5100 -26.3000 3.0000
    endloop
  endfacet
  facet normal -0.405241 0.914210 0.000000
    outer loop
      vertex 101.6661 -39.5325 0.0000
      vertex 101.6661 -39.5325 3.0000
      vertex 101.8955 -39.4309 0.0000
    endloop
  endfacet
  facet normal 0.000000 0.000000 -1.000000
    outer loop
      vertex 101.6661 -39.5325 0.0000
      vertex 101.8955 -39.4309 0.0000
      vertex 115.5100 -43.3000 0.0000
    endloop
  endfacet
  facet normal -0.405241 0.914210 0.000000
    outer loop
      vertex 101.6661 -39.5325 3.0000
      vertex 101.8955 -39.4309 3.0000
      vertex 101.8955 -39.4309 0.0000
    endloop
  endfacet
  facet normal 0.000000 0.000000 1.000000
    outer loop
      vertex 101.6661 -39.5325 3.0000
      vertex 115.5100 -43.3000 3.0000
      vertex 101.8955 -39.4309 3.0000
    endloop
  endfacet
  facet normal -0.405241 -0.914210 -0.000000
    outer loop
      vertex 101.6661 -30.0675 0.0000
      vertex 101.8955 -30.1691 0.0000
      vertex 101.8955 -30.1691 3.0000
    endloop
  endfacet
  facet normal -0.405241 -0.914210 0.000000
    outer loop
      vertex 101.6661 -30.0675 0.0000
      vertex 101.8955 -30.1691 3.0000
      vertex 101.6661 -30.0675 3.0000
    endloop
  endfacet
  facet normal 0.000000 0.000000 -1.000000
    outer loop
      vertex 101.6661 -30.0675 0.0000
      vertex 115.5100 -26.3000 0.0000
      vertex 101.8955 -30.1691 0.0000
    endloop
  endfacet
  facet normal 0.000000 0.000000 1.000000
    outer loop
      vertex 101.6661 -30.0675 3.0000
      vertex 101.8955 -30.1691 3.0000
      vertex 115.5100 -26.3000 3.0000
    endloop
  endfacet
  facet normal -0.449611 0.893224 0.000000
    outer loop
      vertex 101.8955 -39.4309 0.0000
      vertex 101.8955 -39.4309 3.0000
      vertex 102.1196 -39.3181 3.0000
    endloop
  endfacet
  facet normal 0.000000 0.000000 -1.000000
    outer loop
      vertex 101.8955 -39.4309 0.0000
      vertex 102.1196 -39.3181 0.0000
      vertex 115.5100 -43.3000 0.0000
    endloop
  endfacet
  facet normal -0.449611 0.893224 0.000000
    outer loop
      vertex 101.8955 -39.4309 0.0000
      vertex 102.1196 -39.3181 3.0000
      vertex 102.1196 -39.3181 0.0000
    endloop
  endfacet
  facet normal 0.000000 0.000000 1.000000
    outer loop
      vertex 101.8955 -39.4309 3.0000
      vertex 115.5100 -43.3000 3.0000
      vertex 102.1196 -39.3181 3.0000
    endloop
  endfacet
  facet normal -0.449611 -0.893224 -0.000000
    outer loop
      vertex 101.8955 -30.1691 0.0000
      vertex 102.1196 -30.2819 0.0000
      vertex 102.1196 -30.2819 3.0000
    endloop
  endfacet
  facet normal -0.449611 -0.893224 0.000000
    outer loop
      vertex 101.8955 -30.1691 0.0000
      vertex 102.1196 -30.2819 3.0000
      vertex 101.8955 -30.1691 3.0000
    endloop
  endfacet
  facet normal 0.000000 0.000000 -1.000000
    outer loop
      vertex 101.8955 -30.1691 0.0000
      vertex 115.5100 -26.3000 0.0000
      vertex 102.1196 -30.2819 0.0000
    endloop
  endfacet
  facet normal 0.000000 0.000000 1.000000
    outer loop
      vertex 101.8955 -30.1691 3.0000
      vertex 102.1196 -30.2819 3.0000
      vertex 115.5100 -26.3000 3.0000
    endloop
  endfacet
  facet normal -0.492898 0.870087 0.000000
    outer loop
      vertex 102.1196 -39.3181 0.0000
      vertex 102.1196 -39.3181 3.0000
      vertex 102.3379 -39.1944 0.0000
    endloop
  endfacet
  facet normal 0.000000 0.000000 -1.000000
    outer loop
      vertex 102.1196 -39.3181 0.0000
      vertex 102.3379 -39.1944 0.0000
      vertex 115.5100 -43.3000 0.0000
    endloop
  endfacet
  facet normal -0.492898 0.870087 0.000000
    outer loop
      vertex 102.1196 -39.3181 3.0000
      vertex 102.3379 -39.1944 3.0000
      vertex 102.3379 -39.1944 0.0000
    endloop
  endfacet
  facet normal 0.000000 0.000000 1.000000
    outer loop
      vertex 102.1196 -39.3181 3.0000
      vertex 115.5100 -43.3000 3.0000
      vertex 102.3379 -39.1944 3.0000
    endloop
  endfacet
  facet normal -0.492898 -0.870087 -0.000000
    outer loop
      vertex 102.1196 -30.2819 0.0000
      vertex 102.3379 -30.4056 0.0000
      vertex 102.3379 -30.4056 3.0000
    endloop
  endfacet
  facet normal -0.492898 -0.870087 0.000000
    outer loop
      vertex 102.1196 -30.2819 0.0000
      vertex 102.3379 -30.4056 3.0000
      vertex 102.1196 -30.2819 3.0000
    endloop
  endfacet
  facet normal 0.000000 0.000000 -1.000000
    outer loop
      vertex 102.1196 -30.2819 0.0000
      vertex 115.5100 -26.3000 0.0000
      vertex 102.3379 -30.4056 0.0000
    endloop
  endfacet
  facet normal 0.000000 0.000000 1.000000
    outer loop
      vertex 102.1196 -30.2819 3.0000
      vertex 102.3379 -30.4056 3.0000
      vertex 115.5100 -26.3000 3.0000
    endloop
  endfacet
  facet normal -0.534998 0.844854 0.000000
    outer loop
      vertex 102.3379 -39.1944 0.0000
      vertex 102.3379 -39.1944 3.0000
      vertex 102.5499 -39.0602 3.0000
    endloop
  endfacet
  facet normal 0.000000 0.000000 -1.000000
    outer loop
      vertex 102.3379 -39.1944 0.0000
      vertex 102.5499 -39.0602 0.0000
      vertex 115.5100 -43.3000 0.0000
    endloop
  endfacet
  facet normal -0.534998 0.844854 0.000000
    outer loop
      vertex 102.3379 -39.1944 0.0000
      vertex 102.5499 -39.0602 3.0000
      vertex 102.5499 -39.0602 0.0000
    endloop
  endfacet
  facet normal 0.000000 0.000000 1.000000
    outer loop
      vertex 102.3379 -39.1944 3.0000
      vertex 115.5100 -43.3000 3.0000
      vertex 102.5499 -39.0602 3.0000
    endloop
  endfacet
  facet normal -0.534998 -0.844854 -0.000000
    outer loop
      vertex 102.3379 -30.4056 0.0000
      vertex 102.5499 -30.5398 0.0000
      vertex 102.5499 -30.5398 3.0000
    endloop
  endfacet
  facet normal -0.534998 -0.844854 0.000000
    outer loop
      vertex 102.3379 -30.4056 0.0000
      vertex 102.5499 -30.5398 3.0000
      vertex 102.3379 -30.4056 3.0000
    endloop
  endfacet
  facet normal 0.000000 0.000000 -1.000000
    outer loop
      vertex 102.3379 -30.4056 0.0000
      vertex 115.5100 -26.3000 0.0000
      vertex 102.5499 -30.5398 0.0000
    endloop
  endfacet
  facet normal 0.000000 0.000000 1.000000
    outer loop
      vertex 102.3379 -30.4056 3.0000
      vertex 102.5499 -30.5398 3.0000
      vertex 115.5100 -26.3000 3.0000
    endloop
  endfacet
  facet normal -0.575808 0.817585 0.000000
    outer loop
      vertex 102.5499 -39.0602 0.0000
      vertex 102.5499 -39.0602 3.0000
      vertex 102.7550 -38.9157 0.0000
    endloop
  endfacet
  facet normal 0.000000 0.000000 -1.000000
    outer loop
      vertex 102.5499 -39.0602 0.0000
      vertex 102.7550 -38.9157 0.0000
      vertex 115.5100 -43.3000 0.0000
    endloop
  endfacet
  facet normal -0.575808 0.817585 0.000000
    outer loop
      vertex 102.5499 -39.0602 3.0000
      vertex 102.7550 -38.9157 3.0000
      vertex 102.7550 -38.9157 0.0000
    endloop
  endfacet
  facet normal 0.000000 0.000000 1.000000
    outer loop
      vertex 102.5499 -39.0602 3.0000
      vertex 115.5100 -43.3000 3.0000
      vertex 102.7550 -38.9157 3.0000
    endloop
  endfacet
  facet normal -0.575808 -0.817585 -0.000000
    outer loop
      vertex 102.5499 -30.5398 0.0000
      vertex 102.7550 -30.6843 0.0000
      vertex 102.7550 -30.6843 3.0000
    endloop
  endfacet
  facet normal -0.575808 -0.817585 0.000000
    outer loop
      vertex 102.5499 -30.5398 0.0000
      vertex 102.7550 -30.6843 3.0000
      vertex 102.5499 -30.5398 3.0000
    endloop
  endfacet
  facet normal 0.000000 0.000000 -1.000000
    outer loop
      vertex 102.5499 -30.5398 0.0000
      vertex 115.5100 -26.3000 0.0000
      vertex 102.7550 -30.6843 0.0000
    endloop
  endfacet
  facet normal 0.000000 0.000000 1.000000
    outer loop
      vertex 102.5499 -30.5398 3.0000
      vertex 102.7550 -30.6843 3.0000
      vertex 115.5100 -26.3000 3.0000
    endloop
  endfacet
  facet normal -0.615232 0.788346 0.000000
    outer loop
      vertex 102.7550 -38.9157 0.0000
      vertex 102.7550 -38.9157 3.0000
      vertex 102.9528 -38.7614 0.0000
    endloop
  endfacet
  facet normal 0.000000 0.000000 -1.000000
    outer loop
      vertex 102.7550 -38.9157 0.0000
      vertex 102.9528 -38.7614 0.0000
      vertex 115.5100 -43.3000 0.0000
    endloop
  endfacet
  facet normal -0.615232 0.788346 0.000000
    outer loop
      vertex 102.7550 -38.9157 3.0000
      vertex 102.9528 -38.7614 3.0000
      vertex 102.9528 -38.7614 0.0000
    endloop
  endfacet
  facet normal 0.000000 0.000000 1.000000
    outer loop
      vertex 102.7550 -38.9157 3.0000
      vertex 115.5100 -43.3000 3.0000
      vertex 102.9528 -38.7614 3.0000
    endloop
  endfacet
  facet normal -0.615232 -0.788346 -0.000000
    outer loop
      vertex 102.7550 -30.6843 0.0000
      vertex 102.9528 -30.8386 0.0000
      vertex 102.9528 -30.8386 3.0000
    endloop
  endfacet
  facet normal -0.615232 -0.788346 0.000000
    outer loop
      vertex 102.7550 -30.6843 0.0000
      vertex 102.9528 -30.8386 3.0000
      vertex 102.7550 -30.6843 3.0000
    endloop
  endfacet
  facet normal 0.000000 0.000000 -1.000000
    outer loop
      vertex 102.7550 -30.6843 0.0000
      vertex 115.5100 -26.3000 0.0000
      vertex 102.9528 -30.8386 0.0000
    endloop
  endfacet
  facet normal 0.000000 0.000000 1.000000
    outer loop
      vertex 102.7550 -30.6843 3.0000
      vertex 102.9528 -30.8386 3.0000
      vertex 115.5100 -26.3000 3.0000
    endloop
  endfacet
  facet normal -0.653173 0.757209 0.000000
    outer loop
      vertex 102.9528 -38.7614 0.0000
      vertex 102.9528 -38.7614 3.0000
      vertex 103.1428 -38.5975 3.0000
    endloop
  endfacet
  facet normal 0.000000 0.000000 -1.000000
    outer loop
      vertex 102.9528 -38.7614 0.0000
      vertex 103.1428 -38.5975 0.0000
      vertex 115.5100 -43.3000 0.0000
    endloop
  endfacet
  facet normal -0.653173 0.757209 0.000000
    outer loop
      vertex 102.9528 -38.7614 0.0000
      vertex 103.1428 -38.5975 3.0000
      vertex 103.1428 -38.5975 0.0000
    endloop
  endfacet
  facet normal 0.000000 0.000000 1.000000
    outer loop
      vertex 102.9528 -38.7614 3.0000
      vertex 115.5100 -43.3000 3.0000
      vertex 103.1428 -38.5975 3.0000
    endloop
  endfacet
  facet normal -0.653173 -0.757209 -0.000000
    outer loop
      vertex 102.9528 -30.8386 0.0000
      vertex 103.1428 -31.0025 0.0000
      vertex 103.1428 -31.0025 3.0000
    endloop
  endfacet
  facet normal -0.653173 -0.757209 0.000000
    outer loop
      vertex 102.9528 -30.8386 0.0000
      vertex 103.1428 -31.0025 3.0000
      vertex 102.9528 -30.8386 3.0000
    endloop
  endfacet
  facet normal 0.000000 0.000000 -1.000000
    outer loop
      vertex 102.9528 -30.8386 0.0000
      vertex 115.5100 -26.3000 0.0000
      vertex 103.1428 -31.0025 0.0000
    endloop
  endfacet
  facet normal 0.000000 0.000000 1.000000
    outer loop
      vertex 102.9528 -30.8386 3.0000
      vertex 103.1428 -31.0025 3.0000
      vertex 115.5100 -26.3000 3.0000
    endloop
  endfacet
  facet normal -0.689541 0.724247 0.000000
    outer loop
      vertex 103.1428 -38.5975 0.0000
      vertex 103.1428 -38.5975 3.0000
      vertex 103.3245 -38.4245 0.0000
    endloop
  endfacet
  facet normal 0.000000 0.000000 -1.000000
    outer loop
      vertex 103.1428 -38.5975 0.0000
      vertex 103.3245 -38.4245 0.0000
      vertex 115.5100 -43.3000 0.0000
    endloop
  endfacet
  facet normal -0.689541 0.724247 0.000000
    outer loop
      vertex 103.1428 -38.5975 3.0000
      vertex 103.3245 -38.4245 3.0000
      vertex 103.3245 -38.4245 0.0000
    endloop
  endfacet
  facet normal 0.000000 0.000000 1.000000
    outer loop
      vertex 103.1428 -38.5975 3.0000
      vertex 115.5100 -43.3000 3.0000
      vertex 103.3245 -38.4245 3.0000
    endloop
  endfacet
  facet normal -0.689541 -0.724247 -0.000000
    outer loop
      vertex 103.1428 -31.0025 0.0000
      vertex 103.3245 -31.1755 0.0000
      vertex 103.3245 -31.1755 3.0000
    endloop
  endfacet
  facet normal -0.689541 -0.724247 0.000000
    outer loop
      vertex 103.1428 -31.0025 0.0000
      vertex 103.3245 -31.1755 3.0000
      vertex 103.1428 -31.0025 3.0000
    endloop
  endfacet
  facet normal 0.000000 0.000000 -1.000000
    outer loop
      vertex 103.1428 -31.0025 0.0000
      vertex 115.5100 -26.3000 0.0000
      vertex 103.3245 -31.1755 0.0000
    endloop
  endfacet
  facet normal 0.000000 0.000000 1.000000
    outer loop
      vertex 103.1428 -31.0025 3.0000
      vertex 103.3245 -31.1755 3.0000
      vertex 115.5100 -26.3000 3.0000
    endloop
  endfacet
  facet normal -0.724247 0.689541 0.000000
    outer loop
      vertex 103.3245 -38.4245 0.0000
      vertex 103.3245 -38.4245 3.0000
      vertex 103.4975 -38.2428 3.0000
    endloop
  endfacet
  facet normal 0.000000 0.000000 -1.000000
    outer loop
      vertex 103.3245 -38.4245 0.0000
      vertex 103.4975 -38.2428 0.0000
      vertex 115.5100 -43.3000 0.0000
    endloop
  endfacet
  facet normal -0.724247 0.689541 0.000000
    outer loop
      vertex 103.3245 -38.4245 0.0000
      vertex 103.4975 -38.2428 3.0000
      vertex 103.4975 -38.2428 0.0000
    endloop
  endfacet
  facet normal 0.000000 0.000000 1.000000
    outer loop
      vertex 103.3245 -38.4245 3.0000
      vertex 115.5100 -43.3000 3.0000
      vertex 103.4975 -38.2428 3.0000
    endloop
  endfacet
  facet normal -0.724247 -0.689541 -0.000000
    outer loop
      vertex 103.3245 -31.1755 0.0000
      vertex 103.4975 -31.3572 0.0000
      vertex 103.4975 -31.3572 3.0000
    endloop
  endfacet
  facet normal -0.724247 -0.689541 0.000000
    outer loop
      vertex 103.3245 -31.1755 0.0000
      vertex 103.4975 -31.3572 3.0000
      vertex 103.3245 -31.1755 3.0000
    endloop
  endfacet
  facet normal 0.000000 0.000000 -1.000000
    outer loop
      vertex 103.3245 -31.1755 0.0000
      vertex 115.5100 -26.3000 0.0000
      vertex 103.4975 -31.3572 0.0000
    endloop
  endfacet
  facet normal 0.000000 0.000000 1.000000
    outer loop
      vertex 103.3245 -31.1755 3.0000
      vertex 103.4975 -31.3572 3.0000
      vertex 115.5100 -26.3000 3.0000
    endloop
  endfacet
  facet normal -0.757209 0.653173 0.000000
    outer loop
      vertex 103.4975 -38.2428 0.0000
      vertex 103.4975 -38.2428 3.0000
      vertex 103.6614 -38.0528 3.0000
    endloop
  endfacet
  facet normal 0.000000 0.000000 -1.000000
    outer loop
      vertex 103.4975 -38.2428 0.0000
      vertex 103.6614 -38.0528 0.0000
      vertex 115.5100 -43.3000 0.0000
    endloop
  endfacet
  facet normal -0.757209 0.653173 0.000000
    outer loop
      vertex 103.4975 -38.2428 0.0000
      vertex 103.6614 -38.0528 3.0000
      vertex 103.6614 -38.0528 0.0000
    endloop
  endfacet
  facet normal 0.000000 0.000000 1.000000
    outer loop
      vertex 103.4975 -38.2428 3.0000
      vertex 115.5100 -43.3000 3.0000
      vertex 103.6614 -38.0528 3.0000
    endloop
  endfacet
  facet normal -0.757209 -0.653173 -0.000000
    outer loop
      vertex 103.4975 -31.3572 0.0000
      vertex 103.6614 -31.5472 0.0000
      vertex 103.6614 -31.5472 3.0000
    endloop
  endfacet
  facet normal -0.757209 -0.653173 0.000000
    outer loop
      vertex 103.4975 -31.3572 0.0000
      vertex 103.6614 -31.5472 3.0000
      vertex 103.4975 -31.3572 3.0000
    endloop
  endfacet
  facet normal 0.000000 0.000000 -1.000000
    outer loop
      vertex 103.4975 -31.3572 0.0000
      vertex 115.5100 -26.3000 0.0000
      vertex 103.6614 -31.5472 0.0000
    endloop
  endfacet
  facet normal 0.000000 0.000000 1.000000
    outer loop
      vertex 103.4975 -31.3572 3.0000
      vertex 103.6614 -31.5472 3.0000
      vertex 115.5100 -26.3000 3.0000
    endloop
  endfacet
  facet normal -0.788346 0.615232 0.000000
    outer loop
      vertex 103.6614 -38.0528 0.0000
      vertex 103.6614 -38.0528 3.0000
      vertex 103.8157 -37.8550 0.0000
    endloop
  endfacet
  facet normal 0.000000 0.000000 -1.000000
    outer loop
      vertex 103.6614 -38.0528 0.0000
      vertex 103.8157 -37.8550 0.0000
      vertex 115.5100 -43.3000 0.0000
    endloop
  endfacet
  facet normal -0.788346 0.615232 0.000000
    outer loop
      vertex 103.6614 -38.0528 3.0000
      vertex 103.8157 -37.8550 3.0000
      vertex 103.8157 -37.8550 0.0000
    endloop
  endfacet
  facet normal 0.000000 0.000000 1.000000
    outer loop
      vertex 103.6614 -38.0528 3.0000
      vertex 115.5100 -43.3000 3.0000
      vertex 103.8157 -37.8550 3.0000
    endloop
  endfacet
  facet normal -0.788346 -0.615232 -0.000000
    outer loop
      vertex 103.6614 -31.5472 0.0000
      vertex 103.8157 -31.7450 0.0000
      vertex 103.6614 -31.5472 3.0000
    endloop
  endfacet
  facet normal 0.000000 0.000000 -1.000000
    outer loop
      vertex 103.6614 -31.5472 0.0000
      vertex 115.5100 -26.3000 0.0000
      vertex 103.8157 -31.7450 0.0000
    endloop
  endfacet
  facet normal -0.788346 -0.615232 -0.000000
    outer loop
      vertex 103.6614 -31.5472 3.0000
      vertex 103.8157 -31.7450 0.0000
      vertex 103.8157 -31.7450 3.0000
    endloop
  endfacet
  facet normal 0.000000 0.000000 1.000000
    outer loop
      vertex 103.6614 -31.5472 3.0000
      vertex 103.8157 -31.7450 3.0000
      vertex 115.5100 -26.3000 3.0000
    endloop
  endfacet
  facet normal -0.817585 0.575808 0.000000
    outer loop
      vertex 103.8157 -37.8550 0.0000
      vertex 103.8157 -37.8550 3.0000
      vertex 103.9602 -37.6499 0.0000
    endloop
  endfacet
  facet normal 0.000000 0.000000 -1.000000
    outer loop
      vertex 103.8157 -37.8550 0.0000
      vertex 103.9602 -37.6499 0.0000
      vertex 115.5100 -43.3000 0.0000
    endloop
  endfacet
  facet normal -0.817585 0.575808 0.000000
    outer loop
      vertex 103.8157 -37.8550 3.0000
      vertex 103.9602 -37.6499 3.0000
      vertex 103.9602 -37.6499 0.0000
    endloop
  endfacet
  facet normal 0.000000 0.000000 1.000000
    outer loop
      vertex 103.8157 -37.8550 3.0000
      vertex 115.5100 -43.3000 3.0000
      vertex 103.9602 -37.6499 3.0000
    endloop
  endfacet
  facet normal -0.817585 -0.575808 -0.000000
    outer loop
      vertex 103.8157 -31.7450 0.0000
      vertex 103.9602 -31.9501 0.0000
      vertex 103.9602 -31.9501 3.0000
    endloop
  endfacet
  facet normal -0.817585 -0.575808 0.000000
    outer loop
      vertex 103.8157 -31.7450 0.0000
      vertex 103.9602 -31.9501 3.0000
      vertex 103.8157 -31.7450 3.0000
    endloop
  endfacet
  facet normal 0.000000 0.000000 -1.000000
    outer loop
      vertex 103.8157 -31.7450 0.0000
      vertex 115.5100 -26.3000 0.0000
      vertex 103.9602 -31.9501 0.0000
    endloop
  endfacet
  facet normal 0.000000 0.000000 1.000000
    outer loop
      vertex 103.8157 -31.7450 3.0000
      vertex 103.9602 -31.9501 3.0000
      vertex 115.5100 -26.3000 3.0000
    endloop
  endfacet
  facet normal -0.844854 0.534998 0.000000
    outer loop
      vertex 103.9602 -37.6499 0.0000
      vertex 103.9602 -37.6499 3.0000
      vertex 104.0944 -37.4379 0.0000
    endloop
  endfacet
  facet normal 0.000000 0.000000 -1.000000
    outer loop
      vertex 103.9602 -37.6499 0.0000
      vertex 104.0944 -37.4379 0.0000
      vertex 113.5336 -36.0118 0.0000
    endloop
  endfacet
  facet normal 0.000000 0.000000 -1.000000
    outer loop
      vertex 103.9602 -37.6499 0.0000
      vertex 113.5336 -36.0118 0.0000
      vertex 115.5100 -43.3000 0.0000
    endloop
  endfacet
  facet normal -0.844854 0.534998 0.000000
    outer loop
      vertex 103.9602 -37.6499 3.0000
      vertex 104.0944 -37.4379 3.0000
      vertex 104.0944 -37.4379 0.0000
    endloop
  endfacet
  facet normal 0.000000 0.000000 1.000000
    outer loop
      vertex 103.9602 -37.6499 3.0000
      vertex 113.5336 -36.0118 3.0000
      vertex 104.0944 -37.4379 3.0000
    endloop
  endfacet
  facet normal 0.000000 0.000000 1.000000
    outer loop
      vertex 103.9602 -37.6499 3.0000
      vertex 115.5100 -43.3000 3.0000
      vertex 113.5336 -36.0118 3.0000
    endloop
  endfacet
  facet normal -0.844854 -0.534998 -0.000000
    outer loop
      vertex 103.9602 -31.9501 0.0000
      vertex 104.0944 -32.1621 0.0000
      vertex 104.0944 -32.1621 3.0000
    endloop
  endfacet
  facet normal -0.844854 -0.534998 0.000000
    outer loop
      vertex 103.9602 -31.9501 0.0000
      vertex 104.0944 -32.1621 3.0000
      vertex 103.9602 -31.9501 3.0000
    endloop
  endfacet
  facet normal 0.000000 0.000000 -1.000000
    outer loop
      vertex 103.9602 -31.9501 0.0000
      vertex 113.5336 -33.5882 0.0000
      vertex 104.0944 -32.1621 0.0000
    endloop
  endfacet
  facet normal 0.000000 0.000000 -1.000000
    outer loop
      vertex 103.9602 -31.9501 0.0000
      vertex 115.5100 -26.3000 0.0000
      vertex 113.5336 -33.5882 0.0000
    endloop
  endfacet
  facet normal 0.000000 0.000000 1.000000
    outer loop
      vertex 103.9602 -31.9501 3.0000
      vertex 104.0944 -32.1621 3.0000
      vertex 113.5336 -33.5882 3.0000
    endloop
  endfacet
  facet normal 0.000000 -0.000000 1.000000
    outer loop
      vertex 103.9602 -31.9501 3.0000
      vertex 113.5336 -33.5882 3.0000
      vertex 115.5100 -26.3000 3.0000
    endloop
  endfacet
  facet normal -0.870087 0.492898 0.000000
    outer loop
      vertex 104.0944 -37.4379 0.0000
      vertex 104.0944 -37.4379 3.0000
      vertex 104.2181 -37.2196 3.0000
    endloop
  endfacet
  facet normal 0.000000 0.000000 -1.000000
    outer loop
      vertex 104.0944 -37.4379 0.0000
      vertex 104.2181 -37.2196 0.0000
      vertex 113.4177 -35.9096 0.0000
    endloop
  endfacet
  facet normal -0.870087 0.492898 0.000000
    outer loop
      vertex 104.0944 -37.4379 0.0000
      vertex 104.2181 -37.2196 3.0000
      vertex 104.2181 -37.2196 0.0000
    endloop
  endfacet
  facet normal -0.000000 0.000000 -1.000000
    outer loop
      vertex 104.0944 -37.4379 0.0000
      vertex 113.4177 -35.9096 0.0000
      vertex 113.4744 -35.9622 0.0000
    endloop
  endfacet
  facet normal -0.000000 0.000000 -1.000000
    outer loop
      vertex 104.0944 -37.4379 0.0000
      vertex 113.4744 -35.9622 0.0000
      vertex 113.5336 -36.0118 0.0000
    endloop
  endfacet
  facet normal 0.000000 0.000000 1.000000
    outer loop
      vertex 104.0944 -37.4379 3.0000
      vertex 113.4177 -35.9096 3.0000
      vertex 104.2181 -37.2196 3.0000
    endloop
  endfacet
  facet normal 0.000000 0.000000 1.000000
    outer loop
      vertex 104.0944 -37.4379 3.0000
      vertex 113.4744 -35.9622 3.0000
      vertex 113.4177 -35.9096 3.0000
    endloop
  endfacet
  facet normal 0.000000 0.000000 1.000000
    outer loop
      vertex 104.0944 -37.4379 3.0000
      vertex 113.5336 -36.0118 3.0000
      vertex 113.4744 -35.9622 3.0000
    endloop
  endfacet
  facet normal -0.870087 -0.492898 -0.000000
    outer loop
      vertex 104.0944 -32.1621 0.0000
      vertex 104.2181 -32.3804 0.0000
      vertex 104.0944 -32.1621 3.0000
    endloop
  endfacet
  facet normal 0.000000 0.000000 -1.000000
    outer loop
      vertex 104.0944 -32.1621 0.0000
      vertex 113.4177 -33.6904 0.0000
      vertex 104.2181 -32.3804 0.0000
    endloop
  endfacet
  facet normal -0.000000 0.000000 -1.000000
    outer loop
      vertex 104.0944 -32.1621 0.0000
      vertex 113.4744 -33.6378 0.0000
      vertex 113.4177 -33.6904 0.0000
    endloop
  endfacet
  facet normal -0.000000 0.000000 -1.000000
    outer loop
      vertex 104.0944 -32.1621 0.0000
      vertex 113.5336 -33.5882 0.0000
      vertex 113.4744 -33.6378 0.0000
    endloop
  endfacet
  facet normal -0.870087 -0.492898 -0.000000
    outer loop
      vertex 104.0944 -32.1621 3.0000
      vertex 104.2181 -32.3804 0.0000
      vertex 104.2181 -32.3804 3.0000
    endloop
  endfacet
  facet normal 0.000000 0.000000 1.000000
    outer loop
      vertex 104.0944 -32.1621 3.0000
      vertex 104.2181 -32.3804 3.0000
      vertex 113.4177 -33.6904 3.0000
    endloop
  endfacet
  facet normal 0.000000 0.000000 1.000000
    outer loop
      vertex 104.0944 -32.1621 3.0000
      vertex 113.4177 -33.6904 3.0000
      vertex 113.4744 -33.6378 3.0000
    endloop
  endfacet
  facet normal 0.000000 0.000000 1.000000
    outer loop
      vertex 104.0944 -32.1621 3.0000
      vertex 113.4744 -33.6378 3.0000
      vertex 113.5336 -33.5882 3.0000
    endloop
  endfacet
  facet normal -0.893224 0.449611 0.000000
    outer loop
      vertex 104.2181 -37.2196 0.0000
      vertex 104.2181 -37.2196 3.0000
      vertex 104.3309 -36.9955 0.0000
    endloop
  endfacet
  facet normal 0.000000 0.000000 -1.000000
    outer loop
      vertex 104.2181 -37.2196 0.0000
      vertex 104.3309 -36.9955 0.0000
      vertex 113.3638 -35.8543 0.0000
    endloop
  endfacet
  facet normal -0.000000 0.000000 -1.000000
    outer loop
      vertex 104.2181 -37.2196 0.0000
      vertex 113.3638 -35.8543 0.0000
      vertex 113.4177 -35.9096 0.0000
    endloop
  endfacet
  facet normal -0.893224 0.449611 0.000000
    outer loop
      vertex 104.2181 -37.2196 3.0000
      vertex 104.3309 -36.9955 3.0000
      vertex 104.3309 -36.9955 0.0000
    endloop
  endfacet
  facet normal 0.000000 0.000000 1.000000
    outer loop
      vertex 104.2181 -37.2196 3.0000
      vertex 113.3638 -35.8543 3.0000
      vertex 104.3309 -36.9955 3.0000
    endloop
  endfacet
  facet normal 0.000000 0.000000 1.000000
    outer loop
      vertex 104.2181 -37.2196 3.0000
      vertex 113.4177 -35.9096 3.0000
      vertex 113.3638 -35.8543 3.0000
    endloop
  endfacet
  facet normal -0.893224 -0.449611 -0.000000
    outer loop
      vertex 104.2181 -32.3804 0.0000
      vertex 104.3309 -32.6045 0.0000
      vertex 104.3309 -32.6045 3.0000
    endloop
  endfacet
  facet normal -0.893224 -0.449611 0.000000
    outer loop
      vertex 104.2181 -32.3804 0.0000
      vertex 104.3309 -32.6045 3.0000
      vertex 104.2181 -32.3804 3.0000
    endloop
  endfacet
  facet normal 0.000000 0.000000 -1.000000
    outer loop
      vertex 104.2181 -32.3804 0.0000
      vertex 113.3638 -33.7457 0.0000
      vertex 104.3309 -32.6045 0.0000
    endloop
  endfacet
  facet normal 0.000000 0.000000 -1.000000
    outer loop
      vertex 104.2181 -32.3804 0.0000
      vertex 113.4177 -33.6904 0.0000
      vertex 113.3638 -33.7457 0.0000
    endloop
  endfacet
  facet normal 0.000000 0.000000 1.000000
    outer loop
      vertex 104.2181 -32.3804 3.0000
      vertex 104.3309 -32.6045 3.0000
      vertex 113.3638 -33.7457 3.0000
    endloop
  endfacet
  facet normal 0.000000 -0.000000 1.000000
    outer loop
      vertex 104.2181 -32.3804 3.0000
      vertex 113.3638 -33.7457 3.0000
      vertex 113.4177 -33.6904 3.0000
    endloop
  endfacet
  facet normal -0.914210 0.405241 0.000000
    outer loop
      vertex 104.3309 -36.9955 0.0000
      vertex 104.3309 -36.9955 3.0000
      vertex 104.4325 -36.7661 3.0000
    endloop
  endfacet
  facet normal 0.000000 0.000000 -1.000000
    outer loop
      vertex 104.3309 -36.9955 0.0000
      vertex 104.4325 -36.7661 0.0000
      vertex 113.2644 -35.7359 0.0000
    endloop
  endfacet
  facet normal -0.914210 0.405241 0.000000
    outer loop
      vertex 104.3309 -36.9955 0.0000
      vertex 104.4325 -36.7661 3.0000
      vertex 104.4325 -36.7661 0.0000
    endloop
  endfacet
  facet normal -0.000000 0.000000 -1.000000
    outer loop
      vertex 104.3309 -36.9955 0.0000
      vertex 113.2644 -35.7359 0.0000
      vertex 113.3126 -35.7963 0.0000
    endloop
  endfacet
  facet normal -0.000000 0.000000 -1.000000
    outer loop
      vertex 104.3309 -36.9955 0.0000
      vertex 113.3126 -35.7963 0.0000
      vertex 113.3638 -35.8543 0.0000
    endloop
  endfacet
  facet normal 0.000000 0.000000 1.000000
    outer loop
      vertex 104.3309 -36.9955 3.0000
      vertex 113.2644 -35.7359 3.0000
      vertex 104.4325 -36.7661 3.0000
    endloop
  endfacet
  facet normal 0.000000 0.000000 1.000000
    outer loop
      vertex 104.3309 -36.9955 3.0000
      vertex 113.3126 -35.7963 3.0000
      vertex 113.2644 -35.7359 3.0000
    endloop
  endfacet
  facet normal 0.000000 0.000000 1.000000
    outer loop
      vertex 104.3309 -36.9955 3.0000
      vertex 113.3638 -35.8543 3.0000
      vertex 113.3126 -35.7963 3.0000
    endloop
  endfacet
  facet normal -0.914210 -0.405241 -0.000000
    outer loop
      vertex 104.3309 -32.6045 0.0000
      vertex 104.4325 -32.8339 0.0000
      vertex 104.4325 -32.8339 3.0000
    endloop
  endfacet
  facet normal -0.914210 -0.405241 0.000000
    outer loop
      vertex 104.3309 -32.6045 0.0000
      vertex 104.4325 -32.8339 3.0000
      vertex 104.3309 -32.6045 3.0000
    endloop
  endfacet
  facet normal 0.000000 0.000000 -1.000000
    outer loop
      vertex 104.3309 -32.6045 0.0000
      vertex 113.2644 -33.8641 0.0000
      vertex 104.4325 -32.8339 0.0000
    endloop
  endfacet
  facet normal 0.000000 0.000000 -1.000000
    outer loop
      vertex 104.3309 -32.6045 0.0000
      vertex 113.3126 -33.8037 0.0000
      vertex 113.2644 -33.8641 0.0000
    endloop
  endfacet
  facet normal 0.000000 0.000000 -1.000000
    outer loop
      vertex 104.3309 -32.6045 0.0000
      vertex 113.3638 -33.7457 0.0000
      vertex 113.3126 -33.8037 0.0000
    endloop
  endfacet
  facet normal 0.000000 0.000000 1.000000
    outer loop
      vertex 104.3309 -32.6045 3.0000
      vertex 104.4325 -32.8339 3.0000
      vertex 113.2644 -33.8641 3.0000
    endloop
  endfacet
  facet normal 0.000000 -0.000000 1.000000
    outer loop
      vertex 104.3309 -32.6045 3.0000
      vertex 113.2644 -33.8641 3.0000
      vertex 113.3126 -33.8037 3.0000
    endloop
  endfacet
  facet normal 0.000000 -0.000000 1.000000
    outer loop
      vertex 104.3309 -32.6045 3.0000
      vertex 113.3126 -33.8037 3.0000
      vertex 113.3638 -33.7457 3.0000
    endloop
  endfacet
  facet normal -0.932993 0.359895 0.000000
    outer loop
      vertex 104.4325 -36.7661 0.0000
      vertex 104.4325 -36.7661 3.0000
      vertex 104.5228 -36.5321 0.0000
    endloop
  endfacet
  facet normal 0.000000 0.000000 -1.000000
    outer loop
      vertex 104.4325 -36.7661 0.0000
      vertex 104.5228 -36.5321 0.0000
      vertex 113.2193 -35.6731 0.0000
    endloop
  endfacet
  facet normal -0.000000 0.000000 -1.000000
    outer loop
      vertex 104.4325 -36.7661 0.0000
      vertex 113.2193 -35.6731 0.0000
      vertex 113.2644 -35.7359 0.0000
    endloop
  endfacet
  facet normal -0.932993 0.359895 0.000000
    outer loop
      vertex 104.4325 -36.7661 3.0000
      vertex 104.5228 -36.5321 3.0000
      vertex 104.5228 -36.5321 0.0000
    endloop
  endfacet
  facet normal 0.000000 0.000000 1.000000
    outer loop
      vertex 104.4325 -36.7661 3.0000
      vertex 113.2193 -35.6731 3.0000
      vertex 104.5228 -36.5321 3.0000
    endloop
  endfacet
  facet normal 0.000000 0.000000 1.000000
    outer loop
      vertex 104.4325 -36.7661 3.0000
      vertex 113.2644 -35.7359 3.0000
      vertex 113.2193 -35.6731 3.0000
    endloop
  endfacet
  facet normal -0.932993 -0.359895 -0.000000
    outer loop
      vertex 104.4325 -32.8339 0.0000
      vertex 104.5228 -33.0679 0.0000
      vertex 104.5228 -33.0679 3.0000
    endloop
  endfacet
  facet normal -0.932993 -0.359895 0.000000
    outer loop
      vertex 104.4325 -32.8339 0.0000
      vertex 104.5228 -33.0679 3.0000
      vertex 104.4325 -32.8339 3.0000
    endloop
  endfacet
  facet normal 0.000000 0.000000 -1.000000
    outer loop
      vertex 104.4325 -32.8339 0.0000
      vertex 113.2193 -33.9269 0.0000
      vertex 104.5228 -33.0679 0.0000
    endloop
  endfacet
  facet normal 0.000000 0.000000 -1.000000
    outer loop
      vertex 104.4325 -32.8339 0.0000
      vertex 113.2644 -33.8641 0.0000
      vertex 113.2193 -33.9269 0.0000
    endloop
  endfacet
  facet normal 0.000000 0.000000 1.000000
    outer loop
      vertex 104.4325 -32.8339 3.0000
      vertex 104.5228 -33.0679 3.0000
      vertex 113.2193 -33.9269 3.0000
    endloop
  endfacet
  facet normal 0.000000 -0.000000 1.000000
    outer loop
      vertex 104.4325 -32.8339 3.0000
      vertex 113.2193 -33.9269 3.0000
      vertex 113.2644 -33.8641 3.0000
    endloop
  endfacet
  facet normal -0.949528 0.313682 0.000000
    outer loop
      vertex 104.5228 -36.5321 0.0000
      vertex 104.5228 -36.5321 3.0000
      vertex 104.6015 -36.2938 0.0000
    endloop
  endfacet
  facet normal 0.000000 0.000000 -1.000000
    outer loop
      vertex 104.5228 -36.5321 0.0000
      vertex 104.6015 -36.2938 0.0000
      vertex 113.1388 -35.5413 0.0000
    endloop
  endfacet
  facet normal -0.000000 0.000000 -1.000000
    outer loop
      vertex 104.5228 -36.5321 0.0000
      vertex 113.1388 -35.5413 0.0000
      vertex 113.1774 -35.6082 0.0000
    endloop
  endfacet
  facet normal -0.000000 0.000000 -1.000000
    outer loop
      vertex 104.5228 -36.5321 0.0000
      vertex 113.1774 -35.6082 0.0000
      vertex 113.2193 -35.6731 0.0000
    endloop
  endfacet
  facet normal -0.949528 0.313682 0.000000
    outer loop
      vertex 104.5228 -36.5321 3.0000
      vertex 104.6015 -36.2938 3.0000
      vertex 104.6015 -36.2938 0.0000
    endloop
  endfacet
  facet normal 0.000000 0.000000 1.000000
    outer loop
      vertex 104.5228 -36.5321 3.0000
      vertex 113.1388 -35.5413 3.0000
      vertex 104.6015 -36.2938 3.0000
    endloop
  endfacet
  facet normal 0.000000 0.000000 1.000000
    outer loop
      vertex 104.5228 -36.5321 3.0000
      vertex 113.1774 -35.6082 3.0000
      vertex 113.1388 -35.5413 3.0000
    endloop
  endfacet
  facet normal 0.000000 0.000000 1.000000
    outer loop
      vertex 104.5228 -36.5321 3.0000
      vertex 113.2193 -35.6731 3.0000
      vertex 113.1774 -35.6082 3.0000
    endloop
  endfacet
  facet normal -0.949528 -0.313682 -0.000000
    outer loop
      vertex 104.5228 -33.0679 0.0000
      vertex 104.6015 -33.3062 0.0000
      vertex 104.6015 -33.3062 3.0000
    endloop
  endfacet
  facet normal -0.949528 -0.313682 0.000000
    outer loop
      vertex 104.5228 -33.0679 0.0000
      vertex 104.6015 -33.3062 3.0000
      vertex 104.5228 -33.0679 3.0000
    endloop
  endfacet
  facet normal 0.000000 0.000000 -1.000000
    outer loop
      vertex 104.5228 -33.0679 0.0000
      vertex 113.1388 -34.0587 0.0000
      vertex 104.6015 -33.3062 0.0000
    endloop
  endfacet
  facet normal 0.000000 0.000000 -1.000000
    outer loop
      vertex 104.5228 -33.0679 0.0000
      vertex 113.1774 -33.9918 0.0000
      vertex 113.1388 -34.0587 0.0000
    endloop
  endfacet
  facet normal 0.000000 0.000000 -1.000000
    outer loop
      vertex 104.5228 -33.0679 0.0000
      vertex 113.2193 -33.9269 0.0000
      vertex 113.1774 -33.9918 0.0000
    endloop
  endfacet
  facet normal 0.000000 0.000000 1.000000
    outer loop
      vertex 104.5228 -33.0679 3.0000
      vertex 104.6015 -33.3062 3.0000
      vertex 113.1388 -34.0587 3.0000
    endloop
  endfacet
  facet normal 0.000000 -0.000000 1.000000
    outer loop
      vertex 104.5228 -33.0679 3.0000
      vertex 113.1388 -34.0587 3.0000
      vertex 113.1774 -33.9918 3.0000
    endloop
  endfacet
  facet normal 0.000000 -0.000000 1.000000
    outer loop
      vertex 104.5228 -33.0679 3.0000
      vertex 113.1774 -33.9918 3.0000
      vertex 113.2193 -33.9269 3.0000
    endloop
  endfacet
  facet normal -0.963776 0.266713 0.000000
    outer loop
      vertex 104.6015 -36.2938 0.0000
      vertex 104.6015 -36.2938 3.0000
      vertex 104.6685 -36.0520 3.0000
    endloop
  endfacet
  facet normal 0.000000 0.000000 -1.000000
    outer loop
      vertex 104.6015 -36.2938 0.0000
      vertex 104.6685 -36.0520 0.0000
      vertex 113.1035 -35.4725 0.0000
    endloop
  endfacet
  facet normal -0.963776 0.266713 0.000000
    outer loop
      vertex 104.6015 -36.2938 0.0000
      vertex 104.6685 -36.0520 3.0000
      vertex 104.6685 -36.0520 0.0000
    endloop
  endfacet
  facet normal -0.000000 0.000000 -1.000000
    outer loop
      vertex 104.6015 -36.2938 0.0000
      vertex 113.1035 -35.4725 0.0000
      vertex 113.1388 -35.5413 0.0000
    endloop
  endfacet
  facet normal 0.000000 0.000000 1.000000
    outer loop
      vertex 104.6015 -36.2938 3.0000
      vertex 113.1035 -35.4725 3.0000
      vertex 104.6685 -36.0520 3.0000
    endloop
  endfacet
  facet normal 0.000000 0.000000 1.000000
    outer loop
      vertex 104.6015 -36.2938 3.0000
      vertex 113.1388 -35.5413 3.0000
      vertex 113.1035 -35.4725 3.0000
    endloop
  endfacet
  facet normal -0.963776 -0.266713 -0.000000
    outer loop
      vertex 104.6015 -33.3062 0.0000
      vertex 104.6685 -33.5480 0.0000
      vertex 104.6685 -33.5480 3.0000
    endloop
  endfacet
  facet normal -0.963776 -0.266713 0.000000
    outer loop
      vertex 104.6015 -33.3062 0.0000
      vertex 104.6685 -33.5480 3.0000
      vertex 104.6015 -33.3062 3.0000
    endloop
  endfacet
  facet normal 0.000000 0.000000 -1.000000
    outer loop
      vertex 104.6015 -33.3062 0.0000
      vertex 113.1035 -34.1275 0.0000
      vertex 104.6685 -33.5480 0.0000
    endloop
  endfacet
  facet normal 0.000000 0.000000 -1.000000
    outer loop
      vertex 104.6015 -33.3062 0.0000
      vertex 113.1388 -34.0587 0.0000
      vertex 113.1035 -34.1275 0.0000
    endloop
  endfacet
  facet normal 0.000000 0.000000 1.000000
    outer loop
      vertex 104.6015 -33.3062 3.0000
      vertex 104.6685 -33.5480 3.0000
      vertex 113.1035 -34.1275 3.0000
    endloop
  endfacet
  facet normal 0.000000 -0.000000 1.000000
    outer loop
      vertex 104.6015 -33.3062 3.0000
      vertex 113.1035 -34.1275 3.0000
      vertex 113.1388 -34.0587 3.0000
    endloop
  endfacet
  facet normal -0.975702 0.219101 0.000000
    outer loop
      vertex 104.6685 -36.0520 0.0000
      vertex 104.6685 -36.0520 3.0000
      vertex 104.7234 -35.8072 3.0000
    endloop
  endfacet
  facet normal 0.000000 0.000000 -1.000000
    outer loop
      vertex 104.6685 -36.0520 0.0000
      vertex 104.7234 -35.8072 0.0000
      vertex 113.0435 -35.3301 0.0000
    endloop
  endfacet
  facet normal -0.975702 0.219101 0.000000
    outer loop
      vertex 104.6685 -36.0520 0.0000
      vertex 104.7234 -35.8072 3.0000
      vertex 104.7234 -35.8072 0.0000
    endloop
  endfacet
  facet normal -0.000000 0.000000 -1.000000
    outer loop
      vertex 104.6685 -36.0520 0.0000
      vertex 113.0435 -35.3301 0.0000
      vertex 113.0717 -35.4021 0.0000
    endloop
  endfacet
  facet normal -0.000000 0.000000 -1.000000
    outer loop
      vertex 104.6685 -36.0520 0.0000
      vertex 113.0717 -35.4021 0.0000
      vertex 113.1035 -35.4725 0.0000
    endloop
  endfacet
  facet normal 0.000000 0.000000 1.000000
    outer loop
      vertex 104.6685 -36.0520 3.0000
      vertex 113.0435 -35.3301 3.0000
      vertex 104.7234 -35.8072 3.0000
    endloop
  endfacet
  facet normal 0.000000 0.000000 1.000000
    outer loop
      vertex 104.6685 -36.0520 3.0000
      vertex 113.0717 -35.4021 3.0000
      vertex 113.0435 -35.3301 3.0000
    endloop
  endfacet
  facet normal 0.000000 0.000000 1.000000
    outer loop
      vertex 104.6685 -36.0520 3.0000
      vertex 113.1035 -35.4725 3.0000
      vertex 113.0717 -35.4021 3.0000
    endloop
  endfacet
  facet normal -0.975702 -0.219101 -0.000000
    outer loop
      vertex 104.6685 -33.5480 0.0000
      vertex 104.7234 -33.7928 0.0000
      vertex 104.7234 -33.7928 3.0000
    endloop
  endfacet
  facet normal -0.975702 -0.219101 0.000000
    outer loop
      vertex 104.6685 -33.5480 0.0000
      vertex 104.7234 -33.7928 3.0000
      vertex 104.6685 -33.5480 3.0000
    endloop
  endfacet
  facet normal 0.000000 0.000000 -1.000000
    outer loop
      vertex 104.6685 -33.5480 0.0000
      vertex 113.0435 -34.2699 0.0000
      vertex 104.7234 -33.7928 0.0000
    endloop
  endfacet
  facet normal 0.000000 0.000000 -1.000000
    outer loop
      vertex 104.6685 -33.5480 0.0000
      vertex 113.0717 -34.1979 0.0000
      vertex 113.0435 -34.2699 0.0000
    endloop
  endfacet
  facet normal 0.000000 0.000000 -1.000000
    outer loop
      vertex 104.6685 -33.5480 0.0000
      vertex 113.1035 -34.1275 0.0000
      vertex 113.0717 -34.1979 0.0000
    endloop
  endfacet
  facet normal 0.000000 0.000000 1.000000
    outer loop
      vertex 104.6685 -33.5480 3.0000
      vertex 104.7234 -33.7928 3.0000
      vertex 113.0435 -34.2699 3.0000
    endloop
  endfacet
  facet normal 0.000000 -0.000000 1.000000
    outer loop
      vertex 104.6685 -33.5480 3.0000
      vertex 113.0435 -34.2699 3.0000
      vertex 113.0717 -34.1979 3.0000
    endloop
  endfacet
  facet normal 0.000000 -0.000000 1.000000
    outer loop
      vertex 104.6685 -33.5480 3.0000
      vertex 113.0717 -34.1979 3.0000
      vertex 113.1035 -34.1275 3.0000
    endloop
  endfacet
  facet normal -0.985278 0.170962 0.000000
    outer loop
      vertex 104.7234 -35.8072 0.0000
      vertex 104.7234 -35.8072 3.0000
      vertex 104.7663 -35.5600 0.0000
    endloop
  endfacet
  facet normal 0.000000 0.000000 -1.000000
    outer loop
      vertex 104.7234 -35.8072 0.0000
      vertex 104.7663 -35.5600 0.0000
      vertex 113.0189 -35.2569 0.0000
    endloop
  endfacet
  facet normal -0.000000 0.000000 -1.000000
    outer loop
      vertex 104.7234 -35.8072 0.0000
      vertex 113.0189 -35.2569 0.0000
      vertex 113.0435 -35.3301 0.0000
    endloop
  endfacet
  facet normal -0.985278 0.170962 0.000000
    outer loop
      vertex 104.7234 -35.8072 3.0000
      vertex 104.7663 -35.5600 3.0000
      vertex 104.7663 -35.5600 0.0000
    endloop
  endfacet
  facet normal 0.000000 0.000000 1.000000
    outer loop
      vertex 104.7234 -35.8072 3.0000
      vertex 113.0189 -35.2569 3.0000
      vertex 104.7663 -35.5600 3.0000
    endloop
  endfacet
  facet normal 0.000000 0.000000 1.000000
    outer loop
      vertex 104.7234 -35.8072 3.0000
      vertex 113.0435 -35.3301 3.0000
      vertex 113.0189 -35.2569 3.0000
    endloop
  endfacet
  facet normal -0.985278 -0.170962 -0.000000
    outer loop
      vertex 104.7234 -33.7928 0.0000
      vertex 104.7663 -34.0400 0.0000
      vertex 104.7234 -33.7928 3.0000
    endloop
  endfacet
  facet normal 0.000000 0.000000 -1.000000
    outer loop
      vertex 104.7234 -33.7928 0.0000
      vertex 113.0189 -34.3431 0.0000
      vertex 104.7663 -34.0400 0.0000
    endloop
  endfacet
  facet normal 0.000000 0.000000 -1.000000
    outer loop
      vertex 104.7234 -33.7928 0.0000
      vertex 113.0435 -34.2699 0.0000
      vertex 113.0189 -34.3431 0.0000
    endloop
  endfacet
  facet normal -0.985278 -0.170962 -0.000000
    outer loop
      vertex 104.7234 -33.7928 3.0000
      vertex 104.7663 -34.0400 0.0000
      vertex 104.7663 -34.0400 3.0000
    endloop
  endfacet
  facet normal 0.000000 0.000000 1.000000
    outer loop
      vertex 104.7234 -33.7928 3.0000
      vertex 104.7663 -34.0400 3.0000
      vertex 113.0189 -34.3431 3.0000
    endloop
  endfacet
  facet normal 0.000000 -0.000000 1.000000
    outer loop
      vertex 104.7234 -33.7928 3.0000
      vertex 113.0189 -34.3431 3.0000
      vertex 113.0435 -34.2699 3.0000
    endloop
  endfacet
  facet normal -0.992480 0.122411 0.000000
    outer loop
      vertex 104.7663 -35.5600 0.0000
      vertex 104.7663 -35.5600 3.0000
      vertex 104.7970 -35.3110 3.0000
    endloop
  endfacet
  facet normal 0.000000 0.000000 -1.000000
    outer loop
      vertex 104.7663 -35.5600 0.0000
      vertex 104.7970 -35.3110 0.0000
      vertex 112.9807 -35.1071 0.0000
    endloop
  endfacet
  facet normal -0.992480 0.122411 0.000000
    outer loop
      vertex 104.7663 -35.5600 0.0000
      vertex 104.7970 -35.3110 3.0000
      vertex 104.7970 -35.3110 0.0000
    endloop
  endfacet
  facet normal -0.000000 0.000000 -1.000000
    outer loop
      vertex 104.7663 -35.5600 0.0000
      vertex 112.9807 -35.1071 0.0000
      vertex 112.9979 -35.1825 0.0000
    endloop
  endfacet
  facet normal -0.000000 0.000000 -1.000000
    outer loop
      vertex 104.7663 -35.5600 0.0000
      vertex 112.9979 -35.1825 0.0000
      vertex 113.0189 -35.2569 0.0000
    endloop
  endfacet
  facet normal 0.000000 0.000000 1.000000
    outer loop
      vertex 104.7663 -35.5600 3.0000
      vertex 112.9807 -35.1071 3.0000
      vertex 104.7970 -35.3110 3.0000
    endloop
  endfacet
  facet normal 0.000000 0.000000 1.000000
    outer loop
      vertex 104.7663 -35.5600 3.0000
      vertex 112.9979 -35.1825 3.0000
      vertex 112.9807 -35.1071 3.0000
    endloop
  endfacet
  facet normal 0.000000 0.000000 1.000000
    outer loop
      vertex 104.7663 -35.5600 3.0000
      vertex 113.0189 -35.2569 3.0000
      vertex 112.9979 -35.1825 3.0000
    endloop
  endfacet
  facet normal -0.992480 -0.122411 -0.000000
    outer loop
      vertex 104.7663 -34.0400 0.0000
      vertex 104.7970 -34.2890 0.0000
      vertex 104.7663 -34.0400 3.0000
    endloop
  endfacet
  facet normal 0.000000 0.000000 -1.000000
    outer loop
      vertex 104.7663 -34.0400 0.0000
      vertex 112.9807 -34.4929 0.0000
      vertex 104.7970 -34.2890 0.0000
    endloop
  endfacet
  facet normal 0.000000 0.000000 -1.000000
    outer loop
      vertex 104.7663 -34.0400 0.0000
      vertex 112.9979 -34.4175 0.0000
      vertex 112.9807 -34.4929 0.0000
    endloop
  endfacet
  facet normal 0.000000 0.000000 -1.000000
    outer loop
      vertex 104.7663 -34.0400 0.0000
      vertex 113.0189 -34.3431 0.0000
      vertex 112.9979 -34.4175 0.0000
    endloop
  endfacet
  facet normal -0.992480 -0.122411 -0.000000
    outer loop
      vertex 104.7663 -34.0400 3.0000
      vertex 104.7970 -34.2890 0.0000
      vertex 104.7970 -34.2890 3.0000
    endloop
  endfacet
  facet normal 0.000000 0.000000 1.000000
    outer loop
      vertex 104.7663 -34.0400 3.0000
      vertex 104.7970 -34.2890 3.0000
      vertex 112.9807 -34.4929 3.0000
    endloop
  endfacet
  facet normal 0.000000 -0.000000 1.000000
    outer loop
      vertex 104.7663 -34.0400 3.0000
      vertex 112.9807 -34.4929 3.0000
      vertex 112.9979 -34.4175 3.0000
    endloop
  endfacet
  facet normal 0.000000 -0.000000 1.000000
    outer loop
      vertex 104.7663 -34.0400 3.0000
      vertex 112.9979 -34.4175 3.0000
      vertex 113.0189 -34.3431 3.0000
    endloop
  endfacet
  facet normal -0.997290 0.073565 0.000000
    outer loop
      vertex 104.7970 -35.3110 0.0000
      vertex 104.7970 -35.3110 3.0000
      vertex 104.8155 -35.0608 0.0000
    endloop
  endfacet
  facet normal 0.000000 0.000000 -1.000000
    outer loop
      vertex 104.7970 -35.3110 0.0000
      vertex 104.8155 -35.0608 0.0000
      vertex 112.9577 -34.9543 0.0000
    endloop
  endfacet
  facet normal -0.000000 0.000000 -1.000000
    outer loop
      vertex 104.7970 -35.3110 0.0000
      vertex 112.9577 -34.9543 0.0000
      vertex 112.9673 -35.0310 0.0000
    endloop
  endfacet
  facet normal -0.000000 0.000000 -1.000000
    outer loop
      vertex 104.7970 -35.3110 0.0000
      vertex 112.9673 -35.0310 0.0000
      vertex 112.9807 -35.1071 0.0000
    endloop
  endfacet
  facet normal -0.997290 0.073565 0.000000
    outer loop
      vertex 104.7970 -35.3110 3.0000
      vertex 104.8155 -35.0608 3.0000
      vertex 104.8155 -35.0608 0.0000
    endloop
  endfacet
  facet normal 0.000000 0.000000 1.000000
    outer loop
      vertex 104.7970 -35.3110 3.0000
      vertex 112.9577 -34.9543 3.0000
      vertex 104.8155 -35.0608 3.0000
    endloop
  endfacet
  facet normal 0.000000 0.000000 1.000000
    outer loop
      vertex 104.7970 -35.3110 3.0000
      vertex 112.9673 -35.0310 3.0000
      vertex 112.9577 -34.9543 3.0000
    endloop
  endfacet
  facet normal 0.000000 0.000000 1.000000
    outer loop
      vertex 104.7970 -35.3110 3.0000
      vertex 112.9807 -35.1071 3.0000
      vertex 112.9673 -35.0310 3.0000
    endloop
  endfacet
  facet normal -0.997290 -0.073565 -0.000000
    outer loop
      vertex 104.7970 -34.2890 0.0000
      vertex 104.8155 -34.5392 0.0000
      vertex 104.8155 -34.5392 3.0000
    endloop
  endfacet
  facet normal -0.997290 -0.073565 0.000000
    outer loop
      vertex 104.7970 -34.2890 0.0000
      vertex 104.8155 -34.5392 3.0000
      vertex 104.7970 -34.2890 3.0000
    endloop
  endfacet
  facet normal 0.000000 0.000000 -1.000000
    outer loop
      vertex 104.7970 -34.2890 0.0000
      vertex 112.9577 -34.6457 0.0000
      vertex 104.8155 -34.5392 0.0000
    endloop
  endfacet
  facet normal 0.000000 0.000000 -1.000000
    outer loop
      vertex 104.7970 -34.2890 0.0000
      vertex 112.9673 -34.5690 0.0000
      vertex 112.9577 -34.6457 0.0000
    endloop
  endfacet
  facet normal 0.000000 0.000000 -1.000000
    outer loop
      vertex 104.7970 -34.2890 0.0000
      vertex 112.9807 -34.4929 0.0000
      vertex 112.9673 -34.5690 0.0000
    endloop
  endfacet
  facet normal 0.000000 0.000000 1.000000
    outer loop
      vertex 104.7970 -34.2890 3.0000
      vertex 104.8155 -34.5392 3.0000
      vertex 112.9577 -34.6457 3.0000
    endloop
  endfacet
  facet normal 0.000000 -0.000000 1.000000
    outer loop
      vertex 104.7970 -34.2890 3.0000
      vertex 112.9577 -34.6457 3.0000
      vertex 112.9673 -34.5690 3.0000
    endloop
  endfacet
  facet normal 0.000000 -0.000000 1.000000
    outer loop
      vertex 104.7970 -34.2890 3.0000
      vertex 112.9673 -34.5690 3.0000
      vertex 112.9807 -34.4929 3.0000
    endloop
  endfacet
  facet normal -0.999699 0.024541 0.000000
    outer loop
      vertex 104.8155 -35.0608 0.0000
      vertex 104.8155 -35.0608 3.0000
      vertex 104.8216 -34.8100 0.0000
    endloop
  endfacet
  facet normal -0.000000 0.000000 -1.000000
    outer loop
      vertex 104.8155 -35.0608 0.0000
      vertex 104.8216 -34.8100 0.0000
      vertex 112.9519 -34.8773 0.0000
    endloop
  endfacet
  facet normal -0.000000 0.000000 -1.000000
    outer loop
      vertex 104.8155 -35.0608 0.0000
      vertex 112.9519 -34.8773 0.0000
      vertex 112.9577 -34.9543 0.0000
    endloop
  endfacet
  facet normal -0.999699 0.024541 0.000000
    outer loop
      vertex 104.8155 -35.0608 3.0000
      vertex 104.8216 -34.8100 3.0000
      vertex 104.8216 -34.8100 0.0000
    endloop
  endfacet
  facet normal 0.000000 0.000000 1.000000
    outer loop
      vertex 104.8155 -35.0608 3.0000
      vertex 112.9519 -34.8773 3.0000
      vertex 104.8216 -34.8100 3.0000
    endloop
  endfacet
  facet normal 0.000000 0.000000 1.000000
    outer loop
      vertex 104.8155 -35.0608 3.0000
      vertex 112.9577 -34.9543 3.0000
      vertex 112.9519 -34.8773 3.0000
    endloop
  endfacet
  facet normal -0.999699 -0.024541 -0.000000
    outer loop
      vertex 104.8155 -34.5392 0.0000
      vertex 104.8216 -34.7900 0.0000
      vertex 104.8216 -34.7900 3.0000
    endloop
  endfacet
  facet normal -0.999699 -0.024541 0.000000
    outer loop
      vertex 104.8155 -34.5392 0.0000
      vertex 104.8216 -34.7900 3.0000
      vertex 104.8155 -34.5392 3.0000
    endloop
  endfacet
  facet normal -0.000000 0.000000 -1.000000
    outer loop
      vertex 104.8155 -34.5392 0.0000
      vertex 112.9519 -34.7227 0.0000
      vertex 104.8216 -34.7900 0.0000
    endloop
  endfacet
  facet normal 0.000000 0.000000 -1.000000
    outer loop
      vertex 104.8155 -34.5392 0.0000
      vertex 112.9577 -34.6457 0.0000
      vertex 112.9519 -34.7227 0.0000
    endloop
  endfacet
  facet normal 0.000000 0.000000 1.000000
    outer loop
      vertex 104.8155 -34.5392 3.0000
      vertex 104.8216 -34.7900 3.0000
      vertex 112.9519 -34.7227 3.0000
    endloop
  endfacet
  facet normal 0.000000 -0.000000 1.000000
    outer loop
      vertex 104.8155 -34.5392 3.0000
      vertex 112.9519 -34.7227 3.0000
      vertex 112.9577 -34.6457 3.0000
    endloop
  endfacet
  facet normal -1.000000 0.000000 0.000000
    outer loop
      vertex 104.8216 -34.8100 0.0000
      vertex 104.8216 -34.8100 3.0000
      vertex 104.8216 -34.7900 0.0000
    endloop
  endfacet
  facet normal -0.000000 0.000000 -1.000000
    outer loop
      vertex 104.8216 -34.8100 0.0000
      vertex 104.8216 -34.7900 0.0000
      vertex 112.9500 -34.8000 0.0000
    endloop
  endfacet
  facet normal 0.000000 0.000000 -1.000000
    outer loop
      vertex 104.8216 -34.8100 0.0000
      vertex 112.9500 -34.8000 0.0000
      vertex 112.9519 -34.8773 0.0000
    endloop
  endfacet
  facet normal -1.000000 0.000000 0.000000
    outer loop
      vertex 104.8216 -34.8100 3.0000
      vertex 104.8216 -34.7900 3.0000
      vertex 104.8216 -34.7900 0.0000
    endloop
  endfacet
  facet normal 0.000000 0.000000 1.000000
    outer loop
      vertex 104.8216 -34.8100 3.0000
      vertex 112.9500 -34.8000 3.0000
      vertex 104.8216 -34.7900 3.0000
    endloop
  endfacet
  facet normal 0.000000 0.000000 1.000000
    outer loop
      vertex 104.8216 -34.8100 3.0000
      vertex 112.9519 -34.8773 3.0000
      vertex 112.9500 -34.8000 3.0000
    endloop
  endfacet
  facet normal 0.000000 0.000000 -1.000000
    outer loop
      vertex 104.8216 -34.7900 0.0000
      vertex 112.9519 -34.7227 0.0000
      vertex 112.9500 -34.8000 0.0000
    endloop
  endfacet
  facet normal 0.000000 -0.000000 1.000000
    outer loop
      vertex 104.8216 -34.7900 3.0000
      vertex 112.9500 -34.8000 3.0000
      vertex 112.9519 -34.7227 3.0000
    endloop
  endfacet
  facet normal 0.999689 0.024931 0.000000
    outer loop
      vertex 112.9500 -34.8000 0.0000
      vertex 112.9500 -34.8000 3.0000
      vertex 112.9519 -34.8773 0.0000
    endloop
  endfacet
  facet normal 0.999689 -0.024931 0.000000
    outer loop
      vertex 112.9500 -34.8000 0.0000
      vertex 112.9519 -34.7227 0.0000
      vertex 112.9519 -34.7227 3.0000
    endloop
  endfacet
  facet normal 0.999689 -0.024931 0.000000
    outer loop
      vertex 112.9500 -34.8000 0.0000
      vertex 112.9519 -34.7227 3.0000
      vertex 112.9500 -34.8000 3.0000
    endloop
  endfacet
  facet normal 0.999689 0.024931 0.000000
    outer loop
      vertex 112.9500 -34.8000 3.0000
      vertex 112.9519 -34.8773 3.0000
      vertex 112.9519 -34.8773 0.0000
    endloop
  endfacet
  facet normal 0.997204 0.074730 0.000000
    outer loop
      vertex 112.9519 -34.8773 0.0000
      vertex 112.9519 -34.8773 3.0000
      vertex 112.9577 -34.9543 0.0000
    endloop
  endfacet
  facet normal 0.997204 0.074730 0.000000
    outer loop
      vertex 112.9519 -34.8773 3.0000
      vertex 112.9577 -34.9543 3.0000
      vertex 112.9577 -34.9543 0.0000
    endloop
  endfacet
  facet normal 0.997204 -0.074730 0.000000
    outer loop
      vertex 112.9519 -34.7227 0.0000
      vertex 112.9577 -34.6457 0.0000
      vertex 112.9577 -34.6457 3.0000
    endloop
  endfacet
  facet normal 0.997204 -0.074730 0.000000
    outer loop
      vertex 112.9519 -34.7227 0.0000
      vertex 112.9577 -34.6457 3.0000
      vertex 112.9519 -34.7227 3.0000
    endloop
  endfacet
  facet normal 0.992239 0.124344 0.000000
    outer loop
      vertex 112.9577 -34.9543 0.0000
      vertex 112.9577 -34.9543 3.0000
      vertex 112.9673 -35.0310 0.0000
    endloop
  endfacet
  facet normal 0.992239 0.124344 0.000000
    outer loop
      vertex 112.9577 -34.9543 3.0000
      vertex 112.9673 -35.0310 3.0000
      vertex 112.9673 -35.0310 0.0000
    endloop
  endfacet
  facet normal 0.992239 -0.124344 0.000000
    outer loop
      vertex 112.9577 -34.6457 0.0000
      vertex 112.9673 -34.5690 0.0000
      vertex 112.9673 -34.5690 3.0000
    endloop
  endfacet
  facet normal 0.992239 -0.124344 0.000000
    outer loop
      vertex 112.9577 -34.6457 0.0000
      vertex 112.9673 -34.5690 3.0000
      vertex 112.9577 -34.6457 3.0000
    endloop
  endfacet
  facet normal 0.984808 0.173648 0.000000
    outer loop
      vertex 112.9673 -35.0310 0.0000
      vertex 112.9673 -35.0310 3.0000
      vertex 112.9807 -35.1071 0.0000
    endloop
  endfacet
  facet normal 0.984808 0.173648 0.000000
    outer loop
      vertex 112.9673 -35.0310 3.0000
      vertex 112.9807 -35.1071 3.0000
      vertex 112.9807 -35.1071 0.0000
    endloop
  endfacet
  facet normal 0.984808 -0.173648 0.000000
    outer loop
      vertex 112.9673 -34.5690 0.0000
      vertex 112.9807 -34.4929 0.0000
      vertex 112.9807 -34.4929 3.0000
    endloop
  endfacet
  facet normal 0.984808 -0.173648 0.000000
    outer loop
      vertex 112.9673 -34.5690 0.0000
      vertex 112.9807 -34.4929 3.0000
      vertex 112.9673 -34.5690 3.0000
    endloop
  endfacet
  facet normal 0.974928 0.222521 0.000000
    outer loop
      vertex 112.9807 -35.1071 0.0000
      vertex 112.9807 -35.1071 3.0000
      vertex 112.9979 -35.1825 0.0000
    endloop
  endfacet
  facet normal 0.974928 0.222521 0.000000
    outer loop
      vertex 112.9807 -35.1071 3.0000
      vertex 112.9979 -35.1825 3.0000
      vertex 112.9979 -35.1825 0.0000
    endloop
  endfacet
  facet normal 0.974928 -0.222521 0.000000
    outer loop
      vertex 112.9807 -34.4929 0.0000
      vertex 112.9979 -34.4175 0.0000
      vertex 112.9979 -34.4175 3.0000
    endloop
  endfacet
  facet normal 0.974928 -0.222521 0.000000
    outer loop
      vertex 112.9807 -34.4929 0.0000
      vertex 112.9979 -34.4175 3.0000
      vertex 112.9807 -34.4929 3.0000
    endloop
  endfacet
  facet normal 0.962624 0.270840 0.000000
    outer loop
      vertex 112.9979 -35.1825 0.0000
      vertex 112.9979 -35.1825 3.0000
      vertex 113.0189 -35.2569 0.0000
    endloop
  endfacet
  facet normal 0.962624 0.270840 0.000000
    outer loop
      vertex 112.9979 -35.1825 3.0000
      vertex 113.0189 -35.2569 3.0000
      vertex 113.0189 -35.2569 0.0000
    endloop
  endfacet
  facet normal 0.962624 -0.270840 0.000000
    outer loop
      vertex 112.9979 -34.4175 0.0000
      vertex 113.0189 -34.3431 0.0000
      vertex 113.0189 -34.3431 3.0000
    endloop
  endfacet
  facet normal 0.962624 -0.270840 0.000000
    outer loop
      vertex 112.9979 -34.4175 0.0000
      vertex 113.0189 -34.3431 3.0000
      vertex 112.9979 -34.4175 3.0000
    endloop
  endfacet
  facet normal 0.947927 0.318487 0.000000
    outer loop
      vertex 113.0189 -35.2569 0.0000
      vertex 113.0189 -35.2569 3.0000
      vertex 113.0435 -35.3301 0.0000
    endloop
  endfacet
  facet normal 0.947927 0.318487 0.000000
    outer loop
      vertex 113.0189 -35.2569 3.0000
      vertex 113.0435 -35.3301 3.0000
      vertex 113.0435 -35.3301 0.0000
    endloop
  endfacet
  facet normal 0.947927 -0.318487 0.000000
    outer loop
      vertex 113.0189 -34.3431 0.0000
      vertex 113.0435 -34.2699 0.0000
      vertex 113.0435 -34.2699 3.0000
    endloop
  endfacet
  facet normal 0.947927 -0.318487 0.000000
    outer loop
      vertex 113.0189 -34.3431 0.0000
      vertex 113.0435 -34.2699 3.0000
      vertex 113.0189 -34.3431 3.0000
    endloop
  endfacet
  facet normal 0.930874 0.365341 0.000000
    outer loop
      vertex 113.0435 -35.3301 0.0000
      vertex 113.0435 -35.3301 3.0000
      vertex 113.0717 -35.4021 0.0000
    endloop
  endfacet
  facet normal 0.930874 0.365341 0.000000
    outer loop
      vertex 113.0435 -35.3301 3.0000
      vertex 113.0717 -35.4021 3.0000
      vertex 113.0717 -35.4021 0.0000
    endloop
  endfacet
  facet normal 0.930874 -0.365341 0.000000
    outer loop
      vertex 113.0435 -34.2699 0.0000
      vertex 113.0717 -34.1979 0.0000
      vertex 113.0717 -34.1979 3.0000
    endloop
  endfacet
  facet normal 0.930874 -0.365341 0.000000
    outer loop
      vertex 113.0435 -34.2699 0.0000
      vertex 113.0717 -34.1979 3.0000
      vertex 113.0435 -34.2699 3.0000
    endloop
  endfacet
  facet normal 0.911506 0.411287 0.000000
    outer loop
      vertex 113.0717 -35.4021 0.0000
      vertex 113.0717 -35.4021 3.0000
      vertex 113.1035 -35.4725 0.0000
    endloop
  endfacet
  facet normal 0.911506 0.411287 0.000000
    outer loop
      vertex 113.0717 -35.4021 3.0000
      vertex 113.1035 -35.4725 3.0000
      vertex 113.1035 -35.4725 0.0000
    endloop
  endfacet
  facet normal 0.911506 -0.411287 0.000000
    outer loop
      vertex 113.0717 -34.1979 0.0000
      vertex 113.1035 -34.1275 0.0000
      vertex 113.1035 -34.1275 3.0000
    endloop
  endfacet
  facet normal 0.911506 -0.411287 0.000000
    outer loop
      vertex 113.0717 -34.1979 0.0000
      vertex 113.1035 -34.1275 3.0000
      vertex 113.0717 -34.1979 3.0000
    endloop
  endfacet
  facet normal 0.889872 0.456211 0.000000
    outer loop
      vertex 113.1035 -35.4725 0.0000
      vertex 113.1035 -35.4725 3.0000
      vertex 113.1388 -35.5413 0.0000
    endloop
  endfacet
  facet normal 0.889872 0.456211 0.000000
    outer loop
      vertex 113.1035 -35.4725 3.0000
      vertex 113.1388 -35.5413 3.0000
      vertex 113.1388 -35.5413 0.0000
    endloop
  endfacet
  facet normal 0.889872 -0.456211 0.000000
    outer loop
      vertex 113.1035 -34.1275 0.0000
      vertex 113.1388 -34.0587 0.0000
      vertex 113.1388 -34.0587 3.0000
    endloop
  endfacet
  facet normal 0.889872 -0.456211 0.000000
    outer loop
      vertex 113.1035 -34.1275 0.0000
      vertex 113.1388 -34.0587 3.0000
      vertex 113.1035 -34.1275 3.0000
    endloop
  endfacet
  facet normal 0.866025 0.500000 0.000000
    outer loop
      vertex 113.1388 -35.5413 0.0000
      vertex 113.1388 -35.5413 3.0000
      vertex 113.1774 -35.6082 0.0000
    endloop
  endfacet
  facet normal 0.866025 0.500000 0.000000
    outer loop
      vertex 113.1388 -35.5413 3.0000
      vertex 113.1774 -35.6082 3.0000
      vertex 113.1774 -35.6082 0.0000
    endloop
  endfacet
  facet normal 0.866025 -0.500000 0.000000
    outer loop
      vertex 113.1388 -34.0587 0.0000
      vertex 113.1774 -33.9918 0.0000
      vertex 113.1774 -33.9918 3.0000
    endloop
  endfacet
  facet normal 0.866025 -0.500000 0.000000
    outer loop
      vertex 113.1388 -34.0587 0.0000
      vertex 113.1774 -33.9918 3.0000
      vertex 113.1388 -34.0587 3.0000
    endloop
  endfacet
  facet normal 0.840026 0.542546 0.000000
    outer loop
      vertex 113.1774 -35.6082 0.0000
      vertex 113.1774 -35.6082 3.0000
      vertex 113.2193 -35.6731 0.0000
    endloop
  endfacet
  facet normal 0.840026 0.542546 0.000000
    outer loop
      vertex 113.1774 -35.6082 3.0000
      vertex 113.2193 -35.6731 3.0000
      vertex 113.2193 -35.6731 0.0000
    endloop
  endfacet
  facet normal 0.840026 -0.542546 0.000000
    outer loop
      vertex 113.1774 -33.9918 0.0000
      vertex 113.2193 -33.9269 0.0000
      vertex 113.2193 -33.9269 3.0000
    endloop
  endfacet
  facet normal 0.840026 -0.542546 0.000000
    outer loop
      vertex 113.1774 -33.9918 0.0000
      vertex 113.2193 -33.9269 3.0000
      vertex 113.1774 -33.9918 3.0000
    endloop
  endfacet
  facet normal 0.811938 0.583744 0.000000
    outer loop
      vertex 113.2193 -35.6731 0.0000
      vertex 113.2193 -35.6731 3.0000
      vertex 113.2644 -35.7359 0.0000
    endloop
  endfacet
  facet normal 0.811938 0.583744 0.000000
    outer loop
      vertex 113.2193 -35.6731 3.0000
      vertex 113.2644 -35.7359 3.0000
      vertex 113.2644 -35.7359 0.0000
    endloop
  endfacet
  facet normal 0.811938 -0.583744 0.000000
    outer loop
      vertex 113.2193 -33.9269 0.0000
      vertex 113.2644 -33.8641 0.0000
      vertex 113.2644 -33.8641 3.0000
    endloop
  endfacet
  facet normal 0.811938 -0.583744 0.000000
    outer loop
      vertex 113.2193 -33.9269 0.0000
      vertex 113.2644 -33.8641 3.0000
      vertex 113.2193 -33.9269 3.0000
    endloop
  endfacet
  facet normal 0.781831 0.623490 0.000000
    outer loop
      vertex 113.2644 -35.7359 0.0000
      vertex 113.2644 -35.7359 3.0000
      vertex 113.3126 -35.7963 0.0000
    endloop
  endfacet
  facet normal 0.781831 0.623490 0.000000
    outer loop
      vertex 113.2644 -35.7359 3.0000
      vertex 113.3126 -35.7963 3.0000
      vertex 113.3126 -35.7963 0.0000
    endloop
  endfacet
  facet normal 0.781831 -0.623490 0.000000
    outer loop
      vertex 113.2644 -33.8641 0.0000
      vertex 113.3126 -33.8037 0.0000
      vertex 113.3126 -33.8037 3.0000
    endloop
  endfacet
  facet normal 0.781831 -0.623490 0.000000
    outer loop
      vertex 113.2644 -33.8641 0.0000
      vertex 113.3126 -33.8037 3.0000
      vertex 113.2644 -33.8641 3.0000
    endloop
  endfacet
  facet normal 0.749781 0.661686 0.000000
    outer loop
      vertex 113.3126 -35.7963 0.0000
      vertex 113.3126 -35.7963 3.0000
      vertex 113.3638 -35.8543 0.0000
    endloop
  endfacet
  facet normal 0.749781 0.661686 0.000000
    outer loop
      vertex 113.3126 -35.7963 3.0000
      vertex 113.3638 -35.8543 3.0000
      vertex 113.3638 -35.8543 0.0000
    endloop
  endfacet
  facet normal 0.749781 -0.661686 0.000000
    outer loop
      vertex 113.3126 -33.8037 0.0000
      vertex 113.3638 -33.7457 0.0000
      vertex 113.3638 -33.7457 3.0000
    endloop
  endfacet
  facet normal 0.749781 -0.661686 0.000000
    outer loop
      vertex 113.3126 -33.8037 0.0000
      vertex 113.3638 -33.7457 3.0000
      vertex 113.3126 -33.8037 3.0000
    endloop
  endfacet
  facet normal 0.715867 0.698237 0.000000
    outer loop
      vertex 113.3638 -35.8543 0.0000
      vertex 113.3638 -35.8543 3.0000
      vertex 113.4177 -35.9096 0.0000
    endloop
  endfacet
  facet normal 0.715867 0.698237 0.000000
    outer loop
      vertex 113.3638 -35.8543 3.0000
      vertex 113.4177 -35.9096 3.0000
      vertex 113.4177 -35.9096 0.0000
    endloop
  endfacet
  facet normal 0.715867 -0.698237 0.000000
    outer loop
      vertex 113.3638 -33.7457 0.0000
      vertex 113.4177 -33.6904 0.0000
      vertex 113.4177 -33.6904 3.0000
    endloop
  endfacet
  facet normal 0.715867 -0.698237 0.000000
    outer loop
      vertex 113.3638 -33.7457 0.0000
      vertex 113.4177 -33.6904 3.0000
      vertex 113.3638 -33.7457 3.0000
    endloop
  endfacet
  facet normal 0.680173 0.733052 0.000000
    outer loop
      vertex 113.4177 -35.9096 0.0000
      vertex 113.4177 -35.9096 3.0000
      vertex 113.4744 -35.9622 0.0000
    endloop
  endfacet
  facet normal 0.680173 0.733052 0.000000
    outer loop
      vertex 113.4177 -35.9096 3.0000
      vertex 113.4744 -35.9622 3.0000
      vertex 113.4744 -35.9622 0.0000
    endloop
  endfacet
  facet normal 0.680173 -0.733052 0.000000
    outer loop
      vertex 113.4177 -33.6904 0.0000
      vertex 113.4744 -33.6378 0.0000
      vertex 113.4744 -33.6378 3.0000
    endloop
  endfacet
  facet normal 0.680173 -0.733052 0.000000
    outer loop
      vertex 113.4177 -33.6904 0.0000
      vertex 113.4744 -33.6378 3.0000
      vertex 113.4177 -33.6904 3.0000
    endloop
  endfacet
  facet normal 0.642788 0.766044 0.000000
    outer loop
      vertex 113.4744 -35.9622 0.0000
      vertex 113.4744 -35.9622 3.0000
      vertex 113.5336 -36.0118 0.0000
    endloop
  endfacet
  facet normal 0.642788 0.766044 0.000000
    outer loop
      vertex 113.4744 -35.9622 3.0000
      vertex 113.5336 -36.0118 3.0000
      vertex 113.5336 -36.0118 0.0000
    endloop
  endfacet
  facet normal 0.642788 -0.766044 0.000000
    outer loop
      vertex 113.4744 -33.6378 0.0000
      vertex 113.5336 -33.5882 0.0000
      vertex 113.5336 -33.5882 3.0000
    endloop
  endfacet
  facet normal 0.642788 -0.766044 0.000000
    outer loop
      vertex 113.4744 -33.6378 0.0000
      vertex 113.5336 -33.5882 3.0000
      vertex 113.4744 -33.6378 3.0000
    endloop
  endfacet
  facet normal 0.603804 0.797133 0.000000
    outer loop
      vertex 113.5336 -36.0118 0.0000
      vertex 113.5336 -36.0118 3.0000
      vertex 113.5952 -36.0585 0.0000
    endloop
  endfacet
  facet normal 0.000000 0.000000 -1.000000
    outer loop
      vertex 113.5336 -36.0118 0.0000
      vertex 113.5952 -36.0585 0.0000
      vertex 115.5100 -43.3000 0.0000
    endloop
  endfacet
  facet normal 0.603804 0.797133 0.000000
    outer loop
      vertex 113.5336 -36.0118 3.0000
      vertex 113.5952 -36.0585 3.0000
      vertex 113.5952 -36.0585 0.0000
    endloop
  endfacet
  facet normal 0.000000 0.000000 1.000000
    outer loop
      vertex 113.5336 -36.0118 3.0000
      vertex 115.5100 -43.3000 3.0000
      vertex 113.5952 -36.0585 3.0000
    endloop
  endfacet
  facet normal 0.603804 -0.797133 0.000000
    outer loop
      vertex 113.5336 -33.5882 0.0000
      vertex 113.5952 -33.5415 0.0000
      vertex 113.5952 -33.5415 3.0000
    endloop
  endfacet
  facet normal 0.603804 -0.797133 0.000000
    outer loop
      vertex 113.5336 -33.5882 0.0000
      vertex 113.5952 -33.5415 3.0000
      vertex 113.5336 -33.5882 3.0000
    endloop
  endfacet
  facet normal -0.000000 0.000000 -1.000000
    outer loop
      vertex 113.5336 -33.5882 0.0000
      vertex 115.5100 -26.3000 0.0000
      vertex 113.5952 -33.5415 0.0000
    endloop
  endfacet
  facet normal 0.000000 -0.000000 1.000000
    outer loop
      vertex 113.5336 -33.5882 3.0000
      vertex 113.5952 -33.5415 3.0000
      vertex 115.5100 -26.3000 3.0000
    endloop
  endfacet
  facet normal 0.563320 0.826239 0.000000
    outer loop
      vertex 113.5952 -36.0585 0.0000
      vertex 113.5952 -36.0585 3.0000
      vertex 113.6591 -36.1020 0.0000
    endloop
  endfacet
  facet normal 0.000000 0.000000 -1.000000
    outer loop
      vertex 113.5952 -36.0585 0.0000
      vertex 113.6591 -36.1020 0.0000
      vertex 115.5100 -43.3000 0.0000
    endloop
  endfacet
  facet normal 0.563320 0.826239 0.000000
    outer loop
      vertex 113.5952 -36.0585 3.0000
      vertex 113.6591 -36.1020 3.0000
      vertex 113.6591 -36.1020 0.0000
    endloop
  endfacet
  facet normal 0.000000 0.000000 1.000000
    outer loop
      vertex 113.5952 -36.0585 3.0000
      vertex 115.5100 -43.3000 3.0000
      vertex 113.6591 -36.1020 3.0000
    endloop
  endfacet
  facet normal 0.563320 -0.826239 0.000000
    outer loop
      vertex 113.5952 -33.5415 0.0000
      vertex 113.6591 -33.4980 0.0000
      vertex 113.6591 -33.4980 3.0000
    endloop
  endfacet
  facet normal 0.563320 -0.826239 0.000000
    outer loop
      vertex 113.5952 -33.5415 0.0000
      vertex 113.6591 -33.4980 3.0000
      vertex 113.5952 -33.5415 3.0000
    endloop
  endfacet
  facet normal -0.000000 0.000000 -1.000000
    outer loop
      vertex 113.5952 -33.5415 0.0000
      vertex 115.5100 -26.3000 0.0000
      vertex 113.6591 -33.4980 0.0000
    endloop
  endfacet
  facet normal 0.000000 -0.000000 1.000000
    outer loop
      vertex 113.5952 -33.5415 3.0000
      vertex 113.6591 -33.4980 3.0000
      vertex 115.5100 -26.3000 3.0000
    endloop
  endfacet
  facet normal 0.521435 0.853291 0.000000
    outer loop
      vertex 113.6591 -36.1020 0.0000
      vertex 113.6591 -36.1020 3.0000
      vertex 113.7250 -36.1423 0.0000
    endloop
  endfacet
  facet normal 0.000000 0.000000 -1.000000
    outer loop
      vertex 113.6591 -36.1020 0.0000
      vertex 113.7250 -36.1423 0.0000
      vertex 115.5100 -43.3000 0.0000
    endloop
  endfacet
  facet normal 0.521435 0.853291 0.000000
    outer loop
      vertex 113.6591 -36.1020 3.0000
      vertex 113.7250 -36.1423 3.0000
      vertex 113.7250 -36.1423 0.0000
    endloop
  endfacet
  facet normal 0.000000 0.000000 1.000000
    outer loop
      vertex 113.6591 -36.1020 3.0000
      vertex 115.5100 -43.3000 3.0000
      vertex 113.7250 -36.1423 3.0000
    endloop
  endfacet
  facet normal 0.521435 -0.853291 0.000000
    outer loop
      vertex 113.6591 -33.4980 0.0000
      vertex 113.7250 -33.4577 0.0000
      vertex 113.7250 -33.4577 3.0000
    endloop
  endfacet
  facet normal 0.521435 -0.853291 0.000000
    outer loop
      vertex 113.6591 -33.4980 0.0000
      vertex 113.7250 -33.4577 3.0000
      vertex 113.6591 -33.4980 3.0000
    endloop
  endfacet
  facet normal -0.000000 0.000000 -1.000000
    outer loop
      vertex 113.6591 -33.4980 0.0000
      vertex 115.5100 -26.3000 0.0000
      vertex 113.7250 -33.4577 0.0000
    endloop
  endfacet
  facet normal 0.000000 -0.000000 1.000000
    outer loop
      vertex 113.6591 -33.4980 3.0000
      vertex 113.7250 -33.4577 3.0000
      vertex 115.5100 -26.3000 3.0000
    endloop
  endfacet
  facet normal 0.478254 0.878222 0.000000
    outer loop
      vertex 113.7250 -36.1423 0.0000
      vertex 113.7250 -36.1423 3.0000
      vertex 113.7929 -36.1793 0.0000
    endloop
  endfacet
  facet normal 0.000000 0.000000 -1.000000
    outer loop
      vertex 113.7250 -36.1423 0.0000
      vertex 113.7929 -36.1793 0.0000
      vertex 115.5100 -43.3000 0.0000
    endloop
  endfacet
  facet normal 0.478254 0.878222 0.000000
    outer loop
      vertex 113.7250 -36.1423 3.0000
      vertex 113.7929 -36.1793 3.0000
      vertex 113.7929 -36.1793 0.0000
    endloop
  endfacet
  facet normal 0.000000 0.000000 1.000000
    outer loop
      vertex 113.7250 -36.1423 3.0000
      vertex 115.5100 -43.3000 3.0000
      vertex 113.7929 -36.1793 3.0000
    endloop
  endfacet
  facet normal 0.478254 -0.878222 0.000000
    outer loop
      vertex 113.7250 -33.4577 0.0000
      vertex 113.7929 -33.4207 0.0000
      vertex 113.7929 -33.4207 3.0000
    endloop
  endfacet
  facet normal 0.478254 -0.878222 0.000000
    outer loop
      vertex 113.7250 -33.4577 0.0000
      vertex 113.7929 -33.4207 3.0000
      vertex 113.7250 -33.4577 3.0000
    endloop
  endfacet
  facet normal -0.000000 0.000000 -1.000000
    outer loop
      vertex 113.7250 -33.4577 0.0000
      vertex 115.5100 -26.3000 0.0000
      vertex 113.7929 -33.4207 0.0000
    endloop
  endfacet
  facet normal 0.000000 -0.000000 1.000000
    outer loop
      vertex 113.7250 -33.4577 3.0000
      vertex 113.7929 -33.4207 3.0000
      vertex 115.5100 -26.3000 3.0000
    endloop
  endfacet
  facet normal 0.433884 0.900969 0.000000
    outer loop
      vertex 113.7929 -36.1793 0.0000
      vertex 113.7929 -36.1793 3.0000
      vertex 113.8625 -36.2128 3.0000
    endloop
  endfacet
  facet normal 0.000000 0.000000 -1.000000
    outer loop
      vertex 113.7929 -36.1793 0.0000
      vertex 113.8625 -36.2128 0.0000
      vertex 115.5100 -43.3000 0.0000
    endloop
  endfacet
  facet normal 0.433884 0.900969 0.000000
    outer loop
      vertex 113.7929 -36.1793 0.0000
      vertex 113.8625 -36.2128 3.0000
      vertex 113.8625 -36.2128 0.0000
    endloop
  endfacet
  facet normal 0.000000 0.000000 1.000000
    outer loop
      vertex 113.7929 -36.1793 3.0000
      vertex 115.5100 -43.3000 3.0000
      vertex 113.8625 -36.2128 3.0000
    endloop
  endfacet
  facet normal 0.433884 -0.900969 0.000000
    outer loop
      vertex 113.7929 -33.4207 0.0000
      vertex 113.8625 -33.3872 0.0000
      vertex 113.8625 -33.3872 3.0000
    endloop
  endfacet
  facet normal 0.433884 -0.900969 0.000000
    outer loop
      vertex 113.7929 -33.4207 0.0000
      vertex 113.8625 -33.3872 3.0000
      vertex 113.7929 -33.4207 3.0000
    endloop
  endfacet
  facet normal -0.000000 0.000000 -1.000000
    outer loop
      vertex 113.7929 -33.4207 0.0000
      vertex 115.5100 -26.3000 0.0000
      vertex 113.8625 -33.3872 0.0000
    endloop
  endfacet
  facet normal 0.000000 -0.000000 1.000000
    outer loop
      vertex 113.7929 -33.4207 3.0000
      vertex 113.8625 -33.3872 3.0000
      vertex 115.5100 -26.3000 3.0000
    endloop
  endfacet
  facet normal 0.388435 0.921476 0.000000
    outer loop
      vertex 113.8625 -36.2128 0.0000
      vertex 113.8625 -36.2128 3.0000
      vertex 113.9337 -36.2429 0.0000
    endloop
  endfacet
  facet normal 0.000000 0.000000 -1.000000
    outer loop
      vertex 113.8625 -36.2128 0.0000
      vertex 113.9337 -36.2429 0.0000
      vertex 115.5100 -43.3000 0.0000
    endloop
  endfacet
  facet normal 0.388435 0.921476 0.000000
    outer loop
      vertex 113.8625 -36.2128 3.0000
      vertex 113.9337 -36.2429 3.0000
      vertex 113.9337 -36.2429 0.0000
    endloop
  endfacet
  facet normal 0.000000 0.000000 1.000000
    outer loop
      vertex 113.8625 -36.2128 3.0000
      vertex 115.5100 -43.3000 3.0000
      vertex 113.9337 -36.2429 3.0000
    endloop
  endfacet
  facet normal 0.388435 -0.921476 0.000000
    outer loop
      vertex 113.8625 -33.3872 0.0000
      vertex 113.9337 -33.3571 0.0000
      vertex 113.9337 -33.3571 3.0000
    endloop
  endfacet
  facet normal 0.388435 -0.921476 0.000000
    outer loop
      vertex 113.8625 -33.3872 0.0000
      vertex 113.9337 -33.3571 3.0000
      vertex 113.8625 -33.3872 3.0000
    endloop
  endfacet
  facet normal -0.000000 0.000000 -1.000000
    outer loop
      vertex 113.8625 -33.3872 0.0000
      vertex 115.5100 -26.3000 0.0000
      vertex 113.9337 -33.3571 0.0000
    endloop
  endfacet
  facet normal 0.000000 -0.000000 1.000000
    outer loop
      vertex 113.8625 -33.3872 3.0000
      vertex 113.9337 -33.3571 3.0000
      vertex 115.5100 -26.3000 3.0000
    endloop
  endfacet
  facet normal 0.342020 0.939693 0.000000
    outer loop
      vertex 113.9337 -36.2429 0.0000
      vertex 113.9337 -36.2429 3.0000
      vertex 114.0063 -36.2693 0.0000
    endloop
  endfacet
  facet normal 0.000000 0.000000 -1.000000
    outer loop
      vertex 113.9337 -36.2429 0.0000
      vertex 114.0063 -36.2693 0.0000
      vertex 115.5100 -43.3000 0.0000
    endloop
  endfacet
  facet normal 0.342020 0.939693 0.000000
    outer loop
      vertex 113.9337 -36.2429 3.0000
      vertex 114.0063 -36.2693 3.0000
      vertex 114.0063 -36.2693 0.0000
    endloop
  endfacet
  facet normal 0.000000 0.000000 1.000000
    outer loop
      vertex 113.9337 -36.2429 3.0000
      vertex 115.5100 -43.3000 3.0000
      vertex 114.0063 -36.2693 3.0000
    endloop
  endfacet
  facet normal 0.342020 -0.939693 0.000000
    outer loop
      vertex 113.9337 -33.3571 0.0000
      vertex 114.0063 -33.3307 0.0000
      vertex 114.0063 -33.3307 3.0000
    endloop
  endfacet
  facet normal 0.342020 -0.939693 0.000000
    outer loop
      vertex 113.9337 -33.3571 0.0000
      vertex 114.0063 -33.3307 3.0000
      vertex 113.9337 -33.3571 3.0000
    endloop
  endfacet
  facet normal -0.000000 0.000000 -1.000000
    outer loop
      vertex 113.9337 -33.3571 0.0000
      vertex 115.5100 -26.3000 0.0000
      vertex 114.0063 -33.3307 0.0000
    endloop
  endfacet
  facet normal 0.000000 -0.000000 1.000000
    outer loop
      vertex 113.9337 -33.3571 3.0000
      vertex 114.0063 -33.3307 3.0000
      vertex 115.5100 -26.3000 3.0000
    endloop
  endfacet
  facet normal 0.294755 0.955573 0.000000
    outer loop
      vertex 114.0063 -36.2693 0.0000
      vertex 114.0063 -36.2693 3.0000
      vertex 114.0802 -36.2921 0.0000
    endloop
  endfacet
  facet normal 0.000000 0.000000 -1.000000
    outer loop
      vertex 114.0063 -36.2693 0.0000
      vertex 114.0802 -36.2921 0.0000
      vertex 115.5100 -43.3000 0.0000
    endloop
  endfacet
  facet normal 0.294755 0.955573 0.000000
    outer loop
      vertex 114.0063 -36.2693 3.0000
      vertex 114.0802 -36.2921 3.0000
      vertex 114.0802 -36.2921 0.0000
    endloop
  endfacet
  facet normal 0.000000 0.000000 1.000000
    outer loop
      vertex 114.0063 -36.2693 3.0000
      vertex 115.5100 -43.3000 3.0000
      vertex 114.0802 -36.2921 3.0000
    endloop
  endfacet
  facet normal 0.294755 -0.955573 0.000000
    outer loop
      vertex 114.0063 -33.3307 0.0000
      vertex 114.0802 -33.3079 0.0000
      vertex 114.0802 -33.3079 3.0000
    endloop
  endfacet
  facet normal 0.294755 -0.955573 0.000000
    outer loop
      vertex 114.0063 -33.3307 0.0000
      vertex 114.0802 -33.3079 3.0000
      vertex 114.0063 -33.3307 3.0000
    endloop
  endfacet
  facet normal -0.000000 0.000000 -1.000000
    outer loop
      vertex 114.0063 -33.3307 0.0000
      vertex 115.5100 -26.3000 0.0000
      vertex 114.0802 -33.3079 0.0000
    endloop
  endfacet
  facet normal 0.000000 -0.000000 1.000000
    outer loop
      vertex 114.0063 -33.3307 3.0000
      vertex 114.0802 -33.3079 3.0000
      vertex 115.5100 -26.3000 3.0000
    endloop
  endfacet
  facet normal 0.246757 0.969077 0.000000
    outer loop
      vertex 114.0802 -36.2921 0.0000
      vertex 114.0802 -36.2921 3.0000
      vertex 114.1551 -36.3111 0.0000
    endloop
  endfacet
  facet normal 0.000000 0.000000 -1.000000
    outer loop
      vertex 114.0802 -36.2921 0.0000
      vertex 114.1551 -36.3111 0.0000
      vertex 115.5100 -43.3000 0.0000
    endloop
  endfacet
  facet normal 0.246757 0.969077 0.000000
    outer loop
      vertex 114.0802 -36.2921 3.0000
      vertex 114.1551 -36.3111 3.0000
      vertex 114.1551 -36.3111 0.0000
    endloop
  endfacet
  facet normal 0.000000 0.000000 1.000000
    outer loop
      vertex 114.0802 -36.2921 3.0000
      vertex 115.5100 -43.3000 3.0000
      vertex 114.1551 -36.3111 3.0000
    endloop
  endfacet
  facet normal 0.246757 -0.969077 0.000000
    outer loop
      vertex 114.0802 -33.3079 0.0000
      vertex 114.1551 -33.2889 0.0000
      vertex 114.1551 -33.2889 3.0000
    endloop
  endfacet
  facet normal 0.246757 -0.969077 0.000000
    outer loop
      vertex 114.0802 -33.3079 0.0000
      vertex 114.1551 -33.2889 3.0000
      vertex 114.0802 -33.3079 3.0000
    endloop
  endfacet
  facet normal -0.000000 0.000000 -1.000000
    outer loop
      vertex 114.0802 -33.3079 0.0000
      vertex 115.5100 -26.3000 0.0000
      vertex 114.1551 -33.2889 0.0000
    endloop
  endfacet
  facet normal 0.000000 -0.000000 1.000000
    outer loop
      vertex 114.0802 -33.3079 3.0000
      vertex 114.1551 -33.2889 3.0000
      vertex 115.5100 -26.3000 3.0000
    endloop
  endfacet
  facet normal 0.198146 0.980172 0.000000
    outer loop
      vertex 114.1551 -36.3111 0.0000
      vertex 114.1551 -36.3111 3.0000
      vertex 114.2308 -36.3265 0.0000
    endloop
  endfacet
  facet normal 0.000000 0.000000 -1.000000
    outer loop
      vertex 114.1551 -36.3111 0.0000
      vertex 114.2308 -36.3265 0.0000
      vertex 115.5100 -43.3000 0.0000
    endloop
  endfacet
  facet normal 0.198146 0.980172 0.000000
    outer loop
      vertex 114.1551 -36.3111 3.0000
      vertex 114.2308 -36.3265 3.0000
      vertex 114.2308 -36.3265 0.0000
    endloop
  endfacet
  facet normal 0.000000 0.000000 1.000000
    outer loop
      vertex 114.1551 -36.3111 3.0000
      vertex 115.5100 -43.3000 3.0000
      vertex 114.2308 -36.3265 3.0000
    endloop
  endfacet
  facet normal 0.198146 -0.980172 0.000000
    outer loop
      vertex 114.1551 -33.2889 0.0000
      vertex 114.2308 -33.2735 0.0000
      vertex 114.2308 -33.2735 3.0000
    endloop
  endfacet
  facet normal 0.198146 -0.980172 0.000000
    outer loop
      vertex 114.1551 -33.2889 0.0000
      vertex 114.2308 -33.2735 3.0000
      vertex 114.1551 -33.2889 3.0000
    endloop
  endfacet
  facet normal -0.000000 0.000000 -1.000000
    outer loop
      vertex 114.1551 -33.2889 0.0000
      vertex 115.5100 -26.3000 0.0000
      vertex 114.2308 -33.2735 0.0000
    endloop
  endfacet
  facet normal 0.000000 -0.000000 1.000000
    outer loop
      vertex 114.1551 -33.2889 3.0000
      vertex 114.2308 -33.2735 3.0000
      vertex 115.5100 -26.3000 3.0000
    endloop
  endfacet
  facet normal 0.149042 0.988831 0.000000
    outer loop
      vertex 114.2308 -36.3265 0.0000
      vertex 114.2308 -36.3265 3.0000
      vertex 114.3073 -36.3380 3.0000
    endloop
  endfacet
  facet normal 0.000000 0.000000 -1.000000
    outer loop
      vertex 114.2308 -36.3265 0.0000
      vertex 114.3073 -36.3380 0.0000
      vertex 115.5100 -43.3000 0.0000
    endloop
  endfacet
  facet normal 0.149042 0.988831 0.000000
    outer loop
      vertex 114.2308 -36.3265 0.0000
      vertex 114.3073 -36.3380 3.0000
      vertex 114.3073 -36.3380 0.0000
    endloop
  endfacet
  facet normal 0.000000 0.000000 1.000000
    outer loop
      vertex 114.2308 -36.3265 3.0000
      vertex 115.5100 -43.3000 3.0000
      vertex 114.3073 -36.3380 3.0000
    endloop
  endfacet
  facet normal 0.149042 -0.988831 0.000000
    outer loop
      vertex 114.2308 -33.2735 0.0000
      vertex 114.3073 -33.2620 0.0000
      vertex 114.3073 -33.2620 3.0000
    endloop
  endfacet
  facet normal 0.149042 -0.988831 0.000000
    outer loop
      vertex 114.2308 -33.2735 0.0000
      vertex 114.3073 -33.2620 3.0000
      vertex 114.2308 -33.2735 3.0000
    endloop
  endfacet
  facet normal -0.000000 0.000000 -1.000000
    outer loop
      vertex 114.2308 -33.2735 0.0000
      vertex 115.5100 -26.3000 0.0000
      vertex 114.3073 -33.2620 0.0000
    endloop
  endfacet
  facet normal 0.000000 -0.000000 1.000000
    outer loop
      vertex 114.2308 -33.2735 3.0000
      vertex 114.3073 -33.2620 3.0000
      vertex 115.5100 -26.3000 3.0000
    endloop
  endfacet
  facet normal 0.099568 0.995031 0.000000
    outer loop
      vertex 114.3073 -36.3380 0.0000
      vertex 114.3073 -36.3380 3.0000
      vertex 114.3842 -36.3457 0.0000
    endloop
  endfacet
  facet normal 0.000000 0.000000 -1.000000
    outer loop
      vertex 114.3073 -36.3380 0.0000
      vertex 114.3842 -36.3457 0.0000
      vertex 115.5100 -43.3000 0.0000
    endloop
  endfacet
  facet normal 0.099568 0.995031 0.000000
    outer loop
      vertex 114.3073 -36.3380 3.0000
      vertex 114.3842 -36.3457 3.0000
      vertex 114.3842 -36.3457 0.0000
    endloop
  endfacet
  facet normal 0.000000 0.000000 1.000000
    outer loop
      vertex 114.3073 -36.3380 3.0000
      vertex 115.5100 -43.3000 3.0000
      vertex 114.3842 -36.3457 3.0000
    endloop
  endfacet
  facet normal 0.099568 -0.995031 0.000000
    outer loop
      vertex 114.3073 -33.2620 0.0000
      vertex 114.3842 -33.2543 0.0000
      vertex 114.3842 -33.2543 3.0000
    endloop
  endfacet
  facet normal 0.099568 -0.995031 0.000000
    outer loop
      vertex 114.3073 -33.2620 0.0000
      vertex 114.3842 -33.2543 3.0000
      vertex 114.3073 -33.2620 3.0000
    endloop
  endfacet
  facet normal -0.000000 0.000000 -1.000000
    outer loop
      vertex 114.3073 -33.2620 0.0000
      vertex 115.5100 -26.3000 0.0000
      vertex 114.3842 -33.2543 0.0000
    endloop
  endfacet
  facet normal 0.000000 -0.000000 1.000000
    outer loop
      vertex 114.3073 -33.2620 3.0000
      vertex 114.3842 -33.2543 3.0000
      vertex 115.5100 -26.3000 3.0000
    endloop
  endfacet
  facet normal 0.049846 0.998757 0.000000
    outer loop
      vertex 114.3842 -36.3457 0.0000
      vertex 114.3842 -36.3457 3.0000
      vertex 114.4614 -36.3495 3.0000
    endloop
  endfacet
  facet normal 0.000000 0.000000 -1.000000
    outer loop
      vertex 114.3842 -36.3457 0.0000
      vertex 114.4614 -36.3495 0.0000
      vertex 115.5100 -43.3000 0.0000
    endloop
  endfacet
  facet normal 0.049846 0.998757 0.000000
    outer loop
      vertex 114.3842 -36.3457 0.0000
      vertex 114.4614 -36.3495 3.0000
      vertex 114.4614 -36.3495 0.0000
    endloop
  endfacet
  facet normal 0.000000 0.000000 1.000000
    outer loop
      vertex 114.3842 -36.3457 3.0000
      vertex 115.5100 -43.3000 3.0000
      vertex 114.4614 -36.3495 3.0000
    endloop
  endfacet
  facet normal 0.049846 -0.998757 0.000000
    outer loop
      vertex 114.3842 -33.2543 0.0000
      vertex 114.4614 -33.2505 0.0000
      vertex 114.3842 -33.2543 3.0000
    endloop
  endfacet
  facet normal -0.000000 0.000000 -1.000000
    outer loop
      vertex 114.3842 -33.2543 0.0000
      vertex 115.5100 -26.3000 0.0000
      vertex 114.4614 -33.2505 0.0000
    endloop
  endfacet
  facet normal 0.049846 -0.998757 0.000000
    outer loop
      vertex 114.3842 -33.2543 3.0000
      vertex 114.4614 -33.2505 0.0000
      vertex 114.4614 -33.2505 3.0000
    endloop
  endfacet
  facet normal 0.000000 -0.000000 1.000000
    outer loop
      vertex 114.3842 -33.2543 3.0000
      vertex 114.4614 -33.2505 3.0000
      vertex 115.5100 -26.3000 3.0000
    endloop
  endfacet
  facet normal 0.000000 1.000000 0.000000
    outer loop
      vertex 114.4614 -36.3495 0.0000
      vertex 114.4614 -36.3495 3.0000
      vertex 114.5386 -36.3495 0.0000
    endloop
  endfacet
  facet normal 0.000000 0.000000 -1.000000
    outer loop
      vertex 114.4614 -36.3495 0.0000
      vertex 114.5386 -36.3495 0.0000
      vertex 115.5100 -43.3000 0.0000
    endloop
  endfacet
  facet normal -0.000000 1.000000 0.000000
    outer loop
      vertex 114.4614 -36.3495 3.0000
      vertex 114.5386 -36.3495 3.0000
      vertex 114.5386 -36.3495 0.0000
    endloop
  endfacet
  facet normal 0.000000 0.000000 1.000000
    outer loop
      vertex 114.4614 -36.3495 3.0000
      vertex 115.5100 -43.3000 3.0000
      vertex 114.5386 -36.3495 3.0000
    endloop
  endfacet
  facet normal 0.000000 -1.000000 -0.000000
    outer loop
      vertex 114.4614 -33.2505 0.0000
      vertex 114.5386 -33.2505 0.0000
      vertex 114.5386 -33.2505 3.0000
    endloop
  endfacet
  facet normal -0.000000 -1.000000 0.000000
    outer loop
      vertex 114.4614 -33.2505 0.0000
      vertex 114.5386 -33.2505 3.0000
      vertex 114.4614 -33.2505 3.0000
    endloop
  endfacet
  facet normal 0.000000 0.000000 -1.000000
    outer loop
      vertex 114.4614 -33.2505 0.0000
      vertex 115.5100 -26.3000 0.0000
      vertex 114.5386 -33.2505 0.0000
    endloop
  endfacet
  facet normal 0.000000 -0.000000 1.000000
    outer loop
      vertex 114.4614 -33.2505 3.0000
      vertex 114.5386 -33.2505 3.0000
      vertex 115.5100 -26.3000 3.0000
    endloop
  endfacet
  facet normal -0.049846 0.998757 0.000000
    outer loop
      vertex 114.5386 -36.3495 0.0000
      vertex 114.5386 -36.3495 3.0000
      vertex 114.6158 -36.3457 3.0000
    endloop
  endfacet
  facet normal 0.000000 0.000000 -1.000000
    outer loop
      vertex 114.5386 -36.3495 0.0000
      vertex 114.6158 -36.3457 0.0000
      vertex 115.5100 -43.3000 0.0000
    endloop
  endfacet
  facet normal -0.049846 0.998757 0.000000
    outer loop
      vertex 114.5386 -36.3495 0.0000
      vertex 114.6158 -36.3457 3.0000
      vertex 114.6158 -36.3457 0.0000
    endloop
  endfacet
  facet normal 0.000000 0.000000 1.000000
    outer loop
      vertex 114.5386 -36.3495 3.0000
      vertex 115.5100 -43.3000 3.0000
      vertex 114.6158 -36.3457 3.0000
    endloop
  endfacet
  facet normal -0.049846 -0.998757 -0.000000
    outer loop
      vertex 114.5386 -33.2505 0.0000
      vertex 114.6158 -33.2543 0.0000
      vertex 114.6158 -33.2543 3.0000
    endloop
  endfacet
  facet normal -0.049846 -0.998757 0.000000
    outer loop
      vertex 114.5386 -33.2505 0.0000
      vertex 114.6158 -33.2543 3.0000
      vertex 114.5386 -33.2505 3.0000
    endloop
  endfacet
  facet normal 0.000000 0.000000 -1.000000
    outer loop
      vertex 114.5386 -33.2505 0.0000
      vertex 115.5100 -26.3000 0.0000
      vertex 114.6158 -33.2543 0.0000
    endloop
  endfacet
  facet normal 0.000000 -0.000000 1.000000
    outer loop
      vertex 114.5386 -33.2505 3.0000
      vertex 114.6158 -33.2543 3.0000
      vertex 115.5100 -26.3000 3.0000
    endloop
  endfacet
  facet normal -0.099568 0.995031 0.000000
    outer loop
      vertex 114.6158 -36.3457 0.0000
      vertex 114.6158 -36.3457 3.0000
      vertex 114.6927 -36.3380 0.0000
    endloop
  endfacet
  facet normal 0.000000 0.000000 -1.000000
    outer loop
      vertex 114.6158 -36.3457 0.0000
      vertex 114.6927 -36.3380 0.0000
      vertex 115.5100 -43.3000 0.0000
    endloop
  endfacet
  facet normal -0.099568 0.995031 0.000000
    outer loop
      vertex 114.6158 -36.3457 3.0000
      vertex 114.6927 -36.3380 3.0000
      vertex 114.6927 -36.3380 0.0000
    endloop
  endfacet
  facet normal 0.000000 0.000000 1.000000
    outer loop
      vertex 114.6158 -36.3457 3.0000
      vertex 115.5100 -43.3000 3.0000
      vertex 114.6927 -36.3380 3.0000
    endloop
  endfacet
  facet normal -0.099568 -0.995031 -0.000000
    outer loop
      vertex 114.6158 -33.2543 0.0000
      vertex 114.6927 -33.2620 0.0000
      vertex 114.6927 -33.2620 3.0000
    endloop
  endfacet
  facet normal -0.099568 -0.995031 0.000000
    outer loop
      vertex 114.6158 -33.2543 0.0000
      vertex 114.6927 -33.2620 3.0000
      vertex 114.6158 -33.2543 3.0000
    endloop
  endfacet
  facet normal 0.000000 0.000000 -1.000000
    outer loop
      vertex 114.6158 -33.2543 0.0000
      vertex 115.5100 -26.3000 0.0000
      vertex 114.6927 -33.2620 0.0000
    endloop
  endfacet
  facet normal 0.000000 -0.000000 1.000000
    outer loop
      vertex 114.6158 -33.2543 3.0000
      vertex 114.6927 -33.2620 3.0000
      vertex 115.5100 -26.3000 3.0000
    endloop
  endfacet
  facet normal -0.149042 0.988831 0.000000
    outer loop
      vertex 114.6927 -36.3380 0.0000
      vertex 114.6927 -36.3380 3.0000
      vertex 114.7692 -36.3265 3.0000
    endloop
  endfacet
  facet normal 0.000000 0.000000 -1.000000
    outer loop
      vertex 114.6927 -36.3380 0.0000
      vertex 114.7692 -36.3265 0.0000
      vertex 115.5100 -43.3000 0.0000
    endloop
  endfacet
  facet normal -0.149042 0.988831 0.000000
    outer loop
      vertex 114.6927 -36.3380 0.0000
      vertex 114.7692 -36.3265 3.0000
      vertex 114.7692 -36.3265 0.0000
    endloop
  endfacet
  facet normal 0.000000 0.000000 1.000000
    outer loop
      vertex 114.6927 -36.3380 3.0000
      vertex 115.5100 -43.3000 3.0000
      vertex 114.7692 -36.3265 3.0000
    endloop
  endfacet
  facet normal -0.149042 -0.988831 -0.000000
    outer loop
      vertex 114.6927 -33.2620 0.0000
      vertex 114.7692 -33.2735 0.0000
      vertex 114.7692 -33.2735 3.0000
    endloop
  endfacet
  facet normal -0.149042 -0.988831 0.000000
    outer loop
      vertex 114.6927 -33.2620 0.0000
      vertex 114.7692 -33.2735 3.0000
      vertex 114.6927 -33.2620 3.0000
    endloop
  endfacet
  facet normal 0.000000 0.000000 -1.000000
    outer loop
      vertex 114.6927 -33.2620 0.0000
      vertex 115.5100 -26.3000 0.0000
      vertex 114.7692 -33.2735 0.0000
    endloop
  endfacet
  facet normal 0.000000 -0.000000 1.000000
    outer loop
      vertex 114.6927 -33.2620 3.0000
      vertex 114.7692 -33.2735 3.0000
      vertex 115.5100 -26.3000 3.0000
    endloop
  endfacet
  facet normal -0.198146 0.980172 0.000000
    outer loop
      vertex 114.7692 -36.3265 0.0000
      vertex 114.7692 -36.3265 3.0000
      vertex 114.8449 -36.3111 3.0000
    endloop
  endfacet
  facet normal 0.000000 0.000000 -1.000000
    outer loop
      vertex 114.7692 -36.3265 0.0000
      vertex 114.8449 -36.3111 0.0000
      vertex 115.5100 -43.3000 0.0000
    endloop
  endfacet
  facet normal -0.198146 0.980172 0.000000
    outer loop
      vertex 114.7692 -36.3265 0.0000
      vertex 114.8449 -36.3111 3.0000
      vertex 114.8449 -36.3111 0.0000
    endloop
  endfacet
  facet normal 0.000000 0.000000 1.000000
    outer loop
      vertex 114.7692 -36.3265 3.0000
      vertex 115.5100 -43.3000 3.0000
      vertex 114.8449 -36.3111 3.0000
    endloop
  endfacet
  facet normal -0.198146 -0.980172 -0.000000
    outer loop
      vertex 114.7692 -33.2735 0.0000
      vertex 114.8449 -33.2889 0.0000
      vertex 114.8449 -33.2889 3.0000
    endloop
  endfacet
  facet normal -0.198146 -0.980172 0.000000
    outer loop
      vertex 114.7692 -33.2735 0.0000
      vertex 114.8449 -33.2889 3.0000
      vertex 114.7692 -33.2735 3.0000
    endloop
  endfacet
  facet normal 0.000000 0.000000 -1.000000
    outer loop
      vertex 114.7692 -33.2735 0.0000
      vertex 115.5100 -26.3000 0.0000
      vertex 114.8449 -33.2889 0.0000
    endloop
  endfacet
  facet normal 0.000000 -0.000000 1.000000
    outer loop
      vertex 114.7692 -33.2735 3.0000
      vertex 114.8449 -33.2889 3.0000
      vertex 115.5100 -26.3000 3.0000
    endloop
  endfacet
  facet normal -0.246757 0.969077 0.000000
    outer loop
      vertex 114.8449 -36.3111 0.0000
      vertex 114.8449 -36.3111 3.0000
      vertex 114.9198 -36.2921 0.0000
    endloop
  endfacet
  facet normal 0.000000 0.000000 -1.000000
    outer loop
      vertex 114.8449 -36.3111 0.0000
      vertex 114.9198 -36.2921 0.0000
      vertex 115.9266 -43.2898 0.0000
    endloop
  endfacet
  facet normal -0.000000 0.000000 -1.000000
    outer loop
      vertex 114.8449 -36.3111 0.0000
      vertex 115.9266 -43.2898 0.0000
      vertex 115.5100 -43.3000 0.0000
    endloop
  endfacet
  facet normal -0.246757 0.969077 0.000000
    outer loop
      vertex 114.8449 -36.3111 3.0000
      vertex 114.9198 -36.2921 3.0000
      vertex 114.9198 -36.2921 0.0000
    endloop
  endfacet
  facet normal 0.000000 0.000000 1.000000
    outer loop
      vertex 114.8449 -36.3111 3.0000
      vertex 115.5100 -43.3000 3.0000
      vertex 115.9266 -43.2898 3.0000
    endloop
  endfacet
  facet normal 0.000000 0.000000 1.000000
    outer loop
      vertex 114.8449 -36.3111 3.0000
      vertex 115.9266 -43.2898 3.0000
      vertex 114.9198 -36.2921 3.0000
    endloop
  endfacet
  facet normal -0.246757 -0.969077 -0.000000
    outer loop
      vertex 114.8449 -33.2889 0.0000
      vertex 114.9198 -33.3079 0.0000
      vertex 114.8449 -33.2889 3.0000
    endloop
  endfacet
  facet normal 0.000000 0.000000 -1.000000
    outer loop
      vertex 114.8449 -33.2889 0.0000
      vertex 115.5100 -26.3000 0.0000
      vertex 115.9266 -26.3102 0.0000
    endloop
  endfacet
  facet normal 0.000000 0.000000 -1.000000
    outer loop
      vertex 114.8449 -33.2889 0.0000
      vertex 115.9266 -26.3102 0.0000
      vertex 114.9198 -33.3079 0.0000
    endloop
  endfacet
  facet normal -0.246757 -0.969077 -0.000000
    outer loop
      vertex 114.8449 -33.2889 3.0000
      vertex 114.9198 -33.3079 0.0000
      vertex 114.9198 -33.3079 3.0000
    endloop
  endfacet
  facet normal 0.000000 -0.000000 1.000000
    outer loop
      vertex 114.8449 -33.2889 3.0000
      vertex 114.9198 -33.3079 3.0000
      vertex 115.9266 -26.3102 3.0000
    endloop
  endfacet
  facet normal 0.000000 0.000000 1.000000
    outer loop
      vertex 114.8449 -33.2889 3.0000
      vertex 115.9266 -26.3102 3.0000
      vertex 115.5100 -26.3000 3.0000
    endloop
  endfacet
  facet normal -0.294755 0.955573 0.000000
    outer loop
      vertex 114.9198 -36.2921 0.0000
      vertex 114.9198 -36.2921 3.0000
      vertex 114.9937 -36.2693 0.0000
    endloop
  endfacet
  facet normal 0.000000 0.000000 -1.000000
    outer loop
      vertex 114.9198 -36.2921 0.0000
      vertex 114.9937 -36.2693 0.0000
      vertex 116.3422 -43.2591 0.0000
    endloop
  endfacet
  facet normal -0.000000 0.000000 -1.000000
    outer loop
      vertex 114.9198 -36.2921 0.0000
      vertex 116.3422 -43.2591 0.0000
      vertex 115.9266 -43.2898 0.0000
    endloop
  endfacet
  facet normal -0.294755 0.955573 0.000000
    outer loop
      vertex 114.9198 -36.2921 3.0000
      vertex 114.9937 -36.2693 3.0000
      vertex 114.9937 -36.2693 0.0000
    endloop
  endfacet
  facet normal 0.000000 0.000000 1.000000
    outer loop
      vertex 114.9198 -36.2921 3.0000
      vertex 115.9266 -43.2898 3.0000
      vertex 116.3422 -43.2591 3.0000
    endloop
  endfacet
  facet normal 0.000000 0.000000 1.000000
    outer loop
      vertex 114.9198 -36.2921 3.0000
      vertex 116.3422 -43.2591 3.0000
      vertex 114.9937 -36.2693 3.0000
    endloop
  endfacet
  facet normal -0.294755 -0.955573 -0.000000
    outer loop
      vertex 114.9198 -33.3079 0.0000
      vertex 114.9937 -33.3307 0.0000
      vertex 114.9937 -33.3307 3.0000
    endloop
  endfacet
  facet normal -0.294755 -0.955573 0.000000
    outer loop
      vertex 114.9198 -33.3079 0.0000
      vertex 114.9937 -33.3307 3.0000
      vertex 114.9198 -33.3079 3.0000
    endloop
  endfacet
  facet normal 0.000000 0.000000 -1.000000
    outer loop
      vertex 114.9198 -33.3079 0.0000
      vertex 115.9266 -26.3102 0.0000
      vertex 116.3422 -26.3409 0.0000
    endloop
  endfacet
  facet normal 0.000000 0.000000 -1.000000
    outer loop
      vertex 114.9198 -33.3079 0.0000
      vertex 116.3422 -26.3409 0.0000
      vertex 114.9937 -33.3307 0.0000
    endloop
  endfacet
  facet normal 0.000000 -0.000000 1.000000
    outer loop
      vertex 114.9198 -33.3079 3.0000
      vertex 114.9937 -33.3307 3.0000
      vertex 116.3422 -26.3409 3.0000
    endloop
  endfacet
  facet normal 0.000000 0.000000 1.000000
    outer loop
      vertex 114.9198 -33.3079 3.0000
      vertex 116.3422 -26.3409 3.0000
      vertex 115.9266 -26.3102 3.0000
    endloop
  endfacet
  facet normal -0.342020 0.939693 0.000000
    outer loop
      vertex 114.9937 -36.2693 0.0000
      vertex 114.9937 -36.2693 3.0000
      vertex 115.0663 -36.2429 3.0000
    endloop
  endfacet
  facet normal 0.000000 0.000000 -1.000000
    outer loop
      vertex 114.9937 -36.2693 0.0000
      vertex 115.0663 -36.2429 0.0000
      vertex 116.7557 -43.2081 0.0000
    endloop
  endfacet
  facet normal -0.342020 0.939693 0.000000
    outer loop
      vertex 114.9937 -36.2693 0.0000
      vertex 115.0663 -36.2429 3.0000
      vertex 115.0663 -36.2429 0.0000
    endloop
  endfacet
  facet normal -0.000000 0.000000 -1.000000
    outer loop
      vertex 114.9937 -36.2693 0.0000
      vertex 116.7557 -43.2081 0.0000
      vertex 116.3422 -43.2591 0.0000
    endloop
  endfacet
  facet normal 0.000000 0.000000 1.000000
    outer loop
      vertex 114.9937 -36.2693 3.0000
      vertex 116.3422 -43.2591 3.0000
      vertex 116.7557 -43.2081 3.0000
    endloop
  endfacet
  facet normal 0.000000 0.000000 1.000000
    outer loop
      vertex 114.9937 -36.2693 3.0000
      vertex 116.7557 -43.2081 3.0000
      vertex 115.0663 -36.2429 3.0000
    endloop
  endfacet
  facet normal -0.342020 -0.939693 -0.000000
    outer loop
      vertex 114.9937 -33.3307 0.0000
      vertex 115.0663 -33.3571 0.0000
      vertex 115.0663 -33.3571 3.0000
    endloop
  endfacet
  facet normal -0.342020 -0.939693 0.000000
    outer loop
      vertex 114.9937 -33.3307 0.0000
      vertex 115.0663 -33.3571 3.0000
      vertex 114.9937 -33.3307 3.0000
    endloop
  endfacet
  facet normal 0.000000 0.000000 -1.000000
    outer loop
      vertex 114.9937 -33.3307 0.0000
      vertex 116.3422 -26.3409 0.0000
      vertex 116.7557 -26.3919 0.0000
    endloop
  endfacet
  facet normal 0.000000 0.000000 -1.000000
    outer loop
      vertex 114.9937 -33.3307 0.0000
      vertex 116.7557 -26.3919 0.0000
      vertex 115.0663 -33.3571 0.0000
    endloop
  endfacet
  facet normal 0.000000 -0.000000 1.000000
    outer loop
      vertex 114.9937 -33.3307 3.0000
      vertex 115.0663 -33.3571 3.0000
      vertex 116.7557 -26.3919 3.0000
    endloop
  endfacet
  facet normal 0.000000 0.000000 1.000000
    outer loop
      vertex 114.9937 -33.3307 3.0000
      vertex 116.7557 -26.3919 3.0000
      vertex 116.3422 -26.3409 3.0000
    endloop
  endfacet
  facet normal -0.388435 0.921476 0.000000
    outer loop
      vertex 115.0663 -36.2429 0.0000
      vertex 115.0663 -36.2429 3.0000
      vertex 115.1375 -36.2128 0.0000
    endloop
  endfacet
  facet normal 0.000000 0.000000 -1.000000
    outer loop
      vertex 115.0663 -36.2429 0.0000
      vertex 115.1375 -36.2128 0.0000
      vertex 117.1663 -43.1369 0.0000
    endloop
  endfacet
  facet normal -0.000000 0.000000 -1.000000
    outer loop
      vertex 115.0663 -36.2429 0.0000
      vertex 117.1663 -43.1369 0.0000
      vertex 116.7557 -43.2081 0.0000
    endloop
  endfacet
  facet normal -0.388435 0.921476 0.000000
    outer loop
      vertex 115.0663 -36.2429 3.0000
      vertex 115.1375 -36.2128 3.0000
      vertex 115.1375 -36.2128 0.0000
    endloop
  endfacet
  facet normal 0.000000 0.000000 1.000000
    outer loop
      vertex 115.0663 -36.2429 3.0000
      vertex 116.7557 -43.2081 3.0000
      vertex 117.1663 -43.1369 3.0000
    endloop
  endfacet
  facet normal 0.000000 0.000000 1.000000
    outer loop
      vertex 115.0663 -36.2429 3.0000
      vertex 117.1663 -43.1369 3.0000
      vertex 115.1375 -36.2128 3.0000
    endloop
  endfacet
  facet normal -0.388435 -0.921476 -0.000000
    outer loop
      vertex 115.0663 -33.3571 0.0000
      vertex 115.1375 -33.3872 0.0000
      vertex 115.1375 -33.3872 3.0000
    endloop
  endfacet
  facet normal -0.388435 -0.921476 0.000000
    outer loop
      vertex 115.0663 -33.3571 0.0000
      vertex 115.1375 -33.3872 3.0000
      vertex 115.0663 -33.3571 3.0000
    endloop
  endfacet
  facet normal 0.000000 0.000000 -1.000000
    outer loop
      vertex 115.0663 -33.3571 0.0000
      vertex 116.7557 -26.3919 0.0000
      vertex 117.1663 -26.4631 0.0000
    endloop
  endfacet
  facet normal 0.000000 0.000000 -1.000000
    outer loop
      vertex 115.0663 -33.3571 0.0000
      vertex 117.1663 -26.4631 0.0000
      vertex 115.1375 -33.3872 0.0000
    endloop
  endfacet
  facet normal 0.000000 -0.000000 1.000000
    outer loop
      vertex 115.0663 -33.3571 3.0000
      vertex 115.1375 -33.3872 3.0000
      vertex 117.1663 -26.4631 3.0000
    endloop
  endfacet
  facet normal 0.000000 0.000000 1.000000
    outer loop
      vertex 115.0663 -33.3571 3.0000
      vertex 117.1663 -26.4631 3.0000
      vertex 116.7557 -26.3919 3.0000
    endloop
  endfacet
  facet normal -0.433884 0.900969 0.000000
    outer loop
      vertex 115.1375 -36.2128 0.0000
      vertex 115.1375 -36.2128 3.0000
      vertex 115.2071 -36.1793 3.0000
    endloop
  endfacet
  facet normal 0.000000 0.000000 -1.000000
    outer loop
      vertex 115.1375 -36.2128 0.0000
      vertex 115.2071 -36.1793 0.0000
      vertex 117.5729 -43.0456 0.0000
    endloop
  endfacet
  facet normal -0.433884 0.900969 0.000000
    outer loop
      vertex 115.1375 -36.2128 0.0000
      vertex 115.2071 -36.1793 3.0000
      vertex 115.2071 -36.1793 0.0000
    endloop
  endfacet
  facet normal -0.000000 0.000000 -1.000000
    outer loop
      vertex 115.1375 -36.2128 0.0000
      vertex 117.5729 -43.0456 0.0000
      vertex 117.1663 -43.1369 0.0000
    endloop
  endfacet
  facet normal 0.000000 0.000000 1.000000
    outer loop
      vertex 115.1375 -36.2128 3.0000
      vertex 117.1663 -43.1369 3.0000
      vertex 117.5729 -43.0456 3.0000
    endloop
  endfacet
  facet normal 0.000000 0.000000 1.000000
    outer loop
      vertex 115.1375 -36.2128 3.0000
      vertex 117.5729 -43.0456 3.0000
      vertex 115.2071 -36.1793 3.0000
    endloop
  endfacet
  facet normal -0.433884 -0.900969 -0.000000
    outer loop
      vertex 115.1375 -33.3872 0.0000
      vertex 115.2071 -33.4207 0.0000
      vertex 115.1375 -33.3872 3.0000
    endloop
  endfacet
  facet normal 0.000000 0.000000 -1.000000
    outer loop
      vertex 115.1375 -33.3872 0.0000
      vertex 117.1663 -26.4631 0.0000
      vertex 117.5729 -26.5544 0.0000
    endloop
  endfacet
  facet normal 0.000000 0.000000 -1.000000
    outer loop
      vertex 115.1375 -33.3872 0.0000
      vertex 117.5729 -26.5544 0.0000
      vertex 115.2071 -33.4207 0.0000
    endloop
  endfacet
  facet normal -0.433884 -0.900969 -0.000000
    outer loop
      vertex 115.1375 -33.3872 3.0000
      vertex 115.2071 -33.4207 0.0000
      vertex 115.2071 -33.4207 3.0000
    endloop
  endfacet
  facet normal 0.000000 -0.000000 1.000000
    outer loop
      vertex 115.1375 -33.3872 3.0000
      vertex 115.2071 -33.4207 3.0000
      vertex 117.5729 -26.5544 3.0000
    endloop
  endfacet
  facet normal 0.000000 0.000000 1.000000
    outer loop
      vertex 115.1375 -33.3872 3.0000
      vertex 117.5729 -26.5544 3.0000
      vertex 117.1663 -26.4631 3.0000
    endloop
  endfacet
  facet normal -0.478254 0.878222 0.000000
    outer loop
      vertex 115.2071 -36.1793 0.0000
      vertex 115.2071 -36.1793 3.0000
      vertex 115.2750 -36.1423 0.0000
    endloop
  endfacet
  facet normal 0.000000 0.000000 -1.000000
    outer loop
      vertex 115.2071 -36.1793 0.0000
      vertex 115.2750 -36.1423 0.0000
      vertex 117.9745 -42.9344 0.0000
    endloop
  endfacet
  facet normal -0.000000 0.000000 -1.000000
    outer loop
      vertex 115.2071 -36.1793 0.0000
      vertex 117.9745 -42.9344 0.0000
      vertex 117.5729 -43.0456 0.0000
    endloop
  endfacet
  facet normal -0.478254 0.878222 0.000000
    outer loop
      vertex 115.2071 -36.1793 3.0000
      vertex 115.2750 -36.1423 3.0000
      vertex 115.2750 -36.1423 0.0000
    endloop
  endfacet
  facet normal 0.000000 0.000000 1.000000
    outer loop
      vertex 115.2071 -36.1793 3.0000
      vertex 117.5729 -43.0456 3.0000
      vertex 117.9745 -42.9344 3.0000
    endloop
  endfacet
  facet normal 0.000000 0.000000 1.000000
    outer loop
      vertex 115.2071 -36.1793 3.0000
      vertex 117.9745 -42.9344 3.0000
      vertex 115.2750 -36.1423 3.0000
    endloop
  endfacet
  facet normal -0.478254 -0.878222 -0.000000
    outer loop
      vertex 115.2071 -33.4207 0.0000
      vertex 115.2750 -33.4577 0.0000
      vertex 115.2750 -33.4577 3.0000
    endloop
  endfacet
  facet normal -0.478254 -0.878222 0.000000
    outer loop
      vertex 115.2071 -33.4207 0.0000
      vertex 115.2750 -33.4577 3.0000
      vertex 115.2071 -33.4207 3.0000
    endloop
  endfacet
  facet normal 0.000000 0.000000 -1.000000
    outer loop
      vertex 115.2071 -33.4207 0.0000
      vertex 117.5729 -26.5544 0.0000
      vertex 117.9745 -26.6656 0.0000
    endloop
  endfacet
  facet normal 0.000000 0.000000 -1.000000
    outer loop
      vertex 115.2071 -33.4207 0.0000
      vertex 117.9745 -26.6656 0.0000
      vertex 115.2750 -33.4577 0.0000
    endloop
  endfacet
  facet normal 0.000000 -0.000000 1.000000
    outer loop
      vertex 115.2071 -33.4207 3.0000
      vertex 115.2750 -33.4577 3.0000
      vertex 117.9745 -26.6656 3.0000
    endloop
  endfacet
  facet normal 0.000000 0.000000 1.000000
    outer loop
      vertex 115.2071 -33.4207 3.0000
      vertex 117.9745 -26.6656 3.0000
      vertex 117.5729 -26.5544 3.0000
    endloop
  endfacet
  facet normal -0.521435 0.853291 0.000000
    outer loop
      vertex 115.2750 -36.1423 0.0000
      vertex 115.2750 -36.1423 3.0000
      vertex 115.3409 -36.1020 3.0000
    endloop
  endfacet
  facet normal 0.000000 0.000000 -1.000000
    outer loop
      vertex 115.2750 -36.1423 0.0000
      vertex 115.3409 -36.1020 0.0000
      vertex 118.7590 -42.6537 0.0000
    endloop
  endfacet
  facet normal -0.521435 0.853291 0.000000
    outer loop
      vertex 115.2750 -36.1423 0.0000
      vertex 115.3409 -36.1020 3.0000
      vertex 115.3409 -36.1020 0.0000
    endloop
  endfacet
  facet normal -0.000000 0.000000 -1.000000
    outer loop
      vertex 115.2750 -36.1423 0.0000
      vertex 118.3702 -42.8037 0.0000
      vertex 117.9745 -42.9344 0.0000
    endloop
  endfacet
  facet normal -0.000000 0.000000 -1.000000
    outer loop
      vertex 115.2750 -36.1423 0.0000
      vertex 118.7590 -42.6537 0.0000
      vertex 118.3702 -42.8037 0.0000
    endloop
  endfacet
  facet normal 0.000000 0.000000 1.000000
    outer loop
      vertex 115.2750 -36.1423 3.0000
      vertex 117.9745 -42.9344 3.0000
      vertex 118.3702 -42.8037 3.0000
    endloop
  endfacet
  facet normal 0.000000 0.000000 1.000000
    outer loop
      vertex 115.2750 -36.1423 3.0000
      vertex 118.3702 -42.8037 3.0000
      vertex 118.7590 -42.6537 3.0000
    endloop
  endfacet
  facet normal 0.000000 0.000000 1.000000
    outer loop
      vertex 115.2750 -36.1423 3.0000
      vertex 118.7590 -42.6537 3.0000
      vertex 115.3409 -36.1020 3.0000
    endloop
  endfacet
  facet normal -0.521435 -0.853291 -0.000000
    outer loop
      vertex 115.2750 -33.4577 0.0000
      vertex 115.3409 -33.4980 0.0000
      vertex 115.3409 -33.4980 3.0000
    endloop
  endfacet
  facet normal -0.521435 -0.853291 0.000000
    outer loop
      vertex 115.2750 -33.4577 0.0000
      vertex 115.3409 -33.4980 3.0000
      vertex 115.2750 -33.4577 3.0000
    endloop
  endfacet
  facet normal 0.000000 0.000000 -1.000000
    outer loop
      vertex 115.2750 -33.4577 0.0000
      vertex 117.9745 -26.6656 0.0000
      vertex 118.3702 -26.7963 0.0000
    endloop
  endfacet
  facet normal 0.000000 0.000000 -1.000000
    outer loop
      vertex 115.2750 -33.4577 0.0000
      vertex 118.3702 -26.7963 0.0000
      vertex 118.7590 -26.9463 0.0000
    endloop
  endfacet
  facet normal 0.000000 0.000000 -1.000000
    outer loop
      vertex 115.2750 -33.4577 0.0000
      vertex 118.7590 -26.9463 0.0000
      vertex 115.3409 -33.4980 0.0000
    endloop
  endfacet
  facet normal 0.000000 -0.000000 1.000000
    outer loop
      vertex 115.2750 -33.4577 3.0000
      vertex 115.3409 -33.4980 3.0000
      vertex 118.7590 -26.9463 3.0000
    endloop
  endfacet
  facet normal 0.000000 0.000000 1.000000
    outer loop
      vertex 115.2750 -33.4577 3.0000
      vertex 118.3702 -26.7963 3.0000
      vertex 117.9745 -26.6656 3.0000
    endloop
  endfacet
  facet normal 0.000000 0.000000 1.000000
    outer loop
      vertex 115.2750 -33.4577 3.0000
      vertex 118.7590 -26.9463 3.0000
      vertex 118.3702 -26.7963 3.0000
    endloop
  endfacet
  facet normal -0.563320 0.826239 0.000000
    outer loop
      vertex 115.3409 -36.1020 0.0000
      vertex 115.3409 -36.1020 3.0000
      vertex 115.4048 -36.0585 0.0000
    endloop
  endfacet
  facet normal 0.000000 0.000000 -1.000000
    outer loop
      vertex 115.3409 -36.1020 0.0000
      vertex 115.4048 -36.0585 0.0000
      vertex 119.1399 -42.4849 0.0000
    endloop
  endfacet
  facet normal -0.000000 0.000000 -1.000000
    outer loop
      vertex 115.3409 -36.1020 0.0000
      vertex 119.1399 -42.4849 0.0000
      vertex 118.7590 -42.6537 0.0000
    endloop
  endfacet
  facet normal -0.563320 0.826239 0.000000
    outer loop
      vertex 115.3409 -36.1020 3.0000
      vertex 115.4048 -36.0585 3.0000
      vertex 115.4048 -36.0585 0.0000
    endloop
  endfacet
  facet normal 0.000000 0.000000 1.000000
    outer loop
      vertex 115.3409 -36.1020 3.0000
      vertex 118.7590 -42.6537 3.0000
      vertex 119.1399 -42.4849 3.0000
    endloop
  endfacet
  facet normal 0.000000 0.000000 1.000000
    outer loop
      vertex 115.3409 -36.1020 3.0000
      vertex 119.1399 -42.4849 3.0000
      vertex 115.4048 -36.0585 3.0000
    endloop
  endfacet
  facet normal -0.563320 -0.826239 -0.000000
    outer loop
      vertex 115.3409 -33.4980 0.0000
      vertex 115.4048 -33.5415 0.0000
      vertex 115.4048 -33.5415 3.0000
    endloop
  endfacet
  facet normal -0.563320 -0.826239 0.000000
    outer loop
      vertex 115.3409 -33.4980 0.0000
      vertex 115.4048 -33.5415 3.0000
      vertex 115.3409 -33.4980 3.0000
    endloop
  endfacet
  facet normal 0.000000 0.000000 -1.000000
    outer loop
      vertex 115.3409 -33.4980 0.0000
      vertex 118.7590 -26.9463 0.0000
      vertex 119.1399 -27.1151 0.0000
    endloop
  endfacet
  facet normal 0.000000 0.000000 -1.000000
    outer loop
      vertex 115.3409 -33.4980 0.0000
      vertex 119.1399 -27.1151 0.0000
      vertex 115.4048 -33.5415 0.0000
    endloop
  endfacet
  facet normal 0.000000 -0.000000 1.000000
    outer loop
      vertex 115.3409 -33.4980 3.0000
      vertex 115.4048 -33.5415 3.0000
      vertex 119.1399 -27.1151 3.0000
    endloop
  endfacet
  facet normal 0.000000 0.000000 1.000000
    outer loop
      vertex 115.3409 -33.4980 3.0000
      vertex 119.1399 -27.1151 3.0000
      vertex 118.7590 -26.9463 3.0000
    endloop
  endfacet
  facet normal -0.603804 0.797133 0.000000
    outer loop
      vertex 115.4048 -36.0585 0.0000
      vertex 115.4048 -36.0585 3.0000
      vertex 115.4664 -36.0118 0.0000
    endloop
  endfacet
  facet normal 0.000000 0.000000 -1.000000
    outer loop
      vertex 115.4048 -36.0585 0.0000
      vertex 115.4664 -36.0118 0.0000
      vertex 119.5122 -42.2975 0.0000
    endloop
  endfacet
  facet normal -0.000000 0.000000 -1.000000
    outer loop
      vertex 115.4048 -36.0585 0.0000
      vertex 119.5122 -42.2975 0.0000
      vertex 119.1399 -42.4849 0.0000
    endloop
  endfacet
  facet normal -0.603804 0.797133 0.000000
    outer loop
      vertex 115.4048 -36.0585 3.0000
      vertex 115.4664 -36.0118 3.0000
      vertex 115.4664 -36.0118 0.0000
    endloop
  endfacet
  facet normal 0.000000 0.000000 1.000000
    outer loop
      vertex 115.4048 -36.0585 3.0000
      vertex 119.1399 -42.4849 3.0000
      vertex 119.5122 -42.2975 3.0000
    endloop
  endfacet
  facet normal 0.000000 0.000000 1.000000
    outer loop
      vertex 115.4048 -36.0585 3.0000
      vertex 119.5122 -42.2975 3.0000
      vertex 115.4664 -36.0118 3.0000
    endloop
  endfacet
  facet normal -0.603804 -0.797133 -0.000000
    outer loop
      vertex 115.4048 -33.5415 0.0000
      vertex 115.4664 -33.5882 0.0000
      vertex 115.4048 -33.5415 3.0000
    endloop
  endfacet
  facet normal 0.000000 0.000000 -1.000000
    outer loop
      vertex 115.4048 -33.5415 0.0000
      vertex 119.1399 -27.1151 0.0000
      vertex 119.5122 -27.3025 0.0000
    endloop
  endfacet
  facet normal 0.000000 0.000000 -1.000000
    outer loop
      vertex 115.4048 -33.5415 0.0000
      vertex 119.5122 -27.3025 0.0000
      vertex 115.4664 -33.5882 0.0000
    endloop
  endfacet
  facet normal -0.603804 -0.797133 -0.000000
    outer loop
      vertex 115.4048 -33.5415 3.0000
      vertex 115.4664 -33.5882 0.0000
      vertex 115.4664 -33.5882 3.0000
    endloop
  endfacet
  facet normal 0.000000 -0.000000 1.000000
    outer loop
      vertex 115.4048 -33.5415 3.0000
      vertex 115.4664 -33.5882 3.0000
      vertex 119.5122 -27.3025 3.0000
    endloop
  endfacet
  facet normal 0.000000 0.000000 1.000000
    outer loop
      vertex 115.4048 -33.5415 3.0000
      vertex 119.5122 -27.3025 3.0000
      vertex 119.1399 -27.1151 3.0000
    endloop
  endfacet
  facet normal -0.642788 0.766044 0.000000
    outer loop
      vertex 115.4664 -36.0118 0.0000
      vertex 115.4664 -36.0118 3.0000
      vertex 115.5256 -35.9622 0.0000
    endloop
  endfacet
  facet normal 0.000000 0.000000 -1.000000
    outer loop
      vertex 115.4664 -36.0118 0.0000
      vertex 115.5256 -35.9622 0.0000
      vertex 119.8747 -42.0921 0.0000
    endloop
  endfacet
  facet normal -0.000000 0.000000 -1.000000
    outer loop
      vertex 115.4664 -36.0118 0.0000
      vertex 119.8747 -42.0921 0.0000
      vertex 119.5122 -42.2975 0.0000
    endloop
  endfacet
  facet normal -0.642788 0.766044 0.000000
    outer loop
      vertex 115.4664 -36.0118 3.0000
      vertex 115.5256 -35.9622 3.0000
      vertex 115.5256 -35.9622 0.0000
    endloop
  endfacet
  facet normal 0.000000 0.000000 1.000000
    outer loop
      vertex 115.4664 -36.0118 3.0000
      vertex 119.5122 -42.2975 3.0000
      vertex 119.8747 -42.0921 3.0000
    endloop
  endfacet
  facet normal 0.000000 0.000000 1.000000
    outer loop
      vertex 115.4664 -36.0118 3.0000
      vertex 119.8747 -42.0921 3.0000
      vertex 115.5256 -35.9622 3.0000
    endloop
  endfacet
  facet normal -0.642788 -0.766044 -0.000000
    outer loop
      vertex 115.4664 -33.5882 0.0000
      vertex 115.5256 -33.6378 0.0000
      vertex 115.5256 -33.6378 3.0000
    endloop
  endfacet
  facet normal -0.642788 -0.766044 0.000000
    outer loop
      vertex 115.4664 -33.5882 0.0000
      vertex 115.5256 -33.6378 3.0000
      vertex 115.4664 -33.5882 3.0000
    endloop
  endfacet
  facet normal 0.000000 0.000000 -1.000000
    outer loop
      vertex 115.4664 -33.5882 0.0000
      vertex 119.5122 -27.3025 0.0000
      vertex 119.8747 -27.5079 0.0000
    endloop
  endfacet
  facet normal 0.000000 0.000000 -1.000000
    outer loop
      vertex 115.4664 -33.5882 0.0000
      vertex 119.8747 -27.5079 0.0000
      vertex 115.5256 -33.6378 0.0000
    endloop
  endfacet
  facet normal 0.000000 -0.000000 1.000000
    outer loop
      vertex 115.4664 -33.5882 3.0000
      vertex 115.5256 -33.6378 3.0000
      vertex 119.8747 -27.5079 3.0000
    endloop
  endfacet
  facet normal 0.000000 0.000000 1.000000
    outer loop
      vertex 115.4664 -33.5882 3.0000
      vertex 119.8747 -27.5079 3.0000
      vertex 119.5122 -27.3025 3.0000
    endloop
  endfacet
  facet normal 0.024541 -0.999699 0.000000
    outer loop
      vertex 115.5100 -43.3000 0.0000
      vertex 115.9266 -43.2898 0.0000
      vertex 115.5100 -43.3000 3.0000
    endloop
  endfacet
  facet normal 0.024541 -0.999699 0.000000
    outer loop
      vertex 115.5100 -43.3000 3.0000
      vertex 115.9266 -43.2898 0.0000
      vertex 115.9266 -43.2898 3.0000
    endloop
  endfacet
  facet normal 0.024541 0.999699 0.000000
    outer loop
      vertex 115.5100 -26.3000 0.0000
      vertex 115.5100 -26.3000 3.0000
      vertex 115.9266 -26.3102 3.0000
    endloop
  endfacet
  facet normal 0.024541 0.999699 0.000000
    outer loop
      vertex 115.5100 -26.3000 0.0000
      vertex 115.9266 -26.3102 3.0000
      vertex 115.9266 -26.3102 0.0000
    endloop
  endfacet
  facet normal -0.680173 0.733052 0.000000
    outer loop
      vertex 115.5256 -35.9622 0.0000
      vertex 115.5256 -35.9622 3.0000
      vertex 115.5823 -35.9096 0.0000
    endloop
  endfacet
  facet normal 0.000000 0.000000 -1.000000
    outer loop
      vertex 115.5256 -35.9622 0.0000
      vertex 115.5823 -35.9096 0.0000
      vertex 120.2268 -41.8692 0.0000
    endloop
  endfacet
  facet normal -0.000000 0.000000 -1.000000
    outer loop
      vertex 115.5256 -35.9622 0.0000
      vertex 120.2268 -41.8692 0.0000
      vertex 119.8747 -42.0921 0.0000
    endloop
  endfacet
  facet normal -0.680173 0.733052 0.000000
    outer loop
      vertex 115.5256 -35.9622 3.0000
      vertex 115.5823 -35.9096 3.0000
      vertex 115.5823 -35.9096 0.0000
    endloop
  endfacet
  facet normal 0.000000 0.000000 1.000000
    outer loop
      vertex 115.5256 -35.9622 3.0000
      vertex 119.8747 -42.0921 3.0000
      vertex 120.2268 -41.8692 3.0000
    endloop
  endfacet
  facet normal 0.000000 0.000000 1.000000
    outer loop
      vertex 115.5256 -35.9622 3.0000
      vertex 120.2268 -41.8692 3.0000
      vertex 115.5823 -35.9096 3.0000
    endloop
  endfacet
  facet normal -0.680173 -0.733052 -0.000000
    outer loop
      vertex 115.5256 -33.6378 0.0000
      vertex 115.5823 -33.6904 0.0000
      vertex 115.5256 -33.6378 3.0000
    endloop
  endfacet
  facet normal 0.000000 0.000000 -1.000000
    outer loop
      vertex 115.5256 -33.6378 0.0000
      vertex 119.8747 -27.5079 0.0000
      vertex 120.2268 -27.7308 0.0000
    endloop
  endfacet
  facet normal 0.000000 0.000000 -1.000000
    outer loop
      vertex 115.5256 -33.6378 0.0000
      vertex 120.2268 -27.7308 0.0000
      vertex 115.5823 -33.6904 0.0000
    endloop
  endfacet
  facet normal -0.680173 -0.733052 -0.000000
    outer loop
      vertex 115.5256 -33.6378 3.0000
      vertex 115.5823 -33.6904 0.0000
      vertex 115.5823 -33.6904 3.0000
    endloop
  endfacet
  facet normal 0.000000 -0.000000 1.000000
    outer loop
      vertex 115.5256 -33.6378 3.0000
      vertex 115.5823 -33.6904 3.0000
      vertex 120.2268 -27.7308 3.0000
    endloop
  endfacet
  facet normal 0.000000 0.000000 1.000000
    outer loop
      vertex 115.5256 -33.6378 3.0000
      vertex 120.2268 -27.7308 3.0000
      vertex 119.8747 -27.5079 3.0000
    endloop
  endfacet
  facet normal -0.715867 0.698237 0.000000
    outer loop
      vertex 115.5823 -35.9096 0.0000
      vertex 115.5823 -35.9096 3.0000
      vertex 115.6362 -35.8543 0.0000
    endloop
  endfacet
  facet normal 0.000000 0.000000 -1.000000
    outer loop
      vertex 115.5823 -35.9096 0.0000
      vertex 115.6362 -35.8543 0.0000
      vertex 120.5675 -41.6292 0.0000
    endloop
  endfacet
  facet normal -0.000000 0.000000 -1.000000
    outer loop
      vertex 115.5823 -35.9096 0.0000
      vertex 120.5675 -41.6292 0.0000
      vertex 120.2268 -41.8692 0.0000
    endloop
  endfacet
  facet normal -0.715867 0.698237 0.000000
    outer loop
      vertex 115.5823 -35.9096 3.0000
      vertex 115.6362 -35.8543 3.0000
      vertex 115.6362 -35.8543 0.0000
    endloop
  endfacet
  facet normal 0.000000 0.000000 1.000000
    outer loop
      vertex 115.5823 -35.9096 3.0000
      vertex 120.2268 -41.8692 3.0000
      vertex 120.5675 -41.6292 3.0000
    endloop
  endfacet
  facet normal 0.000000 0.000000 1.000000
    outer loop
      vertex 115.5823 -35.9096 3.0000
      vertex 120.5675 -41.6292 3.0000
      vertex 115.6362 -35.8543 3.0000
    endloop
  endfacet
  facet normal -0.715867 -0.698237 -0.000000
    outer loop
      vertex 115.5823 -33.6904 0.0000
      vertex 115.6362 -33.7457 0.0000
      vertex 115.6362 -33.7457 3.0000
    endloop
  endfacet
  facet normal -0.715867 -0.698237 0.000000
    outer loop
      vertex 115.5823 -33.6904 0.0000
      vertex 115.6362 -33.7457 3.0000
      vertex 115.5823 -33.6904 3.0000
    endloop
  endfacet
  facet normal 0.000000 0.000000 -1.000000
    outer loop
      vertex 115.5823 -33.6904 0.0000
      vertex 120.2268 -27.7308 0.0000
      vertex 120.5675 -27.9708 0.0000
    endloop
  endfacet
  facet normal 0.000000 0.000000 -1.000000
    outer loop
      vertex 115.5823 -33.6904 0.0000
      vertex 120.5675 -27.9708 0.0000
      vertex 115.6362 -33.7457 0.0000
    endloop
  endfacet
  facet normal 0.000000 -0.000000 1.000000
    outer loop
      vertex 115.5823 -33.6904 3.0000
      vertex 115.6362 -33.7457 3.0000
      vertex 120.5675 -27.9708 3.0000
    endloop
  endfacet
  facet normal 0.000000 0.000000 1.000000
    outer loop
      vertex 115.5823 -33.6904 3.0000
      vertex 120.5675 -27.9708 3.0000
      vertex 120.2268 -27.7308 3.0000
    endloop
  endfacet
  facet normal -0.749781 0.661686 0.000000
    outer loop
      vertex 115.6362 -35.8543 0.0000
      vertex 115.6362 -35.8543 3.0000
      vertex 115.6874 -35.7963 0.0000
    endloop
  endfacet
  facet normal 0.000000 0.000000 -1.000000
    outer loop
      vertex 115.6362 -35.8543 0.0000
      vertex 115.6874 -35.7963 0.0000
      vertex 120.8960 -41.3729 0.0000
    endloop
  endfacet
  facet normal -0.000000 0.000000 -1.000000
    outer loop
      vertex 115.6362 -35.8543 0.0000
      vertex 120.8960 -41.3729 0.0000
      vertex 120.5675 -41.6292 0.0000
    endloop
  endfacet
  facet normal -0.749781 0.661686 0.000000
    outer loop
      vertex 115.6362 -35.8543 3.0000
      vertex 115.6874 -35.7963 3.0000
      vertex 115.6874 -35.7963 0.0000
    endloop
  endfacet
  facet normal 0.000000 0.000000 1.000000
    outer loop
      vertex 115.6362 -35.8543 3.0000
      vertex 120.5675 -41.6292 3.0000
      vertex 120.8960 -41.3729 3.0000
    endloop
  endfacet
  facet normal 0.000000 0.000000 1.000000
    outer loop
      vertex 115.6362 -35.8543 3.0000
      vertex 120.8960 -41.3729 3.0000
      vertex 115.6874 -35.7963 3.0000
    endloop
  endfacet
  facet normal -0.749781 -0.661686 -0.000000
    outer loop
      vertex 115.6362 -33.7457 0.0000
      vertex 115.6874 -33.8037 0.0000
      vertex 115.6874 -33.8037 3.0000
    endloop
  endfacet
  facet normal -0.749781 -0.661686 0.000000
    outer loop
      vertex 115.6362 -33.7457 0.0000
      vertex 115.6874 -33.8037 3.0000
      vertex 115.6362 -33.7457 3.0000
    endloop
  endfacet
  facet normal 0.000000 0.000000 -1.000000
    outer loop
      vertex 115.6362 -33.7457 0.0000
      vertex 120.5675 -27.9708 0.0000
      vertex 120.8960 -28.2271 0.0000
    endloop
  endfacet
  facet normal 0.000000 0.000000 -1.000000
    outer loop
      vertex 115.6362 -33.7457 0.0000
      vertex 120.8960 -28.2271 0.0000
      vertex 115.6874 -33.8037 0.0000
    endloop
  endfacet
  facet normal 0.000000 -0.000000 1.000000
    outer loop
      vertex 115.6362 -33.7457 3.0000
      vertex 115.6874 -33.8037 3.0000
      vertex 120.8960 -28.2271 3.0000
    endloop
  endfacet
  facet normal 0.000000 0.000000 1.000000
    outer loop
      vertex 115.6362 -33.7457 3.0000
      vertex 120.8960 -28.2271 3.0000
      vertex 120.5675 -27.9708 3.0000
    endloop
  endfacet
  facet normal -0.781831 0.623490 0.000000
    outer loop
      vertex 115.6874 -35.7963 0.0000
      vertex 115.6874 -35.7963 3.0000
      vertex 115.7356 -35.7359 0.0000
    endloop
  endfacet
  facet normal 0.000000 0.000000 -1.000000
    outer loop
      vertex 115.6874 -35.7963 0.0000
      vertex 115.7356 -35.7359 0.0000
      vertex 121.5133 -40.8133 0.0000
    endloop
  endfacet
  facet normal -0.000000 0.000000 -1.000000
    outer loop
      vertex 115.6874 -35.7963 0.0000
      vertex 121.2115 -41.1007 0.0000
      vertex 120.8960 -41.3729 0.0000
    endloop
  endfacet
  facet normal -0.000000 0.000000 -1.000000
    outer loop
      vertex 115.6874 -35.7963 0.0000
      vertex 121.5133 -40.8133 0.0000
      vertex 121.2115 -41.1007 0.0000
    endloop
  endfacet
  facet normal -0.781831 0.623490 0.000000
    outer loop
      vertex 115.6874 -35.7963 3.0000
      vertex 115.7356 -35.7359 3.0000
      vertex 115.7356 -35.7359 0.0000
    endloop
  endfacet
  facet normal 0.000000 0.000000 1.000000
    outer loop
      vertex 115.6874 -35.7963 3.0000
      vertex 120.8960 -41.3729 3.0000
      vertex 121.2115 -41.1007 3.0000
    endloop
  endfacet
  facet normal 0.000000 0.000000 1.000000
    outer loop
      vertex 115.6874 -35.7963 3.0000
      vertex 121.2115 -41.1007 3.0000
      vertex 121.5133 -40.8133 3.0000
    endloop
  endfacet
  facet normal 0.000000 0.000000 1.000000
    outer loop
      vertex 115.6874 -35.7963 3.0000
      vertex 121.5133 -40.8133 3.0000
      vertex 115.7356 -35.7359 3.0000
    endloop
  endfacet
  facet normal -0.781831 -0.623490 -0.000000
    outer loop
      vertex 115.6874 -33.8037 0.0000
      vertex 115.7356 -33.8641 0.0000
      vertex 115.7356 -33.8641 3.0000
    endloop
  endfacet
  facet normal -0.781831 -0.623490 0.000000
    outer loop
      vertex 115.6874 -33.8037 0.0000
      vertex 115.7356 -33.8641 3.0000
      vertex 115.6874 -33.8037 3.0000
    endloop
  endfacet
  facet normal -0.000000 0.000000 -1.000000
    outer loop
      vertex 115.6874 -33.8037 0.0000
      vertex 120.8960 -28.2271 0.0000
      vertex 121.2115 -28.4993 0.0000
    endloop
  endfacet
  facet normal -0.000000 0.000000 -1.000000
    outer loop
      vertex 115.6874 -33.8037 0.0000
      vertex 121.2115 -28.4993 0.0000
      vertex 121.5133 -28.7867 0.0000
    endloop
  endfacet
  facet normal 0.000000 0.000000 -1.000000
    outer loop
      vertex 115.6874 -33.8037 0.0000
      vertex 121.5133 -28.7867 0.0000
      vertex 115.7356 -33.8641 0.0000
    endloop
  endfacet
  facet normal 0.000000 0.000000 1.000000
    outer loop
      vertex 115.6874 -33.8037 3.0000
      vertex 115.7356 -33.8641 3.0000
      vertex 121.5133 -28.7867 3.0000
    endloop
  endfacet
  facet normal 0.000000 0.000000 1.000000
    outer loop
      vertex 115.6874 -33.8037 3.0000
      vertex 121.2115 -28.4993 3.0000
      vertex 120.8960 -28.2271 3.0000
    endloop
  endfacet
  facet normal 0.000000 0.000000 1.000000
    outer loop
      vertex 115.6874 -33.8037 3.0000
      vertex 121.5133 -28.7867 3.0000
      vertex 121.2115 -28.4993 3.0000
    endloop
  endfacet
  facet normal -0.811938 0.583744 0.000000
    outer loop
      vertex 115.7356 -35.7359 0.0000
      vertex 115.7356 -35.7359 3.0000
      vertex 115.7807 -35.6731 0.0000
    endloop
  endfacet
  facet normal 0.000000 0.000000 -1.000000
    outer loop
      vertex 115.7356 -35.7359 0.0000
      vertex 115.7807 -35.6731 0.0000
      vertex 121.8007 -40.5115 0.0000
    endloop
  endfacet
  facet normal 0.000000 0.000000 -1.000000
    outer loop
      vertex 115.7356 -35.7359 0.0000
      vertex 121.8007 -40.5115 0.0000
      vertex 121.5133 -40.8133 0.0000
    endloop
  endfacet
  facet normal -0.811938 0.583744 0.000000
    outer loop
      vertex 115.7356 -35.7359 3.0000
      vertex 115.7807 -35.6731 3.0000
      vertex 115.7807 -35.6731 0.0000
    endloop
  endfacet
  facet normal 0.000000 -0.000000 1.000000
    outer loop
      vertex 115.7356 -35.7359 3.0000
      vertex 121.5133 -40.8133 3.0000
      vertex 121.8007 -40.5115 3.0000
    endloop
  endfacet
  facet normal 0.000000 0.000000 1.000000
    outer loop
      vertex 115.7356 -35.7359 3.0000
      vertex 121.8007 -40.5115 3.0000
      vertex 115.7807 -35.6731 3.0000
    endloop
  endfacet
  facet normal -0.811938 -0.583744 -0.000000
    outer loop
      vertex 115.7356 -33.8641 0.0000
      vertex 115.7807 -33.9269 0.0000
      vertex 115.7807 -33.9269 3.0000
    endloop
  endfacet
  facet normal -0.811938 -0.583744 0.000000
    outer loop
      vertex 115.7356 -33.8641 0.0000
      vertex 115.7807 -33.9269 3.0000
      vertex 115.7356 -33.8641 3.0000
    endloop
  endfacet
  facet normal -0.000000 0.000000 -1.000000
    outer loop
      vertex 115.7356 -33.8641 0.0000
      vertex 121.5133 -28.7867 0.0000
      vertex 121.8007 -29.0885 0.0000
    endloop
  endfacet
  facet normal 0.000000 0.000000 -1.000000
    outer loop
      vertex 115.7356 -33.8641 0.0000
      vertex 121.8007 -29.0885 0.0000
      vertex 115.7807 -33.9269 0.0000
    endloop
  endfacet
  facet normal 0.000000 0.000000 1.000000
    outer loop
      vertex 115.7356 -33.8641 3.0000
      vertex 115.7807 -33.9269 3.0000
      vertex 121.8007 -29.0885 3.0000
    endloop
  endfacet
  facet normal 0.000000 0.000000 1.000000
    outer loop
      vertex 115.7356 -33.8641 3.0000
      vertex 121.8007 -29.0885 3.0000
      vertex 121.5133 -28.7867 3.0000
    endloop
  endfacet
  facet normal -0.840026 0.542546 0.000000
    outer loop
      vertex 115.7807 -35.6731 0.0000
      vertex 115.7807 -35.6731 3.0000
      vertex 115.8226 -35.6082 0.0000
    endloop
  endfacet
  facet normal 0.000000 0.000000 -1.000000
    outer loop
      vertex 115.7807 -35.6731 0.0000
      vertex 115.8226 -35.6082 0.0000
      vertex 122.0729 -40.1960 0.0000
    endloop
  endfacet
  facet normal 0.000000 0.000000 -1.000000
    outer loop
      vertex 115.7807 -35.6731 0.0000
      vertex 122.0729 -40.1960 0.0000
      vertex 121.8007 -40.5115 0.0000
    endloop
  endfacet
  facet normal -0.840026 0.542546 0.000000
    outer loop
      vertex 115.7807 -35.6731 3.0000
      vertex 115.8226 -35.6082 3.0000
      vertex 115.8226 -35.6082 0.0000
    endloop
  endfacet
  facet normal 0.000000 -0.000000 1.000000
    outer loop
      vertex 115.7807 -35.6731 3.0000
      vertex 121.8007 -40.5115 3.0000
      vertex 122.0729 -40.1960 3.0000
    endloop
  endfacet
  facet normal 0.000000 0.000000 1.000000
    outer loop
      vertex 115.7807 -35.6731 3.0000
      vertex 122.0729 -40.1960 3.0000
      vertex 115.8226 -35.6082 3.0000
    endloop
  endfacet
  facet normal -0.840026 -0.542546 -0.000000
    outer loop
      vertex 115.7807 -33.9269 0.0000
      vertex 115.8226 -33.9918 0.0000
      vertex 115.8226 -33.9918 3.0000
    endloop
  endfacet
  facet normal -0.840026 -0.542546 0.000000
    outer loop
      vertex 115.7807 -33.9269 0.0000
      vertex 115.8226 -33.9918 3.0000
      vertex 115.7807 -33.9269 3.0000
    endloop
  endfacet
  facet normal -0.000000 0.000000 -1.000000
    outer loop
      vertex 115.7807 -33.9269 0.0000
      vertex 121.8007 -29.0885 0.0000
      vertex 122.0729 -29.4040 0.0000
    endloop
  endfacet
  facet normal 0.000000 0.000000 -1.000000
    outer loop
      vertex 115.7807 -33.9269 0.0000
      vertex 122.0729 -29.4040 0.0000
      vertex 115.8226 -33.9918 0.0000
    endloop
  endfacet
  facet normal 0.000000 0.000000 1.000000
    outer loop
      vertex 115.7807 -33.9269 3.0000
      vertex 115.8226 -33.9918 3.0000
      vertex 122.0729 -29.4040 3.0000
    endloop
  endfacet
  facet normal 0.000000 0.000000 1.000000
    outer loop
      vertex 115.7807 -33.9269 3.0000
      vertex 122.0729 -29.4040 3.0000
      vertex 121.8007 -29.0885 3.0000
    endloop
  endfacet
  facet normal -0.866025 0.500000 0.000000
    outer loop
      vertex 115.8226 -35.6082 0.0000
      vertex 115.8226 -35.6082 3.0000
      vertex 115.8612 -35.5413 0.0000
    endloop
  endfacet
  facet normal 0.000000 0.000000 -1.000000
    outer loop
      vertex 115.8226 -35.6082 0.0000
      vertex 115.8612 -35.5413 0.0000
      vertex 122.3292 -39.8675 0.0000
    endloop
  endfacet
  facet normal 0.000000 0.000000 -1.000000
    outer loop
      vertex 115.8226 -35.6082 0.0000
      vertex 122.3292 -39.8675 0.0000
      vertex 122.0729 -40.1960 0.0000
    endloop
  endfacet
  facet normal -0.866025 0.500000 0.000000
    outer loop
      vertex 115.8226 -35.6082 3.0000
      vertex 115.8612 -35.5413 3.0000
      vertex 115.8612 -35.5413 0.0000
    endloop
  endfacet
  facet normal 0.000000 -0.000000 1.000000
    outer loop
      vertex 115.8226 -35.6082 3.0000
      vertex 122.0729 -40.1960 3.0000
      vertex 122.3292 -39.8675 3.0000
    endloop
  endfacet
  facet normal 0.000000 0.000000 1.000000
    outer loop
      vertex 115.8226 -35.6082 3.0000
      vertex 122.3292 -39.8675 3.0000
      vertex 115.8612 -35.5413 3.0000
    endloop
  endfacet
  facet normal -0.866025 -0.500000 -0.000000
    outer loop
      vertex 115.8226 -33.9918 0.0000
      vertex 115.8612 -34.0587 0.0000
      vertex 115.8612 -34.0587 3.0000
    endloop
  endfacet
  facet normal -0.866025 -0.500000 0.000000
    outer loop
      vertex 115.8226 -33.9918 0.0000
      vertex 115.8612 -34.0587 3.0000
      vertex 115.8226 -33.9918 3.0000
    endloop
  endfacet
  facet normal -0.000000 0.000000 -1.000000
    outer loop
      vertex 115.8226 -33.9918 0.0000
      vertex 122.0729 -29.4040 0.0000
      vertex 122.3292 -29.7325 0.0000
    endloop
  endfacet
  facet normal 0.000000 0.000000 -1.000000
    outer loop
      vertex 115.8226 -33.9918 0.0000
      vertex 122.3292 -29.7325 0.0000
      vertex 115.8612 -34.0587 0.0000
    endloop
  endfacet
  facet normal 0.000000 0.000000 1.000000
    outer loop
      vertex 115.8226 -33.9918 3.0000
      vertex 115.8612 -34.0587 3.0000
      vertex 122.3292 -29.7325 3.0000
    endloop
  endfacet
  facet normal 0.000000 0.000000 1.000000
    outer loop
      vertex 115.8226 -33.9918 3.0000
      vertex 122.3292 -29.7325 3.0000
      vertex 122.0729 -29.4040 3.0000
    endloop
  endfacet
  facet normal -0.889872 0.456211 0.000000
    outer loop
      vertex 115.8612 -35.5413 0.0000
      vertex 115.8612 -35.5413 3.0000
      vertex 115.8965 -35.4725 0.0000
    endloop
  endfacet
  facet normal 0.000000 0.000000 -1.000000
    outer loop
      vertex 115.8612 -35.5413 0.0000
      vertex 115.8965 -35.4725 0.0000
      vertex 122.5692 -39.5268 0.0000
    endloop
  endfacet
  facet normal 0.000000 0.000000 -1.000000
    outer loop
      vertex 115.8612 -35.5413 0.0000
      vertex 122.5692 -39.5268 0.0000
      vertex 122.3292 -39.8675 0.0000
    endloop
  endfacet
  facet normal -0.889872 0.456211 0.000000
    outer loop
      vertex 115.8612 -35.5413 3.0000
      vertex 115.8965 -35.4725 3.0000
      vertex 115.8965 -35.4725 0.0000
    endloop
  endfacet
  facet normal 0.000000 -0.000000 1.000000
    outer loop
      vertex 115.8612 -35.5413 3.0000
      vertex 122.3292 -39.8675 3.0000
      vertex 122.5692 -39.5268 3.0000
    endloop
  endfacet
  facet normal 0.000000 0.000000 1.000000
    outer loop
      vertex 115.8612 -35.5413 3.0000
      vertex 122.5692 -39.5268 3.0000
      vertex 115.8965 -35.4725 3.0000
    endloop
  endfacet
  facet normal -0.889872 -0.456211 -0.000000
    outer loop
      vertex 115.8612 -34.0587 0.0000
      vertex 115.8965 -34.1275 0.0000
      vertex 115.8965 -34.1275 3.0000
    endloop
  endfacet
  facet normal -0.889872 -0.456211 0.000000
    outer loop
      vertex 115.8612 -34.0587 0.0000
      vertex 115.8965 -34.1275 3.0000
      vertex 115.8612 -34.0587 3.0000
    endloop
  endfacet
  facet normal -0.000000 0.000000 -1.000000
    outer loop
      vertex 115.8612 -34.0587 0.0000
      vertex 122.3292 -29.7325 0.0000
      vertex 122.5692 -30.0732 0.0000
    endloop
  endfacet
  facet normal 0.000000 0.000000 -1.000000
    outer loop
      vertex 115.8612 -34.0587 0.0000
      vertex 122.5692 -30.0732 0.0000
      vertex 115.8965 -34.1275 0.0000
    endloop
  endfacet
  facet normal 0.000000 0.000000 1.000000
    outer loop
      vertex 115.8612 -34.0587 3.0000
      vertex 115.8965 -34.1275 3.0000
      vertex 122.5692 -30.0732 3.0000
    endloop
  endfacet
  facet normal 0.000000 0.000000 1.000000
    outer loop
      vertex 115.8612 -34.0587 3.0000
      vertex 122.5692 -30.0732 3.0000
      vertex 122.3292 -29.7325 3.0000
    endloop
  endfacet
  facet normal -0.911506 0.411287 0.000000
    outer loop
      vertex 115.8965 -35.4725 0.0000
      vertex 115.8965 -35.4725 3.0000
      vertex 115.9283 -35.4021 3.0000
    endloop
  endfacet
  facet normal 0.000000 0.000000 -1.000000
    outer loop
      vertex 115.8965 -35.4725 0.0000
      vertex 115.9283 -35.4021 0.0000
      vertex 122.9975 -38.8122 0.0000
    endloop
  endfacet
  facet normal -0.911506 0.411287 0.000000
    outer loop
      vertex 115.8965 -35.4725 0.0000
      vertex 115.9283 -35.4021 3.0000
      vertex 115.9283 -35.4021 0.0000
    endloop
  endfacet
  facet normal 0.000000 0.000000 -1.000000
    outer loop
      vertex 115.8965 -35.4725 0.0000
      vertex 122.7921 -39.1747 0.0000
      vertex 122.5692 -39.5268 0.0000
    endloop
  endfacet
  facet normal 0.000000 0.000000 -1.000000
    outer loop
      vertex 115.8965 -35.4725 0.0000
      vertex 122.9975 -38.8122 0.0000
      vertex 122.7921 -39.1747 0.0000
    endloop
  endfacet
  facet normal 0.000000 -0.000000 1.000000
    outer loop
      vertex 115.8965 -35.4725 3.0000
      vertex 122.5692 -39.5268 3.0000
      vertex 122.7921 -39.1747 3.0000
    endloop
  endfacet
  facet normal 0.000000 -0.000000 1.000000
    outer loop
      vertex 115.8965 -35.4725 3.0000
      vertex 122.7921 -39.1747 3.0000
      vertex 122.9975 -38.8122 3.0000
    endloop
  endfacet
  facet normal 0.000000 0.000000 1.000000
    outer loop
      vertex 115.8965 -35.4725 3.0000
      vertex 122.9975 -38.8122 3.0000
      vertex 115.9283 -35.4021 3.0000
    endloop
  endfacet
  facet normal -0.911506 -0.411287 -0.000000
    outer loop
      vertex 115.8965 -34.1275 0.0000
      vertex 115.9283 -34.1979 0.0000
      vertex 115.9283 -34.1979 3.0000
    endloop
  endfacet
  facet normal -0.911506 -0.411287 0.000000
    outer loop
      vertex 115.8965 -34.1275 0.0000
      vertex 115.9283 -34.1979 3.0000
      vertex 115.8965 -34.1275 3.0000
    endloop
  endfacet
  facet normal -0.000000 0.000000 -1.000000
    outer loop
      vertex 115.8965 -34.1275 0.0000
      vertex 122.5692 -30.0732 0.0000
      vertex 122.7921 -30.4253 0.0000
    endloop
  endfacet
  facet normal -0.000000 0.000000 -1.000000
    outer loop
      vertex 115.8965 -34.1275 0.0000
      vertex 122.7921 -30.4253 0.0000
      vertex 122.9975 -30.7878 0.0000
    endloop
  endfacet
  facet normal 0.000000 0.000000 -1.000000
    outer loop
      vertex 115.8965 -34.1275 0.0000
      vertex 122.9975 -30.7878 0.0000
      vertex 115.9283 -34.1979 0.0000
    endloop
  endfacet
  facet normal 0.000000 0.000000 1.000000
    outer loop
      vertex 115.8965 -34.1275 3.0000
      vertex 115.9283 -34.1979 3.0000
      vertex 122.9975 -30.7878 3.0000
    endloop
  endfacet
  facet normal 0.000000 0.000000 1.000000
    outer loop
      vertex 115.8965 -34.1275 3.0000
      vertex 122.7921 -30.4253 3.0000
      vertex 122.5692 -30.0732 3.0000
    endloop
  endfacet
  facet normal 0.000000 0.000000 1.000000
    outer loop
      vertex 115.8965 -34.1275 3.0000
      vertex 122.9975 -30.7878 3.0000
      vertex 122.7921 -30.4253 3.0000
    endloop
  endfacet
  facet normal 0.073565 -0.997290 0.000000
    outer loop
      vertex 115.9266 -43.2898 0.0000
      vertex 116.3422 -43.2591 0.0000
      vertex 115.9266 -43.2898 3.0000
    endloop
  endfacet
  facet normal 0.073565 -0.997290 0.000000
    outer loop
      vertex 115.9266 -43.2898 3.0000
      vertex 116.3422 -43.2591 0.0000
      vertex 116.3422 -43.2591 3.0000
    endloop
  endfacet
  facet normal 0.073565 0.997290 0.000000
    outer loop
      vertex 115.9266 -26.3102 0.0000
      vertex 115.9266 -26.3102 3.0000
      vertex 116.3422 -26.3409 3.0000
    endloop
  endfacet
  facet normal 0.073565 0.997290 0.000000
    outer loop
      vertex 115.9266 -26.3102 0.0000
      vertex 116.3422 -26.3409 3.0000
      vertex 116.3422 -26.3409 0.0000
    endloop
  endfacet
  facet normal -0.930874 0.365341 0.000000
    outer loop
      vertex 115.9283 -35.4021 0.0000
      vertex 115.9283 -35.4021 3.0000
      vertex 115.9565 -35.3301 0.0000
    endloop
  endfacet
  facet normal 0.000000 0.000000 -1.000000
    outer loop
      vertex 115.9283 -35.4021 0.0000
      vertex 115.9565 -35.3301 0.0000
      vertex 123.1849 -38.4399 0.0000
    endloop
  endfacet
  facet normal 0.000000 0.000000 -1.000000
    outer loop
      vertex 115.9283 -35.4021 0.0000
      vertex 123.1849 -38.4399 0.0000
      vertex 122.9975 -38.8122 0.0000
    endloop
  endfacet
  facet normal -0.930874 0.365341 0.000000
    outer loop
      vertex 115.9283 -35.4021 3.0000
      vertex 115.9565 -35.3301 3.0000
      vertex 115.9565 -35.3301 0.0000
    endloop
  endfacet
  facet normal 0.000000 -0.000000 1.000000
    outer loop
      vertex 115.9283 -35.4021 3.0000
      vertex 122.9975 -38.8122 3.0000
      vertex 123.1849 -38.4399 3.0000
    endloop
  endfacet
  facet normal 0.000000 0.000000 1.000000
    outer loop
      vertex 115.9283 -35.4021 3.0000
      vertex 123.1849 -38.4399 3.0000
      vertex 115.9565 -35.3301 3.0000
    endloop
  endfacet
  facet normal -0.930874 -0.365341 -0.000000
    outer loop
      vertex 115.9283 -34.1979 0.0000
      vertex 115.9565 -34.2699 0.0000
      vertex 115.9565 -34.2699 3.0000
    endloop
  endfacet
  facet normal -0.930874 -0.365341 0.000000
    outer loop
      vertex 115.9283 -34.1979 0.0000
      vertex 115.9565 -34.2699 3.0000
      vertex 115.9283 -34.1979 3.0000
    endloop
  endfacet
  facet normal -0.000000 0.000000 -1.000000
    outer loop
      vertex 115.9283 -34.1979 0.0000
      vertex 122.9975 -30.7878 0.0000
      vertex 123.1849 -31.1601 0.0000
    endloop
  endfacet
  facet normal 0.000000 0.000000 -1.000000
    outer loop
      vertex 115.9283 -34.1979 0.0000
      vertex 123.1849 -31.1601 0.0000
      vertex 115.9565 -34.2699 0.0000
    endloop
  endfacet
  facet normal 0.000000 0.000000 1.000000
    outer loop
      vertex 115.9283 -34.1979 3.0000
      vertex 115.9565 -34.2699 3.0000
      vertex 123.1849 -31.1601 3.0000
    endloop
  endfacet
  facet normal 0.000000 0.000000 1.000000
    outer loop
      vertex 115.9283 -34.1979 3.0000
      vertex 123.1849 -31.1601 3.0000
      vertex 122.9975 -30.7878 3.0000
    endloop
  endfacet
  facet normal -0.947927 0.318487 0.000000
    outer loop
      vertex 115.9565 -35.3301 0.0000
      vertex 115.9565 -35.3301 3.0000
      vertex 115.9811 -35.2569 0.0000
    endloop
  endfacet
  facet normal 0.000000 0.000000 -1.000000
    outer loop
      vertex 115.9565 -35.3301 0.0000
      vertex 115.9811 -35.2569 0.0000
      vertex 123.3537 -38.0590 0.0000
    endloop
  endfacet
  facet normal 0.000000 0.000000 -1.000000
    outer loop
      vertex 115.9565 -35.3301 0.0000
      vertex 123.3537 -38.0590 0.0000
      vertex 123.1849 -38.4399 0.0000
    endloop
  endfacet
  facet normal -0.947927 0.318487 0.000000
    outer loop
      vertex 115.9565 -35.3301 3.0000
      vertex 115.9811 -35.2569 3.0000
      vertex 115.9811 -35.2569 0.0000
    endloop
  endfacet
  facet normal 0.000000 -0.000000 1.000000
    outer loop
      vertex 115.9565 -35.3301 3.0000
      vertex 123.1849 -38.4399 3.0000
      vertex 123.3537 -38.0590 3.0000
    endloop
  endfacet
  facet normal 0.000000 0.000000 1.000000
    outer loop
      vertex 115.9565 -35.3301 3.0000
      vertex 123.3537 -38.0590 3.0000
      vertex 115.9811 -35.2569 3.0000
    endloop
  endfacet
  facet normal -0.947927 -0.318487 -0.000000
    outer loop
      vertex 115.9565 -34.2699 0.0000
      vertex 115.9811 -34.3431 0.0000
      vertex 115.9811 -34.3431 3.0000
    endloop
  endfacet
  facet normal -0.947927 -0.318487 0.000000
    outer loop
      vertex 115.9565 -34.2699 0.0000
      vertex 115.9811 -34.3431 3.0000
      vertex 115.9565 -34.2699 3.0000
    endloop
  endfacet
  facet normal -0.000000 0.000000 -1.000000
    outer loop
      vertex 115.9565 -34.2699 0.0000
      vertex 123.1849 -31.1601 0.0000
      vertex 123.3537 -31.5410 0.0000
    endloop
  endfacet
  facet normal 0.000000 0.000000 -1.000000
    outer loop
      vertex 115.9565 -34.2699 0.0000
      vertex 123.3537 -31.5410 0.0000
      vertex 115.9811 -34.3431 0.0000
    endloop
  endfacet
  facet normal 0.000000 0.000000 1.000000
    outer loop
      vertex 115.9565 -34.2699 3.0000
      vertex 115.9811 -34.3431 3.0000
      vertex 123.3537 -31.5410 3.0000
    endloop
  endfacet
  facet normal 0.000000 0.000000 1.000000
    outer loop
      vertex 115.9565 -34.2699 3.0000
      vertex 123.3537 -31.5410 3.0000
      vertex 123.1849 -31.1601 3.0000
    endloop
  endfacet
  facet normal -0.962624 0.270840 0.000000
    outer loop
      vertex 115.9811 -35.2569 0.0000
      vertex 115.9811 -35.2569 3.0000
      vertex 116.0021 -35.1825 3.0000
    endloop
  endfacet
  facet normal 0.000000 0.000000 -1.000000
    outer loop
      vertex 115.9811 -35.2569 0.0000
      vertex 116.0021 -35.1825 0.0000
      vertex 123.5037 -37.6702 0.0000
    endloop
  endfacet
  facet normal -0.962624 0.270840 0.000000
    outer loop
      vertex 115.9811 -35.2569 0.0000
      vertex 116.0021 -35.1825 3.0000
      vertex 116.0021 -35.1825 0.0000
    endloop
  endfacet
  facet normal 0.000000 0.000000 -1.000000
    outer loop
      vertex 115.9811 -35.2569 0.0000
      vertex 123.5037 -37.6702 0.0000
      vertex 123.3537 -38.0590 0.0000
    endloop
  endfacet
  facet normal 0.000000 -0.000000 1.000000
    outer loop
      vertex 115.9811 -35.2569 3.0000
      vertex 123.3537 -38.0590 3.0000
      vertex 123.5037 -37.6702 3.0000
    endloop
  endfacet
  facet normal 0.000000 0.000000 1.000000
    outer loop
      vertex 115.9811 -35.2569 3.0000
      vertex 123.5037 -37.6702 3.0000
      vertex 116.0021 -35.1825 3.0000
    endloop
  endfacet
  facet normal -0.962624 -0.270840 -0.000000
    outer loop
      vertex 115.9811 -34.3431 0.0000
      vertex 116.0021 -34.4175 0.0000
      vertex 116.0021 -34.4175 3.0000
    endloop
  endfacet
  facet normal -0.962624 -0.270840 0.000000
    outer loop
      vertex 115.9811 -34.3431 0.0000
      vertex 116.0021 -34.4175 3.0000
      vertex 115.9811 -34.3431 3.0000
    endloop
  endfacet
  facet normal -0.000000 0.000000 -1.000000
    outer loop
      vertex 115.9811 -34.3431 0.0000
      vertex 123.3537 -31.5410 0.0000
      vertex 123.5037 -31.9298 0.0000
    endloop
  endfacet
  facet normal 0.000000 0.000000 -1.000000
    outer loop
      vertex 115.9811 -34.3431 0.0000
      vertex 123.5037 -31.9298 0.0000
      vertex 116.0021 -34.4175 0.0000
    endloop
  endfacet
  facet normal 0.000000 0.000000 1.000000
    outer loop
      vertex 115.9811 -34.3431 3.0000
      vertex 116.0021 -34.4175 3.0000
      vertex 123.5037 -31.9298 3.0000
    endloop
  endfacet
  facet normal 0.000000 0.000000 1.000000
    outer loop
      vertex 115.9811 -34.3431 3.0000
      vertex 123.5037 -31.9298 3.0000
      vertex 123.3537 -31.5410 3.0000
    endloop
  endfacet
  facet normal -0.974928 0.222521 0.000000
    outer loop
      vertex 116.0021 -35.1825 0.0000
      vertex 116.0021 -35.1825 3.0000
      vertex 116.0193 -35.1071 3.0000
    endloop
  endfacet
  facet normal 0.000000 0.000000 -1.000000
    outer loop
      vertex 116.0021 -35.1825 0.0000
      vertex 116.0193 -35.1071 0.0000
      vertex 123.6344 -37.2745 0.0000
    endloop
  endfacet
  facet normal -0.974928 0.222521 0.000000
    outer loop
      vertex 116.0021 -35.1825 0.0000
      vertex 116.0193 -35.1071 3.0000
      vertex 116.0193 -35.1071 0.0000
    endloop
  endfacet
  facet normal 0.000000 0.000000 -1.000000
    outer loop
      vertex 116.0021 -35.1825 0.0000
      vertex 123.6344 -37.2745 0.0000
      vertex 123.5037 -37.6702 0.0000
    endloop
  endfacet
  facet normal 0.000000 -0.000000 1.000000
    outer loop
      vertex 116.0021 -35.1825 3.0000
      vertex 123.5037 -37.6702 3.0000
      vertex 123.6344 -37.2745 3.0000
    endloop
  endfacet
  facet normal 0.000000 0.000000 1.000000
    outer loop
      vertex 116.0021 -35.1825 3.0000
      vertex 123.6344 -37.2745 3.0000
      vertex 116.0193 -35.1071 3.0000
    endloop
  endfacet
  facet normal -0.974928 -0.222521 -0.000000
    outer loop
      vertex 116.0021 -34.4175 0.0000
      vertex 116.0193 -34.4929 0.0000
      vertex 116.0193 -34.4929 3.0000
    endloop
  endfacet
  facet normal -0.974928 -0.222521 0.000000
    outer loop
      vertex 116.0021 -34.4175 0.0000
      vertex 116.0193 -34.4929 3.0000
      vertex 116.0021 -34.4175 3.0000
    endloop
  endfacet
  facet normal -0.000000 0.000000 -1.000000
    outer loop
      vertex 116.0021 -34.4175 0.0000
      vertex 123.5037 -31.9298 0.0000
      vertex 123.6344 -32.3255 0.0000
    endloop
  endfacet
  facet normal 0.000000 0.000000 -1.000000
    outer loop
      vertex 116.0021 -34.4175 0.0000
      vertex 123.6344 -32.3255 0.0000
      vertex 116.0193 -34.4929 0.0000
    endloop
  endfacet
  facet normal 0.000000 0.000000 1.000000
    outer loop
      vertex 116.0021 -34.4175 3.0000
      vertex 116.0193 -34.4929 3.0000
      vertex 123.6344 -32.3255 3.0000
    endloop
  endfacet
  facet normal 0.000000 0.000000 1.000000
    outer loop
      vertex 116.0021 -34.4175 3.0000
      vertex 123.6344 -32.3255 3.0000
      vertex 123.5037 -31.9298 3.0000
    endloop
  endfacet
  facet normal -0.984808 0.173648 0.000000
    outer loop
      vertex 116.0193 -35.1071 0.0000
      vertex 116.0193 -35.1071 3.0000
      vertex 116.0327 -35.0310 0.0000
    endloop
  endfacet
  facet normal 0.000000 0.000000 -1.000000
    outer loop
      vertex 116.0193 -35.1071 0.0000
      vertex 116.0327 -35.0310 0.0000
      vertex 123.8369 -36.4663 0.0000
    endloop
  endfacet
  facet normal 0.000000 0.000000 -1.000000
    outer loop
      vertex 116.0193 -35.1071 0.0000
      vertex 123.7456 -36.8729 0.0000
      vertex 123.6344 -37.2745 0.0000
    endloop
  endfacet
  facet normal 0.000000 0.000000 -1.000000
    outer loop
      vertex 116.0193 -35.1071 0.0000
      vertex 123.8369 -36.4663 0.0000
      vertex 123.7456 -36.8729 0.0000
    endloop
  endfacet
  facet normal -0.984808 0.173648 0.000000
    outer loop
      vertex 116.0193 -35.1071 3.0000
      vertex 116.0327 -35.0310 3.0000
      vertex 116.0327 -35.0310 0.0000
    endloop
  endfacet
  facet normal 0.000000 -0.000000 1.000000
    outer loop
      vertex 116.0193 -35.1071 3.0000
      vertex 123.6344 -37.2745 3.0000
      vertex 123.7456 -36.8729 3.0000
    endloop
  endfacet
  facet normal 0.000000 -0.000000 1.000000
    outer loop
      vertex 116.0193 -35.1071 3.0000
      vertex 123.7456 -36.8729 3.0000
      vertex 123.8369 -36.4663 3.0000
    endloop
  endfacet
  facet normal 0.000000 0.000000 1.000000
    outer loop
      vertex 116.0193 -35.1071 3.0000
      vertex 123.8369 -36.4663 3.0000
      vertex 116.0327 -35.0310 3.0000
    endloop
  endfacet
  facet normal -0.984808 -0.173648 -0.000000
    outer loop
      vertex 116.0193 -34.4929 0.0000
      vertex 116.0327 -34.5690 0.0000
      vertex 116.0327 -34.5690 3.0000
    endloop
  endfacet
  facet normal -0.984808 -0.173648 0.000000
    outer loop
      vertex 116.0193 -34.4929 0.0000
      vertex 116.0327 -34.5690 3.0000
      vertex 116.0193 -34.4929 3.0000
    endloop
  endfacet
  facet normal -0.000000 0.000000 -1.000000
    outer loop
      vertex 116.0193 -34.4929 0.0000
      vertex 123.6344 -32.3255 0.0000
      vertex 123.7456 -32.7271 0.0000
    endloop
  endfacet
  facet normal -0.000000 0.000000 -1.000000
    outer loop
      vertex 116.0193 -34.4929 0.0000
      vertex 123.7456 -32.7271 0.0000
      vertex 123.8369 -33.1337 0.0000
    endloop
  endfacet
  facet normal 0.000000 0.000000 -1.000000
    outer loop
      vertex 116.0193 -34.4929 0.0000
      vertex 123.8369 -33.1337 0.0000
      vertex 116.0327 -34.5690 0.0000
    endloop
  endfacet
  facet normal 0.000000 0.000000 1.000000
    outer loop
      vertex 116.0193 -34.4929 3.0000
      vertex 116.0327 -34.5690 3.0000
      vertex 123.8369 -33.1337 3.0000
    endloop
  endfacet
  facet normal 0.000000 0.000000 1.000000
    outer loop
      vertex 116.0193 -34.4929 3.0000
      vertex 123.7456 -32.7271 3.0000
      vertex 123.6344 -32.3255 3.0000
    endloop
  endfacet
  facet normal 0.000000 0.000000 1.000000
    outer loop
      vertex 116.0193 -34.4929 3.0000
      vertex 123.8369 -33.1337 3.0000
      vertex 123.7456 -32.7271 3.0000
    endloop
  endfacet
  facet normal -0.992239 0.124344 0.000000
    outer loop
      vertex 116.0327 -35.0310 0.0000
      vertex 116.0327 -35.0310 3.0000
      vertex 116.0423 -34.9543 3.0000
    endloop
  endfacet
  facet normal 0.000000 0.000000 -1.000000
    outer loop
      vertex 116.0327 -35.0310 0.0000
      vertex 116.0423 -34.9543 0.0000
      vertex 123.9081 -36.0557 0.0000
    endloop
  endfacet
  facet normal -0.992239 0.124344 0.000000
    outer loop
      vertex 116.0327 -35.0310 0.0000
      vertex 116.0423 -34.9543 3.0000
      vertex 116.0423 -34.9543 0.0000
    endloop
  endfacet
  facet normal 0.000000 0.000000 -1.000000
    outer loop
      vertex 116.0327 -35.0310 0.0000
      vertex 123.9081 -36.0557 0.0000
      vertex 123.8369 -36.4663 0.0000
    endloop
  endfacet
  facet normal 0.000000 -0.000000 1.000000
    outer loop
      vertex 116.0327 -35.0310 3.0000
      vertex 123.8369 -36.4663 3.0000
      vertex 123.9081 -36.0557 3.0000
    endloop
  endfacet
  facet normal 0.000000 0.000000 1.000000
    outer loop
      vertex 116.0327 -35.0310 3.0000
      vertex 123.9081 -36.0557 3.0000
      vertex 116.0423 -34.9543 3.0000
    endloop
  endfacet
  facet normal -0.992239 -0.124344 -0.000000
    outer loop
      vertex 116.0327 -34.5690 0.0000
      vertex 116.0423 -34.6457 0.0000
      vertex 116.0423 -34.6457 3.0000
    endloop
  endfacet
  facet normal -0.992239 -0.124344 0.000000
    outer loop
      vertex 116.0327 -34.5690 0.0000
      vertex 116.0423 -34.6457 3.0000
      vertex 116.0327 -34.5690 3.0000
    endloop
  endfacet
  facet normal -0.000000 0.000000 -1.000000
    outer loop
      vertex 116.0327 -34.5690 0.0000
      vertex 123.8369 -33.1337 0.0000
      vertex 123.9081 -33.5443 0.0000
    endloop
  endfacet
  facet normal 0.000000 0.000000 -1.000000
    outer loop
      vertex 116.0327 -34.5690 0.0000
      vertex 123.9081 -33.5443 0.0000
      vertex 116.0423 -34.6457 0.0000
    endloop
  endfacet
  facet normal 0.000000 0.000000 1.000000
    outer loop
      vertex 116.0327 -34.5690 3.0000
      vertex 116.0423 -34.6457 3.0000
      vertex 123.9081 -33.5443 3.0000
    endloop
  endfacet
  facet normal 0.000000 0.000000 1.000000
    outer loop
      vertex 116.0327 -34.5690 3.0000
      vertex 123.9081 -33.5443 3.0000
      vertex 123.8369 -33.1337 3.0000
    endloop
  endfacet
  facet normal -0.997204 0.074730 0.000000
    outer loop
      vertex 116.0423 -34.9543 0.0000
      vertex 116.0423 -34.9543 3.0000
      vertex 116.0481 -34.8773 0.0000
    endloop
  endfacet
  facet normal 0.000000 0.000000 -1.000000
    outer loop
      vertex 116.0423 -34.9543 0.0000
      vertex 116.0481 -34.8773 0.0000
      vertex 123.9591 -35.6422 0.0000
    endloop
  endfacet
  facet normal 0.000000 0.000000 -1.000000
    outer loop
      vertex 116.0423 -34.9543 0.0000
      vertex 123.9591 -35.6422 0.0000
      vertex 123.9081 -36.0557 0.0000
    endloop
  endfacet
  facet normal -0.997204 0.074730 0.000000
    outer loop
      vertex 116.0423 -34.9543 3.0000
      vertex 116.0481 -34.8773 3.0000
      vertex 116.0481 -34.8773 0.0000
    endloop
  endfacet
  facet normal 0.000000 -0.000000 1.000000
    outer loop
      vertex 116.0423 -34.9543 3.0000
      vertex 123.9081 -36.0557 3.0000
      vertex 123.9591 -35.6422 3.0000
    endloop
  endfacet
  facet normal 0.000000 0.000000 1.000000
    outer loop
      vertex 116.0423 -34.9543 3.0000
      vertex 123.9591 -35.6422 3.0000
      vertex 116.0481 -34.8773 3.0000
    endloop
  endfacet
  facet normal -0.997204 -0.074730 -0.000000
    outer loop
      vertex 116.0423 -34.6457 0.0000
      vertex 116.0481 -34.7227 0.0000
      vertex 116.0481 -34.7227 3.0000
    endloop
  endfacet
  facet normal -0.997204 -0.074730 0.000000
    outer loop
      vertex 116.0423 -34.6457 0.0000
      vertex 116.0481 -34.7227 3.0000
      vertex 116.0423 -34.6457 3.0000
    endloop
  endfacet
  facet normal -0.000000 0.000000 -1.000000
    outer loop
      vertex 116.0423 -34.6457 0.0000
      vertex 123.9081 -33.5443 0.0000
      vertex 123.9591 -33.9578 0.0000
    endloop
  endfacet
  facet normal 0.000000 0.000000 -1.000000
    outer loop
      vertex 116.0423 -34.6457 0.0000
      vertex 123.9591 -33.9578 0.0000
      vertex 116.0481 -34.7227 0.0000
    endloop
  endfacet
  facet normal 0.000000 0.000000 1.000000
    outer loop
      vertex 116.0423 -34.6457 3.0000
      vertex 116.0481 -34.7227 3.0000
      vertex 123.9591 -33.9578 3.0000
    endloop
  endfacet
  facet normal 0.000000 0.000000 1.000000
    outer loop
      vertex 116.0423 -34.6457 3.0000
      vertex 123.9591 -33.9578 3.0000
      vertex 123.9081 -33.5443 3.0000
    endloop
  endfacet
  facet normal -0.999689 0.024931 0.000000
    outer loop
      vertex 116.0481 -34.8773 0.0000
      vertex 116.0481 -34.8773 3.0000
      vertex 116.0500 -34.8000 0.0000
    endloop
  endfacet
  facet normal 0.000000 0.000000 -1.000000
    outer loop
      vertex 116.0481 -34.8773 0.0000
      vertex 116.0500 -34.8000 0.0000
      vertex 123.9898 -35.2266 0.0000
    endloop
  endfacet
  facet normal 0.000000 0.000000 -1.000000
    outer loop
      vertex 116.0481 -34.8773 0.0000
      vertex 123.9898 -35.2266 0.0000
      vertex 123.9591 -35.6422 0.0000
    endloop
  endfacet
  facet normal -0.999689 0.024931 0.000000
    outer loop
      vertex 116.0481 -34.8773 3.0000
      vertex 116.0500 -34.8000 3.0000
      vertex 116.0500 -34.8000 0.0000
    endloop
  endfacet
  facet normal 0.000000 -0.000000 1.000000
    outer loop
      vertex 116.0481 -34.8773 3.0000
      vertex 123.9591 -35.6422 3.0000
      vertex 123.9898 -35.2266 3.0000
    endloop
  endfacet
  facet normal 0.000000 0.000000 1.000000
    outer loop
      vertex 116.0481 -34.8773 3.0000
      vertex 123.9898 -35.2266 3.0000
      vertex 116.0500 -34.8000 3.0000
    endloop
  endfacet
  facet normal -0.999689 -0.024931 -0.000000
    outer loop
      vertex 116.0481 -34.7227 0.0000
      vertex 116.0500 -34.8000 0.0000
      vertex 116.0500 -34.8000 3.0000
    endloop
  endfacet
  facet normal -0.999689 -0.024931 0.000000
    outer loop
      vertex 116.0481 -34.7227 0.0000
      vertex 116.0500 -34.8000 3.0000
      vertex 116.0481 -34.7227 3.0000
    endloop
  endfacet
  facet normal -0.000000 0.000000 -1.000000
    outer loop
      vertex 116.0481 -34.7227 0.0000
      vertex 123.9591 -33.9578 0.0000
      vertex 123.9898 -34.3734 0.0000
    endloop
  endfacet
  facet normal 0.000000 0.000000 -1.000000
    outer loop
      vertex 116.0481 -34.7227 0.0000
      vertex 123.9898 -34.3734 0.0000
      vertex 116.0500 -34.8000 0.0000
    endloop
  endfacet
  facet normal 0.000000 0.000000 1.000000
    outer loop
      vertex 116.0481 -34.7227 3.0000
      vertex 116.0500 -34.8000 3.0000
      vertex 123.9898 -34.3734 3.0000
    endloop
  endfacet
  facet normal 0.000000 0.000000 1.000000
    outer loop
      vertex 116.0481 -34.7227 3.0000
      vertex 123.9898 -34.3734 3.0000
      vertex 123.9591 -33.9578 3.0000
    endloop
  endfacet
  facet normal -0.000000 0.000000 -1.000000
    outer loop
      vertex 116.0500 -34.8000 0.0000
      vertex 123.9898 -34.3734 0.0000
      vertex 124.0000 -34.7900 0.0000
    endloop
  endfacet
  facet normal 0.000000 0.000000 -1.000000
    outer loop
      vertex 116.0500 -34.8000 0.0000
      vertex 124.0000 -34.8100 0.0000
      vertex 123.9898 -35.2266 0.0000
    endloop
  endfacet
  facet normal 0.000000 0.000000 -1.000000
    outer loop
      vertex 116.0500 -34.8000 0.0000
      vertex 124.0000 -34.7900 0.0000
      vertex 124.0000 -34.8100 0.0000
    endloop
  endfacet
  facet normal 0.000000 -0.000000 1.000000
    outer loop
      vertex 116.0500 -34.8000 3.0000
      vertex 123.9898 -35.2266 3.0000
      vertex 124.0000 -34.8100 3.0000
    endloop
  endfacet
  facet normal 0.000000 -0.000000 1.000000
    outer loop
      vertex 116.0500 -34.8000 3.0000
      vertex 124.0000 -34.8100 3.0000
      vertex 124.0000 -34.7900 3.0000
    endloop
  endfacet
  facet normal 0.000000 0.000000 1.000000
    outer loop
      vertex 116.0500 -34.8000 3.0000
      vertex 124.0000 -34.7900 3.0000
      vertex 123.9898 -34.3734 3.0000
    endloop
  endfacet
  facet normal 0.122411 -0.992480 0.000000
    outer loop
      vertex 116.3422 -43.2591 0.0000
      vertex 116.7557 -43.2081 0.0000
      vertex 116.3422 -43.2591 3.0000
    endloop
  endfacet
  facet normal 0.122411 -0.992480 0.000000
    outer loop
      vertex 116.3422 -43.2591 3.0000
      vertex 116.7557 -43.2081 0.0000
      vertex 116.7557 -43.2081 3.0000
    endloop
  endfacet
  facet normal 0.122411 0.992480 0.000000
    outer loop
      vertex 116.3422 -26.3409 0.0000
      vertex 116.3422 -26.3409 3.0000
      vertex 116.7557 -26.3919 3.0000
    endloop
  endfacet
  facet normal 0.122411 0.992480 0.000000
    outer loop
      vertex 116.3422 -26.3409 0.0000
      vertex 116.7557 -26.3919 3.0000
      vertex 116.7557 -26.3919 0.0000
    endloop
  endfacet
  facet normal 0.170962 -0.985278 0.000000
    outer loop
      vertex 116.7557 -43.2081 0.0000
      vertex 117.1663 -43.1369 0.0000
      vertex 116.7557 -43.2081 3.0000
    endloop
  endfacet
  facet normal 0.170962 -0.985278 0.000000
    outer loop
      vertex 116.7557 -43.2081 3.0000
      vertex 117.1663 -43.1369 0.0000
      vertex 117.1663 -43.1369 3.0000
    endloop
  endfacet
  facet normal 0.170962 0.985278 0.000000
    outer loop
      vertex 116.7557 -26.3919 0.0000
      vertex 116.7557 -26.3919 3.0000
      vertex 117.1663 -26.4631 3.0000
    endloop
  endfacet
  facet normal 0.170962 0.985278 0.000000
    outer loop
      vertex 116.7557 -26.3919 0.0000
      vertex 117.1663 -26.4631 3.0000
      vertex 117.1663 -26.4631 0.0000
    endloop
  endfacet
  facet normal 0.219101 -0.975702 0.000000
    outer loop
      vertex 117.1663 -43.1369 0.0000
      vertex 117.5729 -43.0456 0.0000
      vertex 117.1663 -43.1369 3.0000
    endloop
  endfacet
  facet normal 0.219101 -0.975702 0.000000
    outer loop
      vertex 117.1663 -43.1369 3.0000
      vertex 117.5729 -43.0456 0.0000
      vertex 117.5729 -43.0456 3.0000
    endloop
  endfacet
  facet normal 0.219101 0.975702 0.000000
    outer loop
      vertex 117.1663 -26.4631 0.0000
      vertex 117.1663 -26.4631 3.0000
      vertex 117.5729 -26.5544 3.0000
    endloop
  endfacet
  facet normal 0.219101 0.975702 0.000000
    outer loop
      vertex 117.1663 -26.4631 0.0000
      vertex 117.5729 -26.5544 3.0000
      vertex 117.5729 -26.5544 0.0000
    endloop
  endfacet
  facet normal 0.266713 -0.963776 0.000000
    outer loop
      vertex 117.5729 -43.0456 0.0000
      vertex 117.9745 -42.9344 0.0000
      vertex 117.5729 -43.0456 3.0000
    endloop
  endfacet
  facet normal 0.266713 -0.963776 0.000000
    outer loop
      vertex 117.5729 -43.0456 3.0000
      vertex 117.9745 -42.9344 0.0000
      vertex 117.9745 -42.9344 3.0000
    endloop
  endfacet
  facet normal 0.266713 0.963776 0.000000
    outer loop
      vertex 117.5729 -26.5544 0.0000
      vertex 117.5729 -26.5544 3.0000
      vertex 117.9745 -26.6656 3.0000
    endloop
  endfacet
  facet normal 0.266713 0.963776 0.000000
    outer loop
      vertex 117.5729 -26.5544 0.0000
      vertex 117.9745 -26.6656 3.0000
      vertex 117.9745 -26.6656 0.0000
    endloop
  endfacet
  facet normal 0.313682 -0.949528 0.000000
    outer loop
      vertex 117.9745 -42.9344 0.0000
      vertex 118.3702 -42.8037 0.0000
      vertex 118.3702 -42.8037 3.0000
    endloop
  endfacet
  facet normal 0.313682 -0.949528 0.000000
    outer loop
      vertex 117.9745 -42.9344 0.0000
      vertex 118.3702 -42.8037 3.0000
      vertex 117.9745 -42.9344 3.0000
    endloop
  endfacet
  facet normal 0.313682 0.949528 0.000000
    outer loop
      vertex 117.9745 -26.6656 0.0000
      vertex 117.9745 -26.6656 3.0000
      vertex 118.3702 -26.7963 3.0000
    endloop
  endfacet
  facet normal 0.313682 0.949528 0.000000
    outer loop
      vertex 117.9745 -26.6656 0.0000
      vertex 118.3702 -26.7963 3.0000
      vertex 118.3702 -26.7963 0.0000
    endloop
  endfacet
  facet normal 0.359895 -0.932993 0.000000
    outer loop
      vertex 118.3702 -42.8037 0.0000
      vertex 118.7590 -42.6537 0.0000
      vertex 118.7590 -42.6537 3.0000
    endloop
  endfacet
  facet normal 0.359895 -0.932993 0.000000
    outer loop
      vertex 118.3702 -42.8037 0.0000
      vertex 118.7590 -42.6537 3.0000
      vertex 118.3702 -42.8037 3.0000
    endloop
  endfacet
  facet normal 0.359895 0.932993 0.000000
    outer loop
      vertex 118.3702 -26.7963 0.0000
      vertex 118.3702 -26.7963 3.0000
      vertex 118.7590 -26.9463 3.0000
    endloop
  endfacet
  facet normal 0.359895 0.932993 0.000000
    outer loop
      vertex 118.3702 -26.7963 0.0000
      vertex 118.7590 -26.9463 3.0000
      vertex 118.7590 -26.9463 0.0000
    endloop
  endfacet
  facet normal 0.405241 -0.914210 0.000000
    outer loop
      vertex 118.7590 -42.6537 0.0000
      vertex 119.1399 -42.4849 0.0000
      vertex 118.7590 -42.6537 3.0000
    endloop
  endfacet
  facet normal 0.405241 -0.914210 0.000000
    outer loop
      vertex 118.7590 -42.6537 3.0000
      vertex 119.1399 -42.4849 0.0000
      vertex 119.1399 -42.4849 3.0000
    endloop
  endfacet
  facet normal 0.405241 0.914210 0.000000
    outer loop
      vertex 118.7590 -26.9463 0.0000
      vertex 118.7590 -26.9463 3.0000
      vertex 119.1399 -27.1151 3.0000
    endloop
  endfacet
  facet normal 0.405241 0.914210 0.000000
    outer loop
      vertex 118.7590 -26.9463 0.0000
      vertex 119.1399 -27.1151 3.0000
      vertex 119.1399 -27.1151 0.0000
    endloop
  endfacet
  facet normal 0.449611 -0.893224 0.000000
    outer loop
      vertex 119.1399 -42.4849 0.0000
      vertex 119.5122 -42.2975 0.0000
      vertex 119.5122 -42.2975 3.0000
    endloop
  endfacet
  facet normal 0.449611 -0.893224 0.000000
    outer loop
      vertex 119.1399 -42.4849 0.0000
      vertex 119.5122 -42.2975 3.0000
      vertex 119.1399 -42.4849 3.0000
    endloop
  endfacet
  facet normal 0.449611 0.893224 0.000000
    outer loop
      vertex 119.1399 -27.1151 0.0000
      vertex 119.1399 -27.1151 3.0000
      vertex 119.5122 -27.3025 3.0000
    endloop
  endfacet
  facet normal 0.449611 0.893224 0.000000
    outer loop
      vertex 119.1399 -27.1151 0.0000
      vertex 119.5122 -27.3025 3.0000
      vertex 119.5122 -27.3025 0.0000
    endloop
  endfacet
  facet normal 0.492898 -0.870087 0.000000
    outer loop
      vertex 119.5122 -42.2975 0.0000
      vertex 119.8747 -42.0921 0.0000
      vertex 119.5122 -42.2975 3.0000
    endloop
  endfacet
  facet normal 0.492898 -0.870087 0.000000
    outer loop
      vertex 119.5122 -42.2975 3.0000
      vertex 119.8747 -42.0921 0.0000
      vertex 119.8747 -42.0921 3.0000
    endloop
  endfacet
  facet normal 0.492898 0.870087 0.000000
    outer loop
      vertex 119.5122 -27.3025 0.0000
      vertex 119.5122 -27.3025 3.0000
      vertex 119.8747 -27.5079 3.0000
    endloop
  endfacet
  facet normal 0.492898 0.870087 0.000000
    outer loop
      vertex 119.5122 -27.3025 0.0000
      vertex 119.8747 -27.5079 3.0000
      vertex 119.8747 -27.5079 0.0000
    endloop
  endfacet
  facet normal 0.534998 -0.844854 0.000000
    outer loop
      vertex 119.8747 -42.0921 0.0000
      vertex 120.2268 -41.8692 0.0000
      vertex 120.2268 -41.8692 3.0000
    endloop
  endfacet
  facet normal 0.534998 -0.844854 0.000000
    outer loop
      vertex 119.8747 -42.0921 0.0000
      vertex 120.2268 -41.8692 3.0000
      vertex 119.8747 -42.0921 3.0000
    endloop
  endfacet
  facet normal 0.534998 0.844854 0.000000
    outer loop
      vertex 119.8747 -27.5079 0.0000
      vertex 119.8747 -27.5079 3.0000
      vertex 120.2268 -27.7308 3.0000
    endloop
  endfacet
  facet normal 0.534998 0.844854 0.000000
    outer loop
      vertex 119.8747 -27.5079 0.0000
      vertex 120.2268 -27.7308 3.0000
      vertex 120.2268 -27.7308 0.0000
    endloop
  endfacet
  facet normal 0.575808 -0.817585 0.000000
    outer loop
      vertex 120.2268 -41.8692 0.0000
      vertex 120.5675 -41.6292 0.0000
      vertex 120.2268 -41.8692 3.0000
    endloop
  endfacet
  facet normal 0.575808 -0.817585 0.000000
    outer loop
      vertex 120.2268 -41.8692 3.0000
      vertex 120.5675 -41.6292 0.0000
      vertex 120.5675 -41.6292 3.0000
    endloop
  endfacet
  facet normal 0.575808 0.817585 0.000000
    outer loop
      vertex 120.2268 -27.7308 0.0000
      vertex 120.2268 -27.7308 3.0000
      vertex 120.5675 -27.9708 3.0000
    endloop
  endfacet
  facet normal 0.575808 0.817585 0.000000
    outer loop
      vertex 120.2268 -27.7308 0.0000
      vertex 120.5675 -27.9708 3.0000
      vertex 120.5675 -27.9708 0.0000
    endloop
  endfacet
  facet normal 0.615232 -0.788346 0.000000
    outer loop
      vertex 120.5675 -41.6292 0.0000
      vertex 120.8960 -41.3729 0.0000
      vertex 120.5675 -41.6292 3.0000
    endloop
  endfacet
  facet normal 0.615232 -0.788346 0.000000
    outer loop
      vertex 120.5675 -41.6292 3.0000
      vertex 120.8960 -41.3729 0.0000
      vertex 120.8960 -41.3729 3.0000
    endloop
  endfacet
  facet normal 0.615232 0.788346 0.000000
    outer loop
      vertex 120.5675 -27.9708 0.0000
      vertex 120.5675 -27.9708 3.0000
      vertex 120.8960 -28.2271 3.0000
    endloop
  endfacet
  facet normal 0.615232 0.788346 0.000000
    outer loop
      vertex 120.5675 -27.9708 0.0000
      vertex 120.8960 -28.2271 3.0000
      vertex 120.8960 -28.2271 0.0000
    endloop
  endfacet
  facet normal 0.653173 -0.757209 0.000000
    outer loop
      vertex 120.8960 -41.3729 0.0000
      vertex 121.2115 -41.1007 0.0000
      vertex 121.2115 -41.1007 3.0000
    endloop
  endfacet
  facet normal 0.653173 -0.757209 0.000000
    outer loop
      vertex 120.8960 -41.3729 0.0000
      vertex 121.2115 -41.1007 3.0000
      vertex 120.8960 -41.3729 3.0000
    endloop
  endfacet
  facet normal 0.653173 0.757209 0.000000
    outer loop
      vertex 120.8960 -28.2271 0.0000
      vertex 120.8960 -28.2271 3.0000
      vertex 121.2115 -28.4993 3.0000
    endloop
  endfacet
  facet normal 0.653173 0.757209 0.000000
    outer loop
      vertex 120.8960 -28.2271 0.0000
      vertex 121.2115 -28.4993 3.0000
      vertex 121.2115 -28.4993 0.0000
    endloop
  endfacet
  facet normal 0.689541 -0.724247 0.000000
    outer loop
      vertex 121.2115 -41.1007 0.0000
      vertex 121.5133 -40.8133 0.0000
      vertex 121.2115 -41.1007 3.0000
    endloop
  endfacet
  facet normal 0.689541 -0.724247 0.000000
    outer loop
      vertex 121.2115 -41.1007 3.0000
      vertex 121.5133 -40.8133 0.0000
      vertex 121.5133 -40.8133 3.0000
    endloop
  endfacet
  facet normal 0.689541 0.724247 0.000000
    outer loop
      vertex 121.2115 -28.4993 0.0000
      vertex 121.2115 -28.4993 3.0000
      vertex 121.5133 -28.7867 3.0000
    endloop
  endfacet
  facet normal 0.689541 0.724247 0.000000
    outer loop
      vertex 121.2115 -28.4993 0.0000
      vertex 121.5133 -28.7867 3.0000
      vertex 121.5133 -28.7867 0.0000
    endloop
  endfacet
  facet normal 0.724247 -0.689541 0.000000
    outer loop
      vertex 121.5133 -40.8133 0.0000
      vertex 121.8007 -40.5115 0.0000
      vertex 121.8007 -40.5115 3.0000
    endloop
  endfacet
  facet normal 0.724247 -0.689541 0.000000
    outer loop
      vertex 121.5133 -40.8133 0.0000
      vertex 121.8007 -40.5115 3.0000
      vertex 121.5133 -40.8133 3.0000
    endloop
  endfacet
  facet normal 0.724247 0.689541 0.000000
    outer loop
      vertex 121.5133 -28.7867 0.0000
      vertex 121.5133 -28.7867 3.0000
      vertex 121.8007 -29.0885 3.0000
    endloop
  endfacet
  facet normal 0.724247 0.689541 0.000000
    outer loop
      vertex 121.5133 -28.7867 0.0000
      vertex 121.8007 -29.0885 3.0000
      vertex 121.8007 -29.0885 0.0000
    endloop
  endfacet
  facet normal 0.757209 -0.653173 0.000000
    outer loop
      vertex 121.8007 -40.5115 0.0000
      vertex 122.0729 -40.1960 0.0000
      vertex 122.0729 -40.1960 3.0000
    endloop
  endfacet
  facet normal 0.757209 -0.653173 0.000000
    outer loop
      vertex 121.8007 -40.5115 0.0000
      vertex 122.0729 -40.1960 3.0000
      vertex 121.8007 -40.5115 3.0000
    endloop
  endfacet
  facet normal 0.757209 0.653173 0.000000
    outer loop
      vertex 121.8007 -29.0885 0.0000
      vertex 121.8007 -29.0885 3.0000
      vertex 122.0729 -29.4040 3.0000
    endloop
  endfacet
  facet normal 0.757209 0.653173 0.000000
    outer loop
      vertex 121.8007 -29.0885 0.0000
      vertex 122.0729 -29.4040 3.0000
      vertex 122.0729 -29.4040 0.0000
    endloop
  endfacet
  facet normal 0.788346 -0.615232 0.000000
    outer loop
      vertex 122.0729 -40.1960 0.0000
      vertex 122.3292 -39.8675 0.0000
      vertex 122.0729 -40.1960 3.0000
    endloop
  endfacet
  facet normal 0.788346 -0.615232 0.000000
    outer loop
      vertex 122.0729 -40.1960 3.0000
      vertex 122.3292 -39.8675 0.0000
      vertex 122.3292 -39.8675 3.0000
    endloop
  endfacet
  facet normal 0.788346 0.615232 0.000000
    outer loop
      vertex 122.0729 -29.4040 0.0000
      vertex 122.0729 -29.4040 3.0000
      vertex 122.3292 -29.7325 0.0000
    endloop
  endfacet
  facet normal 0.788346 0.615232 0.000000
    outer loop
      vertex 122.0729 -29.4040 3.0000
      vertex 122.3292 -29.7325 3.0000
      vertex 122.3292 -29.7325 0.0000
    endloop
  endfacet
  facet normal 0.817585 -0.575808 0.000000
    outer loop
      vertex 122.3292 -39.8675 0.0000
      vertex 122.5692 -39.5268 0.0000
      vertex 122.3292 -39.8675 3.0000
    endloop
  endfacet
  facet normal 0.817585 -0.575808 0.000000
    outer loop
      vertex 122.3292 -39.8675 3.0000
      vertex 122.5692 -39.5268 0.0000
      vertex 122.5692 -39.5268 3.0000
    endloop
  endfacet
  facet normal 0.817585 0.575808 0.000000
    outer loop
      vertex 122.3292 -29.7325 0.0000
      vertex 122.3292 -29.7325 3.0000
      vertex 122.5692 -30.0732 3.0000
    endloop
  endfacet
  facet normal 0.817585 0.575808 0.000000
    outer loop
      vertex 122.3292 -29.7325 0.0000
      vertex 122.5692 -30.0732 3.0000
      vertex 122.5692 -30.0732 0.0000
    endloop
  endfacet
  facet normal 0.844854 -0.534998 0.000000
    outer loop
      vertex 122.5692 -39.5268 0.0000
      vertex 122.7921 -39.1747 0.0000
      vertex 122.5692 -39.5268 3.0000
    endloop
  endfacet
  facet normal 0.844854 -0.534998 0.000000
    outer loop
      vertex 122.5692 -39.5268 3.0000
      vertex 122.7921 -39.1747 0.0000
      vertex 122.7921 -39.1747 3.0000
    endloop
  endfacet
  facet normal 0.844854 0.534998 0.000000
    outer loop
      vertex 122.5692 -30.0732 0.0000
      vertex 122.5692 -30.0732 3.0000
      vertex 122.7921 -30.4253 3.0000
    endloop
  endfacet
  facet normal 0.844854 0.534998 0.000000
    outer loop
      vertex 122.5692 -30.0732 0.0000
      vertex 122.7921 -30.4253 3.0000
      vertex 122.7921 -30.4253 0.0000
    endloop
  endfacet
  facet normal 0.870087 -0.492898 0.000000
    outer loop
      vertex 122.7921 -39.1747 0.0000
      vertex 122.9975 -38.8122 0.0000
      vertex 122.9975 -38.8122 3.0000
    endloop
  endfacet
  facet normal 0.870087 -0.492898 0.000000
    outer loop
      vertex 122.7921 -39.1747 0.0000
      vertex 122.9975 -38.8122 3.0000
      vertex 122.7921 -39.1747 3.0000
    endloop
  endfacet
  facet normal 0.870087 0.492898 0.000000
    outer loop
      vertex 122.7921 -30.4253 0.0000
      vertex 122.7921 -30.4253 3.0000
      vertex 122.9975 -30.7878 0.0000
    endloop
  endfacet
  facet normal 0.870087 0.492898 0.000000
    outer loop
      vertex 122.7921 -30.4253 3.0000
      vertex 122.9975 -30.7878 3.0000
      vertex 122.9975 -30.7878 0.0000
    endloop
  endfacet
  facet normal 0.893224 -0.449611 0.000000
    outer loop
      vertex 122.9975 -38.8122 0.0000
      vertex 123.1849 -38.4399 0.0000
      vertex 122.9975 -38.8122 3.0000
    endloop
  endfacet
  facet normal 0.893224 -0.449611 0.000000
    outer loop
      vertex 122.9975 -38.8122 3.0000
      vertex 123.1849 -38.4399 0.0000
      vertex 123.1849 -38.4399 3.0000
    endloop
  endfacet
  facet normal 0.893224 0.449611 0.000000
    outer loop
      vertex 122.9975 -30.7878 0.0000
      vertex 122.9975 -30.7878 3.0000
      vertex 123.1849 -31.1601 3.0000
    endloop
  endfacet
  facet normal 0.893224 0.449611 0.000000
    outer loop
      vertex 122.9975 -30.7878 0.0000
      vertex 123.1849 -31.1601 3.0000
      vertex 123.1849 -31.1601 0.0000
    endloop
  endfacet
  facet normal 0.914210 -0.405241 0.000000
    outer loop
      vertex 123.1849 -38.4399 0.0000
      vertex 123.3537 -38.0590 0.0000
      vertex 123.3537 -38.0590 3.0000
    endloop
  endfacet
  facet normal 0.914210 -0.405241 0.000000
    outer loop
      vertex 123.1849 -38.4399 0.0000
      vertex 123.3537 -38.0590 3.0000
      vertex 123.1849 -38.4399 3.0000
    endloop
  endfacet
  facet normal 0.914210 0.405241 0.000000
    outer loop
      vertex 123.1849 -31.1601 0.0000
      vertex 123.1849 -31.1601 3.0000
      vertex 123.3537 -31.5410 3.0000
    endloop
  endfacet
  facet normal 0.914210 0.405241 0.000000
    outer loop
      vertex 123.1849 -31.1601 0.0000
      vertex 123.3537 -31.5410 3.0000
      vertex 123.3537 -31.5410 0.0000
    endloop
  endfacet
  facet normal 0.932993 -0.359895 0.000000
    outer loop
      vertex 123.3537 -38.0590 0.0000
      vertex 123.5037 -37.6702 0.0000
      vertex 123.3537 -38.0590 3.0000
    endloop
  endfacet
  facet normal 0.932993 -0.359895 0.000000
    outer loop
      vertex 123.3537 -38.0590 3.0000
      vertex 123.5037 -37.6702 0.0000
      vertex 123.5037 -37.6702 3.0000
    endloop
  endfacet
  facet normal 0.932993 0.359895 0.000000
    outer loop
      vertex 123.3537 -31.5410 0.0000
      vertex 123.3537 -31.5410 3.0000
      vertex 123.5037 -31.9298 3.0000
    endloop
  endfacet
  facet normal 0.932993 0.359895 0.000000
    outer loop
      vertex 123.3537 -31.5410 0.0000
      vertex 123.5037 -31.9298 3.0000
      vertex 123.5037 -31.9298 0.0000
    endloop
  endfacet
  facet normal 0.949528 -0.313682 0.000000
    outer loop
      vertex 123.5037 -37.6702 0.0000
      vertex 123.6344 -37.2745 0.0000
      vertex 123.5037 -37.6702 3.0000
    endloop
  endfacet
  facet normal 0.949528 -0.313682 0.000000
    outer loop
      vertex 123.5037 -37.6702 3.0000
      vertex 123.6344 -37.2745 0.0000
      vertex 123.6344 -37.2745 3.0000
    endloop
  endfacet
  facet normal 0.949528 0.313682 0.000000
    outer loop
      vertex 123.5037 -31.9298 0.0000
      vertex 123.5037 -31.9298 3.0000
      vertex 123.6344 -32.3255 3.0000
    endloop
  endfacet
  facet normal 0.949528 0.313682 0.000000
    outer loop
      vertex 123.5037 -31.9298 0.0000
      vertex 123.6344 -32.3255 3.0000
      vertex 123.6344 -32.3255 0.0000
    endloop
  endfacet
  facet normal 0.963776 -0.266713 0.000000
    outer loop
      vertex 123.6344 -37.2745 0.0000
      vertex 123.7456 -36.8729 0.0000
      vertex 123.7456 -36.8729 3.0000
    endloop
  endfacet
  facet normal 0.963776 -0.266713 0.000000
    outer loop
      vertex 123.6344 -37.2745 0.0000
      vertex 123.7456 -36.8729 3.0000
      vertex 123.6344 -37.2745 3.0000
    endloop
  endfacet
  facet normal 0.963776 0.266713 0.000000
    outer loop
      vertex 123.6344 -32.3255 0.0000
      vertex 123.6344 -32.3255 3.0000
      vertex 123.7456 -32.7271 3.0000
    endloop
  endfacet
  facet normal 0.963776 0.266713 0.000000
    outer loop
      vertex 123.6344 -32.3255 0.0000
      vertex 123.7456 -32.7271 3.0000
      vertex 123.7456 -32.7271 0.0000
    endloop
  endfacet
  facet normal 0.975702 -0.219101 0.000000
    outer loop
      vertex 123.7456 -36.8729 0.0000
      vertex 123.8369 -36.4663 0.0000
      vertex 123.8369 -36.4663 3.0000
    endloop
  endfacet
  facet normal 0.975702 -0.219101 0.000000
    outer loop
      vertex 123.7456 -36.8729 0.0000
      vertex 123.8369 -36.4663 3.0000
      vertex 123.7456 -36.8729 3.0000
    endloop
  endfacet
  facet normal 0.975702 0.219101 0.000000
    outer loop
      vertex 123.7456 -32.7271 0.0000
      vertex 123.7456 -32.7271 3.0000
      vertex 123.8369 -33.1337 3.0000
    endloop
  endfacet
  facet normal 0.975702 0.219101 0.000000
    outer loop
      vertex 123.7456 -32.7271 0.0000
      vertex 123.8369 -33.1337 3.0000
      vertex 123.8369 -33.1337 0.0000
    endloop
  endfacet
  facet normal 0.985278 -0.170962 0.000000
    outer loop
      vertex 123.8369 -36.4663 0.0000
      vertex 123.9081 -36.0557 0.0000
      vertex 123.8369 -36.4663 3.0000
    endloop
  endfacet
  facet normal 0.985278 -0.170962 0.000000
    outer loop
      vertex 123.8369 -36.4663 3.0000
      vertex 123.9081 -36.0557 0.0000
      vertex 123.9081 -36.0557 3.0000
    endloop
  endfacet
  facet normal 0.985278 0.170962 0.000000
    outer loop
      vertex 123.8369 -33.1337 0.0000
      vertex 123.8369 -33.1337 3.0000
      vertex 123.9081 -33.5443 0.0000
    endloop
  endfacet
  facet normal 0.985278 0.170962 0.000000
    outer loop
      vertex 123.8369 -33.1337 3.0000
      vertex 123.9081 -33.5443 3.0000
      vertex 123.9081 -33.5443 0.0000
    endloop
  endfacet
  facet normal 0.992480 -0.122411 0.000000
    outer loop
      vertex 123.9081 -36.0557 0.0000
      vertex 123.9591 -35.6422 0.0000
      vertex 123.9591 -35.6422 3.0000
    endloop
  endfacet
  facet normal 0.992480 -0.122411 0.000000
    outer loop
      vertex 123.9081 -36.0557 0.0000
      vertex 123.9591 -35.6422 3.0000
      vertex 123.9081 -36.0557 3.0000
    endloop
  endfacet
  facet normal 0.992480 0.122411 0.000000
    outer loop
      vertex 123.9081 -33.5443 0.0000
      vertex 123.9081 -33.5443 3.0000
      vertex 123.9591 -33.9578 0.0000
    endloop
  endfacet
  facet normal 0.992480 0.122411 0.000000
    outer loop
      vertex 123.9081 -33.5443 3.0000
      vertex 123.9591 -33.9578 3.0000
      vertex 123.9591 -33.9578 0.0000
    endloop
  endfacet
  facet normal 0.997290 -0.073565 0.000000
    outer loop
      vertex 123.9591 -35.6422 0.0000
      vertex 123.9898 -35.2266 0.0000
      vertex 123.9591 -35.6422 3.0000
    endloop
  endfacet
  facet normal 0.997290 -0.073565 0.000000
    outer loop
      vertex 123.9591 -35.6422 3.0000
      vertex 123.9898 -35.2266 0.0000
      vertex 123.9898 -35.2266 3.0000
    endloop
  endfacet
  facet normal 0.997290 0.073565 0.000000
    outer loop
      vertex 123.9591 -33.9578 0.0000
      vertex 123.9591 -33.9578 3.0000
      vertex 123.9898 -34.3734 3.0000
    endloop
  endfacet
  facet normal 0.997290 0.073565 0.000000
    outer loop
      vertex 123.9591 -33.9578 0.0000
      vertex 123.9898 -34.3734 3.0000
      vertex 123.9898 -34.3734 0.0000
    endloop
  endfacet
  facet normal 0.999699 -0.024541 0.000000
    outer loop
      vertex 123.9898 -35.2266 0.0000
      vertex 124.0000 -34.8100 0.0000
      vertex 123.9898 -35.2266 3.0000
    endloop
  endfacet
  facet normal 0.999699 -0.024541 0.000000
    outer loop
      vertex 123.9898 -35.2266 3.0000
      vertex 124.0000 -34.8100 0.0000
      vertex 124.0000 -34.8100 3.0000
    endloop
  endfacet
  facet normal 0.999699 0.024541 0.000000
    outer loop
      vertex 123.9898 -34.3734 0.0000
      vertex 123.9898 -34.3734 3.0000
      vertex 124.0000 -34.7900 3.0000
    endloop
  endfacet
  facet normal 0.999699 0.024541 0.000000
    outer loop
      vertex 123.9898 -34.3734 0.0000
      vertex 124.0000 -34.7900 3.0000
      vertex 124.0000 -34.7900 0.0000
    endloop
  endfacet
  facet normal 1.000000 0.000000 0.000000
    outer loop
      vertex 124.0000 -34.8100 0.0000
      vertex 124.0000 -34.7900 0.0000
      vertex 124.0000 -34.8100 3.0000
    endloop
  endfacet
  facet normal 1.000000 -0.000000 0.000000
    outer loop
      vertex 124.0000 -34.8100 3.0000
      vertex 124.0000 -34.7900 0.0000
      vertex 124.0000 -34.7900 3.0000
    endloop
  endfacet
endsolid flux
