solid OpenSCAD_Model
  facet normal 0.707098 -0.707116 0
    outer loop
      vertex 82.8284 0 3
      vertex 84 1.17157 0
      vertex 84 1.17157 3
    endloop
  endfacet
  facet normal 0.707098 -0.707116 0
    outer loop
      vertex 84 1.17157 0
      vertex 82.8284 0 3
      vertex 82.8284 0 0
    endloop
  endfacet
  facet normal 0.707107 0.707107 0
    outer loop
      vertex 84 72.8284 3
      vertex 82.8284 74 0
      vertex 82.8284 74 3
    endloop
  endfacet
  facet normal 0.707107 0.707107 0
    outer loop
      vertex 82.8284 74 0
      vertex 84 72.8284 3
      vertex 84 72.8284 0
    endloop
  endfacet
  facet normal -1 0 0
    outer loop
      vertex 0 1.17157 0
      vertex 0 72.8284 3
      vertex 0 72.8284 0
    endloop
  endfacet
  facet normal -1 -0 0
    outer loop
      vertex 0 72.8284 3
      vertex 0 1.17157 0
      vertex 0 1.17157 3
    endloop
  endfacet
  facet normal 1 -0 0
    outer loop
      vertex 84 1.17157 3
      vertex 84 72.8284 0
      vertex 84 72.8284 3
    endloop
  endfacet
  facet normal 1 0 0
    outer loop
      vertex 84 72.8284 0
      vertex 84 1.17157 3
      vertex 84 1.17157 0
    endloop
  endfacet
  facet normal 0 0 -1
    outer loop
      vertex 7.17847 7.41412 0
      vertex 35.1938 15.3063 0
      vertex 7.30208 7.30208 0
    endloop
  endfacet
  facet normal 0 0 -1
    outer loop
      vertex 38.5 37 0
      vertex 7.79181 67.7334 0
      vertex 7.8 67.9 0
    endloop
  endfacet
  facet normal -0 0 -1
    outer loop
      vertex 35.1938 15.3063 0
      vertex 7.17847 7.41412 0
      vertex 35.3425 15.7221 0
    endloop
  endfacet
  facet normal 0 0 -1
    outer loop
      vertex 38.5 37 0
      vertex 7.76733 67.5683 0
      vertex 7.79181 67.7334 0
    endloop
  endfacet
  facet normal 0 0 -1
    outer loop
      vertex 7.04447 7.5135 0
      vertex 35.3425 15.7221 0
      vertex 7.17847 7.41412 0
    endloop
  endfacet
  facet normal 0 0 -1
    outer loop
      vertex 38.5 37 0
      vertex 7.7268 67.4065 0
      vertex 7.76733 67.5683 0
    endloop
  endfacet
  facet normal -0 0 -1
    outer loop
      vertex 35.3425 15.7221 0
      vertex 7.04447 7.5135 0
      vertex 35.5314 16.1213 0
    endloop
  endfacet
  facet normal 0 0 -1
    outer loop
      vertex 38.5 37 0
      vertex 7.6706 67.2494 0
      vertex 7.7268 67.4065 0
    endloop
  endfacet
  facet normal 0 0 -1
    outer loop
      vertex 6.90137 7.59927 0
      vertex 35.5314 16.1213 0
      vertex 7.04447 7.5135 0
    endloop
  endfacet
  facet normal 0 0 -1
    outer loop
      vertex 38.5 37 0
      vertex 7.59927 67.0986 0
      vertex 7.6706 67.2494 0
    endloop
  endfacet
  facet normal -0 0 -1
    outer loop
      vertex 35.5314 16.1213 0
      vertex 6.90137 7.59927 0
      vertex 35.7584 16.5001 0
    endloop
  endfacet
  facet normal 0 0 -1
    outer loop
      vertex 38.5 37 0
      vertex 7.5135 66.9555 0
      vertex 7.59927 67.0986 0
    endloop
  endfacet
  facet normal 0 0 -1
    outer loop
      vertex 6.75056 7.6706 0
      vertex 35.7584 16.5001 0
      vertex 6.90137 7.59927 0
    endloop
  endfacet
  facet normal 0 0 -1
    outer loop
      vertex 38.5 37 0
      vertex 7.41412 66.8215 0
      vertex 7.5135 66.9555 0
    endloop
  endfacet
  facet normal -0 0 -1
    outer loop
      vertex 35.7584 16.5001 0
      vertex 6.75056 7.6706 0
      vertex 38.6507 35.984 0
    endloop
  endfacet
  facet normal 0 0 -1
    outer loop
      vertex 38.5 37 0
      vertex 7.30208 66.6979 0
      vertex 7.41412 66.8215 0
    endloop
  endfacet
  facet normal -0 0 -1
    outer loop
      vertex 38.6507 35.984 0
      vertex 6.75056 7.6706 0
      vertex 38.5673 36.3172 0
    endloop
  endfacet
  facet normal 0 0 -1
    outer loop
      vertex 38.5 37 0
      vertex 7.17847 66.5859 0
      vertex 7.30208 66.6979 0
    endloop
  endfacet
  facet normal 0 0 -1
    outer loop
      vertex 6.59348 7.7268 0
      vertex 38.5673 36.3172 0
      vertex 6.75056 7.6706 0
    endloop
  endfacet
  facet normal 0 0 -1
    outer loop
      vertex 38.5 37 0
      vertex 7.04447 66.4865 0
      vertex 7.17847 66.5859 0
    endloop
  endfacet
  facet normal -0 0 -1
    outer loop
      vertex 38.5673 36.3172 0
      vertex 6.59348 7.7268 0
      vertex 38.5169 36.6569 0
    endloop
  endfacet
  facet normal 0 0 -1
    outer loop
      vertex 38.5 37 0
      vertex 6.90137 66.4007 0
      vertex 7.04447 66.4865 0
    endloop
  endfacet
  facet normal 0 0 -1
    outer loop
      vertex 6.43165 7.76733 0
      vertex 38.5169 36.6569 0
      vertex 6.59348 7.7268 0
    endloop
  endfacet
  facet normal 0 0 -1
    outer loop
      vertex 38.5 37 0
      vertex 6.75056 66.3294 0
      vertex 6.90137 66.4007 0
    endloop
  endfacet
  facet normal -0 0 -1
    outer loop
      vertex 38.5169 36.6569 0
      vertex 6.43165 7.76733 0
      vertex 38.5 37 0
    endloop
  endfacet
  facet normal 0 0 -1
    outer loop
      vertex 38.5 37 0
      vertex 6.59348 66.2732 0
      vertex 6.75056 66.3294 0
    endloop
  endfacet
  facet normal 0 0 -1
    outer loop
      vertex 6.26663 7.79181 0
      vertex 38.5 37 0
      vertex 6.43165 7.76733 0
    endloop
  endfacet
  facet normal 0 0 -1
    outer loop
      vertex 38.5 37 0
      vertex 6.43165 66.2327 0
      vertex 6.59348 66.2732 0
    endloop
  endfacet
  facet normal 0 0 -1
    outer loop
      vertex 6.26663 66.2082 0
      vertex 38.5 37 0
      vertex 6.26663 7.79181 0
    endloop
  endfacet
  facet normal 0 0 -1
    outer loop
      vertex 38.5 37 0
      vertex 6.26663 66.2082 0
      vertex 6.43165 66.2327 0
    endloop
  endfacet
  facet normal 0 0 -1
    outer loop
      vertex 6.1 7.8 0
      vertex 6.26663 66.2082 0
      vertex 6.26663 7.79181 0
    endloop
  endfacet
  facet normal 0 0 -1
    outer loop
      vertex 6.1 7.8 0
      vertex 6.1 66.2 0
      vertex 6.26663 66.2082 0
    endloop
  endfacet
  facet normal 0 0 -1
    outer loop
      vertex 5.93337 7.79181 0
      vertex 6.1 66.2 0
      vertex 6.1 7.8 0
    endloop
  endfacet
  facet normal 0 0 -1
    outer loop
      vertex 5.93337 7.79181 0
      vertex 5.93337 66.2082 0
      vertex 6.1 66.2 0
    endloop
  endfacet
  facet normal 0 0 -1
    outer loop
      vertex 5.76835 7.76733 0
      vertex 5.93337 66.2082 0
      vertex 5.93337 7.79181 0
    endloop
  endfacet
  facet normal 0 0 -1
    outer loop
      vertex 5.76835 7.76733 0
      vertex 5.76835 66.2327 0
      vertex 5.93337 66.2082 0
    endloop
  endfacet
  facet normal 0 0 -1
    outer loop
      vertex 5.60652 7.7268 0
      vertex 5.76835 66.2327 0
      vertex 5.76835 7.76733 0
    endloop
  endfacet
  facet normal 0 0 -1
    outer loop
      vertex 5.60652 7.7268 0
      vertex 5.60652 66.2732 0
      vertex 5.76835 66.2327 0
    endloop
  endfacet
  facet normal 0 0 -1
    outer loop
      vertex 5.44944 7.6706 0
      vertex 5.60652 66.2732 0
      vertex 5.60652 7.7268 0
    endloop
  endfacet
  facet normal 0 0 -1
    outer loop
      vertex 5.44944 7.6706 0
      vertex 5.44944 66.3294 0
      vertex 5.60652 66.2732 0
    endloop
  endfacet
  facet normal 0 0 -1
    outer loop
      vertex 5.29862 7.59927 0
      vertex 5.44944 66.3294 0
      vertex 5.44944 7.6706 0
    endloop
  endfacet
  facet normal 0 0 -1
    outer loop
      vertex 5.29862 7.59927 0
      vertex 5.29862 66.4007 0
      vertex 5.44944 66.3294 0
    endloop
  endfacet
  facet normal 0 0 -1
    outer loop
      vertex 5.15553 7.5135 0
      vertex 5.29862 66.4007 0
      vertex 5.29862 7.59927 0
    endloop
  endfacet
  facet normal 0 0 -1
    outer loop
      vertex 5.15553 7.5135 0
      vertex 5.15553 66.4865 0
      vertex 5.29862 66.4007 0
    endloop
  endfacet
  facet normal 0 0 -1
    outer loop
      vertex 5.02153 7.41412 0
      vertex 5.15553 66.4865 0
      vertex 5.15553 7.5135 0
    endloop
  endfacet
  facet normal 0 0 -1
    outer loop
      vertex 5.02153 7.41412 0
      vertex 5.02153 66.5859 0
      vertex 5.15553 66.4865 0
    endloop
  endfacet
  facet normal 0 0 -1
    outer loop
      vertex 4.89792 7.30208 0
      vertex 5.02153 66.5859 0
      vertex 5.02153 7.41412 0
    endloop
  endfacet
  facet normal 0 0 -1
    outer loop
      vertex 4.89792 7.30208 0
      vertex 4.89792 66.6979 0
      vertex 5.02153 66.5859 0
    endloop
  endfacet
  facet normal 0 0 -1
    outer loop
      vertex 4.78588 7.17847 0
      vertex 4.89792 66.6979 0
      vertex 4.89792 7.30208 0
    endloop
  endfacet
  facet normal 0 0 -1
    outer loop
      vertex 4.78588 7.17847 0
      vertex 4.78588 66.8215 0
      vertex 4.89792 66.6979 0
    endloop
  endfacet
  facet normal 0 0 -1
    outer loop
      vertex 4.6865 7.04447 0
      vertex 4.78588 66.8215 0
      vertex 4.78588 7.17847 0
    endloop
  endfacet
  facet normal 0 0 -1
    outer loop
      vertex 4.6865 7.04447 0
      vertex 4.6865 66.9555 0
      vertex 4.78588 66.8215 0
    endloop
  endfacet
  facet normal 0 0 -1
    outer loop
      vertex 0 1.17157 0
      vertex 4.6865 7.04447 0
      vertex 4.60073 6.90137 0
    endloop
  endfacet
  facet normal -0 0 -1
    outer loop
      vertex 4.6865 7.04447 0
      vertex 0 1.17157 0
      vertex 4.6865 66.9555 0
    endloop
  endfacet
  facet normal 0 0 -1
    outer loop
      vertex 0 1.17157 0
      vertex 4.60073 6.90137 0
      vertex 4.5294 6.75056 0
    endloop
  endfacet
  facet normal 0 0 -1
    outer loop
      vertex 0 72.8284 0
      vertex 4.6865 66.9555 0
      vertex 0 1.17157 0
    endloop
  endfacet
  facet normal 0 0 -1
    outer loop
      vertex 0 1.17157 0
      vertex 4.5294 6.75056 0
      vertex 4.4732 6.59348 0
    endloop
  endfacet
  facet normal 0 0 -1
    outer loop
      vertex 4.6865 66.9555 0
      vertex 0 72.8284 0
      vertex 4.60073 67.0986 0
    endloop
  endfacet
  facet normal 0 0 -1
    outer loop
      vertex 0 1.17157 0
      vertex 4.4732 6.59348 0
      vertex 4.43266 6.43165 0
    endloop
  endfacet
  facet normal 0 0 -1
    outer loop
      vertex 4.60073 67.0986 0
      vertex 0 72.8284 0
      vertex 4.5294 67.2494 0
    endloop
  endfacet
  facet normal 0 0 -1
    outer loop
      vertex 0 1.17157 0
      vertex 4.43266 6.43165 0
      vertex 4.40819 6.26663 0
    endloop
  endfacet
  facet normal 0 0 -1
    outer loop
      vertex 4.5294 67.2494 0
      vertex 0 72.8284 0
      vertex 4.4732 67.4065 0
    endloop
  endfacet
  facet normal 0 0 -1
    outer loop
      vertex 0 1.17157 0
      vertex 4.40819 6.26663 0
      vertex 4.4 6.1 0
    endloop
  endfacet
  facet normal 0 0 -1
    outer loop
      vertex 4.4732 67.4065 0
      vertex 0 72.8284 0
      vertex 4.43266 67.5683 0
    endloop
  endfacet
  facet normal 0 0 -1
    outer loop
      vertex 77.5683 7.76733 0
      vertex 45.4831 36.6569 0
      vertex 45.5 37 0
    endloop
  endfacet
  facet normal 0 0 -1
    outer loop
      vertex 46.2221 18.1575 0
      vertex 45.4327 36.3172 0
      vertex 45.4831 36.6569 0
    endloop
  endfacet
  facet normal 0 0 -1
    outer loop
      vertex 43.6499 33.9133 0
      vertex 45.8063 18.3062 0
      vertex 45.3779 18.4135 0
    endloop
  endfacet
  facet normal 0 0 -1
    outer loop
      vertex 46.2221 18.1575 0
      vertex 45.3493 35.984 0
      vertex 45.4327 36.3172 0
    endloop
  endfacet
  facet normal 0 0 -1
    outer loop
      vertex 46.2221 18.1575 0
      vertex 45.2336 35.6606 0
      vertex 45.3493 35.984 0
    endloop
  endfacet
  facet normal 0 0 -1
    outer loop
      vertex 46.2221 18.1575 0
      vertex 45.0867 35.3501 0
      vertex 45.2336 35.6606 0
    endloop
  endfacet
  facet normal 0 0 -1
    outer loop
      vertex 43.3394 33.7664 0
      vertex 45.3779 18.4135 0
      vertex 44.9411 18.4783 0
    endloop
  endfacet
  facet normal 0 0 -1
    outer loop
      vertex 46.2221 18.1575 0
      vertex 44.9101 35.0555 0
      vertex 45.0867 35.3501 0
    endloop
  endfacet
  facet normal 0 0 -1
    outer loop
      vertex 46.2221 18.1575 0
      vertex 44.7055 34.7796 0
      vertex 44.9101 35.0555 0
    endloop
  endfacet
  facet normal 0 0 -1
    outer loop
      vertex 43.016 33.6507 0
      vertex 44.9411 18.4783 0
      vertex 44.5 18.5 0
    endloop
  endfacet
  facet normal 0 0 -1
    outer loop
      vertex 46.2221 18.1575 0
      vertex 44.4749 34.5251 0
      vertex 44.7055 34.7796 0
    endloop
  endfacet
  facet normal 0 0 -1
    outer loop
      vertex 46.2221 18.1575 0
      vertex 44.2204 34.2945 0
      vertex 44.4749 34.5251 0
    endloop
  endfacet
  facet normal 0 0 -1
    outer loop
      vertex 46.2221 18.1575 0
      vertex 43.9445 34.0899 0
      vertex 44.2204 34.2945 0
    endloop
  endfacet
  facet normal 0 0 -1
    outer loop
      vertex 45.8063 18.3062 0
      vertex 43.6499 33.9133 0
      vertex 43.9445 34.0899 0
    endloop
  endfacet
  facet normal 0 0 -1
    outer loop
      vertex 45.3779 18.4135 0
      vertex 43.3394 33.7664 0
      vertex 43.6499 33.9133 0
    endloop
  endfacet
  facet normal 0 0 -1
    outer loop
      vertex 44.9411 18.4783 0
      vertex 43.016 33.6507 0
      vertex 43.3394 33.7664 0
    endloop
  endfacet
  facet normal 0 0 -1
    outer loop
      vertex 44.5 18.5 0
      vertex 42.6828 33.5673 0
      vertex 43.016 33.6507 0
    endloop
  endfacet
  facet normal 0 0 -1
    outer loop
      vertex 44.5 18.5 0
      vertex 42.3431 33.5169 0
      vertex 42.6828 33.5673 0
    endloop
  endfacet
  facet normal 0 0 -1
    outer loop
      vertex 44.5 18.5 0
      vertex 42 33.5 0
      vertex 42.3431 33.5169 0
    endloop
  endfacet
  facet normal 0 0 -1
    outer loop
      vertex 39.5 18.5 0
      vertex 42 33.5 0
      vertex 44.5 18.5 0
    endloop
  endfacet
  facet normal -0 0 -1
    outer loop
      vertex 42 33.5 0
      vertex 39.5 18.5 0
      vertex 41.6569 33.5169 0
    endloop
  endfacet
  facet normal -0 0 -1
    outer loop
      vertex 41.6569 33.5169 0
      vertex 39.5 18.5 0
      vertex 41.3172 33.5673 0
    endloop
  endfacet
  facet normal -0 0 -1
    outer loop
      vertex 41.3172 33.5673 0
      vertex 39.5 18.5 0
      vertex 40.984 33.6507 0
    endloop
  endfacet
  facet normal 0 0 -1
    outer loop
      vertex 39.0589 18.4783 0
      vertex 40.984 33.6507 0
      vertex 39.5 18.5 0
    endloop
  endfacet
  facet normal -0 0 -1
    outer loop
      vertex 40.984 33.6507 0
      vertex 39.0589 18.4783 0
      vertex 40.6606 33.7664 0
    endloop
  endfacet
  facet normal 0 0 -1
    outer loop
      vertex 38.6221 18.4135 0
      vertex 40.6606 33.7664 0
      vertex 39.0589 18.4783 0
    endloop
  endfacet
  facet normal -0 0 -1
    outer loop
      vertex 40.6606 33.7664 0
      vertex 38.6221 18.4135 0
      vertex 40.3501 33.9133 0
    endloop
  endfacet
  facet normal 0 0 -1
    outer loop
      vertex 38.1937 18.3062 0
      vertex 40.3501 33.9133 0
      vertex 38.6221 18.4135 0
    endloop
  endfacet
  facet normal -0 0 -1
    outer loop
      vertex 40.3501 33.9133 0
      vertex 38.1937 18.3062 0
      vertex 40.0555 34.0899 0
    endloop
  endfacet
  facet normal 0 0 -1
    outer loop
      vertex 37.7779 18.1575 0
      vertex 40.0555 34.0899 0
      vertex 38.1937 18.3062 0
    endloop
  endfacet
  facet normal -0 0 -1
    outer loop
      vertex 40.0555 34.0899 0
      vertex 37.7779 18.1575 0
      vertex 39.7796 34.2945 0
    endloop
  endfacet
  facet normal 0 0 -1
    outer loop
      vertex 37.3787 17.9686 0
      vertex 39.7796 34.2945 0
      vertex 37.7779 18.1575 0
    endloop
  endfacet
  facet normal -0 0 -1
    outer loop
      vertex 39.7796 34.2945 0
      vertex 37.3787 17.9686 0
      vertex 39.5251 34.5251 0
    endloop
  endfacet
  facet normal 0 0 -1
    outer loop
      vertex 36.9999 17.7416 0
      vertex 39.5251 34.5251 0
      vertex 37.3787 17.9686 0
    endloop
  endfacet
  facet normal -0 0 -1
    outer loop
      vertex 39.5251 34.5251 0
      vertex 36.9999 17.7416 0
      vertex 39.2945 34.7796 0
    endloop
  endfacet
  facet normal 0 0 -1
    outer loop
      vertex 36.6452 17.4785 0
      vertex 39.2945 34.7796 0
      vertex 36.9999 17.7416 0
    endloop
  endfacet
  facet normal -0 0 -1
    outer loop
      vertex 39.2945 34.7796 0
      vertex 36.6452 17.4785 0
      vertex 39.0899 35.0555 0
    endloop
  endfacet
  facet normal 0 0 -1
    outer loop
      vertex 36.318 17.182 0
      vertex 39.0899 35.0555 0
      vertex 36.6452 17.4785 0
    endloop
  endfacet
  facet normal -0 0 -1
    outer loop
      vertex 39.0899 35.0555 0
      vertex 36.318 17.182 0
      vertex 38.9133 35.3501 0
    endloop
  endfacet
  facet normal 0 0 -1
    outer loop
      vertex 79.5268 6.59348 0
      vertex 84 1.17157 0
      vertex 79.5673 6.43165 0
    endloop
  endfacet
  facet normal 0 0 -1
    outer loop
      vertex 84 72.8284 0
      vertex 79.5918 67.7334 0
      vertex 79.6 67.9 0
    endloop
  endfacet
  facet normal 0 0 -1
    outer loop
      vertex 79.4706 6.75056 0
      vertex 84 1.17157 0
      vertex 79.5268 6.59348 0
    endloop
  endfacet
  facet normal 0 0 -1
    outer loop
      vertex 84 72.8284 0
      vertex 79.5673 67.5683 0
      vertex 79.5918 67.7334 0
    endloop
  endfacet
  facet normal 0 0 -1
    outer loop
      vertex 79.3993 6.90137 0
      vertex 84 1.17157 0
      vertex 79.4706 6.75056 0
    endloop
  endfacet
  facet normal 0 0 -1
    outer loop
      vertex 84 72.8284 0
      vertex 79.5268 67.4065 0
      vertex 79.5673 67.5683 0
    endloop
  endfacet
  facet normal 0 0 -1
    outer loop
      vertex 79.3135 7.04447 0
      vertex 84 1.17157 0
      vertex 79.3993 6.90137 0
    endloop
  endfacet
  facet normal 0 0 -1
    outer loop
      vertex 84 72.8284 0
      vertex 79.4706 67.2494 0
      vertex 79.5268 67.4065 0
    endloop
  endfacet
  facet normal 0 0 -1
    outer loop
      vertex 84 1.17157 0
      vertex 79.3135 7.04447 0
      vertex 84 72.8284 0
    endloop
  endfacet
  facet normal 0 0 -1
    outer loop
      vertex 84 72.8284 0
      vertex 79.3993 67.0986 0
      vertex 79.4706 67.2494 0
    endloop
  endfacet
  facet normal 0 0 -1
    outer loop
      vertex 79.3135 66.9555 0
      vertex 84 72.8284 0
      vertex 79.3135 7.04447 0
    endloop
  endfacet
  facet normal 0 0 -1
    outer loop
      vertex 84 72.8284 0
      vertex 79.3135 66.9555 0
      vertex 79.3993 67.0986 0
    endloop
  endfacet
  facet normal 0 0 -1
    outer loop
      vertex 79.2141 7.17847 0
      vertex 79.3135 66.9555 0
      vertex 79.3135 7.04447 0
    endloop
  endfacet
  facet normal 0 0 -1
    outer loop
      vertex 79.2141 7.17847 0
      vertex 79.2141 66.8215 0
      vertex 79.3135 66.9555 0
    endloop
  endfacet
  facet normal 0 0 -1
    outer loop
      vertex 79.1021 7.30208 0
      vertex 79.2141 66.8215 0
      vertex 79.2141 7.17847 0
    endloop
  endfacet
  facet normal 0 0 -1
    outer loop
      vertex 79.1021 7.30208 0
      vertex 79.1021 66.6979 0
      vertex 79.2141 66.8215 0
    endloop
  endfacet
  facet normal 0 0 -1
    outer loop
      vertex 78.9785 7.41412 0
      vertex 79.1021 66.6979 0
      vertex 79.1021 7.30208 0
    endloop
  endfacet
  facet normal 0 0 -1
    outer loop
      vertex 78.9785 7.41412 0
      vertex 78.9785 66.5859 0
      vertex 79.1021 66.6979 0
    endloop
  endfacet
  facet normal 0 0 -1
    outer loop
      vertex 78.8445 7.5135 0
      vertex 78.9785 66.5859 0
      vertex 78.9785 7.41412 0
    endloop
  endfacet
  facet normal 0 0 -1
    outer loop
      vertex 78.8445 7.5135 0
      vertex 78.8445 66.4865 0
      vertex 78.9785 66.5859 0
    endloop
  endfacet
  facet normal 0 0 -1
    outer loop
      vertex 78.7014 7.59927 0
      vertex 78.8445 66.4865 0
      vertex 78.8445 7.5135 0
    endloop
  endfacet
  facet normal 0 0 -1
    outer loop
      vertex 78.7014 7.59927 0
      vertex 78.7014 66.4007 0
      vertex 78.8445 66.4865 0
    endloop
  endfacet
  facet normal 0 0 -1
    outer loop
      vertex 78.5506 7.6706 0
      vertex 78.7014 66.4007 0
      vertex 78.7014 7.59927 0
    endloop
  endfacet
  facet normal 0 0 -1
    outer loop
      vertex 78.5506 7.6706 0
      vertex 78.5506 66.3294 0
      vertex 78.7014 66.4007 0
    endloop
  endfacet
  facet normal 0 0 -1
    outer loop
      vertex 78.3935 7.7268 0
      vertex 78.5506 66.3294 0
      vertex 78.5506 7.6706 0
    endloop
  endfacet
  facet normal 0 0 -1
    outer loop
      vertex 78.3935 7.7268 0
      vertex 78.3935 66.2732 0
      vertex 78.5506 66.3294 0
    endloop
  endfacet
  facet normal 0 0 -1
    outer loop
      vertex 78.2317 7.76733 0
      vertex 78.3935 66.2732 0
      vertex 78.3935 7.7268 0
    endloop
  endfacet
  facet normal 0 0 -1
    outer loop
      vertex 78.2317 7.76733 0
      vertex 78.2317 66.2327 0
      vertex 78.3935 66.2732 0
    endloop
  endfacet
  facet normal 0 0 -1
    outer loop
      vertex 78.0666 7.79181 0
      vertex 78.2317 66.2327 0
      vertex 78.2317 7.76733 0
    endloop
  endfacet
  facet normal 0 0 -1
    outer loop
      vertex 78.0666 7.79181 0
      vertex 78.0666 66.2082 0
      vertex 78.2317 66.2327 0
    endloop
  endfacet
  facet normal 0 0 -1
    outer loop
      vertex 77.9 7.8 0
      vertex 78.0666 66.2082 0
      vertex 78.0666 7.79181 0
    endloop
  endfacet
  facet normal 0 0 -1
    outer loop
      vertex 77.9 7.8 0
      vertex 77.9 66.2 0
      vertex 78.0666 66.2082 0
    endloop
  endfacet
  facet normal 0 0 -1
    outer loop
      vertex 77.7334 7.79181 0
      vertex 77.9 66.2 0
      vertex 77.9 7.8 0
    endloop
  endfacet
  facet normal 0 0 -1
    outer loop
      vertex 77.7334 7.79181 0
      vertex 77.7334 66.2082 0
      vertex 77.9 66.2 0
    endloop
  endfacet
  facet normal 0 0 -1
    outer loop
      vertex 45.5 37 0
      vertex 77.7334 7.79181 0
      vertex 77.5683 7.76733 0
    endloop
  endfacet
  facet normal 0 0 -1
    outer loop
      vertex 77.7334 7.79181 0
      vertex 45.5 37 0
      vertex 77.7334 66.2082 0
    endloop
  endfacet
  facet normal 0 0 -1
    outer loop
      vertex 45.4831 36.6569 0
      vertex 77.5683 7.76733 0
      vertex 77.4065 7.7268 0
    endloop
  endfacet
  facet normal -0 0 -1
    outer loop
      vertex 77.7334 66.2082 0
      vertex 45.5 37 0
      vertex 77.5683 66.2327 0
    endloop
  endfacet
  facet normal 0 0 -1
    outer loop
      vertex 45.4831 36.6569 0
      vertex 77.4065 7.7268 0
      vertex 77.2494 7.6706 0
    endloop
  endfacet
  facet normal 0 0 -1
    outer loop
      vertex 45.4831 37.3431 0
      vertex 77.5683 66.2327 0
      vertex 45.5 37 0
    endloop
  endfacet
  facet normal 0 0 -1
    outer loop
      vertex 48.2416 16.5001 0
      vertex 77.2494 7.6706 0
      vertex 77.0986 7.59927 0
    endloop
  endfacet
  facet normal -0 0 -1
    outer loop
      vertex 77.5683 66.2327 0
      vertex 45.4831 37.3431 0
      vertex 77.4065 66.2732 0
    endloop
  endfacet
  facet normal 0 0 -1
    outer loop
      vertex 48.4686 16.1213 0
      vertex 77.0986 7.59927 0
      vertex 76.9555 7.5135 0
    endloop
  endfacet
  facet normal 0 0 -1
    outer loop
      vertex 45.4327 37.6828 0
      vertex 77.4065 66.2732 0
      vertex 45.4831 37.3431 0
    endloop
  endfacet
  facet normal 0 0 -1
    outer loop
      vertex 48.6575 15.7221 0
      vertex 76.9555 7.5135 0
      vertex 76.8215 7.41412 0
    endloop
  endfacet
  facet normal -0 0 -1
    outer loop
      vertex 77.4065 66.2732 0
      vertex 45.4327 37.6828 0
      vertex 77.2494 66.3294 0
    endloop
  endfacet
  facet normal 0 0 -1
    outer loop
      vertex 48.8062 15.3063 0
      vertex 76.8215 7.41412 0
      vertex 76.6979 7.30208 0
    endloop
  endfacet
  facet normal 0 0 -1
    outer loop
      vertex 45.3493 38.016 0
      vertex 77.2494 66.3294 0
      vertex 45.4327 37.6828 0
    endloop
  endfacet
  facet normal 0 0 -1
    outer loop
      vertex 48.9135 14.8779 0
      vertex 76.6979 7.30208 0
      vertex 76.5859 7.17847 0
    endloop
  endfacet
  facet normal -0 0 -1
    outer loop
      vertex 77.2494 66.3294 0
      vertex 45.3493 38.016 0
      vertex 77.0986 66.4007 0
    endloop
  endfacet
  facet normal 0 0 -1
    outer loop
      vertex 48.9783 14.4411 0
      vertex 76.5859 7.17847 0
      vertex 76.4865 7.04447 0
    endloop
  endfacet
  facet normal 0 0 -1
    outer loop
      vertex 45.2336 38.3394 0
      vertex 77.0986 66.4007 0
      vertex 45.3493 38.016 0
    endloop
  endfacet
  facet normal 0 0 -1
    outer loop
      vertex 49 14 0
      vertex 76.4865 7.04447 0
      vertex 76.4007 6.90137 0
    endloop
  endfacet
  facet normal -0 0 -1
    outer loop
      vertex 77.0986 66.4007 0
      vertex 45.2336 38.3394 0
      vertex 76.9555 66.4865 0
    endloop
  endfacet
  facet normal 0 0 -1
    outer loop
      vertex 49 14 0
      vertex 76.4007 6.90137 0
      vertex 76.3294 6.75056 0
    endloop
  endfacet
  facet normal 0 0 -1
    outer loop
      vertex 45.0867 38.6499 0
      vertex 76.9555 66.4865 0
      vertex 45.2336 38.3394 0
    endloop
  endfacet
  facet normal 0 0 -1
    outer loop
      vertex 48.9783 13.5589 0
      vertex 76.3294 6.75056 0
      vertex 76.2732 6.59348 0
    endloop
  endfacet
  facet normal -0 0 -1
    outer loop
      vertex 76.9555 66.4865 0
      vertex 45.0867 38.6499 0
      vertex 76.8215 66.5859 0
    endloop
  endfacet
  facet normal 0 0 -1
    outer loop
      vertex 48.9135 13.1221 0
      vertex 76.2732 6.59348 0
      vertex 76.2327 6.43165 0
    endloop
  endfacet
  facet normal 0 0 -1
    outer loop
      vertex 44.9101 38.9445 0
      vertex 76.8215 66.5859 0
      vertex 45.0867 38.6499 0
    endloop
  endfacet
  facet normal 0 0 -1
    outer loop
      vertex 48.8062 12.6937 0
      vertex 76.2327 6.43165 0
      vertex 76.2082 6.26663 0
    endloop
  endfacet
  facet normal -0 0 -1
    outer loop
      vertex 76.8215 66.5859 0
      vertex 44.9101 38.9445 0
      vertex 76.6979 66.6979 0
    endloop
  endfacet
  facet normal 0 0 -1
    outer loop
      vertex 48.6575 12.2779 0
      vertex 76.2082 6.26663 0
      vertex 76.2 6.1 0
    endloop
  endfacet
  facet normal 0 0 -1
    outer loop
      vertex 44.7055 39.2204 0
      vertex 76.6979 66.6979 0
      vertex 44.9101 38.9445 0
    endloop
  endfacet
  facet normal 0 0 -1
    outer loop
      vertex 79.1021 4.89792 0
      vertex 84 1.17157 0
      vertex 82.8284 0 0
    endloop
  endfacet
  facet normal 0 0 -1
    outer loop
      vertex 79.5918 6.26663 0
      vertex 84 1.17157 0
      vertex 79.6 6.1 0
    endloop
  endfacet
  facet normal 0 0 -1
    outer loop
      vertex 79.5673 6.43165 0
      vertex 84 1.17157 0
      vertex 79.5918 6.26663 0
    endloop
  endfacet
  facet normal 0 0 -1
    outer loop
      vertex 84 1.17157 0
      vertex 79.5918 5.93337 0
      vertex 79.6 6.1 0
    endloop
  endfacet
  facet normal 0 0 -1
    outer loop
      vertex 84 1.17157 0
      vertex 79.5673 5.76835 0
      vertex 79.5918 5.93337 0
    endloop
  endfacet
  facet normal 0 0 -1
    outer loop
      vertex 84 1.17157 0
      vertex 79.5268 5.60652 0
      vertex 79.5673 5.76835 0
    endloop
  endfacet
  facet normal 0 0 -1
    outer loop
      vertex 84 1.17157 0
      vertex 79.4706 5.44944 0
      vertex 79.5268 5.60652 0
    endloop
  endfacet
  facet normal 0 0 -1
    outer loop
      vertex 84 1.17157 0
      vertex 79.3993 5.29862 0
      vertex 79.4706 5.44944 0
    endloop
  endfacet
  facet normal 0 0 -1
    outer loop
      vertex 84 1.17157 0
      vertex 79.3135 5.15553 0
      vertex 79.3993 5.29862 0
    endloop
  endfacet
  facet normal 0 0 -1
    outer loop
      vertex 84 1.17157 0
      vertex 79.2141 5.02153 0
      vertex 79.3135 5.15553 0
    endloop
  endfacet
  facet normal 0 0 -1
    outer loop
      vertex 84 1.17157 0
      vertex 79.1021 4.89792 0
      vertex 79.2141 5.02153 0
    endloop
  endfacet
  facet normal 0 0 -1
    outer loop
      vertex 82.8284 0 0
      vertex 78.9785 4.78588 0
      vertex 79.1021 4.89792 0
    endloop
  endfacet
  facet normal 0 0 -1
    outer loop
      vertex 82.8284 0 0
      vertex 78.8445 4.6865 0
      vertex 78.9785 4.78588 0
    endloop
  endfacet
  facet normal 0 0 -1
    outer loop
      vertex 82.8284 0 0
      vertex 78.7014 4.60073 0
      vertex 78.8445 4.6865 0
    endloop
  endfacet
  facet normal 0 0 -1
    outer loop
      vertex 82.8284 0 0
      vertex 78.5506 4.5294 0
      vertex 78.7014 4.60073 0
    endloop
  endfacet
  facet normal 0 0 -1
    outer loop
      vertex 82.8284 0 0
      vertex 78.3935 4.4732 0
      vertex 78.5506 4.5294 0
    endloop
  endfacet
  facet normal 0 0 -1
    outer loop
      vertex 82.8284 0 0
      vertex 78.2317 4.43266 0
      vertex 78.3935 4.4732 0
    endloop
  endfacet
  facet normal 0 0 -1
    outer loop
      vertex 82.8284 0 0
      vertex 78.0666 4.40819 0
      vertex 78.2317 4.43266 0
    endloop
  endfacet
  facet normal 0 0 -1
    outer loop
      vertex 82.8284 0 0
      vertex 77.9 4.4 0
      vertex 78.0666 4.40819 0
    endloop
  endfacet
  facet normal 0 0 -1
    outer loop
      vertex 82.8284 0 0
      vertex 77.7334 4.40819 0
      vertex 77.9 4.4 0
    endloop
  endfacet
  facet normal 0 0 -1
    outer loop
      vertex 82.8284 0 0
      vertex 77.5683 4.43266 0
      vertex 77.7334 4.40819 0
    endloop
  endfacet
  facet normal 0 0 -1
    outer loop
      vertex 82.8284 0 0
      vertex 77.4065 4.4732 0
      vertex 77.5683 4.43266 0
    endloop
  endfacet
  facet normal 0 0 -1
    outer loop
      vertex 82.8284 0 0
      vertex 77.2494 4.5294 0
      vertex 77.4065 4.4732 0
    endloop
  endfacet
  facet normal 0 0 -1
    outer loop
      vertex 82.8284 0 0
      vertex 77.0986 4.60073 0
      vertex 77.2494 4.5294 0
    endloop
  endfacet
  facet normal 0 0 -1
    outer loop
      vertex 82.8284 0 0
      vertex 76.9555 4.6865 0
      vertex 77.0986 4.60073 0
    endloop
  endfacet
  facet normal 0 0 -1
    outer loop
      vertex 45.8063 9.69377 0
      vertex 76.9555 4.6865 0
      vertex 82.8284 0 0
    endloop
  endfacet
  facet normal 0 0 -1
    outer loop
      vertex 76.4865 7.04447 0
      vertex 49 14 0
      vertex 48.9783 14.4411 0
    endloop
  endfacet
  facet normal 0 0 -1
    outer loop
      vertex 48.4686 11.8787 0
      vertex 76.2 6.1 0
      vertex 76.2082 5.93337 0
    endloop
  endfacet
  facet normal 0 0 -1
    outer loop
      vertex 48.2416 11.4999 0
      vertex 76.2082 5.93337 0
      vertex 76.2327 5.76835 0
    endloop
  endfacet
  facet normal 0 0 -1
    outer loop
      vertex 48.2416 11.4999 0
      vertex 76.2327 5.76835 0
      vertex 76.2732 5.60652 0
    endloop
  endfacet
  facet normal 0 0 -1
    outer loop
      vertex 47.9785 11.1452 0
      vertex 76.2732 5.60652 0
      vertex 76.3294 5.44944 0
    endloop
  endfacet
  facet normal 0 0 -1
    outer loop
      vertex 47.682 10.818 0
      vertex 76.3294 5.44944 0
      vertex 76.4007 5.29862 0
    endloop
  endfacet
  facet normal 0 0 -1
    outer loop
      vertex 47.3548 10.5215 0
      vertex 76.4007 5.29862 0
      vertex 76.4865 5.15553 0
    endloop
  endfacet
  facet normal 0 0 -1
    outer loop
      vertex 47.0001 10.2584 0
      vertex 76.4865 5.15553 0
      vertex 76.5859 5.02153 0
    endloop
  endfacet
  facet normal 0 0 -1
    outer loop
      vertex 46.6213 10.0314 0
      vertex 76.5859 5.02153 0
      vertex 76.6979 4.89792 0
    endloop
  endfacet
  facet normal 0 0 -1
    outer loop
      vertex 46.2221 9.84254 0
      vertex 76.6979 4.89792 0
      vertex 76.8215 4.78588 0
    endloop
  endfacet
  facet normal 0 0 -1
    outer loop
      vertex 76.9555 4.6865 0
      vertex 45.8063 9.69377 0
      vertex 76.8215 4.78588 0
    endloop
  endfacet
  facet normal 0 0 -1
    outer loop
      vertex 76.3294 6.75056 0
      vertex 48.9783 13.5589 0
      vertex 49 14 0
    endloop
  endfacet
  facet normal 0 0 -1
    outer loop
      vertex 76.2732 6.59348 0
      vertex 48.9135 13.1221 0
      vertex 48.9783 13.5589 0
    endloop
  endfacet
  facet normal 0 0 -1
    outer loop
      vertex 76.2327 6.43165 0
      vertex 48.8062 12.6937 0
      vertex 48.9135 13.1221 0
    endloop
  endfacet
  facet normal 0 0 -1
    outer loop
      vertex 76.2082 6.26663 0
      vertex 48.6575 12.2779 0
      vertex 48.8062 12.6937 0
    endloop
  endfacet
  facet normal 0 0 -1
    outer loop
      vertex 76.2 6.1 0
      vertex 48.4686 11.8787 0
      vertex 48.6575 12.2779 0
    endloop
  endfacet
  facet normal 0 0 -1
    outer loop
      vertex 76.2082 5.93337 0
      vertex 48.2416 11.4999 0
      vertex 48.4686 11.8787 0
    endloop
  endfacet
  facet normal 0 0 -1
    outer loop
      vertex 76.2732 5.60652 0
      vertex 47.9785 11.1452 0
      vertex 48.2416 11.4999 0
    endloop
  endfacet
  facet normal 0 0 -1
    outer loop
      vertex 76.3294 5.44944 0
      vertex 47.682 10.818 0
      vertex 47.9785 11.1452 0
    endloop
  endfacet
  facet normal 0 0 -1
    outer loop
      vertex 76.4007 5.29862 0
      vertex 47.3548 10.5215 0
      vertex 47.682 10.818 0
    endloop
  endfacet
  facet normal 0 0 -1
    outer loop
      vertex 76.4865 5.15553 0
      vertex 47.0001 10.2584 0
      vertex 47.3548 10.5215 0
    endloop
  endfacet
  facet normal 0 0 -1
    outer loop
      vertex 76.5859 5.02153 0
      vertex 46.6213 10.0314 0
      vertex 47.0001 10.2584 0
    endloop
  endfacet
  facet normal 0 0 -1
    outer loop
      vertex 76.6979 4.89792 0
      vertex 46.2221 9.84254 0
      vertex 46.6213 10.0314 0
    endloop
  endfacet
  facet normal 0 0 -1
    outer loop
      vertex 76.8215 4.78588 0
      vertex 45.8063 9.69377 0
      vertex 46.2221 9.84254 0
    endloop
  endfacet
  facet normal 0 0 -1
    outer loop
      vertex 82.8284 0 0
      vertex 45.3779 9.58647 0
      vertex 45.8063 9.69377 0
    endloop
  endfacet
  facet normal 0 0 -1
    outer loop
      vertex 82.8284 0 0
      vertex 44.9411 9.52168 0
      vertex 45.3779 9.58647 0
    endloop
  endfacet
  facet normal 0 0 -1
    outer loop
      vertex 82.8284 0 0
      vertex 44.5 9.5 0
      vertex 44.9411 9.52168 0
    endloop
  endfacet
  facet normal 0 0 -1
    outer loop
      vertex 82.8284 0 0
      vertex 39.5 9.5 0
      vertex 44.5 9.5 0
    endloop
  endfacet
  facet normal 0 0 -1
    outer loop
      vertex 1.17157 0 0
      vertex 39.5 9.5 0
      vertex 82.8284 0 0
    endloop
  endfacet
  facet normal -0 0 -1
    outer loop
      vertex 39.5 9.5 0
      vertex 1.17157 0 0
      vertex 39.0589 9.52168 0
    endloop
  endfacet
  facet normal -0 0 -1
    outer loop
      vertex 35.1938 12.6937 0
      vertex 7.76733 6.43165 0
      vertex 35.0865 13.1221 0
    endloop
  endfacet
  facet normal 0 0 -1
    outer loop
      vertex 7.76733 6.43165 0
      vertex 35.1938 12.6937 0
      vertex 7.79181 6.26663 0
    endloop
  endfacet
  facet normal -0 0 -1
    outer loop
      vertex 35.3425 12.2779 0
      vertex 7.79181 6.26663 0
      vertex 35.1938 12.6937 0
    endloop
  endfacet
  facet normal 0 0 -1
    outer loop
      vertex 7.79181 6.26663 0
      vertex 35.3425 12.2779 0
      vertex 7.8 6.1 0
    endloop
  endfacet
  facet normal -0 0 -1
    outer loop
      vertex 35.5314 11.8787 0
      vertex 7.8 6.1 0
      vertex 35.3425 12.2779 0
    endloop
  endfacet
  facet normal 0 0 -1
    outer loop
      vertex 7.79181 5.93337 0
      vertex 35.5314 11.8787 0
      vertex 35.7584 11.4999 0
    endloop
  endfacet
  facet normal 0 0 -1
    outer loop
      vertex 7.76733 5.76835 0
      vertex 35.7584 11.4999 0
      vertex 36.0215 11.1452 0
    endloop
  endfacet
  facet normal 0 0 -1
    outer loop
      vertex 7.6706 5.44944 0
      vertex 36.0215 11.1452 0
      vertex 36.318 10.818 0
    endloop
  endfacet
  facet normal 0 0 -1
    outer loop
      vertex 7.59927 5.29862 0
      vertex 36.318 10.818 0
      vertex 36.6452 10.5215 0
    endloop
  endfacet
  facet normal 0 0 -1
    outer loop
      vertex 7.5135 5.15553 0
      vertex 36.6452 10.5215 0
      vertex 36.9999 10.2584 0
    endloop
  endfacet
  facet normal 0 0 -1
    outer loop
      vertex 7.41412 5.02153 0
      vertex 36.9999 10.2584 0
      vertex 37.3787 10.0314 0
    endloop
  endfacet
  facet normal 0 0 -1
    outer loop
      vertex 7.30208 4.89792 0
      vertex 37.3787 10.0314 0
      vertex 37.7779 9.84254 0
    endloop
  endfacet
  facet normal 0 0 -1
    outer loop
      vertex 7.17847 4.78588 0
      vertex 37.7779 9.84254 0
      vertex 38.1937 9.69377 0
    endloop
  endfacet
  facet normal 0 0 -1
    outer loop
      vertex 1.17157 0 0
      vertex 38.1937 9.69377 0
      vertex 38.6221 9.58647 0
    endloop
  endfacet
  facet normal -0 0 -1
    outer loop
      vertex 39.0589 9.52168 0
      vertex 1.17157 0 0
      vertex 38.6221 9.58647 0
    endloop
  endfacet
  facet normal 0 0 -1
    outer loop
      vertex 35.5314 11.8787 0
      vertex 7.79181 5.93337 0
      vertex 7.8 6.1 0
    endloop
  endfacet
  facet normal 0 0 -1
    outer loop
      vertex 35.7584 11.4999 0
      vertex 7.76733 5.76835 0
      vertex 7.79181 5.93337 0
    endloop
  endfacet
  facet normal 0 0 -1
    outer loop
      vertex 36.0215 11.1452 0
      vertex 7.7268 5.60652 0
      vertex 7.76733 5.76835 0
    endloop
  endfacet
  facet normal 0 0 -1
    outer loop
      vertex 36.0215 11.1452 0
      vertex 7.6706 5.44944 0
      vertex 7.7268 5.60652 0
    endloop
  endfacet
  facet normal 0 0 -1
    outer loop
      vertex 36.318 10.818 0
      vertex 7.59927 5.29862 0
      vertex 7.6706 5.44944 0
    endloop
  endfacet
  facet normal 0 0 -1
    outer loop
      vertex 36.6452 10.5215 0
      vertex 7.5135 5.15553 0
      vertex 7.59927 5.29862 0
    endloop
  endfacet
  facet normal 0 0 -1
    outer loop
      vertex 36.9999 10.2584 0
      vertex 7.41412 5.02153 0
      vertex 7.5135 5.15553 0
    endloop
  endfacet
  facet normal 0 0 -1
    outer loop
      vertex 37.3787 10.0314 0
      vertex 7.30208 4.89792 0
      vertex 7.41412 5.02153 0
    endloop
  endfacet
  facet normal 0 0 -1
    outer loop
      vertex 37.7779 9.84254 0
      vertex 7.17847 4.78588 0
      vertex 7.30208 4.89792 0
    endloop
  endfacet
  facet normal 0 0 -1
    outer loop
      vertex 38.1937 9.69377 0
      vertex 7.04447 4.6865 0
      vertex 7.17847 4.78588 0
    endloop
  endfacet
  facet normal 0 0 -1
    outer loop
      vertex 38.1937 9.69377 0
      vertex 1.17157 0 0
      vertex 7.04447 4.6865 0
    endloop
  endfacet
  facet normal 0 0 -1
    outer loop
      vertex 7.04447 4.6865 0
      vertex 1.17157 0 0
      vertex 6.90137 4.60073 0
    endloop
  endfacet
  facet normal 0 0 -1
    outer loop
      vertex 6.90137 4.60073 0
      vertex 1.17157 0 0
      vertex 6.75056 4.5294 0
    endloop
  endfacet
  facet normal 0 0 -1
    outer loop
      vertex 6.75056 4.5294 0
      vertex 1.17157 0 0
      vertex 6.59348 4.4732 0
    endloop
  endfacet
  facet normal 0 0 -1
    outer loop
      vertex 6.59348 4.4732 0
      vertex 1.17157 0 0
      vertex 6.43165 4.43266 0
    endloop
  endfacet
  facet normal 0 0 -1
    outer loop
      vertex 6.43165 4.43266 0
      vertex 1.17157 0 0
      vertex 6.26663 4.40819 0
    endloop
  endfacet
  facet normal 0 0 -1
    outer loop
      vertex 6.26663 4.40819 0
      vertex 1.17157 0 0
      vertex 6.1 4.4 0
    endloop
  endfacet
  facet normal -0 0 -1
    outer loop
      vertex 4.40819 5.93337 0
      vertex 0 1.17157 0
      vertex 4.4 6.1 0
    endloop
  endfacet
  facet normal -0 0 -1
    outer loop
      vertex 4.43266 5.76835 0
      vertex 0 1.17157 0
      vertex 4.40819 5.93337 0
    endloop
  endfacet
  facet normal -0 0 -1
    outer loop
      vertex 4.4732 5.60652 0
      vertex 0 1.17157 0
      vertex 4.43266 5.76835 0
    endloop
  endfacet
  facet normal -0 0 -1
    outer loop
      vertex 4.5294 5.44944 0
      vertex 0 1.17157 0
      vertex 4.4732 5.60652 0
    endloop
  endfacet
  facet normal -0 0 -1
    outer loop
      vertex 4.60073 5.29862 0
      vertex 0 1.17157 0
      vertex 4.5294 5.44944 0
    endloop
  endfacet
  facet normal -0 0 -1
    outer loop
      vertex 4.6865 5.15553 0
      vertex 0 1.17157 0
      vertex 4.60073 5.29862 0
    endloop
  endfacet
  facet normal -0 0 -1
    outer loop
      vertex 4.78588 5.02153 0
      vertex 0 1.17157 0
      vertex 4.6865 5.15553 0
    endloop
  endfacet
  facet normal -0 0 -1
    outer loop
      vertex 4.89792 4.89792 0
      vertex 0 1.17157 0
      vertex 4.78588 5.02153 0
    endloop
  endfacet
  facet normal 0 0 -1
    outer loop
      vertex 0 1.17157 0
      vertex 4.89792 4.89792 0
      vertex 1.17157 0 0
    endloop
  endfacet
  facet normal -0 0 -1
    outer loop
      vertex 5.02153 4.78588 0
      vertex 1.17157 0 0
      vertex 4.89792 4.89792 0
    endloop
  endfacet
  facet normal -0 0 -1
    outer loop
      vertex 5.15553 4.6865 0
      vertex 1.17157 0 0
      vertex 5.02153 4.78588 0
    endloop
  endfacet
  facet normal -0 0 -1
    outer loop
      vertex 5.29862 4.60073 0
      vertex 1.17157 0 0
      vertex 5.15553 4.6865 0
    endloop
  endfacet
  facet normal -0 0 -1
    outer loop
      vertex 5.44944 4.5294 0
      vertex 1.17157 0 0
      vertex 5.29862 4.60073 0
    endloop
  endfacet
  facet normal -0 0 -1
    outer loop
      vertex 5.60652 4.4732 0
      vertex 1.17157 0 0
      vertex 5.44944 4.5294 0
    endloop
  endfacet
  facet normal -0 0 -1
    outer loop
      vertex 5.76835 4.43266 0
      vertex 1.17157 0 0
      vertex 5.60652 4.4732 0
    endloop
  endfacet
  facet normal -0 0 -1
    outer loop
      vertex 5.93337 4.40819 0
      vertex 1.17157 0 0
      vertex 5.76835 4.43266 0
    endloop
  endfacet
  facet normal -0 0 -1
    outer loop
      vertex 6.1 4.4 0
      vertex 1.17157 0 0
      vertex 5.93337 4.40819 0
    endloop
  endfacet
  facet normal 0 0 -1
    outer loop
      vertex 79.5918 68.0666 0
      vertex 84 72.8284 0
      vertex 79.6 67.9 0
    endloop
  endfacet
  facet normal 0 0 -1
    outer loop
      vertex 79.5673 68.2317 0
      vertex 84 72.8284 0
      vertex 79.5918 68.0666 0
    endloop
  endfacet
  facet normal 0 0 -1
    outer loop
      vertex 79.5268 68.3935 0
      vertex 84 72.8284 0
      vertex 79.5673 68.2317 0
    endloop
  endfacet
  facet normal 0 0 -1
    outer loop
      vertex 79.4706 68.5506 0
      vertex 84 72.8284 0
      vertex 79.5268 68.3935 0
    endloop
  endfacet
  facet normal 0 0 -1
    outer loop
      vertex 79.3993 68.7014 0
      vertex 84 72.8284 0
      vertex 79.4706 68.5506 0
    endloop
  endfacet
  facet normal 0 0 -1
    outer loop
      vertex 79.3135 68.8445 0
      vertex 84 72.8284 0
      vertex 79.3993 68.7014 0
    endloop
  endfacet
  facet normal 0 0 -1
    outer loop
      vertex 79.2141 68.9785 0
      vertex 84 72.8284 0
      vertex 79.3135 68.8445 0
    endloop
  endfacet
  facet normal 0 0 -1
    outer loop
      vertex 79.1021 69.1021 0
      vertex 84 72.8284 0
      vertex 79.2141 68.9785 0
    endloop
  endfacet
  facet normal -0 0 -1
    outer loop
      vertex 84 72.8284 0
      vertex 79.1021 69.1021 0
      vertex 82.8284 74 0
    endloop
  endfacet
  facet normal 0 0 -1
    outer loop
      vertex 78.9785 69.2141 0
      vertex 82.8284 74 0
      vertex 79.1021 69.1021 0
    endloop
  endfacet
  facet normal 0 0 -1
    outer loop
      vertex 78.8445 69.3135 0
      vertex 82.8284 74 0
      vertex 78.9785 69.2141 0
    endloop
  endfacet
  facet normal 0 0 -1
    outer loop
      vertex 78.7014 69.3993 0
      vertex 82.8284 74 0
      vertex 78.8445 69.3135 0
    endloop
  endfacet
  facet normal 0 0 -1
    outer loop
      vertex 78.5506 69.4706 0
      vertex 82.8284 74 0
      vertex 78.7014 69.3993 0
    endloop
  endfacet
  facet normal 0 0 -1
    outer loop
      vertex 78.3935 69.5268 0
      vertex 82.8284 74 0
      vertex 78.5506 69.4706 0
    endloop
  endfacet
  facet normal 0 0 -1
    outer loop
      vertex 78.2317 69.5673 0
      vertex 82.8284 74 0
      vertex 78.3935 69.5268 0
    endloop
  endfacet
  facet normal 0 0 -1
    outer loop
      vertex 78.0666 69.5918 0
      vertex 82.8284 74 0
      vertex 78.2317 69.5673 0
    endloop
  endfacet
  facet normal 0 0 -1
    outer loop
      vertex 77.9 69.6 0
      vertex 82.8284 74 0
      vertex 78.0666 69.5918 0
    endloop
  endfacet
  facet normal 0 0 -1
    outer loop
      vertex 77.7334 69.5918 0
      vertex 82.8284 74 0
      vertex 77.9 69.6 0
    endloop
  endfacet
  facet normal 0 0 -1
    outer loop
      vertex 77.5683 69.5673 0
      vertex 82.8284 74 0
      vertex 77.7334 69.5918 0
    endloop
  endfacet
  facet normal 0 0 -1
    outer loop
      vertex 77.4065 69.5268 0
      vertex 82.8284 74 0
      vertex 77.5683 69.5673 0
    endloop
  endfacet
  facet normal 0 0 -1
    outer loop
      vertex 77.2494 69.4706 0
      vertex 82.8284 74 0
      vertex 77.4065 69.5268 0
    endloop
  endfacet
  facet normal 0 0 -1
    outer loop
      vertex 77.0986 69.3993 0
      vertex 82.8284 74 0
      vertex 77.2494 69.4706 0
    endloop
  endfacet
  facet normal 0 0 -1
    outer loop
      vertex 76.9555 69.3135 0
      vertex 82.8284 74 0
      vertex 77.0986 69.3993 0
    endloop
  endfacet
  facet normal 0 0 -1
    outer loop
      vertex 7.04447 69.3135 0
      vertex 76.9555 69.3135 0
      vertex 76.8215 69.2141 0
    endloop
  endfacet
  facet normal 0 0 -1
    outer loop
      vertex 76.5859 7.17847 0
      vertex 48.9783 14.4411 0
      vertex 48.9135 14.8779 0
    endloop
  endfacet
  facet normal 0 0 -1
    outer loop
      vertex 76.6979 7.30208 0
      vertex 48.9135 14.8779 0
      vertex 48.8062 15.3063 0
    endloop
  endfacet
  facet normal 0 0 -1
    outer loop
      vertex 76.8215 7.41412 0
      vertex 48.8062 15.3063 0
      vertex 48.6575 15.7221 0
    endloop
  endfacet
  facet normal 0 0 -1
    outer loop
      vertex 76.9555 7.5135 0
      vertex 48.6575 15.7221 0
      vertex 48.4686 16.1213 0
    endloop
  endfacet
  facet normal -0 0 -1
    outer loop
      vertex 76.6979 66.6979 0
      vertex 44.7055 39.2204 0
      vertex 76.5859 66.8215 0
    endloop
  endfacet
  facet normal 0 0 -1
    outer loop
      vertex 44.4749 39.4749 0
      vertex 76.5859 66.8215 0
      vertex 44.7055 39.2204 0
    endloop
  endfacet
  facet normal -0 0 -1
    outer loop
      vertex 76.5859 66.8215 0
      vertex 44.4749 39.4749 0
      vertex 76.4865 66.9555 0
    endloop
  endfacet
  facet normal 0 0 -1
    outer loop
      vertex 44.2204 39.7055 0
      vertex 76.4865 66.9555 0
      vertex 44.4749 39.4749 0
    endloop
  endfacet
  facet normal -0 0 -1
    outer loop
      vertex 76.4865 66.9555 0
      vertex 44.2204 39.7055 0
      vertex 76.4007 67.0986 0
    endloop
  endfacet
  facet normal 0 0 -1
    outer loop
      vertex 77.0986 7.59927 0
      vertex 48.4686 16.1213 0
      vertex 48.2416 16.5001 0
    endloop
  endfacet
  facet normal 0 0 -1
    outer loop
      vertex 45.4831 36.6569 0
      vertex 77.2494 7.6706 0
      vertex 48.2416 16.5001 0
    endloop
  endfacet
  facet normal 0 0 -1
    outer loop
      vertex 45.4831 36.6569 0
      vertex 48.2416 16.5001 0
      vertex 47.9785 16.8548 0
    endloop
  endfacet
  facet normal 0 0 -1
    outer loop
      vertex 45.4831 36.6569 0
      vertex 47.9785 16.8548 0
      vertex 47.682 17.182 0
    endloop
  endfacet
  facet normal 0 0 -1
    outer loop
      vertex 45.4831 36.6569 0
      vertex 47.682 17.182 0
      vertex 47.3548 17.4785 0
    endloop
  endfacet
  facet normal 0 0 -1
    outer loop
      vertex 45.4831 36.6569 0
      vertex 47.3548 17.4785 0
      vertex 47.0001 17.7416 0
    endloop
  endfacet
  facet normal 0 0 -1
    outer loop
      vertex 45.4831 36.6569 0
      vertex 47.0001 17.7416 0
      vertex 46.6213 17.9686 0
    endloop
  endfacet
  facet normal 0 0 -1
    outer loop
      vertex 45.4831 36.6569 0
      vertex 46.6213 17.9686 0
      vertex 46.2221 18.1575 0
    endloop
  endfacet
  facet normal 0 0 -1
    outer loop
      vertex 43.9445 34.0899 0
      vertex 46.2221 18.1575 0
      vertex 45.8063 18.3062 0
    endloop
  endfacet
  facet normal 0 0 -1
    outer loop
      vertex 43.9445 39.9101 0
      vertex 76.4007 67.0986 0
      vertex 44.2204 39.7055 0
    endloop
  endfacet
  facet normal -0 0 -1
    outer loop
      vertex 76.4007 67.0986 0
      vertex 43.9445 39.9101 0
      vertex 76.3294 67.2494 0
    endloop
  endfacet
  facet normal 0 0 -1
    outer loop
      vertex 43.6499 40.0867 0
      vertex 76.3294 67.2494 0
      vertex 43.9445 39.9101 0
    endloop
  endfacet
  facet normal -0 0 -1
    outer loop
      vertex 76.3294 67.2494 0
      vertex 43.6499 40.0867 0
      vertex 76.2732 67.4065 0
    endloop
  endfacet
  facet normal 0 0 -1
    outer loop
      vertex 43.3394 40.2336 0
      vertex 76.2732 67.4065 0
      vertex 43.6499 40.0867 0
    endloop
  endfacet
  facet normal -0 0 -1
    outer loop
      vertex 76.2732 67.4065 0
      vertex 43.3394 40.2336 0
      vertex 76.2327 67.5683 0
    endloop
  endfacet
  facet normal -0 0 -1
    outer loop
      vertex 76.2327 67.5683 0
      vertex 43.3394 40.2336 0
      vertex 76.2082 67.7334 0
    endloop
  endfacet
  facet normal 0 0 -1
    outer loop
      vertex 43.016 40.3493 0
      vertex 76.2082 67.7334 0
      vertex 43.3394 40.2336 0
    endloop
  endfacet
  facet normal -0 0 -1
    outer loop
      vertex 76.2082 67.7334 0
      vertex 43.016 40.3493 0
      vertex 76.2 67.9 0
    endloop
  endfacet
  facet normal 0 0 -1
    outer loop
      vertex 42.6828 40.4327 0
      vertex 76.2 67.9 0
      vertex 43.016 40.3493 0
    endloop
  endfacet
  facet normal -0 0 -1
    outer loop
      vertex 76.2 67.9 0
      vertex 42.6828 40.4327 0
      vertex 76.2082 68.0666 0
    endloop
  endfacet
  facet normal 0 0 -1
    outer loop
      vertex 42.3431 40.4831 0
      vertex 76.2082 68.0666 0
      vertex 42.6828 40.4327 0
    endloop
  endfacet
  facet normal -0 0 -1
    outer loop
      vertex 76.2082 68.0666 0
      vertex 42.3431 40.4831 0
      vertex 76.2327 68.2317 0
    endloop
  endfacet
  facet normal 0 0 -1
    outer loop
      vertex 42 40.5 0
      vertex 76.2327 68.2317 0
      vertex 42.3431 40.4831 0
    endloop
  endfacet
  facet normal 0 0 -1
    outer loop
      vertex 7.76733 68.2317 0
      vertex 76.2327 68.2317 0
      vertex 42 40.5 0
    endloop
  endfacet
  facet normal 0 0 -1
    outer loop
      vertex 76.2327 68.2317 0
      vertex 7.76733 68.2317 0
      vertex 76.2732 68.3935 0
    endloop
  endfacet
  facet normal 0 0 -1
    outer loop
      vertex 7.7268 68.3935 0
      vertex 76.2732 68.3935 0
      vertex 7.76733 68.2317 0
    endloop
  endfacet
  facet normal 0 0 -1
    outer loop
      vertex 76.2732 68.3935 0
      vertex 7.7268 68.3935 0
      vertex 76.3294 68.5506 0
    endloop
  endfacet
  facet normal 0 0 -1
    outer loop
      vertex 7.6706 68.5506 0
      vertex 76.3294 68.5506 0
      vertex 7.7268 68.3935 0
    endloop
  endfacet
  facet normal 0 0 -1
    outer loop
      vertex 76.3294 68.5506 0
      vertex 7.6706 68.5506 0
      vertex 76.4007 68.7014 0
    endloop
  endfacet
  facet normal 0 0 -1
    outer loop
      vertex 7.59927 68.7014 0
      vertex 76.4007 68.7014 0
      vertex 7.6706 68.5506 0
    endloop
  endfacet
  facet normal 0 0 -1
    outer loop
      vertex 7.76733 68.2317 0
      vertex 42 40.5 0
      vertex 41.6569 40.4831 0
    endloop
  endfacet
  facet normal 0 0 -1
    outer loop
      vertex 7.79181 68.0666 0
      vertex 41.6569 40.4831 0
      vertex 41.3172 40.4327 0
    endloop
  endfacet
  facet normal 0 0 -1
    outer loop
      vertex 7.8 67.9 0
      vertex 41.3172 40.4327 0
      vertex 40.984 40.3493 0
    endloop
  endfacet
  facet normal 0 0 -1
    outer loop
      vertex 7.8 67.9 0
      vertex 40.984 40.3493 0
      vertex 40.6606 40.2336 0
    endloop
  endfacet
  facet normal 0 0 -1
    outer loop
      vertex 7.8 67.9 0
      vertex 40.6606 40.2336 0
      vertex 40.3501 40.0867 0
    endloop
  endfacet
  facet normal 0 0 -1
    outer loop
      vertex 7.8 67.9 0
      vertex 40.3501 40.0867 0
      vertex 40.0555 39.9101 0
    endloop
  endfacet
  facet normal 0 0 -1
    outer loop
      vertex 7.8 67.9 0
      vertex 40.0555 39.9101 0
      vertex 39.7796 39.7055 0
    endloop
  endfacet
  facet normal 0 0 -1
    outer loop
      vertex 76.4007 68.7014 0
      vertex 7.59927 68.7014 0
      vertex 76.4865 68.8445 0
    endloop
  endfacet
  facet normal -0 0 -1
    outer loop
      vertex 38.9133 35.3501 0
      vertex 36.318 17.182 0
      vertex 38.7664 35.6606 0
    endloop
  endfacet
  facet normal 0 0 -1
    outer loop
      vertex 36.0215 16.8548 0
      vertex 38.7664 35.6606 0
      vertex 36.318 17.182 0
    endloop
  endfacet
  facet normal -0 0 -1
    outer loop
      vertex 38.7664 35.6606 0
      vertex 36.0215 16.8548 0
      vertex 38.6507 35.984 0
    endloop
  endfacet
  facet normal 0 0 -1
    outer loop
      vertex 35.7584 16.5001 0
      vertex 38.6507 35.984 0
      vertex 36.0215 16.8548 0
    endloop
  endfacet
  facet normal -0 0 -1
    outer loop
      vertex 35 14 0
      vertex 7.5135 7.04447 0
      vertex 35.0217 14.4411 0
    endloop
  endfacet
  facet normal 0 0 -1
    outer loop
      vertex 7.41412 7.17847 0
      vertex 35.0217 14.4411 0
      vertex 7.5135 7.04447 0
    endloop
  endfacet
  facet normal -0 0 -1
    outer loop
      vertex 35.0217 14.4411 0
      vertex 7.41412 7.17847 0
      vertex 35.0865 14.8779 0
    endloop
  endfacet
  facet normal 0 0 -1
    outer loop
      vertex 7.30208 7.30208 0
      vertex 35.0865 14.8779 0
      vertex 7.41412 7.17847 0
    endloop
  endfacet
  facet normal 0 0 -1
    outer loop
      vertex 7.5135 7.04447 0
      vertex 35 14 0
      vertex 7.59927 6.90137 0
    endloop
  endfacet
  facet normal 0 0 -1
    outer loop
      vertex 7.59927 6.90137 0
      vertex 35 14 0
      vertex 7.6706 6.75056 0
    endloop
  endfacet
  facet normal -0 0 -1
    outer loop
      vertex 35.0217 13.5589 0
      vertex 7.6706 6.75056 0
      vertex 35 14 0
    endloop
  endfacet
  facet normal -0 0 -1
    outer loop
      vertex 35.0865 14.8779 0
      vertex 7.30208 7.30208 0
      vertex 35.1938 15.3063 0
    endloop
  endfacet
  facet normal 0 0 -1
    outer loop
      vertex 7.6706 6.75056 0
      vertex 35.0217 13.5589 0
      vertex 7.7268 6.59348 0
    endloop
  endfacet
  facet normal 0 0 -1
    outer loop
      vertex 7.7268 6.59348 0
      vertex 35.0865 13.1221 0
      vertex 7.76733 6.43165 0
    endloop
  endfacet
  facet normal -0 0 -1
    outer loop
      vertex 35.0865 13.1221 0
      vertex 7.7268 6.59348 0
      vertex 35.0217 13.5589 0
    endloop
  endfacet
  facet normal 0 0 -1
    outer loop
      vertex 38.5 37 0
      vertex 7.8 67.9 0
      vertex 38.5169 37.3431 0
    endloop
  endfacet
  facet normal 0 0 -1
    outer loop
      vertex 38.5169 37.3431 0
      vertex 7.8 67.9 0
      vertex 38.5673 37.6828 0
    endloop
  endfacet
  facet normal 0 0 -1
    outer loop
      vertex 38.5673 37.6828 0
      vertex 7.8 67.9 0
      vertex 38.6507 38.016 0
    endloop
  endfacet
  facet normal 0 0 -1
    outer loop
      vertex 38.6507 38.016 0
      vertex 7.8 67.9 0
      vertex 38.7664 38.3394 0
    endloop
  endfacet
  facet normal 0 0 -1
    outer loop
      vertex 38.7664 38.3394 0
      vertex 7.8 67.9 0
      vertex 38.9133 38.6499 0
    endloop
  endfacet
  facet normal 0 0 -1
    outer loop
      vertex 38.9133 38.6499 0
      vertex 7.8 67.9 0
      vertex 39.0899 38.9445 0
    endloop
  endfacet
  facet normal 0 0 -1
    outer loop
      vertex 39.0899 38.9445 0
      vertex 7.8 67.9 0
      vertex 39.2945 39.2204 0
    endloop
  endfacet
  facet normal 0 0 -1
    outer loop
      vertex 39.2945 39.2204 0
      vertex 7.8 67.9 0
      vertex 39.5251 39.4749 0
    endloop
  endfacet
  facet normal 0 0 -1
    outer loop
      vertex 7.8 67.9 0
      vertex 39.7796 39.7055 0
      vertex 39.5251 39.4749 0
    endloop
  endfacet
  facet normal 0 0 -1
    outer loop
      vertex 41.3172 40.4327 0
      vertex 7.8 67.9 0
      vertex 7.79181 68.0666 0
    endloop
  endfacet
  facet normal 0 0 -1
    outer loop
      vertex 41.6569 40.4831 0
      vertex 7.79181 68.0666 0
      vertex 7.76733 68.2317 0
    endloop
  endfacet
  facet normal 0 0 -1
    outer loop
      vertex 7.5135 68.8445 0
      vertex 76.4865 68.8445 0
      vertex 7.59927 68.7014 0
    endloop
  endfacet
  facet normal 0 0 -1
    outer loop
      vertex 76.4865 68.8445 0
      vertex 7.5135 68.8445 0
      vertex 76.5859 68.9785 0
    endloop
  endfacet
  facet normal 0 0 -1
    outer loop
      vertex 7.41412 68.9785 0
      vertex 76.5859 68.9785 0
      vertex 7.5135 68.8445 0
    endloop
  endfacet
  facet normal 0 0 -1
    outer loop
      vertex 76.5859 68.9785 0
      vertex 7.41412 68.9785 0
      vertex 76.6979 69.1021 0
    endloop
  endfacet
  facet normal 0 0 -1
    outer loop
      vertex 7.30208 69.1021 0
      vertex 76.6979 69.1021 0
      vertex 7.41412 68.9785 0
    endloop
  endfacet
  facet normal 0 0 -1
    outer loop
      vertex 76.6979 69.1021 0
      vertex 7.30208 69.1021 0
      vertex 76.8215 69.2141 0
    endloop
  endfacet
  facet normal 0 0 -1
    outer loop
      vertex 7.17847 69.2141 0
      vertex 76.8215 69.2141 0
      vertex 7.30208 69.1021 0
    endloop
  endfacet
  facet normal 0 0 -1
    outer loop
      vertex 7.04447 69.3135 0
      vertex 76.8215 69.2141 0
      vertex 7.17847 69.2141 0
    endloop
  endfacet
  facet normal 0 0 -1
    outer loop
      vertex 76.9555 69.3135 0
      vertex 7.04447 69.3135 0
      vertex 82.8284 74 0
    endloop
  endfacet
  facet normal 0 0 -1
    outer loop
      vertex 1.17157 74 0
      vertex 7.04447 69.3135 0
      vertex 6.90137 69.3993 0
    endloop
  endfacet
  facet normal 0 0 -1
    outer loop
      vertex 1.17157 74 0
      vertex 6.90137 69.3993 0
      vertex 6.75056 69.4706 0
    endloop
  endfacet
  facet normal 0 0 -1
    outer loop
      vertex 1.17157 74 0
      vertex 6.75056 69.4706 0
      vertex 6.59348 69.5268 0
    endloop
  endfacet
  facet normal 0 0 -1
    outer loop
      vertex 1.17157 74 0
      vertex 6.59348 69.5268 0
      vertex 6.43165 69.5673 0
    endloop
  endfacet
  facet normal 0 0 -1
    outer loop
      vertex 1.17157 74 0
      vertex 6.43165 69.5673 0
      vertex 6.26663 69.5918 0
    endloop
  endfacet
  facet normal 0 0 -1
    outer loop
      vertex 1.17157 74 0
      vertex 6.26663 69.5918 0
      vertex 6.1 69.6 0
    endloop
  endfacet
  facet normal 0 0 -1
    outer loop
      vertex 1.17157 74 0
      vertex 6.1 69.6 0
      vertex 5.93337 69.5918 0
    endloop
  endfacet
  facet normal 0 0 -1
    outer loop
      vertex 7.04447 69.3135 0
      vertex 1.17157 74 0
      vertex 82.8284 74 0
    endloop
  endfacet
  facet normal 0 0 -1
    outer loop
      vertex 5.76835 69.5673 0
      vertex 1.17157 74 0
      vertex 5.93337 69.5918 0
    endloop
  endfacet
  facet normal 0 0 -1
    outer loop
      vertex 5.60652 69.5268 0
      vertex 1.17157 74 0
      vertex 5.76835 69.5673 0
    endloop
  endfacet
  facet normal 0 0 -1
    outer loop
      vertex 5.44944 69.4706 0
      vertex 1.17157 74 0
      vertex 5.60652 69.5268 0
    endloop
  endfacet
  facet normal 0 0 -1
    outer loop
      vertex 5.29862 69.3993 0
      vertex 1.17157 74 0
      vertex 5.44944 69.4706 0
    endloop
  endfacet
  facet normal 0 0 -1
    outer loop
      vertex 5.15553 69.3135 0
      vertex 1.17157 74 0
      vertex 5.29862 69.3993 0
    endloop
  endfacet
  facet normal 0 0 -1
    outer loop
      vertex 5.02153 69.2141 0
      vertex 1.17157 74 0
      vertex 5.15553 69.3135 0
    endloop
  endfacet
  facet normal 0 0 -1
    outer loop
      vertex 4.89792 69.1021 0
      vertex 1.17157 74 0
      vertex 5.02153 69.2141 0
    endloop
  endfacet
  facet normal 0 0 -1
    outer loop
      vertex 0 72.8284 0
      vertex 4.89792 69.1021 0
      vertex 4.78588 68.9785 0
    endloop
  endfacet
  facet normal 0 0 -1
    outer loop
      vertex 0 72.8284 0
      vertex 4.78588 68.9785 0
      vertex 4.6865 68.8445 0
    endloop
  endfacet
  facet normal 0 0 -1
    outer loop
      vertex 0 72.8284 0
      vertex 4.6865 68.8445 0
      vertex 4.60073 68.7014 0
    endloop
  endfacet
  facet normal 0 0 -1
    outer loop
      vertex 0 72.8284 0
      vertex 4.60073 68.7014 0
      vertex 4.5294 68.5506 0
    endloop
  endfacet
  facet normal 0 0 -1
    outer loop
      vertex 0 72.8284 0
      vertex 4.5294 68.5506 0
      vertex 4.4732 68.3935 0
    endloop
  endfacet
  facet normal 0 0 -1
    outer loop
      vertex 0 72.8284 0
      vertex 4.4732 68.3935 0
      vertex 4.43266 68.2317 0
    endloop
  endfacet
  facet normal 0 0 -1
    outer loop
      vertex 0 72.8284 0
      vertex 4.43266 68.2317 0
      vertex 4.40819 68.0666 0
    endloop
  endfacet
  facet normal 0 0 -1
    outer loop
      vertex 0 72.8284 0
      vertex 4.40819 68.0666 0
      vertex 4.4 67.9 0
    endloop
  endfacet
  facet normal 0 0 -1
    outer loop
      vertex 4.43266 67.5683 0
      vertex 0 72.8284 0
      vertex 4.40819 67.7334 0
    endloop
  endfacet
  facet normal 0 0 -1
    outer loop
      vertex 4.40819 67.7334 0
      vertex 0 72.8284 0
      vertex 4.4 67.9 0
    endloop
  endfacet
  facet normal 0 0 -1
    outer loop
      vertex 4.89792 69.1021 0
      vertex 0 72.8284 0
      vertex 1.17157 74 0
    endloop
  endfacet
  facet normal 0 1 -0
    outer loop
      vertex 82.8284 74 0
      vertex 1.17157 74 3
      vertex 82.8284 74 3
    endloop
  endfacet
  facet normal 0 1 0
    outer loop
      vertex 1.17157 74 3
      vertex 82.8284 74 0
      vertex 1.17157 74 0
    endloop
  endfacet
  facet normal -0.707107 -0.707107 0
    outer loop
      vertex 1.17157 0 0
      vertex 0 1.17157 3
      vertex 0 1.17157 0
    endloop
  endfacet
  facet normal -0.707107 -0.707107 0
    outer loop
      vertex 0 1.17157 3
      vertex 1.17157 0 0
      vertex 1.17157 0 3
    endloop
  endfacet
  facet normal -0.707116 0.707098 0
    outer loop
      vertex 0 72.8284 0
      vertex 1.17157 74 3
      vertex 1.17157 74 0
    endloop
  endfacet
  facet normal -0.707116 0.707098 0
    outer loop
      vertex 1.17157 74 3
      vertex 0 72.8284 0
      vertex 0 72.8284 3
    endloop
  endfacet
  facet normal 0 0 1
    outer loop
      vertex 33.4969 43.9783 3
      vertex 7.30208 66.6979 3
      vertex 32.8538 43.1113 3
    endloop
  endfacet
  facet normal 0 0 1
    outer loop
      vertex 31 37 3
      vertex 7.79181 6.26663 3
      vertex 7.8 6.1 3
    endloop
  endfacet
  facet normal -0 0 1
    outer loop
      vertex 7.17847 66.5859 3
      vertex 32.8538 43.1113 3
      vertex 7.30208 66.6979 3
    endloop
  endfacet
  facet normal 0 0 1
    outer loop
      vertex 31 37 3
      vertex 7.76733 6.43165 3
      vertex 7.79181 6.26663 3
    endloop
  endfacet
  facet normal -0 0 1
    outer loop
      vertex 7.04447 66.4865 3
      vertex 32.8538 43.1113 3
      vertex 7.17847 66.5859 3
    endloop
  endfacet
  facet normal 0 0 1
    outer loop
      vertex 31 37 3
      vertex 7.7268 6.59348 3
      vertex 7.76733 6.43165 3
    endloop
  endfacet
  facet normal 0 0 1
    outer loop
      vertex 32.8538 43.1113 3
      vertex 7.04447 66.4865 3
      vertex 32.2989 42.1854 3
    endloop
  endfacet
  facet normal 0 0 1
    outer loop
      vertex 31 37 3
      vertex 7.6706 6.75056 3
      vertex 7.7268 6.59348 3
    endloop
  endfacet
  facet normal -0 0 1
    outer loop
      vertex 6.90137 66.4007 3
      vertex 32.2989 42.1854 3
      vertex 7.04447 66.4865 3
    endloop
  endfacet
  facet normal 0 0 1
    outer loop
      vertex 31 37 3
      vertex 7.59927 6.90137 3
      vertex 7.6706 6.75056 3
    endloop
  endfacet
  facet normal 0 0 1
    outer loop
      vertex 32.2989 42.1854 3
      vertex 6.90137 66.4007 3
      vertex 31.8373 41.2095 3
    endloop
  endfacet
  facet normal 0 0 1
    outer loop
      vertex 31 37 3
      vertex 7.5135 7.04447 3
      vertex 7.59927 6.90137 3
    endloop
  endfacet
  facet normal -0 0 1
    outer loop
      vertex 6.75056 66.3294 3
      vertex 31.8373 41.2095 3
      vertex 6.90137 66.4007 3
    endloop
  endfacet
  facet normal 0 0 1
    outer loop
      vertex 31 37 3
      vertex 7.41412 7.17847 3
      vertex 7.5135 7.04447 3
    endloop
  endfacet
  facet normal -0 0 1
    outer loop
      vertex 6.59348 66.2732 3
      vertex 31.8373 41.2095 3
      vertex 6.75056 66.3294 3
    endloop
  endfacet
  facet normal 0 0 1
    outer loop
      vertex 31 37 3
      vertex 7.30208 7.30208 3
      vertex 7.41412 7.17847 3
    endloop
  endfacet
  facet normal 0 0 1
    outer loop
      vertex 31.8373 41.2095 3
      vertex 6.59348 66.2732 3
      vertex 31.4737 40.1931 3
    endloop
  endfacet
  facet normal 0 0 1
    outer loop
      vertex 31 37 3
      vertex 7.17847 7.41412 3
      vertex 7.30208 7.30208 3
    endloop
  endfacet
  facet normal -0 0 1
    outer loop
      vertex 6.43165 66.2327 3
      vertex 31.4737 40.1931 3
      vertex 6.59348 66.2732 3
    endloop
  endfacet
  facet normal 0 0 1
    outer loop
      vertex 31 37 3
      vertex 7.04447 7.5135 3
      vertex 7.17847 7.41412 3
    endloop
  endfacet
  facet normal 0 0 1
    outer loop
      vertex 31.4737 40.1931 3
      vertex 6.43165 66.2327 3
      vertex 31.2114 39.146 3
    endloop
  endfacet
  facet normal 0 0 1
    outer loop
      vertex 31 37 3
      vertex 6.90137 7.59927 3
      vertex 7.04447 7.5135 3
    endloop
  endfacet
  facet normal -0 0 1
    outer loop
      vertex 6.26663 66.2082 3
      vertex 31.2114 39.146 3
      vertex 6.43165 66.2327 3
    endloop
  endfacet
  facet normal 0 0 1
    outer loop
      vertex 31 37 3
      vertex 6.75056 7.6706 3
      vertex 6.90137 7.59927 3
    endloop
  endfacet
  facet normal 0 0 1
    outer loop
      vertex 31.2114 39.146 3
      vertex 6.26663 66.2082 3
      vertex 31.053 38.0782 3
    endloop
  endfacet
  facet normal 0 0 1
    outer loop
      vertex 31 37 3
      vertex 6.59348 7.7268 3
      vertex 6.75056 7.6706 3
    endloop
  endfacet
  facet normal -0 0 1
    outer loop
      vertex 6.1 66.2 3
      vertex 31.053 38.0782 3
      vertex 6.26663 66.2082 3
    endloop
  endfacet
  facet normal 0 0 1
    outer loop
      vertex 31 37 3
      vertex 6.43165 7.76733 3
      vertex 6.59348 7.7268 3
    endloop
  endfacet
  facet normal 0 0 1
    outer loop
      vertex 5.93337 66.2082 3
      vertex 31.053 38.0782 3
      vertex 6.1 66.2 3
    endloop
  endfacet
  facet normal 0 0 1
    outer loop
      vertex 31 37 3
      vertex 6.26663 7.79181 3
      vertex 6.43165 7.76733 3
    endloop
  endfacet
  facet normal 0 0 1
    outer loop
      vertex 31.053 38.0782 3
      vertex 5.93337 66.2082 3
      vertex 31 37 3
    endloop
  endfacet
  facet normal 0 0 1
    outer loop
      vertex 31 37 3
      vertex 6.1 7.8 3
      vertex 6.26663 7.79181 3
    endloop
  endfacet
  facet normal 0 0 1
    outer loop
      vertex 5.93337 7.79181 3
      vertex 31 37 3
      vertex 5.93337 66.2082 3
    endloop
  endfacet
  facet normal 0 0 1
    outer loop
      vertex 31 37 3
      vertex 5.93337 7.79181 3
      vertex 6.1 7.8 3
    endloop
  endfacet
  facet normal 0 0 1
    outer loop
      vertex 5.76835 66.2327 3
      vertex 5.93337 7.79181 3
      vertex 5.93337 66.2082 3
    endloop
  endfacet
  facet normal 0 0 1
    outer loop
      vertex 5.76835 66.2327 3
      vertex 5.76835 7.76733 3
      vertex 5.93337 7.79181 3
    endloop
  endfacet
  facet normal 0 0 1
    outer loop
      vertex 5.60652 66.2732 3
      vertex 5.76835 7.76733 3
      vertex 5.76835 66.2327 3
    endloop
  endfacet
  facet normal 0 0 1
    outer loop
      vertex 5.60652 66.2732 3
      vertex 5.60652 7.7268 3
      vertex 5.76835 7.76733 3
    endloop
  endfacet
  facet normal 0 0 1
    outer loop
      vertex 5.44944 66.3294 3
      vertex 5.60652 7.7268 3
      vertex 5.60652 66.2732 3
    endloop
  endfacet
  facet normal 0 0 1
    outer loop
      vertex 5.44944 66.3294 3
      vertex 5.44944 7.6706 3
      vertex 5.60652 7.7268 3
    endloop
  endfacet
  facet normal 0 0 1
    outer loop
      vertex 5.29862 66.4007 3
      vertex 5.44944 7.6706 3
      vertex 5.44944 66.3294 3
    endloop
  endfacet
  facet normal 0 0 1
    outer loop
      vertex 5.29862 66.4007 3
      vertex 5.29862 7.59927 3
      vertex 5.44944 7.6706 3
    endloop
  endfacet
  facet normal 0 0 1
    outer loop
      vertex 5.15553 66.4865 3
      vertex 5.29862 7.59927 3
      vertex 5.29862 66.4007 3
    endloop
  endfacet
  facet normal 0 0 1
    outer loop
      vertex 5.15553 66.4865 3
      vertex 5.15553 7.5135 3
      vertex 5.29862 7.59927 3
    endloop
  endfacet
  facet normal 0 0 1
    outer loop
      vertex 5.02153 66.5859 3
      vertex 5.15553 7.5135 3
      vertex 5.15553 66.4865 3
    endloop
  endfacet
  facet normal 0 0 1
    outer loop
      vertex 5.02153 66.5859 3
      vertex 5.02153 7.41412 3
      vertex 5.15553 7.5135 3
    endloop
  endfacet
  facet normal 0 0 1
    outer loop
      vertex 4.89792 66.6979 3
      vertex 5.02153 7.41412 3
      vertex 5.02153 66.5859 3
    endloop
  endfacet
  facet normal 0 0 1
    outer loop
      vertex 4.89792 66.6979 3
      vertex 4.89792 7.30208 3
      vertex 5.02153 7.41412 3
    endloop
  endfacet
  facet normal 0 0 1
    outer loop
      vertex 4.78588 66.8215 3
      vertex 4.89792 7.30208 3
      vertex 4.89792 66.6979 3
    endloop
  endfacet
  facet normal 0 0 1
    outer loop
      vertex 4.78588 66.8215 3
      vertex 4.78588 7.17847 3
      vertex 4.89792 7.30208 3
    endloop
  endfacet
  facet normal 0 0 1
    outer loop
      vertex 4.6865 66.9555 3
      vertex 4.78588 7.17847 3
      vertex 4.78588 66.8215 3
    endloop
  endfacet
  facet normal 0 0 1
    outer loop
      vertex 4.6865 66.9555 3
      vertex 4.6865 7.04447 3
      vertex 4.78588 7.17847 3
    endloop
  endfacet
  facet normal 0 0 1
    outer loop
      vertex 0 72.8284 3
      vertex 4.6865 66.9555 3
      vertex 4.60073 67.0986 3
    endloop
  endfacet
  facet normal 0 0 1
    outer loop
      vertex 4.6865 66.9555 3
      vertex 0 72.8284 3
      vertex 4.6865 7.04447 3
    endloop
  endfacet
  facet normal 0 0 1
    outer loop
      vertex 0 72.8284 3
      vertex 4.60073 67.0986 3
      vertex 4.5294 67.2494 3
    endloop
  endfacet
  facet normal 0 0 1
    outer loop
      vertex 0 1.17157 3
      vertex 4.6865 7.04447 3
      vertex 0 72.8284 3
    endloop
  endfacet
  facet normal 0 0 1
    outer loop
      vertex 0 72.8284 3
      vertex 4.5294 67.2494 3
      vertex 4.4732 67.4065 3
    endloop
  endfacet
  facet normal 0 0 1
    outer loop
      vertex 4.6865 7.04447 3
      vertex 0 1.17157 3
      vertex 4.60073 6.90137 3
    endloop
  endfacet
  facet normal 0 0 1
    outer loop
      vertex 0 72.8284 3
      vertex 4.4732 67.4065 3
      vertex 4.43266 67.5683 3
    endloop
  endfacet
  facet normal 0 0 1
    outer loop
      vertex 4.60073 6.90137 3
      vertex 0 1.17157 3
      vertex 4.5294 6.75056 3
    endloop
  endfacet
  facet normal 0 0 1
    outer loop
      vertex 0 72.8284 3
      vertex 4.43266 67.5683 3
      vertex 4.40819 67.7334 3
    endloop
  endfacet
  facet normal 0 0 1
    outer loop
      vertex 4.5294 6.75056 3
      vertex 0 1.17157 3
      vertex 4.4732 6.59348 3
    endloop
  endfacet
  facet normal 0 0 1
    outer loop
      vertex 0 72.8284 3
      vertex 4.40819 67.7334 3
      vertex 4.4 67.9 3
    endloop
  endfacet
  facet normal 0 0 1
    outer loop
      vertex 4.4732 6.59348 3
      vertex 0 1.17157 3
      vertex 4.43266 6.43165 3
    endloop
  endfacet
  facet normal 0 0 1
    outer loop
      vertex 48.2416 16.5001 3
      vertex 49.7782 29.2218 3
      vertex 48.9783 28.4969 3
    endloop
  endfacet
  facet normal 0 0 1
    outer loop
      vertex 49.7782 29.2218 3
      vertex 48.9783 14.4411 3
      vertex 49 14 3
    endloop
  endfacet
  facet normal 0 0 1
    outer loop
      vertex 49.7782 29.2218 3
      vertex 48.9135 14.8779 3
      vertex 48.9783 14.4411 3
    endloop
  endfacet
  facet normal 0 0 1
    outer loop
      vertex 49.7782 29.2218 3
      vertex 48.8062 15.3063 3
      vertex 48.9135 14.8779 3
    endloop
  endfacet
  facet normal 0 0 1
    outer loop
      vertex 49.7782 29.2218 3
      vertex 48.6575 15.7221 3
      vertex 48.8062 15.3063 3
    endloop
  endfacet
  facet normal 0 0 1
    outer loop
      vertex 49.7782 29.2218 3
      vertex 48.4686 16.1213 3
      vertex 48.6575 15.7221 3
    endloop
  endfacet
  facet normal 0 0 1
    outer loop
      vertex 49.7782 29.2218 3
      vertex 48.2416 16.5001 3
      vertex 48.4686 16.1213 3
    endloop
  endfacet
  facet normal 0 0 1
    outer loop
      vertex 47.682 17.182 3
      vertex 48.9783 28.4969 3
      vertex 48.1113 27.8538 3
    endloop
  endfacet
  facet normal 0 0 1
    outer loop
      vertex 48.9783 28.4969 3
      vertex 47.9785 16.8548 3
      vertex 48.2416 16.5001 3
    endloop
  endfacet
  facet normal 0 0 1
    outer loop
      vertex 48.9783 28.4969 3
      vertex 47.682 17.182 3
      vertex 47.9785 16.8548 3
    endloop
  endfacet
  facet normal 0 0 1
    outer loop
      vertex 48.1113 27.8538 3
      vertex 47.3548 17.4785 3
      vertex 47.682 17.182 3
    endloop
  endfacet
  facet normal -0 0 1
    outer loop
      vertex 47.1854 27.2989 3
      vertex 47.3548 17.4785 3
      vertex 48.1113 27.8538 3
    endloop
  endfacet
  facet normal 0 0 1
    outer loop
      vertex 47.1854 27.2989 3
      vertex 47.0001 17.7416 3
      vertex 47.3548 17.4785 3
    endloop
  endfacet
  facet normal 0 0 1
    outer loop
      vertex 47.1854 27.2989 3
      vertex 46.6213 17.9686 3
      vertex 47.0001 17.7416 3
    endloop
  endfacet
  facet normal -0 0 1
    outer loop
      vertex 46.2095 26.8373 3
      vertex 46.6213 17.9686 3
      vertex 47.1854 27.2989 3
    endloop
  endfacet
  facet normal 0 0 1
    outer loop
      vertex 46.6213 17.9686 3
      vertex 46.2095 26.8373 3
      vertex 46.2221 18.1575 3
    endloop
  endfacet
  facet normal 0 0 1
    outer loop
      vertex 46.2095 26.8373 3
      vertex 45.8063 18.3062 3
      vertex 46.2221 18.1575 3
    endloop
  endfacet
  facet normal -0 0 1
    outer loop
      vertex 45.1931 26.4737 3
      vertex 45.8063 18.3062 3
      vertex 46.2095 26.8373 3
    endloop
  endfacet
  facet normal 0 0 1
    outer loop
      vertex 45.8063 18.3062 3
      vertex 45.1931 26.4737 3
      vertex 45.3779 18.4135 3
    endloop
  endfacet
  facet normal 0 0 1
    outer loop
      vertex 45.1931 26.4737 3
      vertex 44.9411 18.4783 3
      vertex 45.3779 18.4135 3
    endloop
  endfacet
  facet normal -0 0 1
    outer loop
      vertex 44.146 26.2114 3
      vertex 44.9411 18.4783 3
      vertex 45.1931 26.4737 3
    endloop
  endfacet
  facet normal 0 0 1
    outer loop
      vertex 44.9411 18.4783 3
      vertex 44.146 26.2114 3
      vertex 44.5 18.5 3
    endloop
  endfacet
  facet normal -0 0 1
    outer loop
      vertex 43.0782 26.053 3
      vertex 44.5 18.5 3
      vertex 44.146 26.2114 3
    endloop
  endfacet
  facet normal -0 0 1
    outer loop
      vertex 42 26 3
      vertex 44.5 18.5 3
      vertex 43.0782 26.053 3
    endloop
  endfacet
  facet normal 0 0 1
    outer loop
      vertex 39.5 18.5 3
      vertex 42 26 3
      vertex 40.9218 26.053 3
    endloop
  endfacet
  facet normal 0 0 1
    outer loop
      vertex 39.5 18.5 3
      vertex 40.9218 26.053 3
      vertex 39.854 26.2114 3
    endloop
  endfacet
  facet normal 0 0 1
    outer loop
      vertex 42 26 3
      vertex 39.5 18.5 3
      vertex 44.5 18.5 3
    endloop
  endfacet
  facet normal 0 0 1
    outer loop
      vertex 39.854 26.2114 3
      vertex 39.0589 18.4783 3
      vertex 39.5 18.5 3
    endloop
  endfacet
  facet normal 0 0 1
    outer loop
      vertex 38.8069 26.4737 3
      vertex 39.0589 18.4783 3
      vertex 39.854 26.2114 3
    endloop
  endfacet
  facet normal 0 0 1
    outer loop
      vertex 38.8069 26.4737 3
      vertex 38.6221 18.4135 3
      vertex 39.0589 18.4783 3
    endloop
  endfacet
  facet normal 0 0 1
    outer loop
      vertex 38.8069 26.4737 3
      vertex 38.1937 18.3062 3
      vertex 38.6221 18.4135 3
    endloop
  endfacet
  facet normal 0 0 1
    outer loop
      vertex 37.7905 26.8373 3
      vertex 38.1937 18.3062 3
      vertex 38.8069 26.4737 3
    endloop
  endfacet
  facet normal 0 0 1
    outer loop
      vertex 37.7905 26.8373 3
      vertex 37.7779 18.1575 3
      vertex 38.1937 18.3062 3
    endloop
  endfacet
  facet normal 0 0 1
    outer loop
      vertex 37.7905 26.8373 3
      vertex 37.3787 17.9686 3
      vertex 37.7779 18.1575 3
    endloop
  endfacet
  facet normal 0 0 1
    outer loop
      vertex 36.8146 27.2989 3
      vertex 37.3787 17.9686 3
      vertex 37.7905 26.8373 3
    endloop
  endfacet
  facet normal 0 0 1
    outer loop
      vertex 37.3787 17.9686 3
      vertex 36.8146 27.2989 3
      vertex 36.9999 17.7416 3
    endloop
  endfacet
  facet normal 0 0 1
    outer loop
      vertex 36.8146 27.2989 3
      vertex 36.6452 17.4785 3
      vertex 36.9999 17.7416 3
    endloop
  endfacet
  facet normal 0 0 1
    outer loop
      vertex 35.8887 27.8538 3
      vertex 36.6452 17.4785 3
      vertex 36.8146 27.2989 3
    endloop
  endfacet
  facet normal 0 0 1
    outer loop
      vertex 36.6452 17.4785 3
      vertex 35.8887 27.8538 3
      vertex 36.318 17.182 3
    endloop
  endfacet
  facet normal 0 0 1
    outer loop
      vertex 35.0217 28.4969 3
      vertex 36.318 17.182 3
      vertex 35.8887 27.8538 3
    endloop
  endfacet
  facet normal 0 0 1
    outer loop
      vertex 36.318 17.182 3
      vertex 35.0217 28.4969 3
      vertex 36.0215 16.8548 3
    endloop
  endfacet
  facet normal 0 0 1
    outer loop
      vertex 36.0215 16.8548 3
      vertex 35.0217 28.4969 3
      vertex 35.7584 16.5001 3
    endloop
  endfacet
  facet normal 0 0 1
    outer loop
      vertex 34.2218 29.2218 3
      vertex 35.7584 16.5001 3
      vertex 35.0217 28.4969 3
    endloop
  endfacet
  facet normal 0 0 1
    outer loop
      vertex 35.7584 16.5001 3
      vertex 34.2218 29.2218 3
      vertex 35.5314 16.1213 3
    endloop
  endfacet
  facet normal 0 0 1
    outer loop
      vertex 33.4969 30.0217 3
      vertex 35.5314 16.1213 3
      vertex 34.2218 29.2218 3
    endloop
  endfacet
  facet normal 0 0 1
    outer loop
      vertex 35.5314 16.1213 3
      vertex 33.4969 30.0217 3
      vertex 35.3425 15.7221 3
    endloop
  endfacet
  facet normal 0 0 1
    outer loop
      vertex 32.8538 30.8887 3
      vertex 35.3425 15.7221 3
      vertex 33.4969 30.0217 3
    endloop
  endfacet
  facet normal 0 0 1
    outer loop
      vertex 35.3425 15.7221 3
      vertex 32.8538 30.8887 3
      vertex 35.1938 15.3063 3
    endloop
  endfacet
  facet normal 0 0 1
    outer loop
      vertex 7.8 6.1 3
      vertex 35.1938 15.3063 3
      vertex 32.8538 30.8887 3
    endloop
  endfacet
  facet normal 0 0 1
    outer loop
      vertex 79.5268 67.4065 3
      vertex 84 72.8284 3
      vertex 79.5673 67.5683 3
    endloop
  endfacet
  facet normal 0 0 1
    outer loop
      vertex 84 1.17157 3
      vertex 79.5918 6.26663 3
      vertex 79.6 6.1 3
    endloop
  endfacet
  facet normal 0 0 1
    outer loop
      vertex 79.4706 67.2494 3
      vertex 84 72.8284 3
      vertex 79.5268 67.4065 3
    endloop
  endfacet
  facet normal 0 0 1
    outer loop
      vertex 84 1.17157 3
      vertex 79.5673 6.43165 3
      vertex 79.5918 6.26663 3
    endloop
  endfacet
  facet normal 0 0 1
    outer loop
      vertex 79.3993 67.0986 3
      vertex 84 72.8284 3
      vertex 79.4706 67.2494 3
    endloop
  endfacet
  facet normal 0 0 1
    outer loop
      vertex 84 1.17157 3
      vertex 79.5268 6.59348 3
      vertex 79.5673 6.43165 3
    endloop
  endfacet
  facet normal 0 0 1
    outer loop
      vertex 79.3135 66.9555 3
      vertex 84 72.8284 3
      vertex 79.3993 67.0986 3
    endloop
  endfacet
  facet normal 0 0 1
    outer loop
      vertex 84 1.17157 3
      vertex 79.4706 6.75056 3
      vertex 79.5268 6.59348 3
    endloop
  endfacet
  facet normal 0 0 1
    outer loop
      vertex 84 72.8284 3
      vertex 79.3135 66.9555 3
      vertex 84 1.17157 3
    endloop
  endfacet
  facet normal 0 0 1
    outer loop
      vertex 84 1.17157 3
      vertex 79.3993 6.90137 3
      vertex 79.4706 6.75056 3
    endloop
  endfacet
  facet normal -0 0 1
    outer loop
      vertex 79.3135 7.04447 3
      vertex 84 1.17157 3
      vertex 79.3135 66.9555 3
    endloop
  endfacet
  facet normal 0 0 1
    outer loop
      vertex 84 1.17157 3
      vertex 79.3135 7.04447 3
      vertex 79.3993 6.90137 3
    endloop
  endfacet
  facet normal -0 0 1
    outer loop
      vertex 79.2141 66.8215 3
      vertex 79.3135 7.04447 3
      vertex 79.3135 66.9555 3
    endloop
  endfacet
  facet normal 0 0 1
    outer loop
      vertex 79.2141 66.8215 3
      vertex 79.2141 7.17847 3
      vertex 79.3135 7.04447 3
    endloop
  endfacet
  facet normal -0 0 1
    outer loop
      vertex 79.1021 66.6979 3
      vertex 79.2141 7.17847 3
      vertex 79.2141 66.8215 3
    endloop
  endfacet
  facet normal 0 0 1
    outer loop
      vertex 79.1021 66.6979 3
      vertex 79.1021 7.30208 3
      vertex 79.2141 7.17847 3
    endloop
  endfacet
  facet normal -0 0 1
    outer loop
      vertex 78.9785 66.5859 3
      vertex 79.1021 7.30208 3
      vertex 79.1021 66.6979 3
    endloop
  endfacet
  facet normal 0 0 1
    outer loop
      vertex 78.9785 66.5859 3
      vertex 78.9785 7.41412 3
      vertex 79.1021 7.30208 3
    endloop
  endfacet
  facet normal -0 0 1
    outer loop
      vertex 78.8445 66.4865 3
      vertex 78.9785 7.41412 3
      vertex 78.9785 66.5859 3
    endloop
  endfacet
  facet normal 0 0 1
    outer loop
      vertex 78.8445 66.4865 3
      vertex 78.8445 7.5135 3
      vertex 78.9785 7.41412 3
    endloop
  endfacet
  facet normal -0 0 1
    outer loop
      vertex 78.7014 66.4007 3
      vertex 78.8445 7.5135 3
      vertex 78.8445 66.4865 3
    endloop
  endfacet
  facet normal 0 0 1
    outer loop
      vertex 78.7014 66.4007 3
      vertex 78.7014 7.59927 3
      vertex 78.8445 7.5135 3
    endloop
  endfacet
  facet normal -0 0 1
    outer loop
      vertex 78.5506 66.3294 3
      vertex 78.7014 7.59927 3
      vertex 78.7014 66.4007 3
    endloop
  endfacet
  facet normal 0 0 1
    outer loop
      vertex 78.5506 66.3294 3
      vertex 78.5506 7.6706 3
      vertex 78.7014 7.59927 3
    endloop
  endfacet
  facet normal -0 0 1
    outer loop
      vertex 78.3935 66.2732 3
      vertex 78.5506 7.6706 3
      vertex 78.5506 66.3294 3
    endloop
  endfacet
  facet normal 0 0 1
    outer loop
      vertex 78.3935 66.2732 3
      vertex 78.3935 7.7268 3
      vertex 78.5506 7.6706 3
    endloop
  endfacet
  facet normal -0 0 1
    outer loop
      vertex 78.2317 66.2327 3
      vertex 78.3935 7.7268 3
      vertex 78.3935 66.2732 3
    endloop
  endfacet
  facet normal 0 0 1
    outer loop
      vertex 78.2317 66.2327 3
      vertex 78.2317 7.76733 3
      vertex 78.3935 7.7268 3
    endloop
  endfacet
  facet normal -0 0 1
    outer loop
      vertex 78.0666 66.2082 3
      vertex 78.2317 7.76733 3
      vertex 78.2317 66.2327 3
    endloop
  endfacet
  facet normal 0 0 1
    outer loop
      vertex 78.0666 66.2082 3
      vertex 78.0666 7.79181 3
      vertex 78.2317 7.76733 3
    endloop
  endfacet
  facet normal 0 0 1
    outer loop
      vertex 52.947 38.0782 3
      vertex 78.0666 66.2082 3
      vertex 77.9 66.2 3
    endloop
  endfacet
  facet normal 0 0 1
    outer loop
      vertex 78.0666 66.2082 3
      vertex 53 37 3
      vertex 78.0666 7.79181 3
    endloop
  endfacet
  facet normal 0 0 1
    outer loop
      vertex 52.947 38.0782 3
      vertex 77.9 66.2 3
      vertex 77.7334 66.2082 3
    endloop
  endfacet
  facet normal -0 0 1
    outer loop
      vertex 52.947 35.9218 3
      vertex 78.0666 7.79181 3
      vertex 53 37 3
    endloop
  endfacet
  facet normal 0 0 1
    outer loop
      vertex 52.7886 39.146 3
      vertex 77.7334 66.2082 3
      vertex 77.5683 66.2327 3
    endloop
  endfacet
  facet normal 0 0 1
    outer loop
      vertex 78.0666 7.79181 3
      vertex 52.947 35.9218 3
      vertex 77.9 7.8 3
    endloop
  endfacet
  facet normal 0 0 1
    outer loop
      vertex 52.5263 40.1931 3
      vertex 77.5683 66.2327 3
      vertex 77.4065 66.2732 3
    endloop
  endfacet
  facet normal 0 0 1
    outer loop
      vertex 77.9 7.8 3
      vertex 52.947 35.9218 3
      vertex 77.7334 7.79181 3
    endloop
  endfacet
  facet normal 0 0 1
    outer loop
      vertex 52.1627 41.2095 3
      vertex 77.4065 66.2732 3
      vertex 77.2494 66.3294 3
    endloop
  endfacet
  facet normal -0 0 1
    outer loop
      vertex 52.7886 34.854 3
      vertex 77.7334 7.79181 3
      vertex 52.947 35.9218 3
    endloop
  endfacet
  facet normal 0 0 1
    outer loop
      vertex 52.1627 41.2095 3
      vertex 77.2494 66.3294 3
      vertex 77.0986 66.4007 3
    endloop
  endfacet
  facet normal 0 0 1
    outer loop
      vertex 77.7334 7.79181 3
      vertex 52.7886 34.854 3
      vertex 77.5683 7.76733 3
    endloop
  endfacet
  facet normal 0 0 1
    outer loop
      vertex 51.7011 42.1854 3
      vertex 77.0986 66.4007 3
      vertex 76.9555 66.4865 3
    endloop
  endfacet
  facet normal -0 0 1
    outer loop
      vertex 52.5263 33.8069 3
      vertex 77.5683 7.76733 3
      vertex 52.7886 34.854 3
    endloop
  endfacet
  facet normal 0 0 1
    outer loop
      vertex 51.1462 43.1113 3
      vertex 76.9555 66.4865 3
      vertex 76.8215 66.5859 3
    endloop
  endfacet
  facet normal 0 0 1
    outer loop
      vertex 77.5683 7.76733 3
      vertex 52.5263 33.8069 3
      vertex 77.4065 7.7268 3
    endloop
  endfacet
  facet normal 0 0 1
    outer loop
      vertex 51.1462 43.1113 3
      vertex 76.8215 66.5859 3
      vertex 76.6979 66.6979 3
    endloop
  endfacet
  facet normal -0 0 1
    outer loop
      vertex 52.1627 32.7905 3
      vertex 77.4065 7.7268 3
      vertex 52.5263 33.8069 3
    endloop
  endfacet
  facet normal 0 0 1
    outer loop
      vertex 50.5031 43.9783 3
      vertex 76.6979 66.6979 3
      vertex 76.5859 66.8215 3
    endloop
  endfacet
  facet normal 0 0 1
    outer loop
      vertex 77.4065 7.7268 3
      vertex 52.1627 32.7905 3
      vertex 77.2494 7.6706 3
    endloop
  endfacet
  facet normal 0 0 1
    outer loop
      vertex 49.7782 44.7782 3
      vertex 76.5859 66.8215 3
      vertex 76.4865 66.9555 3
    endloop
  endfacet
  facet normal 0 0 1
    outer loop
      vertex 77.2494 7.6706 3
      vertex 52.1627 32.7905 3
      vertex 77.0986 7.59927 3
    endloop
  endfacet
  facet normal 0 0 1
    outer loop
      vertex 49.7782 44.7782 3
      vertex 76.4865 66.9555 3
      vertex 76.4007 67.0986 3
    endloop
  endfacet
  facet normal -0 0 1
    outer loop
      vertex 51.7011 31.8146 3
      vertex 77.0986 7.59927 3
      vertex 52.1627 32.7905 3
    endloop
  endfacet
  facet normal 0 0 1
    outer loop
      vertex 48.9783 45.5031 3
      vertex 76.4007 67.0986 3
      vertex 76.3294 67.2494 3
    endloop
  endfacet
  facet normal 0 0 1
    outer loop
      vertex 77.0986 7.59927 3
      vertex 51.7011 31.8146 3
      vertex 76.9555 7.5135 3
    endloop
  endfacet
  facet normal 0 0 1
    outer loop
      vertex 48.1113 46.1462 3
      vertex 76.3294 67.2494 3
      vertex 76.2732 67.4065 3
    endloop
  endfacet
  facet normal -0 0 1
    outer loop
      vertex 51.1462 30.8887 3
      vertex 76.9555 7.5135 3
      vertex 51.7011 31.8146 3
    endloop
  endfacet
  facet normal 0 0 1
    outer loop
      vertex 48.1113 46.1462 3
      vertex 76.2732 67.4065 3
      vertex 76.2327 67.5683 3
    endloop
  endfacet
  facet normal 0 0 1
    outer loop
      vertex 76.9555 7.5135 3
      vertex 51.1462 30.8887 3
      vertex 76.8215 7.41412 3
    endloop
  endfacet
  facet normal 0 0 1
    outer loop
      vertex 47.1854 46.7011 3
      vertex 76.2327 67.5683 3
      vertex 76.2082 67.7334 3
    endloop
  endfacet
  facet normal -0 0 1
    outer loop
      vertex 49 14 3
      vertex 76.8215 7.41412 3
      vertex 51.1462 30.8887 3
    endloop
  endfacet
  facet normal 0 0 1
    outer loop
      vertex 46.2095 47.1627 3
      vertex 76.2082 67.7334 3
      vertex 76.2 67.9 3
    endloop
  endfacet
  facet normal 0 0 1
    outer loop
      vertex 76.8215 7.41412 3
      vertex 49 14 3
      vertex 76.6979 7.30208 3
    endloop
  endfacet
  facet normal 0 0 1
    outer loop
      vertex 79.1021 69.1021 3
      vertex 84 72.8284 3
      vertex 82.8284 74 3
    endloop
  endfacet
  facet normal 0 0 1
    outer loop
      vertex 79.5918 67.7334 3
      vertex 84 72.8284 3
      vertex 79.6 67.9 3
    endloop
  endfacet
  facet normal 0 0 1
    outer loop
      vertex 79.5673 67.5683 3
      vertex 84 72.8284 3
      vertex 79.5918 67.7334 3
    endloop
  endfacet
  facet normal 0 0 1
    outer loop
      vertex 84 72.8284 3
      vertex 79.5918 68.0666 3
      vertex 79.6 67.9 3
    endloop
  endfacet
  facet normal 0 0 1
    outer loop
      vertex 84 72.8284 3
      vertex 79.5673 68.2317 3
      vertex 79.5918 68.0666 3
    endloop
  endfacet
  facet normal 0 0 1
    outer loop
      vertex 84 72.8284 3
      vertex 79.5268 68.3935 3
      vertex 79.5673 68.2317 3
    endloop
  endfacet
  facet normal 0 0 1
    outer loop
      vertex 84 72.8284 3
      vertex 79.4706 68.5506 3
      vertex 79.5268 68.3935 3
    endloop
  endfacet
  facet normal 0 0 1
    outer loop
      vertex 84 72.8284 3
      vertex 79.3993 68.7014 3
      vertex 79.4706 68.5506 3
    endloop
  endfacet
  facet normal 0 0 1
    outer loop
      vertex 84 72.8284 3
      vertex 79.3135 68.8445 3
      vertex 79.3993 68.7014 3
    endloop
  endfacet
  facet normal 0 0 1
    outer loop
      vertex 84 72.8284 3
      vertex 79.2141 68.9785 3
      vertex 79.3135 68.8445 3
    endloop
  endfacet
  facet normal 0 0 1
    outer loop
      vertex 84 72.8284 3
      vertex 79.1021 69.1021 3
      vertex 79.2141 68.9785 3
    endloop
  endfacet
  facet normal 0 0 1
    outer loop
      vertex 82.8284 74 3
      vertex 78.9785 69.2141 3
      vertex 79.1021 69.1021 3
    endloop
  endfacet
  facet normal 0 0 1
    outer loop
      vertex 82.8284 74 3
      vertex 78.8445 69.3135 3
      vertex 78.9785 69.2141 3
    endloop
  endfacet
  facet normal 0 0 1
    outer loop
      vertex 82.8284 74 3
      vertex 78.7014 69.3993 3
      vertex 78.8445 69.3135 3
    endloop
  endfacet
  facet normal 0 0 1
    outer loop
      vertex 82.8284 74 3
      vertex 78.5506 69.4706 3
      vertex 78.7014 69.3993 3
    endloop
  endfacet
  facet normal 0 0 1
    outer loop
      vertex 82.8284 74 3
      vertex 78.3935 69.5268 3
      vertex 78.5506 69.4706 3
    endloop
  endfacet
  facet normal 0 0 1
    outer loop
      vertex 82.8284 74 3
      vertex 78.2317 69.5673 3
      vertex 78.3935 69.5268 3
    endloop
  endfacet
  facet normal 0 0 1
    outer loop
      vertex 82.8284 74 3
      vertex 78.0666 69.5918 3
      vertex 78.2317 69.5673 3
    endloop
  endfacet
  facet normal 0 0 1
    outer loop
      vertex 82.8284 74 3
      vertex 77.9 69.6 3
      vertex 78.0666 69.5918 3
    endloop
  endfacet
  facet normal 0 0 1
    outer loop
      vertex 82.8284 74 3
      vertex 77.7334 69.5918 3
      vertex 77.9 69.6 3
    endloop
  endfacet
  facet normal 0 0 1
    outer loop
      vertex 82.8284 74 3
      vertex 77.5683 69.5673 3
      vertex 77.7334 69.5918 3
    endloop
  endfacet
  facet normal 0 0 1
    outer loop
      vertex 82.8284 74 3
      vertex 77.4065 69.5268 3
      vertex 77.5683 69.5673 3
    endloop
  endfacet
  facet normal 0 0 1
    outer loop
      vertex 82.8284 74 3
      vertex 77.2494 69.4706 3
      vertex 77.4065 69.5268 3
    endloop
  endfacet
  facet normal 0 0 1
    outer loop
      vertex 82.8284 74 3
      vertex 77.0986 69.3993 3
      vertex 77.2494 69.4706 3
    endloop
  endfacet
  facet normal 0 0 1
    outer loop
      vertex 82.8284 74 3
      vertex 76.9555 69.3135 3
      vertex 77.0986 69.3993 3
    endloop
  endfacet
  facet normal 0 0 1
    outer loop
      vertex 7.04447 69.3135 3
      vertex 76.9555 69.3135 3
      vertex 82.8284 74 3
    endloop
  endfacet
  facet normal 0 0 1
    outer loop
      vertex 76.6979 7.30208 3
      vertex 49 14 3
      vertex 76.5859 7.17847 3
    endloop
  endfacet
  facet normal 0 0 1
    outer loop
      vertex 45.1931 47.5263 3
      vertex 76.2 67.9 3
      vertex 76.2082 68.0666 3
    endloop
  endfacet
  facet normal 0 0 1
    outer loop
      vertex 45.1931 47.5263 3
      vertex 76.2082 68.0666 3
      vertex 76.2327 68.2317 3
    endloop
  endfacet
  facet normal 0 0 1
    outer loop
      vertex 44.146 47.7886 3
      vertex 76.2327 68.2317 3
      vertex 76.2732 68.3935 3
    endloop
  endfacet
  facet normal 0 0 1
    outer loop
      vertex 43.0782 47.947 3
      vertex 76.2732 68.3935 3
      vertex 76.3294 68.5506 3
    endloop
  endfacet
  facet normal 0 0 1
    outer loop
      vertex 42 48 3
      vertex 76.3294 68.5506 3
      vertex 76.4007 68.7014 3
    endloop
  endfacet
  facet normal 0 0 1
    outer loop
      vertex 7.59927 68.7014 3
      vertex 76.4007 68.7014 3
      vertex 76.4865 68.8445 3
    endloop
  endfacet
  facet normal 0 0 1
    outer loop
      vertex 78.0666 66.2082 3
      vertex 52.947 38.0782 3
      vertex 53 37 3
    endloop
  endfacet
  facet normal 0 0 1
    outer loop
      vertex 7.5135 68.8445 3
      vertex 76.4865 68.8445 3
      vertex 76.5859 68.9785 3
    endloop
  endfacet
  facet normal 0 0 1
    outer loop
      vertex 77.7334 66.2082 3
      vertex 52.7886 39.146 3
      vertex 52.947 38.0782 3
    endloop
  endfacet
  facet normal 0 0 1
    outer loop
      vertex 77.5683 66.2327 3
      vertex 52.5263 40.1931 3
      vertex 52.7886 39.146 3
    endloop
  endfacet
  facet normal 0 0 1
    outer loop
      vertex 77.4065 66.2732 3
      vertex 52.1627 41.2095 3
      vertex 52.5263 40.1931 3
    endloop
  endfacet
  facet normal 0 0 1
    outer loop
      vertex 77.0986 66.4007 3
      vertex 51.7011 42.1854 3
      vertex 52.1627 41.2095 3
    endloop
  endfacet
  facet normal 0 0 1
    outer loop
      vertex 7.41412 68.9785 3
      vertex 76.5859 68.9785 3
      vertex 76.6979 69.1021 3
    endloop
  endfacet
  facet normal 0 0 1
    outer loop
      vertex 76.9555 66.4865 3
      vertex 51.1462 43.1113 3
      vertex 51.7011 42.1854 3
    endloop
  endfacet
  facet normal 0 0 1
    outer loop
      vertex 76.6979 66.6979 3
      vertex 50.5031 43.9783 3
      vertex 51.1462 43.1113 3
    endloop
  endfacet
  facet normal 0 0 1
    outer loop
      vertex 76.5859 66.8215 3
      vertex 49.7782 44.7782 3
      vertex 50.5031 43.9783 3
    endloop
  endfacet
  facet normal 0 0 1
    outer loop
      vertex 7.30208 69.1021 3
      vertex 76.6979 69.1021 3
      vertex 76.8215 69.2141 3
    endloop
  endfacet
  facet normal 0 0 1
    outer loop
      vertex 76.4007 67.0986 3
      vertex 48.9783 45.5031 3
      vertex 49.7782 44.7782 3
    endloop
  endfacet
  facet normal 0 0 1
    outer loop
      vertex 76.3294 67.2494 3
      vertex 48.1113 46.1462 3
      vertex 48.9783 45.5031 3
    endloop
  endfacet
  facet normal 0 0 1
    outer loop
      vertex 76.2327 67.5683 3
      vertex 47.1854 46.7011 3
      vertex 48.1113 46.1462 3
    endloop
  endfacet
  facet normal 0 0 1
    outer loop
      vertex 76.9555 69.3135 3
      vertex 7.04447 69.3135 3
      vertex 76.8215 69.2141 3
    endloop
  endfacet
  facet normal 0 0 1
    outer loop
      vertex 76.2082 67.7334 3
      vertex 46.2095 47.1627 3
      vertex 47.1854 46.7011 3
    endloop
  endfacet
  facet normal 0 0 1
    outer loop
      vertex 76.2 67.9 3
      vertex 45.1931 47.5263 3
      vertex 46.2095 47.1627 3
    endloop
  endfacet
  facet normal 0 0 1
    outer loop
      vertex 76.2327 68.2317 3
      vertex 44.146 47.7886 3
      vertex 45.1931 47.5263 3
    endloop
  endfacet
  facet normal 0 0 1
    outer loop
      vertex 76.2732 68.3935 3
      vertex 43.0782 47.947 3
      vertex 44.146 47.7886 3
    endloop
  endfacet
  facet normal 0 0 1
    outer loop
      vertex 76.3294 68.5506 3
      vertex 42 48 3
      vertex 43.0782 47.947 3
    endloop
  endfacet
  facet normal 0 0 1
    outer loop
      vertex 76.4007 68.7014 3
      vertex 7.59927 68.7014 3
      vertex 42 48 3
    endloop
  endfacet
  facet normal -0 -0 1
    outer loop
      vertex 7.6706 68.5506 3
      vertex 42 48 3
      vertex 7.59927 68.7014 3
    endloop
  endfacet
  facet normal 0 0 1
    outer loop
      vertex 42 48 3
      vertex 7.6706 68.5506 3
      vertex 40.9218 47.947 3
    endloop
  endfacet
  facet normal -0 -0 1
    outer loop
      vertex 7.7268 68.3935 3
      vertex 40.9218 47.947 3
      vertex 7.6706 68.5506 3
    endloop
  endfacet
  facet normal 0 0 1
    outer loop
      vertex 40.9218 47.947 3
      vertex 7.7268 68.3935 3
      vertex 39.854 47.7886 3
    endloop
  endfacet
  facet normal 0 0 1
    outer loop
      vertex 34.2218 44.7782 3
      vertex 7.41412 66.8215 3
      vertex 33.4969 43.9783 3
    endloop
  endfacet
  facet normal -0 0 1
    outer loop
      vertex 7.41412 66.8215 3
      vertex 34.2218 44.7782 3
      vertex 7.5135 66.9555 3
    endloop
  endfacet
  facet normal -0 0 1
    outer loop
      vertex 7.5135 66.9555 3
      vertex 34.2218 44.7782 3
      vertex 7.59927 67.0986 3
    endloop
  endfacet
  facet normal 0 0 1
    outer loop
      vertex 35.0217 45.5031 3
      vertex 7.59927 67.0986 3
      vertex 34.2218 44.7782 3
    endloop
  endfacet
  facet normal -0 0 1
    outer loop
      vertex 7.59927 67.0986 3
      vertex 35.0217 45.5031 3
      vertex 7.6706 67.2494 3
    endloop
  endfacet
  facet normal 0 0 1
    outer loop
      vertex 35.8887 46.1462 3
      vertex 7.6706 67.2494 3
      vertex 35.0217 45.5031 3
    endloop
  endfacet
  facet normal -0 0 1
    outer loop
      vertex 7.6706 67.2494 3
      vertex 35.8887 46.1462 3
      vertex 7.7268 67.4065 3
    endloop
  endfacet
  facet normal -0 0 1
    outer loop
      vertex 7.7268 67.4065 3
      vertex 35.8887 46.1462 3
      vertex 7.76733 67.5683 3
    endloop
  endfacet
  facet normal 0 0 1
    outer loop
      vertex 36.8146 46.7011 3
      vertex 7.76733 67.5683 3
      vertex 35.8887 46.1462 3
    endloop
  endfacet
  facet normal -0 0 1
    outer loop
      vertex 7.76733 67.5683 3
      vertex 36.8146 46.7011 3
      vertex 7.79181 67.7334 3
    endloop
  endfacet
  facet normal 0 0 1
    outer loop
      vertex 37.7905 47.1627 3
      vertex 7.79181 67.7334 3
      vertex 36.8146 46.7011 3
    endloop
  endfacet
  facet normal -0 -0 1
    outer loop
      vertex 7.76733 68.2317 3
      vertex 39.854 47.7886 3
      vertex 7.7268 68.3935 3
    endloop
  endfacet
  facet normal -0 0 1
    outer loop
      vertex 7.79181 67.7334 3
      vertex 37.7905 47.1627 3
      vertex 7.8 67.9 3
    endloop
  endfacet
  facet normal 0 0 1
    outer loop
      vertex 38.8069 47.5263 3
      vertex 7.8 67.9 3
      vertex 37.7905 47.1627 3
    endloop
  endfacet
  facet normal -0 -0 1
    outer loop
      vertex 7.8 67.9 3
      vertex 38.8069 47.5263 3
      vertex 7.79181 68.0666 3
    endloop
  endfacet
  facet normal -0 -0 1
    outer loop
      vertex 7.79181 68.0666 3
      vertex 38.8069 47.5263 3
      vertex 7.76733 68.2317 3
    endloop
  endfacet
  facet normal 0 0 1
    outer loop
      vertex 39.854 47.7886 3
      vertex 7.76733 68.2317 3
      vertex 38.8069 47.5263 3
    endloop
  endfacet
  facet normal 0 0 1
    outer loop
      vertex 76.4865 68.8445 3
      vertex 7.5135 68.8445 3
      vertex 7.59927 68.7014 3
    endloop
  endfacet
  facet normal 0 0 1
    outer loop
      vertex 76.5859 68.9785 3
      vertex 7.41412 68.9785 3
      vertex 7.5135 68.8445 3
    endloop
  endfacet
  facet normal 0 0 1
    outer loop
      vertex 76.6979 69.1021 3
      vertex 7.30208 69.1021 3
      vertex 7.41412 68.9785 3
    endloop
  endfacet
  facet normal 0 0 1
    outer loop
      vertex 76.8215 69.2141 3
      vertex 7.17847 69.2141 3
      vertex 7.30208 69.1021 3
    endloop
  endfacet
  facet normal 0 0 1
    outer loop
      vertex 76.8215 69.2141 3
      vertex 7.04447 69.3135 3
      vertex 7.17847 69.2141 3
    endloop
  endfacet
  facet normal -0 0 1
    outer loop
      vertex 1.17157 74 3
      vertex 7.04447 69.3135 3
      vertex 82.8284 74 3
    endloop
  endfacet
  facet normal 0 0 1
    outer loop
      vertex 7.04447 69.3135 3
      vertex 1.17157 74 3
      vertex 6.90137 69.3993 3
    endloop
  endfacet
  facet normal 0 0 1
    outer loop
      vertex 6.90137 69.3993 3
      vertex 1.17157 74 3
      vertex 6.75056 69.4706 3
    endloop
  endfacet
  facet normal 0 0 1
    outer loop
      vertex 6.75056 69.4706 3
      vertex 1.17157 74 3
      vertex 6.59348 69.5268 3
    endloop
  endfacet
  facet normal 0 0 1
    outer loop
      vertex 6.59348 69.5268 3
      vertex 1.17157 74 3
      vertex 6.43165 69.5673 3
    endloop
  endfacet
  facet normal 0 0 1
    outer loop
      vertex 6.43165 69.5673 3
      vertex 1.17157 74 3
      vertex 6.26663 69.5918 3
    endloop
  endfacet
  facet normal 0 0 1
    outer loop
      vertex 6.26663 69.5918 3
      vertex 1.17157 74 3
      vertex 6.1 69.6 3
    endloop
  endfacet
  facet normal 0 0 1
    outer loop
      vertex 4.40819 68.0666 3
      vertex 0 72.8284 3
      vertex 4.4 67.9 3
    endloop
  endfacet
  facet normal 0 0 1
    outer loop
      vertex 4.43266 68.2317 3
      vertex 0 72.8284 3
      vertex 4.40819 68.0666 3
    endloop
  endfacet
  facet normal 0 0 1
    outer loop
      vertex 4.4732 68.3935 3
      vertex 0 72.8284 3
      vertex 4.43266 68.2317 3
    endloop
  endfacet
  facet normal 0 0 1
    outer loop
      vertex 4.5294 68.5506 3
      vertex 0 72.8284 3
      vertex 4.4732 68.3935 3
    endloop
  endfacet
  facet normal 0 0 1
    outer loop
      vertex 4.60073 68.7014 3
      vertex 0 72.8284 3
      vertex 4.5294 68.5506 3
    endloop
  endfacet
  facet normal 0 0 1
    outer loop
      vertex 4.6865 68.8445 3
      vertex 0 72.8284 3
      vertex 4.60073 68.7014 3
    endloop
  endfacet
  facet normal 0 0 1
    outer loop
      vertex 4.78588 68.9785 3
      vertex 0 72.8284 3
      vertex 4.6865 68.8445 3
    endloop
  endfacet
  facet normal 0 0 1
    outer loop
      vertex 4.89792 69.1021 3
      vertex 0 72.8284 3
      vertex 4.78588 68.9785 3
    endloop
  endfacet
  facet normal -0 0 1
    outer loop
      vertex 0 72.8284 3
      vertex 4.89792 69.1021 3
      vertex 1.17157 74 3
    endloop
  endfacet
  facet normal 0 0 1
    outer loop
      vertex 5.02153 69.2141 3
      vertex 1.17157 74 3
      vertex 4.89792 69.1021 3
    endloop
  endfacet
  facet normal 0 0 1
    outer loop
      vertex 5.15553 69.3135 3
      vertex 1.17157 74 3
      vertex 5.02153 69.2141 3
    endloop
  endfacet
  facet normal 0 0 1
    outer loop
      vertex 5.29862 69.3993 3
      vertex 1.17157 74 3
      vertex 5.15553 69.3135 3
    endloop
  endfacet
  facet normal 0 0 1
    outer loop
      vertex 5.44944 69.4706 3
      vertex 1.17157 74 3
      vertex 5.29862 69.3993 3
    endloop
  endfacet
  facet normal 0 0 1
    outer loop
      vertex 5.60652 69.5268 3
      vertex 1.17157 74 3
      vertex 5.44944 69.4706 3
    endloop
  endfacet
  facet normal 0 0 1
    outer loop
      vertex 5.76835 69.5673 3
      vertex 1.17157 74 3
      vertex 5.60652 69.5268 3
    endloop
  endfacet
  facet normal 0 0 1
    outer loop
      vertex 5.93337 69.5918 3
      vertex 1.17157 74 3
      vertex 5.76835 69.5673 3
    endloop
  endfacet
  facet normal 0 0 1
    outer loop
      vertex 6.1 69.6 3
      vertex 1.17157 74 3
      vertex 5.93337 69.5918 3
    endloop
  endfacet
  facet normal -0 0 1
    outer loop
      vertex 79.5918 5.93337 3
      vertex 84 1.17157 3
      vertex 79.6 6.1 3
    endloop
  endfacet
  facet normal -0 0 1
    outer loop
      vertex 79.5673 5.76835 3
      vertex 84 1.17157 3
      vertex 79.5918 5.93337 3
    endloop
  endfacet
  facet normal -0 0 1
    outer loop
      vertex 79.5268 5.60652 3
      vertex 84 1.17157 3
      vertex 79.5673 5.76835 3
    endloop
  endfacet
  facet normal -0 0 1
    outer loop
      vertex 79.4706 5.44944 3
      vertex 84 1.17157 3
      vertex 79.5268 5.60652 3
    endloop
  endfacet
  facet normal -0 0 1
    outer loop
      vertex 79.3993 5.29862 3
      vertex 84 1.17157 3
      vertex 79.4706 5.44944 3
    endloop
  endfacet
  facet normal -0 0 1
    outer loop
      vertex 79.3135 5.15553 3
      vertex 84 1.17157 3
      vertex 79.3993 5.29862 3
    endloop
  endfacet
  facet normal -0 0 1
    outer loop
      vertex 79.2141 5.02153 3
      vertex 84 1.17157 3
      vertex 79.3135 5.15553 3
    endloop
  endfacet
  facet normal -0 0 1
    outer loop
      vertex 79.1021 4.89792 3
      vertex 84 1.17157 3
      vertex 79.2141 5.02153 3
    endloop
  endfacet
  facet normal 0 0 1
    outer loop
      vertex 84 1.17157 3
      vertex 79.1021 4.89792 3
      vertex 82.8284 0 3
    endloop
  endfacet
  facet normal -0 0 1
    outer loop
      vertex 78.9785 4.78588 3
      vertex 82.8284 0 3
      vertex 79.1021 4.89792 3
    endloop
  endfacet
  facet normal -0 0 1
    outer loop
      vertex 78.8445 4.6865 3
      vertex 82.8284 0 3
      vertex 78.9785 4.78588 3
    endloop
  endfacet
  facet normal -0 0 1
    outer loop
      vertex 78.7014 4.60073 3
      vertex 82.8284 0 3
      vertex 78.8445 4.6865 3
    endloop
  endfacet
  facet normal -0 0 1
    outer loop
      vertex 78.5506 4.5294 3
      vertex 82.8284 0 3
      vertex 78.7014 4.60073 3
    endloop
  endfacet
  facet normal -0 0 1
    outer loop
      vertex 78.3935 4.4732 3
      vertex 82.8284 0 3
      vertex 78.5506 4.5294 3
    endloop
  endfacet
  facet normal -0 0 1
    outer loop
      vertex 78.2317 4.43266 3
      vertex 82.8284 0 3
      vertex 78.3935 4.4732 3
    endloop
  endfacet
  facet normal -0 0 1
    outer loop
      vertex 78.0666 4.40819 3
      vertex 82.8284 0 3
      vertex 78.2317 4.43266 3
    endloop
  endfacet
  facet normal -0 0 1
    outer loop
      vertex 77.9 4.4 3
      vertex 82.8284 0 3
      vertex 78.0666 4.40819 3
    endloop
  endfacet
  facet normal 0 0 1
    outer loop
      vertex 77.7334 4.40819 3
      vertex 82.8284 0 3
      vertex 77.9 4.4 3
    endloop
  endfacet
  facet normal 0 0 1
    outer loop
      vertex 77.5683 4.43266 3
      vertex 82.8284 0 3
      vertex 77.7334 4.40819 3
    endloop
  endfacet
  facet normal 0 0 1
    outer loop
      vertex 77.4065 4.4732 3
      vertex 82.8284 0 3
      vertex 77.5683 4.43266 3
    endloop
  endfacet
  facet normal 0 0 1
    outer loop
      vertex 77.2494 4.5294 3
      vertex 82.8284 0 3
      vertex 77.4065 4.4732 3
    endloop
  endfacet
  facet normal 0 0 1
    outer loop
      vertex 77.0986 4.60073 3
      vertex 82.8284 0 3
      vertex 77.2494 4.5294 3
    endloop
  endfacet
  facet normal 0 0 1
    outer loop
      vertex 76.9555 4.6865 3
      vertex 82.8284 0 3
      vertex 77.0986 4.60073 3
    endloop
  endfacet
  facet normal 0 0 1
    outer loop
      vertex 45.8063 9.69377 3
      vertex 76.9555 4.6865 3
      vertex 76.8215 4.78588 3
    endloop
  endfacet
  facet normal 0 0 1
    outer loop
      vertex 76.5859 7.17847 3
      vertex 49 14 3
      vertex 76.4865 7.04447 3
    endloop
  endfacet
  facet normal 0 0 1
    outer loop
      vertex 76.4865 7.04447 3
      vertex 49 14 3
      vertex 76.4007 6.90137 3
    endloop
  endfacet
  facet normal 0 0 1
    outer loop
      vertex 76.4007 6.90137 3
      vertex 49 14 3
      vertex 76.3294 6.75056 3
    endloop
  endfacet
  facet normal -0 0 1
    outer loop
      vertex 48.9783 13.5589 3
      vertex 76.3294 6.75056 3
      vertex 49 14 3
    endloop
  endfacet
  facet normal 0 0 1
    outer loop
      vertex 76.3294 6.75056 3
      vertex 48.9783 13.5589 3
      vertex 76.2732 6.59348 3
    endloop
  endfacet
  facet normal -0 0 1
    outer loop
      vertex 48.9135 13.1221 3
      vertex 76.2732 6.59348 3
      vertex 48.9783 13.5589 3
    endloop
  endfacet
  facet normal 0 0 1
    outer loop
      vertex 76.2732 6.59348 3
      vertex 48.9135 13.1221 3
      vertex 76.2327 6.43165 3
    endloop
  endfacet
  facet normal -0 0 1
    outer loop
      vertex 48.8062 12.6937 3
      vertex 76.2327 6.43165 3
      vertex 48.9135 13.1221 3
    endloop
  endfacet
  facet normal 0 0 1
    outer loop
      vertex 76.2327 6.43165 3
      vertex 48.8062 12.6937 3
      vertex 76.2082 6.26663 3
    endloop
  endfacet
  facet normal -0 0 1
    outer loop
      vertex 48.6575 12.2779 3
      vertex 76.2082 6.26663 3
      vertex 48.8062 12.6937 3
    endloop
  endfacet
  facet normal 0 0 1
    outer loop
      vertex 76.2082 6.26663 3
      vertex 48.6575 12.2779 3
      vertex 76.2 6.1 3
    endloop
  endfacet
  facet normal -0 0 1
    outer loop
      vertex 48.4686 11.8787 3
      vertex 76.2 6.1 3
      vertex 48.6575 12.2779 3
    endloop
  endfacet
  facet normal 0 0 1
    outer loop
      vertex 76.2 6.1 3
      vertex 48.4686 11.8787 3
      vertex 76.2082 5.93337 3
    endloop
  endfacet
  facet normal -0 0 1
    outer loop
      vertex 48.2416 11.4999 3
      vertex 76.2082 5.93337 3
      vertex 48.4686 11.8787 3
    endloop
  endfacet
  facet normal 0 0 1
    outer loop
      vertex 49 14 3
      vertex 51.1462 30.8887 3
      vertex 50.5031 30.0217 3
    endloop
  endfacet
  facet normal 0 0 1
    outer loop
      vertex 49 14 3
      vertex 50.5031 30.0217 3
      vertex 49.7782 29.2218 3
    endloop
  endfacet
  facet normal 0 0 1
    outer loop
      vertex 76.2082 5.93337 3
      vertex 48.2416 11.4999 3
      vertex 76.2327 5.76835 3
    endloop
  endfacet
  facet normal 0 0 1
    outer loop
      vertex 76.2327 5.76835 3
      vertex 48.2416 11.4999 3
      vertex 76.2732 5.60652 3
    endloop
  endfacet
  facet normal -0 0 1
    outer loop
      vertex 47.9785 11.1452 3
      vertex 76.2732 5.60652 3
      vertex 48.2416 11.4999 3
    endloop
  endfacet
  facet normal 0 0 1
    outer loop
      vertex 76.2732 5.60652 3
      vertex 47.9785 11.1452 3
      vertex 76.3294 5.44944 3
    endloop
  endfacet
  facet normal -0 0 1
    outer loop
      vertex 47.682 10.818 3
      vertex 76.3294 5.44944 3
      vertex 47.9785 11.1452 3
    endloop
  endfacet
  facet normal 0 0 1
    outer loop
      vertex 76.3294 5.44944 3
      vertex 47.682 10.818 3
      vertex 76.4007 5.29862 3
    endloop
  endfacet
  facet normal -0 0 1
    outer loop
      vertex 47.3548 10.5215 3
      vertex 76.4007 5.29862 3
      vertex 47.682 10.818 3
    endloop
  endfacet
  facet normal 0 0 1
    outer loop
      vertex 76.4007 5.29862 3
      vertex 47.3548 10.5215 3
      vertex 76.4865 5.15553 3
    endloop
  endfacet
  facet normal -0 0 1
    outer loop
      vertex 47.0001 10.2584 3
      vertex 76.4865 5.15553 3
      vertex 47.3548 10.5215 3
    endloop
  endfacet
  facet normal 0 0 1
    outer loop
      vertex 76.4865 5.15553 3
      vertex 47.0001 10.2584 3
      vertex 76.5859 5.02153 3
    endloop
  endfacet
  facet normal -0 0 1
    outer loop
      vertex 46.6213 10.0314 3
      vertex 76.5859 5.02153 3
      vertex 47.0001 10.2584 3
    endloop
  endfacet
  facet normal 0 0 1
    outer loop
      vertex 76.5859 5.02153 3
      vertex 46.6213 10.0314 3
      vertex 76.6979 4.89792 3
    endloop
  endfacet
  facet normal -0 0 1
    outer loop
      vertex 46.2221 9.84254 3
      vertex 76.6979 4.89792 3
      vertex 46.6213 10.0314 3
    endloop
  endfacet
  facet normal 0 0 1
    outer loop
      vertex 76.6979 4.89792 3
      vertex 46.2221 9.84254 3
      vertex 76.8215 4.78588 3
    endloop
  endfacet
  facet normal -0 0 1
    outer loop
      vertex 45.8063 9.69377 3
      vertex 76.8215 4.78588 3
      vertex 46.2221 9.84254 3
    endloop
  endfacet
  facet normal 0 0 1
    outer loop
      vertex 76.9555 4.6865 3
      vertex 45.8063 9.69377 3
      vertex 82.8284 0 3
    endloop
  endfacet
  facet normal -0 0 1
    outer loop
      vertex 45.3779 9.58647 3
      vertex 82.8284 0 3
      vertex 45.8063 9.69377 3
    endloop
  endfacet
  facet normal -0 0 1
    outer loop
      vertex 44.9411 9.52168 3
      vertex 82.8284 0 3
      vertex 45.3779 9.58647 3
    endloop
  endfacet
  facet normal -0 0 1
    outer loop
      vertex 44.5 9.5 3
      vertex 82.8284 0 3
      vertex 44.9411 9.52168 3
    endloop
  endfacet
  facet normal -0 0 1
    outer loop
      vertex 39.5 9.5 3
      vertex 82.8284 0 3
      vertex 44.5 9.5 3
    endloop
  endfacet
  facet normal 0 0 1
    outer loop
      vertex 1.17157 0 3
      vertex 39.5 9.5 3
      vertex 39.0589 9.52168 3
    endloop
  endfacet
  facet normal 0 0 1
    outer loop
      vertex 1.17157 0 3
      vertex 39.0589 9.52168 3
      vertex 38.6221 9.58647 3
    endloop
  endfacet
  facet normal 0 0 1
    outer loop
      vertex 35.1938 15.3063 3
      vertex 7.8 6.1 3
      vertex 35.0865 14.8779 3
    endloop
  endfacet
  facet normal 0 0 1
    outer loop
      vertex 35.0865 14.8779 3
      vertex 7.8 6.1 3
      vertex 35.0217 14.4411 3
    endloop
  endfacet
  facet normal 0 0 1
    outer loop
      vertex 35.0217 14.4411 3
      vertex 7.8 6.1 3
      vertex 35 14 3
    endloop
  endfacet
  facet normal 0 0 1
    outer loop
      vertex 7.8 6.1 3
      vertex 32.8538 30.8887 3
      vertex 32.2989 31.8146 3
    endloop
  endfacet
  facet normal 0 0 1
    outer loop
      vertex 35 14 3
      vertex 7.8 6.1 3
      vertex 35.0217 13.5589 3
    endloop
  endfacet
  facet normal 0 0 1
    outer loop
      vertex 7.8 6.1 3
      vertex 32.2989 31.8146 3
      vertex 31.8373 32.7905 3
    endloop
  endfacet
  facet normal 0 0 1
    outer loop
      vertex 7.8 6.1 3
      vertex 31.8373 32.7905 3
      vertex 31.4737 33.8069 3
    endloop
  endfacet
  facet normal 0 0 1
    outer loop
      vertex 7.8 6.1 3
      vertex 31.4737 33.8069 3
      vertex 31.2114 34.854 3
    endloop
  endfacet
  facet normal -0 0 1
    outer loop
      vertex 7.30208 66.6979 3
      vertex 33.4969 43.9783 3
      vertex 7.41412 66.8215 3
    endloop
  endfacet
  facet normal 0 0 1
    outer loop
      vertex 31 37 3
      vertex 7.8 6.1 3
      vertex 31.053 35.9218 3
    endloop
  endfacet
  facet normal 0 0 1
    outer loop
      vertex 31.053 35.9218 3
      vertex 7.8 6.1 3
      vertex 31.2114 34.854 3
    endloop
  endfacet
  facet normal 0 0 1
    outer loop
      vertex 35.0217 13.5589 3
      vertex 7.8 6.1 3
      vertex 35.0865 13.1221 3
    endloop
  endfacet
  facet normal 0 0 1
    outer loop
      vertex 35.0865 13.1221 3
      vertex 7.8 6.1 3
      vertex 35.1938 12.6937 3
    endloop
  endfacet
  facet normal 0 0 1
    outer loop
      vertex 35.1938 12.6937 3
      vertex 7.8 6.1 3
      vertex 35.3425 12.2779 3
    endloop
  endfacet
  facet normal 0 0 1
    outer loop
      vertex 35.3425 12.2779 3
      vertex 7.8 6.1 3
      vertex 35.5314 11.8787 3
    endloop
  endfacet
  facet normal 0 0 1
    outer loop
      vertex 7.79181 5.93337 3
      vertex 35.5314 11.8787 3
      vertex 7.8 6.1 3
    endloop
  endfacet
  facet normal 0 0 1
    outer loop
      vertex 35.5314 11.8787 3
      vertex 7.79181 5.93337 3
      vertex 35.7584 11.4999 3
    endloop
  endfacet
  facet normal 0 0 1
    outer loop
      vertex 7.76733 5.76835 3
      vertex 35.7584 11.4999 3
      vertex 7.79181 5.93337 3
    endloop
  endfacet
  facet normal 0 0 1
    outer loop
      vertex 35.7584 11.4999 3
      vertex 7.76733 5.76835 3
      vertex 36.0215 11.1452 3
    endloop
  endfacet
  facet normal 0 0 1
    outer loop
      vertex 7.7268 5.60652 3
      vertex 36.0215 11.1452 3
      vertex 7.76733 5.76835 3
    endloop
  endfacet
  facet normal 0 0 1
    outer loop
      vertex 7.6706 5.44944 3
      vertex 36.0215 11.1452 3
      vertex 7.7268 5.60652 3
    endloop
  endfacet
  facet normal 0 0 1
    outer loop
      vertex 36.0215 11.1452 3
      vertex 7.6706 5.44944 3
      vertex 36.318 10.818 3
    endloop
  endfacet
  facet normal 0 0 1
    outer loop
      vertex 7.59927 5.29862 3
      vertex 36.318 10.818 3
      vertex 7.6706 5.44944 3
    endloop
  endfacet
  facet normal 0 0 1
    outer loop
      vertex 36.318 10.818 3
      vertex 7.59927 5.29862 3
      vertex 36.6452 10.5215 3
    endloop
  endfacet
  facet normal 0 0 1
    outer loop
      vertex 7.5135 5.15553 3
      vertex 36.6452 10.5215 3
      vertex 7.59927 5.29862 3
    endloop
  endfacet
  facet normal 0 0 1
    outer loop
      vertex 36.6452 10.5215 3
      vertex 7.5135 5.15553 3
      vertex 36.9999 10.2584 3
    endloop
  endfacet
  facet normal 0 0 1
    outer loop
      vertex 7.41412 5.02153 3
      vertex 36.9999 10.2584 3
      vertex 7.5135 5.15553 3
    endloop
  endfacet
  facet normal 0 0 1
    outer loop
      vertex 36.9999 10.2584 3
      vertex 7.41412 5.02153 3
      vertex 37.3787 10.0314 3
    endloop
  endfacet
  facet normal 0 0 1
    outer loop
      vertex 7.30208 4.89792 3
      vertex 37.3787 10.0314 3
      vertex 7.41412 5.02153 3
    endloop
  endfacet
  facet normal 0 0 1
    outer loop
      vertex 37.3787 10.0314 3
      vertex 7.30208 4.89792 3
      vertex 37.7779 9.84254 3
    endloop
  endfacet
  facet normal 0 0 1
    outer loop
      vertex 7.17847 4.78588 3
      vertex 37.7779 9.84254 3
      vertex 7.30208 4.89792 3
    endloop
  endfacet
  facet normal 0 0 1
    outer loop
      vertex 37.7779 9.84254 3
      vertex 7.17847 4.78588 3
      vertex 38.1937 9.69377 3
    endloop
  endfacet
  facet normal 0 0 1
    outer loop
      vertex 7.04447 4.6865 3
      vertex 38.1937 9.69377 3
      vertex 7.17847 4.78588 3
    endloop
  endfacet
  facet normal 0 0 1
    outer loop
      vertex 1.17157 0 3
      vertex 38.1937 9.69377 3
      vertex 7.04447 4.6865 3
    endloop
  endfacet
  facet normal 0 0 1
    outer loop
      vertex 38.1937 9.69377 3
      vertex 1.17157 0 3
      vertex 38.6221 9.58647 3
    endloop
  endfacet
  facet normal 0 0 1
    outer loop
      vertex 1.17157 0 3
      vertex 7.04447 4.6865 3
      vertex 6.90137 4.60073 3
    endloop
  endfacet
  facet normal 0 0 1
    outer loop
      vertex 1.17157 0 3
      vertex 6.90137 4.60073 3
      vertex 6.75056 4.5294 3
    endloop
  endfacet
  facet normal 0 0 1
    outer loop
      vertex 1.17157 0 3
      vertex 6.75056 4.5294 3
      vertex 6.59348 4.4732 3
    endloop
  endfacet
  facet normal 0 0 1
    outer loop
      vertex 1.17157 0 3
      vertex 6.59348 4.4732 3
      vertex 6.43165 4.43266 3
    endloop
  endfacet
  facet normal 0 0 1
    outer loop
      vertex 1.17157 0 3
      vertex 6.43165 4.43266 3
      vertex 6.26663 4.40819 3
    endloop
  endfacet
  facet normal 0 0 1
    outer loop
      vertex 1.17157 0 3
      vertex 6.26663 4.40819 3
      vertex 6.1 4.4 3
    endloop
  endfacet
  facet normal 0 0 1
    outer loop
      vertex 1.17157 0 3
      vertex 6.1 4.4 3
      vertex 5.93337 4.40819 3
    endloop
  endfacet
  facet normal 0 0 1
    outer loop
      vertex 39.5 9.5 3
      vertex 1.17157 0 3
      vertex 82.8284 0 3
    endloop
  endfacet
  facet normal 0 0 1
    outer loop
      vertex 5.76835 4.43266 3
      vertex 1.17157 0 3
      vertex 5.93337 4.40819 3
    endloop
  endfacet
  facet normal 0 0 1
    outer loop
      vertex 5.60652 4.4732 3
      vertex 1.17157 0 3
      vertex 5.76835 4.43266 3
    endloop
  endfacet
  facet normal 0 0 1
    outer loop
      vertex 5.44944 4.5294 3
      vertex 1.17157 0 3
      vertex 5.60652 4.4732 3
    endloop
  endfacet
  facet normal 0 0 1
    outer loop
      vertex 5.29862 4.60073 3
      vertex 1.17157 0 3
      vertex 5.44944 4.5294 3
    endloop
  endfacet
  facet normal 0 0 1
    outer loop
      vertex 5.15553 4.6865 3
      vertex 1.17157 0 3
      vertex 5.29862 4.60073 3
    endloop
  endfacet
  facet normal 0 0 1
    outer loop
      vertex 5.02153 4.78588 3
      vertex 1.17157 0 3
      vertex 5.15553 4.6865 3
    endloop
  endfacet
  facet normal 0 0 1
    outer loop
      vertex 4.89792 4.89792 3
      vertex 1.17157 0 3
      vertex 5.02153 4.78588 3
    endloop
  endfacet
  facet normal 0 0 1
    outer loop
      vertex 0 1.17157 3
      vertex 4.89792 4.89792 3
      vertex 4.78588 5.02153 3
    endloop
  endfacet
  facet normal 0 0 1
    outer loop
      vertex 0 1.17157 3
      vertex 4.78588 5.02153 3
      vertex 4.6865 5.15553 3
    endloop
  endfacet
  facet normal 0 0 1
    outer loop
      vertex 0 1.17157 3
      vertex 4.6865 5.15553 3
      vertex 4.60073 5.29862 3
    endloop
  endfacet
  facet normal 0 0 1
    outer loop
      vertex 0 1.17157 3
      vertex 4.60073 5.29862 3
      vertex 4.5294 5.44944 3
    endloop
  endfacet
  facet normal 0 0 1
    outer loop
      vertex 0 1.17157 3
      vertex 4.5294 5.44944 3
      vertex 4.4732 5.60652 3
    endloop
  endfacet
  facet normal 0 0 1
    outer loop
      vertex 0 1.17157 3
      vertex 4.4732 5.60652 3
      vertex 4.43266 5.76835 3
    endloop
  endfacet
  facet normal 0 0 1
    outer loop
      vertex 0 1.17157 3
      vertex 4.43266 5.76835 3
      vertex 4.40819 5.93337 3
    endloop
  endfacet
  facet normal 0 0 1
    outer loop
      vertex 0 1.17157 3
      vertex 4.40819 5.93337 3
      vertex 4.4 6.1 3
    endloop
  endfacet
  facet normal 0 0 1
    outer loop
      vertex 4.43266 6.43165 3
      vertex 0 1.17157 3
      vertex 4.40819 6.26663 3
    endloop
  endfacet
  facet normal 0 0 1
    outer loop
      vertex 4.40819 6.26663 3
      vertex 0 1.17157 3
      vertex 4.4 6.1 3
    endloop
  endfacet
  facet normal 0 0 1
    outer loop
      vertex 4.89792 4.89792 3
      vertex 0 1.17157 3
      vertex 1.17157 0 3
    endloop
  endfacet
  facet normal 0 -1 0
    outer loop
      vertex 1.17157 0 0
      vertex 82.8284 0 3
      vertex 1.17157 0 3
    endloop
  endfacet
  facet normal 0 -1 -0
    outer loop
      vertex 82.8284 0 3
      vertex 1.17157 0 0
      vertex 82.8284 0 0
    endloop
  endfacet
  facet normal 0.595752 0.803168 -0
    outer loop
      vertex 48.9783 45.5031 3
      vertex 48.1113 46.1462 13
      vertex 48.9783 45.5031 13
    endloop
  endfacet
  facet normal 0.595752 0.803168 0
    outer loop
      vertex 48.1113 46.1462 13
      vertex 48.9783 45.5031 3
      vertex 48.1113 46.1462 3
    endloop
  endfacet
  facet normal -0.427581 0.903977 0
    outer loop
      vertex 37.7905 47.1627 3
      vertex 36.8146 46.7011 13
      vertex 37.7905 47.1627 13
    endloop
  endfacet
  facet normal -0.427581 0.903977 0
    outer loop
      vertex 36.8146 46.7011 13
      vertex 37.7905 47.1627 3
      vertex 36.8146 46.7011 3
    endloop
  endfacet
  facet normal -0.941566 0.336829 0
    outer loop
      vertex 31.4737 40.1931 3
      vertex 31.8373 41.2095 13
      vertex 31.8373 41.2095 3
    endloop
  endfacet
  facet normal -0.941566 0.336829 0
    outer loop
      vertex 31.8373 41.2095 13
      vertex 31.4737 40.1931 3
      vertex 31.4737 40.1931 13
    endloop
  endfacet
  facet normal 0.941566 -0.336829 0
    outer loop
      vertex 52.1627 32.7905 13
      vertex 52.5263 33.8069 3
      vertex 52.5263 33.8069 13
    endloop
  endfacet
  facet normal 0.941566 -0.336829 0
    outer loop
      vertex 52.5263 33.8069 3
      vertex 52.1627 32.7905 13
      vertex 52.1627 32.7905 3
    endloop
  endfacet
  facet normal -0.336829 -0.941566 0
    outer loop
      vertex 37.7905 26.8373 3
      vertex 38.8069 26.4737 13
      vertex 37.7905 26.8373 13
    endloop
  endfacet
  facet normal -0.336829 -0.941566 -0
    outer loop
      vertex 38.8069 26.4737 13
      vertex 37.7905 26.8373 3
      vertex 38.8069 26.4737 3
    endloop
  endfacet
  facet normal 0.903977 0.427581 0
    outer loop
      vertex 52.1627 41.2095 13
      vertex 51.7011 42.1854 3
      vertex 51.7011 42.1854 13
    endloop
  endfacet
  facet normal 0.903977 0.427581 0
    outer loop
      vertex 51.7011 42.1854 3
      vertex 52.1627 41.2095 13
      vertex 52.1627 41.2095 3
    endloop
  endfacet
  facet normal 0.857754 0.51406 0
    outer loop
      vertex 51.7011 42.1854 13
      vertex 51.1462 43.1113 3
      vertex 51.1462 43.1113 13
    endloop
  endfacet
  facet normal 0.857754 0.51406 0
    outer loop
      vertex 51.1462 43.1113 3
      vertex 51.7011 42.1854 13
      vertex 51.7011 42.1854 3
    endloop
  endfacet
  facet normal 0.336829 0.941566 -0
    outer loop
      vertex 46.2095 47.1627 3
      vertex 45.1931 47.5263 13
      vertex 46.2095 47.1627 13
    endloop
  endfacet
  facet normal 0.336829 0.941566 0
    outer loop
      vertex 45.1931 47.5263 13
      vertex 46.2095 47.1627 3
      vertex 45.1931 47.5263 3
    endloop
  endfacet
  facet normal 0.0490967 0.998794 -0
    outer loop
      vertex 43.0782 47.947 3
      vertex 42 48 13
      vertex 43.0782 47.947 13
    endloop
  endfacet
  facet normal 0.0490967 0.998794 0
    outer loop
      vertex 42 48 13
      vertex 43.0782 47.947 3
      vertex 42 48 3
    endloop
  endfacet
  facet normal -0.998794 0.0490967 0
    outer loop
      vertex 31 37 3
      vertex 31.053 38.0782 13
      vertex 31.053 38.0782 3
    endloop
  endfacet
  facet normal -0.998794 0.0490967 0
    outer loop
      vertex 31.053 38.0782 13
      vertex 31 37 3
      vertex 31 37 13
    endloop
  endfacet
  facet normal -0.803168 0.595752 0
    outer loop
      vertex 32.8538 43.1113 3
      vertex 33.4969 43.9783 13
      vertex 33.4969 43.9783 3
    endloop
  endfacet
  facet normal -0.803168 0.595752 0
    outer loop
      vertex 33.4969 43.9783 13
      vertex 32.8538 43.1113 3
      vertex 32.8538 43.1113 13
    endloop
  endfacet
  facet normal -0.242993 0.970028 0
    outer loop
      vertex 39.854 47.7886 3
      vertex 38.8069 47.5263 13
      vertex 39.854 47.7886 13
    endloop
  endfacet
  facet normal -0.242993 0.970028 0
    outer loop
      vertex 38.8069 47.5263 13
      vertex 39.854 47.7886 3
      vertex 38.8069 47.5263 3
    endloop
  endfacet
  facet normal 0.998794 -0.0490967 0
    outer loop
      vertex 52.947 35.9218 13
      vertex 53 37 3
      vertex 53 37 13
    endloop
  endfacet
  facet normal 0.998794 -0.0490967 0
    outer loop
      vertex 53 37 3
      vertex 52.947 35.9218 13
      vertex 52.947 35.9218 3
    endloop
  endfacet
  facet normal 0.803168 -0.595752 0
    outer loop
      vertex 50.5031 30.0217 13
      vertex 51.1462 30.8887 3
      vertex 51.1462 30.8887 13
    endloop
  endfacet
  facet normal 0.803168 -0.595752 0
    outer loop
      vertex 51.1462 30.8887 3
      vertex 50.5031 30.0217 13
      vertex 50.5031 30.0217 3
    endloop
  endfacet
  facet normal -0.0490967 -0.998794 0
    outer loop
      vertex 40.9218 26.053 3
      vertex 42 26 13
      vertex 40.9218 26.053 13
    endloop
  endfacet
  facet normal -0.0490967 -0.998794 -0
    outer loop
      vertex 42 26 13
      vertex 40.9218 26.053 3
      vertex 42 26 3
    endloop
  endfacet
  facet normal -0.595752 -0.803168 0
    outer loop
      vertex 35.0217 28.4969 3
      vertex 35.8887 27.8538 13
      vertex 35.0217 28.4969 13
    endloop
  endfacet
  facet normal -0.595752 -0.803168 -0
    outer loop
      vertex 35.8887 27.8538 13
      vertex 35.0217 28.4969 3
      vertex 35.8887 27.8538 3
    endloop
  endfacet
  facet normal 0.970028 0.242993 0
    outer loop
      vertex 52.7886 39.146 13
      vertex 52.5263 40.1931 3
      vertex 52.5263 40.1931 13
    endloop
  endfacet
  facet normal 0.970028 0.242993 0
    outer loop
      vertex 52.5263 40.1931 3
      vertex 52.7886 39.146 13
      vertex 52.7886 39.146 3
    endloop
  endfacet
  facet normal 0.941566 0.336829 0
    outer loop
      vertex 52.5263 40.1931 13
      vertex 52.1627 41.2095 3
      vertex 52.1627 41.2095 13
    endloop
  endfacet
  facet normal 0.941566 0.336829 0
    outer loop
      vertex 52.1627 41.2095 3
      vertex 52.5263 40.1931 13
      vertex 52.5263 40.1931 3
    endloop
  endfacet
  facet normal 0.740991 0.671515 0
    outer loop
      vertex 50.5031 43.9783 13
      vertex 49.7782 44.7782 3
      vertex 49.7782 44.7782 13
    endloop
  endfacet
  facet normal 0.740991 0.671515 0
    outer loop
      vertex 49.7782 44.7782 3
      vertex 50.5031 43.9783 13
      vertex 50.5031 43.9783 3
    endloop
  endfacet
  facet normal 0.803168 0.595752 0
    outer loop
      vertex 51.1462 43.1113 13
      vertex 50.5031 43.9783 3
      vertex 50.5031 43.9783 13
    endloop
  endfacet
  facet normal 0.803168 0.595752 0
    outer loop
      vertex 50.5031 43.9783 3
      vertex 51.1462 43.1113 13
      vertex 51.1462 43.1113 3
    endloop
  endfacet
  facet normal 0.671515 0.740991 -0
    outer loop
      vertex 49.7782 44.7782 3
      vertex 48.9783 45.5031 13
      vertex 49.7782 44.7782 13
    endloop
  endfacet
  facet normal 0.671515 0.740991 0
    outer loop
      vertex 48.9783 45.5031 13
      vertex 49.7782 44.7782 3
      vertex 48.9783 45.5031 3
    endloop
  endfacet
  facet normal 0.51406 0.857754 -0
    outer loop
      vertex 48.1113 46.1462 3
      vertex 47.1854 46.7011 13
      vertex 48.1113 46.1462 13
    endloop
  endfacet
  facet normal 0.51406 0.857754 0
    outer loop
      vertex 47.1854 46.7011 13
      vertex 48.1113 46.1462 3
      vertex 47.1854 46.7011 3
    endloop
  endfacet
  facet normal -0.0490967 0.998794 0
    outer loop
      vertex 42 48 3
      vertex 40.9218 47.947 13
      vertex 42 48 13
    endloop
  endfacet
  facet normal -0.0490967 0.998794 0
    outer loop
      vertex 40.9218 47.947 13
      vertex 42 48 3
      vertex 40.9218 47.947 3
    endloop
  endfacet
  facet normal 0.427581 0.903977 -0
    outer loop
      vertex 47.1854 46.7011 3
      vertex 46.2095 47.1627 13
      vertex 47.1854 46.7011 13
    endloop
  endfacet
  facet normal 0.427581 0.903977 0
    outer loop
      vertex 46.2095 47.1627 13
      vertex 47.1854 46.7011 3
      vertex 46.2095 47.1627 3
    endloop
  endfacet
  facet normal 0.242993 0.970028 -0
    outer loop
      vertex 45.1931 47.5263 3
      vertex 44.146 47.7886 13
      vertex 45.1931 47.5263 13
    endloop
  endfacet
  facet normal 0.242993 0.970028 0
    outer loop
      vertex 44.146 47.7886 13
      vertex 45.1931 47.5263 3
      vertex 44.146 47.7886 3
    endloop
  endfacet
  facet normal 0.146737 0.989176 -0
    outer loop
      vertex 44.146 47.7886 3
      vertex 43.0782 47.947 13
      vertex 44.146 47.7886 13
    endloop
  endfacet
  facet normal 0.146737 0.989176 0
    outer loop
      vertex 43.0782 47.947 13
      vertex 44.146 47.7886 3
      vertex 43.0782 47.947 3
    endloop
  endfacet
  facet normal -0.998794 -0.0490967 0
    outer loop
      vertex 31.053 35.9218 3
      vertex 31 37 13
      vertex 31 37 3
    endloop
  endfacet
  facet normal -0.998794 -0.0490967 0
    outer loop
      vertex 31 37 13
      vertex 31.053 35.9218 3
      vertex 31.053 35.9218 13
    endloop
  endfacet
  facet normal -0.970028 0.242993 0
    outer loop
      vertex 31.2114 39.146 3
      vertex 31.4737 40.1931 13
      vertex 31.4737 40.1931 3
    endloop
  endfacet
  facet normal -0.970028 0.242993 0
    outer loop
      vertex 31.4737 40.1931 13
      vertex 31.2114 39.146 3
      vertex 31.2114 39.146 13
    endloop
  endfacet
  facet normal -0.989176 0.146737 0
    outer loop
      vertex 31.053 38.0782 3
      vertex 31.2114 39.146 13
      vertex 31.2114 39.146 3
    endloop
  endfacet
  facet normal -0.989176 0.146737 0
    outer loop
      vertex 31.2114 39.146 13
      vertex 31.053 38.0782 3
      vertex 31.053 38.0782 13
    endloop
  endfacet
  facet normal -0.903977 0.427581 0
    outer loop
      vertex 31.8373 41.2095 3
      vertex 32.2989 42.1854 13
      vertex 32.2989 42.1854 3
    endloop
  endfacet
  facet normal -0.903977 0.427581 0
    outer loop
      vertex 32.2989 42.1854 13
      vertex 31.8373 41.2095 3
      vertex 31.8373 41.2095 13
    endloop
  endfacet
  facet normal -0.857754 0.51406 0
    outer loop
      vertex 32.2989 42.1854 3
      vertex 32.8538 43.1113 13
      vertex 32.8538 43.1113 3
    endloop
  endfacet
  facet normal -0.857754 0.51406 0
    outer loop
      vertex 32.8538 43.1113 13
      vertex 32.2989 42.1854 3
      vertex 32.2989 42.1854 13
    endloop
  endfacet
  facet normal -0.336829 0.941566 0
    outer loop
      vertex 38.8069 47.5263 3
      vertex 37.7905 47.1627 13
      vertex 38.8069 47.5263 13
    endloop
  endfacet
  facet normal -0.336829 0.941566 0
    outer loop
      vertex 37.7905 47.1627 13
      vertex 38.8069 47.5263 3
      vertex 37.7905 47.1627 3
    endloop
  endfacet
  facet normal -0.146737 0.989176 0
    outer loop
      vertex 40.9218 47.947 3
      vertex 39.854 47.7886 13
      vertex 40.9218 47.947 13
    endloop
  endfacet
  facet normal -0.146737 0.989176 0
    outer loop
      vertex 39.854 47.7886 13
      vertex 40.9218 47.947 3
      vertex 39.854 47.7886 3
    endloop
  endfacet
  facet normal -0.595752 0.803168 0
    outer loop
      vertex 35.8887 46.1462 3
      vertex 35.0217 45.5031 13
      vertex 35.8887 46.1462 13
    endloop
  endfacet
  facet normal -0.595752 0.803168 0
    outer loop
      vertex 35.0217 45.5031 13
      vertex 35.8887 46.1462 3
      vertex 35.0217 45.5031 3
    endloop
  endfacet
  facet normal -0.671515 0.740991 0
    outer loop
      vertex 35.0217 45.5031 3
      vertex 34.2218 44.7782 13
      vertex 35.0217 45.5031 13
    endloop
  endfacet
  facet normal -0.671515 0.740991 0
    outer loop
      vertex 34.2218 44.7782 13
      vertex 35.0217 45.5031 3
      vertex 34.2218 44.7782 3
    endloop
  endfacet
  facet normal -0.51406 0.857754 0
    outer loop
      vertex 36.8146 46.7011 3
      vertex 35.8887 46.1462 13
      vertex 36.8146 46.7011 13
    endloop
  endfacet
  facet normal -0.51406 0.857754 0
    outer loop
      vertex 35.8887 46.1462 13
      vertex 36.8146 46.7011 3
      vertex 35.8887 46.1462 3
    endloop
  endfacet
  facet normal -0.740991 0.671515 0
    outer loop
      vertex 33.4969 43.9783 3
      vertex 34.2218 44.7782 13
      vertex 34.2218 44.7782 3
    endloop
  endfacet
  facet normal -0.740991 0.671515 0
    outer loop
      vertex 34.2218 44.7782 13
      vertex 33.4969 43.9783 3
      vertex 33.4969 43.9783 13
    endloop
  endfacet
  facet normal 0.998794 0.0490967 0
    outer loop
      vertex 53 37 13
      vertex 52.947 38.0782 3
      vertex 52.947 38.0782 13
    endloop
  endfacet
  facet normal 0.998794 0.0490967 0
    outer loop
      vertex 52.947 38.0782 3
      vertex 53 37 13
      vertex 53 37 3
    endloop
  endfacet
  facet normal 0.146737 -0.989176 0
    outer loop
      vertex 43.0782 26.053 3
      vertex 44.146 26.2114 13
      vertex 43.0782 26.053 13
    endloop
  endfacet
  facet normal 0.146737 -0.989176 0
    outer loop
      vertex 44.146 26.2114 13
      vertex 43.0782 26.053 3
      vertex 44.146 26.2114 3
    endloop
  endfacet
  facet normal 0.242993 -0.970028 0
    outer loop
      vertex 44.146 26.2114 3
      vertex 45.1931 26.4737 13
      vertex 44.146 26.2114 13
    endloop
  endfacet
  facet normal 0.242993 -0.970028 0
    outer loop
      vertex 45.1931 26.4737 13
      vertex 44.146 26.2114 3
      vertex 45.1931 26.4737 3
    endloop
  endfacet
  facet normal 0.336829 -0.941566 0
    outer loop
      vertex 45.1931 26.4737 3
      vertex 46.2095 26.8373 13
      vertex 45.1931 26.4737 13
    endloop
  endfacet
  facet normal 0.336829 -0.941566 0
    outer loop
      vertex 46.2095 26.8373 13
      vertex 45.1931 26.4737 3
      vertex 46.2095 26.8373 3
    endloop
  endfacet
  facet normal 0.671515 -0.740991 0
    outer loop
      vertex 48.9783 28.4969 3
      vertex 49.7782 29.2218 13
      vertex 48.9783 28.4969 13
    endloop
  endfacet
  facet normal 0.671515 -0.740991 0
    outer loop
      vertex 49.7782 29.2218 13
      vertex 48.9783 28.4969 3
      vertex 49.7782 29.2218 3
    endloop
  endfacet
  facet normal 0.51406 -0.857754 0
    outer loop
      vertex 47.1854 27.2989 3
      vertex 48.1113 27.8538 13
      vertex 47.1854 27.2989 13
    endloop
  endfacet
  facet normal 0.51406 -0.857754 0
    outer loop
      vertex 48.1113 27.8538 13
      vertex 47.1854 27.2989 3
      vertex 48.1113 27.8538 3
    endloop
  endfacet
  facet normal 0.903977 -0.427581 0
    outer loop
      vertex 51.7011 31.8146 13
      vertex 52.1627 32.7905 3
      vertex 52.1627 32.7905 13
    endloop
  endfacet
  facet normal 0.903977 -0.427581 0
    outer loop
      vertex 52.1627 32.7905 3
      vertex 51.7011 31.8146 13
      vertex 51.7011 31.8146 3
    endloop
  endfacet
  facet normal 0.0490967 -0.998794 0
    outer loop
      vertex 42 26 3
      vertex 43.0782 26.053 13
      vertex 42 26 13
    endloop
  endfacet
  facet normal 0.0490967 -0.998794 0
    outer loop
      vertex 43.0782 26.053 13
      vertex 42 26 3
      vertex 43.0782 26.053 3
    endloop
  endfacet
  facet normal -0.242993 -0.970028 0
    outer loop
      vertex 38.8069 26.4737 3
      vertex 39.854 26.2114 13
      vertex 38.8069 26.4737 13
    endloop
  endfacet
  facet normal -0.242993 -0.970028 -0
    outer loop
      vertex 39.854 26.2114 13
      vertex 38.8069 26.4737 3
      vertex 39.854 26.2114 3
    endloop
  endfacet
  facet normal -0.427581 -0.903977 0
    outer loop
      vertex 36.8146 27.2989 3
      vertex 37.7905 26.8373 13
      vertex 36.8146 27.2989 13
    endloop
  endfacet
  facet normal -0.427581 -0.903977 -0
    outer loop
      vertex 37.7905 26.8373 13
      vertex 36.8146 27.2989 3
      vertex 37.7905 26.8373 3
    endloop
  endfacet
  facet normal -0.941566 -0.336829 0
    outer loop
      vertex 31.8373 32.7905 3
      vertex 31.4737 33.8069 13
      vertex 31.4737 33.8069 3
    endloop
  endfacet
  facet normal -0.941566 -0.336829 0
    outer loop
      vertex 31.4737 33.8069 13
      vertex 31.8373 32.7905 3
      vertex 31.8373 32.7905 13
    endloop
  endfacet
  facet normal -0.989176 -0.146737 0
    outer loop
      vertex 31.2114 34.854 3
      vertex 31.053 35.9218 13
      vertex 31.053 35.9218 3
    endloop
  endfacet
  facet normal -0.989176 -0.146737 0
    outer loop
      vertex 31.053 35.9218 13
      vertex 31.2114 34.854 3
      vertex 31.2114 34.854 13
    endloop
  endfacet
  facet normal -0.740991 -0.671515 0
    outer loop
      vertex 34.2218 29.2218 3
      vertex 33.4969 30.0217 13
      vertex 33.4969 30.0217 3
    endloop
  endfacet
  facet normal -0.740991 -0.671515 0
    outer loop
      vertex 33.4969 30.0217 13
      vertex 34.2218 29.2218 3
      vertex 34.2218 29.2218 13
    endloop
  endfacet
  facet normal -0.857754 -0.51406 0
    outer loop
      vertex 32.8538 30.8887 3
      vertex 32.2989 31.8146 13
      vertex 32.2989 31.8146 3
    endloop
  endfacet
  facet normal -0.857754 -0.51406 0
    outer loop
      vertex 32.2989 31.8146 13
      vertex 32.8538 30.8887 3
      vertex 32.8538 30.8887 13
    endloop
  endfacet
  facet normal -0.671515 -0.740991 0
    outer loop
      vertex 34.2218 29.2218 3
      vertex 35.0217 28.4969 13
      vertex 34.2218 29.2218 13
    endloop
  endfacet
  facet normal -0.671515 -0.740991 -0
    outer loop
      vertex 35.0217 28.4969 13
      vertex 34.2218 29.2218 3
      vertex 35.0217 28.4969 3
    endloop
  endfacet
  facet normal 0.989176 0.146737 0
    outer loop
      vertex 52.947 38.0782 13
      vertex 52.7886 39.146 3
      vertex 52.7886 39.146 13
    endloop
  endfacet
  facet normal 0.989176 0.146737 0
    outer loop
      vertex 52.7886 39.146 3
      vertex 52.947 38.0782 13
      vertex 52.947 38.0782 3
    endloop
  endfacet
  facet normal 0 0 1
    outer loop
      vertex 48.5818 37 13
      vertex 53 37 13
      vertex 52.947 38.0782 13
    endloop
  endfacet
  facet normal 0 0 1
    outer loop
      vertex 48.5818 37 13
      vertex 52.947 38.0782 13
      vertex 52.7886 39.146 13
    endloop
  endfacet
  facet normal 0 0 1
    outer loop
      vertex 53 37 13
      vertex 48.5818 37 13
      vertex 52.947 35.9218 13
    endloop
  endfacet
  facet normal 0 0 1
    outer loop
      vertex 48.5818 37 13
      vertex 52.7886 39.146 13
      vertex 52.5263 40.1931 13
    endloop
  endfacet
  facet normal 0 0 1
    outer loop
      vertex 52.947 35.9218 13
      vertex 48.5818 37 13
      vertex 52.7886 34.854 13
    endloop
  endfacet
  facet normal 0 0 1
    outer loop
      vertex 48.5818 37 13
      vertex 52.5263 40.1931 13
      vertex 52.1627 41.2095 13
    endloop
  endfacet
  facet normal 0 0 1
    outer loop
      vertex 52.7886 34.854 13
      vertex 48.5818 37 13
      vertex 52.5263 33.8069 13
    endloop
  endfacet
  facet normal 0 0 1
    outer loop
      vertex 48.5818 37 13
      vertex 52.1627 41.2095 13
      vertex 51.7011 42.1854 13
    endloop
  endfacet
  facet normal 0 0 1
    outer loop
      vertex 52.5263 33.8069 13
      vertex 48.5818 37 13
      vertex 52.1627 32.7905 13
    endloop
  endfacet
  facet normal -0 0 1
    outer loop
      vertex 45.2909 42.7 13
      vertex 51.7011 42.1854 13
      vertex 51.1462 43.1113 13
    endloop
  endfacet
  facet normal 0 0 1
    outer loop
      vertex 52.1627 32.7905 13
      vertex 48.5818 37 13
      vertex 51.7011 31.8146 13
    endloop
  endfacet
  facet normal 0 0 1
    outer loop
      vertex 45.2909 42.7 13
      vertex 51.1462 43.1113 13
      vertex 50.5031 43.9783 13
    endloop
  endfacet
  facet normal 0 0 1
    outer loop
      vertex 45.2909 31.3 13
      vertex 51.7011 31.8146 13
      vertex 48.5818 37 13
    endloop
  endfacet
  facet normal 0 0 1
    outer loop
      vertex 45.2909 42.7 13
      vertex 50.5031 43.9783 13
      vertex 49.7782 44.7782 13
    endloop
  endfacet
  facet normal 0 0 1
    outer loop
      vertex 51.7011 31.8146 13
      vertex 45.2909 31.3 13
      vertex 51.1462 30.8887 13
    endloop
  endfacet
  facet normal 0 0 1
    outer loop
      vertex 45.2909 42.7 13
      vertex 49.7782 44.7782 13
      vertex 48.9783 45.5031 13
    endloop
  endfacet
  facet normal 0 0 1
    outer loop
      vertex 51.1462 30.8887 13
      vertex 45.2909 31.3 13
      vertex 50.5031 30.0217 13
    endloop
  endfacet
  facet normal 0 0 1
    outer loop
      vertex 50.5031 30.0217 13
      vertex 45.2909 31.3 13
      vertex 49.7782 29.2218 13
    endloop
  endfacet
  facet normal 0 0 1
    outer loop
      vertex 45.2909 42.7 13
      vertex 48.9783 45.5031 13
      vertex 48.1113 46.1462 13
    endloop
  endfacet
  facet normal 0 0 1
    outer loop
      vertex 45.2909 42.7 13
      vertex 48.1113 46.1462 13
      vertex 47.1854 46.7011 13
    endloop
  endfacet
  facet normal 0 0 1
    outer loop
      vertex 45.2909 42.7 13
      vertex 47.1854 46.7011 13
      vertex 46.2095 47.1627 13
    endloop
  endfacet
  facet normal 0 0 1
    outer loop
      vertex 51.7011 42.1854 13
      vertex 45.2909 42.7 13
      vertex 48.5818 37 13
    endloop
  endfacet
  facet normal 0 0 1
    outer loop
      vertex 45.1931 47.5263 13
      vertex 45.2909 42.7 13
      vertex 46.2095 47.1627 13
    endloop
  endfacet
  facet normal 0 0 1
    outer loop
      vertex 44.146 47.7886 13
      vertex 45.2909 42.7 13
      vertex 45.1931 47.5263 13
    endloop
  endfacet
  facet normal 0 0 1
    outer loop
      vertex 43.0782 47.947 13
      vertex 45.2909 42.7 13
      vertex 44.146 47.7886 13
    endloop
  endfacet
  facet normal 0 0 1
    outer loop
      vertex 42 48 13
      vertex 45.2909 42.7 13
      vertex 43.0782 47.947 13
    endloop
  endfacet
  facet normal 0 0 1
    outer loop
      vertex 38.7091 42.7 13
      vertex 42 48 13
      vertex 40.9218 47.947 13
    endloop
  endfacet
  facet normal 0 0 1
    outer loop
      vertex 38.7091 42.7 13
      vertex 40.9218 47.947 13
      vertex 39.854 47.7886 13
    endloop
  endfacet
  facet normal 0 0 1
    outer loop
      vertex 38.7091 42.7 13
      vertex 39.854 47.7886 13
      vertex 38.8069 47.5263 13
    endloop
  endfacet
  facet normal 0 0 1
    outer loop
      vertex 42 48 13
      vertex 38.7091 42.7 13
      vertex 45.2909 42.7 13
    endloop
  endfacet
  facet normal -0 0 1
    outer loop
      vertex 37.7905 47.1627 13
      vertex 38.7091 42.7 13
      vertex 38.8069 47.5263 13
    endloop
  endfacet
  facet normal -0 0 1
    outer loop
      vertex 36.8146 46.7011 13
      vertex 38.7091 42.7 13
      vertex 37.7905 47.1627 13
    endloop
  endfacet
  facet normal -0 0 1
    outer loop
      vertex 35.8887 46.1462 13
      vertex 38.7091 42.7 13
      vertex 36.8146 46.7011 13
    endloop
  endfacet
  facet normal -0 0 1
    outer loop
      vertex 35.0217 45.5031 13
      vertex 38.7091 42.7 13
      vertex 35.8887 46.1462 13
    endloop
  endfacet
  facet normal -0 0 1
    outer loop
      vertex 34.2218 44.7782 13
      vertex 38.7091 42.7 13
      vertex 35.0217 45.5031 13
    endloop
  endfacet
  facet normal 0 0 1
    outer loop
      vertex 49.7782 29.2218 13
      vertex 45.2909 31.3 13
      vertex 48.9783 28.4969 13
    endloop
  endfacet
  facet normal 0 0 1
    outer loop
      vertex 48.9783 28.4969 13
      vertex 45.2909 31.3 13
      vertex 48.1113 27.8538 13
    endloop
  endfacet
  facet normal 0 0 1
    outer loop
      vertex 48.1113 27.8538 13
      vertex 45.2909 31.3 13
      vertex 47.1854 27.2989 13
    endloop
  endfacet
  facet normal 0 0 1
    outer loop
      vertex 47.1854 27.2989 13
      vertex 45.2909 31.3 13
      vertex 46.2095 26.8373 13
    endloop
  endfacet
  facet normal 0 0 1
    outer loop
      vertex 45.2909 31.3 13
      vertex 45.1931 26.4737 13
      vertex 46.2095 26.8373 13
    endloop
  endfacet
  facet normal 0 0 1
    outer loop
      vertex 45.2909 31.3 13
      vertex 44.146 26.2114 13
      vertex 45.1931 26.4737 13
    endloop
  endfacet
  facet normal 0 0 1
    outer loop
      vertex 45.2909 31.3 13
      vertex 43.0782 26.053 13
      vertex 44.146 26.2114 13
    endloop
  endfacet
  facet normal 0 0 1
    outer loop
      vertex 45.2909 31.3 13
      vertex 42 26 13
      vertex 43.0782 26.053 13
    endloop
  endfacet
  facet normal -0 0 1
    outer loop
      vertex 38.7091 31.3 13
      vertex 42 26 13
      vertex 45.2909 31.3 13
    endloop
  endfacet
  facet normal 0 0 1
    outer loop
      vertex 42 26 13
      vertex 38.7091 31.3 13
      vertex 40.9218 26.053 13
    endloop
  endfacet
  facet normal 0 0 1
    outer loop
      vertex 40.9218 26.053 13
      vertex 38.7091 31.3 13
      vertex 39.854 26.2114 13
    endloop
  endfacet
  facet normal 0 0 1
    outer loop
      vertex 39.854 26.2114 13
      vertex 38.7091 31.3 13
      vertex 38.8069 26.4737 13
    endloop
  endfacet
  facet normal 0 0 1
    outer loop
      vertex 38.7091 31.3 13
      vertex 37.7905 26.8373 13
      vertex 38.8069 26.4737 13
    endloop
  endfacet
  facet normal 0 0 1
    outer loop
      vertex 38.7091 31.3 13
      vertex 36.8146 27.2989 13
      vertex 37.7905 26.8373 13
    endloop
  endfacet
  facet normal 0 0 1
    outer loop
      vertex 38.7091 31.3 13
      vertex 35.8887 27.8538 13
      vertex 36.8146 27.2989 13
    endloop
  endfacet
  facet normal -0 0 1
    outer loop
      vertex 32.2989 31.8146 13
      vertex 38.7091 31.3 13
      vertex 35.4182 37 13
    endloop
  endfacet
  facet normal 0 0 1
    outer loop
      vertex 38.7091 31.3 13
      vertex 35.0217 28.4969 13
      vertex 35.8887 27.8538 13
    endloop
  endfacet
  facet normal -0 0 1
    outer loop
      vertex 33.4969 43.9783 13
      vertex 38.7091 42.7 13
      vertex 34.2218 44.7782 13
    endloop
  endfacet
  facet normal -0 0 1
    outer loop
      vertex 32.8538 43.1113 13
      vertex 38.7091 42.7 13
      vertex 33.4969 43.9783 13
    endloop
  endfacet
  facet normal 0 0 1
    outer loop
      vertex 38.7091 31.3 13
      vertex 34.2218 29.2218 13
      vertex 35.0217 28.4969 13
    endloop
  endfacet
  facet normal 0 0 1
    outer loop
      vertex 32.2989 42.1854 13
      vertex 38.7091 42.7 13
      vertex 32.8538 43.1113 13
    endloop
  endfacet
  facet normal 0 0 1
    outer loop
      vertex 38.7091 31.3 13
      vertex 33.4969 30.0217 13
      vertex 34.2218 29.2218 13
    endloop
  endfacet
  facet normal 0 0 1
    outer loop
      vertex 38.7091 42.7 13
      vertex 32.2989 42.1854 13
      vertex 35.4182 37 13
    endloop
  endfacet
  facet normal 0 0 1
    outer loop
      vertex 38.7091 31.3 13
      vertex 32.8538 30.8887 13
      vertex 33.4969 30.0217 13
    endloop
  endfacet
  facet normal -0 0 1
    outer loop
      vertex 31.8373 41.2095 13
      vertex 35.4182 37 13
      vertex 32.2989 42.1854 13
    endloop
  endfacet
  facet normal 0 0 1
    outer loop
      vertex 38.7091 31.3 13
      vertex 32.2989 31.8146 13
      vertex 32.8538 30.8887 13
    endloop
  endfacet
  facet normal -0 0 1
    outer loop
      vertex 31.4737 40.1931 13
      vertex 35.4182 37 13
      vertex 31.8373 41.2095 13
    endloop
  endfacet
  facet normal 0 0 1
    outer loop
      vertex 35.4182 37 13
      vertex 31.8373 32.7905 13
      vertex 32.2989 31.8146 13
    endloop
  endfacet
  facet normal -0 0 1
    outer loop
      vertex 31.2114 39.146 13
      vertex 35.4182 37 13
      vertex 31.4737 40.1931 13
    endloop
  endfacet
  facet normal 0 0 1
    outer loop
      vertex 35.4182 37 13
      vertex 31.4737 33.8069 13
      vertex 31.8373 32.7905 13
    endloop
  endfacet
  facet normal -0 0 1
    outer loop
      vertex 31.053 38.0782 13
      vertex 35.4182 37 13
      vertex 31.2114 39.146 13
    endloop
  endfacet
  facet normal 0 0 1
    outer loop
      vertex 35.4182 37 13
      vertex 31.2114 34.854 13
      vertex 31.4737 33.8069 13
    endloop
  endfacet
  facet normal 0 0 1
    outer loop
      vertex 31 37 13
      vertex 35.4182 37 13
      vertex 31.053 38.0782 13
    endloop
  endfacet
  facet normal 0 0 1
    outer loop
      vertex 35.4182 37 13
      vertex 31.053 35.9218 13
      vertex 31.2114 34.854 13
    endloop
  endfacet
  facet normal 0 0 1
    outer loop
      vertex 35.4182 37 13
      vertex 31 37 13
      vertex 31.053 35.9218 13
    endloop
  endfacet
  facet normal 0.989176 -0.146737 0
    outer loop
      vertex 52.7886 34.854 13
      vertex 52.947 35.9218 3
      vertex 52.947 35.9218 13
    endloop
  endfacet
  facet normal 0.989176 -0.146737 0
    outer loop
      vertex 52.947 35.9218 3
      vertex 52.7886 34.854 13
      vertex 52.7886 34.854 3
    endloop
  endfacet
  facet normal 0.970028 -0.242993 0
    outer loop
      vertex 52.5263 33.8069 13
      vertex 52.7886 34.854 3
      vertex 52.7886 34.854 13
    endloop
  endfacet
  facet normal 0.970028 -0.242993 0
    outer loop
      vertex 52.7886 34.854 3
      vertex 52.5263 33.8069 13
      vertex 52.5263 33.8069 3
    endloop
  endfacet
  facet normal 0.427581 -0.903977 0
    outer loop
      vertex 46.2095 26.8373 3
      vertex 47.1854 27.2989 13
      vertex 46.2095 26.8373 13
    endloop
  endfacet
  facet normal 0.427581 -0.903977 0
    outer loop
      vertex 47.1854 27.2989 13
      vertex 46.2095 26.8373 3
      vertex 47.1854 27.2989 3
    endloop
  endfacet
  facet normal 0.740991 -0.671515 0
    outer loop
      vertex 49.7782 29.2218 13
      vertex 50.5031 30.0217 3
      vertex 50.5031 30.0217 13
    endloop
  endfacet
  facet normal 0.740991 -0.671515 0
    outer loop
      vertex 50.5031 30.0217 3
      vertex 49.7782 29.2218 13
      vertex 49.7782 29.2218 3
    endloop
  endfacet
  facet normal 0.595752 -0.803168 0
    outer loop
      vertex 48.1113 27.8538 3
      vertex 48.9783 28.4969 13
      vertex 48.1113 27.8538 13
    endloop
  endfacet
  facet normal 0.595752 -0.803168 0
    outer loop
      vertex 48.9783 28.4969 13
      vertex 48.1113 27.8538 3
      vertex 48.9783 28.4969 3
    endloop
  endfacet
  facet normal 0.857754 -0.51406 0
    outer loop
      vertex 51.1462 30.8887 13
      vertex 51.7011 31.8146 3
      vertex 51.7011 31.8146 13
    endloop
  endfacet
  facet normal 0.857754 -0.51406 0
    outer loop
      vertex 51.7011 31.8146 3
      vertex 51.1462 30.8887 13
      vertex 51.1462 30.8887 3
    endloop
  endfacet
  facet normal -0.146737 -0.989176 0
    outer loop
      vertex 39.854 26.2114 3
      vertex 40.9218 26.053 13
      vertex 39.854 26.2114 13
    endloop
  endfacet
  facet normal -0.146737 -0.989176 -0
    outer loop
      vertex 40.9218 26.053 13
      vertex 39.854 26.2114 3
      vertex 40.9218 26.053 3
    endloop
  endfacet
  facet normal -0.51406 -0.857754 0
    outer loop
      vertex 35.8887 27.8538 3
      vertex 36.8146 27.2989 13
      vertex 35.8887 27.8538 13
    endloop
  endfacet
  facet normal -0.51406 -0.857754 -0
    outer loop
      vertex 36.8146 27.2989 13
      vertex 35.8887 27.8538 3
      vertex 36.8146 27.2989 3
    endloop
  endfacet
  facet normal -0.903977 -0.427581 0
    outer loop
      vertex 32.2989 31.8146 3
      vertex 31.8373 32.7905 13
      vertex 31.8373 32.7905 3
    endloop
  endfacet
  facet normal -0.903977 -0.427581 0
    outer loop
      vertex 31.8373 32.7905 13
      vertex 32.2989 31.8146 3
      vertex 32.2989 31.8146 13
    endloop
  endfacet
  facet normal -0.970028 -0.242993 0
    outer loop
      vertex 31.4737 33.8069 3
      vertex 31.2114 34.854 13
      vertex 31.2114 34.854 3
    endloop
  endfacet
  facet normal -0.970028 -0.242993 0
    outer loop
      vertex 31.2114 34.854 13
      vertex 31.4737 33.8069 3
      vertex 31.4737 33.8069 13
    endloop
  endfacet
  facet normal -0.803168 -0.595752 0
    outer loop
      vertex 33.4969 30.0217 3
      vertex 32.8538 30.8887 13
      vertex 32.8538 30.8887 3
    endloop
  endfacet
  facet normal -0.803168 -0.595752 0
    outer loop
      vertex 32.8538 30.8887 13
      vertex 33.4969 30.0217 3
      vertex 33.4969 30.0217 13
    endloop
  endfacet
  facet normal -0.595695 -0.803211 0
    outer loop
      vertex 7.04447 7.5135 0
      vertex 7.17847 7.41412 3
      vertex 7.04447 7.5135 3
    endloop
  endfacet
  facet normal -0.595695 -0.803211 -0
    outer loop
      vertex 7.17847 7.41412 3
      vertex 7.04447 7.5135 0
      vertex 7.17847 7.41412 0
    endloop
  endfacet
  facet normal 0.427543 -0.903995 0
    outer loop
      vertex 5.29862 7.59927 0
      vertex 5.44944 7.6706 3
      vertex 5.29862 7.59927 3
    endloop
  endfacet
  facet normal 0.427543 -0.903995 0
    outer loop
      vertex 5.44944 7.6706 3
      vertex 5.29862 7.59927 0
      vertex 5.44944 7.6706 0
    endloop
  endfacet
  facet normal 0.903984 -0.427566 0
    outer loop
      vertex 4.5294 6.75056 3
      vertex 4.60073 6.90137 0
      vertex 4.60073 6.90137 3
    endloop
  endfacet
  facet normal 0.903984 -0.427566 0
    outer loop
      vertex 4.60073 6.90137 0
      vertex 4.5294 6.75056 3
      vertex 4.5294 6.75056 0
    endloop
  endfacet
  facet normal -0.903984 -0.427566 0
    outer loop
      vertex 7.6706 6.75056 0
      vertex 7.59927 6.90137 3
      vertex 7.59927 6.90137 0
    endloop
  endfacet
  facet normal -0.903984 -0.427566 0
    outer loop
      vertex 7.59927 6.90137 3
      vertex 7.6706 6.75056 0
      vertex 7.6706 6.75056 3
    endloop
  endfacet
  facet normal -0.857731 -0.514099 0
    outer loop
      vertex 7.59927 6.90137 0
      vertex 7.5135 7.04447 3
      vertex 7.5135 7.04447 0
    endloop
  endfacet
  facet normal -0.857731 -0.514099 0
    outer loop
      vertex 7.5135 7.04447 3
      vertex 7.59927 6.90137 0
      vertex 7.59927 6.90137 3
    endloop
  endfacet
  facet normal -0.336868 -0.941552 0
    outer loop
      vertex 6.59348 7.7268 0
      vertex 6.75056 7.6706 3
      vertex 6.59348 7.7268 3
    endloop
  endfacet
  facet normal -0.336868 -0.941552 -0
    outer loop
      vertex 6.75056 7.6706 3
      vertex 6.59348 7.7268 0
      vertex 6.75056 7.6706 0
    endloop
  endfacet
  facet normal -0.0490916 -0.998794 0
    outer loop
      vertex 6.1 7.8 0
      vertex 6.26663 7.79181 3
      vertex 6.1 7.8 3
    endloop
  endfacet
  facet normal -0.0490916 -0.998794 -0
    outer loop
      vertex 6.26663 7.79181 3
      vertex 6.1 7.8 0
      vertex 6.26663 7.79181 0
    endloop
  endfacet
  facet normal 0.740932 -0.67158 0
    outer loop
      vertex 4.78588 7.17847 3
      vertex 4.89792 7.30208 0
      vertex 4.89792 7.30208 3
    endloop
  endfacet
  facet normal 0.740932 -0.67158 0
    outer loop
      vertex 4.89792 7.30208 0
      vertex 4.78588 7.17847 3
      vertex 4.78588 7.17847 0
    endloop
  endfacet
  facet normal 0.514125 -0.857715 0
    outer loop
      vertex 5.15553 7.5135 0
      vertex 5.29862 7.59927 3
      vertex 5.15553 7.5135 3
    endloop
  endfacet
  facet normal 0.514125 -0.857715 0
    outer loop
      vertex 5.29862 7.59927 3
      vertex 5.15553 7.5135 0
      vertex 5.29862 7.59927 0
    endloop
  endfacet
  facet normal 0.242945 -0.97004 0
    outer loop
      vertex 5.60652 7.7268 0
      vertex 5.76835 7.76733 3
      vertex 5.60652 7.7268 3
    endloop
  endfacet
  facet normal 0.242945 -0.97004 0
    outer loop
      vertex 5.76835 7.76733 3
      vertex 5.60652 7.7268 0
      vertex 5.76835 7.76733 0
    endloop
  endfacet
  facet normal -0.989175 0.14674 0
    outer loop
      vertex 7.76733 5.76835 0
      vertex 7.79181 5.93337 3
      vertex 7.79181 5.93337 0
    endloop
  endfacet
  facet normal -0.989175 0.14674 0
    outer loop
      vertex 7.79181 5.93337 3
      vertex 7.76733 5.76835 0
      vertex 7.76733 5.76835 3
    endloop
  endfacet
  facet normal -0.740932 0.67158 0
    outer loop
      vertex 7.30208 4.89792 0
      vertex 7.41412 5.02153 3
      vertex 7.41412 5.02153 0
    endloop
  endfacet
  facet normal -0.740932 0.67158 0
    outer loop
      vertex 7.41412 5.02153 3
      vertex 7.30208 4.89792 0
      vertex 7.30208 4.89792 3
    endloop
  endfacet
  facet normal 0.146681 0.989184 -0
    outer loop
      vertex 5.93337 4.40819 0
      vertex 5.76835 4.43266 3
      vertex 5.93337 4.40819 3
    endloop
  endfacet
  facet normal 0.146681 0.989184 0
    outer loop
      vertex 5.76835 4.43266 3
      vertex 5.93337 4.40819 0
      vertex 5.76835 4.43266 0
    endloop
  endfacet
  facet normal 0.67158 0.740932 -0
    outer loop
      vertex 5.02153 4.78588 0
      vertex 4.89792 4.89792 3
      vertex 5.02153 4.78588 3
    endloop
  endfacet
  facet normal 0.67158 0.740932 0
    outer loop
      vertex 4.89792 4.89792 3
      vertex 5.02153 4.78588 0
      vertex 4.89792 4.89792 0
    endloop
  endfacet
  facet normal 0.941552 0.336868 0
    outer loop
      vertex 4.5294 5.44944 3
      vertex 4.4732 5.60652 0
      vertex 4.4732 5.60652 3
    endloop
  endfacet
  facet normal 0.941552 0.336868 0
    outer loop
      vertex 4.4732 5.60652 0
      vertex 4.5294 5.44944 3
      vertex 4.5294 5.44944 0
    endloop
  endfacet
  facet normal 0.803211 0.595695 0
    outer loop
      vertex 4.78588 5.02153 3
      vertex 4.6865 5.15553 0
      vertex 4.6865 5.15553 3
    endloop
  endfacet
  facet normal 0.803211 0.595695 0
    outer loop
      vertex 4.6865 5.15553 0
      vertex 4.78588 5.02153 3
      vertex 4.78588 5.02153 0
    endloop
  endfacet
  facet normal -0.97004 -0.242945 0
    outer loop
      vertex 7.76733 6.43165 0
      vertex 7.7268 6.59348 3
      vertex 7.7268 6.59348 0
    endloop
  endfacet
  facet normal -0.97004 -0.242945 0
    outer loop
      vertex 7.7268 6.59348 3
      vertex 7.76733 6.43165 0
      vertex 7.76733 6.43165 3
    endloop
  endfacet
  facet normal -0.941552 -0.336868 0
    outer loop
      vertex 7.7268 6.59348 0
      vertex 7.6706 6.75056 3
      vertex 7.6706 6.75056 0
    endloop
  endfacet
  facet normal -0.941552 -0.336868 0
    outer loop
      vertex 7.6706 6.75056 3
      vertex 7.7268 6.59348 0
      vertex 7.7268 6.59348 3
    endloop
  endfacet
  facet normal -0.740932 -0.67158 0
    outer loop
      vertex 7.41412 7.17847 0
      vertex 7.30208 7.30208 3
      vertex 7.30208 7.30208 0
    endloop
  endfacet
  facet normal -0.740932 -0.67158 0
    outer loop
      vertex 7.30208 7.30208 3
      vertex 7.41412 7.17847 0
      vertex 7.41412 7.17847 3
    endloop
  endfacet
  facet normal -0.803211 -0.595695 0
    outer loop
      vertex 7.5135 7.04447 0
      vertex 7.41412 7.17847 3
      vertex 7.41412 7.17847 0
    endloop
  endfacet
  facet normal -0.803211 -0.595695 0
    outer loop
      vertex 7.41412 7.17847 3
      vertex 7.5135 7.04447 0
      vertex 7.5135 7.04447 3
    endloop
  endfacet
  facet normal -0.67158 -0.740932 0
    outer loop
      vertex 7.17847 7.41412 0
      vertex 7.30208 7.30208 3
      vertex 7.17847 7.41412 3
    endloop
  endfacet
  facet normal -0.67158 -0.740932 -0
    outer loop
      vertex 7.30208 7.30208 3
      vertex 7.17847 7.41412 0
      vertex 7.30208 7.30208 0
    endloop
  endfacet
  facet normal -0.514099 -0.857731 0
    outer loop
      vertex 6.90137 7.59927 0
      vertex 7.04447 7.5135 3
      vertex 6.90137 7.59927 3
    endloop
  endfacet
  facet normal -0.514099 -0.857731 -0
    outer loop
      vertex 7.04447 7.5135 3
      vertex 6.90137 7.59927 0
      vertex 7.04447 7.5135 0
    endloop
  endfacet
  facet normal 0.0490916 -0.998794 0
    outer loop
      vertex 5.93337 7.79181 0
      vertex 6.1 7.8 3
      vertex 5.93337 7.79181 3
    endloop
  endfacet
  facet normal 0.0490916 -0.998794 0
    outer loop
      vertex 6.1 7.8 3
      vertex 5.93337 7.79181 0
      vertex 6.1 7.8 0
    endloop
  endfacet
  facet normal -0.427566 -0.903984 0
    outer loop
      vertex 6.75056 7.6706 0
      vertex 6.90137 7.59927 3
      vertex 6.75056 7.6706 3
    endloop
  endfacet
  facet normal -0.427566 -0.903984 -0
    outer loop
      vertex 6.90137 7.59927 3
      vertex 6.75056 7.6706 0
      vertex 6.90137 7.59927 0
    endloop
  endfacet
  facet normal -0.242945 -0.97004 0
    outer loop
      vertex 6.43165 7.76733 0
      vertex 6.59348 7.7268 3
      vertex 6.43165 7.76733 3
    endloop
  endfacet
  facet normal -0.242945 -0.97004 -0
    outer loop
      vertex 6.59348 7.7268 3
      vertex 6.43165 7.76733 0
      vertex 6.59348 7.7268 0
    endloop
  endfacet
  facet normal -0.14674 -0.989175 0
    outer loop
      vertex 6.26663 7.79181 0
      vertex 6.43165 7.76733 3
      vertex 6.26663 7.79181 3
    endloop
  endfacet
  facet normal -0.14674 -0.989175 -0
    outer loop
      vertex 6.43165 7.76733 3
      vertex 6.26663 7.79181 0
      vertex 6.43165 7.76733 0
    endloop
  endfacet
  facet normal 0.998794 -0.0490916 0
    outer loop
      vertex 4.4 6.1 3
      vertex 4.40819 6.26663 0
      vertex 4.40819 6.26663 3
    endloop
  endfacet
  facet normal 0.998794 -0.0490916 0
    outer loop
      vertex 4.40819 6.26663 0
      vertex 4.4 6.1 3
      vertex 4.4 6.1 0
    endloop
  endfacet
  facet normal 0.941552 -0.336868 0
    outer loop
      vertex 4.4732 6.59348 3
      vertex 4.5294 6.75056 0
      vertex 4.5294 6.75056 3
    endloop
  endfacet
  facet normal 0.941552 -0.336868 0
    outer loop
      vertex 4.5294 6.75056 0
      vertex 4.4732 6.59348 3
      vertex 4.4732 6.59348 0
    endloop
  endfacet
  facet normal 0.970026 -0.243001 0
    outer loop
      vertex 4.43266 6.43165 3
      vertex 4.4732 6.59348 0
      vertex 4.4732 6.59348 3
    endloop
  endfacet
  facet normal 0.970026 -0.243001 0
    outer loop
      vertex 4.4732 6.59348 0
      vertex 4.43266 6.43165 3
      vertex 4.43266 6.43165 0
    endloop
  endfacet
  facet normal 0.857731 -0.514099 0
    outer loop
      vertex 4.60073 6.90137 3
      vertex 4.6865 7.04447 0
      vertex 4.6865 7.04447 3
    endloop
  endfacet
  facet normal 0.857731 -0.514099 0
    outer loop
      vertex 4.6865 7.04447 0
      vertex 4.60073 6.90137 3
      vertex 4.60073 6.90137 0
    endloop
  endfacet
  facet normal 0.803211 -0.595695 0
    outer loop
      vertex 4.6865 7.04447 3
      vertex 4.78588 7.17847 0
      vertex 4.78588 7.17847 3
    endloop
  endfacet
  facet normal 0.803211 -0.595695 0
    outer loop
      vertex 4.78588 7.17847 0
      vertex 4.6865 7.04447 3
      vertex 4.6865 7.04447 0
    endloop
  endfacet
  facet normal 0.336868 -0.941552 0
    outer loop
      vertex 5.44944 7.6706 0
      vertex 5.60652 7.7268 3
      vertex 5.44944 7.6706 3
    endloop
  endfacet
  facet normal 0.336868 -0.941552 0
    outer loop
      vertex 5.60652 7.7268 3
      vertex 5.44944 7.6706 0
      vertex 5.60652 7.7268 0
    endloop
  endfacet
  facet normal 0.14674 -0.989175 0
    outer loop
      vertex 5.76835 7.76733 0
      vertex 5.93337 7.79181 3
      vertex 5.76835 7.76733 3
    endloop
  endfacet
  facet normal 0.14674 -0.989175 0
    outer loop
      vertex 5.93337 7.79181 3
      vertex 5.76835 7.76733 0
      vertex 5.93337 7.79181 0
    endloop
  endfacet
  facet normal 0.595695 -0.803211 0
    outer loop
      vertex 5.02153 7.41412 0
      vertex 5.15553 7.5135 3
      vertex 5.02153 7.41412 3
    endloop
  endfacet
  facet normal 0.595695 -0.803211 0
    outer loop
      vertex 5.15553 7.5135 3
      vertex 5.02153 7.41412 0
      vertex 5.15553 7.5135 0
    endloop
  endfacet
  facet normal 0.67158 -0.740932 0
    outer loop
      vertex 4.89792 7.30208 0
      vertex 5.02153 7.41412 3
      vertex 4.89792 7.30208 3
    endloop
  endfacet
  facet normal 0.67158 -0.740932 0
    outer loop
      vertex 5.02153 7.41412 3
      vertex 4.89792 7.30208 0
      vertex 5.02153 7.41412 0
    endloop
  endfacet
  facet normal -0.0490916 0.998794 0
    outer loop
      vertex 6.26663 4.40819 0
      vertex 6.1 4.4 3
      vertex 6.26663 4.40819 3
    endloop
  endfacet
  facet normal -0.0490916 0.998794 0
    outer loop
      vertex 6.1 4.4 3
      vertex 6.26663 4.40819 0
      vertex 6.1 4.4 0
    endloop
  endfacet
  facet normal -0.998794 0.0490916 0
    outer loop
      vertex 7.79181 5.93337 0
      vertex 7.8 6.1 3
      vertex 7.8 6.1 0
    endloop
  endfacet
  facet normal -0.998794 0.0490916 0
    outer loop
      vertex 7.8 6.1 3
      vertex 7.79181 5.93337 0
      vertex 7.79181 5.93337 3
    endloop
  endfacet
  facet normal -0.941552 0.336868 0
    outer loop
      vertex 7.6706 5.44944 0
      vertex 7.7268 5.60652 3
      vertex 7.7268 5.60652 0
    endloop
  endfacet
  facet normal -0.941552 0.336868 0
    outer loop
      vertex 7.7268 5.60652 3
      vertex 7.6706 5.44944 0
      vertex 7.6706 5.44944 3
    endloop
  endfacet
  facet normal -0.146681 0.989184 0
    outer loop
      vertex 6.43165 4.43266 0
      vertex 6.26663 4.40819 3
      vertex 6.43165 4.43266 3
    endloop
  endfacet
  facet normal -0.146681 0.989184 0
    outer loop
      vertex 6.26663 4.40819 3
      vertex 6.43165 4.43266 0
      vertex 6.26663 4.40819 0
    endloop
  endfacet
  facet normal -0.243001 0.970026 0
    outer loop
      vertex 6.59348 4.4732 0
      vertex 6.43165 4.43266 3
      vertex 6.59348 4.4732 3
    endloop
  endfacet
  facet normal -0.243001 0.970026 0
    outer loop
      vertex 6.43165 4.43266 3
      vertex 6.59348 4.4732 0
      vertex 6.43165 4.43266 0
    endloop
  endfacet
  facet normal -0.595695 0.803211 0
    outer loop
      vertex 7.17847 4.78588 0
      vertex 7.04447 4.6865 3
      vertex 7.17847 4.78588 3
    endloop
  endfacet
  facet normal -0.595695 0.803211 0
    outer loop
      vertex 7.04447 4.6865 3
      vertex 7.17847 4.78588 0
      vertex 7.04447 4.6865 0
    endloop
  endfacet
  facet normal -0.427566 0.903984 0
    outer loop
      vertex 6.90137 4.60073 0
      vertex 6.75056 4.5294 3
      vertex 6.90137 4.60073 3
    endloop
  endfacet
  facet normal -0.427566 0.903984 0
    outer loop
      vertex 6.75056 4.5294 3
      vertex 6.90137 4.60073 0
      vertex 6.75056 4.5294 0
    endloop
  endfacet
  facet normal -0.857715 0.514125 0
    outer loop
      vertex 7.5135 5.15553 0
      vertex 7.59927 5.29862 3
      vertex 7.59927 5.29862 0
    endloop
  endfacet
  facet normal -0.857715 0.514125 0
    outer loop
      vertex 7.59927 5.29862 3
      vertex 7.5135 5.15553 0
      vertex 7.5135 5.15553 3
    endloop
  endfacet
  facet normal 0.0490916 0.998794 -0
    outer loop
      vertex 6.1 4.4 0
      vertex 5.93337 4.40819 3
      vertex 6.1 4.4 3
    endloop
  endfacet
  facet normal 0.0490916 0.998794 0
    outer loop
      vertex 5.93337 4.40819 3
      vertex 6.1 4.4 0
      vertex 5.93337 4.40819 0
    endloop
  endfacet
  facet normal 0.336868 0.941552 -0
    outer loop
      vertex 5.60652 4.4732 0
      vertex 5.44944 4.5294 3
      vertex 5.60652 4.4732 3
    endloop
  endfacet
  facet normal 0.336868 0.941552 0
    outer loop
      vertex 5.44944 4.5294 3
      vertex 5.60652 4.4732 0
      vertex 5.44944 4.5294 0
    endloop
  endfacet
  facet normal 0.514125 0.857715 -0
    outer loop
      vertex 5.29862 4.60073 0
      vertex 5.15553 4.6865 3
      vertex 5.29862 4.60073 3
    endloop
  endfacet
  facet normal 0.514125 0.857715 0
    outer loop
      vertex 5.15553 4.6865 3
      vertex 5.29862 4.60073 0
      vertex 5.15553 4.6865 0
    endloop
  endfacet
  facet normal 0.998794 0.0490916 0
    outer loop
      vertex 4.40819 5.93337 3
      vertex 4.4 6.1 0
      vertex 4.4 6.1 3
    endloop
  endfacet
  facet normal 0.998794 0.0490916 0
    outer loop
      vertex 4.4 6.1 0
      vertex 4.40819 5.93337 3
      vertex 4.40819 5.93337 0
    endloop
  endfacet
  facet normal 0.970026 0.243001 0
    outer loop
      vertex 4.4732 5.60652 3
      vertex 4.43266 5.76835 0
      vertex 4.43266 5.76835 3
    endloop
  endfacet
  facet normal 0.970026 0.243001 0
    outer loop
      vertex 4.43266 5.76835 0
      vertex 4.4732 5.60652 3
      vertex 4.4732 5.60652 0
    endloop
  endfacet
  facet normal 0.989184 0.146681 0
    outer loop
      vertex 4.43266 5.76835 3
      vertex 4.40819 5.93337 0
      vertex 4.40819 5.93337 3
    endloop
  endfacet
  facet normal 0.989184 0.146681 0
    outer loop
      vertex 4.40819 5.93337 0
      vertex 4.43266 5.76835 3
      vertex 4.43266 5.76835 0
    endloop
  endfacet
  facet normal 0.903995 0.427543 0
    outer loop
      vertex 4.60073 5.29862 3
      vertex 4.5294 5.44944 0
      vertex 4.5294 5.44944 3
    endloop
  endfacet
  facet normal 0.903995 0.427543 0
    outer loop
      vertex 4.5294 5.44944 0
      vertex 4.60073 5.29862 3
      vertex 4.60073 5.29862 0
    endloop
  endfacet
  facet normal -0.989175 -0.14674 0
    outer loop
      vertex 7.79181 6.26663 0
      vertex 7.76733 6.43165 3
      vertex 7.76733 6.43165 0
    endloop
  endfacet
  facet normal -0.989175 -0.14674 0
    outer loop
      vertex 7.76733 6.43165 3
      vertex 7.79181 6.26663 0
      vertex 7.79181 6.26663 3
    endloop
  endfacet
  facet normal 0.989184 -0.146681 0
    outer loop
      vertex 4.40819 6.26663 3
      vertex 4.43266 6.43165 0
      vertex 4.43266 6.43165 3
    endloop
  endfacet
  facet normal 0.989184 -0.146681 0
    outer loop
      vertex 4.43266 6.43165 0
      vertex 4.40819 6.26663 3
      vertex 4.40819 6.26663 0
    endloop
  endfacet
  facet normal -0.998794 -0.0490916 0
    outer loop
      vertex 7.8 6.1 0
      vertex 7.79181 6.26663 3
      vertex 7.79181 6.26663 0
    endloop
  endfacet
  facet normal -0.998794 -0.0490916 0
    outer loop
      vertex 7.79181 6.26663 3
      vertex 7.8 6.1 0
      vertex 7.8 6.1 3
    endloop
  endfacet
  facet normal -0.97004 0.242945 0
    outer loop
      vertex 7.7268 5.60652 0
      vertex 7.76733 5.76835 3
      vertex 7.76733 5.76835 0
    endloop
  endfacet
  facet normal -0.97004 0.242945 0
    outer loop
      vertex 7.76733 5.76835 3
      vertex 7.7268 5.60652 0
      vertex 7.7268 5.60652 3
    endloop
  endfacet
  facet normal -0.336868 0.941552 0
    outer loop
      vertex 6.75056 4.5294 0
      vertex 6.59348 4.4732 3
      vertex 6.75056 4.5294 3
    endloop
  endfacet
  facet normal -0.336868 0.941552 0
    outer loop
      vertex 6.59348 4.4732 3
      vertex 6.75056 4.5294 0
      vertex 6.59348 4.4732 0
    endloop
  endfacet
  facet normal -0.67158 0.740932 0
    outer loop
      vertex 7.30208 4.89792 0
      vertex 7.17847 4.78588 3
      vertex 7.30208 4.89792 3
    endloop
  endfacet
  facet normal -0.67158 0.740932 0
    outer loop
      vertex 7.17847 4.78588 3
      vertex 7.30208 4.89792 0
      vertex 7.17847 4.78588 0
    endloop
  endfacet
  facet normal -0.514099 0.857731 0
    outer loop
      vertex 7.04447 4.6865 0
      vertex 6.90137 4.60073 3
      vertex 7.04447 4.6865 3
    endloop
  endfacet
  facet normal -0.514099 0.857731 0
    outer loop
      vertex 6.90137 4.60073 3
      vertex 7.04447 4.6865 0
      vertex 6.90137 4.60073 0
    endloop
  endfacet
  facet normal -0.903995 0.427543 0
    outer loop
      vertex 7.59927 5.29862 0
      vertex 7.6706 5.44944 3
      vertex 7.6706 5.44944 0
    endloop
  endfacet
  facet normal -0.903995 0.427543 0
    outer loop
      vertex 7.6706 5.44944 3
      vertex 7.59927 5.29862 0
      vertex 7.59927 5.29862 3
    endloop
  endfacet
  facet normal -0.803211 0.595695 0
    outer loop
      vertex 7.41412 5.02153 0
      vertex 7.5135 5.15553 3
      vertex 7.5135 5.15553 0
    endloop
  endfacet
  facet normal -0.803211 0.595695 0
    outer loop
      vertex 7.5135 5.15553 3
      vertex 7.41412 5.02153 0
      vertex 7.41412 5.02153 3
    endloop
  endfacet
  facet normal 0.243001 0.970026 -0
    outer loop
      vertex 5.76835 4.43266 0
      vertex 5.60652 4.4732 3
      vertex 5.76835 4.43266 3
    endloop
  endfacet
  facet normal 0.243001 0.970026 0
    outer loop
      vertex 5.60652 4.4732 3
      vertex 5.76835 4.43266 0
      vertex 5.60652 4.4732 0
    endloop
  endfacet
  facet normal 0.427543 0.903995 -0
    outer loop
      vertex 5.44944 4.5294 0
      vertex 5.29862 4.60073 3
      vertex 5.44944 4.5294 3
    endloop
  endfacet
  facet normal 0.427543 0.903995 0
    outer loop
      vertex 5.29862 4.60073 3
      vertex 5.44944 4.5294 0
      vertex 5.29862 4.60073 0
    endloop
  endfacet
  facet normal 0.595695 0.803211 -0
    outer loop
      vertex 5.15553 4.6865 0
      vertex 5.02153 4.78588 3
      vertex 5.15553 4.6865 3
    endloop
  endfacet
  facet normal 0.595695 0.803211 0
    outer loop
      vertex 5.02153 4.78588 3
      vertex 5.15553 4.6865 0
      vertex 5.02153 4.78588 0
    endloop
  endfacet
  facet normal 0.857715 0.514125 0
    outer loop
      vertex 4.6865 5.15553 3
      vertex 4.60073 5.29862 0
      vertex 4.60073 5.29862 3
    endloop
  endfacet
  facet normal 0.857715 0.514125 0
    outer loop
      vertex 4.60073 5.29862 0
      vertex 4.6865 5.15553 3
      vertex 4.6865 5.15553 0
    endloop
  endfacet
  facet normal 0.740932 0.67158 0
    outer loop
      vertex 4.89792 4.89792 3
      vertex 4.78588 5.02153 0
      vertex 4.78588 5.02153 3
    endloop
  endfacet
  facet normal 0.740932 0.67158 0
    outer loop
      vertex 4.78588 5.02153 0
      vertex 4.89792 4.89792 3
      vertex 4.89792 4.89792 0
    endloop
  endfacet
  facet normal -0.857652 -0.514231 0
    outer loop
      vertex 79.3993 6.90137 0
      vertex 79.3135 7.04447 3
      vertex 79.3135 7.04447 0
    endloop
  endfacet
  facet normal -0.857652 -0.514231 0
    outer loop
      vertex 79.3135 7.04447 3
      vertex 79.3993 6.90137 0
      vertex 79.3993 6.90137 3
    endloop
  endfacet
  facet normal -0.33683 -0.941566 0
    outer loop
      vertex 78.3935 7.7268 0
      vertex 78.5506 7.6706 3
      vertex 78.3935 7.7268 3
    endloop
  endfacet
  facet normal -0.33683 -0.941566 -0
    outer loop
      vertex 78.5506 7.6706 3
      vertex 78.3935 7.7268 0
      vertex 78.5506 7.6706 0
    endloop
  endfacet
  facet normal 0.427589 -0.903973 0
    outer loop
      vertex 77.0986 7.59927 0
      vertex 77.2494 7.6706 3
      vertex 77.0986 7.59927 3
    endloop
  endfacet
  facet normal 0.427589 -0.903973 0
    outer loop
      vertex 77.2494 7.6706 3
      vertex 77.0986 7.59927 0
      vertex 77.2494 7.6706 0
    endloop
  endfacet
  facet normal 0.941552 -0.336868 0
    outer loop
      vertex 76.2732 6.59348 3
      vertex 76.3294 6.75056 0
      vertex 76.3294 6.75056 3
    endloop
  endfacet
  facet normal 0.941552 -0.336868 0
    outer loop
      vertex 76.3294 6.75056 0
      vertex 76.2732 6.59348 3
      vertex 76.2732 6.59348 0
    endloop
  endfacet
  facet normal -0.998791 0.0491513 0
    outer loop
      vertex 79.5918 5.93337 0
      vertex 79.6 6.1 3
      vertex 79.6 6.1 0
    endloop
  endfacet
  facet normal -0.998791 0.0491513 0
    outer loop
      vertex 79.6 6.1 3
      vertex 79.5918 5.93337 0
      vertex 79.5918 5.93337 3
    endloop
  endfacet
  facet normal -0.514099 -0.857731 0
    outer loop
      vertex 78.7014 7.59927 0
      vertex 78.8445 7.5135 3
      vertex 78.7014 7.59927 3
    endloop
  endfacet
  facet normal -0.514099 -0.857731 -0
    outer loop
      vertex 78.8445 7.5135 3
      vertex 78.7014 7.59927 0
      vertex 78.8445 7.5135 0
    endloop
  endfacet
  facet normal 0.803154 -0.595772 0
    outer loop
      vertex 76.4865 7.04447 3
      vertex 76.5859 7.17847 0
      vertex 76.5859 7.17847 3
    endloop
  endfacet
  facet normal 0.803154 -0.595772 0
    outer loop
      vertex 76.5859 7.17847 0
      vertex 76.4865 7.04447 3
      vertex 76.4865 7.04447 0
    endloop
  endfacet
  facet normal 0.242987 -0.97003 0
    outer loop
      vertex 77.4065 7.7268 0
      vertex 77.5683 7.76733 3
      vertex 77.4065 7.7268 3
    endloop
  endfacet
  facet normal 0.242987 -0.97003 0
    outer loop
      vertex 77.5683 7.76733 3
      vertex 77.4065 7.7268 0
      vertex 77.5683 7.76733 0
    endloop
  endfacet
  facet normal -0.514099 0.857731 0
    outer loop
      vertex 78.8445 4.6865 0
      vertex 78.7014 4.60073 3
      vertex 78.8445 4.6865 3
    endloop
  endfacet
  facet normal -0.514099 0.857731 0
    outer loop
      vertex 78.7014 4.60073 3
      vertex 78.8445 4.6865 0
      vertex 78.7014 4.60073 0
    endloop
  endfacet
  facet normal -0.803154 -0.595772 0
    outer loop
      vertex 79.3135 7.04447 0
      vertex 79.2141 7.17847 3
      vertex 79.2141 7.17847 0
    endloop
  endfacet
  facet normal -0.803154 -0.595772 0
    outer loop
      vertex 79.2141 7.17847 3
      vertex 79.3135 7.04447 0
      vertex 79.3135 7.04447 3
    endloop
  endfacet
  facet normal -0.67161 -0.740905 0
    outer loop
      vertex 78.9785 7.41412 0
      vertex 79.1021 7.30208 3
      vertex 78.9785 7.41412 3
    endloop
  endfacet
  facet normal -0.67161 -0.740905 -0
    outer loop
      vertex 79.1021 7.30208 3
      vertex 78.9785 7.41412 0
      vertex 79.1021 7.30208 0
    endloop
  endfacet
  facet normal 0.0491004 -0.998794 0
    outer loop
      vertex 77.7334 7.79181 0
      vertex 77.9 7.8 3
      vertex 77.7334 7.79181 3
    endloop
  endfacet
  facet normal 0.0491004 -0.998794 0
    outer loop
      vertex 77.9 7.8 3
      vertex 77.7334 7.79181 0
      vertex 77.9 7.8 0
    endloop
  endfacet
  facet normal -0.242987 -0.97003 0
    outer loop
      vertex 78.2317 7.76733 0
      vertex 78.3935 7.7268 3
      vertex 78.2317 7.76733 3
    endloop
  endfacet
  facet normal -0.242987 -0.97003 -0
    outer loop
      vertex 78.3935 7.7268 3
      vertex 78.2317 7.76733 0
      vertex 78.3935 7.7268 0
    endloop
  endfacet
  facet normal -0.14667 -0.989185 0
    outer loop
      vertex 78.0666 7.79181 0
      vertex 78.2317 7.76733 3
      vertex 78.0666 7.79181 3
    endloop
  endfacet
  facet normal -0.14667 -0.989185 -0
    outer loop
      vertex 78.2317 7.76733 3
      vertex 78.0666 7.79181 0
      vertex 78.2317 7.76733 0
    endloop
  endfacet
  facet normal -0.427589 -0.903973 0
    outer loop
      vertex 78.5506 7.6706 0
      vertex 78.7014 7.59927 3
      vertex 78.5506 7.6706 3
    endloop
  endfacet
  facet normal -0.427589 -0.903973 -0
    outer loop
      vertex 78.7014 7.59927 3
      vertex 78.5506 7.6706 0
      vertex 78.7014 7.59927 0
    endloop
  endfacet
  facet normal -0.595695 -0.803211 0
    outer loop
      vertex 78.8445 7.5135 0
      vertex 78.9785 7.41412 3
      vertex 78.8445 7.5135 3
    endloop
  endfacet
  facet normal -0.595695 -0.803211 -0
    outer loop
      vertex 78.9785 7.41412 3
      vertex 78.8445 7.5135 0
      vertex 78.9785 7.41412 0
    endloop
  endfacet
  facet normal 0.998791 0.0491513 0
    outer loop
      vertex 76.2082 5.93337 3
      vertex 76.2 6.1 0
      vertex 76.2 6.1 3
    endloop
  endfacet
  facet normal 0.998791 0.0491513 0
    outer loop
      vertex 76.2 6.1 0
      vertex 76.2082 5.93337 3
      vertex 76.2082 5.93337 0
    endloop
  endfacet
  facet normal 0.970083 -0.242775 0
    outer loop
      vertex 76.2327 6.43165 3
      vertex 76.2732 6.59348 0
      vertex 76.2732 6.59348 3
    endloop
  endfacet
  facet normal 0.970083 -0.242775 0
    outer loop
      vertex 76.2732 6.59348 0
      vertex 76.2327 6.43165 3
      vertex 76.2327 6.43165 0
    endloop
  endfacet
  facet normal 0.989158 -0.146857 0
    outer loop
      vertex 76.2082 6.26663 3
      vertex 76.2327 6.43165 0
      vertex 76.2327 6.43165 3
    endloop
  endfacet
  facet normal 0.989158 -0.146857 0
    outer loop
      vertex 76.2327 6.43165 0
      vertex 76.2082 6.26663 3
      vertex 76.2082 6.26663 0
    endloop
  endfacet
  facet normal 0.904054 -0.427419 0
    outer loop
      vertex 76.3294 6.75056 3
      vertex 76.4007 6.90137 0
      vertex 76.4007 6.90137 3
    endloop
  endfacet
  facet normal 0.904054 -0.427419 0
    outer loop
      vertex 76.4007 6.90137 0
      vertex 76.3294 6.75056 3
      vertex 76.3294 6.75056 0
    endloop
  endfacet
  facet normal 0.857652 -0.514231 0
    outer loop
      vertex 76.4007 6.90137 3
      vertex 76.4865 7.04447 0
      vertex 76.4865 7.04447 3
    endloop
  endfacet
  facet normal 0.857652 -0.514231 0
    outer loop
      vertex 76.4865 7.04447 0
      vertex 76.4007 6.90137 3
      vertex 76.4007 6.90137 0
    endloop
  endfacet
  facet normal 0.33683 -0.941566 0
    outer loop
      vertex 77.2494 7.6706 0
      vertex 77.4065 7.7268 3
      vertex 77.2494 7.6706 3
    endloop
  endfacet
  facet normal 0.33683 -0.941566 0
    outer loop
      vertex 77.4065 7.7268 3
      vertex 77.2494 7.6706 0
      vertex 77.4065 7.7268 0
    endloop
  endfacet
  facet normal 0.14667 -0.989185 0
    outer loop
      vertex 77.5683 7.76733 0
      vertex 77.7334 7.79181 3
      vertex 77.5683 7.76733 3
    endloop
  endfacet
  facet normal 0.14667 -0.989185 0
    outer loop
      vertex 77.7334 7.79181 3
      vertex 77.5683 7.76733 0
      vertex 77.7334 7.79181 0
    endloop
  endfacet
  facet normal 0.595695 -0.803211 0
    outer loop
      vertex 76.8215 7.41412 0
      vertex 76.9555 7.5135 3
      vertex 76.8215 7.41412 3
    endloop
  endfacet
  facet normal 0.595695 -0.803211 0
    outer loop
      vertex 76.9555 7.5135 3
      vertex 76.8215 7.41412 0
      vertex 76.9555 7.5135 0
    endloop
  endfacet
  facet normal 0.67161 -0.740905 0
    outer loop
      vertex 76.6979 7.30208 0
      vertex 76.8215 7.41412 3
      vertex 76.6979 7.30208 3
    endloop
  endfacet
  facet normal 0.67161 -0.740905 0
    outer loop
      vertex 76.8215 7.41412 3
      vertex 76.6979 7.30208 0
      vertex 76.8215 7.41412 0
    endloop
  endfacet
  facet normal 0.514099 -0.857731 0
    outer loop
      vertex 76.9555 7.5135 0
      vertex 77.0986 7.59927 3
      vertex 76.9555 7.5135 3
    endloop
  endfacet
  facet normal 0.514099 -0.857731 0
    outer loop
      vertex 77.0986 7.59927 3
      vertex 76.9555 7.5135 0
      vertex 77.0986 7.59927 0
    endloop
  endfacet
  facet normal 0.741051 -0.671448 0
    outer loop
      vertex 76.5859 7.17847 3
      vertex 76.6979 7.30208 0
      vertex 76.6979 7.30208 3
    endloop
  endfacet
  facet normal 0.741051 -0.671448 0
    outer loop
      vertex 76.6979 7.30208 0
      vertex 76.5859 7.17847 3
      vertex 76.5859 7.17847 0
    endloop
  endfacet
  facet normal -0.998791 -0.0491513 0
    outer loop
      vertex 79.6 6.1 0
      vertex 79.5918 6.26663 3
      vertex 79.5918 6.26663 0
    endloop
  endfacet
  facet normal -0.998791 -0.0491513 0
    outer loop
      vertex 79.5918 6.26663 3
      vertex 79.6 6.1 0
      vertex 79.6 6.1 3
    endloop
  endfacet
  facet normal -0.970083 0.242775 0
    outer loop
      vertex 79.5268 5.60652 0
      vertex 79.5673 5.76835 3
      vertex 79.5673 5.76835 0
    endloop
  endfacet
  facet normal -0.970083 0.242775 0
    outer loop
      vertex 79.5673 5.76835 3
      vertex 79.5268 5.60652 0
      vertex 79.5268 5.60652 3
    endloop
  endfacet
  facet normal 0.857636 0.514258 0
    outer loop
      vertex 76.4865 5.15553 3
      vertex 76.4007 5.29862 0
      vertex 76.4007 5.29862 3
    endloop
  endfacet
  facet normal 0.857636 0.514258 0
    outer loop
      vertex 76.4007 5.29862 0
      vertex 76.4865 5.15553 3
      vertex 76.4865 5.15553 0
    endloop
  endfacet
  facet normal -0.243043 0.970015 0
    outer loop
      vertex 78.3935 4.4732 0
      vertex 78.2317 4.43266 3
      vertex 78.3935 4.4732 3
    endloop
  endfacet
  facet normal -0.243043 0.970015 0
    outer loop
      vertex 78.2317 4.43266 3
      vertex 78.3935 4.4732 0
      vertex 78.2317 4.43266 0
    endloop
  endfacet
  facet normal -0.904054 -0.427419 0
    outer loop
      vertex 79.4706 6.75056 0
      vertex 79.3993 6.90137 3
      vertex 79.3993 6.90137 0
    endloop
  endfacet
  facet normal -0.904054 -0.427419 0
    outer loop
      vertex 79.3993 6.90137 3
      vertex 79.4706 6.75056 0
      vertex 79.4706 6.75056 3
    endloop
  endfacet
  facet normal -0.941552 -0.336868 0
    outer loop
      vertex 79.5268 6.59348 0
      vertex 79.4706 6.75056 3
      vertex 79.4706 6.75056 0
    endloop
  endfacet
  facet normal -0.941552 -0.336868 0
    outer loop
      vertex 79.4706 6.75056 3
      vertex 79.5268 6.59348 0
      vertex 79.5268 6.59348 3
    endloop
  endfacet
  facet normal -0.970083 -0.242775 0
    outer loop
      vertex 79.5673 6.43165 0
      vertex 79.5268 6.59348 3
      vertex 79.5268 6.59348 0
    endloop
  endfacet
  facet normal -0.970083 -0.242775 0
    outer loop
      vertex 79.5268 6.59348 3
      vertex 79.5673 6.43165 0
      vertex 79.5673 6.43165 3
    endloop
  endfacet
  facet normal -0.741051 -0.671448 0
    outer loop
      vertex 79.2141 7.17847 0
      vertex 79.1021 7.30208 3
      vertex 79.1021 7.30208 0
    endloop
  endfacet
  facet normal -0.741051 -0.671448 0
    outer loop
      vertex 79.1021 7.30208 3
      vertex 79.2141 7.17847 0
      vertex 79.2141 7.17847 3
    endloop
  endfacet
  facet normal -0.0491004 -0.998794 0
    outer loop
      vertex 77.9 7.8 0
      vertex 78.0666 7.79181 3
      vertex 77.9 7.8 3
    endloop
  endfacet
  facet normal -0.0491004 -0.998794 -0
    outer loop
      vertex 78.0666 7.79181 3
      vertex 77.9 7.8 0
      vertex 78.0666 7.79181 0
    endloop
  endfacet
  facet normal 0.998791 -0.0491513 0
    outer loop
      vertex 76.2 6.1 3
      vertex 76.2082 6.26663 0
      vertex 76.2082 6.26663 3
    endloop
  endfacet
  facet normal 0.998791 -0.0491513 0
    outer loop
      vertex 76.2082 6.26663 0
      vertex 76.2 6.1 3
      vertex 76.2 6.1 0
    endloop
  endfacet
  facet normal -0.741051 0.671448 0
    outer loop
      vertex 79.1021 4.89792 0
      vertex 79.2141 5.02153 3
      vertex 79.2141 5.02153 0
    endloop
  endfacet
  facet normal -0.741051 0.671448 0
    outer loop
      vertex 79.2141 5.02153 3
      vertex 79.1021 4.89792 0
      vertex 79.1021 4.89792 3
    endloop
  endfacet
  facet normal -0.904065 0.427396 0
    outer loop
      vertex 79.3993 5.29862 0
      vertex 79.4706 5.44944 3
      vertex 79.4706 5.44944 0
    endloop
  endfacet
  facet normal -0.904065 0.427396 0
    outer loop
      vertex 79.4706 5.44944 3
      vertex 79.3993 5.29862 0
      vertex 79.3993 5.29862 3
    endloop
  endfacet
  facet normal 0.0491004 0.998794 -0
    outer loop
      vertex 77.9 4.4 0
      vertex 77.7334 4.40819 3
      vertex 77.9 4.4 3
    endloop
  endfacet
  facet normal 0.0491004 0.998794 0
    outer loop
      vertex 77.7334 4.40819 3
      vertex 77.9 4.4 0
      vertex 77.7334 4.40819 0
    endloop
  endfacet
  facet normal 0.989158 0.146857 0
    outer loop
      vertex 76.2327 5.76835 3
      vertex 76.2082 5.93337 0
      vertex 76.2082 5.93337 3
    endloop
  endfacet
  facet normal 0.989158 0.146857 0
    outer loop
      vertex 76.2082 5.93337 0
      vertex 76.2327 5.76835 3
      vertex 76.2327 5.76835 0
    endloop
  endfacet
  facet normal 0.941552 0.336868 0
    outer loop
      vertex 76.3294 5.44944 3
      vertex 76.2732 5.60652 0
      vertex 76.2732 5.60652 3
    endloop
  endfacet
  facet normal 0.941552 0.336868 0
    outer loop
      vertex 76.2732 5.60652 0
      vertex 76.3294 5.44944 3
      vertex 76.3294 5.44944 0
    endloop
  endfacet
  facet normal -0.146612 0.989194 0
    outer loop
      vertex 78.2317 4.43266 0
      vertex 78.0666 4.40819 3
      vertex 78.2317 4.43266 3
    endloop
  endfacet
  facet normal -0.146612 0.989194 0
    outer loop
      vertex 78.0666 4.40819 3
      vertex 78.2317 4.43266 0
      vertex 78.0666 4.40819 0
    endloop
  endfacet
  facet normal -0.427589 0.903973 0
    outer loop
      vertex 78.7014 4.60073 0
      vertex 78.5506 4.5294 3
      vertex 78.7014 4.60073 3
    endloop
  endfacet
  facet normal -0.427589 0.903973 0
    outer loop
      vertex 78.5506 4.5294 3
      vertex 78.7014 4.60073 0
      vertex 78.5506 4.5294 0
    endloop
  endfacet
  facet normal -0.989158 -0.146857 0
    outer loop
      vertex 79.5918 6.26663 0
      vertex 79.5673 6.43165 3
      vertex 79.5673 6.43165 0
    endloop
  endfacet
  facet normal -0.989158 -0.146857 0
    outer loop
      vertex 79.5673 6.43165 3
      vertex 79.5918 6.26663 0
      vertex 79.5918 6.26663 3
    endloop
  endfacet
  facet normal -0.989158 0.146857 0
    outer loop
      vertex 79.5673 5.76835 0
      vertex 79.5918 5.93337 3
      vertex 79.5918 5.93337 0
    endloop
  endfacet
  facet normal -0.989158 0.146857 0
    outer loop
      vertex 79.5918 5.93337 3
      vertex 79.5673 5.76835 0
      vertex 79.5673 5.76835 3
    endloop
  endfacet
  facet normal -0.67161 0.740905 0
    outer loop
      vertex 79.1021 4.89792 0
      vertex 78.9785 4.78588 3
      vertex 79.1021 4.89792 3
    endloop
  endfacet
  facet normal -0.67161 0.740905 0
    outer loop
      vertex 78.9785 4.78588 3
      vertex 79.1021 4.89792 0
      vertex 78.9785 4.78588 0
    endloop
  endfacet
  facet normal -0.595695 0.803211 0
    outer loop
      vertex 78.9785 4.78588 0
      vertex 78.8445 4.6865 3
      vertex 78.9785 4.78588 3
    endloop
  endfacet
  facet normal -0.595695 0.803211 0
    outer loop
      vertex 78.8445 4.6865 3
      vertex 78.9785 4.78588 0
      vertex 78.8445 4.6865 0
    endloop
  endfacet
  facet normal -0.803154 0.595772 0
    outer loop
      vertex 79.2141 5.02153 0
      vertex 79.3135 5.15553 3
      vertex 79.3135 5.15553 0
    endloop
  endfacet
  facet normal -0.803154 0.595772 0
    outer loop
      vertex 79.3135 5.15553 3
      vertex 79.2141 5.02153 0
      vertex 79.2141 5.02153 3
    endloop
  endfacet
  facet normal -0.857636 0.514258 0
    outer loop
      vertex 79.3135 5.15553 0
      vertex 79.3993 5.29862 3
      vertex 79.3993 5.29862 0
    endloop
  endfacet
  facet normal -0.857636 0.514258 0
    outer loop
      vertex 79.3993 5.29862 3
      vertex 79.3135 5.15553 0
      vertex 79.3135 5.15553 3
    endloop
  endfacet
  facet normal -0.941552 0.336868 0
    outer loop
      vertex 79.4706 5.44944 0
      vertex 79.5268 5.60652 3
      vertex 79.5268 5.60652 0
    endloop
  endfacet
  facet normal -0.941552 0.336868 0
    outer loop
      vertex 79.5268 5.60652 3
      vertex 79.4706 5.44944 0
      vertex 79.4706 5.44944 3
    endloop
  endfacet
  facet normal 0.427589 0.903973 -0
    outer loop
      vertex 77.2494 4.5294 0
      vertex 77.0986 4.60073 3
      vertex 77.2494 4.5294 3
    endloop
  endfacet
  facet normal 0.427589 0.903973 0
    outer loop
      vertex 77.0986 4.60073 3
      vertex 77.2494 4.5294 0
      vertex 77.0986 4.60073 0
    endloop
  endfacet
  facet normal -0.0491004 0.998794 0
    outer loop
      vertex 78.0666 4.40819 0
      vertex 77.9 4.4 3
      vertex 78.0666 4.40819 3
    endloop
  endfacet
  facet normal -0.0491004 0.998794 0
    outer loop
      vertex 77.9 4.4 3
      vertex 78.0666 4.40819 0
      vertex 77.9 4.4 0
    endloop
  endfacet
  facet normal 0.67161 0.740905 -0
    outer loop
      vertex 76.8215 4.78588 0
      vertex 76.6979 4.89792 3
      vertex 76.8215 4.78588 3
    endloop
  endfacet
  facet normal 0.67161 0.740905 0
    outer loop
      vertex 76.6979 4.89792 3
      vertex 76.8215 4.78588 0
      vertex 76.6979 4.89792 0
    endloop
  endfacet
  facet normal 0.970083 0.242775 0
    outer loop
      vertex 76.2732 5.60652 3
      vertex 76.2327 5.76835 0
      vertex 76.2327 5.76835 3
    endloop
  endfacet
  facet normal 0.970083 0.242775 0
    outer loop
      vertex 76.2327 5.76835 0
      vertex 76.2732 5.60652 3
      vertex 76.2732 5.60652 0
    endloop
  endfacet
  facet normal 0.904065 0.427396 0
    outer loop
      vertex 76.4007 5.29862 3
      vertex 76.3294 5.44944 0
      vertex 76.3294 5.44944 3
    endloop
  endfacet
  facet normal 0.904065 0.427396 0
    outer loop
      vertex 76.3294 5.44944 0
      vertex 76.4007 5.29862 3
      vertex 76.4007 5.29862 0
    endloop
  endfacet
  facet normal -0.33683 0.941566 0
    outer loop
      vertex 78.5506 4.5294 0
      vertex 78.3935 4.4732 3
      vertex 78.5506 4.5294 3
    endloop
  endfacet
  facet normal -0.33683 0.941566 0
    outer loop
      vertex 78.3935 4.4732 3
      vertex 78.5506 4.5294 0
      vertex 78.3935 4.4732 0
    endloop
  endfacet
  facet normal 0.595695 0.803211 -0
    outer loop
      vertex 76.9555 4.6865 0
      vertex 76.8215 4.78588 3
      vertex 76.9555 4.6865 3
    endloop
  endfacet
  facet normal 0.595695 0.803211 0
    outer loop
      vertex 76.8215 4.78588 3
      vertex 76.9555 4.6865 0
      vertex 76.8215 4.78588 0
    endloop
  endfacet
  facet normal 0.514099 0.857731 -0
    outer loop
      vertex 77.0986 4.60073 0
      vertex 76.9555 4.6865 3
      vertex 77.0986 4.60073 3
    endloop
  endfacet
  facet normal 0.514099 0.857731 0
    outer loop
      vertex 76.9555 4.6865 3
      vertex 77.0986 4.60073 0
      vertex 76.9555 4.6865 0
    endloop
  endfacet
  facet normal 0.243043 0.970015 -0
    outer loop
      vertex 77.5683 4.43266 0
      vertex 77.4065 4.4732 3
      vertex 77.5683 4.43266 3
    endloop
  endfacet
  facet normal 0.243043 0.970015 0
    outer loop
      vertex 77.4065 4.4732 3
      vertex 77.5683 4.43266 0
      vertex 77.4065 4.4732 0
    endloop
  endfacet
  facet normal 0.146612 0.989194 -0
    outer loop
      vertex 77.7334 4.40819 0
      vertex 77.5683 4.43266 3
      vertex 77.7334 4.40819 3
    endloop
  endfacet
  facet normal 0.146612 0.989194 0
    outer loop
      vertex 77.5683 4.43266 3
      vertex 77.7334 4.40819 0
      vertex 77.5683 4.43266 0
    endloop
  endfacet
  facet normal 0.33683 0.941566 -0
    outer loop
      vertex 77.4065 4.4732 0
      vertex 77.2494 4.5294 3
      vertex 77.4065 4.4732 3
    endloop
  endfacet
  facet normal 0.33683 0.941566 0
    outer loop
      vertex 77.2494 4.5294 3
      vertex 77.4065 4.4732 0
      vertex 77.2494 4.5294 0
    endloop
  endfacet
  facet normal 0.741051 0.671448 0
    outer loop
      vertex 76.6979 4.89792 3
      vertex 76.5859 5.02153 0
      vertex 76.5859 5.02153 3
    endloop
  endfacet
  facet normal 0.741051 0.671448 0
    outer loop
      vertex 76.5859 5.02153 0
      vertex 76.6979 4.89792 3
      vertex 76.6979 4.89792 0
    endloop
  endfacet
  facet normal 0.803154 0.595772 0
    outer loop
      vertex 76.5859 5.02153 3
      vertex 76.4865 5.15553 0
      vertex 76.4865 5.15553 3
    endloop
  endfacet
  facet normal 0.803154 0.595772 0
    outer loop
      vertex 76.4865 5.15553 0
      vertex 76.5859 5.02153 3
      vertex 76.5859 5.02153 0
    endloop
  endfacet
  facet normal -0.857731 -0.514099 0
    outer loop
      vertex 7.59927 68.7014 0
      vertex 7.5135 68.8445 3
      vertex 7.5135 68.8445 0
    endloop
  endfacet
  facet normal -0.857731 -0.514099 0
    outer loop
      vertex 7.5135 68.8445 3
      vertex 7.59927 68.7014 0
      vertex 7.59927 68.7014 3
    endloop
  endfacet
  facet normal -0.427419 -0.904054 0
    outer loop
      vertex 6.75056 69.4706 0
      vertex 6.90137 69.3993 3
      vertex 6.75056 69.4706 3
    endloop
  endfacet
  facet normal -0.427419 -0.904054 -0
    outer loop
      vertex 6.90137 69.3993 3
      vertex 6.75056 69.4706 0
      vertex 6.90137 69.3993 0
    endloop
  endfacet
  facet normal 0.336868 -0.941552 0
    outer loop
      vertex 5.44944 69.4706 0
      vertex 5.60652 69.5268 3
      vertex 5.44944 69.4706 3
    endloop
  endfacet
  facet normal 0.336868 -0.941552 0
    outer loop
      vertex 5.60652 69.5268 3
      vertex 5.44944 69.4706 0
      vertex 5.60652 69.5268 0
    endloop
  endfacet
  facet normal 0.903973 -0.427589 0
    outer loop
      vertex 4.5294 68.5506 3
      vertex 4.60073 68.7014 0
      vertex 4.60073 68.7014 3
    endloop
  endfacet
  facet normal 0.903973 -0.427589 0
    outer loop
      vertex 4.60073 68.7014 0
      vertex 4.5294 68.5506 3
      vertex 4.5294 68.5506 0
    endloop
  endfacet
  facet normal -0.427419 0.904054 0
    outer loop
      vertex 6.90137 66.4007 0
      vertex 6.75056 66.3294 3
      vertex 6.90137 66.4007 3
    endloop
  endfacet
  facet normal -0.427419 0.904054 0
    outer loop
      vertex 6.75056 66.3294 3
      vertex 6.90137 66.4007 0
      vertex 6.75056 66.3294 0
    endloop
  endfacet
  facet normal -0.242775 -0.970083 0
    outer loop
      vertex 6.43165 69.5673 0
      vertex 6.59348 69.5268 3
      vertex 6.43165 69.5673 3
    endloop
  endfacet
  facet normal -0.242775 -0.970083 -0
    outer loop
      vertex 6.59348 69.5268 3
      vertex 6.43165 69.5673 0
      vertex 6.59348 69.5268 0
    endloop
  endfacet
  facet normal 0.595772 -0.803154 0
    outer loop
      vertex 5.02153 69.2141 0
      vertex 5.15553 69.3135 3
      vertex 5.02153 69.2141 3
    endloop
  endfacet
  facet normal 0.595772 -0.803154 0
    outer loop
      vertex 5.15553 69.3135 3
      vertex 5.02153 69.2141 0
      vertex 5.15553 69.3135 0
    endloop
  endfacet
  facet normal -0.97003 0.242987 0
    outer loop
      vertex 7.7268 67.4065 0
      vertex 7.76733 67.5683 3
      vertex 7.76733 67.5683 0
    endloop
  endfacet
  facet normal -0.97003 0.242987 0
    outer loop
      vertex 7.76733 67.5683 3
      vertex 7.7268 67.4065 0
      vertex 7.7268 67.4065 3
    endloop
  endfacet
  facet normal -0.903973 0.427589 0
    outer loop
      vertex 7.59927 67.0986 0
      vertex 7.6706 67.2494 3
      vertex 7.6706 67.2494 0
    endloop
  endfacet
  facet normal -0.903973 0.427589 0
    outer loop
      vertex 7.6706 67.2494 3
      vertex 7.59927 67.0986 0
      vertex 7.59927 67.0986 3
    endloop
  endfacet
  facet normal 0.146857 0.989158 -0
    outer loop
      vertex 5.93337 66.2082 0
      vertex 5.76835 66.2327 3
      vertex 5.93337 66.2082 3
    endloop
  endfacet
  facet normal 0.146857 0.989158 0
    outer loop
      vertex 5.76835 66.2327 3
      vertex 5.93337 66.2082 0
      vertex 5.76835 66.2327 0
    endloop
  endfacet
  facet normal -0.989185 -0.14667 0
    outer loop
      vertex 7.79181 68.0666 0
      vertex 7.76733 68.2317 3
      vertex 7.76733 68.2317 0
    endloop
  endfacet
  facet normal -0.989185 -0.14667 0
    outer loop
      vertex 7.76733 68.2317 3
      vertex 7.79181 68.0666 0
      vertex 7.79181 68.0666 3
    endloop
  endfacet
  facet normal -0.740905 -0.67161 0
    outer loop
      vertex 7.41412 68.9785 0
      vertex 7.30208 69.1021 3
      vertex 7.30208 69.1021 0
    endloop
  endfacet
  facet normal -0.740905 -0.67161 0
    outer loop
      vertex 7.30208 69.1021 3
      vertex 7.41412 68.9785 0
      vertex 7.41412 68.9785 3
    endloop
  endfacet
  facet normal -0.0491513 -0.998791 0
    outer loop
      vertex 6.1 69.6 0
      vertex 6.26663 69.5918 3
      vertex 6.1 69.6 3
    endloop
  endfacet
  facet normal -0.0491513 -0.998791 -0
    outer loop
      vertex 6.26663 69.5918 3
      vertex 6.1 69.6 0
      vertex 6.26663 69.5918 0
    endloop
  endfacet
  facet normal -0.146857 -0.989158 0
    outer loop
      vertex 6.26663 69.5918 0
      vertex 6.43165 69.5673 3
      vertex 6.26663 69.5918 3
    endloop
  endfacet
  facet normal -0.146857 -0.989158 -0
    outer loop
      vertex 6.43165 69.5673 3
      vertex 6.26663 69.5918 0
      vertex 6.43165 69.5673 0
    endloop
  endfacet
  facet normal -0.336868 -0.941552 0
    outer loop
      vertex 6.59348 69.5268 0
      vertex 6.75056 69.4706 3
      vertex 6.59348 69.5268 3
    endloop
  endfacet
  facet normal -0.336868 -0.941552 -0
    outer loop
      vertex 6.75056 69.4706 3
      vertex 6.59348 69.5268 0
      vertex 6.75056 69.4706 0
    endloop
  endfacet
  facet normal -0.671448 -0.741051 0
    outer loop
      vertex 7.17847 69.2141 0
      vertex 7.30208 69.1021 3
      vertex 7.17847 69.2141 3
    endloop
  endfacet
  facet normal -0.671448 -0.741051 -0
    outer loop
      vertex 7.30208 69.1021 3
      vertex 7.17847 69.2141 0
      vertex 7.30208 69.1021 0
    endloop
  endfacet
  facet normal -0.595772 -0.803154 0
    outer loop
      vertex 7.04447 69.3135 0
      vertex 7.17847 69.2141 3
      vertex 7.04447 69.3135 3
    endloop
  endfacet
  facet normal -0.595772 -0.803154 -0
    outer loop
      vertex 7.17847 69.2141 3
      vertex 7.04447 69.3135 0
      vertex 7.17847 69.2141 0
    endloop
  endfacet
  facet normal 0.998794 -0.0491004 0
    outer loop
      vertex 4.4 67.9 3
      vertex 4.40819 68.0666 0
      vertex 4.40819 68.0666 3
    endloop
  endfacet
  facet normal 0.998794 -0.0491004 0
    outer loop
      vertex 4.40819 68.0666 0
      vertex 4.4 67.9 3
      vertex 4.4 67.9 0
    endloop
  endfacet
  facet normal 0.970015 -0.243043 0
    outer loop
      vertex 4.43266 68.2317 3
      vertex 4.4732 68.3935 0
      vertex 4.4732 68.3935 3
    endloop
  endfacet
  facet normal 0.970015 -0.243043 0
    outer loop
      vertex 4.4732 68.3935 0
      vertex 4.43266 68.2317 3
      vertex 4.43266 68.2317 0
    endloop
  endfacet
  facet normal 0.989194 -0.146612 0
    outer loop
      vertex 4.40819 68.0666 3
      vertex 4.43266 68.2317 0
      vertex 4.43266 68.2317 3
    endloop
  endfacet
  facet normal 0.989194 -0.146612 0
    outer loop
      vertex 4.43266 68.2317 0
      vertex 4.40819 68.0666 3
      vertex 4.40819 68.0666 0
    endloop
  endfacet
  facet normal 0.740905 -0.67161 0
    outer loop
      vertex 4.78588 68.9785 3
      vertex 4.89792 69.1021 0
      vertex 4.89792 69.1021 3
    endloop
  endfacet
  facet normal 0.740905 -0.67161 0
    outer loop
      vertex 4.89792 69.1021 0
      vertex 4.78588 68.9785 3
      vertex 4.78588 68.9785 0
    endloop
  endfacet
  facet normal 0.803211 -0.595695 0
    outer loop
      vertex 4.6865 68.8445 3
      vertex 4.78588 68.9785 0
      vertex 4.78588 68.9785 3
    endloop
  endfacet
  facet normal 0.803211 -0.595695 0
    outer loop
      vertex 4.78588 68.9785 0
      vertex 4.6865 68.8445 3
      vertex 4.6865 68.8445 0
    endloop
  endfacet
  facet normal 0.0491513 -0.998791 0
    outer loop
      vertex 5.93337 69.5918 0
      vertex 6.1 69.6 3
      vertex 5.93337 69.5918 3
    endloop
  endfacet
  facet normal 0.0491513 -0.998791 0
    outer loop
      vertex 6.1 69.6 3
      vertex 5.93337 69.5918 0
      vertex 6.1 69.6 0
    endloop
  endfacet
  facet normal 0.146857 -0.989158 0
    outer loop
      vertex 5.76835 69.5673 0
      vertex 5.93337 69.5918 3
      vertex 5.76835 69.5673 3
    endloop
  endfacet
  facet normal 0.146857 -0.989158 0
    outer loop
      vertex 5.93337 69.5918 3
      vertex 5.76835 69.5673 0
      vertex 5.93337 69.5918 0
    endloop
  endfacet
  facet normal 0.427396 -0.904065 0
    outer loop
      vertex 5.29862 69.3993 0
      vertex 5.44944 69.4706 3
      vertex 5.29862 69.3993 3
    endloop
  endfacet
  facet normal 0.427396 -0.904065 0
    outer loop
      vertex 5.44944 69.4706 3
      vertex 5.29862 69.3993 0
      vertex 5.44944 69.4706 0
    endloop
  endfacet
  facet normal 0.514258 -0.857636 0
    outer loop
      vertex 5.15553 69.3135 0
      vertex 5.29862 69.3993 3
      vertex 5.15553 69.3135 3
    endloop
  endfacet
  facet normal 0.514258 -0.857636 0
    outer loop
      vertex 5.29862 69.3993 3
      vertex 5.15553 69.3135 0
      vertex 5.29862 69.3993 0
    endloop
  endfacet
  facet normal 0.671448 -0.741051 0
    outer loop
      vertex 4.89792 69.1021 0
      vertex 5.02153 69.2141 3
      vertex 4.89792 69.1021 3
    endloop
  endfacet
  facet normal 0.671448 -0.741051 0
    outer loop
      vertex 5.02153 69.2141 3
      vertex 4.89792 69.1021 0
      vertex 5.02153 69.2141 0
    endloop
  endfacet
  facet normal -0.998794 -0.0491004 0
    outer loop
      vertex 7.8 67.9 0
      vertex 7.79181 68.0666 3
      vertex 7.79181 68.0666 0
    endloop
  endfacet
  facet normal -0.998794 -0.0491004 0
    outer loop
      vertex 7.79181 68.0666 3
      vertex 7.8 67.9 0
      vertex 7.8 67.9 3
    endloop
  endfacet
  facet normal -0.857731 0.514099 0
    outer loop
      vertex 7.5135 66.9555 0
      vertex 7.59927 67.0986 3
      vertex 7.59927 67.0986 0
    endloop
  endfacet
  facet normal -0.857731 0.514099 0
    outer loop
      vertex 7.59927 67.0986 3
      vertex 7.5135 66.9555 0
      vertex 7.5135 66.9555 3
    endloop
  endfacet
  facet normal 0.803211 0.595695 0
    outer loop
      vertex 4.78588 66.8215 3
      vertex 4.6865 66.9555 0
      vertex 4.6865 66.9555 3
    endloop
  endfacet
  facet normal 0.803211 0.595695 0
    outer loop
      vertex 4.6865 66.9555 0
      vertex 4.78588 66.8215 3
      vertex 4.78588 66.8215 0
    endloop
  endfacet
  facet normal 0.970015 0.243043 0
    outer loop
      vertex 4.4732 67.4065 3
      vertex 4.43266 67.5683 0
      vertex 4.43266 67.5683 3
    endloop
  endfacet
  facet normal 0.970015 0.243043 0
    outer loop
      vertex 4.43266 67.5683 0
      vertex 4.4732 67.4065 3
      vertex 4.4732 67.4065 0
    endloop
  endfacet
  facet normal -0.146857 0.989158 0
    outer loop
      vertex 6.43165 66.2327 0
      vertex 6.26663 66.2082 3
      vertex 6.43165 66.2327 3
    endloop
  endfacet
  facet normal -0.146857 0.989158 0
    outer loop
      vertex 6.26663 66.2082 3
      vertex 6.43165 66.2327 0
      vertex 6.26663 66.2082 0
    endloop
  endfacet
  facet normal -0.903973 -0.427589 0
    outer loop
      vertex 7.6706 68.5506 0
      vertex 7.59927 68.7014 3
      vertex 7.59927 68.7014 0
    endloop
  endfacet
  facet normal -0.903973 -0.427589 0
    outer loop
      vertex 7.59927 68.7014 3
      vertex 7.6706 68.5506 0
      vertex 7.6706 68.5506 3
    endloop
  endfacet
  facet normal -0.941566 -0.33683 0
    outer loop
      vertex 7.7268 68.3935 0
      vertex 7.6706 68.5506 3
      vertex 7.6706 68.5506 0
    endloop
  endfacet
  facet normal -0.941566 -0.33683 0
    outer loop
      vertex 7.6706 68.5506 3
      vertex 7.7268 68.3935 0
      vertex 7.7268 68.3935 3
    endloop
  endfacet
  facet normal -0.97003 -0.242987 0
    outer loop
      vertex 7.76733 68.2317 0
      vertex 7.7268 68.3935 3
      vertex 7.7268 68.3935 0
    endloop
  endfacet
  facet normal -0.97003 -0.242987 0
    outer loop
      vertex 7.7268 68.3935 3
      vertex 7.76733 68.2317 0
      vertex 7.76733 68.2317 3
    endloop
  endfacet
  facet normal -0.803211 -0.595695 0
    outer loop
      vertex 7.5135 68.8445 0
      vertex 7.41412 68.9785 3
      vertex 7.41412 68.9785 0
    endloop
  endfacet
  facet normal -0.803211 -0.595695 0
    outer loop
      vertex 7.41412 68.9785 3
      vertex 7.5135 68.8445 0
      vertex 7.5135 68.8445 3
    endloop
  endfacet
  facet normal -0.514231 -0.857652 0
    outer loop
      vertex 6.90137 69.3993 0
      vertex 7.04447 69.3135 3
      vertex 6.90137 69.3993 3
    endloop
  endfacet
  facet normal -0.514231 -0.857652 -0
    outer loop
      vertex 7.04447 69.3135 3
      vertex 6.90137 69.3993 0
      vertex 7.04447 69.3135 0
    endloop
  endfacet
  facet normal 0.941566 -0.33683 0
    outer loop
      vertex 4.4732 68.3935 3
      vertex 4.5294 68.5506 0
      vertex 4.5294 68.5506 3
    endloop
  endfacet
  facet normal 0.941566 -0.33683 0
    outer loop
      vertex 4.5294 68.5506 0
      vertex 4.4732 68.3935 3
      vertex 4.4732 68.3935 0
    endloop
  endfacet
  facet normal 0.857731 -0.514099 0
    outer loop
      vertex 4.60073 68.7014 3
      vertex 4.6865 68.8445 0
      vertex 4.6865 68.8445 3
    endloop
  endfacet
  facet normal 0.857731 -0.514099 0
    outer loop
      vertex 4.6865 68.8445 0
      vertex 4.60073 68.7014 3
      vertex 4.60073 68.7014 0
    endloop
  endfacet
  facet normal 0.242775 -0.970083 0
    outer loop
      vertex 5.60652 69.5268 0
      vertex 5.76835 69.5673 3
      vertex 5.60652 69.5268 3
    endloop
  endfacet
  facet normal 0.242775 -0.970083 0
    outer loop
      vertex 5.76835 69.5673 3
      vertex 5.60652 69.5268 0
      vertex 5.76835 69.5673 0
    endloop
  endfacet
  facet normal -0.989185 0.14667 0
    outer loop
      vertex 7.76733 67.5683 0
      vertex 7.79181 67.7334 3
      vertex 7.79181 67.7334 0
    endloop
  endfacet
  facet normal -0.989185 0.14667 0
    outer loop
      vertex 7.79181 67.7334 3
      vertex 7.76733 67.5683 0
      vertex 7.76733 67.5683 3
    endloop
  endfacet
  facet normal -0.998794 0.0491004 0
    outer loop
      vertex 7.79181 67.7334 0
      vertex 7.8 67.9 3
      vertex 7.8 67.9 0
    endloop
  endfacet
  facet normal -0.998794 0.0491004 0
    outer loop
      vertex 7.8 67.9 3
      vertex 7.79181 67.7334 0
      vertex 7.79181 67.7334 3
    endloop
  endfacet
  facet normal -0.514231 0.857652 0
    outer loop
      vertex 7.04447 66.4865 0
      vertex 6.90137 66.4007 3
      vertex 7.04447 66.4865 3
    endloop
  endfacet
  facet normal -0.514231 0.857652 0
    outer loop
      vertex 6.90137 66.4007 3
      vertex 7.04447 66.4865 0
      vertex 6.90137 66.4007 0
    endloop
  endfacet
  facet normal -0.740905 0.67161 0
    outer loop
      vertex 7.30208 66.6979 0
      vertex 7.41412 66.8215 3
      vertex 7.41412 66.8215 0
    endloop
  endfacet
  facet normal -0.740905 0.67161 0
    outer loop
      vertex 7.41412 66.8215 3
      vertex 7.30208 66.6979 0
      vertex 7.30208 66.6979 3
    endloop
  endfacet
  facet normal 0.427396 0.904065 -0
    outer loop
      vertex 5.44944 66.3294 0
      vertex 5.29862 66.4007 3
      vertex 5.44944 66.3294 3
    endloop
  endfacet
  facet normal 0.427396 0.904065 0
    outer loop
      vertex 5.29862 66.4007 3
      vertex 5.44944 66.3294 0
      vertex 5.29862 66.4007 0
    endloop
  endfacet
  facet normal 0.998794 0.0491004 0
    outer loop
      vertex 4.40819 67.7334 3
      vertex 4.4 67.9 0
      vertex 4.4 67.9 3
    endloop
  endfacet
  facet normal 0.998794 0.0491004 0
    outer loop
      vertex 4.4 67.9 0
      vertex 4.40819 67.7334 3
      vertex 4.40819 67.7334 0
    endloop
  endfacet
  facet normal 0.941566 0.33683 0
    outer loop
      vertex 4.5294 67.2494 3
      vertex 4.4732 67.4065 0
      vertex 4.4732 67.4065 3
    endloop
  endfacet
  facet normal 0.941566 0.33683 0
    outer loop
      vertex 4.4732 67.4065 0
      vertex 4.5294 67.2494 3
      vertex 4.5294 67.2494 0
    endloop
  endfacet
  facet normal 0.903973 0.427589 0
    outer loop
      vertex 4.60073 67.0986 3
      vertex 4.5294 67.2494 0
      vertex 4.5294 67.2494 3
    endloop
  endfacet
  facet normal 0.903973 0.427589 0
    outer loop
      vertex 4.5294 67.2494 0
      vertex 4.60073 67.0986 3
      vertex 4.60073 67.0986 0
    endloop
  endfacet
  facet normal -0.941566 0.33683 0
    outer loop
      vertex 7.6706 67.2494 0
      vertex 7.7268 67.4065 3
      vertex 7.7268 67.4065 0
    endloop
  endfacet
  facet normal -0.941566 0.33683 0
    outer loop
      vertex 7.7268 67.4065 3
      vertex 7.6706 67.2494 0
      vertex 7.6706 67.2494 3
    endloop
  endfacet
  facet normal -0.671448 0.741051 0
    outer loop
      vertex 7.30208 66.6979 0
      vertex 7.17847 66.5859 3
      vertex 7.30208 66.6979 3
    endloop
  endfacet
  facet normal -0.671448 0.741051 0
    outer loop
      vertex 7.17847 66.5859 3
      vertex 7.30208 66.6979 0
      vertex 7.17847 66.5859 0
    endloop
  endfacet
  facet normal -0.595772 0.803154 0
    outer loop
      vertex 7.17847 66.5859 0
      vertex 7.04447 66.4865 3
      vertex 7.17847 66.5859 3
    endloop
  endfacet
  facet normal -0.595772 0.803154 0
    outer loop
      vertex 7.04447 66.4865 3
      vertex 7.17847 66.5859 0
      vertex 7.04447 66.4865 0
    endloop
  endfacet
  facet normal -0.803211 0.595695 0
    outer loop
      vertex 7.41412 66.8215 0
      vertex 7.5135 66.9555 3
      vertex 7.5135 66.9555 0
    endloop
  endfacet
  facet normal -0.803211 0.595695 0
    outer loop
      vertex 7.5135 66.9555 3
      vertex 7.41412 66.8215 0
      vertex 7.41412 66.8215 3
    endloop
  endfacet
  facet normal 0.671448 0.741051 -0
    outer loop
      vertex 5.02153 66.5859 0
      vertex 4.89792 66.6979 3
      vertex 5.02153 66.5859 3
    endloop
  endfacet
  facet normal 0.671448 0.741051 0
    outer loop
      vertex 4.89792 66.6979 3
      vertex 5.02153 66.5859 0
      vertex 4.89792 66.6979 0
    endloop
  endfacet
  facet normal 0.0491513 0.998791 -0
    outer loop
      vertex 6.1 66.2 0
      vertex 5.93337 66.2082 3
      vertex 6.1 66.2 3
    endloop
  endfacet
  facet normal 0.0491513 0.998791 0
    outer loop
      vertex 5.93337 66.2082 3
      vertex 6.1 66.2 0
      vertex 5.93337 66.2082 0
    endloop
  endfacet
  facet normal 0.336868 0.941552 -0
    outer loop
      vertex 5.60652 66.2732 0
      vertex 5.44944 66.3294 3
      vertex 5.60652 66.2732 3
    endloop
  endfacet
  facet normal 0.336868 0.941552 0
    outer loop
      vertex 5.44944 66.3294 3
      vertex 5.60652 66.2732 0
      vertex 5.44944 66.3294 0
    endloop
  endfacet
  facet normal 0.595772 0.803154 -0
    outer loop
      vertex 5.15553 66.4865 0
      vertex 5.02153 66.5859 3
      vertex 5.15553 66.4865 3
    endloop
  endfacet
  facet normal 0.595772 0.803154 0
    outer loop
      vertex 5.02153 66.5859 3
      vertex 5.15553 66.4865 0
      vertex 5.02153 66.5859 0
    endloop
  endfacet
  facet normal 0.514258 0.857636 -0
    outer loop
      vertex 5.29862 66.4007 0
      vertex 5.15553 66.4865 3
      vertex 5.29862 66.4007 3
    endloop
  endfacet
  facet normal 0.514258 0.857636 0
    outer loop
      vertex 5.15553 66.4865 3
      vertex 5.29862 66.4007 0
      vertex 5.15553 66.4865 0
    endloop
  endfacet
  facet normal 0.989194 0.146612 0
    outer loop
      vertex 4.43266 67.5683 3
      vertex 4.40819 67.7334 0
      vertex 4.40819 67.7334 3
    endloop
  endfacet
  facet normal 0.989194 0.146612 0
    outer loop
      vertex 4.40819 67.7334 0
      vertex 4.43266 67.5683 3
      vertex 4.43266 67.5683 0
    endloop
  endfacet
  facet normal 0.740905 0.67161 0
    outer loop
      vertex 4.89792 66.6979 3
      vertex 4.78588 66.8215 0
      vertex 4.78588 66.8215 3
    endloop
  endfacet
  facet normal 0.740905 0.67161 0
    outer loop
      vertex 4.78588 66.8215 0
      vertex 4.89792 66.6979 3
      vertex 4.89792 66.6979 0
    endloop
  endfacet
  facet normal 0.857731 0.514099 0
    outer loop
      vertex 4.6865 66.9555 3
      vertex 4.60073 67.0986 0
      vertex 4.60073 67.0986 3
    endloop
  endfacet
  facet normal 0.857731 0.514099 0
    outer loop
      vertex 4.60073 67.0986 0
      vertex 4.6865 66.9555 3
      vertex 4.6865 66.9555 0
    endloop
  endfacet
  facet normal -0.242775 0.970083 0
    outer loop
      vertex 6.59348 66.2732 0
      vertex 6.43165 66.2327 3
      vertex 6.59348 66.2732 3
    endloop
  endfacet
  facet normal -0.242775 0.970083 0
    outer loop
      vertex 6.43165 66.2327 3
      vertex 6.59348 66.2732 0
      vertex 6.43165 66.2327 0
    endloop
  endfacet
  facet normal -0.336868 0.941552 0
    outer loop
      vertex 6.75056 66.3294 0
      vertex 6.59348 66.2732 3
      vertex 6.75056 66.3294 3
    endloop
  endfacet
  facet normal -0.336868 0.941552 0
    outer loop
      vertex 6.59348 66.2732 3
      vertex 6.75056 66.3294 0
      vertex 6.59348 66.2732 0
    endloop
  endfacet
  facet normal -0.0491513 0.998791 0
    outer loop
      vertex 6.26663 66.2082 0
      vertex 6.1 66.2 3
      vertex 6.26663 66.2082 3
    endloop
  endfacet
  facet normal -0.0491513 0.998791 0
    outer loop
      vertex 6.1 66.2 3
      vertex 6.26663 66.2082 0
      vertex 6.1 66.2 0
    endloop
  endfacet
  facet normal 0.242775 0.970083 -0
    outer loop
      vertex 5.76835 66.2327 0
      vertex 5.60652 66.2732 3
      vertex 5.76835 66.2327 3
    endloop
  endfacet
  facet normal 0.242775 0.970083 0
    outer loop
      vertex 5.60652 66.2732 3
      vertex 5.76835 66.2327 0
      vertex 5.60652 66.2732 0
    endloop
  endfacet
  facet normal -0.970072 -0.242818 0
    outer loop
      vertex 79.5673 68.2317 0
      vertex 79.5268 68.3935 3
      vertex 79.5268 68.3935 0
    endloop
  endfacet
  facet normal -0.970072 -0.242818 0
    outer loop
      vertex 79.5268 68.3935 3
      vertex 79.5673 68.2317 0
      vertex 79.5673 68.2317 3
    endloop
  endfacet
  facet normal -0.998791 -0.0491602 0
    outer loop
      vertex 79.6 67.9 0
      vertex 79.5918 68.0666 3
      vertex 79.5918 68.0666 0
    endloop
  endfacet
  facet normal -0.998791 -0.0491602 0
    outer loop
      vertex 79.5918 68.0666 3
      vertex 79.6 67.9 0
      vertex 79.6 67.9 3
    endloop
  endfacet
  facet normal 0.0491602 -0.998791 0
    outer loop
      vertex 77.7334 69.5918 0
      vertex 77.9 69.6 3
      vertex 77.7334 69.5918 3
    endloop
  endfacet
  facet normal 0.0491602 -0.998791 0
    outer loop
      vertex 77.9 69.6 3
      vertex 77.7334 69.5918 0
      vertex 77.9 69.6 0
    endloop
  endfacet
  facet normal -0.671478 -0.741024 0
    outer loop
      vertex 78.9785 69.2141 0
      vertex 79.1021 69.1021 3
      vertex 78.9785 69.2141 3
    endloop
  endfacet
  facet normal -0.671478 -0.741024 -0
    outer loop
      vertex 79.1021 69.1021 3
      vertex 78.9785 69.2141 0
      vertex 79.1021 69.1021 0
    endloop
  endfacet
  facet normal 0.741024 -0.671478 0
    outer loop
      vertex 76.5859 68.9785 3
      vertex 76.6979 69.1021 0
      vertex 76.6979 69.1021 3
    endloop
  endfacet
  facet normal 0.741024 -0.671478 0
    outer loop
      vertex 76.6979 69.1021 0
      vertex 76.5859 68.9785 3
      vertex 76.5859 68.9785 0
    endloop
  endfacet
  facet normal 0.427442 -0.904043 0
    outer loop
      vertex 77.0986 69.3993 0
      vertex 77.2494 69.4706 3
      vertex 77.0986 69.3993 3
    endloop
  endfacet
  facet normal 0.427442 -0.904043 0
    outer loop
      vertex 77.2494 69.4706 3
      vertex 77.0986 69.3993 0
      vertex 77.2494 69.4706 0
    endloop
  endfacet
  facet normal 0.741024 0.671478 0
    outer loop
      vertex 76.6979 66.6979 3
      vertex 76.5859 66.8215 0
      vertex 76.5859 66.8215 3
    endloop
  endfacet
  facet normal 0.741024 0.671478 0
    outer loop
      vertex 76.5859 66.8215 0
      vertex 76.6979 66.6979 3
      vertex 76.6979 66.6979 0
    endloop
  endfacet
  facet normal -0.941566 -0.33683 0
    outer loop
      vertex 79.5268 68.3935 0
      vertex 79.4706 68.5506 3
      vertex 79.4706 68.5506 0
    endloop
  endfacet
  facet normal -0.941566 -0.33683 0
    outer loop
      vertex 79.4706 68.5506 3
      vertex 79.5268 68.3935 0
      vertex 79.5268 68.3935 3
    endloop
  endfacet
  facet normal -0.33683 -0.941566 0
    outer loop
      vertex 78.3935 69.5268 0
      vertex 78.5506 69.4706 3
      vertex 78.3935 69.5268 3
    endloop
  endfacet
  facet normal -0.33683 -0.941566 -0
    outer loop
      vertex 78.5506 69.4706 3
      vertex 78.3935 69.5268 0
      vertex 78.5506 69.4706 0
    endloop
  endfacet
  facet normal 0.904043 -0.427442 0
    outer loop
      vertex 76.3294 68.5506 3
      vertex 76.4007 68.7014 0
      vertex 76.4007 68.7014 3
    endloop
  endfacet
  facet normal 0.904043 -0.427442 0
    outer loop
      vertex 76.4007 68.7014 0
      vertex 76.3294 68.5506 3
      vertex 76.3294 68.5506 0
    endloop
  endfacet
  facet normal 0.857652 -0.514231 0
    outer loop
      vertex 76.4007 68.7014 3
      vertex 76.4865 68.8445 0
      vertex 76.4865 68.8445 3
    endloop
  endfacet
  facet normal 0.857652 -0.514231 0
    outer loop
      vertex 76.4865 68.8445 0
      vertex 76.4007 68.7014 3
      vertex 76.4007 68.7014 0
    endloop
  endfacet
  facet normal 0.998791 0.0491602 0
    outer loop
      vertex 76.2082 67.7334 3
      vertex 76.2 67.9 0
      vertex 76.2 67.9 3
    endloop
  endfacet
  facet normal 0.998791 0.0491602 0
    outer loop
      vertex 76.2 67.9 0
      vertex 76.2082 67.7334 3
      vertex 76.2082 67.7334 0
    endloop
  endfacet
  facet normal -0.904043 0.427442 0
    outer loop
      vertex 79.3993 67.0986 0
      vertex 79.4706 67.2494 3
      vertex 79.4706 67.2494 0
    endloop
  endfacet
  facet normal -0.904043 0.427442 0
    outer loop
      vertex 79.4706 67.2494 3
      vertex 79.3993 67.0986 0
      vertex 79.3993 67.0986 3
    endloop
  endfacet
  facet normal -0.33683 0.941566 0
    outer loop
      vertex 78.5506 66.3294 0
      vertex 78.3935 66.2732 3
      vertex 78.5506 66.3294 3
    endloop
  endfacet
  facet normal -0.33683 0.941566 0
    outer loop
      vertex 78.3935 66.2732 3
      vertex 78.5506 66.3294 0
      vertex 78.3935 66.2732 0
    endloop
  endfacet
  facet normal -0.741024 0.671478 0
    outer loop
      vertex 79.1021 66.6979 0
      vertex 79.2141 66.8215 3
      vertex 79.2141 66.8215 0
    endloop
  endfacet
  facet normal -0.741024 0.671478 0
    outer loop
      vertex 79.2141 66.8215 3
      vertex 79.1021 66.6979 0
      vertex 79.1021 66.6979 3
    endloop
  endfacet
  facet normal -0.970072 0.242818 0
    outer loop
      vertex 79.5268 67.4065 0
      vertex 79.5673 67.5683 3
      vertex 79.5673 67.5683 0
    endloop
  endfacet
  facet normal -0.970072 0.242818 0
    outer loop
      vertex 79.5673 67.5683 3
      vertex 79.5268 67.4065 0
      vertex 79.5268 67.4065 3
    endloop
  endfacet
  facet normal 0.242818 0.970072 -0
    outer loop
      vertex 77.5683 66.2327 0
      vertex 77.4065 66.2732 3
      vertex 77.5683 66.2327 3
    endloop
  endfacet
  facet normal 0.242818 0.970072 0
    outer loop
      vertex 77.4065 66.2732 3
      vertex 77.5683 66.2327 0
      vertex 77.4065 66.2732 0
    endloop
  endfacet
  facet normal 0.427442 0.904043 -0
    outer loop
      vertex 77.2494 66.3294 0
      vertex 77.0986 66.4007 3
      vertex 77.2494 66.3294 3
    endloop
  endfacet
  facet normal 0.427442 0.904043 0
    outer loop
      vertex 77.0986 66.4007 3
      vertex 77.2494 66.3294 0
      vertex 77.0986 66.4007 0
    endloop
  endfacet
  facet normal -0.904043 -0.427442 0
    outer loop
      vertex 79.4706 68.5506 0
      vertex 79.3993 68.7014 3
      vertex 79.3993 68.7014 0
    endloop
  endfacet
  facet normal -0.904043 -0.427442 0
    outer loop
      vertex 79.3993 68.7014 3
      vertex 79.4706 68.5506 0
      vertex 79.4706 68.5506 3
    endloop
  endfacet
  facet normal -0.857652 -0.514231 0
    outer loop
      vertex 79.3993 68.7014 0
      vertex 79.3135 68.8445 3
      vertex 79.3135 68.8445 0
    endloop
  endfacet
  facet normal -0.857652 -0.514231 0
    outer loop
      vertex 79.3135 68.8445 3
      vertex 79.3993 68.7014 0
      vertex 79.3993 68.7014 3
    endloop
  endfacet
  facet normal -0.803154 -0.595772 0
    outer loop
      vertex 79.3135 68.8445 0
      vertex 79.2141 68.9785 3
      vertex 79.2141 68.9785 0
    endloop
  endfacet
  facet normal -0.803154 -0.595772 0
    outer loop
      vertex 79.2141 68.9785 3
      vertex 79.3135 68.8445 0
      vertex 79.3135 68.8445 3
    endloop
  endfacet
  facet normal -0.242818 -0.970072 0
    outer loop
      vertex 78.2317 69.5673 0
      vertex 78.3935 69.5268 3
      vertex 78.2317 69.5673 3
    endloop
  endfacet
  facet normal -0.242818 -0.970072 -0
    outer loop
      vertex 78.3935 69.5268 3
      vertex 78.2317 69.5673 0
      vertex 78.3935 69.5268 0
    endloop
  endfacet
  facet normal -0.146788 -0.989168 0
    outer loop
      vertex 78.0666 69.5918 0
      vertex 78.2317 69.5673 3
      vertex 78.0666 69.5918 3
    endloop
  endfacet
  facet normal -0.146788 -0.989168 -0
    outer loop
      vertex 78.2317 69.5673 3
      vertex 78.0666 69.5918 0
      vertex 78.2317 69.5673 0
    endloop
  endfacet
  facet normal -0.0491602 -0.998791 0
    outer loop
      vertex 77.9 69.6 0
      vertex 78.0666 69.5918 3
      vertex 77.9 69.6 3
    endloop
  endfacet
  facet normal -0.0491602 -0.998791 -0
    outer loop
      vertex 78.0666 69.5918 3
      vertex 77.9 69.6 0
      vertex 78.0666 69.5918 0
    endloop
  endfacet
  facet normal -0.595772 -0.803154 0
    outer loop
      vertex 78.8445 69.3135 0
      vertex 78.9785 69.2141 3
      vertex 78.8445 69.3135 3
    endloop
  endfacet
  facet normal -0.595772 -0.803154 -0
    outer loop
      vertex 78.9785 69.2141 3
      vertex 78.8445 69.3135 0
      vertex 78.9785 69.2141 0
    endloop
  endfacet
  facet normal -0.514231 -0.857652 0
    outer loop
      vertex 78.7014 69.3993 0
      vertex 78.8445 69.3135 3
      vertex 78.7014 69.3993 3
    endloop
  endfacet
  facet normal -0.514231 -0.857652 -0
    outer loop
      vertex 78.8445 69.3135 3
      vertex 78.7014 69.3993 0
      vertex 78.8445 69.3135 0
    endloop
  endfacet
  facet normal 0.803154 -0.595772 0
    outer loop
      vertex 76.4865 68.8445 3
      vertex 76.5859 68.9785 0
      vertex 76.5859 68.9785 3
    endloop
  endfacet
  facet normal 0.803154 -0.595772 0
    outer loop
      vertex 76.5859 68.9785 0
      vertex 76.4865 68.8445 3
      vertex 76.4865 68.8445 0
    endloop
  endfacet
  facet normal 0.941566 -0.33683 0
    outer loop
      vertex 76.2732 68.3935 3
      vertex 76.3294 68.5506 0
      vertex 76.3294 68.5506 3
    endloop
  endfacet
  facet normal 0.941566 -0.33683 0
    outer loop
      vertex 76.3294 68.5506 0
      vertex 76.2732 68.3935 3
      vertex 76.2732 68.3935 0
    endloop
  endfacet
  facet normal 0.989168 -0.146788 0
    outer loop
      vertex 76.2082 68.0666 3
      vertex 76.2327 68.2317 0
      vertex 76.2327 68.2317 3
    endloop
  endfacet
  facet normal 0.989168 -0.146788 0
    outer loop
      vertex 76.2327 68.2317 0
      vertex 76.2082 68.0666 3
      vertex 76.2082 68.0666 0
    endloop
  endfacet
  facet normal 0.998791 -0.0491602 0
    outer loop
      vertex 76.2 67.9 3
      vertex 76.2082 68.0666 0
      vertex 76.2082 68.0666 3
    endloop
  endfacet
  facet normal 0.998791 -0.0491602 0
    outer loop
      vertex 76.2082 68.0666 0
      vertex 76.2 67.9 3
      vertex 76.2 67.9 0
    endloop
  endfacet
  facet normal 0.514231 -0.857652 0
    outer loop
      vertex 76.9555 69.3135 0
      vertex 77.0986 69.3993 3
      vertex 76.9555 69.3135 3
    endloop
  endfacet
  facet normal 0.514231 -0.857652 0
    outer loop
      vertex 77.0986 69.3993 3
      vertex 76.9555 69.3135 0
      vertex 77.0986 69.3993 0
    endloop
  endfacet
  facet normal 0.595772 -0.803154 0
    outer loop
      vertex 76.8215 69.2141 0
      vertex 76.9555 69.3135 3
      vertex 76.8215 69.2141 3
    endloop
  endfacet
  facet normal 0.595772 -0.803154 0
    outer loop
      vertex 76.9555 69.3135 3
      vertex 76.8215 69.2141 0
      vertex 76.9555 69.3135 0
    endloop
  endfacet
  facet normal 0.671478 -0.741024 0
    outer loop
      vertex 76.6979 69.1021 0
      vertex 76.8215 69.2141 3
      vertex 76.6979 69.1021 3
    endloop
  endfacet
  facet normal 0.671478 -0.741024 0
    outer loop
      vertex 76.8215 69.2141 3
      vertex 76.6979 69.1021 0
      vertex 76.8215 69.2141 0
    endloop
  endfacet
  facet normal 0.146788 -0.989168 0
    outer loop
      vertex 77.5683 69.5673 0
      vertex 77.7334 69.5918 3
      vertex 77.5683 69.5673 3
    endloop
  endfacet
  facet normal 0.146788 -0.989168 0
    outer loop
      vertex 77.7334 69.5918 3
      vertex 77.5683 69.5673 0
      vertex 77.7334 69.5918 0
    endloop
  endfacet
  facet normal 0.242818 -0.970072 0
    outer loop
      vertex 77.4065 69.5268 0
      vertex 77.5683 69.5673 3
      vertex 77.4065 69.5268 3
    endloop
  endfacet
  facet normal 0.242818 -0.970072 0
    outer loop
      vertex 77.5683 69.5673 3
      vertex 77.4065 69.5268 0
      vertex 77.5683 69.5673 0
    endloop
  endfacet
  facet normal -0.146788 0.989168 0
    outer loop
      vertex 78.2317 66.2327 0
      vertex 78.0666 66.2082 3
      vertex 78.2317 66.2327 3
    endloop
  endfacet
  facet normal -0.146788 0.989168 0
    outer loop
      vertex 78.0666 66.2082 3
      vertex 78.2317 66.2327 0
      vertex 78.0666 66.2082 0
    endloop
  endfacet
  facet normal -0.242818 0.970072 0
    outer loop
      vertex 78.3935 66.2732 0
      vertex 78.2317 66.2327 3
      vertex 78.3935 66.2732 3
    endloop
  endfacet
  facet normal -0.242818 0.970072 0
    outer loop
      vertex 78.2317 66.2327 3
      vertex 78.3935 66.2732 0
      vertex 78.2317 66.2327 0
    endloop
  endfacet
  facet normal -0.514231 0.857652 0
    outer loop
      vertex 78.8445 66.4865 0
      vertex 78.7014 66.4007 3
      vertex 78.8445 66.4865 3
    endloop
  endfacet
  facet normal -0.514231 0.857652 0
    outer loop
      vertex 78.7014 66.4007 3
      vertex 78.8445 66.4865 0
      vertex 78.7014 66.4007 0
    endloop
  endfacet
  facet normal -0.671478 0.741024 0
    outer loop
      vertex 79.1021 66.6979 0
      vertex 78.9785 66.5859 3
      vertex 79.1021 66.6979 3
    endloop
  endfacet
  facet normal -0.671478 0.741024 0
    outer loop
      vertex 78.9785 66.5859 3
      vertex 79.1021 66.6979 0
      vertex 78.9785 66.5859 0
    endloop
  endfacet
  facet normal -0.803154 0.595772 0
    outer loop
      vertex 79.2141 66.8215 0
      vertex 79.3135 66.9555 3
      vertex 79.3135 66.9555 0
    endloop
  endfacet
  facet normal -0.803154 0.595772 0
    outer loop
      vertex 79.3135 66.9555 3
      vertex 79.2141 66.8215 0
      vertex 79.2141 66.8215 3
    endloop
  endfacet
  facet normal -0.857652 0.514231 0
    outer loop
      vertex 79.3135 66.9555 0
      vertex 79.3993 67.0986 3
      vertex 79.3993 67.0986 0
    endloop
  endfacet
  facet normal -0.857652 0.514231 0
    outer loop
      vertex 79.3993 67.0986 3
      vertex 79.3135 66.9555 0
      vertex 79.3135 66.9555 3
    endloop
  endfacet
  facet normal 0.0491602 0.998791 -0
    outer loop
      vertex 77.9 66.2 0
      vertex 77.7334 66.2082 3
      vertex 77.9 66.2 3
    endloop
  endfacet
  facet normal 0.0491602 0.998791 0
    outer loop
      vertex 77.7334 66.2082 3
      vertex 77.9 66.2 0
      vertex 77.7334 66.2082 0
    endloop
  endfacet
  facet normal 0.595772 0.803154 -0
    outer loop
      vertex 76.9555 66.4865 0
      vertex 76.8215 66.5859 3
      vertex 76.9555 66.4865 3
    endloop
  endfacet
  facet normal 0.595772 0.803154 0
    outer loop
      vertex 76.8215 66.5859 3
      vertex 76.9555 66.4865 0
      vertex 76.8215 66.5859 0
    endloop
  endfacet
  facet normal -0.0491602 0.998791 0
    outer loop
      vertex 78.0666 66.2082 0
      vertex 77.9 66.2 3
      vertex 78.0666 66.2082 3
    endloop
  endfacet
  facet normal -0.0491602 0.998791 0
    outer loop
      vertex 77.9 66.2 3
      vertex 78.0666 66.2082 0
      vertex 77.9 66.2 0
    endloop
  endfacet
  facet normal 0.514231 0.857652 -0
    outer loop
      vertex 77.0986 66.4007 0
      vertex 76.9555 66.4865 3
      vertex 77.0986 66.4007 3
    endloop
  endfacet
  facet normal 0.514231 0.857652 0
    outer loop
      vertex 76.9555 66.4865 3
      vertex 77.0986 66.4007 0
      vertex 76.9555 66.4865 0
    endloop
  endfacet
  facet normal 0.671478 0.741024 -0
    outer loop
      vertex 76.8215 66.5859 0
      vertex 76.6979 66.6979 3
      vertex 76.8215 66.5859 3
    endloop
  endfacet
  facet normal 0.671478 0.741024 0
    outer loop
      vertex 76.6979 66.6979 3
      vertex 76.8215 66.5859 0
      vertex 76.6979 66.6979 0
    endloop
  endfacet
  facet normal 0.857652 0.514231 0
    outer loop
      vertex 76.4865 66.9555 3
      vertex 76.4007 67.0986 0
      vertex 76.4007 67.0986 3
    endloop
  endfacet
  facet normal 0.857652 0.514231 0
    outer loop
      vertex 76.4007 67.0986 0
      vertex 76.4865 66.9555 3
      vertex 76.4865 66.9555 0
    endloop
  endfacet
  facet normal 0.941566 0.33683 0
    outer loop
      vertex 76.3294 67.2494 3
      vertex 76.2732 67.4065 0
      vertex 76.2732 67.4065 3
    endloop
  endfacet
  facet normal 0.941566 0.33683 0
    outer loop
      vertex 76.2732 67.4065 0
      vertex 76.3294 67.2494 3
      vertex 76.3294 67.2494 0
    endloop
  endfacet
  facet normal 0.989168 0.146788 0
    outer loop
      vertex 76.2327 67.5683 3
      vertex 76.2082 67.7334 0
      vertex 76.2082 67.7334 3
    endloop
  endfacet
  facet normal 0.989168 0.146788 0
    outer loop
      vertex 76.2082 67.7334 0
      vertex 76.2327 67.5683 3
      vertex 76.2327 67.5683 0
    endloop
  endfacet
  facet normal -0.989168 -0.146788 0
    outer loop
      vertex 79.5918 68.0666 0
      vertex 79.5673 68.2317 3
      vertex 79.5673 68.2317 0
    endloop
  endfacet
  facet normal -0.989168 -0.146788 0
    outer loop
      vertex 79.5673 68.2317 3
      vertex 79.5918 68.0666 0
      vertex 79.5918 68.0666 3
    endloop
  endfacet
  facet normal -0.741024 -0.671478 0
    outer loop
      vertex 79.2141 68.9785 0
      vertex 79.1021 69.1021 3
      vertex 79.1021 69.1021 0
    endloop
  endfacet
  facet normal -0.741024 -0.671478 0
    outer loop
      vertex 79.1021 69.1021 3
      vertex 79.2141 68.9785 0
      vertex 79.2141 68.9785 3
    endloop
  endfacet
  facet normal -0.427442 -0.904043 0
    outer loop
      vertex 78.5506 69.4706 0
      vertex 78.7014 69.3993 3
      vertex 78.5506 69.4706 3
    endloop
  endfacet
  facet normal -0.427442 -0.904043 -0
    outer loop
      vertex 78.7014 69.3993 3
      vertex 78.5506 69.4706 0
      vertex 78.7014 69.3993 0
    endloop
  endfacet
  facet normal 0.970072 -0.242818 0
    outer loop
      vertex 76.2327 68.2317 3
      vertex 76.2732 68.3935 0
      vertex 76.2732 68.3935 3
    endloop
  endfacet
  facet normal 0.970072 -0.242818 0
    outer loop
      vertex 76.2732 68.3935 0
      vertex 76.2327 68.2317 3
      vertex 76.2327 68.2317 0
    endloop
  endfacet
  facet normal 0.33683 -0.941566 0
    outer loop
      vertex 77.2494 69.4706 0
      vertex 77.4065 69.5268 3
      vertex 77.2494 69.4706 3
    endloop
  endfacet
  facet normal 0.33683 -0.941566 0
    outer loop
      vertex 77.4065 69.5268 3
      vertex 77.2494 69.4706 0
      vertex 77.4065 69.5268 0
    endloop
  endfacet
  facet normal -0.427442 0.904043 0
    outer loop
      vertex 78.7014 66.4007 0
      vertex 78.5506 66.3294 3
      vertex 78.7014 66.4007 3
    endloop
  endfacet
  facet normal -0.427442 0.904043 0
    outer loop
      vertex 78.5506 66.3294 3
      vertex 78.7014 66.4007 0
      vertex 78.5506 66.3294 0
    endloop
  endfacet
  facet normal -0.595772 0.803154 0
    outer loop
      vertex 78.9785 66.5859 0
      vertex 78.8445 66.4865 3
      vertex 78.9785 66.5859 3
    endloop
  endfacet
  facet normal -0.595772 0.803154 0
    outer loop
      vertex 78.8445 66.4865 3
      vertex 78.9785 66.5859 0
      vertex 78.8445 66.4865 0
    endloop
  endfacet
  facet normal -0.941566 0.33683 0
    outer loop
      vertex 79.4706 67.2494 0
      vertex 79.5268 67.4065 3
      vertex 79.5268 67.4065 0
    endloop
  endfacet
  facet normal -0.941566 0.33683 0
    outer loop
      vertex 79.5268 67.4065 3
      vertex 79.4706 67.2494 0
      vertex 79.4706 67.2494 3
    endloop
  endfacet
  facet normal -0.989168 0.146788 0
    outer loop
      vertex 79.5673 67.5683 0
      vertex 79.5918 67.7334 3
      vertex 79.5918 67.7334 0
    endloop
  endfacet
  facet normal -0.989168 0.146788 0
    outer loop
      vertex 79.5918 67.7334 3
      vertex 79.5673 67.5683 0
      vertex 79.5673 67.5683 3
    endloop
  endfacet
  facet normal -0.998791 0.0491602 0
    outer loop
      vertex 79.5918 67.7334 0
      vertex 79.6 67.9 3
      vertex 79.6 67.9 0
    endloop
  endfacet
  facet normal -0.998791 0.0491602 0
    outer loop
      vertex 79.6 67.9 3
      vertex 79.5918 67.7334 0
      vertex 79.5918 67.7334 3
    endloop
  endfacet
  facet normal 0.146788 0.989168 -0
    outer loop
      vertex 77.7334 66.2082 0
      vertex 77.5683 66.2327 3
      vertex 77.7334 66.2082 3
    endloop
  endfacet
  facet normal 0.146788 0.989168 0
    outer loop
      vertex 77.5683 66.2327 3
      vertex 77.7334 66.2082 0
      vertex 77.5683 66.2327 0
    endloop
  endfacet
  facet normal 0.33683 0.941566 -0
    outer loop
      vertex 77.4065 66.2732 0
      vertex 77.2494 66.3294 3
      vertex 77.4065 66.2732 3
    endloop
  endfacet
  facet normal 0.33683 0.941566 0
    outer loop
      vertex 77.2494 66.3294 3
      vertex 77.4065 66.2732 0
      vertex 77.2494 66.3294 0
    endloop
  endfacet
  facet normal 0.803154 0.595772 0
    outer loop
      vertex 76.5859 66.8215 3
      vertex 76.4865 66.9555 0
      vertex 76.4865 66.9555 3
    endloop
  endfacet
  facet normal 0.803154 0.595772 0
    outer loop
      vertex 76.4865 66.9555 0
      vertex 76.5859 66.8215 3
      vertex 76.5859 66.8215 0
    endloop
  endfacet
  facet normal 0.970072 0.242818 0
    outer loop
      vertex 76.2732 67.4065 3
      vertex 76.2327 67.5683 0
      vertex 76.2327 67.5683 3
    endloop
  endfacet
  facet normal 0.970072 0.242818 0
    outer loop
      vertex 76.2327 67.5683 0
      vertex 76.2732 67.4065 3
      vertex 76.2732 67.4065 0
    endloop
  endfacet
  facet normal 0.904043 0.427442 0
    outer loop
      vertex 76.4007 67.0986 3
      vertex 76.3294 67.2494 0
      vertex 76.3294 67.2494 3
    endloop
  endfacet
  facet normal 0.904043 0.427442 0
    outer loop
      vertex 76.3294 67.2494 0
      vertex 76.4007 67.0986 3
      vertex 76.4007 67.0986 0
    endloop
  endfacet
  facet normal -0.998789 -0.0491971 0
    outer loop
      vertex 45.5 37 0
      vertex 45.4831 37.3431 7.2
      vertex 45.4831 37.3431 0
    endloop
  endfacet
  facet normal -0.998789 -0.0491971 0
    outer loop
      vertex 45.4831 37.3431 7.2
      vertex 45.5 37 0
      vertex 45.5 37 7.2
    endloop
  endfacet
  facet normal 0.0491971 -0.998789 0
    outer loop
      vertex 41.6569 40.4831 0
      vertex 42 40.5 7.2
      vertex 41.6569 40.4831 7.2
    endloop
  endfacet
  facet normal 0.0491971 -0.998789 0
    outer loop
      vertex 42 40.5 7.2
      vertex 41.6569 40.4831 0
      vertex 42 40.5 0
    endloop
  endfacet
  facet normal -0.671454 -0.741046 0
    outer loop
      vertex 44.2204 39.7055 0
      vertex 44.4749 39.4749 7.2
      vertex 44.2204 39.7055 7.2
    endloop
  endfacet
  facet normal -0.671454 -0.741046 -0
    outer loop
      vertex 44.4749 39.4749 7.2
      vertex 44.2204 39.7055 0
      vertex 44.4749 39.4749 0
    endloop
  endfacet
  facet normal 0.741046 -0.671454 0
    outer loop
      vertex 39.2945 39.2204 7.2
      vertex 39.5251 39.4749 0
      vertex 39.5251 39.4749 7.2
    endloop
  endfacet
  facet normal 0.741046 -0.671454 0
    outer loop
      vertex 39.5251 39.4749 0
      vertex 39.2945 39.2204 7.2
      vertex 39.2945 39.2204 0
    endloop
  endfacet
  facet normal 0.427661 -0.903939 0
    outer loop
      vertex 40.3501 40.0867 0
      vertex 40.6606 40.2336 7.2
      vertex 40.3501 40.0867 7.2
    endloop
  endfacet
  facet normal 0.427661 -0.903939 0
    outer loop
      vertex 40.6606 40.2336 7.2
      vertex 40.3501 40.0867 0
      vertex 40.6606 40.2336 0
    endloop
  endfacet
  facet normal -0.903939 -0.427661 0
    outer loop
      vertex 45.2336 38.3394 0
      vertex 45.0867 38.6499 7.2
      vertex 45.0867 38.6499 0
    endloop
  endfacet
  facet normal -0.903939 -0.427661 0
    outer loop
      vertex 45.0867 38.6499 7.2
      vertex 45.2336 38.3394 0
      vertex 45.2336 38.3394 7.2
    endloop
  endfacet
  facet normal -0.336853 -0.941557 0
    outer loop
      vertex 43.016 40.3493 0
      vertex 43.3394 40.2336 7.2
      vertex 43.016 40.3493 7.2
    endloop
  endfacet
  facet normal -0.336853 -0.941557 -0
    outer loop
      vertex 43.3394 40.2336 7.2
      vertex 43.016 40.3493 0
      vertex 43.3394 40.2336 0
    endloop
  endfacet
  facet normal 0.903939 -0.427661 0
    outer loop
      vertex 38.7664 38.3394 7.2
      vertex 38.9133 38.6499 0
      vertex 38.9133 38.6499 7.2
    endloop
  endfacet
  facet normal 0.903939 -0.427661 0
    outer loop
      vertex 38.9133 38.6499 0
      vertex 38.7664 38.3394 7.2
      vertex 38.7664 38.3394 0
    endloop
  endfacet
  facet normal 0.857698 -0.514153 0
    outer loop
      vertex 38.9133 38.6499 7.2
      vertex 39.0899 38.9445 0
      vertex 39.0899 38.9445 7.2
    endloop
  endfacet
  facet normal 0.857698 -0.514153 0
    outer loop
      vertex 39.0899 38.9445 0
      vertex 38.9133 38.6499 7.2
      vertex 38.9133 38.6499 0
    endloop
  endfacet
  facet normal 0.24281 -0.970074 0
    outer loop
      vertex 40.984 40.3493 0
      vertex 41.3172 40.4327 7.2
      vertex 40.984 40.3493 7.2
    endloop
  endfacet
  facet normal 0.24281 -0.970074 0
    outer loop
      vertex 41.3172 40.4327 7.2
      vertex 40.984 40.3493 0
      vertex 41.3172 40.4327 0
    endloop
  endfacet
  facet normal -0.903939 0.427661 0
    outer loop
      vertex 45.0867 35.3501 0
      vertex 45.2336 35.6606 7.2
      vertex 45.2336 35.6606 0
    endloop
  endfacet
  facet normal -0.903939 0.427661 0
    outer loop
      vertex 45.2336 35.6606 7.2
      vertex 45.0867 35.3501 0
      vertex 45.0867 35.3501 7.2
    endloop
  endfacet
  facet normal -0.336853 0.941557 0
    outer loop
      vertex 43.3394 33.7664 0
      vertex 43.016 33.6507 7.2
      vertex 43.3394 33.7664 7.2
    endloop
  endfacet
  facet normal -0.336853 0.941557 0
    outer loop
      vertex 43.016 33.6507 7.2
      vertex 43.3394 33.7664 0
      vertex 43.016 33.6507 0
    endloop
  endfacet
  facet normal -0.741046 0.671454 0
    outer loop
      vertex 44.4749 34.5251 0
      vertex 44.7055 34.7796 7.2
      vertex 44.7055 34.7796 0
    endloop
  endfacet
  facet normal -0.741046 0.671454 0
    outer loop
      vertex 44.7055 34.7796 7.2
      vertex 44.4749 34.5251 0
      vertex 44.4749 34.5251 7.2
    endloop
  endfacet
  facet normal -0.970074 0.24281 0
    outer loop
      vertex 45.3493 35.984 0
      vertex 45.4327 36.3172 7.2
      vertex 45.4327 36.3172 0
    endloop
  endfacet
  facet normal -0.970074 0.24281 0
    outer loop
      vertex 45.4327 36.3172 7.2
      vertex 45.3493 35.984 0
      vertex 45.3493 35.984 7.2
    endloop
  endfacet
  facet normal 0.24281 0.970074 -0
    outer loop
      vertex 41.3172 33.5673 0
      vertex 40.984 33.6507 7.2
      vertex 41.3172 33.5673 7.2
    endloop
  endfacet
  facet normal 0.24281 0.970074 0
    outer loop
      vertex 40.984 33.6507 7.2
      vertex 41.3172 33.5673 0
      vertex 40.984 33.6507 0
    endloop
  endfacet
  facet normal 0.671454 0.741046 -0
    outer loop
      vertex 39.7796 34.2945 0
      vertex 39.5251 34.5251 7.2
      vertex 39.7796 34.2945 7.2
    endloop
  endfacet
  facet normal 0.671454 0.741046 0
    outer loop
      vertex 39.5251 34.5251 7.2
      vertex 39.7796 34.2945 0
      vertex 39.5251 34.5251 0
    endloop
  endfacet
  facet normal 0.903939 0.427661 0
    outer loop
      vertex 38.9133 35.3501 7.2
      vertex 38.7664 35.6606 0
      vertex 38.7664 35.6606 7.2
    endloop
  endfacet
  facet normal 0.903939 0.427661 0
    outer loop
      vertex 38.7664 35.6606 0
      vertex 38.9133 35.3501 7.2
      vertex 38.9133 35.3501 0
    endloop
  endfacet
  facet normal -0.970074 -0.24281 0
    outer loop
      vertex 45.4327 37.6828 0
      vertex 45.3493 38.016 7.2
      vertex 45.3493 38.016 0
    endloop
  endfacet
  facet normal -0.970074 -0.24281 0
    outer loop
      vertex 45.3493 38.016 7.2
      vertex 45.4327 37.6828 0
      vertex 45.4327 37.6828 7.2
    endloop
  endfacet
  facet normal -0.989172 -0.14676 0
    outer loop
      vertex 45.4831 37.3431 0
      vertex 45.4327 37.6828 7.2
      vertex 45.4327 37.6828 0
    endloop
  endfacet
  facet normal -0.989172 -0.14676 0
    outer loop
      vertex 45.4327 37.6828 7.2
      vertex 45.4831 37.3431 0
      vertex 45.4831 37.3431 7.2
    endloop
  endfacet
  facet normal -0.941557 -0.336853 0
    outer loop
      vertex 45.3493 38.016 0
      vertex 45.2336 38.3394 7.2
      vertex 45.2336 38.3394 0
    endloop
  endfacet
  facet normal -0.941557 -0.336853 0
    outer loop
      vertex 45.2336 38.3394 7.2
      vertex 45.3493 38.016 0
      vertex 45.3493 38.016 7.2
    endloop
  endfacet
  facet normal -0.803237 -0.595659 0
    outer loop
      vertex 44.9101 38.9445 0
      vertex 44.7055 39.2204 7.2
      vertex 44.7055 39.2204 0
    endloop
  endfacet
  facet normal -0.803237 -0.595659 0
    outer loop
      vertex 44.7055 39.2204 7.2
      vertex 44.9101 38.9445 0
      vertex 44.9101 38.9445 7.2
    endloop
  endfacet
  facet normal -0.741046 -0.671454 0
    outer loop
      vertex 44.7055 39.2204 0
      vertex 44.4749 39.4749 7.2
      vertex 44.4749 39.4749 0
    endloop
  endfacet
  facet normal -0.741046 -0.671454 0
    outer loop
      vertex 44.4749 39.4749 7.2
      vertex 44.7055 39.2204 0
      vertex 44.7055 39.2204 7.2
    endloop
  endfacet
  facet normal -0.857698 -0.514153 0
    outer loop
      vertex 45.0867 38.6499 0
      vertex 44.9101 38.9445 7.2
      vertex 44.9101 38.9445 0
    endloop
  endfacet
  facet normal -0.857698 -0.514153 0
    outer loop
      vertex 44.9101 38.9445 7.2
      vertex 45.0867 38.6499 0
      vertex 45.0867 38.6499 7.2
    endloop
  endfacet
  facet normal -0.14676 -0.989172 0
    outer loop
      vertex 42.3431 40.4831 0
      vertex 42.6828 40.4327 7.2
      vertex 42.3431 40.4831 7.2
    endloop
  endfacet
  facet normal -0.14676 -0.989172 -0
    outer loop
      vertex 42.6828 40.4327 7.2
      vertex 42.3431 40.4831 0
      vertex 42.6828 40.4327 0
    endloop
  endfacet
  facet normal -0.0491971 -0.998789 0
    outer loop
      vertex 42 40.5 0
      vertex 42.3431 40.4831 7.2
      vertex 42 40.5 7.2
    endloop
  endfacet
  facet normal -0.0491971 -0.998789 -0
    outer loop
      vertex 42.3431 40.4831 7.2
      vertex 42 40.5 0
      vertex 42.3431 40.4831 0
    endloop
  endfacet
  facet normal -0.514153 -0.857698 0
    outer loop
      vertex 43.6499 40.0867 0
      vertex 43.9445 39.9101 7.2
      vertex 43.6499 40.0867 7.2
    endloop
  endfacet
  facet normal -0.514153 -0.857698 -0
    outer loop
      vertex 43.9445 39.9101 7.2
      vertex 43.6499 40.0867 0
      vertex 43.9445 39.9101 0
    endloop
  endfacet
  facet normal -0.595659 -0.803237 0
    outer loop
      vertex 43.9445 39.9101 0
      vertex 44.2204 39.7055 7.2
      vertex 43.9445 39.9101 7.2
    endloop
  endfacet
  facet normal -0.595659 -0.803237 -0
    outer loop
      vertex 44.2204 39.7055 7.2
      vertex 43.9445 39.9101 0
      vertex 44.2204 39.7055 0
    endloop
  endfacet
  facet normal 0.989172 -0.14676 0
    outer loop
      vertex 38.5169 37.3431 7.2
      vertex 38.5673 37.6828 0
      vertex 38.5673 37.6828 7.2
    endloop
  endfacet
  facet normal 0.989172 -0.14676 0
    outer loop
      vertex 38.5673 37.6828 0
      vertex 38.5169 37.3431 7.2
      vertex 38.5169 37.3431 0
    endloop
  endfacet
  facet normal 0.941557 -0.336853 0
    outer loop
      vertex 38.6507 38.016 7.2
      vertex 38.7664 38.3394 0
      vertex 38.7664 38.3394 7.2
    endloop
  endfacet
  facet normal 0.941557 -0.336853 0
    outer loop
      vertex 38.7664 38.3394 0
      vertex 38.6507 38.016 7.2
      vertex 38.6507 38.016 0
    endloop
  endfacet
  facet normal 0.998789 -0.0491971 0
    outer loop
      vertex 38.5 37 7.2
      vertex 38.5169 37.3431 0
      vertex 38.5169 37.3431 7.2
    endloop
  endfacet
  facet normal 0.998789 -0.0491971 0
    outer loop
      vertex 38.5169 37.3431 0
      vertex 38.5 37 7.2
      vertex 38.5 37 0
    endloop
  endfacet
  facet normal 0.514153 -0.857698 0
    outer loop
      vertex 40.0555 39.9101 0
      vertex 40.3501 40.0867 7.2
      vertex 40.0555 39.9101 7.2
    endloop
  endfacet
  facet normal 0.514153 -0.857698 0
    outer loop
      vertex 40.3501 40.0867 7.2
      vertex 40.0555 39.9101 0
      vertex 40.3501 40.0867 0
    endloop
  endfacet
  facet normal 0.595659 -0.803237 0
    outer loop
      vertex 39.7796 39.7055 0
      vertex 40.0555 39.9101 7.2
      vertex 39.7796 39.7055 7.2
    endloop
  endfacet
  facet normal 0.595659 -0.803237 0
    outer loop
      vertex 40.0555 39.9101 7.2
      vertex 39.7796 39.7055 0
      vertex 40.0555 39.9101 0
    endloop
  endfacet
  facet normal 0.336853 -0.941557 0
    outer loop
      vertex 40.6606 40.2336 0
      vertex 40.984 40.3493 7.2
      vertex 40.6606 40.2336 7.2
    endloop
  endfacet
  facet normal 0.336853 -0.941557 0
    outer loop
      vertex 40.984 40.3493 7.2
      vertex 40.6606 40.2336 0
      vertex 40.984 40.3493 0
    endloop
  endfacet
  facet normal 0.14676 -0.989172 0
    outer loop
      vertex 41.3172 40.4327 0
      vertex 41.6569 40.4831 7.2
      vertex 41.3172 40.4327 7.2
    endloop
  endfacet
  facet normal 0.14676 -0.989172 0
    outer loop
      vertex 41.6569 40.4831 7.2
      vertex 41.3172 40.4327 0
      vertex 41.6569 40.4831 0
    endloop
  endfacet
  facet normal -0.998789 0.0491971 0
    outer loop
      vertex 45.4831 36.6569 0
      vertex 45.5 37 7.2
      vertex 45.5 37 0
    endloop
  endfacet
  facet normal -0.998789 0.0491971 0
    outer loop
      vertex 45.5 37 7.2
      vertex 45.4831 36.6569 0
      vertex 45.4831 36.6569 7.2
    endloop
  endfacet
  facet normal -0.14676 0.989172 0
    outer loop
      vertex 42.6828 33.5673 0
      vertex 42.3431 33.5169 7.2
      vertex 42.6828 33.5673 7.2
    endloop
  endfacet
  facet normal -0.14676 0.989172 0
    outer loop
      vertex 42.3431 33.5169 7.2
      vertex 42.6828 33.5673 0
      vertex 42.3431 33.5169 0
    endloop
  endfacet
  facet normal -0.514153 0.857698 0
    outer loop
      vertex 43.9445 34.0899 0
      vertex 43.6499 33.9133 7.2
      vertex 43.9445 34.0899 7.2
    endloop
  endfacet
  facet normal -0.514153 0.857698 0
    outer loop
      vertex 43.6499 33.9133 7.2
      vertex 43.9445 34.0899 0
      vertex 43.6499 33.9133 0
    endloop
  endfacet
  facet normal -0.671454 0.741046 0
    outer loop
      vertex 44.4749 34.5251 0
      vertex 44.2204 34.2945 7.2
      vertex 44.4749 34.5251 7.2
    endloop
  endfacet
  facet normal -0.671454 0.741046 0
    outer loop
      vertex 44.2204 34.2945 7.2
      vertex 44.4749 34.5251 0
      vertex 44.2204 34.2945 0
    endloop
  endfacet
  facet normal -0.595659 0.803237 0
    outer loop
      vertex 44.2204 34.2945 0
      vertex 43.9445 34.0899 7.2
      vertex 44.2204 34.2945 7.2
    endloop
  endfacet
  facet normal -0.595659 0.803237 0
    outer loop
      vertex 43.9445 34.0899 7.2
      vertex 44.2204 34.2945 0
      vertex 43.9445 34.0899 0
    endloop
  endfacet
  facet normal -0.803237 0.595659 0
    outer loop
      vertex 44.7055 34.7796 0
      vertex 44.9101 35.0555 7.2
      vertex 44.9101 35.0555 0
    endloop
  endfacet
  facet normal -0.803237 0.595659 0
    outer loop
      vertex 44.9101 35.0555 7.2
      vertex 44.7055 34.7796 0
      vertex 44.7055 34.7796 7.2
    endloop
  endfacet
  facet normal -0.857698 0.514153 0
    outer loop
      vertex 44.9101 35.0555 0
      vertex 45.0867 35.3501 7.2
      vertex 45.0867 35.3501 0
    endloop
  endfacet
  facet normal -0.857698 0.514153 0
    outer loop
      vertex 45.0867 35.3501 7.2
      vertex 44.9101 35.0555 0
      vertex 44.9101 35.0555 7.2
    endloop
  endfacet
  facet normal 0.595659 0.803237 -0
    outer loop
      vertex 40.0555 34.0899 0
      vertex 39.7796 34.2945 7.2
      vertex 40.0555 34.0899 7.2
    endloop
  endfacet
  facet normal 0.595659 0.803237 0
    outer loop
      vertex 39.7796 34.2945 7.2
      vertex 40.0555 34.0899 0
      vertex 39.7796 34.2945 0
    endloop
  endfacet
  facet normal 0.514153 0.857698 -0
    outer loop
      vertex 40.3501 33.9133 0
      vertex 40.0555 34.0899 7.2
      vertex 40.3501 33.9133 7.2
    endloop
  endfacet
  facet normal 0.514153 0.857698 0
    outer loop
      vertex 40.0555 34.0899 7.2
      vertex 40.3501 33.9133 0
      vertex 40.0555 34.0899 0
    endloop
  endfacet
  facet normal 0.427661 0.903939 -0
    outer loop
      vertex 40.6606 33.7664 0
      vertex 40.3501 33.9133 7.2
      vertex 40.6606 33.7664 7.2
    endloop
  endfacet
  facet normal 0.427661 0.903939 0
    outer loop
      vertex 40.3501 33.9133 7.2
      vertex 40.6606 33.7664 0
      vertex 40.3501 33.9133 0
    endloop
  endfacet
  facet normal 0.0491971 0.998789 -0
    outer loop
      vertex 42 33.5 0
      vertex 41.6569 33.5169 7.2
      vertex 42 33.5 7.2
    endloop
  endfacet
  facet normal 0.0491971 0.998789 0
    outer loop
      vertex 41.6569 33.5169 7.2
      vertex 42 33.5 0
      vertex 41.6569 33.5169 0
    endloop
  endfacet
  facet normal 0.803237 0.595659 0
    outer loop
      vertex 39.2945 34.7796 7.2
      vertex 39.0899 35.0555 0
      vertex 39.0899 35.0555 7.2
    endloop
  endfacet
  facet normal 0.803237 0.595659 0
    outer loop
      vertex 39.0899 35.0555 0
      vertex 39.2945 34.7796 7.2
      vertex 39.2945 34.7796 0
    endloop
  endfacet
  facet normal 0.857698 0.514153 0
    outer loop
      vertex 39.0899 35.0555 7.2
      vertex 38.9133 35.3501 0
      vertex 38.9133 35.3501 7.2
    endloop
  endfacet
  facet normal 0.857698 0.514153 0
    outer loop
      vertex 38.9133 35.3501 0
      vertex 39.0899 35.0555 7.2
      vertex 39.0899 35.0555 0
    endloop
  endfacet
  facet normal 0.741046 0.671454 0
    outer loop
      vertex 39.5251 34.5251 7.2
      vertex 39.2945 34.7796 0
      vertex 39.2945 34.7796 7.2
    endloop
  endfacet
  facet normal 0.741046 0.671454 0
    outer loop
      vertex 39.2945 34.7796 0
      vertex 39.5251 34.5251 7.2
      vertex 39.5251 34.5251 0
    endloop
  endfacet
  facet normal 0.989172 0.14676 0
    outer loop
      vertex 38.5673 36.3172 7.2
      vertex 38.5169 36.6569 0
      vertex 38.5169 36.6569 7.2
    endloop
  endfacet
  facet normal 0.989172 0.14676 0
    outer loop
      vertex 38.5169 36.6569 0
      vertex 38.5673 36.3172 7.2
      vertex 38.5673 36.3172 0
    endloop
  endfacet
  facet normal 0.941557 0.336853 0
    outer loop
      vertex 38.7664 35.6606 7.2
      vertex 38.6507 35.984 0
      vertex 38.6507 35.984 7.2
    endloop
  endfacet
  facet normal 0.941557 0.336853 0
    outer loop
      vertex 38.6507 35.984 0
      vertex 38.7664 35.6606 7.2
      vertex 38.7664 35.6606 0
    endloop
  endfacet
  facet normal 0.970074 0.24281 0
    outer loop
      vertex 38.6507 35.984 7.2
      vertex 38.5673 36.3172 0
      vertex 38.5673 36.3172 7.2
    endloop
  endfacet
  facet normal 0.970074 0.24281 0
    outer loop
      vertex 38.5673 36.3172 0
      vertex 38.6507 35.984 7.2
      vertex 38.6507 35.984 0
    endloop
  endfacet
  facet normal -0.24281 -0.970074 0
    outer loop
      vertex 42.6828 40.4327 0
      vertex 43.016 40.3493 7.2
      vertex 42.6828 40.4327 7.2
    endloop
  endfacet
  facet normal -0.24281 -0.970074 -0
    outer loop
      vertex 43.016 40.3493 7.2
      vertex 42.6828 40.4327 0
      vertex 43.016 40.3493 0
    endloop
  endfacet
  facet normal -0.427661 -0.903939 0
    outer loop
      vertex 43.3394 40.2336 0
      vertex 43.6499 40.0867 7.2
      vertex 43.3394 40.2336 7.2
    endloop
  endfacet
  facet normal -0.427661 -0.903939 -0
    outer loop
      vertex 43.6499 40.0867 7.2
      vertex 43.3394 40.2336 0
      vertex 43.6499 40.0867 0
    endloop
  endfacet
  facet normal 0.803237 -0.595659 0
    outer loop
      vertex 39.0899 38.9445 7.2
      vertex 39.2945 39.2204 0
      vertex 39.2945 39.2204 7.2
    endloop
  endfacet
  facet normal 0.803237 -0.595659 0
    outer loop
      vertex 39.2945 39.2204 0
      vertex 39.0899 38.9445 7.2
      vertex 39.0899 38.9445 0
    endloop
  endfacet
  facet normal 0.970074 -0.24281 0
    outer loop
      vertex 38.5673 37.6828 7.2
      vertex 38.6507 38.016 0
      vertex 38.6507 38.016 7.2
    endloop
  endfacet
  facet normal 0.970074 -0.24281 0
    outer loop
      vertex 38.6507 38.016 0
      vertex 38.5673 37.6828 7.2
      vertex 38.5673 37.6828 0
    endloop
  endfacet
  facet normal 0.998789 0.0491971 0
    outer loop
      vertex 38.5169 36.6569 7.2
      vertex 38.5 37 0
      vertex 38.5 37 7.2
    endloop
  endfacet
  facet normal 0.998789 0.0491971 0
    outer loop
      vertex 38.5 37 0
      vertex 38.5169 36.6569 7.2
      vertex 38.5169 36.6569 0
    endloop
  endfacet
  facet normal 0.671454 -0.741046 0
    outer loop
      vertex 39.5251 39.4749 0
      vertex 39.7796 39.7055 7.2
      vertex 39.5251 39.4749 7.2
    endloop
  endfacet
  facet normal 0.671454 -0.741046 0
    outer loop
      vertex 39.7796 39.7055 7.2
      vertex 39.5251 39.4749 0
      vertex 39.7796 39.7055 0
    endloop
  endfacet
  facet normal -0.24281 0.970074 0
    outer loop
      vertex 43.016 33.6507 0
      vertex 42.6828 33.5673 7.2
      vertex 43.016 33.6507 7.2
    endloop
  endfacet
  facet normal -0.24281 0.970074 0
    outer loop
      vertex 42.6828 33.5673 7.2
      vertex 43.016 33.6507 0
      vertex 42.6828 33.5673 0
    endloop
  endfacet
  facet normal -0.427661 0.903939 0
    outer loop
      vertex 43.6499 33.9133 0
      vertex 43.3394 33.7664 7.2
      vertex 43.6499 33.9133 7.2
    endloop
  endfacet
  facet normal -0.427661 0.903939 0
    outer loop
      vertex 43.3394 33.7664 7.2
      vertex 43.6499 33.9133 0
      vertex 43.3394 33.7664 0
    endloop
  endfacet
  facet normal -0.941557 0.336853 0
    outer loop
      vertex 45.2336 35.6606 0
      vertex 45.3493 35.984 7.2
      vertex 45.3493 35.984 0
    endloop
  endfacet
  facet normal -0.941557 0.336853 0
    outer loop
      vertex 45.3493 35.984 7.2
      vertex 45.2336 35.6606 0
      vertex 45.2336 35.6606 7.2
    endloop
  endfacet
  facet normal -0.989172 0.14676 0
    outer loop
      vertex 45.4327 36.3172 0
      vertex 45.4831 36.6569 7.2
      vertex 45.4831 36.6569 0
    endloop
  endfacet
  facet normal -0.989172 0.14676 0
    outer loop
      vertex 45.4831 36.6569 7.2
      vertex 45.4327 36.3172 0
      vertex 45.4327 36.3172 7.2
    endloop
  endfacet
  facet normal 0.336853 0.941557 -0
    outer loop
      vertex 40.984 33.6507 0
      vertex 40.6606 33.7664 7.2
      vertex 40.984 33.6507 7.2
    endloop
  endfacet
  facet normal 0.336853 0.941557 0
    outer loop
      vertex 40.6606 33.7664 7.2
      vertex 40.984 33.6507 0
      vertex 40.6606 33.7664 0
    endloop
  endfacet
  facet normal 0.14676 0.989172 -0
    outer loop
      vertex 41.6569 33.5169 0
      vertex 41.3172 33.5673 7.2
      vertex 41.6569 33.5169 7.2
    endloop
  endfacet
  facet normal 0.14676 0.989172 0
    outer loop
      vertex 41.3172 33.5673 7.2
      vertex 41.6569 33.5169 0
      vertex 41.3172 33.5673 0
    endloop
  endfacet
  facet normal -0.0491971 0.998789 0
    outer loop
      vertex 42.3431 33.5169 0
      vertex 42 33.5 7.2
      vertex 42.3431 33.5169 7.2
    endloop
  endfacet
  facet normal -0.0491971 0.998789 0
    outer loop
      vertex 42 33.5 7.2
      vertex 42.3431 33.5169 0
      vertex 42 33.5 0
    endloop
  endfacet
  facet normal -0.866025 -0.5 0
    outer loop
      vertex 48.5818 37 7.2
      vertex 45.2909 42.7 13
      vertex 45.2909 42.7 7.2
    endloop
  endfacet
  facet normal -0.866025 -0.5 0
    outer loop
      vertex 45.2909 42.7 13
      vertex 48.5818 37 7.2
      vertex 48.5818 37 13
    endloop
  endfacet
  facet normal 0.866025 0.5 0
    outer loop
      vertex 38.7091 31.3 13
      vertex 35.4182 37 7.2
      vertex 35.4182 37 13
    endloop
  endfacet
  facet normal 0.866025 0.5 0
    outer loop
      vertex 35.4182 37 7.2
      vertex 38.7091 31.3 13
      vertex 38.7091 31.3 7.2
    endloop
  endfacet
  facet normal 0 -1 0
    outer loop
      vertex 38.7091 42.7 7.2
      vertex 45.2909 42.7 13
      vertex 38.7091 42.7 13
    endloop
  endfacet
  facet normal 0 -1 -0
    outer loop
      vertex 45.2909 42.7 13
      vertex 38.7091 42.7 7.2
      vertex 45.2909 42.7 7.2
    endloop
  endfacet
  facet normal 0 1 -0
    outer loop
      vertex 45.2909 31.3 7.2
      vertex 38.7091 31.3 13
      vertex 45.2909 31.3 13
    endloop
  endfacet
  facet normal 0 1 0
    outer loop
      vertex 38.7091 31.3 13
      vertex 45.2909 31.3 7.2
      vertex 38.7091 31.3 7.2
    endloop
  endfacet
  facet normal 0.866025 -0.5 0
    outer loop
      vertex 35.4182 37 13
      vertex 38.7091 42.7 7.2
      vertex 38.7091 42.7 13
    endloop
  endfacet
  facet normal 0.866025 -0.5 0
    outer loop
      vertex 38.7091 42.7 7.2
      vertex 35.4182 37 13
      vertex 35.4182 37 7.2
    endloop
  endfacet
  facet normal 0 0 1
    outer loop
      vertex 48.5818 37 7.2
      vertex 45.4831 37.3431 7.2
      vertex 45.5 37 7.2
    endloop
  endfacet
  facet normal 0 0 1
    outer loop
      vertex 48.5818 37 7.2
      vertex 45.4327 37.6828 7.2
      vertex 45.4831 37.3431 7.2
    endloop
  endfacet
  facet normal 0 0 1
    outer loop
      vertex 48.5818 37 7.2
      vertex 45.3493 38.016 7.2
      vertex 45.4327 37.6828 7.2
    endloop
  endfacet
  facet normal -0 0 1
    outer loop
      vertex 45.0867 38.6499 7.2
      vertex 48.5818 37 7.2
      vertex 45.2909 42.7 7.2
    endloop
  endfacet
  facet normal 0 0 1
    outer loop
      vertex 48.5818 37 7.2
      vertex 45.2336 38.3394 7.2
      vertex 45.3493 38.016 7.2
    endloop
  endfacet
  facet normal 0 0 1
    outer loop
      vertex 48.5818 37 7.2
      vertex 45.0867 38.6499 7.2
      vertex 45.2336 38.3394 7.2
    endloop
  endfacet
  facet normal 0 0 1
    outer loop
      vertex 45.2909 42.7 7.2
      vertex 44.9101 38.9445 7.2
      vertex 45.0867 38.6499 7.2
    endloop
  endfacet
  facet normal 0 0 1
    outer loop
      vertex 45.2909 42.7 7.2
      vertex 44.7055 39.2204 7.2
      vertex 44.9101 38.9445 7.2
    endloop
  endfacet
  facet normal 0 0 1
    outer loop
      vertex 45.2909 42.7 7.2
      vertex 44.4749 39.4749 7.2
      vertex 44.7055 39.2204 7.2
    endloop
  endfacet
  facet normal 0 0 1
    outer loop
      vertex 45.2909 42.7 7.2
      vertex 44.2204 39.7055 7.2
      vertex 44.4749 39.4749 7.2
    endloop
  endfacet
  facet normal 0 0 1
    outer loop
      vertex 45.2909 42.7 7.2
      vertex 43.9445 39.9101 7.2
      vertex 44.2204 39.7055 7.2
    endloop
  endfacet
  facet normal 0 0 1
    outer loop
      vertex 45.2909 42.7 7.2
      vertex 43.6499 40.0867 7.2
      vertex 43.9445 39.9101 7.2
    endloop
  endfacet
  facet normal 0 0 1
    outer loop
      vertex 45.2909 42.7 7.2
      vertex 43.3394 40.2336 7.2
      vertex 43.6499 40.0867 7.2
    endloop
  endfacet
  facet normal 0 0 1
    outer loop
      vertex 45.2909 42.7 7.2
      vertex 43.016 40.3493 7.2
      vertex 43.3394 40.2336 7.2
    endloop
  endfacet
  facet normal 0 0 1
    outer loop
      vertex 45.2909 42.7 7.2
      vertex 42.6828 40.4327 7.2
      vertex 43.016 40.3493 7.2
    endloop
  endfacet
  facet normal 0 0 1
    outer loop
      vertex 45.2909 42.7 7.2
      vertex 42.3431 40.4831 7.2
      vertex 42.6828 40.4327 7.2
    endloop
  endfacet
  facet normal 0 0 1
    outer loop
      vertex 45.2909 42.7 7.2
      vertex 42 40.5 7.2
      vertex 42.3431 40.4831 7.2
    endloop
  endfacet
  facet normal -0 0 1
    outer loop
      vertex 38.7091 42.7 7.2
      vertex 42 40.5 7.2
      vertex 45.2909 42.7 7.2
    endloop
  endfacet
  facet normal 0 0 1
    outer loop
      vertex 42 40.5 7.2
      vertex 38.7091 42.7 7.2
      vertex 41.6569 40.4831 7.2
    endloop
  endfacet
  facet normal 0 0 1
    outer loop
      vertex 41.6569 40.4831 7.2
      vertex 38.7091 42.7 7.2
      vertex 41.3172 40.4327 7.2
    endloop
  endfacet
  facet normal 0 0 1
    outer loop
      vertex 41.3172 40.4327 7.2
      vertex 38.7091 42.7 7.2
      vertex 40.984 40.3493 7.2
    endloop
  endfacet
  facet normal 0 0 1
    outer loop
      vertex 40.984 40.3493 7.2
      vertex 38.7091 42.7 7.2
      vertex 40.6606 40.2336 7.2
    endloop
  endfacet
  facet normal 0 0 1
    outer loop
      vertex 40.6606 40.2336 7.2
      vertex 38.7091 42.7 7.2
      vertex 40.3501 40.0867 7.2
    endloop
  endfacet
  facet normal 0 0 1
    outer loop
      vertex 38.7091 42.7 7.2
      vertex 40.0555 39.9101 7.2
      vertex 40.3501 40.0867 7.2
    endloop
  endfacet
  facet normal 0 0 1
    outer loop
      vertex 38.7091 42.7 7.2
      vertex 39.7796 39.7055 7.2
      vertex 40.0555 39.9101 7.2
    endloop
  endfacet
  facet normal 0 0 1
    outer loop
      vertex 38.7091 42.7 7.2
      vertex 39.5251 39.4749 7.2
      vertex 39.7796 39.7055 7.2
    endloop
  endfacet
  facet normal 0 0 1
    outer loop
      vertex 38.7091 42.7 7.2
      vertex 39.2945 39.2204 7.2
      vertex 39.5251 39.4749 7.2
    endloop
  endfacet
  facet normal 0 0 1
    outer loop
      vertex 38.7091 42.7 7.2
      vertex 39.0899 38.9445 7.2
      vertex 39.2945 39.2204 7.2
    endloop
  endfacet
  facet normal 0 0 1
    outer loop
      vertex 38.7091 42.7 7.2
      vertex 38.9133 38.6499 7.2
      vertex 39.0899 38.9445 7.2
    endloop
  endfacet
  facet normal 0 0 1
    outer loop
      vertex 35.4182 37 7.2
      vertex 38.9133 38.6499 7.2
      vertex 38.7091 42.7 7.2
    endloop
  endfacet
  facet normal 0 0 1
    outer loop
      vertex 38.9133 38.6499 7.2
      vertex 35.4182 37 7.2
      vertex 38.7664 38.3394 7.2
    endloop
  endfacet
  facet normal 0 0 1
    outer loop
      vertex 38.7664 38.3394 7.2
      vertex 35.4182 37 7.2
      vertex 38.6507 38.016 7.2
    endloop
  endfacet
  facet normal 0 0 1
    outer loop
      vertex 38.6507 38.016 7.2
      vertex 35.4182 37 7.2
      vertex 38.5673 37.6828 7.2
    endloop
  endfacet
  facet normal 0 0 1
    outer loop
      vertex 38.5673 37.6828 7.2
      vertex 35.4182 37 7.2
      vertex 38.5169 37.3431 7.2
    endloop
  endfacet
  facet normal 0 0 1
    outer loop
      vertex 38.5169 37.3431 7.2
      vertex 35.4182 37 7.2
      vertex 38.5 37 7.2
    endloop
  endfacet
  facet normal 0 0 1
    outer loop
      vertex 45.4831 36.6569 7.2
      vertex 48.5818 37 7.2
      vertex 45.5 37 7.2
    endloop
  endfacet
  facet normal 0 0 1
    outer loop
      vertex 45.4327 36.3172 7.2
      vertex 48.5818 37 7.2
      vertex 45.4831 36.6569 7.2
    endloop
  endfacet
  facet normal 0 0 1
    outer loop
      vertex 45.3493 35.984 7.2
      vertex 48.5818 37 7.2
      vertex 45.4327 36.3172 7.2
    endloop
  endfacet
  facet normal 0 0 1
    outer loop
      vertex 45.2336 35.6606 7.2
      vertex 48.5818 37 7.2
      vertex 45.3493 35.984 7.2
    endloop
  endfacet
  facet normal 0 0 1
    outer loop
      vertex 45.0867 35.3501 7.2
      vertex 48.5818 37 7.2
      vertex 45.2336 35.6606 7.2
    endloop
  endfacet
  facet normal 0 0 1
    outer loop
      vertex 48.5818 37 7.2
      vertex 45.0867 35.3501 7.2
      vertex 45.2909 31.3 7.2
    endloop
  endfacet
  facet normal -0 0 1
    outer loop
      vertex 44.9101 35.0555 7.2
      vertex 45.2909 31.3 7.2
      vertex 45.0867 35.3501 7.2
    endloop
  endfacet
  facet normal -0 0 1
    outer loop
      vertex 44.7055 34.7796 7.2
      vertex 45.2909 31.3 7.2
      vertex 44.9101 35.0555 7.2
    endloop
  endfacet
  facet normal -0 0 1
    outer loop
      vertex 44.4749 34.5251 7.2
      vertex 45.2909 31.3 7.2
      vertex 44.7055 34.7796 7.2
    endloop
  endfacet
  facet normal -0 0 1
    outer loop
      vertex 44.2204 34.2945 7.2
      vertex 45.2909 31.3 7.2
      vertex 44.4749 34.5251 7.2
    endloop
  endfacet
  facet normal -0 0 1
    outer loop
      vertex 43.9445 34.0899 7.2
      vertex 45.2909 31.3 7.2
      vertex 44.2204 34.2945 7.2
    endloop
  endfacet
  facet normal -0 0 1
    outer loop
      vertex 43.6499 33.9133 7.2
      vertex 45.2909 31.3 7.2
      vertex 43.9445 34.0899 7.2
    endloop
  endfacet
  facet normal -0 0 1
    outer loop
      vertex 43.3394 33.7664 7.2
      vertex 45.2909 31.3 7.2
      vertex 43.6499 33.9133 7.2
    endloop
  endfacet
  facet normal -0 0 1
    outer loop
      vertex 43.016 33.6507 7.2
      vertex 45.2909 31.3 7.2
      vertex 43.3394 33.7664 7.2
    endloop
  endfacet
  facet normal -0 0 1
    outer loop
      vertex 42.6828 33.5673 7.2
      vertex 45.2909 31.3 7.2
      vertex 43.016 33.6507 7.2
    endloop
  endfacet
  facet normal -0 0 1
    outer loop
      vertex 42.3431 33.5169 7.2
      vertex 45.2909 31.3 7.2
      vertex 42.6828 33.5673 7.2
    endloop
  endfacet
  facet normal -0 0 1
    outer loop
      vertex 42 33.5 7.2
      vertex 45.2909 31.3 7.2
      vertex 42.3431 33.5169 7.2
    endloop
  endfacet
  facet normal 0 0 1
    outer loop
      vertex 38.7091 31.3 7.2
      vertex 42 33.5 7.2
      vertex 41.6569 33.5169 7.2
    endloop
  endfacet
  facet normal 0 0 1
    outer loop
      vertex 38.7091 31.3 7.2
      vertex 41.6569 33.5169 7.2
      vertex 41.3172 33.5673 7.2
    endloop
  endfacet
  facet normal 0 0 1
    outer loop
      vertex 38.7091 31.3 7.2
      vertex 41.3172 33.5673 7.2
      vertex 40.984 33.6507 7.2
    endloop
  endfacet
  facet normal 0 0 1
    outer loop
      vertex 38.7091 31.3 7.2
      vertex 40.984 33.6507 7.2
      vertex 40.6606 33.7664 7.2
    endloop
  endfacet
  facet normal 0 0 1
    outer loop
      vertex 38.7091 31.3 7.2
      vertex 40.6606 33.7664 7.2
      vertex 40.3501 33.9133 7.2
    endloop
  endfacet
  facet normal 0 0 1
    outer loop
      vertex 42 33.5 7.2
      vertex 38.7091 31.3 7.2
      vertex 45.2909 31.3 7.2
    endloop
  endfacet
  facet normal 0 0 1
    outer loop
      vertex 40.0555 34.0899 7.2
      vertex 38.7091 31.3 7.2
      vertex 40.3501 33.9133 7.2
    endloop
  endfacet
  facet normal 0 0 1
    outer loop
      vertex 39.7796 34.2945 7.2
      vertex 38.7091 31.3 7.2
      vertex 40.0555 34.0899 7.2
    endloop
  endfacet
  facet normal 0 0 1
    outer loop
      vertex 39.5251 34.5251 7.2
      vertex 38.7091 31.3 7.2
      vertex 39.7796 34.2945 7.2
    endloop
  endfacet
  facet normal 0 0 1
    outer loop
      vertex 39.2945 34.7796 7.2
      vertex 38.7091 31.3 7.2
      vertex 39.5251 34.5251 7.2
    endloop
  endfacet
  facet normal 0 0 1
    outer loop
      vertex 39.0899 35.0555 7.2
      vertex 38.7091 31.3 7.2
      vertex 39.2945 34.7796 7.2
    endloop
  endfacet
  facet normal 0 0 1
    outer loop
      vertex 38.9133 35.3501 7.2
      vertex 38.7091 31.3 7.2
      vertex 39.0899 35.0555 7.2
    endloop
  endfacet
  facet normal 0 0 1
    outer loop
      vertex 35.4182 37 7.2
      vertex 38.9133 35.3501 7.2
      vertex 38.7664 35.6606 7.2
    endloop
  endfacet
  facet normal 0 0 1
    outer loop
      vertex 35.4182 37 7.2
      vertex 38.7664 35.6606 7.2
      vertex 38.6507 35.984 7.2
    endloop
  endfacet
  facet normal 0 0 1
    outer loop
      vertex 35.4182 37 7.2
      vertex 38.6507 35.984 7.2
      vertex 38.5673 36.3172 7.2
    endloop
  endfacet
  facet normal 0 0 1
    outer loop
      vertex 35.4182 37 7.2
      vertex 38.5673 36.3172 7.2
      vertex 38.5169 36.6569 7.2
    endloop
  endfacet
  facet normal -0 0 1
    outer loop
      vertex 35.4182 37 7.2
      vertex 38.5169 36.6569 7.2
      vertex 38.5 37 7.2
    endloop
  endfacet
  facet normal 0 0 1
    outer loop
      vertex 38.9133 35.3501 7.2
      vertex 35.4182 37 7.2
      vertex 38.7091 31.3 7.2
    endloop
  endfacet
  facet normal -0.866025 0.5 0
    outer loop
      vertex 45.2909 31.3 7.2
      vertex 48.5818 37 13
      vertex 48.5818 37 7.2
    endloop
  endfacet
  facet normal -0.866025 0.5 0
    outer loop
      vertex 48.5818 37 13
      vertex 45.2909 31.3 7.2
      vertex 45.2909 31.3 13
    endloop
  endfacet
  facet normal 0.989174 -0.146746 0
    outer loop
      vertex 35.0217 14.4411 3
      vertex 35.0865 14.8779 0
      vertex 35.0865 14.8779 3
    endloop
  endfacet
  facet normal 0.989174 -0.146746 0
    outer loop
      vertex 35.0865 14.8779 0
      vertex 35.0217 14.4411 3
      vertex 35.0217 14.4411 0
    endloop
  endfacet
  facet normal 0.998792 -0.0491358 0
    outer loop
      vertex 35 14 3
      vertex 35.0217 14.4411 0
      vertex 35.0217 14.4411 3
    endloop
  endfacet
  facet normal 0.998792 -0.0491358 0
    outer loop
      vertex 35.0217 14.4411 0
      vertex 35 14 3
      vertex 35 14 0
    endloop
  endfacet
  facet normal 0.998792 0.0491358 0
    outer loop
      vertex 35.0217 13.5589 3
      vertex 35 14 0
      vertex 35 14 3
    endloop
  endfacet
  facet normal 0.998792 0.0491358 0
    outer loop
      vertex 35 14 0
      vertex 35.0217 13.5589 3
      vertex 35.0217 13.5589 0
    endloop
  endfacet
  facet normal -0.998792 0.0491358 0
    outer loop
      vertex 48.9783 13.5589 0
      vertex 49 14 3
      vertex 49 14 0
    endloop
  endfacet
  facet normal -0.998792 0.0491358 0
    outer loop
      vertex 49 14 3
      vertex 48.9783 13.5589 0
      vertex 48.9783 13.5589 3
    endloop
  endfacet
  facet normal 0.0491358 -0.998792 0
    outer loop
      vertex 39.0589 18.4783 0
      vertex 39.5 18.5 3
      vertex 39.0589 18.4783 3
    endloop
  endfacet
  facet normal 0.0491358 -0.998792 0
    outer loop
      vertex 39.5 18.5 3
      vertex 39.0589 18.4783 0
      vertex 39.5 18.5 0
    endloop
  endfacet
  facet normal 0 1 -0
    outer loop
      vertex 44.5 9.5 0
      vertex 39.5 9.5 3
      vertex 44.5 9.5 3
    endloop
  endfacet
  facet normal 0 1 0
    outer loop
      vertex 39.5 9.5 3
      vertex 44.5 9.5 0
      vertex 39.5 9.5 0
    endloop
  endfacet
  facet normal -0.903908 -0.427726 0
    outer loop
      vertex 48.6575 15.7221 0
      vertex 48.4686 16.1213 3
      vertex 48.4686 16.1213 0
    endloop
  endfacet
  facet normal -0.903908 -0.427726 0
    outer loop
      vertex 48.4686 16.1213 3
      vertex 48.6575 15.7221 0
      vertex 48.6575 15.7221 3
    endloop
  endfacet
  facet normal -0.671488 -0.741015 0
    outer loop
      vertex 47.3548 17.4785 0
      vertex 47.682 17.182 3
      vertex 47.3548 17.4785 3
    endloop
  endfacet
  facet normal -0.671488 -0.741015 -0
    outer loop
      vertex 47.682 17.182 3
      vertex 47.3548 17.4785 0
      vertex 47.682 17.182 0
    endloop
  endfacet
  facet normal -0.941598 0.336738 0
    outer loop
      vertex 48.6575 12.2779 0
      vertex 48.8062 12.6937 3
      vertex 48.8062 12.6937 0
    endloop
  endfacet
  facet normal -0.941598 0.336738 0
    outer loop
      vertex 48.8062 12.6937 3
      vertex 48.6575 12.2779 0
      vertex 48.6575 12.2779 3
    endloop
  endfacet
  facet normal -0.970036 -0.242962 0
    outer loop
      vertex 48.9135 14.8779 0
      vertex 48.8062 15.3063 3
      vertex 48.8062 15.3063 0
    endloop
  endfacet
  facet normal -0.970036 -0.242962 0
    outer loop
      vertex 48.8062 15.3063 3
      vertex 48.9135 14.8779 0
      vertex 48.9135 14.8779 3
    endloop
  endfacet
  facet normal -0.741015 -0.671488 0
    outer loop
      vertex 47.9785 16.8548 0
      vertex 47.682 17.182 3
      vertex 47.682 17.182 0
    endloop
  endfacet
  facet normal -0.741015 -0.671488 0
    outer loop
      vertex 47.682 17.182 3
      vertex 47.9785 16.8548 0
      vertex 47.9785 16.8548 3
    endloop
  endfacet
  facet normal 0.146746 -0.989174 0
    outer loop
      vertex 38.6221 18.4135 0
      vertex 39.0589 18.4783 3
      vertex 38.6221 18.4135 3
    endloop
  endfacet
  facet normal 0.146746 -0.989174 0
    outer loop
      vertex 39.0589 18.4783 3
      vertex 38.6221 18.4135 0
      vertex 39.0589 18.4783 0
    endloop
  endfacet
  facet normal 0 -1 0
    outer loop
      vertex 39.5 18.5 0
      vertex 44.5 18.5 3
      vertex 39.5 18.5 3
    endloop
  endfacet
  facet normal 0 -1 -0
    outer loop
      vertex 44.5 18.5 3
      vertex 39.5 18.5 0
      vertex 44.5 18.5 0
    endloop
  endfacet
  facet normal 0.336738 -0.941598 0
    outer loop
      vertex 37.7779 18.1575 0
      vertex 38.1937 18.3062 3
      vertex 37.7779 18.1575 3
    endloop
  endfacet
  facet normal 0.336738 -0.941598 0
    outer loop
      vertex 38.1937 18.3062 3
      vertex 37.7779 18.1575 0
      vertex 38.1937 18.3062 0
    endloop
  endfacet
  facet normal -0.671488 0.741015 0
    outer loop
      vertex 47.682 10.818 0
      vertex 47.3548 10.5215 3
      vertex 47.682 10.818 3
    endloop
  endfacet
  facet normal -0.671488 0.741015 0
    outer loop
      vertex 47.3548 10.5215 3
      vertex 47.682 10.818 0
      vertex 47.3548 10.5215 0
    endloop
  endfacet
  facet normal 0.0490906 0.998794 -0
    outer loop
      vertex 39.5 9.5 0
      vertex 39.0589 9.52168 3
      vertex 39.5 9.5 3
    endloop
  endfacet
  facet normal 0.0490906 0.998794 0
    outer loop
      vertex 39.0589 9.52168 3
      vertex 39.5 9.5 0
      vertex 39.0589 9.52168 0
    endloop
  endfacet
  facet normal -0.242962 -0.970036 0
    outer loop
      vertex 45.3779 18.4135 0
      vertex 45.8063 18.3062 3
      vertex 45.3779 18.4135 3
    endloop
  endfacet
  facet normal -0.242962 -0.970036 -0
    outer loop
      vertex 45.8063 18.3062 3
      vertex 45.3779 18.4135 0
      vertex 45.8063 18.3062 0
    endloop
  endfacet
  facet normal -0.857773 -0.514029 0
    outer loop
      vertex 48.4686 16.1213 0
      vertex 48.2416 16.5001 3
      vertex 48.2416 16.5001 0
    endloop
  endfacet
  facet normal -0.857773 -0.514029 0
    outer loop
      vertex 48.2416 16.5001 3
      vertex 48.4686 16.1213 0
      vertex 48.4686 16.1213 3
    endloop
  endfacet
  facet normal -0.803168 -0.595753 0
    outer loop
      vertex 48.2416 16.5001 0
      vertex 47.9785 16.8548 3
      vertex 47.9785 16.8548 0
    endloop
  endfacet
  facet normal -0.803168 -0.595753 0
    outer loop
      vertex 47.9785 16.8548 3
      vertex 48.2416 16.5001 0
      vertex 48.2416 16.5001 3
    endloop
  endfacet
  facet normal -0.0491358 -0.998792 0
    outer loop
      vertex 44.5 18.5 0
      vertex 44.9411 18.4783 3
      vertex 44.5 18.5 3
    endloop
  endfacet
  facet normal -0.0491358 -0.998792 -0
    outer loop
      vertex 44.9411 18.4783 3
      vertex 44.5 18.5 0
      vertex 44.9411 18.4783 0
    endloop
  endfacet
  facet normal -0.336738 -0.941598 0
    outer loop
      vertex 45.8063 18.3062 0
      vertex 46.2221 18.1575 3
      vertex 45.8063 18.3062 3
    endloop
  endfacet
  facet normal -0.336738 -0.941598 -0
    outer loop
      vertex 46.2221 18.1575 3
      vertex 45.8063 18.3062 0
      vertex 46.2221 18.1575 0
    endloop
  endfacet
  facet normal 0.242962 -0.970036 0
    outer loop
      vertex 38.1937 18.3062 0
      vertex 38.6221 18.4135 3
      vertex 38.1937 18.3062 3
    endloop
  endfacet
  facet normal 0.242962 -0.970036 0
    outer loop
      vertex 38.6221 18.4135 3
      vertex 38.1937 18.3062 0
      vertex 38.6221 18.4135 0
    endloop
  endfacet
  facet normal 0.671488 -0.741015 0
    outer loop
      vertex 36.318 17.182 0
      vertex 36.6452 17.4785 3
      vertex 36.318 17.182 3
    endloop
  endfacet
  facet normal 0.671488 -0.741015 0
    outer loop
      vertex 36.6452 17.4785 3
      vertex 36.318 17.182 0
      vertex 36.6452 17.4785 0
    endloop
  endfacet
  facet normal 0.741015 -0.671488 0
    outer loop
      vertex 36.0215 16.8548 3
      vertex 36.318 17.182 0
      vertex 36.318 17.182 3
    endloop
  endfacet
  facet normal 0.741015 -0.671488 0
    outer loop
      vertex 36.318 17.182 0
      vertex 36.0215 16.8548 3
      vertex 36.0215 16.8548 0
    endloop
  endfacet
  facet normal 0.903908 -0.427726 0
    outer loop
      vertex 35.3425 15.7221 3
      vertex 35.5314 16.1213 0
      vertex 35.5314 16.1213 3
    endloop
  endfacet
  facet normal 0.903908 -0.427726 0
    outer loop
      vertex 35.5314 16.1213 0
      vertex 35.3425 15.7221 3
      vertex 35.3425 15.7221 0
    endloop
  endfacet
  facet normal -0.857773 0.514029 0
    outer loop
      vertex 48.2416 11.4999 0
      vertex 48.4686 11.8787 3
      vertex 48.4686 11.8787 0
    endloop
  endfacet
  facet normal -0.857773 0.514029 0
    outer loop
      vertex 48.4686 11.8787 3
      vertex 48.2416 11.4999 0
      vertex 48.2416 11.4999 3
    endloop
  endfacet
  facet normal -0.903908 0.427726 0
    outer loop
      vertex 48.4686 11.8787 0
      vertex 48.6575 12.2779 3
      vertex 48.6575 12.2779 0
    endloop
  endfacet
  facet normal -0.903908 0.427726 0
    outer loop
      vertex 48.6575 12.2779 3
      vertex 48.4686 11.8787 0
      vertex 48.4686 11.8787 3
    endloop
  endfacet
  facet normal -0.970036 0.242962 0
    outer loop
      vertex 48.8062 12.6937 0
      vertex 48.9135 13.1221 3
      vertex 48.9135 13.1221 0
    endloop
  endfacet
  facet normal -0.970036 0.242962 0
    outer loop
      vertex 48.9135 13.1221 3
      vertex 48.8062 12.6937 0
      vertex 48.8062 12.6937 3
    endloop
  endfacet
  facet normal -0.989174 0.146746 0
    outer loop
      vertex 48.9135 13.1221 0
      vertex 48.9783 13.5589 3
      vertex 48.9783 13.5589 0
    endloop
  endfacet
  facet normal -0.989174 0.146746 0
    outer loop
      vertex 48.9783 13.5589 3
      vertex 48.9135 13.1221 0
      vertex 48.9135 13.1221 3
    endloop
  endfacet
  facet normal -0.741015 0.671488 0
    outer loop
      vertex 47.682 10.818 0
      vertex 47.9785 11.1452 3
      vertex 47.9785 11.1452 0
    endloop
  endfacet
  facet normal -0.741015 0.671488 0
    outer loop
      vertex 47.9785 11.1452 3
      vertex 47.682 10.818 0
      vertex 47.682 10.818 3
    endloop
  endfacet
  facet normal 0.427652 0.903943 -0
    outer loop
      vertex 37.7779 9.84254 0
      vertex 37.3787 10.0314 3
      vertex 37.7779 9.84254 3
    endloop
  endfacet
  facet normal 0.427652 0.903943 0
    outer loop
      vertex 37.3787 10.0314 3
      vertex 37.7779 9.84254 0
      vertex 37.3787 10.0314 0
    endloop
  endfacet
  facet normal -0.242962 0.970036 0
    outer loop
      vertex 45.8063 9.69377 0
      vertex 45.3779 9.58647 3
      vertex 45.8063 9.69377 3
    endloop
  endfacet
  facet normal -0.242962 0.970036 0
    outer loop
      vertex 45.3779 9.58647 3
      vertex 45.8063 9.69377 0
      vertex 45.3779 9.58647 0
    endloop
  endfacet
  facet normal -0.146723 0.989178 0
    outer loop
      vertex 45.3779 9.58647 0
      vertex 44.9411 9.52168 3
      vertex 45.3779 9.58647 3
    endloop
  endfacet
  facet normal -0.146723 0.989178 0
    outer loop
      vertex 44.9411 9.52168 3
      vertex 45.3779 9.58647 0
      vertex 44.9411 9.52168 0
    endloop
  endfacet
  facet normal -0.0490906 0.998794 0
    outer loop
      vertex 44.9411 9.52168 0
      vertex 44.5 9.5 3
      vertex 44.9411 9.52168 3
    endloop
  endfacet
  facet normal -0.0490906 0.998794 0
    outer loop
      vertex 44.5 9.5 3
      vertex 44.9411 9.52168 0
      vertex 44.5 9.5 0
    endloop
  endfacet
  facet normal -0.514029 -0.857773 0
    outer loop
      vertex 46.6213 17.9686 0
      vertex 47.0001 17.7416 3
      vertex 46.6213 17.9686 3
    endloop
  endfacet
  facet normal -0.514029 -0.857773 -0
    outer loop
      vertex 47.0001 17.7416 3
      vertex 46.6213 17.9686 0
      vertex 47.0001 17.7416 0
    endloop
  endfacet
  facet normal -0.941598 -0.336738 0
    outer loop
      vertex 48.8062 15.3063 0
      vertex 48.6575 15.7221 3
      vertex 48.6575 15.7221 0
    endloop
  endfacet
  facet normal -0.941598 -0.336738 0
    outer loop
      vertex 48.6575 15.7221 3
      vertex 48.8062 15.3063 0
      vertex 48.8062 15.3063 3
    endloop
  endfacet
  facet normal -0.989174 -0.146746 0
    outer loop
      vertex 48.9783 14.4411 0
      vertex 48.9135 14.8779 3
      vertex 48.9135 14.8779 0
    endloop
  endfacet
  facet normal -0.989174 -0.146746 0
    outer loop
      vertex 48.9135 14.8779 3
      vertex 48.9783 14.4411 0
      vertex 48.9783 14.4411 3
    endloop
  endfacet
  facet normal -0.998792 -0.0491358 0
    outer loop
      vertex 49 14 0
      vertex 48.9783 14.4411 3
      vertex 48.9783 14.4411 0
    endloop
  endfacet
  facet normal -0.998792 -0.0491358 0
    outer loop
      vertex 48.9783 14.4411 3
      vertex 49 14 0
      vertex 49 14 3
    endloop
  endfacet
  facet normal -0.146746 -0.989174 0
    outer loop
      vertex 44.9411 18.4783 0
      vertex 45.3779 18.4135 3
      vertex 44.9411 18.4783 3
    endloop
  endfacet
  facet normal -0.146746 -0.989174 -0
    outer loop
      vertex 45.3779 18.4135 3
      vertex 44.9411 18.4783 0
      vertex 45.3779 18.4135 0
    endloop
  endfacet
  facet normal 0.427726 -0.903908 0
    outer loop
      vertex 37.3787 17.9686 0
      vertex 37.7779 18.1575 3
      vertex 37.3787 17.9686 3
    endloop
  endfacet
  facet normal 0.427726 -0.903908 0
    outer loop
      vertex 37.7779 18.1575 3
      vertex 37.3787 17.9686 0
      vertex 37.7779 18.1575 0
    endloop
  endfacet
  facet normal 0.970036 -0.242962 0
    outer loop
      vertex 35.0865 14.8779 3
      vertex 35.1938 15.3063 0
      vertex 35.1938 15.3063 3
    endloop
  endfacet
  facet normal 0.970036 -0.242962 0
    outer loop
      vertex 35.1938 15.3063 0
      vertex 35.0865 14.8779 3
      vertex 35.0865 14.8779 0
    endloop
  endfacet
  facet normal 0.941598 -0.336738 0
    outer loop
      vertex 35.1938 15.3063 3
      vertex 35.3425 15.7221 0
      vertex 35.3425 15.7221 3
    endloop
  endfacet
  facet normal 0.941598 -0.336738 0
    outer loop
      vertex 35.3425 15.7221 0
      vertex 35.1938 15.3063 3
      vertex 35.1938 15.3063 0
    endloop
  endfacet
  facet normal -0.803168 0.595753 0
    outer loop
      vertex 47.9785 11.1452 0
      vertex 48.2416 11.4999 3
      vertex 48.2416 11.4999 0
    endloop
  endfacet
  facet normal -0.803168 0.595753 0
    outer loop
      vertex 48.2416 11.4999 3
      vertex 47.9785 11.1452 0
      vertex 47.9785 11.1452 3
    endloop
  endfacet
  facet normal -0.514029 0.857773 0
    outer loop
      vertex 47.0001 10.2584 0
      vertex 46.6213 10.0314 3
      vertex 47.0001 10.2584 3
    endloop
  endfacet
  facet normal -0.514029 0.857773 0
    outer loop
      vertex 46.6213 10.0314 3
      vertex 47.0001 10.2584 0
      vertex 46.6213 10.0314 0
    endloop
  endfacet
  facet normal -0.427652 0.903943 0
    outer loop
      vertex 46.6213 10.0314 0
      vertex 46.2221 9.84254 3
      vertex 46.6213 10.0314 3
    endloop
  endfacet
  facet normal -0.427652 0.903943 0
    outer loop
      vertex 46.2221 9.84254 3
      vertex 46.6213 10.0314 0
      vertex 46.2221 9.84254 0
    endloop
  endfacet
  facet normal 0.336879 0.941548 -0
    outer loop
      vertex 38.1937 9.69377 0
      vertex 37.7779 9.84254 3
      vertex 38.1937 9.69377 3
    endloop
  endfacet
  facet normal 0.336879 0.941548 0
    outer loop
      vertex 37.7779 9.84254 3
      vertex 38.1937 9.69377 0
      vertex 37.7779 9.84254 0
    endloop
  endfacet
  facet normal 0.989174 0.146746 0
    outer loop
      vertex 35.0865 13.1221 3
      vertex 35.0217 13.5589 0
      vertex 35.0217 13.5589 3
    endloop
  endfacet
  facet normal 0.989174 0.146746 0
    outer loop
      vertex 35.0217 13.5589 0
      vertex 35.0865 13.1221 3
      vertex 35.0865 13.1221 0
    endloop
  endfacet
  facet normal -0.336879 0.941548 0
    outer loop
      vertex 46.2221 9.84254 0
      vertex 45.8063 9.69377 3
      vertex 46.2221 9.84254 3
    endloop
  endfacet
  facet normal -0.336879 0.941548 0
    outer loop
      vertex 45.8063 9.69377 3
      vertex 46.2221 9.84254 0
      vertex 45.8063 9.69377 0
    endloop
  endfacet
  facet normal -0.595753 -0.803168 0
    outer loop
      vertex 47.0001 17.7416 0
      vertex 47.3548 17.4785 3
      vertex 47.0001 17.7416 3
    endloop
  endfacet
  facet normal -0.595753 -0.803168 -0
    outer loop
      vertex 47.3548 17.4785 3
      vertex 47.0001 17.7416 0
      vertex 47.3548 17.4785 0
    endloop
  endfacet
  facet normal -0.427726 -0.903908 0
    outer loop
      vertex 46.2221 18.1575 0
      vertex 46.6213 17.9686 3
      vertex 46.2221 18.1575 3
    endloop
  endfacet
  facet normal -0.427726 -0.903908 -0
    outer loop
      vertex 46.6213 17.9686 3
      vertex 46.2221 18.1575 0
      vertex 46.6213 17.9686 0
    endloop
  endfacet
  facet normal 0.595753 -0.803168 0
    outer loop
      vertex 36.6452 17.4785 0
      vertex 36.9999 17.7416 3
      vertex 36.6452 17.4785 3
    endloop
  endfacet
  facet normal 0.595753 -0.803168 0
    outer loop
      vertex 36.9999 17.7416 3
      vertex 36.6452 17.4785 0
      vertex 36.9999 17.7416 0
    endloop
  endfacet
  facet normal 0.514029 -0.857773 0
    outer loop
      vertex 36.9999 17.7416 0
      vertex 37.3787 17.9686 3
      vertex 36.9999 17.7416 3
    endloop
  endfacet
  facet normal 0.514029 -0.857773 0
    outer loop
      vertex 37.3787 17.9686 3
      vertex 36.9999 17.7416 0
      vertex 37.3787 17.9686 0
    endloop
  endfacet
  facet normal 0.857773 -0.514029 0
    outer loop
      vertex 35.5314 16.1213 3
      vertex 35.7584 16.5001 0
      vertex 35.7584 16.5001 3
    endloop
  endfacet
  facet normal 0.857773 -0.514029 0
    outer loop
      vertex 35.7584 16.5001 0
      vertex 35.5314 16.1213 3
      vertex 35.5314 16.1213 0
    endloop
  endfacet
  facet normal 0.803168 -0.595753 0
    outer loop
      vertex 35.7584 16.5001 3
      vertex 36.0215 16.8548 0
      vertex 36.0215 16.8548 3
    endloop
  endfacet
  facet normal 0.803168 -0.595753 0
    outer loop
      vertex 36.0215 16.8548 0
      vertex 35.7584 16.5001 3
      vertex 35.7584 16.5001 0
    endloop
  endfacet
  facet normal -0.595753 0.803168 0
    outer loop
      vertex 47.3548 10.5215 0
      vertex 47.0001 10.2584 3
      vertex 47.3548 10.5215 3
    endloop
  endfacet
  facet normal -0.595753 0.803168 0
    outer loop
      vertex 47.0001 10.2584 3
      vertex 47.3548 10.5215 0
      vertex 47.0001 10.2584 0
    endloop
  endfacet
  facet normal 0.671488 0.741015 -0
    outer loop
      vertex 36.6452 10.5215 0
      vertex 36.318 10.818 3
      vertex 36.6452 10.5215 3
    endloop
  endfacet
  facet normal 0.671488 0.741015 0
    outer loop
      vertex 36.318 10.818 3
      vertex 36.6452 10.5215 0
      vertex 36.318 10.818 0
    endloop
  endfacet
  facet normal 0.242962 0.970036 -0
    outer loop
      vertex 38.6221 9.58647 0
      vertex 38.1937 9.69377 3
      vertex 38.6221 9.58647 3
    endloop
  endfacet
  facet normal 0.242962 0.970036 0
    outer loop
      vertex 38.1937 9.69377 3
      vertex 38.6221 9.58647 0
      vertex 38.1937 9.69377 0
    endloop
  endfacet
  facet normal 0.146723 0.989178 -0
    outer loop
      vertex 39.0589 9.52168 0
      vertex 38.6221 9.58647 3
      vertex 39.0589 9.52168 3
    endloop
  endfacet
  facet normal 0.146723 0.989178 0
    outer loop
      vertex 38.6221 9.58647 3
      vertex 39.0589 9.52168 0
      vertex 38.6221 9.58647 0
    endloop
  endfacet
  facet normal 0.903908 0.427726 0
    outer loop
      vertex 35.5314 11.8787 3
      vertex 35.3425 12.2779 0
      vertex 35.3425 12.2779 3
    endloop
  endfacet
  facet normal 0.903908 0.427726 0
    outer loop
      vertex 35.3425 12.2779 0
      vertex 35.5314 11.8787 3
      vertex 35.5314 11.8787 0
    endloop
  endfacet
  facet normal 0.741015 0.671488 0
    outer loop
      vertex 36.318 10.818 3
      vertex 36.0215 11.1452 0
      vertex 36.0215 11.1452 3
    endloop
  endfacet
  facet normal 0.741015 0.671488 0
    outer loop
      vertex 36.0215 11.1452 0
      vertex 36.318 10.818 3
      vertex 36.318 10.818 0
    endloop
  endfacet
  facet normal 0.970036 0.242962 0
    outer loop
      vertex 35.1938 12.6937 3
      vertex 35.0865 13.1221 0
      vertex 35.0865 13.1221 3
    endloop
  endfacet
  facet normal 0.970036 0.242962 0
    outer loop
      vertex 35.0865 13.1221 0
      vertex 35.1938 12.6937 3
      vertex 35.1938 12.6937 0
    endloop
  endfacet
  facet normal 0.941598 0.336738 0
    outer loop
      vertex 35.3425 12.2779 3
      vertex 35.1938 12.6937 0
      vertex 35.1938 12.6937 3
    endloop
  endfacet
  facet normal 0.941598 0.336738 0
    outer loop
      vertex 35.1938 12.6937 0
      vertex 35.3425 12.2779 3
      vertex 35.3425 12.2779 0
    endloop
  endfacet
  facet normal 0.595753 0.803168 -0
    outer loop
      vertex 36.9999 10.2584 0
      vertex 36.6452 10.5215 3
      vertex 36.9999 10.2584 3
    endloop
  endfacet
  facet normal 0.595753 0.803168 0
    outer loop
      vertex 36.6452 10.5215 3
      vertex 36.9999 10.2584 0
      vertex 36.6452 10.5215 0
    endloop
  endfacet
  facet normal 0.857773 0.514029 0
    outer loop
      vertex 35.7584 11.4999 3
      vertex 35.5314 11.8787 0
      vertex 35.5314 11.8787 3
    endloop
  endfacet
  facet normal 0.857773 0.514029 0
    outer loop
      vertex 35.5314 11.8787 0
      vertex 35.7584 11.4999 3
      vertex 35.7584 11.4999 0
    endloop
  endfacet
  facet normal 0.514029 0.857773 -0
    outer loop
      vertex 37.3787 10.0314 0
      vertex 36.9999 10.2584 3
      vertex 37.3787 10.0314 3
    endloop
  endfacet
  facet normal 0.514029 0.857773 0
    outer loop
      vertex 36.9999 10.2584 3
      vertex 37.3787 10.0314 0
      vertex 36.9999 10.2584 0
    endloop
  endfacet
  facet normal 0.803168 0.595753 0
    outer loop
      vertex 36.0215 11.1452 3
      vertex 35.7584 11.4999 0
      vertex 35.7584 11.4999 3
    endloop
  endfacet
  facet normal 0.803168 0.595753 0
    outer loop
      vertex 35.7584 11.4999 0
      vertex 36.0215 11.1452 3
      vertex 36.0215 11.1452 0
    endloop
  endfacet
endsolid OpenSCAD_Model
