solid OpenSCAD_Model
  facet normal -0.707104 0.65328 0.270608
    outer loop
      vertex 2 66 65.5694
      vertex 0 64 65.1716
      vertex 2 65.6955 66.3045
    endloop
  endfacet
  facet normal 0 0.923874 0.382696
    outer loop
      vertex 82 66 65.5694
      vertex 2 65.6955 66.3045
      vertex 82 65.6955 66.3045
    endloop
  endfacet
  facet normal 0 0.923874 0.382696
    outer loop
      vertex 2 65.6955 66.3045
      vertex 82 66 65.5694
      vertex 2 66 65.5694
    endloop
  endfacet
  facet normal -0.707107 0 -0.707107
    outer loop
      vertex 2 35.5694 0
      vertex 0 2 2
      vertex 0 35.1716 2
    endloop
  endfacet
  facet normal -0.707107 0 -0.707107
    outer loop
      vertex 0 2 2
      vertex 2 35.5694 0
      vertex 2 1.17157 0
    endloop
  endfacet
  facet normal 0.707107 0 0.707107
    outer loop
      vertex 82 57.5694 74
      vertex 84 2 72
      vertex 84 57.1716 72
    endloop
  endfacet
  facet normal 0.707107 0 0.707107
    outer loop
      vertex 84 2 72
      vertex 82 57.5694 74
      vertex 82 1.17157 74
    endloop
  endfacet
  facet normal 0 0.707107 -0.707107
    outer loop
      vertex 2 65.6955 29.6955
      vertex 15.1568 52.1259 16.1259
      vertex 15 52.1314 16.1314
    endloop
  endfacet
  facet normal 2.88312e-06 0.707121 -0.707093
    outer loop
      vertex 33.2147 52.8047 16.8048
      vertex 15.3121 52.1096 16.1096
      vertex 15.1568 52.1259 16.1259
    endloop
  endfacet
  facet normal 8.67756e-05 0.706039 -0.708173
    outer loop
      vertex 33.2147 52.8047 16.8048
      vertex 15.4645 52.0826 16.0827
      vertex 15.3121 52.1096 16.1096
    endloop
  endfacet
  facet normal 1.01877e-16 0.707107 -0.707107
    outer loop
      vertex 33.2147 52.8047 16.8048
      vertex 15.6123 52.0452 16.0453
      vertex 15.4645 52.0826 16.0827
    endloop
  endfacet
  facet normal -5.69505e-05 0.707766 -0.706447
    outer loop
      vertex 33.2147 52.8047 16.8048
      vertex 15.7542 51.9978 15.9978
      vertex 15.6123 52.0452 16.0453
    endloop
  endfacet
  facet normal 3.65164e-06 0.707111 -0.707102
    outer loop
      vertex 33.2147 52.8047 16.8048
      vertex 15.8889 51.9407 15.9407
      vertex 15.7542 51.9978 15.9978
    endloop
  endfacet
  facet normal 3.72668e-06 0.70711 -0.707103
    outer loop
      vertex 33.2147 52.8047 16.8048
      vertex 16.015 51.8746 15.8746
      vertex 15.8889 51.9407 15.9407
    endloop
  endfacet
  facet normal 3.79125e-06 0.70711 -0.707104
    outer loop
      vertex 33.2147 52.8047 16.8048
      vertex 16.1314 51.8 15.8
      vertex 16.015 51.8746 15.8746
    endloop
  endfacet
  facet normal 3.84923e-06 0.707109 -0.707104
    outer loop
      vertex 33.2147 52.8047 16.8048
      vertex 16.2368 51.7177 15.7177
      vertex 16.1314 51.8 15.8
    endloop
  endfacet
  facet normal 2.88663e-16 0.707107 -0.707107
    outer loop
      vertex 16.5693 51.2207 15.2207
      vertex 33.0227 52.2627 16.2627
      vertex 32.9068 51.7099 15.7099
    endloop
  endfacet
  facet normal -4.16316e-16 0.707107 -0.707107
    outer loop
      vertex 16.5693 51.2207 15.2207
      vertex 32.9068 51.7099 15.7099
      vertex 32.8909 51.6344 15.6344
    endloop
  endfacet
  facet normal 5.14879e-05 0.706737 -0.707476
    outer loop
      vertex 33.2147 52.8047 16.8048
      vertex 16.3304 51.6285 15.6286
      vertex 16.2368 51.7177 15.7177
    endloop
  endfacet
  facet normal 2.98526e-05 0.706642 -0.707571
    outer loop
      vertex 16.5923 51.1109 15.1109
      vertex 32.8909 51.6344 15.6344
      vertex 32.8856 51.5581 15.5582
    endloop
  endfacet
  facet normal -4.8833e-05 0.707457 -0.706756
    outer loop
      vertex 33.2147 52.8047 16.8048
      vertex 16.4111 51.5333 15.5333
      vertex 16.3304 51.6285 15.6286
    endloop
  endfacet
  facet normal 5.47546e-05 0.706773 -0.707441
    outer loop
      vertex 33.2147 52.8047 16.8048
      vertex 16.4782 51.4329 15.433
      vertex 16.4111 51.5333 15.5333
    endloop
  endfacet
  facet normal -3.72486e-05 0.707435 -0.706778
    outer loop
      vertex 33.0227 52.2627 16.2627
      vertex 16.5311 51.3284 15.3284
      vertex 16.4782 51.4329 15.433
    endloop
  endfacet
  facet normal 5.63274e-16 0.707107 -0.707107
    outer loop
      vertex 33.0227 52.2627 16.2627
      vertex 16.5693 51.2207 15.2207
      vertex 16.5311 51.3284 15.3284
    endloop
  endfacet
  facet normal 0 0.707107 -0.707107
    outer loop
      vertex 32.8909 51.6344 15.6344
      vertex 16.5923 51.1109 15.1109
      vertex 16.5693 51.2207 15.2207
    endloop
  endfacet
  facet normal 8.63945e-07 0.70717 -0.707043
    outer loop
      vertex 32.8468 51 15
      vertex 16.5923 51.1109 15.1109
      vertex 32.8856 51.5581 15.5582
    endloop
  endfacet
  facet normal 0 0.707107 -0.707107
    outer loop
      vertex 32.8468 51 15
      vertex 16.6 51 15
      vertex 16.5923 51.1109 15.1109
    endloop
  endfacet
  facet normal 0 0.707107 -0.707107
    outer loop
      vertex 32.8468 51 15
      vertex 16.5923 50.8891 14.8891
      vertex 16.6 51 15
    endloop
  endfacet
  facet normal 8.63945e-07 0.707043 -0.70717
    outer loop
      vertex 32.8856 50.4418 14.4419
      vertex 16.5923 50.8891 14.8891
      vertex 32.8468 51 15
    endloop
  endfacet
  facet normal 2.98526e-05 0.707571 -0.706642
    outer loop
      vertex 32.8909 50.3656 14.3656
      vertex 16.5923 50.8891 14.8891
      vertex 32.8856 50.4418 14.4419
    endloop
  endfacet
  facet normal 0 0.707107 -0.707107
    outer loop
      vertex 16.5923 50.8891 14.8891
      vertex 32.8909 50.3656 14.3656
      vertex 16.5693 50.7793 14.7793
    endloop
  endfacet
  facet normal 4.24322e-16 0.707107 -0.707107
    outer loop
      vertex 32.9068 50.2901 14.2901
      vertex 16.5693 50.7793 14.7793
      vertex 32.8909 50.3656 14.3656
    endloop
  endfacet
  facet normal -2.09936e-16 0.707107 -0.707107
    outer loop
      vertex 33.0227 49.7373 13.7373
      vertex 16.5693 50.7793 14.7793
      vertex 32.9068 50.2901 14.2901
    endloop
  endfacet
  facet normal -6.49932e-16 0.707107 -0.707107
    outer loop
      vertex 16.5693 50.7793 14.7793
      vertex 33.0227 49.7373 13.7373
      vertex 16.5311 50.6716 14.6716
    endloop
  endfacet
  facet normal -3.72486e-05 0.706778 -0.707435
    outer loop
      vertex 16.5311 50.6716 14.6716
      vertex 33.0227 49.7373 13.7373
      vertex 16.4782 50.567 14.5671
    endloop
  endfacet
  facet normal -1.1012e-05 0.70704 -0.707174
    outer loop
      vertex 33.2147 49.1952 13.1953
      vertex 16.4782 50.567 14.5671
      vertex 33.0227 49.7373 13.7373
    endloop
  endfacet
  facet normal 8.06151e-05 0.707598 -0.706615
    outer loop
      vertex 33.241 49.1212 13.1212
      vertex 16.4782 50.567 14.5671
      vertex 33.2147 49.1952 13.1953
    endloop
  endfacet
  facet normal 5.34752e-05 0.707441 -0.706772
    outer loop
      vertex 16.4782 50.567 14.5671
      vertex 33.241 49.1212 13.1212
      vertex 16.4111 50.4667 14.4667
    endloop
  endfacet
  facet normal 7.60554e-17 0.707107 -0.707107
    outer loop
      vertex 33.2773 49.0493 13.0493
      vertex 16.4111 50.4667 14.4667
      vertex 33.241 49.1212 13.1212
    endloop
  endfacet
  facet normal 2.95691e-16 0.707107 -0.707107
    outer loop
      vertex 33.5436 48.5232 12.5232
      vertex 16.4111 50.4667 14.4667
      vertex 33.2773 49.0493 13.0493
    endloop
  endfacet
  facet normal -7.68297e-05 0.706768 -0.707445
    outer loop
      vertex 16.4111 50.4667 14.4667
      vertex 33.5436 48.5232 12.5232
      vertex 16.3304 50.3714 14.3715
    endloop
  endfacet
  facet normal 7.28453e-05 0.707465 -0.706748
    outer loop
      vertex 16.3304 50.3714 14.3715
      vertex 33.5436 48.5232 12.5232
      vertex 16.2368 50.2823 14.2823
    endloop
  endfacet
  facet normal -4.12598e-15 0.707107 -0.707107
    outer loop
      vertex 33.5897 48.4542 12.4542
      vertex 16.2368 50.2823 14.2823
      vertex 33.5436 48.5232 12.5232
    endloop
  endfacet
  facet normal -2.89011e-16 0.707107 -0.707107
    outer loop
      vertex 33.9276 47.949 11.949
      vertex 16.2368 50.2823 14.2823
      vertex 33.5897 48.4542 12.4542
    endloop
  endfacet
  facet normal 3.50574e-15 0.707107 -0.707107
    outer loop
      vertex 16.2368 50.2823 14.2823
      vertex 33.9276 47.949 11.949
      vertex 16.1314 50.2 14.2
    endloop
  endfacet
  facet normal 1.34017e-15 0.707107 -0.707107
    outer loop
      vertex 34.3339 47.4697 11.4697
      vertex 16.1314 50.2 14.2
      vertex 33.9276 47.949 11.949
    endloop
  endfacet
  facet normal -6.13715e-15 0.707107 -0.707107
    outer loop
      vertex 16.1314 50.2 14.2
      vertex 34.3339 47.4697 11.4697
      vertex 16.015 50.1254 14.1254
    endloop
  endfacet
  facet normal 0 0.707107 -0.707107
    outer loop
      vertex 82 65.6955 29.6955
      vertex 42 57.4723 21.4723
      vertex 2 65.6955 29.6955
    endloop
  endfacet
  facet normal 7.66242e-05 0.70692 -0.707293
    outer loop
      vertex 82 65.6955 29.6955
      vertex 42.7893 57.4448 21.4449
      vertex 42 57.4723 21.4723
    endloop
  endfacet
  facet normal -0.000562693 0.708438 -0.705773
    outer loop
      vertex 82 65.6955 29.6955
      vertex 42.8972 57.4411 21.4411
      vertex 42.7893 57.4448 21.4449
    endloop
  endfacet
  facet normal -1.52402e-14 0.707107 -0.707107
    outer loop
      vertex 82 65.6955 29.6955
      vertex 43.0039 57.4299 21.4299
      vertex 42.8972 57.4411 21.4411
    endloop
  endfacet
  facet normal 0 0.707107 -0.707107
    outer loop
      vertex 82 65.6955 29.6955
      vertex 43.7857 57.3479 21.3479
      vertex 43.0039 57.4299 21.4299
    endloop
  endfacet
  facet normal 1.73419e-15 0.707107 -0.707107
    outer loop
      vertex 82 65.6955 29.6955
      vertex 44.5523 57.2121 21.2121
      vertex 43.7857 57.3479 21.3479
    endloop
  endfacet
  facet normal -1.27117e-14 0.707107 -0.707107
    outer loop
      vertex 82 65.6955 29.6955
      vertex 44.657 57.1936 21.1936
      vertex 44.5523 57.2121 21.2121
    endloop
  endfacet
  facet normal 0.00032919 0.706383 -0.707829
    outer loop
      vertex 82 65.6955 29.6955
      vertex 44.7587 57.1678 21.1679
      vertex 44.657 57.1936 21.1936
    endloop
  endfacet
  facet normal -4.61443e-05 0.707203 -0.70701
    outer loop
      vertex 82 65.6955 29.6955
      vertex 45.5028 56.9796 20.9796
      vertex 44.7587 57.1678 21.1679
    endloop
  endfacet
  facet normal 0.000301899 0.706474 -0.707739
    outer loop
      vertex 82 65.6955 29.6955
      vertex 45.6003 56.9469 20.947
      vertex 45.5028 56.9796 20.9796
    endloop
  endfacet
  facet normal -4.25133e-05 0.707191 -0.707022
    outer loop
      vertex 82 65.6955 29.6955
      vertex 46.3148 56.708 20.708
      vertex 45.6003 56.9469 20.947
    endloop
  endfacet
  facet normal 2.83242e-06 0.707101 -0.707112
    outer loop
      vertex 66.3793 55.4738 19.4739
      vertex 46.3148 56.708 20.708
      vertex 82 65.6955 29.6955
    endloop
  endfacet
  facet normal 4.12238e-06 0.707112 -0.707102
    outer loop
      vertex 46.3148 56.708 20.708
      vertex 66.3793 55.4738 19.4739
      vertex 46.9926 56.4207 20.4207
    endloop
  endfacet
  facet normal 4.12307e-06 0.707112 -0.707102
    outer loop
      vertex 46.9926 56.4207 20.4207
      vertex 66.3793 55.4738 19.4739
      vertex 47.0852 56.3815 20.3815
    endloop
  endfacet
  facet normal 0.000143738 0.708594 -0.705616
    outer loop
      vertex 66.3172 55.4531 19.4531
      vertex 47.0852 56.3815 20.3815
      vertex 66.3793 55.4738 19.4739
    endloop
  endfacet
  facet normal -1.03944e-17 0.707107 -0.707107
    outer loop
      vertex 68.3974 55.8215 19.8215
      vertex 82 65.6955 29.6955
      vertex 69 55.8425 19.8425
    endloop
  endfacet
  facet normal 0 0.707107 -0.707107
    outer loop
      vertex 82 65.6955 29.6955
      vertex 69.6026 55.8215 19.8215
      vertex 69 55.8425 19.8425
    endloop
  endfacet
  facet normal 0 0.707107 -0.707107
    outer loop
      vertex 82 65.6955 29.6955
      vertex 69.6712 55.8191 19.8191
      vertex 69.6026 55.8215 19.8215
    endloop
  endfacet
  facet normal 2.6474e-14 0.707107 -0.707107
    outer loop
      vertex 82 65.6955 29.6955
      vertex 69.7392 55.812 19.812
      vertex 69.6712 55.8191 19.8191
    endloop
  endfacet
  facet normal -4.52232e-15 0.707107 -0.707107
    outer loop
      vertex 82 65.6955 29.6955
      vertex 70.336 55.7494 19.7494
      vertex 69.7392 55.812 19.812
    endloop
  endfacet
  facet normal 0 0.707107 -0.707107
    outer loop
      vertex 82 65.6955 29.6955
      vertex 70.4027 55.7376 19.7376
      vertex 70.336 55.7494 19.7494
    endloop
  endfacet
  facet normal 0.000100169 0.707048 -0.707165
    outer loop
      vertex 82 65.6955 29.6955
      vertex 70.9879 55.6339 19.634
      vertex 70.4027 55.7376 19.7376
    endloop
  endfacet
  facet normal -9.88667e-05 0.707157 -0.707056
    outer loop
      vertex 82 65.6955 29.6955
      vertex 71.556 55.4902 19.4902
      vertex 70.9879 55.6339 19.634
    endloop
  endfacet
  facet normal 0.000868335 0.706662 -0.707551
    outer loop
      vertex 82 65.6955 29.6955
      vertex 71.6207 55.4738 19.4739
      vertex 71.556 55.4902 19.4902
    endloop
  endfacet
  facet normal -0.00085192 0.707535 -0.706677
    outer loop
      vertex 82 65.6955 29.6955
      vertex 71.6828 55.4531 19.4531
      vertex 71.6207 55.4738 19.4739
    endloop
  endfacet
  facet normal 4.03607e-15 0.707107 -0.707107
    outer loop
      vertex 82 65.6955 29.6955
      vertex 72.2283 55.2707 19.2707
      vertex 71.6828 55.4531 19.4531
    endloop
  endfacet
  facet normal 0 0.707107 -0.707107
    outer loop
      vertex 82 65.6955 29.6955
      vertex 72.7458 55.0513 19.0513
      vertex 72.2283 55.2707 19.2707
    endloop
  endfacet
  facet normal -5.86011e-14 0.707107 -0.707107
    outer loop
      vertex 82 65.6955 29.6955
      vertex 72.8047 55.0264 19.0264
      vertex 72.7458 55.0513 19.0513
    endloop
  endfacet
  facet normal 3.52336e-14 0.707107 -0.707107
    outer loop
      vertex 82 65.6955 29.6955
      vertex 72.8599 54.9974 18.9974
      vertex 72.8047 55.0264 19.0264
    endloop
  endfacet
  facet normal 4.0158e-15 0.707107 -0.707107
    outer loop
      vertex 82 65.6955 29.6955
      vertex 73.3445 54.7433 18.7433
      vertex 72.8599 54.9974 18.9974
    endloop
  endfacet
  facet normal 0.000921873 0.706742 -0.707471
    outer loop
      vertex 82 65.6955 29.6955
      vertex 73.3954 54.7106 18.7107
      vertex 73.3445 54.7433 18.7433
    endloop
  endfacet
  facet normal -0.00010804 0.707146 -0.707068
    outer loop
      vertex 82 65.6955 29.6955
      vertex 73.8425 54.4241 18.4241
      vertex 73.3954 54.7106 18.7107
    endloop
  endfacet
  facet normal 8.43739e-15 0.707107 -0.707107
    outer loop
      vertex 82 65.6955 29.6955
      vertex 74.2477 54.108 18.108
      vertex 73.8425 54.4241 18.4241
    endloop
  endfacet
  facet normal -7.4135e-14 0.707107 -0.707107
    outer loop
      vertex 82 65.6955 29.6955
      vertex 74.2938 54.072 18.072
      vertex 74.2477 54.108 18.108
    endloop
  endfacet
  facet normal 0 0.707107 -0.707107
    outer loop
      vertex 82 65.6955 29.6955
      vertex 74.6532 53.7293 17.7293
      vertex 74.2938 54.072 18.072
    endloop
  endfacet
  facet normal 5.18007e-14 0.707107 -0.707107
    outer loop
      vertex 82 65.6955 29.6955
      vertex 74.6941 53.6903 17.6903
      vertex 74.6532 53.7293 17.7293
    endloop
  endfacet
  facet normal 2.76171e-14 0.707107 -0.707107
    outer loop
      vertex 82 65.6955 29.6955
      vertex 74.7294 53.6487 17.6487
      vertex 74.6941 53.6903 17.6903
    endloop
  endfacet
  facet normal -3.14119e-15 0.707107 -0.707107
    outer loop
      vertex 82 65.6955 29.6955
      vertex 75.0396 53.2827 17.2827
      vertex 74.7294 53.6487 17.6487
    endloop
  endfacet
  facet normal 0 0.707107 -0.707107
    outer loop
      vertex 82 65.6955 29.6955
      vertex 75.2976 52.897 16.897
      vertex 75.0396 53.2827 17.2827
    endloop
  endfacet
  facet normal 5.99458e-14 0.707107 -0.707107
    outer loop
      vertex 82 65.6955 29.6955
      vertex 75.327 52.8531 16.8531
      vertex 75.2976 52.897 16.897
    endloop
  endfacet
  facet normal -3.34054e-14 0.707107 -0.707107
    outer loop
      vertex 82 65.6955 29.6955
      vertex 75.3501 52.8074 16.8074
      vertex 75.327 52.8531 16.8531
    endloop
  endfacet
  facet normal -7.59615e-15 0.707107 -0.707107
    outer loop
      vertex 82 65.6955 29.6955
      vertex 75.5534 52.4057 16.4057
      vertex 75.3501 52.8074 16.8074
    endloop
  endfacet
  facet normal 1.30599e-14 0.707107 -0.707107
    outer loop
      vertex 82 65.6955 29.6955
      vertex 75.7 51.9918 15.9918
      vertex 75.5534 52.4057 16.4057
    endloop
  endfacet
  facet normal 0 0.707107 -0.707107
    outer loop
      vertex 82 65.6955 29.6955
      vertex 75.7167 51.9447 15.9447
      vertex 75.7 51.9918 15.9918
    endloop
  endfacet
  facet normal -5.19509e-15 0.707107 -0.707107
    outer loop
      vertex 82 65.6955 29.6955
      vertex 75.8052 51.5227 15.5227
      vertex 75.7167 51.9447 15.9447
    endloop
  endfacet
  facet normal 0.00227349 0.706608 -0.707602
    outer loop
      vertex 82 65.6955 29.6955
      vertex 75.8153 51.4746 15.4747
      vertex 75.8052 51.5227 15.5227
    endloop
  endfacet
  facet normal -0.00289427 0.70773 -0.706477
    outer loop
      vertex 82 65.6955 29.6955
      vertex 75.8187 51.4261 15.4261
      vertex 75.8153 51.4746 15.4747
    endloop
  endfacet
  facet normal -6.57582e-15 0.707107 -0.707107
    outer loop
      vertex 82 65.6955 29.6955
      vertex 75.8483 51 15
      vertex 75.8187 51.4261 15.4261
    endloop
  endfacet
  facet normal -6.32197e-07 0.707107 -0.707107
    outer loop
      vertex 82 36.3045 0.304489
      vertex 75.8483 51 15
      vertex 82 65.6955 29.6955
    endloop
  endfacet
  facet normal -1.08444e-06 0.707107 -0.707107
    outer loop
      vertex 75.8483 51 15
      vertex 82 36.3045 0.304489
      vertex 75.8187 50.5739 14.5739
    endloop
  endfacet
  facet normal -0.00289535 0.706477 -0.70773
    outer loop
      vertex 75.8187 50.5739 14.5739
      vertex 82 36.3045 0.304489
      vertex 75.8153 50.5253 14.5254
    endloop
  endfacet
  facet normal 0.00227264 0.707602 -0.706608
    outer loop
      vertex 75.8153 50.5253 14.5254
      vertex 82 36.3045 0.304489
      vertex 75.8052 50.4773 14.4773
    endloop
  endfacet
  facet normal -8.48492e-07 0.707107 -0.707107
    outer loop
      vertex 75.8052 50.4773 14.4773
      vertex 82 36.3045 0.304489
      vertex 75.7167 50.0553 14.0553
    endloop
  endfacet
  facet normal -6.97041e-07 0.707107 -0.707107
    outer loop
      vertex 75.7167 50.0553 14.0553
      vertex 82 36.3045 0.304489
      vertex 75.7 50.0082 14.0082
    endloop
  endfacet
  facet normal -5.90483e-07 0.707107 -0.707107
    outer loop
      vertex 82 36.3045 0.304489
      vertex 75.3501 49.1926 13.1926
      vertex 75.5534 49.5943 13.5943
    endloop
  endfacet
  facet normal -5.09256e-07 0.707107 -0.707107
    outer loop
      vertex 82 36.3045 0.304489
      vertex 75.2976 49.103 13.103
      vertex 75.327 49.1469 13.1469
    endloop
  endfacet
  facet normal -0.00109389 0.706774 -0.707439
    outer loop
      vertex 82 36.3045 0.304489
      vertex 74.6532 48.2706 12.2707
      vertex 74.6941 48.3097 12.3097
    endloop
  endfacet
  facet normal -3.44308e-07 0.707107 -0.707107
    outer loop
      vertex 82 36.3045 0.304489
      vertex 74.2477 47.892 11.892
      vertex 74.2938 47.928 11.928
    endloop
  endfacet
  facet normal -2.63286e-07 0.707107 -0.707107
    outer loop
      vertex 82 36.3045 0.304489
      vertex 72.8599 47.0026 11.0026
      vertex 73.3445 47.2567 11.2567
    endloop
  endfacet
  facet normal 0.000100054 0.707165 -0.707048
    outer loop
      vertex 82 36.3045 0.304489
      vertex 70.4027 46.2624 10.2624
      vertex 70.9879 46.366 10.3661
    endloop
  endfacet
  facet normal 1.79253e-06 0.707094 -0.707119
    outer loop
      vertex 65.7717 46.7293 10.7293
      vertex 47.1719 45.664 9.66399
      vertex 47.8067 45.9969 9.99688
    endloop
  endfacet
  facet normal 1.22019e-05 0.706862 -0.707352
    outer loop
      vertex 68.3974 46.1785 10.1785
      vertex 47.0852 45.6185 9.61852
      vertex 47.1719 45.664 9.66399
    endloop
  endfacet
  facet normal -6.60365e-07 0.707107 -0.707107
    outer loop
      vertex 68.3974 46.1785 10.1785
      vertex 82 36.3045 0.304489
      vertex 47.0852 45.6185 9.61852
    endloop
  endfacet
  facet normal 0.000117652 0.707328 -0.706885
    outer loop
      vertex 47.0852 45.6185 9.61852
      vertex 82 36.3045 0.304489
      vertex 46.9926 45.5793 9.57928
    endloop
  endfacet
  facet normal -2.63012e-08 0.707107 -0.707106
    outer loop
      vertex 82 36.3045 0.304489
      vertex 69 46.1575 10.1575
      vertex 69.6026 46.1785 10.1785
    endloop
  endfacet
  facet normal -2.63999e-08 0.707107 -0.707106
    outer loop
      vertex 82 36.3045 0.304489
      vertex 69.6026 46.1785 10.1785
      vertex 69.6712 46.1809 10.1809
    endloop
  endfacet
  facet normal 1.11867e-07 0.707107 -0.707107
    outer loop
      vertex 46.9926 45.5793 9.57928
      vertex 82 36.3045 0.304489
      vertex 46.3148 45.292 9.29198
    endloop
  endfacet
  facet normal -2.96565e-05 0.707048 -0.707166
    outer loop
      vertex 46.3148 45.292 9.29198
      vertex 82 36.3045 0.304489
      vertex 45.6003 45.053 9.05305
    endloop
  endfacet
  facet normal 9.02761e-05 0.707297 -0.706916
    outer loop
      vertex 45.6003 45.053 9.05305
      vertex 82 36.3045 0.304489
      vertex 45.5028 45.0204 9.02042
    endloop
  endfacet
  facet normal -1.4151e-05 0.707078 -0.707135
    outer loop
      vertex 45.5028 45.0204 9.02042
      vertex 82 36.3045 0.304489
      vertex 44.7587 44.8321 8.83215
    endloop
  endfacet
  facet normal 3.24413e-05 0.70718 -0.707033
    outer loop
      vertex 44.7587 44.8321 8.83215
      vertex 82 36.3045 0.304489
      vertex 44.657 44.8064 8.80644
    endloop
  endfacet
  facet normal 0.000189591 0.707525 -0.706688
    outer loop
      vertex 44.657 44.8064 8.80644
      vertex 82 36.3045 0.304489
      vertex 44.5523 44.7879 8.78789
    endloop
  endfacet
  facet normal -1.03612e-05 0.707084 -0.70713
    outer loop
      vertex 44.5523 44.7879 8.78789
      vertex 82 36.3045 0.304489
      vertex 43.7857 44.6521 8.65211
    endloop
  endfacet
  facet normal -1.26053e-07 0.707107 -0.707106
    outer loop
      vertex 43.7857 44.6521 8.65211
      vertex 82 36.3045 0.304489
      vertex 43.0039 44.5701 8.57011
    endloop
  endfacet
  facet normal -0.039609 0.152817 0.98746
    outer loop
      vertex 42.8972 44.5589 8.55891
      vertex 42 44.5277 8.52775
      vertex 42.7893 44.5551 8.55517
    endloop
  endfacet
  facet normal -2.71224e-05 0.707043 -0.70717
    outer loop
      vertex 42.8972 44.5589 8.55891
      vertex 82 36.3045 0.304489
      vertex 42 44.5277 8.52775
    endloop
  endfacet
  facet normal -1.26118e-07 0.707107 -0.707106
    outer loop
      vertex 43.0039 44.5701 8.57011
      vertex 82 36.3045 0.304489
      vertex 42.8972 44.5589 8.55891
    endloop
  endfacet
  facet normal -7.27478e-08 0.707107 -0.707106
    outer loop
      vertex 69.7392 46.188 10.188
      vertex 82 36.3045 0.304489
      vertex 69.6712 46.1809 10.1809
    endloop
  endfacet
  facet normal -7.30443e-08 0.707107 -0.707106
    outer loop
      vertex 70.336 46.2506 10.2506
      vertex 82 36.3045 0.304489
      vertex 69.7392 46.188 10.188
    endloop
  endfacet
  facet normal -1.14579e-07 0.707107 -0.707106
    outer loop
      vertex 70.4027 46.2624 10.2624
      vertex 82 36.3045 0.304489
      vertex 70.336 46.2506 10.2506
    endloop
  endfacet
  facet normal -9.90199e-05 0.707056 -0.707157
    outer loop
      vertex 71.556 46.5098 10.5098
      vertex 82 36.3045 0.304489
      vertex 70.9879 46.366 10.3661
    endloop
  endfacet
  facet normal 0.000868182 0.707551 -0.706662
    outer loop
      vertex 71.6207 46.5261 10.5262
      vertex 82 36.3045 0.304489
      vertex 71.556 46.5098 10.5098
    endloop
  endfacet
  facet normal -0.00085211 0.706678 -0.707535
    outer loop
      vertex 71.6828 46.5469 10.5469
      vertex 82 36.3045 0.304489
      vertex 71.6207 46.5261 10.5262
    endloop
  endfacet
  facet normal -1.89948e-07 0.707107 -0.707106
    outer loop
      vertex 72.2283 46.7293 10.7293
      vertex 82 36.3045 0.304489
      vertex 71.6828 46.5469 10.5469
    endloop
  endfacet
  facet normal -2.26368e-07 0.707107 -0.707107
    outer loop
      vertex 72.7458 46.9487 10.9487
      vertex 82 36.3045 0.304489
      vertex 72.2283 46.7293 10.7293
    endloop
  endfacet
  facet normal -2.25895e-07 0.707107 -0.707107
    outer loop
      vertex 72.8047 46.9736 10.9736
      vertex 82 36.3045 0.304489
      vertex 72.7458 46.9487 10.9487
    endloop
  endfacet
  facet normal -2.63637e-07 0.707107 -0.707107
    outer loop
      vertex 72.8599 47.0026 11.0026
      vertex 82 36.3045 0.304489
      vertex 72.8047 46.9736 10.9736
    endloop
  endfacet
  facet normal 0.000921571 0.707471 -0.706742
    outer loop
      vertex 73.3954 47.2893 11.2894
      vertex 82 36.3045 0.304489
      vertex 73.3445 47.2567 11.2567
    endloop
  endfacet
  facet normal -0.000108342 0.707068 -0.707146
    outer loop
      vertex 73.8425 47.5759 11.5759
      vertex 82 36.3045 0.304489
      vertex 73.3954 47.2893 11.2894
    endloop
  endfacet
  facet normal -3.44076e-07 0.707107 -0.707107
    outer loop
      vertex 74.2477 47.892 11.892
      vertex 82 36.3045 0.304489
      vertex 73.8425 47.5759 11.5759
    endloop
  endfacet
  facet normal 0.000120158 0.707147 -0.707067
    outer loop
      vertex 74.6532 48.2706 12.2707
      vertex 82 36.3045 0.304489
      vertex 74.2938 47.928 11.928
    endloop
  endfacet
  facet normal -4.44645e-07 0.707107 -0.707107
    outer loop
      vertex 74.7294 48.3513 12.3513
      vertex 82 36.3045 0.304489
      vertex 74.6941 48.3097 12.3097
    endloop
  endfacet
  facet normal -4.44956e-07 0.707107 -0.707107
    outer loop
      vertex 75.0396 48.7173 12.7173
      vertex 82 36.3045 0.304489
      vertex 74.7294 48.3513 12.3513
    endloop
  endfacet
  facet normal -5.09593e-07 0.707107 -0.707107
    outer loop
      vertex 75.2976 49.103 13.103
      vertex 82 36.3045 0.304489
      vertex 75.0396 48.7173 12.7173
    endloop
  endfacet
  facet normal -5.90847e-07 0.707107 -0.707107
    outer loop
      vertex 75.3501 49.1926 13.1926
      vertex 82 36.3045 0.304489
      vertex 75.327 49.1469 13.1469
    endloop
  endfacet
  facet normal -6.9736e-07 0.707107 -0.707107
    outer loop
      vertex 75.7 50.0082 14.0082
      vertex 82 36.3045 0.304489
      vertex 75.5534 49.5943 13.5943
    endloop
  endfacet
  facet normal -7.66242e-05 0.70692 -0.707293
    outer loop
      vertex 41.2107 57.4448 21.4449
      vertex 2 65.6955 29.6955
      vertex 42 57.4723 21.4723
    endloop
  endfacet
  facet normal 0.000562693 0.708438 -0.705773
    outer loop
      vertex 41.1028 57.4411 21.4411
      vertex 2 65.6955 29.6955
      vertex 41.2107 57.4448 21.4449
    endloop
  endfacet
  facet normal 1.57016e-14 0.707107 -0.707107
    outer loop
      vertex 40.9961 57.4299 21.4299
      vertex 2 65.6955 29.6955
      vertex 41.1028 57.4411 21.4411
    endloop
  endfacet
  facet normal -4.8762e-17 0.707107 -0.707107
    outer loop
      vertex 40.2143 57.3479 21.3479
      vertex 2 65.6955 29.6955
      vertex 40.9961 57.4299 21.4299
    endloop
  endfacet
  facet normal -1.86968e-15 0.707107 -0.707107
    outer loop
      vertex 39.4477 57.2121 21.2121
      vertex 2 65.6955 29.6955
      vertex 40.2143 57.3479 21.3479
    endloop
  endfacet
  facet normal 1.34442e-14 0.707107 -0.707107
    outer loop
      vertex 39.343 57.1936 21.1936
      vertex 2 65.6955 29.6955
      vertex 39.4477 57.2121 21.2121
    endloop
  endfacet
  facet normal -0.00032919 0.706383 -0.707829
    outer loop
      vertex 39.2413 57.1678 21.1679
      vertex 2 65.6955 29.6955
      vertex 39.343 57.1936 21.1936
    endloop
  endfacet
  facet normal 4.61443e-05 0.707203 -0.70701
    outer loop
      vertex 38.4972 56.9796 20.9796
      vertex 2 65.6955 29.6955
      vertex 39.2413 57.1678 21.1679
    endloop
  endfacet
  facet normal -0.000301899 0.706474 -0.707739
    outer loop
      vertex 38.3997 56.9469 20.947
      vertex 2 65.6955 29.6955
      vertex 38.4972 56.9796 20.9796
    endloop
  endfacet
  facet normal 4.25133e-05 0.707191 -0.707022
    outer loop
      vertex 37.6852 56.708 20.708
      vertex 2 65.6955 29.6955
      vertex 38.3997 56.9469 20.947
    endloop
  endfacet
  facet normal -1.42176e-15 0.707107 -0.707107
    outer loop
      vertex 37.0074 56.4207 20.4207
      vertex 2 65.6955 29.6955
      vertex 37.6852 56.708 20.708
    endloop
  endfacet
  facet normal 2.09004e-14 0.707107 -0.707107
    outer loop
      vertex 36.9148 56.3815 20.3815
      vertex 2 65.6955 29.6955
      vertex 37.0074 56.4207 20.4207
    endloop
  endfacet
  facet normal -9.86162e-15 0.707107 -0.707107
    outer loop
      vertex 36.8281 56.336 20.336
      vertex 2 65.6955 29.6955
      vertex 36.9148 56.3815 20.3815
    endloop
  endfacet
  facet normal 1.28933e-15 0.707107 -0.707107
    outer loop
      vertex 36.1933 56.0031 20.0031
      vertex 2 65.6955 29.6955
      vertex 36.8281 56.336 20.336
    endloop
  endfacet
  facet normal -1.40818e-15 0.707107 -0.707107
    outer loop
      vertex 35.6077 55.6278 19.6278
      vertex 2 65.6955 29.6955
      vertex 36.1933 56.0031 20.0031
    endloop
  endfacet
  facet normal -3.1077e-17 0.707107 -0.707107
    outer loop
      vertex 35.5277 55.5766 19.5766
      vertex 2 65.6955 29.6955
      vertex 35.6077 55.6278 19.6278
    endloop
  endfacet
  facet normal 9.60689e-15 0.707107 -0.707107
    outer loop
      vertex 35.4552 55.52 19.52
      vertex 2 65.6955 29.6955
      vertex 35.5277 55.5766 19.5766
    endloop
  endfacet
  facet normal -1.43547e-15 0.707107 -0.707107
    outer loop
      vertex 34.9245 55.106 19.106
      vertex 2 65.6955 29.6955
      vertex 35.4552 55.52 19.52
    endloop
  endfacet
  facet normal 0 0.707107 -0.707107
    outer loop
      vertex 15.1568 52.1259 16.1259
      vertex 34.9245 55.106 19.106
      vertex 34.4537 54.6571 18.6571
    endloop
  endfacet
  facet normal 6.15636e-15 0.707107 -0.707107
    outer loop
      vertex 15.1568 52.1259 16.1259
      vertex 34.4537 54.6571 18.6571
      vertex 34.3894 54.5958 18.5958
    endloop
  endfacet
  facet normal 5.59421e-16 0.707107 -0.707107
    outer loop
      vertex 15.1568 52.1259 16.1259
      vertex 34.3894 54.5958 18.5958
      vertex 34.3339 54.5303 18.5303
    endloop
  endfacet
  facet normal -1.2997e-15 0.707107 -0.707107
    outer loop
      vertex 15.1568 52.1259 16.1259
      vertex 34.3339 54.5303 18.5303
      vertex 33.9276 54.051 18.051
    endloop
  endfacet
  facet normal 4.26631e-16 0.707107 -0.707107
    outer loop
      vertex 15.1568 52.1259 16.1259
      vertex 33.9276 54.051 18.051
      vertex 33.5897 53.5458 17.5458
    endloop
  endfacet
  facet normal 2.99335e-15 0.707107 -0.707107
    outer loop
      vertex 15.1568 52.1259 16.1259
      vertex 33.5897 53.5458 17.5458
      vertex 33.5436 53.4768 17.4768
    endloop
  endfacet
  facet normal 1.34865e-16 0.707107 -0.707107
    outer loop
      vertex 15.1568 52.1259 16.1259
      vertex 33.5436 53.4768 17.4768
      vertex 33.2773 52.9507 16.9507
    endloop
  endfacet
  facet normal -1.48014e-15 0.707107 -0.707107
    outer loop
      vertex 15.1568 52.1259 16.1259
      vertex 33.2773 52.9507 16.9507
      vertex 33.241 52.8788 16.8788
    endloop
  endfacet
  facet normal 4.03522e-05 0.706622 -0.707591
    outer loop
      vertex 15.1568 52.1259 16.1259
      vertex 33.241 52.8788 16.8788
      vertex 33.2147 52.8047 16.8048
    endloop
  endfacet
  facet normal -1.1012e-05 0.707174 -0.70704
    outer loop
      vertex 16.4782 51.4329 15.433
      vertex 33.2147 52.8047 16.8048
      vertex 33.0227 52.2627 16.2627
    endloop
  endfacet
  facet normal -1.63419e-17 0.707107 -0.707107
    outer loop
      vertex 15.1568 52.1259 16.1259
      vertex 2 65.6955 29.6955
      vertex 34.9245 55.106 19.106
    endloop
  endfacet
  facet normal -4.46384e-18 0.707107 -0.707107
    outer loop
      vertex 14.8432 52.1259 16.1259
      vertex 2 65.6955 29.6955
      vertex 15 52.1314 16.1314
    endloop
  endfacet
  facet normal -1.69432e-17 0.707107 -0.707107
    outer loop
      vertex 14.6879 52.1096 16.1096
      vertex 2 65.6955 29.6955
      vertex 14.8432 52.1259 16.1259
    endloop
  endfacet
  facet normal -0.000398216 0.706921 -0.707293
    outer loop
      vertex 14.5355 52.0826 16.0827
      vertex 2 65.6955 29.6955
      vertex 14.6879 52.1096 16.1096
    endloop
  endfacet
  facet normal 1.06602e-06 0.707105 -0.707109
    outer loop
      vertex 14.3877 52.0452 16.0453
      vertex 2 65.6955 29.6955
      vertex 14.5355 52.0826 16.0827
    endloop
  endfacet
  facet normal 0.000383629 0.707278 -0.706935
    outer loop
      vertex 14.2458 51.9978 15.9978
      vertex 2 65.6955 29.6955
      vertex 14.3877 52.0452 16.0453
    endloop
  endfacet
  facet normal 6.72637e-15 0.707107 -0.707107
    outer loop
      vertex 14.1111 51.9407 15.9407
      vertex 2 65.6955 29.6955
      vertex 14.2458 51.9978 15.9978
    endloop
  endfacet
  facet normal 6.75102e-15 0.707107 -0.707107
    outer loop
      vertex 13.985 51.8746 15.8746
      vertex 2 65.6955 29.6955
      vertex 14.1111 51.9407 15.9407
    endloop
  endfacet
  facet normal -2.09527e-14 0.707107 -0.707107
    outer loop
      vertex 13.8686 51.8 15.8
      vertex 2 65.6955 29.6955
      vertex 13.985 51.8746 15.8746
    endloop
  endfacet
  facet normal 1.43416e-14 0.707107 -0.707107
    outer loop
      vertex 13.7632 51.7177 15.7177
      vertex 2 65.6955 29.6955
      vertex 13.8686 51.8 15.8
    endloop
  endfacet
  facet normal -0.000419336 0.70693 -0.707283
    outer loop
      vertex 13.6696 51.6285 15.6286
      vertex 2 65.6955 29.6955
      vertex 13.7632 51.7177 15.7177
    endloop
  endfacet
  facet normal 0.000445722 0.707289 -0.706924
    outer loop
      vertex 13.5889 51.5333 15.5333
      vertex 2 65.6955 29.6955
      vertex 13.6696 51.6285 15.6286
    endloop
  endfacet
  facet normal -0.000473881 0.706913 -0.707301
    outer loop
      vertex 13.5218 51.4329 15.433
      vertex 2 65.6955 29.6955
      vertex 13.5889 51.5333 15.5333
    endloop
  endfacet
  facet normal 0.00051856 0.707314 -0.7069
    outer loop
      vertex 13.4689 51.3284 15.3284
      vertex 2 65.6955 29.6955
      vertex 13.5218 51.4329 15.433
    endloop
  endfacet
  facet normal -1.0297e-14 0.707107 -0.707107
    outer loop
      vertex 13.4307 51.2207 15.2207
      vertex 2 65.6955 29.6955
      vertex 13.4689 51.3284 15.3284
    endloop
  endfacet
  facet normal -1.97743e-16 0.707107 -0.707107
    outer loop
      vertex 13.4077 51.1109 15.1109
      vertex 2 65.6955 29.6955
      vertex 13.4307 51.2207 15.2207
    endloop
  endfacet
  facet normal -2.27977e-16 0.707107 -0.707107
    outer loop
      vertex 13.4 51 15
      vertex 2 65.6955 29.6955
      vertex 13.4077 51.1109 15.1109
    endloop
  endfacet
  facet normal 6.26245e-07 0.707107 -0.707107
    outer loop
      vertex 2 36.3045 0.304489
      vertex 13.4 51 15
      vertex 13.4077 50.8891 14.8891
    endloop
  endfacet
  facet normal 5.37807e-07 0.707107 -0.707107
    outer loop
      vertex 2 36.3045 0.304489
      vertex 13.4077 50.8891 14.8891
      vertex 13.4307 50.7793 14.7793
    endloop
  endfacet
  facet normal 4.69562e-07 0.707107 -0.707107
    outer loop
      vertex 2 36.3045 0.304489
      vertex 13.4307 50.7793 14.7793
      vertex 13.4689 50.6716 14.6716
    endloop
  endfacet
  facet normal 0.000518975 0.7069 -0.707314
    outer loop
      vertex 2 36.3045 0.304489
      vertex 13.4689 50.6716 14.6716
      vertex 13.5218 50.567 14.5671
    endloop
  endfacet
  facet normal -0.000473511 0.707301 -0.706913
    outer loop
      vertex 2 36.3045 0.304489
      vertex 13.5218 50.567 14.5671
      vertex 13.5889 50.4667 14.4667
    endloop
  endfacet
  facet normal -2.42414e-16 0.707107 -0.707107
    outer loop
      vertex 34.3894 47.4042 11.4042
      vertex 16.015 50.1254 14.1254
      vertex 34.3339 47.4697 11.4697
    endloop
  endfacet
  facet normal 2.04112e-15 0.707107 -0.707107
    outer loop
      vertex 16.015 50.1254 14.1254
      vertex 34.3894 47.4042 11.4042
      vertex 15.8889 50.0593 14.0593
    endloop
  endfacet
  facet normal -7.06931e-15 0.707107 -0.707107
    outer loop
      vertex 34.4537 47.3429 11.3429
      vertex 15.8889 50.0593 14.0593
      vertex 34.3894 47.4042 11.4042
    endloop
  endfacet
  facet normal -4.67365e-16 0.707107 -0.707107
    outer loop
      vertex 34.9245 46.894 10.894
      vertex 15.8889 50.0593 14.0593
      vertex 34.4537 47.3429 11.3429
    endloop
  endfacet
  facet normal 2.67164e-15 0.707107 -0.707107
    outer loop
      vertex 15.8889 50.0593 14.0593
      vertex 34.9245 46.894 10.894
      vertex 15.7542 50.0022 14.0022
    endloop
  endfacet
  facet normal -0.00016272 0.706605 -0.707608
    outer loop
      vertex 15.7542 50.0022 14.0022
      vertex 34.9245 46.894 10.894
      vertex 15.6123 49.9547 13.9548
    endloop
  endfacet
  facet normal -4.59498e-06 0.707104 -0.70711
    outer loop
      vertex 35.4552 46.48 10.48
      vertex 15.6123 49.9547 13.9548
      vertex 34.9245 46.894 10.894
    endloop
  endfacet
  facet normal -2.17655e-06 0.707111 -0.707103
    outer loop
      vertex 2 36.3045 0.304489
      vertex 15.6123 49.9547 13.9548
      vertex 35.4552 46.48 10.48
    endloop
  endfacet
  facet normal -1.94608e-06 0.707111 -0.707103
    outer loop
      vertex 15.6123 49.9547 13.9548
      vertex 2 36.3045 0.304489
      vertex 15.4645 49.9173 13.9174
    endloop
  endfacet
  facet normal 0.000561104 0.706832 -0.707381
    outer loop
      vertex 15.4645 49.9173 13.9174
      vertex 2 36.3045 0.304489
      vertex 15.3121 49.8904 13.8904
    endloop
  endfacet
  facet normal -6.69787e-08 0.707107 -0.707106
    outer loop
      vertex 15.3121 49.8904 13.8904
      vertex 2 36.3045 0.304489
      vertex 15.1568 49.8741 13.8741
    endloop
  endfacet
  facet normal -2.08139e-08 0.707107 -0.707106
    outer loop
      vertex 15.1568 49.8741 13.8741
      vertex 2 36.3045 0.304489
      vertex 15 49.8686 13.8686
    endloop
  endfacet
  facet normal 1.946e-08 0.707107 -0.707107
    outer loop
      vertex 15 49.8686 13.8686
      vertex 2 36.3045 0.304489
      vertex 14.8432 49.8741 13.8741
    endloop
  endfacet
  facet normal 1.67311e-07 0.707107 -0.707107
    outer loop
      vertex 2 36.3045 0.304489
      vertex 35.4552 46.48 10.48
      vertex 35.5277 46.4234 10.4234
    endloop
  endfacet
  facet normal 1.57649e-07 0.707107 -0.707107
    outer loop
      vertex 2 36.3045 0.304489
      vertex 35.5277 46.4234 10.4234
      vertex 35.6077 46.3722 10.3722
    endloop
  endfacet
  facet normal -7.53471e-06 0.70712 -0.707094
    outer loop
      vertex 2 36.3045 0.304489
      vertex 35.6077 46.3722 10.3722
      vertex 36.1933 45.9969 9.99688
    endloop
  endfacet
  facet normal 5.47261e-08 0.707107 -0.707107
    outer loop
      vertex 14.8432 49.8741 13.8741
      vertex 2 36.3045 0.304489
      vertex 14.6879 49.8904 13.8904
    endloop
  endfacet
  facet normal 3.78757e-06 0.7071 -0.707114
    outer loop
      vertex 2 36.3045 0.304489
      vertex 36.1933 45.9969 9.99688
      vertex 36.8281 45.664 9.66399
    endloop
  endfacet
  facet normal 8.28916e-05 0.706953 -0.707261
    outer loop
      vertex 2 36.3045 0.304489
      vertex 36.8281 45.664 9.66399
      vertex 36.9148 45.6185 9.61852
    endloop
  endfacet
  facet normal -0.000117652 0.707328 -0.706885
    outer loop
      vertex 2 36.3045 0.304489
      vertex 36.9148 45.6185 9.61852
      vertex 37.0074 45.5793 9.57928
    endloop
  endfacet
  facet normal -1.11867e-07 0.707107 -0.707107
    outer loop
      vertex 2 36.3045 0.304489
      vertex 37.0074 45.5793 9.57928
      vertex 37.6852 45.292 9.29198
    endloop
  endfacet
  facet normal 2.96565e-05 0.707048 -0.707166
    outer loop
      vertex 2 36.3045 0.304489
      vertex 37.6852 45.292 9.29198
      vertex 38.3997 45.053 9.05305
    endloop
  endfacet
  facet normal -9.02761e-05 0.707297 -0.706916
    outer loop
      vertex 2 36.3045 0.304489
      vertex 38.3997 45.053 9.05305
      vertex 38.4972 45.0204 9.02042
    endloop
  endfacet
  facet normal 1.4151e-05 0.707078 -0.707135
    outer loop
      vertex 2 36.3045 0.304489
      vertex 38.4972 45.0204 9.02042
      vertex 39.2413 44.8321 8.83215
    endloop
  endfacet
  facet normal -3.24413e-05 0.70718 -0.707033
    outer loop
      vertex 2 36.3045 0.304489
      vertex 39.2413 44.8321 8.83215
      vertex 39.343 44.8064 8.80644
    endloop
  endfacet
  facet normal -0.192951 -0.114908 -0.974457
    outer loop
      vertex 40.2143 44.6521 8.65211
      vertex 39.343 44.8064 8.80644
      vertex 39.4477 44.7879 8.78789
    endloop
  endfacet
  facet normal 0.039609 0.152817 0.98746
    outer loop
      vertex 42 44.5277 8.52775
      vertex 41.1028 44.5589 8.55891
      vertex 41.2107 44.5551 8.55517
    endloop
  endfacet
  facet normal 0 0.707109 -0.707104
    outer loop
      vertex 2 36.3045 0.304489
      vertex 42 44.5277 8.52775
      vertex 82 36.3045 0.304489
    endloop
  endfacet
  facet normal 2.71224e-05 0.707043 -0.70717
    outer loop
      vertex 42 44.5277 8.52775
      vertex 2 36.3045 0.304489
      vertex 41.1028 44.5589 8.55891
    endloop
  endfacet
  facet normal 1.26118e-07 0.707107 -0.707106
    outer loop
      vertex 41.1028 44.5589 8.55891
      vertex 2 36.3045 0.304489
      vertex 40.9961 44.5701 8.57011
    endloop
  endfacet
  facet normal 1.26053e-07 0.707107 -0.707106
    outer loop
      vertex 40.9961 44.5701 8.57011
      vertex 2 36.3045 0.304489
      vertex 40.2143 44.6521 8.65211
    endloop
  endfacet
  facet normal 3.41148e-07 0.707107 -0.707107
    outer loop
      vertex 13.4 51 15
      vertex 2 36.3045 0.304489
      vertex 2 65.6955 29.6955
    endloop
  endfacet
  facet normal 0.000446052 0.706924 -0.707289
    outer loop
      vertex 13.6696 50.3714 14.3715
      vertex 2 36.3045 0.304489
      vertex 13.5889 50.4667 14.4667
    endloop
  endfacet
  facet normal -0.000419042 0.707283 -0.70693
    outer loop
      vertex 13.7632 50.2823 14.2823
      vertex 2 36.3045 0.304489
      vertex 13.6696 50.3714 14.3715
    endloop
  endfacet
  facet normal 2.62207e-07 0.707107 -0.707107
    outer loop
      vertex 13.8686 50.2 14.2
      vertex 2 36.3045 0.304489
      vertex 13.7632 50.2823 14.2823
    endloop
  endfacet
  facet normal 2.31838e-07 0.707107 -0.707107
    outer loop
      vertex 13.985 50.1254 14.1254
      vertex 2 36.3045 0.304489
      vertex 13.8686 50.2 14.2
    endloop
  endfacet
  facet normal 2.02814e-07 0.707107 -0.707107
    outer loop
      vertex 14.1111 50.0593 14.0593
      vertex 2 36.3045 0.304489
      vertex 13.985 50.1254 14.1254
    endloop
  endfacet
  facet normal 1.74559e-07 0.707107 -0.707107
    outer loop
      vertex 14.2458 50.0022 14.0022
      vertex 2 36.3045 0.304489
      vertex 14.1111 50.0593 14.0593
    endloop
  endfacet
  facet normal 0.000383775 0.706935 -0.707278
    outer loop
      vertex 14.3877 49.9547 13.9548
      vertex 2 36.3045 0.304489
      vertex 14.2458 50.0022 14.0022
    endloop
  endfacet
  facet normal 1.18328e-06 0.707109 -0.707104
    outer loop
      vertex 14.5355 49.9173 13.9174
      vertex 2 36.3045 0.304489
      vertex 14.3877 49.9547 13.9548
    endloop
  endfacet
  facet normal -0.000398129 0.707293 -0.706921
    outer loop
      vertex 14.6879 49.8904 13.8904
      vertex 2 36.3045 0.304489
      vertex 14.5355 49.9173 13.9174
    endloop
  endfacet
  facet normal -1.32714e-05 0.707138 -0.707076
    outer loop
      vertex 40.2143 44.6521 8.65211
      vertex 2 36.3045 0.304489
      vertex 39.343 44.8064 8.80644
    endloop
  endfacet
  facet normal -1.14157e-17 0.707107 -0.707107
    outer loop
      vertex 68.3288 55.8191 19.8191
      vertex 82 65.6955 29.6955
      vertex 68.3974 55.8215 19.8215
    endloop
  endfacet
  facet normal -4.323e-14 0.707107 -0.707107
    outer loop
      vertex 68.2608 55.812 19.812
      vertex 82 65.6955 29.6955
      vertex 68.3288 55.8191 19.8191
    endloop
  endfacet
  facet normal 4.92368e-15 0.707107 -0.707107
    outer loop
      vertex 67.664 55.7494 19.7494
      vertex 82 65.6955 29.6955
      vertex 68.2608 55.812 19.812
    endloop
  endfacet
  facet normal -5.95646e-17 0.707107 -0.707107
    outer loop
      vertex 67.5973 55.7376 19.7376
      vertex 82 65.6955 29.6955
      vertex 67.664 55.7494 19.7494
    endloop
  endfacet
  facet normal -0.000162447 0.707224 -0.706989
    outer loop
      vertex 67.0121 55.6339 19.634
      vertex 82 65.6955 29.6955
      vertex 67.5973 55.7376 19.7376
    endloop
  endfacet
  facet normal 0.00020262 0.706952 -0.707261
    outer loop
      vertex 66.444 55.4902 19.4902
      vertex 82 65.6955 29.6955
      vertex 67.0121 55.6339 19.634
    endloop
  endfacet
  facet normal -0.00177764 0.708459 -0.70575
    outer loop
      vertex 66.3793 55.4738 19.4739
      vertex 82 65.6955 29.6955
      vertex 66.444 55.4902 19.4902
    endloop
  endfacet
  facet normal -4.64454e-16 0.707107 -0.707107
    outer loop
      vertex 65.7717 55.2707 19.2707
      vertex 47.0852 56.3815 20.3815
      vertex 66.3172 55.4531 19.4531
    endloop
  endfacet
  facet normal -3.39715e-15 0.707107 -0.707107
    outer loop
      vertex 47.0852 56.3815 20.3815
      vertex 65.7717 55.2707 19.2707
      vertex 47.1719 56.336 20.336
    endloop
  endfacet
  facet normal 6.40491e-16 0.707107 -0.707107
    outer loop
      vertex 47.1719 56.336 20.336
      vertex 65.7717 55.2707 19.2707
      vertex 47.8067 56.0031 20.0031
    endloop
  endfacet
  facet normal 2.58924e-16 0.707107 -0.707107
    outer loop
      vertex 65.2542 55.0513 19.0513
      vertex 47.8067 56.0031 20.0031
      vertex 65.7717 55.2707 19.2707
    endloop
  endfacet
  facet normal 1.00081e-14 0.707107 -0.707107
    outer loop
      vertex 65.1953 55.0264 19.0264
      vertex 47.8067 56.0031 20.0031
      vertex 65.2542 55.0513 19.0513
    endloop
  endfacet
  facet normal -4.15334e-16 0.707107 -0.707107
    outer loop
      vertex 47.8067 56.0031 20.0031
      vertex 65.1953 55.0264 19.0264
      vertex 48.3923 55.6278 19.6278
    endloop
  endfacet
  facet normal -3.04017e-15 0.707107 -0.707107
    outer loop
      vertex 65.1401 54.9974 18.9974
      vertex 48.3923 55.6278 19.6278
      vertex 65.1953 55.0264 19.0264
    endloop
  endfacet
  facet normal 0 0.707107 -0.707107
    outer loop
      vertex 48.3923 55.6278 19.6278
      vertex 65.1401 54.9974 18.9974
      vertex 48.4723 55.5766 19.5766
    endloop
  endfacet
  facet normal -3.216e-16 0.707107 -0.707107
    outer loop
      vertex 64.6555 54.7433 18.7433
      vertex 48.4723 55.5766 19.5766
      vertex 65.1401 54.9974 18.9974
    endloop
  endfacet
  facet normal 2.61512e-15 0.707107 -0.707107
    outer loop
      vertex 48.4723 55.5766 19.5766
      vertex 64.6555 54.7433 18.7433
      vertex 48.5448 55.52 19.52
    endloop
  endfacet
  facet normal -9.71109e-05 0.706099 -0.708113
    outer loop
      vertex 64.6046 54.7106 18.7107
      vertex 48.5448 55.52 19.52
      vertex 64.6555 54.7433 18.7433
    endloop
  endfacet
  facet normal 4.70705e-06 0.70711 -0.707104
    outer loop
      vertex 48.5448 55.52 19.52
      vertex 64.6046 54.7106 18.7107
      vertex 49.0755 55.106 19.106
    endloop
  endfacet
  facet normal 1.04218e-05 0.707222 -0.706992
    outer loop
      vertex 64.1575 54.4241 18.4241
      vertex 49.0755 55.106 19.106
      vertex 64.6046 54.7106 18.7107
    endloop
  endfacet
  facet normal -8.405e-16 0.707107 -0.707107
    outer loop
      vertex 63.7523 54.108 18.108
      vertex 49.0755 55.106 19.106
      vertex 64.1575 54.4241 18.4241
    endloop
  endfacet
  facet normal 1.86043e-16 0.707107 -0.707107
    outer loop
      vertex 49.0755 55.106 19.106
      vertex 63.7523 54.108 18.108
      vertex 49.5463 54.6571 18.6571
    endloop
  endfacet
  facet normal 5.30667e-15 0.707107 -0.707107
    outer loop
      vertex 63.7062 54.072 18.072
      vertex 49.5463 54.6571 18.6571
      vertex 63.7523 54.108 18.108
    endloop
  endfacet
  facet normal -1.95581e-15 0.707107 -0.707107
    outer loop
      vertex 49.5463 54.6571 18.6571
      vertex 63.7062 54.072 18.072
      vertex 49.6106 54.5958 18.5958
    endloop
  endfacet
  facet normal -3.44125e-16 0.707107 -0.707107
    outer loop
      vertex 63.3468 53.7293 17.7293
      vertex 49.6106 54.5958 18.5958
      vertex 63.7062 54.072 18.072
    endloop
  endfacet
  facet normal -3.8601e-16 0.707107 -0.707107
    outer loop
      vertex 49.6106 54.5958 18.5958
      vertex 63.3468 53.7293 17.7293
      vertex 49.6661 54.5303 18.5303
    endloop
  endfacet
  facet normal -3.89884e-15 0.707107 -0.707107
    outer loop
      vertex 63.3059 53.6903 17.6903
      vertex 49.6661 54.5303 18.5303
      vertex 63.3468 53.7293 17.7293
    endloop
  endfacet
  facet normal 4.87782e-16 0.707107 -0.707107
    outer loop
      vertex 49.6661 54.5303 18.5303
      vertex 63.3059 53.6903 17.6903
      vertex 50.0724 54.051 18.051
    endloop
  endfacet
  facet normal -1.42428e-15 0.707107 -0.707107
    outer loop
      vertex 63.2706 53.6487 17.6487
      vertex 50.0724 54.051 18.051
      vertex 63.3059 53.6903 17.6903
    endloop
  endfacet
  facet normal 5.78249e-16 0.707107 -0.707107
    outer loop
      vertex 62.9604 53.2827 17.2827
      vertex 50.0724 54.051 18.051
      vertex 63.2706 53.6487 17.6487
    endloop
  endfacet
  facet normal -1.06742e-16 0.707107 -0.707107
    outer loop
      vertex 50.0724 54.051 18.051
      vertex 62.9604 53.2827 17.2827
      vertex 50.4103 53.5458 17.5458
    endloop
  endfacet
  facet normal -7.7578e-16 0.707107 -0.707107
    outer loop
      vertex 50.4103 53.5458 17.5458
      vertex 62.9604 53.2827 17.2827
      vertex 50.4564 53.4768 17.4768
    endloop
  endfacet
  facet normal -1.97354e-16 0.707107 -0.707107
    outer loop
      vertex 62.7024 52.897 16.897
      vertex 50.4564 53.4768 17.4768
      vertex 62.9604 53.2827 17.2827
    endloop
  endfacet
  facet normal -2.82638e-15 0.707107 -0.707107
    outer loop
      vertex 62.673 52.8531 16.8531
      vertex 50.4564 53.4768 17.4768
      vertex 62.7024 52.897 16.897
    endloop
  endfacet
  facet normal 0 0.707107 -0.707107
    outer loop
      vertex 50.4564 53.4768 17.4768
      vertex 62.673 52.8531 16.8531
      vertex 50.7227 52.9507 16.9507
    endloop
  endfacet
  facet normal 2.86703e-16 0.707107 -0.707107
    outer loop
      vertex 50.7227 52.9507 16.9507
      vertex 62.673 52.8531 16.8531
      vertex 50.759 52.8788 16.8788
    endloop
  endfacet
  facet normal 3.29127e-16 0.707107 -0.707107
    outer loop
      vertex 62.6499 52.8074 16.8074
      vertex 50.759 52.8788 16.8788
      vertex 62.673 52.8531 16.8531
    endloop
  endfacet
  facet normal 3.68675e-17 0.707107 -0.707107
    outer loop
      vertex 62.4466 52.4057 16.4057
      vertex 50.759 52.8788 16.8788
      vertex 62.6499 52.8074 16.8074
    endloop
  endfacet
  facet normal -3.92172e-05 0.706622 -0.707591
    outer loop
      vertex 50.759 52.8788 16.8788
      vertex 62.4466 52.4057 16.4057
      vertex 50.7853 52.8047 16.8048
    endloop
  endfacet
  facet normal -1.61931e-06 0.707172 -0.707042
    outer loop
      vertex 62.4466 52.4057 16.4057
      vertex 50.9773 52.2627 16.2627
      vertex 50.7853 52.8047 16.8048
    endloop
  endfacet
  facet normal 1.14198e-16 0.707107 -0.707107
    outer loop
      vertex 62.3 51.9918 15.9918
      vertex 50.9773 52.2627 16.2627
      vertex 62.4466 52.4057 16.4057
    endloop
  endfacet
  facet normal 3.28427e-16 0.707107 -0.707107
    outer loop
      vertex 62.2833 51.9447 15.9447
      vertex 50.9773 52.2627 16.2627
      vertex 62.3 51.9918 15.9918
    endloop
  endfacet
  facet normal 1.42148e-16 0.707107 -0.707107
    outer loop
      vertex 62.2833 51.9447 15.9447
      vertex 51.0932 51.7099 15.7099
      vertex 50.9773 52.2627 16.2627
    endloop
  endfacet
  facet normal -6.26175e-17 0.707107 -0.707107
    outer loop
      vertex 62.1948 51.5227 15.5227
      vertex 51.0932 51.7099 15.7099
      vertex 62.2833 51.9447 15.9447
    endloop
  endfacet
  facet normal 1.6743e-16 0.707107 -0.707107
    outer loop
      vertex 51.0932 51.7099 15.7099
      vertex 62.1948 51.5227 15.5227
      vertex 51.1091 51.6344 15.6344
    endloop
  endfacet
  facet normal -1.47966e-05 0.706372 -0.707841
    outer loop
      vertex 62.1847 51.4746 15.4747
      vertex 51.1091 51.6344 15.6344
      vertex 62.1948 51.5227 15.5227
    endloop
  endfacet
  facet normal -6.99842e-06 0.706643 -0.707571
    outer loop
      vertex 51.1091 51.6344 15.6344
      vertex 62.1847 51.4746 15.4747
      vertex 51.1144 51.5581 15.5582
    endloop
  endfacet
  facet normal 1.09798e-05 0.707834 -0.706379
    outer loop
      vertex 62.1813 51.4261 15.4261
      vertex 51.1144 51.5581 15.5582
      vertex 62.1847 51.4746 15.4747
    endloop
  endfacet
  facet normal 0 0.707107 -0.707107
    outer loop
      vertex 51.1532 51 15
      vertex 62.1813 51.4261 15.4261
      vertex 62.1517 51 15
    endloop
  endfacet
  facet normal -4.8818e-06 0.70717 -0.707044
    outer loop
      vertex 62.1813 51.4261 15.4261
      vertex 51.1532 51 15
      vertex 51.1144 51.5581 15.5582
    endloop
  endfacet
  facet normal 0 0.707107 -0.707107
    outer loop
      vertex 62.1813 50.5739 14.5739
      vertex 51.1532 51 15
      vertex 62.1517 51 15
    endloop
  endfacet
  facet normal 1.09798e-05 0.706379 -0.707834
    outer loop
      vertex 51.1144 50.4418 14.4419
      vertex 62.1813 50.5739 14.5739
      vertex 62.1847 50.5253 14.5254
    endloop
  endfacet
  facet normal -1.47966e-05 0.707841 -0.706372
    outer loop
      vertex 51.1091 50.3656 14.3656
      vertex 62.1847 50.5253 14.5254
      vertex 62.1948 50.4773 14.4773
    endloop
  endfacet
  facet normal -4.8818e-06 0.707044 -0.70717
    outer loop
      vertex 62.1813 50.5739 14.5739
      vertex 51.1144 50.4418 14.4419
      vertex 51.1532 51 15
    endloop
  endfacet
  facet normal -6.99842e-06 0.707571 -0.706643
    outer loop
      vertex 62.1847 50.5253 14.5254
      vertex 51.1091 50.3656 14.3656
      vertex 51.1144 50.4418 14.4419
    endloop
  endfacet
  facet normal -1.70367e-16 0.707107 -0.707107
    outer loop
      vertex 62.1948 50.4773 14.4773
      vertex 51.0932 50.2901 14.2901
      vertex 51.1091 50.3656 14.3656
    endloop
  endfacet
  facet normal 6.26175e-17 0.707107 -0.707107
    outer loop
      vertex 62.2833 50.0553 14.0553
      vertex 51.0932 50.2901 14.2901
      vertex 62.1948 50.4773 14.4773
    endloop
  endfacet
  facet normal -2.18951e-16 0.707107 -0.707107
    outer loop
      vertex 50.9773 49.7373 13.7373
      vertex 62.2833 50.0553 14.0553
      vertex 62.3 50.0082 14.0082
    endloop
  endfacet
  facet normal -9.4765e-17 0.707107 -0.707107
    outer loop
      vertex 62.2833 50.0553 14.0553
      vertex 50.9773 49.7373 13.7373
      vertex 51.0932 50.2901 14.2901
    endloop
  endfacet
  facet normal -4.15265e-18 0.707107 -0.707107
    outer loop
      vertex 62.4466 49.5943 13.5943
      vertex 50.9773 49.7373 13.7373
      vertex 62.3 50.0082 14.0082
    endloop
  endfacet
  facet normal -1.61931e-06 0.707042 -0.707172
    outer loop
      vertex 62.4466 49.5943 13.5943
      vertex 50.7853 49.1952 13.1953
      vertex 50.9773 49.7373 13.7373
    endloop
  endfacet
  facet normal 1.91506e-16 0.707107 -0.707107
    outer loop
      vertex 50.759 49.1212 13.1212
      vertex 62.4466 49.5943 13.5943
      vertex 62.6499 49.1926 13.1926
    endloop
  endfacet
  facet normal -1.1843e-16 0.707107 -0.707107
    outer loop
      vertex 50.759 49.1212 13.1212
      vertex 62.6499 49.1926 13.1926
      vertex 62.673 49.1469 13.1469
    endloop
  endfacet
  facet normal -3.92172e-05 0.707591 -0.706622
    outer loop
      vertex 62.4466 49.5943 13.5943
      vertex 50.759 49.1212 13.1212
      vertex 50.7853 49.1952 13.1953
    endloop
  endfacet
  facet normal 1.4154e-16 0.707107 -0.707107
    outer loop
      vertex 50.4564 48.5232 12.5232
      vertex 62.673 49.1469 13.1469
      vertex 62.7024 49.103 13.103
    endloop
  endfacet
  facet normal 0 0.707107 -0.707107
    outer loop
      vertex 62.673 49.1469 13.1469
      vertex 50.7227 49.0493 13.0493
      vertex 50.759 49.1212 13.1212
    endloop
  endfacet
  facet normal 1.00691e-16 0.707107 -0.707107
    outer loop
      vertex 50.4564 48.5232 12.5232
      vertex 62.7024 49.103 13.103
      vertex 62.9604 48.7173 12.7173
    endloop
  endfacet
  facet normal -1.95915e-17 0.707107 -0.707107
    outer loop
      vertex 62.673 49.1469 13.1469
      vertex 50.4564 48.5232 12.5232
      vertex 50.7227 49.0493 13.0493
    endloop
  endfacet
  facet normal 6.72343e-16 0.707107 -0.707107
    outer loop
      vertex 62.9604 48.7173 12.7173
      vertex 50.4103 48.4542 12.4542
      vertex 50.4564 48.5232 12.5232
    endloop
  endfacet
  facet normal -1.82188e-16 0.707107 -0.707107
    outer loop
      vertex 50.0724 47.949 11.949
      vertex 62.9604 48.7173 12.7173
      vertex 63.2706 48.3513 12.3513
    endloop
  endfacet
  facet normal 6.96894e-16 0.707107 -0.707107
    outer loop
      vertex 50.0724 47.949 11.949
      vertex 63.2706 48.3513 12.3513
      vertex 63.3059 48.3097 12.3097
    endloop
  endfacet
  facet normal 0.000104758 0.706256 -0.707957
    outer loop
      vertex 49.6661 47.4697 11.4697
      vertex 63.3059 48.3097 12.3097
      vertex 63.3468 48.2706 12.2707
    endloop
  endfacet
  facet normal -4.70922e-17 0.707107 -0.707107
    outer loop
      vertex 62.9604 48.7173 12.7173
      vertex 50.0724 47.949 11.949
      vertex 50.4103 48.4542 12.4542
    endloop
  endfacet
  facet normal -7.38092e-06 0.707206 -0.707007
    outer loop
      vertex 49.6106 47.4042 11.4042
      vertex 63.3468 48.2706 12.2707
      vertex 63.7062 47.928 11.928
    endloop
  endfacet
  facet normal -5.26553e-15 0.707107 -0.707107
    outer loop
      vertex 49.5463 47.3429 11.3429
      vertex 63.7062 47.928 11.928
      vertex 63.7523 47.892 11.892
    endloop
  endfacet
  facet normal 7.62676e-16 0.707107 -0.707107
    outer loop
      vertex 49.0755 46.894 10.894
      vertex 63.7523 47.892 11.892
      vertex 64.1575 47.5759 11.5759
    endloop
  endfacet
  facet normal -3.16742e-16 0.707107 -0.707107
    outer loop
      vertex 63.3059 48.3097 12.3097
      vertex 49.6661 47.4697 11.4697
      vertex 50.0724 47.949 11.949
    endloop
  endfacet
  facet normal 5.43843e-06 0.707104 -0.707109
    outer loop
      vertex 63.3468 48.2706 12.2707
      vertex 49.6106 47.4042 11.4042
      vertex 49.6661 47.4697 11.4697
    endloop
  endfacet
  facet normal 1.93808e-15 0.707107 -0.707107
    outer loop
      vertex 63.7062 47.928 11.928
      vertex 49.5463 47.3429 11.3429
      vertex 49.6106 47.4042 11.4042
    endloop
  endfacet
  facet normal 1.04218e-05 0.706992 -0.707222
    outer loop
      vertex 49.0755 46.894 10.894
      vertex 64.1575 47.5759 11.5759
      vertex 64.6046 47.2893 11.2894
    endloop
  endfacet
  facet normal -9.71109e-05 0.708113 -0.706099
    outer loop
      vertex 48.5448 46.48 10.48
      vertex 64.6046 47.2893 11.2894
      vertex 64.6555 47.2567 11.2567
    endloop
  endfacet
  facet normal -7.8227e-17 0.707107 -0.707107
    outer loop
      vertex 48.4723 46.4234 10.4234
      vertex 64.6555 47.2567 11.2567
      vertex 65.1401 47.0026 11.0026
    endloop
  endfacet
  facet normal 2.94118e-15 0.707107 -0.707107
    outer loop
      vertex 48.3923 46.3722 10.3722
      vertex 65.1401 47.0026 11.0026
      vertex 65.1953 46.9736 10.9736
    endloop
  endfacet
  facet normal 7.17912e-07 0.707108 -0.707106
    outer loop
      vertex 47.8067 45.9969 9.99688
      vertex 65.1953 46.9736 10.9736
      vertex 65.2542 46.9487 10.9487
    endloop
  endfacet
  facet normal -6.41529e-17 0.707107 -0.707107
    outer loop
      vertex 63.7523 47.892 11.892
      vertex 49.0755 46.894 10.894
      vertex 49.5463 47.3429 11.3429
    endloop
  endfacet
  facet normal 7.18147e-07 0.707108 -0.707106
    outer loop
      vertex 47.8067 45.9969 9.99688
      vertex 65.2542 46.9487 10.9487
      vertex 65.7717 46.7293 10.7293
    endloop
  endfacet
  facet normal 3.24573e-07 0.707107 -0.707106
    outer loop
      vertex 47.1719 45.664 9.66399
      vertex 65.7717 46.7293 10.7293
      vertex 66.3172 46.5469 10.5469
    endloop
  endfacet
  facet normal 0.000138417 0.705608 -0.708602
    outer loop
      vertex 47.1719 45.664 9.66399
      vertex 66.3172 46.5469 10.5469
      vertex 66.3793 46.5261 10.5262
    endloop
  endfacet
  facet normal -0.000161406 0.708947 -0.705261
    outer loop
      vertex 47.1719 45.664 9.66399
      vertex 66.3793 46.5261 10.5262
      vertex 66.444 46.5098 10.5098
    endloop
  endfacet
  facet normal 4.70705e-06 0.707104 -0.70711
    outer loop
      vertex 64.6046 47.2893 11.2894
      vertex 48.5448 46.48 10.48
      vertex 49.0755 46.894 10.894
    endloop
  endfacet
  facet normal -2.56924e-15 0.707107 -0.707107
    outer loop
      vertex 64.6555 47.2567 11.2567
      vertex 48.4723 46.4234 10.4234
      vertex 48.5448 46.48 10.48
    endloop
  endfacet
  facet normal -9.72729e-17 0.707107 -0.707107
    outer loop
      vertex 65.1401 47.0026 11.0026
      vertex 48.3923 46.3722 10.3722
      vertex 48.4723 46.4234 10.4234
    endloop
  endfacet
  facet normal 1.87101e-05 0.706898 -0.707316
    outer loop
      vertex 47.1719 45.664 9.66399
      vertex 66.444 46.5098 10.5098
      vertex 67.0121 46.366 10.3661
    endloop
  endfacet
  facet normal -1.68529e-05 0.7074 -0.706813
    outer loop
      vertex 47.1719 45.664 9.66399
      vertex 67.0121 46.366 10.3661
      vertex 67.5973 46.2624 10.2624
    endloop
  endfacet
  facet normal 2.97005e-07 0.707108 -0.707106
    outer loop
      vertex 47.1719 45.664 9.66399
      vertex 67.5973 46.2624 10.2624
      vertex 67.664 46.2506 10.2506
    endloop
  endfacet
  facet normal 2.71083e-07 0.707108 -0.707105
    outer loop
      vertex 47.1719 45.664 9.66399
      vertex 67.664 46.2506 10.2506
      vertex 68.2608 46.188 10.188
    endloop
  endfacet
  facet normal 2.70844e-07 0.707108 -0.707105
    outer loop
      vertex 47.1719 45.664 9.66399
      vertex 68.2608 46.188 10.188
      vertex 68.3288 46.1809 10.1809
    endloop
  endfacet
  facet normal 1.96792e-07 0.70711 -0.707104
    outer loop
      vertex 47.1719 45.664 9.66399
      vertex 68.3288 46.1809 10.1809
      vertex 68.3974 46.1785 10.1785
    endloop
  endfacet
  facet normal 2.88364e-08 0.707107 -0.707106
    outer loop
      vertex 82 36.3045 0.304489
      vertex 68.3974 46.1785 10.1785
      vertex 69 46.1575 10.1575
    endloop
  endfacet
  facet normal -1.42843e-06 0.707127 -0.707087
    outer loop
      vertex 65.1953 46.9736 10.9736
      vertex 47.8067 45.9969 9.99688
      vertex 48.3923 46.3722 10.3722
    endloop
  endfacet
  facet normal -0.707107 -0.707107 0
    outer loop
      vertex 2 0 1.17157
      vertex 0 2 72
      vertex 0 2 2
    endloop
  endfacet
  facet normal -0.707107 -0.707107 0
    outer loop
      vertex 0 2 72
      vertex 2 0 1.17157
      vertex 2 0 72.8284
    endloop
  endfacet
  facet normal -0 0 1
    outer loop
      vertex 2 57.5694 74
      vertex 82 1.17157 74
      vertex 82 57.5694 74
    endloop
  endfacet
  facet normal 0 0 1
    outer loop
      vertex 82 1.17157 74
      vertex 2 57.5694 74
      vertex 2 1.17157 74
    endloop
  endfacet
  facet normal 0.707104 0.65328 -0.270608
    outer loop
      vertex 84 64 30.8284
      vertex 82 65.6955 29.6955
      vertex 82 66 30.4306
    endloop
  endfacet
  facet normal 0 0 -1
    outer loop
      vertex 65.4928 19.853 0
      vertex 82 35.5694 0
      vertex 82 1.17157 0
    endloop
  endfacet
  facet normal 0 0 -1
    outer loop
      vertex 82 35.5694 0
      vertex 65.4928 19.853 0
      vertex 65.5 20 0
    endloop
  endfacet
  facet normal 0 0 -1
    outer loop
      vertex 82 1.17157 0
      vertex 65.4712 19.7074 0
      vertex 65.4928 19.853 0
    endloop
  endfacet
  facet normal 0 0 -1
    outer loop
      vertex 82 1.17157 0
      vertex 65.4354 19.5646 0
      vertex 65.4712 19.7074 0
    endloop
  endfacet
  facet normal 0 0 -1
    outer loop
      vertex 82 1.17157 0
      vertex 65.3858 19.426 0
      vertex 65.4354 19.5646 0
    endloop
  endfacet
  facet normal 0 0 -1
    outer loop
      vertex 82 1.17157 0
      vertex 65.3229 19.2929 0
      vertex 65.3858 19.426 0
    endloop
  endfacet
  facet normal 0 0 -1
    outer loop
      vertex 82 1.17157 0
      vertex 65.2472 19.1666 0
      vertex 65.3229 19.2929 0
    endloop
  endfacet
  facet normal 0 0 -1
    outer loop
      vertex 82 1.17157 0
      vertex 65.1595 19.0484 0
      vertex 65.2472 19.1666 0
    endloop
  endfacet
  facet normal 0 0 -1
    outer loop
      vertex 82 1.17157 0
      vertex 65.0607 18.9393 0
      vertex 65.1595 19.0484 0
    endloop
  endfacet
  facet normal 0 0 -1
    outer loop
      vertex 82 1.17157 0
      vertex 64.9516 18.8405 0
      vertex 65.0607 18.9393 0
    endloop
  endfacet
  facet normal 0 0 -1
    outer loop
      vertex 82 1.17157 0
      vertex 64.8334 18.7528 0
      vertex 64.9516 18.8405 0
    endloop
  endfacet
  facet normal 0 0 -1
    outer loop
      vertex 82 1.17157 0
      vertex 64.7071 18.6771 0
      vertex 64.8334 18.7528 0
    endloop
  endfacet
  facet normal 0 0 -1
    outer loop
      vertex 82 1.17157 0
      vertex 64.574 18.6142 0
      vertex 64.7071 18.6771 0
    endloop
  endfacet
  facet normal 0 0 -1
    outer loop
      vertex 82 1.17157 0
      vertex 64.4354 18.5646 0
      vertex 64.574 18.6142 0
    endloop
  endfacet
  facet normal 0 0 -1
    outer loop
      vertex 82 1.17157 0
      vertex 64.2926 18.5288 0
      vertex 64.4354 18.5646 0
    endloop
  endfacet
  facet normal 0 0 -1
    outer loop
      vertex 82 1.17157 0
      vertex 64.147 18.5072 0
      vertex 64.2926 18.5288 0
    endloop
  endfacet
  facet normal 0 0 -1
    outer loop
      vertex 82 1.17157 0
      vertex 64 18.5 0
      vertex 64.147 18.5072 0
    endloop
  endfacet
  facet normal 0 0 -1
    outer loop
      vertex 82 1.17157 0
      vertex 63.853 18.5072 0
      vertex 64 18.5 0
    endloop
  endfacet
  facet normal 0 0 -1
    outer loop
      vertex 82 1.17157 0
      vertex 63.7074 18.5288 0
      vertex 63.853 18.5072 0
    endloop
  endfacet
  facet normal 0 0 -1
    outer loop
      vertex 40.4 8 0
      vertex 63.7074 18.5288 0
      vertex 82 1.17157 0
    endloop
  endfacet
  facet normal -0 0 -1
    outer loop
      vertex 63.7074 18.5288 0
      vertex 40.4 8 0
      vertex 63.5646 18.5646 0
    endloop
  endfacet
  facet normal -0 0 -1
    outer loop
      vertex 63.5646 18.5646 0
      vertex 40.4 8 0
      vertex 63.426 18.6142 0
    endloop
  endfacet
  facet normal -0 0 -1
    outer loop
      vertex 63.426 18.6142 0
      vertex 40.4 8 0
      vertex 63.2929 18.6771 0
    endloop
  endfacet
  facet normal -0 0 -1
    outer loop
      vertex 63.2929 18.6771 0
      vertex 40.4 8 0
      vertex 63.1666 18.7528 0
    endloop
  endfacet
  facet normal -0 0 -1
    outer loop
      vertex 63.1666 18.7528 0
      vertex 40.4 8 0
      vertex 63.0484 18.8405 0
    endloop
  endfacet
  facet normal 0 0 -1
    outer loop
      vertex 40.4 30 0
      vertex 62.5072 19.853 0
      vertex 40.4 8 0
    endloop
  endfacet
  facet normal -0 0 -1
    outer loop
      vertex 62.5288 19.7074 0
      vertex 40.4 8 0
      vertex 62.5072 19.853 0
    endloop
  endfacet
  facet normal -0 0 -1
    outer loop
      vertex 62.5646 19.5646 0
      vertex 40.4 8 0
      vertex 62.5288 19.7074 0
    endloop
  endfacet
  facet normal -0 0 -1
    outer loop
      vertex 62.6142 19.426 0
      vertex 40.4 8 0
      vertex 62.5646 19.5646 0
    endloop
  endfacet
  facet normal -0 0 -1
    outer loop
      vertex 62.6771 19.2929 0
      vertex 40.4 8 0
      vertex 62.6142 19.426 0
    endloop
  endfacet
  facet normal -0 0 -1
    outer loop
      vertex 62.7528 19.1666 0
      vertex 40.4 8 0
      vertex 62.6771 19.2929 0
    endloop
  endfacet
  facet normal -0 0 -1
    outer loop
      vertex 62.8405 19.0484 0
      vertex 40.4 8 0
      vertex 62.7528 19.1666 0
    endloop
  endfacet
  facet normal -0 0 -1
    outer loop
      vertex 62.9393 18.9393 0
      vertex 40.4 8 0
      vertex 62.8405 19.0484 0
    endloop
  endfacet
  facet normal -0 0 -1
    outer loop
      vertex 63.0484 18.8405 0
      vertex 40.4 8 0
      vertex 62.9393 18.9393 0
    endloop
  endfacet
  facet normal 0 0 -1
    outer loop
      vertex 2 1.17157 0
      vertex 40.4 8 0
      vertex 82 1.17157 0
    endloop
  endfacet
  facet normal 0 0 -1
    outer loop
      vertex 38 8 0
      vertex 34.4 8 0
      vertex 38 30 0
    endloop
  endfacet
  facet normal -0 0 -1
    outer loop
      vertex 40.4 8 0
      vertex 2 1.17157 0
      vertex 38 8 0
    endloop
  endfacet
  facet normal -0 0 -1
    outer loop
      vertex 38 8 0
      vertex 2 1.17157 0
      vertex 34.4 8 0
    endloop
  endfacet
  facet normal 0 0 -1
    outer loop
      vertex 32 8 0
      vertex 28.4 8 0
      vertex 32 30 0
    endloop
  endfacet
  facet normal -0 0 -1
    outer loop
      vertex 34.4 8 0
      vertex 2 1.17157 0
      vertex 32 8 0
    endloop
  endfacet
  facet normal -0 0 -1
    outer loop
      vertex 32 8 0
      vertex 2 1.17157 0
      vertex 28.4 8 0
    endloop
  endfacet
  facet normal 0 0 -1
    outer loop
      vertex 26 8 0
      vertex 22.4 8 0
      vertex 26 30 0
    endloop
  endfacet
  facet normal -0 0 -1
    outer loop
      vertex 28.4 8 0
      vertex 2 1.17157 0
      vertex 26 8 0
    endloop
  endfacet
  facet normal -0 0 -1
    outer loop
      vertex 26 8 0
      vertex 2 1.17157 0
      vertex 22.4 8 0
    endloop
  endfacet
  facet normal 0 0 -1
    outer loop
      vertex 20 8 0
      vertex 16.4 8 0
      vertex 20 30 0
    endloop
  endfacet
  facet normal -0 0 -1
    outer loop
      vertex 22.4 8 0
      vertex 2 1.17157 0
      vertex 20 8 0
    endloop
  endfacet
  facet normal -0 0 -1
    outer loop
      vertex 20 8 0
      vertex 2 1.17157 0
      vertex 16.4 8 0
    endloop
  endfacet
  facet normal 0 0 -1
    outer loop
      vertex 2 35.5694 0
      vertex 14 8 0
      vertex 2 1.17157 0
    endloop
  endfacet
  facet normal -0 0 -1
    outer loop
      vertex 16.4 8 0
      vertex 2 1.17157 0
      vertex 14 8 0
    endloop
  endfacet
  facet normal 0 0 -1
    outer loop
      vertex 65.4928 20.147 0
      vertex 82 35.5694 0
      vertex 65.5 20 0
    endloop
  endfacet
  facet normal 0 0 -1
    outer loop
      vertex 65.4712 20.2926 0
      vertex 82 35.5694 0
      vertex 65.4928 20.147 0
    endloop
  endfacet
  facet normal 0 0 -1
    outer loop
      vertex 65.4354 20.4354 0
      vertex 82 35.5694 0
      vertex 65.4712 20.2926 0
    endloop
  endfacet
  facet normal 0 0 -1
    outer loop
      vertex 65.3858 20.574 0
      vertex 82 35.5694 0
      vertex 65.4354 20.4354 0
    endloop
  endfacet
  facet normal 0 0 -1
    outer loop
      vertex 65.3229 20.7071 0
      vertex 82 35.5694 0
      vertex 65.3858 20.574 0
    endloop
  endfacet
  facet normal 0 0 -1
    outer loop
      vertex 65.2472 20.8334 0
      vertex 82 35.5694 0
      vertex 65.3229 20.7071 0
    endloop
  endfacet
  facet normal 0 0 -1
    outer loop
      vertex 65.1595 20.9516 0
      vertex 82 35.5694 0
      vertex 65.2472 20.8334 0
    endloop
  endfacet
  facet normal 0 0 -1
    outer loop
      vertex 65.0607 21.0607 0
      vertex 82 35.5694 0
      vertex 65.1595 20.9516 0
    endloop
  endfacet
  facet normal 0 0 -1
    outer loop
      vertex 64.9516 21.1595 0
      vertex 82 35.5694 0
      vertex 65.0607 21.0607 0
    endloop
  endfacet
  facet normal 0 0 -1
    outer loop
      vertex 64.8334 21.2472 0
      vertex 82 35.5694 0
      vertex 64.9516 21.1595 0
    endloop
  endfacet
  facet normal 0 0 -1
    outer loop
      vertex 64.7071 21.3229 0
      vertex 82 35.5694 0
      vertex 64.8334 21.2472 0
    endloop
  endfacet
  facet normal 0 0 -1
    outer loop
      vertex 64.574 21.3858 0
      vertex 82 35.5694 0
      vertex 64.7071 21.3229 0
    endloop
  endfacet
  facet normal 0 0 -1
    outer loop
      vertex 64.4354 21.4354 0
      vertex 82 35.5694 0
      vertex 64.574 21.3858 0
    endloop
  endfacet
  facet normal 0 0 -1
    outer loop
      vertex 64.2926 21.4712 0
      vertex 82 35.5694 0
      vertex 64.4354 21.4354 0
    endloop
  endfacet
  facet normal 0 0 -1
    outer loop
      vertex 64.147 21.4928 0
      vertex 82 35.5694 0
      vertex 64.2926 21.4712 0
    endloop
  endfacet
  facet normal 0 0 -1
    outer loop
      vertex 64 21.5 0
      vertex 82 35.5694 0
      vertex 64.147 21.4928 0
    endloop
  endfacet
  facet normal 0 0 -1
    outer loop
      vertex 63.853 21.4928 0
      vertex 82 35.5694 0
      vertex 64 21.5 0
    endloop
  endfacet
  facet normal 0 0 -1
    outer loop
      vertex 63.7074 21.4712 0
      vertex 82 35.5694 0
      vertex 63.853 21.4928 0
    endloop
  endfacet
  facet normal 0 0 -1
    outer loop
      vertex 40.4 30 0
      vertex 63.7074 21.4712 0
      vertex 63.5646 21.4354 0
    endloop
  endfacet
  facet normal 0 0 -1
    outer loop
      vertex 40.4 30 0
      vertex 63.5646 21.4354 0
      vertex 63.426 21.3858 0
    endloop
  endfacet
  facet normal 0 0 -1
    outer loop
      vertex 40.4 30 0
      vertex 63.426 21.3858 0
      vertex 63.2929 21.3229 0
    endloop
  endfacet
  facet normal 0 0 -1
    outer loop
      vertex 40.4 30 0
      vertex 63.2929 21.3229 0
      vertex 63.1666 21.2472 0
    endloop
  endfacet
  facet normal 0 0 -1
    outer loop
      vertex 40.4 30 0
      vertex 63.1666 21.2472 0
      vertex 63.0484 21.1595 0
    endloop
  endfacet
  facet normal 0 0 -1
    outer loop
      vertex 62.5072 19.853 0
      vertex 40.4 30 0
      vertex 62.5 20 0
    endloop
  endfacet
  facet normal 0 0 -1
    outer loop
      vertex 62.5 20 0
      vertex 40.4 30 0
      vertex 62.5072 20.147 0
    endloop
  endfacet
  facet normal 0 0 -1
    outer loop
      vertex 62.5072 20.147 0
      vertex 40.4 30 0
      vertex 62.5288 20.2926 0
    endloop
  endfacet
  facet normal 0 0 -1
    outer loop
      vertex 62.5288 20.2926 0
      vertex 40.4 30 0
      vertex 62.5646 20.4354 0
    endloop
  endfacet
  facet normal 0 0 -1
    outer loop
      vertex 62.5646 20.4354 0
      vertex 40.4 30 0
      vertex 62.6142 20.574 0
    endloop
  endfacet
  facet normal 0 0 -1
    outer loop
      vertex 62.6142 20.574 0
      vertex 40.4 30 0
      vertex 62.6771 20.7071 0
    endloop
  endfacet
  facet normal 0 0 -1
    outer loop
      vertex 62.6771 20.7071 0
      vertex 40.4 30 0
      vertex 62.7528 20.8334 0
    endloop
  endfacet
  facet normal 0 0 -1
    outer loop
      vertex 62.7528 20.8334 0
      vertex 40.4 30 0
      vertex 62.8405 20.9516 0
    endloop
  endfacet
  facet normal 0 0 -1
    outer loop
      vertex 62.8405 20.9516 0
      vertex 40.4 30 0
      vertex 62.9393 21.0607 0
    endloop
  endfacet
  facet normal 0 0 -1
    outer loop
      vertex 62.9393 21.0607 0
      vertex 40.4 30 0
      vertex 63.0484 21.1595 0
    endloop
  endfacet
  facet normal 0 0 -1
    outer loop
      vertex 63.7074 21.4712 0
      vertex 40.4 30 0
      vertex 82 35.5694 0
    endloop
  endfacet
  facet normal 0 0 -1
    outer loop
      vertex 2 35.5694 0
      vertex 40.4 30 0
      vertex 38 30 0
    endloop
  endfacet
  facet normal 0 0 -1
    outer loop
      vertex 34.4 30 0
      vertex 38 30 0
      vertex 34.4 8 0
    endloop
  endfacet
  facet normal 0 0 -1
    outer loop
      vertex 2 35.5694 0
      vertex 38 30 0
      vertex 34.4 30 0
    endloop
  endfacet
  facet normal 0 0 -1
    outer loop
      vertex 2 35.5694 0
      vertex 34.4 30 0
      vertex 32 30 0
    endloop
  endfacet
  facet normal 0 0 -1
    outer loop
      vertex 28.4 30 0
      vertex 32 30 0
      vertex 28.4 8 0
    endloop
  endfacet
  facet normal 0 0 -1
    outer loop
      vertex 2 35.5694 0
      vertex 32 30 0
      vertex 28.4 30 0
    endloop
  endfacet
  facet normal 0 0 -1
    outer loop
      vertex 2 35.5694 0
      vertex 28.4 30 0
      vertex 26 30 0
    endloop
  endfacet
  facet normal 0 0 -1
    outer loop
      vertex 22.4 30 0
      vertex 26 30 0
      vertex 22.4 8 0
    endloop
  endfacet
  facet normal 0 0 -1
    outer loop
      vertex 2 35.5694 0
      vertex 26 30 0
      vertex 22.4 30 0
    endloop
  endfacet
  facet normal 0 0 -1
    outer loop
      vertex 2 35.5694 0
      vertex 22.4 30 0
      vertex 20 30 0
    endloop
  endfacet
  facet normal 0 0 -1
    outer loop
      vertex 16.4 30 0
      vertex 20 30 0
      vertex 16.4 8 0
    endloop
  endfacet
  facet normal 0 0 -1
    outer loop
      vertex 2 35.5694 0
      vertex 20 30 0
      vertex 16.4 30 0
    endloop
  endfacet
  facet normal 0 0 -1
    outer loop
      vertex 2 35.5694 0
      vertex 16.4 30 0
      vertex 14 30 0
    endloop
  endfacet
  facet normal 0 0 -1
    outer loop
      vertex 40.4 30 0
      vertex 2 35.5694 0
      vertex 82 35.5694 0
    endloop
  endfacet
  facet normal 0 0 -1
    outer loop
      vertex 14 8 0
      vertex 2 35.5694 0
      vertex 14 30 0
    endloop
  endfacet
  facet normal 0 0.382684 -0.923879
    outer loop
      vertex 2 35.5694 0
      vertex 82 36.3045 0.304489
      vertex 82 35.5694 0
    endloop
  endfacet
  facet normal 0 0.382684 -0.923879
    outer loop
      vertex 82 36.3045 0.304489
      vertex 2 35.5694 0
      vertex 2 36.3045 0.304489
    endloop
  endfacet
  facet normal -0.707105 -0.500007 0.499995
    outer loop
      vertex 2 1.17157 74
      vertex 0 2 72
      vertex 2 0 72.8284
    endloop
  endfacet
  facet normal -0.707107 0 0.707107
    outer loop
      vertex 0 2 72
      vertex 2 57.5694 74
      vertex 0 57.1716 72
    endloop
  endfacet
  facet normal -0.707107 0 0.707107
    outer loop
      vertex 2 57.5694 74
      vertex 0 2 72
      vertex 2 1.17157 74
    endloop
  endfacet
  facet normal 0 0.923874 -0.382696
    outer loop
      vertex 82 65.6955 29.6955
      vertex 2 66 30.4306
      vertex 82 66 30.4306
    endloop
  endfacet
  facet normal 0 0.923874 -0.382696
    outer loop
      vertex 2 66 30.4306
      vertex 82 65.6955 29.6955
      vertex 2 65.6955 29.6955
    endloop
  endfacet
  facet normal 0 1 -0
    outer loop
      vertex 82 66 30.4306
      vertex 2 66 65.5694
      vertex 82 66 65.5694
    endloop
  endfacet
  facet normal 0 1 0
    outer loop
      vertex 2 66 65.5694
      vertex 82 66 30.4306
      vertex 2 66 30.4306
    endloop
  endfacet
  facet normal 0.707103 0.500002 -0.500002
    outer loop
      vertex 84 64 30.8284
      vertex 82 36.3045 0.304489
      vertex 82 65.6955 29.6955
    endloop
  endfacet
  facet normal 0.707105 0.500001 -0.500001
    outer loop
      vertex 82 36.3045 0.304489
      vertex 84 64 30.8284
      vertex 84 35.1716 2
    endloop
  endfacet
  facet normal 0.707105 -0.500007 0.499995
    outer loop
      vertex 82 1.17157 74
      vertex 82 0 72.8284
      vertex 84 2 72
    endloop
  endfacet
  facet normal 0.707107 -0.707107 0
    outer loop
      vertex 82 0 72.8284
      vertex 84 2 2
      vertex 84 2 72
    endloop
  endfacet
  facet normal 0.707107 -0.707107 0
    outer loop
      vertex 84 2 2
      vertex 82 0 72.8284
      vertex 82 0 1.17157
    endloop
  endfacet
  facet normal 0.707107 0.707107 0
    outer loop
      vertex 84 64 65.1716
      vertex 82 66 30.4306
      vertex 82 66 65.5694
    endloop
  endfacet
  facet normal 0.707107 0.707107 0
    outer loop
      vertex 82 66 30.4306
      vertex 84 64 65.1716
      vertex 84 64 30.8284
    endloop
  endfacet
  facet normal -0.707104 0.65328 -0.270608
    outer loop
      vertex 2 65.6955 29.6955
      vertex 0 64 30.8284
      vertex 2 66 30.4306
    endloop
  endfacet
  facet normal -0.707107 0.707107 0
    outer loop
      vertex 0 64 30.8284
      vertex 2 66 65.5694
      vertex 2 66 30.4306
    endloop
  endfacet
  facet normal -0.707107 0.707107 0
    outer loop
      vertex 2 66 65.5694
      vertex 0 64 30.8284
      vertex 0 64 65.1716
    endloop
  endfacet
  facet normal 0.707105 0.270599 -0.653283
    outer loop
      vertex 84 35.1716 2
      vertex 82 35.5694 0
      vertex 82 36.3045 0.304489
    endloop
  endfacet
  facet normal 1 0 0
    outer loop
      vertex 84 57.1716 72
      vertex 84 64 30.8284
      vertex 84 64 65.1716
    endloop
  endfacet
  facet normal 1 -0 0
    outer loop
      vertex 84 2 72
      vertex 84 64 30.8284
      vertex 84 57.1716 72
    endloop
  endfacet
  facet normal 1 0 0
    outer loop
      vertex 84 64 30.8284
      vertex 84 2 72
      vertex 84 35.1716 2
    endloop
  endfacet
  facet normal 1 0 0
    outer loop
      vertex 84 35.1716 2
      vertex 84 2 72
      vertex 84 2 2
    endloop
  endfacet
  facet normal -1 0 0
    outer loop
      vertex 0 64 30.8284
      vertex 0 57.1716 72
      vertex 0 64 65.1716
    endloop
  endfacet
  facet normal -1 0 0
    outer loop
      vertex 0 2 72
      vertex 0 64 30.8284
      vertex 0 35.1716 2
    endloop
  endfacet
  facet normal -1 0 0
    outer loop
      vertex 0 2 72
      vertex 0 35.1716 2
      vertex 0 2 2
    endloop
  endfacet
  facet normal -1 0 0
    outer loop
      vertex 0 64 30.8284
      vertex 0 2 72
      vertex 0 57.1716 72
    endloop
  endfacet
  facet normal -0.707103 0.500002 -0.500002
    outer loop
      vertex 2 36.3045 0.304489
      vertex 0 64 30.8284
      vertex 2 65.6955 29.6955
    endloop
  endfacet
  facet normal -0.707105 0.500001 -0.500001
    outer loop
      vertex 0 64 30.8284
      vertex 2 36.3045 0.304489
      vertex 0 35.1716 2
    endloop
  endfacet
  facet normal -0.707107 -0.5 -0.5
    outer loop
      vertex 2 0 1.17157
      vertex 0 2 2
      vertex 2 1.17157 0
    endloop
  endfacet
  facet normal 0 -0.707107 -0.707107
    outer loop
      vertex 2 1.17157 0
      vertex 82 0 1.17157
      vertex 2 0 1.17157
    endloop
  endfacet
  facet normal 0 -0.707107 -0.707107
    outer loop
      vertex 82 0 1.17157
      vertex 2 1.17157 0
      vertex 82 1.17157 0
    endloop
  endfacet
  facet normal 0.707107 0 -0.707107
    outer loop
      vertex 84 2 2
      vertex 82 35.5694 0
      vertex 84 35.1716 2
    endloop
  endfacet
  facet normal 0.707107 0 -0.707107
    outer loop
      vertex 82 35.5694 0
      vertex 84 2 2
      vertex 82 1.17157 0
    endloop
  endfacet
  facet normal 0.707107 -0.5 -0.5
    outer loop
      vertex 84 2 2
      vertex 82 0 1.17157
      vertex 82 1.17157 0
    endloop
  endfacet
  facet normal -0.707104 0.270608 0.65328
    outer loop
      vertex 2 58.3045 73.6955
      vertex 0 57.1716 72
      vertex 2 57.5694 74
    endloop
  endfacet
  facet normal -0.707103 0.500002 0.500002
    outer loop
      vertex 0 64 65.1716
      vertex 2 58.3045 73.6955
      vertex 2 65.6955 66.3045
    endloop
  endfacet
  facet normal -0.707103 0.500002 0.500002
    outer loop
      vertex 2 58.3045 73.6955
      vertex 0 64 65.1716
      vertex 0 57.1716 72
    endloop
  endfacet
  facet normal 0.707103 0.500002 0.500002
    outer loop
      vertex 82 58.3045 73.6955
      vertex 84 64 65.1716
      vertex 82 65.6955 66.3045
    endloop
  endfacet
  facet normal 0.707103 0.500002 0.500002
    outer loop
      vertex 84 64 65.1716
      vertex 82 58.3045 73.6955
      vertex 84 57.1716 72
    endloop
  endfacet
  facet normal 0.707104 0.270608 0.65328
    outer loop
      vertex 82 58.3045 73.6955
      vertex 82 57.5694 74
      vertex 84 57.1716 72
    endloop
  endfacet
  facet normal -0.707105 0.270599 -0.653283
    outer loop
      vertex 2 35.5694 0
      vertex 0 35.1716 2
      vertex 2 36.3045 0.304489
    endloop
  endfacet
  facet normal 0 -1 0
    outer loop
      vertex 77.9 0 8.2
      vertex 77.9 0 10.2
      vertex 77.4981 0 10.1803
    endloop
  endfacet
  facet normal 0 -1 0
    outer loop
      vertex 77.6942 0 8.18989
      vertex 77.4981 0 10.1803
      vertex 77.1001 0 10.1212
    endloop
  endfacet
  facet normal 0 -1 0
    outer loop
      vertex 77.9 0 10.2
      vertex 77.9 0 8.2
      vertex 78.3019 0 10.1803
    endloop
  endfacet
  facet normal 0 -1 0
    outer loop
      vertex 77.4903 0 8.15965
      vertex 77.1001 0 10.1212
      vertex 76.7098 0 10.0235
    endloop
  endfacet
  facet normal 0 -1 0
    outer loop
      vertex 78.1058 0 8.18989
      vertex 78.3019 0 10.1803
      vertex 77.9 0 8.2
    endloop
  endfacet
  facet normal 0 -1 0
    outer loop
      vertex 77.2904 0 8.10957
      vertex 76.7098 0 10.0235
      vertex 76.331 0 9.88791
    endloop
  endfacet
  facet normal 0 -1 -0
    outer loop
      vertex 78.3019 0 10.1803
      vertex 78.1058 0 8.18989
      vertex 78.6999 0 10.1212
    endloop
  endfacet
  facet normal 0 -1 0
    outer loop
      vertex 77.0964 0 8.04015
      vertex 76.331 0 9.88791
      vertex 75.9673 0 9.71588
    endloop
  endfacet
  facet normal 0 -1 0
    outer loop
      vertex 78.3097 0 8.15965
      vertex 78.6999 0 10.1212
      vertex 78.1058 0 8.18989
    endloop
  endfacet
  facet normal 0 -1 0
    outer loop
      vertex 76.9101 0 7.95203
      vertex 75.9673 0 9.71588
      vertex 75.6222 0 9.50902
    endloop
  endfacet
  facet normal 0 -1 -0
    outer loop
      vertex 78.6999 0 10.1212
      vertex 78.3097 0 8.15965
      vertex 79.0902 0 10.0235
    endloop
  endfacet
  facet normal 0 -1 0
    outer loop
      vertex 76.7333 0 7.84609
      vertex 75.6222 0 9.50902
      vertex 75.299 0 9.26934
    endloop
  endfacet
  facet normal 0 -1 0
    outer loop
      vertex 78.5096 0 8.10957
      vertex 79.0902 0 10.0235
      vertex 78.3097 0 8.15965
    endloop
  endfacet
  facet normal 0 -1 0
    outer loop
      vertex 76.5678 0 7.72332
      vertex 75.299 0 9.26934
      vertex 75.0009 0 8.99914
    endloop
  endfacet
  facet normal 0 -1 -0
    outer loop
      vertex 79.0902 0 10.0235
      vertex 78.5096 0 8.10957
      vertex 79.469 0 9.88791
    endloop
  endfacet
  facet normal 0 -1 0
    outer loop
      vertex 78.7036 0 8.04015
      vertex 79.469 0 9.88791
      vertex 78.5096 0 8.10957
    endloop
  endfacet
  facet normal 0 -1 0
    outer loop
      vertex 76.4151 0 7.58492
      vertex 75.0009 0 8.99914
      vertex 74.7307 0 8.70101
    endloop
  endfacet
  facet normal 0 -1 -0
    outer loop
      vertex 77.0964 0 65.9599
      vertex 76.331 0 64.1121
      vertex 77.2904 0 65.8904
    endloop
  endfacet
  facet normal 0 -1 0
    outer loop
      vertex 76.7098 0 63.9765
      vertex 77.2904 0 65.8904
      vertex 76.331 0 64.1121
    endloop
  endfacet
  facet normal -0 -1 0
    outer loop
      vertex 80.7991 0 65.0009
      vertex 77.9 0 65.8
      vertex 80.501 0 64.7307
    endloop
  endfacet
  facet normal 0 -1 0
    outer loop
      vertex 77.9 0 65.8
      vertex 80.7991 0 65.0009
      vertex 81 0 65.2225
    endloop
  endfacet
  facet normal 0 -1 -0
    outer loop
      vertex 77.2904 0 65.8904
      vertex 76.7098 0 63.9765
      vertex 77.4903 0 65.8403
    endloop
  endfacet
  facet normal 0 -1 0
    outer loop
      vertex 77.9 0 65.8
      vertex 80.1778 0 64.491
      vertex 80.501 0 64.7307
    endloop
  endfacet
  facet normal 0 -1 0
    outer loop
      vertex 77.1001 0 63.8788
      vertex 77.4903 0 65.8403
      vertex 76.7098 0 63.9765
    endloop
  endfacet
  facet normal 0 -1 0
    outer loop
      vertex 77.9 0 65.8
      vertex 79.8327 0 64.2841
      vertex 80.1778 0 64.491
    endloop
  endfacet
  facet normal 0 -1 -0
    outer loop
      vertex 77.4903 0 65.8403
      vertex 77.1001 0 63.8788
      vertex 77.6942 0 65.8101
    endloop
  endfacet
  facet normal 0 -1 0
    outer loop
      vertex 77.9 0 65.8
      vertex 79.469 0 64.1121
      vertex 79.8327 0 64.2841
    endloop
  endfacet
  facet normal 0 -1 0
    outer loop
      vertex 77.4981 0 63.8197
      vertex 77.6942 0 65.8101
      vertex 77.1001 0 63.8788
    endloop
  endfacet
  facet normal 0 -1 0
    outer loop
      vertex 77.9 0 65.8
      vertex 79.0902 0 63.9765
      vertex 79.469 0 64.1121
    endloop
  endfacet
  facet normal 0 -1 -0
    outer loop
      vertex 77.6942 0 65.8101
      vertex 77.4981 0 63.8197
      vertex 77.9 0 65.8
    endloop
  endfacet
  facet normal 0 -1 0
    outer loop
      vertex 77.9 0 65.8
      vertex 78.6999 0 63.8788
      vertex 79.0902 0 63.9765
    endloop
  endfacet
  facet normal 0 -1 0
    outer loop
      vertex 77.9 0 63.8
      vertex 77.9 0 65.8
      vertex 77.4981 0 63.8197
    endloop
  endfacet
  facet normal 0 -1 0
    outer loop
      vertex 77.9 0 65.8
      vertex 78.3019 0 63.8197
      vertex 78.6999 0 63.8788
    endloop
  endfacet
  facet normal 0 -1 0
    outer loop
      vertex 77.9 0 65.8
      vertex 77.9 0 63.8
      vertex 78.3019 0 63.8197
    endloop
  endfacet
  facet normal 0 -1 -0
    outer loop
      vertex 5.29636 0 65.9599
      vertex 4.531 0 64.1121
      vertex 5.4904 0 65.8904
    endloop
  endfacet
  facet normal 0 -1 0
    outer loop
      vertex 6.1 0 65.8
      vertex 8.99914 0 65.0009
      vertex 9.26934 0 65.299
    endloop
  endfacet
  facet normal 0 -1 0
    outer loop
      vertex 4.90983 0 63.9765
      vertex 5.4904 0 65.8904
      vertex 4.531 0 64.1121
    endloop
  endfacet
  facet normal 0 -1 0
    outer loop
      vertex 6.1 0 65.8
      vertex 8.70101 0 64.7307
      vertex 8.99914 0 65.0009
    endloop
  endfacet
  facet normal 0 -1 -0
    outer loop
      vertex 5.4904 0 65.8904
      vertex 4.90983 0 63.9765
      vertex 5.69031 0 65.8403
    endloop
  endfacet
  facet normal 0 -1 0
    outer loop
      vertex 6.1 0 65.8
      vertex 8.37784 0 64.491
      vertex 8.70101 0 64.7307
    endloop
  endfacet
  facet normal 0 -1 0
    outer loop
      vertex 5.30013 0 63.8788
      vertex 5.69031 0 65.8403
      vertex 4.90983 0 63.9765
    endloop
  endfacet
  facet normal 0 -1 0
    outer loop
      vertex 6.1 0 65.8
      vertex 8.03273 0 64.2841
      vertex 8.37784 0 64.491
    endloop
  endfacet
  facet normal 0 -1 -0
    outer loop
      vertex 5.69031 0 65.8403
      vertex 5.30013 0 63.8788
      vertex 5.89416 0 65.8101
    endloop
  endfacet
  facet normal 0 -1 0
    outer loop
      vertex 6.1 0 65.8
      vertex 7.669 0 64.1121
      vertex 8.03273 0 64.2841
    endloop
  endfacet
  facet normal 0 -1 0
    outer loop
      vertex 5.69813 0 63.8197
      vertex 5.89416 0 65.8101
      vertex 5.30013 0 63.8788
    endloop
  endfacet
  facet normal 0 -1 0
    outer loop
      vertex 6.1 0 65.8
      vertex 7.29017 0 63.9765
      vertex 7.669 0 64.1121
    endloop
  endfacet
  facet normal 0 -1 -0
    outer loop
      vertex 5.89416 0 65.8101
      vertex 5.69813 0 63.8197
      vertex 6.1 0 65.8
    endloop
  endfacet
  facet normal 0 -1 0
    outer loop
      vertex 6.1 0 65.8
      vertex 6.89987 0 63.8788
      vertex 7.29017 0 63.9765
    endloop
  endfacet
  facet normal 0 -1 0
    outer loop
      vertex 6.1 0 63.8
      vertex 6.1 0 65.8
      vertex 5.69813 0 63.8197
    endloop
  endfacet
  facet normal 0 -1 0
    outer loop
      vertex 6.1 0 65.8
      vertex 6.50187 0 63.8197
      vertex 6.89987 0 63.8788
    endloop
  endfacet
  facet normal 0 -1 0
    outer loop
      vertex 6.1 0 65.8
      vertex 6.1 0 63.8
      vertex 6.50187 0 63.8197
    endloop
  endfacet
  facet normal 0 -1 0
    outer loop
      vertex 6.1 0 8.2
      vertex 6.1 0 10.2
      vertex 5.69813 0 10.1803
    endloop
  endfacet
  facet normal 0 -1 0
    outer loop
      vertex 5.89416 0 8.18989
      vertex 5.69813 0 10.1803
      vertex 5.30013 0 10.1212
    endloop
  endfacet
  facet normal 0 -1 0
    outer loop
      vertex 6.1 0 10.2
      vertex 6.1 0 8.2
      vertex 6.50187 0 10.1803
    endloop
  endfacet
  facet normal 0 -1 0
    outer loop
      vertex 5.69031 0 8.15965
      vertex 5.30013 0 10.1212
      vertex 4.90983 0 10.0235
    endloop
  endfacet
  facet normal 0 -1 0
    outer loop
      vertex 6.30584 0 8.18989
      vertex 6.50187 0 10.1803
      vertex 6.1 0 8.2
    endloop
  endfacet
  facet normal 0 -1 0
    outer loop
      vertex 5.4904 0 8.10957
      vertex 4.90983 0 10.0235
      vertex 4.531 0 9.88791
    endloop
  endfacet
  facet normal 0 -1 -0
    outer loop
      vertex 6.50187 0 10.1803
      vertex 6.30584 0 8.18989
      vertex 6.89987 0 10.1212
    endloop
  endfacet
  facet normal 0 -1 0
    outer loop
      vertex 5.29636 0 8.04015
      vertex 4.531 0 9.88791
      vertex 4.16727 0 9.71588
    endloop
  endfacet
  facet normal 0 -1 0
    outer loop
      vertex 6.50969 0 8.15965
      vertex 6.89987 0 10.1212
      vertex 6.30584 0 8.18989
    endloop
  endfacet
  facet normal 0 -1 0
    outer loop
      vertex 5.11007 0 7.95203
      vertex 4.16727 0 9.71588
      vertex 3.82216 0 9.50902
    endloop
  endfacet
  facet normal 0 -1 -0
    outer loop
      vertex 6.89987 0 10.1212
      vertex 6.50969 0 8.15965
      vertex 7.29017 0 10.0235
    endloop
  endfacet
  facet normal 0 -1 0
    outer loop
      vertex 4.9333 0 7.84609
      vertex 3.82216 0 9.50902
      vertex 3.49899 0 9.26934
    endloop
  endfacet
  facet normal 0 -1 0
    outer loop
      vertex 6.7096 0 8.10957
      vertex 7.29017 0 10.0235
      vertex 6.50969 0 8.15965
    endloop
  endfacet
  facet normal 0 -1 0
    outer loop
      vertex 4.76777 0 7.72332
      vertex 3.49899 0 9.26934
      vertex 3.20086 0 8.99914
    endloop
  endfacet
  facet normal 0 -1 -0
    outer loop
      vertex 7.29017 0 10.0235
      vertex 6.7096 0 8.10957
      vertex 7.669 0 9.88791
    endloop
  endfacet
  facet normal 0 -1 0
    outer loop
      vertex 4.61508 0 7.58492
      vertex 3.20086 0 8.99914
      vertex 3 0 8.77752
    endloop
  endfacet
  facet normal 0 -1 0
    outer loop
      vertex 6.90364 0 8.04015
      vertex 7.669 0 9.88791
      vertex 6.7096 0 8.10957
    endloop
  endfacet
  facet normal 0 -1 0
    outer loop
      vertex 77.4981 0 10.1803
      vertex 77.6942 0 8.18989
      vertex 77.9 0 8.2
    endloop
  endfacet
  facet normal 0 -1 0
    outer loop
      vertex 77.1001 0 10.1212
      vertex 77.4903 0 8.15965
      vertex 77.6942 0 8.18989
    endloop
  endfacet
  facet normal 0 -1 0
    outer loop
      vertex 76.7098 0 10.0235
      vertex 77.2904 0 8.10957
      vertex 77.4903 0 8.15965
    endloop
  endfacet
  facet normal 0 -1 0
    outer loop
      vertex 76.331 0 9.88791
      vertex 77.0964 0 8.04015
      vertex 77.2904 0 8.10957
    endloop
  endfacet
  facet normal 0 -1 0
    outer loop
      vertex 76.1539 0 7.2667
      vertex 74.491 0 8.37784
      vertex 74.2841 0 8.03273
    endloop
  endfacet
  facet normal 0 -1 0
    outer loop
      vertex 75.9673 0 9.71588
      vertex 76.9101 0 7.95203
      vertex 77.0964 0 8.04015
    endloop
  endfacet
  facet normal 0 -1 0
    outer loop
      vertex 75.6222 0 9.50902
      vertex 76.7333 0 7.84609
      vertex 76.9101 0 7.95203
    endloop
  endfacet
  facet normal 0 -1 0
    outer loop
      vertex 75.299 0 9.26934
      vertex 76.5678 0 7.72332
      vertex 76.7333 0 7.84609
    endloop
  endfacet
  facet normal 0 -1 0
    outer loop
      vertex 76.048 0 7.08993
      vertex 74.2841 0 8.03273
      vertex 74.1121 0 7.669
    endloop
  endfacet
  facet normal 0 -1 0
    outer loop
      vertex 75.0009 0 8.99914
      vertex 76.4151 0 7.58492
      vertex 76.5678 0 7.72332
    endloop
  endfacet
  facet normal 0 -1 0
    outer loop
      vertex 74.7307 0 8.70101
      vertex 76.2767 0 7.43223
      vertex 76.4151 0 7.58492
    endloop
  endfacet
  facet normal 0 -1 0
    outer loop
      vertex 75.9599 0 6.90364
      vertex 74.1121 0 7.669
      vertex 73.9765 0 7.29017
    endloop
  endfacet
  facet normal 0 -1 0
    outer loop
      vertex 74.491 0 8.37784
      vertex 76.1539 0 7.2667
      vertex 76.2767 0 7.43223
    endloop
  endfacet
  facet normal 0 -1 0
    outer loop
      vertex 74.2841 0 8.03273
      vertex 76.048 0 7.08993
      vertex 76.1539 0 7.2667
    endloop
  endfacet
  facet normal 0 -1 0
    outer loop
      vertex 74.1121 0 7.669
      vertex 75.9599 0 6.90364
      vertex 76.048 0 7.08993
    endloop
  endfacet
  facet normal 0 -1 0
    outer loop
      vertex 75.8904 0 6.7096
      vertex 73.9765 0 7.29017
      vertex 73.8788 0 6.89987
    endloop
  endfacet
  facet normal 0 -1 0
    outer loop
      vertex 73.9765 0 7.29017
      vertex 75.8904 0 6.7096
      vertex 75.9599 0 6.90364
    endloop
  endfacet
  facet normal 0 -1 0
    outer loop
      vertex 73.8788 0 6.89987
      vertex 75.8403 0 6.50969
      vertex 75.8904 0 6.7096
    endloop
  endfacet
  facet normal 0 -1 0
    outer loop
      vertex 73.8197 0 6.50187
      vertex 75.8403 0 6.50969
      vertex 73.8788 0 6.89987
    endloop
  endfacet
  facet normal 0 -1 0
    outer loop
      vertex 73.8197 0 6.50187
      vertex 75.8101 0 6.30584
      vertex 75.8403 0 6.50969
    endloop
  endfacet
  facet normal 0 -1 0
    outer loop
      vertex 73.8 0 6.1
      vertex 75.8101 0 6.30584
      vertex 73.8197 0 6.50187
    endloop
  endfacet
  facet normal 0 -1 0
    outer loop
      vertex 73.8 0 6.1
      vertex 75.8 0 6.1
      vertex 75.8101 0 6.30584
    endloop
  endfacet
  facet normal 0 -1 0
    outer loop
      vertex 73.8 0 6.1
      vertex 75.8101 0 5.89416
      vertex 75.8 0 6.1
    endloop
  endfacet
  facet normal 0 -1 0
    outer loop
      vertex 73.8197 0 5.69813
      vertex 75.8101 0 5.89416
      vertex 73.8 0 6.1
    endloop
  endfacet
  facet normal 0 -1 0
    outer loop
      vertex 73.8197 0 5.69813
      vertex 75.8403 0 5.69031
      vertex 75.8101 0 5.89416
    endloop
  endfacet
  facet normal 0 -1 0
    outer loop
      vertex 73.8788 0 5.30013
      vertex 75.8403 0 5.69031
      vertex 73.8197 0 5.69813
    endloop
  endfacet
  facet normal 0 -1 -0
    outer loop
      vertex 75.8403 0 5.69031
      vertex 73.8788 0 5.30013
      vertex 75.8904 0 5.4904
    endloop
  endfacet
  facet normal 0 -1 0
    outer loop
      vertex 73.9765 0 4.90983
      vertex 75.8904 0 5.4904
      vertex 73.8788 0 5.30013
    endloop
  endfacet
  facet normal 0 -1 -0
    outer loop
      vertex 75.8904 0 5.4904
      vertex 73.9765 0 4.90983
      vertex 75.9599 0 5.29636
    endloop
  endfacet
  facet normal 0 -1 0
    outer loop
      vertex 74.1121 0 4.531
      vertex 75.9599 0 5.29636
      vertex 73.9765 0 4.90983
    endloop
  endfacet
  facet normal 0 -1 -0
    outer loop
      vertex 75.9599 0 5.29636
      vertex 74.1121 0 4.531
      vertex 76.048 0 5.11007
    endloop
  endfacet
  facet normal 0 -1 0
    outer loop
      vertex 74.2841 0 4.16727
      vertex 76.048 0 5.11007
      vertex 74.1121 0 4.531
    endloop
  endfacet
  facet normal 0 -1 -0
    outer loop
      vertex 76.048 0 5.11007
      vertex 74.2841 0 4.16727
      vertex 76.1539 0 4.9333
    endloop
  endfacet
  facet normal 0 -1 0
    outer loop
      vertex 74.491 0 3.82216
      vertex 76.1539 0 4.9333
      vertex 74.2841 0 4.16727
    endloop
  endfacet
  facet normal 0 -1 -0
    outer loop
      vertex 76.1539 0 4.9333
      vertex 74.491 0 3.82216
      vertex 76.2767 0 4.76777
    endloop
  endfacet
  facet normal 0 -1 0
    outer loop
      vertex 74.7307 0 3.49899
      vertex 76.2767 0 4.76777
      vertex 74.491 0 3.82216
    endloop
  endfacet
  facet normal 0 -1 -0
    outer loop
      vertex 76.2767 0 4.76777
      vertex 74.7307 0 3.49899
      vertex 76.4151 0 4.61508
    endloop
  endfacet
  facet normal 0 -1 0
    outer loop
      vertex 75.0009 0 3.20086
      vertex 76.4151 0 4.61508
      vertex 74.7307 0 3.49899
    endloop
  endfacet
  facet normal 0 -1 0
    outer loop
      vertex 75.2225 0 3
      vertex 76.4151 0 4.61508
      vertex 75.0009 0 3.20086
    endloop
  endfacet
  facet normal 0 -1 -0
    outer loop
      vertex 76.4151 0 4.61508
      vertex 75.2225 0 3
      vertex 76.5678 0 4.47668
    endloop
  endfacet
  facet normal 0 -1 -0
    outer loop
      vertex 76.5678 0 4.47668
      vertex 75.2225 0 3
      vertex 76.7333 0 4.35391
    endloop
  endfacet
  facet normal 0 -1 -0
    outer loop
      vertex 76.7333 0 4.35391
      vertex 75.2225 0 3
      vertex 76.9101 0 4.24796
    endloop
  endfacet
  facet normal 0 -1 -0
    outer loop
      vertex 76.9101 0 4.24796
      vertex 75.2225 0 3
      vertex 77.0964 0 4.15985
    endloop
  endfacet
  facet normal 0 -1 -0
    outer loop
      vertex 77.0964 0 4.15985
      vertex 75.2225 0 3
      vertex 77.2904 0 4.09042
    endloop
  endfacet
  facet normal 0 -1 -0
    outer loop
      vertex 8.03273 0 9.71588
      vertex 7.08993 0 7.95203
      vertex 8.37784 0 9.50902
    endloop
  endfacet
  facet normal 0 -1 0
    outer loop
      vertex 7.2667 0 7.84609
      vertex 8.37784 0 9.50902
      vertex 7.08993 0 7.95203
    endloop
  endfacet
  facet normal 0 -1 -0
    outer loop
      vertex 8.37784 0 9.50902
      vertex 7.2667 0 7.84609
      vertex 8.70101 0 9.26934
    endloop
  endfacet
  facet normal 0 -1 0
    outer loop
      vertex 7.43223 0 7.72332
      vertex 8.70101 0 9.26934
      vertex 7.2667 0 7.84609
    endloop
  endfacet
  facet normal 0 -1 -0
    outer loop
      vertex 8.70101 0 9.26934
      vertex 7.43223 0 7.72332
      vertex 8.99914 0 8.99914
    endloop
  endfacet
  facet normal 0 -1 0
    outer loop
      vertex 7.58492 0 7.58492
      vertex 8.99914 0 8.99914
      vertex 7.43223 0 7.72332
    endloop
  endfacet
  facet normal 0 -1 -0
    outer loop
      vertex 8.99914 0 8.99914
      vertex 7.58492 0 7.58492
      vertex 9.26934 0 8.70101
    endloop
  endfacet
  facet normal 0 -1 0
    outer loop
      vertex 7.72332 0 7.43223
      vertex 9.26934 0 8.70101
      vertex 7.58492 0 7.58492
    endloop
  endfacet
  facet normal 0 -1 -0
    outer loop
      vertex 9.26934 0 8.70101
      vertex 7.72332 0 7.43223
      vertex 9.50902 0 8.37784
    endloop
  endfacet
  facet normal 0 -1 0
    outer loop
      vertex 7.84609 0 7.2667
      vertex 9.50902 0 8.37784
      vertex 7.72332 0 7.43223
    endloop
  endfacet
  facet normal 0 -1 -0
    outer loop
      vertex 9.50902 0 8.37784
      vertex 7.84609 0 7.2667
      vertex 9.71588 0 8.03273
    endloop
  endfacet
  facet normal 0 -1 0
    outer loop
      vertex 7.95203 0 7.08993
      vertex 9.71588 0 8.03273
      vertex 7.84609 0 7.2667
    endloop
  endfacet
  facet normal 0 -1 -0
    outer loop
      vertex 9.71588 0 8.03273
      vertex 7.95203 0 7.08993
      vertex 9.88791 0 7.669
    endloop
  endfacet
  facet normal 0 -1 0
    outer loop
      vertex 8.04015 0 6.90364
      vertex 9.88791 0 7.669
      vertex 7.95203 0 7.08993
    endloop
  endfacet
  facet normal 0 -1 -0
    outer loop
      vertex 9.88791 0 7.669
      vertex 8.04015 0 6.90364
      vertex 10.0235 0 7.29017
    endloop
  endfacet
  facet normal 0 -1 0
    outer loop
      vertex 8.10957 0 6.7096
      vertex 10.0235 0 7.29017
      vertex 8.04015 0 6.90364
    endloop
  endfacet
  facet normal 0 -1 -0
    outer loop
      vertex 10.0235 0 7.29017
      vertex 8.10957 0 6.7096
      vertex 10.1212 0 6.89987
    endloop
  endfacet
  facet normal 0 -1 0
    outer loop
      vertex 8.15965 0 6.50969
      vertex 10.1212 0 6.89987
      vertex 8.10957 0 6.7096
    endloop
  endfacet
  facet normal 0 -1 0
    outer loop
      vertex 8.15965 0 6.50969
      vertex 10.1803 0 6.50187
      vertex 10.1212 0 6.89987
    endloop
  endfacet
  facet normal 0 -1 0
    outer loop
      vertex 8.18989 0 6.30584
      vertex 10.1803 0 6.50187
      vertex 8.15965 0 6.50969
    endloop
  endfacet
  facet normal 0 -1 0
    outer loop
      vertex 8.2 0 6.1
      vertex 10.1803 0 6.50187
      vertex 8.18989 0 6.30584
    endloop
  endfacet
  facet normal 0 -1 0
    outer loop
      vertex 8.2 0 6.1
      vertex 10.2 0 6.1
      vertex 10.1803 0 6.50187
    endloop
  endfacet
  facet normal 0 -1 0
    outer loop
      vertex 8.18989 0 5.89416
      vertex 10.2 0 6.1
      vertex 8.2 0 6.1
    endloop
  endfacet
  facet normal 0 -1 0
    outer loop
      vertex 8.18989 0 5.89416
      vertex 10.1803 0 5.69813
      vertex 10.2 0 6.1
    endloop
  endfacet
  facet normal 0 -1 0
    outer loop
      vertex 8.15965 0 5.69031
      vertex 10.1803 0 5.69813
      vertex 8.18989 0 5.89416
    endloop
  endfacet
  facet normal 0 -1 0
    outer loop
      vertex 10.1212 0 5.30013
      vertex 8.15965 0 5.69031
      vertex 8.10957 0 5.4904
    endloop
  endfacet
  facet normal 0 -1 0
    outer loop
      vertex 8.15965 0 5.69031
      vertex 10.1212 0 5.30013
      vertex 10.1803 0 5.69813
    endloop
  endfacet
  facet normal 0 -1 0
    outer loop
      vertex 10.0235 0 4.90983
      vertex 8.10957 0 5.4904
      vertex 8.04015 0 5.29636
    endloop
  endfacet
  facet normal 0 -1 0
    outer loop
      vertex 9.88791 0 4.531
      vertex 8.04015 0 5.29636
      vertex 7.95203 0 5.11007
    endloop
  endfacet
  facet normal 0 -1 0
    outer loop
      vertex 9.71588 0 4.16727
      vertex 7.95203 0 5.11007
      vertex 7.84609 0 4.9333
    endloop
  endfacet
  facet normal 0 -1 0
    outer loop
      vertex 8.10957 0 5.4904
      vertex 10.0235 0 4.90983
      vertex 10.1212 0 5.30013
    endloop
  endfacet
  facet normal 0 -1 0
    outer loop
      vertex 9.50902 0 3.82216
      vertex 7.84609 0 4.9333
      vertex 7.72332 0 4.76777
    endloop
  endfacet
  facet normal 0 -1 0
    outer loop
      vertex 9.26934 0 3.49899
      vertex 7.72332 0 4.76777
      vertex 7.58492 0 4.61508
    endloop
  endfacet
  facet normal 0 -1 0
    outer loop
      vertex 8.04015 0 5.29636
      vertex 9.88791 0 4.531
      vertex 10.0235 0 4.90983
    endloop
  endfacet
  facet normal 0 -1 0
    outer loop
      vertex 8.77752 0 3
      vertex 7.58492 0 4.61508
      vertex 7.43223 0 4.47668
    endloop
  endfacet
  facet normal 0 -1 0
    outer loop
      vertex 8.77752 0 3
      vertex 7.43223 0 4.47668
      vertex 7.2667 0 4.35391
    endloop
  endfacet
  facet normal 0 -1 0
    outer loop
      vertex 8.77752 0 3
      vertex 7.2667 0 4.35391
      vertex 7.08993 0 4.24796
    endloop
  endfacet
  facet normal 0 -1 0
    outer loop
      vertex 7.95203 0 5.11007
      vertex 9.71588 0 4.16727
      vertex 9.88791 0 4.531
    endloop
  endfacet
  facet normal 0 -1 0
    outer loop
      vertex 8.77752 0 3
      vertex 7.08993 0 4.24796
      vertex 6.90364 0 4.15985
    endloop
  endfacet
  facet normal 0 -1 0
    outer loop
      vertex 8.77752 0 3
      vertex 6.90364 0 4.15985
      vertex 6.7096 0 4.09042
    endloop
  endfacet
  facet normal 0 -1 0
    outer loop
      vertex 8.77752 0 3
      vertex 6.7096 0 4.09042
      vertex 6.50969 0 4.04035
    endloop
  endfacet
  facet normal 0 -1 0
    outer loop
      vertex 8.77752 0 3
      vertex 6.50969 0 4.04035
      vertex 6.30584 0 4.01011
    endloop
  endfacet
  facet normal 0 -1 0
    outer loop
      vertex 8.77752 0 3
      vertex 6.30584 0 4.01011
      vertex 6.1 0 4
    endloop
  endfacet
  facet normal 0 -1 0
    outer loop
      vertex 7.84609 0 4.9333
      vertex 9.50902 0 3.82216
      vertex 9.71588 0 4.16727
    endloop
  endfacet
  facet normal 0 -1 0
    outer loop
      vertex 75.2225 0 71
      vertex 77.6942 0 69.9899
      vertex 77.9 0 70
    endloop
  endfacet
  facet normal 0 -1 0
    outer loop
      vertex 74.7307 0 70.501
      vertex 77.4903 0 69.9596
      vertex 77.6942 0 69.9899
    endloop
  endfacet
  facet normal 0 -1 0
    outer loop
      vertex 74.7307 0 70.501
      vertex 77.2904 0 69.9096
      vertex 77.4903 0 69.9596
    endloop
  endfacet
  facet normal 0 -1 0
    outer loop
      vertex 74.7307 0 70.501
      vertex 77.0964 0 69.8401
      vertex 77.2904 0 69.9096
    endloop
  endfacet
  facet normal 0 -1 0
    outer loop
      vertex 76.1539 0 69.0667
      vertex 74.491 0 70.1778
      vertex 74.2841 0 69.8327
    endloop
  endfacet
  facet normal 0 -1 0
    outer loop
      vertex 74.7307 0 70.501
      vertex 76.9101 0 69.752
      vertex 77.0964 0 69.8401
    endloop
  endfacet
  facet normal 0 -1 0
    outer loop
      vertex 74.7307 0 70.501
      vertex 76.7333 0 69.6461
      vertex 76.9101 0 69.752
    endloop
  endfacet
  facet normal 0 -1 0
    outer loop
      vertex 74.7307 0 70.501
      vertex 76.5678 0 69.5233
      vertex 76.7333 0 69.6461
    endloop
  endfacet
  facet normal 0 -1 0
    outer loop
      vertex 76.048 0 68.8899
      vertex 74.2841 0 69.8327
      vertex 74.1121 0 69.469
    endloop
  endfacet
  facet normal 0 -1 0
    outer loop
      vertex 74.7307 0 70.501
      vertex 76.4151 0 69.3849
      vertex 76.5678 0 69.5233
    endloop
  endfacet
  facet normal 0 -1 0
    outer loop
      vertex 74.7307 0 70.501
      vertex 76.2767 0 69.2322
      vertex 76.4151 0 69.3849
    endloop
  endfacet
  facet normal 0 -1 0
    outer loop
      vertex 75.9599 0 68.7036
      vertex 74.1121 0 69.469
      vertex 73.9765 0 69.0902
    endloop
  endfacet
  facet normal 0 -1 0
    outer loop
      vertex 74.491 0 70.1778
      vertex 76.1539 0 69.0667
      vertex 76.2767 0 69.2322
    endloop
  endfacet
  facet normal 0 -1 0
    outer loop
      vertex 74.2841 0 69.8327
      vertex 76.048 0 68.8899
      vertex 76.1539 0 69.0667
    endloop
  endfacet
  facet normal 0 -1 0
    outer loop
      vertex 74.1121 0 69.469
      vertex 75.9599 0 68.7036
      vertex 76.048 0 68.8899
    endloop
  endfacet
  facet normal 0 -1 0
    outer loop
      vertex 75.8904 0 68.5096
      vertex 73.9765 0 69.0902
      vertex 73.8788 0 68.6999
    endloop
  endfacet
  facet normal 0 -1 0
    outer loop
      vertex 73.9765 0 69.0902
      vertex 75.8904 0 68.5096
      vertex 75.9599 0 68.7036
    endloop
  endfacet
  facet normal 0 -1 0
    outer loop
      vertex 73.8788 0 68.6999
      vertex 75.8403 0 68.3097
      vertex 75.8904 0 68.5096
    endloop
  endfacet
  facet normal 0 -1 0
    outer loop
      vertex 73.8197 0 68.3019
      vertex 75.8403 0 68.3097
      vertex 73.8788 0 68.6999
    endloop
  endfacet
  facet normal 0 -1 0
    outer loop
      vertex 73.8197 0 68.3019
      vertex 75.8101 0 68.1058
      vertex 75.8403 0 68.3097
    endloop
  endfacet
  facet normal 0 -1 0
    outer loop
      vertex 73.8 0 67.9
      vertex 75.8101 0 68.1058
      vertex 73.8197 0 68.3019
    endloop
  endfacet
  facet normal 0 -1 0
    outer loop
      vertex 73.8 0 67.9
      vertex 75.8 0 67.9
      vertex 75.8101 0 68.1058
    endloop
  endfacet
  facet normal 0 -1 0
    outer loop
      vertex 73.8 0 67.9
      vertex 75.8101 0 67.6942
      vertex 75.8 0 67.9
    endloop
  endfacet
  facet normal 0 -1 0
    outer loop
      vertex 73.8197 0 67.4981
      vertex 75.8101 0 67.6942
      vertex 73.8 0 67.9
    endloop
  endfacet
  facet normal 0 -1 0
    outer loop
      vertex 73.8197 0 67.4981
      vertex 75.8403 0 67.4903
      vertex 75.8101 0 67.6942
    endloop
  endfacet
  facet normal 0 -1 0
    outer loop
      vertex 73.8788 0 67.1001
      vertex 75.8403 0 67.4903
      vertex 73.8197 0 67.4981
    endloop
  endfacet
  facet normal 0 -1 -0
    outer loop
      vertex 75.8403 0 67.4903
      vertex 73.8788 0 67.1001
      vertex 75.8904 0 67.2904
    endloop
  endfacet
  facet normal 0 -1 0
    outer loop
      vertex 73.9765 0 66.7098
      vertex 75.8904 0 67.2904
      vertex 73.8788 0 67.1001
    endloop
  endfacet
  facet normal 0 -1 -0
    outer loop
      vertex 75.8904 0 67.2904
      vertex 73.9765 0 66.7098
      vertex 75.9599 0 67.0964
    endloop
  endfacet
  facet normal 0 -1 0
    outer loop
      vertex 74.1121 0 66.331
      vertex 75.9599 0 67.0964
      vertex 73.9765 0 66.7098
    endloop
  endfacet
  facet normal 0 -1 -0
    outer loop
      vertex 75.9599 0 67.0964
      vertex 74.1121 0 66.331
      vertex 76.048 0 66.9101
    endloop
  endfacet
  facet normal 0 -1 0
    outer loop
      vertex 74.2841 0 65.9673
      vertex 76.048 0 66.9101
      vertex 74.1121 0 66.331
    endloop
  endfacet
  facet normal 0 -1 -0
    outer loop
      vertex 76.048 0 66.9101
      vertex 74.2841 0 65.9673
      vertex 76.1539 0 66.7333
    endloop
  endfacet
  facet normal 0 -1 0
    outer loop
      vertex 74.491 0 65.6222
      vertex 76.1539 0 66.7333
      vertex 74.2841 0 65.9673
    endloop
  endfacet
  facet normal 0 -1 -0
    outer loop
      vertex 76.1539 0 66.7333
      vertex 74.491 0 65.6222
      vertex 76.2767 0 66.5678
    endloop
  endfacet
  facet normal 0 -1 0
    outer loop
      vertex 74.7307 0 65.299
      vertex 76.2767 0 66.5678
      vertex 74.491 0 65.6222
    endloop
  endfacet
  facet normal 0 -1 -0
    outer loop
      vertex 76.2767 0 66.5678
      vertex 74.7307 0 65.299
      vertex 76.4151 0 66.4151
    endloop
  endfacet
  facet normal 0 -1 0
    outer loop
      vertex 75.0009 0 65.0009
      vertex 76.4151 0 66.4151
      vertex 74.7307 0 65.299
    endloop
  endfacet
  facet normal 0 -1 -0
    outer loop
      vertex 76.4151 0 66.4151
      vertex 75.0009 0 65.0009
      vertex 76.5678 0 66.2767
    endloop
  endfacet
  facet normal 0 -1 0
    outer loop
      vertex 75.299 0 64.7307
      vertex 76.5678 0 66.2767
      vertex 75.0009 0 65.0009
    endloop
  endfacet
  facet normal 0 -1 -0
    outer loop
      vertex 76.5678 0 66.2767
      vertex 75.299 0 64.7307
      vertex 76.7333 0 66.1539
    endloop
  endfacet
  facet normal 0 -1 0
    outer loop
      vertex 75.6222 0 64.491
      vertex 76.7333 0 66.1539
      vertex 75.299 0 64.7307
    endloop
  endfacet
  facet normal 0 -1 -0
    outer loop
      vertex 76.7333 0 66.1539
      vertex 75.6222 0 64.491
      vertex 76.9101 0 66.048
    endloop
  endfacet
  facet normal 0 -1 0
    outer loop
      vertex 75.9673 0 64.2841
      vertex 76.9101 0 66.048
      vertex 75.6222 0 64.491
    endloop
  endfacet
  facet normal 0 -1 0
    outer loop
      vertex 6.90364 0 69.8401
      vertex 8.77752 0 71
      vertex 6.7096 0 69.9096
    endloop
  endfacet
  facet normal 0 -1 0
    outer loop
      vertex 7.08993 0 69.752
      vertex 8.77752 0 71
      vertex 6.90364 0 69.8401
    endloop
  endfacet
  facet normal 0 -1 0
    outer loop
      vertex 7.2667 0 69.6461
      vertex 8.77752 0 71
      vertex 7.08993 0 69.752
    endloop
  endfacet
  facet normal 0 -1 0
    outer loop
      vertex 7.43223 0 69.5233
      vertex 8.77752 0 71
      vertex 7.2667 0 69.6461
    endloop
  endfacet
  facet normal 0 -1 0
    outer loop
      vertex 7.58492 0 69.3849
      vertex 8.77752 0 71
      vertex 7.43223 0 69.5233
    endloop
  endfacet
  facet normal 0 -1 -0
    outer loop
      vertex 8.77752 0 71
      vertex 7.58492 0 69.3849
      vertex 8.99914 0 70.7991
    endloop
  endfacet
  facet normal 0 -1 -0
    outer loop
      vertex 8.99914 0 70.7991
      vertex 7.58492 0 69.3849
      vertex 9.26934 0 70.501
    endloop
  endfacet
  facet normal 0 -1 0
    outer loop
      vertex 7.72332 0 69.2322
      vertex 9.26934 0 70.501
      vertex 7.58492 0 69.3849
    endloop
  endfacet
  facet normal 0 -1 -0
    outer loop
      vertex 9.26934 0 70.501
      vertex 7.72332 0 69.2322
      vertex 9.50902 0 70.1778
    endloop
  endfacet
  facet normal 0 -1 0
    outer loop
      vertex 7.84609 0 69.0667
      vertex 9.50902 0 70.1778
      vertex 7.72332 0 69.2322
    endloop
  endfacet
  facet normal 0 -1 -0
    outer loop
      vertex 9.50902 0 70.1778
      vertex 7.84609 0 69.0667
      vertex 9.71588 0 69.8327
    endloop
  endfacet
  facet normal 0 -1 0
    outer loop
      vertex 7.95203 0 68.8899
      vertex 9.71588 0 69.8327
      vertex 7.84609 0 69.0667
    endloop
  endfacet
  facet normal 0 -1 -0
    outer loop
      vertex 9.71588 0 69.8327
      vertex 7.95203 0 68.8899
      vertex 9.88791 0 69.469
    endloop
  endfacet
  facet normal 0 -1 0
    outer loop
      vertex 8.04015 0 68.7036
      vertex 9.88791 0 69.469
      vertex 7.95203 0 68.8899
    endloop
  endfacet
  facet normal 0 -1 -0
    outer loop
      vertex 9.88791 0 69.469
      vertex 8.04015 0 68.7036
      vertex 10.0235 0 69.0902
    endloop
  endfacet
  facet normal 0 -1 0
    outer loop
      vertex 8.10957 0 68.5096
      vertex 10.0235 0 69.0902
      vertex 8.04015 0 68.7036
    endloop
  endfacet
  facet normal 0 -1 -0
    outer loop
      vertex 10.0235 0 69.0902
      vertex 8.10957 0 68.5096
      vertex 10.1212 0 68.6999
    endloop
  endfacet
  facet normal 0 -1 0
    outer loop
      vertex 8.15965 0 68.3097
      vertex 10.1212 0 68.6999
      vertex 8.10957 0 68.5096
    endloop
  endfacet
  facet normal 0 -1 0
    outer loop
      vertex 8.15965 0 68.3097
      vertex 10.1803 0 68.3019
      vertex 10.1212 0 68.6999
    endloop
  endfacet
  facet normal 0 -1 0
    outer loop
      vertex 8.18989 0 68.1058
      vertex 10.1803 0 68.3019
      vertex 8.15965 0 68.3097
    endloop
  endfacet
  facet normal 0 -1 0
    outer loop
      vertex 8.2 0 67.9
      vertex 10.1803 0 68.3019
      vertex 8.18989 0 68.1058
    endloop
  endfacet
  facet normal 0 -1 0
    outer loop
      vertex 8.2 0 67.9
      vertex 10.2 0 67.9
      vertex 10.1803 0 68.3019
    endloop
  endfacet
  facet normal 0 -1 0
    outer loop
      vertex 8.18989 0 67.6942
      vertex 10.2 0 67.9
      vertex 8.2 0 67.9
    endloop
  endfacet
  facet normal 0 -1 0
    outer loop
      vertex 8.18989 0 67.6942
      vertex 10.1803 0 67.4981
      vertex 10.2 0 67.9
    endloop
  endfacet
  facet normal 0 -1 0
    outer loop
      vertex 8.15965 0 67.4903
      vertex 10.1803 0 67.4981
      vertex 8.18989 0 67.6942
    endloop
  endfacet
  facet normal 0 -1 0
    outer loop
      vertex 10.1212 0 67.1001
      vertex 8.15965 0 67.4903
      vertex 8.10957 0 67.2904
    endloop
  endfacet
  facet normal 0 -1 0
    outer loop
      vertex 8.15965 0 67.4903
      vertex 10.1212 0 67.1001
      vertex 10.1803 0 67.4981
    endloop
  endfacet
  facet normal 0 -1 0
    outer loop
      vertex 10.0235 0 66.7098
      vertex 8.10957 0 67.2904
      vertex 8.04015 0 67.0964
    endloop
  endfacet
  facet normal 0 -1 0
    outer loop
      vertex 9.88791 0 66.331
      vertex 8.04015 0 67.0964
      vertex 7.95203 0 66.9101
    endloop
  endfacet
  facet normal 0 -1 0
    outer loop
      vertex 9.71588 0 65.9673
      vertex 7.95203 0 66.9101
      vertex 7.84609 0 66.7333
    endloop
  endfacet
  facet normal 0 -1 0
    outer loop
      vertex 8.10957 0 67.2904
      vertex 10.0235 0 66.7098
      vertex 10.1212 0 67.1001
    endloop
  endfacet
  facet normal 0 -1 0
    outer loop
      vertex 9.50902 0 65.6222
      vertex 7.84609 0 66.7333
      vertex 7.72332 0 66.5678
    endloop
  endfacet
  facet normal 0 -1 0
    outer loop
      vertex 9.26934 0 65.299
      vertex 7.72332 0 66.5678
      vertex 7.58492 0 66.4151
    endloop
  endfacet
  facet normal 0 -1 0
    outer loop
      vertex 8.04015 0 67.0964
      vertex 9.88791 0 66.331
      vertex 10.0235 0 66.7098
    endloop
  endfacet
  facet normal 0 -1 0
    outer loop
      vertex 9.26934 0 65.299
      vertex 7.58492 0 66.4151
      vertex 7.43223 0 66.2767
    endloop
  endfacet
  facet normal 0 -1 0
    outer loop
      vertex 9.26934 0 65.299
      vertex 7.43223 0 66.2767
      vertex 7.2667 0 66.1539
    endloop
  endfacet
  facet normal 0 -1 0
    outer loop
      vertex 9.26934 0 65.299
      vertex 7.2667 0 66.1539
      vertex 7.08993 0 66.048
    endloop
  endfacet
  facet normal 0 -1 0
    outer loop
      vertex 7.95203 0 66.9101
      vertex 9.71588 0 65.9673
      vertex 9.88791 0 66.331
    endloop
  endfacet
  facet normal 0 -1 0
    outer loop
      vertex 9.26934 0 65.299
      vertex 7.08993 0 66.048
      vertex 6.90364 0 65.9599
    endloop
  endfacet
  facet normal 0 -1 0
    outer loop
      vertex 9.26934 0 65.299
      vertex 6.90364 0 65.9599
      vertex 6.7096 0 65.8904
    endloop
  endfacet
  facet normal 0 -1 0
    outer loop
      vertex 9.26934 0 65.299
      vertex 6.7096 0 65.8904
      vertex 6.50969 0 65.8403
    endloop
  endfacet
  facet normal 0 -1 0
    outer loop
      vertex 9.26934 0 65.299
      vertex 6.50969 0 65.8403
      vertex 6.30584 0 65.8101
    endloop
  endfacet
  facet normal 0 -1 0
    outer loop
      vertex 9.26934 0 65.299
      vertex 6.30584 0 65.8101
      vertex 6.1 0 65.8
    endloop
  endfacet
  facet normal 0 -1 0
    outer loop
      vertex 7.84609 0 66.7333
      vertex 9.50902 0 65.6222
      vertex 9.71588 0 65.9673
    endloop
  endfacet
  facet normal 0 -1 0
    outer loop
      vertex 77.6942 0 69.9899
      vertex 75.2225 0 71
      vertex 75.0009 0 70.7991
    endloop
  endfacet
  facet normal 0 -1 0
    outer loop
      vertex 75.2225 0 71
      vertex 77.9 0 70
      vertex 80.5775 0 71
    endloop
  endfacet
  facet normal 0 -1 0
    outer loop
      vertex 78.1058 0 69.9899
      vertex 80.5775 0 71
      vertex 77.9 0 70
    endloop
  endfacet
  facet normal 0 -1 0
    outer loop
      vertex 77.6942 0 69.9899
      vertex 75.0009 0 70.7991
      vertex 74.7307 0 70.501
    endloop
  endfacet
  facet normal 0 -1 0
    outer loop
      vertex 4.61508 0 69.3849
      vertex 3.42248 0 71
      vertex 3.20086 0 70.7991
    endloop
  endfacet
  facet normal 0 -1 0
    outer loop
      vertex 3.42248 0 71
      vertex 6.1 0 70
      vertex 8.77752 0 71
    endloop
  endfacet
  facet normal 0 -1 0
    outer loop
      vertex 4.61508 0 69.3849
      vertex 3.20086 0 70.7991
      vertex 3 0 70.5775
    endloop
  endfacet
  facet normal 0 -1 0
    outer loop
      vertex 6.30584 0 69.9899
      vertex 8.77752 0 71
      vertex 6.1 0 70
    endloop
  endfacet
  facet normal 0 -1 0
    outer loop
      vertex 3.42248 0 71
      vertex 2 0 72.8284
      vertex 3 0 71
    endloop
  endfacet
  facet normal 0 -1 0
    outer loop
      vertex 2 0 72.8284
      vertex 3 0 70.5775
      vertex 3 0 71
    endloop
  endfacet
  facet normal 0 -1 0
    outer loop
      vertex 6.50969 0 69.9596
      vertex 8.77752 0 71
      vertex 6.30584 0 69.9899
    endloop
  endfacet
  facet normal 0 -1 0
    outer loop
      vertex 6.7096 0 69.9096
      vertex 8.77752 0 71
      vertex 6.50969 0 69.9596
    endloop
  endfacet
  facet normal 0 -1 0
    outer loop
      vertex 3.42248 0 71
      vertex 5.89416 0 69.9899
      vertex 6.1 0 70
    endloop
  endfacet
  facet normal 0 -1 0
    outer loop
      vertex 3.42248 0 71
      vertex 5.69031 0 69.9596
      vertex 5.89416 0 69.9899
    endloop
  endfacet
  facet normal 0 -1 0
    outer loop
      vertex 3.42248 0 71
      vertex 5.4904 0 69.9096
      vertex 5.69031 0 69.9596
    endloop
  endfacet
  facet normal 0 -1 0
    outer loop
      vertex 3.42248 0 71
      vertex 5.29636 0 69.8401
      vertex 5.4904 0 69.9096
    endloop
  endfacet
  facet normal 0 -1 0
    outer loop
      vertex 3.42248 0 71
      vertex 5.11007 0 69.752
      vertex 5.29636 0 69.8401
    endloop
  endfacet
  facet normal 0 -1 0
    outer loop
      vertex 3.42248 0 71
      vertex 4.9333 0 69.6461
      vertex 5.11007 0 69.752
    endloop
  endfacet
  facet normal 0 -1 0
    outer loop
      vertex 3.42248 0 71
      vertex 4.76777 0 69.5233
      vertex 4.9333 0 69.6461
    endloop
  endfacet
  facet normal 0 -1 0
    outer loop
      vertex 3.42248 0 71
      vertex 4.61508 0 69.3849
      vertex 4.76777 0 69.5233
    endloop
  endfacet
  facet normal 0 -1 0
    outer loop
      vertex 3 0 70.5775
      vertex 4.47668 0 69.2322
      vertex 4.61508 0 69.3849
    endloop
  endfacet
  facet normal 0 -1 0
    outer loop
      vertex 3 0 70.5775
      vertex 4.35391 0 69.0667
      vertex 4.47668 0 69.2322
    endloop
  endfacet
  facet normal 0 -1 0
    outer loop
      vertex 3 0 70.5775
      vertex 4.24796 0 68.8899
      vertex 4.35391 0 69.0667
    endloop
  endfacet
  facet normal 0 -1 0
    outer loop
      vertex 3 0 70.5775
      vertex 4.15985 0 68.7036
      vertex 4.24796 0 68.8899
    endloop
  endfacet
  facet normal 0 -1 0
    outer loop
      vertex 3 0 70.5775
      vertex 4.09042 0 68.5096
      vertex 4.15985 0 68.7036
    endloop
  endfacet
  facet normal 0 -1 0
    outer loop
      vertex 3 0 70.5775
      vertex 4.04035 0 68.3097
      vertex 4.09042 0 68.5096
    endloop
  endfacet
  facet normal 0 -1 0
    outer loop
      vertex 3 0 70.5775
      vertex 4.01011 0 68.1058
      vertex 4.04035 0 68.3097
    endloop
  endfacet
  facet normal 0 -1 0
    outer loop
      vertex 3 0 65.2225
      vertex 3 0 70.5775
      vertex 2 0 72.8284
    endloop
  endfacet
  facet normal -0 -1 0
    outer loop
      vertex 4 0 67.9
      vertex 3 0 70.5775
      vertex 3 0 65.2225
    endloop
  endfacet
  facet normal 0 -1 0
    outer loop
      vertex 3 0 70.5775
      vertex 4 0 67.9
      vertex 4.01011 0 68.1058
    endloop
  endfacet
  facet normal 0 -1 -0
    outer loop
      vertex 4 0 67.9
      vertex 3 0 65.2225
      vertex 4.01011 0 67.6942
    endloop
  endfacet
  facet normal 0 -1 -0
    outer loop
      vertex 4.01011 0 67.6942
      vertex 3 0 65.2225
      vertex 4.04035 0 67.4903
    endloop
  endfacet
  facet normal 0 -1 -0
    outer loop
      vertex 4.04035 0 67.4903
      vertex 3 0 65.2225
      vertex 4.09042 0 67.2904
    endloop
  endfacet
  facet normal 0 -1 -0
    outer loop
      vertex 5.11007 0 66.048
      vertex 4.16727 0 64.2841
      vertex 5.29636 0 65.9599
    endloop
  endfacet
  facet normal 0 -1 0
    outer loop
      vertex 7.72332 0 66.5678
      vertex 9.26934 0 65.299
      vertex 9.50902 0 65.6222
    endloop
  endfacet
  facet normal 0 -1 0
    outer loop
      vertex 4.16727 0 64.2841
      vertex 5.11007 0 66.048
      vertex 3.82216 0 64.491
    endloop
  endfacet
  facet normal 0 -1 0
    outer loop
      vertex 4.531 0 64.1121
      vertex 5.29636 0 65.9599
      vertex 4.16727 0 64.2841
    endloop
  endfacet
  facet normal 0 -1 -0
    outer loop
      vertex 4.9333 0 66.1539
      vertex 3.82216 0 64.491
      vertex 5.11007 0 66.048
    endloop
  endfacet
  facet normal 0 -1 0
    outer loop
      vertex 3.82216 0 64.491
      vertex 4.9333 0 66.1539
      vertex 3.49899 0 64.7307
    endloop
  endfacet
  facet normal 0 -1 -0
    outer loop
      vertex 4.76777 0 66.2767
      vertex 3.49899 0 64.7307
      vertex 4.9333 0 66.1539
    endloop
  endfacet
  facet normal 0 -1 0
    outer loop
      vertex 3.49899 0 64.7307
      vertex 4.76777 0 66.2767
      vertex 3.20086 0 65.0009
    endloop
  endfacet
  facet normal 0 -1 -0
    outer loop
      vertex 4.61508 0 66.4151
      vertex 3.20086 0 65.0009
      vertex 4.76777 0 66.2767
    endloop
  endfacet
  facet normal 0 -1 0
    outer loop
      vertex 3.20086 0 65.0009
      vertex 4.61508 0 66.4151
      vertex 3 0 65.2225
    endloop
  endfacet
  facet normal 0 -1 -0
    outer loop
      vertex 4.47668 0 66.5678
      vertex 3 0 65.2225
      vertex 4.61508 0 66.4151
    endloop
  endfacet
  facet normal 0 -1 -0
    outer loop
      vertex 4.35391 0 66.7333
      vertex 3 0 65.2225
      vertex 4.47668 0 66.5678
    endloop
  endfacet
  facet normal 0 -1 -0
    outer loop
      vertex 4.24796 0 66.9101
      vertex 3 0 65.2225
      vertex 4.35391 0 66.7333
    endloop
  endfacet
  facet normal 0 -1 -0
    outer loop
      vertex 4.15985 0 67.0964
      vertex 3 0 65.2225
      vertex 4.24796 0 66.9101
    endloop
  endfacet
  facet normal 0 -1 -0
    outer loop
      vertex 4.09042 0 67.2904
      vertex 3 0 65.2225
      vertex 4.15985 0 67.0964
    endloop
  endfacet
  facet normal 0 -1 0
    outer loop
      vertex 2 0 72.8284
      vertex 3 0 8.77752
      vertex 3 0 65.2225
    endloop
  endfacet
  facet normal 0 -1 -0
    outer loop
      vertex 7.669 0 9.88791
      vertex 6.90364 0 8.04015
      vertex 8.03273 0 9.71588
    endloop
  endfacet
  facet normal 0 -1 0
    outer loop
      vertex 7.08993 0 7.95203
      vertex 8.03273 0 9.71588
      vertex 6.90364 0 8.04015
    endloop
  endfacet
  facet normal 0 -1 0
    outer loop
      vertex 5.69813 0 10.1803
      vertex 5.89416 0 8.18989
      vertex 6.1 0 8.2
    endloop
  endfacet
  facet normal 0 -1 0
    outer loop
      vertex 5.30013 0 10.1212
      vertex 5.69031 0 8.15965
      vertex 5.89416 0 8.18989
    endloop
  endfacet
  facet normal 0 -1 0
    outer loop
      vertex 4.90983 0 10.0235
      vertex 5.4904 0 8.10957
      vertex 5.69031 0 8.15965
    endloop
  endfacet
  facet normal 0 -1 0
    outer loop
      vertex 4.531 0 9.88791
      vertex 5.29636 0 8.04015
      vertex 5.4904 0 8.10957
    endloop
  endfacet
  facet normal 0 -1 0
    outer loop
      vertex 4.16727 0 9.71588
      vertex 5.11007 0 7.95203
      vertex 5.29636 0 8.04015
    endloop
  endfacet
  facet normal 0 -1 0
    outer loop
      vertex 3.82216 0 9.50902
      vertex 4.9333 0 7.84609
      vertex 5.11007 0 7.95203
    endloop
  endfacet
  facet normal 0 -1 0
    outer loop
      vertex 3.49899 0 9.26934
      vertex 4.76777 0 7.72332
      vertex 4.9333 0 7.84609
    endloop
  endfacet
  facet normal 0 -1 0
    outer loop
      vertex 3.20086 0 8.99914
      vertex 4.61508 0 7.58492
      vertex 4.76777 0 7.72332
    endloop
  endfacet
  facet normal 0 -1 0
    outer loop
      vertex 3 0 8.77752
      vertex 4.47668 0 7.43223
      vertex 4.61508 0 7.58492
    endloop
  endfacet
  facet normal 0 -1 0
    outer loop
      vertex 3 0 8.77752
      vertex 4.35391 0 7.2667
      vertex 4.47668 0 7.43223
    endloop
  endfacet
  facet normal 0 -1 0
    outer loop
      vertex 3 0 8.77752
      vertex 4.24796 0 7.08993
      vertex 4.35391 0 7.2667
    endloop
  endfacet
  facet normal 0 -1 0
    outer loop
      vertex 3 0 8.77752
      vertex 4.15985 0 6.90364
      vertex 4.24796 0 7.08993
    endloop
  endfacet
  facet normal 0 -1 0
    outer loop
      vertex 3 0 8.77752
      vertex 4.09042 0 6.7096
      vertex 4.15985 0 6.90364
    endloop
  endfacet
  facet normal 0 -1 0
    outer loop
      vertex 3 0 8.77752
      vertex 4.04035 0 6.50969
      vertex 4.09042 0 6.7096
    endloop
  endfacet
  facet normal 0 -1 0
    outer loop
      vertex 3 0 8.77752
      vertex 4.01011 0 6.30584
      vertex 4.04035 0 6.50969
    endloop
  endfacet
  facet normal 0 -1 0
    outer loop
      vertex 3 0 8.77752
      vertex 4 0 6.1
      vertex 4.01011 0 6.30584
    endloop
  endfacet
  facet normal 0 -1 0
    outer loop
      vertex 3 0 3.42248
      vertex 4 0 6.1
      vertex 3 0 8.77752
    endloop
  endfacet
  facet normal 0 -1 -0
    outer loop
      vertex 4 0 6.1
      vertex 3 0 3.42248
      vertex 4.01011 0 5.89416
    endloop
  endfacet
  facet normal 0 -1 -0
    outer loop
      vertex 4.01011 0 5.89416
      vertex 3 0 3.42248
      vertex 4.04035 0 5.69031
    endloop
  endfacet
  facet normal 0 -1 0
    outer loop
      vertex 3.42248 0 3
      vertex 6.1 0 4
      vertex 5.89416 0 4.01011
    endloop
  endfacet
  facet normal 0 -1 0
    outer loop
      vertex 7.72332 0 4.76777
      vertex 9.26934 0 3.49899
      vertex 9.50902 0 3.82216
    endloop
  endfacet
  facet normal 0 -1 0
    outer loop
      vertex 3.42248 0 3
      vertex 5.89416 0 4.01011
      vertex 5.69031 0 4.04035
    endloop
  endfacet
  facet normal 0 -1 -0
    outer loop
      vertex 5.29636 0 4.15985
      vertex 3.42248 0 3
      vertex 5.4904 0 4.09042
    endloop
  endfacet
  facet normal 0 -1 -0
    outer loop
      vertex 5.11007 0 4.24796
      vertex 3.42248 0 3
      vertex 5.29636 0 4.15985
    endloop
  endfacet
  facet normal 0 -1 -0
    outer loop
      vertex 4.9333 0 4.35391
      vertex 3.42248 0 3
      vertex 5.11007 0 4.24796
    endloop
  endfacet
  facet normal 0 -1 -0
    outer loop
      vertex 4.76777 0 4.47668
      vertex 3.42248 0 3
      vertex 4.9333 0 4.35391
    endloop
  endfacet
  facet normal 0 -1 -0
    outer loop
      vertex 4.61508 0 4.61508
      vertex 3.42248 0 3
      vertex 4.76777 0 4.47668
    endloop
  endfacet
  facet normal 0 -1 0
    outer loop
      vertex 3.42248 0 3
      vertex 4.61508 0 4.61508
      vertex 3.20086 0 3.20086
    endloop
  endfacet
  facet normal 0 -1 0
    outer loop
      vertex 3.20086 0 3.20086
      vertex 4.61508 0 4.61508
      vertex 3 0 3.42248
    endloop
  endfacet
  facet normal 0 -1 -0
    outer loop
      vertex 4.47668 0 4.76777
      vertex 3 0 3.42248
      vertex 4.61508 0 4.61508
    endloop
  endfacet
  facet normal 0 -1 -0
    outer loop
      vertex 4.35391 0 4.9333
      vertex 3 0 3.42248
      vertex 4.47668 0 4.76777
    endloop
  endfacet
  facet normal 0 -1 -0
    outer loop
      vertex 4.24796 0 5.11007
      vertex 3 0 3.42248
      vertex 4.35391 0 4.9333
    endloop
  endfacet
  facet normal 0 -1 -0
    outer loop
      vertex 4.15985 0 5.29636
      vertex 3 0 3.42248
      vertex 4.24796 0 5.11007
    endloop
  endfacet
  facet normal 0 -1 -0
    outer loop
      vertex 4.09042 0 5.4904
      vertex 3 0 3.42248
      vertex 4.15985 0 5.29636
    endloop
  endfacet
  facet normal 0 -1 -0
    outer loop
      vertex 4.04035 0 5.69031
      vertex 3 0 3.42248
      vertex 4.09042 0 5.4904
    endloop
  endfacet
  facet normal 0 -1 0
    outer loop
      vertex 2 0 1.17157
      vertex 3 0 8.77752
      vertex 2 0 72.8284
    endloop
  endfacet
  facet normal 0 -1 -0
    outer loop
      vertex 3 0 8.77752
      vertex 2 0 1.17157
      vertex 3 0 3.42248
    endloop
  endfacet
  facet normal 0 -1 0
    outer loop
      vertex 2 0 1.17157
      vertex 3.42248 0 3
      vertex 3 0 3
    endloop
  endfacet
  facet normal 0 -1 -0
    outer loop
      vertex 3.42248 0 3
      vertex 2 0 1.17157
      vertex 8.77752 0 3
    endloop
  endfacet
  facet normal 0 -1 -0
    outer loop
      vertex 8.77752 0 3
      vertex 2 0 1.17157
      vertex 75.2225 0 3
    endloop
  endfacet
  facet normal 0 -1 0
    outer loop
      vertex 82 0 1.17157
      vertex 75.2225 0 3
      vertex 2 0 1.17157
    endloop
  endfacet
  facet normal 0 -1 0
    outer loop
      vertex 75.2225 0 3
      vertex 82 0 1.17157
      vertex 80.5775 0 3
    endloop
  endfacet
  facet normal 0 -1 -0
    outer loop
      vertex 3 0 3.42248
      vertex 2 0 1.17157
      vertex 3 0 3
    endloop
  endfacet
  facet normal 0 -1 0
    outer loop
      vertex 8.77752 0 71
      vertex 2 0 72.8284
      vertex 3.42248 0 71
    endloop
  endfacet
  facet normal 0 -1 0
    outer loop
      vertex 2 0 72.8284
      vertex 8.77752 0 71
      vertex 82 0 72.8284
    endloop
  endfacet
  facet normal 0 -1 0
    outer loop
      vertex 75.2225 0 71
      vertex 82 0 72.8284
      vertex 8.77752 0 71
    endloop
  endfacet
  facet normal 0 -1 0
    outer loop
      vertex 80.5775 0 71
      vertex 82 0 72.8284
      vertex 75.2225 0 71
    endloop
  endfacet
  facet normal 0 -1 0
    outer loop
      vertex 81 0 71
      vertex 82 0 72.8284
      vertex 80.5775 0 71
    endloop
  endfacet
  facet normal 0 -1 0
    outer loop
      vertex 81 0 70.5775
      vertex 82 0 72.8284
      vertex 81 0 71
    endloop
  endfacet
  facet normal 0 -1 0
    outer loop
      vertex 76.2767 0 69.2322
      vertex 74.7307 0 70.501
      vertex 74.491 0 70.1778
    endloop
  endfacet
  facet normal 0 -1 0
    outer loop
      vertex 78.3097 0 69.9596
      vertex 80.5775 0 71
      vertex 78.1058 0 69.9899
    endloop
  endfacet
  facet normal 0 -1 0
    outer loop
      vertex 78.5096 0 69.9096
      vertex 80.5775 0 71
      vertex 78.3097 0 69.9596
    endloop
  endfacet
  facet normal 0 -1 0
    outer loop
      vertex 78.7036 0 69.8401
      vertex 80.5775 0 71
      vertex 78.5096 0 69.9096
    endloop
  endfacet
  facet normal 0 -1 0
    outer loop
      vertex 78.8899 0 69.752
      vertex 80.5775 0 71
      vertex 78.7036 0 69.8401
    endloop
  endfacet
  facet normal 0 -1 0
    outer loop
      vertex 79.0667 0 69.6461
      vertex 80.5775 0 71
      vertex 78.8899 0 69.752
    endloop
  endfacet
  facet normal 0 -1 0
    outer loop
      vertex 79.2322 0 69.5233
      vertex 80.5775 0 71
      vertex 79.0667 0 69.6461
    endloop
  endfacet
  facet normal 0 -1 0
    outer loop
      vertex 79.3849 0 69.3849
      vertex 80.5775 0 71
      vertex 79.2322 0 69.5233
    endloop
  endfacet
  facet normal 0 -1 -0
    outer loop
      vertex 80.5775 0 71
      vertex 79.3849 0 69.3849
      vertex 80.7991 0 70.7991
    endloop
  endfacet
  facet normal 0 -1 -0
    outer loop
      vertex 80.7991 0 70.7991
      vertex 79.3849 0 69.3849
      vertex 81 0 70.5775
    endloop
  endfacet
  facet normal 0 -1 0
    outer loop
      vertex 79.5233 0 69.2322
      vertex 81 0 70.5775
      vertex 79.3849 0 69.3849
    endloop
  endfacet
  facet normal 0 -1 0
    outer loop
      vertex 79.6461 0 69.0667
      vertex 81 0 70.5775
      vertex 79.5233 0 69.2322
    endloop
  endfacet
  facet normal 0 -1 0
    outer loop
      vertex 79.752 0 68.8899
      vertex 81 0 70.5775
      vertex 79.6461 0 69.0667
    endloop
  endfacet
  facet normal 0 -1 0
    outer loop
      vertex 79.8401 0 68.7036
      vertex 81 0 70.5775
      vertex 79.752 0 68.8899
    endloop
  endfacet
  facet normal 0 -1 0
    outer loop
      vertex 79.9096 0 68.5096
      vertex 81 0 70.5775
      vertex 79.8401 0 68.7036
    endloop
  endfacet
  facet normal 0 -1 0
    outer loop
      vertex 79.9596 0 68.3097
      vertex 81 0 70.5775
      vertex 79.9096 0 68.5096
    endloop
  endfacet
  facet normal 0 -1 0
    outer loop
      vertex 79.9899 0 68.1058
      vertex 81 0 70.5775
      vertex 79.9596 0 68.3097
    endloop
  endfacet
  facet normal 0 -1 0
    outer loop
      vertex 80 0 67.9
      vertex 81 0 70.5775
      vertex 79.9899 0 68.1058
    endloop
  endfacet
  facet normal 0 -1 -0
    outer loop
      vertex 81 0 70.5775
      vertex 80 0 67.9
      vertex 81 0 65.2225
    endloop
  endfacet
  facet normal 0 -1 0
    outer loop
      vertex 81 0 65.2225
      vertex 80 0 67.9
      vertex 79.9899 0 67.6942
    endloop
  endfacet
  facet normal 0 -1 0
    outer loop
      vertex 81 0 65.2225
      vertex 79.9899 0 67.6942
      vertex 79.9596 0 67.4903
    endloop
  endfacet
  facet normal 0 -1 0
    outer loop
      vertex 81 0 65.2225
      vertex 79.9596 0 67.4903
      vertex 79.9096 0 67.2904
    endloop
  endfacet
  facet normal 0 -1 0
    outer loop
      vertex 81 0 65.2225
      vertex 79.9096 0 67.2904
      vertex 79.8401 0 67.0964
    endloop
  endfacet
  facet normal 0 -1 -0
    outer loop
      vertex 76.9101 0 66.048
      vertex 75.9673 0 64.2841
      vertex 77.0964 0 65.9599
    endloop
  endfacet
  facet normal 0 -1 0
    outer loop
      vertex 76.331 0 64.1121
      vertex 77.0964 0 65.9599
      vertex 75.9673 0 64.2841
    endloop
  endfacet
  facet normal 0 -1 0
    outer loop
      vertex 77.9 0 65.8
      vertex 81 0 65.2225
      vertex 78.1058 0 65.8101
    endloop
  endfacet
  facet normal 0 -1 0
    outer loop
      vertex 78.1058 0 65.8101
      vertex 81 0 65.2225
      vertex 78.3097 0 65.8403
    endloop
  endfacet
  facet normal 0 -1 0
    outer loop
      vertex 81 0 65.2225
      vertex 78.5096 0 65.8904
      vertex 78.3097 0 65.8403
    endloop
  endfacet
  facet normal 0 -1 0
    outer loop
      vertex 81 0 65.2225
      vertex 78.7036 0 65.9599
      vertex 78.5096 0 65.8904
    endloop
  endfacet
  facet normal 0 -1 0
    outer loop
      vertex 81 0 65.2225
      vertex 78.8899 0 66.048
      vertex 78.7036 0 65.9599
    endloop
  endfacet
  facet normal 0 -1 0
    outer loop
      vertex 81 0 65.2225
      vertex 79.0667 0 66.1539
      vertex 78.8899 0 66.048
    endloop
  endfacet
  facet normal 0 -1 0
    outer loop
      vertex 81 0 65.2225
      vertex 79.2322 0 66.2767
      vertex 79.0667 0 66.1539
    endloop
  endfacet
  facet normal 0 -1 0
    outer loop
      vertex 81 0 65.2225
      vertex 79.3849 0 66.4151
      vertex 79.2322 0 66.2767
    endloop
  endfacet
  facet normal 0 -1 0
    outer loop
      vertex 81 0 65.2225
      vertex 79.5233 0 66.5678
      vertex 79.3849 0 66.4151
    endloop
  endfacet
  facet normal 0 -1 0
    outer loop
      vertex 81 0 65.2225
      vertex 79.6461 0 66.7333
      vertex 79.5233 0 66.5678
    endloop
  endfacet
  facet normal 0 -1 0
    outer loop
      vertex 81 0 65.2225
      vertex 79.752 0 66.9101
      vertex 79.6461 0 66.7333
    endloop
  endfacet
  facet normal 0 -1 0
    outer loop
      vertex 81 0 65.2225
      vertex 79.8401 0 67.0964
      vertex 79.752 0 66.9101
    endloop
  endfacet
  facet normal 0 -1 0
    outer loop
      vertex 81 0 70.5775
      vertex 81 0 65.2225
      vertex 82 0 72.8284
    endloop
  endfacet
  facet normal 0 -1 0
    outer loop
      vertex 81 0 8.77752
      vertex 82 0 72.8284
      vertex 81 0 65.2225
    endloop
  endfacet
  facet normal 0 -1 0
    outer loop
      vertex 76.2767 0 7.43223
      vertex 74.7307 0 8.70101
      vertex 74.491 0 8.37784
    endloop
  endfacet
  facet normal 0 -1 -0
    outer loop
      vertex 79.469 0 9.88791
      vertex 78.7036 0 8.04015
      vertex 79.8327 0 9.71588
    endloop
  endfacet
  facet normal 0 -1 0
    outer loop
      vertex 78.8899 0 7.95203
      vertex 79.8327 0 9.71588
      vertex 78.7036 0 8.04015
    endloop
  endfacet
  facet normal 0 -1 -0
    outer loop
      vertex 79.8327 0 9.71588
      vertex 78.8899 0 7.95203
      vertex 80.1778 0 9.50902
    endloop
  endfacet
  facet normal 0 -1 0
    outer loop
      vertex 79.0667 0 7.84609
      vertex 80.1778 0 9.50902
      vertex 78.8899 0 7.95203
    endloop
  endfacet
  facet normal 0 -1 -0
    outer loop
      vertex 80.1778 0 9.50902
      vertex 79.0667 0 7.84609
      vertex 80.501 0 9.26934
    endloop
  endfacet
  facet normal 0 -1 0
    outer loop
      vertex 79.2322 0 7.72332
      vertex 80.501 0 9.26934
      vertex 79.0667 0 7.84609
    endloop
  endfacet
  facet normal 0 -1 -0
    outer loop
      vertex 80.501 0 9.26934
      vertex 79.2322 0 7.72332
      vertex 80.7991 0 8.99914
    endloop
  endfacet
  facet normal 0 -1 0
    outer loop
      vertex 79.3849 0 7.58492
      vertex 80.7991 0 8.99914
      vertex 79.2322 0 7.72332
    endloop
  endfacet
  facet normal 0 -1 -0
    outer loop
      vertex 80.7991 0 8.99914
      vertex 79.3849 0 7.58492
      vertex 81 0 8.77752
    endloop
  endfacet
  facet normal 0 -1 0
    outer loop
      vertex 79.5233 0 7.43223
      vertex 81 0 8.77752
      vertex 79.3849 0 7.58492
    endloop
  endfacet
  facet normal 0 -1 0
    outer loop
      vertex 79.6461 0 7.2667
      vertex 81 0 8.77752
      vertex 79.5233 0 7.43223
    endloop
  endfacet
  facet normal 0 -1 0
    outer loop
      vertex 79.752 0 7.08993
      vertex 81 0 8.77752
      vertex 79.6461 0 7.2667
    endloop
  endfacet
  facet normal 0 -1 0
    outer loop
      vertex 79.8401 0 6.90364
      vertex 81 0 8.77752
      vertex 79.752 0 7.08993
    endloop
  endfacet
  facet normal 0 -1 0
    outer loop
      vertex 79.9096 0 6.7096
      vertex 81 0 8.77752
      vertex 79.8401 0 6.90364
    endloop
  endfacet
  facet normal 0 -1 0
    outer loop
      vertex 79.9596 0 6.50969
      vertex 81 0 8.77752
      vertex 79.9096 0 6.7096
    endloop
  endfacet
  facet normal 0 -1 0
    outer loop
      vertex 79.9899 0 6.30584
      vertex 81 0 8.77752
      vertex 79.9596 0 6.50969
    endloop
  endfacet
  facet normal 0 -1 0
    outer loop
      vertex 80 0 6.1
      vertex 81 0 8.77752
      vertex 79.9899 0 6.30584
    endloop
  endfacet
  facet normal 0 -1 0
    outer loop
      vertex 81 0 3.42248
      vertex 80 0 6.1
      vertex 79.9899 0 5.89416
    endloop
  endfacet
  facet normal 0 -1 0
    outer loop
      vertex 81 0 3.42248
      vertex 79.9899 0 5.89416
      vertex 79.9596 0 5.69031
    endloop
  endfacet
  facet normal 0 -1 0
    outer loop
      vertex 81 0 3.42248
      vertex 79.9596 0 5.69031
      vertex 79.9096 0 5.4904
    endloop
  endfacet
  facet normal 0 -1 -0
    outer loop
      vertex 77.2904 0 4.09042
      vertex 75.2225 0 3
      vertex 77.4903 0 4.04035
    endloop
  endfacet
  facet normal 0 -1 -0
    outer loop
      vertex 77.4903 0 4.04035
      vertex 75.2225 0 3
      vertex 77.6942 0 4.01011
    endloop
  endfacet
  facet normal 0 -1 -0
    outer loop
      vertex 77.6942 0 4.01011
      vertex 75.2225 0 3
      vertex 77.9 0 4
    endloop
  endfacet
  facet normal 0 -1 0
    outer loop
      vertex 80.5775 0 3
      vertex 77.9 0 4
      vertex 75.2225 0 3
    endloop
  endfacet
  facet normal 0 -1 0
    outer loop
      vertex 80.7991 0 3.20086
      vertex 78.5096 0 4.09042
      vertex 78.3097 0 4.04035
    endloop
  endfacet
  facet normal 0 -1 0
    outer loop
      vertex 80.7991 0 3.20086
      vertex 78.7036 0 4.15985
      vertex 78.5096 0 4.09042
    endloop
  endfacet
  facet normal 0 -1 0
    outer loop
      vertex 80.7991 0 3.20086
      vertex 78.8899 0 4.24796
      vertex 78.7036 0 4.15985
    endloop
  endfacet
  facet normal 0 -1 0
    outer loop
      vertex 80.7991 0 3.20086
      vertex 79.0667 0 4.35391
      vertex 78.8899 0 4.24796
    endloop
  endfacet
  facet normal 0 -1 0
    outer loop
      vertex 80.7991 0 3.20086
      vertex 79.2322 0 4.47668
      vertex 79.0667 0 4.35391
    endloop
  endfacet
  facet normal 0 -1 0
    outer loop
      vertex 80.7991 0 3.20086
      vertex 79.3849 0 4.61508
      vertex 79.2322 0 4.47668
    endloop
  endfacet
  facet normal 0 -1 0
    outer loop
      vertex 81 0 3.42248
      vertex 79.5233 0 4.76777
      vertex 79.3849 0 4.61508
    endloop
  endfacet
  facet normal 0 -1 0
    outer loop
      vertex 81 0 3.42248
      vertex 79.6461 0 4.9333
      vertex 79.5233 0 4.76777
    endloop
  endfacet
  facet normal 0 -1 0
    outer loop
      vertex 81 0 3.42248
      vertex 79.752 0 5.11007
      vertex 79.6461 0 4.9333
    endloop
  endfacet
  facet normal 0 -1 0
    outer loop
      vertex 81 0 3.42248
      vertex 79.8401 0 5.29636
      vertex 79.752 0 5.11007
    endloop
  endfacet
  facet normal 0 -1 0
    outer loop
      vertex 81 0 3.42248
      vertex 79.9096 0 5.4904
      vertex 79.8401 0 5.29636
    endloop
  endfacet
  facet normal 0 -1 0
    outer loop
      vertex 80 0 6.1
      vertex 81 0 3.42248
      vertex 81 0 8.77752
    endloop
  endfacet
  facet normal 0 -1 0
    outer loop
      vertex 82 0 1.17157
      vertex 81 0 8.77752
      vertex 81 0 3.42248
    endloop
  endfacet
  facet normal 0 -1 0
    outer loop
      vertex 82 0 1.17157
      vertex 81 0 3.42248
      vertex 81 0 3
    endloop
  endfacet
  facet normal 0 -1 0
    outer loop
      vertex 81 0 8.77752
      vertex 82 0 1.17157
      vertex 82 0 72.8284
    endloop
  endfacet
  facet normal 0 -1 0
    outer loop
      vertex 80.5775 0 3
      vertex 82 0 1.17157
      vertex 81 0 3
    endloop
  endfacet
  facet normal 0 -1 0
    outer loop
      vertex 77.9 0 4
      vertex 80.5775 0 3
      vertex 78.1058 0 4.01011
    endloop
  endfacet
  facet normal 0 -1 0
    outer loop
      vertex 78.1058 0 4.01011
      vertex 80.5775 0 3
      vertex 78.3097 0 4.04035
    endloop
  endfacet
  facet normal -0 -1 0
    outer loop
      vertex 80.7991 0 3.20086
      vertex 78.3097 0 4.04035
      vertex 80.5775 0 3
    endloop
  endfacet
  facet normal 0 -1 0
    outer loop
      vertex 79.3849 0 4.61508
      vertex 80.7991 0 3.20086
      vertex 81 0 3.42248
    endloop
  endfacet
  facet normal 0 -1 -0
    outer loop
      vertex 5.4904 0 4.09042
      vertex 3.42248 0 3
      vertex 5.69031 0 4.04035
    endloop
  endfacet
  facet normal 0 -1 -0
    outer loop
      vertex 6.1 0 4
      vertex 3.42248 0 3
      vertex 8.77752 0 3
    endloop
  endfacet
  facet normal 0 -1 0
    outer loop
      vertex 7.58492 0 4.61508
      vertex 8.77752 0 3
      vertex 8.99914 0 3.20086
    endloop
  endfacet
  facet normal 0 -1 0
    outer loop
      vertex 7.58492 0 4.61508
      vertex 8.99914 0 3.20086
      vertex 9.26934 0 3.49899
    endloop
  endfacet
  facet normal 0 -0.707116 0.707098
    outer loop
      vertex 2 0 72.8284
      vertex 82 1.17157 74
      vertex 2 1.17157 74
    endloop
  endfacet
  facet normal 0 -0.707116 0.707098
    outer loop
      vertex 82 1.17157 74
      vertex 2 0 72.8284
      vertex 82 0 72.8284
    endloop
  endfacet
  facet normal -0 0.382696 0.923874
    outer loop
      vertex 2 58.3045 73.6955
      vertex 82 57.5694 74
      vertex 82 58.3045 73.6955
    endloop
  endfacet
  facet normal 0 0.382696 0.923874
    outer loop
      vertex 82 57.5694 74
      vertex 2 58.3045 73.6955
      vertex 2 57.5694 74
    endloop
  endfacet
  facet normal 0 0.707107 0.707107
    outer loop
      vertex 82 65.6955 66.3045
      vertex 2 58.3045 73.6955
      vertex 82 58.3045 73.6955
    endloop
  endfacet
  facet normal 0 0.707107 0.707107
    outer loop
      vertex 2 58.3045 73.6955
      vertex 82 65.6955 66.3045
      vertex 2 65.6955 66.3045
    endloop
  endfacet
  facet normal 0.707104 0.65328 0.270608
    outer loop
      vertex 82 66 65.5694
      vertex 82 65.6955 66.3045
      vertex 84 64 65.1716
    endloop
  endfacet
  facet normal 1 -0 0
    outer loop
      vertex 3 0 65.2225
      vertex 3 9 8.77752
      vertex 3 9 65.2225
    endloop
  endfacet
  facet normal 1 0 0
    outer loop
      vertex 3 9 8.77752
      vertex 3 0 65.2225
      vertex 3 0 8.77752
    endloop
  endfacet
  facet normal 1 0 0
    outer loop
      vertex 3 56.7573 71
      vertex 3 63 31.2427
      vertex 3 63 64.7573
    endloop
  endfacet
  facet normal 1 -0 0
    outer loop
      vertex 3 9 65.2225
      vertex 3 63 31.2427
      vertex 3 56.7573 71
    endloop
  endfacet
  facet normal 1 0 0
    outer loop
      vertex 3 9 65.2225
      vertex 3 56.7573 71
      vertex 3 9 70.5775
    endloop
  endfacet
  facet normal 1 -0 0
    outer loop
      vertex 3 0 71
      vertex 3 9 70.5775
      vertex 3 56.7573 71
    endloop
  endfacet
  facet normal 1 0 0
    outer loop
      vertex 3 9 70.5775
      vertex 3 0 71
      vertex 3 0 70.5775
    endloop
  endfacet
  facet normal 1 0 0
    outer loop
      vertex 3 63 31.2427
      vertex 3 9 65.2225
      vertex 3 34.7573 3
    endloop
  endfacet
  facet normal 1 -0 0
    outer loop
      vertex 3 9 8.77752
      vertex 3 34.7573 3
      vertex 3 9 65.2225
    endloop
  endfacet
  facet normal 1 -0 0
    outer loop
      vertex 3 9 3.42248
      vertex 3 34.7573 3
      vertex 3 9 8.77752
    endloop
  endfacet
  facet normal 1 0 0
    outer loop
      vertex 3 0 3
      vertex 3 9 3.42248
      vertex 3 0 3.42248
    endloop
  endfacet
  facet normal 1 0 0
    outer loop
      vertex 3 9 3.42248
      vertex 3 0 3
      vertex 3 34.7573 3
    endloop
  endfacet
  facet normal 0 0 -1
    outer loop
      vertex 3.42248 0 71
      vertex 3 0 71
      vertex 3.42248 9 71
    endloop
  endfacet
  facet normal 0 0 -1
    outer loop
      vertex 75.2225 0 71
      vertex 8.77752 0 71
      vertex 75.2225 9 71
    endloop
  endfacet
  facet normal 0 0 -1
    outer loop
      vertex 80.5775 9 71
      vertex 81 0 71
      vertex 80.5775 0 71
    endloop
  endfacet
  facet normal 0 0 -1
    outer loop
      vertex 81 0 71
      vertex 80.5775 9 71
      vertex 81 56.7573 71
    endloop
  endfacet
  facet normal 0 0 -1
    outer loop
      vertex 75.2225 9 71
      vertex 81 56.7573 71
      vertex 80.5775 9 71
    endloop
  endfacet
  facet normal 0 0 -1
    outer loop
      vertex 8.77752 9 71
      vertex 75.2225 9 71
      vertex 8.77752 0 71
    endloop
  endfacet
  facet normal 0 0 -1
    outer loop
      vertex 75.2225 9 71
      vertex 8.77752 9 71
      vertex 81 56.7573 71
    endloop
  endfacet
  facet normal 0 0 -1
    outer loop
      vertex 3 56.7573 71
      vertex 8.77752 9 71
      vertex 3.42248 9 71
    endloop
  endfacet
  facet normal 0 0 -1
    outer loop
      vertex 8.77752 9 71
      vertex 3 56.7573 71
      vertex 81 56.7573 71
    endloop
  endfacet
  facet normal 0 0 -1
    outer loop
      vertex 3 56.7573 71
      vertex 3.42248 9 71
      vertex 3 0 71
    endloop
  endfacet
  facet normal 0 0 1
    outer loop
      vertex 81 34.7573 3
      vertex 80.5775 9 3
      vertex 81 0 3
    endloop
  endfacet
  facet normal -0 0 1
    outer loop
      vertex 65.4928 20.147 3
      vertex 80.5775 9 3
      vertex 81 34.7573 3
    endloop
  endfacet
  facet normal -0 0 1
    outer loop
      vertex 65.4928 19.853 3
      vertex 75.2225 9 3
      vertex 65.5 20 3
    endloop
  endfacet
  facet normal 0 0 1
    outer loop
      vertex 80.5775 9 3
      vertex 65.4928 20.147 3
      vertex 75.2225 9 3
    endloop
  endfacet
  facet normal 0 0 1
    outer loop
      vertex 75.2225 9 3
      vertex 65.4928 20.147 3
      vertex 65.5 20 3
    endloop
  endfacet
  facet normal 0 0 1
    outer loop
      vertex 81 34.7573 3
      vertex 65.4712 20.2926 3
      vertex 65.4928 20.147 3
    endloop
  endfacet
  facet normal 0 0 1
    outer loop
      vertex 81 34.7573 3
      vertex 65.4354 20.4354 3
      vertex 65.4712 20.2926 3
    endloop
  endfacet
  facet normal 0 0 1
    outer loop
      vertex 81 34.7573 3
      vertex 65.3858 20.574 3
      vertex 65.4354 20.4354 3
    endloop
  endfacet
  facet normal 0 0 1
    outer loop
      vertex 81 34.7573 3
      vertex 65.3229 20.7071 3
      vertex 65.3858 20.574 3
    endloop
  endfacet
  facet normal 0 0 1
    outer loop
      vertex 81 34.7573 3
      vertex 65.2472 20.8334 3
      vertex 65.3229 20.7071 3
    endloop
  endfacet
  facet normal 0 0 1
    outer loop
      vertex 81 34.7573 3
      vertex 65.1595 20.9516 3
      vertex 65.2472 20.8334 3
    endloop
  endfacet
  facet normal 0 0 1
    outer loop
      vertex 81 34.7573 3
      vertex 65.0607 21.0607 3
      vertex 65.1595 20.9516 3
    endloop
  endfacet
  facet normal 0 0 1
    outer loop
      vertex 81 34.7573 3
      vertex 64.9516 21.1595 3
      vertex 65.0607 21.0607 3
    endloop
  endfacet
  facet normal 0 0 1
    outer loop
      vertex 81 34.7573 3
      vertex 64.8334 21.2472 3
      vertex 64.9516 21.1595 3
    endloop
  endfacet
  facet normal 0 0 1
    outer loop
      vertex 81 34.7573 3
      vertex 64.7071 21.3229 3
      vertex 64.8334 21.2472 3
    endloop
  endfacet
  facet normal 0 0 1
    outer loop
      vertex 81 34.7573 3
      vertex 64.574 21.3858 3
      vertex 64.7071 21.3229 3
    endloop
  endfacet
  facet normal 0 0 1
    outer loop
      vertex 81 34.7573 3
      vertex 64.4354 21.4354 3
      vertex 64.574 21.3858 3
    endloop
  endfacet
  facet normal 0 0 1
    outer loop
      vertex 81 34.7573 3
      vertex 64.2926 21.4712 3
      vertex 64.4354 21.4354 3
    endloop
  endfacet
  facet normal 0 0 1
    outer loop
      vertex 81 34.7573 3
      vertex 64.147 21.4928 3
      vertex 64.2926 21.4712 3
    endloop
  endfacet
  facet normal 0 0 1
    outer loop
      vertex 81 34.7573 3
      vertex 64 21.5 3
      vertex 64.147 21.4928 3
    endloop
  endfacet
  facet normal 0 0 1
    outer loop
      vertex 81 34.7573 3
      vertex 63.853 21.4928 3
      vertex 64 21.5 3
    endloop
  endfacet
  facet normal 0 0 1
    outer loop
      vertex 81 34.7573 3
      vertex 63.7074 21.4712 3
      vertex 63.853 21.4928 3
    endloop
  endfacet
  facet normal -0 0 1
    outer loop
      vertex 40.4 30 3
      vertex 63.7074 21.4712 3
      vertex 81 34.7573 3
    endloop
  endfacet
  facet normal 0 0 1
    outer loop
      vertex 63.7074 21.4712 3
      vertex 40.4 30 3
      vertex 63.5646 21.4354 3
    endloop
  endfacet
  facet normal 0 0 1
    outer loop
      vertex 63.5646 21.4354 3
      vertex 40.4 30 3
      vertex 63.426 21.3858 3
    endloop
  endfacet
  facet normal 0 0 1
    outer loop
      vertex 63.426 21.3858 3
      vertex 40.4 30 3
      vertex 63.2929 21.3229 3
    endloop
  endfacet
  facet normal 0 0 1
    outer loop
      vertex 63.2929 21.3229 3
      vertex 40.4 30 3
      vertex 63.1666 21.2472 3
    endloop
  endfacet
  facet normal 0 0 1
    outer loop
      vertex 62.5072 20.147 3
      vertex 40.4 30 3
      vertex 62.5 20 3
    endloop
  endfacet
  facet normal 0 0 1
    outer loop
      vertex 62.5288 20.2926 3
      vertex 40.4 30 3
      vertex 62.5072 20.147 3
    endloop
  endfacet
  facet normal 0 0 1
    outer loop
      vertex 62.5646 20.4354 3
      vertex 40.4 30 3
      vertex 62.5288 20.2926 3
    endloop
  endfacet
  facet normal 0 0 1
    outer loop
      vertex 62.6142 20.574 3
      vertex 40.4 30 3
      vertex 62.5646 20.4354 3
    endloop
  endfacet
  facet normal 0 0 1
    outer loop
      vertex 62.6771 20.7071 3
      vertex 40.4 30 3
      vertex 62.6142 20.574 3
    endloop
  endfacet
  facet normal 0 0 1
    outer loop
      vertex 62.7528 20.8334 3
      vertex 40.4 30 3
      vertex 62.6771 20.7071 3
    endloop
  endfacet
  facet normal 0 0 1
    outer loop
      vertex 62.8405 20.9516 3
      vertex 40.4 30 3
      vertex 62.7528 20.8334 3
    endloop
  endfacet
  facet normal 0 0 1
    outer loop
      vertex 62.9393 21.0607 3
      vertex 40.4 30 3
      vertex 62.8405 20.9516 3
    endloop
  endfacet
  facet normal 0 0 1
    outer loop
      vertex 63.0484 21.1595 3
      vertex 40.4 30 3
      vertex 62.9393 21.0607 3
    endloop
  endfacet
  facet normal 0 0 1
    outer loop
      vertex 63.1666 21.2472 3
      vertex 40.4 30 3
      vertex 63.0484 21.1595 3
    endloop
  endfacet
  facet normal -0 0 1
    outer loop
      vertex 3 34.7573 3
      vertex 40.4 30 3
      vertex 81 34.7573 3
    endloop
  endfacet
  facet normal 0 0 1
    outer loop
      vertex 38 30 3
      vertex 34.4 30 3
      vertex 38 8 3
    endloop
  endfacet
  facet normal 0 0 1
    outer loop
      vertex 40.4 30 3
      vertex 3 34.7573 3
      vertex 38 30 3
    endloop
  endfacet
  facet normal 0 0 1
    outer loop
      vertex 38 30 3
      vertex 3 34.7573 3
      vertex 34.4 30 3
    endloop
  endfacet
  facet normal 0 0 1
    outer loop
      vertex 32 30 3
      vertex 28.4 30 3
      vertex 32 8 3
    endloop
  endfacet
  facet normal 0 0 1
    outer loop
      vertex 34.4 30 3
      vertex 3 34.7573 3
      vertex 32 30 3
    endloop
  endfacet
  facet normal 0 0 1
    outer loop
      vertex 32 30 3
      vertex 3 34.7573 3
      vertex 28.4 30 3
    endloop
  endfacet
  facet normal 0 0 1
    outer loop
      vertex 26 30 3
      vertex 22.4 30 3
      vertex 26 8 3
    endloop
  endfacet
  facet normal 0 0 1
    outer loop
      vertex 28.4 30 3
      vertex 3 34.7573 3
      vertex 26 30 3
    endloop
  endfacet
  facet normal 0 0 1
    outer loop
      vertex 26 30 3
      vertex 3 34.7573 3
      vertex 22.4 30 3
    endloop
  endfacet
  facet normal 0 0 1
    outer loop
      vertex 20 30 3
      vertex 16.4 30 3
      vertex 20 8 3
    endloop
  endfacet
  facet normal 0 0 1
    outer loop
      vertex 22.4 30 3
      vertex 3 34.7573 3
      vertex 20 30 3
    endloop
  endfacet
  facet normal 0 0 1
    outer loop
      vertex 20 30 3
      vertex 3 34.7573 3
      vertex 16.4 30 3
    endloop
  endfacet
  facet normal 0 0 1
    outer loop
      vertex 14 30 3
      vertex 8.77752 9 3
      vertex 14 8 3
    endloop
  endfacet
  facet normal 0 0 1
    outer loop
      vertex 14 30 3
      vertex 3.42248 9 3
      vertex 8.77752 9 3
    endloop
  endfacet
  facet normal 0 0 1
    outer loop
      vertex 16.4 30 3
      vertex 3 34.7573 3
      vertex 14 30 3
    endloop
  endfacet
  facet normal 0 0 1
    outer loop
      vertex 3 34.7573 3
      vertex 3.42248 9 3
      vertex 14 30 3
    endloop
  endfacet
  facet normal 0 0 1
    outer loop
      vertex 3 0 3
      vertex 3.42248 9 3
      vertex 3 34.7573 3
    endloop
  endfacet
  facet normal 0 0 1
    outer loop
      vertex 3.42248 9 3
      vertex 3 0 3
      vertex 3.42248 0 3
    endloop
  endfacet
  facet normal 0 0 1
    outer loop
      vertex 81 0 3
      vertex 80.5775 9 3
      vertex 80.5775 0 3
    endloop
  endfacet
  facet normal -0 0 1
    outer loop
      vertex 65.4712 19.7074 3
      vertex 75.2225 9 3
      vertex 65.4928 19.853 3
    endloop
  endfacet
  facet normal -0 0 1
    outer loop
      vertex 65.4354 19.5646 3
      vertex 75.2225 9 3
      vertex 65.4712 19.7074 3
    endloop
  endfacet
  facet normal -0 0 1
    outer loop
      vertex 65.3858 19.426 3
      vertex 75.2225 9 3
      vertex 65.4354 19.5646 3
    endloop
  endfacet
  facet normal -0 0 1
    outer loop
      vertex 65.3229 19.2929 3
      vertex 75.2225 9 3
      vertex 65.3858 19.426 3
    endloop
  endfacet
  facet normal -0 0 1
    outer loop
      vertex 65.2472 19.1666 3
      vertex 75.2225 9 3
      vertex 65.3229 19.2929 3
    endloop
  endfacet
  facet normal -0 0 1
    outer loop
      vertex 65.1595 19.0484 3
      vertex 75.2225 9 3
      vertex 65.2472 19.1666 3
    endloop
  endfacet
  facet normal -0 0 1
    outer loop
      vertex 65.0607 18.9393 3
      vertex 75.2225 9 3
      vertex 65.1595 19.0484 3
    endloop
  endfacet
  facet normal -0 0 1
    outer loop
      vertex 64.9516 18.8405 3
      vertex 75.2225 9 3
      vertex 65.0607 18.9393 3
    endloop
  endfacet
  facet normal -0 0 1
    outer loop
      vertex 64.8334 18.7528 3
      vertex 75.2225 9 3
      vertex 64.9516 18.8405 3
    endloop
  endfacet
  facet normal -0 0 1
    outer loop
      vertex 64.7071 18.6771 3
      vertex 75.2225 9 3
      vertex 64.8334 18.7528 3
    endloop
  endfacet
  facet normal -0 0 1
    outer loop
      vertex 64.574 18.6142 3
      vertex 75.2225 9 3
      vertex 64.7071 18.6771 3
    endloop
  endfacet
  facet normal -0 0 1
    outer loop
      vertex 64.4354 18.5646 3
      vertex 75.2225 9 3
      vertex 64.574 18.6142 3
    endloop
  endfacet
  facet normal -0 0 1
    outer loop
      vertex 64.2926 18.5288 3
      vertex 75.2225 9 3
      vertex 64.4354 18.5646 3
    endloop
  endfacet
  facet normal -0 0 1
    outer loop
      vertex 64.147 18.5072 3
      vertex 75.2225 9 3
      vertex 64.2926 18.5288 3
    endloop
  endfacet
  facet normal -0 0 1
    outer loop
      vertex 64 18.5 3
      vertex 75.2225 9 3
      vertex 64.147 18.5072 3
    endloop
  endfacet
  facet normal 0 0 1
    outer loop
      vertex 63.853 18.5072 3
      vertex 75.2225 9 3
      vertex 64 18.5 3
    endloop
  endfacet
  facet normal 0 0 1
    outer loop
      vertex 75.2225 9 3
      vertex 63.853 18.5072 3
      vertex 75.2225 0 3
    endloop
  endfacet
  facet normal 0 0 1
    outer loop
      vertex 63.7074 18.5288 3
      vertex 75.2225 0 3
      vertex 63.853 18.5072 3
    endloop
  endfacet
  facet normal 0 0 1
    outer loop
      vertex 63.5646 18.5646 3
      vertex 75.2225 0 3
      vertex 63.7074 18.5288 3
    endloop
  endfacet
  facet normal 0 0 1
    outer loop
      vertex 63.426 18.6142 3
      vertex 75.2225 0 3
      vertex 63.5646 18.5646 3
    endloop
  endfacet
  facet normal 0 0 1
    outer loop
      vertex 40.4 8 3
      vertex 63.426 18.6142 3
      vertex 63.2929 18.6771 3
    endloop
  endfacet
  facet normal 0 0 1
    outer loop
      vertex 40.4 8 3
      vertex 63.2929 18.6771 3
      vertex 63.1666 18.7528 3
    endloop
  endfacet
  facet normal 0 0 1
    outer loop
      vertex 40.4 8 3
      vertex 63.1666 18.7528 3
      vertex 63.0484 18.8405 3
    endloop
  endfacet
  facet normal 0 0 1
    outer loop
      vertex 40.4 8 3
      vertex 63.0484 18.8405 3
      vertex 62.9393 18.9393 3
    endloop
  endfacet
  facet normal 0 0 1
    outer loop
      vertex 40.4 8 3
      vertex 62.9393 18.9393 3
      vertex 62.8405 19.0484 3
    endloop
  endfacet
  facet normal 0 0 1
    outer loop
      vertex 40.4 8 3
      vertex 62.8405 19.0484 3
      vertex 62.7528 19.1666 3
    endloop
  endfacet
  facet normal 0 0 1
    outer loop
      vertex 40.4 30 3
      vertex 62.5072 19.853 3
      vertex 62.5 20 3
    endloop
  endfacet
  facet normal 0 0 1
    outer loop
      vertex 40.4 8 3
      vertex 62.5072 19.853 3
      vertex 40.4 30 3
    endloop
  endfacet
  facet normal 0 0 1
    outer loop
      vertex 62.5072 19.853 3
      vertex 40.4 8 3
      vertex 62.5288 19.7074 3
    endloop
  endfacet
  facet normal 0 0 1
    outer loop
      vertex 62.5288 19.7074 3
      vertex 40.4 8 3
      vertex 62.5646 19.5646 3
    endloop
  endfacet
  facet normal 0 0 1
    outer loop
      vertex 62.5646 19.5646 3
      vertex 40.4 8 3
      vertex 62.6142 19.426 3
    endloop
  endfacet
  facet normal 0 0 1
    outer loop
      vertex 62.6142 19.426 3
      vertex 40.4 8 3
      vertex 62.6771 19.2929 3
    endloop
  endfacet
  facet normal 0 0 1
    outer loop
      vertex 62.6771 19.2929 3
      vertex 40.4 8 3
      vertex 62.7528 19.1666 3
    endloop
  endfacet
  facet normal 0 0 1
    outer loop
      vertex 63.426 18.6142 3
      vertex 40.4 8 3
      vertex 75.2225 0 3
    endloop
  endfacet
  facet normal 0 0 1
    outer loop
      vertex 8.77752 0 3
      vertex 40.4 8 3
      vertex 38 8 3
    endloop
  endfacet
  facet normal 0 0 1
    outer loop
      vertex 34.4 8 3
      vertex 38 8 3
      vertex 34.4 30 3
    endloop
  endfacet
  facet normal 0 0 1
    outer loop
      vertex 8.77752 0 3
      vertex 38 8 3
      vertex 34.4 8 3
    endloop
  endfacet
  facet normal 0 0 1
    outer loop
      vertex 8.77752 0 3
      vertex 34.4 8 3
      vertex 32 8 3
    endloop
  endfacet
  facet normal 0 0 1
    outer loop
      vertex 28.4 8 3
      vertex 32 8 3
      vertex 28.4 30 3
    endloop
  endfacet
  facet normal 0 0 1
    outer loop
      vertex 8.77752 0 3
      vertex 32 8 3
      vertex 28.4 8 3
    endloop
  endfacet
  facet normal 0 0 1
    outer loop
      vertex 8.77752 0 3
      vertex 28.4 8 3
      vertex 26 8 3
    endloop
  endfacet
  facet normal 0 0 1
    outer loop
      vertex 22.4 8 3
      vertex 26 8 3
      vertex 22.4 30 3
    endloop
  endfacet
  facet normal 0 0 1
    outer loop
      vertex 8.77752 0 3
      vertex 26 8 3
      vertex 22.4 8 3
    endloop
  endfacet
  facet normal 0 0 1
    outer loop
      vertex 8.77752 0 3
      vertex 22.4 8 3
      vertex 20 8 3
    endloop
  endfacet
  facet normal 0 0 1
    outer loop
      vertex 16.4 8 3
      vertex 20 8 3
      vertex 16.4 30 3
    endloop
  endfacet
  facet normal 0 0 1
    outer loop
      vertex 8.77752 0 3
      vertex 20 8 3
      vertex 16.4 8 3
    endloop
  endfacet
  facet normal 0 0 1
    outer loop
      vertex 8.77752 0 3
      vertex 16.4 8 3
      vertex 14 8 3
    endloop
  endfacet
  facet normal 0 0 1
    outer loop
      vertex 40.4 8 3
      vertex 8.77752 0 3
      vertex 75.2225 0 3
    endloop
  endfacet
  facet normal 0 0 1
    outer loop
      vertex 8.77752 0 3
      vertex 14 8 3
      vertex 8.77752 9 3
    endloop
  endfacet
  facet normal 0 -0.707107 -0.707107
    outer loop
      vertex 3 63 64.7573
      vertex 81 56.7573 71
      vertex 3 56.7573 71
    endloop
  endfacet
  facet normal 0 -0.707107 -0.707107
    outer loop
      vertex 81 56.7573 71
      vertex 3 63 64.7573
      vertex 81 63 64.7573
    endloop
  endfacet
  facet normal -1 0 0
    outer loop
      vertex 81 0 8.77752
      vertex 81 9 65.2225
      vertex 81 9 8.77752
    endloop
  endfacet
  facet normal -1 -0 0
    outer loop
      vertex 81 9 65.2225
      vertex 81 0 8.77752
      vertex 81 0 65.2225
    endloop
  endfacet
  facet normal -1 0 0
    outer loop
      vertex 81 0 3
      vertex 81 9 3.42248
      vertex 81 34.7573 3
    endloop
  endfacet
  facet normal -1 -0 0
    outer loop
      vertex 81 9 3.42248
      vertex 81 0 3
      vertex 81 0 3.42248
    endloop
  endfacet
  facet normal -1 0 0
    outer loop
      vertex 81 63 31.2427
      vertex 81 56.7573 71
      vertex 81 63 64.7573
    endloop
  endfacet
  facet normal -1 0 0
    outer loop
      vertex 81 9 65.2225
      vertex 81 63 31.2427
      vertex 81 34.7573 3
    endloop
  endfacet
  facet normal -1 0 0
    outer loop
      vertex 81 9 8.77752
      vertex 81 34.7573 3
      vertex 81 9 3.42248
    endloop
  endfacet
  facet normal -1 0 0
    outer loop
      vertex 81 9 65.2225
      vertex 81 34.7573 3
      vertex 81 9 8.77752
    endloop
  endfacet
  facet normal -1 0 0
    outer loop
      vertex 81 63 31.2427
      vertex 81 9 65.2225
      vertex 81 56.7573 71
    endloop
  endfacet
  facet normal -1 0 0
    outer loop
      vertex 81 9 70.5775
      vertex 81 56.7573 71
      vertex 81 9 65.2225
    endloop
  endfacet
  facet normal -1 0 0
    outer loop
      vertex 81 0 71
      vertex 81 9 70.5775
      vertex 81 0 70.5775
    endloop
  endfacet
  facet normal -1 0 0
    outer loop
      vertex 81 9 70.5775
      vertex 81 0 71
      vertex 81 56.7573 71
    endloop
  endfacet
  facet normal -0.000328849 -0.706889 0.707324
    outer loop
      vertex 81 63 31.2427
      vertex 72.6246 56.8258 25.0684
      vertex 72.85 56.8336 25.0763
    endloop
  endfacet
  facet normal 1.399e-06 -0.707113 0.7071
    outer loop
      vertex 81 63 31.2427
      vertex 72.4013 56.8024 25.045
      vertex 72.6246 56.8258 25.0684
    endloop
  endfacet
  facet normal 0.000430608 -0.707411 0.706802
    outer loop
      vertex 81 63 31.2427
      vertex 72.1823 56.7636 25.0063
      vertex 72.4013 56.8024 25.045
    endloop
  endfacet
  facet normal -1.77152e-14 -0.707107 0.707107
    outer loop
      vertex 81 63 31.2427
      vertex 71.9698 56.7098 24.9525
      vertex 72.1823 56.7636 25.0063
    endloop
  endfacet
  facet normal -0.000114547 -0.707454 0.70676
    outer loop
      vertex 56.9 59.0964 27.339
      vertex 71.7658 56.6416 24.8842
      vertex 71.9698 56.7098 24.9525
    endloop
  endfacet
  facet normal 0.000102408 -0.706797 0.707417
    outer loop
      vertex 56.9 59.0964 27.339
      vertex 71.5722 56.5595 24.8022
      vertex 71.7658 56.6416 24.8842
    endloop
  endfacet
  facet normal -0.000100351 -0.707383 0.70683
    outer loop
      vertex 56.9 59.0964 27.339
      vertex 71.3909 56.4645 24.7071
      vertex 71.5722 56.5595 24.8022
    endloop
  endfacet
  facet normal -3.15046e-16 -0.707107 0.707107
    outer loop
      vertex 56.9 59.0964 27.339
      vertex 71.2237 56.3573 24.5999
      vertex 71.3909 56.4645 24.7071
    endloop
  endfacet
  facet normal 9.18356e-05 -0.706867 0.707347
    outer loop
      vertex 56.9 59.0964 27.339
      vertex 71.0721 56.239 24.4817
      vertex 71.2237 56.3573 24.5999
    endloop
  endfacet
  facet normal -4.1183e-06 -0.707105 0.707109
    outer loop
      vertex 56.9 59.0964 27.339
      vertex 70.9376 56.1108 24.3535
      vertex 71.0721 56.239 24.4817
    endloop
  endfacet
  facet normal -4.26807e-06 -0.707105 0.707109
    outer loop
      vertex 56.9 59.0964 27.339
      vertex 70.8216 55.9739 24.2166
      vertex 70.9376 56.1108 24.3535
    endloop
  endfacet
  facet normal -0.000100017 -0.707318 0.706895
    outer loop
      vertex 56.9 59.0964 27.339
      vertex 70.7251 55.8297 24.0723
      vertex 70.8216 55.9739 24.2166
    endloop
  endfacet
  facet normal 3.77928e-15 -0.707107 0.707107
    outer loop
      vertex 56.9 59.0964 27.339
      vertex 70.649 55.6794 23.922
      vertex 70.7251 55.8297 24.0723
    endloop
  endfacet
  facet normal 0 -0.707107 0.707107
    outer loop
      vertex 56.9 59.0964 27.339
      vertex 70.5942 55.5246 23.7672
      vertex 70.649 55.6794 23.922
    endloop
  endfacet
  facet normal -1.47378e-16 -0.707107 0.707107
    outer loop
      vertex 66.8261 51.5285 19.7711
      vertex 70.5942 55.5246 23.7672
      vertex 56.9 59.0964 27.339
    endloop
  endfacet
  facet normal -0.000910287 -0.706677 0.707536
    outer loop
      vertex 66.9555 51.5833 19.826
      vertex 70.5942 55.5246 23.7672
      vertex 66.8261 51.5285 19.7711
    endloop
  endfacet
  facet normal -8.67565e-06 -0.707094 0.70712
    outer loop
      vertex 67.0919 51.6289 19.8716
      vertex 70.5942 55.5246 23.7672
      vertex 66.9555 51.5833 19.826
    endloop
  endfacet
  facet normal 0.000403577 -0.707285 0.706929
    outer loop
      vertex 67.3403 51.712 19.9546
      vertex 70.5611 55.3667 23.6093
      vertex 67.0919 51.6289 19.8716
    endloop
  endfacet
  facet normal -0.000351759 -0.706952 0.707262
    outer loop
      vertex 67.599 51.7774 20.0201
      vertex 70.5611 55.3667 23.6093
      vertex 67.3403 51.712 19.9546
    endloop
  endfacet
  facet normal 2.60717e-05 -0.707108 0.707106
    outer loop
      vertex 70.5611 55.3667 23.6093
      vertex 67.599 51.7774 20.0201
      vertex 70.55 55.2073 23.4499
    endloop
  endfacet
  facet normal 0.000629964 -0.707367 0.706846
    outer loop
      vertex 67.741 51.8134 20.056
      vertex 70.55 55.2073 23.4499
      vertex 67.599 51.7774 20.0201
    endloop
  endfacet
  facet normal 2.44063e-05 -0.707106 0.707108
    outer loop
      vertex 70.55 55.2073 23.4499
      vertex 67.8873 51.8393 20.082
      vertex 70.5611 55.0479 23.2905
    endloop
  endfacet
  facet normal 0.000512521 -0.707291 0.706923
    outer loop
      vertex 68.3031 51.9022 20.1448
      vertex 70.5611 55.0479 23.2905
      vertex 68.1539 51.8865 20.1292
    endloop
  endfacet
  facet normal -0.000482978 -0.706933 0.70728
    outer loop
      vertex 70.5611 55.0479 23.2905
      vertex 68.3031 51.9022 20.1448
      vertex 70.5942 54.89 23.1327
    endloop
  endfacet
  facet normal 2.69851e-06 -0.70712 0.707094
    outer loop
      vertex 68.5749 51.9307 20.1733
      vertex 70.5942 54.89 23.1327
      vertex 68.3031 51.9022 20.1448
    endloop
  endfacet
  facet normal -0.0002645 -0.707009 0.707205
    outer loop
      vertex 68.8493 51.9402 20.1829
      vertex 70.649 54.7352 22.9778
      vertex 68.5749 51.9307 20.1733
    endloop
  endfacet
  facet normal -0.000405686 -0.706974 0.707239
    outer loop
      vertex 70.649 54.7352 22.9778
      vertex 69 51.9454 20.1881
      vertex 70.7251 54.5849 22.8276
    endloop
  endfacet
  facet normal -0.000327336 -0.707032 0.707181
    outer loop
      vertex 71.2237 54.0573 22.2999
      vertex 70.401 51.7774 20.0201
      vertex 71.3909 53.9501 22.1928
    endloop
  endfacet
  facet normal -0.000449083 -0.70701 0.707203
    outer loop
      vertex 70.401 51.7774 20.0201
      vertex 71.2237 54.0573 22.2999
      vertex 70.259 51.8134 20.056
    endloop
  endfacet
  facet normal 0.000449081 -0.707203 0.70701
    outer loop
      vertex 70.259 51.8134 20.056
      vertex 71.2237 54.0573 22.2999
      vertex 70.1127 51.8393 20.082
    endloop
  endfacet
  facet normal 0.000353268 -0.707179 0.707034
    outer loop
      vertex 71.0721 54.1755 22.4182
      vertex 70.1127 51.8393 20.082
      vertex 71.2237 54.0573 22.2999
    endloop
  endfacet
  facet normal 8.78325e-15 -0.707107 0.707107
    outer loop
      vertex 70.1127 51.8393 20.082
      vertex 71.0721 54.1755 22.4182
      vertex 69.8461 51.8865 20.1292
    endloop
  endfacet
  facet normal -1.63333e-14 -0.707107 0.707107
    outer loop
      vertex 69.1507 51.9402 20.1829
      vertex 70.7251 54.5849 22.8276
      vertex 69 51.9454 20.1881
    endloop
  endfacet
  facet normal 6.75245e-16 -0.707107 0.707107
    outer loop
      vertex 70.9376 54.3037 22.5464
      vertex 69.8461 51.8865 20.1292
      vertex 71.0721 54.1755 22.4182
    endloop
  endfacet
  facet normal -0.0004525 -0.707005 0.707209
    outer loop
      vertex 69.8461 51.8865 20.1292
      vertex 70.9376 54.3037 22.5464
      vertex 69.6969 51.9022 20.1448
    endloop
  endfacet
  facet normal -2.1587e-05 -0.707116 0.707098
    outer loop
      vertex 70.8216 54.4406 22.6833
      vertex 69.6969 51.9022 20.1448
      vertex 70.9376 54.3037 22.5464
    endloop
  endfacet
  facet normal -2.79119e-06 -0.70712 0.707093
    outer loop
      vertex 69.6969 51.9022 20.1448
      vertex 70.8216 54.4406 22.6833
      vertex 69.4251 51.9307 20.1733
    endloop
  endfacet
  facet normal -2.29952e-05 -0.707114 0.707099
    outer loop
      vertex 70.7251 54.5849 22.8276
      vertex 69.4251 51.9307 20.1733
      vertex 70.8216 54.4406 22.6833
    endloop
  endfacet
  facet normal 0.000252461 -0.707182 0.707032
    outer loop
      vertex 69.4251 51.9307 20.1733
      vertex 70.7251 54.5849 22.8276
      vertex 69.1507 51.9402 20.1829
    endloop
  endfacet
  facet normal -8.9281e-07 -0.707094 0.70712
    outer loop
      vertex 69 51.9454 20.1881
      vertex 70.649 54.7352 22.9778
      vertex 68.8493 51.9402 20.1829
    endloop
  endfacet
  facet normal 0.000417613 -0.707261 0.706952
    outer loop
      vertex 70.5942 54.89 23.1327
      vertex 68.5749 51.9307 20.1733
      vertex 70.649 54.7352 22.9778
    endloop
  endfacet
  facet normal -4.57702e-06 -0.707094 0.70712
    outer loop
      vertex 68.1539 51.8865 20.1292
      vertex 70.5611 55.0479 23.2905
      vertex 67.8873 51.8393 20.082
    endloop
  endfacet
  facet normal -0.000566491 -0.706872 0.707341
    outer loop
      vertex 67.8873 51.8393 20.082
      vertex 70.55 55.2073 23.4499
      vertex 67.741 51.8134 20.056
    endloop
  endfacet
  facet normal 2.63289e-05 -0.70711 0.707104
    outer loop
      vertex 70.5942 55.5246 23.7672
      vertex 67.0919 51.6289 19.8716
      vertex 70.5611 55.3667 23.6093
    endloop
  endfacet
  facet normal 0.000192901 -0.70698 0.707233
    outer loop
      vertex 56.9 59.0964 27.339
      vertex 66.5905 51.4286 19.6713
      vertex 66.8261 51.5285 19.7711
    endloop
  endfacet
  facet normal -2.9094e-06 -0.707104 0.70711
    outer loop
      vertex 56.9 59.0964 27.339
      vertex 66.3698 51.3128 19.5555
      vertex 66.5905 51.4286 19.6713
    endloop
  endfacet
  facet normal -2.9068e-06 -0.707104 0.70711
    outer loop
      vertex 56.9 59.0964 27.339
      vertex 66.2486 51.2493 19.492
      vertex 66.3698 51.3128 19.5555
    endloop
  endfacet
  facet normal -3.27498e-06 -0.707104 0.707109
    outer loop
      vertex 56.9 59.0964 27.339
      vertex 66.045 51.1188 19.3615
      vertex 66.2486 51.2493 19.492
    endloop
  endfacet
  facet normal -3.27341e-06 -0.707104 0.707109
    outer loop
      vertex 56.9 59.0964 27.339
      vertex 65.9332 51.0472 19.2899
      vertex 66.045 51.1188 19.3615
    endloop
  endfacet
  facet normal -0.000375788 -0.707313 0.7069
    outer loop
      vertex 56.9 59.0964 27.339
      vertex 65.8319 50.9682 19.2108
      vertex 65.9332 51.0472 19.2899
    endloop
  endfacet
  facet normal 0.000206344 -0.706993 0.70722
    outer loop
      vertex 56.9 59.0964 27.339
      vertex 65.6474 50.8242 19.0669
      vertex 65.8319 50.9682 19.2108
    endloop
  endfacet
  facet normal -4.06026e-06 -0.707105 0.707109
    outer loop
      vertex 56.9 59.0964 27.339
      vertex 65.5576 50.7385 18.9812
      vertex 65.6474 50.8242 19.0669
    endloop
  endfacet
  facet normal -0.000221397 -0.707217 0.706996
    outer loop
      vertex 56.9 59.0964 27.339
      vertex 65.3939 50.5825 18.8251
      vertex 65.5576 50.7385 18.9812
    endloop
  endfacet
  facet normal 0.00022991 -0.706992 0.707221
    outer loop
      vertex 56.9 59.0964 27.339
      vertex 65.2526 50.4158 18.6585
      vertex 65.3939 50.5825 18.8251
    endloop
  endfacet
  facet normal -4.50244e-06 -0.707105 0.707109
    outer loop
      vertex 56.9 59.0964 27.339
      vertex 65.1751 50.3243 18.567
      vertex 65.2526 50.4158 18.6585
    endloop
  endfacet
  facet normal -4.99921e-06 -0.707105 0.707108
    outer loop
      vertex 56.9 59.0964 27.339
      vertex 65.1106 50.2279 18.4706
      vertex 65.1751 50.3243 18.567
    endloop
  endfacet
  facet normal -0.000257429 -0.707222 0.706992
    outer loop
      vertex 56.9 59.0964 27.339
      vertex 64.9931 50.0523 18.2949
      vertex 65.1106 50.2279 18.4706
    endloop
  endfacet
  facet normal 0.000275877 -0.706983 0.70723
    outer loop
      vertex 56.9 59.0964 27.339
      vertex 64.9005 49.8693 18.112
      vertex 64.9931 50.0523 18.2949
    endloop
  endfacet
  facet normal -5.58132e-06 -0.707105 0.707108
    outer loop
      vertex 56.9 59.0964 27.339
      vertex 64.8497 49.7689 18.0116
      vertex 64.9005 49.8693 18.112
    endloop
  endfacet
  facet normal -6.28142e-06 -0.707106 0.707108
    outer loop
      vertex 56.9 59.0964 27.339
      vertex 64.813 49.6654 17.9081
      vertex 64.8497 49.7689 18.0116
    endloop
  endfacet
  facet normal -0.000320809 -0.707238 0.706976
    outer loop
      vertex 56.9 59.0964 27.339
      vertex 64.7463 49.477 17.7196
      vertex 64.813 49.6654 17.9081
    endloop
  endfacet
  facet normal -9.64972e-15 -0.707107 0.707107
    outer loop
      vertex 56.9 59.0964 27.339
      vertex 64.7241 49.3715 17.6141
      vertex 64.7463 49.477 17.7196
    endloop
  endfacet
  facet normal -5.30071e-15 -0.707107 0.707107
    outer loop
      vertex 56.9 59.0964 27.339
      vertex 64.6838 49.1793 17.4219
      vertex 64.7241 49.3715 17.6141
    endloop
  endfacet
  facet normal 0.000426463 -0.706939 0.707274
    outer loop
      vertex 56.9 59.0964 27.339
      vertex 64.6703 48.9852 17.2279
      vertex 64.6838 49.1793 17.4219
    endloop
  endfacet
  facet normal -0.000800334 -0.707411 0.706802
    outer loop
      vertex 56.9 59.0964 27.339
      vertex 64.6629 48.8787 17.1213
      vertex 64.6703 48.9852 17.2279
    endloop
  endfacet
  facet normal 1.82176e-06 -0.707106 0.707107
    outer loop
      vertex 56.9 38.661 6.90364
      vertex 64.6629 48.8787 17.1213
      vertex 56.9 59.0964 27.339
    endloop
  endfacet
  facet normal -0.000796995 -0.706802 0.707411
    outer loop
      vertex 64.6629 48.8787 17.1213
      vertex 56.9 38.661 6.90364
      vertex 64.6703 48.7721 17.0148
    endloop
  endfacet
  facet normal 0.0004298 -0.707274 0.706939
    outer loop
      vertex 64.6703 48.7721 17.0148
      vertex 56.9 38.661 6.90364
      vertex 64.6838 48.5781 16.8207
    endloop
  endfacet
  facet normal 2.86766e-06 -0.707106 0.707107
    outer loop
      vertex 64.6838 48.5781 16.8207
      vertex 56.9 38.661 6.90364
      vertex 64.7241 48.3859 16.6285
    endloop
  endfacet
  facet normal 2.86554e-06 -0.707106 0.707107
    outer loop
      vertex 64.7241 48.3859 16.6285
      vertex 56.9 38.661 6.90364
      vertex 64.7463 48.2804 16.523
    endloop
  endfacet
  facet normal -0.000318294 -0.706975 0.707238
    outer loop
      vertex 64.7463 48.2804 16.523
      vertex 56.9 38.661 6.90364
      vertex 64.813 48.0919 16.3346
    endloop
  endfacet
  facet normal -3.76886e-06 -0.707107 0.707106
    outer loop
      vertex 64.813 48.0919 16.3346
      vertex 56.9 38.661 6.90364
      vertex 64.8497 47.9884 16.2311
    endloop
  endfacet
  facet normal -3.34879e-06 -0.707108 0.707106
    outer loop
      vertex 64.8497 47.9884 16.2311
      vertex 56.9 38.661 6.90364
      vertex 64.9005 47.888 16.1307
    endloop
  endfacet
  facet normal 0.000278109 -0.70723 0.706984
    outer loop
      vertex 64.9005 47.888 16.1307
      vertex 56.9 38.661 6.90364
      vertex 64.9931 47.7051 15.9477
    endloop
  endfacet
  facet normal -0.000255429 -0.706991 0.707223
    outer loop
      vertex 64.9931 47.7051 15.9477
      vertex 56.9 38.661 6.90364
      vertex 65.1106 47.5294 15.7721
    endloop
  endfacet
  facet normal -0.000219774 -0.706995 0.707218
    outer loop
      vertex 56.9 38.661 6.90364
      vertex 65.5576 47.0188 15.2615
      vertex 65.3939 47.1749 15.4175
    endloop
  endfacet
  facet normal 0.000207805 -0.707219 0.706994
    outer loop
      vertex 56.9 38.661 6.90364
      vertex 65.8319 46.7892 15.0318
      vertex 65.6474 46.9331 15.1758
    endloop
  endfacet
  facet normal 8.8918e-15 -0.707107 0.707107
    outer loop
      vertex 70.5942 42.2328 10.4754
      vertex 66.8261 46.2289 14.4715
      vertex 66.5905 46.3288 14.5714
    endloop
  endfacet
  facet normal -8.67565e-06 -0.70712 0.707094
    outer loop
      vertex 70.5942 42.2328 10.4754
      vertex 67.0919 46.1284 14.3711
      vertex 66.9555 46.174 14.4167
    endloop
  endfacet
  facet normal -6.29337e-06 -0.707119 0.707094
    outer loop
      vertex 70.5611 42.3907 10.6333
      vertex 67.599 45.9799 14.2226
      vertex 67.3403 46.0453 14.288
    endloop
  endfacet
  facet normal -8.9281e-07 -0.70712 0.707094
    outer loop
      vertex 70.649 43.0222 11.2648
      vertex 69 45.8119 14.0546
      vertex 68.8493 45.8171 14.0598
    endloop
  endfacet
  facet normal -0.0002645 -0.707205 0.707009
    outer loop
      vertex 70.649 43.0222 11.2648
      vertex 68.8493 45.8171 14.0598
      vertex 68.5749 45.8267 14.0693
    endloop
  endfacet
  facet normal 2.69851e-06 -0.707094 0.70712
    outer loop
      vertex 70.5942 42.8673 11.11
      vertex 68.5749 45.8267 14.0693
      vertex 68.3031 45.8552 14.0978
    endloop
  endfacet
  facet normal 0.000512521 -0.706923 0.707291
    outer loop
      vertex 70.5611 42.7095 10.9521
      vertex 68.3031 45.8552 14.0978
      vertex 68.1539 45.8708 14.1135
    endloop
  endfacet
  facet normal -4.57702e-06 -0.70712 0.707094
    outer loop
      vertex 70.5611 42.7095 10.9521
      vertex 68.1539 45.8708 14.1135
      vertex 67.8873 45.918 14.1607
    endloop
  endfacet
  facet normal -0.000566491 -0.707341 0.706872
    outer loop
      vertex 70.55 42.5501 10.7927
      vertex 67.8873 45.918 14.1607
      vertex 67.741 45.944 14.1866
    endloop
  endfacet
  facet normal 2.60717e-05 -0.707106 0.707108
    outer loop
      vertex 70.55 42.5501 10.7927
      vertex 67.599 45.9799 14.2226
      vertex 70.5611 42.3907 10.6333
    endloop
  endfacet
  facet normal -8.68419e-06 -0.70712 0.707094
    outer loop
      vertex 67.0919 46.1284 14.3711
      vertex 70.5942 42.2328 10.4754
      vertex 67.3403 46.0453 14.288
    endloop
  endfacet
  facet normal -0.000289942 -0.707448 0.706765
    outer loop
      vertex 69 45.8119 14.0546
      vertex 72.6246 44.1686 12.4112
      vertex 72.85 44.1764 12.4191
    endloop
  endfacet
  facet normal 3.6625e-06 -0.707124 0.707089
    outer loop
      vertex 69 45.8119 14.0546
      vertex 72.4013 44.1452 12.3878
      vertex 72.6246 44.1686 12.4112
    endloop
  endfacet
  facet normal 5.5204e-06 -0.707122 0.707091
    outer loop
      vertex 69 45.8119 14.0546
      vertex 72.1823 44.1064 12.349
      vertex 72.4013 44.1452 12.3878
    endloop
  endfacet
  facet normal 0.000233189 -0.70691 0.707304
    outer loop
      vertex 69 45.8119 14.0546
      vertex 71.9698 44.0526 12.2953
      vertex 72.1823 44.1064 12.349
    endloop
  endfacet
  facet normal -0.000221518 -0.707294 0.70692
    outer loop
      vertex 69 45.8119 14.0546
      vertex 71.7658 43.9844 12.227
      vertex 71.9698 44.0526 12.2953
    endloop
  endfacet
  facet normal -0.000910287 -0.707536 0.706677
    outer loop
      vertex 66.8261 46.2289 14.4715
      vertex 70.5942 42.2328 10.4754
      vertex 66.9555 46.174 14.4167
    endloop
  endfacet
  facet normal 0.000232509 -0.70695 0.707263
    outer loop
      vertex 69 45.8119 14.0546
      vertex 71.5722 43.9023 12.145
      vertex 71.7658 43.9844 12.227
    endloop
  endfacet
  facet normal -1.27558e-14 -0.707107 0.707107
    outer loop
      vertex 69 45.8119 14.0546
      vertex 71.3909 43.8072 12.0499
      vertex 71.5722 43.9023 12.145
    endloop
  endfacet
  facet normal 0.000193844 -0.707227 0.706986
    outer loop
      vertex 56.9 38.661 6.90364
      vertex 66.5905 46.3288 14.5714
      vertex 66.3698 46.4445 14.6872
    endloop
  endfacet
  facet normal -1.74408e-06 -0.707108 0.707105
    outer loop
      vertex 56.9 38.661 6.90364
      vertex 66.3698 46.4445 14.6872
      vertex 66.2486 46.508 14.7507
    endloop
  endfacet
  facet normal -0.000239704 -0.70725 0.706964
    outer loop
      vertex 69 45.8119 14.0546
      vertex 71.2237 43.7001 11.9427
      vertex 71.3909 43.8072 12.0499
    endloop
  endfacet
  facet normal 0.000270433 -0.706981 0.707232
    outer loop
      vertex 69 45.8119 14.0546
      vertex 71.0721 43.5818 11.8245
      vertex 71.2237 43.7001 11.9427
    endloop
  endfacet
  facet normal 0 -0.707107 0.707107
    outer loop
      vertex 69 45.8119 14.0546
      vertex 70.9376 43.4536 11.6963
      vertex 71.0721 43.5818 11.8245
    endloop
  endfacet
  facet normal -1.96499e-06 -0.707108 0.707105
    outer loop
      vertex 56.9 38.661 6.90364
      vertex 66.2486 46.508 14.7507
      vertex 66.045 46.6385 14.8812
    endloop
  endfacet
  facet normal -1.96405e-06 -0.707108 0.707105
    outer loop
      vertex 56.9 38.661 6.90364
      vertex 66.045 46.6385 14.8812
      vertex 65.9332 46.7101 14.9528
    endloop
  endfacet
  facet normal 1.04902e-14 -0.707107 0.707107
    outer loop
      vertex 69 45.8119 14.0546
      vertex 70.8216 43.3167 11.5594
      vertex 70.9376 43.4536 11.6963
    endloop
  endfacet
  facet normal -1.99518e-14 -0.707107 0.707107
    outer loop
      vertex 69 45.8119 14.0546
      vertex 70.7251 43.1724 11.4151
      vertex 70.8216 43.3167 11.5594
    endloop
  endfacet
  facet normal -0.000405686 -0.707239 0.706974
    outer loop
      vertex 69 45.8119 14.0546
      vertex 70.649 43.0222 11.2648
      vertex 70.7251 43.1724 11.4151
    endloop
  endfacet
  facet normal -0.000374326 -0.706899 0.707314
    outer loop
      vertex 65.8319 46.7892 15.0318
      vertex 56.9 38.661 6.90364
      vertex 65.9332 46.7101 14.9528
    endloop
  endfacet
  facet normal 0.000417613 -0.706952 0.707261
    outer loop
      vertex 68.5749 45.8267 14.0693
      vertex 70.5942 42.8673 11.11
      vertex 70.649 43.0222 11.2648
    endloop
  endfacet
  facet normal -0.000482978 -0.70728 0.706933
    outer loop
      vertex 68.3031 45.8552 14.0978
      vertex 70.5611 42.7095 10.9521
      vertex 70.5942 42.8673 11.11
    endloop
  endfacet
  facet normal 2.44063e-05 -0.707108 0.707106
    outer loop
      vertex 67.8873 45.918 14.1607
      vertex 70.55 42.5501 10.7927
      vertex 70.5611 42.7095 10.9521
    endloop
  endfacet
  facet normal 0.000629964 -0.706846 0.707367
    outer loop
      vertex 67.599 45.9799 14.2226
      vertex 70.55 42.5501 10.7927
      vertex 67.741 45.944 14.1866
    endloop
  endfacet
  facet normal 2.88064e-05 -0.707104 0.70711
    outer loop
      vertex 67.3403 46.0453 14.288
      vertex 70.5942 42.2328 10.4754
      vertex 70.5611 42.3907 10.6333
    endloop
  endfacet
  facet normal 1.64582e-06 -0.707106 0.707108
    outer loop
      vertex 66.5905 46.3288 14.5714
      vertex 56.9 38.661 6.90364
      vertex 70.5942 42.2328 10.4754
    endloop
  endfacet
  facet normal -2.43616e-06 -0.707108 0.707106
    outer loop
      vertex 65.5576 47.0188 15.2615
      vertex 56.9 38.661 6.90364
      vertex 65.6474 46.9331 15.1758
    endloop
  endfacet
  facet normal 1.89083e-06 -0.707106 0.707107
    outer loop
      vertex 70.5942 42.2328 10.4754
      vertex 56.9 38.661 6.90364
      vertex 70.649 42.078 10.3206
    endloop
  endfacet
  facet normal 1.82726e-06 -0.707106 0.707107
    outer loop
      vertex 70.649 42.078 10.3206
      vertex 56.9 38.661 6.90364
      vertex 70.7251 41.9277 10.1703
    endloop
  endfacet
  facet normal -9.82501e-05 -0.706895 0.707319
    outer loop
      vertex 70.7251 41.9277 10.1703
      vertex 56.9 38.661 6.90364
      vertex 70.8216 41.7834 10.0261
    endloop
  endfacet
  facet normal -0.000295574 -0.707308 0.706906
    outer loop
      vertex 72.4013 40.955 9.19763
      vertex 81 34.7573 3
      vertex 72.6246 40.9315 9.17421
    endloop
  endfacet
  facet normal 0.00034419 -0.706864 0.707349
    outer loop
      vertex 72.1823 40.9937 9.23641
      vertex 81 34.7573 3
      vertex 72.4013 40.955 9.19763
    endloop
  endfacet
  facet normal -0.000155909 -0.707218 0.706996
    outer loop
      vertex 71.9698 41.0475 9.29018
      vertex 81 34.7573 3
      vertex 72.1823 40.9937 9.23641
    endloop
  endfacet
  facet normal -1.81931e-06 -0.707107 0.707107
    outer loop
      vertex 81 34.7573 3
      vertex 71.9698 41.0475 9.29018
      vertex 56.9 38.661 6.90364
    endloop
  endfacet
  facet normal -6.80773e-05 -0.706898 0.707316
    outer loop
      vertex 71.7658 41.1158 9.35842
      vertex 56.9 38.661 6.90364
      vertex 71.9698 41.0475 9.29018
    endloop
  endfacet
  facet normal 5.18997e-05 -0.707261 0.706952
    outer loop
      vertex 71.5722 41.1978 9.44047
      vertex 56.9 38.661 6.90364
      vertex 71.7658 41.1158 9.35842
    endloop
  endfacet
  facet normal -3.00971e-05 -0.707024 0.70719
    outer loop
      vertex 71.3909 41.2929 9.53554
      vertex 56.9 38.661 6.90364
      vertex 71.5722 41.1978 9.44047
    endloop
  endfacet
  facet normal -1.86726e-05 -0.707055 0.707158
    outer loop
      vertex 71.2237 41.4001 9.64272
      vertex 56.9 38.661 6.90364
      vertex 71.3909 41.2929 9.53554
    endloop
  endfacet
  facet normal 5.59016e-05 -0.70725 0.706963
    outer loop
      vertex 71.0721 41.5183 9.76098
      vertex 56.9 38.661 6.90364
      vertex 71.2237 41.4001 9.64272
    endloop
  endfacet
  facet normal -1.64732e-06 -0.707108 0.707106
    outer loop
      vertex 70.9376 41.6465 9.88918
      vertex 56.9 38.661 6.90364
      vertex 71.0721 41.5183 9.76098
    endloop
  endfacet
  facet normal 1.69073e-05 -0.707151 0.707062
    outer loop
      vertex 70.8216 41.7834 10.0261
      vertex 56.9 38.661 6.90364
      vertex 70.9376 41.6465 9.88918
    endloop
  endfacet
  facet normal 0.000231709 -0.707221 0.706993
    outer loop
      vertex 65.2526 47.3415 15.5842
      vertex 56.9 38.661 6.90364
      vertex 65.3939 47.1749 15.4175
    endloop
  endfacet
  facet normal -2.70147e-06 -0.707108 0.707106
    outer loop
      vertex 65.1751 47.433 15.6757
      vertex 56.9 38.661 6.90364
      vertex 65.2526 47.3415 15.5842
    endloop
  endfacet
  facet normal -2.99953e-06 -0.707108 0.707106
    outer loop
      vertex 65.1106 47.5294 15.7721
      vertex 56.9 38.661 6.90364
      vertex 65.1751 47.433 15.6757
    endloop
  endfacet
  facet normal 0 -0.707101 0.707113
    outer loop
      vertex 28.7 59.0964 27.339
      vertex 42 53.4135 21.6562
      vertex 55.3 59.0964 27.339
    endloop
  endfacet
  facet normal -0.000331859 -0.707489 0.706725
    outer loop
      vertex 28.7 59.0964 27.339
      vertex 41.8027 53.4067 21.6493
      vertex 42 53.4135 21.6562
    endloop
  endfacet
  facet normal 0.000151828 -0.706932 0.707282
    outer loop
      vertex 28.7 59.0964 27.339
      vertex 41.3714 53.3917 21.6344
      vertex 41.8027 53.4067 21.6493
    endloop
  endfacet
  facet normal -1.05449e-06 -0.707102 0.707112
    outer loop
      vertex 28.7 59.0964 27.339
      vertex 40.9443 53.3469 21.5896
      vertex 41.3714 53.3917 21.6344
    endloop
  endfacet
  facet normal -1.05421e-06 -0.707102 0.707112
    outer loop
      vertex 28.7 59.0964 27.339
      vertex 40.7488 53.3264 21.5691
      vertex 40.9443 53.3469 21.5896
    endloop
  endfacet
  facet normal -0.000270965 -0.707383 0.70683
    outer loop
      vertex 28.7 59.0964 27.339
      vertex 40.5572 53.2925 21.5351
      vertex 40.7488 53.3264 21.5691
    endloop
  endfacet
  facet normal -4.55229e-15 -0.707107 0.707107
    outer loop
      vertex 28.7 59.0964 27.339
      vertex 40.1383 53.2183 21.4609
      vertex 40.5572 53.2925 21.5351
    endloop
  endfacet
  facet normal 0.000116562 -0.706993 0.70722
    outer loop
      vertex 28.7 59.0964 27.339
      vertex 39.7318 53.1154 21.3581
      vertex 40.1383 53.2183 21.4609
    endloop
  endfacet
  facet normal -2.03992e-06 -0.707103 0.707111
    outer loop
      vertex 28.7 59.0964 27.339
      vertex 39.5457 53.0683 21.311
      vertex 39.7318 53.1154 21.3581
    endloop
  endfacet
  facet normal -2.4489e-06 -0.707103 0.70711
    outer loop
      vertex 28.7 59.0964 27.339
      vertex 39.1554 52.9378 21.1805
      vertex 39.5457 53.0683 21.311
    endloop
  endfacet
  facet normal -0.000254954 -0.707317 0.706896
    outer loop
      vertex 28.7 59.0964 27.339
      vertex 38.9768 52.8781 21.1207
      vertex 39.1554 52.9378 21.1805
    endloop
  endfacet
  facet normal 0.000245315 -0.706904 0.707309
    outer loop
      vertex 28.7 59.0964 27.339
      vertex 38.8073 52.8062 21.0489
      vertex 38.9768 52.8781 21.1207
    endloop
  endfacet
  facet normal -0.000116427 -0.707195 0.707019
    outer loop
      vertex 28.7 59.0964 27.339
      vertex 38.437 52.6493 20.8919
      vertex 38.8073 52.8062 21.0489
    endloop
  endfacet
  facet normal 0.000113766 -0.707021 0.707193
    outer loop
      vertex 28.7 59.0964 27.339
      vertex 38.0901 52.4674 20.7101
      vertex 38.437 52.6493 20.8919
    endloop
  endfacet
  facet normal -0.000258922 -0.707285 0.706929
    outer loop
      vertex 28.7 59.0964 27.339
      vertex 37.9315 52.3842 20.6268
      vertex 38.0901 52.4674 20.7101
    endloop
  endfacet
  facet normal 8.15376e-15 -0.707107 0.707107
    outer loop
      vertex 28.7 59.0964 27.339
      vertex 37.7851 52.2904 20.533
      vertex 37.9315 52.3842 20.6268
    endloop
  endfacet
  facet normal 0.000119099 -0.707027 0.707186
    outer loop
      vertex 28.7 59.0964 27.339
      vertex 37.4651 52.0853 20.328
      vertex 37.7851 52.2904 20.533
    endloop
  endfacet
  facet normal -0.000127419 -0.707181 0.707032
    outer loop
      vertex 28.7 59.0964 27.339
      vertex 37.1751 51.8591 20.1017
      vertex 37.4651 52.0853 20.328
    endloop
  endfacet
  facet normal -1.09412e-14 -0.707107 0.707107
    outer loop
      vertex 28.7 59.0964 27.339
      vertex 37.0425 51.7556 19.9982
      vertex 37.1751 51.8591 20.1017
    endloop
  endfacet
  facet normal 0 -0.707107 0.707107
    outer loop
      vertex 28.7 59.0964 27.339
      vertex 36.9248 51.6434 19.886
      vertex 37.0425 51.7556 19.9982
    endloop
  endfacet
  facet normal 0.000133961 -0.707033 0.707181
    outer loop
      vertex 28.7 59.0964 27.339
      vertex 36.6676 51.3981 19.6408
      vertex 36.9248 51.6434 19.886
    endloop
  endfacet
  facet normal -4.87894e-06 -0.707105 0.707109
    outer loop
      vertex 28.7 59.0964 27.339
      vertex 36.4456 51.1362 19.3789
      vertex 36.6676 51.3981 19.6408
    endloop
  endfacet
  facet normal -4.87779e-06 -0.707105 0.707109
    outer loop
      vertex 28.7 59.0964 27.339
      vertex 36.344 51.0164 19.2591
      vertex 36.4456 51.1362 19.3789
    endloop
  endfacet
  facet normal -5.41852e-06 -0.707105 0.707109
    outer loop
      vertex 28.7 59.0964 27.339
      vertex 36.2595 50.8901 19.1328
      vertex 36.344 51.0164 19.2591
    endloop
  endfacet
  facet normal -5.4192e-06 -0.707105 0.707109
    outer loop
      vertex 28.7 59.0964 27.339
      vertex 36.0749 50.6141 18.8568
      vertex 36.2595 50.8901 19.1328
    endloop
  endfacet
  facet normal -0.000396778 -0.707275 0.706938
    outer loop
      vertex 28.7 59.0964 27.339
      vertex 36.0083 50.4826 18.7252
      vertex 36.0749 50.6141 18.8568
    endloop
  endfacet
  facet normal -2.99638e-15 -0.707107 0.707107
    outer loop
      vertex 28.7 59.0964 27.339
      vertex 35.8629 50.1951 18.4377
      vertex 36.0083 50.4826 18.7252
    endloop
  endfacet
  facet normal 0.000206026 -0.707024 0.70719
    outer loop
      vertex 28.7 59.0964 27.339
      vertex 35.758 49.8989 18.1416
      vertex 35.8629 50.1951 18.4377
    endloop
  endfacet
  facet normal -0.000471688 -0.707284 0.70693
    outer loop
      vertex 28.7 59.0964 27.339
      vertex 35.7099 49.7634 18.006
      vertex 35.758 49.8989 18.1416
    endloop
  endfacet
  facet normal -2.43407e-14 -0.707107 0.707107
    outer loop
      vertex 28.7 59.0964 27.339
      vertex 35.681 49.6252 17.8678
      vertex 35.7099 49.7634 18.006
    endloop
  endfacet
  facet normal 0 -0.707107 0.707107
    outer loop
      vertex 28.7 59.0964 27.339
      vertex 35.6176 49.3232 17.5658
      vertex 35.681 49.6252 17.8678
    endloop
  endfacet
  facet normal 0.000298297 -0.707001 0.707212
    outer loop
      vertex 28.7 59.0964 27.339
      vertex 35.5964 49.0182 17.2609
      vertex 35.6176 49.3232 17.5658
    endloop
  endfacet
  facet normal -0.000681507 -0.707336 0.706877
    outer loop
      vertex 28.7 59.0964 27.339
      vertex 35.5867 48.8787 17.1213
      vertex 35.5964 49.0182 17.2609
    endloop
  endfacet
  facet normal 2.05355e-06 -0.707106 0.707107
    outer loop
      vertex 28.7 38.661 6.90364
      vertex 35.5867 48.8787 17.1213
      vertex 28.7 59.0964 27.339
    endloop
  endfacet
  facet normal -0.000677783 -0.706877 0.707336
    outer loop
      vertex 35.5867 48.8787 17.1213
      vertex 28.7 38.661 6.90364
      vertex 35.5964 48.7391 16.9818
    endloop
  endfacet
  facet normal 0.00030202 -0.707212 0.707001
    outer loop
      vertex 35.5964 48.7391 16.9818
      vertex 28.7 38.661 6.90364
      vertex 35.6176 48.4342 16.6768
    endloop
  endfacet
  facet normal 3.15345e-06 -0.707106 0.707107
    outer loop
      vertex 35.6176 48.4342 16.6768
      vertex 28.7 38.661 6.90364
      vertex 35.681 48.1322 16.3748
    endloop
  endfacet
  facet normal 3.15617e-06 -0.707106 0.707107
    outer loop
      vertex 35.681 48.1322 16.3748
      vertex 28.7 38.661 6.90364
      vertex 35.7099 47.994 16.2366
    endloop
  endfacet
  facet normal -0.000468947 -0.706929 0.707284
    outer loop
      vertex 35.7099 47.994 16.2366
      vertex 28.7 38.661 6.90364
      vertex 35.758 47.8584 16.1011
    endloop
  endfacet
  facet normal 0.000208767 -0.707189 0.707024
    outer loop
      vertex 35.758 47.8584 16.1011
      vertex 28.7 38.661 6.90364
      vertex 35.8629 47.5623 15.8049
    endloop
  endfacet
  facet normal 2.42479e-06 -0.707106 0.707107
    outer loop
      vertex 35.8629 47.5623 15.8049
      vertex 28.7 38.661 6.90364
      vertex 36.0083 47.2748 15.5174
    endloop
  endfacet
  facet normal -3.25152e-06 -0.707108 0.707106
    outer loop
      vertex 28.7 38.661 6.90364
      vertex 36.2595 46.8672 15.1099
      vertex 36.0749 47.1432 15.3859
    endloop
  endfacet
  facet normal -2.92668e-06 -0.707108 0.707106
    outer loop
      vertex 28.7 38.661 6.90364
      vertex 36.4456 46.6211 14.8638
      vertex 36.344 46.7409 14.9836
    endloop
  endfacet
  facet normal 0.000120534 -0.707185 0.707028
    outer loop
      vertex 28.7 38.661 6.90364
      vertex 37.7851 45.467 13.7096
      vertex 37.4651 45.672 13.9147
    endloop
  endfacet
  facet normal -0.000115293 -0.707018 0.707196
    outer loop
      vertex 28.7 38.661 6.90364
      vertex 38.8073 44.9511 13.1938
      vertex 38.437 45.1081 13.3507
    endloop
  endfacet
  facet normal -1.22395e-06 -0.707109 0.707104
    outer loop
      vertex 28.7 38.661 6.90364
      vertex 39.7318 44.6419 12.8846
      vertex 39.5457 44.689 12.9317
    endloop
  endfacet
  facet normal -6.32529e-07 -0.70711 0.707104
    outer loop
      vertex 28.7 38.661 6.90364
      vertex 40.9443 44.4104 12.6531
      vertex 40.7488 44.4309 12.6736
    endloop
  endfacet
  facet normal -0.000331699 -0.706722 0.707491
    outer loop
      vertex 41.8027 44.3507 12.5933
      vertex 28.7 38.661 6.90364
      vertex 42 44.3438 12.5865
    endloop
  endfacet
  facet normal 0.000151988 -0.707279 0.706934
    outer loop
      vertex 41.3714 44.3656 12.6083
      vertex 28.7 38.661 6.90364
      vertex 41.8027 44.3507 12.5933
    endloop
  endfacet
  facet normal -6.32697e-07 -0.70711 0.707104
    outer loop
      vertex 40.9443 44.4104 12.6531
      vertex 28.7 38.661 6.90364
      vertex 41.3714 44.3656 12.6083
    endloop
  endfacet
  facet normal -0.000270331 -0.706828 0.707385
    outer loop
      vertex 40.5572 44.4649 12.7075
      vertex 28.7 38.661 6.90364
      vertex 40.7488 44.4309 12.6736
    endloop
  endfacet
  facet normal 6.33845e-07 -0.707105 0.707109
    outer loop
      vertex 40.1383 44.5391 12.7817
      vertex 28.7 38.661 6.90364
      vertex 40.5572 44.4649 12.7075
    endloop
  endfacet
  facet normal 0.000117377 -0.707219 0.706995
    outer loop
      vertex 39.7318 44.6419 12.8846
      vertex 28.7 38.661 6.90364
      vertex 40.1383 44.5391 12.7817
    endloop
  endfacet
  facet normal -1.46935e-06 -0.707109 0.707105
    outer loop
      vertex 39.1554 44.8195 13.0622
      vertex 28.7 38.661 6.90364
      vertex 39.5457 44.689 12.9317
    endloop
  endfacet
  facet normal -0.000253974 -0.706895 0.707319
    outer loop
      vertex 38.9768 44.8793 13.1219
      vertex 28.7 38.661 6.90364
      vertex 39.1554 44.8195 13.0622
    endloop
  endfacet
  facet normal 0.000246449 -0.707308 0.706905
    outer loop
      vertex 38.8073 44.9511 13.1938
      vertex 28.7 38.661 6.90364
      vertex 38.9768 44.8793 13.1219
    endloop
  endfacet
  facet normal 0.000115049 -0.707191 0.707022
    outer loop
      vertex 38.0901 45.2899 13.5326
      vertex 28.7 38.661 6.90364
      vertex 38.437 45.1081 13.3507
    endloop
  endfacet
  facet normal -0.000257637 -0.706927 0.707286
    outer loop
      vertex 37.9315 45.3732 13.6158
      vertex 28.7 38.661 6.90364
      vertex 38.0901 45.2899 13.5326
    endloop
  endfacet
  facet normal 1.43519e-06 -0.707106 0.707108
    outer loop
      vertex 37.7851 45.467 13.7096
      vertex 28.7 38.661 6.90364
      vertex 37.9315 45.3732 13.6158
    endloop
  endfacet
  facet normal -0.000125826 -0.707031 0.707182
    outer loop
      vertex 37.1751 45.8983 14.1409
      vertex 28.7 38.661 6.90364
      vertex 37.4651 45.672 13.9147
    endloop
  endfacet
  facet normal 1.59373e-06 -0.707106 0.707108
    outer loop
      vertex 37.0425 46.0018 14.2444
      vertex 28.7 38.661 6.90364
      vertex 37.1751 45.8983 14.1409
    endloop
  endfacet
  facet normal 1.76302e-06 -0.707106 0.707108
    outer loop
      vertex 36.9248 46.114 14.3566
      vertex 28.7 38.661 6.90364
      vertex 37.0425 46.0018 14.2444
    endloop
  endfacet
  facet normal 0.000135724 -0.70718 0.707034
    outer loop
      vertex 36.6676 46.3592 14.6019
      vertex 28.7 38.661 6.90364
      vertex 36.9248 46.114 14.3566
    endloop
  endfacet
  facet normal -2.92737e-06 -0.707108 0.707106
    outer loop
      vertex 36.4456 46.6211 14.8638
      vertex 28.7 38.661 6.90364
      vertex 36.6676 46.3592 14.6019
    endloop
  endfacet
  facet normal -3.25111e-06 -0.707108 0.707106
    outer loop
      vertex 36.2595 46.8672 15.1099
      vertex 28.7 38.661 6.90364
      vertex 36.344 46.7409 14.9836
    endloop
  endfacet
  facet normal -0.000394353 -0.706938 0.707276
    outer loop
      vertex 36.0083 47.2748 15.5174
      vertex 28.7 38.661 6.90364
      vertex 36.0749 47.1432 15.3859
    endloop
  endfacet
  facet normal 0 -0.707116 0.707098
    outer loop
      vertex 28.7 59.0964 27.339
      vertex 3 63 31.2427
      vertex 27.1 59.0964 27.339
    endloop
  endfacet
  facet normal 3.45034e-06 -0.707105 0.707108
    outer loop
      vertex 3 63 31.2427
      vertex 15 50.01 18.2527
      vertex 27.1 59.0964 27.339
    endloop
  endfacet
  facet normal -3.82506e-14 -0.707107 0.707107
    outer loop
      vertex 3 63 31.2427
      vertex 14.8432 50.0046 18.2473
      vertex 15 50.01 18.2527
    endloop
  endfacet
  facet normal 9.08869e-15 -0.707107 0.707107
    outer loop
      vertex 3 63 31.2427
      vertex 14.6879 49.9883 18.231
      vertex 14.8432 50.0046 18.2473
    endloop
  endfacet
  facet normal 0 -0.707107 0.707107
    outer loop
      vertex 3 63 31.2427
      vertex 14.5355 49.9613 18.204
      vertex 14.6879 49.9883 18.231
    endloop
  endfacet
  facet normal -1.7042e-14 -0.707107 0.707107
    outer loop
      vertex 3 63 31.2427
      vertex 14.3877 49.9239 18.1666
      vertex 14.5355 49.9613 18.204
    endloop
  endfacet
  facet normal 2.51591e-14 -0.707107 0.707107
    outer loop
      vertex 3 63 31.2427
      vertex 14.2458 49.8764 18.1191
      vertex 14.3877 49.9239 18.1666
    endloop
  endfacet
  facet normal -0.000385162 -0.707272 0.706942
    outer loop
      vertex 3 63 31.2427
      vertex 14.1111 49.8194 18.062
      vertex 14.2458 49.8764 18.1191
    endloop
  endfacet
  facet normal 0.000390763 -0.706945 0.707269
    outer loop
      vertex 3 63 31.2427
      vertex 13.985 49.7532 17.9959
      vertex 14.1111 49.8194 18.062
    endloop
  endfacet
  facet normal -0.000396758 -0.707271 0.706942
    outer loop
      vertex 3 63 31.2427
      vertex 13.8686 49.6787 17.9213
      vertex 13.985 49.7532 17.9959
    endloop
  endfacet
  facet normal 0.000412434 -0.706941 0.707272
    outer loop
      vertex 3 63 31.2427
      vertex 13.7632 49.5964 17.8391
      vertex 13.8686 49.6787 17.9213
    endloop
  endfacet
  facet normal 3.62985e-14 -0.707107 0.707107
    outer loop
      vertex 3 63 31.2427
      vertex 13.6696 49.5072 17.7499
      vertex 13.7632 49.5964 17.8391
    endloop
  endfacet
  facet normal -1.90982e-14 -0.707107 0.707107
    outer loop
      vertex 3 63 31.2427
      vertex 13.5889 49.412 17.6547
      vertex 13.6696 49.5072 17.7499
    endloop
  endfacet
  facet normal 2.03528e-14 -0.707107 0.707107
    outer loop
      vertex 3 63 31.2427
      vertex 13.5218 49.3116 17.5543
      vertex 13.5889 49.412 17.6547
    endloop
  endfacet
  facet normal -0.000530606 -0.707311 0.706903
    outer loop
      vertex 3 63 31.2427
      vertex 13.4689 49.2071 17.4497
      vertex 13.5218 49.3116 17.5543
    endloop
  endfacet
  facet normal 4.60323e-06 -0.707108 0.707106
    outer loop
      vertex 3 63 31.2427
      vertex 13.4307 49.0994 17.342
      vertex 13.4689 49.2071 17.4497
    endloop
  endfacet
  facet normal 5.29966e-06 -0.707107 0.707106
    outer loop
      vertex 3 63 31.2427
      vertex 13.4077 48.9896 17.2322
      vertex 13.4307 49.0994 17.342
    endloop
  endfacet
  facet normal 6.21333e-06 -0.707107 0.707107
    outer loop
      vertex 3 63 31.2427
      vertex 13.4 48.8787 17.1213
      vertex 13.4077 48.9896 17.2322
    endloop
  endfacet
  facet normal 6.7991e-06 -0.707107 0.707107
    outer loop
      vertex 3 34.7573 3
      vertex 13.4 48.8787 17.1213
      vertex 3 63 31.2427
    endloop
  endfacet
  facet normal 6.21333e-06 -0.707107 0.707107
    outer loop
      vertex 13.4 48.8787 17.1213
      vertex 3 34.7573 3
      vertex 13.4077 48.7678 17.0104
    endloop
  endfacet
  facet normal 5.29966e-06 -0.707106 0.707107
    outer loop
      vertex 13.4077 48.7678 17.0104
      vertex 3 34.7573 3
      vertex 13.4307 48.658 16.9006
    endloop
  endfacet
  facet normal 4.60323e-06 -0.707106 0.707108
    outer loop
      vertex 13.4307 48.658 16.9006
      vertex 3 34.7573 3
      vertex 13.4689 48.5503 16.7929
    endloop
  endfacet
  facet normal -0.000530606 -0.706903 0.707311
    outer loop
      vertex 13.4689 48.5503 16.7929
      vertex 3 34.7573 3
      vertex 13.5218 48.4457 16.6884
    endloop
  endfacet
  facet normal 2.8688e-14 -0.707107 0.707107
    outer loop
      vertex 3 34.7573 3
      vertex 15 47.7473 15.99
      vertex 14.8432 47.7527 15.9954
    endloop
  endfacet
  facet normal 0 -0.707107 0.707107
    outer loop
      vertex 3 34.7573 3
      vertex 14.8432 47.7527 15.9954
      vertex 14.6879 47.769 16.0117
    endloop
  endfacet
  facet normal -1.74868e-14 -0.707107 0.707107
    outer loop
      vertex 3 34.7573 3
      vertex 14.6879 47.769 16.0117
      vertex 14.5355 47.796 16.0387
    endloop
  endfacet
  facet normal 1.7042e-14 -0.707107 0.707107
    outer loop
      vertex 3 34.7573 3
      vertex 14.5355 47.796 16.0387
      vertex 14.3877 47.8334 16.0761
    endloop
  endfacet
  facet normal 0 -0.707107 0.707107
    outer loop
      vertex 3 34.7573 3
      vertex 14.3877 47.8334 16.0761
      vertex 14.2458 47.8809 16.1236
    endloop
  endfacet
  facet normal -0.000385162 -0.706942 0.707272
    outer loop
      vertex 3 34.7573 3
      vertex 14.2458 47.8809 16.1236
      vertex 14.1111 47.938 16.1806
    endloop
  endfacet
  facet normal 0.000390763 -0.707269 0.706945
    outer loop
      vertex 3 34.7573 3
      vertex 14.1111 47.938 16.1806
      vertex 13.985 48.0041 16.2468
    endloop
  endfacet
  facet normal -0.000396758 -0.706942 0.707271
    outer loop
      vertex 3 34.7573 3
      vertex 13.985 48.0041 16.2468
      vertex 13.8686 48.0787 16.3213
    endloop
  endfacet
  facet normal 0 -0.707101 0.707112
    outer loop
      vertex 3 34.7573 3
      vertex 28.7 38.661 6.90364
      vertex 27.1 38.661 6.90364
    endloop
  endfacet
  facet normal 0 -0.707101 0.707112
    outer loop
      vertex 28.7 38.661 6.90364
      vertex 3 34.7573 3
      vertex 55.3 38.661 6.90364
    endloop
  endfacet
  facet normal 0 -0.707101 0.707112
    outer loop
      vertex 81 34.7573 3
      vertex 55.3 38.661 6.90364
      vertex 3 34.7573 3
    endloop
  endfacet
  facet normal 2.0702e-06 -0.707108 0.707106
    outer loop
      vertex 15 47.7473 15.99
      vertex 3 34.7573 3
      vertex 27.1 38.661 6.90364
    endloop
  endfacet
  facet normal 0.000412434 -0.707272 0.706941
    outer loop
      vertex 13.7632 48.1609 16.4036
      vertex 3 34.7573 3
      vertex 13.8686 48.0787 16.3213
    endloop
  endfacet
  facet normal -3.04851e-14 -0.707107 0.707107
    outer loop
      vertex 13.6696 48.2501 16.4928
      vertex 3 34.7573 3
      vertex 13.7632 48.1609 16.4036
    endloop
  endfacet
  facet normal 1.61887e-14 -0.707107 0.707107
    outer loop
      vertex 13.5889 48.3453 16.588
      vertex 3 34.7573 3
      vertex 13.6696 48.2501 16.4928
    endloop
  endfacet
  facet normal 0 -0.707107 0.707107
    outer loop
      vertex 13.5218 48.4457 16.6884
      vertex 3 34.7573 3
      vertex 13.5889 48.3453 16.588
    endloop
  endfacet
  facet normal 0 -0.707116 0.707098
    outer loop
      vertex 3 63 31.2427
      vertex 28.7 59.0964 27.339
      vertex 81 63 31.2427
    endloop
  endfacet
  facet normal 0 -0.707116 0.707098
    outer loop
      vertex 55.3 59.0964 27.339
      vertex 81 63 31.2427
      vertex 28.7 59.0964 27.339
    endloop
  endfacet
  facet normal 0 -0.707116 0.707098
    outer loop
      vertex 56.9 59.0964 27.339
      vertex 81 63 31.2427
      vertex 55.3 59.0964 27.339
    endloop
  endfacet
  facet normal -3.82304e-06 -0.707104 0.70711
    outer loop
      vertex 71.9698 56.7098 24.9525
      vertex 81 63 31.2427
      vertex 56.9 59.0964 27.339
    endloop
  endfacet
  facet normal 0.000299907 -0.707305 0.706909
    outer loop
      vertex 73.0754 56.8258 25.0684
      vertex 81 63 31.2427
      vertex 72.85 56.8336 25.0763
    endloop
  endfacet
  facet normal -1.05785e-06 -0.707112 0.707102
    outer loop
      vertex 73.2987 56.8024 25.045
      vertex 81 63 31.2427
      vertex 73.0754 56.8258 25.0684
    endloop
  endfacet
  facet normal -0.000266339 -0.706947 0.707267
    outer loop
      vertex 73.5177 56.7636 25.0063
      vertex 81 63 31.2427
      vertex 73.2987 56.8024 25.045
    endloop
  endfacet
  facet normal 9.13276e-15 -0.707107 0.707107
    outer loop
      vertex 73.7302 56.7098 24.9525
      vertex 81 63 31.2427
      vertex 73.5177 56.7636 25.0063
    endloop
  endfacet
  facet normal 0.000249968 -0.707251 0.706962
    outer loop
      vertex 73.9342 56.6416 24.8842
      vertex 81 63 31.2427
      vertex 73.7302 56.7098 24.9525
    endloop
  endfacet
  facet normal -0.000251505 -0.706973 0.707241
    outer loop
      vertex 74.1278 56.5595 24.8022
      vertex 81 63 31.2427
      vertex 73.9342 56.6416 24.8842
    endloop
  endfacet
  facet normal 0.000250108 -0.70724 0.706973
    outer loop
      vertex 74.3091 56.4645 24.7071
      vertex 81 63 31.2427
      vertex 74.1278 56.5595 24.8022
    endloop
  endfacet
  facet normal -4.18793e-06 -0.70711 0.707104
    outer loop
      vertex 74.4763 56.3573 24.5999
      vertex 81 63 31.2427
      vertex 74.3091 56.4645 24.7071
    endloop
  endfacet
  facet normal -0.000268813 -0.70698 0.707233
    outer loop
      vertex 74.6279 56.239 24.4817
      vertex 81 63 31.2427
      vertex 74.4763 56.3573 24.5999
    endloop
  endfacet
  facet normal 1.81907e-16 -0.707107 0.707107
    outer loop
      vertex 74.7624 56.1108 24.3535
      vertex 81 63 31.2427
      vertex 74.6279 56.239 24.4817
    endloop
  endfacet
  facet normal 1.06853e-14 -0.707107 0.707107
    outer loop
      vertex 74.8784 55.9739 24.2166
      vertex 81 63 31.2427
      vertex 74.7624 56.1108 24.3535
    endloop
  endfacet
  facet normal 0.000318258 -0.707245 0.706968
    outer loop
      vertex 74.9749 55.8297 24.0723
      vertex 81 63 31.2427
      vertex 74.8784 55.9739 24.2166
    endloop
  endfacet
  facet normal -7.32328e-06 -0.707109 0.707105
    outer loop
      vertex 75.051 55.6794 23.922
      vertex 81 63 31.2427
      vertex 74.9749 55.8297 24.0723
    endloop
  endfacet
  facet normal -8.27941e-06 -0.707108 0.707105
    outer loop
      vertex 75.1058 55.5246 23.7672
      vertex 81 63 31.2427
      vertex 75.051 55.6794 23.922
    endloop
  endfacet
  facet normal -9.47705e-06 -0.707108 0.707106
    outer loop
      vertex 75.1389 55.3667 23.6093
      vertex 81 63 31.2427
      vertex 75.1058 55.5246 23.7672
    endloop
  endfacet
  facet normal -1.10612e-05 -0.707107 0.707106
    outer loop
      vertex 75.15 55.2073 23.4499
      vertex 81 63 31.2427
      vertex 75.1389 55.3667 23.6093
    endloop
  endfacet
  facet normal -1.33232e-05 -0.707106 0.707107
    outer loop
      vertex 75.1389 55.0479 23.2905
      vertex 81 63 31.2427
      vertex 75.15 55.2073 23.4499
    endloop
  endfacet
  facet normal -0.000866313 -0.706792 0.707421
    outer loop
      vertex 75.1058 54.89 23.1327
      vertex 81 63 31.2427
      vertex 75.1389 55.0479 23.2905
    endloop
  endfacet
  facet normal 0.00122459 -0.707551 0.706661
    outer loop
      vertex 75.051 54.7352 22.9778
      vertex 81 63 31.2427
      vertex 75.1058 54.89 23.1327
    endloop
  endfacet
  facet normal 0.000929181 -0.707106 0.707106
    outer loop
      vertex 75.051 43.0222 11.2648
      vertex 75.051 54.7352 22.9778
      vertex 74.9749 54.5849 22.8276
    endloop
  endfacet
  facet normal 3.24624e-05 -0.707118 0.707096
    outer loop
      vertex 73.3371 48.8787 17.1213
      vertex 74.9749 54.5849 22.8276
      vertex 74.8784 54.4406 22.6833
    endloop
  endfacet
  facet normal 0.000245081 -0.707163 0.707051
    outer loop
      vertex 70.6597 51.712 19.9546
      vertex 71.3909 53.9501 22.1928
      vertex 70.401 51.7774 20.0201
    endloop
  endfacet
  facet normal -1.41477e-05 -0.70712 0.707093
    outer loop
      vertex 71.3909 53.9501 22.1928
      vertex 70.6597 51.712 19.9546
      vertex 71.5722 53.855 22.0977
    endloop
  endfacet
  facet normal -0.000258847 -0.707068 0.707145
    outer loop
      vertex 70.9081 51.6289 19.8716
      vertex 71.5722 53.855 22.0977
      vertex 70.6597 51.712 19.9546
    endloop
  endfacet
  facet normal 0.000324246 -0.707155 0.707058
    outer loop
      vertex 71.5722 53.855 22.0977
      vertex 70.9081 51.6289 19.8716
      vertex 71.7658 53.773 22.0156
    endloop
  endfacet
  facet normal 9.72497e-06 -0.707092 0.707121
    outer loop
      vertex 71.0445 51.5833 19.826
      vertex 71.7658 53.773 22.0156
      vertex 70.9081 51.6289 19.8716
    endloop
  endfacet
  facet normal -0.000302481 -0.707041 0.707173
    outer loop
      vertex 71.7658 53.773 22.0156
      vertex 71.0445 51.5833 19.826
      vertex 71.9698 53.7047 21.9474
    endloop
  endfacet
  facet normal 0.000461184 -0.707207 0.707006
    outer loop
      vertex 71.1739 51.5285 19.7711
      vertex 71.9698 53.7047 21.9474
      vertex 71.0445 51.5833 19.826
    endloop
  endfacet
  facet normal -0.000271776 -0.707073 0.70714
    outer loop
      vertex 71.4095 51.4286 19.6713
      vertex 71.9698 53.7047 21.9474
      vertex 71.1739 51.5285 19.7711
    endloop
  endfacet
  facet normal 0.000313251 -0.707145 0.707068
    outer loop
      vertex 71.9698 53.7047 21.9474
      vertex 71.4095 51.4286 19.6713
      vertex 72.1823 53.651 21.8936
    endloop
  endfacet
  facet normal 5.31001e-06 -0.707092 0.707122
    outer loop
      vertex 72.1823 53.651 21.8936
      vertex 71.4095 51.4286 19.6713
      vertex 72.4013 53.6122 21.8548
    endloop
  endfacet
  facet normal 1.37213e-05 -0.707094 0.70712
    outer loop
      vertex 71.6302 51.3128 19.5555
      vertex 72.4013 53.6122 21.8548
      vertex 71.4095 51.4286 19.6713
    endloop
  endfacet
  facet normal 1.37042e-05 -0.707094 0.70712
    outer loop
      vertex 71.7514 51.2493 19.492
      vertex 72.4013 53.6122 21.8548
      vertex 71.6302 51.3128 19.5555
    endloop
  endfacet
  facet normal 3.04814e-06 -0.707092 0.707121
    outer loop
      vertex 72.4013 53.6122 21.8548
      vertex 71.7514 51.2493 19.492
      vertex 72.6246 53.5888 21.8314
    endloop
  endfacet
  facet normal 1.56332e-05 -0.707095 0.707119
    outer loop
      vertex 71.955 51.1188 19.3615
      vertex 72.6246 53.5888 21.8314
      vertex 71.7514 51.2493 19.492
    endloop
  endfacet
  facet normal -0.00030979 -0.70705 0.707163
    outer loop
      vertex 72.6246 53.5888 21.8314
      vertex 71.955 51.1188 19.3615
      vertex 72.85 53.5809 21.8236
    endloop
  endfacet
  facet normal -1.82182e-14 -0.707107 0.707107
    outer loop
      vertex 72.0668 51.0472 19.2899
      vertex 72.85 53.5809 21.8236
      vertex 71.955 51.1188 19.3615
    endloop
  endfacet
  facet normal 0.000317126 -0.707156 0.707058
    outer loop
      vertex 72.85 53.5809 21.8236
      vertex 72.0668 51.0472 19.2899
      vertex 73.0754 53.5888 21.8314
    endloop
  endfacet
  facet normal 0.000549557 -0.707202 0.707012
    outer loop
      vertex 72.1681 50.9682 19.2108
      vertex 73.0754 53.5888 21.8314
      vertex 72.0668 51.0472 19.2899
    endloop
  endfacet
  facet normal -0.000301746 -0.707055 0.707159
    outer loop
      vertex 72.3526 50.8242 19.0669
      vertex 73.0754 53.5888 21.8314
      vertex 72.1681 50.9682 19.2108
    endloop
  endfacet
  facet normal -2.75583e-06 -0.707094 0.70712
    outer loop
      vertex 73.0754 53.5888 21.8314
      vertex 72.3526 50.8242 19.0669
      vertex 73.2987 53.6122 21.8548
    endloop
  endfacet
  facet normal 1.82836e-05 -0.707097 0.707116
    outer loop
      vertex 72.4424 50.7385 18.9812
      vertex 73.2987 53.6122 21.8548
      vertex 72.3526 50.8242 19.0669
    endloop
  endfacet
  facet normal -4.6025e-06 -0.707094 0.70712
    outer loop
      vertex 73.2987 53.6122 21.8548
      vertex 72.4424 50.7385 18.9812
      vertex 73.5177 53.651 21.8936
    endloop
  endfacet
  facet normal 0.000336622 -0.707157 0.707057
    outer loop
      vertex 72.6061 50.5825 18.8251
      vertex 73.5177 53.651 21.8936
      vertex 72.4424 50.7385 18.9812
    endloop
  endfacet
  facet normal -0.000359793 -0.707053 0.70716
    outer loop
      vertex 73.5177 53.651 21.8936
      vertex 72.6061 50.5825 18.8251
      vertex 73.7302 53.7047 21.9474
    endloop
  endfacet
  facet normal -0.000370021 -0.707051 0.707162
    outer loop
      vertex 72.7474 50.4158 18.6585
      vertex 73.7302 53.7047 21.9474
      vertex 72.6061 50.5825 18.8251
    endloop
  endfacet
  facet normal 2.52715e-14 -0.707107 0.707107
    outer loop
      vertex 72.8249 50.3243 18.567
      vertex 73.7302 53.7047 21.9474
      vertex 72.7474 50.4158 18.6585
    endloop
  endfacet
  facet normal 0.000380734 -0.707158 0.707056
    outer loop
      vertex 73.7302 53.7047 21.9474
      vertex 72.8249 50.3243 18.567
      vertex 73.9342 53.773 22.0156
    endloop
  endfacet
  facet normal 2.06953e-05 -0.7071 0.707114
    outer loop
      vertex 72.8894 50.2279 18.4706
      vertex 73.9342 53.773 22.0156
      vertex 72.8249 50.3243 18.567
    endloop
  endfacet
  facet normal -0.000427034 -0.707034 0.70718
    outer loop
      vertex 73.9342 53.773 22.0156
      vertex 72.8894 50.2279 18.4706
      vertex 74.1278 53.855 22.0977
    endloop
  endfacet
  facet normal 0.000398433 -0.707175 0.707039
    outer loop
      vertex 73.0069 50.0523 18.2949
      vertex 74.1278 53.855 22.0977
      vertex 72.8894 50.2279 18.4706
    endloop
  endfacet
  facet normal 1.15376e-05 -0.707118 0.707096
    outer loop
      vertex 74.1278 53.855 22.0977
      vertex 73.0069 50.0523 18.2949
      vertex 74.3091 53.9501 22.1928
    endloop
  endfacet
  facet normal -0.000481586 -0.707035 0.707178
    outer loop
      vertex 73.0995 49.8693 18.112
      vertex 74.3091 53.9501 22.1928
      vertex 73.0069 50.0523 18.2949
    endloop
  endfacet
  facet normal -3.1999e-14 -0.707107 0.707107
    outer loop
      vertex 73.1503 49.7689 18.0116
      vertex 74.3091 53.9501 22.1928
      vertex 73.0995 49.8693 18.112
    endloop
  endfacet
  facet normal 0.000514245 -0.707178 0.707035
    outer loop
      vertex 74.3091 53.9501 22.1928
      vertex 73.1503 49.7689 18.0116
      vertex 74.4763 54.0573 22.2999
    endloop
  endfacet
  facet normal 2.48404e-05 -0.707102 0.707111
    outer loop
      vertex 73.187 49.6654 17.9081
      vertex 74.4763 54.0573 22.2999
      vertex 73.1503 49.7689 18.0116
    endloop
  endfacet
  facet normal -0.000621244 -0.707007 0.707206
    outer loop
      vertex 74.4763 54.0573 22.2999
      vertex 73.187 49.6654 17.9081
      vertex 74.6279 54.1755 22.4182
    endloop
  endfacet
  facet normal 0.000557187 -0.707196 0.707018
    outer loop
      vertex 73.2537 49.477 17.7196
      vertex 74.6279 54.1755 22.4182
      vertex 73.187 49.6654 17.9081
    endloop
  endfacet
  facet normal 1.98891e-05 -0.707117 0.707096
    outer loop
      vertex 74.6279 54.1755 22.4182
      vertex 73.2537 49.477 17.7196
      vertex 74.7624 54.3037 22.5464
    endloop
  endfacet
  facet normal -2.80111e-05 -0.70711 0.707104
    outer loop
      vertex 73.2759 49.3715 17.6141
      vertex 74.7624 54.3037 22.5464
      vertex 73.2537 49.477 17.7196
    endloop
  endfacet
  facet normal -2.80522e-05 -0.70711 0.707104
    outer loop
      vertex 73.3162 49.1793 17.4219
      vertex 74.7624 54.3037 22.5464
      vertex 73.2759 49.3715 17.6141
    endloop
  endfacet
  facet normal 2.44173e-05 -0.707117 0.707096
    outer loop
      vertex 74.7624 54.3037 22.5464
      vertex 73.3162 49.1793 17.4219
      vertex 74.8784 54.4406 22.6833
    endloop
  endfacet
  facet normal -0.00103095 -0.70696 0.707253
    outer loop
      vertex 73.3297 48.9852 17.2279
      vertex 74.8784 54.4406 22.6833
      vertex 73.3162 49.1793 17.4219
    endloop
  endfacet
  facet normal 0.00187821 -0.707372 0.706839
    outer loop
      vertex 73.3371 48.8787 17.1213
      vertex 74.8784 54.4406 22.6833
      vertex 73.3297 48.9852 17.2279
    endloop
  endfacet
  facet normal -4.31742e-05 -0.707107 0.707107
    outer loop
      vertex 74.9749 54.5849 22.8276
      vertex 73.3371 48.8787 17.1213
      vertex 74.9749 43.1724 11.4151
    endloop
  endfacet
  facet normal 0.00187821 -0.706839 0.707372
    outer loop
      vertex 74.8784 43.3167 11.5594
      vertex 73.3371 48.8787 17.1213
      vertex 73.3297 48.7721 17.0148
    endloop
  endfacet
  facet normal -0.00103095 -0.707253 0.70696
    outer loop
      vertex 74.8784 43.3167 11.5594
      vertex 73.3297 48.7721 17.0148
      vertex 73.3162 48.5781 16.8207
    endloop
  endfacet
  facet normal -2.80522e-05 -0.707104 0.70711
    outer loop
      vertex 74.7624 43.4536 11.6963
      vertex 73.3162 48.5781 16.8207
      vertex 73.2759 48.3859 16.6285
    endloop
  endfacet
  facet normal -2.80111e-05 -0.707104 0.70711
    outer loop
      vertex 74.7624 43.4536 11.6963
      vertex 73.2759 48.3859 16.6285
      vertex 73.2537 48.2804 16.523
    endloop
  endfacet
  facet normal 0.000557187 -0.707018 0.707196
    outer loop
      vertex 74.6279 43.5818 11.8245
      vertex 73.2537 48.2804 16.523
      vertex 73.187 48.0919 16.3346
    endloop
  endfacet
  facet normal 2.48404e-05 -0.707111 0.707102
    outer loop
      vertex 74.4763 43.7001 11.9427
      vertex 73.187 48.0919 16.3346
      vertex 73.1503 47.9884 16.2311
    endloop
  endfacet
  facet normal 0 -0.707107 0.707107
    outer loop
      vertex 74.3091 43.8072 12.0499
      vertex 73.1503 47.9884 16.2311
      vertex 73.0995 47.888 16.1307
    endloop
  endfacet
  facet normal -0.000481586 -0.707178 0.707035
    outer loop
      vertex 74.3091 43.8072 12.0499
      vertex 73.0995 47.888 16.1307
      vertex 73.0069 47.7051 15.9477
    endloop
  endfacet
  facet normal 2.06953e-05 -0.707114 0.7071
    outer loop
      vertex 73.9342 43.9844 12.227
      vertex 72.8894 47.5294 15.7721
      vertex 72.8249 47.433 15.6757
    endloop
  endfacet
  facet normal 1.82836e-05 -0.707116 0.707097
    outer loop
      vertex 73.2987 44.1452 12.3878
      vertex 72.4424 47.0188 15.2615
      vertex 72.3526 46.9331 15.1758
    endloop
  endfacet
  facet normal 0.000549557 -0.707012 0.707202
    outer loop
      vertex 73.0754 44.1686 12.4112
      vertex 72.1681 46.7892 15.0318
      vertex 72.0668 46.7101 14.9528
    endloop
  endfacet
  facet normal 0.000395086 -0.706928 0.707285
    outer loop
      vertex 72.85 44.1764 12.4191
      vertex 71.1739 46.2289 14.4715
      vertex 71.0445 46.174 14.4167
    endloop
  endfacet
  facet normal -0.000370568 -0.707358 0.706855
    outer loop
      vertex 72.85 44.1764 12.4191
      vertex 70.401 45.9799 14.2226
      vertex 70.259 45.944 14.1866
    endloop
  endfacet
  facet normal 1.53186e-14 -0.707107 0.707107
    outer loop
      vertex 72.85 44.1764 12.4191
      vertex 69.1507 45.8171 14.0598
      vertex 69 45.8119 14.0546
    endloop
  endfacet
  facet normal 0.000238942 -0.706837 0.707376
    outer loop
      vertex 72.85 44.1764 12.4191
      vertex 69.4251 45.8267 14.0693
      vertex 69.1507 45.8171 14.0598
    endloop
  endfacet
  facet normal -3.68994e-06 -0.707089 0.707124
    outer loop
      vertex 72.85 44.1764 12.4191
      vertex 69.6969 45.8552 14.0978
      vertex 69.4251 45.8267 14.0693
    endloop
  endfacet
  facet normal -0.00039962 -0.707461 0.706752
    outer loop
      vertex 72.85 44.1764 12.4191
      vertex 69.8461 45.8708 14.1135
      vertex 69.6969 45.8552 14.0978
    endloop
  endfacet
  facet normal -7.40721e-15 -0.707107 0.707107
    outer loop
      vertex 72.85 44.1764 12.4191
      vertex 70.1127 45.918 14.1607
      vertex 69.8461 45.8708 14.1135
    endloop
  endfacet
  facet normal 0.000377958 -0.70681 0.707404
    outer loop
      vertex 72.85 44.1764 12.4191
      vertex 70.259 45.944 14.1866
      vertex 70.1127 45.918 14.1607
    endloop
  endfacet
  facet normal -7.2338e-15 -0.707107 0.707107
    outer loop
      vertex 70.401 45.9799 14.2226
      vertex 72.85 44.1764 12.4191
      vertex 70.6597 46.0453 14.288
    endloop
  endfacet
  facet normal 3.88728e-15 -0.707107 0.707107
    outer loop
      vertex 72.85 44.1764 12.4191
      vertex 70.9081 46.1284 14.3711
      vertex 70.6597 46.0453 14.288
    endloop
  endfacet
  facet normal 0 -0.707107 0.707107
    outer loop
      vertex 72.85 44.1764 12.4191
      vertex 71.0445 46.174 14.4167
      vertex 70.9081 46.1284 14.3711
    endloop
  endfacet
  facet normal -1.0851e-05 -0.707094 0.70712
    outer loop
      vertex 71.1739 46.2289 14.4715
      vertex 72.85 44.1764 12.4191
      vertex 71.4095 46.3288 14.5714
    endloop
  endfacet
  facet normal -0.000249904 -0.707174 0.70704
    outer loop
      vertex 72.85 44.1764 12.4191
      vertex 71.6302 46.4445 14.6872
      vertex 71.4095 46.3288 14.5714
    endloop
  endfacet
  facet normal 2.49539e-14 -0.707107 0.707107
    outer loop
      vertex 72.85 44.1764 12.4191
      vertex 71.7514 46.508 14.7507
      vertex 71.6302 46.4445 14.6872
    endloop
  endfacet
  facet normal -5.08054e-15 -0.707107 0.707107
    outer loop
      vertex 72.85 44.1764 12.4191
      vertex 71.955 46.6385 14.8812
      vertex 71.7514 46.508 14.7507
    endloop
  endfacet
  facet normal -1.66566e-14 -0.707107 0.707107
    outer loop
      vertex 72.85 44.1764 12.4191
      vertex 72.0668 46.7101 14.9528
      vertex 71.955 46.6385 14.8812
    endloop
  endfacet
  facet normal 0.000317126 -0.707058 0.707156
    outer loop
      vertex 73.0754 44.1686 12.4112
      vertex 72.0668 46.7101 14.9528
      vertex 72.85 44.1764 12.4191
    endloop
  endfacet
  facet normal -0.000301746 -0.707159 0.707055
    outer loop
      vertex 72.1681 46.7892 15.0318
      vertex 73.0754 44.1686 12.4112
      vertex 72.3526 46.9331 15.1758
    endloop
  endfacet
  facet normal -2.75583e-06 -0.70712 0.707094
    outer loop
      vertex 73.2987 44.1452 12.3878
      vertex 72.3526 46.9331 15.1758
      vertex 73.0754 44.1686 12.4112
    endloop
  endfacet
  facet normal 0.000354664 -0.707066 0.707147
    outer loop
      vertex 72.4424 47.0188 15.2615
      vertex 73.2987 44.1452 12.3878
      vertex 72.6061 47.1749 15.4175
    endloop
  endfacet
  facet normal -6.05773e-15 -0.707107 0.707107
    outer loop
      vertex 73.5177 44.1064 12.349
      vertex 72.6061 47.1749 15.4175
      vertex 73.2987 44.1452 12.3878
    endloop
  endfacet
  facet normal -0.000359793 -0.70716 0.707053
    outer loop
      vertex 73.7302 44.0526 12.2953
      vertex 72.6061 47.1749 15.4175
      vertex 73.5177 44.1064 12.349
    endloop
  endfacet
  facet normal -0.000370021 -0.707162 0.707051
    outer loop
      vertex 72.6061 47.1749 15.4175
      vertex 73.7302 44.0526 12.2953
      vertex 72.7474 47.3415 15.5842
    endloop
  endfacet
  facet normal -3.69966e-14 -0.707107 0.707107
    outer loop
      vertex 72.7474 47.3415 15.5842
      vertex 73.7302 44.0526 12.2953
      vertex 72.8249 47.433 15.6757
    endloop
  endfacet
  facet normal 0.000380734 -0.707056 0.707158
    outer loop
      vertex 73.9342 43.9844 12.227
      vertex 72.8249 47.433 15.6757
      vertex 73.7302 44.0526 12.2953
    endloop
  endfacet
  facet normal 0.000438443 -0.707052 0.707161
    outer loop
      vertex 72.8894 47.5294 15.7721
      vertex 73.9342 43.9844 12.227
      vertex 73.0069 47.7051 15.9477
    endloop
  endfacet
  facet normal -0.000408376 -0.707158 0.707056
    outer loop
      vertex 74.1278 43.9023 12.145
      vertex 73.0069 47.7051 15.9477
      vertex 73.9342 43.9844 12.227
    endloop
  endfacet
  facet normal 1.15376e-05 -0.707096 0.707118
    outer loop
      vertex 74.3091 43.8072 12.0499
      vertex 73.0069 47.7051 15.9477
      vertex 74.1278 43.9023 12.145
    endloop
  endfacet
  facet normal 0.000514245 -0.707035 0.707178
    outer loop
      vertex 73.1503 47.9884 16.2311
      vertex 74.3091 43.8072 12.0499
      vertex 74.4763 43.7001 11.9427
    endloop
  endfacet
  facet normal -0.000621244 -0.707206 0.707007
    outer loop
      vertex 73.187 48.0919 16.3346
      vertex 74.4763 43.7001 11.9427
      vertex 74.6279 43.5818 11.8245
    endloop
  endfacet
  facet normal 1.98891e-05 -0.707096 0.707117
    outer loop
      vertex 73.2537 48.2804 16.523
      vertex 74.6279 43.5818 11.8245
      vertex 74.7624 43.4536 11.6963
    endloop
  endfacet
  facet normal 2.44173e-05 -0.707096 0.707117
    outer loop
      vertex 73.3162 48.5781 16.8207
      vertex 74.7624 43.4536 11.6963
      vertex 74.8784 43.3167 11.5594
    endloop
  endfacet
  facet normal 3.24624e-05 -0.707096 0.707118
    outer loop
      vertex 73.3371 48.8787 17.1213
      vertex 74.8784 43.3167 11.5594
      vertex 74.9749 43.1724 11.4151
    endloop
  endfacet
  facet normal 0.000929181 -0.707106 0.707106
    outer loop
      vertex 74.9749 54.5849 22.8276
      vertex 74.9749 43.1724 11.4151
      vertex 75.051 43.0222 11.2648
    endloop
  endfacet
  facet normal -1.18861e-05 -0.707107 0.707107
    outer loop
      vertex 75.051 54.7352 22.9778
      vertex 75.051 43.0222 11.2648
      vertex 81 63 31.2427
    endloop
  endfacet
  facet normal -0.000706153 -0.707003 0.70721
    outer loop
      vertex 75.1058 42.8673 11.11
      vertex 81 63 31.2427
      vertex 75.051 43.0222 11.2648
    endloop
  endfacet
  facet normal -0.000866313 -0.707421 0.706792
    outer loop
      vertex 81 34.7573 3
      vertex 75.1058 42.8673 11.11
      vertex 75.1389 42.7095 10.9521
    endloop
  endfacet
  facet normal -1.33232e-05 -0.707107 0.707106
    outer loop
      vertex 81 34.7573 3
      vertex 75.1389 42.7095 10.9521
      vertex 75.15 42.5501 10.7927
    endloop
  endfacet
  facet normal -1.10612e-05 -0.707106 0.707107
    outer loop
      vertex 81 34.7573 3
      vertex 75.15 42.5501 10.7927
      vertex 75.1389 42.3907 10.6333
    endloop
  endfacet
  facet normal -9.47705e-06 -0.707106 0.707108
    outer loop
      vertex 81 34.7573 3
      vertex 75.1389 42.3907 10.6333
      vertex 75.1058 42.2328 10.4754
    endloop
  endfacet
  facet normal 9.87168e-05 -0.70704 0.707173
    outer loop
      vertex 72.6246 40.9315 9.17421
      vertex 81 34.7573 3
      vertex 72.85 40.9237 9.16638
    endloop
  endfacet
  facet normal -9.00658e-05 -0.707165 0.707048
    outer loop
      vertex 72.85 40.9237 9.16638
      vertex 81 34.7573 3
      vertex 73.0754 40.9315 9.17421
    endloop
  endfacet
  facet normal 0 -0.707107 0.707107
    outer loop
      vertex 75.1058 42.8673 11.11
      vertex 81 34.7573 3
      vertex 81 63 31.2427
    endloop
  endfacet
  facet normal -8.27941e-06 -0.707105 0.707108
    outer loop
      vertex 75.051 42.078 10.3206
      vertex 81 34.7573 3
      vertex 75.1058 42.2328 10.4754
    endloop
  endfacet
  facet normal -7.32328e-06 -0.707105 0.707109
    outer loop
      vertex 74.9749 41.9277 10.1703
      vertex 81 34.7573 3
      vertex 75.051 42.078 10.3206
    endloop
  endfacet
  facet normal 0.000318258 -0.706968 0.707245
    outer loop
      vertex 74.8784 41.7834 10.0261
      vertex 81 34.7573 3
      vertex 74.9749 41.9277 10.1703
    endloop
  endfacet
  facet normal -6.01064e-05 -0.707133 0.707081
    outer loop
      vertex 74.7624 41.6465 9.88918
      vertex 81 34.7573 3
      vertex 74.8784 41.7834 10.0261
    endloop
  endfacet
  facet normal -1.05026e-06 -0.707106 0.707107
    outer loop
      vertex 74.6279 41.5183 9.76098
      vertex 81 34.7573 3
      vertex 74.7624 41.6465 9.88918
    endloop
  endfacet
  facet normal -0.000162239 -0.707182 0.707031
    outer loop
      vertex 74.4763 41.4001 9.64272
      vertex 81 34.7573 3
      vertex 74.6279 41.5183 9.76098
    endloop
  endfacet
  facet normal 4.85535e-05 -0.707079 0.707135
    outer loop
      vertex 74.3091 41.2929 9.53554
      vertex 81 34.7573 3
      vertex 74.4763 41.4001 9.64272
    endloop
  endfacet
  facet normal 7.39147e-05 -0.707066 0.707148
    outer loop
      vertex 74.1278 41.1978 9.44047
      vertex 81 34.7573 3
      vertex 74.3091 41.2929 9.53554
    endloop
  endfacet
  facet normal -0.000126726 -0.707173 0.707041
    outer loop
      vertex 73.9342 41.1158 9.35842
      vertex 81 34.7573 3
      vertex 74.1278 41.1978 9.44047
    endloop
  endfacet
  facet normal 0.000149426 -0.707019 0.707194
    outer loop
      vertex 73.7302 41.0475 9.29018
      vertex 81 34.7573 3
      vertex 73.9342 41.1158 9.35842
    endloop
  endfacet
  facet normal 7.67938e-05 -0.707061 0.707152
    outer loop
      vertex 73.5177 40.9937 9.23641
      vertex 81 34.7573 3
      vertex 73.7302 41.0475 9.29018
    endloop
  endfacet
  facet normal -0.000212915 -0.707235 0.706978
    outer loop
      vertex 73.2987 40.955 9.19763
      vertex 81 34.7573 3
      vertex 73.5177 40.9937 9.23641
    endloop
  endfacet
  facet normal 0.000223335 -0.706964 0.70725
    outer loop
      vertex 73.0754 40.9315 9.17421
      vertex 81 34.7573 3
      vertex 73.2987 40.955 9.19763
    endloop
  endfacet
  facet normal 0 -0.707101 0.707112
    outer loop
      vertex 55.3 38.661 6.90364
      vertex 81 34.7573 3
      vertex 56.9 38.661 6.90364
    endloop
  endfacet
  facet normal 0.000331859 -0.707489 0.706725
    outer loop
      vertex 42.1973 53.4067 21.6493
      vertex 55.3 59.0964 27.339
      vertex 42 53.4135 21.6562
    endloop
  endfacet
  facet normal -0.000151828 -0.706932 0.707282
    outer loop
      vertex 42.6286 53.3917 21.6344
      vertex 55.3 59.0964 27.339
      vertex 42.1973 53.4067 21.6493
    endloop
  endfacet
  facet normal 1.05449e-06 -0.707102 0.707112
    outer loop
      vertex 43.0557 53.3469 21.5896
      vertex 55.3 59.0964 27.339
      vertex 42.6286 53.3917 21.6344
    endloop
  endfacet
  facet normal 1.05421e-06 -0.707102 0.707112
    outer loop
      vertex 43.2512 53.3264 21.5691
      vertex 55.3 59.0964 27.339
      vertex 43.0557 53.3469 21.5896
    endloop
  endfacet
  facet normal 0.000270965 -0.707383 0.70683
    outer loop
      vertex 43.4428 53.2925 21.5351
      vertex 55.3 59.0964 27.339
      vertex 43.2512 53.3264 21.5691
    endloop
  endfacet
  facet normal 4.51672e-15 -0.707107 0.707107
    outer loop
      vertex 43.8617 53.2183 21.4609
      vertex 55.3 59.0964 27.339
      vertex 43.4428 53.2925 21.5351
    endloop
  endfacet
  facet normal -0.000116562 -0.706993 0.70722
    outer loop
      vertex 44.2682 53.1154 21.3581
      vertex 55.3 59.0964 27.339
      vertex 43.8617 53.2183 21.4609
    endloop
  endfacet
  facet normal 2.03992e-06 -0.707103 0.707111
    outer loop
      vertex 44.4543 53.0683 21.311
      vertex 55.3 59.0964 27.339
      vertex 44.2682 53.1154 21.3581
    endloop
  endfacet
  facet normal 2.4489e-06 -0.707103 0.70711
    outer loop
      vertex 44.8446 52.9378 21.1805
      vertex 55.3 59.0964 27.339
      vertex 44.4543 53.0683 21.311
    endloop
  endfacet
  facet normal 0.000254954 -0.707317 0.706896
    outer loop
      vertex 45.0232 52.8781 21.1207
      vertex 55.3 59.0964 27.339
      vertex 44.8446 52.9378 21.1805
    endloop
  endfacet
  facet normal -0.000245315 -0.706904 0.707309
    outer loop
      vertex 45.1927 52.8062 21.0489
      vertex 55.3 59.0964 27.339
      vertex 45.0232 52.8781 21.1207
    endloop
  endfacet
  facet normal 0.000116427 -0.707195 0.707019
    outer loop
      vertex 45.563 52.6493 20.8919
      vertex 55.3 59.0964 27.339
      vertex 45.1927 52.8062 21.0489
    endloop
  endfacet
  facet normal -0.000113766 -0.707021 0.707193
    outer loop
      vertex 45.9099 52.4674 20.7101
      vertex 55.3 59.0964 27.339
      vertex 45.563 52.6493 20.8919
    endloop
  endfacet
  facet normal 0.000258922 -0.707285 0.706929
    outer loop
      vertex 46.0685 52.3842 20.6268
      vertex 55.3 59.0964 27.339
      vertex 45.9099 52.4674 20.7101
    endloop
  endfacet
  facet normal -9.00311e-15 -0.707107 0.707107
    outer loop
      vertex 46.2149 52.2904 20.533
      vertex 55.3 59.0964 27.339
      vertex 46.0685 52.3842 20.6268
    endloop
  endfacet
  facet normal -0.000119099 -0.707027 0.707186
    outer loop
      vertex 46.5349 52.0853 20.328
      vertex 55.3 59.0964 27.339
      vertex 46.2149 52.2904 20.533
    endloop
  endfacet
  facet normal 0.000127419 -0.707181 0.707032
    outer loop
      vertex 46.8249 51.8591 20.1017
      vertex 55.3 59.0964 27.339
      vertex 46.5349 52.0853 20.328
    endloop
  endfacet
  facet normal 1.02146e-14 -0.707107 0.707107
    outer loop
      vertex 46.9575 51.7556 19.9982
      vertex 55.3 59.0964 27.339
      vertex 46.8249 51.8591 20.1017
    endloop
  endfacet
  facet normal 1.30838e-16 -0.707107 0.707107
    outer loop
      vertex 47.0752 51.6434 19.886
      vertex 55.3 59.0964 27.339
      vertex 46.9575 51.7556 19.9982
    endloop
  endfacet
  facet normal -0.000133961 -0.707033 0.707181
    outer loop
      vertex 47.3324 51.3981 19.6408
      vertex 55.3 59.0964 27.339
      vertex 47.0752 51.6434 19.886
    endloop
  endfacet
  facet normal 4.87894e-06 -0.707105 0.707109
    outer loop
      vertex 47.5544 51.1362 19.3789
      vertex 55.3 59.0964 27.339
      vertex 47.3324 51.3981 19.6408
    endloop
  endfacet
  facet normal 4.87779e-06 -0.707105 0.707109
    outer loop
      vertex 47.656 51.0164 19.2591
      vertex 55.3 59.0964 27.339
      vertex 47.5544 51.1362 19.3789
    endloop
  endfacet
  facet normal 5.41852e-06 -0.707105 0.707109
    outer loop
      vertex 47.7405 50.8901 19.1328
      vertex 55.3 59.0964 27.339
      vertex 47.656 51.0164 19.2591
    endloop
  endfacet
  facet normal 5.4192e-06 -0.707105 0.707109
    outer loop
      vertex 47.9251 50.6141 18.8568
      vertex 55.3 59.0964 27.339
      vertex 47.7405 50.8901 19.1328
    endloop
  endfacet
  facet normal 0.000396778 -0.707275 0.706938
    outer loop
      vertex 47.9917 50.4826 18.7252
      vertex 55.3 59.0964 27.339
      vertex 47.9251 50.6141 18.8568
    endloop
  endfacet
  facet normal 4.68184e-16 -0.707107 0.707107
    outer loop
      vertex 48.1371 50.1951 18.4377
      vertex 55.3 59.0964 27.339
      vertex 47.9917 50.4826 18.7252
    endloop
  endfacet
  facet normal -0.000206026 -0.707024 0.70719
    outer loop
      vertex 48.242 49.8989 18.1416
      vertex 55.3 59.0964 27.339
      vertex 48.1371 50.1951 18.4377
    endloop
  endfacet
  facet normal 0.000471688 -0.707284 0.70693
    outer loop
      vertex 48.2901 49.7634 18.006
      vertex 55.3 59.0964 27.339
      vertex 48.242 49.8989 18.1416
    endloop
  endfacet
  facet normal 1.95233e-14 -0.707107 0.707107
    outer loop
      vertex 48.319 49.6252 17.8678
      vertex 55.3 59.0964 27.339
      vertex 48.2901 49.7634 18.006
    endloop
  endfacet
  facet normal 2.31856e-16 -0.707107 0.707107
    outer loop
      vertex 48.3824 49.3232 17.5658
      vertex 55.3 59.0964 27.339
      vertex 48.319 49.6252 17.8678
    endloop
  endfacet
  facet normal -0.000298297 -0.707001 0.707212
    outer loop
      vertex 48.4036 49.0182 17.2609
      vertex 55.3 59.0964 27.339
      vertex 48.3824 49.3232 17.5658
    endloop
  endfacet
  facet normal 0.000681507 -0.707336 0.706877
    outer loop
      vertex 48.4133 48.8787 17.1213
      vertex 55.3 59.0964 27.339
      vertex 48.4036 49.0182 17.2609
    endloop
  endfacet
  facet normal 0.000677783 -0.706877 0.707336
    outer loop
      vertex 55.3 38.661 6.90364
      vertex 48.4133 48.8787 17.1213
      vertex 48.4036 48.7391 16.9818
    endloop
  endfacet
  facet normal -0.00030202 -0.707212 0.707001
    outer loop
      vertex 55.3 38.661 6.90364
      vertex 48.4036 48.7391 16.9818
      vertex 48.3824 48.4342 16.6768
    endloop
  endfacet
  facet normal -3.15345e-06 -0.707106 0.707107
    outer loop
      vertex 55.3 38.661 6.90364
      vertex 48.3824 48.4342 16.6768
      vertex 48.319 48.1322 16.3748
    endloop
  endfacet
  facet normal -3.15617e-06 -0.707106 0.707107
    outer loop
      vertex 55.3 38.661 6.90364
      vertex 48.319 48.1322 16.3748
      vertex 48.2901 47.994 16.2366
    endloop
  endfacet
  facet normal 0.000468947 -0.706929 0.707284
    outer loop
      vertex 55.3 38.661 6.90364
      vertex 48.2901 47.994 16.2366
      vertex 48.242 47.8584 16.1011
    endloop
  endfacet
  facet normal -0.000208767 -0.707189 0.707024
    outer loop
      vertex 55.3 38.661 6.90364
      vertex 48.242 47.8584 16.1011
      vertex 48.1371 47.5623 15.8049
    endloop
  endfacet
  facet normal -2.42479e-06 -0.707106 0.707107
    outer loop
      vertex 55.3 38.661 6.90364
      vertex 48.1371 47.5623 15.8049
      vertex 47.9917 47.2748 15.5174
    endloop
  endfacet
  facet normal 0.000394353 -0.706938 0.707276
    outer loop
      vertex 55.3 38.661 6.90364
      vertex 47.9917 47.2748 15.5174
      vertex 47.9251 47.1432 15.3859
    endloop
  endfacet
  facet normal 3.25111e-06 -0.707108 0.707106
    outer loop
      vertex 55.3 38.661 6.90364
      vertex 47.7405 46.8672 15.1099
      vertex 47.656 46.7409 14.9836
    endloop
  endfacet
  facet normal 2.92737e-06 -0.707108 0.707106
    outer loop
      vertex 55.3 38.661 6.90364
      vertex 47.5544 46.6211 14.8638
      vertex 47.3324 46.3592 14.6019
    endloop
  endfacet
  facet normal -1.43519e-06 -0.707106 0.707108
    outer loop
      vertex 55.3 38.661 6.90364
      vertex 46.2149 45.467 13.7096
      vertex 46.0685 45.3732 13.6158
    endloop
  endfacet
  facet normal -0.000246449 -0.707308 0.706905
    outer loop
      vertex 55.3 38.661 6.90364
      vertex 45.1927 44.9511 13.1938
      vertex 45.0232 44.8793 13.1219
    endloop
  endfacet
  facet normal -0.000117377 -0.707219 0.706995
    outer loop
      vertex 55.3 38.661 6.90364
      vertex 44.2682 44.6419 12.8846
      vertex 43.8617 44.5391 12.7817
    endloop
  endfacet
  facet normal 6.32697e-07 -0.70711 0.707104
    outer loop
      vertex 55.3 38.661 6.90364
      vertex 43.0557 44.4104 12.6531
      vertex 42.6286 44.3656 12.6083
    endloop
  endfacet
  facet normal 0 -0.707111 0.707103
    outer loop
      vertex 55.3 38.661 6.90364
      vertex 42 44.3438 12.5865
      vertex 28.7 38.661 6.90364
    endloop
  endfacet
  facet normal 0.000331699 -0.706722 0.707491
    outer loop
      vertex 42 44.3438 12.5865
      vertex 55.3 38.661 6.90364
      vertex 42.1973 44.3507 12.5933
    endloop
  endfacet
  facet normal -0.000151988 -0.707279 0.706934
    outer loop
      vertex 42.1973 44.3507 12.5933
      vertex 55.3 38.661 6.90364
      vertex 42.6286 44.3656 12.6083
    endloop
  endfacet
  facet normal 6.32529e-07 -0.70711 0.707104
    outer loop
      vertex 43.0557 44.4104 12.6531
      vertex 55.3 38.661 6.90364
      vertex 43.2512 44.4309 12.6736
    endloop
  endfacet
  facet normal 0.000270331 -0.706828 0.707385
    outer loop
      vertex 43.2512 44.4309 12.6736
      vertex 55.3 38.661 6.90364
      vertex 43.4428 44.4649 12.7075
    endloop
  endfacet
  facet normal -6.33845e-07 -0.707105 0.707109
    outer loop
      vertex 43.4428 44.4649 12.7075
      vertex 55.3 38.661 6.90364
      vertex 43.8617 44.5391 12.7817
    endloop
  endfacet
  facet normal 1.22395e-06 -0.707109 0.707104
    outer loop
      vertex 44.2682 44.6419 12.8846
      vertex 55.3 38.661 6.90364
      vertex 44.4543 44.689 12.9317
    endloop
  endfacet
  facet normal 1.46935e-06 -0.707109 0.707105
    outer loop
      vertex 44.4543 44.689 12.9317
      vertex 55.3 38.661 6.90364
      vertex 44.8446 44.8195 13.0622
    endloop
  endfacet
  facet normal -2.05355e-06 -0.707106 0.707107
    outer loop
      vertex 48.4133 48.8787 17.1213
      vertex 55.3 38.661 6.90364
      vertex 55.3 59.0964 27.339
    endloop
  endfacet
  facet normal 3.25152e-06 -0.707108 0.707106
    outer loop
      vertex 47.7405 46.8672 15.1099
      vertex 55.3 38.661 6.90364
      vertex 47.9251 47.1432 15.3859
    endloop
  endfacet
  facet normal 2.92668e-06 -0.707108 0.707106
    outer loop
      vertex 47.5544 46.6211 14.8638
      vertex 55.3 38.661 6.90364
      vertex 47.656 46.7409 14.9836
    endloop
  endfacet
  facet normal -0.000135724 -0.70718 0.707034
    outer loop
      vertex 47.0752 46.114 14.3566
      vertex 55.3 38.661 6.90364
      vertex 47.3324 46.3592 14.6019
    endloop
  endfacet
  facet normal -1.76302e-06 -0.707106 0.707108
    outer loop
      vertex 46.9575 46.0018 14.2444
      vertex 55.3 38.661 6.90364
      vertex 47.0752 46.114 14.3566
    endloop
  endfacet
  facet normal -1.59373e-06 -0.707106 0.707108
    outer loop
      vertex 46.8249 45.8983 14.1409
      vertex 55.3 38.661 6.90364
      vertex 46.9575 46.0018 14.2444
    endloop
  endfacet
  facet normal 0.000125826 -0.707031 0.707182
    outer loop
      vertex 46.5349 45.672 13.9147
      vertex 55.3 38.661 6.90364
      vertex 46.8249 45.8983 14.1409
    endloop
  endfacet
  facet normal -0.000120534 -0.707185 0.707028
    outer loop
      vertex 46.2149 45.467 13.7096
      vertex 55.3 38.661 6.90364
      vertex 46.5349 45.672 13.9147
    endloop
  endfacet
  facet normal 0.000257637 -0.706927 0.707286
    outer loop
      vertex 45.9099 45.2899 13.5326
      vertex 55.3 38.661 6.90364
      vertex 46.0685 45.3732 13.6158
    endloop
  endfacet
  facet normal -0.000115049 -0.707191 0.707022
    outer loop
      vertex 45.563 45.1081 13.3507
      vertex 55.3 38.661 6.90364
      vertex 45.9099 45.2899 13.5326
    endloop
  endfacet
  facet normal 0.000115293 -0.707018 0.707196
    outer loop
      vertex 45.1927 44.9511 13.1938
      vertex 55.3 38.661 6.90364
      vertex 45.563 45.1081 13.3507
    endloop
  endfacet
  facet normal 0.000253974 -0.706895 0.707319
    outer loop
      vertex 44.8446 44.8195 13.0622
      vertex 55.3 38.661 6.90364
      vertex 45.0232 44.8793 13.1219
    endloop
  endfacet
  facet normal 2.56253e-07 -0.707103 0.707111
    outer loop
      vertex 15.1568 50.0046 18.2473
      vertex 27.1 59.0964 27.339
      vertex 15 50.01 18.2527
    endloop
  endfacet
  facet normal 7.17395e-07 -0.707103 0.70711
    outer loop
      vertex 15.3121 49.9883 18.231
      vertex 27.1 59.0964 27.339
      vertex 15.1568 50.0046 18.2473
    endloop
  endfacet
  facet normal 1.11888e-06 -0.707104 0.70711
    outer loop
      vertex 15.4645 49.9613 18.204
      vertex 27.1 59.0964 27.339
      vertex 15.3121 49.9883 18.231
    endloop
  endfacet
  facet normal 1.48128e-06 -0.707104 0.70711
    outer loop
      vertex 15.6123 49.9239 18.1666
      vertex 27.1 59.0964 27.339
      vertex 15.4645 49.9613 18.204
    endloop
  endfacet
  facet normal 1.81826e-06 -0.707104 0.707109
    outer loop
      vertex 15.7542 49.8764 18.1191
      vertex 27.1 59.0964 27.339
      vertex 15.6123 49.9239 18.1666
    endloop
  endfacet
  facet normal 0.000347227 -0.707317 0.706897
    outer loop
      vertex 15.8889 49.8194 18.062
      vertex 27.1 59.0964 27.339
      vertex 15.7542 49.8764 18.1191
    endloop
  endfacet
  facet normal -0.000343187 -0.706899 0.707314
    outer loop
      vertex 16.015 49.7532 17.9959
      vertex 27.1 59.0964 27.339
      vertex 15.8889 49.8194 18.062
    endloop
  endfacet
  facet normal 0.00034794 -0.707309 0.706904
    outer loop
      vertex 16.1314 49.6787 17.9213
      vertex 27.1 59.0964 27.339
      vertex 16.015 49.7532 17.9959
    endloop
  endfacet
  facet normal -0.000351454 -0.706902 0.707311
    outer loop
      vertex 16.2368 49.5964 17.8391
      vertex 27.1 59.0964 27.339
      vertex 16.1314 49.6787 17.9213
    endloop
  endfacet
  facet normal 3.39437e-06 -0.707105 0.707109
    outer loop
      vertex 16.3304 49.5072 17.7499
      vertex 27.1 59.0964 27.339
      vertex 16.2368 49.5964 17.8391
    endloop
  endfacet
  facet normal 3.74166e-06 -0.707105 0.707108
    outer loop
      vertex 16.4111 49.412 17.6547
      vertex 27.1 59.0964 27.339
      vertex 16.3304 49.5072 17.7499
    endloop
  endfacet
  facet normal 4.12038e-06 -0.707105 0.707108
    outer loop
      vertex 16.4782 49.3116 17.5543
      vertex 27.1 59.0964 27.339
      vertex 16.4111 49.412 17.6547
    endloop
  endfacet
  facet normal 0.0004295 -0.707336 0.706877
    outer loop
      vertex 16.5311 49.2071 17.4497
      vertex 27.1 59.0964 27.339
      vertex 16.4782 49.3116 17.5543
    endloop
  endfacet
  facet normal 3.31409e-14 -0.707107 0.707107
    outer loop
      vertex 16.5693 49.0994 17.342
      vertex 27.1 59.0964 27.339
      vertex 16.5311 49.2071 17.4497
    endloop
  endfacet
  facet normal 0 -0.707107 0.707107
    outer loop
      vertex 16.5923 48.9896 17.2322
      vertex 27.1 59.0964 27.339
      vertex 16.5693 49.0994 17.342
    endloop
  endfacet
  facet normal -2.03346e-14 -0.707107 0.707107
    outer loop
      vertex 16.6 48.8787 17.1213
      vertex 27.1 59.0964 27.339
      vertex 16.5923 48.9896 17.2322
    endloop
  endfacet
  facet normal -2.52326e-06 -0.707107 0.707107
    outer loop
      vertex 27.1 38.661 6.90364
      vertex 16.6 48.8787 17.1213
      vertex 16.5923 48.7678 17.0104
    endloop
  endfacet
  facet normal -2.24038e-06 -0.707107 0.707107
    outer loop
      vertex 27.1 38.661 6.90364
      vertex 16.5923 48.7678 17.0104
      vertex 16.5693 48.658 16.9006
    endloop
  endfacet
  facet normal -2.00932e-06 -0.707106 0.707107
    outer loop
      vertex 27.1 38.661 6.90364
      vertex 16.5693 48.658 16.9006
      vertex 16.5311 48.5503 16.7929
    endloop
  endfacet
  facet normal 0.000427683 -0.706877 0.707337
    outer loop
      vertex 27.1 38.661 6.90364
      vertex 16.5311 48.5503 16.7929
      vertex 16.4782 48.4457 16.6884
    endloop
  endfacet
  facet normal 2.47223e-06 -0.707108 0.707106
    outer loop
      vertex 27.1 38.661 6.90364
      vertex 16.4782 48.4457 16.6884
      vertex 16.4111 48.3453 16.588
    endloop
  endfacet
  facet normal 2.245e-06 -0.707108 0.707106
    outer loop
      vertex 27.1 38.661 6.90364
      vertex 16.4111 48.3453 16.588
      vertex 16.3304 48.2501 16.4928
    endloop
  endfacet
  facet normal -1.34687e-06 -0.707106 0.707107
    outer loop
      vertex 16.6 48.8787 17.1213
      vertex 27.1 38.661 6.90364
      vertex 27.1 59.0964 27.339
    endloop
  endfacet
  facet normal 2.03662e-06 -0.707108 0.707106
    outer loop
      vertex 16.2368 48.1609 16.4036
      vertex 27.1 38.661 6.90364
      vertex 16.3304 48.2501 16.4928
    endloop
  endfacet
  facet normal -0.000352681 -0.707311 0.706903
    outer loop
      vertex 16.1314 48.0787 16.3213
      vertex 27.1 38.661 6.90364
      vertex 16.2368 48.1609 16.4036
    endloop
  endfacet
  facet normal 0.000346838 -0.706903 0.70731
    outer loop
      vertex 16.015 48.0041 16.2468
      vertex 27.1 38.661 6.90364
      vertex 16.1314 48.0787 16.3213
    endloop
  endfacet
  facet normal -0.000344166 -0.707313 0.7069
    outer loop
      vertex 15.8889 47.938 16.1806
      vertex 27.1 38.661 6.90364
      vertex 16.015 48.0041 16.2468
    endloop
  endfacet
  facet normal 0.000346373 -0.706896 0.707318
    outer loop
      vertex 15.7542 47.8809 16.1236
      vertex 27.1 38.661 6.90364
      vertex 15.8889 47.938 16.1806
    endloop
  endfacet
  facet normal 1.09096e-06 -0.707108 0.707105
    outer loop
      vertex 15.6123 47.8334 16.0761
      vertex 27.1 38.661 6.90364
      vertex 15.7542 47.8809 16.1236
    endloop
  endfacet
  facet normal 8.88772e-07 -0.707109 0.707105
    outer loop
      vertex 15.4645 47.796 16.0387
      vertex 27.1 38.661 6.90364
      vertex 15.6123 47.8334 16.0761
    endloop
  endfacet
  facet normal 6.71329e-07 -0.707109 0.707105
    outer loop
      vertex 15.3121 47.769 16.0117
      vertex 27.1 38.661 6.90364
      vertex 15.4645 47.796 16.0387
    endloop
  endfacet
  facet normal 4.30438e-07 -0.707109 0.707105
    outer loop
      vertex 15.1568 47.7527 15.9954
      vertex 27.1 38.661 6.90364
      vertex 15.3121 47.769 16.0117
    endloop
  endfacet
  facet normal 1.53752e-07 -0.707109 0.707105
    outer loop
      vertex 27.1 38.661 6.90364
      vertex 15.1568 47.7527 15.9954
      vertex 15 47.7473 15.99
    endloop
  endfacet
  facet normal 2.15246e-06 -0.707138 0.707076
    outer loop
      vertex 72.85 41.9844 10.227
      vertex 72.85 43.1157 11.3584
      vertex 72.7716 43.113 11.3557
    endloop
  endfacet
  facet normal -0.000910047 -0.707106 0.707106
    outer loop
      vertex 72.7716 41.9871 10.2298
      vertex 72.7716 43.113 11.3557
      vertex 72.6939 43.1049 11.3475
    endloop
  endfacet
  facet normal -2.15246e-06 -0.707138 0.707076
    outer loop
      vertex 72.85 43.1157 11.3584
      vertex 72.85 41.9844 10.227
      vertex 72.9284 43.113 11.3557
    endloop
  endfacet
  facet normal 0.000917918 -0.707075 0.707138
    outer loop
      vertex 72.6939 41.9952 10.2379
      vertex 72.6939 43.1049 11.3475
      vertex 72.6178 43.0914 11.3341
    endloop
  endfacet
  facet normal -0.000901922 -0.707106 0.707106
    outer loop
      vertex 72.9284 41.9871 10.2298
      vertex 72.9284 43.113 11.3557
      vertex 72.85 41.9844 10.227
    endloop
  endfacet
  facet normal -0.000956842 -0.707106 0.707106
    outer loop
      vertex 72.6178 42.0087 10.2514
      vertex 72.6178 43.0914 11.3341
      vertex 72.5439 43.0727 11.3153
    endloop
  endfacet
  facet normal 0.000910047 -0.707106 0.707106
    outer loop
      vertex 72.9284 43.113 11.3557
      vertex 72.9284 41.9871 10.2298
      vertex 73.0061 43.1049 11.3475
    endloop
  endfacet
  facet normal -2.25816e-05 -0.707073 0.707141
    outer loop
      vertex 72.5439 42.0274 10.2701
      vertex 72.5439 43.0727 11.3153
      vertex 72.4729 43.049 11.2916
    endloop
  endfacet
  facet normal -6.64298e-06 -0.707075 0.707139
    outer loop
      vertex 73.0061 41.9952 10.2379
      vertex 73.0061 43.1049 11.3475
      vertex 72.9284 41.9871 10.2298
    endloop
  endfacet
  facet normal 0.00104912 -0.707106 0.707106
    outer loop
      vertex 72.4729 42.0512 10.2938
      vertex 72.4729 43.049 11.2916
      vertex 72.4055 43.0204 11.2631
    endloop
  endfacet
  facet normal -0.000917918 -0.707075 0.707138
    outer loop
      vertex 73.0061 43.1049 11.3475
      vertex 73.0061 41.9952 10.2379
      vertex 73.0822 43.0914 11.3341
    endloop
  endfacet
  facet normal 5.96096e-14 -0.707107 0.707107
    outer loop
      vertex 72.4055 42.0797 10.3224
      vertex 72.4055 43.0204 11.2631
      vertex 72.3425 42.9873 11.23
    endloop
  endfacet
  facet normal -4.01963e-16 -0.707107 0.707107
    outer loop
      vertex 73.0822 42.0087 10.2514
      vertex 73.0822 43.0914 11.3341
      vertex 73.0061 41.9952 10.2379
    endloop
  endfacet
  facet normal -0.00116321 -0.707147 0.707066
    outer loop
      vertex 72.3425 42.1128 10.3554
      vertex 72.3425 42.9873 11.23
      vertex 72.2843 42.9501 11.1927
    endloop
  endfacet
  facet normal 0.000956842 -0.707106 0.707106
    outer loop
      vertex 73.0822 43.0914 11.3341
      vertex 73.0822 42.0087 10.2514
      vertex 73.1561 43.0727 11.3153
    endloop
  endfacet
  facet normal 0.00134176 -0.707106 0.707106
    outer loop
      vertex 72.2843 42.1501 10.3927
      vertex 72.2843 42.9501 11.1927
      vertex 72.2316 42.9089 11.1516
    endloop
  endfacet
  facet normal -1.71184e-05 -0.707073 0.707141
    outer loop
      vertex 73.1561 42.0274 10.2701
      vertex 73.1561 43.0727 11.3153
      vertex 73.0822 42.0087 10.2514
    endloop
  endfacet
  facet normal 2.68785e-14 -0.707107 0.707107
    outer loop
      vertex 72.2316 42.1912 10.4339
      vertex 72.2316 42.9089 11.1516
      vertex 72.1848 42.8643 11.107
    endloop
  endfacet
  facet normal 2.25816e-05 -0.707073 0.707141
    outer loop
      vertex 73.1561 43.0727 11.3153
      vertex 73.1561 42.0274 10.2701
      vertex 73.2271 43.049 11.2916
    endloop
  endfacet
  facet normal 0.000132876 -0.707163 0.707051
    outer loop
      vertex 72.1848 42.2358 10.4784
      vertex 72.1848 42.8643 11.107
      vertex 72.1445 42.8167 11.0594
    endloop
  endfacet
  facet normal 0.000995925 -0.707106 0.707106
    outer loop
      vertex 73.2271 42.0512 10.2938
      vertex 73.2271 43.049 11.2916
      vertex 73.1561 42.0274 10.2701
    endloop
  endfacet
  facet normal -6.79072e-14 -0.707107 0.707107
    outer loop
      vertex 72.1445 42.2834 10.5261
      vertex 72.1445 42.8167 11.0594
      vertex 72.1109 42.7665 11.0092
    endloop
  endfacet
  facet normal -0.00104912 -0.707106 0.707106
    outer loop
      vertex 73.2271 43.049 11.2916
      vertex 73.2271 42.0512 10.2938
      vertex 73.2945 43.0204 11.2631
    endloop
  endfacet
  facet normal -0.00234653 -0.707186 0.707023
    outer loop
      vertex 72.1445 42.2834 10.5261
      vertex 72.1109 42.7665 11.0092
      vertex 72.0844 42.7143 10.9569
    endloop
  endfacet
  facet normal -0.00104912 -0.707106 0.707106
    outer loop
      vertex 73.2945 42.0797 10.3224
      vertex 73.2945 43.0204 11.2631
      vertex 73.2271 42.0512 10.2938
    endloop
  endfacet
  facet normal 0.00233379 -0.70686 0.70735
    outer loop
      vertex 72.1445 42.2834 10.5261
      vertex 72.0844 42.7143 10.9569
      vertex 72.0654 42.6604 10.9031
    endloop
  endfacet
  facet normal -5.98166e-14 -0.707107 0.707107
    outer loop
      vertex 73.2945 43.0204 11.2631
      vertex 73.2945 42.0797 10.3224
      vertex 73.3575 42.9873 11.23
    endloop
  endfacet
  facet normal 1.0064e-13 -0.707107 0.707107
    outer loop
      vertex 72.1445 42.2834 10.5261
      vertex 72.0654 42.6604 10.9031
      vertex 72.0539 42.6055 10.8482
    endloop
  endfacet
  facet normal 0.00116481 -0.707147 0.707066
    outer loop
      vertex 73.3575 42.1128 10.3554
      vertex 73.3575 42.9873 11.23
      vertex 73.2945 42.0797 10.3224
    endloop
  endfacet
  facet normal -0.00362674 -0.707612 0.706592
    outer loop
      vertex 72.1445 42.2834 10.5261
      vertex 72.0539 42.6055 10.8482
      vertex 72.05 42.5501 10.7927
    endloop
  endfacet
  facet normal 0.00116321 -0.707147 0.707066
    outer loop
      vertex 73.3575 42.9873 11.23
      vertex 73.3575 42.1128 10.3554
      vertex 73.4157 42.9501 11.1927
    endloop
  endfacet
  facet normal 0.00355564 -0.706339 0.707865
    outer loop
      vertex 72.1445 42.2834 10.5261
      vertex 72.05 42.5501 10.7927
      vertex 72.0539 42.4946 10.7373
    endloop
  endfacet
  facet normal 2.36053e-14 -0.707107 0.707107
    outer loop
      vertex 73.4157 42.1501 10.3927
      vertex 73.4157 42.9501 11.1927
      vertex 73.3575 42.1128 10.3554
    endloop
  endfacet
  facet normal -1.83142e-13 -0.707107 0.707107
    outer loop
      vertex 72.1445 42.2834 10.5261
      vertex 72.0539 42.4946 10.7373
      vertex 72.0654 42.4397 10.6824
    endloop
  endfacet
  facet normal 0.000901922 -0.707106 0.707106
    outer loop
      vertex 72.7716 43.113 11.3557
      vertex 72.7716 41.9871 10.2298
      vertex 72.85 41.9844 10.227
    endloop
  endfacet
  facet normal -0.00856824 -0.709246 0.704909
    outer loop
      vertex 72.1445 42.2834 10.5261
      vertex 72.0654 42.4397 10.6824
      vertex 72.0844 42.3859 10.6285
    endloop
  endfacet
  facet normal -0.00134176 -0.707106 0.707106
    outer loop
      vertex 73.4157 42.9501 11.1927
      vertex 73.4157 42.1501 10.3927
      vertex 73.4684 42.9089 11.1516
    endloop
  endfacet
  facet normal -0.00863406 -0.709264 0.70489
    outer loop
      vertex 72.1445 42.2834 10.5261
      vertex 72.0844 42.3859 10.6285
      vertex 72.1109 42.3336 10.5762
    endloop
  endfacet
  facet normal -0.00134176 -0.707106 0.707106
    outer loop
      vertex 73.4684 42.1912 10.4339
      vertex 73.4684 42.9089 11.1516
      vertex 73.4157 42.1501 10.3927
    endloop
  endfacet
  facet normal 0.0017546 -0.707106 0.707106
    outer loop
      vertex 72.1445 42.8167 11.0594
      vertex 72.1445 42.2834 10.5261
      vertex 72.1848 42.2358 10.4784
    endloop
  endfacet
  facet normal -2.68785e-14 -0.707107 0.707107
    outer loop
      vertex 73.4684 42.9089 11.1516
      vertex 73.4684 42.1912 10.4339
      vertex 73.5152 42.8643 11.107
    endloop
  endfacet
  facet normal -0.001618 -0.707162 0.70705
    outer loop
      vertex 72.1848 42.8643 11.107
      vertex 72.1848 42.2358 10.4784
      vertex 72.2316 42.1912 10.4339
    endloop
  endfacet
  facet normal 0.001618 -0.707162 0.70705
    outer loop
      vertex 73.5152 42.2358 10.4784
      vertex 73.5152 42.8643 11.107
      vertex 73.4684 42.1912 10.4339
    endloop
  endfacet
  facet normal 0.00134176 -0.707106 0.707106
    outer loop
      vertex 72.2316 42.9089 11.1516
      vertex 72.2316 42.1912 10.4339
      vertex 72.2843 42.1501 10.3927
    endloop
  endfacet
  facet normal -0.000132876 -0.707163 0.707051
    outer loop
      vertex 73.5152 42.8643 11.107
      vertex 73.5152 42.2358 10.4784
      vertex 73.5555 42.8167 11.0594
    endloop
  endfacet
  facet normal -2.36053e-14 -0.707107 0.707107
    outer loop
      vertex 72.2843 42.9501 11.1927
      vertex 72.2843 42.1501 10.3927
      vertex 72.3425 42.1128 10.3554
    endloop
  endfacet
  facet normal 6.64298e-06 -0.707075 0.707139
    outer loop
      vertex 72.6939 43.1049 11.3475
      vertex 72.6939 41.9952 10.2379
      vertex 72.7716 41.9871 10.2298
    endloop
  endfacet
  facet normal -0.00116481 -0.707147 0.707066
    outer loop
      vertex 72.3425 42.9873 11.23
      vertex 72.3425 42.1128 10.3554
      vertex 72.4055 42.0797 10.3224
    endloop
  endfacet
  facet normal 6.76334e-14 -0.707107 0.707107
    outer loop
      vertex 73.5555 42.8167 11.0594
      vertex 73.5555 42.2834 10.5261
      vertex 73.5891 42.7665 11.0092
    endloop
  endfacet
  facet normal 0.00104912 -0.707106 0.707106
    outer loop
      vertex 72.4055 43.0204 11.2631
      vertex 72.4055 42.0797 10.3224
      vertex 72.4729 42.0512 10.2938
    endloop
  endfacet
  facet normal -0.000995925 -0.707106 0.707106
    outer loop
      vertex 72.4729 43.049 11.2916
      vertex 72.4729 42.0512 10.2938
      vertex 72.5439 42.0274 10.2701
    endloop
  endfacet
  facet normal 1.71184e-05 -0.707073 0.707141
    outer loop
      vertex 72.5439 43.0727 11.3153
      vertex 72.5439 42.0274 10.2701
      vertex 72.6178 42.0087 10.2514
    endloop
  endfacet
  facet normal 0.00863406 -0.709264 0.70489
    outer loop
      vertex 73.6156 42.3859 10.6285
      vertex 73.5555 42.2834 10.5261
      vertex 73.5891 42.3336 10.5762
    endloop
  endfacet
  facet normal 1.9056e-15 -0.707107 0.707107
    outer loop
      vertex 72.6178 43.0914 11.3341
      vertex 72.6178 42.0087 10.2514
      vertex 72.6939 41.9952 10.2379
    endloop
  endfacet
  facet normal 0.00856824 -0.709246 0.704909
    outer loop
      vertex 73.6346 42.4397 10.6824
      vertex 73.5555 42.2834 10.5261
      vertex 73.6156 42.3859 10.6285
    endloop
  endfacet
  facet normal 0.00234653 -0.707186 0.707023
    outer loop
      vertex 73.5891 42.7665 11.0092
      vertex 73.5555 42.2834 10.5261
      vertex 73.6156 42.7143 10.9569
    endloop
  endfacet
  facet normal 1.81214e-13 -0.707107 0.707107
    outer loop
      vertex 73.6461 42.4946 10.7373
      vertex 73.5555 42.2834 10.5261
      vertex 73.6346 42.4397 10.6824
    endloop
  endfacet
  facet normal 0.00362674 -0.707612 0.706592
    outer loop
      vertex 73.6461 42.6055 10.8482
      vertex 73.5555 42.2834 10.5261
      vertex 73.65 42.5501 10.7927
    endloop
  endfacet
  facet normal -0.00355564 -0.706339 0.707865
    outer loop
      vertex 73.65 42.5501 10.7927
      vertex 73.5555 42.2834 10.5261
      vertex 73.6461 42.4946 10.7373
    endloop
  endfacet
  facet normal -1.01206e-13 -0.707107 0.707107
    outer loop
      vertex 73.6346 42.6604 10.9031
      vertex 73.5555 42.2834 10.5261
      vertex 73.6461 42.6055 10.8482
    endloop
  endfacet
  facet normal -0.00233379 -0.70686 0.70735
    outer loop
      vertex 73.6156 42.7143 10.9569
      vertex 73.5555 42.2834 10.5261
      vertex 73.6346 42.6604 10.9031
    endloop
  endfacet
  facet normal -0.0017546 -0.707106 0.707106
    outer loop
      vertex 73.5555 42.2834 10.5261
      vertex 73.5555 42.8167 11.0594
      vertex 73.5152 42.2358 10.4784
    endloop
  endfacet
  facet normal 0.000899729 -0.707075 0.707138
    outer loop
      vertex 72.85 54.6416 22.8843
      vertex 72.85 55.773 24.0156
      vertex 72.7716 55.7702 24.0129
    endloop
  endfacet
  facet normal 6.46111e-14 -0.707107 0.707107
    outer loop
      vertex 72.7716 54.6443 22.887
      vertex 72.7716 55.7702 24.0129
      vertex 72.6939 55.7621 24.0048
    endloop
  endfacet
  facet normal -0.000899729 -0.707075 0.707138
    outer loop
      vertex 72.85 55.773 24.0156
      vertex 72.85 54.6416 22.8843
      vertex 72.9284 55.7702 24.0129
    endloop
  endfacet
  facet normal 1.13044e-05 -0.707139 0.707075
    outer loop
      vertex 72.6939 54.6525 22.8951
      vertex 72.6939 55.7621 24.0048
      vertex 72.6178 55.7486 23.9913
    endloop
  endfacet
  facet normal 3.1965e-14 -0.707107 0.707107
    outer loop
      vertex 72.9284 54.6443 22.887
      vertex 72.9284 55.7702 24.0129
      vertex 72.85 54.6416 22.8843
    endloop
  endfacet
  facet normal 3.33597e-14 -0.707107 0.707107
    outer loop
      vertex 72.6178 54.6659 22.9086
      vertex 72.6178 55.7486 23.9913
      vertex 72.5439 55.7299 23.9726
    endloop
  endfacet
  facet normal -6.44288e-14 -0.707107 0.707107
    outer loop
      vertex 72.9284 55.7702 24.0129
      vertex 72.9284 54.6443 22.887
      vertex 73.0061 55.7621 24.0048
    endloop
  endfacet
  facet normal -0.000973295 -0.70714 0.707073
    outer loop
      vertex 72.5439 54.6847 22.9273
      vertex 72.5439 55.7299 23.9726
      vertex 72.4729 55.7062 23.9488
    endloop
  endfacet
  facet normal 0.000916731 -0.707138 0.707075
    outer loop
      vertex 73.0061 54.6525 22.8951
      vertex 73.0061 55.7621 24.0048
      vertex 72.9284 54.6443 22.887
    endloop
  endfacet
  facet normal 0.00104912 -0.707106 0.707106
    outer loop
      vertex 72.4729 54.7084 22.951
      vertex 72.4729 55.7062 23.9488
      vertex 72.4055 55.6776 23.9203
    endloop
  endfacet
  facet normal -1.13044e-05 -0.707139 0.707075
    outer loop
      vertex 73.0061 55.7621 24.0048
      vertex 73.0061 54.6525 22.8951
      vertex 73.0822 55.7486 23.9913
    endloop
  endfacet
  facet normal -0.00112239 -0.707106 0.707106
    outer loop
      vertex 72.4055 54.7369 22.9796
      vertex 72.4055 55.6776 23.9203
      vertex 72.3425 55.6446 23.8872
    endloop
  endfacet
  facet normal -0.000929181 -0.707106 0.707106
    outer loop
      vertex 73.0822 54.6659 22.9086
      vertex 73.0822 55.7486 23.9913
      vertex 73.0061 54.6525 22.8951
    endloop
  endfacet
  facet normal -5.18187e-05 -0.707066 0.707147
    outer loop
      vertex 72.3425 54.77 23.0127
      vertex 72.3425 55.6446 23.8872
      vertex 72.2843 55.6073 23.8499
    endloop
  endfacet
  facet normal -3.3421e-14 -0.707107 0.707107
    outer loop
      vertex 73.0822 55.7486 23.9913
      vertex 73.0822 54.6659 22.9086
      vertex 73.1561 55.7299 23.9726
    endloop
  endfacet
  facet normal 0.00134176 -0.707106 0.707106
    outer loop
      vertex 72.2843 54.8073 23.0499
      vertex 72.2843 55.6073 23.8499
      vertex 72.2316 55.5661 23.8088
    endloop
  endfacet
  facet normal 0.000974006 -0.70714 0.707073
    outer loop
      vertex 73.1561 54.6847 22.9273
      vertex 73.1561 55.7299 23.9726
      vertex 73.0822 54.6659 22.9086
    endloop
  endfacet
  facet normal -0.00151091 -0.707106 0.707106
    outer loop
      vertex 72.2316 54.8484 23.0911
      vertex 72.2316 55.5661 23.8088
      vertex 72.1848 55.5216 23.7642
    endloop
  endfacet
  facet normal 0.000973295 -0.70714 0.707073
    outer loop
      vertex 73.1561 55.7299 23.9726
      vertex 73.1561 54.6847 22.9273
      vertex 73.2271 55.7062 23.9488
    endloop
  endfacet
  facet normal 0.00162159 -0.70705 0.707162
    outer loop
      vertex 72.1848 54.893 23.1357
      vertex 72.1848 55.5216 23.7642
      vertex 72.1445 55.4739 23.7166
    endloop
  endfacet
  facet normal -3.7088e-14 -0.707107 0.707107
    outer loop
      vertex 73.2271 54.7084 22.951
      vertex 73.2271 55.7062 23.9488
      vertex 73.1561 54.6847 22.9273
    endloop
  endfacet
  facet normal -0.00210448 -0.707105 0.707105
    outer loop
      vertex 72.1445 54.9406 23.1833
      vertex 72.1445 55.4739 23.7166
      vertex 72.1109 55.4238 23.6664
    endloop
  endfacet
  facet normal -0.00104912 -0.707106 0.707106
    outer loop
      vertex 73.2271 55.7062 23.9488
      vertex 73.2271 54.7084 22.951
      vertex 73.2945 55.6776 23.9203
    endloop
  endfacet
  facet normal -0.000253982 -0.707042 0.707171
    outer loop
      vertex 72.1445 54.9406 23.1833
      vertex 72.1109 55.4238 23.6664
      vertex 72.0844 55.3715 23.6141
    endloop
  endfacet
  facet normal -0.00104912 -0.707106 0.707106
    outer loop
      vertex 73.2945 54.7369 22.9796
      vertex 73.2945 55.6776 23.9203
      vertex 73.2271 54.7084 22.951
    endloop
  endfacet
  facet normal 0.00233379 -0.70686 0.70735
    outer loop
      vertex 72.1445 54.9406 23.1833
      vertex 72.0844 55.3715 23.6141
      vertex 72.0654 55.3176 23.5603
    endloop
  endfacet
  facet normal 0.00112239 -0.707106 0.707106
    outer loop
      vertex 73.2945 55.6776 23.9203
      vertex 73.2945 54.7369 22.9796
      vertex 73.3575 55.6446 23.8872
    endloop
  endfacet
  facet normal -7.80244e-14 -0.707107 0.707107
    outer loop
      vertex 72.1445 54.9406 23.1833
      vertex 72.0654 55.3176 23.5603
      vertex 72.0539 55.2627 23.5054
    endloop
  endfacet
  facet normal -4.24803e-05 -0.707066 0.707147
    outer loop
      vertex 73.3575 54.77 23.0127
      vertex 73.3575 55.6446 23.8872
      vertex 73.2945 54.7369 22.9796
    endloop
  endfacet
  facet normal -0.00362674 -0.707612 0.706592
    outer loop
      vertex 72.1445 54.9406 23.1833
      vertex 72.0539 55.2627 23.5054
      vertex 72.05 55.2073 23.4499
    endloop
  endfacet
  facet normal 5.18187e-05 -0.707066 0.707147
    outer loop
      vertex 73.3575 55.6446 23.8872
      vertex 73.3575 54.77 23.0127
      vertex 73.4157 55.6073 23.8499
    endloop
  endfacet
  facet normal 0.00355564 -0.706339 0.707865
    outer loop
      vertex 72.1445 54.9406 23.1833
      vertex 72.05 55.2073 23.4499
      vertex 72.0539 55.1518 23.3945
    endloop
  endfacet
  facet normal 0.00121496 -0.707106 0.707106
    outer loop
      vertex 73.4157 54.8073 23.0499
      vertex 73.4157 55.6073 23.8499
      vertex 73.3575 54.77 23.0127
    endloop
  endfacet
  facet normal 2.6411e-13 -0.707107 0.707107
    outer loop
      vertex 72.1445 54.9406 23.1833
      vertex 72.0539 55.1518 23.3945
      vertex 72.0654 55.0969 23.3396
    endloop
  endfacet
  facet normal -3.20171e-14 -0.707107 0.707107
    outer loop
      vertex 72.7716 55.7702 24.0129
      vertex 72.7716 54.6443 22.887
      vertex 72.85 54.6416 22.8843
    endloop
  endfacet
  facet normal -0.00856824 -0.709246 0.704909
    outer loop
      vertex 72.1445 54.9406 23.1833
      vertex 72.0654 55.0969 23.3396
      vertex 72.0844 55.0431 23.2857
    endloop
  endfacet
  facet normal -0.00134176 -0.707106 0.707106
    outer loop
      vertex 73.4157 55.6073 23.8499
      vertex 73.4157 54.8073 23.0499
      vertex 73.4684 55.5661 23.8088
    endloop
  endfacet
  facet normal 0.00834593 -0.704284 0.70987
    outer loop
      vertex 72.1445 54.9406 23.1833
      vertex 72.0844 55.0431 23.2857
      vertex 72.1109 54.9908 23.2335
    endloop
  endfacet
  facet normal -0.00134176 -0.707106 0.707106
    outer loop
      vertex 73.4684 54.8484 23.0911
      vertex 73.4684 55.5661 23.8088
      vertex 73.4157 54.8073 23.0499
    endloop
  endfacet
  facet normal -6.75757e-14 -0.707107 0.707107
    outer loop
      vertex 72.1445 55.4739 23.7166
      vertex 72.1445 54.9406 23.1833
      vertex 72.1848 54.893 23.1357
    endloop
  endfacet
  facet normal 0.00151091 -0.707106 0.707106
    outer loop
      vertex 73.4684 55.5661 23.8088
      vertex 73.4684 54.8484 23.0911
      vertex 73.5152 55.5216 23.7642
    endloop
  endfacet
  facet normal 0.00010721 -0.707051 0.707163
    outer loop
      vertex 72.1848 55.5216 23.7642
      vertex 72.1848 54.893 23.1357
      vertex 72.2316 54.8484 23.0911
    endloop
  endfacet
  facet normal -0.00010721 -0.707051 0.707163
    outer loop
      vertex 73.5152 54.893 23.1357
      vertex 73.5152 55.5216 23.7642
      vertex 73.4684 54.8484 23.0911
    endloop
  endfacet
  facet normal 0.00134176 -0.707106 0.707106
    outer loop
      vertex 72.2316 55.5661 23.8088
      vertex 72.2316 54.8484 23.0911
      vertex 72.2843 54.8073 23.0499
    endloop
  endfacet
  facet normal -0.00162159 -0.70705 0.707162
    outer loop
      vertex 73.5152 55.5216 23.7642
      vertex 73.5152 54.893 23.1357
      vertex 73.5555 55.4739 23.7166
    endloop
  endfacet
  facet normal -0.00121496 -0.707106 0.707106
    outer loop
      vertex 72.2843 55.6073 23.8499
      vertex 72.2843 54.8073 23.0499
      vertex 72.3425 54.77 23.0127
    endloop
  endfacet
  facet normal -0.000916731 -0.707138 0.707075
    outer loop
      vertex 72.6939 55.7621 24.0048
      vertex 72.6939 54.6525 22.8951
      vertex 72.7716 54.6443 22.887
    endloop
  endfacet
  facet normal 4.24803e-05 -0.707066 0.707147
    outer loop
      vertex 72.3425 55.6446 23.8872
      vertex 72.3425 54.77 23.0127
      vertex 72.4055 54.7369 22.9796
    endloop
  endfacet
  facet normal 0.00210448 -0.707105 0.707105
    outer loop
      vertex 73.5555 55.4739 23.7166
      vertex 73.5555 54.9406 23.1833
      vertex 73.5891 55.4238 23.6664
    endloop
  endfacet
  facet normal 0.00104912 -0.707106 0.707106
    outer loop
      vertex 72.4055 55.6776 23.9203
      vertex 72.4055 54.7369 22.9796
      vertex 72.4729 54.7084 22.951
    endloop
  endfacet
  facet normal 3.76767e-14 -0.707107 0.707107
    outer loop
      vertex 72.4729 55.7062 23.9488
      vertex 72.4729 54.7084 22.951
      vertex 72.5439 54.6847 22.9273
    endloop
  endfacet
  facet normal -0.000974006 -0.70714 0.707073
    outer loop
      vertex 72.5439 55.7299 23.9726
      vertex 72.5439 54.6847 22.9273
      vertex 72.6178 54.6659 22.9086
    endloop
  endfacet
  facet normal -0.00834593 -0.704284 0.70987
    outer loop
      vertex 73.6156 55.0431 23.2857
      vertex 73.5555 54.9406 23.1833
      vertex 73.5891 54.9908 23.2335
    endloop
  endfacet
  facet normal 0.000929181 -0.707106 0.707106
    outer loop
      vertex 72.6178 55.7486 23.9913
      vertex 72.6178 54.6659 22.9086
      vertex 72.6939 54.6525 22.8951
    endloop
  endfacet
  facet normal 0.00856824 -0.709246 0.704909
    outer loop
      vertex 73.6346 55.0969 23.3396
      vertex 73.5555 54.9406 23.1833
      vertex 73.6156 55.0431 23.2857
    endloop
  endfacet
  facet normal 0.000253982 -0.707042 0.707171
    outer loop
      vertex 73.5891 55.4238 23.6664
      vertex 73.5555 54.9406 23.1833
      vertex 73.6156 55.3715 23.6141
    endloop
  endfacet
  facet normal -2.62664e-13 -0.707107 0.707107
    outer loop
      vertex 73.6461 55.1518 23.3945
      vertex 73.5555 54.9406 23.1833
      vertex 73.6346 55.0969 23.3396
    endloop
  endfacet
  facet normal 0.00362674 -0.707612 0.706592
    outer loop
      vertex 73.6461 55.2627 23.5054
      vertex 73.5555 54.9406 23.1833
      vertex 73.65 55.2073 23.4499
    endloop
  endfacet
  facet normal -0.00355564 -0.706339 0.707865
    outer loop
      vertex 73.65 55.2073 23.4499
      vertex 73.5555 54.9406 23.1833
      vertex 73.6461 55.1518 23.3945
    endloop
  endfacet
  facet normal 7.71763e-14 -0.707107 0.707107
    outer loop
      vertex 73.6346 55.3176 23.5603
      vertex 73.5555 54.9406 23.1833
      vertex 73.6461 55.2627 23.5054
    endloop
  endfacet
  facet normal -0.00233379 -0.70686 0.70735
    outer loop
      vertex 73.6156 55.3715 23.6141
      vertex 73.5555 54.9406 23.1833
      vertex 73.6346 55.3176 23.5603
    endloop
  endfacet
  facet normal 6.79181e-14 -0.707107 0.707107
    outer loop
      vertex 73.5555 54.9406 23.1833
      vertex 73.5555 55.4739 23.7166
      vertex 73.5152 54.893 23.1357
    endloop
  endfacet
  facet normal 0 -1 0
    outer loop
      vertex 3 63 31.2427
      vertex 81 63 64.7573
      vertex 3 63 64.7573
    endloop
  endfacet
  facet normal 0 -1 -0
    outer loop
      vertex 81 63 64.7573
      vertex 3 63 31.2427
      vertex 81 63 31.2427
    endloop
  endfacet
  facet normal 0.857719 0 -0.514119
    outer loop
      vertex 9.71588 0 4.16727
      vertex 9.50902 9 3.82216
      vertex 9.71588 9 4.16727
    endloop
  endfacet
  facet normal 0.857719 0 -0.514119
    outer loop
      vertex 9.50902 9 3.82216
      vertex 9.71588 0 4.16727
      vertex 9.50902 0 3.82216
    endloop
  endfacet
  facet normal 0.427552 0 0.903991
    outer loop
      vertex 7.669 9 9.88791
      vertex 8.03273 0 9.71588
      vertex 8.03273 9 9.71588
    endloop
  endfacet
  facet normal 0.427552 0 0.903991
    outer loop
      vertex 8.03273 0 9.71588
      vertex 7.669 9 9.88791
      vertex 7.669 0 9.88791
    endloop
  endfacet
  facet normal -0.67155 0 -0.740959
    outer loop
      vertex 3.20086 0 3.20086
      vertex 3.42248 9 3
      vertex 3.42248 0 3
    endloop
  endfacet
  facet normal -0.67155 0 -0.740959
    outer loop
      vertex 3.42248 9 3
      vertex 3.20086 0 3.20086
      vertex 3.20086 9 3.20086
    endloop
  endfacet
  facet normal -0.048962 0 0.998801
    outer loop
      vertex 5.69813 9 10.1803
      vertex 6.1 0 10.2
      vertex 6.1 9 10.2
    endloop
  endfacet
  facet normal -0.048962 0 0.998801
    outer loop
      vertex 6.1 0 10.2
      vertex 5.69813 9 10.1803
      vertex 5.69813 0 10.1803
    endloop
  endfacet
  facet normal 0.514119 0 0.857719
    outer loop
      vertex 8.03273 9 9.71588
      vertex 8.37784 0 9.50902
      vertex 8.37784 9 9.50902
    endloop
  endfacet
  facet normal 0.514119 0 0.857719
    outer loop
      vertex 8.37784 0 9.50902
      vertex 8.03273 9 9.71588
      vertex 8.03273 0 9.71588
    endloop
  endfacet
  facet normal 0.989154 0 -0.146882
    outer loop
      vertex 10.1803 0 5.69813
      vertex 10.1212 9 5.30013
      vertex 10.1803 9 5.69813
    endloop
  endfacet
  facet normal 0.989154 0 -0.146882
    outer loop
      vertex 10.1212 9 5.30013
      vertex 10.1803 0 5.69813
      vertex 10.1212 0 5.30013
    endloop
  endfacet
  facet normal 0.803207 0 -0.595701
    outer loop
      vertex 9.50902 0 3.82216
      vertex 9.26934 9 3.49899
      vertex 9.50902 9 3.82216
    endloop
  endfacet
  facet normal 0.803207 0 -0.595701
    outer loop
      vertex 9.26934 9 3.49899
      vertex 9.50902 0 3.82216
      vertex 9.26934 0 3.49899
    endloop
  endfacet
  facet normal 0.67155 0 -0.740959
    outer loop
      vertex 8.77752 0 3
      vertex 8.99914 9 3.20086
      vertex 8.99914 0 3.20086
    endloop
  endfacet
  facet normal 0.67155 0 -0.740959
    outer loop
      vertex 8.99914 9 3.20086
      vertex 8.77752 0 3
      vertex 8.77752 9 3
    endloop
  endfacet
  facet normal 0.740963 0 -0.671546
    outer loop
      vertex 9.26934 0 3.49899
      vertex 8.99914 9 3.20086
      vertex 9.26934 9 3.49899
    endloop
  endfacet
  facet normal 0.740963 0 -0.671546
    outer loop
      vertex 8.99914 9 3.20086
      vertex 9.26934 0 3.49899
      vertex 8.99914 0 3.20086
    endloop
  endfacet
  facet normal -0.740959 0 -0.67155
    outer loop
      vertex 3.20086 0 3.20086
      vertex 3 9 3.42248
      vertex 3.20086 9 3.20086
    endloop
  endfacet
  facet normal -0.740959 -0 -0.67155
    outer loop
      vertex 3 9 3.42248
      vertex 3.20086 0 3.20086
      vertex 3 0 3.42248
    endloop
  endfacet
  facet normal 0.998801 0 -0.048962
    outer loop
      vertex 10.2 0 6.1
      vertex 10.1803 9 5.69813
      vertex 10.2 9 6.1
    endloop
  endfacet
  facet normal 0.998801 0 -0.048962
    outer loop
      vertex 10.1803 9 5.69813
      vertex 10.2 0 6.1
      vertex 10.1803 0 5.69813
    endloop
  endfacet
  facet normal -0.740959 0 0.67155
    outer loop
      vertex 3 0 8.77752
      vertex 3.20086 9 8.99914
      vertex 3 9 8.77752
    endloop
  endfacet
  facet normal -0.740959 0 0.67155
    outer loop
      vertex 3.20086 9 8.99914
      vertex 3 0 8.77752
      vertex 3.20086 0 8.99914
    endloop
  endfacet
  facet normal 0.146882 0 0.989154
    outer loop
      vertex 6.50187 9 10.1803
      vertex 6.89987 0 10.1212
      vertex 6.89987 9 10.1212
    endloop
  endfacet
  facet normal 0.146882 0 0.989154
    outer loop
      vertex 6.89987 0 10.1212
      vertex 6.50187 9 10.1803
      vertex 6.50187 0 10.1803
    endloop
  endfacet
  facet normal 0.903991 0 -0.427552
    outer loop
      vertex 9.88791 0 4.531
      vertex 9.71588 9 4.16727
      vertex 9.88791 9 4.531
    endloop
  endfacet
  facet normal 0.903991 0 -0.427552
    outer loop
      vertex 9.71588 9 4.16727
      vertex 9.88791 0 4.531
      vertex 9.71588 0 4.16727
    endloop
  endfacet
  facet normal 0.941511 0 -0.336983
    outer loop
      vertex 10.0235 0 4.90983
      vertex 9.88791 9 4.531
      vertex 10.0235 9 4.90983
    endloop
  endfacet
  facet normal 0.941511 0 -0.336983
    outer loop
      vertex 9.88791 9 4.531
      vertex 10.0235 0 4.90983
      vertex 9.88791 0 4.531
    endloop
  endfacet
  facet normal 0.970069 0 -0.242828
    outer loop
      vertex 10.1212 0 5.30013
      vertex 10.0235 9 4.90983
      vertex 10.1212 9 5.30013
    endloop
  endfacet
  facet normal 0.970069 0 -0.242828
    outer loop
      vertex 10.0235 9 4.90983
      vertex 10.1212 0 5.30013
      vertex 10.0235 0 4.90983
    endloop
  endfacet
  facet normal 0 1 0
    outer loop
      vertex 6.50187 9 10.1803
      vertex 5.69813 9 10.1803
      vertex 6.1 9 10.2
    endloop
  endfacet
  facet normal 0 1 0
    outer loop
      vertex 6.89987 9 10.1212
      vertex 5.69813 9 10.1803
      vertex 6.50187 9 10.1803
    endloop
  endfacet
  facet normal 0 1 0
    outer loop
      vertex 6.89987 9 10.1212
      vertex 5.30013 9 10.1212
      vertex 5.69813 9 10.1803
    endloop
  endfacet
  facet normal 0 1 0
    outer loop
      vertex 7.29017 9 10.0235
      vertex 5.30013 9 10.1212
      vertex 6.89987 9 10.1212
    endloop
  endfacet
  facet normal 0 1 0
    outer loop
      vertex 7.29017 9 10.0235
      vertex 4.90983 9 10.0235
      vertex 5.30013 9 10.1212
    endloop
  endfacet
  facet normal 0 1 0
    outer loop
      vertex 7.669 9 9.88791
      vertex 4.90983 9 10.0235
      vertex 7.29017 9 10.0235
    endloop
  endfacet
  facet normal 0 1 0
    outer loop
      vertex 7.669 9 9.88791
      vertex 4.531 9 9.88791
      vertex 4.90983 9 10.0235
    endloop
  endfacet
  facet normal 0 1 0
    outer loop
      vertex 8.03273 9 9.71588
      vertex 4.531 9 9.88791
      vertex 7.669 9 9.88791
    endloop
  endfacet
  facet normal 0 1 0
    outer loop
      vertex 8.03273 9 9.71588
      vertex 4.16727 9 9.71588
      vertex 4.531 9 9.88791
    endloop
  endfacet
  facet normal 0 1 0
    outer loop
      vertex 8.37784 9 9.50902
      vertex 4.16727 9 9.71588
      vertex 8.03273 9 9.71588
    endloop
  endfacet
  facet normal 0 1 0
    outer loop
      vertex 8.37784 9 9.50902
      vertex 3.82216 9 9.50902
      vertex 4.16727 9 9.71588
    endloop
  endfacet
  facet normal 0 1 0
    outer loop
      vertex 8.70101 9 9.26934
      vertex 3.82216 9 9.50902
      vertex 8.37784 9 9.50902
    endloop
  endfacet
  facet normal 0 1 0
    outer loop
      vertex 8.70101 9 9.26934
      vertex 3.49899 9 9.26934
      vertex 3.82216 9 9.50902
    endloop
  endfacet
  facet normal 0 1 0
    outer loop
      vertex 8.99914 9 8.99914
      vertex 3.49899 9 9.26934
      vertex 8.70101 9 9.26934
    endloop
  endfacet
  facet normal 0 1 0
    outer loop
      vertex 3 9 8.77752
      vertex 3.49899 9 9.26934
      vertex 8.99914 9 8.99914
    endloop
  endfacet
  facet normal 0 1 0
    outer loop
      vertex 3.49899 9 9.26934
      vertex 3 9 8.77752
      vertex 3.20086 9 8.99914
    endloop
  endfacet
  facet normal 0 1 0
    outer loop
      vertex 9.26934 9 8.70101
      vertex 3 9 8.77752
      vertex 8.99914 9 8.99914
    endloop
  endfacet
  facet normal 0 1 0
    outer loop
      vertex 9.50902 9 8.37784
      vertex 3 9 8.77752
      vertex 9.26934 9 8.70101
    endloop
  endfacet
  facet normal 0 1 0
    outer loop
      vertex 9.71588 9 8.03273
      vertex 3 9 8.77752
      vertex 9.50902 9 8.37784
    endloop
  endfacet
  facet normal 0 1 0
    outer loop
      vertex 9.88791 9 7.669
      vertex 3 9 8.77752
      vertex 9.71588 9 8.03273
    endloop
  endfacet
  facet normal 0 1 0
    outer loop
      vertex 10.0235 9 7.29017
      vertex 3 9 8.77752
      vertex 9.88791 9 7.669
    endloop
  endfacet
  facet normal 0 1 0
    outer loop
      vertex 10.1212 9 6.89987
      vertex 3 9 8.77752
      vertex 10.0235 9 7.29017
    endloop
  endfacet
  facet normal 0 1 0
    outer loop
      vertex 10.1803 9 6.50187
      vertex 3 9 8.77752
      vertex 10.1212 9 6.89987
    endloop
  endfacet
  facet normal 0 1 0
    outer loop
      vertex 10.2 9 6.1
      vertex 3 9 8.77752
      vertex 10.1803 9 6.50187
    endloop
  endfacet
  facet normal 0 1 -0
    outer loop
      vertex 10.1803 9 5.69813
      vertex 3 9 8.77752
      vertex 10.2 9 6.1
    endloop
  endfacet
  facet normal 0 1 -0
    outer loop
      vertex 10.1212 9 5.30013
      vertex 3 9 8.77752
      vertex 10.1803 9 5.69813
    endloop
  endfacet
  facet normal 0 1 -0
    outer loop
      vertex 10.0235 9 4.90983
      vertex 3 9 8.77752
      vertex 10.1212 9 5.30013
    endloop
  endfacet
  facet normal 0 1 -0
    outer loop
      vertex 9.88791 9 4.531
      vertex 3 9 8.77752
      vertex 10.0235 9 4.90983
    endloop
  endfacet
  facet normal 0 1 -0
    outer loop
      vertex 9.71588 9 4.16727
      vertex 3 9 8.77752
      vertex 9.88791 9 4.531
    endloop
  endfacet
  facet normal 0 1 -0
    outer loop
      vertex 9.50902 9 3.82216
      vertex 3 9 8.77752
      vertex 9.71588 9 4.16727
    endloop
  endfacet
  facet normal 0 1 -0
    outer loop
      vertex 9.26934 9 3.49899
      vertex 3 9 8.77752
      vertex 9.50902 9 3.82216
    endloop
  endfacet
  facet normal 0 1 0
    outer loop
      vertex 9.26934 9 3.49899
      vertex 3 9 3.42248
      vertex 3 9 8.77752
    endloop
  endfacet
  facet normal 0 1 0
    outer loop
      vertex 8.77752 9 3
      vertex 9.26934 9 3.49899
      vertex 8.99914 9 3.20086
    endloop
  endfacet
  facet normal 0 1 0
    outer loop
      vertex 9.26934 9 3.49899
      vertex 8.77752 9 3
      vertex 3 9 3.42248
    endloop
  endfacet
  facet normal 0 1 -0
    outer loop
      vertex 3.42248 9 3
      vertex 3 9 3.42248
      vertex 8.77752 9 3
    endloop
  endfacet
  facet normal 0 1 0
    outer loop
      vertex 3 9 3.42248
      vertex 3.42248 9 3
      vertex 3.20086 9 3.20086
    endloop
  endfacet
  facet normal 0.989154 -0 0.146882
    outer loop
      vertex 10.1212 0 6.89987
      vertex 10.1803 9 6.50187
      vertex 10.1212 9 6.89987
    endloop
  endfacet
  facet normal 0.989154 0 0.146882
    outer loop
      vertex 10.1803 9 6.50187
      vertex 10.1212 0 6.89987
      vertex 10.1803 0 6.50187
    endloop
  endfacet
  facet normal 0.998801 -0 0.048962
    outer loop
      vertex 10.1803 0 6.50187
      vertex 10.2 9 6.1
      vertex 10.1803 9 6.50187
    endloop
  endfacet
  facet normal 0.998801 0 0.048962
    outer loop
      vertex 10.2 9 6.1
      vertex 10.1803 0 6.50187
      vertex 10.2 0 6.1
    endloop
  endfacet
  facet normal 0.671546 0 0.740963
    outer loop
      vertex 8.70101 9 9.26934
      vertex 8.99914 0 8.99914
      vertex 8.99914 9 8.99914
    endloop
  endfacet
  facet normal 0.671546 0 0.740963
    outer loop
      vertex 8.99914 0 8.99914
      vertex 8.70101 9 9.26934
      vertex 8.70101 0 9.26934
    endloop
  endfacet
  facet normal 0.803207 -0 0.595701
    outer loop
      vertex 9.26934 0 8.70101
      vertex 9.50902 9 8.37784
      vertex 9.26934 9 8.70101
    endloop
  endfacet
  facet normal 0.803207 0 0.595701
    outer loop
      vertex 9.50902 9 8.37784
      vertex 9.26934 0 8.70101
      vertex 9.50902 0 8.37784
    endloop
  endfacet
  facet normal -0.595701 0 0.803207
    outer loop
      vertex 3.49899 9 9.26934
      vertex 3.82216 0 9.50902
      vertex 3.82216 9 9.50902
    endloop
  endfacet
  facet normal -0.595701 0 0.803207
    outer loop
      vertex 3.82216 0 9.50902
      vertex 3.49899 9 9.26934
      vertex 3.49899 0 9.26934
    endloop
  endfacet
  facet normal -0.336983 0 0.941511
    outer loop
      vertex 4.531 9 9.88791
      vertex 4.90983 0 10.0235
      vertex 4.90983 9 10.0235
    endloop
  endfacet
  facet normal -0.336983 0 0.941511
    outer loop
      vertex 4.90983 0 10.0235
      vertex 4.531 9 9.88791
      vertex 4.531 0 9.88791
    endloop
  endfacet
  facet normal -0.671546 0 0.740963
    outer loop
      vertex 3.20086 9 8.99914
      vertex 3.49899 0 9.26934
      vertex 3.49899 9 9.26934
    endloop
  endfacet
  facet normal -0.671546 0 0.740963
    outer loop
      vertex 3.49899 0 9.26934
      vertex 3.20086 9 8.99914
      vertex 3.20086 0 8.99914
    endloop
  endfacet
  facet normal 0.941511 -0 0.336983
    outer loop
      vertex 9.88791 0 7.669
      vertex 10.0235 9 7.29017
      vertex 9.88791 9 7.669
    endloop
  endfacet
  facet normal 0.941511 0 0.336983
    outer loop
      vertex 10.0235 9 7.29017
      vertex 9.88791 0 7.669
      vertex 10.0235 0 7.29017
    endloop
  endfacet
  facet normal 0.903991 -0 0.427552
    outer loop
      vertex 9.71588 0 8.03273
      vertex 9.88791 9 7.669
      vertex 9.71588 9 8.03273
    endloop
  endfacet
  facet normal 0.903991 0 0.427552
    outer loop
      vertex 9.88791 9 7.669
      vertex 9.71588 0 8.03273
      vertex 9.88791 0 7.669
    endloop
  endfacet
  facet normal 0.970069 -0 0.242828
    outer loop
      vertex 10.0235 0 7.29017
      vertex 10.1212 9 6.89987
      vertex 10.0235 9 7.29017
    endloop
  endfacet
  facet normal 0.970069 0 0.242828
    outer loop
      vertex 10.1212 9 6.89987
      vertex 10.0235 0 7.29017
      vertex 10.1212 0 6.89987
    endloop
  endfacet
  facet normal 0.857719 -0 0.514119
    outer loop
      vertex 9.50902 0 8.37784
      vertex 9.71588 9 8.03273
      vertex 9.50902 9 8.37784
    endloop
  endfacet
  facet normal 0.857719 0 0.514119
    outer loop
      vertex 9.71588 9 8.03273
      vertex 9.50902 0 8.37784
      vertex 9.71588 0 8.03273
    endloop
  endfacet
  facet normal 0.048962 0 0.998801
    outer loop
      vertex 6.1 9 10.2
      vertex 6.50187 0 10.1803
      vertex 6.50187 9 10.1803
    endloop
  endfacet
  facet normal 0.048962 0 0.998801
    outer loop
      vertex 6.50187 0 10.1803
      vertex 6.1 9 10.2
      vertex 6.1 0 10.2
    endloop
  endfacet
  facet normal -0.242828 0 0.970069
    outer loop
      vertex 4.90983 9 10.0235
      vertex 5.30013 0 10.1212
      vertex 5.30013 9 10.1212
    endloop
  endfacet
  facet normal -0.242828 0 0.970069
    outer loop
      vertex 5.30013 0 10.1212
      vertex 4.90983 9 10.0235
      vertex 4.90983 0 10.0235
    endloop
  endfacet
  facet normal -0.427552 0 0.903991
    outer loop
      vertex 4.16727 9 9.71588
      vertex 4.531 0 9.88791
      vertex 4.531 9 9.88791
    endloop
  endfacet
  facet normal -0.427552 0 0.903991
    outer loop
      vertex 4.531 0 9.88791
      vertex 4.16727 9 9.71588
      vertex 4.16727 0 9.71588
    endloop
  endfacet
  facet normal 0.242828 0 0.970069
    outer loop
      vertex 6.89987 9 10.1212
      vertex 7.29017 0 10.0235
      vertex 7.29017 9 10.0235
    endloop
  endfacet
  facet normal 0.242828 0 0.970069
    outer loop
      vertex 7.29017 0 10.0235
      vertex 6.89987 9 10.1212
      vertex 6.89987 0 10.1212
    endloop
  endfacet
  facet normal 0.336983 0 0.941511
    outer loop
      vertex 7.29017 9 10.0235
      vertex 7.669 0 9.88791
      vertex 7.669 9 9.88791
    endloop
  endfacet
  facet normal 0.336983 0 0.941511
    outer loop
      vertex 7.669 0 9.88791
      vertex 7.29017 9 10.0235
      vertex 7.29017 0 10.0235
    endloop
  endfacet
  facet normal 0.595701 0 0.803207
    outer loop
      vertex 8.37784 9 9.50902
      vertex 8.70101 0 9.26934
      vertex 8.70101 9 9.26934
    endloop
  endfacet
  facet normal 0.595701 0 0.803207
    outer loop
      vertex 8.70101 0 9.26934
      vertex 8.37784 9 9.50902
      vertex 8.37784 0 9.50902
    endloop
  endfacet
  facet normal 0.740963 -0 0.671546
    outer loop
      vertex 8.99914 0 8.99914
      vertex 9.26934 9 8.70101
      vertex 8.99914 9 8.99914
    endloop
  endfacet
  facet normal 0.740963 0 0.671546
    outer loop
      vertex 9.26934 9 8.70101
      vertex 8.99914 0 8.99914
      vertex 9.26934 0 8.70101
    endloop
  endfacet
  facet normal -0.146882 0 0.989154
    outer loop
      vertex 5.30013 9 10.1212
      vertex 5.69813 0 10.1803
      vertex 5.69813 9 10.1803
    endloop
  endfacet
  facet normal -0.146882 0 0.989154
    outer loop
      vertex 5.69813 0 10.1803
      vertex 5.30013 9 10.1212
      vertex 5.30013 0 10.1212
    endloop
  endfacet
  facet normal -0.514119 0 0.857719
    outer loop
      vertex 3.82216 9 9.50902
      vertex 4.16727 0 9.71588
      vertex 4.16727 9 9.71588
    endloop
  endfacet
  facet normal -0.514119 0 0.857719
    outer loop
      vertex 4.16727 0 9.71588
      vertex 3.82216 9 9.50902
      vertex 3.82216 0 9.50902
    endloop
  endfacet
  facet normal -0.941503 0 -0.337005
    outer loop
      vertex 74.1121 0 4.531
      vertex 73.9765 9 4.90983
      vertex 74.1121 9 4.531
    endloop
  endfacet
  facet normal -0.941503 -0 -0.337005
    outer loop
      vertex 73.9765 9 4.90983
      vertex 74.1121 0 4.531
      vertex 73.9765 0 4.90983
    endloop
  endfacet
  facet normal -0.998801 0 -0.048962
    outer loop
      vertex 73.8197 0 5.69813
      vertex 73.8 9 6.1
      vertex 73.8197 9 5.69813
    endloop
  endfacet
  facet normal -0.998801 -0 -0.048962
    outer loop
      vertex 73.8 9 6.1
      vertex 73.8197 0 5.69813
      vertex 73.8 0 6.1
    endloop
  endfacet
  facet normal -0.803183 0 -0.595733
    outer loop
      vertex 74.7307 0 3.49899
      vertex 74.491 9 3.82216
      vertex 74.7307 9 3.49899
    endloop
  endfacet
  facet normal -0.803183 -0 -0.595733
    outer loop
      vertex 74.491 9 3.82216
      vertex 74.7307 0 3.49899
      vertex 74.491 0 3.82216
    endloop
  endfacet
  facet normal 0.51413 0 0.857712
    outer loop
      vertex 79.8327 9 9.71588
      vertex 80.1778 0 9.50902
      vertex 80.1778 9 9.50902
    endloop
  endfacet
  facet normal 0.51413 0 0.857712
    outer loop
      vertex 80.1778 0 9.50902
      vertex 79.8327 9 9.71588
      vertex 79.8327 0 9.71588
    endloop
  endfacet
  facet normal -0.595665 0 0.803233
    outer loop
      vertex 75.299 9 9.26934
      vertex 75.6222 0 9.50902
      vertex 75.6222 9 9.50902
    endloop
  endfacet
  facet normal -0.595665 0 0.803233
    outer loop
      vertex 75.6222 0 9.50902
      vertex 75.299 9 9.26934
      vertex 75.299 0 9.26934
    endloop
  endfacet
  facet normal -0.857675 0 0.514192
    outer loop
      vertex 74.2841 0 8.03273
      vertex 74.491 9 8.37784
      vertex 74.2841 9 8.03273
    endloop
  endfacet
  facet normal -0.857675 0 0.514192
    outer loop
      vertex 74.491 9 8.37784
      vertex 74.2841 0 8.03273
      vertex 74.491 0 8.37784
    endloop
  endfacet
  facet normal 0.671584 0 -0.740929
    outer loop
      vertex 80.5775 0 3
      vertex 80.7991 9 3.20086
      vertex 80.7991 0 3.20086
    endloop
  endfacet
  facet normal 0.671584 0 -0.740929
    outer loop
      vertex 80.7991 9 3.20086
      vertex 80.5775 0 3
      vertex 80.5775 9 3
    endloop
  endfacet
  facet normal 0 1 0
    outer loop
      vertex 78.3019 9 10.1803
      vertex 77.4981 9 10.1803
      vertex 77.9 9 10.2
    endloop
  endfacet
  facet normal 0 1 0
    outer loop
      vertex 78.6999 9 10.1212
      vertex 77.4981 9 10.1803
      vertex 78.3019 9 10.1803
    endloop
  endfacet
  facet normal 0 1 0
    outer loop
      vertex 78.6999 9 10.1212
      vertex 77.1001 9 10.1212
      vertex 77.4981 9 10.1803
    endloop
  endfacet
  facet normal 0 1 0
    outer loop
      vertex 79.0902 9 10.0235
      vertex 77.1001 9 10.1212
      vertex 78.6999 9 10.1212
    endloop
  endfacet
  facet normal 0 1 0
    outer loop
      vertex 79.0902 9 10.0235
      vertex 76.7098 9 10.0235
      vertex 77.1001 9 10.1212
    endloop
  endfacet
  facet normal 0 1 0
    outer loop
      vertex 79.469 9 9.88791
      vertex 76.7098 9 10.0235
      vertex 79.0902 9 10.0235
    endloop
  endfacet
  facet normal 0 1 0
    outer loop
      vertex 79.469 9 9.88791
      vertex 76.331 9 9.88791
      vertex 76.7098 9 10.0235
    endloop
  endfacet
  facet normal 0 1 0
    outer loop
      vertex 79.8327 9 9.71588
      vertex 76.331 9 9.88791
      vertex 79.469 9 9.88791
    endloop
  endfacet
  facet normal 0 1 0
    outer loop
      vertex 79.8327 9 9.71588
      vertex 75.9673 9 9.71588
      vertex 76.331 9 9.88791
    endloop
  endfacet
  facet normal 0 1 0
    outer loop
      vertex 80.1778 9 9.50902
      vertex 75.9673 9 9.71588
      vertex 79.8327 9 9.71588
    endloop
  endfacet
  facet normal 0 1 0
    outer loop
      vertex 80.1778 9 9.50902
      vertex 75.6222 9 9.50902
      vertex 75.9673 9 9.71588
    endloop
  endfacet
  facet normal 0 1 0
    outer loop
      vertex 80.501 9 9.26934
      vertex 75.6222 9 9.50902
      vertex 80.1778 9 9.50902
    endloop
  endfacet
  facet normal 0 1 0
    outer loop
      vertex 80.501 9 9.26934
      vertex 75.299 9 9.26934
      vertex 75.6222 9 9.50902
    endloop
  endfacet
  facet normal 0 1 0
    outer loop
      vertex 81 9 8.77752
      vertex 80.501 9 9.26934
      vertex 80.7991 9 8.99914
    endloop
  endfacet
  facet normal 0 1 0
    outer loop
      vertex 80.501 9 9.26934
      vertex 81 9 8.77752
      vertex 75.299 9 9.26934
    endloop
  endfacet
  facet normal 0 1 0
    outer loop
      vertex 75.299 9 9.26934
      vertex 81 9 8.77752
      vertex 75.0009 9 8.99914
    endloop
  endfacet
  facet normal 0 1 0
    outer loop
      vertex 81 9 8.77752
      vertex 74.7307 9 8.70101
      vertex 75.0009 9 8.99914
    endloop
  endfacet
  facet normal 0 1 0
    outer loop
      vertex 81 9 8.77752
      vertex 74.491 9 8.37784
      vertex 74.7307 9 8.70101
    endloop
  endfacet
  facet normal 0 1 0
    outer loop
      vertex 81 9 8.77752
      vertex 74.2841 9 8.03273
      vertex 74.491 9 8.37784
    endloop
  endfacet
  facet normal 0 1 0
    outer loop
      vertex 81 9 8.77752
      vertex 74.1121 9 7.669
      vertex 74.2841 9 8.03273
    endloop
  endfacet
  facet normal 0 1 0
    outer loop
      vertex 81 9 8.77752
      vertex 73.9765 9 7.29017
      vertex 74.1121 9 7.669
    endloop
  endfacet
  facet normal 0 1 0
    outer loop
      vertex 81 9 8.77752
      vertex 73.8788 9 6.89987
      vertex 73.9765 9 7.29017
    endloop
  endfacet
  facet normal 0 1 0
    outer loop
      vertex 81 9 8.77752
      vertex 73.8197 9 6.50187
      vertex 73.8788 9 6.89987
    endloop
  endfacet
  facet normal 0 1 0
    outer loop
      vertex 81 9 8.77752
      vertex 73.8 9 6.1
      vertex 73.8197 9 6.50187
    endloop
  endfacet
  facet normal 0 1 0
    outer loop
      vertex 81 9 8.77752
      vertex 73.8197 9 5.69813
      vertex 73.8 9 6.1
    endloop
  endfacet
  facet normal 0 1 0
    outer loop
      vertex 81 9 8.77752
      vertex 73.8788 9 5.30013
      vertex 73.8197 9 5.69813
    endloop
  endfacet
  facet normal 0 1 0
    outer loop
      vertex 81 9 8.77752
      vertex 73.9765 9 4.90983
      vertex 73.8788 9 5.30013
    endloop
  endfacet
  facet normal 0 1 0
    outer loop
      vertex 81 9 8.77752
      vertex 74.1121 9 4.531
      vertex 73.9765 9 4.90983
    endloop
  endfacet
  facet normal 0 1 0
    outer loop
      vertex 81 9 8.77752
      vertex 74.2841 9 4.16727
      vertex 74.1121 9 4.531
    endloop
  endfacet
  facet normal 0 1 0
    outer loop
      vertex 81 9 8.77752
      vertex 74.491 9 3.82216
      vertex 74.2841 9 4.16727
    endloop
  endfacet
  facet normal 0 1 0
    outer loop
      vertex 81 9 8.77752
      vertex 74.7307 9 3.49899
      vertex 74.491 9 3.82216
    endloop
  endfacet
  facet normal 0 1 -0
    outer loop
      vertex 81 9 3.42248
      vertex 74.7307 9 3.49899
      vertex 81 9 8.77752
    endloop
  endfacet
  facet normal 0 1 0
    outer loop
      vertex 80.5775 9 3
      vertex 81 9 3.42248
      vertex 80.7991 9 3.20086
    endloop
  endfacet
  facet normal 0 1 0
    outer loop
      vertex 81 9 3.42248
      vertex 80.5775 9 3
      vertex 74.7307 9 3.49899
    endloop
  endfacet
  facet normal 0 1 -0
    outer loop
      vertex 75.2225 9 3
      vertex 74.7307 9 3.49899
      vertex 80.5775 9 3
    endloop
  endfacet
  facet normal 0 1 0
    outer loop
      vertex 74.7307 9 3.49899
      vertex 75.2225 9 3
      vertex 75.0009 9 3.20086
    endloop
  endfacet
  facet normal -0.970069 0 -0.242828
    outer loop
      vertex 73.9765 0 4.90983
      vertex 73.8788 9 5.30013
      vertex 73.9765 9 4.90983
    endloop
  endfacet
  facet normal -0.970069 -0 -0.242828
    outer loop
      vertex 73.8788 9 5.30013
      vertex 73.9765 0 4.90983
      vertex 73.8788 0 5.30013
    endloop
  endfacet
  facet normal -0.989154 0 -0.146882
    outer loop
      vertex 73.8788 0 5.30013
      vertex 73.8197 9 5.69813
      vertex 73.8788 9 5.30013
    endloop
  endfacet
  facet normal -0.989154 -0 -0.146882
    outer loop
      vertex 73.8197 9 5.69813
      vertex 73.8788 0 5.30013
      vertex 73.8197 0 5.69813
    endloop
  endfacet
  facet normal -0.90402 0 -0.427491
    outer loop
      vertex 74.2841 0 4.16727
      vertex 74.1121 9 4.531
      vertex 74.2841 9 4.16727
    endloop
  endfacet
  facet normal -0.90402 -0 -0.427491
    outer loop
      vertex 74.1121 9 4.531
      vertex 74.2841 0 4.16727
      vertex 74.1121 0 4.531
    endloop
  endfacet
  facet normal -0.857675 0 -0.514192
    outer loop
      vertex 74.491 0 3.82216
      vertex 74.2841 9 4.16727
      vertex 74.491 9 3.82216
    endloop
  endfacet
  facet normal -0.857675 -0 -0.514192
    outer loop
      vertex 74.2841 9 4.16727
      vertex 74.491 0 3.82216
      vertex 74.2841 0 4.16727
    endloop
  endfacet
  facet normal -0.671584 0 -0.740929
    outer loop
      vertex 75.0009 0 3.20086
      vertex 75.2225 9 3
      vertex 75.2225 0 3
    endloop
  endfacet
  facet normal -0.671584 0 -0.740929
    outer loop
      vertex 75.2225 9 3
      vertex 75.0009 0 3.20086
      vertex 75.0009 9 3.20086
    endloop
  endfacet
  facet normal -0.740963 0 -0.671546
    outer loop
      vertex 75.0009 0 3.20086
      vertex 74.7307 9 3.49899
      vertex 75.0009 9 3.20086
    endloop
  endfacet
  facet normal -0.740963 -0 -0.671546
    outer loop
      vertex 74.7307 9 3.49899
      vertex 75.0009 0 3.20086
      vertex 74.7307 0 3.49899
    endloop
  endfacet
  facet normal -0.740963 0 0.671546
    outer loop
      vertex 74.7307 0 8.70101
      vertex 75.0009 9 8.99914
      vertex 74.7307 9 8.70101
    endloop
  endfacet
  facet normal -0.740963 0 0.671546
    outer loop
      vertex 75.0009 9 8.99914
      vertex 74.7307 0 8.70101
      vertex 75.0009 0 8.99914
    endloop
  endfacet
  facet normal 0.146882 0 0.989154
    outer loop
      vertex 78.3019 9 10.1803
      vertex 78.6999 0 10.1212
      vertex 78.6999 9 10.1212
    endloop
  endfacet
  facet normal 0.146882 0 0.989154
    outer loop
      vertex 78.6999 0 10.1212
      vertex 78.3019 9 10.1803
      vertex 78.3019 0 10.1803
    endloop
  endfacet
  facet normal 0.740892 0 -0.671624
    outer loop
      vertex 81 0 3.42248
      vertex 80.7991 9 3.20086
      vertex 81 9 3.42248
    endloop
  endfacet
  facet normal 0.740892 0 -0.671624
    outer loop
      vertex 80.7991 9 3.20086
      vertex 81 0 3.42248
      vertex 80.7991 0 3.20086
    endloop
  endfacet
  facet normal -0.998801 0 0.048962
    outer loop
      vertex 73.8 0 6.1
      vertex 73.8197 9 6.50187
      vertex 73.8 9 6.1
    endloop
  endfacet
  facet normal -0.998801 0 0.048962
    outer loop
      vertex 73.8197 9 6.50187
      vertex 73.8 0 6.1
      vertex 73.8197 0 6.50187
    endloop
  endfacet
  facet normal -0.0489584 0 0.998801
    outer loop
      vertex 77.4981 9 10.1803
      vertex 77.9 0 10.2
      vertex 77.9 9 10.2
    endloop
  endfacet
  facet normal -0.0489584 0 0.998801
    outer loop
      vertex 77.9 0 10.2
      vertex 77.4981 9 10.1803
      vertex 77.4981 0 10.1803
    endloop
  endfacet
  facet normal -0.989154 0 0.146882
    outer loop
      vertex 73.8197 0 6.50187
      vertex 73.8788 9 6.89987
      vertex 73.8197 9 6.50187
    endloop
  endfacet
  facet normal -0.989154 0 0.146882
    outer loop
      vertex 73.8788 9 6.89987
      vertex 73.8197 0 6.50187
      vertex 73.8788 0 6.89987
    endloop
  endfacet
  facet normal -0.941503 0 0.337005
    outer loop
      vertex 73.9765 0 7.29017
      vertex 74.1121 9 7.669
      vertex 73.9765 9 7.29017
    endloop
  endfacet
  facet normal -0.941503 0 0.337005
    outer loop
      vertex 74.1121 9 7.669
      vertex 73.9765 0 7.29017
      vertex 74.1121 0 7.669
    endloop
  endfacet
  facet normal -0.671583 0 0.740929
    outer loop
      vertex 75.0009 9 8.99914
      vertex 75.299 0 9.26934
      vertex 75.299 9 9.26934
    endloop
  endfacet
  facet normal -0.671583 0 0.740929
    outer loop
      vertex 75.299 0 9.26934
      vertex 75.0009 9 8.99914
      vertex 75.0009 0 8.99914
    endloop
  endfacet
  facet normal 0.242828 0 0.970069
    outer loop
      vertex 78.6999 9 10.1212
      vertex 79.0902 0 10.0235
      vertex 79.0902 9 10.0235
    endloop
  endfacet
  facet normal 0.242828 0 0.970069
    outer loop
      vertex 79.0902 0 10.0235
      vertex 78.6999 9 10.1212
      vertex 78.6999 0 10.1212
    endloop
  endfacet
  facet normal 0.427581 0 0.903977
    outer loop
      vertex 79.469 9 9.88791
      vertex 79.8327 0 9.71588
      vertex 79.8327 9 9.71588
    endloop
  endfacet
  facet normal 0.427581 0 0.903977
    outer loop
      vertex 79.8327 0 9.71588
      vertex 79.469 9 9.88791
      vertex 79.469 0 9.88791
    endloop
  endfacet
  facet normal 0.671583 0 0.740929
    outer loop
      vertex 80.501 9 9.26934
      vertex 80.7991 0 8.99914
      vertex 80.7991 9 8.99914
    endloop
  endfacet
  facet normal 0.671583 0 0.740929
    outer loop
      vertex 80.7991 0 8.99914
      vertex 80.501 9 9.26934
      vertex 80.501 0 9.26934
    endloop
  endfacet
  facet normal 0.0489584 0 0.998801
    outer loop
      vertex 77.9 9 10.2
      vertex 78.3019 0 10.1803
      vertex 78.3019 9 10.1803
    endloop
  endfacet
  facet normal 0.0489584 0 0.998801
    outer loop
      vertex 78.3019 0 10.1803
      vertex 77.9 9 10.2
      vertex 77.9 0 10.2
    endloop
  endfacet
  facet normal -0.427581 0 0.903977
    outer loop
      vertex 75.9673 9 9.71588
      vertex 76.331 0 9.88791
      vertex 76.331 9 9.88791
    endloop
  endfacet
  facet normal -0.427581 0 0.903977
    outer loop
      vertex 76.331 0 9.88791
      vertex 75.9673 9 9.71588
      vertex 75.9673 0 9.71588
    endloop
  endfacet
  facet normal -0.242828 0 0.970069
    outer loop
      vertex 76.7098 9 10.0235
      vertex 77.1001 0 10.1212
      vertex 77.1001 9 10.1212
    endloop
  endfacet
  facet normal -0.242828 0 0.970069
    outer loop
      vertex 77.1001 0 10.1212
      vertex 76.7098 9 10.0235
      vertex 76.7098 0 10.0235
    endloop
  endfacet
  facet normal -0.970069 0 0.242828
    outer loop
      vertex 73.8788 0 6.89987
      vertex 73.9765 9 7.29017
      vertex 73.8788 9 6.89987
    endloop
  endfacet
  facet normal -0.970069 0 0.242828
    outer loop
      vertex 73.9765 9 7.29017
      vertex 73.8788 0 6.89987
      vertex 73.9765 0 7.29017
    endloop
  endfacet
  facet normal -0.90402 0 0.427491
    outer loop
      vertex 74.1121 0 7.669
      vertex 74.2841 9 8.03273
      vertex 74.1121 9 7.669
    endloop
  endfacet
  facet normal -0.90402 0 0.427491
    outer loop
      vertex 74.2841 9 8.03273
      vertex 74.1121 0 7.669
      vertex 74.2841 0 8.03273
    endloop
  endfacet
  facet normal -0.803183 0 0.595733
    outer loop
      vertex 74.491 0 8.37784
      vertex 74.7307 9 8.70101
      vertex 74.491 9 8.37784
    endloop
  endfacet
  facet normal -0.803183 0 0.595733
    outer loop
      vertex 74.7307 9 8.70101
      vertex 74.491 0 8.37784
      vertex 74.7307 0 8.70101
    endloop
  endfacet
  facet normal 0.740892 -0 0.671624
    outer loop
      vertex 80.7991 0 8.99914
      vertex 81 9 8.77752
      vertex 80.7991 9 8.99914
    endloop
  endfacet
  facet normal 0.740892 0 0.671624
    outer loop
      vertex 81 9 8.77752
      vertex 80.7991 0 8.99914
      vertex 81 0 8.77752
    endloop
  endfacet
  facet normal 0.595665 0 0.803233
    outer loop
      vertex 80.1778 9 9.50902
      vertex 80.501 0 9.26934
      vertex 80.501 9 9.26934
    endloop
  endfacet
  facet normal 0.595665 0 0.803233
    outer loop
      vertex 80.501 0 9.26934
      vertex 80.1778 9 9.50902
      vertex 80.1778 0 9.50902
    endloop
  endfacet
  facet normal -0.51413 0 0.857712
    outer loop
      vertex 75.6222 9 9.50902
      vertex 75.9673 0 9.71588
      vertex 75.9673 9 9.71588
    endloop
  endfacet
  facet normal -0.51413 0 0.857712
    outer loop
      vertex 75.9673 0 9.71588
      vertex 75.6222 9 9.50902
      vertex 75.6222 0 9.50902
    endloop
  endfacet
  facet normal -0.337007 0 0.941502
    outer loop
      vertex 76.331 9 9.88791
      vertex 76.7098 0 10.0235
      vertex 76.7098 9 10.0235
    endloop
  endfacet
  facet normal -0.337007 0 0.941502
    outer loop
      vertex 76.7098 0 10.0235
      vertex 76.331 9 9.88791
      vertex 76.331 0 9.88791
    endloop
  endfacet
  facet normal -0.146882 0 0.989154
    outer loop
      vertex 77.1001 9 10.1212
      vertex 77.4981 0 10.1803
      vertex 77.4981 9 10.1803
    endloop
  endfacet
  facet normal -0.146882 0 0.989154
    outer loop
      vertex 77.4981 0 10.1803
      vertex 77.1001 9 10.1212
      vertex 77.1001 0 10.1212
    endloop
  endfacet
  facet normal 0.337007 0 0.941502
    outer loop
      vertex 79.0902 9 10.0235
      vertex 79.469 0 9.88791
      vertex 79.469 9 9.88791
    endloop
  endfacet
  facet normal 0.337007 0 0.941502
    outer loop
      vertex 79.469 0 9.88791
      vertex 79.0902 9 10.0235
      vertex 79.0902 0 10.0235
    endloop
  endfacet
  facet normal 0.998801 0 -0.0489584
    outer loop
      vertex 10.2 0 67.9
      vertex 10.1803 9 67.4981
      vertex 10.2 9 67.9
    endloop
  endfacet
  facet normal 0.998801 0 -0.0489584
    outer loop
      vertex 10.1803 9 67.4981
      vertex 10.2 0 67.9
      vertex 10.1803 0 67.4981
    endloop
  endfacet
  facet normal -0.048962 0 -0.998801
    outer loop
      vertex 5.69813 0 63.8197
      vertex 6.1 9 63.8
      vertex 6.1 0 63.8
    endloop
  endfacet
  facet normal -0.048962 0 -0.998801
    outer loop
      vertex 6.1 9 63.8
      vertex 5.69813 0 63.8197
      vertex 5.69813 9 63.8197
    endloop
  endfacet
  facet normal 0.671546 0 -0.740963
    outer loop
      vertex 8.70101 0 64.7307
      vertex 8.99914 9 65.0009
      vertex 8.99914 0 65.0009
    endloop
  endfacet
  facet normal 0.671546 0 -0.740963
    outer loop
      vertex 8.99914 9 65.0009
      vertex 8.70101 0 64.7307
      vertex 8.70101 9 64.7307
    endloop
  endfacet
  facet normal -0.740929 0 -0.671584
    outer loop
      vertex 3.20086 0 65.0009
      vertex 3 9 65.2225
      vertex 3.20086 9 65.0009
    endloop
  endfacet
  facet normal -0.740929 -0 -0.671584
    outer loop
      vertex 3 9 65.2225
      vertex 3.20086 0 65.0009
      vertex 3 0 65.2225
    endloop
  endfacet
  facet normal -0.427491 0 -0.90402
    outer loop
      vertex 4.16727 0 64.2841
      vertex 4.531 9 64.1121
      vertex 4.531 0 64.1121
    endloop
  endfacet
  facet normal -0.427491 0 -0.90402
    outer loop
      vertex 4.531 9 64.1121
      vertex 4.16727 0 64.2841
      vertex 4.16727 9 64.2841
    endloop
  endfacet
  facet normal 0.903977 0 -0.427581
    outer loop
      vertex 9.88791 0 66.331
      vertex 9.71588 9 65.9673
      vertex 9.88791 9 66.331
    endloop
  endfacet
  facet normal 0.903977 0 -0.427581
    outer loop
      vertex 9.71588 9 65.9673
      vertex 9.88791 0 66.331
      vertex 9.71588 0 65.9673
    endloop
  endfacet
  facet normal 0.337005 0 -0.941503
    outer loop
      vertex 7.29017 0 63.9765
      vertex 7.669 9 64.1121
      vertex 7.669 0 64.1121
    endloop
  endfacet
  facet normal 0.337005 0 -0.941503
    outer loop
      vertex 7.669 9 64.1121
      vertex 7.29017 0 63.9765
      vertex 7.29017 9 63.9765
    endloop
  endfacet
  facet normal 0.514192 0 -0.857675
    outer loop
      vertex 8.03273 0 64.2841
      vertex 8.37784 9 64.491
      vertex 8.37784 0 64.491
    endloop
  endfacet
  facet normal 0.514192 0 -0.857675
    outer loop
      vertex 8.37784 9 64.491
      vertex 8.03273 0 64.2841
      vertex 8.03273 9 64.2841
    endloop
  endfacet
  facet normal -0.242828 0 -0.970069
    outer loop
      vertex 4.90983 0 63.9765
      vertex 5.30013 9 63.8788
      vertex 5.30013 0 63.8788
    endloop
  endfacet
  facet normal -0.242828 0 -0.970069
    outer loop
      vertex 5.30013 9 63.8788
      vertex 4.90983 0 63.9765
      vertex 4.90983 9 63.9765
    endloop
  endfacet
  facet normal 0.970069 -0 0.242828
    outer loop
      vertex 10.0235 0 69.0902
      vertex 10.1212 9 68.6999
      vertex 10.0235 9 69.0902
    endloop
  endfacet
  facet normal 0.970069 0 0.242828
    outer loop
      vertex 10.1212 9 68.6999
      vertex 10.0235 0 69.0902
      vertex 10.1212 0 68.6999
    endloop
  endfacet
  facet normal 0.970069 0 -0.242828
    outer loop
      vertex 10.1212 0 67.1001
      vertex 10.0235 9 66.7098
      vertex 10.1212 9 67.1001
    endloop
  endfacet
  facet normal 0.970069 0 -0.242828
    outer loop
      vertex 10.0235 9 66.7098
      vertex 10.1212 0 67.1001
      vertex 10.0235 0 66.7098
    endloop
  endfacet
  facet normal 0.989154 0 -0.146882
    outer loop
      vertex 10.1803 0 67.4981
      vertex 10.1212 9 67.1001
      vertex 10.1803 9 67.4981
    endloop
  endfacet
  facet normal 0.989154 0 -0.146882
    outer loop
      vertex 10.1212 9 67.1001
      vertex 10.1803 0 67.4981
      vertex 10.1212 0 67.1001
    endloop
  endfacet
  facet normal 0.941502 0 -0.337007
    outer loop
      vertex 10.0235 0 66.7098
      vertex 9.88791 9 66.331
      vertex 10.0235 9 66.7098
    endloop
  endfacet
  facet normal 0.941502 0 -0.337007
    outer loop
      vertex 9.88791 9 66.331
      vertex 10.0235 0 66.7098
      vertex 9.88791 0 66.331
    endloop
  endfacet
  facet normal 0.803233 0 -0.595665
    outer loop
      vertex 9.50902 0 65.6222
      vertex 9.26934 9 65.299
      vertex 9.50902 9 65.6222
    endloop
  endfacet
  facet normal 0.803233 0 -0.595665
    outer loop
      vertex 9.26934 9 65.299
      vertex 9.50902 0 65.6222
      vertex 9.26934 0 65.299
    endloop
  endfacet
  facet normal 0.740929 0 -0.671583
    outer loop
      vertex 9.26934 0 65.299
      vertex 8.99914 9 65.0009
      vertex 9.26934 9 65.299
    endloop
  endfacet
  facet normal 0.740929 0 -0.671583
    outer loop
      vertex 8.99914 9 65.0009
      vertex 9.26934 0 65.299
      vertex 8.99914 0 65.0009
    endloop
  endfacet
  facet normal 0.857712 0 -0.51413
    outer loop
      vertex 9.71588 0 65.9673
      vertex 9.50902 9 65.6222
      vertex 9.71588 9 65.9673
    endloop
  endfacet
  facet normal 0.857712 0 -0.51413
    outer loop
      vertex 9.50902 9 65.6222
      vertex 9.71588 0 65.9673
      vertex 9.50902 0 65.6222
    endloop
  endfacet
  facet normal 0.146882 0 -0.989154
    outer loop
      vertex 6.50187 0 63.8197
      vertex 6.89987 9 63.8788
      vertex 6.89987 0 63.8788
    endloop
  endfacet
  facet normal 0.146882 0 -0.989154
    outer loop
      vertex 6.89987 9 63.8788
      vertex 6.50187 0 63.8197
      vertex 6.50187 9 63.8197
    endloop
  endfacet
  facet normal 0.242828 0 -0.970069
    outer loop
      vertex 6.89987 0 63.8788
      vertex 7.29017 9 63.9765
      vertex 7.29017 0 63.9765
    endloop
  endfacet
  facet normal 0.242828 0 -0.970069
    outer loop
      vertex 7.29017 9 63.9765
      vertex 6.89987 0 63.8788
      vertex 6.89987 9 63.8788
    endloop
  endfacet
  facet normal 0.048962 0 -0.998801
    outer loop
      vertex 6.1 0 63.8
      vertex 6.50187 9 63.8197
      vertex 6.50187 0 63.8197
    endloop
  endfacet
  facet normal 0.048962 0 -0.998801
    outer loop
      vertex 6.50187 9 63.8197
      vertex 6.1 0 63.8
      vertex 6.1 9 63.8
    endloop
  endfacet
  facet normal 0.427491 0 -0.90402
    outer loop
      vertex 7.669 0 64.1121
      vertex 8.03273 9 64.2841
      vertex 8.03273 0 64.2841
    endloop
  endfacet
  facet normal 0.427491 0 -0.90402
    outer loop
      vertex 8.03273 9 64.2841
      vertex 7.669 0 64.1121
      vertex 7.669 9 64.1121
    endloop
  endfacet
  facet normal 0.595733 0 -0.803183
    outer loop
      vertex 8.37784 0 64.491
      vertex 8.70101 9 64.7307
      vertex 8.70101 0 64.7307
    endloop
  endfacet
  facet normal 0.595733 0 -0.803183
    outer loop
      vertex 8.70101 9 64.7307
      vertex 8.37784 0 64.491
      vertex 8.37784 9 64.491
    endloop
  endfacet
  facet normal 0 1 0
    outer loop
      vertex 9.26934 9 70.501
      vertex 8.77752 9 71
      vertex 8.99914 9 70.7991
    endloop
  endfacet
  facet normal 0 1 0
    outer loop
      vertex 8.77752 9 71
      vertex 3 9 70.5775
      vertex 3.42248 9 71
    endloop
  endfacet
  facet normal 0 1 0
    outer loop
      vertex 3.42248 9 71
      vertex 3 9 70.5775
      vertex 3.20086 9 70.7991
    endloop
  endfacet
  facet normal 0 1 0
    outer loop
      vertex 8.77752 9 71
      vertex 9.26934 9 70.501
      vertex 3 9 70.5775
    endloop
  endfacet
  facet normal 0 1 0
    outer loop
      vertex 9.50902 9 70.1778
      vertex 3 9 70.5775
      vertex 9.26934 9 70.501
    endloop
  endfacet
  facet normal 0 1 0
    outer loop
      vertex 9.71588 9 69.8327
      vertex 3 9 70.5775
      vertex 9.50902 9 70.1778
    endloop
  endfacet
  facet normal 0 1 0
    outer loop
      vertex 9.88791 9 69.469
      vertex 3 9 70.5775
      vertex 9.71588 9 69.8327
    endloop
  endfacet
  facet normal 0 1 0
    outer loop
      vertex 10.0235 9 69.0902
      vertex 3 9 70.5775
      vertex 9.88791 9 69.469
    endloop
  endfacet
  facet normal 0 1 0
    outer loop
      vertex 10.1212 9 68.6999
      vertex 3 9 70.5775
      vertex 10.0235 9 69.0902
    endloop
  endfacet
  facet normal 0 1 0
    outer loop
      vertex 10.1803 9 68.3019
      vertex 3 9 70.5775
      vertex 10.1212 9 68.6999
    endloop
  endfacet
  facet normal 0 1 0
    outer loop
      vertex 10.2 9 67.9
      vertex 3 9 70.5775
      vertex 10.1803 9 68.3019
    endloop
  endfacet
  facet normal 0 1 -0
    outer loop
      vertex 10.1803 9 67.4981
      vertex 3 9 70.5775
      vertex 10.2 9 67.9
    endloop
  endfacet
  facet normal 0 1 -0
    outer loop
      vertex 10.1212 9 67.1001
      vertex 3 9 70.5775
      vertex 10.1803 9 67.4981
    endloop
  endfacet
  facet normal 0 1 -0
    outer loop
      vertex 10.0235 9 66.7098
      vertex 3 9 70.5775
      vertex 10.1212 9 67.1001
    endloop
  endfacet
  facet normal 0 1 -0
    outer loop
      vertex 9.88791 9 66.331
      vertex 3 9 70.5775
      vertex 10.0235 9 66.7098
    endloop
  endfacet
  facet normal 0 1 -0
    outer loop
      vertex 9.71588 9 65.9673
      vertex 3 9 70.5775
      vertex 9.88791 9 66.331
    endloop
  endfacet
  facet normal 0 1 -0
    outer loop
      vertex 9.50902 9 65.6222
      vertex 3 9 70.5775
      vertex 9.71588 9 65.9673
    endloop
  endfacet
  facet normal 0 1 -0
    outer loop
      vertex 9.26934 9 65.299
      vertex 3 9 70.5775
      vertex 9.50902 9 65.6222
    endloop
  endfacet
  facet normal 0 1 0
    outer loop
      vertex 9.26934 9 65.299
      vertex 3 9 65.2225
      vertex 3 9 70.5775
    endloop
  endfacet
  facet normal 0 1 -0
    outer loop
      vertex 8.99914 9 65.0009
      vertex 3 9 65.2225
      vertex 9.26934 9 65.299
    endloop
  endfacet
  facet normal 0 1 -0
    outer loop
      vertex 8.70101 9 64.7307
      vertex 3 9 65.2225
      vertex 8.99914 9 65.0009
    endloop
  endfacet
  facet normal 0 1 -0
    outer loop
      vertex 3.49899 9 64.7307
      vertex 3 9 65.2225
      vertex 8.70101 9 64.7307
    endloop
  endfacet
  facet normal 0 1 0
    outer loop
      vertex 3 9 65.2225
      vertex 3.49899 9 64.7307
      vertex 3.20086 9 65.0009
    endloop
  endfacet
  facet normal 0 1 -0
    outer loop
      vertex 8.37784 9 64.491
      vertex 3.49899 9 64.7307
      vertex 8.70101 9 64.7307
    endloop
  endfacet
  facet normal 0 1 0
    outer loop
      vertex 8.37784 9 64.491
      vertex 3.82216 9 64.491
      vertex 3.49899 9 64.7307
    endloop
  endfacet
  facet normal 0 1 -0
    outer loop
      vertex 8.03273 9 64.2841
      vertex 3.82216 9 64.491
      vertex 8.37784 9 64.491
    endloop
  endfacet
  facet normal 0 1 0
    outer loop
      vertex 8.03273 9 64.2841
      vertex 4.16727 9 64.2841
      vertex 3.82216 9 64.491
    endloop
  endfacet
  facet normal 0 1 -0
    outer loop
      vertex 7.669 9 64.1121
      vertex 4.16727 9 64.2841
      vertex 8.03273 9 64.2841
    endloop
  endfacet
  facet normal 0 1 0
    outer loop
      vertex 7.669 9 64.1121
      vertex 4.531 9 64.1121
      vertex 4.16727 9 64.2841
    endloop
  endfacet
  facet normal 0 1 -0
    outer loop
      vertex 7.29017 9 63.9765
      vertex 4.531 9 64.1121
      vertex 7.669 9 64.1121
    endloop
  endfacet
  facet normal 0 1 0
    outer loop
      vertex 7.29017 9 63.9765
      vertex 4.90983 9 63.9765
      vertex 4.531 9 64.1121
    endloop
  endfacet
  facet normal 0 1 -0
    outer loop
      vertex 6.89987 9 63.8788
      vertex 4.90983 9 63.9765
      vertex 7.29017 9 63.9765
    endloop
  endfacet
  facet normal 0 1 0
    outer loop
      vertex 6.89987 9 63.8788
      vertex 5.30013 9 63.8788
      vertex 4.90983 9 63.9765
    endloop
  endfacet
  facet normal 0 1 -0
    outer loop
      vertex 6.50187 9 63.8197
      vertex 5.30013 9 63.8788
      vertex 6.89987 9 63.8788
    endloop
  endfacet
  facet normal 0 1 0
    outer loop
      vertex 6.50187 9 63.8197
      vertex 5.69813 9 63.8197
      vertex 5.30013 9 63.8788
    endloop
  endfacet
  facet normal -0 1 0
    outer loop
      vertex 5.69813 9 63.8197
      vertex 6.50187 9 63.8197
      vertex 6.1 9 63.8
    endloop
  endfacet
  facet normal -0.595733 0 -0.803183
    outer loop
      vertex 3.49899 0 64.7307
      vertex 3.82216 9 64.491
      vertex 3.82216 0 64.491
    endloop
  endfacet
  facet normal -0.595733 0 -0.803183
    outer loop
      vertex 3.82216 9 64.491
      vertex 3.49899 0 64.7307
      vertex 3.49899 9 64.7307
    endloop
  endfacet
  facet normal -0.514192 0 -0.857675
    outer loop
      vertex 3.82216 0 64.491
      vertex 4.16727 9 64.2841
      vertex 4.16727 0 64.2841
    endloop
  endfacet
  facet normal -0.514192 0 -0.857675
    outer loop
      vertex 4.16727 9 64.2841
      vertex 3.82216 0 64.491
      vertex 3.82216 9 64.491
    endloop
  endfacet
  facet normal -0.671546 0 -0.740963
    outer loop
      vertex 3.20086 0 65.0009
      vertex 3.49899 9 64.7307
      vertex 3.49899 0 64.7307
    endloop
  endfacet
  facet normal -0.671546 0 -0.740963
    outer loop
      vertex 3.49899 9 64.7307
      vertex 3.20086 0 65.0009
      vertex 3.20086 9 65.0009
    endloop
  endfacet
  facet normal -0.337005 0 -0.941503
    outer loop
      vertex 4.531 0 64.1121
      vertex 4.90983 9 63.9765
      vertex 4.90983 0 63.9765
    endloop
  endfacet
  facet normal -0.337005 0 -0.941503
    outer loop
      vertex 4.90983 9 63.9765
      vertex 4.531 0 64.1121
      vertex 4.531 9 64.1121
    endloop
  endfacet
  facet normal -0.146882 0 -0.989154
    outer loop
      vertex 5.30013 0 63.8788
      vertex 5.69813 9 63.8197
      vertex 5.69813 0 63.8197
    endloop
  endfacet
  facet normal -0.146882 0 -0.989154
    outer loop
      vertex 5.69813 9 63.8197
      vertex 5.30013 0 63.8788
      vertex 5.30013 9 63.8788
    endloop
  endfacet
  facet normal 0.803233 -0 0.595665
    outer loop
      vertex 9.26934 0 70.501
      vertex 9.50902 9 70.1778
      vertex 9.26934 9 70.501
    endloop
  endfacet
  facet normal 0.803233 0 0.595665
    outer loop
      vertex 9.50902 9 70.1778
      vertex 9.26934 0 70.501
      vertex 9.50902 0 70.1778
    endloop
  endfacet
  facet normal 0.903977 -0 0.427581
    outer loop
      vertex 9.71588 0 69.8327
      vertex 9.88791 9 69.469
      vertex 9.71588 9 69.8327
    endloop
  endfacet
  facet normal 0.903977 0 0.427581
    outer loop
      vertex 9.88791 9 69.469
      vertex 9.71588 0 69.8327
      vertex 9.88791 0 69.469
    endloop
  endfacet
  facet normal 0.941502 -0 0.337007
    outer loop
      vertex 9.88791 0 69.469
      vertex 10.0235 9 69.0902
      vertex 9.88791 9 69.469
    endloop
  endfacet
  facet normal 0.941502 0 0.337007
    outer loop
      vertex 10.0235 9 69.0902
      vertex 9.88791 0 69.469
      vertex 10.0235 0 69.0902
    endloop
  endfacet
  facet normal 0.989154 -0 0.146882
    outer loop
      vertex 10.1212 0 68.6999
      vertex 10.1803 9 68.3019
      vertex 10.1212 9 68.6999
    endloop
  endfacet
  facet normal 0.989154 0 0.146882
    outer loop
      vertex 10.1803 9 68.3019
      vertex 10.1212 0 68.6999
      vertex 10.1803 0 68.3019
    endloop
  endfacet
  facet normal 0.998801 -0 0.0489584
    outer loop
      vertex 10.1803 0 68.3019
      vertex 10.2 9 67.9
      vertex 10.1803 9 68.3019
    endloop
  endfacet
  facet normal 0.998801 0 0.0489584
    outer loop
      vertex 10.2 9 67.9
      vertex 10.1803 0 68.3019
      vertex 10.2 0 67.9
    endloop
  endfacet
  facet normal 0.671624 0 0.740892
    outer loop
      vertex 8.77752 9 71
      vertex 8.99914 0 70.7991
      vertex 8.99914 9 70.7991
    endloop
  endfacet
  facet normal 0.671624 0 0.740892
    outer loop
      vertex 8.99914 0 70.7991
      vertex 8.77752 9 71
      vertex 8.77752 0 71
    endloop
  endfacet
  facet normal 0.857712 -0 0.51413
    outer loop
      vertex 9.50902 0 70.1778
      vertex 9.71588 9 69.8327
      vertex 9.50902 9 70.1778
    endloop
  endfacet
  facet normal 0.857712 0 0.51413
    outer loop
      vertex 9.71588 9 69.8327
      vertex 9.50902 0 70.1778
      vertex 9.71588 0 69.8327
    endloop
  endfacet
  facet normal -0.671624 0 0.740892
    outer loop
      vertex 3.20086 9 70.7991
      vertex 3.42248 0 71
      vertex 3.42248 9 71
    endloop
  endfacet
  facet normal -0.671624 0 0.740892
    outer loop
      vertex 3.42248 0 71
      vertex 3.20086 9 70.7991
      vertex 3.20086 0 70.7991
    endloop
  endfacet
  facet normal -0.740929 0 0.671584
    outer loop
      vertex 3 0 70.5775
      vertex 3.20086 9 70.7991
      vertex 3 9 70.5775
    endloop
  endfacet
  facet normal -0.740929 0 0.671584
    outer loop
      vertex 3.20086 9 70.7991
      vertex 3 0 70.5775
      vertex 3.20086 0 70.7991
    endloop
  endfacet
  facet normal 0.740929 -0 0.671583
    outer loop
      vertex 8.99914 0 70.7991
      vertex 9.26934 9 70.501
      vertex 8.99914 9 70.7991
    endloop
  endfacet
  facet normal 0.740929 0 0.671583
    outer loop
      vertex 9.26934 9 70.501
      vertex 8.99914 0 70.7991
      vertex 9.26934 0 70.501
    endloop
  endfacet
  facet normal 0.595697 0 -0.803209
    outer loop
      vertex 80.1778 0 64.491
      vertex 80.501 9 64.7307
      vertex 80.501 0 64.7307
    endloop
  endfacet
  facet normal 0.595697 0 -0.803209
    outer loop
      vertex 80.501 9 64.7307
      vertex 80.1778 0 64.491
      vertex 80.1778 9 64.491
    endloop
  endfacet
  facet normal -0.337029 0 -0.941494
    outer loop
      vertex 76.331 0 64.1121
      vertex 76.7098 9 63.9765
      vertex 76.7098 0 63.9765
    endloop
  endfacet
  facet normal -0.337029 0 -0.941494
    outer loop
      vertex 76.7098 9 63.9765
      vertex 76.331 0 64.1121
      vertex 76.331 9 64.1121
    endloop
  endfacet
  facet normal -0.904006 0 -0.42752
    outer loop
      vertex 74.2841 0 65.9673
      vertex 74.1121 9 66.331
      vertex 74.2841 9 65.9673
    endloop
  endfacet
  facet normal -0.904006 -0 -0.42752
    outer loop
      vertex 74.1121 9 66.331
      vertex 74.2841 0 65.9673
      vertex 74.1121 0 66.331
    endloop
  endfacet
  facet normal 0.42752 0 -0.904006
    outer loop
      vertex 79.469 0 64.1121
      vertex 79.8327 9 64.2841
      vertex 79.8327 0 64.2841
    endloop
  endfacet
  facet normal 0.42752 0 -0.904006
    outer loop
      vertex 79.8327 9 64.2841
      vertex 79.469 0 64.1121
      vertex 79.469 9 64.1121
    endloop
  endfacet
  facet normal 0.146882 0 -0.989154
    outer loop
      vertex 78.3019 0 63.8197
      vertex 78.6999 9 63.8788
      vertex 78.6999 0 63.8788
    endloop
  endfacet
  facet normal 0.146882 0 -0.989154
    outer loop
      vertex 78.6999 9 63.8788
      vertex 78.3019 0 63.8197
      vertex 78.3019 9 63.8197
    endloop
  endfacet
  facet normal -0.989154 0 -0.146882
    outer loop
      vertex 73.8788 0 67.1001
      vertex 73.8197 9 67.4981
      vertex 73.8788 9 67.1001
    endloop
  endfacet
  facet normal -0.989154 -0 -0.146882
    outer loop
      vertex 73.8197 9 67.4981
      vertex 73.8788 0 67.1001
      vertex 73.8197 0 67.4981
    endloop
  endfacet
  facet normal -0.740929 0 -0.671583
    outer loop
      vertex 75.0009 0 65.0009
      vertex 74.7307 9 65.299
      vertex 75.0009 9 65.0009
    endloop
  endfacet
  facet normal -0.740929 -0 -0.671583
    outer loop
      vertex 74.7307 9 65.299
      vertex 75.0009 0 65.0009
      vertex 74.7307 0 65.299
    endloop
  endfacet
  facet normal -0.146882 0 -0.989154
    outer loop
      vertex 77.1001 0 63.8788
      vertex 77.4981 9 63.8197
      vertex 77.4981 0 63.8197
    endloop
  endfacet
  facet normal -0.146882 0 -0.989154
    outer loop
      vertex 77.4981 9 63.8197
      vertex 77.1001 0 63.8788
      vertex 77.1001 9 63.8788
    endloop
  endfacet
  facet normal -0.671657 0 0.740862
    outer loop
      vertex 75.0009 9 70.7991
      vertex 75.2225 0 71
      vertex 75.2225 9 71
    endloop
  endfacet
  facet normal -0.671657 0 0.740862
    outer loop
      vertex 75.2225 0 71
      vertex 75.0009 9 70.7991
      vertex 75.0009 0 70.7991
    endloop
  endfacet
  facet normal 0.740862 0 -0.671657
    outer loop
      vertex 81 0 65.2225
      vertex 80.7991 9 65.0009
      vertex 81 9 65.2225
    endloop
  endfacet
  facet normal 0.740862 0 -0.671657
    outer loop
      vertex 80.7991 9 65.0009
      vertex 81 0 65.2225
      vertex 80.7991 0 65.0009
    endloop
  endfacet
  facet normal 0.671583 0 -0.740929
    outer loop
      vertex 80.501 0 64.7307
      vertex 80.7991 9 65.0009
      vertex 80.7991 0 65.0009
    endloop
  endfacet
  facet normal 0.671583 0 -0.740929
    outer loop
      vertex 80.7991 9 65.0009
      vertex 80.501 0 64.7307
      vertex 80.501 9 64.7307
    endloop
  endfacet
  facet normal 0.514203 0 -0.857668
    outer loop
      vertex 79.8327 0 64.2841
      vertex 80.1778 9 64.491
      vertex 80.1778 0 64.491
    endloop
  endfacet
  facet normal 0.514203 0 -0.857668
    outer loop
      vertex 80.1778 9 64.491
      vertex 79.8327 0 64.2841
      vertex 79.8327 9 64.2841
    endloop
  endfacet
  facet normal 0.0489584 0 -0.998801
    outer loop
      vertex 77.9 0 63.8
      vertex 78.3019 9 63.8197
      vertex 78.3019 0 63.8197
    endloop
  endfacet
  facet normal 0.0489584 0 -0.998801
    outer loop
      vertex 78.3019 9 63.8197
      vertex 77.9 0 63.8
      vertex 77.9 9 63.8
    endloop
  endfacet
  facet normal 0.337029 0 -0.941494
    outer loop
      vertex 79.0902 0 63.9765
      vertex 79.469 9 64.1121
      vertex 79.469 0 64.1121
    endloop
  endfacet
  facet normal 0.337029 0 -0.941494
    outer loop
      vertex 79.469 9 64.1121
      vertex 79.0902 0 63.9765
      vertex 79.0902 9 63.9765
    endloop
  endfacet
  facet normal 0.242828 0 -0.970069
    outer loop
      vertex 78.6999 0 63.8788
      vertex 79.0902 9 63.9765
      vertex 79.0902 0 63.9765
    endloop
  endfacet
  facet normal 0.242828 0 -0.970069
    outer loop
      vertex 79.0902 9 63.9765
      vertex 78.6999 0 63.8788
      vertex 78.6999 9 63.8788
    endloop
  endfacet
  facet normal -0.998801 0 -0.0489584
    outer loop
      vertex 73.8197 0 67.4981
      vertex 73.8 9 67.9
      vertex 73.8197 9 67.4981
    endloop
  endfacet
  facet normal -0.998801 -0 -0.0489584
    outer loop
      vertex 73.8 9 67.9
      vertex 73.8197 0 67.4981
      vertex 73.8 0 67.9
    endloop
  endfacet
  facet normal 0 1 0
    outer loop
      vertex 81 9 70.5775
      vertex 80.5775 9 71
      vertex 80.7991 9 70.7991
    endloop
  endfacet
  facet normal 0 1 0
    outer loop
      vertex 80.5775 9 71
      vertex 81 9 70.5775
      vertex 75.2225 9 71
    endloop
  endfacet
  facet normal 0 1 0
    outer loop
      vertex 74.7307 9 70.501
      vertex 75.2225 9 71
      vertex 81 9 70.5775
    endloop
  endfacet
  facet normal 0 1 0
    outer loop
      vertex 75.2225 9 71
      vertex 74.7307 9 70.501
      vertex 75.0009 9 70.7991
    endloop
  endfacet
  facet normal 0 1 0
    outer loop
      vertex 81 9 70.5775
      vertex 74.491 9 70.1778
      vertex 74.7307 9 70.501
    endloop
  endfacet
  facet normal 0 1 0
    outer loop
      vertex 81 9 70.5775
      vertex 74.2841 9 69.8327
      vertex 74.491 9 70.1778
    endloop
  endfacet
  facet normal 0 1 0
    outer loop
      vertex 81 9 70.5775
      vertex 74.1121 9 69.469
      vertex 74.2841 9 69.8327
    endloop
  endfacet
  facet normal 0 1 0
    outer loop
      vertex 81 9 70.5775
      vertex 73.9765 9 69.0902
      vertex 74.1121 9 69.469
    endloop
  endfacet
  facet normal 0 1 0
    outer loop
      vertex 81 9 70.5775
      vertex 73.8788 9 68.6999
      vertex 73.9765 9 69.0902
    endloop
  endfacet
  facet normal 0 1 0
    outer loop
      vertex 81 9 70.5775
      vertex 73.8197 9 68.3019
      vertex 73.8788 9 68.6999
    endloop
  endfacet
  facet normal 0 1 0
    outer loop
      vertex 81 9 70.5775
      vertex 73.8 9 67.9
      vertex 73.8197 9 68.3019
    endloop
  endfacet
  facet normal 0 1 0
    outer loop
      vertex 81 9 70.5775
      vertex 73.8197 9 67.4981
      vertex 73.8 9 67.9
    endloop
  endfacet
  facet normal 0 1 0
    outer loop
      vertex 81 9 70.5775
      vertex 73.8788 9 67.1001
      vertex 73.8197 9 67.4981
    endloop
  endfacet
  facet normal 0 1 0
    outer loop
      vertex 81 9 70.5775
      vertex 73.9765 9 66.7098
      vertex 73.8788 9 67.1001
    endloop
  endfacet
  facet normal 0 1 0
    outer loop
      vertex 81 9 70.5775
      vertex 74.1121 9 66.331
      vertex 73.9765 9 66.7098
    endloop
  endfacet
  facet normal 0 1 0
    outer loop
      vertex 81 9 70.5775
      vertex 74.2841 9 65.9673
      vertex 74.1121 9 66.331
    endloop
  endfacet
  facet normal 0 1 0
    outer loop
      vertex 81 9 70.5775
      vertex 74.491 9 65.6222
      vertex 74.2841 9 65.9673
    endloop
  endfacet
  facet normal 0 1 0
    outer loop
      vertex 81 9 70.5775
      vertex 74.7307 9 65.299
      vertex 74.491 9 65.6222
    endloop
  endfacet
  facet normal 0 1 -0
    outer loop
      vertex 81 9 65.2225
      vertex 74.7307 9 65.299
      vertex 81 9 70.5775
    endloop
  endfacet
  facet normal 0 1 0
    outer loop
      vertex 80.501 9 64.7307
      vertex 81 9 65.2225
      vertex 80.7991 9 65.0009
    endloop
  endfacet
  facet normal 0 1 0
    outer loop
      vertex 81 9 65.2225
      vertex 75.0009 9 65.0009
      vertex 74.7307 9 65.299
    endloop
  endfacet
  facet normal 0 1 0
    outer loop
      vertex 81 9 65.2225
      vertex 80.501 9 64.7307
      vertex 75.0009 9 65.0009
    endloop
  endfacet
  facet normal 0 1 0
    outer loop
      vertex 80.501 9 64.7307
      vertex 75.299 9 64.7307
      vertex 75.0009 9 65.0009
    endloop
  endfacet
  facet normal 0 1 -0
    outer loop
      vertex 80.1778 9 64.491
      vertex 75.299 9 64.7307
      vertex 80.501 9 64.7307
    endloop
  endfacet
  facet normal 0 1 0
    outer loop
      vertex 80.1778 9 64.491
      vertex 75.6222 9 64.491
      vertex 75.299 9 64.7307
    endloop
  endfacet
  facet normal 0 1 -0
    outer loop
      vertex 79.8327 9 64.2841
      vertex 75.6222 9 64.491
      vertex 80.1778 9 64.491
    endloop
  endfacet
  facet normal 0 1 0
    outer loop
      vertex 79.8327 9 64.2841
      vertex 75.9673 9 64.2841
      vertex 75.6222 9 64.491
    endloop
  endfacet
  facet normal 0 1 -0
    outer loop
      vertex 79.469 9 64.1121
      vertex 75.9673 9 64.2841
      vertex 79.8327 9 64.2841
    endloop
  endfacet
  facet normal 0 1 0
    outer loop
      vertex 79.469 9 64.1121
      vertex 76.331 9 64.1121
      vertex 75.9673 9 64.2841
    endloop
  endfacet
  facet normal 0 1 -0
    outer loop
      vertex 79.0902 9 63.9765
      vertex 76.331 9 64.1121
      vertex 79.469 9 64.1121
    endloop
  endfacet
  facet normal 0 1 0
    outer loop
      vertex 79.0902 9 63.9765
      vertex 76.7098 9 63.9765
      vertex 76.331 9 64.1121
    endloop
  endfacet
  facet normal 0 1 -0
    outer loop
      vertex 78.6999 9 63.8788
      vertex 76.7098 9 63.9765
      vertex 79.0902 9 63.9765
    endloop
  endfacet
  facet normal 0 1 0
    outer loop
      vertex 78.6999 9 63.8788
      vertex 77.1001 9 63.8788
      vertex 76.7098 9 63.9765
    endloop
  endfacet
  facet normal 0 1 -0
    outer loop
      vertex 78.3019 9 63.8197
      vertex 77.1001 9 63.8788
      vertex 78.6999 9 63.8788
    endloop
  endfacet
  facet normal 0 1 0
    outer loop
      vertex 78.3019 9 63.8197
      vertex 77.4981 9 63.8197
      vertex 77.1001 9 63.8788
    endloop
  endfacet
  facet normal -0 1 0
    outer loop
      vertex 77.4981 9 63.8197
      vertex 78.3019 9 63.8197
      vertex 77.9 9 63.8
    endloop
  endfacet
  facet normal -0.941494 0 -0.337029
    outer loop
      vertex 74.1121 0 66.331
      vertex 73.9765 9 66.7098
      vertex 74.1121 9 66.331
    endloop
  endfacet
  facet normal -0.941494 -0 -0.337029
    outer loop
      vertex 73.9765 9 66.7098
      vertex 74.1121 0 66.331
      vertex 73.9765 0 66.7098
    endloop
  endfacet
  facet normal -0.970069 0 -0.242828
    outer loop
      vertex 73.9765 0 66.7098
      vertex 73.8788 9 67.1001
      vertex 73.9765 9 66.7098
    endloop
  endfacet
  facet normal -0.970069 -0 -0.242828
    outer loop
      vertex 73.8788 9 67.1001
      vertex 73.9765 0 66.7098
      vertex 73.8788 0 67.1001
    endloop
  endfacet
  facet normal -0.857668 0 -0.514203
    outer loop
      vertex 74.491 0 65.6222
      vertex 74.2841 9 65.9673
      vertex 74.491 9 65.6222
    endloop
  endfacet
  facet normal -0.857668 -0 -0.514203
    outer loop
      vertex 74.2841 9 65.9673
      vertex 74.491 0 65.6222
      vertex 74.2841 0 65.9673
    endloop
  endfacet
  facet normal -0.803209 0 -0.595697
    outer loop
      vertex 74.7307 0 65.299
      vertex 74.491 9 65.6222
      vertex 74.7307 9 65.299
    endloop
  endfacet
  facet normal -0.803209 -0 -0.595697
    outer loop
      vertex 74.491 9 65.6222
      vertex 74.7307 0 65.299
      vertex 74.491 0 65.6222
    endloop
  endfacet
  facet normal -0.242828 0 -0.970069
    outer loop
      vertex 76.7098 0 63.9765
      vertex 77.1001 9 63.8788
      vertex 77.1001 0 63.8788
    endloop
  endfacet
  facet normal -0.242828 0 -0.970069
    outer loop
      vertex 77.1001 9 63.8788
      vertex 76.7098 0 63.9765
      vertex 76.7098 9 63.9765
    endloop
  endfacet
  facet normal -0.0489584 0 -0.998801
    outer loop
      vertex 77.4981 0 63.8197
      vertex 77.9 9 63.8
      vertex 77.9 0 63.8
    endloop
  endfacet
  facet normal -0.0489584 0 -0.998801
    outer loop
      vertex 77.9 9 63.8
      vertex 77.4981 0 63.8197
      vertex 77.4981 9 63.8197
    endloop
  endfacet
  facet normal -0.514203 0 -0.857668
    outer loop
      vertex 75.6222 0 64.491
      vertex 75.9673 9 64.2841
      vertex 75.9673 0 64.2841
    endloop
  endfacet
  facet normal -0.514203 0 -0.857668
    outer loop
      vertex 75.9673 9 64.2841
      vertex 75.6222 0 64.491
      vertex 75.6222 9 64.491
    endloop
  endfacet
  facet normal -0.595697 0 -0.803209
    outer loop
      vertex 75.299 0 64.7307
      vertex 75.6222 9 64.491
      vertex 75.6222 0 64.491
    endloop
  endfacet
  facet normal -0.595697 0 -0.803209
    outer loop
      vertex 75.6222 9 64.491
      vertex 75.299 0 64.7307
      vertex 75.299 9 64.7307
    endloop
  endfacet
  facet normal -0.42752 0 -0.904006
    outer loop
      vertex 75.9673 0 64.2841
      vertex 76.331 9 64.1121
      vertex 76.331 0 64.1121
    endloop
  endfacet
  facet normal -0.42752 0 -0.904006
    outer loop
      vertex 76.331 9 64.1121
      vertex 75.9673 0 64.2841
      vertex 75.9673 9 64.2841
    endloop
  endfacet
  facet normal -0.671583 0 -0.740929
    outer loop
      vertex 75.0009 0 65.0009
      vertex 75.299 9 64.7307
      vertex 75.299 0 64.7307
    endloop
  endfacet
  facet normal -0.671583 0 -0.740929
    outer loop
      vertex 75.299 9 64.7307
      vertex 75.0009 0 65.0009
      vertex 75.0009 9 65.0009
    endloop
  endfacet
  facet normal 0.671657 0 0.740862
    outer loop
      vertex 80.5775 9 71
      vertex 80.7991 0 70.7991
      vertex 80.7991 9 70.7991
    endloop
  endfacet
  facet normal 0.671657 0 0.740862
    outer loop
      vertex 80.7991 0 70.7991
      vertex 80.5775 9 71
      vertex 80.5775 0 71
    endloop
  endfacet
  facet normal -0.970069 0 0.242828
    outer loop
      vertex 73.8788 0 68.6999
      vertex 73.9765 9 69.0902
      vertex 73.8788 9 68.6999
    endloop
  endfacet
  facet normal -0.970069 0 0.242828
    outer loop
      vertex 73.9765 9 69.0902
      vertex 73.8788 0 68.6999
      vertex 73.9765 0 69.0902
    endloop
  endfacet
  facet normal -0.998801 0 0.0489584
    outer loop
      vertex 73.8 0 67.9
      vertex 73.8197 9 68.3019
      vertex 73.8 9 67.9
    endloop
  endfacet
  facet normal -0.998801 0 0.0489584
    outer loop
      vertex 73.8197 9 68.3019
      vertex 73.8 0 67.9
      vertex 73.8197 0 68.3019
    endloop
  endfacet
  facet normal -0.803209 0 0.595697
    outer loop
      vertex 74.491 0 70.1778
      vertex 74.7307 9 70.501
      vertex 74.491 9 70.1778
    endloop
  endfacet
  facet normal -0.803209 0 0.595697
    outer loop
      vertex 74.7307 9 70.501
      vertex 74.491 0 70.1778
      vertex 74.7307 0 70.501
    endloop
  endfacet
  facet normal -0.904006 0 0.42752
    outer loop
      vertex 74.1121 0 69.469
      vertex 74.2841 9 69.8327
      vertex 74.1121 9 69.469
    endloop
  endfacet
  facet normal -0.904006 0 0.42752
    outer loop
      vertex 74.2841 9 69.8327
      vertex 74.1121 0 69.469
      vertex 74.2841 0 69.8327
    endloop
  endfacet
  facet normal -0.740929 0 0.671583
    outer loop
      vertex 74.7307 0 70.501
      vertex 75.0009 9 70.7991
      vertex 74.7307 9 70.501
    endloop
  endfacet
  facet normal -0.740929 0 0.671583
    outer loop
      vertex 75.0009 9 70.7991
      vertex 74.7307 0 70.501
      vertex 75.0009 0 70.7991
    endloop
  endfacet
  facet normal 0.740862 -0 0.671657
    outer loop
      vertex 80.7991 0 70.7991
      vertex 81 9 70.5775
      vertex 80.7991 9 70.7991
    endloop
  endfacet
  facet normal 0.740862 0 0.671657
    outer loop
      vertex 81 9 70.5775
      vertex 80.7991 0 70.7991
      vertex 81 0 70.5775
    endloop
  endfacet
  facet normal -0.941494 0 0.337029
    outer loop
      vertex 73.9765 0 69.0902
      vertex 74.1121 9 69.469
      vertex 73.9765 9 69.0902
    endloop
  endfacet
  facet normal -0.941494 0 0.337029
    outer loop
      vertex 74.1121 9 69.469
      vertex 73.9765 0 69.0902
      vertex 74.1121 0 69.469
    endloop
  endfacet
  facet normal -0.989154 0 0.146882
    outer loop
      vertex 73.8197 0 68.3019
      vertex 73.8788 9 68.6999
      vertex 73.8197 9 68.3019
    endloop
  endfacet
  facet normal -0.989154 0 0.146882
    outer loop
      vertex 73.8788 9 68.6999
      vertex 73.8197 0 68.3019
      vertex 73.8788 0 68.6999
    endloop
  endfacet
  facet normal -0.857668 0 0.514203
    outer loop
      vertex 74.2841 0 69.8327
      vertex 74.491 9 70.1778
      vertex 74.2841 9 69.8327
    endloop
  endfacet
  facet normal -0.857668 0 0.514203
    outer loop
      vertex 74.491 9 70.1778
      vertex 74.2841 0 69.8327
      vertex 74.491 0 70.1778
    endloop
  endfacet
  facet normal -1 0 0
    outer loop
      vertex 27.1 38.661 6.90364
      vertex 27.1 50.9646 35.4707
      vertex 27.1 59.0964 27.339
    endloop
  endfacet
  facet normal -1 0 0
    outer loop
      vertex 27.1 50.9646 35.4707
      vertex 27.1 38.661 6.90364
      vertex 27.1 30.5293 15.0354
    endloop
  endfacet
  facet normal 0 -0.707107 0.707107
    outer loop
      vertex 27.1 30.5293 15.0354
      vertex 28.7 50.9646 35.4707
      vertex 27.1 50.9646 35.4707
    endloop
  endfacet
  facet normal 0 -0.707107 0.707107
    outer loop
      vertex 28.7 50.9646 35.4707
      vertex 27.1 30.5293 15.0354
      vertex 28.7 30.5293 15.0354
    endloop
  endfacet
  facet normal 1 0 0
    outer loop
      vertex 28.7 50.9646 35.4707
      vertex 28.7 38.661 6.90364
      vertex 28.7 59.0964 27.339
    endloop
  endfacet
  facet normal 1 0 -0
    outer loop
      vertex 28.7 38.661 6.90364
      vertex 28.7 50.9646 35.4707
      vertex 28.7 30.5293 15.0354
    endloop
  endfacet
  facet normal 0 0.707102 0.707111
    outer loop
      vertex 28.7 59.0964 27.339
      vertex 27.1 50.9646 35.4707
      vertex 28.7 50.9646 35.4707
    endloop
  endfacet
  facet normal 0 0.707102 0.707111
    outer loop
      vertex 27.1 50.9646 35.4707
      vertex 28.7 59.0964 27.339
      vertex 27.1 59.0964 27.339
    endloop
  endfacet
  facet normal 0 -0.707109 -0.707104
    outer loop
      vertex 27.1 38.661 6.90364
      vertex 28.7 30.5293 15.0354
      vertex 27.1 30.5293 15.0354
    endloop
  endfacet
  facet normal 0 -0.707109 -0.707104
    outer loop
      vertex 28.7 30.5293 15.0354
      vertex 27.1 38.661 6.90364
      vertex 28.7 38.661 6.90364
    endloop
  endfacet
  facet normal -1 0 0
    outer loop
      vertex 55.3 38.661 6.90364
      vertex 55.3 50.9646 35.4707
      vertex 55.3 59.0964 27.339
    endloop
  endfacet
  facet normal -1 0 0
    outer loop
      vertex 55.3 50.9646 35.4707
      vertex 55.3 38.661 6.90364
      vertex 55.3 30.5293 15.0354
    endloop
  endfacet
  facet normal 0 -0.707107 0.707107
    outer loop
      vertex 55.3 30.5293 15.0354
      vertex 56.9 50.9646 35.4707
      vertex 55.3 50.9646 35.4707
    endloop
  endfacet
  facet normal 0 -0.707107 0.707107
    outer loop
      vertex 56.9 50.9646 35.4707
      vertex 55.3 30.5293 15.0354
      vertex 56.9 30.5293 15.0354
    endloop
  endfacet
  facet normal 1 0 0
    outer loop
      vertex 56.9 50.9646 35.4707
      vertex 56.9 38.661 6.90364
      vertex 56.9 59.0964 27.339
    endloop
  endfacet
  facet normal 1 0 -0
    outer loop
      vertex 56.9 38.661 6.90364
      vertex 56.9 50.9646 35.4707
      vertex 56.9 30.5293 15.0354
    endloop
  endfacet
  facet normal 0 -0.707109 -0.707104
    outer loop
      vertex 55.3 38.661 6.90364
      vertex 56.9 30.5293 15.0354
      vertex 55.3 30.5293 15.0354
    endloop
  endfacet
  facet normal 0 -0.707109 -0.707104
    outer loop
      vertex 56.9 30.5293 15.0354
      vertex 55.3 38.661 6.90364
      vertex 56.9 38.661 6.90364
    endloop
  endfacet
  facet normal 0 0.707102 0.707111
    outer loop
      vertex 56.9 59.0964 27.339
      vertex 55.3 50.9646 35.4707
      vertex 56.9 50.9646 35.4707
    endloop
  endfacet
  facet normal 0 0.707102 0.707111
    outer loop
      vertex 55.3 50.9646 35.4707
      vertex 56.9 59.0964 27.339
      vertex 55.3 59.0964 27.339
    endloop
  endfacet
  facet normal 0.857812 0.363427 0.363427
    outer loop
      vertex 74.7624 41.6859 13.464
      vertex 74.8784 43.3167 11.5594
      vertex 74.7624 43.4536 11.6963
    endloop
  endfacet
  facet normal 0.857812 0.363427 0.363427
    outer loop
      vertex 74.8784 43.3167 11.5594
      vertex 74.7624 41.6859 13.464
      vertex 74.8784 41.549 13.3271
    endloop
  endfacet
  facet normal 0.336812 0.665792 0.665792
    outer loop
      vertex 73.7302 42.2849 14.063
      vertex 73.5177 44.1064 12.349
      vertex 73.5177 42.3386 14.1168
    endloop
  endfacet
  facet normal 0.336812 0.665792 0.665792
    outer loop
      vertex 73.5177 44.1064 12.349
      vertex 73.7302 42.2849 14.063
      vertex 73.7302 44.0526 12.2953
    endloop
  endfacet
  facet normal -0.427683 0.639174 0.639174
    outer loop
      vertex 71.9698 44.0526 12.2953
      vertex 71.7658 42.2166 13.9948
      vertex 71.9698 42.2849 14.063
    endloop
  endfacet
  facet normal -0.427683 0.639174 0.639174
    outer loop
      vertex 71.7658 42.2166 13.9948
      vertex 71.9698 44.0526 12.2953
      vertex 71.7658 43.9844 12.227
    endloop
  endfacet
  facet normal -0.904021 0.30228 0.30228
    outer loop
      vertex 70.7251 43.1724 11.4151
      vertex 70.8216 41.549 13.3271
      vertex 70.8216 43.3167 11.5594
    endloop
  endfacet
  facet normal -0.903964 0.302374 0.302357
    outer loop
      vertex 70.8216 41.549 13.3271
      vertex 70.7251 43.1724 11.4151
      vertex 70.7251 41.4047 13.1829
    endloop
  endfacet
  facet normal 0.99879 -0.0347759 -0.0347759
    outer loop
      vertex 75.15 40.7823 12.5605
      vertex 75.1389 42.3907 10.6333
      vertex 75.15 42.5501 10.7927
    endloop
  endfacet
  facet normal 0.99879 -0.0347759 -0.0347759
    outer loop
      vertex 75.1389 42.3907 10.6333
      vertex 75.15 40.7823 12.5605
      vertex 75.1389 40.6229 12.4011
    endloop
  endfacet
  facet normal 0.0491931 0.706251 0.706251
    outer loop
      vertex 73.0754 42.4008 14.179
      vertex 72.85 44.1764 12.4191
      vertex 72.85 42.4087 14.1868
    endloop
  endfacet
  facet normal 0.0491931 0.706251 0.706251
    outer loop
      vertex 72.85 44.1764 12.4191
      vertex 73.0754 42.4008 14.179
      vertex 73.0754 44.1686 12.4112
    endloop
  endfacet
  facet normal 0.514092 0.60651 0.60651
    outer loop
      vertex 73.9342 42.2166 13.9948
      vertex 74.1278 43.9023 12.145
      vertex 73.9342 43.9844 12.227
    endloop
  endfacet
  facet normal 0.514092 0.60651 0.60651
    outer loop
      vertex 74.1278 43.9023 12.145
      vertex 73.9342 42.2166 13.9948
      vertex 74.1278 42.1346 13.9127
    endloop
  endfacet
  facet normal -0.803129 0.421286 0.42131
    outer loop
      vertex 70.9376 43.4536 11.6963
      vertex 71.0721 41.814 13.5922
      vertex 71.0721 43.5818 11.8245
    endloop
  endfacet
  facet normal -0.803018 0.421404 0.421404
    outer loop
      vertex 71.0721 41.814 13.5922
      vertex 70.9376 43.4536 11.6963
      vertex 70.9376 41.6859 13.464
    endloop
  endfacet
  facet normal -0.243042 0.685905 0.685905
    outer loop
      vertex 72.4013 44.1452 12.3878
      vertex 72.1823 42.3386 14.1168
      vertex 72.4013 42.3774 14.1556
    endloop
  endfacet
  facet normal -0.243042 0.685905 0.685905
    outer loop
      vertex 72.1823 42.3386 14.1168
      vertex 72.4013 44.1452 12.3878
      vertex 72.1823 44.1064 12.349
    endloop
  endfacet
  facet normal 0.513862 -0.606596 -0.60662
    outer loop
      vertex 73.9342 39.348 11.1262
      vertex 74.1278 41.1978 9.44047
      vertex 74.1278 39.43 11.2082
    endloop
  endfacet
  facet normal 0.513977 -0.606555 -0.606562
    outer loop
      vertex 74.1278 41.1978 9.44047
      vertex 73.9342 39.348 11.1262
      vertex 73.9342 41.1158 9.35842
    endloop
  endfacet
  facet normal 0.989185 0.103715 0.10371
    outer loop
      vertex 75.1058 41.0996 12.8778
      vertex 75.1389 42.7095 10.9521
      vertex 75.1058 42.8673 11.11
    endloop
  endfacet
  facet normal 0.989192 0.10368 0.10368
    outer loop
      vertex 75.1389 42.7095 10.9521
      vertex 75.1058 41.0996 12.8778
      vertex 75.1389 40.9417 12.7199
    endloop
  endfacet
  facet normal 0.803129 0.421286 0.42131
    outer loop
      vertex 74.6279 41.814 13.5922
      vertex 74.7624 43.4536 11.6963
      vertex 74.6279 43.5818 11.8245
    endloop
  endfacet
  facet normal 0.803018 0.421404 0.421404
    outer loop
      vertex 74.7624 43.4536 11.6963
      vertex 74.6279 41.814 13.5922
      vertex 74.7624 41.6859 13.464
    endloop
  endfacet
  facet normal 0.671539 0.523959 0.52393
    outer loop
      vertex 74.3091 42.0395 13.8177
      vertex 74.4763 43.7001 11.9427
      vertex 74.3091 43.8072 12.0499
    endloop
  endfacet
  facet normal 0.671711 0.523834 0.523834
    outer loop
      vertex 74.4763 43.7001 11.9427
      vertex 74.3091 42.0395 13.8177
      vertex 74.4763 41.9323 13.7105
    endloop
  endfacet
  facet normal 0.740883 0.474917 0.474917
    outer loop
      vertex 74.4763 41.9323 13.7105
      vertex 74.6279 43.5818 11.8245
      vertex 74.4763 43.7001 11.9427
    endloop
  endfacet
  facet normal 0.741024 0.474793 0.47482
    outer loop
      vertex 74.6279 43.5818 11.8245
      vertex 74.4763 41.9323 13.7105
      vertex 74.6279 41.814 13.5922
    endloop
  endfacet
  facet normal -0.0491931 0.706251 0.706251
    outer loop
      vertex 72.85 44.1764 12.4191
      vertex 72.6246 42.4008 14.179
      vertex 72.85 42.4087 14.1868
    endloop
  endfacet
  facet normal -0.0491931 0.706251 0.706251
    outer loop
      vertex 72.6246 42.4008 14.179
      vertex 72.85 44.1764 12.4191
      vertex 72.6246 44.1686 12.4112
    endloop
  endfacet
  facet normal 0.243042 0.685905 0.685905
    outer loop
      vertex 73.5177 42.3386 14.1168
      vertex 73.2987 44.1452 12.3878
      vertex 73.2987 42.3774 14.1556
    endloop
  endfacet
  facet normal 0.243042 0.685905 0.685905
    outer loop
      vertex 73.2987 44.1452 12.3878
      vertex 73.5177 42.3386 14.1168
      vertex 73.5177 44.1064 12.349
    endloop
  endfacet
  facet normal 0.146597 0.699467 0.699467
    outer loop
      vertex 73.2987 42.3774 14.1556
      vertex 73.0754 44.1686 12.4112
      vertex 73.0754 42.4008 14.179
    endloop
  endfacet
  facet normal 0.146597 0.699467 0.699467
    outer loop
      vertex 73.0754 44.1686 12.4112
      vertex 73.2987 42.3774 14.1556
      vertex 73.2987 44.1452 12.3878
    endloop
  endfacet
  facet normal 0.427683 0.639174 0.639174
    outer loop
      vertex 73.9342 42.2166 13.9948
      vertex 73.7302 44.0526 12.2953
      vertex 73.7302 42.2849 14.063
    endloop
  endfacet
  facet normal 0.427683 0.639174 0.639174
    outer loop
      vertex 73.7302 44.0526 12.2953
      vertex 73.9342 42.2166 13.9948
      vertex 73.9342 43.9844 12.227
    endloop
  endfacet
  facet normal 0.595786 0.567908 0.567908
    outer loop
      vertex 74.1278 42.1346 13.9127
      vertex 74.3091 43.8072 12.0499
      vertex 74.1278 43.9023 12.145
    endloop
  endfacet
  facet normal 0.595584 0.56803 0.567998
    outer loop
      vertex 74.3091 43.8072 12.0499
      vertex 74.1278 42.1346 13.9127
      vertex 74.3091 42.0395 13.8177
    endloop
  endfacet
  facet normal -0.99879 0.0347759 0.0347759
    outer loop
      vertex 70.55 42.5501 10.7927
      vertex 70.5611 40.9417 12.7199
      vertex 70.5611 42.7095 10.9521
    endloop
  endfacet
  facet normal -0.99879 0.0347759 0.0347759
    outer loop
      vertex 70.5611 40.9417 12.7199
      vertex 70.55 42.5501 10.7927
      vertex 70.55 40.7823 12.5605
    endloop
  endfacet
  facet normal -0.941444 0.238422 0.238409
    outer loop
      vertex 70.649 43.0222 11.2648
      vertex 70.7251 41.4047 13.1829
      vertex 70.7251 43.1724 11.4151
    endloop
  endfacet
  facet normal -0.941479 0.238345 0.238345
    outer loop
      vertex 70.7251 41.4047 13.1829
      vertex 70.649 43.0222 11.2648
      vertex 70.649 41.2544 13.0326
    endloop
  endfacet
  facet normal -0.970088 0.171653 0.171653
    outer loop
      vertex 70.5942 42.8673 11.11
      vertex 70.649 41.2544 13.0326
      vertex 70.649 43.0222 11.2648
    endloop
  endfacet
  facet normal -0.97007 0.17171 0.1717
    outer loop
      vertex 70.649 41.2544 13.0326
      vertex 70.5942 42.8673 11.11
      vertex 70.5942 41.0996 12.8778
    endloop
  endfacet
  facet normal -0.857812 0.363427 0.363427
    outer loop
      vertex 70.8216 43.3167 11.5594
      vertex 70.9376 41.6859 13.464
      vertex 70.9376 43.4536 11.6963
    endloop
  endfacet
  facet normal -0.857812 0.363427 0.363427
    outer loop
      vertex 70.9376 41.6859 13.464
      vertex 70.8216 43.3167 11.5594
      vertex 70.8216 41.549 13.3271
    endloop
  endfacet
  facet normal -0.336812 0.665792 0.665792
    outer loop
      vertex 72.1823 44.1064 12.349
      vertex 71.9698 42.2849 14.063
      vertex 72.1823 42.3386 14.1168
    endloop
  endfacet
  facet normal -0.336812 0.665792 0.665792
    outer loop
      vertex 71.9698 42.2849 14.063
      vertex 72.1823 44.1064 12.349
      vertex 71.9698 44.0526 12.2953
    endloop
  endfacet
  facet normal -0.146597 0.699467 0.699467
    outer loop
      vertex 72.6246 44.1686 12.4112
      vertex 72.4013 42.3774 14.1556
      vertex 72.6246 42.4008 14.179
    endloop
  endfacet
  facet normal -0.146597 0.699467 0.699467
    outer loop
      vertex 72.4013 42.3774 14.1556
      vertex 72.6246 44.1686 12.4112
      vertex 72.4013 44.1452 12.3878
    endloop
  endfacet
  facet normal -0.595786 0.567908 0.567908
    outer loop
      vertex 71.3909 43.8072 12.0499
      vertex 71.5722 42.1346 13.9127
      vertex 71.5722 43.9023 12.145
    endloop
  endfacet
  facet normal -0.595584 0.56803 0.567998
    outer loop
      vertex 71.5722 42.1346 13.9127
      vertex 71.3909 43.8072 12.0499
      vertex 71.3909 42.0395 13.8177
    endloop
  endfacet
  facet normal -0.671539 0.523959 0.52393
    outer loop
      vertex 71.2237 43.7001 11.9427
      vertex 71.3909 42.0395 13.8177
      vertex 71.3909 43.8072 12.0499
    endloop
  endfacet
  facet normal -0.671711 0.523834 0.523834
    outer loop
      vertex 71.3909 42.0395 13.8177
      vertex 71.2237 43.7001 11.9427
      vertex 71.2237 41.9323 13.7105
    endloop
  endfacet
  facet normal -0.514092 0.60651 0.60651
    outer loop
      vertex 71.5722 43.9023 12.145
      vertex 71.7658 42.2166 13.9948
      vertex 71.7658 43.9844 12.227
    endloop
  endfacet
  facet normal -0.514092 0.60651 0.60651
    outer loop
      vertex 71.7658 42.2166 13.9948
      vertex 71.5722 43.9023 12.145
      vertex 71.5722 42.1346 13.9127
    endloop
  endfacet
  facet normal -0.740883 0.474917 0.474917
    outer loop
      vertex 71.0721 43.5818 11.8245
      vertex 71.2237 41.9323 13.7105
      vertex 71.2237 43.7001 11.9427
    endloop
  endfacet
  facet normal -0.741024 0.474793 0.47482
    outer loop
      vertex 71.2237 41.9323 13.7105
      vertex 71.0721 43.5818 11.8245
      vertex 71.0721 41.814 13.5922
    endloop
  endfacet
  facet normal 0.99879 0.0347759 0.0347759
    outer loop
      vertex 75.1389 40.9417 12.7199
      vertex 75.15 42.5501 10.7927
      vertex 75.1389 42.7095 10.9521
    endloop
  endfacet
  facet normal 0.99879 0.0347759 0.0347759
    outer loop
      vertex 75.15 42.5501 10.7927
      vertex 75.1389 40.9417 12.7199
      vertex 75.15 40.7823 12.5605
    endloop
  endfacet
  facet normal 0.97007 -0.171705 -0.171705
    outer loop
      vertex 75.1058 40.465 12.2432
      vertex 75.051 42.078 10.3206
      vertex 75.1058 42.2328 10.4754
    endloop
  endfacet
  facet normal 0.97007 -0.171705 -0.171705
    outer loop
      vertex 75.051 42.078 10.3206
      vertex 75.1058 40.465 12.2432
      vertex 75.051 40.3102 12.0884
    endloop
  endfacet
  facet normal 0.857829 -0.363407 -0.363407
    outer loop
      vertex 74.8784 40.0157 11.7938
      vertex 74.7624 41.6465 9.88918
      vertex 74.8784 41.7834 10.0261
    endloop
  endfacet
  facet normal 0.857812 -0.363429 -0.363425
    outer loop
      vertex 74.7624 41.6465 9.88918
      vertex 74.8784 40.0157 11.7938
      vertex 74.7624 39.8788 11.6569
    endloop
  endfacet
  facet normal -0.595726 -0.567933 -0.567946
    outer loop
      vertex 71.5722 41.1978 9.44047
      vertex 71.3909 39.5251 11.3033
      vertex 71.3909 41.2929 9.53554
    endloop
  endfacet
  facet normal -0.595786 -0.567897 -0.567919
    outer loop
      vertex 71.3909 39.5251 11.3033
      vertex 71.5722 41.1978 9.44047
      vertex 71.5722 39.43 11.2082
    endloop
  endfacet
  facet normal 0.146597 -0.699461 -0.699473
    outer loop
      vertex 73.0754 39.1638 10.942
      vertex 73.2987 40.955 9.19763
      vertex 73.2987 39.1872 10.9654
    endloop
  endfacet
  facet normal 0.146965 -0.699447 -0.699411
    outer loop
      vertex 73.2987 40.955 9.19763
      vertex 73.0754 39.1638 10.942
      vertex 73.0754 40.9315 9.17421
    endloop
  endfacet
  facet normal 0.904021 0.30228 0.30228
    outer loop
      vertex 74.8784 41.549 13.3271
      vertex 74.9749 43.1724 11.4151
      vertex 74.8784 43.3167 11.5594
    endloop
  endfacet
  facet normal 0.903964 0.302374 0.302357
    outer loop
      vertex 74.9749 43.1724 11.4151
      vertex 74.8784 41.549 13.3271
      vertex 74.9749 41.4047 13.1829
    endloop
  endfacet
  facet normal 0.941444 0.238422 0.238409
    outer loop
      vertex 74.9749 41.4047 13.1829
      vertex 75.051 43.0222 11.2648
      vertex 74.9749 43.1724 11.4151
    endloop
  endfacet
  facet normal 0.941479 0.238345 0.238345
    outer loop
      vertex 75.051 43.0222 11.2648
      vertex 74.9749 41.4047 13.1829
      vertex 75.051 41.2544 13.0326
    endloop
  endfacet
  facet normal 0.970088 0.171653 0.171653
    outer loop
      vertex 75.051 41.2544 13.0326
      vertex 75.1058 42.8673 11.11
      vertex 75.051 43.0222 11.2648
    endloop
  endfacet
  facet normal 0.97007 0.17171 0.1717
    outer loop
      vertex 75.1058 42.8673 11.11
      vertex 75.051 41.2544 13.0326
      vertex 75.1058 41.0996 12.8778
    endloop
  endfacet
  facet normal 0 -0.707107 0.707107
    outer loop
      vertex 73.65 40.7823 12.5605
      vertex 75.15 40.7823 12.5605
      vertex 75.1389 40.9417 12.7199
    endloop
  endfacet
  facet normal -4.14367e-15 -0.707107 0.707107
    outer loop
      vertex 73.65 40.7823 12.5605
      vertex 75.1389 40.9417 12.7199
      vertex 75.1058 41.0996 12.8778
    endloop
  endfacet
  facet normal 0 -0.707107 0.707107
    outer loop
      vertex 75.15 40.7823 12.5605
      vertex 73.65 40.7823 12.5605
      vertex 75.1389 40.6229 12.4011
    endloop
  endfacet
  facet normal -4.55494e-05 -0.707115 0.707099
    outer loop
      vertex 73.6461 40.8378 12.6159
      vertex 75.1058 41.0996 12.8778
      vertex 75.051 41.2544 13.0326
    endloop
  endfacet
  facet normal 0 -0.707107 0.707107
    outer loop
      vertex 75.1389 40.6229 12.4011
      vertex 73.65 40.7823 12.5605
      vertex 75.1058 40.465 12.2432
    endloop
  endfacet
  facet normal -4.37604e-05 -0.707118 0.707096
    outer loop
      vertex 73.6461 40.8378 12.6159
      vertex 75.051 41.2544 13.0326
      vertex 74.9749 41.4047 13.1829
    endloop
  endfacet
  facet normal -0.000273744 -0.707734 0.706478
    outer loop
      vertex 73.6461 40.7269 12.505
      vertex 75.1058 40.465 12.2432
      vertex 73.65 40.7823 12.5605
    endloop
  endfacet
  facet normal -0.000191173 -0.706926 0.707288
    outer loop
      vertex 73.6346 40.8927 12.6708
      vertex 74.9749 41.4047 13.1829
      vertex 74.8784 41.549 13.3271
    endloop
  endfacet
  facet normal -4.55494e-05 -0.707099 0.707115
    outer loop
      vertex 75.1058 40.465 12.2432
      vertex 73.6461 40.7269 12.505
      vertex 75.051 40.3102 12.0884
    endloop
  endfacet
  facet normal 3.98757e-05 -0.70709 0.707124
    outer loop
      vertex 73.6156 40.9465 12.7247
      vertex 74.8784 41.549 13.3271
      vertex 74.7624 41.6859 13.464
    endloop
  endfacet
  facet normal -4.37604e-05 -0.707096 0.707118
    outer loop
      vertex 75.051 40.3102 12.0884
      vertex 73.6461 40.7269 12.505
      vertex 74.9749 40.1599 11.9381
    endloop
  endfacet
  facet normal 0.000248946 -0.707252 0.706961
    outer loop
      vertex 73.6156 40.9465 12.7247
      vertex 74.7624 41.6859 13.464
      vertex 74.6279 41.814 13.5922
    endloop
  endfacet
  facet normal 0.00045518 -0.706511 0.707702
    outer loop
      vertex 73.6346 40.6719 12.4501
      vertex 74.9749 40.1599 11.9381
      vertex 73.6461 40.7269 12.505
    endloop
  endfacet
  facet normal 2.86659e-15 -0.707107 0.707107
    outer loop
      vertex 73.5891 40.9988 12.777
      vertex 74.6279 41.814 13.5922
      vertex 74.4763 41.9323 13.7105
    endloop
  endfacet
  facet normal -0.000149143 -0.707302 0.706912
    outer loop
      vertex 74.9749 40.1599 11.9381
      vertex 73.6346 40.6719 12.4501
      vertex 74.8784 40.0157 11.7938
    endloop
  endfacet
  facet normal -3.0763e-05 -0.707131 0.707083
    outer loop
      vertex 73.5555 41.049 12.8271
      vertex 74.4763 41.9323 13.7105
      vertex 74.3091 42.0395 13.8177
    endloop
  endfacet
  facet normal 4.79212e-05 -0.707115 0.707098
    outer loop
      vertex 73.6156 40.6181 12.3963
      vertex 74.8784 40.0157 11.7938
      vertex 73.6346 40.6719 12.4501
    endloop
  endfacet
  facet normal -0.00027058 -0.706993 0.707221
    outer loop
      vertex 73.5152 41.0966 12.8748
      vertex 74.3091 42.0395 13.8177
      vertex 74.1278 42.1346 13.9127
    endloop
  endfacet
  facet normal 3.98757e-05 -0.707124 0.70709
    outer loop
      vertex 74.8784 40.0157 11.7938
      vertex 73.6156 40.6181 12.3963
      vertex 74.7624 39.8788 11.6569
    endloop
  endfacet
  facet normal 0.00030124 -0.707182 0.707031
    outer loop
      vertex 73.4157 41.1823 12.9605
      vertex 74.1278 42.1346 13.9127
      vertex 73.9342 42.2166 13.9948
    endloop
  endfacet
  facet normal 3.67809e-05 -0.707126 0.707087
    outer loop
      vertex 74.7624 39.8788 11.6569
      vertex 73.6156 40.6181 12.3963
      vertex 74.6279 39.7506 11.5287
    endloop
  endfacet
  facet normal -0.000290419 -0.707023 0.707191
    outer loop
      vertex 73.3575 41.2196 12.9978
      vertex 73.9342 42.2166 13.9948
      vertex 73.7302 42.2849 14.063
    endloop
  endfacet
  facet normal 4.87028e-05 -0.707119 0.707094
    outer loop
      vertex 73.5891 40.5658 12.344
      vertex 74.6279 39.7506 11.5287
      vertex 73.6156 40.6181 12.3963
    endloop
  endfacet
  facet normal 0.000267859 -0.706979 0.707234
    outer loop
      vertex 74.6279 39.7506 11.5287
      vertex 73.5891 40.5658 12.344
      vertex 74.4763 39.6323 11.4105
    endloop
  endfacet
  facet normal -0.000273744 -0.706478 0.707734
    outer loop
      vertex 75.1058 41.0996 12.8778
      vertex 73.6461 40.8378 12.6159
      vertex 73.65 40.7823 12.5605
    endloop
  endfacet
  facet normal -4.88482e-05 -0.707112 0.707102
    outer loop
      vertex 74.9749 41.4047 13.1829
      vertex 73.6346 40.8927 12.6708
      vertex 73.6461 40.8378 12.6159
    endloop
  endfacet
  facet normal 0.00058412 -0.70766 0.706553
    outer loop
      vertex 74.8784 41.549 13.3271
      vertex 73.6156 40.9465 12.7247
      vertex 73.6346 40.8927 12.6708
    endloop
  endfacet
  facet normal -2.79148e-14 -0.707107 0.707107
    outer loop
      vertex 74.6279 41.814 13.5922
      vertex 73.5891 40.9988 12.777
      vertex 73.6156 40.9465 12.7247
    endloop
  endfacet
  facet normal -0.000870149 -0.706693 0.70752
    outer loop
      vertex 74.4763 41.9323 13.7105
      vertex 73.5555 41.049 12.8271
      vertex 73.5891 40.9988 12.777
    endloop
  endfacet
  facet normal 0.000300656 -0.70717 0.707043
    outer loop
      vertex 73.2945 41.2527 13.0308
      vertex 73.7302 42.2849 14.063
      vertex 73.5177 42.3386 14.1168
    endloop
  endfacet
  facet normal 0.000879265 -0.707477 0.706736
    outer loop
      vertex 74.3091 42.0395 13.8177
      vertex 73.5152 41.0966 12.8748
      vertex 73.5555 41.049 12.8271
    endloop
  endfacet
  facet normal -0.000925878 -0.706799 0.707414
    outer loop
      vertex 74.1278 42.1346 13.9127
      vertex 73.4684 41.1412 12.9193
      vertex 73.5152 41.0966 12.8748
    endloop
  endfacet
  facet normal 0.000883722 -0.7074 0.706813
    outer loop
      vertex 74.1278 42.1346 13.9127
      vertex 73.4157 41.1823 12.9605
      vertex 73.4684 41.1412 12.9193
    endloop
  endfacet
  facet normal -1.57925e-14 -0.707107 0.707107
    outer loop
      vertex 73.9342 42.2166 13.9948
      vertex 73.3575 41.2196 12.9978
      vertex 73.4157 41.1823 12.9605
    endloop
  endfacet
  facet normal -5.8778e-15 -0.707107 0.707107
    outer loop
      vertex 73.1561 41.3049 13.0831
      vertex 73.5177 42.3386 14.1168
      vertex 73.2987 42.3774 14.1556
    endloop
  endfacet
  facet normal -0.000918909 -0.706913 0.7073
    outer loop
      vertex 73.7302 42.2849 14.063
      vertex 73.2945 41.2527 13.0308
      vertex 73.3575 41.2196 12.9978
    endloop
  endfacet
  facet normal 0.000939723 -0.707236 0.706977
    outer loop
      vertex 73.5177 42.3386 14.1168
      vertex 73.2271 41.2812 13.0594
      vertex 73.2945 41.2527 13.0308
    endloop
  endfacet
  facet normal -4.78905e-14 -0.707107 0.707107
    outer loop
      vertex 73.5177 42.3386 14.1168
      vertex 73.1561 41.3049 13.0831
      vertex 73.2271 41.2812 13.0594
    endloop
  endfacet
  facet normal 4.79129e-14 -0.707107 0.707107
    outer loop
      vertex 73.2987 42.3774 14.1556
      vertex 73.0822 41.3236 13.1018
      vertex 73.1561 41.3049 13.0831
    endloop
  endfacet
  facet normal 1.64135e-14 -0.707107 0.707107
    outer loop
      vertex 73.0061 41.3371 13.1153
      vertex 73.2987 42.3774 14.1556
      vertex 73.0754 42.4008 14.179
    endloop
  endfacet
  facet normal -1.70011e-14 -0.707107 0.707107
    outer loop
      vertex 73.2987 42.3774 14.1556
      vertex 73.0061 41.3371 13.1153
      vertex 73.0822 41.3236 13.1018
    endloop
  endfacet
  facet normal -0.00090387 -0.707077 0.707136
    outer loop
      vertex 73.0754 42.4008 14.179
      vertex 72.9284 41.3453 13.1234
      vertex 73.0061 41.3371 13.1153
    endloop
  endfacet
  facet normal -0.00031452 -0.707118 0.707095
    outer loop
      vertex 72.85 42.4087 14.1868
      vertex 72.9284 41.3453 13.1234
      vertex 73.0754 42.4008 14.179
    endloop
  endfacet
  facet normal 0.00090426 -0.707073 0.70714
    outer loop
      vertex 72.85 42.4087 14.1868
      vertex 72.85 41.348 13.1262
      vertex 72.9284 41.3453 13.1234
    endloop
  endfacet
  facet normal -0.00090426 -0.707073 0.70714
    outer loop
      vertex 72.85 42.4087 14.1868
      vertex 72.7716 41.3453 13.1234
      vertex 72.85 41.348 13.1262
    endloop
  endfacet
  facet normal 0.00031452 -0.707118 0.707095
    outer loop
      vertex 72.6246 42.4008 14.179
      vertex 72.7716 41.3453 13.1234
      vertex 72.85 42.4087 14.1868
    endloop
  endfacet
  facet normal 0.00090387 -0.707077 0.707136
    outer loop
      vertex 72.7716 41.3453 13.1234
      vertex 72.6246 42.4008 14.179
      vertex 72.6939 41.3371 13.1153
    endloop
  endfacet
  facet normal -1.65161e-14 -0.707107 0.707107
    outer loop
      vertex 72.4013 42.3774 14.1556
      vertex 72.6939 41.3371 13.1153
      vertex 72.6246 42.4008 14.179
    endloop
  endfacet
  facet normal 1.55106e-14 -0.707107 0.707107
    outer loop
      vertex 72.6939 41.3371 13.1153
      vertex 72.4013 42.3774 14.1556
      vertex 72.6178 41.3236 13.1018
    endloop
  endfacet
  facet normal -4.90208e-14 -0.707107 0.707107
    outer loop
      vertex 72.6178 41.3236 13.1018
      vertex 72.4013 42.3774 14.1556
      vertex 72.5439 41.3049 13.0831
    endloop
  endfacet
  facet normal 5.79616e-15 -0.707107 0.707107
    outer loop
      vertex 72.1823 42.3386 14.1168
      vertex 72.5439 41.3049 13.0831
      vertex 72.4013 42.3774 14.1556
    endloop
  endfacet
  facet normal 4.82497e-14 -0.707107 0.707107
    outer loop
      vertex 72.5439 41.3049 13.0831
      vertex 72.1823 42.3386 14.1168
      vertex 72.4729 41.2812 13.0594
    endloop
  endfacet
  facet normal -0.000939723 -0.707236 0.706977
    outer loop
      vertex 72.4729 41.2812 13.0594
      vertex 72.1823 42.3386 14.1168
      vertex 72.4055 41.2527 13.0308
    endloop
  endfacet
  facet normal -0.000300656 -0.70717 0.707043
    outer loop
      vertex 71.9698 42.2849 14.063
      vertex 72.4055 41.2527 13.0308
      vertex 72.1823 42.3386 14.1168
    endloop
  endfacet
  facet normal 0.000918909 -0.706913 0.7073
    outer loop
      vertex 72.4055 41.2527 13.0308
      vertex 71.9698 42.2849 14.063
      vertex 72.3425 41.2196 12.9978
    endloop
  endfacet
  facet normal 0.000290419 -0.707023 0.707191
    outer loop
      vertex 71.7658 42.2166 13.9948
      vertex 72.3425 41.2196 12.9978
      vertex 71.9698 42.2849 14.063
    endloop
  endfacet
  facet normal 1.57308e-14 -0.707107 0.707107
    outer loop
      vertex 72.3425 41.2196 12.9978
      vertex 71.7658 42.2166 13.9948
      vertex 72.2843 41.1823 12.9605
    endloop
  endfacet
  facet normal -0.00030124 -0.707182 0.707031
    outer loop
      vertex 71.5722 42.1346 13.9127
      vertex 72.2843 41.1823 12.9605
      vertex 71.7658 42.2166 13.9948
    endloop
  endfacet
  facet normal -0.000883722 -0.7074 0.706813
    outer loop
      vertex 72.2843 41.1823 12.9605
      vertex 71.5722 42.1346 13.9127
      vertex 72.2316 41.1412 12.9193
    endloop
  endfacet
  facet normal 0.000925878 -0.706799 0.707414
    outer loop
      vertex 72.2316 41.1412 12.9193
      vertex 71.5722 42.1346 13.9127
      vertex 72.1848 41.0966 12.8748
    endloop
  endfacet
  facet normal 0.00027058 -0.706993 0.707221
    outer loop
      vertex 71.3909 42.0395 13.8177
      vertex 72.1848 41.0966 12.8748
      vertex 71.5722 42.1346 13.9127
    endloop
  endfacet
  facet normal -0.000879265 -0.707477 0.706736
    outer loop
      vertex 72.1848 41.0966 12.8748
      vertex 71.3909 42.0395 13.8177
      vertex 72.1445 41.049 12.8271
    endloop
  endfacet
  facet normal 0.000870149 -0.706693 0.70752
    outer loop
      vertex 72.1445 41.049 12.8271
      vertex 71.2237 41.9323 13.7105
      vertex 72.1109 40.9988 12.777
    endloop
  endfacet
  facet normal 3.0763e-05 -0.707131 0.707083
    outer loop
      vertex 71.2237 41.9323 13.7105
      vertex 72.1445 41.049 12.8271
      vertex 71.3909 42.0395 13.8177
    endloop
  endfacet
  facet normal 2.92183e-14 -0.707107 0.707107
    outer loop
      vertex 73.5555 40.5156 12.2938
      vertex 74.4763 39.6323 11.4105
      vertex 73.5891 40.5658 12.344
    endloop
  endfacet
  facet normal -4.50036e-15 -0.707107 0.707107
    outer loop
      vertex 74.4763 39.6323 11.4105
      vertex 73.5555 40.5156 12.2938
      vertex 74.3091 39.5251 11.3033
    endloop
  endfacet
  facet normal -3.20462e-14 -0.707107 0.707107
    outer loop
      vertex 73.5152 40.468 12.2462
      vertex 74.3091 39.5251 11.3033
      vertex 73.5555 40.5156 12.2938
    endloop
  endfacet
  facet normal 4.30035e-15 -0.707107 0.707107
    outer loop
      vertex 74.3091 39.5251 11.3033
      vertex 73.5152 40.468 12.2462
      vertex 74.1278 39.43 11.2082
    endloop
  endfacet
  facet normal 1.57086e-14 -0.707107 0.707107
    outer loop
      vertex 73.4684 40.4234 12.2016
      vertex 74.1278 39.43 11.2082
      vertex 73.5152 40.468 12.2462
    endloop
  endfacet
  facet normal 1.50679e-14 -0.707107 0.707107
    outer loop
      vertex 73.4157 40.3823 12.1605
      vertex 74.1278 39.43 11.2082
      vertex 73.4684 40.4234 12.2016
    endloop
  endfacet
  facet normal 4.93165e-15 -0.707107 0.707107
    outer loop
      vertex 74.1278 39.43 11.2082
      vertex 73.4157 40.3823 12.1605
      vertex 73.9342 39.348 11.1262
    endloop
  endfacet
  facet normal 1.57308e-14 -0.707107 0.707107
    outer loop
      vertex 73.3575 40.345 12.1232
      vertex 73.9342 39.348 11.1262
      vertex 73.4157 40.3823 12.1605
    endloop
  endfacet
  facet normal -0.000290419 -0.707191 0.707023
    outer loop
      vertex 73.9342 39.348 11.1262
      vertex 73.3575 40.345 12.1232
      vertex 73.7302 39.2798 11.0579
    endloop
  endfacet
  facet normal -0.000918909 -0.7073 0.706913
    outer loop
      vertex 73.2945 40.312 12.0901
      vertex 73.7302 39.2798 11.0579
      vertex 73.3575 40.345 12.1232
    endloop
  endfacet
  facet normal 0.000300656 -0.707043 0.70717
    outer loop
      vertex 73.7302 39.2798 11.0579
      vertex 73.2945 40.312 12.0901
      vertex 73.5177 39.226 11.0042
    endloop
  endfacet
  facet normal 0.000939723 -0.706977 0.707236
    outer loop
      vertex 73.2271 40.2834 12.0616
      vertex 73.5177 39.226 11.0042
      vertex 73.2945 40.312 12.0901
    endloop
  endfacet
  facet normal -1.65821e-14 -0.707107 0.707107
    outer loop
      vertex 73.1561 40.2597 12.0379
      vertex 73.5177 39.226 11.0042
      vertex 73.2271 40.2834 12.0616
    endloop
  endfacet
  facet normal 4.9798e-15 -0.707107 0.707107
    outer loop
      vertex 73.5177 39.226 11.0042
      vertex 73.1561 40.2597 12.0379
      vertex 73.2987 39.1872 10.9654
    endloop
  endfacet
  facet normal 1.56016e-14 -0.707107 0.707107
    outer loop
      vertex 73.0822 40.241 12.0192
      vertex 73.2987 39.1872 10.9654
      vertex 73.1561 40.2597 12.0379
    endloop
  endfacet
  facet normal -4.13222e-16 -0.707107 0.707107
    outer loop
      vertex 73.0061 40.2275 12.0057
      vertex 73.2987 39.1872 10.9654
      vertex 73.0822 40.241 12.0192
    endloop
  endfacet
  facet normal -1.66392e-14 -0.707107 0.707107
    outer loop
      vertex 73.2987 39.1872 10.9654
      vertex 73.0061 40.2275 12.0057
      vertex 73.0754 39.1638 10.942
    endloop
  endfacet
  facet normal 3.22365e-14 -0.707107 0.707107
    outer loop
      vertex 72.9284 40.2193 11.9975
      vertex 73.0754 39.1638 10.942
      vertex 73.0061 40.2275 12.0057
    endloop
  endfacet
  facet normal 2.29594e-06 -0.70714 0.707073
    outer loop
      vertex 72.85 39.156 10.9341
      vertex 72.9284 40.2193 11.9975
      vertex 72.85 40.2166 11.9948
    endloop
  endfacet
  facet normal -0.000312198 -0.707128 0.707085
    outer loop
      vertex 72.9284 40.2193 11.9975
      vertex 72.85 39.156 10.9341
      vertex 73.0754 39.1638 10.942
    endloop
  endfacet
  facet normal -2.29594e-06 -0.70714 0.707073
    outer loop
      vertex 72.7716 40.2193 11.9975
      vertex 72.85 39.156 10.9341
      vertex 72.85 40.2166 11.9948
    endloop
  endfacet
  facet normal -3.20744e-14 -0.707107 0.707107
    outer loop
      vertex 72.6246 39.1638 10.942
      vertex 72.7716 40.2193 11.9975
      vertex 72.6939 40.2275 12.0057
    endloop
  endfacet
  facet normal 0.000312198 -0.707128 0.707085
    outer loop
      vertex 72.7716 40.2193 11.9975
      vertex 72.6246 39.1638 10.942
      vertex 72.85 39.156 10.9341
    endloop
  endfacet
  facet normal 0 -0.707107 0.707107
    outer loop
      vertex 72.4013 39.1872 10.9654
      vertex 72.6939 40.2275 12.0057
      vertex 72.6178 40.241 12.0192
    endloop
  endfacet
  facet normal -1.72486e-14 -0.707107 0.707107
    outer loop
      vertex 72.4013 39.1872 10.9654
      vertex 72.6178 40.241 12.0192
      vertex 72.5439 40.2597 12.0379
    endloop
  endfacet
  facet normal 1.72406e-14 -0.707107 0.707107
    outer loop
      vertex 72.1823 39.226 11.0042
      vertex 72.5439 40.2597 12.0379
      vertex 72.4729 40.2834 12.0616
    endloop
  endfacet
  facet normal -0.000939723 -0.706977 0.707236
    outer loop
      vertex 72.1823 39.226 11.0042
      vertex 72.4729 40.2834 12.0616
      vertex 72.4055 40.312 12.0901
    endloop
  endfacet
  facet normal 1.64135e-14 -0.707107 0.707107
    outer loop
      vertex 72.6939 40.2275 12.0057
      vertex 72.4013 39.1872 10.9654
      vertex 72.6246 39.1638 10.942
    endloop
  endfacet
  facet normal 0.000918909 -0.7073 0.706913
    outer loop
      vertex 71.9698 39.2798 11.0579
      vertex 72.4055 40.312 12.0901
      vertex 72.3425 40.345 12.1232
    endloop
  endfacet
  facet normal -1.57925e-14 -0.707107 0.707107
    outer loop
      vertex 71.7658 39.348 11.1262
      vertex 72.3425 40.345 12.1232
      vertex 72.2843 40.3823 12.1605
    endloop
  endfacet
  facet normal -1.48209e-14 -0.707107 0.707107
    outer loop
      vertex 71.5722 39.43 11.2082
      vertex 72.2843 40.3823 12.1605
      vertex 72.2316 40.4234 12.2016
    endloop
  endfacet
  facet normal -1.44804e-14 -0.707107 0.707107
    outer loop
      vertex 71.5722 39.43 11.2082
      vertex 72.2316 40.4234 12.2016
      vertex 72.1848 40.468 12.2462
    endloop
  endfacet
  facet normal -5.22471e-15 -0.707107 0.707107
    outer loop
      vertex 72.5439 40.2597 12.0379
      vertex 72.1823 39.226 11.0042
      vertex 72.4013 39.1872 10.9654
    endloop
  endfacet
  facet normal 3.2111e-14 -0.707107 0.707107
    outer loop
      vertex 71.3909 39.5251 11.3033
      vertex 72.1848 40.468 12.2462
      vertex 72.1445 40.5156 12.2938
    endloop
  endfacet
  facet normal -2.89597e-14 -0.707107 0.707107
    outer loop
      vertex 71.2237 39.6323 11.4105
      vertex 72.1445 40.5156 12.2938
      vertex 72.1109 40.5658 12.344
    endloop
  endfacet
  facet normal -4.87028e-05 -0.707119 0.707094
    outer loop
      vertex 71.0721 39.7506 11.5287
      vertex 72.1109 40.5658 12.344
      vertex 72.0844 40.6181 12.3963
    endloop
  endfacet
  facet normal -4.79212e-05 -0.707115 0.707098
    outer loop
      vertex 70.8216 40.0157 11.7938
      vertex 72.0844 40.6181 12.3963
      vertex 72.0654 40.6719 12.4501
    endloop
  endfacet
  facet normal -0.00045518 -0.706511 0.707702
    outer loop
      vertex 70.7251 40.1599 11.9381
      vertex 72.0654 40.6719 12.4501
      vertex 72.0539 40.7269 12.505
    endloop
  endfacet
  facet normal -0.000300656 -0.707043 0.70717
    outer loop
      vertex 72.4055 40.312 12.0901
      vertex 71.9698 39.2798 11.0579
      vertex 72.1823 39.226 11.0042
    endloop
  endfacet
  facet normal 0.000273744 -0.707734 0.706478
    outer loop
      vertex 70.5942 40.465 12.2432
      vertex 72.0539 40.7269 12.505
      vertex 72.05 40.7823 12.5605
    endloop
  endfacet
  facet normal -2.94622e-15 -0.707107 0.707107
    outer loop
      vertex 71.0721 41.814 13.5922
      vertex 72.1109 40.9988 12.777
      vertex 71.2237 41.9323 13.7105
    endloop
  endfacet
  facet normal 2.86902e-14 -0.707107 0.707107
    outer loop
      vertex 72.1109 40.9988 12.777
      vertex 71.0721 41.814 13.5922
      vertex 72.0844 40.9465 12.7247
    endloop
  endfacet
  facet normal 0.000290419 -0.707191 0.707023
    outer loop
      vertex 72.3425 40.345 12.1232
      vertex 71.7658 39.348 11.1262
      vertex 71.9698 39.2798 11.0579
    endloop
  endfacet
  facet normal -0.000248946 -0.707252 0.706961
    outer loop
      vertex 70.9376 41.6859 13.464
      vertex 72.0844 40.9465 12.7247
      vertex 71.0721 41.814 13.5922
    endloop
  endfacet
  facet normal -4.85081e-15 -0.707107 0.707107
    outer loop
      vertex 72.2843 40.3823 12.1605
      vertex 71.5722 39.43 11.2082
      vertex 71.7658 39.348 11.1262
    endloop
  endfacet
  facet normal -3.98757e-05 -0.70709 0.707124
    outer loop
      vertex 70.8216 41.549 13.3271
      vertex 72.0844 40.9465 12.7247
      vertex 70.9376 41.6859 13.464
    endloop
  endfacet
  facet normal -4.45963e-15 -0.707107 0.707107
    outer loop
      vertex 72.1848 40.468 12.2462
      vertex 71.3909 39.5251 11.3033
      vertex 71.5722 39.43 11.2082
    endloop
  endfacet
  facet normal -0.00058412 -0.70766 0.706553
    outer loop
      vertex 72.0844 40.9465 12.7247
      vertex 70.8216 41.549 13.3271
      vertex 72.0654 40.8927 12.6708
    endloop
  endfacet
  facet normal 4.46053e-15 -0.707107 0.707107
    outer loop
      vertex 72.1445 40.5156 12.2938
      vertex 71.2237 39.6323 11.4105
      vertex 71.3909 39.5251 11.3033
    endloop
  endfacet
  facet normal 0.000191173 -0.706926 0.707288
    outer loop
      vertex 70.7251 41.4047 13.1829
      vertex 72.0654 40.8927 12.6708
      vertex 70.8216 41.549 13.3271
    endloop
  endfacet
  facet normal -0.000267859 -0.706979 0.707234
    outer loop
      vertex 72.1109 40.5658 12.344
      vertex 71.0721 39.7506 11.5287
      vertex 71.2237 39.6323 11.4105
    endloop
  endfacet
  facet normal 4.88482e-05 -0.707112 0.707102
    outer loop
      vertex 72.0654 40.8927 12.6708
      vertex 70.7251 41.4047 13.1829
      vertex 72.0539 40.8378 12.6159
    endloop
  endfacet
  facet normal -3.67809e-05 -0.707126 0.707087
    outer loop
      vertex 72.0844 40.6181 12.3963
      vertex 70.9376 39.8788 11.6569
      vertex 71.0721 39.7506 11.5287
    endloop
  endfacet
  facet normal 4.37604e-05 -0.707118 0.707096
    outer loop
      vertex 70.649 41.2544 13.0326
      vertex 72.0539 40.8378 12.6159
      vertex 70.7251 41.4047 13.1829
    endloop
  endfacet
  facet normal -3.98757e-05 -0.707124 0.70709
    outer loop
      vertex 72.0844 40.6181 12.3963
      vertex 70.8216 40.0157 11.7938
      vertex 70.9376 39.8788 11.6569
    endloop
  endfacet
  facet normal 4.55494e-05 -0.707115 0.707099
    outer loop
      vertex 70.5942 41.0996 12.8778
      vertex 72.0539 40.8378 12.6159
      vertex 70.649 41.2544 13.0326
    endloop
  endfacet
  facet normal 0.000149143 -0.707302 0.706912
    outer loop
      vertex 72.0654 40.6719 12.4501
      vertex 70.7251 40.1599 11.9381
      vertex 70.8216 40.0157 11.7938
    endloop
  endfacet
  facet normal 0.000273744 -0.706478 0.707734
    outer loop
      vertex 72.0539 40.8378 12.6159
      vertex 70.5942 41.0996 12.8778
      vertex 72.05 40.7823 12.5605
    endloop
  endfacet
  facet normal 4.37604e-05 -0.707096 0.707118
    outer loop
      vertex 72.0539 40.7269 12.505
      vertex 70.649 40.3102 12.0884
      vertex 70.7251 40.1599 11.9381
    endloop
  endfacet
  facet normal 4.15387e-15 -0.707107 0.707107
    outer loop
      vertex 70.5611 40.9417 12.7199
      vertex 72.05 40.7823 12.5605
      vertex 70.5942 41.0996 12.8778
    endloop
  endfacet
  facet normal 4.55494e-05 -0.707099 0.707115
    outer loop
      vertex 72.0539 40.7269 12.505
      vertex 70.5942 40.465 12.2432
      vertex 70.649 40.3102 12.0884
    endloop
  endfacet
  facet normal 0 -0.707107 0.707107
    outer loop
      vertex 70.55 40.7823 12.5605
      vertex 72.05 40.7823 12.5605
      vertex 70.5611 40.9417 12.7199
    endloop
  endfacet
  facet normal 0 -0.707107 0.707107
    outer loop
      vertex 72.05 40.7823 12.5605
      vertex 70.5611 40.6229 12.4011
      vertex 70.5942 40.465 12.2432
    endloop
  endfacet
  facet normal 0 -0.707107 0.707107
    outer loop
      vertex 72.05 40.7823 12.5605
      vertex 70.55 40.7823 12.5605
      vertex 70.5611 40.6229 12.4011
    endloop
  endfacet
  facet normal -0.989185 0.103715 0.10371
    outer loop
      vertex 70.5611 42.7095 10.9521
      vertex 70.5942 41.0996 12.8778
      vertex 70.5942 42.8673 11.11
    endloop
  endfacet
  facet normal -0.989192 0.10368 0.10368
    outer loop
      vertex 70.5942 41.0996 12.8778
      vertex 70.5611 42.7095 10.9521
      vertex 70.5611 40.9417 12.7199
    endloop
  endfacet
  facet normal 0.989192 -0.10368 -0.10368
    outer loop
      vertex 75.1389 40.6229 12.4011
      vertex 75.1058 42.2328 10.4754
      vertex 75.1389 42.3907 10.6333
    endloop
  endfacet
  facet normal 0.989192 -0.10368 -0.10368
    outer loop
      vertex 75.1058 42.2328 10.4754
      vertex 75.1389 40.6229 12.4011
      vertex 75.1058 40.465 12.2432
    endloop
  endfacet
  facet normal 0.903964 -0.302366 -0.302366
    outer loop
      vertex 74.9749 40.1599 11.9381
      vertex 74.8784 41.7834 10.0261
      vertex 74.9749 41.9277 10.1703
    endloop
  endfacet
  facet normal 0.903964 -0.302366 -0.302366
    outer loop
      vertex 74.8784 41.7834 10.0261
      vertex 74.9749 40.1599 11.9381
      vertex 74.8784 40.0157 11.7938
    endloop
  endfacet
  facet normal 0.941479 -0.238345 -0.238345
    outer loop
      vertex 75.051 40.3102 12.0884
      vertex 74.9749 41.9277 10.1703
      vertex 75.051 42.078 10.3206
    endloop
  endfacet
  facet normal 0.941479 -0.238345 -0.238345
    outer loop
      vertex 74.9749 41.9277 10.1703
      vertex 75.051 40.3102 12.0884
      vertex 74.9749 40.1599 11.9381
    endloop
  endfacet
  facet normal 0.803129 -0.4213 -0.421296
    outer loop
      vertex 74.7624 39.8788 11.6569
      vertex 74.6279 41.5183 9.76098
      vertex 74.7624 41.6465 9.88918
    endloop
  endfacet
  facet normal 0.803129 -0.4213 -0.421296
    outer loop
      vertex 74.6279 41.5183 9.76098
      vertex 74.7624 39.8788 11.6569
      vertex 74.6279 39.7506 11.5287
    endloop
  endfacet
  facet normal -0.146597 -0.699461 -0.699473
    outer loop
      vertex 72.4013 40.955 9.19763
      vertex 72.6246 39.1638 10.942
      vertex 72.4013 39.1872 10.9654
    endloop
  endfacet
  facet normal -0.146965 -0.699447 -0.699411
    outer loop
      vertex 72.6246 39.1638 10.942
      vertex 72.4013 40.955 9.19763
      vertex 72.6246 40.9315 9.17421
    endloop
  endfacet
  facet normal -0.99879 -0.0347759 -0.0347759
    outer loop
      vertex 70.5611 42.3907 10.6333
      vertex 70.55 40.7823 12.5605
      vertex 70.55 42.5501 10.7927
    endloop
  endfacet
  facet normal -0.99879 -0.0347759 -0.0347759
    outer loop
      vertex 70.55 40.7823 12.5605
      vertex 70.5611 42.3907 10.6333
      vertex 70.5611 40.6229 12.4011
    endloop
  endfacet
  facet normal -0.97007 -0.171705 -0.171705
    outer loop
      vertex 70.649 42.078 10.3206
      vertex 70.5942 40.465 12.2432
      vertex 70.5942 42.2328 10.4754
    endloop
  endfacet
  facet normal -0.97007 -0.171705 -0.171705
    outer loop
      vertex 70.5942 40.465 12.2432
      vertex 70.649 42.078 10.3206
      vertex 70.649 40.3102 12.0884
    endloop
  endfacet
  facet normal 0.427683 -0.639171 -0.639178
    outer loop
      vertex 73.7302 39.2798 11.0579
      vertex 73.9342 41.1158 9.35842
      vertex 73.9342 39.348 11.1262
    endloop
  endfacet
  facet normal 0.427785 -0.639144 -0.639136
    outer loop
      vertex 73.9342 41.1158 9.35842
      vertex 73.7302 39.2798 11.0579
      vertex 73.7302 41.0475 9.29018
    endloop
  endfacet
  facet normal 0.671676 -0.523853 -0.523859
    outer loop
      vertex 74.4763 39.6323 11.4105
      vertex 74.3091 41.2929 9.53554
      vertex 74.4763 41.4001 9.64272
    endloop
  endfacet
  facet normal 0.671711 -0.523828 -0.52384
    outer loop
      vertex 74.3091 41.2929 9.53554
      vertex 74.4763 39.6323 11.4105
      vertex 74.3091 39.5251 11.3033
    endloop
  endfacet
  facet normal -0.427683 -0.639171 -0.639178
    outer loop
      vertex 71.7658 41.1158 9.35842
      vertex 71.9698 39.2798 11.0579
      vertex 71.7658 39.348 11.1262
    endloop
  endfacet
  facet normal -0.427785 -0.639144 -0.639136
    outer loop
      vertex 71.9698 39.2798 11.0579
      vertex 71.7658 41.1158 9.35842
      vertex 71.9698 41.0475 9.29018
    endloop
  endfacet
  facet normal -0.0491931 -0.706269 -0.706233
    outer loop
      vertex 72.6246 40.9315 9.17421
      vertex 72.85 39.156 10.9341
      vertex 72.6246 39.1638 10.942
    endloop
  endfacet
  facet normal -0.0489743 -0.706262 -0.706254
    outer loop
      vertex 72.85 39.156 10.9341
      vertex 72.6246 40.9315 9.17421
      vertex 72.85 40.9237 9.16638
    endloop
  endfacet
  facet normal 0.0491931 -0.706269 -0.706233
    outer loop
      vertex 72.85 39.156 10.9341
      vertex 73.0754 40.9315 9.17421
      vertex 73.0754 39.1638 10.942
    endloop
  endfacet
  facet normal 0.0489743 -0.706262 -0.706254
    outer loop
      vertex 73.0754 40.9315 9.17421
      vertex 72.85 39.156 10.9341
      vertex 72.85 40.9237 9.16638
    endloop
  endfacet
  facet normal -0.903964 -0.302366 -0.302366
    outer loop
      vertex 70.8216 41.7834 10.0261
      vertex 70.7251 40.1599 11.9381
      vertex 70.7251 41.9277 10.1703
    endloop
  endfacet
  facet normal -0.903964 -0.302366 -0.302366
    outer loop
      vertex 70.7251 40.1599 11.9381
      vertex 70.8216 41.7834 10.0261
      vertex 70.8216 40.0157 11.7938
    endloop
  endfacet
  facet normal -0.803129 -0.4213 -0.421296
    outer loop
      vertex 71.0721 41.5183 9.76098
      vertex 70.9376 39.8788 11.6569
      vertex 70.9376 41.6465 9.88918
    endloop
  endfacet
  facet normal -0.803129 -0.4213 -0.421296
    outer loop
      vertex 70.9376 39.8788 11.6569
      vertex 71.0721 41.5183 9.76098
      vertex 71.0721 39.7506 11.5287
    endloop
  endfacet
  facet normal -0.989192 -0.10368 -0.10368
    outer loop
      vertex 70.5942 42.2328 10.4754
      vertex 70.5611 40.6229 12.4011
      vertex 70.5611 42.3907 10.6333
    endloop
  endfacet
  facet normal -0.989192 -0.10368 -0.10368
    outer loop
      vertex 70.5611 40.6229 12.4011
      vertex 70.5942 42.2328 10.4754
      vertex 70.5942 40.465 12.2432
    endloop
  endfacet
  facet normal -0.941479 -0.238345 -0.238345
    outer loop
      vertex 70.7251 41.9277 10.1703
      vertex 70.649 40.3102 12.0884
      vertex 70.649 42.078 10.3206
    endloop
  endfacet
  facet normal -0.941479 -0.238345 -0.238345
    outer loop
      vertex 70.649 40.3102 12.0884
      vertex 70.7251 41.9277 10.1703
      vertex 70.7251 40.1599 11.9381
    endloop
  endfacet
  facet normal 0.595726 -0.567933 -0.567946
    outer loop
      vertex 74.3091 39.5251 11.3033
      vertex 74.1278 41.1978 9.44047
      vertex 74.3091 41.2929 9.53554
    endloop
  endfacet
  facet normal 0.595786 -0.567897 -0.567919
    outer loop
      vertex 74.1278 41.1978 9.44047
      vertex 74.3091 39.5251 11.3033
      vertex 74.1278 39.43 11.2082
    endloop
  endfacet
  facet normal 0.740827 -0.474964 -0.474958
    outer loop
      vertex 74.6279 39.7506 11.5287
      vertex 74.4763 41.4001 9.64272
      vertex 74.6279 41.5183 9.76098
    endloop
  endfacet
  facet normal 0.740883 -0.474914 -0.47492
    outer loop
      vertex 74.4763 41.4001 9.64272
      vertex 74.6279 39.7506 11.5287
      vertex 74.4763 39.6323 11.4105
    endloop
  endfacet
  facet normal -0.513862 -0.606596 -0.60662
    outer loop
      vertex 71.5722 41.1978 9.44047
      vertex 71.7658 39.348 11.1262
      vertex 71.5722 39.43 11.2082
    endloop
  endfacet
  facet normal -0.513977 -0.606555 -0.606562
    outer loop
      vertex 71.7658 39.348 11.1262
      vertex 71.5722 41.1978 9.44047
      vertex 71.7658 41.1158 9.35842
    endloop
  endfacet
  facet normal -0.336812 -0.665796 -0.665788
    outer loop
      vertex 71.9698 41.0475 9.29018
      vertex 72.1823 39.226 11.0042
      vertex 71.9698 39.2798 11.0579
    endloop
  endfacet
  facet normal -0.337007 -0.66576 -0.665726
    outer loop
      vertex 72.1823 39.226 11.0042
      vertex 71.9698 41.0475 9.29018
      vertex 72.1823 40.9937 9.23641
    endloop
  endfacet
  facet normal -0.243042 -0.685922 -0.685887
    outer loop
      vertex 72.1823 40.9937 9.23641
      vertex 72.4013 39.1872 10.9654
      vertex 72.1823 39.226 11.0042
    endloop
  endfacet
  facet normal -0.242688 -0.685962 -0.685973
    outer loop
      vertex 72.4013 39.1872 10.9654
      vertex 72.1823 40.9937 9.23641
      vertex 72.4013 40.955 9.19763
    endloop
  endfacet
  facet normal -0.857829 -0.363407 -0.363407
    outer loop
      vertex 70.9376 41.6465 9.88918
      vertex 70.8216 40.0157 11.7938
      vertex 70.8216 41.7834 10.0261
    endloop
  endfacet
  facet normal -0.857812 -0.363429 -0.363425
    outer loop
      vertex 70.8216 40.0157 11.7938
      vertex 70.9376 41.6465 9.88918
      vertex 70.9376 39.8788 11.6569
    endloop
  endfacet
  facet normal -0.671676 -0.523853 -0.523859
    outer loop
      vertex 71.3909 41.2929 9.53554
      vertex 71.2237 39.6323 11.4105
      vertex 71.2237 41.4001 9.64272
    endloop
  endfacet
  facet normal -0.671711 -0.523828 -0.52384
    outer loop
      vertex 71.2237 39.6323 11.4105
      vertex 71.3909 41.2929 9.53554
      vertex 71.3909 39.5251 11.3033
    endloop
  endfacet
  facet normal -0.740827 -0.474964 -0.474958
    outer loop
      vertex 71.2237 41.4001 9.64272
      vertex 71.0721 39.7506 11.5287
      vertex 71.0721 41.5183 9.76098
    endloop
  endfacet
  facet normal -0.740883 -0.474914 -0.47492
    outer loop
      vertex 71.0721 39.7506 11.5287
      vertex 71.2237 41.4001 9.64272
      vertex 71.2237 39.6323 11.4105
    endloop
  endfacet
  facet normal 0.336812 -0.665796 -0.665788
    outer loop
      vertex 73.5177 39.226 11.0042
      vertex 73.7302 41.0475 9.29018
      vertex 73.7302 39.2798 11.0579
    endloop
  endfacet
  facet normal 0.337007 -0.66576 -0.665726
    outer loop
      vertex 73.7302 41.0475 9.29018
      vertex 73.5177 39.226 11.0042
      vertex 73.5177 40.9937 9.23641
    endloop
  endfacet
  facet normal 0.243042 -0.685922 -0.685887
    outer loop
      vertex 73.2987 39.1872 10.9654
      vertex 73.5177 40.9937 9.23641
      vertex 73.5177 39.226 11.0042
    endloop
  endfacet
  facet normal 0.242688 -0.685962 -0.685973
    outer loop
      vertex 73.5177 40.9937 9.23641
      vertex 73.2987 39.1872 10.9654
      vertex 73.2987 40.955 9.19763
    endloop
  endfacet
  facet normal -0.998766 -0.0351234 -0.0351234
    outer loop
      vertex 73.65 42.5501 10.7927
      vertex 73.6461 40.8378 12.6159
      vertex 73.6461 42.6055 10.8482
    endloop
  endfacet
  facet normal -0.998766 -0.0351234 -0.0351234
    outer loop
      vertex 73.6461 40.8378 12.6159
      vertex 73.65 42.5501 10.7927
      vertex 73.65 40.7823 12.5605
    endloop
  endfacet
  facet normal 0.998766 -0.0351234 -0.0351234
    outer loop
      vertex 72.0539 40.8378 12.6159
      vertex 72.05 42.5501 10.7927
      vertex 72.0539 42.6055 10.8482
    endloop
  endfacet
  facet normal 0.998766 -0.0351234 -0.0351234
    outer loop
      vertex 72.05 42.5501 10.7927
      vertex 72.0539 40.8378 12.6159
      vertex 72.05 40.7823 12.5605
    endloop
  endfacet
  facet normal 0.0495448 -0.706238 -0.706238
    outer loop
      vertex 72.7716 43.113 11.3557
      vertex 72.85 41.348 13.1262
      vertex 72.7716 41.3453 13.1234
    endloop
  endfacet
  facet normal 0.0486461 -0.70629 -0.70625
    outer loop
      vertex 72.85 41.348 13.1262
      vertex 72.7716 43.113 11.3557
      vertex 72.85 43.1157 11.3584
    endloop
  endfacet
  facet normal -0.67107 -0.52426 -0.52423
    outer loop
      vertex 73.4157 42.9501 11.1927
      vertex 73.3575 41.2196 12.9978
      vertex 73.3575 42.9873 11.23
    endloop
  endfacet
  facet normal -0.671564 -0.523928 -0.523928
    outer loop
      vertex 73.3575 41.2196 12.9978
      vertex 73.4157 42.9501 11.1927
      vertex 73.4157 41.1823 12.9605
    endloop
  endfacet
  facet normal 0.67107 -0.52426 -0.52423
    outer loop
      vertex 72.3425 41.2196 12.9978
      vertex 72.2843 42.9501 11.1927
      vertex 72.3425 42.9873 11.23
    endloop
  endfacet
  facet normal 0.671564 -0.523928 -0.523928
    outer loop
      vertex 72.2843 42.9501 11.1927
      vertex 72.3425 41.2196 12.9978
      vertex 72.2843 41.1823 12.9605
    endloop
  endfacet
  facet normal 0.426893 -0.639438 -0.639438
    outer loop
      vertex 72.4729 41.2812 13.0594
      vertex 72.5439 43.0727 11.3153
      vertex 72.5439 41.3049 13.0831
    endloop
  endfacet
  facet normal 0.426893 -0.639438 -0.639438
    outer loop
      vertex 72.5439 43.0727 11.3153
      vertex 72.4729 41.2812 13.0594
      vertex 72.4729 43.049 11.2916
    endloop
  endfacet
  facet normal -0.903878 -0.302493 -0.302493
    outer loop
      vertex 73.5891 42.7665 11.0092
      vertex 73.5555 41.049 12.8271
      vertex 73.5555 42.8167 11.0594
    endloop
  endfacet
  facet normal -0.903713 -0.302748 -0.302731
    outer loop
      vertex 73.5555 41.049 12.8271
      vertex 73.5891 42.7665 11.0092
      vertex 73.5891 40.9988 12.777
    endloop
  endfacet
  facet normal -0.336934 -0.665742 -0.66578
    outer loop
      vertex 73.0822 43.0914 11.3341
      vertex 73.1561 41.3049 13.0831
      vertex 73.0822 41.3236 13.1018
    endloop
  endfacet
  facet normal -0.337733 -0.665559 -0.665559
    outer loop
      vertex 73.1561 41.3049 13.0831
      vertex 73.0822 43.0914 11.3341
      vertex 73.1561 43.0727 11.3153
    endloop
  endfacet
  facet normal 0.857998 -0.363218 -0.363197
    outer loop
      vertex 72.1848 41.0966 12.8748
      vertex 72.1445 42.8167 11.0594
      vertex 72.1848 42.8643 11.107
    endloop
  endfacet
  facet normal 0.858236 -0.362927 -0.362927
    outer loop
      vertex 72.1445 42.8167 11.0594
      vertex 72.1848 41.0966 12.8748
      vertex 72.1445 41.049 12.8271
    endloop
  endfacet
  facet normal 0.803078 -0.421346 -0.421346
    outer loop
      vertex 72.2316 41.1412 12.9193
      vertex 72.1848 42.8643 11.107
      vertex 72.2316 42.9089 11.1516
    endloop
  endfacet
  facet normal 0.802758 -0.421663 -0.421639
    outer loop
      vertex 72.1848 42.8643 11.107
      vertex 72.2316 41.1412 12.9193
      vertex 72.1848 41.0966 12.8748
    endloop
  endfacet
  facet normal 0.513895 -0.606594 -0.606594
    outer loop
      vertex 72.4055 41.2527 13.0308
      vertex 72.4729 43.049 11.2916
      vertex 72.4729 41.2812 13.0594
    endloop
  endfacet
  facet normal 0.513895 -0.606594 -0.606594
    outer loop
      vertex 72.4729 43.049 11.2916
      vertex 72.4055 41.2527 13.0308
      vertex 72.4055 43.0204 11.2631
    endloop
  endfacet
  facet normal 0.145851 0.699565 0.699526
    outer loop
      vertex 72.6939 40.2275 12.0057
      vertex 72.7716 41.9871 10.2298
      vertex 72.6939 41.9952 10.2379
    endloop
  endfacet
  facet normal 0.147613 0.699341 0.69938
    outer loop
      vertex 72.7716 41.9871 10.2298
      vertex 72.6939 40.2275 12.0057
      vertex 72.7716 40.2193 11.9975
    endloop
  endfacet
  facet normal -0.145851 0.699565 0.699526
    outer loop
      vertex 72.9284 41.9871 10.2298
      vertex 73.0061 40.2275 12.0057
      vertex 73.0061 41.9952 10.2379
    endloop
  endfacet
  facet normal -0.147613 0.699341 0.69938
    outer loop
      vertex 73.0061 40.2275 12.0057
      vertex 72.9284 41.9871 10.2298
      vertex 72.9284 40.2193 11.9975
    endloop
  endfacet
  facet normal -0.970259 -0.171169 -0.171169
    outer loop
      vertex 73.6346 42.6604 10.9031
      vertex 73.6156 40.9465 12.7247
      vertex 73.6156 42.7143 10.9569
    endloop
  endfacet
  facet normal -0.970259 -0.171169 -0.171169
    outer loop
      vertex 73.6156 40.9465 12.7247
      vertex 73.6346 42.6604 10.9031
      vertex 73.6346 40.8927 12.6708
    endloop
  endfacet
  facet normal -0.989208 -0.103606 -0.103606
    outer loop
      vertex 73.6461 42.6055 10.8482
      vertex 73.6346 40.8927 12.6708
      vertex 73.6346 42.6604 10.9031
    endloop
  endfacet
  facet normal -0.989208 -0.103606 -0.103606
    outer loop
      vertex 73.6346 40.8927 12.6708
      vertex 73.6461 42.6055 10.8482
      vertex 73.6461 40.8378 12.6159
    endloop
  endfacet
  facet normal -0.941298 -0.238709 -0.238696
    outer loop
      vertex 73.6156 42.7143 10.9569
      vertex 73.5891 40.9988 12.777
      vertex 73.5891 42.7665 11.0092
    endloop
  endfacet
  facet normal -0.941401 -0.2385 -0.2385
    outer loop
      vertex 73.5891 40.9988 12.777
      vertex 73.6156 42.7143 10.9569
      vertex 73.6156 40.9465 12.7247
    endloop
  endfacet
  facet normal -0.803078 -0.421346 -0.421346
    outer loop
      vertex 73.5152 42.8643 11.107
      vertex 73.4684 41.1412 12.9193
      vertex 73.4684 42.9089 11.1516
    endloop
  endfacet
  facet normal -0.802758 -0.421663 -0.421639
    outer loop
      vertex 73.4684 41.1412 12.9193
      vertex 73.5152 42.8643 11.107
      vertex 73.5152 41.0966 12.8748
    endloop
  endfacet
  facet normal -0.741235 -0.474642 -0.474642
    outer loop
      vertex 73.4684 42.9089 11.1516
      vertex 73.4157 41.1823 12.9605
      vertex 73.4157 42.9501 11.1927
    endloop
  endfacet
  facet normal -0.741235 -0.474642 -0.474642
    outer loop
      vertex 73.4157 41.1823 12.9605
      vertex 73.4684 42.9089 11.1516
      vertex 73.4684 41.1412 12.9193
    endloop
  endfacet
  facet normal -0.146732 -0.699453 -0.699453
    outer loop
      vertex 72.9284 41.3453 13.1234
      vertex 73.0061 43.1049 11.3475
      vertex 73.0061 41.3371 13.1153
    endloop
  endfacet
  facet normal -0.146732 -0.699453 -0.699453
    outer loop
      vertex 73.0061 43.1049 11.3475
      vertex 72.9284 41.3453 13.1234
      vertex 72.9284 43.113 11.3557
    endloop
  endfacet
  facet normal -0.59641 -0.56758 -0.56758
    outer loop
      vertex 73.3575 42.9873 11.23
      vertex 73.2945 41.2527 13.0308
      vertex 73.2945 43.0204 11.2631
    endloop
  endfacet
  facet normal -0.595829 -0.567902 -0.567869
    outer loop
      vertex 73.2945 41.2527 13.0308
      vertex 73.3575 42.9873 11.23
      vertex 73.3575 41.2196 12.9978
    endloop
  endfacet
  facet normal -0.513895 -0.606594 -0.606594
    outer loop
      vertex 73.2271 43.049 11.2916
      vertex 73.2945 41.2527 13.0308
      vertex 73.2271 41.2812 13.0594
    endloop
  endfacet
  facet normal -0.513895 -0.606594 -0.606594
    outer loop
      vertex 73.2945 41.2527 13.0308
      vertex 73.2271 43.049 11.2916
      vertex 73.2945 43.0204 11.2631
    endloop
  endfacet
  facet normal 0.903878 -0.302493 -0.302493
    outer loop
      vertex 72.1445 41.049 12.8271
      vertex 72.1109 42.7665 11.0092
      vertex 72.1445 42.8167 11.0594
    endloop
  endfacet
  facet normal 0.903713 -0.302748 -0.302731
    outer loop
      vertex 72.1109 42.7665 11.0092
      vertex 72.1445 41.049 12.8271
      vertex 72.1109 40.9988 12.777
    endloop
  endfacet
  facet normal 0.970259 -0.171169 -0.171169
    outer loop
      vertex 72.0844 40.9465 12.7247
      vertex 72.0654 42.6604 10.9031
      vertex 72.0844 42.7143 10.9569
    endloop
  endfacet
  facet normal 0.970259 -0.171169 -0.171169
    outer loop
      vertex 72.0654 42.6604 10.9031
      vertex 72.0844 40.9465 12.7247
      vertex 72.0654 40.8927 12.6708
    endloop
  endfacet
  facet normal 0.146732 -0.699453 -0.699453
    outer loop
      vertex 72.6939 43.1049 11.3475
      vertex 72.7716 41.3453 13.1234
      vertex 72.6939 41.3371 13.1153
    endloop
  endfacet
  facet normal 0.146732 -0.699453 -0.699453
    outer loop
      vertex 72.7716 41.3453 13.1234
      vertex 72.6939 43.1049 11.3475
      vertex 72.7716 43.113 11.3557
    endloop
  endfacet
  facet normal 0.243338 -0.685833 -0.685872
    outer loop
      vertex 72.6178 43.0914 11.3341
      vertex 72.6939 41.3371 13.1153
      vertex 72.6178 41.3236 13.1018
    endloop
  endfacet
  facet normal 0.24249 -0.686002 -0.686002
    outer loop
      vertex 72.6939 41.3371 13.1153
      vertex 72.6178 43.0914 11.3341
      vertex 72.6939 43.1049 11.3475
    endloop
  endfacet
  facet normal -0.903713 0.302739 0.302739
    outer loop
      vertex 73.5555 42.2834 10.5261
      vertex 73.5891 40.5658 12.344
      vertex 73.5891 42.3336 10.5762
    endloop
  endfacet
  facet normal -0.903878 0.302485 0.302502
    outer loop
      vertex 73.5891 40.5658 12.344
      vertex 73.5555 42.2834 10.5261
      vertex 73.5555 40.5156 12.2938
    endloop
  endfacet
  facet normal 0.970259 0.171164 0.171174
    outer loop
      vertex 72.0654 40.6719 12.4501
      vertex 72.0844 42.3859 10.6285
      vertex 72.0654 42.4397 10.6824
    endloop
  endfacet
  facet normal 0.970206 0.171319 0.171319
    outer loop
      vertex 72.0844 42.3859 10.6285
      vertex 72.0654 40.6719 12.4501
      vertex 72.0844 40.6181 12.3963
    endloop
  endfacet
  facet normal -0.426893 0.639438 0.639438
    outer loop
      vertex 73.2271 42.0512 10.2938
      vertex 73.1561 40.2597 12.0379
      vertex 73.2271 40.2834 12.0616
    endloop
  endfacet
  facet normal -0.427629 0.63921 0.639174
    outer loop
      vertex 73.1561 40.2597 12.0379
      vertex 73.2271 42.0512 10.2938
      vertex 73.1561 42.0274 10.2701
    endloop
  endfacet
  facet normal -0.243338 0.685872 0.685833
    outer loop
      vertex 73.0822 42.0087 10.2514
      vertex 73.0061 40.2275 12.0057
      vertex 73.0822 40.241 12.0192
    endloop
  endfacet
  facet normal -0.243338 0.685872 0.685833
    outer loop
      vertex 73.0061 40.2275 12.0057
      vertex 73.0822 42.0087 10.2514
      vertex 73.0061 41.9952 10.2379
    endloop
  endfacet
  facet normal -0.857998 -0.363218 -0.363197
    outer loop
      vertex 73.5555 42.8167 11.0594
      vertex 73.5152 41.0966 12.8748
      vertex 73.5152 42.8643 11.107
    endloop
  endfacet
  facet normal -0.858236 -0.362927 -0.362927
    outer loop
      vertex 73.5152 41.0966 12.8748
      vertex 73.5555 42.8167 11.0594
      vertex 73.5555 41.049 12.8271
    endloop
  endfacet
  facet normal -0.0495448 -0.706238 -0.706238
    outer loop
      vertex 72.85 41.348 13.1262
      vertex 72.9284 43.113 11.3557
      vertex 72.9284 41.3453 13.1234
    endloop
  endfacet
  facet normal -0.0486461 -0.70629 -0.70625
    outer loop
      vertex 72.9284 43.113 11.3557
      vertex 72.85 41.348 13.1262
      vertex 72.85 43.1157 11.3584
    endloop
  endfacet
  facet normal -0.243338 -0.685833 -0.685872
    outer loop
      vertex 73.0061 41.3371 13.1153
      vertex 73.0822 43.0914 11.3341
      vertex 73.0822 41.3236 13.1018
    endloop
  endfacet
  facet normal -0.24249 -0.686002 -0.686002
    outer loop
      vertex 73.0822 43.0914 11.3341
      vertex 73.0061 41.3371 13.1153
      vertex 73.0061 43.1049 11.3475
    endloop
  endfacet
  facet normal -0.426893 -0.639438 -0.639438
    outer loop
      vertex 73.1561 43.0727 11.3153
      vertex 73.2271 41.2812 13.0594
      vertex 73.1561 41.3049 13.0831
    endloop
  endfacet
  facet normal -0.426893 -0.639438 -0.639438
    outer loop
      vertex 73.2271 41.2812 13.0594
      vertex 73.1561 43.0727 11.3153
      vertex 73.2271 43.049 11.2916
    endloop
  endfacet
  facet normal 0.741235 -0.474642 -0.474642
    outer loop
      vertex 72.2843 41.1823 12.9605
      vertex 72.2316 42.9089 11.1516
      vertex 72.2843 42.9501 11.1927
    endloop
  endfacet
  facet normal 0.741235 -0.474642 -0.474642
    outer loop
      vertex 72.2316 42.9089 11.1516
      vertex 72.2843 41.1823 12.9605
      vertex 72.2316 41.1412 12.9193
    endloop
  endfacet
  facet normal 0.989208 -0.103606 -0.103606
    outer loop
      vertex 72.0654 40.8927 12.6708
      vertex 72.0539 42.6055 10.8482
      vertex 72.0654 42.6604 10.9031
    endloop
  endfacet
  facet normal 0.989208 -0.103606 -0.103606
    outer loop
      vertex 72.0539 42.6055 10.8482
      vertex 72.0654 40.8927 12.6708
      vertex 72.0539 40.8378 12.6159
    endloop
  endfacet
  facet normal 0.941298 -0.238709 -0.238696
    outer loop
      vertex 72.1109 40.9988 12.777
      vertex 72.0844 42.7143 10.9569
      vertex 72.1109 42.7665 11.0092
    endloop
  endfacet
  facet normal 0.941401 -0.2385 -0.2385
    outer loop
      vertex 72.0844 42.7143 10.9569
      vertex 72.1109 40.9988 12.777
      vertex 72.0844 40.9465 12.7247
    endloop
  endfacet
  facet normal 0.59641 -0.56758 -0.56758
    outer loop
      vertex 72.4055 41.2527 13.0308
      vertex 72.3425 42.9873 11.23
      vertex 72.4055 43.0204 11.2631
    endloop
  endfacet
  facet normal 0.595829 -0.567902 -0.567869
    outer loop
      vertex 72.3425 42.9873 11.23
      vertex 72.4055 41.2527 13.0308
      vertex 72.3425 41.2196 12.9978
    endloop
  endfacet
  facet normal 0.336934 -0.665742 -0.66578
    outer loop
      vertex 72.5439 41.3049 13.0831
      vertex 72.6178 43.0914 11.3341
      vertex 72.6178 41.3236 13.1018
    endloop
  endfacet
  facet normal 0.337733 -0.665559 -0.665559
    outer loop
      vertex 72.6178 43.0914 11.3341
      vertex 72.5439 41.3049 13.0831
      vertex 72.5439 43.0727 11.3153
    endloop
  endfacet
  facet normal -0.989208 0.103606 0.103606
    outer loop
      vertex 73.6346 42.4397 10.6824
      vertex 73.6461 40.7269 12.505
      vertex 73.6461 42.4946 10.7373
    endloop
  endfacet
  facet normal -0.989227 0.10351 0.103516
    outer loop
      vertex 73.6461 40.7269 12.505
      vertex 73.6346 42.4397 10.6824
      vertex 73.6346 40.6719 12.4501
    endloop
  endfacet
  facet normal -0.998766 0.0351234 0.0351234
    outer loop
      vertex 73.6461 42.4946 10.7373
      vertex 73.65 40.7823 12.5605
      vertex 73.65 42.5501 10.7927
    endloop
  endfacet
  facet normal -0.998766 0.0351234 0.0351234
    outer loop
      vertex 73.65 40.7823 12.5605
      vertex 73.6461 42.4946 10.7373
      vertex 73.6461 40.7269 12.505
    endloop
  endfacet
  facet normal -0.513895 0.606594 0.606594
    outer loop
      vertex 73.2945 42.0797 10.3224
      vertex 73.2271 40.2834 12.0616
      vertex 73.2945 40.312 12.0901
    endloop
  endfacet
  facet normal -0.513895 0.606594 0.606594
    outer loop
      vertex 73.2271 40.2834 12.0616
      vertex 73.2945 42.0797 10.3224
      vertex 73.2271 42.0512 10.2938
    endloop
  endfacet
  facet normal -0.741235 0.474629 0.474656
    outer loop
      vertex 73.4157 42.1501 10.3927
      vertex 73.4684 40.4234 12.2016
      vertex 73.4684 42.1912 10.4339
    endloop
  endfacet
  facet normal -0.740829 0.474959 0.474959
    outer loop
      vertex 73.4684 40.4234 12.2016
      vertex 73.4157 42.1501 10.3927
      vertex 73.4157 40.3823 12.1605
    endloop
  endfacet
  facet normal -0.595829 0.567885 0.567885
    outer loop
      vertex 73.2945 42.0797 10.3224
      vertex 73.3575 40.345 12.1232
      vertex 73.3575 42.1128 10.3554
    endloop
  endfacet
  facet normal -0.595829 0.567885 0.567885
    outer loop
      vertex 73.3575 40.345 12.1232
      vertex 73.2945 42.0797 10.3224
      vertex 73.2945 40.312 12.0901
    endloop
  endfacet
  facet normal 0.802758 0.421651 0.421651
    outer loop
      vertex 72.1848 40.468 12.2462
      vertex 72.2316 42.1912 10.4339
      vertex 72.1848 42.2358 10.4784
    endloop
  endfacet
  facet normal 0.803078 0.421334 0.421358
    outer loop
      vertex 72.2316 42.1912 10.4339
      vertex 72.1848 40.468 12.2462
      vertex 72.2316 40.4234 12.2016
    endloop
  endfacet
  facet normal 0.903713 0.302739 0.302739
    outer loop
      vertex 72.1109 40.5658 12.344
      vertex 72.1445 42.2834 10.5261
      vertex 72.1109 42.3336 10.5762
    endloop
  endfacet
  facet normal 0.903878 0.302485 0.302502
    outer loop
      vertex 72.1445 42.2834 10.5261
      vertex 72.1109 40.5658 12.344
      vertex 72.1445 40.5156 12.2938
    endloop
  endfacet
  facet normal 0.858236 0.362916 0.362937
    outer loop
      vertex 72.1445 40.5156 12.2938
      vertex 72.1848 42.2358 10.4784
      vertex 72.1445 42.2834 10.5261
    endloop
  endfacet
  facet normal 0.857998 0.363207 0.363207
    outer loop
      vertex 72.1848 42.2358 10.4784
      vertex 72.1445 40.5156 12.2938
      vertex 72.1848 40.468 12.2462
    endloop
  endfacet
  facet normal 0.998766 0.0351234 0.0351234
    outer loop
      vertex 72.05 40.7823 12.5605
      vertex 72.0539 42.4946 10.7373
      vertex 72.05 42.5501 10.7927
    endloop
  endfacet
  facet normal 0.998766 0.0351234 0.0351234
    outer loop
      vertex 72.0539 42.4946 10.7373
      vertex 72.05 40.7823 12.5605
      vertex 72.0539 40.7269 12.505
    endloop
  endfacet
  facet normal -0.941401 0.2385 0.2385
    outer loop
      vertex 73.5891 42.3336 10.5762
      vertex 73.6156 40.6181 12.3963
      vertex 73.6156 42.3859 10.6285
    endloop
  endfacet
  facet normal -0.941401 0.2385 0.2385
    outer loop
      vertex 73.6156 40.6181 12.3963
      vertex 73.5891 42.3336 10.5762
      vertex 73.5891 40.5658 12.344
    endloop
  endfacet
  facet normal -0.970259 0.171164 0.171174
    outer loop
      vertex 73.6156 42.3859 10.6285
      vertex 73.6346 40.6719 12.4501
      vertex 73.6346 42.4397 10.6824
    endloop
  endfacet
  facet normal -0.970206 0.171319 0.171319
    outer loop
      vertex 73.6346 40.6719 12.4501
      vertex 73.6156 42.3859 10.6285
      vertex 73.6156 40.6181 12.3963
    endloop
  endfacet
  facet normal -0.802758 0.421651 0.421651
    outer loop
      vertex 73.4684 42.1912 10.4339
      vertex 73.5152 40.468 12.2462
      vertex 73.5152 42.2358 10.4784
    endloop
  endfacet
  facet normal -0.803078 0.421334 0.421358
    outer loop
      vertex 73.5152 40.468 12.2462
      vertex 73.4684 42.1912 10.4339
      vertex 73.4684 40.4234 12.2016
    endloop
  endfacet
  facet normal -0.858236 0.362916 0.362937
    outer loop
      vertex 73.5152 42.2358 10.4784
      vertex 73.5555 40.5156 12.2938
      vertex 73.5555 42.2834 10.5261
    endloop
  endfacet
  facet normal -0.857998 0.363207 0.363207
    outer loop
      vertex 73.5555 40.5156 12.2938
      vertex 73.5152 42.2358 10.4784
      vertex 73.5152 40.468 12.2462
    endloop
  endfacet
  facet normal -0.671564 0.523928 0.523928
    outer loop
      vertex 73.3575 42.1128 10.3554
      vertex 73.4157 40.3823 12.1605
      vertex 73.4157 42.1501 10.3927
    endloop
  endfacet
  facet normal -0.671564 0.523928 0.523928
    outer loop
      vertex 73.4157 40.3823 12.1605
      vertex 73.3575 42.1128 10.3554
      vertex 73.3575 40.345 12.1232
    endloop
  endfacet
  facet normal 0.0486461 0.70625 0.70629
    outer loop
      vertex 72.85 40.2166 11.9948
      vertex 72.7716 41.9871 10.2298
      vertex 72.7716 40.2193 11.9975
    endloop
  endfacet
  facet normal 0.0495448 0.706238 0.706238
    outer loop
      vertex 72.7716 41.9871 10.2298
      vertex 72.85 40.2166 11.9948
      vertex 72.85 41.9844 10.227
    endloop
  endfacet
  facet normal 0.336934 0.66578 0.665742
    outer loop
      vertex 72.6178 40.241 12.0192
      vertex 72.5439 42.0274 10.2701
      vertex 72.5439 40.2597 12.0379
    endloop
  endfacet
  facet normal 0.336934 0.66578 0.665742
    outer loop
      vertex 72.5439 42.0274 10.2701
      vertex 72.6178 40.241 12.0192
      vertex 72.6178 42.0087 10.2514
    endloop
  endfacet
  facet normal 0.513895 0.606594 0.606594
    outer loop
      vertex 72.4729 40.2834 12.0616
      vertex 72.4055 42.0797 10.3224
      vertex 72.4055 40.312 12.0901
    endloop
  endfacet
  facet normal 0.513895 0.606594 0.606594
    outer loop
      vertex 72.4055 42.0797 10.3224
      vertex 72.4729 40.2834 12.0616
      vertex 72.4729 42.0512 10.2938
    endloop
  endfacet
  facet normal 0.671564 0.523928 0.523928
    outer loop
      vertex 72.2843 40.3823 12.1605
      vertex 72.3425 42.1128 10.3554
      vertex 72.2843 42.1501 10.3927
    endloop
  endfacet
  facet normal 0.671564 0.523928 0.523928
    outer loop
      vertex 72.3425 42.1128 10.3554
      vertex 72.2843 40.3823 12.1605
      vertex 72.3425 40.345 12.1232
    endloop
  endfacet
  facet normal 0.741235 0.474629 0.474656
    outer loop
      vertex 72.2316 40.4234 12.2016
      vertex 72.2843 42.1501 10.3927
      vertex 72.2316 42.1912 10.4339
    endloop
  endfacet
  facet normal 0.740829 0.474959 0.474959
    outer loop
      vertex 72.2843 42.1501 10.3927
      vertex 72.2316 40.4234 12.2016
      vertex 72.2843 40.3823 12.1605
    endloop
  endfacet
  facet normal 0.989208 0.103606 0.103606
    outer loop
      vertex 72.0539 40.7269 12.505
      vertex 72.0654 42.4397 10.6824
      vertex 72.0539 42.4946 10.7373
    endloop
  endfacet
  facet normal 0.989227 0.10351 0.103516
    outer loop
      vertex 72.0654 42.4397 10.6824
      vertex 72.0539 40.7269 12.505
      vertex 72.0654 40.6719 12.4501
    endloop
  endfacet
  facet normal 0.941401 0.2385 0.2385
    outer loop
      vertex 72.0844 40.6181 12.3963
      vertex 72.1109 42.3336 10.5762
      vertex 72.0844 42.3859 10.6285
    endloop
  endfacet
  facet normal 0.941401 0.2385 0.2385
    outer loop
      vertex 72.1109 42.3336 10.5762
      vertex 72.0844 40.6181 12.3963
      vertex 72.1109 40.5658 12.344
    endloop
  endfacet
  facet normal -0.0486461 0.70625 0.70629
    outer loop
      vertex 72.9284 41.9871 10.2298
      vertex 72.85 40.2166 11.9948
      vertex 72.9284 40.2193 11.9975
    endloop
  endfacet
  facet normal -0.0495448 0.706238 0.706238
    outer loop
      vertex 72.85 40.2166 11.9948
      vertex 72.9284 41.9871 10.2298
      vertex 72.85 41.9844 10.227
    endloop
  endfacet
  facet normal 0.243338 0.685872 0.685833
    outer loop
      vertex 72.6939 40.2275 12.0057
      vertex 72.6178 42.0087 10.2514
      vertex 72.6178 40.241 12.0192
    endloop
  endfacet
  facet normal 0.243338 0.685872 0.685833
    outer loop
      vertex 72.6178 42.0087 10.2514
      vertex 72.6939 40.2275 12.0057
      vertex 72.6939 41.9952 10.2379
    endloop
  endfacet
  facet normal 0.595829 0.567885 0.567885
    outer loop
      vertex 72.3425 40.345 12.1232
      vertex 72.4055 42.0797 10.3224
      vertex 72.3425 42.1128 10.3554
    endloop
  endfacet
  facet normal 0.595829 0.567885 0.567885
    outer loop
      vertex 72.4055 42.0797 10.3224
      vertex 72.3425 40.345 12.1232
      vertex 72.4055 40.312 12.0901
    endloop
  endfacet
  facet normal 0.426893 0.639438 0.639438
    outer loop
      vertex 72.5439 40.2597 12.0379
      vertex 72.4729 42.0512 10.2938
      vertex 72.4729 40.2834 12.0616
    endloop
  endfacet
  facet normal 0.427629 0.63921 0.639174
    outer loop
      vertex 72.4729 42.0512 10.2938
      vertex 72.5439 40.2597 12.0379
      vertex 72.5439 42.0274 10.2701
    endloop
  endfacet
  facet normal -0.336934 0.66578 0.665742
    outer loop
      vertex 73.1561 42.0274 10.2701
      vertex 73.0822 40.241 12.0192
      vertex 73.1561 40.2597 12.0379
    endloop
  endfacet
  facet normal -0.336934 0.66578 0.665742
    outer loop
      vertex 73.0822 40.241 12.0192
      vertex 73.1561 42.0274 10.2701
      vertex 73.0822 42.0087 10.2514
    endloop
  endfacet
  facet normal 0.857812 0.363427 0.363427
    outer loop
      vertex 74.7624 54.3431 26.1212
      vertex 74.8784 55.9739 24.2166
      vertex 74.7624 56.1108 24.3535
    endloop
  endfacet
  facet normal 0.857812 0.363427 0.363427
    outer loop
      vertex 74.8784 55.9739 24.2166
      vertex 74.7624 54.3431 26.1212
      vertex 74.8784 54.2062 25.9843
    endloop
  endfacet
  facet normal 0.336812 0.665773 0.665811
    outer loop
      vertex 73.7302 54.9421 26.7202
      vertex 73.5177 56.7636 25.0063
      vertex 73.5177 54.9958 26.774
    endloop
  endfacet
  facet normal 0.33709 0.665722 0.665722
    outer loop
      vertex 73.5177 56.7636 25.0063
      vertex 73.7302 54.9421 26.7202
      vertex 73.7302 56.7098 24.9525
    endloop
  endfacet
  facet normal -0.427683 0.639174 0.639174
    outer loop
      vertex 71.7658 56.6416 24.8842
      vertex 71.9698 54.9421 26.7202
      vertex 71.9698 56.7098 24.9525
    endloop
  endfacet
  facet normal -0.427683 0.639174 0.639174
    outer loop
      vertex 71.9698 54.9421 26.7202
      vertex 71.7658 56.6416 24.8842
      vertex 71.7658 54.8738 26.652
    endloop
  endfacet
  facet normal -0.903964 0.302366 0.302366
    outer loop
      vertex 70.7251 55.8297 24.0723
      vertex 70.8216 54.2062 25.9843
      vertex 70.8216 55.9739 24.2166
    endloop
  endfacet
  facet normal -0.903964 0.302366 0.302366
    outer loop
      vertex 70.8216 54.2062 25.9843
      vertex 70.7251 55.8297 24.0723
      vertex 70.7251 54.0619 25.8401
    endloop
  endfacet
  facet normal 0.99879 -0.0347759 -0.0347759
    outer loop
      vertex 75.15 53.4395 25.2177
      vertex 75.1389 55.0479 23.2905
      vertex 75.15 55.2073 23.4499
    endloop
  endfacet
  facet normal 0.99879 -0.0347759 -0.0347759
    outer loop
      vertex 75.1389 55.0479 23.2905
      vertex 75.15 53.4395 25.2177
      vertex 75.1389 53.2801 25.0583
    endloop
  endfacet
  facet normal 0.0491931 0.706251 0.706251
    outer loop
      vertex 73.0754 55.058 26.8362
      vertex 72.85 56.8336 25.0763
      vertex 72.85 55.0659 26.844
    endloop
  endfacet
  facet normal 0.0491931 0.706251 0.706251
    outer loop
      vertex 72.85 56.8336 25.0763
      vertex 73.0754 55.058 26.8362
      vertex 73.0754 56.8258 25.0684
    endloop
  endfacet
  facet normal 0.513862 0.606608 0.606608
    outer loop
      vertex 74.1278 54.7918 26.57
      vertex 73.9342 56.6416 24.8842
      vertex 73.9342 54.8738 26.652
    endloop
  endfacet
  facet normal 0.514092 0.606527 0.606493
    outer loop
      vertex 73.9342 56.6416 24.8842
      vertex 74.1278 54.7918 26.57
      vertex 74.1278 56.5595 24.8022
    endloop
  endfacet
  facet normal -0.803129 0.421298 0.421298
    outer loop
      vertex 70.9376 56.1108 24.3535
      vertex 71.0721 54.4713 26.2494
      vertex 71.0721 56.239 24.4817
    endloop
  endfacet
  facet normal -0.803129 0.421298 0.421298
    outer loop
      vertex 71.0721 54.4713 26.2494
      vertex 70.9376 56.1108 24.3535
      vertex 70.9376 54.3431 26.1212
    endloop
  endfacet
  facet normal -0.243042 0.685905 0.685905
    outer loop
      vertex 72.4013 56.8024 25.045
      vertex 72.1823 54.9958 26.774
      vertex 72.4013 55.0346 26.8128
    endloop
  endfacet
  facet normal -0.242747 0.685938 0.685976
    outer loop
      vertex 72.1823 54.9958 26.774
      vertex 72.4013 56.8024 25.045
      vertex 72.1823 56.7636 25.0063
    endloop
  endfacet
  facet normal 0.514092 -0.60651 -0.60651
    outer loop
      vertex 73.9342 52.0052 23.7834
      vertex 74.1278 53.855 22.0977
      vertex 74.1278 52.0873 23.8654
    endloop
  endfacet
  facet normal 0.514092 -0.60651 -0.60651
    outer loop
      vertex 74.1278 53.855 22.0977
      vertex 73.9342 52.0052 23.7834
      vertex 73.9342 53.773 22.0156
    endloop
  endfacet
  facet normal 0.989192 0.10368 0.10368
    outer loop
      vertex 75.1058 53.7568 25.535
      vertex 75.1389 55.3667 23.6093
      vertex 75.1058 55.5246 23.7672
    endloop
  endfacet
  facet normal 0.989192 0.10368 0.10368
    outer loop
      vertex 75.1389 55.3667 23.6093
      vertex 75.1058 53.7568 25.535
      vertex 75.1389 53.5989 25.3771
    endloop
  endfacet
  facet normal 0.803129 0.421298 0.421298
    outer loop
      vertex 74.6279 54.4713 26.2494
      vertex 74.7624 56.1108 24.3535
      vertex 74.6279 56.239 24.4817
    endloop
  endfacet
  facet normal 0.803129 0.421298 0.421298
    outer loop
      vertex 74.7624 56.1108 24.3535
      vertex 74.6279 54.4713 26.2494
      vertex 74.7624 54.3431 26.1212
    endloop
  endfacet
  facet normal 0.671711 0.523834 0.523834
    outer loop
      vertex 74.3091 54.6967 26.4749
      vertex 74.4763 56.3573 24.5999
      vertex 74.3091 56.4645 24.7071
    endloop
  endfacet
  facet normal 0.671711 0.523834 0.523834
    outer loop
      vertex 74.4763 56.3573 24.5999
      vertex 74.3091 54.6967 26.4749
      vertex 74.4763 54.5895 26.3677
    endloop
  endfacet
  facet normal 0.740883 0.474917 0.474917
    outer loop
      vertex 74.4763 54.5895 26.3677
      vertex 74.6279 56.239 24.4817
      vertex 74.4763 56.3573 24.5999
    endloop
  endfacet
  facet normal 0.740883 0.474917 0.474917
    outer loop
      vertex 74.6279 56.239 24.4817
      vertex 74.4763 54.5895 26.3677
      vertex 74.6279 54.4713 26.2494
    endloop
  endfacet
  facet normal -0.0491931 0.706251 0.706251
    outer loop
      vertex 72.85 56.8336 25.0763
      vertex 72.6246 55.058 26.8362
      vertex 72.85 55.0659 26.844
    endloop
  endfacet
  facet normal -0.0491931 0.706251 0.706251
    outer loop
      vertex 72.6246 55.058 26.8362
      vertex 72.85 56.8336 25.0763
      vertex 72.6246 56.8258 25.0684
    endloop
  endfacet
  facet normal 0.243042 0.685905 0.685905
    outer loop
      vertex 73.5177 54.9958 26.774
      vertex 73.2987 56.8024 25.045
      vertex 73.2987 55.0346 26.8128
    endloop
  endfacet
  facet normal 0.242747 0.685938 0.685976
    outer loop
      vertex 73.2987 56.8024 25.045
      vertex 73.5177 54.9958 26.774
      vertex 73.5177 56.7636 25.0063
    endloop
  endfacet
  facet normal 0.146597 0.699467 0.699467
    outer loop
      vertex 73.2987 55.0346 26.8128
      vertex 73.0754 56.8258 25.0684
      vertex 73.0754 55.058 26.8362
    endloop
  endfacet
  facet normal 0.146597 0.699467 0.699467
    outer loop
      vertex 73.0754 56.8258 25.0684
      vertex 73.2987 55.0346 26.8128
      vertex 73.2987 56.8024 25.045
    endloop
  endfacet
  facet normal 0.427683 0.639174 0.639174
    outer loop
      vertex 73.7302 54.9421 26.7202
      vertex 73.9342 56.6416 24.8842
      vertex 73.7302 56.7098 24.9525
    endloop
  endfacet
  facet normal 0.427683 0.639174 0.639174
    outer loop
      vertex 73.9342 56.6416 24.8842
      vertex 73.7302 54.9421 26.7202
      vertex 73.9342 54.8738 26.652
    endloop
  endfacet
  facet normal 0.595584 0.56803 0.567998
    outer loop
      vertex 74.1278 54.7918 26.57
      vertex 74.3091 56.4645 24.7071
      vertex 74.1278 56.5595 24.8022
    endloop
  endfacet
  facet normal 0.595786 0.567908 0.567908
    outer loop
      vertex 74.3091 56.4645 24.7071
      vertex 74.1278 54.7918 26.57
      vertex 74.3091 54.6967 26.4749
    endloop
  endfacet
  facet normal -0.99879 0.0347759 0.0347759
    outer loop
      vertex 70.55 55.2073 23.4499
      vertex 70.5611 53.5989 25.3771
      vertex 70.5611 55.3667 23.6093
    endloop
  endfacet
  facet normal -0.99879 0.0347759 0.0347759
    outer loop
      vertex 70.5611 53.5989 25.3771
      vertex 70.55 55.2073 23.4499
      vertex 70.55 53.4395 25.2177
    endloop
  endfacet
  facet normal -0.941479 0.238345 0.238345
    outer loop
      vertex 70.649 55.6794 23.922
      vertex 70.7251 54.0619 25.8401
      vertex 70.7251 55.8297 24.0723
    endloop
  endfacet
  facet normal -0.941479 0.238345 0.238345
    outer loop
      vertex 70.7251 54.0619 25.8401
      vertex 70.649 55.6794 23.922
      vertex 70.649 53.9116 25.6898
    endloop
  endfacet
  facet normal -0.97007 0.171705 0.171705
    outer loop
      vertex 70.5942 55.5246 23.7672
      vertex 70.649 53.9116 25.6898
      vertex 70.649 55.6794 23.922
    endloop
  endfacet
  facet normal -0.97007 0.171705 0.171705
    outer loop
      vertex 70.649 53.9116 25.6898
      vertex 70.5942 55.5246 23.7672
      vertex 70.5942 53.7568 25.535
    endloop
  endfacet
  facet normal -0.857812 0.363427 0.363427
    outer loop
      vertex 70.8216 55.9739 24.2166
      vertex 70.9376 54.3431 26.1212
      vertex 70.9376 56.1108 24.3535
    endloop
  endfacet
  facet normal -0.857812 0.363427 0.363427
    outer loop
      vertex 70.9376 54.3431 26.1212
      vertex 70.8216 55.9739 24.2166
      vertex 70.8216 54.2062 25.9843
    endloop
  endfacet
  facet normal -0.336812 0.665773 0.665811
    outer loop
      vertex 72.1823 56.7636 25.0063
      vertex 71.9698 54.9421 26.7202
      vertex 72.1823 54.9958 26.774
    endloop
  endfacet
  facet normal -0.33709 0.665722 0.665722
    outer loop
      vertex 71.9698 54.9421 26.7202
      vertex 72.1823 56.7636 25.0063
      vertex 71.9698 56.7098 24.9525
    endloop
  endfacet
  facet normal -0.146597 0.699467 0.699467
    outer loop
      vertex 72.6246 56.8258 25.0684
      vertex 72.4013 55.0346 26.8128
      vertex 72.6246 55.058 26.8362
    endloop
  endfacet
  facet normal -0.146597 0.699467 0.699467
    outer loop
      vertex 72.4013 55.0346 26.8128
      vertex 72.6246 56.8258 25.0684
      vertex 72.4013 56.8024 25.045
    endloop
  endfacet
  facet normal -0.595584 0.56803 0.567998
    outer loop
      vertex 71.3909 56.4645 24.7071
      vertex 71.5722 54.7918 26.57
      vertex 71.5722 56.5595 24.8022
    endloop
  endfacet
  facet normal -0.595786 0.567908 0.567908
    outer loop
      vertex 71.5722 54.7918 26.57
      vertex 71.3909 56.4645 24.7071
      vertex 71.3909 54.6967 26.4749
    endloop
  endfacet
  facet normal -0.671711 0.523834 0.523834
    outer loop
      vertex 71.2237 56.3573 24.5999
      vertex 71.3909 54.6967 26.4749
      vertex 71.3909 56.4645 24.7071
    endloop
  endfacet
  facet normal -0.671711 0.523834 0.523834
    outer loop
      vertex 71.3909 54.6967 26.4749
      vertex 71.2237 56.3573 24.5999
      vertex 71.2237 54.5895 26.3677
    endloop
  endfacet
  facet normal -0.513862 0.606608 0.606608
    outer loop
      vertex 71.7658 56.6416 24.8842
      vertex 71.5722 54.7918 26.57
      vertex 71.7658 54.8738 26.652
    endloop
  endfacet
  facet normal -0.514092 0.606527 0.606493
    outer loop
      vertex 71.5722 54.7918 26.57
      vertex 71.7658 56.6416 24.8842
      vertex 71.5722 56.5595 24.8022
    endloop
  endfacet
  facet normal -0.740883 0.474917 0.474917
    outer loop
      vertex 71.0721 56.239 24.4817
      vertex 71.2237 54.5895 26.3677
      vertex 71.2237 56.3573 24.5999
    endloop
  endfacet
  facet normal -0.740883 0.474917 0.474917
    outer loop
      vertex 71.2237 54.5895 26.3677
      vertex 71.0721 56.239 24.4817
      vertex 71.0721 54.4713 26.2494
    endloop
  endfacet
  facet normal 0.99879 0.0347759 0.0347759
    outer loop
      vertex 75.1389 53.5989 25.3771
      vertex 75.15 55.2073 23.4499
      vertex 75.1389 55.3667 23.6093
    endloop
  endfacet
  facet normal 0.99879 0.0347759 0.0347759
    outer loop
      vertex 75.15 55.2073 23.4499
      vertex 75.1389 53.5989 25.3771
      vertex 75.15 53.4395 25.2177
    endloop
  endfacet
  facet normal 0.970088 -0.171648 -0.171657
    outer loop
      vertex 75.1058 53.1222 24.9004
      vertex 75.051 54.7352 22.9778
      vertex 75.1058 54.89 23.1327
    endloop
  endfacet
  facet normal 0.97007 -0.171705 -0.171705
    outer loop
      vertex 75.051 54.7352 22.9778
      vertex 75.1058 53.1222 24.9004
      vertex 75.051 52.9674 24.7456
    endloop
  endfacet
  facet normal 0.857812 -0.363427 -0.363427
    outer loop
      vertex 74.8784 52.6729 24.451
      vertex 74.7624 54.3037 22.5464
      vertex 74.8784 54.4406 22.6833
    endloop
  endfacet
  facet normal 0.857812 -0.363427 -0.363427
    outer loop
      vertex 74.7624 54.3037 22.5464
      vertex 74.8784 52.6729 24.451
      vertex 74.7624 52.536 24.3141
    endloop
  endfacet
  facet normal -0.595786 -0.567892 -0.567924
    outer loop
      vertex 71.5722 53.855 22.0977
      vertex 71.3909 52.1823 23.9605
      vertex 71.3909 53.9501 22.1928
    endloop
  endfacet
  facet normal -0.595584 -0.568014 -0.568014
    outer loop
      vertex 71.3909 52.1823 23.9605
      vertex 71.5722 53.855 22.0977
      vertex 71.5722 52.0873 23.8654
    endloop
  endfacet
  facet normal 0.146597 -0.699467 -0.699467
    outer loop
      vertex 73.0754 51.821 23.5992
      vertex 73.2987 53.6122 21.8548
      vertex 73.2987 51.8444 23.6226
    endloop
  endfacet
  facet normal 0.146597 -0.699467 -0.699467
    outer loop
      vertex 73.2987 53.6122 21.8548
      vertex 73.0754 51.821 23.5992
      vertex 73.0754 53.5888 21.8314
    endloop
  endfacet
  facet normal 0.903964 0.302366 0.302366
    outer loop
      vertex 74.8784 54.2062 25.9843
      vertex 74.9749 55.8297 24.0723
      vertex 74.8784 55.9739 24.2166
    endloop
  endfacet
  facet normal 0.903964 0.302366 0.302366
    outer loop
      vertex 74.9749 55.8297 24.0723
      vertex 74.8784 54.2062 25.9843
      vertex 74.9749 54.0619 25.8401
    endloop
  endfacet
  facet normal 0.941479 0.238345 0.238345
    outer loop
      vertex 74.9749 54.0619 25.8401
      vertex 75.051 55.6794 23.922
      vertex 74.9749 55.8297 24.0723
    endloop
  endfacet
  facet normal 0.941479 0.238345 0.238345
    outer loop
      vertex 75.051 55.6794 23.922
      vertex 74.9749 54.0619 25.8401
      vertex 75.051 53.9116 25.6898
    endloop
  endfacet
  facet normal 0.97007 0.171705 0.171705
    outer loop
      vertex 75.051 53.9116 25.6898
      vertex 75.1058 55.5246 23.7672
      vertex 75.051 55.6794 23.922
    endloop
  endfacet
  facet normal 0.97007 0.171705 0.171705
    outer loop
      vertex 75.1058 55.5246 23.7672
      vertex 75.051 53.9116 25.6898
      vertex 75.1058 53.7568 25.535
    endloop
  endfacet
  facet normal 0 -0.707107 0.707107
    outer loop
      vertex 73.65 53.4395 25.2177
      vertex 75.15 53.4395 25.2177
      vertex 75.1389 53.5989 25.3771
    endloop
  endfacet
  facet normal 1.65338e-15 -0.707107 0.707107
    outer loop
      vertex 73.65 53.4395 25.2177
      vertex 75.1389 53.5989 25.3771
      vertex 75.1058 53.7568 25.535
    endloop
  endfacet
  facet normal 0 -0.707107 0.707107
    outer loop
      vertex 75.15 53.4395 25.2177
      vertex 73.65 53.4395 25.2177
      vertex 75.1389 53.2801 25.0583
    endloop
  endfacet
  facet normal -4.55494e-05 -0.707115 0.707099
    outer loop
      vertex 73.6461 53.495 25.2731
      vertex 75.1058 53.7568 25.535
      vertex 75.051 53.9116 25.6898
    endloop
  endfacet
  facet normal -1.65338e-15 -0.707107 0.707107
    outer loop
      vertex 75.1389 53.2801 25.0583
      vertex 73.65 53.4395 25.2177
      vertex 75.1058 53.1222 24.9004
    endloop
  endfacet
  facet normal -4.37604e-05 -0.707118 0.707096
    outer loop
      vertex 73.6461 53.495 25.2731
      vertex 75.051 53.9116 25.6898
      vertex 74.9749 54.0619 25.8401
    endloop
  endfacet
  facet normal -0.000273744 -0.707734 0.706478
    outer loop
      vertex 73.6461 53.3841 25.1622
      vertex 75.1058 53.1222 24.9004
      vertex 73.65 53.4395 25.2177
    endloop
  endfacet
  facet normal -0.000149143 -0.706912 0.707302
    outer loop
      vertex 73.6346 53.5499 25.3281
      vertex 74.9749 54.0619 25.8401
      vertex 74.8784 54.2062 25.9843
    endloop
  endfacet
  facet normal -4.55494e-05 -0.707099 0.707115
    outer loop
      vertex 75.1058 53.1222 24.9004
      vertex 73.6461 53.3841 25.1622
      vertex 75.051 52.9674 24.7456
    endloop
  endfacet
  facet normal 3.98757e-05 -0.70709 0.707124
    outer loop
      vertex 73.6156 53.6037 25.3819
      vertex 74.8784 54.2062 25.9843
      vertex 74.7624 54.3431 26.1212
    endloop
  endfacet
  facet normal -4.37604e-05 -0.707096 0.707118
    outer loop
      vertex 75.051 52.9674 24.7456
      vertex 73.6461 53.3841 25.1622
      vertex 74.9749 52.8171 24.5953
    endloop
  endfacet
  facet normal 3.67809e-05 -0.707087 0.707126
    outer loop
      vertex 73.6156 53.6037 25.3819
      vertex 74.7624 54.3431 26.1212
      vertex 74.6279 54.4713 26.2494
    endloop
  endfacet
  facet normal -4.88482e-05 -0.707102 0.707112
    outer loop
      vertex 73.6346 53.3292 25.1073
      vertex 74.9749 52.8171 24.5953
      vertex 73.6461 53.3841 25.1622
    endloop
  endfacet
  facet normal 0.000267859 -0.707234 0.706979
    outer loop
      vertex 73.5891 53.656 25.4342
      vertex 74.6279 54.4713 26.2494
      vertex 74.4763 54.5895 26.3677
    endloop
  endfacet
  facet normal -0.000191173 -0.707288 0.706926
    outer loop
      vertex 74.9749 52.8171 24.5953
      vertex 73.6346 53.3292 25.1073
      vertex 74.8784 52.6729 24.451
    endloop
  endfacet
  facet normal 8.92107e-15 -0.707107 0.707107
    outer loop
      vertex 73.5555 53.7062 25.4844
      vertex 74.4763 54.5895 26.3677
      vertex 74.3091 54.6967 26.4749
    endloop
  endfacet
  facet normal 0.00058412 -0.706553 0.70766
    outer loop
      vertex 73.6156 53.2753 25.0535
      vertex 74.8784 52.6729 24.451
      vertex 73.6346 53.3292 25.1073
    endloop
  endfacet
  facet normal -9.87489e-15 -0.707107 0.707107
    outer loop
      vertex 73.5152 53.7538 25.532
      vertex 74.3091 54.6967 26.4749
      vertex 74.1278 54.7918 26.57
    endloop
  endfacet
  facet normal 3.98757e-05 -0.707124 0.70709
    outer loop
      vertex 74.8784 52.6729 24.451
      vertex 73.6156 53.2753 25.0535
      vertex 74.7624 52.536 24.3141
    endloop
  endfacet
  facet normal 0 -0.707107 0.707107
    outer loop
      vertex 73.4157 53.8395 25.6177
      vertex 74.1278 54.7918 26.57
      vertex 73.9342 54.8738 26.652
    endloop
  endfacet
  facet normal 3.67809e-05 -0.707126 0.707087
    outer loop
      vertex 74.7624 52.536 24.3141
      vertex 73.6156 53.2753 25.0535
      vertex 74.6279 52.4078 24.1859
    endloop
  endfacet
  facet normal -0.000290419 -0.707023 0.707191
    outer loop
      vertex 73.3575 53.8768 25.655
      vertex 73.9342 54.8738 26.652
      vertex 73.7302 54.9421 26.7202
    endloop
  endfacet
  facet normal 4.87028e-05 -0.707119 0.707094
    outer loop
      vertex 73.5891 53.223 25.0012
      vertex 74.6279 52.4078 24.1859
      vertex 73.6156 53.2753 25.0535
    endloop
  endfacet
  facet normal 0.000267859 -0.706979 0.707234
    outer loop
      vertex 74.6279 52.4078 24.1859
      vertex 73.5891 53.223 25.0012
      vertex 74.4763 52.2895 24.0677
    endloop
  endfacet
  facet normal -0.000273744 -0.706478 0.707734
    outer loop
      vertex 75.1058 53.7568 25.535
      vertex 73.6461 53.495 25.2731
      vertex 73.65 53.4395 25.2177
    endloop
  endfacet
  facet normal 0.00045518 -0.707702 0.706511
    outer loop
      vertex 74.9749 54.0619 25.8401
      vertex 73.6346 53.5499 25.3281
      vertex 73.6461 53.495 25.2731
    endloop
  endfacet
  facet normal 4.79212e-05 -0.707098 0.707115
    outer loop
      vertex 74.8784 54.2062 25.9843
      vertex 73.6156 53.6037 25.3819
      vertex 73.6346 53.5499 25.3281
    endloop
  endfacet
  facet normal 4.87028e-05 -0.707094 0.707119
    outer loop
      vertex 74.6279 54.4713 26.2494
      vertex 73.5891 53.656 25.4342
      vertex 73.6156 53.6037 25.3819
    endloop
  endfacet
  facet normal -2.89597e-14 -0.707107 0.707107
    outer loop
      vertex 74.4763 54.5895 26.3677
      vertex 73.5555 53.7062 25.4844
      vertex 73.5891 53.656 25.4342
    endloop
  endfacet
  facet normal 0.000300656 -0.70717 0.707043
    outer loop
      vertex 73.2945 53.9099 25.688
      vertex 73.7302 54.9421 26.7202
      vertex 73.5177 54.9958 26.774
    endloop
  endfacet
  facet normal 3.10751e-14 -0.707107 0.707107
    outer loop
      vertex 74.3091 54.6967 26.4749
      vertex 73.5152 53.7538 25.532
      vertex 73.5555 53.7062 25.4844
    endloop
  endfacet
  facet normal -3.3098e-14 -0.707107 0.707107
    outer loop
      vertex 74.1278 54.7918 26.57
      vertex 73.4684 53.7984 25.5766
      vertex 73.5152 53.7538 25.532
    endloop
  endfacet
  facet normal 0 -0.707107 0.707107
    outer loop
      vertex 74.1278 54.7918 26.57
      vertex 73.4157 53.8395 25.6177
      vertex 73.4684 53.7984 25.5766
    endloop
  endfacet
  facet normal 0 -0.707107 0.707107
    outer loop
      vertex 73.9342 54.8738 26.652
      vertex 73.3575 53.8768 25.655
      vertex 73.4157 53.8395 25.6177
    endloop
  endfacet
  facet normal 1.11025e-14 -0.707107 0.707107
    outer loop
      vertex 73.1561 53.9621 25.7403
      vertex 73.5177 54.9958 26.774
      vertex 73.2987 55.0346 26.8128
    endloop
  endfacet
  facet normal -0.000918909 -0.706913 0.7073
    outer loop
      vertex 73.7302 54.9421 26.7202
      vertex 73.2945 53.9099 25.688
      vertex 73.3575 53.8768 25.655
    endloop
  endfacet
  facet normal 0.000939723 -0.707236 0.706977
    outer loop
      vertex 73.5177 54.9958 26.774
      vertex 73.2271 53.9384 25.7166
      vertex 73.2945 53.9099 25.688
    endloop
  endfacet
  facet normal 3.25655e-14 -0.707107 0.707107
    outer loop
      vertex 73.5177 54.9958 26.774
      vertex 73.1561 53.9621 25.7403
      vertex 73.2271 53.9384 25.7166
    endloop
  endfacet
  facet normal -3.25807e-14 -0.707107 0.707107
    outer loop
      vertex 73.2987 55.0346 26.8128
      vertex 73.0822 53.9808 25.759
      vertex 73.1561 53.9621 25.7403
    endloop
  endfacet
  facet normal 0 -0.707107 0.707107
    outer loop
      vertex 73.0061 53.9943 25.7725
      vertex 73.2987 55.0346 26.8128
      vertex 73.0754 55.058 26.8362
    endloop
  endfacet
  facet normal 0 -0.707107 0.707107
    outer loop
      vertex 73.2987 55.0346 26.8128
      vertex 73.0061 53.9943 25.7725
      vertex 73.0822 53.9808 25.759
    endloop
  endfacet
  facet normal 3.20744e-14 -0.707107 0.707107
    outer loop
      vertex 73.0754 55.058 26.8362
      vertex 72.9284 54.0025 25.7807
      vertex 73.0061 53.9943 25.7725
    endloop
  endfacet
  facet normal -0.000312198 -0.707085 0.707128
    outer loop
      vertex 72.85 55.0659 26.844
      vertex 72.9284 54.0025 25.7807
      vertex 73.0754 55.058 26.8362
    endloop
  endfacet
  facet normal 2.29594e-06 -0.707073 0.70714
    outer loop
      vertex 72.85 55.0659 26.844
      vertex 72.85 54.0052 25.7834
      vertex 72.9284 54.0025 25.7807
    endloop
  endfacet
  facet normal -2.29594e-06 -0.707073 0.70714
    outer loop
      vertex 72.85 55.0659 26.844
      vertex 72.7716 54.0025 25.7807
      vertex 72.85 54.0052 25.7834
    endloop
  endfacet
  facet normal 0.000312198 -0.707085 0.707128
    outer loop
      vertex 72.6246 55.058 26.8362
      vertex 72.7716 54.0025 25.7807
      vertex 72.85 55.0659 26.844
    endloop
  endfacet
  facet normal -3.1868e-14 -0.707107 0.707107
    outer loop
      vertex 72.7716 54.0025 25.7807
      vertex 72.6246 55.058 26.8362
      vertex 72.6939 53.9943 25.7725
    endloop
  endfacet
  facet normal 2.46203e-16 -0.707107 0.707107
    outer loop
      vertex 72.4013 55.0346 26.8128
      vertex 72.6939 53.9943 25.7725
      vertex 72.6246 55.058 26.8362
    endloop
  endfacet
  facet normal 3.98464e-16 -0.707107 0.707107
    outer loop
      vertex 72.6939 53.9943 25.7725
      vertex 72.4013 55.0346 26.8128
      vertex 72.6178 53.9808 25.759
    endloop
  endfacet
  facet normal 3.28802e-14 -0.707107 0.707107
    outer loop
      vertex 72.6178 53.9808 25.759
      vertex 72.4013 55.0346 26.8128
      vertex 72.5439 53.9621 25.7403
    endloop
  endfacet
  facet normal -1.12045e-14 -0.707107 0.707107
    outer loop
      vertex 72.1823 54.9958 26.774
      vertex 72.5439 53.9621 25.7403
      vertex 72.4013 55.0346 26.8128
    endloop
  endfacet
  facet normal -3.24159e-14 -0.707107 0.707107
    outer loop
      vertex 72.5439 53.9621 25.7403
      vertex 72.1823 54.9958 26.774
      vertex 72.4729 53.9384 25.7166
    endloop
  endfacet
  facet normal -0.000939723 -0.707236 0.706977
    outer loop
      vertex 72.4729 53.9384 25.7166
      vertex 72.1823 54.9958 26.774
      vertex 72.4055 53.9099 25.688
    endloop
  endfacet
  facet normal -0.000300656 -0.70717 0.707043
    outer loop
      vertex 71.9698 54.9421 26.7202
      vertex 72.4055 53.9099 25.688
      vertex 72.1823 54.9958 26.774
    endloop
  endfacet
  facet normal 0.000918909 -0.706913 0.7073
    outer loop
      vertex 72.4055 53.9099 25.688
      vertex 71.9698 54.9421 26.7202
      vertex 72.3425 53.8768 25.655
    endloop
  endfacet
  facet normal 0.000290419 -0.707023 0.707191
    outer loop
      vertex 71.7658 54.8738 26.652
      vertex 72.3425 53.8768 25.655
      vertex 71.9698 54.9421 26.7202
    endloop
  endfacet
  facet normal 0 -0.707107 0.707107
    outer loop
      vertex 72.3425 53.8768 25.655
      vertex 71.7658 54.8738 26.652
      vertex 72.2843 53.8395 25.6177
    endloop
  endfacet
  facet normal 0 -0.707107 0.707107
    outer loop
      vertex 71.5722 54.7918 26.57
      vertex 72.2843 53.8395 25.6177
      vertex 71.7658 54.8738 26.652
    endloop
  endfacet
  facet normal 0 -0.707107 0.707107
    outer loop
      vertex 72.2843 53.8395 25.6177
      vertex 71.5722 54.7918 26.57
      vertex 72.2316 53.7984 25.5766
    endloop
  endfacet
  facet normal 3.2904e-14 -0.707107 0.707107
    outer loop
      vertex 72.2316 53.7984 25.5766
      vertex 71.5722 54.7918 26.57
      vertex 72.1848 53.7538 25.532
    endloop
  endfacet
  facet normal 9.63598e-15 -0.707107 0.707107
    outer loop
      vertex 71.3909 54.6967 26.4749
      vertex 72.1848 53.7538 25.532
      vertex 71.5722 54.7918 26.57
    endloop
  endfacet
  facet normal -3.12694e-14 -0.707107 0.707107
    outer loop
      vertex 72.1848 53.7538 25.532
      vertex 71.3909 54.6967 26.4749
      vertex 72.1445 53.7062 25.4844
    endloop
  endfacet
  facet normal 2.92183e-14 -0.707107 0.707107
    outer loop
      vertex 72.1445 53.7062 25.4844
      vertex 71.2237 54.5895 26.3677
      vertex 72.1109 53.656 25.4342
    endloop
  endfacet
  facet normal -9.00072e-15 -0.707107 0.707107
    outer loop
      vertex 71.2237 54.5895 26.3677
      vertex 72.1445 53.7062 25.4844
      vertex 71.3909 54.6967 26.4749
    endloop
  endfacet
  facet normal -0.000870149 -0.70752 0.706693
    outer loop
      vertex 73.5555 53.1729 24.951
      vertex 74.4763 52.2895 24.0677
      vertex 73.5891 53.223 25.0012
    endloop
  endfacet
  facet normal -3.0763e-05 -0.707083 0.707131
    outer loop
      vertex 74.4763 52.2895 24.0677
      vertex 73.5555 53.1729 24.951
      vertex 74.3091 52.1823 23.9605
    endloop
  endfacet
  facet normal 0.000879265 -0.706736 0.707477
    outer loop
      vertex 73.5152 53.1252 24.9034
      vertex 74.3091 52.1823 23.9605
      vertex 73.5555 53.1729 24.951
    endloop
  endfacet
  facet normal -0.00027058 -0.707221 0.706993
    outer loop
      vertex 74.3091 52.1823 23.9605
      vertex 73.5152 53.1252 24.9034
      vertex 74.1278 52.0873 23.8654
    endloop
  endfacet
  facet normal -0.000925878 -0.707414 0.706799
    outer loop
      vertex 73.4684 53.0807 24.8588
      vertex 74.1278 52.0873 23.8654
      vertex 73.5152 53.1252 24.9034
    endloop
  endfacet
  facet normal 0.000883722 -0.706813 0.7074
    outer loop
      vertex 73.4157 53.0395 24.8177
      vertex 74.1278 52.0873 23.8654
      vertex 73.4684 53.0807 24.8588
    endloop
  endfacet
  facet normal 0.00030124 -0.707031 0.707182
    outer loop
      vertex 74.1278 52.0873 23.8654
      vertex 73.4157 53.0395 24.8177
      vertex 73.9342 52.0052 23.7834
    endloop
  endfacet
  facet normal -3.15232e-14 -0.707107 0.707107
    outer loop
      vertex 73.3575 53.0022 24.7804
      vertex 73.9342 52.0052 23.7834
      vertex 73.4157 53.0395 24.8177
    endloop
  endfacet
  facet normal -0.000290419 -0.707191 0.707023
    outer loop
      vertex 73.9342 52.0052 23.7834
      vertex 73.3575 53.0022 24.7804
      vertex 73.7302 51.937 23.7151
    endloop
  endfacet
  facet normal -0.000918909 -0.7073 0.706913
    outer loop
      vertex 73.2945 52.9692 24.7473
      vertex 73.7302 51.937 23.7151
      vertex 73.3575 53.0022 24.7804
    endloop
  endfacet
  facet normal 0.000300656 -0.707043 0.70717
    outer loop
      vertex 73.7302 51.937 23.7151
      vertex 73.2945 52.9692 24.7473
      vertex 73.5177 51.8832 23.6614
    endloop
  endfacet
  facet normal 0.000939723 -0.706977 0.707236
    outer loop
      vertex 73.2271 52.9406 24.7188
      vertex 73.5177 51.8832 23.6614
      vertex 73.2945 52.9692 24.7473
    endloop
  endfacet
  facet normal 3.24159e-14 -0.707107 0.707107
    outer loop
      vertex 73.1561 52.9169 24.6951
      vertex 73.5177 51.8832 23.6614
      vertex 73.2271 52.9406 24.7188
    endloop
  endfacet
  facet normal 3.87771e-16 -0.707107 0.707107
    outer loop
      vertex 73.5177 51.8832 23.6614
      vertex 73.1561 52.9169 24.6951
      vertex 73.2987 51.8444 23.6226
    endloop
  endfacet
  facet normal -3.23112e-14 -0.707107 0.707107
    outer loop
      vertex 73.0822 52.8982 24.6764
      vertex 73.2987 51.8444 23.6226
      vertex 73.1561 52.9169 24.6951
    endloop
  endfacet
  facet normal 0 -0.707107 0.707107
    outer loop
      vertex 73.0061 52.8847 24.6629
      vertex 73.2987 51.8444 23.6226
      vertex 73.0822 52.8982 24.6764
    endloop
  endfacet
  facet normal 1.09355e-14 -0.707107 0.707107
    outer loop
      vertex 73.2987 51.8444 23.6226
      vertex 73.0061 52.8847 24.6629
      vertex 73.0754 51.821 23.5992
    endloop
  endfacet
  facet normal -0.00090387 -0.707136 0.707077
    outer loop
      vertex 72.9284 52.8766 24.6547
      vertex 73.0754 51.821 23.5992
      vertex 73.0061 52.8847 24.6629
    endloop
  endfacet
  facet normal 0.00090426 -0.70714 0.707073
    outer loop
      vertex 72.85 51.8132 23.5913
      vertex 72.9284 52.8766 24.6547
      vertex 72.85 52.8738 24.652
    endloop
  endfacet
  facet normal -0.00031452 -0.707095 0.707118
    outer loop
      vertex 72.9284 52.8766 24.6547
      vertex 72.85 51.8132 23.5913
      vertex 73.0754 51.821 23.5992
    endloop
  endfacet
  facet normal -0.00090426 -0.70714 0.707073
    outer loop
      vertex 72.7716 52.8766 24.6547
      vertex 72.85 51.8132 23.5913
      vertex 72.85 52.8738 24.652
    endloop
  endfacet
  facet normal 0.00090387 -0.707136 0.707077
    outer loop
      vertex 72.6246 51.821 23.5992
      vertex 72.7716 52.8766 24.6547
      vertex 72.6939 52.8847 24.6629
    endloop
  endfacet
  facet normal 0.00031452 -0.707095 0.707118
    outer loop
      vertex 72.7716 52.8766 24.6547
      vertex 72.6246 51.821 23.5992
      vertex 72.85 51.8132 23.5913
    endloop
  endfacet
  facet normal 0 -0.707107 0.707107
    outer loop
      vertex 72.4013 51.8444 23.6226
      vertex 72.6939 52.8847 24.6629
      vertex 72.6178 52.8982 24.6764
    endloop
  endfacet
  facet normal 3.25807e-14 -0.707107 0.707107
    outer loop
      vertex 72.4013 51.8444 23.6226
      vertex 72.6178 52.8982 24.6764
      vertex 72.5439 52.9169 24.6951
    endloop
  endfacet
  facet normal -3.25655e-14 -0.707107 0.707107
    outer loop
      vertex 72.1823 51.8832 23.6614
      vertex 72.5439 52.9169 24.6951
      vertex 72.4729 52.9406 24.7188
    endloop
  endfacet
  facet normal -0.000939723 -0.706977 0.707236
    outer loop
      vertex 72.1823 51.8832 23.6614
      vertex 72.4729 52.9406 24.7188
      vertex 72.4055 52.9692 24.7473
    endloop
  endfacet
  facet normal -1.05047e-14 -0.707107 0.707107
    outer loop
      vertex 72.6939 52.8847 24.6629
      vertex 72.4013 51.8444 23.6226
      vertex 72.6246 51.821 23.5992
    endloop
  endfacet
  facet normal 0.000918909 -0.7073 0.706913
    outer loop
      vertex 71.9698 51.937 23.7151
      vertex 72.4055 52.9692 24.7473
      vertex 72.3425 53.0022 24.7804
    endloop
  endfacet
  facet normal 3.15849e-14 -0.707107 0.707107
    outer loop
      vertex 71.7658 52.0052 23.7834
      vertex 72.3425 53.0022 24.7804
      vertex 72.2843 53.0395 24.8177
    endloop
  endfacet
  facet normal -0.000883722 -0.706813 0.7074
    outer loop
      vertex 71.5722 52.0873 23.8654
      vertex 72.2843 53.0395 24.8177
      vertex 72.2316 53.0807 24.8588
    endloop
  endfacet
  facet normal 0.000925878 -0.707414 0.706799
    outer loop
      vertex 71.5722 52.0873 23.8654
      vertex 72.2316 53.0807 24.8588
      vertex 72.1848 53.1252 24.9034
    endloop
  endfacet
  facet normal -6.53088e-16 -0.707107 0.707107
    outer loop
      vertex 72.5439 52.9169 24.6951
      vertex 72.1823 51.8832 23.6614
      vertex 72.4013 51.8444 23.6226
    endloop
  endfacet
  facet normal -0.000879265 -0.706736 0.707477
    outer loop
      vertex 71.3909 52.1823 23.9605
      vertex 72.1848 53.1252 24.9034
      vertex 72.1445 53.1729 24.951
    endloop
  endfacet
  facet normal 0.000870149 -0.70752 0.706693
    outer loop
      vertex 71.2237 52.2895 24.0677
      vertex 72.1445 53.1729 24.951
      vertex 72.1109 53.223 25.0012
    endloop
  endfacet
  facet normal -4.87028e-05 -0.707119 0.707094
    outer loop
      vertex 71.0721 52.4078 24.1859
      vertex 72.1109 53.223 25.0012
      vertex 72.0844 53.2753 25.0535
    endloop
  endfacet
  facet normal -0.00058412 -0.706553 0.70766
    outer loop
      vertex 70.8216 52.6729 24.451
      vertex 72.0844 53.2753 25.0535
      vertex 72.0654 53.3292 25.1073
    endloop
  endfacet
  facet normal 4.88482e-05 -0.707102 0.707112
    outer loop
      vertex 70.7251 52.8171 24.5953
      vertex 72.0654 53.3292 25.1073
      vertex 72.0539 53.3841 25.1622
    endloop
  endfacet
  facet normal -0.000300656 -0.707043 0.70717
    outer loop
      vertex 72.4055 52.9692 24.7473
      vertex 71.9698 51.937 23.7151
      vertex 72.1823 51.8832 23.6614
    endloop
  endfacet
  facet normal 0.000273744 -0.707734 0.706478
    outer loop
      vertex 70.5942 53.1222 24.9004
      vertex 72.0539 53.3841 25.1622
      vertex 72.05 53.4395 25.2177
    endloop
  endfacet
  facet normal -0.000267859 -0.707234 0.706979
    outer loop
      vertex 71.0721 54.4713 26.2494
      vertex 72.1109 53.656 25.4342
      vertex 71.2237 54.5895 26.3677
    endloop
  endfacet
  facet normal -4.87028e-05 -0.707094 0.707119
    outer loop
      vertex 72.1109 53.656 25.4342
      vertex 71.0721 54.4713 26.2494
      vertex 72.0844 53.6037 25.3819
    endloop
  endfacet
  facet normal 0.000290419 -0.707191 0.707023
    outer loop
      vertex 72.3425 53.0022 24.7804
      vertex 71.7658 52.0052 23.7834
      vertex 71.9698 51.937 23.7151
    endloop
  endfacet
  facet normal -3.67809e-05 -0.707087 0.707126
    outer loop
      vertex 70.9376 54.3431 26.1212
      vertex 72.0844 53.6037 25.3819
      vertex 71.0721 54.4713 26.2494
    endloop
  endfacet
  facet normal -0.00030124 -0.707031 0.707182
    outer loop
      vertex 72.2843 53.0395 24.8177
      vertex 71.5722 52.0873 23.8654
      vertex 71.7658 52.0052 23.7834
    endloop
  endfacet
  facet normal -3.98757e-05 -0.70709 0.707124
    outer loop
      vertex 70.8216 54.2062 25.9843
      vertex 72.0844 53.6037 25.3819
      vertex 70.9376 54.3431 26.1212
    endloop
  endfacet
  facet normal 0.00027058 -0.707221 0.706993
    outer loop
      vertex 72.1848 53.1252 24.9034
      vertex 71.3909 52.1823 23.9605
      vertex 71.5722 52.0873 23.8654
    endloop
  endfacet
  facet normal -4.79212e-05 -0.707098 0.707115
    outer loop
      vertex 72.0844 53.6037 25.3819
      vertex 70.8216 54.2062 25.9843
      vertex 72.0654 53.5499 25.3281
    endloop
  endfacet
  facet normal 3.0763e-05 -0.707083 0.707131
    outer loop
      vertex 72.1445 53.1729 24.951
      vertex 71.2237 52.2895 24.0677
      vertex 71.3909 52.1823 23.9605
    endloop
  endfacet
  facet normal 0.000149143 -0.706912 0.707302
    outer loop
      vertex 70.7251 54.0619 25.8401
      vertex 72.0654 53.5499 25.3281
      vertex 70.8216 54.2062 25.9843
    endloop
  endfacet
  facet normal -0.000267859 -0.706979 0.707234
    outer loop
      vertex 72.1109 53.223 25.0012
      vertex 71.0721 52.4078 24.1859
      vertex 71.2237 52.2895 24.0677
    endloop
  endfacet
  facet normal -0.00045518 -0.707702 0.706511
    outer loop
      vertex 72.0654 53.5499 25.3281
      vertex 70.7251 54.0619 25.8401
      vertex 72.0539 53.495 25.2731
    endloop
  endfacet
  facet normal -3.67809e-05 -0.707126 0.707087
    outer loop
      vertex 72.0844 53.2753 25.0535
      vertex 70.9376 52.536 24.3141
      vertex 71.0721 52.4078 24.1859
    endloop
  endfacet
  facet normal 4.37604e-05 -0.707118 0.707096
    outer loop
      vertex 70.649 53.9116 25.6898
      vertex 72.0539 53.495 25.2731
      vertex 70.7251 54.0619 25.8401
    endloop
  endfacet
  facet normal -3.98757e-05 -0.707124 0.70709
    outer loop
      vertex 72.0844 53.2753 25.0535
      vertex 70.8216 52.6729 24.451
      vertex 70.9376 52.536 24.3141
    endloop
  endfacet
  facet normal 4.55494e-05 -0.707115 0.707099
    outer loop
      vertex 70.5942 53.7568 25.535
      vertex 72.0539 53.495 25.2731
      vertex 70.649 53.9116 25.6898
    endloop
  endfacet
  facet normal 0.000191173 -0.707288 0.706926
    outer loop
      vertex 72.0654 53.3292 25.1073
      vertex 70.7251 52.8171 24.5953
      vertex 70.8216 52.6729 24.451
    endloop
  endfacet
  facet normal 0.000273744 -0.706478 0.707734
    outer loop
      vertex 72.0539 53.495 25.2731
      vertex 70.5942 53.7568 25.535
      vertex 72.05 53.4395 25.2177
    endloop
  endfacet
  facet normal 4.37604e-05 -0.707096 0.707118
    outer loop
      vertex 72.0539 53.3841 25.1622
      vertex 70.649 52.9674 24.7456
      vertex 70.7251 52.8171 24.5953
    endloop
  endfacet
  facet normal -1.66359e-15 -0.707107 0.707107
    outer loop
      vertex 70.5611 53.5989 25.3771
      vertex 72.05 53.4395 25.2177
      vertex 70.5942 53.7568 25.535
    endloop
  endfacet
  facet normal 4.55494e-05 -0.707099 0.707115
    outer loop
      vertex 72.0539 53.3841 25.1622
      vertex 70.5942 53.1222 24.9004
      vertex 70.649 52.9674 24.7456
    endloop
  endfacet
  facet normal 0 -0.707107 0.707107
    outer loop
      vertex 70.55 53.4395 25.2177
      vertex 72.05 53.4395 25.2177
      vertex 70.5611 53.5989 25.3771
    endloop
  endfacet
  facet normal 1.65338e-15 -0.707107 0.707107
    outer loop
      vertex 72.05 53.4395 25.2177
      vertex 70.5611 53.2801 25.0583
      vertex 70.5942 53.1222 24.9004
    endloop
  endfacet
  facet normal 0 -0.707107 0.707107
    outer loop
      vertex 72.05 53.4395 25.2177
      vertex 70.55 53.4395 25.2177
      vertex 70.5611 53.2801 25.0583
    endloop
  endfacet
  facet normal -0.989192 0.10368 0.10368
    outer loop
      vertex 70.5611 55.3667 23.6093
      vertex 70.5942 53.7568 25.535
      vertex 70.5942 55.5246 23.7672
    endloop
  endfacet
  facet normal -0.989192 0.10368 0.10368
    outer loop
      vertex 70.5942 53.7568 25.535
      vertex 70.5611 55.3667 23.6093
      vertex 70.5611 53.5989 25.3771
    endloop
  endfacet
  facet normal 0.989185 -0.103712 -0.103712
    outer loop
      vertex 75.1389 53.2801 25.0583
      vertex 75.1058 54.89 23.1327
      vertex 75.1389 55.0479 23.2905
    endloop
  endfacet
  facet normal 0.989192 -0.103677 -0.103683
    outer loop
      vertex 75.1058 54.89 23.1327
      vertex 75.1389 53.2801 25.0583
      vertex 75.1058 53.1222 24.9004
    endloop
  endfacet
  facet normal 0.904021 -0.302271 -0.302289
    outer loop
      vertex 74.9749 52.8171 24.5953
      vertex 74.8784 54.4406 22.6833
      vertex 74.9749 54.5849 22.8276
    endloop
  endfacet
  facet normal 0.903964 -0.302366 -0.302366
    outer loop
      vertex 74.8784 54.4406 22.6833
      vertex 74.9749 52.8171 24.5953
      vertex 74.8784 52.6729 24.451
    endloop
  endfacet
  facet normal 0.941444 -0.238416 -0.238416
    outer loop
      vertex 75.051 52.9674 24.7456
      vertex 74.9749 54.5849 22.8276
      vertex 75.051 54.7352 22.9778
    endloop
  endfacet
  facet normal 0.941479 -0.238338 -0.238352
    outer loop
      vertex 74.9749 54.5849 22.8276
      vertex 75.051 52.9674 24.7456
      vertex 74.9749 52.8171 24.5953
    endloop
  endfacet
  facet normal 0.803129 -0.421298 -0.421298
    outer loop
      vertex 74.7624 52.536 24.3141
      vertex 74.6279 54.1755 22.4182
      vertex 74.7624 54.3037 22.5464
    endloop
  endfacet
  facet normal 0.803129 -0.421298 -0.421298
    outer loop
      vertex 74.6279 54.1755 22.4182
      vertex 74.7624 52.536 24.3141
      vertex 74.6279 52.4078 24.1859
    endloop
  endfacet
  facet normal -0.146597 -0.699467 -0.699467
    outer loop
      vertex 72.4013 53.6122 21.8548
      vertex 72.6246 51.821 23.5992
      vertex 72.4013 51.8444 23.6226
    endloop
  endfacet
  facet normal -0.146597 -0.699467 -0.699467
    outer loop
      vertex 72.6246 51.821 23.5992
      vertex 72.4013 53.6122 21.8548
      vertex 72.6246 53.5888 21.8314
    endloop
  endfacet
  facet normal -0.99879 -0.0347759 -0.0347759
    outer loop
      vertex 70.5611 55.0479 23.2905
      vertex 70.55 53.4395 25.2177
      vertex 70.55 55.2073 23.4499
    endloop
  endfacet
  facet normal -0.99879 -0.0347759 -0.0347759
    outer loop
      vertex 70.55 53.4395 25.2177
      vertex 70.5611 55.0479 23.2905
      vertex 70.5611 53.2801 25.0583
    endloop
  endfacet
  facet normal -0.970088 -0.171648 -0.171657
    outer loop
      vertex 70.649 54.7352 22.9778
      vertex 70.5942 53.1222 24.9004
      vertex 70.5942 54.89 23.1327
    endloop
  endfacet
  facet normal -0.97007 -0.171705 -0.171705
    outer loop
      vertex 70.5942 53.1222 24.9004
      vertex 70.649 54.7352 22.9778
      vertex 70.649 52.9674 24.7456
    endloop
  endfacet
  facet normal 0.427683 -0.639174 -0.639174
    outer loop
      vertex 73.7302 51.937 23.7151
      vertex 73.9342 53.773 22.0156
      vertex 73.9342 52.0052 23.7834
    endloop
  endfacet
  facet normal 0.427683 -0.639174 -0.639174
    outer loop
      vertex 73.9342 53.773 22.0156
      vertex 73.7302 51.937 23.7151
      vertex 73.7302 53.7047 21.9474
    endloop
  endfacet
  facet normal 0.671539 -0.523944 -0.523944
    outer loop
      vertex 74.4763 52.2895 24.0677
      vertex 74.3091 53.9501 22.1928
      vertex 74.4763 54.0573 22.2999
    endloop
  endfacet
  facet normal 0.671711 -0.523819 -0.523849
    outer loop
      vertex 74.3091 53.9501 22.1928
      vertex 74.4763 52.2895 24.0677
      vertex 74.3091 52.1823 23.9605
    endloop
  endfacet
  facet normal -0.427683 -0.639174 -0.639174
    outer loop
      vertex 71.7658 53.773 22.0156
      vertex 71.9698 51.937 23.7151
      vertex 71.7658 52.0052 23.7834
    endloop
  endfacet
  facet normal -0.427683 -0.639174 -0.639174
    outer loop
      vertex 71.9698 51.937 23.7151
      vertex 71.7658 53.773 22.0156
      vertex 71.9698 53.7047 21.9474
    endloop
  endfacet
  facet normal -0.0491931 -0.706251 -0.706251
    outer loop
      vertex 72.6246 51.821 23.5992
      vertex 72.85 53.5809 21.8236
      vertex 72.85 51.8132 23.5913
    endloop
  endfacet
  facet normal -0.0491931 -0.706251 -0.706251
    outer loop
      vertex 72.85 53.5809 21.8236
      vertex 72.6246 51.821 23.5992
      vertex 72.6246 53.5888 21.8314
    endloop
  endfacet
  facet normal 0.0491931 -0.706251 -0.706251
    outer loop
      vertex 72.85 53.5809 21.8236
      vertex 73.0754 51.821 23.5992
      vertex 72.85 51.8132 23.5913
    endloop
  endfacet
  facet normal 0.0491931 -0.706251 -0.706251
    outer loop
      vertex 73.0754 51.821 23.5992
      vertex 72.85 53.5809 21.8236
      vertex 73.0754 53.5888 21.8314
    endloop
  endfacet
  facet normal -0.904021 -0.302271 -0.302289
    outer loop
      vertex 70.8216 54.4406 22.6833
      vertex 70.7251 52.8171 24.5953
      vertex 70.7251 54.5849 22.8276
    endloop
  endfacet
  facet normal -0.903964 -0.302366 -0.302366
    outer loop
      vertex 70.7251 52.8171 24.5953
      vertex 70.8216 54.4406 22.6833
      vertex 70.8216 52.6729 24.451
    endloop
  endfacet
  facet normal -0.803129 -0.421298 -0.421298
    outer loop
      vertex 71.0721 54.1755 22.4182
      vertex 70.9376 52.536 24.3141
      vertex 70.9376 54.3037 22.5464
    endloop
  endfacet
  facet normal -0.803129 -0.421298 -0.421298
    outer loop
      vertex 70.9376 52.536 24.3141
      vertex 71.0721 54.1755 22.4182
      vertex 71.0721 52.4078 24.1859
    endloop
  endfacet
  facet normal -0.989185 -0.103712 -0.103712
    outer loop
      vertex 70.5942 54.89 23.1327
      vertex 70.5611 53.2801 25.0583
      vertex 70.5611 55.0479 23.2905
    endloop
  endfacet
  facet normal -0.989192 -0.103677 -0.103683
    outer loop
      vertex 70.5611 53.2801 25.0583
      vertex 70.5942 54.89 23.1327
      vertex 70.5942 53.1222 24.9004
    endloop
  endfacet
  facet normal -0.941444 -0.238416 -0.238416
    outer loop
      vertex 70.7251 54.5849 22.8276
      vertex 70.649 52.9674 24.7456
      vertex 70.649 54.7352 22.9778
    endloop
  endfacet
  facet normal -0.941479 -0.238338 -0.238352
    outer loop
      vertex 70.649 52.9674 24.7456
      vertex 70.7251 54.5849 22.8276
      vertex 70.7251 52.8171 24.5953
    endloop
  endfacet
  facet normal 0.595786 -0.567892 -0.567924
    outer loop
      vertex 74.3091 52.1823 23.9605
      vertex 74.1278 53.855 22.0977
      vertex 74.3091 53.9501 22.1928
    endloop
  endfacet
  facet normal 0.595584 -0.568014 -0.568014
    outer loop
      vertex 74.1278 53.855 22.0977
      vertex 74.3091 52.1823 23.9605
      vertex 74.1278 52.0873 23.8654
    endloop
  endfacet
  facet normal 0.740883 -0.474917 -0.474917
    outer loop
      vertex 74.6279 52.4078 24.1859
      vertex 74.4763 54.0573 22.2999
      vertex 74.6279 54.1755 22.4182
    endloop
  endfacet
  facet normal 0.740883 -0.474917 -0.474917
    outer loop
      vertex 74.4763 54.0573 22.2999
      vertex 74.6279 52.4078 24.1859
      vertex 74.4763 52.2895 24.0677
    endloop
  endfacet
  facet normal -0.514092 -0.60651 -0.60651
    outer loop
      vertex 71.5722 53.855 22.0977
      vertex 71.7658 52.0052 23.7834
      vertex 71.5722 52.0873 23.8654
    endloop
  endfacet
  facet normal -0.514092 -0.60651 -0.60651
    outer loop
      vertex 71.7658 52.0052 23.7834
      vertex 71.5722 53.855 22.0977
      vertex 71.7658 53.773 22.0156
    endloop
  endfacet
  facet normal -0.336812 -0.665792 -0.665792
    outer loop
      vertex 71.9698 51.937 23.7151
      vertex 72.1823 53.651 21.8936
      vertex 72.1823 51.8832 23.6614
    endloop
  endfacet
  facet normal -0.336812 -0.665792 -0.665792
    outer loop
      vertex 72.1823 53.651 21.8936
      vertex 71.9698 51.937 23.7151
      vertex 71.9698 53.7047 21.9474
    endloop
  endfacet
  facet normal -0.243042 -0.685905 -0.685905
    outer loop
      vertex 72.1823 53.651 21.8936
      vertex 72.4013 51.8444 23.6226
      vertex 72.1823 51.8832 23.6614
    endloop
  endfacet
  facet normal -0.243042 -0.685905 -0.685905
    outer loop
      vertex 72.4013 51.8444 23.6226
      vertex 72.1823 53.651 21.8936
      vertex 72.4013 53.6122 21.8548
    endloop
  endfacet
  facet normal -0.857812 -0.363427 -0.363427
    outer loop
      vertex 70.9376 54.3037 22.5464
      vertex 70.8216 52.6729 24.451
      vertex 70.8216 54.4406 22.6833
    endloop
  endfacet
  facet normal -0.857812 -0.363427 -0.363427
    outer loop
      vertex 70.8216 52.6729 24.451
      vertex 70.9376 54.3037 22.5464
      vertex 70.9376 52.536 24.3141
    endloop
  endfacet
  facet normal -0.671539 -0.523944 -0.523944
    outer loop
      vertex 71.3909 53.9501 22.1928
      vertex 71.2237 52.2895 24.0677
      vertex 71.2237 54.0573 22.2999
    endloop
  endfacet
  facet normal -0.671711 -0.523819 -0.523849
    outer loop
      vertex 71.2237 52.2895 24.0677
      vertex 71.3909 53.9501 22.1928
      vertex 71.3909 52.1823 23.9605
    endloop
  endfacet
  facet normal -0.740883 -0.474917 -0.474917
    outer loop
      vertex 71.2237 54.0573 22.2999
      vertex 71.0721 52.4078 24.1859
      vertex 71.0721 54.1755 22.4182
    endloop
  endfacet
  facet normal -0.740883 -0.474917 -0.474917
    outer loop
      vertex 71.0721 52.4078 24.1859
      vertex 71.2237 54.0573 22.2999
      vertex 71.2237 52.2895 24.0677
    endloop
  endfacet
  facet normal 0.336812 -0.665792 -0.665792
    outer loop
      vertex 73.5177 53.651 21.8936
      vertex 73.7302 51.937 23.7151
      vertex 73.5177 51.8832 23.6614
    endloop
  endfacet
  facet normal 0.336812 -0.665792 -0.665792
    outer loop
      vertex 73.7302 51.937 23.7151
      vertex 73.5177 53.651 21.8936
      vertex 73.7302 53.7047 21.9474
    endloop
  endfacet
  facet normal 0.243042 -0.685905 -0.685905
    outer loop
      vertex 73.2987 51.8444 23.6226
      vertex 73.5177 53.651 21.8936
      vertex 73.5177 51.8832 23.6614
    endloop
  endfacet
  facet normal 0.243042 -0.685905 -0.685905
    outer loop
      vertex 73.5177 53.651 21.8936
      vertex 73.2987 51.8444 23.6226
      vertex 73.2987 53.6122 21.8548
    endloop
  endfacet
  facet normal -0.998766 -0.0351234 -0.0351234
    outer loop
      vertex 73.65 55.2073 23.4499
      vertex 73.6461 53.495 25.2731
      vertex 73.6461 55.2627 23.5054
    endloop
  endfacet
  facet normal -0.998766 -0.0351234 -0.0351234
    outer loop
      vertex 73.6461 53.495 25.2731
      vertex 73.65 55.2073 23.4499
      vertex 73.65 53.4395 25.2177
    endloop
  endfacet
  facet normal 0.998766 -0.0351234 -0.0351234
    outer loop
      vertex 72.0539 53.495 25.2731
      vertex 72.05 55.2073 23.4499
      vertex 72.0539 55.2627 23.5054
    endloop
  endfacet
  facet normal 0.998766 -0.0351234 -0.0351234
    outer loop
      vertex 72.05 55.2073 23.4499
      vertex 72.0539 53.495 25.2731
      vertex 72.05 53.4395 25.2177
    endloop
  endfacet
  facet normal 0.0486461 -0.70627 -0.70627
    outer loop
      vertex 72.7716 54.0025 25.7807
      vertex 72.85 55.773 24.0156
      vertex 72.85 54.0052 25.7834
    endloop
  endfacet
  facet normal 0.0495448 -0.706258 -0.706218
    outer loop
      vertex 72.85 55.773 24.0156
      vertex 72.7716 54.0025 25.7807
      vertex 72.7716 55.7702 24.0129
    endloop
  endfacet
  facet normal -0.671564 -0.523928 -0.523928
    outer loop
      vertex 73.4157 55.6073 23.8499
      vertex 73.3575 53.8768 25.655
      vertex 73.3575 55.6446 23.8872
    endloop
  endfacet
  facet normal -0.671564 -0.523928 -0.523928
    outer loop
      vertex 73.3575 53.8768 25.655
      vertex 73.4157 55.6073 23.8499
      vertex 73.4157 53.8395 25.6177
    endloop
  endfacet
  facet normal 0.671564 -0.523928 -0.523928
    outer loop
      vertex 72.3425 53.8768 25.655
      vertex 72.2843 55.6073 23.8499
      vertex 72.3425 55.6446 23.8872
    endloop
  endfacet
  facet normal 0.671564 -0.523928 -0.523928
    outer loop
      vertex 72.2843 55.6073 23.8499
      vertex 72.3425 53.8768 25.655
      vertex 72.2843 53.8395 25.6177
    endloop
  endfacet
  facet normal 0.426893 -0.63942 -0.639456
    outer loop
      vertex 72.4729 53.9384 25.7166
      vertex 72.5439 55.7299 23.9726
      vertex 72.5439 53.9621 25.7403
    endloop
  endfacet
  facet normal 0.427629 -0.639192 -0.639192
    outer loop
      vertex 72.5439 55.7299 23.9726
      vertex 72.4729 53.9384 25.7166
      vertex 72.4729 55.7062 23.9488
    endloop
  endfacet
  facet normal -0.903713 -0.302748 -0.302731
    outer loop
      vertex 73.5891 55.4238 23.6664
      vertex 73.5555 53.7062 25.4844
      vertex 73.5555 55.4739 23.7166
    endloop
  endfacet
  facet normal -0.903878 -0.302493 -0.302493
    outer loop
      vertex 73.5555 53.7062 25.4844
      vertex 73.5891 55.4238 23.6664
      vertex 73.5891 53.656 25.4342
    endloop
  endfacet
  facet normal -0.336934 -0.665742 -0.66578
    outer loop
      vertex 73.0822 55.7486 23.9913
      vertex 73.1561 53.9621 25.7403
      vertex 73.0822 53.9808 25.759
    endloop
  endfacet
  facet normal -0.336934 -0.665742 -0.66578
    outer loop
      vertex 73.1561 53.9621 25.7403
      vertex 73.0822 55.7486 23.9913
      vertex 73.1561 55.7299 23.9726
    endloop
  endfacet
  facet normal 0.858236 -0.362927 -0.362927
    outer loop
      vertex 72.1848 53.7538 25.532
      vertex 72.1445 55.4739 23.7166
      vertex 72.1848 55.5216 23.7642
    endloop
  endfacet
  facet normal 0.857998 -0.363218 -0.363197
    outer loop
      vertex 72.1445 55.4739 23.7166
      vertex 72.1848 53.7538 25.532
      vertex 72.1445 53.7062 25.4844
    endloop
  endfacet
  facet normal 0.802758 -0.421663 -0.421639
    outer loop
      vertex 72.2316 53.7984 25.5766
      vertex 72.1848 55.5216 23.7642
      vertex 72.2316 55.5661 23.8088
    endloop
  endfacet
  facet normal 0.803078 -0.421346 -0.421346
    outer loop
      vertex 72.1848 55.5216 23.7642
      vertex 72.2316 53.7984 25.5766
      vertex 72.1848 53.7538 25.532
    endloop
  endfacet
  facet normal 0.513895 -0.606594 -0.606594
    outer loop
      vertex 72.4055 53.9099 25.688
      vertex 72.4729 55.7062 23.9488
      vertex 72.4729 53.9384 25.7166
    endloop
  endfacet
  facet normal 0.513895 -0.606594 -0.606594
    outer loop
      vertex 72.4729 55.7062 23.9488
      vertex 72.4055 53.9099 25.688
      vertex 72.4055 55.6776 23.9203
    endloop
  endfacet
  facet normal 0.146732 0.699453 0.699453
    outer loop
      vertex 72.7716 52.8766 24.6547
      vertex 72.6939 54.6525 22.8951
      vertex 72.6939 52.8847 24.6629
    endloop
  endfacet
  facet normal 0.146732 0.699453 0.699453
    outer loop
      vertex 72.6939 54.6525 22.8951
      vertex 72.7716 52.8766 24.6547
      vertex 72.7716 54.6443 22.887
    endloop
  endfacet
  facet normal -0.146732 0.699453 0.699453
    outer loop
      vertex 72.9284 54.6443 22.887
      vertex 73.0061 52.8847 24.6629
      vertex 73.0061 54.6525 22.8951
    endloop
  endfacet
  facet normal -0.146732 0.699453 0.699453
    outer loop
      vertex 73.0061 52.8847 24.6629
      vertex 72.9284 54.6443 22.887
      vertex 72.9284 52.8766 24.6547
    endloop
  endfacet
  facet normal -0.970259 -0.171169 -0.171169
    outer loop
      vertex 73.6346 55.3176 23.5603
      vertex 73.6156 53.6037 25.3819
      vertex 73.6156 55.3715 23.6141
    endloop
  endfacet
  facet normal -0.970206 -0.171324 -0.171314
    outer loop
      vertex 73.6156 53.6037 25.3819
      vertex 73.6346 55.3176 23.5603
      vertex 73.6346 53.5499 25.3281
    endloop
  endfacet
  facet normal -0.989208 -0.103608 -0.103603
    outer loop
      vertex 73.6461 55.2627 23.5054
      vertex 73.6346 53.5499 25.3281
      vertex 73.6346 55.3176 23.5603
    endloop
  endfacet
  facet normal -0.989227 -0.103513 -0.103513
    outer loop
      vertex 73.6346 53.5499 25.3281
      vertex 73.6461 55.2627 23.5054
      vertex 73.6461 53.495 25.2731
    endloop
  endfacet
  facet normal -0.941401 -0.2385 -0.2385
    outer loop
      vertex 73.6156 55.3715 23.6141
      vertex 73.5891 53.656 25.4342
      vertex 73.5891 55.4238 23.6664
    endloop
  endfacet
  facet normal -0.941401 -0.2385 -0.2385
    outer loop
      vertex 73.5891 53.656 25.4342
      vertex 73.6156 55.3715 23.6141
      vertex 73.6156 53.6037 25.3819
    endloop
  endfacet
  facet normal -0.802758 -0.421663 -0.421639
    outer loop
      vertex 73.5152 55.5216 23.7642
      vertex 73.4684 53.7984 25.5766
      vertex 73.4684 55.5661 23.8088
    endloop
  endfacet
  facet normal -0.803078 -0.421346 -0.421346
    outer loop
      vertex 73.4684 53.7984 25.5766
      vertex 73.5152 55.5216 23.7642
      vertex 73.5152 53.7538 25.532
    endloop
  endfacet
  facet normal -0.741235 -0.474642 -0.474642
    outer loop
      vertex 73.4684 55.5661 23.8088
      vertex 73.4157 53.8395 25.6177
      vertex 73.4157 55.6073 23.8499
    endloop
  endfacet
  facet normal -0.740829 -0.474973 -0.474946
    outer loop
      vertex 73.4157 53.8395 25.6177
      vertex 73.4684 55.5661 23.8088
      vertex 73.4684 53.7984 25.5766
    endloop
  endfacet
  facet normal -0.147613 -0.699341 -0.69938
    outer loop
      vertex 72.9284 54.0025 25.7807
      vertex 73.0061 55.7621 24.0048
      vertex 73.0061 53.9943 25.7725
    endloop
  endfacet
  facet normal -0.145851 -0.699565 -0.699526
    outer loop
      vertex 73.0061 55.7621 24.0048
      vertex 72.9284 54.0025 25.7807
      vertex 72.9284 55.7702 24.0129
    endloop
  endfacet
  facet normal -0.595829 -0.567885 -0.567885
    outer loop
      vertex 73.3575 55.6446 23.8872
      vertex 73.2945 53.9099 25.688
      vertex 73.2945 55.6776 23.9203
    endloop
  endfacet
  facet normal -0.595829 -0.567885 -0.567885
    outer loop
      vertex 73.2945 53.9099 25.688
      vertex 73.3575 55.6446 23.8872
      vertex 73.3575 53.8768 25.655
    endloop
  endfacet
  facet normal -0.513895 -0.606594 -0.606594
    outer loop
      vertex 73.2271 55.7062 23.9488
      vertex 73.2945 53.9099 25.688
      vertex 73.2271 53.9384 25.7166
    endloop
  endfacet
  facet normal -0.513895 -0.606594 -0.606594
    outer loop
      vertex 73.2945 53.9099 25.688
      vertex 73.2271 55.7062 23.9488
      vertex 73.2945 55.6776 23.9203
    endloop
  endfacet
  facet normal 0.903713 -0.302748 -0.302731
    outer loop
      vertex 72.1445 53.7062 25.4844
      vertex 72.1109 55.4238 23.6664
      vertex 72.1445 55.4739 23.7166
    endloop
  endfacet
  facet normal 0.903878 -0.302493 -0.302493
    outer loop
      vertex 72.1109 55.4238 23.6664
      vertex 72.1445 53.7062 25.4844
      vertex 72.1109 53.656 25.4342
    endloop
  endfacet
  facet normal 0.970259 -0.171169 -0.171169
    outer loop
      vertex 72.0844 53.6037 25.3819
      vertex 72.0654 55.3176 23.5603
      vertex 72.0844 55.3715 23.6141
    endloop
  endfacet
  facet normal 0.970206 -0.171324 -0.171314
    outer loop
      vertex 72.0654 55.3176 23.5603
      vertex 72.0844 53.6037 25.3819
      vertex 72.0654 53.5499 25.3281
    endloop
  endfacet
  facet normal 0.147613 -0.69938 -0.699341
    outer loop
      vertex 72.6939 53.9943 25.7725
      vertex 72.7716 55.7702 24.0129
      vertex 72.7716 54.0025 25.7807
    endloop
  endfacet
  facet normal 0.145851 -0.699526 -0.699565
    outer loop
      vertex 72.7716 55.7702 24.0129
      vertex 72.6939 53.9943 25.7725
      vertex 72.6939 55.7621 24.0048
    endloop
  endfacet
  facet normal 0.243338 -0.685833 -0.685872
    outer loop
      vertex 72.6178 55.7486 23.9913
      vertex 72.6939 53.9943 25.7725
      vertex 72.6178 53.9808 25.759
    endloop
  endfacet
  facet normal 0.243338 -0.685833 -0.685872
    outer loop
      vertex 72.6939 53.9943 25.7725
      vertex 72.6178 55.7486 23.9913
      vertex 72.6939 55.7621 24.0048
    endloop
  endfacet
  facet normal -0.903878 0.302485 0.302502
    outer loop
      vertex 73.5555 54.9406 23.1833
      vertex 73.5891 53.223 25.0012
      vertex 73.5891 54.9908 23.2335
    endloop
  endfacet
  facet normal -0.903713 0.302739 0.302739
    outer loop
      vertex 73.5891 53.223 25.0012
      vertex 73.5555 54.9406 23.1833
      vertex 73.5555 53.1729 24.951
    endloop
  endfacet
  facet normal 0.970259 0.171169 0.171169
    outer loop
      vertex 72.0654 53.3292 25.1073
      vertex 72.0844 55.0431 23.2857
      vertex 72.0654 55.0969 23.3396
    endloop
  endfacet
  facet normal 0.970259 0.171169 0.171169
    outer loop
      vertex 72.0844 55.0431 23.2857
      vertex 72.0654 53.3292 25.1073
      vertex 72.0844 53.2753 25.0535
    endloop
  endfacet
  facet normal -0.426893 0.639438 0.639438
    outer loop
      vertex 73.2271 54.7084 22.951
      vertex 73.1561 52.9169 24.6951
      vertex 73.2271 52.9406 24.7188
    endloop
  endfacet
  facet normal -0.426893 0.639438 0.639438
    outer loop
      vertex 73.1561 52.9169 24.6951
      vertex 73.2271 54.7084 22.951
      vertex 73.1561 54.6847 22.9273
    endloop
  endfacet
  facet normal -0.243338 0.685872 0.685833
    outer loop
      vertex 73.0822 54.6659 22.9086
      vertex 73.0061 52.8847 24.6629
      vertex 73.0822 52.8982 24.6764
    endloop
  endfacet
  facet normal -0.24249 0.686002 0.686002
    outer loop
      vertex 73.0061 52.8847 24.6629
      vertex 73.0822 54.6659 22.9086
      vertex 73.0061 54.6525 22.8951
    endloop
  endfacet
  facet normal -0.858236 -0.362927 -0.362927
    outer loop
      vertex 73.5555 55.4739 23.7166
      vertex 73.5152 53.7538 25.532
      vertex 73.5152 55.5216 23.7642
    endloop
  endfacet
  facet normal -0.857998 -0.363218 -0.363197
    outer loop
      vertex 73.5152 53.7538 25.532
      vertex 73.5555 55.4739 23.7166
      vertex 73.5555 53.7062 25.4844
    endloop
  endfacet
  facet normal -0.0486461 -0.70627 -0.70627
    outer loop
      vertex 72.85 55.773 24.0156
      vertex 72.9284 54.0025 25.7807
      vertex 72.85 54.0052 25.7834
    endloop
  endfacet
  facet normal -0.0495448 -0.706258 -0.706218
    outer loop
      vertex 72.9284 54.0025 25.7807
      vertex 72.85 55.773 24.0156
      vertex 72.9284 55.7702 24.0129
    endloop
  endfacet
  facet normal -0.243338 -0.685833 -0.685872
    outer loop
      vertex 73.0061 53.9943 25.7725
      vertex 73.0822 55.7486 23.9913
      vertex 73.0822 53.9808 25.759
    endloop
  endfacet
  facet normal -0.243338 -0.685833 -0.685872
    outer loop
      vertex 73.0822 55.7486 23.9913
      vertex 73.0061 53.9943 25.7725
      vertex 73.0061 55.7621 24.0048
    endloop
  endfacet
  facet normal -0.426893 -0.63942 -0.639456
    outer loop
      vertex 73.1561 55.7299 23.9726
      vertex 73.2271 53.9384 25.7166
      vertex 73.1561 53.9621 25.7403
    endloop
  endfacet
  facet normal -0.427629 -0.639192 -0.639192
    outer loop
      vertex 73.2271 53.9384 25.7166
      vertex 73.1561 55.7299 23.9726
      vertex 73.2271 55.7062 23.9488
    endloop
  endfacet
  facet normal 0.741235 -0.474642 -0.474642
    outer loop
      vertex 72.2843 53.8395 25.6177
      vertex 72.2316 55.5661 23.8088
      vertex 72.2843 55.6073 23.8499
    endloop
  endfacet
  facet normal 0.740829 -0.474973 -0.474946
    outer loop
      vertex 72.2316 55.5661 23.8088
      vertex 72.2843 53.8395 25.6177
      vertex 72.2316 53.7984 25.5766
    endloop
  endfacet
  facet normal 0.989208 -0.103608 -0.103603
    outer loop
      vertex 72.0654 53.5499 25.3281
      vertex 72.0539 55.2627 23.5054
      vertex 72.0654 55.3176 23.5603
    endloop
  endfacet
  facet normal 0.989227 -0.103513 -0.103513
    outer loop
      vertex 72.0539 55.2627 23.5054
      vertex 72.0654 53.5499 25.3281
      vertex 72.0539 53.495 25.2731
    endloop
  endfacet
  facet normal 0.941401 -0.2385 -0.2385
    outer loop
      vertex 72.1109 53.656 25.4342
      vertex 72.0844 55.3715 23.6141
      vertex 72.1109 55.4238 23.6664
    endloop
  endfacet
  facet normal 0.941401 -0.2385 -0.2385
    outer loop
      vertex 72.0844 55.3715 23.6141
      vertex 72.1109 53.656 25.4342
      vertex 72.0844 53.6037 25.3819
    endloop
  endfacet
  facet normal 0.595829 -0.567885 -0.567885
    outer loop
      vertex 72.4055 53.9099 25.688
      vertex 72.3425 55.6446 23.8872
      vertex 72.4055 55.6776 23.9203
    endloop
  endfacet
  facet normal 0.595829 -0.567885 -0.567885
    outer loop
      vertex 72.3425 55.6446 23.8872
      vertex 72.4055 53.9099 25.688
      vertex 72.3425 53.8768 25.655
    endloop
  endfacet
  facet normal 0.336934 -0.665742 -0.66578
    outer loop
      vertex 72.5439 53.9621 25.7403
      vertex 72.6178 55.7486 23.9913
      vertex 72.6178 53.9808 25.759
    endloop
  endfacet
  facet normal 0.336934 -0.665742 -0.66578
    outer loop
      vertex 72.6178 55.7486 23.9913
      vertex 72.5439 53.9621 25.7403
      vertex 72.5439 55.7299 23.9726
    endloop
  endfacet
  facet normal -0.989208 0.103606 0.103606
    outer loop
      vertex 73.6346 55.0969 23.3396
      vertex 73.6461 53.3841 25.1622
      vertex 73.6461 55.1518 23.3945
    endloop
  endfacet
  facet normal -0.989208 0.103606 0.103606
    outer loop
      vertex 73.6461 53.3841 25.1622
      vertex 73.6346 55.0969 23.3396
      vertex 73.6346 53.3292 25.1073
    endloop
  endfacet
  facet normal -0.998766 0.0351234 0.0351234
    outer loop
      vertex 73.6461 55.1518 23.3945
      vertex 73.65 53.4395 25.2177
      vertex 73.65 55.2073 23.4499
    endloop
  endfacet
  facet normal -0.998766 0.0351234 0.0351234
    outer loop
      vertex 73.65 53.4395 25.2177
      vertex 73.6461 55.1518 23.3945
      vertex 73.6461 53.3841 25.1622
    endloop
  endfacet
  facet normal -0.513895 0.606594 0.606594
    outer loop
      vertex 73.2945 54.7369 22.9796
      vertex 73.2271 52.9406 24.7188
      vertex 73.2945 52.9692 24.7473
    endloop
  endfacet
  facet normal -0.513895 0.606594 0.606594
    outer loop
      vertex 73.2271 52.9406 24.7188
      vertex 73.2945 54.7369 22.9796
      vertex 73.2271 54.7084 22.951
    endloop
  endfacet
  facet normal -0.741235 0.474642 0.474642
    outer loop
      vertex 73.4157 54.8073 23.0499
      vertex 73.4684 53.0807 24.8588
      vertex 73.4684 54.8484 23.0911
    endloop
  endfacet
  facet normal -0.741235 0.474642 0.474642
    outer loop
      vertex 73.4684 53.0807 24.8588
      vertex 73.4157 54.8073 23.0499
      vertex 73.4157 53.0395 24.8177
    endloop
  endfacet
  facet normal -0.59641 0.567564 0.567597
    outer loop
      vertex 73.2945 54.7369 22.9796
      vertex 73.3575 53.0022 24.7804
      vertex 73.3575 54.77 23.0127
    endloop
  endfacet
  facet normal -0.595829 0.567885 0.567885
    outer loop
      vertex 73.3575 53.0022 24.7804
      vertex 73.2945 54.7369 22.9796
      vertex 73.2945 52.9692 24.7473
    endloop
  endfacet
  facet normal 0.803078 0.421334 0.421358
    outer loop
      vertex 72.1848 53.1252 24.9034
      vertex 72.2316 54.8484 23.0911
      vertex 72.1848 54.893 23.1357
    endloop
  endfacet
  facet normal 0.802758 0.421651 0.421651
    outer loop
      vertex 72.2316 54.8484 23.0911
      vertex 72.1848 53.1252 24.9034
      vertex 72.2316 53.0807 24.8588
    endloop
  endfacet
  facet normal 0.903878 0.302485 0.302502
    outer loop
      vertex 72.1109 53.223 25.0012
      vertex 72.1445 54.9406 23.1833
      vertex 72.1109 54.9908 23.2335
    endloop
  endfacet
  facet normal 0.903713 0.302739 0.302739
    outer loop
      vertex 72.1445 54.9406 23.1833
      vertex 72.1109 53.223 25.0012
      vertex 72.1445 53.1729 24.951
    endloop
  endfacet
  facet normal 0.857998 0.363207 0.363207
    outer loop
      vertex 72.1445 53.1729 24.951
      vertex 72.1848 54.893 23.1357
      vertex 72.1445 54.9406 23.1833
    endloop
  endfacet
  facet normal 0.858236 0.362916 0.362937
    outer loop
      vertex 72.1848 54.893 23.1357
      vertex 72.1445 53.1729 24.951
      vertex 72.1848 53.1252 24.9034
    endloop
  endfacet
  facet normal 0.998766 0.0351234 0.0351234
    outer loop
      vertex 72.05 53.4395 25.2177
      vertex 72.0539 55.1518 23.3945
      vertex 72.05 55.2073 23.4499
    endloop
  endfacet
  facet normal 0.998766 0.0351234 0.0351234
    outer loop
      vertex 72.0539 55.1518 23.3945
      vertex 72.05 53.4395 25.2177
      vertex 72.0539 53.3841 25.1622
    endloop
  endfacet
  facet normal -0.941298 0.238702 0.238702
    outer loop
      vertex 73.5891 54.9908 23.2335
      vertex 73.6156 53.2753 25.0535
      vertex 73.6156 55.0431 23.2857
    endloop
  endfacet
  facet normal -0.941401 0.238493 0.238507
    outer loop
      vertex 73.6156 53.2753 25.0535
      vertex 73.5891 54.9908 23.2335
      vertex 73.5891 53.223 25.0012
    endloop
  endfacet
  facet normal -0.970259 0.171169 0.171169
    outer loop
      vertex 73.6156 55.0431 23.2857
      vertex 73.6346 53.3292 25.1073
      vertex 73.6346 55.0969 23.3396
    endloop
  endfacet
  facet normal -0.970259 0.171169 0.171169
    outer loop
      vertex 73.6346 53.3292 25.1073
      vertex 73.6156 55.0431 23.2857
      vertex 73.6156 53.2753 25.0535
    endloop
  endfacet
  facet normal -0.803078 0.421334 0.421358
    outer loop
      vertex 73.4684 54.8484 23.0911
      vertex 73.5152 53.1252 24.9034
      vertex 73.5152 54.893 23.1357
    endloop
  endfacet
  facet normal -0.802758 0.421651 0.421651
    outer loop
      vertex 73.5152 53.1252 24.9034
      vertex 73.4684 54.8484 23.0911
      vertex 73.4684 53.0807 24.8588
    endloop
  endfacet
  facet normal -0.857998 0.363207 0.363207
    outer loop
      vertex 73.5152 54.893 23.1357
      vertex 73.5555 53.1729 24.951
      vertex 73.5555 54.9406 23.1833
    endloop
  endfacet
  facet normal -0.858236 0.362916 0.362937
    outer loop
      vertex 73.5555 53.1729 24.951
      vertex 73.5152 54.893 23.1357
      vertex 73.5152 53.1252 24.9034
    endloop
  endfacet
  facet normal -0.67107 0.524245 0.524245
    outer loop
      vertex 73.3575 54.77 23.0127
      vertex 73.4157 53.0395 24.8177
      vertex 73.4157 54.8073 23.0499
    endloop
  endfacet
  facet normal -0.671564 0.523913 0.523943
    outer loop
      vertex 73.4157 53.0395 24.8177
      vertex 73.3575 54.77 23.0127
      vertex 73.3575 53.0022 24.7804
    endloop
  endfacet
  facet normal 0.0495448 0.706238 0.706238
    outer loop
      vertex 72.85 52.8738 24.652
      vertex 72.7716 54.6443 22.887
      vertex 72.7716 52.8766 24.6547
    endloop
  endfacet
  facet normal 0.0486461 0.70625 0.70629
    outer loop
      vertex 72.7716 54.6443 22.887
      vertex 72.85 52.8738 24.652
      vertex 72.85 54.6416 22.8843
    endloop
  endfacet
  facet normal 0.336934 0.665761 0.665761
    outer loop
      vertex 72.6178 52.8982 24.6764
      vertex 72.5439 54.6847 22.9273
      vertex 72.5439 52.9169 24.6951
    endloop
  endfacet
  facet normal 0.337733 0.665577 0.66554
    outer loop
      vertex 72.5439 54.6847 22.9273
      vertex 72.6178 52.8982 24.6764
      vertex 72.6178 54.6659 22.9086
    endloop
  endfacet
  facet normal 0.513895 0.606594 0.606594
    outer loop
      vertex 72.4729 52.9406 24.7188
      vertex 72.4055 54.7369 22.9796
      vertex 72.4055 52.9692 24.7473
    endloop
  endfacet
  facet normal 0.513895 0.606594 0.606594
    outer loop
      vertex 72.4055 54.7369 22.9796
      vertex 72.4729 52.9406 24.7188
      vertex 72.4729 54.7084 22.951
    endloop
  endfacet
  facet normal 0.67107 0.524245 0.524245
    outer loop
      vertex 72.2843 53.0395 24.8177
      vertex 72.3425 54.77 23.0127
      vertex 72.2843 54.8073 23.0499
    endloop
  endfacet
  facet normal 0.671564 0.523913 0.523943
    outer loop
      vertex 72.3425 54.77 23.0127
      vertex 72.2843 53.0395 24.8177
      vertex 72.3425 53.0022 24.7804
    endloop
  endfacet
  facet normal 0.741235 0.474642 0.474642
    outer loop
      vertex 72.2316 53.0807 24.8588
      vertex 72.2843 54.8073 23.0499
      vertex 72.2316 54.8484 23.0911
    endloop
  endfacet
  facet normal 0.741235 0.474642 0.474642
    outer loop
      vertex 72.2843 54.8073 23.0499
      vertex 72.2316 53.0807 24.8588
      vertex 72.2843 53.0395 24.8177
    endloop
  endfacet
  facet normal 0.989208 0.103606 0.103606
    outer loop
      vertex 72.0539 53.3841 25.1622
      vertex 72.0654 55.0969 23.3396
      vertex 72.0539 55.1518 23.3945
    endloop
  endfacet
  facet normal 0.989208 0.103606 0.103606
    outer loop
      vertex 72.0654 55.0969 23.3396
      vertex 72.0539 53.3841 25.1622
      vertex 72.0654 53.3292 25.1073
    endloop
  endfacet
  facet normal 0.941298 0.238702 0.238702
    outer loop
      vertex 72.0844 53.2753 25.0535
      vertex 72.1109 54.9908 23.2335
      vertex 72.0844 55.0431 23.2857
    endloop
  endfacet
  facet normal 0.941401 0.238493 0.238507
    outer loop
      vertex 72.1109 54.9908 23.2335
      vertex 72.0844 53.2753 25.0535
      vertex 72.1109 53.223 25.0012
    endloop
  endfacet
  facet normal -0.0495448 0.706238 0.706238
    outer loop
      vertex 72.9284 54.6443 22.887
      vertex 72.85 52.8738 24.652
      vertex 72.9284 52.8766 24.6547
    endloop
  endfacet
  facet normal -0.0486461 0.70625 0.70629
    outer loop
      vertex 72.85 52.8738 24.652
      vertex 72.9284 54.6443 22.887
      vertex 72.85 54.6416 22.8843
    endloop
  endfacet
  facet normal 0.243338 0.685872 0.685833
    outer loop
      vertex 72.6939 52.8847 24.6629
      vertex 72.6178 54.6659 22.9086
      vertex 72.6178 52.8982 24.6764
    endloop
  endfacet
  facet normal 0.24249 0.686002 0.686002
    outer loop
      vertex 72.6178 54.6659 22.9086
      vertex 72.6939 52.8847 24.6629
      vertex 72.6939 54.6525 22.8951
    endloop
  endfacet
  facet normal 0.59641 0.567564 0.567597
    outer loop
      vertex 72.3425 53.0022 24.7804
      vertex 72.4055 54.7369 22.9796
      vertex 72.3425 54.77 23.0127
    endloop
  endfacet
  facet normal 0.595829 0.567885 0.567885
    outer loop
      vertex 72.4055 54.7369 22.9796
      vertex 72.3425 53.0022 24.7804
      vertex 72.4055 52.9692 24.7473
    endloop
  endfacet
  facet normal 0.426893 0.639438 0.639438
    outer loop
      vertex 72.5439 52.9169 24.6951
      vertex 72.4729 54.7084 22.951
      vertex 72.4729 52.9406 24.7188
    endloop
  endfacet
  facet normal 0.426893 0.639438 0.639438
    outer loop
      vertex 72.4729 54.7084 22.951
      vertex 72.5439 52.9169 24.6951
      vertex 72.5439 54.6847 22.9273
    endloop
  endfacet
  facet normal -0.336934 0.665761 0.665761
    outer loop
      vertex 73.1561 54.6847 22.9273
      vertex 73.0822 52.8982 24.6764
      vertex 73.1561 52.9169 24.6951
    endloop
  endfacet
  facet normal -0.337733 0.665577 0.66554
    outer loop
      vertex 73.0822 52.8982 24.6764
      vertex 73.1561 54.6847 22.9273
      vertex 73.0822 54.6659 22.9086
    endloop
  endfacet
  facet normal -0.73791 0.450933 -0.502144
    outer loop
      vertex 51.1532 51 15
      vertex 48.4036 49.0182 17.2609
      vertex 51.1144 51.5581 15.5582
    endloop
  endfacet
  facet normal -0.737909 0.451071 -0.502021
    outer loop
      vertex 48.4036 49.0182 17.2609
      vertex 51.1532 51 15
      vertex 48.4133 48.8787 17.1213
    endloop
  endfacet
  facet normal -0.695748 0.300942 -0.652203
    outer loop
      vertex 50.759 52.8788 16.8788
      vertex 47.9917 50.4826 18.7252
      vertex 50.7227 52.9507 16.9507
    endloop
  endfacet
  facet normal -0.695648 0.300635 -0.652451
    outer loop
      vertex 47.9917 50.4826 18.7252
      vertex 50.759 52.8788 16.8788
      vertex 48.1371 50.1951 18.4377
    endloop
  endfacet
  facet normal 0.737909 0.502021 -0.451071
    outer loop
      vertex 35.5964 48.7391 16.9818
      vertex 32.8468 51 15
      vertex 35.5867 48.8787 17.1213
    endloop
  endfacet
  facet normal 0.73791 0.502144 -0.450933
    outer loop
      vertex 32.8468 51 15
      vertex 35.5964 48.7391 16.9818
      vertex 32.8856 50.4418 14.4419
    endloop
  endfacet
  facet normal -0.730812 0.553148 -0.399926
    outer loop
      vertex 48.2901 47.994 16.2366
      vertex 51.0932 50.2901 14.2901
      vertex 50.9773 49.7373 13.7373
    endloop
  endfacet
  facet normal -0.730823 0.552974 -0.400147
    outer loop
      vertex 51.0932 50.2901 14.2901
      vertex 48.2901 47.994 16.2366
      vertex 48.319 48.1322 16.3748
    endloop
  endfacet
  facet normal 0.496025 0.08937 -0.863697
    outer loop
      vertex 35.5277 55.5766 19.5766
      vertex 37.7851 52.2904 20.533
      vertex 37.4651 52.0853 20.328
    endloop
  endfacet
  facet normal 0.495796 0.0891681 -0.863849
    outer loop
      vertex 37.7851 52.2904 20.533
      vertex 35.5277 55.5766 19.5766
      vertex 35.6077 55.6278 19.6278
    endloop
  endfacet
  facet normal -0.547493 0.125758 -0.827307
    outer loop
      vertex 46.5349 52.0853 20.328
      vertex 48.5448 55.52 19.52
      vertex 46.8249 51.8591 20.1017
    endloop
  endfacet
  facet normal -0.547583 0.125827 -0.827237
    outer loop
      vertex 48.5448 55.52 19.52
      vertex 46.5349 52.0853 20.328
      vertex 48.4723 55.5766 19.5766
    endloop
  endfacet
  facet normal -0.593373 0.78777 -0.16531
    outer loop
      vertex 49.5463 47.3429 11.3429
      vertex 46.9575 46.0018 14.2444
      vertex 47.0752 46.114 14.3566
    endloop
  endfacet
  facet normal -0.593413 0.787728 -0.165365
    outer loop
      vertex 46.9575 46.0018 14.2444
      vertex 49.5463 47.3429 11.3429
      vertex 49.0755 46.894 10.894
    endloop
  endfacet
  facet normal 0.593373 0.16531 -0.78777
    outer loop
      vertex 34.4537 54.6571 18.6571
      vertex 37.0425 51.7556 19.9982
      vertex 36.9248 51.6434 19.886
    endloop
  endfacet
  facet normal 0.593413 0.165365 -0.787728
    outer loop
      vertex 37.0425 51.7556 19.9982
      vertex 34.4537 54.6571 18.6571
      vertex 34.9245 55.106 19.106
    endloop
  endfacet
  facet normal 0.37967 0.0283522 -0.924687
    outer loop
      vertex 37.0074 56.4207 20.4207
      vertex 38.9768 52.8781 21.1207
      vertex 38.8073 52.8062 21.0489
    endloop
  endfacet
  facet normal 0.379849 0.0284673 -0.92461
    outer loop
      vertex 38.9768 52.8781 21.1207
      vertex 37.0074 56.4207 20.4207
      vertex 37.6852 56.708 20.708
    endloop
  endfacet
  facet normal 0.730812 0.399926 -0.553148
    outer loop
      vertex 35.7099 49.7634 18.006
      vertex 32.9068 51.7099 15.7099
      vertex 33.0227 52.2627 16.2627
    endloop
  endfacet
  facet normal 0.730823 0.400147 -0.552974
    outer loop
      vertex 32.9068 51.7099 15.7099
      vertex 35.7099 49.7634 18.006
      vertex 35.681 49.6252 17.8678
    endloop
  endfacet
  facet normal 0.667881 0.253177 -0.699883
    outer loop
      vertex 33.5436 53.4768 17.4768
      vertex 36.2595 50.8901 19.1328
      vertex 36.0749 50.6141 18.8568
    endloop
  endfacet
  facet normal 0.667987 0.253406 -0.699699
    outer loop
      vertex 36.2595 50.8901 19.1328
      vertex 33.5436 53.4768 17.4768
      vertex 33.5897 53.5458 17.5458
    endloop
  endfacet
  facet normal 0.633687 0.745111 -0.207965
    outer loop
      vertex 36.6676 46.3592 14.6019
      vertex 34.3339 47.4697 11.4697
      vertex 36.4456 46.6211 14.8638
    endloop
  endfacet
  facet normal 0.633751 0.745036 -0.20804
    outer loop
      vertex 34.3339 47.4697 11.4697
      vertex 36.6676 46.3592 14.6019
      vertex 34.3894 47.4042 11.4042
    endloop
  endfacet
  facet normal 0.667881 0.699883 -0.253177
    outer loop
      vertex 36.2595 46.8672 15.1099
      vertex 33.5436 48.5232 12.5232
      vertex 36.0749 47.1432 15.3859
    endloop
  endfacet
  facet normal 0.667987 0.699699 -0.253406
    outer loop
      vertex 33.5436 48.5232 12.5232
      vertex 36.2595 46.8672 15.1099
      vertex 33.5897 48.4542 12.4542
    endloop
  endfacet
  facet normal 0.179819 0.983237 0.0301826
    outer loop
      vertex 40.2143 44.6521 8.65211
      vertex 40.5572 44.4649 12.7075
      vertex 40.7488 44.4309 12.6736
    endloop
  endfacet
  facet normal 0.179536 0.983287 0.0302088
    outer loop
      vertex 40.5572 44.4649 12.7075
      vertex 40.2143 44.6521 8.65211
      vertex 39.4477 44.7879 8.78789
    endloop
  endfacet
  facet normal -0.315815 0.948811 -0.00426882
    outer loop
      vertex 45.6003 45.053 9.05305
      vertex 44.4543 44.689 12.9317
      vertex 44.8446 44.8195 13.0622
    endloop
  endfacet
  facet normal -0.315815 0.948811 -0.00426867
    outer loop
      vertex 44.4543 44.689 12.9317
      vertex 45.6003 45.053 9.05305
      vertex 45.5028 45.0204 9.02042
    endloop
  endfacet
  facet normal -0.248791 -0.0153401 -0.968436
    outer loop
      vertex 43.8617 53.2183 21.4609
      vertex 44.7587 57.1678 21.1679
      vertex 44.2682 53.1154 21.3581
    endloop
  endfacet
  facet normal -0.248638 -0.0153777 -0.968474
    outer loop
      vertex 44.7587 57.1678 21.1679
      vertex 43.8617 53.2183 21.4609
      vertex 44.657 57.1936 21.1936
    endloop
  endfacet
  facet normal -0.547519 0.12582 -0.82728
    outer loop
      vertex 46.8249 51.8591 20.1017
      vertex 49.0755 55.106 19.106
      vertex 46.9575 51.7556 19.9982
    endloop
  endfacet
  facet normal -0.547388 0.125697 -0.827385
    outer loop
      vertex 49.0755 55.106 19.106
      vertex 46.8249 51.8591 20.1017
      vertex 48.5448 55.52 19.52
    endloop
  endfacet
  facet normal -0.316176 0.00439921 -0.94869
    outer loop
      vertex 44.8446 52.9378 21.1805
      vertex 46.3148 56.708 20.708
      vertex 45.0232 52.8781 21.1207
    endloop
  endfacet
  facet normal -0.315929 0.0042925 -0.948773
    outer loop
      vertex 46.3148 56.708 20.708
      vertex 44.8446 52.9378 21.1805
      vertex 45.6003 56.9469 20.947
    endloop
  endfacet
  facet normal -0.667881 0.253177 -0.699883
    outer loop
      vertex 47.7405 50.8901 19.1328
      vertex 50.4564 53.4768 17.4768
      vertex 47.9251 50.6141 18.8568
    endloop
  endfacet
  facet normal -0.667987 0.253406 -0.699699
    outer loop
      vertex 50.4564 53.4768 17.4768
      vertex 47.7405 50.8901 19.1328
      vertex 50.4103 53.5458 17.5458
    endloop
  endfacet
  facet normal -0.730769 0.399567 -0.553464
    outer loop
      vertex 51.1091 51.6344 15.6344
      vertex 48.319 49.6252 17.8678
      vertex 51.0932 51.7099 15.7099
    endloop
  endfacet
  facet normal -0.730787 0.399832 -0.553249
    outer loop
      vertex 48.319 49.6252 17.8678
      vertex 51.1091 51.6344 15.6344
      vertex 48.3824 49.3232 17.5658
    endloop
  endfacet
  facet normal -0.737871 0.502506 -0.450593
    outer loop
      vertex 48.3824 48.4342 16.6768
      vertex 51.1144 50.4418 14.4419
      vertex 51.1091 50.3656 14.3656
    endloop
  endfacet
  facet normal -0.737888 0.502276 -0.450822
    outer loop
      vertex 51.1144 50.4418 14.4419
      vertex 48.3824 48.4342 16.6768
      vertex 48.4036 48.7391 16.9818
    endloop
  endfacet
  facet normal -0.716417 0.604101 -0.349011
    outer loop
      vertex 48.1371 47.5623 15.8049
      vertex 50.7853 49.1952 13.1953
      vertex 50.759 49.1212 13.1212
    endloop
  endfacet
  facet normal -0.716615 0.603551 -0.349556
    outer loop
      vertex 50.7853 49.1952 13.1953
      vertex 48.1371 47.5623 15.8049
      vertex 48.242 47.8584 16.1011
    endloop
  endfacet
  facet normal -0.73791 0.502144 -0.450933
    outer loop
      vertex 48.4036 48.7391 16.9818
      vertex 51.1532 51 15
      vertex 51.1144 50.4418 14.4419
    endloop
  endfacet
  facet normal -0.737909 0.502021 -0.451071
    outer loop
      vertex 51.1532 51 15
      vertex 48.4036 48.7391 16.9818
      vertex 48.4133 48.8787 17.1213
    endloop
  endfacet
  facet normal 0.547519 0.12582 -0.82728
    outer loop
      vertex 34.9245 55.106 19.106
      vertex 37.1751 51.8591 20.1017
      vertex 37.0425 51.7556 19.9982
    endloop
  endfacet
  facet normal 0.547388 0.125697 -0.827385
    outer loop
      vertex 37.1751 51.8591 20.1017
      vertex 34.9245 55.106 19.106
      vertex 35.4552 55.52 19.52
    endloop
  endfacet
  facet normal 0.440545 0.0571939 -0.895907
    outer loop
      vertex 36.1933 56.0031 20.0031
      vertex 38.0901 52.4674 20.7101
      vertex 37.9315 52.3842 20.6268
    endloop
  endfacet
  facet normal 0.440106 0.0569115 -0.89614
    outer loop
      vertex 38.0901 52.4674 20.7101
      vertex 36.1933 56.0031 20.0031
      vertex 36.8281 56.336 20.336
    endloop
  endfacet
  facet normal 0.547493 0.125758 -0.827307
    outer loop
      vertex 35.4552 55.52 19.52
      vertex 37.4651 52.0853 20.328
      vertex 37.1751 51.8591 20.1017
    endloop
  endfacet
  facet normal 0.547583 0.125827 -0.827237
    outer loop
      vertex 37.4651 52.0853 20.328
      vertex 35.4552 55.52 19.52
      vertex 35.5277 55.5766 19.5766
    endloop
  endfacet
  facet normal 0.316176 0.00439921 -0.94869
    outer loop
      vertex 37.6852 56.708 20.708
      vertex 39.1554 52.9378 21.1805
      vertex 38.9768 52.8781 21.1207
    endloop
  endfacet
  facet normal 0.315929 0.0042925 -0.948773
    outer loop
      vertex 39.1554 52.9378 21.1805
      vertex 37.6852 56.708 20.708
      vertex 38.3997 56.9469 20.947
    endloop
  endfacet
  facet normal 0.73791 0.450933 -0.502144
    outer loop
      vertex 35.5964 49.0182 17.2609
      vertex 32.8468 51 15
      vertex 32.8856 51.5581 15.5582
    endloop
  endfacet
  facet normal 0.737909 0.451071 -0.502021
    outer loop
      vertex 32.8468 51 15
      vertex 35.5964 49.0182 17.2609
      vertex 35.5867 48.8787 17.1213
    endloop
  endfacet
  facet normal 0.730769 0.399567 -0.553464
    outer loop
      vertex 35.681 49.6252 17.8678
      vertex 32.8909 51.6344 15.6344
      vertex 32.9068 51.7099 15.7099
    endloop
  endfacet
  facet normal 0.730787 0.399832 -0.553249
    outer loop
      vertex 32.8909 51.6344 15.6344
      vertex 35.681 49.6252 17.8678
      vertex 35.6176 49.3232 17.5658
    endloop
  endfacet
  facet normal 0.695593 0.300485 -0.652578
    outer loop
      vertex 36.0749 50.6141 18.8568
      vertex 33.2773 52.9507 16.9507
      vertex 33.5436 53.4768 17.4768
    endloop
  endfacet
  facet normal 0.69564 0.300638 -0.652458
    outer loop
      vertex 33.2773 52.9507 16.9507
      vertex 36.0749 50.6141 18.8568
      vertex 36.0083 50.4826 18.7252
    endloop
  endfacet
  facet normal 0.633687 0.207965 -0.745111
    outer loop
      vertex 34.3339 54.5303 18.5303
      vertex 36.6676 51.3981 19.6408
      vertex 36.4456 51.1362 19.3789
    endloop
  endfacet
  facet normal 0.633751 0.20804 -0.745036
    outer loop
      vertex 36.6676 51.3981 19.6408
      vertex 34.3339 54.5303 18.5303
      vertex 34.3894 54.5958 18.5958
    endloop
  endfacet
  facet normal 0.667845 0.253121 -0.699937
    outer loop
      vertex 33.5897 53.5458 17.5458
      vertex 36.344 51.0164 19.2591
      vertex 36.2595 50.8901 19.1328
    endloop
  endfacet
  facet normal 0.667873 0.253185 -0.699888
    outer loop
      vertex 36.344 51.0164 19.2591
      vertex 33.5897 53.5458 17.5458
      vertex 33.9276 54.051 18.051
    endloop
  endfacet
  facet normal 0.730787 0.553249 -0.399832
    outer loop
      vertex 35.681 48.1322 16.3748
      vertex 32.8909 50.3656 14.3656
      vertex 35.6176 48.4342 16.6768
    endloop
  endfacet
  facet normal 0.730769 0.553464 -0.399567
    outer loop
      vertex 32.8909 50.3656 14.3656
      vertex 35.681 48.1322 16.3748
      vertex 32.9068 50.2901 14.2901
    endloop
  endfacet
  facet normal 0.667845 0.699937 -0.253121
    outer loop
      vertex 36.344 46.7409 14.9836
      vertex 33.5897 48.4542 12.4542
      vertex 36.2595 46.8672 15.1099
    endloop
  endfacet
  facet normal 0.667873 0.699888 -0.253185
    outer loop
      vertex 33.5897 48.4542 12.4542
      vertex 36.344 46.7409 14.9836
      vertex 33.9276 47.949 11.949
    endloop
  endfacet
  facet normal -0.036227 0.99832 0.0452215
    outer loop
      vertex 42 44.5277 8.52775
      vertex 42.1973 44.3507 12.5933
      vertex 42.7893 44.5551 8.55517
    endloop
  endfacet
  facet normal -0.036472 0.99831 0.045233
    outer loop
      vertex 42.1973 44.3507 12.5933
      vertex 42 44.5277 8.52775
      vertex 42 44.3438 12.5865
    endloop
  endfacet
  facet normal -0.108375 0.993296 0.0402315
    outer loop
      vertex 43.7857 44.6521 8.65211
      vertex 43.0557 44.4104 12.6531
      vertex 43.2512 44.4309 12.6736
    endloop
  endfacet
  facet normal -0.108402 0.993293 0.0402264
    outer loop
      vertex 43.0557 44.4104 12.6531
      vertex 43.7857 44.6521 8.65211
      vertex 43.0039 44.5701 8.57011
    endloop
  endfacet
  facet normal -0.37967 0.924687 -0.0283521
    outer loop
      vertex 46.9926 45.5793 9.57928
      vertex 45.0232 44.8793 13.1219
      vertex 45.1927 44.9511 13.1938
    endloop
  endfacet
  facet normal -0.379849 0.92461 -0.0284671
    outer loop
      vertex 45.0232 44.8793 13.1219
      vertex 46.9926 45.5793 9.57928
      vertex 46.3148 45.292 9.29198
    endloop
  endfacet
  facet normal -0.496077 0.863663 -0.0894021
    outer loop
      vertex 48.3923 46.3722 10.3722
      vertex 46.0685 45.3732 13.6158
      vertex 46.2149 45.467 13.7096
    endloop
  endfacet
  facet normal -0.496141 0.863621 -0.0894611
    outer loop
      vertex 46.0685 45.3732 13.6158
      vertex 48.3923 46.3722 10.3722
      vertex 47.8067 45.9969 9.99688
    endloop
  endfacet
  facet normal -0.108409 -0.0402264 -0.993292
    outer loop
      vertex 42.6286 53.3917 21.6344
      vertex 43.0039 57.4299 21.4299
      vertex 43.0557 53.3469 21.5896
    endloop
  endfacet
  facet normal -0.108484 -0.0402191 -0.993284
    outer loop
      vertex 43.0039 57.4299 21.4299
      vertex 42.6286 53.3917 21.6344
      vertex 42.8972 57.4411 21.4411
    endloop
  endfacet
  facet normal -0.593373 0.16531 -0.78777
    outer loop
      vertex 46.9575 51.7556 19.9982
      vertex 49.5463 54.6571 18.6571
      vertex 47.0752 51.6434 19.886
    endloop
  endfacet
  facet normal -0.593413 0.165365 -0.787728
    outer loop
      vertex 49.5463 54.6571 18.6571
      vertex 46.9575 51.7556 19.9982
      vertex 49.0755 55.106 19.106
    endloop
  endfacet
  facet normal -0.496077 0.0894021 -0.863663
    outer loop
      vertex 46.0685 52.3842 20.6268
      vertex 48.3923 55.6278 19.6278
      vertex 46.2149 52.2904 20.533
    endloop
  endfacet
  facet normal -0.496143 0.0894625 -0.86362
    outer loop
      vertex 48.3923 55.6278 19.6278
      vertex 46.0685 52.3842 20.6268
      vertex 47.8067 56.0031 20.0031
    endloop
  endfacet
  facet normal -0.439896 0.0568327 -0.896248
    outer loop
      vertex 45.563 52.6493 20.8919
      vertex 47.1719 56.336 20.336
      vertex 45.9099 52.4674 20.7101
    endloop
  endfacet
  facet normal -0.440302 0.0570419 -0.896036
    outer loop
      vertex 47.1719 56.336 20.336
      vertex 45.563 52.6493 20.8919
      vertex 47.0852 56.3815 20.3815
    endloop
  endfacet
  facet normal -0.440545 0.0571939 -0.895907
    outer loop
      vertex 45.9099 52.4674 20.7101
      vertex 47.8067 56.0031 20.0031
      vertex 46.0685 52.3842 20.6268
    endloop
  endfacet
  facet normal -0.440106 0.0569115 -0.89614
    outer loop
      vertex 47.8067 56.0031 20.0031
      vertex 45.9099 52.4674 20.7101
      vertex 47.1719 56.336 20.336
    endloop
  endfacet
  facet normal -0.379491 0.0283111 -0.924762
    outer loop
      vertex 45.563 52.6493 20.8919
      vertex 46.9926 56.4207 20.4207
      vertex 47.0852 56.3815 20.3815
    endloop
  endfacet
  facet normal -0.379927 0.0284995 -0.924577
    outer loop
      vertex 46.9926 56.4207 20.4207
      vertex 45.563 52.6493 20.8919
      vertex 45.1927 52.8062 21.0489
    endloop
  endfacet
  facet normal -0.37967 0.0283522 -0.924687
    outer loop
      vertex 45.0232 52.8781 21.1207
      vertex 46.9926 56.4207 20.4207
      vertex 45.1927 52.8062 21.0489
    endloop
  endfacet
  facet normal -0.379849 0.0284673 -0.92461
    outer loop
      vertex 46.9926 56.4207 20.4207
      vertex 45.0232 52.8781 21.1207
      vertex 46.3148 56.708 20.708
    endloop
  endfacet
  facet normal -0.667845 0.253121 -0.699937
    outer loop
      vertex 47.656 51.0164 19.2591
      vertex 50.4103 53.5458 17.5458
      vertex 47.7405 50.8901 19.1328
    endloop
  endfacet
  facet normal -0.667873 0.253185 -0.699888
    outer loop
      vertex 50.4103 53.5458 17.5458
      vertex 47.656 51.0164 19.2591
      vertex 50.0724 54.051 18.051
    endloop
  endfacet
  facet normal -0.695593 0.300485 -0.652578
    outer loop
      vertex 50.7227 52.9507 16.9507
      vertex 47.9251 50.6141 18.8568
      vertex 50.4564 53.4768 17.4768
    endloop
  endfacet
  facet normal -0.69564 0.300638 -0.652458
    outer loop
      vertex 47.9251 50.6141 18.8568
      vertex 50.7227 52.9507 16.9507
      vertex 47.9917 50.4826 18.7252
    endloop
  endfacet
  facet normal -0.730812 0.399926 -0.553148
    outer loop
      vertex 51.0932 51.7099 15.7099
      vertex 48.2901 49.7634 18.006
      vertex 50.9773 52.2627 16.2627
    endloop
  endfacet
  facet normal -0.730823 0.400147 -0.552974
    outer loop
      vertex 48.2901 49.7634 18.006
      vertex 51.0932 51.7099 15.7099
      vertex 48.319 49.6252 17.8678
    endloop
  endfacet
  facet normal -0.716669 0.349661 -0.603425
    outer loop
      vertex 50.9773 52.2627 16.2627
      vertex 48.242 49.8989 18.1416
      vertex 50.7853 52.8047 16.8048
    endloop
  endfacet
  facet normal -0.716644 0.349563 -0.603513
    outer loop
      vertex 48.242 49.8989 18.1416
      vertex 50.9773 52.2627 16.2627
      vertex 48.2901 49.7634 18.006
    endloop
  endfacet
  facet normal -0.547519 0.82728 -0.12582
    outer loop
      vertex 49.0755 46.894 10.894
      vertex 46.8249 45.8983 14.1409
      vertex 46.9575 46.0018 14.2444
    endloop
  endfacet
  facet normal -0.547388 0.827385 -0.125697
    outer loop
      vertex 46.8249 45.8983 14.1409
      vertex 49.0755 46.894 10.894
      vertex 48.5448 46.48 10.48
    endloop
  endfacet
  facet normal -0.633687 0.745111 -0.207965
    outer loop
      vertex 49.6661 47.4697 11.4697
      vertex 47.3324 46.3592 14.6019
      vertex 47.5544 46.6211 14.8638
    endloop
  endfacet
  facet normal -0.633751 0.745036 -0.20804
    outer loop
      vertex 47.3324 46.3592 14.6019
      vertex 49.6661 47.4697 11.4697
      vertex 49.6106 47.4042 11.4042
    endloop
  endfacet
  facet normal -0.716669 0.603425 -0.349661
    outer loop
      vertex 48.242 47.8584 16.1011
      vertex 50.9773 49.7373 13.7373
      vertex 50.7853 49.1952 13.1953
    endloop
  endfacet
  facet normal -0.716644 0.603513 -0.349563
    outer loop
      vertex 50.9773 49.7373 13.7373
      vertex 48.242 47.8584 16.1011
      vertex 48.2901 47.994 16.2366
    endloop
  endfacet
  facet normal 0.496077 0.0894021 -0.863663
    outer loop
      vertex 35.6077 55.6278 19.6278
      vertex 37.9315 52.3842 20.6268
      vertex 37.7851 52.2904 20.533
    endloop
  endfacet
  facet normal 0.496143 0.0894625 -0.86362
    outer loop
      vertex 37.9315 52.3842 20.6268
      vertex 35.6077 55.6278 19.6278
      vertex 36.1933 56.0031 20.0031
    endloop
  endfacet
  facet normal 0.315815 0.00426887 -0.948811
    outer loop
      vertex 38.3997 56.9469 20.947
      vertex 39.5457 53.0683 21.311
      vertex 39.1554 52.9378 21.1805
    endloop
  endfacet
  facet normal 0.315812 0.0042679 -0.948812
    outer loop
      vertex 39.5457 53.0683 21.311
      vertex 38.3997 56.9469 20.947
      vertex 38.4972 56.9796 20.9796
    endloop
  endfacet
  facet normal -0.179537 -0.0302087 -0.983287
    outer loop
      vertex 43.4428 53.2925 21.5351
      vertex 43.7857 57.3479 21.3479
      vertex 44.5523 57.2121 21.2121
    endloop
  endfacet
  facet normal -0.179819 -0.0301825 -0.983237
    outer loop
      vertex 43.7857 57.3479 21.3479
      vertex 43.4428 53.2925 21.5351
      vertex 43.2512 53.3264 21.5691
    endloop
  endfacet
  facet normal -0.108375 -0.0402314 -0.993296
    outer loop
      vertex 43.0557 53.3469 21.5896
      vertex 43.7857 57.3479 21.3479
      vertex 43.2512 53.3264 21.5691
    endloop
  endfacet
  facet normal -0.108402 -0.0402263 -0.993293
    outer loop
      vertex 43.7857 57.3479 21.3479
      vertex 43.0557 53.3469 21.5896
      vertex 43.0039 57.4299 21.4299
    endloop
  endfacet
  facet normal 0.108375 -0.0402314 -0.993296
    outer loop
      vertex 40.2143 57.3479 21.3479
      vertex 40.9443 53.3469 21.5896
      vertex 40.7488 53.3264 21.5691
    endloop
  endfacet
  facet normal 0.108402 -0.0402263 -0.993293
    outer loop
      vertex 40.9443 53.3469 21.5896
      vertex 40.2143 57.3479 21.3479
      vertex 40.9961 57.4299 21.4299
    endloop
  endfacet
  facet normal 0.737871 0.450593 -0.502506
    outer loop
      vertex 35.6176 49.3232 17.5658
      vertex 32.8856 51.5581 15.5582
      vertex 32.8909 51.6344 15.6344
    endloop
  endfacet
  facet normal 0.737888 0.450822 -0.502276
    outer loop
      vertex 32.8856 51.5581 15.5582
      vertex 35.6176 49.3232 17.5658
      vertex 35.5964 49.0182 17.2609
    endloop
  endfacet
  facet normal 0.593368 0.165301 -0.787776
    outer loop
      vertex 34.3894 54.5958 18.5958
      vertex 36.9248 51.6434 19.886
      vertex 36.6676 51.3981 19.6408
    endloop
  endfacet
  facet normal 0.593387 0.165327 -0.787755
    outer loop
      vertex 36.9248 51.6434 19.886
      vertex 34.3894 54.5958 18.5958
      vertex 34.4537 54.6571 18.6571
    endloop
  endfacet
  facet normal 0.633608 0.207858 -0.745208
    outer loop
      vertex 33.9276 54.051 18.051
      vertex 36.4456 51.1362 19.3789
      vertex 36.344 51.0164 19.2591
    endloop
  endfacet
  facet normal 0.633678 0.207957 -0.745122
    outer loop
      vertex 36.4456 51.1362 19.3789
      vertex 33.9276 54.051 18.051
      vertex 34.3339 54.5303 18.5303
    endloop
  endfacet
  facet normal 0.737888 0.502276 -0.450822
    outer loop
      vertex 35.6176 48.4342 16.6768
      vertex 32.8856 50.4418 14.4419
      vertex 35.5964 48.7391 16.9818
    endloop
  endfacet
  facet normal 0.737871 0.502506 -0.450593
    outer loop
      vertex 32.8856 50.4418 14.4419
      vertex 35.6176 48.4342 16.6768
      vertex 32.8909 50.3656 14.3656
    endloop
  endfacet
  facet normal 0.547519 0.82728 -0.12582
    outer loop
      vertex 37.1751 45.8983 14.1409
      vertex 34.9245 46.894 10.894
      vertex 37.0425 46.0018 14.2444
    endloop
  endfacet
  facet normal 0.547388 0.827385 -0.125697
    outer loop
      vertex 34.9245 46.894 10.894
      vertex 37.1751 45.8983 14.1409
      vertex 35.4552 46.48 10.48
    endloop
  endfacet
  facet normal 0.593373 0.78777 -0.16531
    outer loop
      vertex 37.0425 46.0018 14.2444
      vertex 34.4537 47.3429 11.3429
      vertex 36.9248 46.114 14.3566
    endloop
  endfacet
  facet normal 0.593413 0.787728 -0.165365
    outer loop
      vertex 34.4537 47.3429 11.3429
      vertex 37.0425 46.0018 14.2444
      vertex 34.9245 46.894 10.894
    endloop
  endfacet
  facet normal 0.036472 0.99831 0.045233
    outer loop
      vertex 42 44.5277 8.52775
      vertex 41.8027 44.3507 12.5933
      vertex 42 44.3438 12.5865
    endloop
  endfacet
  facet normal 0.036227 0.99832 0.0452215
    outer loop
      vertex 41.8027 44.3507 12.5933
      vertex 42 44.5277 8.52775
      vertex 41.2107 44.5551 8.55517
    endloop
  endfacet
  facet normal 0.496077 0.863663 -0.0894021
    outer loop
      vertex 37.9315 45.3732 13.6158
      vertex 35.6077 46.3722 10.3722
      vertex 37.7851 45.467 13.7096
    endloop
  endfacet
  facet normal 0.496141 0.863621 -0.0894611
    outer loop
      vertex 35.6077 46.3722 10.3722
      vertex 37.9315 45.3732 13.6158
      vertex 36.1933 45.9969 9.99688
    endloop
  endfacet
  facet normal 0.316176 0.94869 -0.00439919
    outer loop
      vertex 39.1554 44.8195 13.0622
      vertex 37.6852 45.292 9.29198
      vertex 38.9768 44.8793 13.1219
    endloop
  endfacet
  facet normal 0.315929 0.948773 -0.00429242
    outer loop
      vertex 37.6852 45.292 9.29198
      vertex 39.1554 44.8195 13.0622
      vertex 38.3997 45.053 9.05305
    endloop
  endfacet
  facet normal 0.440545 0.895907 -0.0571936
    outer loop
      vertex 38.0901 45.2899 13.5326
      vertex 36.1933 45.9969 9.99688
      vertex 37.9315 45.3732 13.6158
    endloop
  endfacet
  facet normal 0.440107 0.89614 -0.0569116
    outer loop
      vertex 36.1933 45.9969 9.99688
      vertex 38.0901 45.2899 13.5326
      vertex 36.8281 45.664 9.66399
    endloop
  endfacet
  facet normal 0.439897 0.896248 -0.0568325
    outer loop
      vertex 38.437 45.1081 13.3507
      vertex 36.8281 45.664 9.66399
      vertex 38.0901 45.2899 13.5326
    endloop
  endfacet
  facet normal 0.440315 0.896029 -0.0570483
    outer loop
      vertex 36.8281 45.664 9.66399
      vertex 38.437 45.1081 13.3507
      vertex 36.9148 45.6185 9.61852
    endloop
  endfacet
  facet normal -0.179536 0.983287 0.0302088
    outer loop
      vertex 43.7857 44.6521 8.65211
      vertex 43.4428 44.4649 12.7075
      vertex 44.5523 44.7879 8.78789
    endloop
  endfacet
  facet normal -0.179819 0.983237 0.0301826
    outer loop
      vertex 43.4428 44.4649 12.7075
      vertex 43.7857 44.6521 8.65211
      vertex 43.2512 44.4309 12.6736
    endloop
  endfacet
  facet normal -0.248965 0.968391 0.0153109
    outer loop
      vertex 45.5028 45.0204 9.02042
      vertex 44.2682 44.6419 12.8846
      vertex 44.4543 44.689 12.9317
    endloop
  endfacet
  facet normal -0.248937 0.968399 0.0153206
    outer loop
      vertex 44.2682 44.6419 12.8846
      vertex 45.5028 45.0204 9.02042
      vertex 44.7587 44.8321 8.83215
    endloop
  endfacet
  facet normal -0.316176 0.94869 -0.00439919
    outer loop
      vertex 46.3148 45.292 9.29198
      vertex 44.8446 44.8195 13.0622
      vertex 45.0232 44.8793 13.1219
    endloop
  endfacet
  facet normal -0.315929 0.948773 -0.00429242
    outer loop
      vertex 44.8446 44.8195 13.0622
      vertex 46.3148 45.292 9.29198
      vertex 45.6003 45.053 9.05305
    endloop
  endfacet
  facet normal -0.633608 0.207858 -0.745208
    outer loop
      vertex 47.5544 51.1362 19.3789
      vertex 50.0724 54.051 18.051
      vertex 47.656 51.0164 19.2591
    endloop
  endfacet
  facet normal -0.633678 0.207957 -0.745122
    outer loop
      vertex 50.0724 54.051 18.051
      vertex 47.5544 51.1362 19.3789
      vertex 49.6661 54.5303 18.5303
    endloop
  endfacet
  facet normal -0.496025 0.08937 -0.863697
    outer loop
      vertex 46.2149 52.2904 20.533
      vertex 48.4723 55.5766 19.5766
      vertex 46.5349 52.0853 20.328
    endloop
  endfacet
  facet normal -0.495796 0.0891681 -0.863849
    outer loop
      vertex 48.4723 55.5766 19.5766
      vertex 46.2149 52.2904 20.533
      vertex 48.3923 55.6278 19.6278
    endloop
  endfacet
  facet normal -0.315815 0.00426887 -0.948811
    outer loop
      vertex 44.4543 53.0683 21.311
      vertex 45.6003 56.9469 20.947
      vertex 44.8446 52.9378 21.1805
    endloop
  endfacet
  facet normal -0.315812 0.0042679 -0.948812
    outer loop
      vertex 45.6003 56.9469 20.947
      vertex 44.4543 53.0683 21.311
      vertex 45.5028 56.9796 20.9796
    endloop
  endfacet
  facet normal -0.248965 -0.0153108 -0.968391
    outer loop
      vertex 44.2682 53.1154 21.3581
      vertex 45.5028 56.9796 20.9796
      vertex 44.4543 53.0683 21.311
    endloop
  endfacet
  facet normal -0.248936 -0.0153209 -0.968399
    outer loop
      vertex 45.5028 56.9796 20.9796
      vertex 44.2682 53.1154 21.3581
      vertex 44.7587 57.1678 21.1679
    endloop
  endfacet
  facet normal -0.716417 0.349011 -0.604101
    outer loop
      vertex 50.7853 52.8047 16.8048
      vertex 48.1371 50.1951 18.4377
      vertex 50.759 52.8788 16.8788
    endloop
  endfacet
  facet normal -0.716615 0.349556 -0.603551
    outer loop
      vertex 48.1371 50.1951 18.4377
      vertex 50.7853 52.8047 16.8048
      vertex 48.242 49.8989 18.1416
    endloop
  endfacet
  facet normal -0.737871 0.450593 -0.502506
    outer loop
      vertex 51.1144 51.5581 15.5582
      vertex 48.3824 49.3232 17.5658
      vertex 51.1091 51.6344 15.6344
    endloop
  endfacet
  facet normal -0.737888 0.450822 -0.502276
    outer loop
      vertex 48.3824 49.3232 17.5658
      vertex 51.1144 51.5581 15.5582
      vertex 48.4036 49.0182 17.2609
    endloop
  endfacet
  facet normal -0.667845 0.699937 -0.253121
    outer loop
      vertex 50.4103 48.4542 12.4542
      vertex 47.656 46.7409 14.9836
      vertex 47.7405 46.8672 15.1099
    endloop
  endfacet
  facet normal -0.667873 0.699888 -0.253185
    outer loop
      vertex 47.656 46.7409 14.9836
      vertex 50.4103 48.4542 12.4542
      vertex 50.0724 47.949 11.949
    endloop
  endfacet
  facet normal -0.633608 0.745208 -0.207858
    outer loop
      vertex 50.0724 47.949 11.949
      vertex 47.5544 46.6211 14.8638
      vertex 47.656 46.7409 14.9836
    endloop
  endfacet
  facet normal -0.633678 0.745122 -0.207957
    outer loop
      vertex 47.5544 46.6211 14.8638
      vertex 50.0724 47.949 11.949
      vertex 49.6661 47.4697 11.4697
    endloop
  endfacet
  facet normal -0.667881 0.699883 -0.253177
    outer loop
      vertex 50.4564 48.5232 12.5232
      vertex 47.7405 46.8672 15.1099
      vertex 47.9251 47.1432 15.3859
    endloop
  endfacet
  facet normal -0.667987 0.699699 -0.253406
    outer loop
      vertex 47.7405 46.8672 15.1099
      vertex 50.4564 48.5232 12.5232
      vertex 50.4103 48.4542 12.4542
    endloop
  endfacet
  facet normal -0.695593 0.652578 -0.300485
    outer loop
      vertex 47.9251 47.1432 15.3859
      vertex 50.7227 49.0493 13.0493
      vertex 50.4564 48.5232 12.5232
    endloop
  endfacet
  facet normal -0.69564 0.652458 -0.300638
    outer loop
      vertex 50.7227 49.0493 13.0493
      vertex 47.9251 47.1432 15.3859
      vertex 47.9917 47.2748 15.5174
    endloop
  endfacet
  facet normal -0.593368 0.787776 -0.165301
    outer loop
      vertex 49.6106 47.4042 11.4042
      vertex 47.0752 46.114 14.3566
      vertex 47.3324 46.3592 14.6019
    endloop
  endfacet
  facet normal -0.593387 0.787755 -0.165327
    outer loop
      vertex 47.0752 46.114 14.3566
      vertex 49.6106 47.4042 11.4042
      vertex 49.5463 47.3429 11.3429
    endloop
  endfacet
  facet normal -0.730769 0.553464 -0.399567
    outer loop
      vertex 48.319 48.1322 16.3748
      vertex 51.1091 50.3656 14.3656
      vertex 51.0932 50.2901 14.2901
    endloop
  endfacet
  facet normal -0.730787 0.553249 -0.399832
    outer loop
      vertex 51.1091 50.3656 14.3656
      vertex 48.319 48.1322 16.3748
      vertex 48.3824 48.4342 16.6768
    endloop
  endfacet
  facet normal 0.379927 0.0284995 -0.924577
    outer loop
      vertex 38.437 52.6493 20.8919
      vertex 37.0074 56.4207 20.4207
      vertex 38.8073 52.8062 21.0489
    endloop
  endfacet
  facet normal 0.379491 0.0283111 -0.924762
    outer loop
      vertex 37.0074 56.4207 20.4207
      vertex 38.437 52.6493 20.8919
      vertex 36.9148 56.3815 20.3815
    endloop
  endfacet
  facet normal 0.439896 0.0568327 -0.896248
    outer loop
      vertex 36.8281 56.336 20.336
      vertex 38.437 52.6493 20.8919
      vertex 38.0901 52.4674 20.7101
    endloop
  endfacet
  facet normal 0.440302 0.0570419 -0.896036
    outer loop
      vertex 38.437 52.6493 20.8919
      vertex 36.8281 56.336 20.336
      vertex 36.9148 56.3815 20.3815
    endloop
  endfacet
  facet normal 0.036472 -0.0452324 -0.99831
    outer loop
      vertex 41.8027 53.4067 21.6493
      vertex 42 57.4723 21.4723
      vertex 42 53.4135 21.6562
    endloop
  endfacet
  facet normal 0.0362315 -0.0452211 -0.99832
    outer loop
      vertex 42 57.4723 21.4723
      vertex 41.8027 53.4067 21.6493
      vertex 41.2107 57.4448 21.4449
    endloop
  endfacet
  facet normal -0.036472 -0.0452324 -0.99831
    outer loop
      vertex 42 57.4723 21.4723
      vertex 42.1973 53.4067 21.6493
      vertex 42 53.4135 21.6562
    endloop
  endfacet
  facet normal -0.0362315 -0.0452211 -0.99832
    outer loop
      vertex 42.1973 53.4067 21.6493
      vertex 42 57.4723 21.4723
      vertex 42.7893 57.4448 21.4449
    endloop
  endfacet
  facet normal 0.0360624 -0.0452462 -0.998325
    outer loop
      vertex 41.3714 53.3917 21.6344
      vertex 41.2107 57.4448 21.4449
      vertex 41.8027 53.4067 21.6493
    endloop
  endfacet
  facet normal 0.0367086 -0.0452195 -0.998302
    outer loop
      vertex 41.2107 57.4448 21.4449
      vertex 41.3714 53.3917 21.6344
      vertex 41.1028 57.4411 21.4411
    endloop
  endfacet
  facet normal 0.108484 -0.0402191 -0.993284
    outer loop
      vertex 41.3714 53.3917 21.6344
      vertex 40.9961 57.4299 21.4299
      vertex 41.1028 57.4411 21.4411
    endloop
  endfacet
  facet normal 0.108409 -0.0402264 -0.993292
    outer loop
      vertex 40.9961 57.4299 21.4299
      vertex 41.3714 53.3917 21.6344
      vertex 40.9443 53.3469 21.5896
    endloop
  endfacet
  facet normal -0.179108 -0.0302892 -0.983363
    outer loop
      vertex 43.8617 53.2183 21.4609
      vertex 44.5523 57.2121 21.2121
      vertex 44.657 57.1936 21.1936
    endloop
  endfacet
  facet normal -0.179522 -0.0302129 -0.98329
    outer loop
      vertex 44.5523 57.2121 21.2121
      vertex 43.8617 53.2183 21.4609
      vertex 43.4428 53.2925 21.5351
    endloop
  endfacet
  facet normal 0.179522 -0.0302129 -0.98329
    outer loop
      vertex 40.1383 53.2183 21.4609
      vertex 39.4477 57.2121 21.2121
      vertex 40.5572 53.2925 21.5351
    endloop
  endfacet
  facet normal 0.179108 -0.0302892 -0.983363
    outer loop
      vertex 39.4477 57.2121 21.2121
      vertex 40.1383 53.2183 21.4609
      vertex 39.343 57.1936 21.1936
    endloop
  endfacet
  facet normal 0.179819 -0.0301825 -0.983237
    outer loop
      vertex 40.5572 53.2925 21.5351
      vertex 40.2143 57.3479 21.3479
      vertex 40.7488 53.3264 21.5691
    endloop
  endfacet
  facet normal 0.179537 -0.0302087 -0.983287
    outer loop
      vertex 40.2143 57.3479 21.3479
      vertex 40.5572 53.2925 21.5351
      vertex 39.4477 57.2121 21.2121
    endloop
  endfacet
  facet normal 0.716669 0.349661 -0.603425
    outer loop
      vertex 35.758 49.8989 18.1416
      vertex 33.0227 52.2627 16.2627
      vertex 33.2147 52.8047 16.8048
    endloop
  endfacet
  facet normal 0.716644 0.349563 -0.603513
    outer loop
      vertex 33.0227 52.2627 16.2627
      vertex 35.758 49.8989 18.1416
      vertex 35.7099 49.7634 18.006
    endloop
  endfacet
  facet normal 0.730823 0.552974 -0.400147
    outer loop
      vertex 35.7099 47.994 16.2366
      vertex 32.9068 50.2901 14.2901
      vertex 35.681 48.1322 16.3748
    endloop
  endfacet
  facet normal 0.730812 0.553148 -0.399926
    outer loop
      vertex 32.9068 50.2901 14.2901
      vertex 35.7099 47.994 16.2366
      vertex 33.0227 49.7373 13.7373
    endloop
  endfacet
  facet normal 0.716644 0.603513 -0.349563
    outer loop
      vertex 35.758 47.8584 16.1011
      vertex 33.0227 49.7373 13.7373
      vertex 35.7099 47.994 16.2366
    endloop
  endfacet
  facet normal 0.716669 0.603425 -0.349661
    outer loop
      vertex 33.0227 49.7373 13.7373
      vertex 35.758 47.8584 16.1011
      vertex 33.2147 49.1952 13.1953
    endloop
  endfacet
  facet normal 0.69564 0.652458 -0.300638
    outer loop
      vertex 36.0749 47.1432 15.3859
      vertex 33.2773 49.0493 13.0493
      vertex 36.0083 47.2748 15.5174
    endloop
  endfacet
  facet normal 0.695593 0.652578 -0.300485
    outer loop
      vertex 33.2773 49.0493 13.0493
      vertex 36.0749 47.1432 15.3859
      vertex 33.5436 48.5232 12.5232
    endloop
  endfacet
  facet normal 0.547493 0.827307 -0.125758
    outer loop
      vertex 37.4651 45.672 13.9147
      vertex 35.4552 46.48 10.48
      vertex 37.1751 45.8983 14.1409
    endloop
  endfacet
  facet normal 0.547583 0.827237 -0.125827
    outer loop
      vertex 35.4552 46.48 10.48
      vertex 37.4651 45.672 13.9147
      vertex 35.5277 46.4234 10.4234
    endloop
  endfacet
  facet normal 0.108375 0.993296 0.0402315
    outer loop
      vertex 40.9443 44.4104 12.6531
      vertex 40.2143 44.6521 8.65211
      vertex 40.7488 44.4309 12.6736
    endloop
  endfacet
  facet normal 0.108402 0.993293 0.0402264
    outer loop
      vertex 40.2143 44.6521 8.65211
      vertex 40.9443 44.4104 12.6531
      vertex 40.9961 44.5701 8.57011
    endloop
  endfacet
  facet normal 0.179522 0.98329 0.0302129
    outer loop
      vertex 39.4477 44.7879 8.78789
      vertex 40.1383 44.5391 12.7817
      vertex 40.5572 44.4649 12.7075
    endloop
  endfacet
  facet normal 0.179121 0.983361 0.0302866
    outer loop
      vertex 40.1383 44.5391 12.7817
      vertex 39.4477 44.7879 8.78789
      vertex 39.343 44.8064 8.80644
    endloop
  endfacet
  facet normal 0.37967 0.924687 -0.0283521
    outer loop
      vertex 38.9768 44.8793 13.1219
      vertex 37.0074 45.5793 9.57928
      vertex 38.8073 44.9511 13.1938
    endloop
  endfacet
  facet normal 0.379849 0.92461 -0.0284671
    outer loop
      vertex 37.0074 45.5793 9.57928
      vertex 38.9768 44.8793 13.1219
      vertex 37.6852 45.292 9.29198
    endloop
  endfacet
  facet normal 0.496025 0.863697 -0.08937
    outer loop
      vertex 37.7851 45.467 13.7096
      vertex 35.5277 46.4234 10.4234
      vertex 37.4651 45.672 13.9147
    endloop
  endfacet
  facet normal 0.495796 0.863849 -0.0891681
    outer loop
      vertex 35.5277 46.4234 10.4234
      vertex 37.7851 45.467 13.7096
      vertex 35.6077 46.3722 10.3722
    endloop
  endfacet
  facet normal -0.179121 0.983361 0.0302866
    outer loop
      vertex 44.5523 44.7879 8.78789
      vertex 43.8617 44.5391 12.7817
      vertex 44.657 44.8064 8.80644
    endloop
  endfacet
  facet normal -0.179522 0.98329 0.0302129
    outer loop
      vertex 43.8617 44.5391 12.7817
      vertex 44.5523 44.7879 8.78789
      vertex 43.4428 44.4649 12.7075
    endloop
  endfacet
  facet normal -0.0367253 0.998302 0.0452185
    outer loop
      vertex 42.7893 44.5551 8.55517
      vertex 42.6286 44.3656 12.6083
      vertex 42.8972 44.5589 8.55891
    endloop
  endfacet
  facet normal -0.0360624 0.998325 0.0452458
    outer loop
      vertex 42.6286 44.3656 12.6083
      vertex 42.7893 44.5551 8.55517
      vertex 42.1973 44.3507 12.5933
    endloop
  endfacet
  facet normal -0.108409 0.993292 0.0402265
    outer loop
      vertex 43.0039 44.5701 8.57011
      vertex 42.6286 44.3656 12.6083
      vertex 43.0557 44.4104 12.6531
    endloop
  endfacet
  facet normal -0.108484 0.993284 0.0402192
    outer loop
      vertex 42.6286 44.3656 12.6083
      vertex 43.0039 44.5701 8.57011
      vertex 42.8972 44.5589 8.55891
    endloop
  endfacet
  facet normal -0.379482 0.924766 -0.0283071
    outer loop
      vertex 46.9926 45.5793 9.57928
      vertex 45.563 45.1081 13.3507
      vertex 47.0852 45.6185 9.61852
    endloop
  endfacet
  facet normal -0.379927 0.924577 -0.0284994
    outer loop
      vertex 45.563 45.1081 13.3507
      vertex 46.9926 45.5793 9.57928
      vertex 45.1927 44.9511 13.1938
    endloop
  endfacet
  facet normal -0.440545 0.895907 -0.0571936
    outer loop
      vertex 47.8067 45.9969 9.99688
      vertex 45.9099 45.2899 13.5326
      vertex 46.0685 45.3732 13.6158
    endloop
  endfacet
  facet normal -0.440107 0.89614 -0.0569116
    outer loop
      vertex 45.9099 45.2899 13.5326
      vertex 47.8067 45.9969 9.99688
      vertex 47.1719 45.664 9.66399
    endloop
  endfacet
  facet normal -0.496025 0.863697 -0.08937
    outer loop
      vertex 48.4723 46.4234 10.4234
      vertex 46.2149 45.467 13.7096
      vertex 46.5349 45.672 13.9147
    endloop
  endfacet
  facet normal -0.495796 0.863849 -0.0891681
    outer loop
      vertex 46.2149 45.467 13.7096
      vertex 48.4723 46.4234 10.4234
      vertex 48.3923 46.3722 10.3722
    endloop
  endfacet
  facet normal -0.547493 0.827307 -0.125758
    outer loop
      vertex 48.5448 46.48 10.48
      vertex 46.5349 45.672 13.9147
      vertex 46.8249 45.8983 14.1409
    endloop
  endfacet
  facet normal -0.547583 0.827237 -0.125827
    outer loop
      vertex 46.5349 45.672 13.9147
      vertex 48.5448 46.48 10.48
      vertex 48.4723 46.4234 10.4234
    endloop
  endfacet
  facet normal -0.633687 0.207965 -0.745111
    outer loop
      vertex 47.3324 51.3981 19.6408
      vertex 49.6661 54.5303 18.5303
      vertex 47.5544 51.1362 19.3789
    endloop
  endfacet
  facet normal -0.633751 0.20804 -0.745036
    outer loop
      vertex 49.6661 54.5303 18.5303
      vertex 47.3324 51.3981 19.6408
      vertex 49.6106 54.5958 18.5958
    endloop
  endfacet
  facet normal -0.593368 0.165301 -0.787776
    outer loop
      vertex 47.0752 51.6434 19.886
      vertex 49.6106 54.5958 18.5958
      vertex 47.3324 51.3981 19.6408
    endloop
  endfacet
  facet normal -0.593387 0.165327 -0.787755
    outer loop
      vertex 49.6106 54.5958 18.5958
      vertex 47.0752 51.6434 19.886
      vertex 49.5463 54.6571 18.6571
    endloop
  endfacet
  facet normal -0.695748 0.652203 -0.300942
    outer loop
      vertex 47.9917 47.2748 15.5174
      vertex 50.759 49.1212 13.1212
      vertex 50.7227 49.0493 13.0493
    endloop
  endfacet
  facet normal -0.695648 0.652451 -0.300635
    outer loop
      vertex 50.759 49.1212 13.1212
      vertex 47.9917 47.2748 15.5174
      vertex 48.1371 47.5623 15.8049
    endloop
  endfacet
  facet normal -0.0367086 -0.0452195 -0.998302
    outer loop
      vertex 42.6286 53.3917 21.6344
      vertex 42.7893 57.4448 21.4449
      vertex 42.8972 57.4411 21.4411
    endloop
  endfacet
  facet normal -0.0360624 -0.0452462 -0.998325
    outer loop
      vertex 42.7893 57.4448 21.4449
      vertex 42.6286 53.3917 21.6344
      vertex 42.1973 53.4067 21.6493
    endloop
  endfacet
  facet normal 0.248791 -0.0153401 -0.968436
    outer loop
      vertex 39.2413 57.1678 21.1679
      vertex 40.1383 53.2183 21.4609
      vertex 39.7318 53.1154 21.3581
    endloop
  endfacet
  facet normal 0.248638 -0.0153777 -0.968474
    outer loop
      vertex 40.1383 53.2183 21.4609
      vertex 39.2413 57.1678 21.1679
      vertex 39.343 57.1936 21.1936
    endloop
  endfacet
  facet normal 0.248965 -0.0153108 -0.968391
    outer loop
      vertex 38.4972 56.9796 20.9796
      vertex 39.7318 53.1154 21.3581
      vertex 39.5457 53.0683 21.311
    endloop
  endfacet
  facet normal 0.248936 -0.0153209 -0.968399
    outer loop
      vertex 39.7318 53.1154 21.3581
      vertex 38.4972 56.9796 20.9796
      vertex 39.2413 57.1678 21.1679
    endloop
  endfacet
  facet normal 0.695748 0.300942 -0.652203
    outer loop
      vertex 36.0083 50.4826 18.7252
      vertex 33.241 52.8788 16.8788
      vertex 33.2773 52.9507 16.9507
    endloop
  endfacet
  facet normal 0.695648 0.300635 -0.652451
    outer loop
      vertex 33.241 52.8788 16.8788
      vertex 36.0083 50.4826 18.7252
      vertex 35.8629 50.1951 18.4377
    endloop
  endfacet
  facet normal 0.716417 0.349011 -0.604101
    outer loop
      vertex 35.8629 50.1951 18.4377
      vertex 33.2147 52.8047 16.8048
      vertex 33.241 52.8788 16.8788
    endloop
  endfacet
  facet normal 0.716615 0.349556 -0.603551
    outer loop
      vertex 33.2147 52.8047 16.8048
      vertex 35.8629 50.1951 18.4377
      vertex 35.758 49.8989 18.1416
    endloop
  endfacet
  facet normal 0.716615 0.603551 -0.349556
    outer loop
      vertex 35.8629 47.5623 15.8049
      vertex 33.2147 49.1952 13.1953
      vertex 35.758 47.8584 16.1011
    endloop
  endfacet
  facet normal 0.716417 0.604101 -0.349011
    outer loop
      vertex 33.2147 49.1952 13.1953
      vertex 35.8629 47.5623 15.8049
      vertex 33.241 49.1212 13.1212
    endloop
  endfacet
  facet normal 0.633608 0.745208 -0.207858
    outer loop
      vertex 36.4456 46.6211 14.8638
      vertex 33.9276 47.949 11.949
      vertex 36.344 46.7409 14.9836
    endloop
  endfacet
  facet normal 0.633678 0.745122 -0.207957
    outer loop
      vertex 33.9276 47.949 11.949
      vertex 36.4456 46.6211 14.8638
      vertex 34.3339 47.4697 11.4697
    endloop
  endfacet
  facet normal 0.695648 0.652451 -0.300635
    outer loop
      vertex 36.0083 47.2748 15.5174
      vertex 33.241 49.1212 13.1212
      vertex 35.8629 47.5623 15.8049
    endloop
  endfacet
  facet normal 0.695748 0.652203 -0.300942
    outer loop
      vertex 33.241 49.1212 13.1212
      vertex 36.0083 47.2748 15.5174
      vertex 33.2773 49.0493 13.0493
    endloop
  endfacet
  facet normal 0.593368 0.787776 -0.165301
    outer loop
      vertex 36.9248 46.114 14.3566
      vertex 34.3894 47.4042 11.4042
      vertex 36.6676 46.3592 14.6019
    endloop
  endfacet
  facet normal 0.593387 0.787755 -0.165327
    outer loop
      vertex 34.3894 47.4042 11.4042
      vertex 36.9248 46.114 14.3566
      vertex 34.4537 47.3429 11.3429
    endloop
  endfacet
  facet normal 0.0360624 0.998325 0.0452458
    outer loop
      vertex 41.2107 44.5551 8.55517
      vertex 41.3714 44.3656 12.6083
      vertex 41.8027 44.3507 12.5933
    endloop
  endfacet
  facet normal 0.0367253 0.998302 0.0452185
    outer loop
      vertex 41.3714 44.3656 12.6083
      vertex 41.2107 44.5551 8.55517
      vertex 41.1028 44.5589 8.55891
    endloop
  endfacet
  facet normal 0.248791 0.968436 0.0153399
    outer loop
      vertex 40.1383 44.5391 12.7817
      vertex 39.2413 44.8321 8.83215
      vertex 39.7318 44.6419 12.8846
    endloop
  endfacet
  facet normal 0.248626 0.968477 0.0153805
    outer loop
      vertex 39.2413 44.8321 8.83215
      vertex 40.1383 44.5391 12.7817
      vertex 39.343 44.8064 8.80644
    endloop
  endfacet
  facet normal 0.379927 0.924577 -0.0284994
    outer loop
      vertex 37.0074 45.5793 9.57928
      vertex 38.437 45.1081 13.3507
      vertex 38.8073 44.9511 13.1938
    endloop
  endfacet
  facet normal 0.379482 0.924766 -0.0283071
    outer loop
      vertex 38.437 45.1081 13.3507
      vertex 37.0074 45.5793 9.57928
      vertex 36.9148 45.6185 9.61852
    endloop
  endfacet
  facet normal -0.248791 0.968436 0.0153399
    outer loop
      vertex 44.7587 44.8321 8.83215
      vertex 43.8617 44.5391 12.7817
      vertex 44.2682 44.6419 12.8846
    endloop
  endfacet
  facet normal -0.248626 0.968477 0.0153805
    outer loop
      vertex 43.8617 44.5391 12.7817
      vertex 44.7587 44.8321 8.83215
      vertex 44.657 44.8064 8.80644
    endloop
  endfacet
  facet normal -0.439897 0.896248 -0.0568325
    outer loop
      vertex 47.1719 45.664 9.66399
      vertex 45.563 45.1081 13.3507
      vertex 45.9099 45.2899 13.5326
    endloop
  endfacet
  facet normal -0.440315 0.896029 -0.0570483
    outer loop
      vertex 45.563 45.1081 13.3507
      vertex 47.1719 45.664 9.66399
      vertex 47.0852 45.6185 9.61852
    endloop
  endfacet
  facet normal 0.108409 0.993292 0.0402265
    outer loop
      vertex 41.3714 44.3656 12.6083
      vertex 40.9961 44.5701 8.57011
      vertex 40.9443 44.4104 12.6531
    endloop
  endfacet
  facet normal 0.108484 0.993284 0.0402192
    outer loop
      vertex 40.9961 44.5701 8.57011
      vertex 41.3714 44.3656 12.6083
      vertex 41.1028 44.5589 8.55891
    endloop
  endfacet
  facet normal 0.315815 0.948811 -0.00426882
    outer loop
      vertex 39.5457 44.689 12.9317
      vertex 38.3997 45.053 9.05305
      vertex 39.1554 44.8195 13.0622
    endloop
  endfacet
  facet normal 0.315815 0.948811 -0.00426867
    outer loop
      vertex 38.3997 45.053 9.05305
      vertex 39.5457 44.689 12.9317
      vertex 38.4972 45.0204 9.02042
    endloop
  endfacet
  facet normal 0.248965 0.968391 0.0153109
    outer loop
      vertex 39.7318 44.6419 12.8846
      vertex 38.4972 45.0204 9.02042
      vertex 39.5457 44.689 12.9317
    endloop
  endfacet
  facet normal 0.248937 0.968399 0.0153206
    outer loop
      vertex 38.4972 45.0204 9.02042
      vertex 39.7318 44.6419 12.8846
      vertex 39.2413 44.8321 8.83215
    endloop
  endfacet
  facet normal -0.766273 0.426931 -0.480162
    outer loop
      vertex 75.8483 51 15
      vertex 73.3297 48.9852 17.2279
      vertex 75.8187 51.4261 15.4261
    endloop
  endfacet
  facet normal -0.766274 0.427162 -0.479955
    outer loop
      vertex 73.3297 48.9852 17.2279
      vertex 75.8483 51 15
      vertex 73.3371 48.8787 17.1213
    endloop
  endfacet
  facet normal 0.766274 0.479955 -0.427162
    outer loop
      vertex 64.6703 48.7721 17.0148
      vertex 62.1517 51 15
      vertex 64.6629 48.8787 17.1213
    endloop
  endfacet
  facet normal 0.766273 0.480162 -0.426931
    outer loop
      vertex 62.1517 51 15
      vertex 64.6703 48.7721 17.0148
      vertex 62.1813 50.5739 14.5739
    endloop
  endfacet
  facet normal -0.744208 0.321753 -0.585346
    outer loop
      vertex 75.7 51.9918 15.9918
      vertex 73.1503 49.7689 18.0116
      vertex 75.5534 52.4057 16.4057
    endloop
  endfacet
  facet normal -0.744174 0.321598 -0.585474
    outer loop
      vertex 73.1503 49.7689 18.0116
      vertex 75.7 51.9918 15.9918
      vertex 73.187 49.6654 17.9081
    endloop
  endfacet
  facet normal -0.693528 0.221594 -0.685504
    outer loop
      vertex 75.2976 52.897 16.897
      vertex 72.8249 50.3243 18.567
      vertex 75.0396 53.2827 17.2827
    endloop
  endfacet
  facet normal -0.6935 0.221538 -0.68555
    outer loop
      vertex 72.8249 50.3243 18.567
      vertex 75.2976 52.897 16.897
      vertex 72.8894 50.2279 18.4706
    endloop
  endfacet
  facet normal -0.258556 -0.0571945 -0.964302
    outer loop
      vertex 70.401 51.7774 20.0201
      vertex 70.9879 55.6339 19.634
      vertex 71.556 55.4902 19.4902
    endloop
  endfacet
  facet normal -0.258318 -0.0572368 -0.964363
    outer loop
      vertex 70.9879 55.6339 19.634
      vertex 70.401 51.7774 20.0201
      vertex 70.259 51.8134 20.056
    endloop
  endfacet
  facet normal 0.327916 -0.0368848 -0.943987
    outer loop
      vertex 65.7717 55.2707 19.2707
      vertex 67.0919 51.6289 19.8716
      vertex 66.9555 51.5833 19.826
    endloop
  endfacet
  facet normal 0.327964 -0.0368647 -0.943971
    outer loop
      vertex 67.0919 51.6289 19.8716
      vertex 65.7717 55.2707 19.2707
      vertex 66.3172 55.4531 19.4531
    endloop
  endfacet
  facet normal -0.568363 0.0891508 -0.817934
    outer loop
      vertex 72.1681 50.9682 19.2108
      vertex 74.2938 54.072 18.072
      vertex 72.3526 50.8242 19.0669
    endloop
  endfacet
  facet normal -0.568677 0.0894586 -0.817682
    outer loop
      vertex 74.2938 54.072 18.072
      vertex 72.1681 50.9682 19.2108
      vertex 74.2477 54.108 18.108
    endloop
  endfacet
  facet normal -0.328103 0.943924 0.0368314
    outer loop
      vertex 71.6828 46.5469 10.5469
      vertex 70.6597 46.0453 14.288
      vertex 70.9081 46.1284 14.3711
    endloop
  endfacet
  facet normal -0.328378 0.943831 0.0367438
    outer loop
      vertex 70.6597 46.0453 14.288
      vertex 71.6828 46.5469 10.5469
      vertex 71.6207 46.5261 10.5262
    endloop
  endfacet
  facet normal -0.758885 0.533133 -0.373983
    outer loop
      vertex 73.2537 48.2804 16.523
      vertex 75.8052 50.4773 14.4773
      vertex 75.7167 50.0553 14.0553
    endloop
  endfacet
  facet normal -0.758859 0.533375 -0.37369
    outer loop
      vertex 75.8052 50.4773 14.4773
      vertex 73.2537 48.2804 16.523
      vertex 73.2759 48.3859 16.6285
    endloop
  endfacet
  facet normal 0.693528 0.221594 -0.685504
    outer loop
      vertex 65.1751 50.3243 18.567
      vertex 62.7024 52.897 16.897
      vertex 62.9604 53.2827 17.2827
    endloop
  endfacet
  facet normal 0.6935 0.221538 -0.68555
    outer loop
      vertex 62.7024 52.897 16.897
      vertex 65.1751 50.3243 18.567
      vertex 65.1106 50.2279 18.4706
    endloop
  endfacet
  facet normal 0.515247 0.0516209 -0.855486
    outer loop
      vertex 64.6046 54.7106 18.7107
      vertex 66.2486 51.2493 19.492
      vertex 66.045 51.1188 19.3615
    endloop
  endfacet
  facet normal 0.514973 0.0514509 -0.855661
    outer loop
      vertex 66.2486 51.2493 19.492
      vertex 64.6046 54.7106 18.7107
      vertex 64.6555 54.7433 18.7433
    endloop
  endfacet
  facet normal 0.766273 0.426931 -0.480162
    outer loop
      vertex 64.6703 48.9852 17.2279
      vertex 62.1517 51 15
      vertex 62.1813 51.4261 15.4261
    endloop
  endfacet
  facet normal 0.766274 0.427162 -0.479955
    outer loop
      vertex 62.1517 51 15
      vertex 64.6703 48.9852 17.2279
      vertex 64.6629 48.8787 17.1213
    endloop
  endfacet
  facet normal 0.568696 0.817667 -0.0894759
    outer loop
      vertex 65.9332 46.7101 14.9528
      vertex 63.7523 47.892 11.892
      vertex 65.8319 46.7892 15.0318
    endloop
  endfacet
  facet normal 0.568437 0.817876 -0.0892112
    outer loop
      vertex 63.7523 47.892 11.892
      vertex 65.9332 46.7101 14.9528
      vertex 64.1575 47.5759 11.5759
    endloop
  endfacet
  facet normal 0.693397 0.221346 -0.685716
    outer loop
      vertex 65.1106 50.2279 18.4706
      vertex 62.673 52.8531 16.8531
      vertex 62.7024 52.897 16.897
    endloop
  endfacet
  facet normal 0.693582 0.221704 -0.685413
    outer loop
      vertex 62.673 52.8531 16.8531
      vertex 65.1106 50.2279 18.4706
      vertex 64.9931 50.0523 18.2949
    endloop
  endfacet
  facet normal 0.258326 0.964358 0.0572739
    outer loop
      vertex 67.741 45.944 14.1866
      vertex 66.444 46.5098 10.5098
      vertex 67.599 45.9799 14.2226
    endloop
  endfacet
  facet normal 0.258554 0.964303 0.0571852
    outer loop
      vertex 66.444 46.5098 10.5098
      vertex 67.741 45.944 14.1866
      vertex 67.0121 46.366 10.3661
    endloop
  endfacet
  facet normal -0.0379118 -0.0882707 -0.995375
    outer loop
      vertex 69.4251 51.9307 20.1733
      vertex 69.6026 55.8215 19.8215
      vertex 69.6712 55.8191 19.8191
    endloop
  endfacet
  facet normal -0.0378797 -0.0882722 -0.995376
    outer loop
      vertex 69.6026 55.8215 19.8215
      vertex 69.4251 51.9307 20.1733
      vertex 69.1507 51.9402 20.1829
    endloop
  endfacet
  facet normal -0.394702 -0.0116027 -0.918736
    outer loop
      vertex 71.0445 51.5833 19.826
      vertex 72.7458 55.0513 19.0513
      vertex 71.1739 51.5285 19.7711
    endloop
  endfacet
  facet normal -0.39451 -0.0117152 -0.918817
    outer loop
      vertex 72.7458 55.0513 19.0513
      vertex 71.0445 51.5833 19.826
      vertex 72.2283 55.2707 19.2707
    endloop
  endfacet
  facet normal 0.258602 -0.0571783 -0.96429
    outer loop
      vertex 67.3403 51.712 19.9546
      vertex 66.444 55.4902 19.4902
      vertex 67.599 51.7774 20.0201
    endloop
  endfacet
  facet normal 0.257565 -0.0574564 -0.964551
    outer loop
      vertex 66.444 55.4902 19.4902
      vertex 67.3403 51.712 19.9546
      vertex 66.3793 55.4738 19.4739
    endloop
  endfacet
  facet normal 0.0378797 -0.0882722 -0.995376
    outer loop
      vertex 68.5749 51.9307 20.1733
      vertex 68.3974 55.8215 19.8215
      vertex 68.8493 51.9402 20.1829
    endloop
  endfacet
  facet normal 0.0379118 -0.0882707 -0.995375
    outer loop
      vertex 68.3974 55.8215 19.8215
      vertex 68.5749 51.9307 20.1733
      vertex 68.3288 55.8191 19.8191
    endloop
  endfacet
  facet normal -0.515024 0.0514447 -0.85563
    outer loop
      vertex 71.955 51.1188 19.3615
      vertex 73.8425 54.4241 18.4241
      vertex 72.0668 51.0472 19.2899
    endloop
  endfacet
  facet normal -0.51528 0.051638 -0.855465
    outer loop
      vertex 73.8425 54.4241 18.4241
      vertex 71.955 51.1188 19.3615
      vertex 73.3954 54.7106 18.7107
    endloop
  endfacet
  facet normal -0.394702 0.918736 0.0116027
    outer loop
      vertex 72.7458 46.9487 10.9487
      vertex 71.0445 46.174 14.4167
      vertex 71.1739 46.2289 14.4715
    endloop
  endfacet
  facet normal -0.39451 0.918817 0.0117152
    outer loop
      vertex 71.0445 46.174 14.4167
      vertex 72.7458 46.9487 10.9487
      vertex 72.2283 46.7293 10.7293
    endloop
  endfacet
  facet normal -0.616274 0.776652 -0.130457
    outer loop
      vertex 74.6941 48.3097 12.3097
      vertex 72.4424 47.0188 15.2615
      vertex 72.6061 47.1749 15.4175
    endloop
  endfacet
  facet normal -0.616855 0.776072 -0.131155
    outer loop
      vertex 72.4424 47.0188 15.2615
      vertex 74.6941 48.3097 12.3097
      vertex 74.6532 48.2706 12.2707
    endloop
  endfacet
  facet normal -0.693528 0.685504 -0.221594
    outer loop
      vertex 72.8249 47.433 15.6757
      vertex 75.2976 49.103 13.103
      vertex 75.0396 48.7173 12.7173
    endloop
  endfacet
  facet normal -0.6935 0.68555 -0.221538
    outer loop
      vertex 75.2976 49.103 13.103
      vertex 72.8249 47.433 15.6757
      vertex 72.8894 47.5294 15.7721
    endloop
  endfacet
  facet normal -0.766273 0.480162 -0.426931
    outer loop
      vertex 73.3297 48.7721 17.0148
      vertex 75.8483 51 15
      vertex 75.8187 50.5739 14.5739
    endloop
  endfacet
  facet normal -0.766274 0.479955 -0.427162
    outer loop
      vertex 75.8483 51 15
      vertex 73.3297 48.7721 17.0148
      vertex 73.3371 48.8787 17.1213
    endloop
  endfacet
  facet normal -0.758809 0.53373 -0.373286
    outer loop
      vertex 73.2759 48.3859 16.6285
      vertex 75.8153 50.5253 14.5254
      vertex 75.8052 50.4773 14.4773
    endloop
  endfacet
  facet normal -0.758886 0.53312 -0.373999
    outer loop
      vertex 75.8153 50.5253 14.5254
      vertex 73.2759 48.3859 16.6285
      vertex 73.3162 48.5781 16.8207
    endloop
  endfacet
  facet normal 0.616411 0.130615 -0.776516
    outer loop
      vertex 63.3468 53.7293 17.7293
      vertex 65.6474 50.8242 19.0669
      vertex 65.5576 50.7385 18.9812
    endloop
  endfacet
  facet normal 0.616246 0.130407 -0.776682
    outer loop
      vertex 65.6474 50.8242 19.0669
      vertex 63.3468 53.7293 17.7293
      vertex 63.7062 54.072 18.072
    endloop
  endfacet
  facet normal 0.568696 0.0894759 -0.817667
    outer loop
      vertex 63.7523 54.108 18.108
      vertex 65.9332 51.0472 19.2899
      vertex 65.8319 50.9682 19.2108
    endloop
  endfacet
  facet normal 0.568437 0.0892112 -0.817876
    outer loop
      vertex 65.9332 51.0472 19.2899
      vertex 63.7523 54.108 18.108
      vertex 64.1575 54.4241 18.4241
    endloop
  endfacet
  facet normal 0.515024 0.0514447 -0.85563
    outer loop
      vertex 64.1575 54.4241 18.4241
      vertex 66.045 51.1188 19.3615
      vertex 65.9332 51.0472 19.2899
    endloop
  endfacet
  facet normal 0.51528 0.051638 -0.855465
    outer loop
      vertex 66.045 51.1188 19.3615
      vertex 64.1575 54.4241 18.4241
      vertex 64.6046 54.7106 18.7107
    endloop
  endfacet
  facet normal 0.76625 0.480328 -0.426786
    outer loop
      vertex 64.6838 48.5781 16.8207
      vertex 62.1813 50.5739 14.5739
      vertex 64.6703 48.7721 17.0148
    endloop
  endfacet
  facet normal 0.766283 0.479917 -0.427188
    outer loop
      vertex 62.1813 50.5739 14.5739
      vertex 64.6838 48.5781 16.8207
      vertex 62.1847 50.5253 14.5254
    endloop
  endfacet
  facet normal 0.722352 0.636296 -0.270804
    outer loop
      vertex 64.9005 47.888 16.1307
      vertex 62.4466 49.5943 13.5943
      vertex 64.8497 47.9884 16.2311
    endloop
  endfacet
  facet normal 0.722334 0.636334 -0.270761
    outer loop
      vertex 62.4466 49.5943 13.5943
      vertex 64.9005 47.888 16.1307
      vertex 62.6499 49.1926 13.1926
    endloop
  endfacet
  facet normal 0.744208 0.321753 -0.585346
    outer loop
      vertex 64.8497 49.7689 18.0116
      vertex 62.3 51.9918 15.9918
      vertex 62.4466 52.4057 16.4057
    endloop
  endfacet
  facet normal 0.744174 0.321598 -0.585474
    outer loop
      vertex 62.3 51.9918 15.9918
      vertex 64.8497 49.7689 18.0116
      vertex 64.813 49.6654 17.9081
    endloop
  endfacet
  facet normal -0.18695 -0.0725455 -0.979687
    outer loop
      vertex 70.1127 51.8393 20.082
      vertex 70.9879 55.6339 19.634
      vertex 70.259 51.8134 20.056
    endloop
  endfacet
  facet normal -0.186339 -0.0726989 -0.979792
    outer loop
      vertex 70.9879 55.6339 19.634
      vertex 70.1127 51.8393 20.082
      vertex 70.4027 55.7376 19.7376
    endloop
  endfacet
  facet normal -0.327916 -0.0368848 -0.943987
    outer loop
      vertex 70.9081 51.6289 19.8716
      vertex 72.2283 55.2707 19.2707
      vertex 71.0445 51.5833 19.826
    endloop
  endfacet
  facet normal -0.327964 -0.0368647 -0.943971
    outer loop
      vertex 72.2283 55.2707 19.2707
      vertex 70.9081 51.6289 19.8716
      vertex 71.6828 55.4531 19.4531
    endloop
  endfacet
  facet normal 0.394702 -0.0116027 -0.918736
    outer loop
      vertex 65.2542 55.0513 19.0513
      vertex 66.9555 51.5833 19.826
      vertex 66.8261 51.5285 19.7711
    endloop
  endfacet
  facet normal 0.39451 -0.0117152 -0.918817
    outer loop
      vertex 66.9555 51.5833 19.826
      vertex 65.2542 55.0513 19.0513
      vertex 65.7717 55.2707 19.2707
    endloop
  endfacet
  facet normal -0.186338 -0.072699 -0.979792
    outer loop
      vertex 69.8461 51.8865 20.1292
      vertex 70.4027 55.7376 19.7376
      vertex 70.1127 51.8393 20.082
    endloop
  endfacet
  facet normal -0.186206 -0.0727205 -0.979816
    outer loop
      vertex 70.4027 55.7376 19.7376
      vertex 69.8461 51.8865 20.1292
      vertex 70.336 55.7494 19.7494
    endloop
  endfacet
  facet normal -0.112279 -0.0831165 -0.990195
    outer loop
      vertex 69.6969 51.9022 20.1448
      vertex 70.336 55.7494 19.7494
      vertex 69.8461 51.8865 20.1292
    endloop
  endfacet
  facet normal -0.112574 -0.0830644 -0.990165
    outer loop
      vertex 70.336 55.7494 19.7494
      vertex 69.6969 51.9022 20.1448
      vertex 69.7392 55.812 19.812
    endloop
  endfacet
  facet normal 0.0373926 -0.0882729 -0.995394
    outer loop
      vertex 68.8493 51.9402 20.1829
      vertex 69 55.8425 19.8425
      vertex 69 51.9454 20.1881
    endloop
  endfacet
  facet normal 0.0377646 -0.0882859 -0.995379
    outer loop
      vertex 69 55.8425 19.8425
      vertex 68.8493 51.9402 20.1829
      vertex 68.3974 55.8215 19.8215
    endloop
  endfacet
  facet normal -0.0373926 -0.0882729 -0.995394
    outer loop
      vertex 69 55.8425 19.8425
      vertex 69.1507 51.9402 20.1829
      vertex 69 51.9454 20.1881
    endloop
  endfacet
  facet normal -0.0377646 -0.0882859 -0.995379
    outer loop
      vertex 69.1507 51.9402 20.1829
      vertex 69 55.8425 19.8425
      vertex 69.6026 55.8215 19.8215
    endloop
  endfacet
  facet normal 0.186338 -0.072699 -0.979792
    outer loop
      vertex 67.5973 55.7376 19.7376
      vertex 68.1539 51.8865 20.1292
      vertex 67.8873 51.8393 20.082
    endloop
  endfacet
  facet normal 0.186206 -0.0727205 -0.979816
    outer loop
      vertex 68.1539 51.8865 20.1292
      vertex 67.5973 55.7376 19.7376
      vertex 67.664 55.7494 19.7494
    endloop
  endfacet
  facet normal 0.112279 -0.0831165 -0.990195
    outer loop
      vertex 67.664 55.7494 19.7494
      vertex 68.3031 51.9022 20.1448
      vertex 68.1539 51.8865 20.1292
    endloop
  endfacet
  facet normal 0.112574 -0.0830644 -0.990165
    outer loop
      vertex 68.3031 51.9022 20.1448
      vertex 67.664 55.7494 19.7494
      vertex 68.2608 55.812 19.812
    endloop
  endfacet
  facet normal 0.258318 -0.0572368 -0.964363
    outer loop
      vertex 67.599 51.7774 20.0201
      vertex 67.0121 55.6339 19.634
      vertex 67.741 51.8134 20.056
    endloop
  endfacet
  facet normal 0.258556 -0.0571945 -0.964302
    outer loop
      vertex 67.0121 55.6339 19.634
      vertex 67.599 51.7774 20.0201
      vertex 66.444 55.4902 19.4902
    endloop
  endfacet
  facet normal -0.616411 0.130615 -0.776516
    outer loop
      vertex 72.3526 50.8242 19.0669
      vertex 74.6532 53.7293 17.7293
      vertex 72.4424 50.7385 18.9812
    endloop
  endfacet
  facet normal -0.616246 0.130407 -0.776682
    outer loop
      vertex 74.6532 53.7293 17.7293
      vertex 72.3526 50.8242 19.0669
      vertex 74.2938 54.072 18.072
    endloop
  endfacet
  facet normal -0.568696 0.0894759 -0.817667
    outer loop
      vertex 72.0668 51.0472 19.2899
      vertex 74.2477 54.108 18.108
      vertex 72.1681 50.9682 19.2108
    endloop
  endfacet
  facet normal -0.568437 0.0892112 -0.817876
    outer loop
      vertex 74.2477 54.108 18.108
      vertex 72.0668 51.0472 19.2899
      vertex 73.8425 54.4241 18.4241
    endloop
  endfacet
  facet normal -0.758809 0.373286 -0.53373
    outer loop
      vertex 75.8153 51.4746 15.4747
      vertex 73.2759 49.3715 17.6141
      vertex 75.8052 51.5227 15.5227
    endloop
  endfacet
  facet normal -0.758886 0.373999 -0.53312
    outer loop
      vertex 73.2759 49.3715 17.6141
      vertex 75.8153 51.4746 15.4747
      vertex 73.3162 49.1793 17.4219
    endloop
  endfacet
  facet normal -0.744176 0.321607 -0.585466
    outer loop
      vertex 75.7167 51.9447 15.9447
      vertex 73.187 49.6654 17.9081
      vertex 75.7 51.9918 15.9918
    endloop
  endfacet
  facet normal -0.744263 0.321971 -0.585155
    outer loop
      vertex 73.187 49.6654 17.9081
      vertex 75.7167 51.9447 15.9447
      vertex 73.2537 49.477 17.7196
    endloop
  endfacet
  facet normal -0.722334 0.270761 -0.636334
    outer loop
      vertex 75.5534 52.4057 16.4057
      vertex 73.0995 49.8693 18.112
      vertex 75.3501 52.8074 16.8074
    endloop
  endfacet
  facet normal -0.722352 0.270804 -0.636296
    outer loop
      vertex 73.0995 49.8693 18.112
      vertex 75.5534 52.4057 16.4057
      vertex 73.1503 49.7689 18.0116
    endloop
  endfacet
  facet normal -0.658174 0.174818 -0.732288
    outer loop
      vertex 72.7474 50.4158 18.6585
      vertex 75.0396 53.2827 17.2827
      vertex 72.8249 50.3243 18.567
    endloop
  endfacet
  facet normal -0.65807 0.174674 -0.732415
    outer loop
      vertex 75.0396 53.2827 17.2827
      vertex 72.7474 50.4158 18.6585
      vertex 74.7294 53.6487 17.6487
    endloop
  endfacet
  facet normal -0.616274 0.130457 -0.776652
    outer loop
      vertex 72.4424 50.7385 18.9812
      vertex 74.6941 53.6903 17.6903
      vertex 72.6061 50.5825 18.8251
    endloop
  endfacet
  facet normal -0.616242 0.130419 -0.776683
    outer loop
      vertex 74.6941 53.6903 17.6903
      vertex 72.4424 50.7385 18.9812
      vertex 74.6532 53.7293 17.7293
    endloop
  endfacet
  facet normal 0.515247 0.855486 -0.0516209
    outer loop
      vertex 66.2486 46.508 14.7507
      vertex 64.6046 47.2893 11.2894
      vertex 66.045 46.6385 14.8812
    endloop
  endfacet
  facet normal 0.514973 0.855661 -0.0514509
    outer loop
      vertex 64.6046 47.2893 11.2894
      vertex 66.2486 46.508 14.7507
      vertex 64.6555 47.2567 11.2567
    endloop
  endfacet
  facet normal 0.327916 0.943987 0.0368848
    outer loop
      vertex 67.0919 46.1284 14.3711
      vertex 65.7717 46.7293 10.7293
      vertex 66.9555 46.174 14.4167
    endloop
  endfacet
  facet normal 0.327964 0.943971 0.0368647
    outer loop
      vertex 65.7717 46.7293 10.7293
      vertex 67.0919 46.1284 14.3711
      vertex 66.3172 46.5469 10.5469
    endloop
  endfacet
  facet normal 0.112279 0.990195 0.0831165
    outer loop
      vertex 68.3031 45.8552 14.0978
      vertex 67.664 46.2506 10.2506
      vertex 68.1539 45.8708 14.1135
    endloop
  endfacet
  facet normal 0.112574 0.990165 0.0830644
    outer loop
      vertex 67.664 46.2506 10.2506
      vertex 68.3031 45.8552 14.0978
      vertex 68.2608 46.188 10.188
    endloop
  endfacet
  facet normal 0.186338 0.979792 0.072699
    outer loop
      vertex 68.1539 45.8708 14.1135
      vertex 67.5973 46.2624 10.2624
      vertex 67.8873 45.918 14.1607
    endloop
  endfacet
  facet normal 0.186206 0.979816 0.0727205
    outer loop
      vertex 67.5973 46.2624 10.2624
      vertex 68.1539 45.8708 14.1135
      vertex 67.664 46.2506 10.2506
    endloop
  endfacet
  facet normal -0.186338 0.979792 0.072699
    outer loop
      vertex 70.4027 46.2624 10.2624
      vertex 69.8461 45.8708 14.1135
      vertex 70.1127 45.918 14.1607
    endloop
  endfacet
  facet normal -0.186206 0.979816 0.0727205
    outer loop
      vertex 69.8461 45.8708 14.1135
      vertex 70.4027 46.2624 10.2624
      vertex 70.336 46.2506 10.2506
    endloop
  endfacet
  facet normal -0.112279 0.990195 0.0831165
    outer loop
      vertex 70.336 46.2506 10.2506
      vertex 69.6969 45.8552 14.0978
      vertex 69.8461 45.8708 14.1135
    endloop
  endfacet
  facet normal -0.112574 0.990165 0.0830644
    outer loop
      vertex 69.6969 45.8552 14.0978
      vertex 70.336 46.2506 10.2506
      vertex 69.7392 46.188 10.188
    endloop
  endfacet
  facet normal -0.18695 0.979687 0.0725455
    outer loop
      vertex 70.9879 46.366 10.3661
      vertex 70.1127 45.918 14.1607
      vertex 70.259 45.944 14.1866
    endloop
  endfacet
  facet normal -0.186339 0.979792 0.0726989
    outer loop
      vertex 70.1127 45.918 14.1607
      vertex 70.9879 46.366 10.3661
      vertex 70.4027 46.2624 10.2624
    endloop
  endfacet
  facet normal -0.327916 0.943987 0.0368848
    outer loop
      vertex 72.2283 46.7293 10.7293
      vertex 70.9081 46.1284 14.3711
      vertex 71.0445 46.174 14.4167
    endloop
  endfacet
  facet normal -0.327964 0.943971 0.0368647
    outer loop
      vertex 70.9081 46.1284 14.3711
      vertex 72.2283 46.7293 10.7293
      vertex 71.6828 46.5469 10.5469
    endloop
  endfacet
  facet normal -0.722431 0.636136 -0.270969
    outer loop
      vertex 73.0069 47.7051 15.9477
      vertex 75.3501 49.1926 13.1926
      vertex 75.327 49.1469 13.1469
    endloop
  endfacet
  facet normal -0.722261 0.636466 -0.270647
    outer loop
      vertex 75.3501 49.1926 13.1926
      vertex 73.0069 47.7051 15.9477
      vertex 73.0995 47.888 16.1307
    endloop
  endfacet
  facet normal -0.515024 0.85563 -0.0514447
    outer loop
      vertex 73.8425 47.5759 11.5759
      vertex 71.955 46.6385 14.8812
      vertex 72.0668 46.7101 14.9528
    endloop
  endfacet
  facet normal -0.51528 0.855465 -0.051638
    outer loop
      vertex 71.955 46.6385 14.8812
      vertex 73.8425 47.5759 11.5759
      vertex 73.3954 47.2893 11.2894
    endloop
  endfacet
  facet normal -0.658174 0.732288 -0.174818
    outer loop
      vertex 75.0396 48.7173 12.7173
      vertex 72.7474 47.3415 15.5842
      vertex 72.8249 47.433 15.6757
    endloop
  endfacet
  facet normal -0.65807 0.732415 -0.174674
    outer loop
      vertex 72.7474 47.3415 15.5842
      vertex 75.0396 48.7173 12.7173
      vertex 74.7294 48.3513 12.3513
    endloop
  endfacet
  facet normal 0.568363 0.0891508 -0.817934
    outer loop
      vertex 63.7062 54.072 18.072
      vertex 65.8319 50.9682 19.2108
      vertex 65.6474 50.8242 19.0669
    endloop
  endfacet
  facet normal 0.568677 0.0894586 -0.817682
    outer loop
      vertex 65.8319 50.9682 19.2108
      vertex 63.7062 54.072 18.072
      vertex 63.7523 54.108 18.108
    endloop
  endfacet
  facet normal 0.658174 0.174818 -0.732288
    outer loop
      vertex 62.9604 53.2827 17.2827
      vertex 65.2526 50.4158 18.6585
      vertex 65.1751 50.3243 18.567
    endloop
  endfacet
  facet normal 0.65807 0.174674 -0.732415
    outer loop
      vertex 65.2526 50.4158 18.6585
      vertex 62.9604 53.2827 17.2827
      vertex 63.2706 53.6487 17.6487
    endloop
  endfacet
  facet normal 0.758886 0.53312 -0.373999
    outer loop
      vertex 64.7241 48.3859 16.6285
      vertex 62.1847 50.5253 14.5254
      vertex 64.6838 48.5781 16.8207
    endloop
  endfacet
  facet normal 0.758809 0.53373 -0.373286
    outer loop
      vertex 62.1847 50.5253 14.5254
      vertex 64.7241 48.3859 16.6285
      vertex 62.1948 50.4773 14.4773
    endloop
  endfacet
  facet normal 0.693582 0.685413 -0.221704
    outer loop
      vertex 65.1106 47.5294 15.7721
      vertex 62.673 49.1469 13.1469
      vertex 64.9931 47.7051 15.9477
    endloop
  endfacet
  facet normal 0.693397 0.685716 -0.221346
    outer loop
      vertex 62.673 49.1469 13.1469
      vertex 65.1106 47.5294 15.7721
      vertex 62.7024 49.103 13.103
    endloop
  endfacet
  facet normal 0.744174 0.585474 -0.321598
    outer loop
      vertex 64.8497 47.9884 16.2311
      vertex 62.3 50.0082 14.0082
      vertex 64.813 48.0919 16.3346
    endloop
  endfacet
  facet normal 0.744208 0.585346 -0.321753
    outer loop
      vertex 62.3 50.0082 14.0082
      vertex 64.8497 47.9884 16.2311
      vertex 62.4466 49.5943 13.5943
    endloop
  endfacet
  facet normal 0.658174 0.732288 -0.174818
    outer loop
      vertex 65.2526 47.3415 15.5842
      vertex 62.9604 48.7173 12.7173
      vertex 65.1751 47.433 15.6757
    endloop
  endfacet
  facet normal 0.65807 0.732415 -0.174674
    outer loop
      vertex 62.9604 48.7173 12.7173
      vertex 65.2526 47.3415 15.5842
      vertex 63.2706 48.3513 12.3513
    endloop
  endfacet
  facet normal 0.568363 0.817934 -0.0891508
    outer loop
      vertex 65.8319 46.7892 15.0318
      vertex 63.7062 47.928 11.928
      vertex 65.6474 46.9331 15.1758
    endloop
  endfacet
  facet normal 0.568677 0.817682 -0.0894586
    outer loop
      vertex 63.7062 47.928 11.928
      vertex 65.8319 46.7892 15.0318
      vertex 63.7523 47.892 11.892
    endloop
  endfacet
  facet normal 0.758885 0.373983 -0.533133
    outer loop
      vertex 64.7463 49.477 17.7196
      vertex 62.1948 51.5227 15.5227
      vertex 62.2833 51.9447 15.9447
    endloop
  endfacet
  facet normal 0.758859 0.37369 -0.533375
    outer loop
      vertex 62.1948 51.5227 15.5227
      vertex 64.7463 49.477 17.7196
      vertex 64.7241 49.3715 17.6141
    endloop
  endfacet
  facet normal 0.744176 0.321607 -0.585466
    outer loop
      vertex 64.813 49.6654 17.9081
      vertex 62.2833 51.9447 15.9447
      vertex 62.3 51.9918 15.9918
    endloop
  endfacet
  facet normal 0.744263 0.321971 -0.585155
    outer loop
      vertex 62.2833 51.9447 15.9447
      vertex 64.813 49.6654 17.9081
      vertex 64.7463 49.477 17.7196
    endloop
  endfacet
  facet normal 0.758809 0.373286 -0.53373
    outer loop
      vertex 64.7241 49.3715 17.6141
      vertex 62.1847 51.4746 15.4747
      vertex 62.1948 51.5227 15.5227
    endloop
  endfacet
  facet normal 0.758886 0.373999 -0.53312
    outer loop
      vertex 62.1847 51.4746 15.4747
      vertex 64.7241 49.3715 17.6141
      vertex 64.6838 49.1793 17.4219
    endloop
  endfacet
  facet normal 0.766283 0.427188 -0.479917
    outer loop
      vertex 64.6838 49.1793 17.4219
      vertex 62.1813 51.4261 15.4261
      vertex 62.1847 51.4746 15.4747
    endloop
  endfacet
  facet normal 0.76625 0.426786 -0.480328
    outer loop
      vertex 62.1813 51.4261 15.4261
      vertex 64.6838 49.1793 17.4219
      vertex 64.6703 48.9852 17.2279
    endloop
  endfacet
  facet normal 0.722431 0.270969 -0.636136
    outer loop
      vertex 64.9931 50.0523 18.2949
      vertex 62.6499 52.8074 16.8074
      vertex 62.673 52.8531 16.8531
    endloop
  endfacet
  facet normal 0.722261 0.270647 -0.636466
    outer loop
      vertex 62.6499 52.8074 16.8074
      vertex 64.9931 50.0523 18.2949
      vertex 64.9005 49.8693 18.112
    endloop
  endfacet
  facet normal 0.722334 0.270761 -0.636334
    outer loop
      vertex 64.9005 49.8693 18.112
      vertex 62.4466 52.4057 16.4057
      vertex 62.6499 52.8074 16.8074
    endloop
  endfacet
  facet normal 0.722352 0.270804 -0.636296
    outer loop
      vertex 62.4466 52.4057 16.4057
      vertex 64.9005 49.8693 18.112
      vertex 64.8497 49.7689 18.0116
    endloop
  endfacet
  facet normal 0.456739 0.889425 -0.0176643
    outer loop
      vertex 66.3698 46.4445 14.6872
      vertex 64.6555 47.2567 11.2567
      vertex 66.2486 46.508 14.7507
    endloop
  endfacet
  facet normal 0.456969 0.889304 -0.0178077
    outer loop
      vertex 64.6555 47.2567 11.2567
      vertex 66.3698 46.4445 14.6872
      vertex 65.1401 47.0026 11.0026
    endloop
  endfacet
  facet normal 0.515024 0.85563 -0.0514447
    outer loop
      vertex 66.045 46.6385 14.8812
      vertex 64.1575 47.5759 11.5759
      vertex 65.9332 46.7101 14.9528
    endloop
  endfacet
  facet normal 0.51528 0.855465 -0.051638
    outer loop
      vertex 64.1575 47.5759 11.5759
      vertex 66.045 46.6385 14.8812
      vertex 64.6046 47.2893 11.2894
    endloop
  endfacet
  facet normal -0.394266 -0.0118214 -0.91892
    outer loop
      vertex 71.1739 51.5285 19.7711
      vertex 72.8047 55.0264 19.0264
      vertex 71.4095 51.4286 19.6713
    endloop
  endfacet
  facet normal -0.393704 -0.0121342 -0.919157
    outer loop
      vertex 72.8047 55.0264 19.0264
      vertex 71.1739 51.5285 19.7711
      vertex 72.7458 55.0513 19.0513
    endloop
  endfacet
  facet normal -0.456739 0.0176643 -0.889425
    outer loop
      vertex 71.6302 51.3128 19.5555
      vertex 73.3445 54.7433 18.7433
      vertex 71.7514 51.2493 19.492
    endloop
  endfacet
  facet normal -0.456969 0.0178077 -0.889304
    outer loop
      vertex 73.3445 54.7433 18.7433
      vertex 71.6302 51.3128 19.5555
      vertex 72.8599 54.9974 18.9974
    endloop
  endfacet
  facet normal -0.45717 0.0178908 -0.889199
    outer loop
      vertex 71.4095 51.4286 19.6713
      vertex 72.8599 54.9974 18.9974
      vertex 71.6302 51.3128 19.5555
    endloop
  endfacet
  facet normal -0.457548 0.0180817 -0.889001
    outer loop
      vertex 72.8599 54.9974 18.9974
      vertex 71.4095 51.4286 19.6713
      vertex 72.8047 55.0264 19.0264
    endloop
  endfacet
  facet normal 0.394266 -0.0118214 -0.91892
    outer loop
      vertex 65.1953 55.0264 19.0264
      vertex 66.8261 51.5285 19.7711
      vertex 66.5905 51.4286 19.6713
    endloop
  endfacet
  facet normal 0.393704 -0.0121342 -0.919157
    outer loop
      vertex 66.8261 51.5285 19.7711
      vertex 65.1953 55.0264 19.0264
      vertex 65.2542 55.0513 19.0513
    endloop
  endfacet
  facet normal 0.456739 0.0176643 -0.889425
    outer loop
      vertex 64.6555 54.7433 18.7433
      vertex 66.3698 51.3128 19.5555
      vertex 66.2486 51.2493 19.492
    endloop
  endfacet
  facet normal 0.456969 0.0178077 -0.889304
    outer loop
      vertex 66.3698 51.3128 19.5555
      vertex 64.6555 54.7433 18.7433
      vertex 65.1401 54.9974 18.9974
    endloop
  endfacet
  facet normal -0.112536 -0.0830652 -0.99017
    outer loop
      vertex 69.4251 51.9307 20.1733
      vertex 69.7392 55.812 19.812
      vertex 69.6969 51.9022 20.1448
    endloop
  endfacet
  facet normal -0.112068 -0.0831076 -0.990219
    outer loop
      vertex 69.7392 55.812 19.812
      vertex 69.4251 51.9307 20.1733
      vertex 69.6712 55.8191 19.8191
    endloop
  endfacet
  facet normal 0.112536 -0.0830652 -0.99017
    outer loop
      vertex 68.2608 55.812 19.812
      vertex 68.5749 51.9307 20.1733
      vertex 68.3031 51.9022 20.1448
    endloop
  endfacet
  facet normal 0.112068 -0.0831076 -0.990219
    outer loop
      vertex 68.5749 51.9307 20.1733
      vertex 68.2608 55.812 19.812
      vertex 68.3288 55.8191 19.8191
    endloop
  endfacet
  facet normal 0.18695 -0.0725455 -0.979687
    outer loop
      vertex 67.0121 55.6339 19.634
      vertex 67.8873 51.8393 20.082
      vertex 67.741 51.8134 20.056
    endloop
  endfacet
  facet normal 0.186339 -0.0726989 -0.979792
    outer loop
      vertex 67.8873 51.8393 20.082
      vertex 67.0121 55.6339 19.634
      vertex 67.5973 55.7376 19.7376
    endloop
  endfacet
  facet normal 0.327784 -0.0369077 -0.944031
    outer loop
      vertex 66.3172 55.4531 19.4531
      vertex 67.3403 51.712 19.9546
      vertex 67.0919 51.6289 19.8716
    endloop
  endfacet
  facet normal 0.328372 -0.0367208 -0.943835
    outer loop
      vertex 67.3403 51.712 19.9546
      vertex 66.3172 55.4531 19.4531
      vertex 66.3793 55.4738 19.4739
    endloop
  endfacet
  facet normal -0.758885 0.373983 -0.533133
    outer loop
      vertex 75.8052 51.5227 15.5227
      vertex 73.2537 49.477 17.7196
      vertex 75.7167 51.9447 15.9447
    endloop
  endfacet
  facet normal -0.758859 0.37369 -0.533375
    outer loop
      vertex 73.2537 49.477 17.7196
      vertex 75.8052 51.5227 15.5227
      vertex 73.2759 49.3715 17.6141
    endloop
  endfacet
  facet normal -0.766283 0.427188 -0.479917
    outer loop
      vertex 75.8187 51.4261 15.4261
      vertex 73.3162 49.1793 17.4219
      vertex 75.8153 51.4746 15.4747
    endloop
  endfacet
  facet normal -0.76625 0.426786 -0.480328
    outer loop
      vertex 73.3162 49.1793 17.4219
      vertex 75.8187 51.4261 15.4261
      vertex 73.3297 48.9852 17.2279
    endloop
  endfacet
  facet normal -0.657901 0.17451 -0.732607
    outer loop
      vertex 72.6061 50.5825 18.8251
      vertex 74.7294 53.6487 17.6487
      vertex 72.7474 50.4158 18.6585
    endloop
  endfacet
  facet normal -0.657847 0.174449 -0.73267
    outer loop
      vertex 74.7294 53.6487 17.6487
      vertex 72.6061 50.5825 18.8251
      vertex 74.6941 53.6903 17.6903
    endloop
  endfacet
  facet normal 0.4569 0.88934 -0.0177792
    outer loop
      vertex 66.5905 46.3288 14.5714
      vertex 65.1401 47.0026 11.0026
      vertex 66.3698 46.4445 14.6872
    endloop
  endfacet
  facet normal 0.457539 0.889005 -0.0181023
    outer loop
      vertex 65.1401 47.0026 11.0026
      vertex 66.5905 46.3288 14.5714
      vertex 65.1953 46.9736 10.9736
    endloop
  endfacet
  facet normal 0.394702 0.918736 0.0116027
    outer loop
      vertex 66.9555 46.174 14.4167
      vertex 65.2542 46.9487 10.9487
      vertex 66.8261 46.2289 14.4715
    endloop
  endfacet
  facet normal 0.39451 0.918817 0.0117152
    outer loop
      vertex 65.2542 46.9487 10.9487
      vertex 66.9555 46.174 14.4167
      vertex 65.7717 46.7293 10.7293
    endloop
  endfacet
  facet normal 0.0373926 0.995394 0.0882729
    outer loop
      vertex 69 46.1575 10.1575
      vertex 68.8493 45.8171 14.0598
      vertex 69 45.8119 14.0546
    endloop
  endfacet
  facet normal 0.0377646 0.995379 0.0882859
    outer loop
      vertex 68.8493 45.8171 14.0598
      vertex 69 46.1575 10.1575
      vertex 68.3974 46.1785 10.1785
    endloop
  endfacet
  facet normal -0.0377646 0.995379 0.0882859
    outer loop
      vertex 69 46.1575 10.1575
      vertex 69.1507 45.8171 14.0598
      vertex 69.6026 46.1785 10.1785
    endloop
  endfacet
  facet normal -0.0373926 0.995394 0.0882729
    outer loop
      vertex 69.1507 45.8171 14.0598
      vertex 69 46.1575 10.1575
      vertex 69 45.8119 14.0546
    endloop
  endfacet
  facet normal -0.0379118 0.995375 0.0882707
    outer loop
      vertex 69.6026 46.1785 10.1785
      vertex 69.4251 45.8267 14.0693
      vertex 69.6712 46.1809 10.1809
    endloop
  endfacet
  facet normal -0.0378797 0.995376 0.0882722
    outer loop
      vertex 69.4251 45.8267 14.0693
      vertex 69.6026 46.1785 10.1785
      vertex 69.1507 45.8171 14.0598
    endloop
  endfacet
  facet normal -0.258326 0.964358 0.0572739
    outer loop
      vertex 71.556 46.5098 10.5098
      vertex 70.259 45.944 14.1866
      vertex 70.401 45.9799 14.2226
    endloop
  endfacet
  facet normal -0.258554 0.964303 0.0571852
    outer loop
      vertex 70.259 45.944 14.1866
      vertex 71.556 46.5098 10.5098
      vertex 70.9879 46.366 10.3661
    endloop
  endfacet
  facet normal -0.257571 0.964548 0.0574803
    outer loop
      vertex 71.556 46.5098 10.5098
      vertex 70.6597 46.0453 14.288
      vertex 71.6207 46.5261 10.5262
    endloop
  endfacet
  facet normal -0.258278 0.96437 0.0572905
    outer loop
      vertex 70.6597 46.0453 14.288
      vertex 71.556 46.5098 10.5098
      vertex 70.401 45.9799 14.2226
    endloop
  endfacet
  facet normal -0.394542 0.918804 0.0116681
    outer loop
      vertex 72.8047 46.9736 10.9736
      vertex 71.1739 46.2289 14.4715
      vertex 71.4095 46.3288 14.5714
    endloop
  endfacet
  facet normal -0.393704 0.919157 0.0121342
    outer loop
      vertex 71.1739 46.2289 14.4715
      vertex 72.8047 46.9736 10.9736
      vertex 72.7458 46.9487 10.9487
    endloop
  endfacet
  facet normal -0.568363 0.817934 -0.0891508
    outer loop
      vertex 74.2938 47.928 11.928
      vertex 72.1681 46.7892 15.0318
      vertex 72.3526 46.9331 15.1758
    endloop
  endfacet
  facet normal -0.568677 0.817682 -0.0894586
    outer loop
      vertex 72.1681 46.7892 15.0318
      vertex 74.2938 47.928 11.928
      vertex 74.2477 47.892 11.892
    endloop
  endfacet
  facet normal -0.456739 0.889425 -0.0176643
    outer loop
      vertex 73.3445 47.2567 11.2567
      vertex 71.6302 46.4445 14.6872
      vertex 71.7514 46.508 14.7507
    endloop
  endfacet
  facet normal -0.456969 0.889304 -0.0178077
    outer loop
      vertex 71.6302 46.4445 14.6872
      vertex 73.3445 47.2567 11.2567
      vertex 72.8599 47.0026 11.0026
    endloop
  endfacet
  facet normal -0.744208 0.585346 -0.321753
    outer loop
      vertex 73.1503 47.9884 16.2311
      vertex 75.7 50.0082 14.0082
      vertex 75.5534 49.5943 13.5943
    endloop
  endfacet
  facet normal -0.744174 0.585474 -0.321598
    outer loop
      vertex 75.7 50.0082 14.0082
      vertex 73.1503 47.9884 16.2311
      vertex 73.187 48.0919 16.3346
    endloop
  endfacet
  facet normal -0.722334 0.636334 -0.270761
    outer loop
      vertex 73.0995 47.888 16.1307
      vertex 75.5534 49.5943 13.5943
      vertex 75.3501 49.1926 13.1926
    endloop
  endfacet
  facet normal -0.722352 0.636296 -0.270804
    outer loop
      vertex 75.5534 49.5943 13.5943
      vertex 73.0995 47.888 16.1307
      vertex 73.1503 47.9884 16.2311
    endloop
  endfacet
  facet normal -0.744176 0.585466 -0.321607
    outer loop
      vertex 73.187 48.0919 16.3346
      vertex 75.7167 50.0553 14.0553
      vertex 75.7 50.0082 14.0082
    endloop
  endfacet
  facet normal -0.744263 0.585155 -0.321971
    outer loop
      vertex 75.7167 50.0553 14.0553
      vertex 73.187 48.0919 16.3346
      vertex 73.2537 48.2804 16.523
    endloop
  endfacet
  facet normal -0.693397 0.685716 -0.221346
    outer loop
      vertex 72.8894 47.5294 15.7721
      vertex 75.327 49.1469 13.1469
      vertex 75.2976 49.103 13.103
    endloop
  endfacet
  facet normal -0.693582 0.685413 -0.221704
    outer loop
      vertex 75.327 49.1469 13.1469
      vertex 72.8894 47.5294 15.7721
      vertex 73.0069 47.7051 15.9477
    endloop
  endfacet
  facet normal -0.568696 0.817667 -0.0894759
    outer loop
      vertex 74.2477 47.892 11.892
      vertex 72.0668 46.7101 14.9528
      vertex 72.1681 46.7892 15.0318
    endloop
  endfacet
  facet normal -0.568437 0.817876 -0.0892112
    outer loop
      vertex 72.0668 46.7101 14.9528
      vertex 74.2477 47.892 11.892
      vertex 73.8425 47.5759 11.5759
    endloop
  endfacet
  facet normal -0.616401 0.776521 -0.130631
    outer loop
      vertex 74.6532 48.2706 12.2707
      vertex 72.3526 46.9331 15.1758
      vertex 72.4424 47.0188 15.2615
    endloop
  endfacet
  facet normal -0.616167 0.776757 -0.130337
    outer loop
      vertex 72.3526 46.9331 15.1758
      vertex 74.6532 48.2706 12.2707
      vertex 74.2938 47.928 11.928
    endloop
  endfacet
  facet normal 0.616274 0.130457 -0.776652
    outer loop
      vertex 63.3059 53.6903 17.6903
      vertex 65.5576 50.7385 18.9812
      vertex 65.3939 50.5825 18.8251
    endloop
  endfacet
  facet normal 0.616242 0.130419 -0.776683
    outer loop
      vertex 65.5576 50.7385 18.9812
      vertex 63.3059 53.6903 17.6903
      vertex 63.3468 53.7293 17.7293
    endloop
  endfacet
  facet normal 0.616401 0.776521 -0.130631
    outer loop
      vertex 65.6474 46.9331 15.1758
      vertex 63.3468 48.2706 12.2707
      vertex 65.5576 47.0188 15.2615
    endloop
  endfacet
  facet normal 0.616167 0.776757 -0.130337
    outer loop
      vertex 63.3468 48.2706 12.2707
      vertex 65.6474 46.9331 15.1758
      vertex 63.7062 47.928 11.928
    endloop
  endfacet
  facet normal 0.758859 0.533375 -0.37369
    outer loop
      vertex 64.7463 48.2804 16.523
      vertex 62.1948 50.4773 14.4773
      vertex 64.7241 48.3859 16.6285
    endloop
  endfacet
  facet normal 0.758885 0.533133 -0.373983
    outer loop
      vertex 62.1948 50.4773 14.4773
      vertex 64.7463 48.2804 16.523
      vertex 62.2833 50.0553 14.0553
    endloop
  endfacet
  facet normal 0.722261 0.636466 -0.270647
    outer loop
      vertex 64.9931 47.7051 15.9477
      vertex 62.6499 49.1926 13.1926
      vertex 64.9005 47.888 16.1307
    endloop
  endfacet
  facet normal 0.722431 0.636136 -0.270969
    outer loop
      vertex 62.6499 49.1926 13.1926
      vertex 64.9931 47.7051 15.9477
      vertex 62.673 49.1469 13.1469
    endloop
  endfacet
  facet normal -0.327784 -0.0369077 -0.944031
    outer loop
      vertex 70.6597 51.712 19.9546
      vertex 71.6828 55.4531 19.4531
      vertex 70.9081 51.6289 19.8716
    endloop
  endfacet
  facet normal -0.328372 -0.0367208 -0.943835
    outer loop
      vertex 71.6828 55.4531 19.4531
      vertex 70.6597 51.712 19.9546
      vertex 71.6207 55.4738 19.4739
    endloop
  endfacet
  facet normal -0.257565 -0.0574564 -0.964551
    outer loop
      vertex 70.6597 51.712 19.9546
      vertex 71.556 55.4902 19.4902
      vertex 71.6207 55.4738 19.4739
    endloop
  endfacet
  facet normal -0.258602 -0.0571783 -0.96429
    outer loop
      vertex 71.556 55.4902 19.4902
      vertex 70.6597 51.712 19.9546
      vertex 70.401 51.7774 20.0201
    endloop
  endfacet
  facet normal -0.515247 0.0516209 -0.855486
    outer loop
      vertex 71.7514 51.2493 19.492
      vertex 73.3954 54.7106 18.7107
      vertex 71.955 51.1188 19.3615
    endloop
  endfacet
  facet normal -0.514973 0.0514509 -0.855661
    outer loop
      vertex 73.3954 54.7106 18.7107
      vertex 71.7514 51.2493 19.492
      vertex 73.3445 54.7433 18.7433
    endloop
  endfacet
  facet normal 0.45717 0.0178908 -0.889199
    outer loop
      vertex 65.1401 54.9974 18.9974
      vertex 66.5905 51.4286 19.6713
      vertex 66.3698 51.3128 19.5555
    endloop
  endfacet
  facet normal 0.457548 0.0180817 -0.889001
    outer loop
      vertex 66.5905 51.4286 19.6713
      vertex 65.1401 54.9974 18.9974
      vertex 65.1953 55.0264 19.0264
    endloop
  endfacet
  facet normal -0.722431 0.270969 -0.636136
    outer loop
      vertex 75.3501 52.8074 16.8074
      vertex 73.0069 50.0523 18.2949
      vertex 75.327 52.8531 16.8531
    endloop
  endfacet
  facet normal -0.722261 0.270647 -0.636466
    outer loop
      vertex 73.0069 50.0523 18.2949
      vertex 75.3501 52.8074 16.8074
      vertex 73.0995 49.8693 18.112
    endloop
  endfacet
  facet normal -0.693397 0.221346 -0.685716
    outer loop
      vertex 75.327 52.8531 16.8531
      vertex 72.8894 50.2279 18.4706
      vertex 75.2976 52.897 16.897
    endloop
  endfacet
  facet normal -0.693582 0.221704 -0.685413
    outer loop
      vertex 72.8894 50.2279 18.4706
      vertex 75.327 52.8531 16.8531
      vertex 73.0069 50.0523 18.2949
    endloop
  endfacet
  facet normal 0.18695 0.979687 0.0725455
    outer loop
      vertex 67.8873 45.918 14.1607
      vertex 67.0121 46.366 10.3661
      vertex 67.741 45.944 14.1866
    endloop
  endfacet
  facet normal 0.186339 0.979792 0.0726989
    outer loop
      vertex 67.0121 46.366 10.3661
      vertex 67.8873 45.918 14.1607
      vertex 67.5973 46.2624 10.2624
    endloop
  endfacet
  facet normal 0.328103 0.943924 0.0368314
    outer loop
      vertex 67.3403 46.0453 14.288
      vertex 66.3172 46.5469 10.5469
      vertex 67.0919 46.1284 14.3711
    endloop
  endfacet
  facet normal 0.328378 0.943831 0.0367438
    outer loop
      vertex 66.3172 46.5469 10.5469
      vertex 67.3403 46.0453 14.288
      vertex 66.3793 46.5261 10.5262
    endloop
  endfacet
  facet normal 0.258278 0.96437 0.0572905
    outer loop
      vertex 66.444 46.5098 10.5098
      vertex 67.3403 46.0453 14.288
      vertex 67.599 45.9799 14.2226
    endloop
  endfacet
  facet normal 0.257571 0.964548 0.0574803
    outer loop
      vertex 67.3403 46.0453 14.288
      vertex 66.444 46.5098 10.5098
      vertex 66.3793 46.5261 10.5262
    endloop
  endfacet
  facet normal 0.394542 0.918804 0.0116681
    outer loop
      vertex 66.8261 46.2289 14.4715
      vertex 65.1953 46.9736 10.9736
      vertex 66.5905 46.3288 14.5714
    endloop
  endfacet
  facet normal 0.393704 0.919157 0.0121342
    outer loop
      vertex 65.1953 46.9736 10.9736
      vertex 66.8261 46.2289 14.4715
      vertex 65.2542 46.9487 10.9487
    endloop
  endfacet
  facet normal 0.0378797 0.995376 0.0882722
    outer loop
      vertex 68.3974 46.1785 10.1785
      vertex 68.5749 45.8267 14.0693
      vertex 68.8493 45.8171 14.0598
    endloop
  endfacet
  facet normal 0.0379118 0.995375 0.0882707
    outer loop
      vertex 68.5749 45.8267 14.0693
      vertex 68.3974 46.1785 10.1785
      vertex 68.3288 46.1809 10.1809
    endloop
  endfacet
  facet normal -0.112536 0.99017 0.0830652
    outer loop
      vertex 69.7392 46.188 10.188
      vertex 69.4251 45.8267 14.0693
      vertex 69.6969 45.8552 14.0978
    endloop
  endfacet
  facet normal -0.112068 0.990219 0.0831076
    outer loop
      vertex 69.4251 45.8267 14.0693
      vertex 69.7392 46.188 10.188
      vertex 69.6712 46.1809 10.1809
    endloop
  endfacet
  facet normal -0.4569 0.88934 -0.0177792
    outer loop
      vertex 72.8599 47.0026 11.0026
      vertex 71.4095 46.3288 14.5714
      vertex 71.6302 46.4445 14.6872
    endloop
  endfacet
  facet normal -0.457539 0.889005 -0.0181023
    outer loop
      vertex 71.4095 46.3288 14.5714
      vertex 72.8599 47.0026 11.0026
      vertex 72.8047 46.9736 10.9736
    endloop
  endfacet
  facet normal -0.766283 0.479917 -0.427188
    outer loop
      vertex 73.3162 48.5781 16.8207
      vertex 75.8187 50.5739 14.5739
      vertex 75.8153 50.5253 14.5254
    endloop
  endfacet
  facet normal -0.76625 0.480328 -0.426786
    outer loop
      vertex 75.8187 50.5739 14.5739
      vertex 73.3162 48.5781 16.8207
      vertex 73.3297 48.7721 17.0148
    endloop
  endfacet
  facet normal -0.657901 0.732607 -0.17451
    outer loop
      vertex 74.7294 48.3513 12.3513
      vertex 72.6061 47.1749 15.4175
      vertex 72.7474 47.3415 15.5842
    endloop
  endfacet
  facet normal -0.657847 0.73267 -0.174449
    outer loop
      vertex 72.6061 47.1749 15.4175
      vertex 74.7294 48.3513 12.3513
      vertex 74.6941 48.3097 12.3097
    endloop
  endfacet
  facet normal -0.515247 0.855486 -0.0516209
    outer loop
      vertex 73.3954 47.2893 11.2894
      vertex 71.7514 46.508 14.7507
      vertex 71.955 46.6385 14.8812
    endloop
  endfacet
  facet normal -0.514973 0.855661 -0.0514509
    outer loop
      vertex 71.7514 46.508 14.7507
      vertex 73.3954 47.2893 11.2894
      vertex 73.3445 47.2567 11.2567
    endloop
  endfacet
  facet normal 0.657901 0.17451 -0.732607
    outer loop
      vertex 63.2706 53.6487 17.6487
      vertex 65.3939 50.5825 18.8251
      vertex 65.2526 50.4158 18.6585
    endloop
  endfacet
  facet normal 0.657847 0.174449 -0.73267
    outer loop
      vertex 65.3939 50.5825 18.8251
      vertex 63.2706 53.6487 17.6487
      vertex 63.3059 53.6903 17.6903
    endloop
  endfacet
  facet normal 0.744263 0.585155 -0.321971
    outer loop
      vertex 64.813 48.0919 16.3346
      vertex 62.2833 50.0553 14.0553
      vertex 64.7463 48.2804 16.523
    endloop
  endfacet
  facet normal 0.744176 0.585466 -0.321607
    outer loop
      vertex 62.2833 50.0553 14.0553
      vertex 64.813 48.0919 16.3346
      vertex 62.3 50.0082 14.0082
    endloop
  endfacet
  facet normal 0.6935 0.68555 -0.221538
    outer loop
      vertex 65.1751 47.433 15.6757
      vertex 62.7024 49.103 13.103
      vertex 65.1106 47.5294 15.7721
    endloop
  endfacet
  facet normal 0.693528 0.685504 -0.221594
    outer loop
      vertex 62.7024 49.103 13.103
      vertex 65.1751 47.433 15.6757
      vertex 62.9604 48.7173 12.7173
    endloop
  endfacet
  facet normal 0.616274 0.776652 -0.130457
    outer loop
      vertex 65.5576 47.0188 15.2615
      vertex 63.3059 48.3097 12.3097
      vertex 65.3939 47.1749 15.4175
    endloop
  endfacet
  facet normal 0.616855 0.776072 -0.131155
    outer loop
      vertex 63.3059 48.3097 12.3097
      vertex 65.5576 47.0188 15.2615
      vertex 63.3468 48.2706 12.2707
    endloop
  endfacet
  facet normal 0.657901 0.732607 -0.17451
    outer loop
      vertex 65.3939 47.1749 15.4175
      vertex 63.2706 48.3513 12.3513
      vertex 65.2526 47.3415 15.5842
    endloop
  endfacet
  facet normal 0.657847 0.73267 -0.174449
    outer loop
      vertex 63.2706 48.3513 12.3513
      vertex 65.3939 47.1749 15.4175
      vertex 63.3059 48.3097 12.3097
    endloop
  endfacet
  facet normal 0.112536 0.99017 0.0830652
    outer loop
      vertex 68.5749 45.8267 14.0693
      vertex 68.2608 46.188 10.188
      vertex 68.3031 45.8552 14.0978
    endloop
  endfacet
  facet normal 0.112068 0.990219 0.0831076
    outer loop
      vertex 68.2608 46.188 10.188
      vertex 68.5749 45.8267 14.0693
      vertex 68.3288 46.1809 10.1809
    endloop
  endfacet
  facet normal -0.595524 -0.568045 -0.568045
    outer loop
      vertex 16.015 51.8746 15.8746
      vertex 15.8889 49.8194 18.062
      vertex 15.8889 51.9407 15.9407
    endloop
  endfacet
  facet normal -0.595815 -0.56788 -0.567906
    outer loop
      vertex 15.8889 49.8194 18.062
      vertex 16.015 51.8746 15.8746
      vertex 16.015 49.7532 17.9959
    endloop
  endfacet
  facet normal 0.336934 0.665761 0.665761
    outer loop
      vertex 14.3877 47.8334 16.0761
      vertex 14.5355 49.9173 13.9174
      vertex 14.3877 49.9547 13.9548
    endloop
  endfacet
  facet normal 0.336934 0.665761 0.665761
    outer loop
      vertex 14.5355 49.9173 13.9174
      vertex 14.3877 47.8334 16.0761
      vertex 14.5355 47.796 16.0387
    endloop
  endfacet
  facet normal -0.513844 -0.606601 -0.60663
    outer loop
      vertex 15.7542 51.9978 15.9978
      vertex 15.8889 49.8194 18.062
      vertex 15.7542 49.8764 18.1191
    endloop
  endfacet
  facet normal -0.514175 -0.606475 -0.606475
    outer loop
      vertex 15.8889 49.8194 18.062
      vertex 15.7542 51.9978 15.9978
      vertex 15.8889 51.9407 15.9407
    endloop
  endfacet
  facet normal 0.336934 -0.665761 -0.665761
    outer loop
      vertex 14.3877 49.9239 18.1666
      vertex 14.5355 52.0826 16.0827
      vertex 14.5355 49.9613 18.204
    endloop
  endfacet
  facet normal 0.336934 -0.665761 -0.665761
    outer loop
      vertex 14.5355 52.0826 16.0827
      vertex 14.3877 49.9239 18.1666
      vertex 14.3877 52.0452 16.0453
    endloop
  endfacet
  facet normal 0.904042 -0.302255 -0.302241
    outer loop
      vertex 13.5889 49.412 17.6547
      vertex 13.5218 51.4329 15.433
      vertex 13.5889 51.5333 15.5333
    endloop
  endfacet
  facet normal 0.904124 -0.302125 -0.302125
    outer loop
      vertex 13.5218 51.4329 15.433
      vertex 13.5889 49.412 17.6547
      vertex 13.5218 49.3116 17.5543
    endloop
  endfacet
  facet normal 0.904042 0.302248 0.302248
    outer loop
      vertex 13.5218 48.4457 16.6884
      vertex 13.5889 50.4667 14.4667
      vertex 13.5218 50.567 14.5671
    endloop
  endfacet
  facet normal 0.904124 0.302118 0.302132
    outer loop
      vertex 13.5889 50.4667 14.4667
      vertex 13.5218 48.4457 16.6884
      vertex 13.5889 48.3453 16.588
    endloop
  endfacet
  facet normal -0.969959 -0.172017 -0.172017
    outer loop
      vertex 16.5693 51.2207 15.2207
      vertex 16.5311 49.2071 17.4497
      vertex 16.5311 51.3284 15.3284
    endloop
  endfacet
  facet normal -0.969959 -0.172017 -0.172017
    outer loop
      vertex 16.5311 49.2071 17.4497
      vertex 16.5693 51.2207 15.2207
      vertex 16.5693 49.0994 17.342
    endloop
  endfacet
  facet normal -0.941552 -0.238202 -0.238202
    outer loop
      vertex 16.5311 51.3284 15.3284
      vertex 16.4782 49.3116 17.5543
      vertex 16.4782 51.4329 15.433
    endloop
  endfacet
  facet normal -0.941552 -0.238202 -0.238202
    outer loop
      vertex 16.4782 49.3116 17.5543
      vertex 16.5311 51.3284 15.3284
      vertex 16.5311 49.2071 17.4497
    endloop
  endfacet
  facet normal -0.741235 -0.474642 -0.474642
    outer loop
      vertex 16.2368 51.7177 15.7177
      vertex 16.1314 49.6787 17.9213
      vertex 16.1314 51.8 15.8
    endloop
  endfacet
  facet normal -0.741032 -0.474812 -0.47479
    outer loop
      vertex 16.1314 49.6787 17.9213
      vertex 16.2368 51.7177 15.7177
      vertex 16.2368 49.5964 17.8391
    endloop
  endfacet
  facet normal -0.427875 -0.63911 -0.63911
    outer loop
      vertex 15.6123 52.0452 16.0453
      vertex 15.7542 49.8764 18.1191
      vertex 15.6123 49.9239 18.1666
    endloop
  endfacet
  facet normal -0.427507 -0.639218 -0.639248
    outer loop
      vertex 15.7542 49.8764 18.1191
      vertex 15.6123 52.0452 16.0453
      vertex 15.7542 51.9978 15.9978
    endloop
  endfacet
  facet normal -0.243037 -0.685922 -0.685889
    outer loop
      vertex 15.3121 52.1096 16.1096
      vertex 15.4645 49.9613 18.204
      vertex 15.3121 49.9883 18.231
    endloop
  endfacet
  facet normal -0.242614 -0.685981 -0.685981
    outer loop
      vertex 15.4645 49.9613 18.204
      vertex 15.3121 52.1096 16.1096
      vertex 15.4645 52.0826 16.0827
    endloop
  endfacet
  facet normal 0.595524 -0.568045 -0.568045
    outer loop
      vertex 14.1111 49.8194 18.062
      vertex 13.985 51.8746 15.8746
      vertex 14.1111 51.9407 15.9407
    endloop
  endfacet
  facet normal 0.595815 -0.56788 -0.567906
    outer loop
      vertex 13.985 51.8746 15.8746
      vertex 14.1111 49.8194 18.062
      vertex 13.985 49.7532 17.9959
    endloop
  endfacet
  facet normal -0.904042 0.302248 0.302248
    outer loop
      vertex 16.4111 50.4667 14.4667
      vertex 16.4782 48.4457 16.6884
      vertex 16.4782 50.567 14.5671
    endloop
  endfacet
  facet normal -0.904124 0.302118 0.302132
    outer loop
      vertex 16.4782 48.4457 16.6884
      vertex 16.4111 50.4667 14.4667
      vertex 16.4111 48.3453 16.588
    endloop
  endfacet
  facet normal -0.243037 0.685906 0.685906
    outer loop
      vertex 15.4645 49.9173 13.9174
      vertex 15.3121 47.769 16.0117
      vertex 15.4645 47.796 16.0387
    endloop
  endfacet
  facet normal -0.242614 0.685964 0.685997
    outer loop
      vertex 15.3121 47.769 16.0117
      vertex 15.4645 49.9173 13.9174
      vertex 15.3121 49.8904 13.8904
    endloop
  endfacet
  facet normal -0.671564 0.523928 0.523928
    outer loop
      vertex 16.015 50.1254 14.1254
      vertex 16.1314 48.0787 16.3213
      vertex 16.1314 50.2 14.2
    endloop
  endfacet
  facet normal -0.671317 0.524099 0.524074
    outer loop
      vertex 16.1314 48.0787 16.3213
      vertex 16.015 50.1254 14.1254
      vertex 16.015 48.0041 16.2468
    endloop
  endfacet
  facet normal -0.989208 -0.103606 -0.103606
    outer loop
      vertex 16.5923 51.1109 15.1109
      vertex 16.5693 49.0994 17.342
      vertex 16.5693 51.2207 15.2207
    endloop
  endfacet
  facet normal -0.989208 -0.103606 -0.103606
    outer loop
      vertex 16.5693 49.0994 17.342
      vertex 16.5923 51.1109 15.1109
      vertex 16.5923 48.9896 17.2322
    endloop
  endfacet
  facet normal -0.904042 -0.302255 -0.302241
    outer loop
      vertex 16.4782 51.4329 15.433
      vertex 16.4111 49.412 17.6547
      vertex 16.4111 51.5333 15.5333
    endloop
  endfacet
  facet normal -0.904124 -0.302125 -0.302125
    outer loop
      vertex 16.4111 49.412 17.6547
      vertex 16.4782 51.4329 15.433
      vertex 16.4782 49.3116 17.5543
    endloop
  endfacet
  facet normal -0.857836 -0.363398 -0.363398
    outer loop
      vertex 16.4111 51.5333 15.5333
      vertex 16.3304 49.5072 17.7499
      vertex 16.3304 51.6285 15.6286
    endloop
  endfacet
  facet normal -0.857717 -0.363547 -0.36353
    outer loop
      vertex 16.3304 49.5072 17.7499
      vertex 16.4111 51.5333 15.5333
      vertex 16.4111 49.412 17.6547
    endloop
  endfacet
  facet normal -0.802919 -0.421508 -0.421489
    outer loop
      vertex 16.3304 51.6285 15.6286
      vertex 16.2368 49.5964 17.8391
      vertex 16.2368 51.7177 15.7177
    endloop
  endfacet
  facet normal -0.803078 -0.421346 -0.421346
    outer loop
      vertex 16.2368 49.5964 17.8391
      vertex 16.3304 51.6285 15.6286
      vertex 16.3304 49.5072 17.7499
    endloop
  endfacet
  facet normal -0.671564 -0.523916 -0.523941
    outer loop
      vertex 16.1314 51.8 15.8
      vertex 16.015 49.7532 17.9959
      vertex 16.015 51.8746 15.8746
    endloop
  endfacet
  facet normal -0.671317 -0.524087 -0.524087
    outer loop
      vertex 16.015 49.7532 17.9959
      vertex 16.1314 51.8 15.8
      vertex 16.1314 49.6787 17.9213
    endloop
  endfacet
  facet normal -0.0486461 -0.706253 -0.706286
    outer loop
      vertex 15 52.1314 16.1314
      vertex 15.1568 50.0046 18.2473
      vertex 15 50.01 18.2527
    endloop
  endfacet
  facet normal -0.0495448 -0.706255 -0.706222
    outer loop
      vertex 15.1568 50.0046 18.2473
      vertex 15 52.1314 16.1314
      vertex 15.1568 52.1259 16.1259
    endloop
  endfacet
  facet normal -0.336934 -0.665761 -0.665761
    outer loop
      vertex 15.4645 52.0826 16.0827
      vertex 15.6123 49.9239 18.1666
      vertex 15.4645 49.9613 18.204
    endloop
  endfacet
  facet normal -0.336934 -0.665761 -0.665761
    outer loop
      vertex 15.6123 49.9239 18.1666
      vertex 15.4645 52.0826 16.0827
      vertex 15.6123 52.0452 16.0453
    endloop
  endfacet
  facet normal -0.146825 -0.69946 -0.699427
    outer loop
      vertex 15.1568 52.1259 16.1259
      vertex 15.3121 49.9883 18.231
      vertex 15.1568 50.0046 18.2473
    endloop
  endfacet
  facet normal -0.146825 -0.69946 -0.699427
    outer loop
      vertex 15.3121 49.9883 18.231
      vertex 15.1568 52.1259 16.1259
      vertex 15.3121 52.1096 16.1096
    endloop
  endfacet
  facet normal 0.998797 -0.0346742 -0.0346742
    outer loop
      vertex 13.4077 48.9896 17.2322
      vertex 13.4 51 15
      vertex 13.4077 51.1109 15.1109
    endloop
  endfacet
  facet normal 0.998797 -0.0346742 -0.0346742
    outer loop
      vertex 13.4 51 15
      vertex 13.4077 48.9896 17.2322
      vertex 13.4 48.8787 17.1213
    endloop
  endfacet
  facet normal 0.941552 -0.238202 -0.238202
    outer loop
      vertex 13.5218 49.3116 17.5543
      vertex 13.4689 51.3284 15.3284
      vertex 13.5218 51.4329 15.433
    endloop
  endfacet
  facet normal 0.941552 -0.238202 -0.238202
    outer loop
      vertex 13.4689 51.3284 15.3284
      vertex 13.5218 49.3116 17.5543
      vertex 13.4689 49.2071 17.4497
    endloop
  endfacet
  facet normal 0.969959 -0.172017 -0.172017
    outer loop
      vertex 13.4689 49.2071 17.4497
      vertex 13.4307 51.2207 15.2207
      vertex 13.4689 51.3284 15.3284
    endloop
  endfacet
  facet normal 0.969959 -0.172017 -0.172017
    outer loop
      vertex 13.4307 51.2207 15.2207
      vertex 13.4689 49.2071 17.4497
      vertex 13.4307 49.0994 17.342
    endloop
  endfacet
  facet normal 0.989208 -0.103606 -0.103606
    outer loop
      vertex 13.4307 49.0994 17.342
      vertex 13.4077 51.1109 15.1109
      vertex 13.4307 51.2207 15.2207
    endloop
  endfacet
  facet normal 0.989208 -0.103606 -0.103606
    outer loop
      vertex 13.4077 51.1109 15.1109
      vertex 13.4307 49.0994 17.342
      vertex 13.4077 48.9896 17.2322
    endloop
  endfacet
  facet normal 0.741235 -0.474642 -0.474642
    outer loop
      vertex 13.8686 49.6787 17.9213
      vertex 13.7632 51.7177 15.7177
      vertex 13.8686 51.8 15.8
    endloop
  endfacet
  facet normal 0.741032 -0.474812 -0.47479
    outer loop
      vertex 13.7632 51.7177 15.7177
      vertex 13.8686 49.6787 17.9213
      vertex 13.7632 49.5964 17.8391
    endloop
  endfacet
  facet normal 0.802919 -0.421508 -0.421489
    outer loop
      vertex 13.7632 49.5964 17.8391
      vertex 13.6696 51.6285 15.6286
      vertex 13.7632 51.7177 15.7177
    endloop
  endfacet
  facet normal 0.803078 -0.421346 -0.421346
    outer loop
      vertex 13.6696 51.6285 15.6286
      vertex 13.7632 49.5964 17.8391
      vertex 13.6696 49.5072 17.7499
    endloop
  endfacet
  facet normal 0.0486461 -0.706253 -0.706286
    outer loop
      vertex 14.8432 50.0046 18.2473
      vertex 15 52.1314 16.1314
      vertex 15 50.01 18.2527
    endloop
  endfacet
  facet normal 0.0495448 -0.706255 -0.706222
    outer loop
      vertex 15 52.1314 16.1314
      vertex 14.8432 50.0046 18.2473
      vertex 14.8432 52.1259 16.1259
    endloop
  endfacet
  facet normal 0.146825 -0.69946 -0.699427
    outer loop
      vertex 14.6879 49.9883 18.231
      vertex 14.8432 52.1259 16.1259
      vertex 14.8432 50.0046 18.2473
    endloop
  endfacet
  facet normal 0.146825 -0.69946 -0.699427
    outer loop
      vertex 14.8432 52.1259 16.1259
      vertex 14.6879 49.9883 18.231
      vertex 14.6879 52.1096 16.1096
    endloop
  endfacet
  facet normal 0.427875 -0.63911 -0.63911
    outer loop
      vertex 14.2458 49.8764 18.1191
      vertex 14.3877 52.0452 16.0453
      vertex 14.3877 49.9239 18.1666
    endloop
  endfacet
  facet normal 0.427507 -0.639218 -0.639248
    outer loop
      vertex 14.3877 52.0452 16.0453
      vertex 14.2458 49.8764 18.1191
      vertex 14.2458 51.9978 15.9978
    endloop
  endfacet
  facet normal 0.513844 -0.606601 -0.60663
    outer loop
      vertex 14.1111 49.8194 18.062
      vertex 14.2458 51.9978 15.9978
      vertex 14.2458 49.8764 18.1191
    endloop
  endfacet
  facet normal 0.514175 -0.606475 -0.606475
    outer loop
      vertex 14.2458 51.9978 15.9978
      vertex 14.1111 49.8194 18.062
      vertex 14.1111 51.9407 15.9407
    endloop
  endfacet
  facet normal 0.671564 -0.523916 -0.523941
    outer loop
      vertex 13.985 49.7532 17.9959
      vertex 13.8686 51.8 15.8
      vertex 13.985 51.8746 15.8746
    endloop
  endfacet
  facet normal 0.671317 -0.524087 -0.524087
    outer loop
      vertex 13.8686 51.8 15.8
      vertex 13.985 49.7532 17.9959
      vertex 13.8686 49.6787 17.9213
    endloop
  endfacet
  facet normal -0.998797 -0.0346742 -0.0346742
    outer loop
      vertex 16.6 51 15
      vertex 16.5923 48.9896 17.2322
      vertex 16.5923 51.1109 15.1109
    endloop
  endfacet
  facet normal -0.998797 -0.0346742 -0.0346742
    outer loop
      vertex 16.5923 48.9896 17.2322
      vertex 16.6 51 15
      vertex 16.6 48.8787 17.1213
    endloop
  endfacet
  facet normal -0.998797 0.0346742 0.0346742
    outer loop
      vertex 16.5923 50.8891 14.8891
      vertex 16.6 48.8787 17.1213
      vertex 16.6 51 15
    endloop
  endfacet
  facet normal -0.998797 0.0346742 0.0346742
    outer loop
      vertex 16.6 48.8787 17.1213
      vertex 16.5923 50.8891 14.8891
      vertex 16.5923 48.7678 17.0104
    endloop
  endfacet
  facet normal -0.0486461 0.706253 0.706286
    outer loop
      vertex 15.1568 49.8741 13.8741
      vertex 15 47.7473 15.99
      vertex 15.1568 47.7527 15.9954
    endloop
  endfacet
  facet normal -0.0495448 0.706255 0.706222
    outer loop
      vertex 15 47.7473 15.99
      vertex 15.1568 49.8741 13.8741
      vertex 15 49.8686 13.8686
    endloop
  endfacet
  facet normal -0.941552 0.238202 0.238202
    outer loop
      vertex 16.4782 50.567 14.5671
      vertex 16.5311 48.5503 16.7929
      vertex 16.5311 50.6716 14.6716
    endloop
  endfacet
  facet normal -0.941552 0.238202 0.238202
    outer loop
      vertex 16.5311 48.5503 16.7929
      vertex 16.4782 50.567 14.5671
      vertex 16.4782 48.4457 16.6884
    endloop
  endfacet
  facet normal -0.146825 0.699427 0.69946
    outer loop
      vertex 15.3121 49.8904 13.8904
      vertex 15.1568 47.7527 15.9954
      vertex 15.3121 47.769 16.0117
    endloop
  endfacet
  facet normal -0.146825 0.699427 0.69946
    outer loop
      vertex 15.1568 47.7527 15.9954
      vertex 15.3121 49.8904 13.8904
      vertex 15.1568 49.8741 13.8741
    endloop
  endfacet
  facet normal -0.427875 0.639125 0.639095
    outer loop
      vertex 15.7542 50.0022 14.0022
      vertex 15.6123 47.8334 16.0761
      vertex 15.7542 47.8809 16.1236
    endloop
  endfacet
  facet normal -0.427507 0.639233 0.639233
    outer loop
      vertex 15.6123 47.8334 16.0761
      vertex 15.7542 50.0022 14.0022
      vertex 15.6123 49.9547 13.9548
    endloop
  endfacet
  facet normal -0.595524 0.568059 0.568032
    outer loop
      vertex 15.8889 50.0593 14.0593
      vertex 16.015 48.0041 16.2468
      vertex 16.015 50.1254 14.1254
    endloop
  endfacet
  facet normal -0.595815 0.567893 0.567893
    outer loop
      vertex 16.015 48.0041 16.2468
      vertex 15.8889 50.0593 14.0593
      vertex 15.8889 47.938 16.1806
    endloop
  endfacet
  facet normal -0.741235 0.474631 0.474654
    outer loop
      vertex 16.1314 50.2 14.2
      vertex 16.2368 48.1609 16.4036
      vertex 16.2368 50.2823 14.2823
    endloop
  endfacet
  facet normal -0.741032 0.474801 0.474801
    outer loop
      vertex 16.2368 48.1609 16.4036
      vertex 16.1314 50.2 14.2
      vertex 16.1314 48.0787 16.3213
    endloop
  endfacet
  facet normal -0.857836 0.36339 0.363407
    outer loop
      vertex 16.3304 50.3714 14.3715
      vertex 16.4111 48.3453 16.588
      vertex 16.4111 50.4667 14.4667
    endloop
  endfacet
  facet normal -0.857717 0.363539 0.363539
    outer loop
      vertex 16.4111 48.3453 16.588
      vertex 16.3304 50.3714 14.3715
      vertex 16.3304 48.2501 16.4928
    endloop
  endfacet
  facet normal 0.146825 0.699427 0.69946
    outer loop
      vertex 14.8432 47.7527 15.9954
      vertex 14.6879 49.8904 13.8904
      vertex 14.6879 47.769 16.0117
    endloop
  endfacet
  facet normal 0.146825 0.699427 0.69946
    outer loop
      vertex 14.6879 49.8904 13.8904
      vertex 14.8432 47.7527 15.9954
      vertex 14.8432 49.8741 13.8741
    endloop
  endfacet
  facet normal 0.0486461 0.706253 0.706286
    outer loop
      vertex 15 47.7473 15.99
      vertex 14.8432 49.8741 13.8741
      vertex 14.8432 47.7527 15.9954
    endloop
  endfacet
  facet normal 0.0495448 0.706255 0.706222
    outer loop
      vertex 14.8432 49.8741 13.8741
      vertex 15 47.7473 15.99
      vertex 15 49.8686 13.8686
    endloop
  endfacet
  facet normal 0.513844 0.606615 0.606615
    outer loop
      vertex 14.2458 47.8809 16.1236
      vertex 14.1111 50.0593 14.0593
      vertex 14.1111 47.938 16.1806
    endloop
  endfacet
  facet normal 0.514175 0.606489 0.606461
    outer loop
      vertex 14.1111 50.0593 14.0593
      vertex 14.2458 47.8809 16.1236
      vertex 14.2458 50.0022 14.0022
    endloop
  endfacet
  facet normal 0.671564 0.523928 0.523928
    outer loop
      vertex 13.8686 48.0787 16.3213
      vertex 13.985 50.1254 14.1254
      vertex 13.8686 50.2 14.2
    endloop
  endfacet
  facet normal 0.671317 0.524099 0.524074
    outer loop
      vertex 13.985 50.1254 14.1254
      vertex 13.8686 48.0787 16.3213
      vertex 13.985 48.0041 16.2468
    endloop
  endfacet
  facet normal 0.969959 0.172017 0.172017
    outer loop
      vertex 13.4307 48.658 16.9006
      vertex 13.4689 50.6716 14.6716
      vertex 13.4307 50.7793 14.7793
    endloop
  endfacet
  facet normal 0.969959 0.172017 0.172017
    outer loop
      vertex 13.4689 50.6716 14.6716
      vertex 13.4307 48.658 16.9006
      vertex 13.4689 48.5503 16.7929
    endloop
  endfacet
  facet normal 0.998797 0.0346742 0.0346742
    outer loop
      vertex 13.4 48.8787 17.1213
      vertex 13.4077 50.8891 14.8891
      vertex 13.4 51 15
    endloop
  endfacet
  facet normal 0.998797 0.0346742 0.0346742
    outer loop
      vertex 13.4077 50.8891 14.8891
      vertex 13.4 48.8787 17.1213
      vertex 13.4077 48.7678 17.0104
    endloop
  endfacet
  facet normal 0.802919 0.421498 0.421498
    outer loop
      vertex 13.6696 48.2501 16.4928
      vertex 13.7632 50.2823 14.2823
      vertex 13.6696 50.3714 14.3715
    endloop
  endfacet
  facet normal 0.803078 0.421336 0.421356
    outer loop
      vertex 13.7632 50.2823 14.2823
      vertex 13.6696 48.2501 16.4928
      vertex 13.7632 48.1609 16.4036
    endloop
  endfacet
  facet normal 0.857836 -0.363398 -0.363398
    outer loop
      vertex 13.6696 49.5072 17.7499
      vertex 13.5889 51.5333 15.5333
      vertex 13.6696 51.6285 15.6286
    endloop
  endfacet
  facet normal 0.857717 -0.363547 -0.36353
    outer loop
      vertex 13.5889 51.5333 15.5333
      vertex 13.6696 49.5072 17.7499
      vertex 13.5889 49.412 17.6547
    endloop
  endfacet
  facet normal 0.243037 -0.685922 -0.685889
    outer loop
      vertex 14.5355 49.9613 18.204
      vertex 14.6879 52.1096 16.1096
      vertex 14.6879 49.9883 18.231
    endloop
  endfacet
  facet normal 0.242614 -0.685981 -0.685981
    outer loop
      vertex 14.6879 52.1096 16.1096
      vertex 14.5355 49.9613 18.204
      vertex 14.5355 52.0826 16.0827
    endloop
  endfacet
  facet normal -0.989208 0.103606 0.103606
    outer loop
      vertex 16.5693 50.7793 14.7793
      vertex 16.5923 48.7678 17.0104
      vertex 16.5923 50.8891 14.8891
    endloop
  endfacet
  facet normal -0.989208 0.103606 0.103606
    outer loop
      vertex 16.5923 48.7678 17.0104
      vertex 16.5693 50.7793 14.7793
      vertex 16.5693 48.658 16.9006
    endloop
  endfacet
  facet normal -0.969959 0.172017 0.172017
    outer loop
      vertex 16.5311 50.6716 14.6716
      vertex 16.5693 48.658 16.9006
      vertex 16.5693 50.7793 14.7793
    endloop
  endfacet
  facet normal -0.969959 0.172017 0.172017
    outer loop
      vertex 16.5693 48.658 16.9006
      vertex 16.5311 50.6716 14.6716
      vertex 16.5311 48.5503 16.7929
    endloop
  endfacet
  facet normal -0.336934 0.665761 0.665761
    outer loop
      vertex 15.4645 49.9173 13.9174
      vertex 15.6123 47.8334 16.0761
      vertex 15.6123 49.9547 13.9548
    endloop
  endfacet
  facet normal -0.336934 0.665761 0.665761
    outer loop
      vertex 15.6123 47.8334 16.0761
      vertex 15.4645 49.9173 13.9174
      vertex 15.4645 47.796 16.0387
    endloop
  endfacet
  facet normal -0.513844 0.606615 0.606615
    outer loop
      vertex 15.8889 50.0593 14.0593
      vertex 15.7542 47.8809 16.1236
      vertex 15.8889 47.938 16.1806
    endloop
  endfacet
  facet normal -0.514175 0.606489 0.606461
    outer loop
      vertex 15.7542 47.8809 16.1236
      vertex 15.8889 50.0593 14.0593
      vertex 15.7542 50.0022 14.0022
    endloop
  endfacet
  facet normal -0.802919 0.421498 0.421498
    outer loop
      vertex 16.2368 50.2823 14.2823
      vertex 16.3304 48.2501 16.4928
      vertex 16.3304 50.3714 14.3715
    endloop
  endfacet
  facet normal -0.803078 0.421336 0.421356
    outer loop
      vertex 16.3304 48.2501 16.4928
      vertex 16.2368 50.2823 14.2823
      vertex 16.2368 48.1609 16.4036
    endloop
  endfacet
  facet normal 0.243037 0.685906 0.685906
    outer loop
      vertex 14.6879 47.769 16.0117
      vertex 14.5355 49.9173 13.9174
      vertex 14.5355 47.796 16.0387
    endloop
  endfacet
  facet normal 0.242614 0.685964 0.685997
    outer loop
      vertex 14.5355 49.9173 13.9174
      vertex 14.6879 47.769 16.0117
      vertex 14.6879 49.8904 13.8904
    endloop
  endfacet
  facet normal 0.595524 0.568059 0.568032
    outer loop
      vertex 13.985 48.0041 16.2468
      vertex 14.1111 50.0593 14.0593
      vertex 13.985 50.1254 14.1254
    endloop
  endfacet
  facet normal 0.595815 0.567893 0.567893
    outer loop
      vertex 14.1111 50.0593 14.0593
      vertex 13.985 48.0041 16.2468
      vertex 14.1111 47.938 16.1806
    endloop
  endfacet
  facet normal 0.427875 0.639125 0.639095
    outer loop
      vertex 14.3877 47.8334 16.0761
      vertex 14.2458 50.0022 14.0022
      vertex 14.2458 47.8809 16.1236
    endloop
  endfacet
  facet normal 0.427507 0.639233 0.639233
    outer loop
      vertex 14.2458 50.0022 14.0022
      vertex 14.3877 47.8334 16.0761
      vertex 14.3877 49.9547 13.9548
    endloop
  endfacet
  facet normal 0.989208 0.103606 0.103606
    outer loop
      vertex 13.4077 48.7678 17.0104
      vertex 13.4307 50.7793 14.7793
      vertex 13.4077 50.8891 14.8891
    endloop
  endfacet
  facet normal 0.989208 0.103606 0.103606
    outer loop
      vertex 13.4307 50.7793 14.7793
      vertex 13.4077 48.7678 17.0104
      vertex 13.4307 48.658 16.9006
    endloop
  endfacet
  facet normal 0.941552 0.238202 0.238202
    outer loop
      vertex 13.4689 48.5503 16.7929
      vertex 13.5218 50.567 14.5671
      vertex 13.4689 50.6716 14.6716
    endloop
  endfacet
  facet normal 0.941552 0.238202 0.238202
    outer loop
      vertex 13.5218 50.567 14.5671
      vertex 13.4689 48.5503 16.7929
      vertex 13.5218 48.4457 16.6884
    endloop
  endfacet
  facet normal 0.857836 0.36339 0.363407
    outer loop
      vertex 13.5889 48.3453 16.588
      vertex 13.6696 50.3714 14.3715
      vertex 13.5889 50.4667 14.4667
    endloop
  endfacet
  facet normal 0.857717 0.363539 0.363539
    outer loop
      vertex 13.6696 50.3714 14.3715
      vertex 13.5889 48.3453 16.588
      vertex 13.6696 48.2501 16.4928
    endloop
  endfacet
  facet normal 0.741235 0.474631 0.474654
    outer loop
      vertex 13.7632 48.1609 16.4036
      vertex 13.8686 50.2 14.2
      vertex 13.7632 50.2823 14.2823
    endloop
  endfacet
  facet normal 0.741032 0.474801 0.474801
    outer loop
      vertex 13.8686 50.2 14.2
      vertex 13.7632 48.1609 16.4036
      vertex 13.8686 48.0787 16.3213
    endloop
  endfacet
  facet normal -0.671585 0 0.740927
    outer loop
      vertex 7.43223 8 4.47668
      vertex 7.58492 0 4.61508
      vertex 7.58492 8 4.61508
    endloop
  endfacet
  facet normal -0.671585 0 0.740927
    outer loop
      vertex 7.58492 0 4.61508
      vertex 7.43223 8 4.47668
      vertex 7.43223 0 4.47668
    endloop
  endfacet
  facet normal -0.998796 0 -0.0490567
    outer loop
      vertex 8.2 0 6.1
      vertex 8.18989 8 6.30584
      vertex 8.2 8 6.1
    endloop
  endfacet
  facet normal -0.998796 -0 -0.0490567
    outer loop
      vertex 8.18989 8 6.30584
      vertex 8.2 0 6.1
      vertex 8.18989 0 6.30584
    endloop
  endfacet
  facet normal 0.336896 0 0.941542
    outer loop
      vertex 5.29636 8 4.15985
      vertex 5.4904 0 4.09042
      vertex 5.4904 8 4.09042
    endloop
  endfacet
  facet normal 0.336896 0 0.941542
    outer loop
      vertex 5.4904 0 4.09042
      vertex 5.29636 8 4.15985
      vertex 5.29636 0 4.15985
    endloop
  endfacet
  facet normal 0.903987 -0 0.427561
    outer loop
      vertex 4.15985 0 5.29636
      vertex 4.24796 8 5.11007
      vertex 4.15985 8 5.29636
    endloop
  endfacet
  facet normal 0.903987 0 0.427561
    outer loop
      vertex 4.24796 8 5.11007
      vertex 4.15985 0 5.29636
      vertex 4.24796 0 5.11007
    endloop
  endfacet
  facet normal -0.941557 0 0.336853
    outer loop
      vertex 8.04015 0 5.29636
      vertex 8.10957 8 5.4904
      vertex 8.04015 8 5.29636
    endloop
  endfacet
  facet normal -0.941557 0 0.336853
    outer loop
      vertex 8.10957 8 5.4904
      vertex 8.04015 0 5.29636
      vertex 8.10957 0 5.4904
    endloop
  endfacet
  facet normal -0.989175 0 0.146739
    outer loop
      vertex 8.15965 0 5.69031
      vertex 8.18989 8 5.89416
      vertex 8.15965 8 5.69031
    endloop
  endfacet
  facet normal -0.989175 0 0.146739
    outer loop
      vertex 8.18989 8 5.89416
      vertex 8.15965 0 5.69031
      vertex 8.18989 0 5.89416
    endloop
  endfacet
  facet normal -0.903968 0 0.4276
    outer loop
      vertex 7.95203 0 5.11007
      vertex 8.04015 8 5.29636
      vertex 7.95203 8 5.11007
    endloop
  endfacet
  facet normal -0.903968 0 0.4276
    outer loop
      vertex 8.04015 8 5.29636
      vertex 7.95203 0 5.11007
      vertex 8.04015 0 5.29636
    endloop
  endfacet
  facet normal -0.427561 0 0.903987
    outer loop
      vertex 6.90364 8 4.15985
      vertex 7.08993 0 4.24796
      vertex 7.08993 8 4.24796
    endloop
  endfacet
  facet normal -0.427561 0 0.903987
    outer loop
      vertex 7.08993 0 4.24796
      vertex 6.90364 8 4.15985
      vertex 6.90364 0 4.15985
    endloop
  endfacet
  facet normal -0.146739 0 0.989175
    outer loop
      vertex 6.30584 8 4.01011
      vertex 6.50969 0 4.04035
      vertex 6.50969 8 4.04035
    endloop
  endfacet
  facet normal -0.146739 0 0.989175
    outer loop
      vertex 6.50969 0 4.04035
      vertex 6.30584 8 4.01011
      vertex 6.30584 0 4.01011
    endloop
  endfacet
  facet normal 0.989175 -0 0.146739
    outer loop
      vertex 4.01011 0 5.89416
      vertex 4.04035 8 5.69031
      vertex 4.01011 8 5.89416
    endloop
  endfacet
  facet normal 0.989175 0 0.146739
    outer loop
      vertex 4.04035 8 5.69031
      vertex 4.01011 0 5.89416
      vertex 4.04035 0 5.69031
    endloop
  endfacet
  facet normal 0.740927 -0 0.671585
    outer loop
      vertex 4.47668 0 4.76777
      vertex 4.61508 8 4.61508
      vertex 4.47668 8 4.76777
    endloop
  endfacet
  facet normal 0.740927 0 0.671585
    outer loop
      vertex 4.61508 8 4.61508
      vertex 4.47668 0 4.76777
      vertex 4.61508 0 4.61508
    endloop
  endfacet
  facet normal 0.146739 0 0.989175
    outer loop
      vertex 5.69031 8 4.04035
      vertex 5.89416 0 4.01011
      vertex 5.89416 8 4.01011
    endloop
  endfacet
  facet normal 0.146739 0 0.989175
    outer loop
      vertex 5.89416 0 4.01011
      vertex 5.69031 8 4.04035
      vertex 5.69031 0 4.04035
    endloop
  endfacet
  facet normal -0.803197 0 -0.595714
    outer loop
      vertex 7.84609 0 7.2667
      vertex 7.72332 8 7.43223
      vertex 7.84609 8 7.2667
    endloop
  endfacet
  facet normal -0.803197 -0 -0.595714
    outer loop
      vertex 7.72332 8 7.43223
      vertex 7.84609 0 7.2667
      vertex 7.72332 0 7.43223
    endloop
  endfacet
  facet normal -0.941557 0 -0.336853
    outer loop
      vertex 8.10957 0 6.7096
      vertex 8.04015 8 6.90364
      vertex 8.10957 8 6.7096
    endloop
  endfacet
  facet normal -0.941557 -0 -0.336853
    outer loop
      vertex 8.04015 8 6.90364
      vertex 8.10957 0 6.7096
      vertex 8.04015 0 6.90364
    endloop
  endfacet
  facet normal 0.146739 0 -0.989175
    outer loop
      vertex 5.69031 0 8.15965
      vertex 5.89416 8 8.18989
      vertex 5.89416 0 8.18989
    endloop
  endfacet
  facet normal 0.146739 0 -0.989175
    outer loop
      vertex 5.89416 8 8.18989
      vertex 5.69031 0 8.15965
      vertex 5.69031 8 8.15965
    endloop
  endfacet
  facet normal 0.671585 0 -0.740927
    outer loop
      vertex 4.61508 0 7.58492
      vertex 4.76777 8 7.72332
      vertex 4.76777 0 7.72332
    endloop
  endfacet
  facet normal 0.671585 0 -0.740927
    outer loop
      vertex 4.76777 8 7.72332
      vertex 4.61508 0 7.58492
      vertex 4.61508 8 7.58492
    endloop
  endfacet
  facet normal -0.970025 0 0.243004
    outer loop
      vertex 8.10957 0 5.4904
      vertex 8.15965 8 5.69031
      vertex 8.10957 8 5.4904
    endloop
  endfacet
  facet normal -0.970025 0 0.243004
    outer loop
      vertex 8.15965 8 5.69031
      vertex 8.10957 0 5.4904
      vertex 8.15965 0 5.69031
    endloop
  endfacet
  facet normal -0.803197 0 0.595714
    outer loop
      vertex 7.72332 0 4.76777
      vertex 7.84609 8 4.9333
      vertex 7.72332 8 4.76777
    endloop
  endfacet
  facet normal -0.803197 0 0.595714
    outer loop
      vertex 7.84609 8 4.9333
      vertex 7.72332 0 4.76777
      vertex 7.84609 0 4.9333
    endloop
  endfacet
  facet normal -0.857754 0 0.51406
    outer loop
      vertex 7.84609 0 4.9333
      vertex 7.95203 8 5.11007
      vertex 7.84609 8 4.9333
    endloop
  endfacet
  facet normal -0.857754 0 0.51406
    outer loop
      vertex 7.95203 8 5.11007
      vertex 7.84609 0 4.9333
      vertex 7.95203 0 5.11007
    endloop
  endfacet
  facet normal -0.740927 0 0.671585
    outer loop
      vertex 7.58492 0 4.61508
      vertex 7.72332 8 4.76777
      vertex 7.58492 8 4.61508
    endloop
  endfacet
  facet normal -0.740927 0 0.671585
    outer loop
      vertex 7.72332 8 4.76777
      vertex 7.58492 0 4.61508
      vertex 7.72332 0 4.76777
    endloop
  endfacet
  facet normal -0.595714 0 0.803197
    outer loop
      vertex 7.2667 8 4.35391
      vertex 7.43223 0 4.47668
      vertex 7.43223 8 4.47668
    endloop
  endfacet
  facet normal -0.595714 0 0.803197
    outer loop
      vertex 7.43223 0 4.47668
      vertex 7.2667 8 4.35391
      vertex 7.2667 0 4.35391
    endloop
  endfacet
  facet normal -0.0490567 0 0.998796
    outer loop
      vertex 6.1 8 4
      vertex 6.30584 0 4.01011
      vertex 6.30584 8 4.01011
    endloop
  endfacet
  facet normal -0.0490567 0 0.998796
    outer loop
      vertex 6.30584 0 4.01011
      vertex 6.1 8 4
      vertex 6.1 0 4
    endloop
  endfacet
  facet normal -0.514096 0 0.857733
    outer loop
      vertex 7.08993 8 4.24796
      vertex 7.2667 0 4.35391
      vertex 7.2667 8 4.35391
    endloop
  endfacet
  facet normal -0.514096 0 0.857733
    outer loop
      vertex 7.2667 0 4.35391
      vertex 7.08993 8 4.24796
      vertex 7.08993 0 4.24796
    endloop
  endfacet
  facet normal -0.336896 0 0.941542
    outer loop
      vertex 6.7096 8 4.09042
      vertex 6.90364 0 4.15985
      vertex 6.90364 8 4.15985
    endloop
  endfacet
  facet normal -0.336896 0 0.941542
    outer loop
      vertex 6.90364 0 4.15985
      vertex 6.7096 8 4.09042
      vertex 6.7096 0 4.09042
    endloop
  endfacet
  facet normal -0.242958 0 0.970037
    outer loop
      vertex 6.50969 8 4.04035
      vertex 6.7096 0 4.09042
      vertex 6.7096 8 4.09042
    endloop
  endfacet
  facet normal -0.242958 0 0.970037
    outer loop
      vertex 6.7096 0 4.09042
      vertex 6.50969 8 4.04035
      vertex 6.50969 0 4.04035
    endloop
  endfacet
  facet normal 0.998796 -0 0.0490567
    outer loop
      vertex 4 0 6.1
      vertex 4.01011 8 5.89416
      vertex 4 8 6.1
    endloop
  endfacet
  facet normal 0.998796 0 0.0490567
    outer loop
      vertex 4.01011 8 5.89416
      vertex 4 0 6.1
      vertex 4.01011 0 5.89416
    endloop
  endfacet
  facet normal 0 -1 0
    outer loop
      vertex 5.89416 8 8.18989
      vertex 6.30584 8 8.18989
      vertex 6.1 8 8.2
    endloop
  endfacet
  facet normal 0 -1 0
    outer loop
      vertex 5.69031 8 8.15965
      vertex 6.30584 8 8.18989
      vertex 5.89416 8 8.18989
    endloop
  endfacet
  facet normal 0 -1 0
    outer loop
      vertex 5.69031 8 8.15965
      vertex 6.50969 8 8.15965
      vertex 6.30584 8 8.18989
    endloop
  endfacet
  facet normal 0 -1 0
    outer loop
      vertex 5.4904 8 8.10957
      vertex 6.50969 8 8.15965
      vertex 5.69031 8 8.15965
    endloop
  endfacet
  facet normal 0 -1 0
    outer loop
      vertex 5.4904 8 8.10957
      vertex 6.7096 8 8.10957
      vertex 6.50969 8 8.15965
    endloop
  endfacet
  facet normal 0 -1 0
    outer loop
      vertex 5.29636 8 8.04015
      vertex 6.7096 8 8.10957
      vertex 5.4904 8 8.10957
    endloop
  endfacet
  facet normal 0 -1 0
    outer loop
      vertex 5.29636 8 8.04015
      vertex 6.90364 8 8.04015
      vertex 6.7096 8 8.10957
    endloop
  endfacet
  facet normal 0 -1 0
    outer loop
      vertex 5.11007 8 7.95203
      vertex 6.90364 8 8.04015
      vertex 5.29636 8 8.04015
    endloop
  endfacet
  facet normal 0 -1 0
    outer loop
      vertex 5.11007 8 7.95203
      vertex 7.08993 8 7.95203
      vertex 6.90364 8 8.04015
    endloop
  endfacet
  facet normal 0 -1 0
    outer loop
      vertex 4.9333 8 7.84609
      vertex 7.08993 8 7.95203
      vertex 5.11007 8 7.95203
    endloop
  endfacet
  facet normal 0 -1 0
    outer loop
      vertex 4.9333 8 7.84609
      vertex 7.2667 8 7.84609
      vertex 7.08993 8 7.95203
    endloop
  endfacet
  facet normal 0 -1 0
    outer loop
      vertex 4.76777 8 7.72332
      vertex 7.2667 8 7.84609
      vertex 4.9333 8 7.84609
    endloop
  endfacet
  facet normal 0 -1 0
    outer loop
      vertex 4.76777 8 7.72332
      vertex 7.43223 8 7.72332
      vertex 7.2667 8 7.84609
    endloop
  endfacet
  facet normal 0 -1 0
    outer loop
      vertex 4.61508 8 7.58492
      vertex 7.43223 8 7.72332
      vertex 4.76777 8 7.72332
    endloop
  endfacet
  facet normal 0 -1 0
    outer loop
      vertex 4.61508 8 7.58492
      vertex 7.58492 8 7.58492
      vertex 7.43223 8 7.72332
    endloop
  endfacet
  facet normal 0 -1 0
    outer loop
      vertex 4.47668 8 7.43223
      vertex 7.58492 8 7.58492
      vertex 4.61508 8 7.58492
    endloop
  endfacet
  facet normal 0 -1 0
    outer loop
      vertex 4.47668 8 7.43223
      vertex 7.72332 8 7.43223
      vertex 7.58492 8 7.58492
    endloop
  endfacet
  facet normal 0 -1 0
    outer loop
      vertex 4.35391 8 7.2667
      vertex 7.72332 8 7.43223
      vertex 4.47668 8 7.43223
    endloop
  endfacet
  facet normal 0 -1 0
    outer loop
      vertex 4.35391 8 7.2667
      vertex 7.84609 8 7.2667
      vertex 7.72332 8 7.43223
    endloop
  endfacet
  facet normal 0 -1 0
    outer loop
      vertex 4.24796 8 7.08993
      vertex 7.84609 8 7.2667
      vertex 4.35391 8 7.2667
    endloop
  endfacet
  facet normal 0 -1 0
    outer loop
      vertex 4.24796 8 7.08993
      vertex 7.95203 8 7.08993
      vertex 7.84609 8 7.2667
    endloop
  endfacet
  facet normal 0 -1 0
    outer loop
      vertex 4.15985 8 6.90364
      vertex 7.95203 8 7.08993
      vertex 4.24796 8 7.08993
    endloop
  endfacet
  facet normal 0 -1 0
    outer loop
      vertex 4.15985 8 6.90364
      vertex 8.04015 8 6.90364
      vertex 7.95203 8 7.08993
    endloop
  endfacet
  facet normal 0 -1 0
    outer loop
      vertex 4.09042 8 6.7096
      vertex 8.04015 8 6.90364
      vertex 4.15985 8 6.90364
    endloop
  endfacet
  facet normal 0 -1 0
    outer loop
      vertex 4.09042 8 6.7096
      vertex 8.10957 8 6.7096
      vertex 8.04015 8 6.90364
    endloop
  endfacet
  facet normal 0 -1 0
    outer loop
      vertex 4.04035 8 6.50969
      vertex 8.10957 8 6.7096
      vertex 4.09042 8 6.7096
    endloop
  endfacet
  facet normal 0 -1 0
    outer loop
      vertex 4.04035 8 6.50969
      vertex 8.15965 8 6.50969
      vertex 8.10957 8 6.7096
    endloop
  endfacet
  facet normal 0 -1 0
    outer loop
      vertex 4.01011 8 6.30584
      vertex 8.15965 8 6.50969
      vertex 4.04035 8 6.50969
    endloop
  endfacet
  facet normal 0 -1 0
    outer loop
      vertex 4.01011 8 6.30584
      vertex 8.18989 8 6.30584
      vertex 8.15965 8 6.50969
    endloop
  endfacet
  facet normal 0 -1 0
    outer loop
      vertex 4 8 6.1
      vertex 8.18989 8 6.30584
      vertex 4.01011 8 6.30584
    endloop
  endfacet
  facet normal 0 -1 0
    outer loop
      vertex 4 8 6.1
      vertex 8.2 8 6.1
      vertex 8.18989 8 6.30584
    endloop
  endfacet
  facet normal 0 -1 0
    outer loop
      vertex 4.01011 8 5.89416
      vertex 8.2 8 6.1
      vertex 4 8 6.1
    endloop
  endfacet
  facet normal 0 -1 0
    outer loop
      vertex 4.01011 8 5.89416
      vertex 8.18989 8 5.89416
      vertex 8.2 8 6.1
    endloop
  endfacet
  facet normal 0 -1 0
    outer loop
      vertex 4.04035 8 5.69031
      vertex 8.18989 8 5.89416
      vertex 4.01011 8 5.89416
    endloop
  endfacet
  facet normal 0 -1 0
    outer loop
      vertex 4.04035 8 5.69031
      vertex 8.15965 8 5.69031
      vertex 8.18989 8 5.89416
    endloop
  endfacet
  facet normal 0 -1 0
    outer loop
      vertex 4.09042 8 5.4904
      vertex 8.15965 8 5.69031
      vertex 4.04035 8 5.69031
    endloop
  endfacet
  facet normal 0 -1 0
    outer loop
      vertex 4.09042 8 5.4904
      vertex 8.10957 8 5.4904
      vertex 8.15965 8 5.69031
    endloop
  endfacet
  facet normal 0 -1 0
    outer loop
      vertex 4.15985 8 5.29636
      vertex 8.10957 8 5.4904
      vertex 4.09042 8 5.4904
    endloop
  endfacet
  facet normal 0 -1 0
    outer loop
      vertex 4.15985 8 5.29636
      vertex 8.04015 8 5.29636
      vertex 8.10957 8 5.4904
    endloop
  endfacet
  facet normal 0 -1 0
    outer loop
      vertex 4.24796 8 5.11007
      vertex 8.04015 8 5.29636
      vertex 4.15985 8 5.29636
    endloop
  endfacet
  facet normal 0 -1 0
    outer loop
      vertex 4.24796 8 5.11007
      vertex 7.95203 8 5.11007
      vertex 8.04015 8 5.29636
    endloop
  endfacet
  facet normal 0 -1 0
    outer loop
      vertex 4.35391 8 4.9333
      vertex 7.95203 8 5.11007
      vertex 4.24796 8 5.11007
    endloop
  endfacet
  facet normal 0 -1 0
    outer loop
      vertex 4.35391 8 4.9333
      vertex 7.84609 8 4.9333
      vertex 7.95203 8 5.11007
    endloop
  endfacet
  facet normal 0 -1 0
    outer loop
      vertex 4.47668 8 4.76777
      vertex 7.84609 8 4.9333
      vertex 4.35391 8 4.9333
    endloop
  endfacet
  facet normal 0 -1 0
    outer loop
      vertex 4.47668 8 4.76777
      vertex 7.72332 8 4.76777
      vertex 7.84609 8 4.9333
    endloop
  endfacet
  facet normal 0 -1 0
    outer loop
      vertex 4.61508 8 4.61508
      vertex 7.72332 8 4.76777
      vertex 4.47668 8 4.76777
    endloop
  endfacet
  facet normal 0 -1 0
    outer loop
      vertex 4.61508 8 4.61508
      vertex 7.58492 8 4.61508
      vertex 7.72332 8 4.76777
    endloop
  endfacet
  facet normal 0 -1 0
    outer loop
      vertex 4.76777 8 4.47668
      vertex 7.58492 8 4.61508
      vertex 4.61508 8 4.61508
    endloop
  endfacet
  facet normal 0 -1 0
    outer loop
      vertex 4.76777 8 4.47668
      vertex 7.43223 8 4.47668
      vertex 7.58492 8 4.61508
    endloop
  endfacet
  facet normal 0 -1 0
    outer loop
      vertex 4.9333 8 4.35391
      vertex 7.43223 8 4.47668
      vertex 4.76777 8 4.47668
    endloop
  endfacet
  facet normal 0 -1 0
    outer loop
      vertex 4.9333 8 4.35391
      vertex 7.2667 8 4.35391
      vertex 7.43223 8 4.47668
    endloop
  endfacet
  facet normal 0 -1 0
    outer loop
      vertex 5.11007 8 4.24796
      vertex 7.2667 8 4.35391
      vertex 4.9333 8 4.35391
    endloop
  endfacet
  facet normal 0 -1 0
    outer loop
      vertex 5.11007 8 4.24796
      vertex 7.08993 8 4.24796
      vertex 7.2667 8 4.35391
    endloop
  endfacet
  facet normal 0 -1 0
    outer loop
      vertex 5.29636 8 4.15985
      vertex 7.08993 8 4.24796
      vertex 5.11007 8 4.24796
    endloop
  endfacet
  facet normal 0 -1 0
    outer loop
      vertex 5.29636 8 4.15985
      vertex 6.90364 8 4.15985
      vertex 7.08993 8 4.24796
    endloop
  endfacet
  facet normal 0 -1 0
    outer loop
      vertex 5.4904 8 4.09042
      vertex 6.90364 8 4.15985
      vertex 5.29636 8 4.15985
    endloop
  endfacet
  facet normal 0 -1 0
    outer loop
      vertex 5.4904 8 4.09042
      vertex 6.7096 8 4.09042
      vertex 6.90364 8 4.15985
    endloop
  endfacet
  facet normal 0 -1 0
    outer loop
      vertex 5.69031 8 4.04035
      vertex 6.7096 8 4.09042
      vertex 5.4904 8 4.09042
    endloop
  endfacet
  facet normal 0 -1 0
    outer loop
      vertex 5.69031 8 4.04035
      vertex 6.50969 8 4.04035
      vertex 6.7096 8 4.09042
    endloop
  endfacet
  facet normal 0 -1 0
    outer loop
      vertex 5.89416 8 4.01011
      vertex 6.50969 8 4.04035
      vertex 5.69031 8 4.04035
    endloop
  endfacet
  facet normal 0 -1 0
    outer loop
      vertex 5.89416 8 4.01011
      vertex 6.30584 8 4.01011
      vertex 6.50969 8 4.04035
    endloop
  endfacet
  facet normal -0 -1 0
    outer loop
      vertex 6.30584 8 4.01011
      vertex 5.89416 8 4.01011
      vertex 6.1 8 4
    endloop
  endfacet
  facet normal 0.941542 -0 0.336896
    outer loop
      vertex 4.09042 0 5.4904
      vertex 4.15985 8 5.29636
      vertex 4.09042 8 5.4904
    endloop
  endfacet
  facet normal 0.941542 0 0.336896
    outer loop
      vertex 4.15985 8 5.29636
      vertex 4.09042 0 5.4904
      vertex 4.15985 0 5.29636
    endloop
  endfacet
  facet normal 0.970037 -0 0.242958
    outer loop
      vertex 4.04035 0 5.69031
      vertex 4.09042 8 5.4904
      vertex 4.04035 8 5.69031
    endloop
  endfacet
  facet normal 0.970037 0 0.242958
    outer loop
      vertex 4.09042 8 5.4904
      vertex 4.04035 0 5.69031
      vertex 4.09042 0 5.4904
    endloop
  endfacet
  facet normal 0.857733 -0 0.514096
    outer loop
      vertex 4.24796 0 5.11007
      vertex 4.35391 8 4.9333
      vertex 4.24796 8 5.11007
    endloop
  endfacet
  facet normal 0.857733 0 0.514096
    outer loop
      vertex 4.35391 8 4.9333
      vertex 4.24796 0 5.11007
      vertex 4.35391 0 4.9333
    endloop
  endfacet
  facet normal 0.803197 -0 0.595714
    outer loop
      vertex 4.35391 0 4.9333
      vertex 4.47668 8 4.76777
      vertex 4.35391 8 4.9333
    endloop
  endfacet
  facet normal 0.803197 0 0.595714
    outer loop
      vertex 4.47668 8 4.76777
      vertex 4.35391 0 4.9333
      vertex 4.47668 0 4.76777
    endloop
  endfacet
  facet normal 0.242958 0 0.970037
    outer loop
      vertex 5.4904 8 4.09042
      vertex 5.69031 0 4.04035
      vertex 5.69031 8 4.04035
    endloop
  endfacet
  facet normal 0.242958 0 0.970037
    outer loop
      vertex 5.69031 0 4.04035
      vertex 5.4904 8 4.09042
      vertex 5.4904 0 4.09042
    endloop
  endfacet
  facet normal 0.0490567 0 0.998796
    outer loop
      vertex 5.89416 8 4.01011
      vertex 6.1 0 4
      vertex 6.1 8 4
    endloop
  endfacet
  facet normal 0.0490567 0 0.998796
    outer loop
      vertex 6.1 0 4
      vertex 5.89416 8 4.01011
      vertex 5.89416 0 4.01011
    endloop
  endfacet
  facet normal 0.514096 0 0.857733
    outer loop
      vertex 4.9333 8 4.35391
      vertex 5.11007 0 4.24796
      vertex 5.11007 8 4.24796
    endloop
  endfacet
  facet normal 0.514096 0 0.857733
    outer loop
      vertex 5.11007 0 4.24796
      vertex 4.9333 8 4.35391
      vertex 4.9333 0 4.35391
    endloop
  endfacet
  facet normal 0.595714 0 0.803197
    outer loop
      vertex 4.76777 8 4.47668
      vertex 4.9333 0 4.35391
      vertex 4.9333 8 4.35391
    endloop
  endfacet
  facet normal 0.595714 0 0.803197
    outer loop
      vertex 4.9333 0 4.35391
      vertex 4.76777 8 4.47668
      vertex 4.76777 0 4.47668
    endloop
  endfacet
  facet normal 0.427561 0 0.903987
    outer loop
      vertex 5.11007 8 4.24796
      vertex 5.29636 0 4.15985
      vertex 5.29636 8 4.15985
    endloop
  endfacet
  facet normal 0.427561 0 0.903987
    outer loop
      vertex 5.29636 0 4.15985
      vertex 5.11007 8 4.24796
      vertex 5.11007 0 4.24796
    endloop
  endfacet
  facet normal 0.671585 0 0.740927
    outer loop
      vertex 4.61508 8 4.61508
      vertex 4.76777 0 4.47668
      vertex 4.76777 8 4.47668
    endloop
  endfacet
  facet normal 0.671585 0 0.740927
    outer loop
      vertex 4.76777 0 4.47668
      vertex 4.61508 8 4.61508
      vertex 4.61508 0 4.61508
    endloop
  endfacet
  facet normal -0.998796 0 0.0490567
    outer loop
      vertex 8.18989 0 5.89416
      vertex 8.2 8 6.1
      vertex 8.18989 8 5.89416
    endloop
  endfacet
  facet normal -0.998796 0 0.0490567
    outer loop
      vertex 8.2 8 6.1
      vertex 8.18989 0 5.89416
      vertex 8.2 0 6.1
    endloop
  endfacet
  facet normal -0.0490567 0 -0.998796
    outer loop
      vertex 6.1 0 8.2
      vertex 6.30584 8 8.18989
      vertex 6.30584 0 8.18989
    endloop
  endfacet
  facet normal -0.0490567 0 -0.998796
    outer loop
      vertex 6.30584 8 8.18989
      vertex 6.1 0 8.2
      vertex 6.1 8 8.2
    endloop
  endfacet
  facet normal -0.243004 0 -0.970025
    outer loop
      vertex 6.50969 0 8.15965
      vertex 6.7096 8 8.10957
      vertex 6.7096 0 8.10957
    endloop
  endfacet
  facet normal -0.243004 0 -0.970025
    outer loop
      vertex 6.7096 8 8.10957
      vertex 6.50969 0 8.15965
      vertex 6.50969 8 8.15965
    endloop
  endfacet
  facet normal -0.740927 0 -0.671585
    outer loop
      vertex 7.72332 0 7.43223
      vertex 7.58492 8 7.58492
      vertex 7.72332 8 7.43223
    endloop
  endfacet
  facet normal -0.740927 -0 -0.671585
    outer loop
      vertex 7.58492 8 7.58492
      vertex 7.72332 0 7.43223
      vertex 7.58492 0 7.58492
    endloop
  endfacet
  facet normal -0.671585 0 -0.740927
    outer loop
      vertex 7.43223 0 7.72332
      vertex 7.58492 8 7.58492
      vertex 7.58492 0 7.58492
    endloop
  endfacet
  facet normal -0.671585 0 -0.740927
    outer loop
      vertex 7.58492 8 7.58492
      vertex 7.43223 0 7.72332
      vertex 7.43223 8 7.72332
    endloop
  endfacet
  facet normal 0.336853 0 -0.941557
    outer loop
      vertex 5.29636 0 8.04015
      vertex 5.4904 8 8.10957
      vertex 5.4904 0 8.10957
    endloop
  endfacet
  facet normal 0.336853 0 -0.941557
    outer loop
      vertex 5.4904 8 8.10957
      vertex 5.29636 0 8.04015
      vertex 5.29636 8 8.04015
    endloop
  endfacet
  facet normal 0.51406 0 -0.857754
    outer loop
      vertex 4.9333 0 7.84609
      vertex 5.11007 8 7.95203
      vertex 5.11007 0 7.95203
    endloop
  endfacet
  facet normal 0.51406 0 -0.857754
    outer loop
      vertex 5.11007 8 7.95203
      vertex 4.9333 0 7.84609
      vertex 4.9333 8 7.84609
    endloop
  endfacet
  facet normal 0.970037 0 -0.242958
    outer loop
      vertex 4.09042 0 6.7096
      vertex 4.04035 8 6.50969
      vertex 4.09042 8 6.7096
    endloop
  endfacet
  facet normal 0.970037 0 -0.242958
    outer loop
      vertex 4.04035 8 6.50969
      vertex 4.09042 0 6.7096
      vertex 4.04035 0 6.50969
    endloop
  endfacet
  facet normal 0.998796 0 -0.0490567
    outer loop
      vertex 4.01011 0 6.30584
      vertex 4 8 6.1
      vertex 4.01011 8 6.30584
    endloop
  endfacet
  facet normal 0.998796 0 -0.0490567
    outer loop
      vertex 4 8 6.1
      vertex 4.01011 0 6.30584
      vertex 4 0 6.1
    endloop
  endfacet
  facet normal 0.803197 0 -0.595714
    outer loop
      vertex 4.47668 0 7.43223
      vertex 4.35391 8 7.2667
      vertex 4.47668 8 7.43223
    endloop
  endfacet
  facet normal 0.803197 0 -0.595714
    outer loop
      vertex 4.35391 8 7.2667
      vertex 4.47668 0 7.43223
      vertex 4.35391 0 7.2667
    endloop
  endfacet
  facet normal 0.903987 0 -0.427561
    outer loop
      vertex 4.24796 0 7.08993
      vertex 4.15985 8 6.90364
      vertex 4.24796 8 7.08993
    endloop
  endfacet
  facet normal 0.903987 0 -0.427561
    outer loop
      vertex 4.15985 8 6.90364
      vertex 4.24796 0 7.08993
      vertex 4.15985 0 6.90364
    endloop
  endfacet
  facet normal 0.740927 0 -0.671585
    outer loop
      vertex 4.61508 0 7.58492
      vertex 4.47668 8 7.43223
      vertex 4.61508 8 7.58492
    endloop
  endfacet
  facet normal 0.740927 0 -0.671585
    outer loop
      vertex 4.47668 8 7.43223
      vertex 4.61508 0 7.58492
      vertex 4.47668 0 7.43223
    endloop
  endfacet
  facet normal -0.989175 0 -0.146739
    outer loop
      vertex 8.18989 0 6.30584
      vertex 8.15965 8 6.50969
      vertex 8.18989 8 6.30584
    endloop
  endfacet
  facet normal -0.989175 -0 -0.146739
    outer loop
      vertex 8.15965 8 6.50969
      vertex 8.18989 0 6.30584
      vertex 8.15965 0 6.50969
    endloop
  endfacet
  facet normal -0.857754 0 -0.51406
    outer loop
      vertex 7.95203 0 7.08993
      vertex 7.84609 8 7.2667
      vertex 7.95203 8 7.08993
    endloop
  endfacet
  facet normal -0.857754 -0 -0.51406
    outer loop
      vertex 7.84609 8 7.2667
      vertex 7.95203 0 7.08993
      vertex 7.84609 0 7.2667
    endloop
  endfacet
  facet normal -0.146739 0 -0.989175
    outer loop
      vertex 6.30584 0 8.18989
      vertex 6.50969 8 8.15965
      vertex 6.50969 0 8.15965
    endloop
  endfacet
  facet normal -0.146739 0 -0.989175
    outer loop
      vertex 6.50969 8 8.15965
      vertex 6.30584 0 8.18989
      vertex 6.30584 8 8.18989
    endloop
  endfacet
  facet normal -0.336853 0 -0.941557
    outer loop
      vertex 6.7096 0 8.10957
      vertex 6.90364 8 8.04015
      vertex 6.90364 0 8.04015
    endloop
  endfacet
  facet normal -0.336853 0 -0.941557
    outer loop
      vertex 6.90364 8 8.04015
      vertex 6.7096 0 8.10957
      vertex 6.7096 8 8.10957
    endloop
  endfacet
  facet normal -0.595714 0 -0.803197
    outer loop
      vertex 7.2667 0 7.84609
      vertex 7.43223 8 7.72332
      vertex 7.43223 0 7.72332
    endloop
  endfacet
  facet normal -0.595714 0 -0.803197
    outer loop
      vertex 7.43223 8 7.72332
      vertex 7.2667 0 7.84609
      vertex 7.2667 8 7.84609
    endloop
  endfacet
  facet normal -0.4276 0 -0.903968
    outer loop
      vertex 6.90364 0 8.04015
      vertex 7.08993 8 7.95203
      vertex 7.08993 0 7.95203
    endloop
  endfacet
  facet normal -0.4276 0 -0.903968
    outer loop
      vertex 7.08993 8 7.95203
      vertex 6.90364 0 8.04015
      vertex 6.90364 8 8.04015
    endloop
  endfacet
  facet normal 0.0490567 0 -0.998796
    outer loop
      vertex 5.89416 0 8.18989
      vertex 6.1 8 8.2
      vertex 6.1 0 8.2
    endloop
  endfacet
  facet normal 0.0490567 0 -0.998796
    outer loop
      vertex 6.1 8 8.2
      vertex 5.89416 0 8.18989
      vertex 5.89416 8 8.18989
    endloop
  endfacet
  facet normal 0.243004 0 -0.970025
    outer loop
      vertex 5.4904 0 8.10957
      vertex 5.69031 8 8.15965
      vertex 5.69031 0 8.15965
    endloop
  endfacet
  facet normal 0.243004 0 -0.970025
    outer loop
      vertex 5.69031 8 8.15965
      vertex 5.4904 0 8.10957
      vertex 5.4904 8 8.10957
    endloop
  endfacet
  facet normal 0.4276 0 -0.903968
    outer loop
      vertex 5.11007 0 7.95203
      vertex 5.29636 8 8.04015
      vertex 5.29636 0 8.04015
    endloop
  endfacet
  facet normal 0.4276 0 -0.903968
    outer loop
      vertex 5.29636 8 8.04015
      vertex 5.11007 0 7.95203
      vertex 5.11007 8 7.95203
    endloop
  endfacet
  facet normal 0.595714 0 -0.803197
    outer loop
      vertex 4.76777 0 7.72332
      vertex 4.9333 8 7.84609
      vertex 4.9333 0 7.84609
    endloop
  endfacet
  facet normal 0.595714 0 -0.803197
    outer loop
      vertex 4.9333 8 7.84609
      vertex 4.76777 0 7.72332
      vertex 4.76777 8 7.72332
    endloop
  endfacet
  facet normal 0.941542 0 -0.336896
    outer loop
      vertex 4.15985 0 6.90364
      vertex 4.09042 8 6.7096
      vertex 4.15985 8 6.90364
    endloop
  endfacet
  facet normal 0.941542 0 -0.336896
    outer loop
      vertex 4.09042 8 6.7096
      vertex 4.15985 0 6.90364
      vertex 4.09042 0 6.7096
    endloop
  endfacet
  facet normal 0.989175 0 -0.146739
    outer loop
      vertex 4.04035 0 6.50969
      vertex 4.01011 8 6.30584
      vertex 4.04035 8 6.50969
    endloop
  endfacet
  facet normal 0.989175 0 -0.146739
    outer loop
      vertex 4.01011 8 6.30584
      vertex 4.04035 0 6.50969
      vertex 4.01011 0 6.30584
    endloop
  endfacet
  facet normal 0.857733 0 -0.514096
    outer loop
      vertex 4.35391 0 7.2667
      vertex 4.24796 8 7.08993
      vertex 4.35391 8 7.2667
    endloop
  endfacet
  facet normal 0.857733 0 -0.514096
    outer loop
      vertex 4.24796 8 7.08993
      vertex 4.35391 0 7.2667
      vertex 4.24796 0 7.08993
    endloop
  endfacet
  facet normal -0.970025 0 -0.243004
    outer loop
      vertex 8.15965 0 6.50969
      vertex 8.10957 8 6.7096
      vertex 8.15965 8 6.50969
    endloop
  endfacet
  facet normal -0.970025 -0 -0.243004
    outer loop
      vertex 8.10957 8 6.7096
      vertex 8.15965 0 6.50969
      vertex 8.10957 0 6.7096
    endloop
  endfacet
  facet normal -0.903968 0 -0.4276
    outer loop
      vertex 8.04015 0 6.90364
      vertex 7.95203 8 7.08993
      vertex 8.04015 8 6.90364
    endloop
  endfacet
  facet normal -0.903968 -0 -0.4276
    outer loop
      vertex 7.95203 8 7.08993
      vertex 8.04015 0 6.90364
      vertex 7.95203 0 7.08993
    endloop
  endfacet
  facet normal -0.51406 0 -0.857754
    outer loop
      vertex 7.08993 0 7.95203
      vertex 7.2667 8 7.84609
      vertex 7.2667 0 7.84609
    endloop
  endfacet
  facet normal -0.51406 0 -0.857754
    outer loop
      vertex 7.2667 8 7.84609
      vertex 7.08993 0 7.95203
      vertex 7.08993 8 7.95203
    endloop
  endfacet
  facet normal -0.671561 0 0.740949
    outer loop
      vertex 79.2322 8 4.47668
      vertex 79.3849 0 4.61508
      vertex 79.3849 8 4.61508
    endloop
  endfacet
  facet normal -0.671561 0 0.740949
    outer loop
      vertex 79.3849 0 4.61508
      vertex 79.2322 8 4.47668
      vertex 79.2322 0 4.47668
    endloop
  endfacet
  facet normal -0.998798 0 -0.0490083
    outer loop
      vertex 80 0 6.1
      vertex 79.9899 8 6.30584
      vertex 80 8 6.1
    endloop
  endfacet
  facet normal -0.998798 -0 -0.0490083
    outer loop
      vertex 79.9899 8 6.30584
      vertex 80 0 6.1
      vertex 79.9899 0 6.30584
    endloop
  endfacet
  facet normal 0.336957 0 0.94152
    outer loop
      vertex 77.0964 8 4.15985
      vertex 77.2904 0 4.09042
      vertex 77.2904 8 4.09042
    endloop
  endfacet
  facet normal 0.336957 0 0.94152
    outer loop
      vertex 77.2904 0 4.09042
      vertex 77.0964 8 4.15985
      vertex 77.0964 0 4.15985
    endloop
  endfacet
  facet normal 0.904005 -0 0.427521
    outer loop
      vertex 75.9599 0 5.29636
      vertex 76.048 8 5.11007
      vertex 75.9599 8 5.29636
    endloop
  endfacet
  facet normal 0.904005 0 0.427521
    outer loop
      vertex 76.048 8 5.11007
      vertex 75.9599 0 5.29636
      vertex 76.048 0 5.11007
    endloop
  endfacet
  facet normal -0.904005 0 0.427521
    outer loop
      vertex 79.752 0 5.11007
      vertex 79.8401 8 5.29636
      vertex 79.752 8 5.11007
    endloop
  endfacet
  facet normal -0.904005 0 0.427521
    outer loop
      vertex 79.8401 8 5.29636
      vertex 79.752 0 5.11007
      vertex 79.8401 0 5.29636
    endloop
  endfacet
  facet normal -0.85784 0 0.513918
    outer loop
      vertex 79.6461 0 4.9333
      vertex 79.752 8 5.11007
      vertex 79.6461 8 4.9333
    endloop
  endfacet
  facet normal -0.85784 0 0.513918
    outer loop
      vertex 79.752 8 5.11007
      vertex 79.6461 0 4.9333
      vertex 79.752 0 5.11007
    endloop
  endfacet
  facet normal -0.427542 0 0.903996
    outer loop
      vertex 78.7036 8 4.15985
      vertex 78.8899 0 4.24796
      vertex 78.8899 8 4.24796
    endloop
  endfacet
  facet normal -0.427542 0 0.903996
    outer loop
      vertex 78.8899 0 4.24796
      vertex 78.7036 8 4.15985
      vertex 78.7036 0 4.15985
    endloop
  endfacet
  facet normal -0.146703 0 0.989181
    outer loop
      vertex 78.1058 8 4.01011
      vertex 78.3097 0 4.04035
      vertex 78.3097 8 4.04035
    endloop
  endfacet
  facet normal -0.146703 0 0.989181
    outer loop
      vertex 78.3097 0 4.04035
      vertex 78.1058 8 4.01011
      vertex 78.1058 0 4.01011
    endloop
  endfacet
  facet normal 0.989203 -0 0.146549
    outer loop
      vertex 75.8101 0 5.89416
      vertex 75.8403 8 5.69031
      vertex 75.8101 8 5.89416
    endloop
  endfacet
  facet normal 0.989203 0 0.146549
    outer loop
      vertex 75.8403 8 5.69031
      vertex 75.8101 0 5.89416
      vertex 75.8403 0 5.69031
    endloop
  endfacet
  facet normal 0.740927 -0 0.671585
    outer loop
      vertex 76.2767 0 4.76777
      vertex 76.4151 8 4.61508
      vertex 76.2767 8 4.76777
    endloop
  endfacet
  facet normal 0.740927 0 0.671585
    outer loop
      vertex 76.4151 8 4.61508
      vertex 76.2767 0 4.76777
      vertex 76.4151 0 4.61508
    endloop
  endfacet
  facet normal 0.146703 0 0.989181
    outer loop
      vertex 77.4903 8 4.04035
      vertex 77.6942 0 4.01011
      vertex 77.6942 8 4.01011
    endloop
  endfacet
  facet normal 0.146703 0 0.989181
    outer loop
      vertex 77.6942 0 4.01011
      vertex 77.4903 8 4.04035
      vertex 77.4903 0 4.04035
    endloop
  endfacet
  facet normal -0.941434 0 -0.337197
    outer loop
      vertex 79.9096 0 6.7096
      vertex 79.8401 8 6.90364
      vertex 79.9096 8 6.7096
    endloop
  endfacet
  facet normal -0.941434 -0 -0.337197
    outer loop
      vertex 79.8401 8 6.90364
      vertex 79.9096 0 6.7096
      vertex 79.8401 0 6.90364
    endloop
  endfacet
  facet normal 0.146703 0 -0.989181
    outer loop
      vertex 77.4903 0 8.15965
      vertex 77.6942 8 8.18989
      vertex 77.6942 0 8.18989
    endloop
  endfacet
  facet normal 0.146703 0 -0.989181
    outer loop
      vertex 77.6942 8 8.18989
      vertex 77.4903 0 8.15965
      vertex 77.4903 8 8.15965
    endloop
  endfacet
  facet normal 0.671561 0 -0.740949
    outer loop
      vertex 76.4151 0 7.58492
      vertex 76.5678 8 7.72332
      vertex 76.5678 0 7.72332
    endloop
  endfacet
  facet normal 0.671561 0 -0.740949
    outer loop
      vertex 76.5678 8 7.72332
      vertex 76.4151 0 7.58492
      vertex 76.4151 8 7.58492
    endloop
  endfacet
  facet normal -0.989133 0 0.147023
    outer loop
      vertex 79.9596 0 5.69031
      vertex 79.9899 8 5.89416
      vertex 79.9596 8 5.69031
    endloop
  endfacet
  facet normal -0.989133 0 0.147023
    outer loop
      vertex 79.9899 8 5.89416
      vertex 79.9596 0 5.69031
      vertex 79.9899 0 5.89416
    endloop
  endfacet
  facet normal -0.970117 0 0.242638
    outer loop
      vertex 79.9096 0 5.4904
      vertex 79.9596 8 5.69031
      vertex 79.9096 8 5.4904
    endloop
  endfacet
  facet normal -0.970117 0 0.242638
    outer loop
      vertex 79.9596 8 5.69031
      vertex 79.9096 0 5.4904
      vertex 79.9596 0 5.69031
    endloop
  endfacet
  facet normal -0.941434 0 0.337197
    outer loop
      vertex 79.8401 0 5.29636
      vertex 79.9096 8 5.4904
      vertex 79.8401 8 5.29636
    endloop
  endfacet
  facet normal -0.941434 0 0.337197
    outer loop
      vertex 79.9096 8 5.4904
      vertex 79.8401 0 5.29636
      vertex 79.9096 0 5.4904
    endloop
  endfacet
  facet normal -0.803127 0 0.595808
    outer loop
      vertex 79.5233 0 4.76777
      vertex 79.6461 8 4.9333
      vertex 79.5233 8 4.76777
    endloop
  endfacet
  facet normal -0.803127 0 0.595808
    outer loop
      vertex 79.6461 8 4.9333
      vertex 79.5233 0 4.76777
      vertex 79.6461 0 4.9333
    endloop
  endfacet
  facet normal -0.740927 0 0.671585
    outer loop
      vertex 79.3849 0 4.61508
      vertex 79.5233 8 4.76777
      vertex 79.3849 8 4.61508
    endloop
  endfacet
  facet normal -0.740927 0 0.671585
    outer loop
      vertex 79.5233 8 4.76777
      vertex 79.3849 0 4.61508
      vertex 79.5233 0 4.76777
    endloop
  endfacet
  facet normal -0.595783 0 0.803145
    outer loop
      vertex 79.0667 8 4.35391
      vertex 79.2322 0 4.47668
      vertex 79.2322 8 4.47668
    endloop
  endfacet
  facet normal -0.595783 0 0.803145
    outer loop
      vertex 79.2322 0 4.47668
      vertex 79.0667 8 4.35391
      vertex 79.0667 0 4.35391
    endloop
  endfacet
  facet normal -0.0490662 0 0.998796
    outer loop
      vertex 77.9 8 4
      vertex 78.1058 0 4.01011
      vertex 78.1058 8 4.01011
    endloop
  endfacet
  facet normal -0.0490662 0 0.998796
    outer loop
      vertex 78.1058 0 4.01011
      vertex 77.9 8 4
      vertex 77.9 0 4
    endloop
  endfacet
  facet normal -0.514032 0 0.857771
    outer loop
      vertex 78.8899 8 4.24796
      vertex 79.0667 0 4.35391
      vertex 79.0667 8 4.35391
    endloop
  endfacet
  facet normal -0.514032 0 0.857771
    outer loop
      vertex 79.0667 0 4.35391
      vertex 78.8899 8 4.24796
      vertex 78.8899 0 4.24796
    endloop
  endfacet
  facet normal -0.336957 0 0.94152
    outer loop
      vertex 78.5096 8 4.09042
      vertex 78.7036 0 4.15985
      vertex 78.7036 8 4.15985
    endloop
  endfacet
  facet normal -0.336957 0 0.94152
    outer loop
      vertex 78.7036 0 4.15985
      vertex 78.5096 8 4.09042
      vertex 78.5096 0 4.09042
    endloop
  endfacet
  facet normal -0.242969 0 0.970034
    outer loop
      vertex 78.3097 8 4.04035
      vertex 78.5096 0 4.09042
      vertex 78.5096 8 4.09042
    endloop
  endfacet
  facet normal -0.242969 0 0.970034
    outer loop
      vertex 78.5096 0 4.09042
      vertex 78.3097 8 4.04035
      vertex 78.3097 0 4.04035
    endloop
  endfacet
  facet normal 0.998798 -0 0.0490083
    outer loop
      vertex 75.8 0 6.1
      vertex 75.8101 8 5.89416
      vertex 75.8 8 6.1
    endloop
  endfacet
  facet normal 0.998798 0 0.0490083
    outer loop
      vertex 75.8101 8 5.89416
      vertex 75.8 0 6.1
      vertex 75.8101 0 5.89416
    endloop
  endfacet
  facet normal 0.941434 -0 0.337197
    outer loop
      vertex 75.8904 0 5.4904
      vertex 75.9599 8 5.29636
      vertex 75.8904 8 5.4904
    endloop
  endfacet
  facet normal 0.941434 0 0.337197
    outer loop
      vertex 75.9599 8 5.29636
      vertex 75.8904 0 5.4904
      vertex 75.9599 0 5.29636
    endloop
  endfacet
  facet normal 0.970002 -0 0.243095
    outer loop
      vertex 75.8403 0 5.69031
      vertex 75.8904 8 5.4904
      vertex 75.8403 8 5.69031
    endloop
  endfacet
  facet normal 0.970002 0 0.243095
    outer loop
      vertex 75.8904 8 5.4904
      vertex 75.8403 0 5.69031
      vertex 75.8904 0 5.4904
    endloop
  endfacet
  facet normal 0.85784 -0 0.513918
    outer loop
      vertex 76.048 0 5.11007
      vertex 76.1539 8 4.9333
      vertex 76.048 8 5.11007
    endloop
  endfacet
  facet normal 0.85784 0 0.513918
    outer loop
      vertex 76.1539 8 4.9333
      vertex 76.048 0 5.11007
      vertex 76.1539 0 4.9333
    endloop
  endfacet
  facet normal 0.803127 -0 0.595808
    outer loop
      vertex 76.1539 0 4.9333
      vertex 76.2767 8 4.76777
      vertex 76.1539 8 4.9333
    endloop
  endfacet
  facet normal 0.803127 0 0.595808
    outer loop
      vertex 76.2767 8 4.76777
      vertex 76.1539 0 4.9333
      vertex 76.2767 0 4.76777
    endloop
  endfacet
  facet normal 0.242969 0 0.970034
    outer loop
      vertex 77.2904 8 4.09042
      vertex 77.4903 0 4.04035
      vertex 77.4903 8 4.04035
    endloop
  endfacet
  facet normal 0.242969 0 0.970034
    outer loop
      vertex 77.4903 0 4.04035
      vertex 77.2904 8 4.09042
      vertex 77.2904 0 4.09042
    endloop
  endfacet
  facet normal 0.0490662 0 0.998796
    outer loop
      vertex 77.6942 8 4.01011
      vertex 77.9 0 4
      vertex 77.9 8 4
    endloop
  endfacet
  facet normal 0.0490662 0 0.998796
    outer loop
      vertex 77.9 0 4
      vertex 77.6942 8 4.01011
      vertex 77.6942 0 4.01011
    endloop
  endfacet
  facet normal 0.514032 0 0.857771
    outer loop
      vertex 76.7333 8 4.35391
      vertex 76.9101 0 4.24796
      vertex 76.9101 8 4.24796
    endloop
  endfacet
  facet normal 0.514032 0 0.857771
    outer loop
      vertex 76.9101 0 4.24796
      vertex 76.7333 8 4.35391
      vertex 76.7333 0 4.35391
    endloop
  endfacet
  facet normal 0.595783 0 0.803145
    outer loop
      vertex 76.5678 8 4.47668
      vertex 76.7333 0 4.35391
      vertex 76.7333 8 4.35391
    endloop
  endfacet
  facet normal 0.595783 0 0.803145
    outer loop
      vertex 76.7333 0 4.35391
      vertex 76.5678 8 4.47668
      vertex 76.5678 0 4.47668
    endloop
  endfacet
  facet normal 0.427542 0 0.903996
    outer loop
      vertex 76.9101 8 4.24796
      vertex 77.0964 0 4.15985
      vertex 77.0964 8 4.15985
    endloop
  endfacet
  facet normal 0.427542 0 0.903996
    outer loop
      vertex 77.0964 0 4.15985
      vertex 76.9101 8 4.24796
      vertex 76.9101 0 4.24796
    endloop
  endfacet
  facet normal 0.671561 0 0.740949
    outer loop
      vertex 76.4151 8 4.61508
      vertex 76.5678 0 4.47668
      vertex 76.5678 8 4.47668
    endloop
  endfacet
  facet normal 0.671561 0 0.740949
    outer loop
      vertex 76.5678 0 4.47668
      vertex 76.4151 8 4.61508
      vertex 76.4151 0 4.61508
    endloop
  endfacet
  facet normal -0.998798 0 0.0490083
    outer loop
      vertex 79.9899 0 5.89416
      vertex 80 8 6.1
      vertex 79.9899 8 5.89416
    endloop
  endfacet
  facet normal -0.998798 0 0.0490083
    outer loop
      vertex 80 8 6.1
      vertex 79.9899 0 5.89416
      vertex 80 0 6.1
    endloop
  endfacet
  facet normal -0.0490662 0 -0.998796
    outer loop
      vertex 77.9 0 8.2
      vertex 78.1058 8 8.18989
      vertex 78.1058 0 8.18989
    endloop
  endfacet
  facet normal -0.0490662 0 -0.998796
    outer loop
      vertex 78.1058 8 8.18989
      vertex 77.9 0 8.2
      vertex 77.9 8 8.2
    endloop
  endfacet
  facet normal -0.146703 0 -0.989181
    outer loop
      vertex 78.1058 0 8.18989
      vertex 78.3097 8 8.15965
      vertex 78.3097 0 8.15965
    endloop
  endfacet
  facet normal -0.146703 0 -0.989181
    outer loop
      vertex 78.3097 8 8.15965
      vertex 78.1058 0 8.18989
      vertex 78.1058 8 8.18989
    endloop
  endfacet
  facet normal -0.243015 0 -0.970022
    outer loop
      vertex 78.3097 0 8.15965
      vertex 78.5096 8 8.10957
      vertex 78.5096 0 8.10957
    endloop
  endfacet
  facet normal -0.243015 0 -0.970022
    outer loop
      vertex 78.5096 8 8.10957
      vertex 78.3097 0 8.15965
      vertex 78.3097 8 8.15965
    endloop
  endfacet
  facet normal -0.595783 0 -0.803145
    outer loop
      vertex 79.0667 0 7.84609
      vertex 79.2322 8 7.72332
      vertex 79.2322 0 7.72332
    endloop
  endfacet
  facet normal -0.595783 0 -0.803145
    outer loop
      vertex 79.2322 8 7.72332
      vertex 79.0667 0 7.84609
      vertex 79.0667 8 7.84609
    endloop
  endfacet
  facet normal -0.427582 0 -0.903977
    outer loop
      vertex 78.7036 0 8.04015
      vertex 78.8899 8 7.95203
      vertex 78.8899 0 7.95203
    endloop
  endfacet
  facet normal -0.427582 0 -0.903977
    outer loop
      vertex 78.8899 8 7.95203
      vertex 78.7036 0 8.04015
      vertex 78.7036 8 8.04015
    endloop
  endfacet
  facet normal 0.0490662 0 -0.998796
    outer loop
      vertex 77.6942 0 8.18989
      vertex 77.9 8 8.2
      vertex 77.9 0 8.2
    endloop
  endfacet
  facet normal 0.0490662 0 -0.998796
    outer loop
      vertex 77.9 8 8.2
      vertex 77.6942 0 8.18989
      vertex 77.6942 8 8.18989
    endloop
  endfacet
  facet normal 0.336914 0 -0.941535
    outer loop
      vertex 77.0964 0 8.04015
      vertex 77.2904 8 8.10957
      vertex 77.2904 0 8.10957
    endloop
  endfacet
  facet normal 0.336914 0 -0.941535
    outer loop
      vertex 77.2904 8 8.10957
      vertex 77.0964 0 8.04015
      vertex 77.0964 8 8.04015
    endloop
  endfacet
  facet normal 0.513996 0 -0.857792
    outer loop
      vertex 76.7333 0 7.84609
      vertex 76.9101 8 7.95203
      vertex 76.9101 0 7.95203
    endloop
  endfacet
  facet normal 0.513996 0 -0.857792
    outer loop
      vertex 76.9101 8 7.95203
      vertex 76.7333 0 7.84609
      vertex 76.7333 8 7.84609
    endloop
  endfacet
  facet normal 0.970002 0 -0.243095
    outer loop
      vertex 75.8904 0 6.7096
      vertex 75.8403 8 6.50969
      vertex 75.8904 8 6.7096
    endloop
  endfacet
  facet normal 0.970002 0 -0.243095
    outer loop
      vertex 75.8403 8 6.50969
      vertex 75.8904 0 6.7096
      vertex 75.8403 0 6.50969
    endloop
  endfacet
  facet normal 0.998798 0 -0.0490083
    outer loop
      vertex 75.8101 0 6.30584
      vertex 75.8 8 6.1
      vertex 75.8101 8 6.30584
    endloop
  endfacet
  facet normal 0.998798 0 -0.0490083
    outer loop
      vertex 75.8 8 6.1
      vertex 75.8101 0 6.30584
      vertex 75.8 0 6.1
    endloop
  endfacet
  facet normal 0.803127 0 -0.595808
    outer loop
      vertex 76.2767 0 7.43223
      vertex 76.1539 8 7.2667
      vertex 76.2767 8 7.43223
    endloop
  endfacet
  facet normal 0.803127 0 -0.595808
    outer loop
      vertex 76.1539 8 7.2667
      vertex 76.2767 0 7.43223
      vertex 76.1539 0 7.2667
    endloop
  endfacet
  facet normal 0.904005 0 -0.427521
    outer loop
      vertex 76.048 0 7.08993
      vertex 75.9599 8 6.90364
      vertex 76.048 8 7.08993
    endloop
  endfacet
  facet normal 0.904005 0 -0.427521
    outer loop
      vertex 75.9599 8 6.90364
      vertex 76.048 0 7.08993
      vertex 75.9599 0 6.90364
    endloop
  endfacet
  facet normal 0 -1 0
    outer loop
      vertex 77.6942 8 8.18989
      vertex 78.1058 8 8.18989
      vertex 77.9 8 8.2
    endloop
  endfacet
  facet normal 0 -1 0
    outer loop
      vertex 77.4903 8 8.15965
      vertex 78.1058 8 8.18989
      vertex 77.6942 8 8.18989
    endloop
  endfacet
  facet normal 0 -1 0
    outer loop
      vertex 77.4903 8 8.15965
      vertex 78.3097 8 8.15965
      vertex 78.1058 8 8.18989
    endloop
  endfacet
  facet normal 0 -1 0
    outer loop
      vertex 77.2904 8 8.10957
      vertex 78.3097 8 8.15965
      vertex 77.4903 8 8.15965
    endloop
  endfacet
  facet normal 0 -1 0
    outer loop
      vertex 77.2904 8 8.10957
      vertex 78.5096 8 8.10957
      vertex 78.3097 8 8.15965
    endloop
  endfacet
  facet normal 0 -1 0
    outer loop
      vertex 77.0964 8 8.04015
      vertex 78.5096 8 8.10957
      vertex 77.2904 8 8.10957
    endloop
  endfacet
  facet normal 0 -1 0
    outer loop
      vertex 77.0964 8 8.04015
      vertex 78.7036 8 8.04015
      vertex 78.5096 8 8.10957
    endloop
  endfacet
  facet normal 0 -1 0
    outer loop
      vertex 76.9101 8 7.95203
      vertex 78.7036 8 8.04015
      vertex 77.0964 8 8.04015
    endloop
  endfacet
  facet normal 0 -1 0
    outer loop
      vertex 76.9101 8 7.95203
      vertex 78.8899 8 7.95203
      vertex 78.7036 8 8.04015
    endloop
  endfacet
  facet normal 0 -1 0
    outer loop
      vertex 76.7333 8 7.84609
      vertex 78.8899 8 7.95203
      vertex 76.9101 8 7.95203
    endloop
  endfacet
  facet normal 0 -1 0
    outer loop
      vertex 76.7333 8 7.84609
      vertex 79.0667 8 7.84609
      vertex 78.8899 8 7.95203
    endloop
  endfacet
  facet normal 0 -1 0
    outer loop
      vertex 76.5678 8 7.72332
      vertex 79.0667 8 7.84609
      vertex 76.7333 8 7.84609
    endloop
  endfacet
  facet normal 0 -1 0
    outer loop
      vertex 76.5678 8 7.72332
      vertex 79.2322 8 7.72332
      vertex 79.0667 8 7.84609
    endloop
  endfacet
  facet normal 0 -1 0
    outer loop
      vertex 76.4151 8 7.58492
      vertex 79.2322 8 7.72332
      vertex 76.5678 8 7.72332
    endloop
  endfacet
  facet normal 0 -1 0
    outer loop
      vertex 76.4151 8 7.58492
      vertex 79.3849 8 7.58492
      vertex 79.2322 8 7.72332
    endloop
  endfacet
  facet normal 0 -1 0
    outer loop
      vertex 76.2767 8 7.43223
      vertex 79.3849 8 7.58492
      vertex 76.4151 8 7.58492
    endloop
  endfacet
  facet normal 0 -1 0
    outer loop
      vertex 76.2767 8 7.43223
      vertex 79.5233 8 7.43223
      vertex 79.3849 8 7.58492
    endloop
  endfacet
  facet normal 0 -1 0
    outer loop
      vertex 76.1539 8 7.2667
      vertex 79.5233 8 7.43223
      vertex 76.2767 8 7.43223
    endloop
  endfacet
  facet normal 0 -1 0
    outer loop
      vertex 76.1539 8 7.2667
      vertex 79.6461 8 7.2667
      vertex 79.5233 8 7.43223
    endloop
  endfacet
  facet normal 0 -1 0
    outer loop
      vertex 76.048 8 7.08993
      vertex 79.6461 8 7.2667
      vertex 76.1539 8 7.2667
    endloop
  endfacet
  facet normal 0 -1 0
    outer loop
      vertex 76.048 8 7.08993
      vertex 79.752 8 7.08993
      vertex 79.6461 8 7.2667
    endloop
  endfacet
  facet normal 0 -1 0
    outer loop
      vertex 75.9599 8 6.90364
      vertex 79.752 8 7.08993
      vertex 76.048 8 7.08993
    endloop
  endfacet
  facet normal 0 -1 0
    outer loop
      vertex 75.9599 8 6.90364
      vertex 79.8401 8 6.90364
      vertex 79.752 8 7.08993
    endloop
  endfacet
  facet normal 0 -1 0
    outer loop
      vertex 75.8904 8 6.7096
      vertex 79.8401 8 6.90364
      vertex 75.9599 8 6.90364
    endloop
  endfacet
  facet normal 0 -1 0
    outer loop
      vertex 75.8904 8 6.7096
      vertex 79.9096 8 6.7096
      vertex 79.8401 8 6.90364
    endloop
  endfacet
  facet normal 0 -1 0
    outer loop
      vertex 75.8403 8 6.50969
      vertex 79.9096 8 6.7096
      vertex 75.8904 8 6.7096
    endloop
  endfacet
  facet normal 0 -1 0
    outer loop
      vertex 75.8403 8 6.50969
      vertex 79.9596 8 6.50969
      vertex 79.9096 8 6.7096
    endloop
  endfacet
  facet normal 0 -1 0
    outer loop
      vertex 75.8101 8 6.30584
      vertex 79.9596 8 6.50969
      vertex 75.8403 8 6.50969
    endloop
  endfacet
  facet normal 0 -1 0
    outer loop
      vertex 75.8101 8 6.30584
      vertex 79.9899 8 6.30584
      vertex 79.9596 8 6.50969
    endloop
  endfacet
  facet normal 0 -1 0
    outer loop
      vertex 75.8 8 6.1
      vertex 79.9899 8 6.30584
      vertex 75.8101 8 6.30584
    endloop
  endfacet
  facet normal 0 -1 0
    outer loop
      vertex 75.8 8 6.1
      vertex 80 8 6.1
      vertex 79.9899 8 6.30584
    endloop
  endfacet
  facet normal 0 -1 0
    outer loop
      vertex 75.8101 8 5.89416
      vertex 80 8 6.1
      vertex 75.8 8 6.1
    endloop
  endfacet
  facet normal 0 -1 0
    outer loop
      vertex 75.8101 8 5.89416
      vertex 79.9899 8 5.89416
      vertex 80 8 6.1
    endloop
  endfacet
  facet normal 0 -1 0
    outer loop
      vertex 75.8403 8 5.69031
      vertex 79.9899 8 5.89416
      vertex 75.8101 8 5.89416
    endloop
  endfacet
  facet normal 0 -1 0
    outer loop
      vertex 75.8403 8 5.69031
      vertex 79.9596 8 5.69031
      vertex 79.9899 8 5.89416
    endloop
  endfacet
  facet normal 0 -1 0
    outer loop
      vertex 75.8904 8 5.4904
      vertex 79.9596 8 5.69031
      vertex 75.8403 8 5.69031
    endloop
  endfacet
  facet normal 0 -1 0
    outer loop
      vertex 75.8904 8 5.4904
      vertex 79.9096 8 5.4904
      vertex 79.9596 8 5.69031
    endloop
  endfacet
  facet normal 0 -1 0
    outer loop
      vertex 75.9599 8 5.29636
      vertex 79.9096 8 5.4904
      vertex 75.8904 8 5.4904
    endloop
  endfacet
  facet normal 0 -1 0
    outer loop
      vertex 75.9599 8 5.29636
      vertex 79.8401 8 5.29636
      vertex 79.9096 8 5.4904
    endloop
  endfacet
  facet normal 0 -1 0
    outer loop
      vertex 76.048 8 5.11007
      vertex 79.8401 8 5.29636
      vertex 75.9599 8 5.29636
    endloop
  endfacet
  facet normal 0 -1 0
    outer loop
      vertex 76.048 8 5.11007
      vertex 79.752 8 5.11007
      vertex 79.8401 8 5.29636
    endloop
  endfacet
  facet normal 0 -1 0
    outer loop
      vertex 76.1539 8 4.9333
      vertex 79.752 8 5.11007
      vertex 76.048 8 5.11007
    endloop
  endfacet
  facet normal 0 -1 0
    outer loop
      vertex 76.1539 8 4.9333
      vertex 79.6461 8 4.9333
      vertex 79.752 8 5.11007
    endloop
  endfacet
  facet normal 0 -1 0
    outer loop
      vertex 76.2767 8 4.76777
      vertex 79.6461 8 4.9333
      vertex 76.1539 8 4.9333
    endloop
  endfacet
  facet normal 0 -1 0
    outer loop
      vertex 76.2767 8 4.76777
      vertex 79.5233 8 4.76777
      vertex 79.6461 8 4.9333
    endloop
  endfacet
  facet normal 0 -1 0
    outer loop
      vertex 76.4151 8 4.61508
      vertex 79.5233 8 4.76777
      vertex 76.2767 8 4.76777
    endloop
  endfacet
  facet normal 0 -1 0
    outer loop
      vertex 76.4151 8 4.61508
      vertex 79.3849 8 4.61508
      vertex 79.5233 8 4.76777
    endloop
  endfacet
  facet normal 0 -1 0
    outer loop
      vertex 76.5678 8 4.47668
      vertex 79.3849 8 4.61508
      vertex 76.4151 8 4.61508
    endloop
  endfacet
  facet normal 0 -1 0
    outer loop
      vertex 76.5678 8 4.47668
      vertex 79.2322 8 4.47668
      vertex 79.3849 8 4.61508
    endloop
  endfacet
  facet normal 0 -1 0
    outer loop
      vertex 76.7333 8 4.35391
      vertex 79.2322 8 4.47668
      vertex 76.5678 8 4.47668
    endloop
  endfacet
  facet normal 0 -1 0
    outer loop
      vertex 76.7333 8 4.35391
      vertex 79.0667 8 4.35391
      vertex 79.2322 8 4.47668
    endloop
  endfacet
  facet normal 0 -1 0
    outer loop
      vertex 76.9101 8 4.24796
      vertex 79.0667 8 4.35391
      vertex 76.7333 8 4.35391
    endloop
  endfacet
  facet normal 0 -1 0
    outer loop
      vertex 76.9101 8 4.24796
      vertex 78.8899 8 4.24796
      vertex 79.0667 8 4.35391
    endloop
  endfacet
  facet normal 0 -1 0
    outer loop
      vertex 77.0964 8 4.15985
      vertex 78.8899 8 4.24796
      vertex 76.9101 8 4.24796
    endloop
  endfacet
  facet normal 0 -1 0
    outer loop
      vertex 77.0964 8 4.15985
      vertex 78.7036 8 4.15985
      vertex 78.8899 8 4.24796
    endloop
  endfacet
  facet normal 0 -1 0
    outer loop
      vertex 77.2904 8 4.09042
      vertex 78.7036 8 4.15985
      vertex 77.0964 8 4.15985
    endloop
  endfacet
  facet normal 0 -1 0
    outer loop
      vertex 77.2904 8 4.09042
      vertex 78.5096 8 4.09042
      vertex 78.7036 8 4.15985
    endloop
  endfacet
  facet normal 0 -1 0
    outer loop
      vertex 77.4903 8 4.04035
      vertex 78.5096 8 4.09042
      vertex 77.2904 8 4.09042
    endloop
  endfacet
  facet normal 0 -1 0
    outer loop
      vertex 77.4903 8 4.04035
      vertex 78.3097 8 4.04035
      vertex 78.5096 8 4.09042
    endloop
  endfacet
  facet normal 0 -1 0
    outer loop
      vertex 77.6942 8 4.01011
      vertex 78.3097 8 4.04035
      vertex 77.4903 8 4.04035
    endloop
  endfacet
  facet normal 0 -1 0
    outer loop
      vertex 77.6942 8 4.01011
      vertex 78.1058 8 4.01011
      vertex 78.3097 8 4.04035
    endloop
  endfacet
  facet normal -0 -1 0
    outer loop
      vertex 78.1058 8 4.01011
      vertex 77.6942 8 4.01011
      vertex 77.9 8 4
    endloop
  endfacet
  facet normal -0.989133 0 -0.147023
    outer loop
      vertex 79.9899 0 6.30584
      vertex 79.9596 8 6.50969
      vertex 79.9899 8 6.30584
    endloop
  endfacet
  facet normal -0.989133 -0 -0.147023
    outer loop
      vertex 79.9596 8 6.50969
      vertex 79.9899 0 6.30584
      vertex 79.9596 0 6.50969
    endloop
  endfacet
  facet normal -0.336914 0 -0.941535
    outer loop
      vertex 78.5096 0 8.10957
      vertex 78.7036 8 8.04015
      vertex 78.7036 0 8.04015
    endloop
  endfacet
  facet normal -0.336914 0 -0.941535
    outer loop
      vertex 78.7036 8 8.04015
      vertex 78.5096 0 8.10957
      vertex 78.5096 8 8.10957
    endloop
  endfacet
  facet normal -0.671561 0 -0.740949
    outer loop
      vertex 79.2322 0 7.72332
      vertex 79.3849 8 7.58492
      vertex 79.3849 0 7.58492
    endloop
  endfacet
  facet normal -0.671561 0 -0.740949
    outer loop
      vertex 79.3849 8 7.58492
      vertex 79.2322 0 7.72332
      vertex 79.2322 8 7.72332
    endloop
  endfacet
  facet normal -0.513996 0 -0.857792
    outer loop
      vertex 78.8899 0 7.95203
      vertex 79.0667 8 7.84609
      vertex 79.0667 0 7.84609
    endloop
  endfacet
  facet normal -0.513996 0 -0.857792
    outer loop
      vertex 79.0667 8 7.84609
      vertex 78.8899 0 7.95203
      vertex 78.8899 8 7.95203
    endloop
  endfacet
  facet normal 0.243015 0 -0.970022
    outer loop
      vertex 77.2904 0 8.10957
      vertex 77.4903 8 8.15965
      vertex 77.4903 0 8.15965
    endloop
  endfacet
  facet normal 0.243015 0 -0.970022
    outer loop
      vertex 77.4903 8 8.15965
      vertex 77.2904 0 8.10957
      vertex 77.2904 8 8.10957
    endloop
  endfacet
  facet normal 0.427582 0 -0.903977
    outer loop
      vertex 76.9101 0 7.95203
      vertex 77.0964 8 8.04015
      vertex 77.0964 0 8.04015
    endloop
  endfacet
  facet normal 0.427582 0 -0.903977
    outer loop
      vertex 77.0964 8 8.04015
      vertex 76.9101 0 7.95203
      vertex 76.9101 8 7.95203
    endloop
  endfacet
  facet normal 0.595783 0 -0.803145
    outer loop
      vertex 76.5678 0 7.72332
      vertex 76.7333 8 7.84609
      vertex 76.7333 0 7.84609
    endloop
  endfacet
  facet normal 0.595783 0 -0.803145
    outer loop
      vertex 76.7333 8 7.84609
      vertex 76.5678 0 7.72332
      vertex 76.5678 8 7.72332
    endloop
  endfacet
  facet normal 0.941434 0 -0.337197
    outer loop
      vertex 75.9599 0 6.90364
      vertex 75.8904 8 6.7096
      vertex 75.9599 8 6.90364
    endloop
  endfacet
  facet normal 0.941434 0 -0.337197
    outer loop
      vertex 75.8904 8 6.7096
      vertex 75.9599 0 6.90364
      vertex 75.8904 0 6.7096
    endloop
  endfacet
  facet normal 0.989203 0 -0.146549
    outer loop
      vertex 75.8403 0 6.50969
      vertex 75.8101 8 6.30584
      vertex 75.8403 8 6.50969
    endloop
  endfacet
  facet normal 0.989203 0 -0.146549
    outer loop
      vertex 75.8101 8 6.30584
      vertex 75.8403 0 6.50969
      vertex 75.8101 0 6.30584
    endloop
  endfacet
  facet normal 0.85784 0 -0.513918
    outer loop
      vertex 76.1539 0 7.2667
      vertex 76.048 8 7.08993
      vertex 76.1539 8 7.2667
    endloop
  endfacet
  facet normal 0.85784 0 -0.513918
    outer loop
      vertex 76.048 8 7.08993
      vertex 76.1539 0 7.2667
      vertex 76.048 0 7.08993
    endloop
  endfacet
  facet normal 0.740927 0 -0.671585
    outer loop
      vertex 76.4151 0 7.58492
      vertex 76.2767 8 7.43223
      vertex 76.4151 8 7.58492
    endloop
  endfacet
  facet normal 0.740927 0 -0.671585
    outer loop
      vertex 76.2767 8 7.43223
      vertex 76.4151 0 7.58492
      vertex 76.2767 0 7.43223
    endloop
  endfacet
  facet normal -0.970117 0 -0.242638
    outer loop
      vertex 79.9596 0 6.50969
      vertex 79.9096 8 6.7096
      vertex 79.9596 8 6.50969
    endloop
  endfacet
  facet normal -0.970117 -0 -0.242638
    outer loop
      vertex 79.9096 8 6.7096
      vertex 79.9596 0 6.50969
      vertex 79.9096 0 6.7096
    endloop
  endfacet
  facet normal -0.904005 0 -0.427521
    outer loop
      vertex 79.8401 0 6.90364
      vertex 79.752 8 7.08993
      vertex 79.8401 8 6.90364
    endloop
  endfacet
  facet normal -0.904005 -0 -0.427521
    outer loop
      vertex 79.752 8 7.08993
      vertex 79.8401 0 6.90364
      vertex 79.752 0 7.08993
    endloop
  endfacet
  facet normal -0.85784 0 -0.513918
    outer loop
      vertex 79.752 0 7.08993
      vertex 79.6461 8 7.2667
      vertex 79.752 8 7.08993
    endloop
  endfacet
  facet normal -0.85784 -0 -0.513918
    outer loop
      vertex 79.6461 8 7.2667
      vertex 79.752 0 7.08993
      vertex 79.6461 0 7.2667
    endloop
  endfacet
  facet normal -0.803127 0 -0.595808
    outer loop
      vertex 79.6461 0 7.2667
      vertex 79.5233 8 7.43223
      vertex 79.6461 8 7.2667
    endloop
  endfacet
  facet normal -0.803127 -0 -0.595808
    outer loop
      vertex 79.5233 8 7.43223
      vertex 79.6461 0 7.2667
      vertex 79.5233 0 7.43223
    endloop
  endfacet
  facet normal -0.740927 0 -0.671585
    outer loop
      vertex 79.5233 0 7.43223
      vertex 79.3849 8 7.58492
      vertex 79.5233 8 7.43223
    endloop
  endfacet
  facet normal -0.740927 -0 -0.671585
    outer loop
      vertex 79.3849 8 7.58492
      vertex 79.5233 0 7.43223
      vertex 79.3849 0 7.58492
    endloop
  endfacet
  facet normal -0.595808 0 0.803127
    outer loop
      vertex 7.2667 8 66.1539
      vertex 7.43223 0 66.2767
      vertex 7.43223 8 66.2767
    endloop
  endfacet
  facet normal -0.595808 0 0.803127
    outer loop
      vertex 7.43223 0 66.2767
      vertex 7.2667 8 66.1539
      vertex 7.2667 0 66.1539
    endloop
  endfacet
  facet normal 0.337197 0 0.941434
    outer loop
      vertex 5.29636 8 65.9599
      vertex 5.4904 0 65.8904
      vertex 5.4904 8 65.8904
    endloop
  endfacet
  facet normal 0.337197 0 0.941434
    outer loop
      vertex 5.4904 0 65.8904
      vertex 5.29636 8 65.9599
      vertex 5.29636 0 65.9599
    endloop
  endfacet
  facet normal 0.903996 -0 0.427542
    outer loop
      vertex 4.15985 0 67.0964
      vertex 4.24796 8 66.9101
      vertex 4.15985 8 67.0964
    endloop
  endfacet
  facet normal 0.903996 0 0.427542
    outer loop
      vertex 4.24796 8 66.9101
      vertex 4.15985 0 67.0964
      vertex 4.24796 0 66.9101
    endloop
  endfacet
  facet normal -0.903977 0 0.427582
    outer loop
      vertex 7.95203 0 66.9101
      vertex 8.04015 8 67.0964
      vertex 7.95203 8 66.9101
    endloop
  endfacet
  facet normal -0.903977 0 0.427582
    outer loop
      vertex 8.04015 8 67.0964
      vertex 7.95203 0 66.9101
      vertex 8.04015 0 67.0964
    endloop
  endfacet
  facet normal -0.857792 0 0.513996
    outer loop
      vertex 7.84609 0 66.7333
      vertex 7.95203 8 66.9101
      vertex 7.84609 8 66.7333
    endloop
  endfacet
  facet normal -0.857792 0 0.513996
    outer loop
      vertex 7.95203 8 66.9101
      vertex 7.84609 0 66.7333
      vertex 7.95203 0 66.9101
    endloop
  endfacet
  facet normal -0.427521 0 0.904005
    outer loop
      vertex 6.90364 8 65.9599
      vertex 7.08993 0 66.048
      vertex 7.08993 8 66.048
    endloop
  endfacet
  facet normal -0.427521 0 0.904005
    outer loop
      vertex 7.08993 0 66.048
      vertex 6.90364 8 65.9599
      vertex 6.90364 0 65.9599
    endloop
  endfacet
  facet normal 0.740949 -0 0.671561
    outer loop
      vertex 4.47668 0 66.5678
      vertex 4.61508 8 66.4151
      vertex 4.47668 8 66.5678
    endloop
  endfacet
  facet normal 0.740949 0 0.671561
    outer loop
      vertex 4.61508 8 66.4151
      vertex 4.47668 0 66.5678
      vertex 4.61508 0 66.4151
    endloop
  endfacet
  facet normal 0.146549 0 0.989203
    outer loop
      vertex 5.69031 8 65.8403
      vertex 5.89416 0 65.8101
      vertex 5.89416 8 65.8101
    endloop
  endfacet
  facet normal 0.146549 0 0.989203
    outer loop
      vertex 5.89416 0 65.8101
      vertex 5.69031 8 65.8403
      vertex 5.69031 0 65.8403
    endloop
  endfacet
  facet normal -0.998796 0 -0.0490662
    outer loop
      vertex 8.2 0 67.9
      vertex 8.18989 8 68.1058
      vertex 8.2 8 67.9
    endloop
  endfacet
  facet normal -0.998796 -0 -0.0490662
    outer loop
      vertex 8.18989 8 68.1058
      vertex 8.2 0 67.9
      vertex 8.18989 0 68.1058
    endloop
  endfacet
  facet normal -0.803145 0 -0.595783
    outer loop
      vertex 7.84609 0 69.0667
      vertex 7.72332 8 69.2322
      vertex 7.84609 8 69.0667
    endloop
  endfacet
  facet normal -0.803145 -0 -0.595783
    outer loop
      vertex 7.72332 8 69.2322
      vertex 7.84609 0 69.0667
      vertex 7.72332 0 69.2322
    endloop
  endfacet
  facet normal 0.147023 0 -0.989133
    outer loop
      vertex 5.69031 0 69.9596
      vertex 5.89416 8 69.9899
      vertex 5.89416 0 69.9899
    endloop
  endfacet
  facet normal 0.147023 0 -0.989133
    outer loop
      vertex 5.89416 8 69.9899
      vertex 5.69031 0 69.9596
      vertex 5.69031 8 69.9596
    endloop
  endfacet
  facet normal 0.671585 0 -0.740927
    outer loop
      vertex 4.61508 0 69.3849
      vertex 4.76777 8 69.5233
      vertex 4.76777 0 69.5233
    endloop
  endfacet
  facet normal 0.671585 0 -0.740927
    outer loop
      vertex 4.76777 8 69.5233
      vertex 4.61508 0 69.3849
      vertex 4.61508 8 69.3849
    endloop
  endfacet
  facet normal -0.970022 0 0.243015
    outer loop
      vertex 8.10957 0 67.2904
      vertex 8.15965 8 67.4903
      vertex 8.10957 8 67.2904
    endloop
  endfacet
  facet normal -0.970022 0 0.243015
    outer loop
      vertex 8.15965 8 67.4903
      vertex 8.10957 0 67.2904
      vertex 8.15965 0 67.4903
    endloop
  endfacet
  facet normal -0.941535 0 0.336914
    outer loop
      vertex 8.04015 0 67.0964
      vertex 8.10957 8 67.2904
      vertex 8.04015 8 67.0964
    endloop
  endfacet
  facet normal -0.941535 0 0.336914
    outer loop
      vertex 8.10957 8 67.2904
      vertex 8.04015 0 67.0964
      vertex 8.10957 0 67.2904
    endloop
  endfacet
  facet normal -0.740949 0 0.671561
    outer loop
      vertex 7.58492 0 66.4151
      vertex 7.72332 8 66.5678
      vertex 7.58492 8 66.4151
    endloop
  endfacet
  facet normal -0.740949 0 0.671561
    outer loop
      vertex 7.72332 8 66.5678
      vertex 7.58492 0 66.4151
      vertex 7.72332 0 66.5678
    endloop
  endfacet
  facet normal -0.803145 0 0.595783
    outer loop
      vertex 7.72332 0 66.5678
      vertex 7.84609 8 66.7333
      vertex 7.72332 8 66.5678
    endloop
  endfacet
  facet normal -0.803145 0 0.595783
    outer loop
      vertex 7.84609 8 66.7333
      vertex 7.72332 0 66.5678
      vertex 7.84609 0 66.7333
    endloop
  endfacet
  facet normal -0.671585 0 0.740927
    outer loop
      vertex 7.43223 8 66.2767
      vertex 7.58492 0 66.4151
      vertex 7.58492 8 66.4151
    endloop
  endfacet
  facet normal -0.671585 0 0.740927
    outer loop
      vertex 7.58492 0 66.4151
      vertex 7.43223 8 66.2767
      vertex 7.43223 0 66.2767
    endloop
  endfacet
  facet normal -0.0490083 0 0.998798
    outer loop
      vertex 6.1 8 65.8
      vertex 6.30584 0 65.8101
      vertex 6.30584 8 65.8101
    endloop
  endfacet
  facet normal -0.0490083 0 0.998798
    outer loop
      vertex 6.30584 0 65.8101
      vertex 6.1 8 65.8
      vertex 6.1 0 65.8
    endloop
  endfacet
  facet normal -0.513918 0 0.85784
    outer loop
      vertex 7.08993 8 66.048
      vertex 7.2667 0 66.1539
      vertex 7.2667 8 66.1539
    endloop
  endfacet
  facet normal -0.513918 0 0.85784
    outer loop
      vertex 7.2667 0 66.1539
      vertex 7.08993 8 66.048
      vertex 7.08993 0 66.048
    endloop
  endfacet
  facet normal -0.337197 0 0.941434
    outer loop
      vertex 6.7096 8 65.8904
      vertex 6.90364 0 65.9599
      vertex 6.90364 8 65.9599
    endloop
  endfacet
  facet normal -0.337197 0 0.941434
    outer loop
      vertex 6.90364 0 65.9599
      vertex 6.7096 8 65.8904
      vertex 6.7096 0 65.8904
    endloop
  endfacet
  facet normal -0.243095 0 0.970002
    outer loop
      vertex 6.50969 8 65.8403
      vertex 6.7096 0 65.8904
      vertex 6.7096 8 65.8904
    endloop
  endfacet
  facet normal -0.243095 0 0.970002
    outer loop
      vertex 6.7096 0 65.8904
      vertex 6.50969 8 65.8403
      vertex 6.50969 0 65.8403
    endloop
  endfacet
  facet normal 0.998796 -0 0.0490662
    outer loop
      vertex 4 0 67.9
      vertex 4.01011 8 67.6942
      vertex 4 8 67.9
    endloop
  endfacet
  facet normal 0.998796 0 0.0490662
    outer loop
      vertex 4.01011 8 67.6942
      vertex 4 0 67.9
      vertex 4.01011 0 67.6942
    endloop
  endfacet
  facet normal 0.94152 -0 0.336957
    outer loop
      vertex 4.09042 0 67.2904
      vertex 4.15985 8 67.0964
      vertex 4.09042 8 67.2904
    endloop
  endfacet
  facet normal 0.94152 0 0.336957
    outer loop
      vertex 4.15985 8 67.0964
      vertex 4.09042 0 67.2904
      vertex 4.15985 0 67.0964
    endloop
  endfacet
  facet normal 0.970034 -0 0.242969
    outer loop
      vertex 4.04035 0 67.4903
      vertex 4.09042 8 67.2904
      vertex 4.04035 8 67.4903
    endloop
  endfacet
  facet normal 0.970034 0 0.242969
    outer loop
      vertex 4.09042 8 67.2904
      vertex 4.04035 0 67.4903
      vertex 4.09042 0 67.2904
    endloop
  endfacet
  facet normal 0.857771 -0 0.514032
    outer loop
      vertex 4.24796 0 66.9101
      vertex 4.35391 8 66.7333
      vertex 4.24796 8 66.9101
    endloop
  endfacet
  facet normal 0.857771 0 0.514032
    outer loop
      vertex 4.35391 8 66.7333
      vertex 4.24796 0 66.9101
      vertex 4.35391 0 66.7333
    endloop
  endfacet
  facet normal 0.803145 -0 0.595783
    outer loop
      vertex 4.35391 0 66.7333
      vertex 4.47668 8 66.5678
      vertex 4.35391 8 66.7333
    endloop
  endfacet
  facet normal 0.803145 0 0.595783
    outer loop
      vertex 4.47668 8 66.5678
      vertex 4.35391 0 66.7333
      vertex 4.47668 0 66.5678
    endloop
  endfacet
  facet normal 0.243095 0 0.970002
    outer loop
      vertex 5.4904 8 65.8904
      vertex 5.69031 0 65.8403
      vertex 5.69031 8 65.8403
    endloop
  endfacet
  facet normal 0.243095 0 0.970002
    outer loop
      vertex 5.69031 0 65.8403
      vertex 5.4904 8 65.8904
      vertex 5.4904 0 65.8904
    endloop
  endfacet
  facet normal 0.0490083 0 0.998798
    outer loop
      vertex 5.89416 8 65.8101
      vertex 6.1 0 65.8
      vertex 6.1 8 65.8
    endloop
  endfacet
  facet normal 0.0490083 0 0.998798
    outer loop
      vertex 6.1 0 65.8
      vertex 5.89416 8 65.8101
      vertex 5.89416 0 65.8101
    endloop
  endfacet
  facet normal 0.513918 0 0.85784
    outer loop
      vertex 4.9333 8 66.1539
      vertex 5.11007 0 66.048
      vertex 5.11007 8 66.048
    endloop
  endfacet
  facet normal 0.513918 0 0.85784
    outer loop
      vertex 5.11007 0 66.048
      vertex 4.9333 8 66.1539
      vertex 4.9333 0 66.1539
    endloop
  endfacet
  facet normal 0.595808 0 0.803127
    outer loop
      vertex 4.76777 8 66.2767
      vertex 4.9333 0 66.1539
      vertex 4.9333 8 66.1539
    endloop
  endfacet
  facet normal 0.595808 0 0.803127
    outer loop
      vertex 4.9333 0 66.1539
      vertex 4.76777 8 66.2767
      vertex 4.76777 0 66.2767
    endloop
  endfacet
  facet normal 0.427521 0 0.904005
    outer loop
      vertex 5.11007 8 66.048
      vertex 5.29636 0 65.9599
      vertex 5.29636 8 65.9599
    endloop
  endfacet
  facet normal 0.427521 0 0.904005
    outer loop
      vertex 5.29636 0 65.9599
      vertex 5.11007 8 66.048
      vertex 5.11007 0 66.048
    endloop
  endfacet
  facet normal 0.671585 0 0.740927
    outer loop
      vertex 4.61508 8 66.4151
      vertex 4.76777 0 66.2767
      vertex 4.76777 8 66.2767
    endloop
  endfacet
  facet normal 0.671585 0 0.740927
    outer loop
      vertex 4.76777 0 66.2767
      vertex 4.61508 8 66.4151
      vertex 4.61508 0 66.4151
    endloop
  endfacet
  facet normal -0.998796 0 0.0490662
    outer loop
      vertex 8.18989 0 67.6942
      vertex 8.2 8 67.9
      vertex 8.18989 8 67.6942
    endloop
  endfacet
  facet normal -0.998796 0 0.0490662
    outer loop
      vertex 8.2 8 67.9
      vertex 8.18989 0 67.6942
      vertex 8.2 0 67.9
    endloop
  endfacet
  facet normal -0.0490083 0 -0.998798
    outer loop
      vertex 6.1 0 70
      vertex 6.30584 8 69.9899
      vertex 6.30584 0 69.9899
    endloop
  endfacet
  facet normal -0.0490083 0 -0.998798
    outer loop
      vertex 6.30584 8 69.9899
      vertex 6.1 0 70
      vertex 6.1 8 70
    endloop
  endfacet
  facet normal -0.147023 0 -0.989133
    outer loop
      vertex 6.30584 0 69.9899
      vertex 6.50969 8 69.9596
      vertex 6.50969 0 69.9596
    endloop
  endfacet
  facet normal -0.147023 0 -0.989133
    outer loop
      vertex 6.50969 8 69.9596
      vertex 6.30584 0 69.9899
      vertex 6.30584 8 69.9899
    endloop
  endfacet
  facet normal -0.242638 0 -0.970117
    outer loop
      vertex 6.50969 0 69.9596
      vertex 6.7096 8 69.9096
      vertex 6.7096 0 69.9096
    endloop
  endfacet
  facet normal -0.242638 0 -0.970117
    outer loop
      vertex 6.7096 8 69.9096
      vertex 6.50969 0 69.9596
      vertex 6.50969 8 69.9596
    endloop
  endfacet
  facet normal -0.671585 0 -0.740927
    outer loop
      vertex 7.43223 0 69.5233
      vertex 7.58492 8 69.3849
      vertex 7.58492 0 69.3849
    endloop
  endfacet
  facet normal -0.671585 0 -0.740927
    outer loop
      vertex 7.58492 8 69.3849
      vertex 7.43223 0 69.5233
      vertex 7.43223 8 69.5233
    endloop
  endfacet
  facet normal -0.513918 0 -0.85784
    outer loop
      vertex 7.08993 0 69.752
      vertex 7.2667 8 69.6461
      vertex 7.2667 0 69.6461
    endloop
  endfacet
  facet normal -0.513918 0 -0.85784
    outer loop
      vertex 7.2667 8 69.6461
      vertex 7.08993 0 69.752
      vertex 7.08993 8 69.752
    endloop
  endfacet
  facet normal -0.903977 0 -0.427582
    outer loop
      vertex 8.04015 0 68.7036
      vertex 7.95203 8 68.8899
      vertex 8.04015 8 68.7036
    endloop
  endfacet
  facet normal -0.903977 -0 -0.427582
    outer loop
      vertex 7.95203 8 68.8899
      vertex 8.04015 0 68.7036
      vertex 7.95203 0 68.8899
    endloop
  endfacet
  facet normal 0.0490083 0 -0.998798
    outer loop
      vertex 5.89416 0 69.9899
      vertex 6.1 8 70
      vertex 6.1 0 70
    endloop
  endfacet
  facet normal 0.0490083 0 -0.998798
    outer loop
      vertex 6.1 8 70
      vertex 5.89416 0 69.9899
      vertex 5.89416 8 69.9899
    endloop
  endfacet
  facet normal 0.337197 0 -0.941434
    outer loop
      vertex 5.29636 0 69.8401
      vertex 5.4904 8 69.9096
      vertex 5.4904 0 69.9096
    endloop
  endfacet
  facet normal 0.337197 0 -0.941434
    outer loop
      vertex 5.4904 8 69.9096
      vertex 5.29636 0 69.8401
      vertex 5.29636 8 69.8401
    endloop
  endfacet
  facet normal 0.513918 0 -0.85784
    outer loop
      vertex 4.9333 0 69.6461
      vertex 5.11007 8 69.752
      vertex 5.11007 0 69.752
    endloop
  endfacet
  facet normal 0.513918 0 -0.85784
    outer loop
      vertex 5.11007 8 69.752
      vertex 4.9333 0 69.6461
      vertex 4.9333 8 69.6461
    endloop
  endfacet
  facet normal 0.970034 0 -0.242969
    outer loop
      vertex 4.09042 0 68.5096
      vertex 4.04035 8 68.3097
      vertex 4.09042 8 68.5096
    endloop
  endfacet
  facet normal 0.970034 0 -0.242969
    outer loop
      vertex 4.04035 8 68.3097
      vertex 4.09042 0 68.5096
      vertex 4.04035 0 68.3097
    endloop
  endfacet
  facet normal 0.998796 0 -0.0490662
    outer loop
      vertex 4.01011 0 68.1058
      vertex 4 8 67.9
      vertex 4.01011 8 68.1058
    endloop
  endfacet
  facet normal 0.998796 0 -0.0490662
    outer loop
      vertex 4 8 67.9
      vertex 4.01011 0 68.1058
      vertex 4 0 67.9
    endloop
  endfacet
  facet normal 0.803145 0 -0.595783
    outer loop
      vertex 4.47668 0 69.2322
      vertex 4.35391 8 69.0667
      vertex 4.47668 8 69.2322
    endloop
  endfacet
  facet normal 0.803145 0 -0.595783
    outer loop
      vertex 4.35391 8 69.0667
      vertex 4.47668 0 69.2322
      vertex 4.35391 0 69.0667
    endloop
  endfacet
  facet normal 0.903996 0 -0.427542
    outer loop
      vertex 4.24796 0 68.8899
      vertex 4.15985 8 68.7036
      vertex 4.24796 8 68.8899
    endloop
  endfacet
  facet normal 0.903996 0 -0.427542
    outer loop
      vertex 4.15985 8 68.7036
      vertex 4.24796 0 68.8899
      vertex 4.15985 0 68.7036
    endloop
  endfacet
  facet normal 0.740949 0 -0.671561
    outer loop
      vertex 4.61508 0 69.3849
      vertex 4.47668 8 69.2322
      vertex 4.61508 8 69.3849
    endloop
  endfacet
  facet normal 0.740949 0 -0.671561
    outer loop
      vertex 4.47668 8 69.2322
      vertex 4.61508 0 69.3849
      vertex 4.47668 0 69.2322
    endloop
  endfacet
  facet normal -0.989181 0 0.146703
    outer loop
      vertex 8.15965 0 67.4903
      vertex 8.18989 8 67.6942
      vertex 8.15965 8 67.4903
    endloop
  endfacet
  facet normal -0.989181 0 0.146703
    outer loop
      vertex 8.18989 8 67.6942
      vertex 8.15965 0 67.4903
      vertex 8.18989 0 67.6942
    endloop
  endfacet
  facet normal -0.146549 0 0.989203
    outer loop
      vertex 6.30584 8 65.8101
      vertex 6.50969 0 65.8403
      vertex 6.50969 8 65.8403
    endloop
  endfacet
  facet normal -0.146549 0 0.989203
    outer loop
      vertex 6.50969 0 65.8403
      vertex 6.30584 8 65.8101
      vertex 6.30584 0 65.8101
    endloop
  endfacet
  facet normal 0 -1 0
    outer loop
      vertex 5.89416 8 69.9899
      vertex 6.30584 8 69.9899
      vertex 6.1 8 70
    endloop
  endfacet
  facet normal 0 -1 0
    outer loop
      vertex 5.69031 8 69.9596
      vertex 6.30584 8 69.9899
      vertex 5.89416 8 69.9899
    endloop
  endfacet
  facet normal 0 -1 0
    outer loop
      vertex 5.69031 8 69.9596
      vertex 6.50969 8 69.9596
      vertex 6.30584 8 69.9899
    endloop
  endfacet
  facet normal 0 -1 0
    outer loop
      vertex 5.4904 8 69.9096
      vertex 6.50969 8 69.9596
      vertex 5.69031 8 69.9596
    endloop
  endfacet
  facet normal 0 -1 0
    outer loop
      vertex 5.4904 8 69.9096
      vertex 6.7096 8 69.9096
      vertex 6.50969 8 69.9596
    endloop
  endfacet
  facet normal 0 -1 0
    outer loop
      vertex 5.29636 8 69.8401
      vertex 6.7096 8 69.9096
      vertex 5.4904 8 69.9096
    endloop
  endfacet
  facet normal 0 -1 0
    outer loop
      vertex 5.29636 8 69.8401
      vertex 6.90364 8 69.8401
      vertex 6.7096 8 69.9096
    endloop
  endfacet
  facet normal 0 -1 0
    outer loop
      vertex 5.11007 8 69.752
      vertex 6.90364 8 69.8401
      vertex 5.29636 8 69.8401
    endloop
  endfacet
  facet normal 0 -1 0
    outer loop
      vertex 5.11007 8 69.752
      vertex 7.08993 8 69.752
      vertex 6.90364 8 69.8401
    endloop
  endfacet
  facet normal 0 -1 0
    outer loop
      vertex 4.9333 8 69.6461
      vertex 7.08993 8 69.752
      vertex 5.11007 8 69.752
    endloop
  endfacet
  facet normal 0 -1 0
    outer loop
      vertex 4.9333 8 69.6461
      vertex 7.2667 8 69.6461
      vertex 7.08993 8 69.752
    endloop
  endfacet
  facet normal 0 -1 0
    outer loop
      vertex 4.76777 8 69.5233
      vertex 7.2667 8 69.6461
      vertex 4.9333 8 69.6461
    endloop
  endfacet
  facet normal 0 -1 0
    outer loop
      vertex 4.76777 8 69.5233
      vertex 7.43223 8 69.5233
      vertex 7.2667 8 69.6461
    endloop
  endfacet
  facet normal 0 -1 0
    outer loop
      vertex 4.61508 8 69.3849
      vertex 7.43223 8 69.5233
      vertex 4.76777 8 69.5233
    endloop
  endfacet
  facet normal 0 -1 0
    outer loop
      vertex 4.61508 8 69.3849
      vertex 7.58492 8 69.3849
      vertex 7.43223 8 69.5233
    endloop
  endfacet
  facet normal 0 -1 0
    outer loop
      vertex 4.47668 8 69.2322
      vertex 7.58492 8 69.3849
      vertex 4.61508 8 69.3849
    endloop
  endfacet
  facet normal 0 -1 0
    outer loop
      vertex 4.47668 8 69.2322
      vertex 7.72332 8 69.2322
      vertex 7.58492 8 69.3849
    endloop
  endfacet
  facet normal 0 -1 0
    outer loop
      vertex 4.35391 8 69.0667
      vertex 7.72332 8 69.2322
      vertex 4.47668 8 69.2322
    endloop
  endfacet
  facet normal 0 -1 0
    outer loop
      vertex 4.35391 8 69.0667
      vertex 7.84609 8 69.0667
      vertex 7.72332 8 69.2322
    endloop
  endfacet
  facet normal 0 -1 0
    outer loop
      vertex 4.24796 8 68.8899
      vertex 7.84609 8 69.0667
      vertex 4.35391 8 69.0667
    endloop
  endfacet
  facet normal 0 -1 0
    outer loop
      vertex 4.24796 8 68.8899
      vertex 7.95203 8 68.8899
      vertex 7.84609 8 69.0667
    endloop
  endfacet
  facet normal 0 -1 0
    outer loop
      vertex 4.15985 8 68.7036
      vertex 7.95203 8 68.8899
      vertex 4.24796 8 68.8899
    endloop
  endfacet
  facet normal 0 -1 0
    outer loop
      vertex 4.15985 8 68.7036
      vertex 8.04015 8 68.7036
      vertex 7.95203 8 68.8899
    endloop
  endfacet
  facet normal 0 -1 0
    outer loop
      vertex 4.09042 8 68.5096
      vertex 8.04015 8 68.7036
      vertex 4.15985 8 68.7036
    endloop
  endfacet
  facet normal 0 -1 0
    outer loop
      vertex 4.09042 8 68.5096
      vertex 8.10957 8 68.5096
      vertex 8.04015 8 68.7036
    endloop
  endfacet
  facet normal 0 -1 0
    outer loop
      vertex 4.04035 8 68.3097
      vertex 8.10957 8 68.5096
      vertex 4.09042 8 68.5096
    endloop
  endfacet
  facet normal 0 -1 0
    outer loop
      vertex 4.04035 8 68.3097
      vertex 8.15965 8 68.3097
      vertex 8.10957 8 68.5096
    endloop
  endfacet
  facet normal 0 -1 0
    outer loop
      vertex 4.01011 8 68.1058
      vertex 8.15965 8 68.3097
      vertex 4.04035 8 68.3097
    endloop
  endfacet
  facet normal 0 -1 0
    outer loop
      vertex 4.01011 8 68.1058
      vertex 8.18989 8 68.1058
      vertex 8.15965 8 68.3097
    endloop
  endfacet
  facet normal 0 -1 0
    outer loop
      vertex 4 8 67.9
      vertex 8.18989 8 68.1058
      vertex 4.01011 8 68.1058
    endloop
  endfacet
  facet normal 0 -1 0
    outer loop
      vertex 4 8 67.9
      vertex 8.2 8 67.9
      vertex 8.18989 8 68.1058
    endloop
  endfacet
  facet normal 0 -1 0
    outer loop
      vertex 4.01011 8 67.6942
      vertex 8.2 8 67.9
      vertex 4 8 67.9
    endloop
  endfacet
  facet normal 0 -1 0
    outer loop
      vertex 4.01011 8 67.6942
      vertex 8.18989 8 67.6942
      vertex 8.2 8 67.9
    endloop
  endfacet
  facet normal 0 -1 0
    outer loop
      vertex 4.04035 8 67.4903
      vertex 8.18989 8 67.6942
      vertex 4.01011 8 67.6942
    endloop
  endfacet
  facet normal 0 -1 0
    outer loop
      vertex 4.04035 8 67.4903
      vertex 8.15965 8 67.4903
      vertex 8.18989 8 67.6942
    endloop
  endfacet
  facet normal 0 -1 0
    outer loop
      vertex 4.09042 8 67.2904
      vertex 8.15965 8 67.4903
      vertex 4.04035 8 67.4903
    endloop
  endfacet
  facet normal 0 -1 0
    outer loop
      vertex 4.09042 8 67.2904
      vertex 8.10957 8 67.2904
      vertex 8.15965 8 67.4903
    endloop
  endfacet
  facet normal 0 -1 0
    outer loop
      vertex 4.15985 8 67.0964
      vertex 8.10957 8 67.2904
      vertex 4.09042 8 67.2904
    endloop
  endfacet
  facet normal 0 -1 0
    outer loop
      vertex 4.15985 8 67.0964
      vertex 8.04015 8 67.0964
      vertex 8.10957 8 67.2904
    endloop
  endfacet
  facet normal 0 -1 0
    outer loop
      vertex 4.24796 8 66.9101
      vertex 8.04015 8 67.0964
      vertex 4.15985 8 67.0964
    endloop
  endfacet
  facet normal 0 -1 0
    outer loop
      vertex 4.24796 8 66.9101
      vertex 7.95203 8 66.9101
      vertex 8.04015 8 67.0964
    endloop
  endfacet
  facet normal 0 -1 0
    outer loop
      vertex 4.35391 8 66.7333
      vertex 7.95203 8 66.9101
      vertex 4.24796 8 66.9101
    endloop
  endfacet
  facet normal 0 -1 0
    outer loop
      vertex 4.35391 8 66.7333
      vertex 7.84609 8 66.7333
      vertex 7.95203 8 66.9101
    endloop
  endfacet
  facet normal 0 -1 0
    outer loop
      vertex 4.47668 8 66.5678
      vertex 7.84609 8 66.7333
      vertex 4.35391 8 66.7333
    endloop
  endfacet
  facet normal 0 -1 0
    outer loop
      vertex 4.47668 8 66.5678
      vertex 7.72332 8 66.5678
      vertex 7.84609 8 66.7333
    endloop
  endfacet
  facet normal 0 -1 0
    outer loop
      vertex 4.61508 8 66.4151
      vertex 7.72332 8 66.5678
      vertex 4.47668 8 66.5678
    endloop
  endfacet
  facet normal 0 -1 0
    outer loop
      vertex 4.61508 8 66.4151
      vertex 7.58492 8 66.4151
      vertex 7.72332 8 66.5678
    endloop
  endfacet
  facet normal 0 -1 0
    outer loop
      vertex 4.76777 8 66.2767
      vertex 7.58492 8 66.4151
      vertex 4.61508 8 66.4151
    endloop
  endfacet
  facet normal 0 -1 0
    outer loop
      vertex 4.76777 8 66.2767
      vertex 7.43223 8 66.2767
      vertex 7.58492 8 66.4151
    endloop
  endfacet
  facet normal 0 -1 0
    outer loop
      vertex 4.9333 8 66.1539
      vertex 7.43223 8 66.2767
      vertex 4.76777 8 66.2767
    endloop
  endfacet
  facet normal 0 -1 0
    outer loop
      vertex 4.9333 8 66.1539
      vertex 7.2667 8 66.1539
      vertex 7.43223 8 66.2767
    endloop
  endfacet
  facet normal 0 -1 0
    outer loop
      vertex 5.11007 8 66.048
      vertex 7.2667 8 66.1539
      vertex 4.9333 8 66.1539
    endloop
  endfacet
  facet normal 0 -1 0
    outer loop
      vertex 5.11007 8 66.048
      vertex 7.08993 8 66.048
      vertex 7.2667 8 66.1539
    endloop
  endfacet
  facet normal 0 -1 0
    outer loop
      vertex 5.29636 8 65.9599
      vertex 7.08993 8 66.048
      vertex 5.11007 8 66.048
    endloop
  endfacet
  facet normal 0 -1 0
    outer loop
      vertex 5.29636 8 65.9599
      vertex 6.90364 8 65.9599
      vertex 7.08993 8 66.048
    endloop
  endfacet
  facet normal 0 -1 0
    outer loop
      vertex 5.4904 8 65.8904
      vertex 6.90364 8 65.9599
      vertex 5.29636 8 65.9599
    endloop
  endfacet
  facet normal 0 -1 0
    outer loop
      vertex 5.4904 8 65.8904
      vertex 6.7096 8 65.8904
      vertex 6.90364 8 65.9599
    endloop
  endfacet
  facet normal 0 -1 0
    outer loop
      vertex 5.69031 8 65.8403
      vertex 6.7096 8 65.8904
      vertex 5.4904 8 65.8904
    endloop
  endfacet
  facet normal 0 -1 0
    outer loop
      vertex 5.69031 8 65.8403
      vertex 6.50969 8 65.8403
      vertex 6.7096 8 65.8904
    endloop
  endfacet
  facet normal 0 -1 0
    outer loop
      vertex 5.89416 8 65.8101
      vertex 6.50969 8 65.8403
      vertex 5.69031 8 65.8403
    endloop
  endfacet
  facet normal 0 -1 0
    outer loop
      vertex 5.89416 8 65.8101
      vertex 6.30584 8 65.8101
      vertex 6.50969 8 65.8403
    endloop
  endfacet
  facet normal -0 -1 0
    outer loop
      vertex 6.30584 8 65.8101
      vertex 5.89416 8 65.8101
      vertex 6.1 8 65.8
    endloop
  endfacet
  facet normal 0.989181 -0 0.146703
    outer loop
      vertex 4.01011 0 67.6942
      vertex 4.04035 8 67.4903
      vertex 4.01011 8 67.6942
    endloop
  endfacet
  facet normal 0.989181 0 0.146703
    outer loop
      vertex 4.04035 8 67.4903
      vertex 4.01011 0 67.6942
      vertex 4.04035 0 67.4903
    endloop
  endfacet
  facet normal -0.989181 0 -0.146703
    outer loop
      vertex 8.18989 0 68.1058
      vertex 8.15965 8 68.3097
      vertex 8.18989 8 68.1058
    endloop
  endfacet
  facet normal -0.989181 -0 -0.146703
    outer loop
      vertex 8.15965 8 68.3097
      vertex 8.18989 0 68.1058
      vertex 8.15965 0 68.3097
    endloop
  endfacet
  facet normal -0.970022 0 -0.243015
    outer loop
      vertex 8.15965 0 68.3097
      vertex 8.10957 8 68.5096
      vertex 8.15965 8 68.3097
    endloop
  endfacet
  facet normal -0.970022 -0 -0.243015
    outer loop
      vertex 8.10957 8 68.5096
      vertex 8.15965 0 68.3097
      vertex 8.10957 0 68.5096
    endloop
  endfacet
  facet normal -0.337197 0 -0.941434
    outer loop
      vertex 6.7096 0 69.9096
      vertex 6.90364 8 69.8401
      vertex 6.90364 0 69.8401
    endloop
  endfacet
  facet normal -0.337197 0 -0.941434
    outer loop
      vertex 6.90364 8 69.8401
      vertex 6.7096 0 69.9096
      vertex 6.7096 8 69.9096
    endloop
  endfacet
  facet normal -0.740949 0 -0.671561
    outer loop
      vertex 7.72332 0 69.2322
      vertex 7.58492 8 69.3849
      vertex 7.72332 8 69.2322
    endloop
  endfacet
  facet normal -0.740949 -0 -0.671561
    outer loop
      vertex 7.58492 8 69.3849
      vertex 7.72332 0 69.2322
      vertex 7.58492 0 69.3849
    endloop
  endfacet
  facet normal -0.595808 0 -0.803127
    outer loop
      vertex 7.2667 0 69.6461
      vertex 7.43223 8 69.5233
      vertex 7.43223 0 69.5233
    endloop
  endfacet
  facet normal -0.595808 0 -0.803127
    outer loop
      vertex 7.43223 8 69.5233
      vertex 7.2667 0 69.6461
      vertex 7.2667 8 69.6461
    endloop
  endfacet
  facet normal -0.941535 0 -0.336914
    outer loop
      vertex 8.10957 0 68.5096
      vertex 8.04015 8 68.7036
      vertex 8.10957 8 68.5096
    endloop
  endfacet
  facet normal -0.941535 -0 -0.336914
    outer loop
      vertex 8.04015 8 68.7036
      vertex 8.10957 0 68.5096
      vertex 8.04015 0 68.7036
    endloop
  endfacet
  facet normal -0.857792 0 -0.513996
    outer loop
      vertex 7.95203 0 68.8899
      vertex 7.84609 8 69.0667
      vertex 7.95203 8 68.8899
    endloop
  endfacet
  facet normal -0.857792 -0 -0.513996
    outer loop
      vertex 7.84609 8 69.0667
      vertex 7.95203 0 68.8899
      vertex 7.84609 0 69.0667
    endloop
  endfacet
  facet normal 0.242638 0 -0.970117
    outer loop
      vertex 5.4904 0 69.9096
      vertex 5.69031 8 69.9596
      vertex 5.69031 0 69.9596
    endloop
  endfacet
  facet normal 0.242638 0 -0.970117
    outer loop
      vertex 5.69031 8 69.9596
      vertex 5.4904 0 69.9096
      vertex 5.4904 8 69.9096
    endloop
  endfacet
  facet normal 0.427521 0 -0.904005
    outer loop
      vertex 5.11007 0 69.752
      vertex 5.29636 8 69.8401
      vertex 5.29636 0 69.8401
    endloop
  endfacet
  facet normal 0.427521 0 -0.904005
    outer loop
      vertex 5.29636 8 69.8401
      vertex 5.11007 0 69.752
      vertex 5.11007 8 69.752
    endloop
  endfacet
  facet normal 0.595808 0 -0.803127
    outer loop
      vertex 4.76777 0 69.5233
      vertex 4.9333 8 69.6461
      vertex 4.9333 0 69.6461
    endloop
  endfacet
  facet normal 0.595808 0 -0.803127
    outer loop
      vertex 4.9333 8 69.6461
      vertex 4.76777 0 69.5233
      vertex 4.76777 8 69.5233
    endloop
  endfacet
  facet normal 0.94152 0 -0.336957
    outer loop
      vertex 4.15985 0 68.7036
      vertex 4.09042 8 68.5096
      vertex 4.15985 8 68.7036
    endloop
  endfacet
  facet normal 0.94152 0 -0.336957
    outer loop
      vertex 4.09042 8 68.5096
      vertex 4.15985 0 68.7036
      vertex 4.09042 0 68.5096
    endloop
  endfacet
  facet normal 0.989181 0 -0.146703
    outer loop
      vertex 4.04035 0 68.3097
      vertex 4.01011 8 68.1058
      vertex 4.04035 8 68.3097
    endloop
  endfacet
  facet normal 0.989181 0 -0.146703
    outer loop
      vertex 4.01011 8 68.1058
      vertex 4.04035 0 68.3097
      vertex 4.01011 0 68.1058
    endloop
  endfacet
  facet normal 0.857771 0 -0.514032
    outer loop
      vertex 4.35391 0 69.0667
      vertex 4.24796 8 68.8899
      vertex 4.35391 8 69.0667
    endloop
  endfacet
  facet normal 0.857771 0 -0.514032
    outer loop
      vertex 4.24796 8 68.8899
      vertex 4.35391 0 69.0667
      vertex 4.24796 0 68.8899
    endloop
  endfacet
  facet normal -0.427521 0 -0.904005
    outer loop
      vertex 6.90364 0 69.8401
      vertex 7.08993 8 69.752
      vertex 7.08993 0 69.752
    endloop
  endfacet
  facet normal -0.427521 0 -0.904005
    outer loop
      vertex 7.08993 8 69.752
      vertex 6.90364 0 69.8401
      vertex 6.90364 8 69.8401
    endloop
  endfacet
  facet normal -0.970114 0 0.24265
    outer loop
      vertex 79.9096 0 67.2904
      vertex 79.9596 8 67.4903
      vertex 79.9096 8 67.2904
    endloop
  endfacet
  facet normal -0.970114 0 0.24265
    outer loop
      vertex 79.9596 8 67.4903
      vertex 79.9096 0 67.2904
      vertex 79.9596 0 67.4903
    endloop
  endfacet
  facet normal -0.998798 0 0.0490178
    outer loop
      vertex 79.9899 0 67.6942
      vertex 80 8 67.9
      vertex 79.9899 8 67.6942
    endloop
  endfacet
  facet normal -0.998798 0 0.0490178
    outer loop
      vertex 80 8 67.9
      vertex 79.9899 0 67.6942
      vertex 80 0 67.9
    endloop
  endfacet
  facet normal 0.998798 -0 0.0490178
    outer loop
      vertex 75.8 0 67.9
      vertex 75.8101 8 67.6942
      vertex 75.8 8 67.9
    endloop
  endfacet
  facet normal 0.998798 0 0.0490178
    outer loop
      vertex 75.8101 8 67.6942
      vertex 75.8 0 67.9
      vertex 75.8101 0 67.6942
    endloop
  endfacet
  facet normal -0.0490178 0 0.998798
    outer loop
      vertex 77.9 8 65.8
      vertex 78.1058 0 65.8101
      vertex 78.1058 8 65.8101
    endloop
  endfacet
  facet normal -0.0490178 0 0.998798
    outer loop
      vertex 78.1058 0 65.8101
      vertex 77.9 8 65.8
      vertex 77.9 0 65.8
    endloop
  endfacet
  facet normal -0.671561 0 0.740949
    outer loop
      vertex 79.2322 8 66.2767
      vertex 79.3849 0 66.4151
      vertex 79.3849 8 66.4151
    endloop
  endfacet
  facet normal -0.671561 0 0.740949
    outer loop
      vertex 79.3849 0 66.4151
      vertex 79.2322 8 66.2767
      vertex 79.2322 0 66.2767
    endloop
  endfacet
  facet normal 0.671561 0 0.740949
    outer loop
      vertex 76.4151 8 66.4151
      vertex 76.5678 0 66.2767
      vertex 76.5678 8 66.2767
    endloop
  endfacet
  facet normal 0.671561 0 0.740949
    outer loop
      vertex 76.5678 0 66.2767
      vertex 76.4151 8 66.4151
      vertex 76.4151 0 66.4151
    endloop
  endfacet
  facet normal 0.337258 0 0.941412
    outer loop
      vertex 77.0964 8 65.9599
      vertex 77.2904 0 65.8904
      vertex 77.2904 8 65.8904
    endloop
  endfacet
  facet normal 0.337258 0 0.941412
    outer loop
      vertex 77.2904 0 65.8904
      vertex 77.0964 8 65.9599
      vertex 77.0964 0 65.9599
    endloop
  endfacet
  facet normal 0.803076 0 -0.595877
    outer loop
      vertex 76.2767 0 69.2322
      vertex 76.1539 8 69.0667
      vertex 76.2767 8 69.2322
    endloop
  endfacet
  facet normal 0.803076 0 -0.595877
    outer loop
      vertex 76.1539 8 69.0667
      vertex 76.2767 0 69.2322
      vertex 76.1539 0 69.0667
    endloop
  endfacet
  facet normal -0.941412 0 0.337258
    outer loop
      vertex 79.8401 0 67.0964
      vertex 79.9096 8 67.2904
      vertex 79.8401 8 67.0964
    endloop
  endfacet
  facet normal -0.941412 0 0.337258
    outer loop
      vertex 79.9096 8 67.2904
      vertex 79.8401 0 67.0964
      vertex 79.9096 0 67.2904
    endloop
  endfacet
  facet normal -0.337258 0 0.941412
    outer loop
      vertex 78.5096 8 65.8904
      vertex 78.7036 0 65.9599
      vertex 78.7036 8 65.9599
    endloop
  endfacet
  facet normal -0.337258 0 0.941412
    outer loop
      vertex 78.7036 0 65.9599
      vertex 78.5096 8 65.8904
      vertex 78.5096 0 65.8904
    endloop
  endfacet
  facet normal -0.243106 0 0.97
    outer loop
      vertex 78.3097 8 65.8403
      vertex 78.5096 0 65.8904
      vertex 78.5096 8 65.8904
    endloop
  endfacet
  facet normal -0.243106 0 0.97
    outer loop
      vertex 78.5096 0 65.8904
      vertex 78.3097 8 65.8403
      vertex 78.3097 0 65.8403
    endloop
  endfacet
  facet normal 0.857878 -0 0.513853
    outer loop
      vertex 76.048 0 66.9101
      vertex 76.1539 8 66.7333
      vertex 76.048 8 66.9101
    endloop
  endfacet
  facet normal 0.857878 0 0.513853
    outer loop
      vertex 76.1539 8 66.7333
      vertex 76.048 0 66.9101
      vertex 76.1539 0 66.7333
    endloop
  endfacet
  facet normal 0.803076 -0 0.595877
    outer loop
      vertex 76.1539 0 66.7333
      vertex 76.2767 8 66.5678
      vertex 76.1539 8 66.7333
    endloop
  endfacet
  facet normal 0.803076 0 0.595877
    outer loop
      vertex 76.2767 8 66.5678
      vertex 76.1539 0 66.7333
      vertex 76.2767 0 66.5678
    endloop
  endfacet
  facet normal -0.857878 0 -0.513853
    outer loop
      vertex 79.752 0 68.8899
      vertex 79.6461 8 69.0667
      vertex 79.752 8 68.8899
    endloop
  endfacet
  facet normal -0.857878 -0 -0.513853
    outer loop
      vertex 79.6461 8 69.0667
      vertex 79.752 0 68.8899
      vertex 79.6461 0 69.0667
    endloop
  endfacet
  facet normal -0.24265 0 -0.970114
    outer loop
      vertex 78.3097 0 69.9596
      vertex 78.5096 8 69.9096
      vertex 78.5096 0 69.9096
    endloop
  endfacet
  facet normal -0.24265 0 -0.970114
    outer loop
      vertex 78.5096 8 69.9096
      vertex 78.3097 0 69.9596
      vertex 78.3097 8 69.9596
    endloop
  endfacet
  facet normal -0.671561 0 -0.740949
    outer loop
      vertex 79.2322 0 69.5233
      vertex 79.3849 8 69.3849
      vertex 79.3849 0 69.3849
    endloop
  endfacet
  facet normal -0.671561 0 -0.740949
    outer loop
      vertex 79.3849 8 69.3849
      vertex 79.2322 0 69.5233
      vertex 79.2322 8 69.5233
    endloop
  endfacet
  facet normal -0.970114 0 -0.24265
    outer loop
      vertex 79.9596 0 68.3097
      vertex 79.9096 8 68.5096
      vertex 79.9596 8 68.3097
    endloop
  endfacet
  facet normal -0.970114 -0 -0.24265
    outer loop
      vertex 79.9096 8 68.5096
      vertex 79.9596 0 68.3097
      vertex 79.9096 0 68.5096
    endloop
  endfacet
  facet normal 0.337258 0 -0.941412
    outer loop
      vertex 77.0964 0 69.8401
      vertex 77.2904 8 69.9096
      vertex 77.2904 0 69.9096
    endloop
  endfacet
  facet normal 0.337258 0 -0.941412
    outer loop
      vertex 77.2904 8 69.9096
      vertex 77.0964 0 69.8401
      vertex 77.0964 8 69.8401
    endloop
  endfacet
  facet normal 0.513853 0 -0.857878
    outer loop
      vertex 76.7333 0 69.6461
      vertex 76.9101 8 69.752
      vertex 76.9101 0 69.752
    endloop
  endfacet
  facet normal 0.513853 0 -0.857878
    outer loop
      vertex 76.9101 8 69.752
      vertex 76.7333 0 69.6461
      vertex 76.7333 8 69.6461
    endloop
  endfacet
  facet normal -0.904014 0 0.427502
    outer loop
      vertex 79.752 0 66.9101
      vertex 79.8401 8 67.0964
      vertex 79.752 8 66.9101
    endloop
  endfacet
  facet normal -0.904014 0 0.427502
    outer loop
      vertex 79.8401 8 67.0964
      vertex 79.752 0 66.9101
      vertex 79.8401 0 67.0964
    endloop
  endfacet
  facet normal -0.857878 0 0.513853
    outer loop
      vertex 79.6461 0 66.7333
      vertex 79.752 8 66.9101
      vertex 79.6461 8 66.7333
    endloop
  endfacet
  facet normal -0.857878 0 0.513853
    outer loop
      vertex 79.752 8 66.9101
      vertex 79.6461 0 66.7333
      vertex 79.752 0 66.9101
    endloop
  endfacet
  facet normal -0.803076 0 0.595877
    outer loop
      vertex 79.5233 0 66.5678
      vertex 79.6461 8 66.7333
      vertex 79.5233 8 66.5678
    endloop
  endfacet
  facet normal -0.803076 0 0.595877
    outer loop
      vertex 79.6461 8 66.7333
      vertex 79.5233 0 66.5678
      vertex 79.6461 0 66.7333
    endloop
  endfacet
  facet normal -0.595877 0 0.803076
    outer loop
      vertex 79.0667 8 66.1539
      vertex 79.2322 0 66.2767
      vertex 79.2322 8 66.2767
    endloop
  endfacet
  facet normal -0.595877 0 0.803076
    outer loop
      vertex 79.2322 0 66.2767
      vertex 79.0667 8 66.1539
      vertex 79.0667 0 66.1539
    endloop
  endfacet
  facet normal -0.513853 0 0.857878
    outer loop
      vertex 78.8899 8 66.048
      vertex 79.0667 0 66.1539
      vertex 79.0667 8 66.1539
    endloop
  endfacet
  facet normal -0.513853 0 0.857878
    outer loop
      vertex 79.0667 0 66.1539
      vertex 78.8899 8 66.048
      vertex 78.8899 0 66.048
    endloop
  endfacet
  facet normal 0.904014 -0 0.427502
    outer loop
      vertex 75.9599 0 67.0964
      vertex 76.048 8 66.9101
      vertex 75.9599 8 67.0964
    endloop
  endfacet
  facet normal 0.904014 0 0.427502
    outer loop
      vertex 76.048 8 66.9101
      vertex 75.9599 0 67.0964
      vertex 76.048 0 66.9101
    endloop
  endfacet
  facet normal 0.97 -0 0.243106
    outer loop
      vertex 75.8403 0 67.4903
      vertex 75.8904 8 67.2904
      vertex 75.8403 8 67.4903
    endloop
  endfacet
  facet normal 0.97 0 0.243106
    outer loop
      vertex 75.8904 8 67.2904
      vertex 75.8403 0 67.4903
      vertex 75.8904 0 67.2904
    endloop
  endfacet
  facet normal 0.427502 0 0.904014
    outer loop
      vertex 76.9101 8 66.048
      vertex 77.0964 0 65.9599
      vertex 77.0964 8 65.9599
    endloop
  endfacet
  facet normal 0.427502 0 0.904014
    outer loop
      vertex 77.0964 0 65.9599
      vertex 76.9101 8 66.048
      vertex 76.9101 0 66.048
    endloop
  endfacet
  facet normal 0.513853 0 0.857878
    outer loop
      vertex 76.7333 8 66.1539
      vertex 76.9101 0 66.048
      vertex 76.9101 8 66.048
    endloop
  endfacet
  facet normal 0.513853 0 0.857878
    outer loop
      vertex 76.9101 0 66.048
      vertex 76.7333 8 66.1539
      vertex 76.7333 0 66.1539
    endloop
  endfacet
  facet normal 0.0490178 0 0.998798
    outer loop
      vertex 77.6942 8 65.8101
      vertex 77.9 0 65.8
      vertex 77.9 8 65.8
    endloop
  endfacet
  facet normal 0.0490178 0 0.998798
    outer loop
      vertex 77.9 0 65.8
      vertex 77.6942 8 65.8101
      vertex 77.6942 0 65.8101
    endloop
  endfacet
  facet normal 0.146513 0 0.989209
    outer loop
      vertex 77.4903 8 65.8403
      vertex 77.6942 0 65.8101
      vertex 77.6942 8 65.8101
    endloop
  endfacet
  facet normal 0.146513 0 0.989209
    outer loop
      vertex 77.6942 0 65.8101
      vertex 77.4903 8 65.8403
      vertex 77.4903 0 65.8403
    endloop
  endfacet
  facet normal -0.0490178 0 -0.998798
    outer loop
      vertex 77.9 0 70
      vertex 78.1058 8 69.9899
      vertex 78.1058 0 69.9899
    endloop
  endfacet
  facet normal -0.0490178 0 -0.998798
    outer loop
      vertex 78.1058 8 69.9899
      vertex 77.9 0 70
      vertex 77.9 8 70
    endloop
  endfacet
  facet normal -0.146988 0 -0.989138
    outer loop
      vertex 78.1058 0 69.9899
      vertex 78.3097 8 69.9596
      vertex 78.3097 0 69.9596
    endloop
  endfacet
  facet normal -0.146988 0 -0.989138
    outer loop
      vertex 78.3097 8 69.9596
      vertex 78.1058 0 69.9899
      vertex 78.1058 8 69.9899
    endloop
  endfacet
  facet normal -0.427502 0 -0.904014
    outer loop
      vertex 78.7036 0 69.8401
      vertex 78.8899 8 69.752
      vertex 78.8899 0 69.752
    endloop
  endfacet
  facet normal -0.427502 0 -0.904014
    outer loop
      vertex 78.8899 8 69.752
      vertex 78.7036 0 69.8401
      vertex 78.7036 8 69.8401
    endloop
  endfacet
  facet normal -0.595877 0 -0.803076
    outer loop
      vertex 79.0667 0 69.6461
      vertex 79.2322 8 69.5233
      vertex 79.2322 0 69.5233
    endloop
  endfacet
  facet normal -0.595877 0 -0.803076
    outer loop
      vertex 79.2322 8 69.5233
      vertex 79.0667 0 69.6461
      vertex 79.0667 8 69.6461
    endloop
  endfacet
  facet normal -0.513853 0 -0.857878
    outer loop
      vertex 78.8899 0 69.752
      vertex 79.0667 8 69.6461
      vertex 79.0667 0 69.6461
    endloop
  endfacet
  facet normal -0.513853 0 -0.857878
    outer loop
      vertex 79.0667 8 69.6461
      vertex 78.8899 0 69.752
      vertex 78.8899 8 69.752
    endloop
  endfacet
  facet normal -0.740949 0 -0.671561
    outer loop
      vertex 79.5233 0 69.2322
      vertex 79.3849 8 69.3849
      vertex 79.5233 8 69.2322
    endloop
  endfacet
  facet normal -0.740949 -0 -0.671561
    outer loop
      vertex 79.3849 8 69.3849
      vertex 79.5233 0 69.2322
      vertex 79.3849 0 69.3849
    endloop
  endfacet
  facet normal -0.803076 0 -0.595877
    outer loop
      vertex 79.6461 0 69.0667
      vertex 79.5233 8 69.2322
      vertex 79.6461 8 69.0667
    endloop
  endfacet
  facet normal -0.803076 -0 -0.595877
    outer loop
      vertex 79.5233 8 69.2322
      vertex 79.6461 0 69.0667
      vertex 79.5233 0 69.2322
    endloop
  endfacet
  facet normal 0.146988 0 -0.989138
    outer loop
      vertex 77.4903 0 69.9596
      vertex 77.6942 8 69.9899
      vertex 77.6942 0 69.9899
    endloop
  endfacet
  facet normal 0.146988 0 -0.989138
    outer loop
      vertex 77.6942 8 69.9899
      vertex 77.4903 0 69.9596
      vertex 77.4903 8 69.9596
    endloop
  endfacet
  facet normal 0.671561 0 -0.740949
    outer loop
      vertex 76.4151 0 69.3849
      vertex 76.5678 8 69.5233
      vertex 76.5678 0 69.5233
    endloop
  endfacet
  facet normal 0.671561 0 -0.740949
    outer loop
      vertex 76.5678 8 69.5233
      vertex 76.4151 0 69.3849
      vertex 76.4151 8 69.3849
    endloop
  endfacet
  facet normal 0.0490178 0 -0.998798
    outer loop
      vertex 77.6942 0 69.9899
      vertex 77.9 8 70
      vertex 77.9 0 70
    endloop
  endfacet
  facet normal 0.0490178 0 -0.998798
    outer loop
      vertex 77.9 8 70
      vertex 77.6942 0 69.9899
      vertex 77.6942 8 69.9899
    endloop
  endfacet
  facet normal 0.595877 0 -0.803076
    outer loop
      vertex 76.5678 0 69.5233
      vertex 76.7333 8 69.6461
      vertex 76.7333 0 69.6461
    endloop
  endfacet
  facet normal 0.595877 0 -0.803076
    outer loop
      vertex 76.7333 8 69.6461
      vertex 76.5678 0 69.5233
      vertex 76.5678 8 69.5233
    endloop
  endfacet
  facet normal 0.740949 0 -0.671561
    outer loop
      vertex 76.4151 0 69.3849
      vertex 76.2767 8 69.2322
      vertex 76.4151 8 69.3849
    endloop
  endfacet
  facet normal 0.740949 0 -0.671561
    outer loop
      vertex 76.2767 8 69.2322
      vertex 76.4151 0 69.3849
      vertex 76.2767 0 69.2322
    endloop
  endfacet
  facet normal 0.904014 0 -0.427502
    outer loop
      vertex 76.048 0 68.8899
      vertex 75.9599 8 68.7036
      vertex 76.048 8 68.8899
    endloop
  endfacet
  facet normal 0.904014 0 -0.427502
    outer loop
      vertex 75.9599 8 68.7036
      vertex 76.048 0 68.8899
      vertex 75.9599 0 68.7036
    endloop
  endfacet
  facet normal 0.97 0 -0.243106
    outer loop
      vertex 75.8904 0 68.5096
      vertex 75.8403 8 68.3097
      vertex 75.8904 8 68.5096
    endloop
  endfacet
  facet normal 0.97 0 -0.243106
    outer loop
      vertex 75.8403 8 68.3097
      vertex 75.8904 0 68.5096
      vertex 75.8403 0 68.3097
    endloop
  endfacet
  facet normal 0.998798 0 -0.0490178
    outer loop
      vertex 75.8101 0 68.1058
      vertex 75.8 8 67.9
      vertex 75.8101 8 68.1058
    endloop
  endfacet
  facet normal 0.998798 0 -0.0490178
    outer loop
      vertex 75.8 8 67.9
      vertex 75.8101 0 68.1058
      vertex 75.8 0 67.9
    endloop
  endfacet
  facet normal 0.941412 0 -0.337258
    outer loop
      vertex 75.9599 0 68.7036
      vertex 75.8904 8 68.5096
      vertex 75.9599 8 68.7036
    endloop
  endfacet
  facet normal 0.941412 0 -0.337258
    outer loop
      vertex 75.8904 8 68.5096
      vertex 75.9599 0 68.7036
      vertex 75.8904 0 68.5096
    endloop
  endfacet
  facet normal -0.989138 0 0.146988
    outer loop
      vertex 79.9596 0 67.4903
      vertex 79.9899 8 67.6942
      vertex 79.9596 8 67.4903
    endloop
  endfacet
  facet normal -0.989138 0 0.146988
    outer loop
      vertex 79.9899 8 67.6942
      vertex 79.9596 0 67.4903
      vertex 79.9899 0 67.6942
    endloop
  endfacet
  facet normal -0.740949 0 0.671561
    outer loop
      vertex 79.3849 0 66.4151
      vertex 79.5233 8 66.5678
      vertex 79.3849 8 66.4151
    endloop
  endfacet
  facet normal -0.740949 0 0.671561
    outer loop
      vertex 79.5233 8 66.5678
      vertex 79.3849 0 66.4151
      vertex 79.5233 0 66.5678
    endloop
  endfacet
  facet normal -0.146513 0 0.989209
    outer loop
      vertex 78.1058 8 65.8101
      vertex 78.3097 0 65.8403
      vertex 78.3097 8 65.8403
    endloop
  endfacet
  facet normal -0.146513 0 0.989209
    outer loop
      vertex 78.3097 0 65.8403
      vertex 78.1058 8 65.8101
      vertex 78.1058 0 65.8101
    endloop
  endfacet
  facet normal -0.427502 0 0.904014
    outer loop
      vertex 78.7036 8 65.9599
      vertex 78.8899 0 66.048
      vertex 78.8899 8 66.048
    endloop
  endfacet
  facet normal -0.427502 0 0.904014
    outer loop
      vertex 78.8899 0 66.048
      vertex 78.7036 8 65.9599
      vertex 78.7036 0 65.9599
    endloop
  endfacet
  facet normal 0.740949 -0 0.671561
    outer loop
      vertex 76.2767 0 66.5678
      vertex 76.4151 8 66.4151
      vertex 76.2767 8 66.5678
    endloop
  endfacet
  facet normal 0.740949 0 0.671561
    outer loop
      vertex 76.4151 8 66.4151
      vertex 76.2767 0 66.5678
      vertex 76.4151 0 66.4151
    endloop
  endfacet
  facet normal 0 -1 0
    outer loop
      vertex 77.6942 8 69.9899
      vertex 78.1058 8 69.9899
      vertex 77.9 8 70
    endloop
  endfacet
  facet normal 0 -1 0
    outer loop
      vertex 77.4903 8 69.9596
      vertex 78.1058 8 69.9899
      vertex 77.6942 8 69.9899
    endloop
  endfacet
  facet normal 0 -1 0
    outer loop
      vertex 77.4903 8 69.9596
      vertex 78.3097 8 69.9596
      vertex 78.1058 8 69.9899
    endloop
  endfacet
  facet normal 0 -1 0
    outer loop
      vertex 77.2904 8 69.9096
      vertex 78.3097 8 69.9596
      vertex 77.4903 8 69.9596
    endloop
  endfacet
  facet normal 0 -1 0
    outer loop
      vertex 77.2904 8 69.9096
      vertex 78.5096 8 69.9096
      vertex 78.3097 8 69.9596
    endloop
  endfacet
  facet normal 0 -1 0
    outer loop
      vertex 77.0964 8 69.8401
      vertex 78.5096 8 69.9096
      vertex 77.2904 8 69.9096
    endloop
  endfacet
  facet normal 0 -1 0
    outer loop
      vertex 77.0964 8 69.8401
      vertex 78.7036 8 69.8401
      vertex 78.5096 8 69.9096
    endloop
  endfacet
  facet normal 0 -1 0
    outer loop
      vertex 76.9101 8 69.752
      vertex 78.7036 8 69.8401
      vertex 77.0964 8 69.8401
    endloop
  endfacet
  facet normal 0 -1 0
    outer loop
      vertex 76.9101 8 69.752
      vertex 78.8899 8 69.752
      vertex 78.7036 8 69.8401
    endloop
  endfacet
  facet normal 0 -1 0
    outer loop
      vertex 76.7333 8 69.6461
      vertex 78.8899 8 69.752
      vertex 76.9101 8 69.752
    endloop
  endfacet
  facet normal 0 -1 0
    outer loop
      vertex 76.7333 8 69.6461
      vertex 79.0667 8 69.6461
      vertex 78.8899 8 69.752
    endloop
  endfacet
  facet normal 0 -1 0
    outer loop
      vertex 76.5678 8 69.5233
      vertex 79.0667 8 69.6461
      vertex 76.7333 8 69.6461
    endloop
  endfacet
  facet normal 0 -1 0
    outer loop
      vertex 76.5678 8 69.5233
      vertex 79.2322 8 69.5233
      vertex 79.0667 8 69.6461
    endloop
  endfacet
  facet normal 0 -1 0
    outer loop
      vertex 76.4151 8 69.3849
      vertex 79.2322 8 69.5233
      vertex 76.5678 8 69.5233
    endloop
  endfacet
  facet normal 0 -1 0
    outer loop
      vertex 76.4151 8 69.3849
      vertex 79.3849 8 69.3849
      vertex 79.2322 8 69.5233
    endloop
  endfacet
  facet normal 0 -1 0
    outer loop
      vertex 76.2767 8 69.2322
      vertex 79.3849 8 69.3849
      vertex 76.4151 8 69.3849
    endloop
  endfacet
  facet normal 0 -1 0
    outer loop
      vertex 76.2767 8 69.2322
      vertex 79.5233 8 69.2322
      vertex 79.3849 8 69.3849
    endloop
  endfacet
  facet normal 0 -1 0
    outer loop
      vertex 76.1539 8 69.0667
      vertex 79.5233 8 69.2322
      vertex 76.2767 8 69.2322
    endloop
  endfacet
  facet normal 0 -1 0
    outer loop
      vertex 76.1539 8 69.0667
      vertex 79.6461 8 69.0667
      vertex 79.5233 8 69.2322
    endloop
  endfacet
  facet normal 0 -1 0
    outer loop
      vertex 76.048 8 68.8899
      vertex 79.6461 8 69.0667
      vertex 76.1539 8 69.0667
    endloop
  endfacet
  facet normal 0 -1 0
    outer loop
      vertex 76.048 8 68.8899
      vertex 79.752 8 68.8899
      vertex 79.6461 8 69.0667
    endloop
  endfacet
  facet normal 0 -1 0
    outer loop
      vertex 75.9599 8 68.7036
      vertex 79.752 8 68.8899
      vertex 76.048 8 68.8899
    endloop
  endfacet
  facet normal 0 -1 0
    outer loop
      vertex 75.9599 8 68.7036
      vertex 79.8401 8 68.7036
      vertex 79.752 8 68.8899
    endloop
  endfacet
  facet normal 0 -1 0
    outer loop
      vertex 75.8904 8 68.5096
      vertex 79.8401 8 68.7036
      vertex 75.9599 8 68.7036
    endloop
  endfacet
  facet normal 0 -1 0
    outer loop
      vertex 75.8904 8 68.5096
      vertex 79.9096 8 68.5096
      vertex 79.8401 8 68.7036
    endloop
  endfacet
  facet normal 0 -1 0
    outer loop
      vertex 75.8403 8 68.3097
      vertex 79.9096 8 68.5096
      vertex 75.8904 8 68.5096
    endloop
  endfacet
  facet normal 0 -1 0
    outer loop
      vertex 75.8403 8 68.3097
      vertex 79.9596 8 68.3097
      vertex 79.9096 8 68.5096
    endloop
  endfacet
  facet normal 0 -1 0
    outer loop
      vertex 75.8101 8 68.1058
      vertex 79.9596 8 68.3097
      vertex 75.8403 8 68.3097
    endloop
  endfacet
  facet normal 0 -1 0
    outer loop
      vertex 75.8101 8 68.1058
      vertex 79.9899 8 68.1058
      vertex 79.9596 8 68.3097
    endloop
  endfacet
  facet normal 0 -1 0
    outer loop
      vertex 75.8 8 67.9
      vertex 79.9899 8 68.1058
      vertex 75.8101 8 68.1058
    endloop
  endfacet
  facet normal 0 -1 0
    outer loop
      vertex 75.8 8 67.9
      vertex 80 8 67.9
      vertex 79.9899 8 68.1058
    endloop
  endfacet
  facet normal 0 -1 0
    outer loop
      vertex 75.8101 8 67.6942
      vertex 80 8 67.9
      vertex 75.8 8 67.9
    endloop
  endfacet
  facet normal 0 -1 0
    outer loop
      vertex 75.8101 8 67.6942
      vertex 79.9899 8 67.6942
      vertex 80 8 67.9
    endloop
  endfacet
  facet normal 0 -1 0
    outer loop
      vertex 75.8403 8 67.4903
      vertex 79.9899 8 67.6942
      vertex 75.8101 8 67.6942
    endloop
  endfacet
  facet normal 0 -1 0
    outer loop
      vertex 75.8403 8 67.4903
      vertex 79.9596 8 67.4903
      vertex 79.9899 8 67.6942
    endloop
  endfacet
  facet normal 0 -1 0
    outer loop
      vertex 75.8904 8 67.2904
      vertex 79.9596 8 67.4903
      vertex 75.8403 8 67.4903
    endloop
  endfacet
  facet normal 0 -1 0
    outer loop
      vertex 75.8904 8 67.2904
      vertex 79.9096 8 67.2904
      vertex 79.9596 8 67.4903
    endloop
  endfacet
  facet normal 0 -1 0
    outer loop
      vertex 75.9599 8 67.0964
      vertex 79.9096 8 67.2904
      vertex 75.8904 8 67.2904
    endloop
  endfacet
  facet normal 0 -1 0
    outer loop
      vertex 75.9599 8 67.0964
      vertex 79.8401 8 67.0964
      vertex 79.9096 8 67.2904
    endloop
  endfacet
  facet normal 0 -1 0
    outer loop
      vertex 76.048 8 66.9101
      vertex 79.8401 8 67.0964
      vertex 75.9599 8 67.0964
    endloop
  endfacet
  facet normal 0 -1 0
    outer loop
      vertex 76.048 8 66.9101
      vertex 79.752 8 66.9101
      vertex 79.8401 8 67.0964
    endloop
  endfacet
  facet normal 0 -1 0
    outer loop
      vertex 76.1539 8 66.7333
      vertex 79.752 8 66.9101
      vertex 76.048 8 66.9101
    endloop
  endfacet
  facet normal 0 -1 0
    outer loop
      vertex 76.1539 8 66.7333
      vertex 79.6461 8 66.7333
      vertex 79.752 8 66.9101
    endloop
  endfacet
  facet normal 0 -1 0
    outer loop
      vertex 76.2767 8 66.5678
      vertex 79.6461 8 66.7333
      vertex 76.1539 8 66.7333
    endloop
  endfacet
  facet normal 0 -1 0
    outer loop
      vertex 76.2767 8 66.5678
      vertex 79.5233 8 66.5678
      vertex 79.6461 8 66.7333
    endloop
  endfacet
  facet normal 0 -1 0
    outer loop
      vertex 76.4151 8 66.4151
      vertex 79.5233 8 66.5678
      vertex 76.2767 8 66.5678
    endloop
  endfacet
  facet normal 0 -1 0
    outer loop
      vertex 76.4151 8 66.4151
      vertex 79.3849 8 66.4151
      vertex 79.5233 8 66.5678
    endloop
  endfacet
  facet normal 0 -1 0
    outer loop
      vertex 76.5678 8 66.2767
      vertex 79.3849 8 66.4151
      vertex 76.4151 8 66.4151
    endloop
  endfacet
  facet normal 0 -1 0
    outer loop
      vertex 76.5678 8 66.2767
      vertex 79.2322 8 66.2767
      vertex 79.3849 8 66.4151
    endloop
  endfacet
  facet normal 0 -1 0
    outer loop
      vertex 76.7333 8 66.1539
      vertex 79.2322 8 66.2767
      vertex 76.5678 8 66.2767
    endloop
  endfacet
  facet normal 0 -1 0
    outer loop
      vertex 76.7333 8 66.1539
      vertex 79.0667 8 66.1539
      vertex 79.2322 8 66.2767
    endloop
  endfacet
  facet normal 0 -1 0
    outer loop
      vertex 76.9101 8 66.048
      vertex 79.0667 8 66.1539
      vertex 76.7333 8 66.1539
    endloop
  endfacet
  facet normal 0 -1 0
    outer loop
      vertex 76.9101 8 66.048
      vertex 78.8899 8 66.048
      vertex 79.0667 8 66.1539
    endloop
  endfacet
  facet normal 0 -1 0
    outer loop
      vertex 77.0964 8 65.9599
      vertex 78.8899 8 66.048
      vertex 76.9101 8 66.048
    endloop
  endfacet
  facet normal 0 -1 0
    outer loop
      vertex 77.0964 8 65.9599
      vertex 78.7036 8 65.9599
      vertex 78.8899 8 66.048
    endloop
  endfacet
  facet normal 0 -1 0
    outer loop
      vertex 77.2904 8 65.8904
      vertex 78.7036 8 65.9599
      vertex 77.0964 8 65.9599
    endloop
  endfacet
  facet normal 0 -1 0
    outer loop
      vertex 77.2904 8 65.8904
      vertex 78.5096 8 65.8904
      vertex 78.7036 8 65.9599
    endloop
  endfacet
  facet normal 0 -1 0
    outer loop
      vertex 77.4903 8 65.8403
      vertex 78.5096 8 65.8904
      vertex 77.2904 8 65.8904
    endloop
  endfacet
  facet normal 0 -1 0
    outer loop
      vertex 77.4903 8 65.8403
      vertex 78.3097 8 65.8403
      vertex 78.5096 8 65.8904
    endloop
  endfacet
  facet normal 0 -1 0
    outer loop
      vertex 77.6942 8 65.8101
      vertex 78.3097 8 65.8403
      vertex 77.4903 8 65.8403
    endloop
  endfacet
  facet normal 0 -1 0
    outer loop
      vertex 77.6942 8 65.8101
      vertex 78.1058 8 65.8101
      vertex 78.3097 8 65.8403
    endloop
  endfacet
  facet normal -0 -1 0
    outer loop
      vertex 78.1058 8 65.8101
      vertex 77.6942 8 65.8101
      vertex 77.9 8 65.8
    endloop
  endfacet
  facet normal 0.989209 -0 0.146513
    outer loop
      vertex 75.8101 0 67.6942
      vertex 75.8403 8 67.4903
      vertex 75.8101 8 67.6942
    endloop
  endfacet
  facet normal 0.989209 0 0.146513
    outer loop
      vertex 75.8403 8 67.4903
      vertex 75.8101 0 67.6942
      vertex 75.8403 0 67.4903
    endloop
  endfacet
  facet normal 0.941412 -0 0.337258
    outer loop
      vertex 75.8904 0 67.2904
      vertex 75.9599 8 67.0964
      vertex 75.8904 8 67.2904
    endloop
  endfacet
  facet normal 0.941412 0 0.337258
    outer loop
      vertex 75.9599 8 67.0964
      vertex 75.8904 0 67.2904
      vertex 75.9599 0 67.0964
    endloop
  endfacet
  facet normal 0.595877 0 0.803076
    outer loop
      vertex 76.5678 8 66.2767
      vertex 76.7333 0 66.1539
      vertex 76.7333 8 66.1539
    endloop
  endfacet
  facet normal 0.595877 0 0.803076
    outer loop
      vertex 76.7333 0 66.1539
      vertex 76.5678 8 66.2767
      vertex 76.5678 0 66.2767
    endloop
  endfacet
  facet normal 0.243106 0 0.97
    outer loop
      vertex 77.2904 8 65.8904
      vertex 77.4903 0 65.8403
      vertex 77.4903 8 65.8403
    endloop
  endfacet
  facet normal 0.243106 0 0.97
    outer loop
      vertex 77.4903 0 65.8403
      vertex 77.2904 8 65.8904
      vertex 77.2904 0 65.8904
    endloop
  endfacet
  facet normal -0.337258 0 -0.941412
    outer loop
      vertex 78.5096 0 69.9096
      vertex 78.7036 8 69.8401
      vertex 78.7036 0 69.8401
    endloop
  endfacet
  facet normal -0.337258 0 -0.941412
    outer loop
      vertex 78.7036 8 69.8401
      vertex 78.5096 0 69.9096
      vertex 78.5096 8 69.9096
    endloop
  endfacet
  facet normal -0.904014 0 -0.427502
    outer loop
      vertex 79.8401 0 68.7036
      vertex 79.752 8 68.8899
      vertex 79.8401 8 68.7036
    endloop
  endfacet
  facet normal -0.904014 -0 -0.427502
    outer loop
      vertex 79.752 8 68.8899
      vertex 79.8401 0 68.7036
      vertex 79.752 0 68.8899
    endloop
  endfacet
  facet normal -0.989138 0 -0.146988
    outer loop
      vertex 79.9899 0 68.1058
      vertex 79.9596 8 68.3097
      vertex 79.9899 8 68.1058
    endloop
  endfacet
  facet normal -0.989138 -0 -0.146988
    outer loop
      vertex 79.9596 8 68.3097
      vertex 79.9899 0 68.1058
      vertex 79.9596 0 68.3097
    endloop
  endfacet
  facet normal -0.998798 0 -0.0490178
    outer loop
      vertex 80 0 67.9
      vertex 79.9899 8 68.1058
      vertex 80 8 67.9
    endloop
  endfacet
  facet normal -0.998798 -0 -0.0490178
    outer loop
      vertex 79.9899 8 68.1058
      vertex 80 0 67.9
      vertex 79.9899 0 68.1058
    endloop
  endfacet
  facet normal 0.24265 0 -0.970114
    outer loop
      vertex 77.2904 0 69.9096
      vertex 77.4903 8 69.9596
      vertex 77.4903 0 69.9596
    endloop
  endfacet
  facet normal 0.24265 0 -0.970114
    outer loop
      vertex 77.4903 8 69.9596
      vertex 77.2904 0 69.9096
      vertex 77.2904 8 69.9096
    endloop
  endfacet
  facet normal 0.427502 0 -0.904014
    outer loop
      vertex 76.9101 0 69.752
      vertex 77.0964 8 69.8401
      vertex 77.0964 0 69.8401
    endloop
  endfacet
  facet normal 0.427502 0 -0.904014
    outer loop
      vertex 77.0964 8 69.8401
      vertex 76.9101 0 69.752
      vertex 76.9101 8 69.752
    endloop
  endfacet
  facet normal 0.857878 0 -0.513853
    outer loop
      vertex 76.1539 0 69.0667
      vertex 76.048 8 68.8899
      vertex 76.1539 8 69.0667
    endloop
  endfacet
  facet normal 0.857878 0 -0.513853
    outer loop
      vertex 76.048 8 68.8899
      vertex 76.1539 0 69.0667
      vertex 76.048 0 68.8899
    endloop
  endfacet
  facet normal 0.989209 0 -0.146513
    outer loop
      vertex 75.8403 0 68.3097
      vertex 75.8101 8 68.1058
      vertex 75.8403 8 68.3097
    endloop
  endfacet
  facet normal 0.989209 0 -0.146513
    outer loop
      vertex 75.8101 8 68.1058
      vertex 75.8403 0 68.3097
      vertex 75.8101 0 68.1058
    endloop
  endfacet
  facet normal -0.941412 0 -0.337258
    outer loop
      vertex 79.9096 0 68.5096
      vertex 79.8401 8 68.7036
      vertex 79.9096 8 68.5096
    endloop
  endfacet
  facet normal -0.941412 -0 -0.337258
    outer loop
      vertex 79.8401 8 68.7036
      vertex 79.9096 0 68.5096
      vertex 79.8401 0 68.7036
    endloop
  endfacet
  facet normal 1 -0 0
    outer loop
      vertex 14 8 3
      vertex 14 30 0
      vertex 14 30 3
    endloop
  endfacet
  facet normal 1 0 0
    outer loop
      vertex 14 30 0
      vertex 14 8 3
      vertex 14 8 0
    endloop
  endfacet
  facet normal -1 0 0
    outer loop
      vertex 16.4 8 0
      vertex 16.4 30 3
      vertex 16.4 30 0
    endloop
  endfacet
  facet normal -1 -0 0
    outer loop
      vertex 16.4 30 3
      vertex 16.4 8 0
      vertex 16.4 8 3
    endloop
  endfacet
  facet normal 0 1 -0
    outer loop
      vertex 16.4 8 0
      vertex 14 8 3
      vertex 16.4 8 3
    endloop
  endfacet
  facet normal 0 1 0
    outer loop
      vertex 14 8 3
      vertex 16.4 8 0
      vertex 14 8 0
    endloop
  endfacet
  facet normal 0 -1 0
    outer loop
      vertex 14 30 0
      vertex 16.4 30 3
      vertex 14 30 3
    endloop
  endfacet
  facet normal 0 -1 -0
    outer loop
      vertex 16.4 30 3
      vertex 14 30 0
      vertex 16.4 30 0
    endloop
  endfacet
  facet normal 1 -0 0
    outer loop
      vertex 20 8 3
      vertex 20 30 0
      vertex 20 30 3
    endloop
  endfacet
  facet normal 1 0 0
    outer loop
      vertex 20 30 0
      vertex 20 8 3
      vertex 20 8 0
    endloop
  endfacet
  facet normal -1 0 0
    outer loop
      vertex 22.4 8 0
      vertex 22.4 30 3
      vertex 22.4 30 0
    endloop
  endfacet
  facet normal -1 -0 0
    outer loop
      vertex 22.4 30 3
      vertex 22.4 8 0
      vertex 22.4 8 3
    endloop
  endfacet
  facet normal 0 -1 0
    outer loop
      vertex 20 30 0
      vertex 22.4 30 3
      vertex 20 30 3
    endloop
  endfacet
  facet normal 0 -1 -0
    outer loop
      vertex 22.4 30 3
      vertex 20 30 0
      vertex 22.4 30 0
    endloop
  endfacet
  facet normal 0 1 -0
    outer loop
      vertex 22.4 8 0
      vertex 20 8 3
      vertex 22.4 8 3
    endloop
  endfacet
  facet normal 0 1 0
    outer loop
      vertex 20 8 3
      vertex 22.4 8 0
      vertex 20 8 0
    endloop
  endfacet
  facet normal 1 -0 0
    outer loop
      vertex 26 8 3
      vertex 26 30 0
      vertex 26 30 3
    endloop
  endfacet
  facet normal 1 0 0
    outer loop
      vertex 26 30 0
      vertex 26 8 3
      vertex 26 8 0
    endloop
  endfacet
  facet normal -1 0 0
    outer loop
      vertex 28.4 8 0
      vertex 28.4 30 3
      vertex 28.4 30 0
    endloop
  endfacet
  facet normal -1 -0 0
    outer loop
      vertex 28.4 30 3
      vertex 28.4 8 0
      vertex 28.4 8 3
    endloop
  endfacet
  facet normal 0 1 -0
    outer loop
      vertex 28.4 8 0
      vertex 26 8 3
      vertex 28.4 8 3
    endloop
  endfacet
  facet normal 0 1 0
    outer loop
      vertex 26 8 3
      vertex 28.4 8 0
      vertex 26 8 0
    endloop
  endfacet
  facet normal 0 -1 0
    outer loop
      vertex 26 30 0
      vertex 28.4 30 3
      vertex 26 30 3
    endloop
  endfacet
  facet normal 0 -1 -0
    outer loop
      vertex 28.4 30 3
      vertex 26 30 0
      vertex 28.4 30 0
    endloop
  endfacet
  facet normal 1 -0 0
    outer loop
      vertex 32 8 3
      vertex 32 30 0
      vertex 32 30 3
    endloop
  endfacet
  facet normal 1 0 0
    outer loop
      vertex 32 30 0
      vertex 32 8 3
      vertex 32 8 0
    endloop
  endfacet
  facet normal -1 0 0
    outer loop
      vertex 34.4 8 0
      vertex 34.4 30 3
      vertex 34.4 30 0
    endloop
  endfacet
  facet normal -1 -0 0
    outer loop
      vertex 34.4 30 3
      vertex 34.4 8 0
      vertex 34.4 8 3
    endloop
  endfacet
  facet normal 0 1 -0
    outer loop
      vertex 34.4 8 0
      vertex 32 8 3
      vertex 34.4 8 3
    endloop
  endfacet
  facet normal 0 1 0
    outer loop
      vertex 32 8 3
      vertex 34.4 8 0
      vertex 32 8 0
    endloop
  endfacet
  facet normal 0 -1 0
    outer loop
      vertex 32 30 0
      vertex 34.4 30 3
      vertex 32 30 3
    endloop
  endfacet
  facet normal 0 -1 -0
    outer loop
      vertex 34.4 30 3
      vertex 32 30 0
      vertex 34.4 30 0
    endloop
  endfacet
  facet normal 1 -0 0
    outer loop
      vertex 38 8 3
      vertex 38 30 0
      vertex 38 30 3
    endloop
  endfacet
  facet normal 1 0 0
    outer loop
      vertex 38 30 0
      vertex 38 8 3
      vertex 38 8 0
    endloop
  endfacet
  facet normal -1 0 0
    outer loop
      vertex 40.4 8 0
      vertex 40.4 30 3
      vertex 40.4 30 0
    endloop
  endfacet
  facet normal -1 -0 0
    outer loop
      vertex 40.4 30 3
      vertex 40.4 8 0
      vertex 40.4 8 3
    endloop
  endfacet
  facet normal 0 1 -0
    outer loop
      vertex 40.4 8 0
      vertex 38 8 3
      vertex 40.4 8 3
    endloop
  endfacet
  facet normal 0 1 0
    outer loop
      vertex 38 8 3
      vertex 40.4 8 0
      vertex 38 8 0
    endloop
  endfacet
  facet normal 0 -1 0
    outer loop
      vertex 38 30 0
      vertex 40.4 30 3
      vertex 38 30 3
    endloop
  endfacet
  facet normal 0 -1 -0
    outer loop
      vertex 40.4 30 3
      vertex 38 30 0
      vertex 40.4 30 0
    endloop
  endfacet
  facet normal -0.969982 -0.243175 0
    outer loop
      vertex 65.4712 20.2926 0
      vertex 65.4354 20.4354 3
      vertex 65.4354 20.4354 0
    endloop
  endfacet
  facet normal -0.969982 -0.243175 0
    outer loop
      vertex 65.4354 20.4354 3
      vertex 65.4712 20.2926 0
      vertex 65.4712 20.2926 3
    endloop
  endfacet
  facet normal -0.998803 -0.0489209 0
    outer loop
      vertex 65.5 20 0
      vertex 65.4928 20.147 3
      vertex 65.4928 20.147 0
    endloop
  endfacet
  facet normal -0.998803 -0.0489209 0
    outer loop
      vertex 65.4928 20.147 3
      vertex 65.5 20 0
      vertex 65.5 20 3
    endloop
  endfacet
  facet normal 0.0489209 -0.998803 0
    outer loop
      vertex 63.853 21.4928 0
      vertex 64 21.5 3
      vertex 63.853 21.4928 3
    endloop
  endfacet
  facet normal 0.0489209 -0.998803 0
    outer loop
      vertex 64 21.5 3
      vertex 63.853 21.4928 0
      vertex 64 21.5 0
    endloop
  endfacet
  facet normal -0.671251 -0.74123 0
    outer loop
      vertex 64.9516 21.1595 0
      vertex 65.0607 21.0607 3
      vertex 64.9516 21.1595 3
    endloop
  endfacet
  facet normal -0.671251 -0.74123 -0
    outer loop
      vertex 65.0607 21.0607 3
      vertex 64.9516 21.1595 0
      vertex 65.0607 21.0607 0
    endloop
  endfacet
  facet normal 0.74123 -0.671251 0
    outer loop
      vertex 62.8405 20.9516 3
      vertex 62.9393 21.0607 0
      vertex 62.9393 21.0607 3
    endloop
  endfacet
  facet normal 0.74123 -0.671251 0
    outer loop
      vertex 62.9393 21.0607 0
      vertex 62.8405 20.9516 3
      vertex 62.8405 20.9516 0
    endloop
  endfacet
  facet normal 0.427269 -0.904125 0
    outer loop
      vertex 63.2929 21.3229 0
      vertex 63.426 21.3858 3
      vertex 63.2929 21.3229 3
    endloop
  endfacet
  facet normal 0.427269 -0.904125 0
    outer loop
      vertex 63.426 21.3858 3
      vertex 63.2929 21.3229 0
      vertex 63.426 21.3858 0
    endloop
  endfacet
  facet normal 0.74123 0.671251 0
    outer loop
      vertex 62.9393 18.9393 3
      vertex 62.8405 19.0484 0
      vertex 62.8405 19.0484 3
    endloop
  endfacet
  facet normal 0.74123 0.671251 0
    outer loop
      vertex 62.8405 19.0484 0
      vertex 62.9393 18.9393 3
      vertex 62.9393 18.9393 0
    endloop
  endfacet
  facet normal -0.941527 -0.336939 0
    outer loop
      vertex 65.4354 20.4354 0
      vertex 65.3858 20.574 3
      vertex 65.3858 20.574 0
    endloop
  endfacet
  facet normal -0.941527 -0.336939 0
    outer loop
      vertex 65.3858 20.574 3
      vertex 65.4354 20.4354 0
      vertex 65.4354 20.4354 3
    endloop
  endfacet
  facet normal -0.336939 -0.941527 0
    outer loop
      vertex 64.4354 21.4354 0
      vertex 64.574 21.3858 3
      vertex 64.4354 21.4354 3
    endloop
  endfacet
  facet normal -0.336939 -0.941527 -0
    outer loop
      vertex 64.574 21.3858 3
      vertex 64.4354 21.4354 0
      vertex 64.574 21.3858 0
    endloop
  endfacet
  facet normal 0.904125 -0.427269 0
    outer loop
      vertex 62.6142 20.574 3
      vertex 62.6771 20.7071 0
      vertex 62.6771 20.7071 3
    endloop
  endfacet
  facet normal 0.904125 -0.427269 0
    outer loop
      vertex 62.6771 20.7071 0
      vertex 62.6142 20.574 3
      vertex 62.6142 20.574 0
    endloop
  endfacet
  facet normal 0.857733 -0.514096 0
    outer loop
      vertex 62.6771 20.7071 3
      vertex 62.7528 20.8334 0
      vertex 62.7528 20.8334 3
    endloop
  endfacet
  facet normal 0.857733 -0.514096 0
    outer loop
      vertex 62.7528 20.8334 0
      vertex 62.6771 20.7071 3
      vertex 62.6771 20.7071 0
    endloop
  endfacet
  facet normal 0.998803 0.0489209 0
    outer loop
      vertex 62.5072 19.853 3
      vertex 62.5 20 0
      vertex 62.5 20 3
    endloop
  endfacet
  facet normal 0.998803 0.0489209 0
    outer loop
      vertex 62.5 20 0
      vertex 62.5072 19.853 3
      vertex 62.5072 19.853 0
    endloop
  endfacet
  facet normal -0.904125 0.427269 0
    outer loop
      vertex 65.3229 19.2929 0
      vertex 65.3858 19.426 3
      vertex 65.3858 19.426 0
    endloop
  endfacet
  facet normal -0.904125 0.427269 0
    outer loop
      vertex 65.3858 19.426 3
      vertex 65.3229 19.2929 0
      vertex 65.3229 19.2929 3
    endloop
  endfacet
  facet normal -0.336939 0.941527 0
    outer loop
      vertex 64.574 18.6142 0
      vertex 64.4354 18.5646 3
      vertex 64.574 18.6142 3
    endloop
  endfacet
  facet normal -0.336939 0.941527 0
    outer loop
      vertex 64.4354 18.5646 3
      vertex 64.574 18.6142 0
      vertex 64.4354 18.5646 0
    endloop
  endfacet
  facet normal -0.74123 0.671251 0
    outer loop
      vertex 65.0607 18.9393 0
      vertex 65.1595 19.0484 3
      vertex 65.1595 19.0484 0
    endloop
  endfacet
  facet normal -0.74123 0.671251 0
    outer loop
      vertex 65.1595 19.0484 3
      vertex 65.0607 18.9393 0
      vertex 65.0607 18.9393 3
    endloop
  endfacet
  facet normal -0.969982 0.243175 0
    outer loop
      vertex 65.4354 19.5646 0
      vertex 65.4712 19.7074 3
      vertex 65.4712 19.7074 0
    endloop
  endfacet
  facet normal -0.969982 0.243175 0
    outer loop
      vertex 65.4712 19.7074 3
      vertex 65.4354 19.5646 0
      vertex 65.4354 19.5646 3
    endloop
  endfacet
  facet normal 0.243175 0.969982 -0
    outer loop
      vertex 63.7074 18.5288 0
      vertex 63.5646 18.5646 3
      vertex 63.7074 18.5288 3
    endloop
  endfacet
  facet normal 0.243175 0.969982 0
    outer loop
      vertex 63.5646 18.5646 3
      vertex 63.7074 18.5288 0
      vertex 63.5646 18.5646 0
    endloop
  endfacet
  facet normal 0.427269 0.904125 -0
    outer loop
      vertex 63.426 18.6142 0
      vertex 63.2929 18.6771 3
      vertex 63.426 18.6142 3
    endloop
  endfacet
  facet normal 0.427269 0.904125 0
    outer loop
      vertex 63.2929 18.6771 3
      vertex 63.426 18.6142 0
      vertex 63.2929 18.6771 0
    endloop
  endfacet
  facet normal -0.904125 -0.427269 0
    outer loop
      vertex 65.3858 20.574 0
      vertex 65.3229 20.7071 3
      vertex 65.3229 20.7071 0
    endloop
  endfacet
  facet normal -0.904125 -0.427269 0
    outer loop
      vertex 65.3229 20.7071 3
      vertex 65.3858 20.574 0
      vertex 65.3858 20.574 3
    endloop
  endfacet
  facet normal -0.857733 -0.514096 0
    outer loop
      vertex 65.3229 20.7071 0
      vertex 65.2472 20.8334 3
      vertex 65.2472 20.8334 0
    endloop
  endfacet
  facet normal -0.857733 -0.514096 0
    outer loop
      vertex 65.2472 20.8334 3
      vertex 65.3229 20.7071 0
      vertex 65.3229 20.7071 3
    endloop
  endfacet
  facet normal -0.803088 -0.595861 0
    outer loop
      vertex 65.2472 20.8334 0
      vertex 65.1595 20.9516 3
      vertex 65.1595 20.9516 0
    endloop
  endfacet
  facet normal -0.803088 -0.595861 0
    outer loop
      vertex 65.1595 20.9516 3
      vertex 65.2472 20.8334 0
      vertex 65.2472 20.8334 3
    endloop
  endfacet
  facet normal -0.146746 -0.989174 0
    outer loop
      vertex 64.147 21.4928 0
      vertex 64.2926 21.4712 3
      vertex 64.147 21.4928 3
    endloop
  endfacet
  facet normal -0.146746 -0.989174 -0
    outer loop
      vertex 64.2926 21.4712 3
      vertex 64.147 21.4928 0
      vertex 64.2926 21.4712 0
    endloop
  endfacet
  facet normal -0.595861 -0.803088 0
    outer loop
      vertex 64.8334 21.2472 0
      vertex 64.9516 21.1595 3
      vertex 64.8334 21.2472 3
    endloop
  endfacet
  facet normal -0.595861 -0.803088 -0
    outer loop
      vertex 64.9516 21.1595 3
      vertex 64.8334 21.2472 0
      vertex 64.9516 21.1595 0
    endloop
  endfacet
  facet normal -0.514096 -0.857733 0
    outer loop
      vertex 64.7071 21.3229 0
      vertex 64.8334 21.2472 3
      vertex 64.7071 21.3229 3
    endloop
  endfacet
  facet normal -0.514096 -0.857733 -0
    outer loop
      vertex 64.8334 21.2472 3
      vertex 64.7071 21.3229 0
      vertex 64.8334 21.2472 0
    endloop
  endfacet
  facet normal 0.941527 -0.336939 0
    outer loop
      vertex 62.5646 20.4354 3
      vertex 62.6142 20.574 0
      vertex 62.6142 20.574 3
    endloop
  endfacet
  facet normal 0.941527 -0.336939 0
    outer loop
      vertex 62.6142 20.574 0
      vertex 62.5646 20.4354 3
      vertex 62.5646 20.4354 0
    endloop
  endfacet
  facet normal 0.989174 -0.146746 0
    outer loop
      vertex 62.5072 20.147 3
      vertex 62.5288 20.2926 0
      vertex 62.5288 20.2926 3
    endloop
  endfacet
  facet normal 0.989174 -0.146746 0
    outer loop
      vertex 62.5288 20.2926 0
      vertex 62.5072 20.147 3
      vertex 62.5072 20.147 0
    endloop
  endfacet
  facet normal 0.595861 -0.803088 0
    outer loop
      vertex 63.0484 21.1595 0
      vertex 63.1666 21.2472 3
      vertex 63.0484 21.1595 3
    endloop
  endfacet
  facet normal 0.595861 -0.803088 0
    outer loop
      vertex 63.1666 21.2472 3
      vertex 63.0484 21.1595 0
      vertex 63.1666 21.2472 0
    endloop
  endfacet
  facet normal 0.146746 -0.989174 0
    outer loop
      vertex 63.7074 21.4712 0
      vertex 63.853 21.4928 3
      vertex 63.7074 21.4712 3
    endloop
  endfacet
  facet normal 0.146746 -0.989174 0
    outer loop
      vertex 63.853 21.4928 3
      vertex 63.7074 21.4712 0
      vertex 63.853 21.4928 0
    endloop
  endfacet
  facet normal 0.243175 -0.969982 0
    outer loop
      vertex 63.5646 21.4354 0
      vertex 63.7074 21.4712 3
      vertex 63.5646 21.4354 3
    endloop
  endfacet
  facet normal 0.243175 -0.969982 0
    outer loop
      vertex 63.7074 21.4712 3
      vertex 63.5646 21.4354 0
      vertex 63.7074 21.4712 0
    endloop
  endfacet
  facet normal -0.146746 0.989174 0
    outer loop
      vertex 64.2926 18.5288 0
      vertex 64.147 18.5072 3
      vertex 64.2926 18.5288 3
    endloop
  endfacet
  facet normal -0.146746 0.989174 0
    outer loop
      vertex 64.147 18.5072 3
      vertex 64.2926 18.5288 0
      vertex 64.147 18.5072 0
    endloop
  endfacet
  facet normal -0.243175 0.969982 0
    outer loop
      vertex 64.4354 18.5646 0
      vertex 64.2926 18.5288 3
      vertex 64.4354 18.5646 3
    endloop
  endfacet
  facet normal -0.243175 0.969982 0
    outer loop
      vertex 64.2926 18.5288 3
      vertex 64.4354 18.5646 0
      vertex 64.2926 18.5288 0
    endloop
  endfacet
  facet normal -0.514096 0.857733 0
    outer loop
      vertex 64.8334 18.7528 0
      vertex 64.7071 18.6771 3
      vertex 64.8334 18.7528 3
    endloop
  endfacet
  facet normal -0.514096 0.857733 0
    outer loop
      vertex 64.7071 18.6771 3
      vertex 64.8334 18.7528 0
      vertex 64.7071 18.6771 0
    endloop
  endfacet
  facet normal -0.671251 0.74123 0
    outer loop
      vertex 65.0607 18.9393 0
      vertex 64.9516 18.8405 3
      vertex 65.0607 18.9393 3
    endloop
  endfacet
  facet normal -0.671251 0.74123 0
    outer loop
      vertex 64.9516 18.8405 3
      vertex 65.0607 18.9393 0
      vertex 64.9516 18.8405 0
    endloop
  endfacet
  facet normal -0.595861 0.803088 0
    outer loop
      vertex 64.9516 18.8405 0
      vertex 64.8334 18.7528 3
      vertex 64.9516 18.8405 3
    endloop
  endfacet
  facet normal -0.595861 0.803088 0
    outer loop
      vertex 64.8334 18.7528 3
      vertex 64.9516 18.8405 0
      vertex 64.8334 18.7528 0
    endloop
  endfacet
  facet normal -0.803088 0.595861 0
    outer loop
      vertex 65.1595 19.0484 0
      vertex 65.2472 19.1666 3
      vertex 65.2472 19.1666 0
    endloop
  endfacet
  facet normal -0.803088 0.595861 0
    outer loop
      vertex 65.2472 19.1666 3
      vertex 65.1595 19.0484 0
      vertex 65.1595 19.0484 3
    endloop
  endfacet
  facet normal -0.857733 0.514096 0
    outer loop
      vertex 65.2472 19.1666 0
      vertex 65.3229 19.2929 3
      vertex 65.3229 19.2929 0
    endloop
  endfacet
  facet normal -0.857733 0.514096 0
    outer loop
      vertex 65.3229 19.2929 3
      vertex 65.2472 19.1666 0
      vertex 65.2472 19.1666 3
    endloop
  endfacet
  facet normal 0.0489209 0.998803 -0
    outer loop
      vertex 64 18.5 0
      vertex 63.853 18.5072 3
      vertex 64 18.5 3
    endloop
  endfacet
  facet normal 0.0489209 0.998803 0
    outer loop
      vertex 63.853 18.5072 3
      vertex 64 18.5 0
      vertex 63.853 18.5072 0
    endloop
  endfacet
  facet normal 0.595861 0.803088 -0
    outer loop
      vertex 63.1666 18.7528 0
      vertex 63.0484 18.8405 3
      vertex 63.1666 18.7528 3
    endloop
  endfacet
  facet normal 0.595861 0.803088 0
    outer loop
      vertex 63.0484 18.8405 3
      vertex 63.1666 18.7528 0
      vertex 63.0484 18.8405 0
    endloop
  endfacet
  facet normal -0.0489209 0.998803 0
    outer loop
      vertex 64.147 18.5072 0
      vertex 64 18.5 3
      vertex 64.147 18.5072 3
    endloop
  endfacet
  facet normal -0.0489209 0.998803 0
    outer loop
      vertex 64 18.5 3
      vertex 64.147 18.5072 0
      vertex 64 18.5 0
    endloop
  endfacet
  facet normal 0.514096 0.857733 -0
    outer loop
      vertex 63.2929 18.6771 0
      vertex 63.1666 18.7528 3
      vertex 63.2929 18.6771 3
    endloop
  endfacet
  facet normal 0.514096 0.857733 0
    outer loop
      vertex 63.1666 18.7528 3
      vertex 63.2929 18.6771 0
      vertex 63.1666 18.7528 0
    endloop
  endfacet
  facet normal 0.857733 0.514096 0
    outer loop
      vertex 62.7528 19.1666 3
      vertex 62.6771 19.2929 0
      vertex 62.6771 19.2929 3
    endloop
  endfacet
  facet normal 0.857733 0.514096 0
    outer loop
      vertex 62.6771 19.2929 0
      vertex 62.7528 19.1666 3
      vertex 62.7528 19.1666 0
    endloop
  endfacet
  facet normal 0.941527 0.336939 0
    outer loop
      vertex 62.6142 19.426 3
      vertex 62.5646 19.5646 0
      vertex 62.5646 19.5646 3
    endloop
  endfacet
  facet normal 0.941527 0.336939 0
    outer loop
      vertex 62.5646 19.5646 0
      vertex 62.6142 19.426 3
      vertex 62.6142 19.426 0
    endloop
  endfacet
  facet normal 0.989174 0.146746 0
    outer loop
      vertex 62.5288 19.7074 3
      vertex 62.5072 19.853 0
      vertex 62.5072 19.853 3
    endloop
  endfacet
  facet normal 0.989174 0.146746 0
    outer loop
      vertex 62.5072 19.853 0
      vertex 62.5288 19.7074 3
      vertex 62.5288 19.7074 0
    endloop
  endfacet
  facet normal 0.904125 0.427269 0
    outer loop
      vertex 62.6771 19.2929 3
      vertex 62.6142 19.426 0
      vertex 62.6142 19.426 3
    endloop
  endfacet
  facet normal 0.904125 0.427269 0
    outer loop
      vertex 62.6142 19.426 0
      vertex 62.6771 19.2929 3
      vertex 62.6771 19.2929 0
    endloop
  endfacet
  facet normal -0.989174 -0.146746 0
    outer loop
      vertex 65.4928 20.147 0
      vertex 65.4712 20.2926 3
      vertex 65.4712 20.2926 0
    endloop
  endfacet
  facet normal -0.989174 -0.146746 0
    outer loop
      vertex 65.4712 20.2926 3
      vertex 65.4928 20.147 0
      vertex 65.4928 20.147 3
    endloop
  endfacet
  facet normal -0.74123 -0.671251 0
    outer loop
      vertex 65.1595 20.9516 0
      vertex 65.0607 21.0607 3
      vertex 65.0607 21.0607 0
    endloop
  endfacet
  facet normal -0.74123 -0.671251 0
    outer loop
      vertex 65.0607 21.0607 3
      vertex 65.1595 20.9516 0
      vertex 65.1595 20.9516 3
    endloop
  endfacet
  facet normal -0.0489209 -0.998803 0
    outer loop
      vertex 64 21.5 0
      vertex 64.147 21.4928 3
      vertex 64 21.5 3
    endloop
  endfacet
  facet normal -0.0489209 -0.998803 -0
    outer loop
      vertex 64.147 21.4928 3
      vertex 64 21.5 0
      vertex 64.147 21.4928 0
    endloop
  endfacet
  facet normal -0.243175 -0.969982 0
    outer loop
      vertex 64.2926 21.4712 0
      vertex 64.4354 21.4354 3
      vertex 64.2926 21.4712 3
    endloop
  endfacet
  facet normal -0.243175 -0.969982 -0
    outer loop
      vertex 64.4354 21.4354 3
      vertex 64.2926 21.4712 0
      vertex 64.4354 21.4354 0
    endloop
  endfacet
  facet normal -0.427269 -0.904125 0
    outer loop
      vertex 64.574 21.3858 0
      vertex 64.7071 21.3229 3
      vertex 64.574 21.3858 3
    endloop
  endfacet
  facet normal -0.427269 -0.904125 -0
    outer loop
      vertex 64.7071 21.3229 3
      vertex 64.574 21.3858 0
      vertex 64.7071 21.3229 0
    endloop
  endfacet
  facet normal 0.803088 -0.595861 0
    outer loop
      vertex 62.7528 20.8334 3
      vertex 62.8405 20.9516 0
      vertex 62.8405 20.9516 3
    endloop
  endfacet
  facet normal 0.803088 -0.595861 0
    outer loop
      vertex 62.8405 20.9516 0
      vertex 62.7528 20.8334 3
      vertex 62.7528 20.8334 0
    endloop
  endfacet
  facet normal 0.998803 -0.0489209 0
    outer loop
      vertex 62.5 20 3
      vertex 62.5072 20.147 0
      vertex 62.5072 20.147 3
    endloop
  endfacet
  facet normal 0.998803 -0.0489209 0
    outer loop
      vertex 62.5072 20.147 0
      vertex 62.5 20 3
      vertex 62.5 20 0
    endloop
  endfacet
  facet normal 0.969982 -0.243175 0
    outer loop
      vertex 62.5288 20.2926 3
      vertex 62.5646 20.4354 0
      vertex 62.5646 20.4354 3
    endloop
  endfacet
  facet normal 0.969982 -0.243175 0
    outer loop
      vertex 62.5646 20.4354 0
      vertex 62.5288 20.2926 3
      vertex 62.5288 20.2926 0
    endloop
  endfacet
  facet normal 0.671251 -0.74123 0
    outer loop
      vertex 62.9393 21.0607 0
      vertex 63.0484 21.1595 3
      vertex 62.9393 21.0607 3
    endloop
  endfacet
  facet normal 0.671251 -0.74123 0
    outer loop
      vertex 63.0484 21.1595 3
      vertex 62.9393 21.0607 0
      vertex 63.0484 21.1595 0
    endloop
  endfacet
  facet normal 0.514096 -0.857733 0
    outer loop
      vertex 63.1666 21.2472 0
      vertex 63.2929 21.3229 3
      vertex 63.1666 21.2472 3
    endloop
  endfacet
  facet normal 0.514096 -0.857733 0
    outer loop
      vertex 63.2929 21.3229 3
      vertex 63.1666 21.2472 0
      vertex 63.2929 21.3229 0
    endloop
  endfacet
  facet normal 0.336939 -0.941527 0
    outer loop
      vertex 63.426 21.3858 0
      vertex 63.5646 21.4354 3
      vertex 63.426 21.3858 3
    endloop
  endfacet
  facet normal 0.336939 -0.941527 0
    outer loop
      vertex 63.5646 21.4354 3
      vertex 63.426 21.3858 0
      vertex 63.5646 21.4354 0
    endloop
  endfacet
  facet normal -0.427269 0.904125 0
    outer loop
      vertex 64.7071 18.6771 0
      vertex 64.574 18.6142 3
      vertex 64.7071 18.6771 3
    endloop
  endfacet
  facet normal -0.427269 0.904125 0
    outer loop
      vertex 64.574 18.6142 3
      vertex 64.7071 18.6771 0
      vertex 64.574 18.6142 0
    endloop
  endfacet
  facet normal -0.941527 0.336939 0
    outer loop
      vertex 65.3858 19.426 0
      vertex 65.4354 19.5646 3
      vertex 65.4354 19.5646 0
    endloop
  endfacet
  facet normal -0.941527 0.336939 0
    outer loop
      vertex 65.4354 19.5646 3
      vertex 65.3858 19.426 0
      vertex 65.3858 19.426 3
    endloop
  endfacet
  facet normal -0.989174 0.146746 0
    outer loop
      vertex 65.4712 19.7074 0
      vertex 65.4928 19.853 3
      vertex 65.4928 19.853 0
    endloop
  endfacet
  facet normal -0.989174 0.146746 0
    outer loop
      vertex 65.4928 19.853 3
      vertex 65.4712 19.7074 0
      vertex 65.4712 19.7074 3
    endloop
  endfacet
  facet normal -0.998803 0.0489209 0
    outer loop
      vertex 65.4928 19.853 0
      vertex 65.5 20 3
      vertex 65.5 20 0
    endloop
  endfacet
  facet normal -0.998803 0.0489209 0
    outer loop
      vertex 65.5 20 3
      vertex 65.4928 19.853 0
      vertex 65.4928 19.853 3
    endloop
  endfacet
  facet normal 0.146746 0.989174 -0
    outer loop
      vertex 63.853 18.5072 0
      vertex 63.7074 18.5288 3
      vertex 63.853 18.5072 3
    endloop
  endfacet
  facet normal 0.146746 0.989174 0
    outer loop
      vertex 63.7074 18.5288 3
      vertex 63.853 18.5072 0
      vertex 63.7074 18.5288 0
    endloop
  endfacet
  facet normal 0.336939 0.941527 -0
    outer loop
      vertex 63.5646 18.5646 0
      vertex 63.426 18.6142 3
      vertex 63.5646 18.5646 3
    endloop
  endfacet
  facet normal 0.336939 0.941527 0
    outer loop
      vertex 63.426 18.6142 3
      vertex 63.5646 18.5646 0
      vertex 63.426 18.6142 0
    endloop
  endfacet
  facet normal 0.671251 0.74123 -0
    outer loop
      vertex 63.0484 18.8405 0
      vertex 62.9393 18.9393 3
      vertex 63.0484 18.8405 3
    endloop
  endfacet
  facet normal 0.671251 0.74123 0
    outer loop
      vertex 62.9393 18.9393 3
      vertex 63.0484 18.8405 0
      vertex 62.9393 18.9393 0
    endloop
  endfacet
  facet normal 0.803088 0.595861 0
    outer loop
      vertex 62.8405 19.0484 3
      vertex 62.7528 19.1666 0
      vertex 62.7528 19.1666 3
    endloop
  endfacet
  facet normal 0.803088 0.595861 0
    outer loop
      vertex 62.7528 19.1666 0
      vertex 62.8405 19.0484 3
      vertex 62.8405 19.0484 0
    endloop
  endfacet
  facet normal 0.969982 0.243175 0
    outer loop
      vertex 62.5646 19.5646 3
      vertex 62.5288 19.7074 0
      vertex 62.5288 19.7074 3
    endloop
  endfacet
  facet normal 0.969982 0.243175 0
    outer loop
      vertex 62.5288 19.7074 0
      vertex 62.5646 19.5646 3
      vertex 62.5646 19.5646 0
    endloop
  endfacet
endsolid OpenSCAD_Model
