ISO-10303-21;
HEADER;
FILE_DESCRIPTION(('Open CASCADE Model'),'2;1');
FILE_NAME('Open CASCADE Shape Model','2026-10-07T00:00:00',('Author'),(
    'Open CASCADE'),'Open CASCADE STEP processor 8.0','build123d',
  'Unknown');
FILE_SCHEMA(('AUTOMOTIVE_DESIGN { 1 0 10303 214 1 1 1 1 }'));
ENDSEC;
DATA;
#1 = APPLICATION_PROTOCOL_DEFINITION('international standard',
  'automotive_design',2000,#2);
#2 = APPLICATION_CONTEXT(
  'core data for automotive mechanical design processes');
#3 = SHAPE_DEFINITION_REPRESENTATION(#4,#10);
#4 = PRODUCT_DEFINITION_SHAPE('','',#5);
#5 = PRODUCT_DEFINITION('design','',#6,#9);
#6 = PRODUCT_DEFINITION_FORMATION('','',#7);
#7 = PRODUCT('COMPOUND','COMPOUND','',(#8));
#8 = PRODUCT_CONTEXT('',#2,'mechanical');
#9 = PRODUCT_DEFINITION_CONTEXT('part definition',#2,'design');
#10 = ADVANCED_BREP_SHAPE_REPRESENTATION('',(#11,#15),#18906);
#11 = AXIS2_PLACEMENT_3D('',#12,#13,#14);
#12 = CARTESIAN_POINT('',(0.,0.,0.));
#13 = DIRECTION('',(0.,0.,1.));
#14 = DIRECTION('',(1.,0.,-0.));
#15 = MANIFOLD_SOLID_BREP('',#16);
#16 = CLOSED_SHELL('',(#17,#697,#774,#1323,#2629,#2684,#2719,#2774,#2778
    ,#2833,#2868,#2923,#2927,#2986,#3448,#3522,#4328,#4403,#4609,#4684,
    #4754,#4781,#4806,#4851,#4878,#4905,#4932,#4959,#4966,#5040,#5721,
    #5793,#5840,#5887,#5915,#5987,#6034,#6081,#6109,#6181,#6228,#6275,
    #6303,#6362,#6472,#6546,#6725,#6794,#6841,#6888,#6913,#6940,#6967,
    #6974,#7046,#7093,#7140,#7168,#7237,#7287,#7334,#7362,#7445,#8361,
    #8430,#8484,#8538,#8563,#8632,#8686,#8740,#8765,#8834,#8888,#8942,
    #8967,#9036,#9090,#9144,#9169,#9238,#9292,#9346,#9371,#9440,#9494,
    #9548,#9573,#9649,#9696,#9750,#9775,#9849,#9923,#9976,#10029,#10110,
    #10190,#10264,#10846,#10915,#10969,#11023,#11048,#11117,#11171,
    #11225,#11250,#11319,#11373,#11427,#11452,#11528,#11575,#11629,
    #11654,#11709,#11883,#11957,#12095,#12145,#12172,#12199,#12226,
    #12253,#12260,#12288,#12314,#12340,#12366,#12392,#12439,#12486,
    #12513,#12540,#12567,#12594,#12621,#12648,#12655,#12702,#12729,
    #12756,#12783,#12810,#12837,#12864,#12871,#12926,#12961,#13016,
    #13020,#13075,#13110,#13165,#13169,#13196,#13251,#13286,#13341,
    #13345,#13400,#13435,#13490,#13494,#13568,#13675,#13803,#13826,
    #13897,#13924,#13949,#13997,#14071,#14178,#14306,#14329,#14400,
    #14427,#14476,#14501,#14549,#14730,#14797,#14897,#14969,#15071,
    #15199,#15270,#15293,#15370,#15491,#15514,#15565,#15608,#15633,
    #15662,#15726,#15911,#15982,#16009,#16041,#16070,#16154,#16179,
    #16342,#16419,#16445,#16472,#16570,#16954,#17030,#17101,#17128,
    #17155,#17162,#17267,#17336,#17385,#17412,#17488,#17565,#17594,
    #17621,#17648,#17684,#17825,#17902,#17928,#17955,#18149,#18204,
    #18208,#18263,#18267,#18322,#18326,#18381,#18385,#18412,#18439,
    #18446,#18493,#18520,#18547,#18554,#18601,#18628,#18655,#18662,
    #18709,#18736,#18763,#18770,#18817,#18844,#18871,#18878,#18885,
    #18892,#18899));
#17 = ADVANCED_FACE('',(#18,#137,#249,#361,#473,#585),#32,.T.);
#18 = FACE_BOUND('',#19,.T.);
#19 = EDGE_LOOP('',(#20,#55,#83,#111));
#20 = ORIENTED_EDGE('',*,*,#21,.T.);
#21 = EDGE_CURVE('',#22,#24,#26,.T.);
#22 = VERTEX_POINT('',#23);
#23 = CARTESIAN_POINT('',(-2.22044604925E-16,68.9,12.));
#24 = VERTEX_POINT('',#25);
#25 = CARTESIAN_POINT('',(-4.440892098501E-16,2.,12.));
#26 = SURFACE_CURVE('',#27,(#31,#43),.PCURVE_S1.);
#27 = LINE('',#28,#29);
#28 = CARTESIAN_POINT('',(0.,70.1,12.));
#29 = VECTOR('',#30,1.);
#30 = DIRECTION('',(0.,-1.,0.));
#31 = PCURVE('',#32,#37);
#32 = PLANE('',#33);
#33 = AXIS2_PLACEMENT_3D('',#34,#35,#36);
#34 = CARTESIAN_POINT('',(0.,70.1,12.));
#35 = DIRECTION('',(-1.,0.,0.));
#36 = DIRECTION('',(0.,0.,1.));
#37 = DEFINITIONAL_REPRESENTATION('',(#38),#42);
#38 = LINE('',#39,#40);
#39 = CARTESIAN_POINT('',(0.,0.));
#40 = VECTOR('',#41,1.);
#41 = DIRECTION('',(0.,-1.));
#42 = ( GEOMETRIC_REPRESENTATION_CONTEXT(2) 
PARAMETRIC_REPRESENTATION_CONTEXT() REPRESENTATION_CONTEXT('2D SPACE',''
  ) );
#43 = PCURVE('',#44,#49);
#44 = CYLINDRICAL_SURFACE('',#45,12.);
#45 = AXIS2_PLACEMENT_3D('',#46,#47,#48);
#46 = CARTESIAN_POINT('',(12.,70.1,12.));
#47 = DIRECTION('',(0.,1.,-0.));
#48 = DIRECTION('',(-1.,0.,0.));
#49 = DEFINITIONAL_REPRESENTATION('',(#50),#54);
#50 = LINE('',#51,#52);
#51 = CARTESIAN_POINT('',(6.28318530718,0.));
#52 = VECTOR('',#53,1.);
#53 = DIRECTION('',(0.,-1.));
#54 = ( GEOMETRIC_REPRESENTATION_CONTEXT(2) 
PARAMETRIC_REPRESENTATION_CONTEXT() REPRESENTATION_CONTEXT('2D SPACE',''
  ) );
#55 = ORIENTED_EDGE('',*,*,#56,.T.);
#56 = EDGE_CURVE('',#24,#57,#59,.T.);
#57 = VERTEX_POINT('',#58);
#58 = CARTESIAN_POINT('',(-4.440892098501E-16,2.,159.5));
#59 = SURFACE_CURVE('',#60,(#64,#71),.PCURVE_S1.);
#60 = LINE('',#61,#62);
#61 = CARTESIAN_POINT('',(-4.440892098501E-16,2.,12.));
#62 = VECTOR('',#63,1.);
#63 = DIRECTION('',(0.,0.,1.));
#64 = PCURVE('',#32,#65);
#65 = DEFINITIONAL_REPRESENTATION('',(#66),#70);
#66 = LINE('',#67,#68);
#67 = CARTESIAN_POINT('',(0.,-68.1));
#68 = VECTOR('',#69,1.);
#69 = DIRECTION('',(1.,0.));
#70 = ( GEOMETRIC_REPRESENTATION_CONTEXT(2) 
PARAMETRIC_REPRESENTATION_CONTEXT() REPRESENTATION_CONTEXT('2D SPACE',''
  ) );
#71 = PCURVE('',#72,#77);
#72 = CYLINDRICAL_SURFACE('',#73,2.);
#73 = AXIS2_PLACEMENT_3D('',#74,#75,#76);
#74 = CARTESIAN_POINT('',(2.,2.,12.));
#75 = DIRECTION('',(0.,0.,1.));
#76 = DIRECTION('',(-1.,0.,0.));
#77 = DEFINITIONAL_REPRESENTATION('',(#78),#82);
#78 = LINE('',#79,#80);
#79 = CARTESIAN_POINT('',(0.,0.));
#80 = VECTOR('',#81,1.);
#81 = DIRECTION('',(0.,1.));
#82 = ( GEOMETRIC_REPRESENTATION_CONTEXT(2) 
PARAMETRIC_REPRESENTATION_CONTEXT() REPRESENTATION_CONTEXT('2D SPACE',''
  ) );
#83 = ORIENTED_EDGE('',*,*,#84,.F.);
#84 = EDGE_CURVE('',#85,#57,#87,.T.);
#85 = VERTEX_POINT('',#86);
#86 = CARTESIAN_POINT('',(-2.22044604925E-16,68.9,159.5));
#87 = SURFACE_CURVE('',#88,(#92,#99),.PCURVE_S1.);
#88 = LINE('',#89,#90);
#89 = CARTESIAN_POINT('',(0.,70.1,159.5));
#90 = VECTOR('',#91,1.);
#91 = DIRECTION('',(0.,-1.,0.));
#92 = PCURVE('',#32,#93);
#93 = DEFINITIONAL_REPRESENTATION('',(#94),#98);
#94 = LINE('',#95,#96);
#95 = CARTESIAN_POINT('',(147.5,0.));
#96 = VECTOR('',#97,1.);
#97 = DIRECTION('',(0.,-1.));
#98 = ( GEOMETRIC_REPRESENTATION_CONTEXT(2) 
PARAMETRIC_REPRESENTATION_CONTEXT() REPRESENTATION_CONTEXT('2D SPACE',''
  ) );
#99 = PCURVE('',#100,#105);
#100 = CYLINDRICAL_SURFACE('',#101,12.);
#101 = AXIS2_PLACEMENT_3D('',#102,#103,#104);
#102 = CARTESIAN_POINT('',(12.,70.1,159.5));
#103 = DIRECTION('',(0.,1.,-0.));
#104 = DIRECTION('',(-1.,0.,0.));
#105 = DEFINITIONAL_REPRESENTATION('',(#106),#110);
#106 = LINE('',#107,#108);
#107 = CARTESIAN_POINT('',(0.,0.));
#108 = VECTOR('',#109,1.);
#109 = DIRECTION('',(0.,-1.));
#110 = ( GEOMETRIC_REPRESENTATION_CONTEXT(2) 
PARAMETRIC_REPRESENTATION_CONTEXT() REPRESENTATION_CONTEXT('2D SPACE',''
  ) );
#111 = ORIENTED_EDGE('',*,*,#112,.F.);
#112 = EDGE_CURVE('',#22,#85,#113,.T.);
#113 = SURFACE_CURVE('',#114,(#118,#125),.PCURVE_S1.);
#114 = LINE('',#115,#116);
#115 = CARTESIAN_POINT('',(-2.22044604925E-16,68.9,12.));
#116 = VECTOR('',#117,1.);
#117 = DIRECTION('',(0.,0.,1.));
#118 = PCURVE('',#32,#119);
#119 = DEFINITIONAL_REPRESENTATION('',(#120),#124);
#120 = LINE('',#121,#122);
#121 = CARTESIAN_POINT('',(0.,-1.2));
#122 = VECTOR('',#123,1.);
#123 = DIRECTION('',(1.,0.));
#124 = ( GEOMETRIC_REPRESENTATION_CONTEXT(2) 
PARAMETRIC_REPRESENTATION_CONTEXT() REPRESENTATION_CONTEXT('2D SPACE',''
  ) );
#125 = PCURVE('',#126,#131);
#126 = CYLINDRICAL_SURFACE('',#127,1.2);
#127 = AXIS2_PLACEMENT_3D('',#128,#129,#130);
#128 = CARTESIAN_POINT('',(1.2,68.9,12.));
#129 = DIRECTION('',(0.,0.,1.));
#130 = DIRECTION('',(-1.,0.,0.));
#131 = DEFINITIONAL_REPRESENTATION('',(#132),#136);
#132 = LINE('',#133,#134);
#133 = CARTESIAN_POINT('',(-0.,0.));
#134 = VECTOR('',#135,1.);
#135 = DIRECTION('',(-0.,1.));
#136 = ( GEOMETRIC_REPRESENTATION_CONTEXT(2) 
PARAMETRIC_REPRESENTATION_CONTEXT() REPRESENTATION_CONTEXT('2D SPACE',''
  ) );
#137 = FACE_BOUND('',#138,.T.);
#138 = EDGE_LOOP('',(#139,#170,#196,#225));
#139 = ORIENTED_EDGE('',*,*,#140,.F.);
#140 = EDGE_CURVE('',#141,#143,#145,.T.);
#141 = VERTEX_POINT('',#142);
#142 = CARTESIAN_POINT('',(0.,38.9,75.8));
#143 = VERTEX_POINT('',#144);
#144 = CARTESIAN_POINT('',(0.,41.3,75.8));
#145 = SURFACE_CURVE('',#146,(#151,#158),.PCURVE_S1.);
#146 = CIRCLE('',#147,1.2);
#147 = AXIS2_PLACEMENT_3D('',#148,#149,#150);
#148 = CARTESIAN_POINT('',(0.,40.1,75.8));
#149 = DIRECTION('',(-1.,-0.,-0.));
#150 = DIRECTION('',(0.,0.,-1.));
#151 = PCURVE('',#32,#152);
#152 = DEFINITIONAL_REPRESENTATION('',(#153),#157);
#153 = CIRCLE('',#154,1.2);
#154 = AXIS2_PLACEMENT_2D('',#155,#156);
#155 = CARTESIAN_POINT('',(63.8,-30.));
#156 = DIRECTION('',(-1.,0.));
#157 = ( GEOMETRIC_REPRESENTATION_CONTEXT(2) 
PARAMETRIC_REPRESENTATION_CONTEXT() REPRESENTATION_CONTEXT('2D SPACE',''
  ) );
#158 = PCURVE('',#159,#164);
#159 = CYLINDRICAL_SURFACE('',#160,1.2);
#160 = AXIS2_PLACEMENT_3D('',#161,#162,#163);
#161 = CARTESIAN_POINT('',(-1.,40.1,75.8));
#162 = DIRECTION('',(-1.,-0.,-0.));
#163 = DIRECTION('',(0.,0.,-1.));
#164 = DEFINITIONAL_REPRESENTATION('',(#165),#169);
#165 = LINE('',#166,#167);
#166 = CARTESIAN_POINT('',(0.,-1.));
#167 = VECTOR('',#168,1.);
#168 = DIRECTION('',(1.,0.));
#169 = ( GEOMETRIC_REPRESENTATION_CONTEXT(2) 
PARAMETRIC_REPRESENTATION_CONTEXT() REPRESENTATION_CONTEXT('2D SPACE',''
  ) );
#170 = ORIENTED_EDGE('',*,*,#171,.F.);
#171 = EDGE_CURVE('',#172,#141,#174,.T.);
#172 = VERTEX_POINT('',#173);
#173 = CARTESIAN_POINT('',(0.,38.9,48.2));
#174 = SURFACE_CURVE('',#175,(#179,#185),.PCURVE_S1.);
#175 = LINE('',#176,#177);
#176 = CARTESIAN_POINT('',(0.,38.9,30.1));
#177 = VECTOR('',#178,1.);
#178 = DIRECTION('',(0.,0.,1.));
#179 = PCURVE('',#32,#180);
#180 = DEFINITIONAL_REPRESENTATION('',(#181),#184);
#181 = B_SPLINE_CURVE_WITH_KNOTS('',1,(#182,#183),.UNSPECIFIED.,.F.,.F.,
  (2,2),(18.1,45.7),.PIECEWISE_BEZIER_KNOTS.);
#182 = CARTESIAN_POINT('',(36.2,-31.2));
#183 = CARTESIAN_POINT('',(63.8,-31.2));
#184 = ( GEOMETRIC_REPRESENTATION_CONTEXT(2) 
PARAMETRIC_REPRESENTATION_CONTEXT() REPRESENTATION_CONTEXT('2D SPACE',''
  ) );
#185 = PCURVE('',#186,#191);
#186 = PLANE('',#187);
#187 = AXIS2_PLACEMENT_3D('',#188,#189,#190);
#188 = CARTESIAN_POINT('',(-1.,38.9,48.2));
#189 = DIRECTION('',(0.,-1.,0.));
#190 = DIRECTION('',(0.,0.,1.));
#191 = DEFINITIONAL_REPRESENTATION('',(#192),#195);
#192 = B_SPLINE_CURVE_WITH_KNOTS('',1,(#193,#194),.UNSPECIFIED.,.F.,.F.,
  (2,2),(18.1,45.7),.PIECEWISE_BEZIER_KNOTS.);
#193 = CARTESIAN_POINT('',(0.,-1.));
#194 = CARTESIAN_POINT('',(27.6,-1.));
#195 = ( GEOMETRIC_REPRESENTATION_CONTEXT(2) 
PARAMETRIC_REPRESENTATION_CONTEXT() REPRESENTATION_CONTEXT('2D SPACE',''
  ) );
#196 = ORIENTED_EDGE('',*,*,#197,.F.);
#197 = EDGE_CURVE('',#198,#172,#200,.T.);
#198 = VERTEX_POINT('',#199);
#199 = CARTESIAN_POINT('',(0.,41.3,48.2));
#200 = SURFACE_CURVE('',#201,(#206,#213),.PCURVE_S1.);
#201 = CIRCLE('',#202,1.2);
#202 = AXIS2_PLACEMENT_3D('',#203,#204,#205);
#203 = CARTESIAN_POINT('',(0.,40.1,48.2));
#204 = DIRECTION('',(-1.,0.,0.));
#205 = DIRECTION('',(0.,0.,1.));
#206 = PCURVE('',#32,#207);
#207 = DEFINITIONAL_REPRESENTATION('',(#208),#212);
#208 = CIRCLE('',#209,1.2);
#209 = AXIS2_PLACEMENT_2D('',#210,#211);
#210 = CARTESIAN_POINT('',(36.2,-30.));
#211 = DIRECTION('',(1.,0.));
#212 = ( GEOMETRIC_REPRESENTATION_CONTEXT(2) 
PARAMETRIC_REPRESENTATION_CONTEXT() REPRESENTATION_CONTEXT('2D SPACE',''
  ) );
#213 = PCURVE('',#214,#219);
#214 = CYLINDRICAL_SURFACE('',#215,1.2);
#215 = AXIS2_PLACEMENT_3D('',#216,#217,#218);
#216 = CARTESIAN_POINT('',(-1.,40.1,48.2));
#217 = DIRECTION('',(-1.,0.,0.));
#218 = DIRECTION('',(0.,0.,1.));
#219 = DEFINITIONAL_REPRESENTATION('',(#220),#224);
#220 = LINE('',#221,#222);
#221 = CARTESIAN_POINT('',(0.,-1.));
#222 = VECTOR('',#223,1.);
#223 = DIRECTION('',(1.,0.));
#224 = ( GEOMETRIC_REPRESENTATION_CONTEXT(2) 
PARAMETRIC_REPRESENTATION_CONTEXT() REPRESENTATION_CONTEXT('2D SPACE',''
  ) );
#225 = ORIENTED_EDGE('',*,*,#226,.T.);
#226 = EDGE_CURVE('',#198,#143,#227,.T.);
#227 = SURFACE_CURVE('',#228,(#232,#238),.PCURVE_S1.);
#228 = LINE('',#229,#230);
#229 = CARTESIAN_POINT('',(0.,41.3,37.));
#230 = VECTOR('',#231,1.);
#231 = DIRECTION('',(0.,0.,1.));
#232 = PCURVE('',#32,#233);
#233 = DEFINITIONAL_REPRESENTATION('',(#234),#237);
#234 = B_SPLINE_CURVE_WITH_KNOTS('',1,(#235,#236),.UNSPECIFIED.,.F.,.F.,
  (2,2),(11.2,38.8),.PIECEWISE_BEZIER_KNOTS.);
#235 = CARTESIAN_POINT('',(36.2,-28.8));
#236 = CARTESIAN_POINT('',(63.8,-28.8));
#237 = ( GEOMETRIC_REPRESENTATION_CONTEXT(2) 
PARAMETRIC_REPRESENTATION_CONTEXT() REPRESENTATION_CONTEXT('2D SPACE',''
  ) );
#238 = PCURVE('',#239,#244);
#239 = PLANE('',#240);
#240 = AXIS2_PLACEMENT_3D('',#241,#242,#243);
#241 = CARTESIAN_POINT('',(-1.,41.3,62.));
#242 = DIRECTION('',(0.,-1.,0.));
#243 = DIRECTION('',(0.,0.,1.));
#244 = DEFINITIONAL_REPRESENTATION('',(#245),#248);
#245 = B_SPLINE_CURVE_WITH_KNOTS('',1,(#246,#247),.UNSPECIFIED.,.F.,.F.,
  (2,2),(11.2,38.8),.PIECEWISE_BEZIER_KNOTS.);
#246 = CARTESIAN_POINT('',(-13.8,-1.));
#247 = CARTESIAN_POINT('',(13.8,-1.));
#248 = ( GEOMETRIC_REPRESENTATION_CONTEXT(2) 
PARAMETRIC_REPRESENTATION_CONTEXT() REPRESENTATION_CONTEXT('2D SPACE',''
  ) );
#249 = FACE_BOUND('',#250,.T.);
#250 = EDGE_LOOP('',(#251,#282,#308,#337));
#251 = ORIENTED_EDGE('',*,*,#252,.F.);
#252 = EDGE_CURVE('',#253,#255,#257,.T.);
#253 = VERTEX_POINT('',#254);
#254 = CARTESIAN_POINT('',(0.,43.9,75.8));
#255 = VERTEX_POINT('',#256);
#256 = CARTESIAN_POINT('',(0.,46.3,75.8));
#257 = SURFACE_CURVE('',#258,(#263,#270),.PCURVE_S1.);
#258 = CIRCLE('',#259,1.2);
#259 = AXIS2_PLACEMENT_3D('',#260,#261,#262);
#260 = CARTESIAN_POINT('',(0.,45.1,75.8));
#261 = DIRECTION('',(-1.,-0.,-0.));
#262 = DIRECTION('',(0.,0.,-1.));
#263 = PCURVE('',#32,#264);
#264 = DEFINITIONAL_REPRESENTATION('',(#265),#269);
#265 = CIRCLE('',#266,1.2);
#266 = AXIS2_PLACEMENT_2D('',#267,#268);
#267 = CARTESIAN_POINT('',(63.8,-25.));
#268 = DIRECTION('',(-1.,0.));
#269 = ( GEOMETRIC_REPRESENTATION_CONTEXT(2) 
PARAMETRIC_REPRESENTATION_CONTEXT() REPRESENTATION_CONTEXT('2D SPACE',''
  ) );
#270 = PCURVE('',#271,#276);
#271 = CYLINDRICAL_SURFACE('',#272,1.2);
#272 = AXIS2_PLACEMENT_3D('',#273,#274,#275);
#273 = CARTESIAN_POINT('',(-1.,45.1,75.8));
#274 = DIRECTION('',(-1.,-0.,-0.));
#275 = DIRECTION('',(0.,0.,-1.));
#276 = DEFINITIONAL_REPRESENTATION('',(#277),#281);
#277 = LINE('',#278,#279);
#278 = CARTESIAN_POINT('',(0.,-1.));
#279 = VECTOR('',#280,1.);
#280 = DIRECTION('',(1.,0.));
#281 = ( GEOMETRIC_REPRESENTATION_CONTEXT(2) 
PARAMETRIC_REPRESENTATION_CONTEXT() REPRESENTATION_CONTEXT('2D SPACE',''
  ) );
#282 = ORIENTED_EDGE('',*,*,#283,.F.);
#283 = EDGE_CURVE('',#284,#253,#286,.T.);
#284 = VERTEX_POINT('',#285);
#285 = CARTESIAN_POINT('',(0.,43.9,48.2));
#286 = SURFACE_CURVE('',#287,(#291,#297),.PCURVE_S1.);
#287 = LINE('',#288,#289);
#288 = CARTESIAN_POINT('',(0.,43.9,30.1));
#289 = VECTOR('',#290,1.);
#290 = DIRECTION('',(0.,0.,1.));
#291 = PCURVE('',#32,#292);
#292 = DEFINITIONAL_REPRESENTATION('',(#293),#296);
#293 = B_SPLINE_CURVE_WITH_KNOTS('',1,(#294,#295),.UNSPECIFIED.,.F.,.F.,
  (2,2),(18.1,45.7),.PIECEWISE_BEZIER_KNOTS.);
#294 = CARTESIAN_POINT('',(36.2,-26.2));
#295 = CARTESIAN_POINT('',(63.8,-26.2));
#296 = ( GEOMETRIC_REPRESENTATION_CONTEXT(2) 
PARAMETRIC_REPRESENTATION_CONTEXT() REPRESENTATION_CONTEXT('2D SPACE',''
  ) );
#297 = PCURVE('',#298,#303);
#298 = PLANE('',#299);
#299 = AXIS2_PLACEMENT_3D('',#300,#301,#302);
#300 = CARTESIAN_POINT('',(-1.,43.9,48.2));
#301 = DIRECTION('',(0.,-1.,0.));
#302 = DIRECTION('',(0.,0.,1.));
#303 = DEFINITIONAL_REPRESENTATION('',(#304),#307);
#304 = B_SPLINE_CURVE_WITH_KNOTS('',1,(#305,#306),.UNSPECIFIED.,.F.,.F.,
  (2,2),(18.1,45.7),.PIECEWISE_BEZIER_KNOTS.);
#305 = CARTESIAN_POINT('',(0.,-1.));
#306 = CARTESIAN_POINT('',(27.6,-1.));
#307 = ( GEOMETRIC_REPRESENTATION_CONTEXT(2) 
PARAMETRIC_REPRESENTATION_CONTEXT() REPRESENTATION_CONTEXT('2D SPACE',''
  ) );
#308 = ORIENTED_EDGE('',*,*,#309,.F.);
#309 = EDGE_CURVE('',#310,#284,#312,.T.);
#310 = VERTEX_POINT('',#311);
#311 = CARTESIAN_POINT('',(0.,46.3,48.2));
#312 = SURFACE_CURVE('',#313,(#318,#325),.PCURVE_S1.);
#313 = CIRCLE('',#314,1.2);
#314 = AXIS2_PLACEMENT_3D('',#315,#316,#317);
#315 = CARTESIAN_POINT('',(0.,45.1,48.2));
#316 = DIRECTION('',(-1.,0.,0.));
#317 = DIRECTION('',(0.,0.,1.));
#318 = PCURVE('',#32,#319);
#319 = DEFINITIONAL_REPRESENTATION('',(#320),#324);
#320 = CIRCLE('',#321,1.2);
#321 = AXIS2_PLACEMENT_2D('',#322,#323);
#322 = CARTESIAN_POINT('',(36.2,-25.));
#323 = DIRECTION('',(1.,0.));
#324 = ( GEOMETRIC_REPRESENTATION_CONTEXT(2) 
PARAMETRIC_REPRESENTATION_CONTEXT() REPRESENTATION_CONTEXT('2D SPACE',''
  ) );
#325 = PCURVE('',#326,#331);
#326 = CYLINDRICAL_SURFACE('',#327,1.2);
#327 = AXIS2_PLACEMENT_3D('',#328,#329,#330);
#328 = CARTESIAN_POINT('',(-1.,45.1,48.2));
#329 = DIRECTION('',(-1.,0.,0.));
#330 = DIRECTION('',(0.,0.,1.));
#331 = DEFINITIONAL_REPRESENTATION('',(#332),#336);
#332 = LINE('',#333,#334);
#333 = CARTESIAN_POINT('',(0.,-1.));
#334 = VECTOR('',#335,1.);
#335 = DIRECTION('',(1.,0.));
#336 = ( GEOMETRIC_REPRESENTATION_CONTEXT(2) 
PARAMETRIC_REPRESENTATION_CONTEXT() REPRESENTATION_CONTEXT('2D SPACE',''
  ) );
#337 = ORIENTED_EDGE('',*,*,#338,.T.);
#338 = EDGE_CURVE('',#310,#255,#339,.T.);
#339 = SURFACE_CURVE('',#340,(#344,#350),.PCURVE_S1.);
#340 = LINE('',#341,#342);
#341 = CARTESIAN_POINT('',(0.,46.3,37.));
#342 = VECTOR('',#343,1.);
#343 = DIRECTION('',(0.,0.,1.));
#344 = PCURVE('',#32,#345);
#345 = DEFINITIONAL_REPRESENTATION('',(#346),#349);
#346 = B_SPLINE_CURVE_WITH_KNOTS('',1,(#347,#348),.UNSPECIFIED.,.F.,.F.,
  (2,2),(11.2,38.8),.PIECEWISE_BEZIER_KNOTS.);
#347 = CARTESIAN_POINT('',(36.2,-23.8));
#348 = CARTESIAN_POINT('',(63.8,-23.8));
#349 = ( GEOMETRIC_REPRESENTATION_CONTEXT(2) 
PARAMETRIC_REPRESENTATION_CONTEXT() REPRESENTATION_CONTEXT('2D SPACE',''
  ) );
#350 = PCURVE('',#351,#356);
#351 = PLANE('',#352);
#352 = AXIS2_PLACEMENT_3D('',#353,#354,#355);
#353 = CARTESIAN_POINT('',(-1.,46.3,62.));
#354 = DIRECTION('',(0.,-1.,0.));
#355 = DIRECTION('',(0.,0.,1.));
#356 = DEFINITIONAL_REPRESENTATION('',(#357),#360);
#357 = B_SPLINE_CURVE_WITH_KNOTS('',1,(#358,#359),.UNSPECIFIED.,.F.,.F.,
  (2,2),(11.2,38.8),.PIECEWISE_BEZIER_KNOTS.);
#358 = CARTESIAN_POINT('',(-13.8,-1.));
#359 = CARTESIAN_POINT('',(13.8,-1.));
#360 = ( GEOMETRIC_REPRESENTATION_CONTEXT(2) 
PARAMETRIC_REPRESENTATION_CONTEXT() REPRESENTATION_CONTEXT('2D SPACE',''
  ) );
#361 = FACE_BOUND('',#362,.T.);
#362 = EDGE_LOOP('',(#363,#394,#420,#449));
#363 = ORIENTED_EDGE('',*,*,#364,.F.);
#364 = EDGE_CURVE('',#365,#367,#369,.T.);
#365 = VERTEX_POINT('',#366);
#366 = CARTESIAN_POINT('',(0.,48.9,75.8));
#367 = VERTEX_POINT('',#368);
#368 = CARTESIAN_POINT('',(0.,51.3,75.8));
#369 = SURFACE_CURVE('',#370,(#375,#382),.PCURVE_S1.);
#370 = CIRCLE('',#371,1.2);
#371 = AXIS2_PLACEMENT_3D('',#372,#373,#374);
#372 = CARTESIAN_POINT('',(0.,50.1,75.8));
#373 = DIRECTION('',(-1.,-0.,-0.));
#374 = DIRECTION('',(0.,0.,-1.));
#375 = PCURVE('',#32,#376);
#376 = DEFINITIONAL_REPRESENTATION('',(#377),#381);
#377 = CIRCLE('',#378,1.2);
#378 = AXIS2_PLACEMENT_2D('',#379,#380);
#379 = CARTESIAN_POINT('',(63.8,-20.));
#380 = DIRECTION('',(-1.,0.));
#381 = ( GEOMETRIC_REPRESENTATION_CONTEXT(2) 
PARAMETRIC_REPRESENTATION_CONTEXT() REPRESENTATION_CONTEXT('2D SPACE',''
  ) );
#382 = PCURVE('',#383,#388);
#383 = CYLINDRICAL_SURFACE('',#384,1.2);
#384 = AXIS2_PLACEMENT_3D('',#385,#386,#387);
#385 = CARTESIAN_POINT('',(-1.,50.1,75.8));
#386 = DIRECTION('',(-1.,-0.,-0.));
#387 = DIRECTION('',(0.,0.,-1.));
#388 = DEFINITIONAL_REPRESENTATION('',(#389),#393);
#389 = LINE('',#390,#391);
#390 = CARTESIAN_POINT('',(0.,-1.));
#391 = VECTOR('',#392,1.);
#392 = DIRECTION('',(1.,0.));
#393 = ( GEOMETRIC_REPRESENTATION_CONTEXT(2) 
PARAMETRIC_REPRESENTATION_CONTEXT() REPRESENTATION_CONTEXT('2D SPACE',''
  ) );
#394 = ORIENTED_EDGE('',*,*,#395,.F.);
#395 = EDGE_CURVE('',#396,#365,#398,.T.);
#396 = VERTEX_POINT('',#397);
#397 = CARTESIAN_POINT('',(0.,48.9,48.2));
#398 = SURFACE_CURVE('',#399,(#403,#409),.PCURVE_S1.);
#399 = LINE('',#400,#401);
#400 = CARTESIAN_POINT('',(0.,48.9,30.1));
#401 = VECTOR('',#402,1.);
#402 = DIRECTION('',(0.,0.,1.));
#403 = PCURVE('',#32,#404);
#404 = DEFINITIONAL_REPRESENTATION('',(#405),#408);
#405 = B_SPLINE_CURVE_WITH_KNOTS('',1,(#406,#407),.UNSPECIFIED.,.F.,.F.,
  (2,2),(18.1,45.7),.PIECEWISE_BEZIER_KNOTS.);
#406 = CARTESIAN_POINT('',(36.2,-21.2));
#407 = CARTESIAN_POINT('',(63.8,-21.2));
#408 = ( GEOMETRIC_REPRESENTATION_CONTEXT(2) 
PARAMETRIC_REPRESENTATION_CONTEXT() REPRESENTATION_CONTEXT('2D SPACE',''
  ) );
#409 = PCURVE('',#410,#415);
#410 = PLANE('',#411);
#411 = AXIS2_PLACEMENT_3D('',#412,#413,#414);
#412 = CARTESIAN_POINT('',(-1.,48.9,48.2));
#413 = DIRECTION('',(0.,-1.,0.));
#414 = DIRECTION('',(0.,0.,1.));
#415 = DEFINITIONAL_REPRESENTATION('',(#416),#419);
#416 = B_SPLINE_CURVE_WITH_KNOTS('',1,(#417,#418),.UNSPECIFIED.,.F.,.F.,
  (2,2),(18.1,45.7),.PIECEWISE_BEZIER_KNOTS.);
#417 = CARTESIAN_POINT('',(0.,-1.));
#418 = CARTESIAN_POINT('',(27.6,-1.));
#419 = ( GEOMETRIC_REPRESENTATION_CONTEXT(2) 
PARAMETRIC_REPRESENTATION_CONTEXT() REPRESENTATION_CONTEXT('2D SPACE',''
  ) );
#420 = ORIENTED_EDGE('',*,*,#421,.F.);
#421 = EDGE_CURVE('',#422,#396,#424,.T.);
#422 = VERTEX_POINT('',#423);
#423 = CARTESIAN_POINT('',(0.,51.3,48.2));
#424 = SURFACE_CURVE('',#425,(#430,#437),.PCURVE_S1.);
#425 = CIRCLE('',#426,1.2);
#426 = AXIS2_PLACEMENT_3D('',#427,#428,#429);
#427 = CARTESIAN_POINT('',(0.,50.1,48.2));
#428 = DIRECTION('',(-1.,0.,0.));
#429 = DIRECTION('',(0.,0.,1.));
#430 = PCURVE('',#32,#431);
#431 = DEFINITIONAL_REPRESENTATION('',(#432),#436);
#432 = CIRCLE('',#433,1.2);
#433 = AXIS2_PLACEMENT_2D('',#434,#435);
#434 = CARTESIAN_POINT('',(36.2,-20.));
#435 = DIRECTION('',(1.,0.));
#436 = ( GEOMETRIC_REPRESENTATION_CONTEXT(2) 
PARAMETRIC_REPRESENTATION_CONTEXT() REPRESENTATION_CONTEXT('2D SPACE',''
  ) );
#437 = PCURVE('',#438,#443);
#438 = CYLINDRICAL_SURFACE('',#439,1.2);
#439 = AXIS2_PLACEMENT_3D('',#440,#441,#442);
#440 = CARTESIAN_POINT('',(-1.,50.1,48.2));
#441 = DIRECTION('',(-1.,0.,0.));
#442 = DIRECTION('',(0.,0.,1.));
#443 = DEFINITIONAL_REPRESENTATION('',(#444),#448);
#444 = LINE('',#445,#446);
#445 = CARTESIAN_POINT('',(0.,-1.));
#446 = VECTOR('',#447,1.);
#447 = DIRECTION('',(1.,0.));
#448 = ( GEOMETRIC_REPRESENTATION_CONTEXT(2) 
PARAMETRIC_REPRESENTATION_CONTEXT() REPRESENTATION_CONTEXT('2D SPACE',''
  ) );
#449 = ORIENTED_EDGE('',*,*,#450,.T.);
#450 = EDGE_CURVE('',#422,#367,#451,.T.);
#451 = SURFACE_CURVE('',#452,(#456,#462),.PCURVE_S1.);
#452 = LINE('',#453,#454);
#453 = CARTESIAN_POINT('',(0.,51.3,37.));
#454 = VECTOR('',#455,1.);
#455 = DIRECTION('',(0.,0.,1.));
#456 = PCURVE('',#32,#457);
#457 = DEFINITIONAL_REPRESENTATION('',(#458),#461);
#458 = B_SPLINE_CURVE_WITH_KNOTS('',1,(#459,#460),.UNSPECIFIED.,.F.,.F.,
  (2,2),(11.2,38.8),.PIECEWISE_BEZIER_KNOTS.);
#459 = CARTESIAN_POINT('',(36.2,-18.8));
#460 = CARTESIAN_POINT('',(63.8,-18.8));
#461 = ( GEOMETRIC_REPRESENTATION_CONTEXT(2) 
PARAMETRIC_REPRESENTATION_CONTEXT() REPRESENTATION_CONTEXT('2D SPACE',''
  ) );
#462 = PCURVE('',#463,#468);
#463 = PLANE('',#464);
#464 = AXIS2_PLACEMENT_3D('',#465,#466,#467);
#465 = CARTESIAN_POINT('',(-1.,51.3,62.));
#466 = DIRECTION('',(0.,-1.,0.));
#467 = DIRECTION('',(0.,0.,1.));
#468 = DEFINITIONAL_REPRESENTATION('',(#469),#472);
#469 = B_SPLINE_CURVE_WITH_KNOTS('',1,(#470,#471),.UNSPECIFIED.,.F.,.F.,
  (2,2),(11.2,38.8),.PIECEWISE_BEZIER_KNOTS.);
#470 = CARTESIAN_POINT('',(-13.8,-1.));
#471 = CARTESIAN_POINT('',(13.8,-1.));
#472 = ( GEOMETRIC_REPRESENTATION_CONTEXT(2) 
PARAMETRIC_REPRESENTATION_CONTEXT() REPRESENTATION_CONTEXT('2D SPACE',''
  ) );
#473 = FACE_BOUND('',#474,.T.);
#474 = EDGE_LOOP('',(#475,#506,#532,#561));
#475 = ORIENTED_EDGE('',*,*,#476,.F.);
#476 = EDGE_CURVE('',#477,#479,#481,.T.);
#477 = VERTEX_POINT('',#478);
#478 = CARTESIAN_POINT('',(0.,53.9,75.8));
#479 = VERTEX_POINT('',#480);
#480 = CARTESIAN_POINT('',(0.,56.3,75.8));
#481 = SURFACE_CURVE('',#482,(#487,#494),.PCURVE_S1.);
#482 = CIRCLE('',#483,1.2);
#483 = AXIS2_PLACEMENT_3D('',#484,#485,#486);
#484 = CARTESIAN_POINT('',(0.,55.1,75.8));
#485 = DIRECTION('',(-1.,-0.,-0.));
#486 = DIRECTION('',(0.,0.,-1.));
#487 = PCURVE('',#32,#488);
#488 = DEFINITIONAL_REPRESENTATION('',(#489),#493);
#489 = CIRCLE('',#490,1.2);
#490 = AXIS2_PLACEMENT_2D('',#491,#492);
#491 = CARTESIAN_POINT('',(63.8,-15.));
#492 = DIRECTION('',(-1.,0.));
#493 = ( GEOMETRIC_REPRESENTATION_CONTEXT(2) 
PARAMETRIC_REPRESENTATION_CONTEXT() REPRESENTATION_CONTEXT('2D SPACE',''
  ) );
#494 = PCURVE('',#495,#500);
#495 = CYLINDRICAL_SURFACE('',#496,1.2);
#496 = AXIS2_PLACEMENT_3D('',#497,#498,#499);
#497 = CARTESIAN_POINT('',(-1.,55.1,75.8));
#498 = DIRECTION('',(-1.,-0.,-0.));
#499 = DIRECTION('',(0.,0.,-1.));
#500 = DEFINITIONAL_REPRESENTATION('',(#501),#505);
#501 = LINE('',#502,#503);
#502 = CARTESIAN_POINT('',(0.,-1.));
#503 = VECTOR('',#504,1.);
#504 = DIRECTION('',(1.,0.));
#505 = ( GEOMETRIC_REPRESENTATION_CONTEXT(2) 
PARAMETRIC_REPRESENTATION_CONTEXT() REPRESENTATION_CONTEXT('2D SPACE',''
  ) );
#506 = ORIENTED_EDGE('',*,*,#507,.F.);
#507 = EDGE_CURVE('',#508,#477,#510,.T.);
#508 = VERTEX_POINT('',#509);
#509 = CARTESIAN_POINT('',(0.,53.9,48.2));
#510 = SURFACE_CURVE('',#511,(#515,#521),.PCURVE_S1.);
#511 = LINE('',#512,#513);
#512 = CARTESIAN_POINT('',(0.,53.9,30.1));
#513 = VECTOR('',#514,1.);
#514 = DIRECTION('',(0.,0.,1.));
#515 = PCURVE('',#32,#516);
#516 = DEFINITIONAL_REPRESENTATION('',(#517),#520);
#517 = B_SPLINE_CURVE_WITH_KNOTS('',1,(#518,#519),.UNSPECIFIED.,.F.,.F.,
  (2,2),(18.1,45.7),.PIECEWISE_BEZIER_KNOTS.);
#518 = CARTESIAN_POINT('',(36.2,-16.2));
#519 = CARTESIAN_POINT('',(63.8,-16.2));
#520 = ( GEOMETRIC_REPRESENTATION_CONTEXT(2) 
PARAMETRIC_REPRESENTATION_CONTEXT() REPRESENTATION_CONTEXT('2D SPACE',''
  ) );
#521 = PCURVE('',#522,#527);
#522 = PLANE('',#523);
#523 = AXIS2_PLACEMENT_3D('',#524,#525,#526);
#524 = CARTESIAN_POINT('',(-1.,53.9,48.2));
#525 = DIRECTION('',(0.,-1.,0.));
#526 = DIRECTION('',(0.,0.,1.));
#527 = DEFINITIONAL_REPRESENTATION('',(#528),#531);
#528 = B_SPLINE_CURVE_WITH_KNOTS('',1,(#529,#530),.UNSPECIFIED.,.F.,.F.,
  (2,2),(18.1,45.7),.PIECEWISE_BEZIER_KNOTS.);
#529 = CARTESIAN_POINT('',(0.,-1.));
#530 = CARTESIAN_POINT('',(27.6,-1.));
#531 = ( GEOMETRIC_REPRESENTATION_CONTEXT(2) 
PARAMETRIC_REPRESENTATION_CONTEXT() REPRESENTATION_CONTEXT('2D SPACE',''
  ) );
#532 = ORIENTED_EDGE('',*,*,#533,.F.);
#533 = EDGE_CURVE('',#534,#508,#536,.T.);
#534 = VERTEX_POINT('',#535);
#535 = CARTESIAN_POINT('',(0.,56.3,48.2));
#536 = SURFACE_CURVE('',#537,(#542,#549),.PCURVE_S1.);
#537 = CIRCLE('',#538,1.2);
#538 = AXIS2_PLACEMENT_3D('',#539,#540,#541);
#539 = CARTESIAN_POINT('',(0.,55.1,48.2));
#540 = DIRECTION('',(-1.,0.,0.));
#541 = DIRECTION('',(0.,0.,1.));
#542 = PCURVE('',#32,#543);
#543 = DEFINITIONAL_REPRESENTATION('',(#544),#548);
#544 = CIRCLE('',#545,1.2);
#545 = AXIS2_PLACEMENT_2D('',#546,#547);
#546 = CARTESIAN_POINT('',(36.2,-15.));
#547 = DIRECTION('',(1.,0.));
#548 = ( GEOMETRIC_REPRESENTATION_CONTEXT(2) 
PARAMETRIC_REPRESENTATION_CONTEXT() REPRESENTATION_CONTEXT('2D SPACE',''
  ) );
#549 = PCURVE('',#550,#555);
#550 = CYLINDRICAL_SURFACE('',#551,1.2);
#551 = AXIS2_PLACEMENT_3D('',#552,#553,#554);
#552 = CARTESIAN_POINT('',(-1.,55.1,48.2));
#553 = DIRECTION('',(-1.,0.,0.));
#554 = DIRECTION('',(0.,0.,1.));
#555 = DEFINITIONAL_REPRESENTATION('',(#556),#560);
#556 = LINE('',#557,#558);
#557 = CARTESIAN_POINT('',(0.,-1.));
#558 = VECTOR('',#559,1.);
#559 = DIRECTION('',(1.,0.));
#560 = ( GEOMETRIC_REPRESENTATION_CONTEXT(2) 
PARAMETRIC_REPRESENTATION_CONTEXT() REPRESENTATION_CONTEXT('2D SPACE',''
  ) );
#561 = ORIENTED_EDGE('',*,*,#562,.T.);
#562 = EDGE_CURVE('',#534,#479,#563,.T.);
#563 = SURFACE_CURVE('',#564,(#568,#574),.PCURVE_S1.);
#564 = LINE('',#565,#566);
#565 = CARTESIAN_POINT('',(0.,56.3,37.));
#566 = VECTOR('',#567,1.);
#567 = DIRECTION('',(0.,0.,1.));
#568 = PCURVE('',#32,#569);
#569 = DEFINITIONAL_REPRESENTATION('',(#570),#573);
#570 = B_SPLINE_CURVE_WITH_KNOTS('',1,(#571,#572),.UNSPECIFIED.,.F.,.F.,
  (2,2),(11.2,38.8),.PIECEWISE_BEZIER_KNOTS.);
#571 = CARTESIAN_POINT('',(36.2,-13.8));
#572 = CARTESIAN_POINT('',(63.8,-13.8));
#573 = ( GEOMETRIC_REPRESENTATION_CONTEXT(2) 
PARAMETRIC_REPRESENTATION_CONTEXT() REPRESENTATION_CONTEXT('2D SPACE',''
  ) );
#574 = PCURVE('',#575,#580);
#575 = PLANE('',#576);
#576 = AXIS2_PLACEMENT_3D('',#577,#578,#579);
#577 = CARTESIAN_POINT('',(-1.,56.3,62.));
#578 = DIRECTION('',(0.,-1.,0.));
#579 = DIRECTION('',(0.,0.,1.));
#580 = DEFINITIONAL_REPRESENTATION('',(#581),#584);
#581 = B_SPLINE_CURVE_WITH_KNOTS('',1,(#582,#583),.UNSPECIFIED.,.F.,.F.,
  (2,2),(11.2,38.8),.PIECEWISE_BEZIER_KNOTS.);
#582 = CARTESIAN_POINT('',(-13.8,-1.));
#583 = CARTESIAN_POINT('',(13.8,-1.));
#584 = ( GEOMETRIC_REPRESENTATION_CONTEXT(2) 
PARAMETRIC_REPRESENTATION_CONTEXT() REPRESENTATION_CONTEXT('2D SPACE',''
  ) );
#585 = FACE_BOUND('',#586,.T.);
#586 = EDGE_LOOP('',(#587,#618,#644,#673));
#587 = ORIENTED_EDGE('',*,*,#588,.F.);
#588 = EDGE_CURVE('',#589,#591,#593,.T.);
#589 = VERTEX_POINT('',#590);
#590 = CARTESIAN_POINT('',(0.,58.9,75.8));
#591 = VERTEX_POINT('',#592);
#592 = CARTESIAN_POINT('',(0.,61.3,75.8));
#593 = SURFACE_CURVE('',#594,(#599,#606),.PCURVE_S1.);
#594 = CIRCLE('',#595,1.2);
#595 = AXIS2_PLACEMENT_3D('',#596,#597,#598);
#596 = CARTESIAN_POINT('',(0.,60.1,75.8));
#597 = DIRECTION('',(-1.,-0.,-0.));
#598 = DIRECTION('',(0.,0.,-1.));
#599 = PCURVE('',#32,#600);
#600 = DEFINITIONAL_REPRESENTATION('',(#601),#605);
#601 = CIRCLE('',#602,1.2);
#602 = AXIS2_PLACEMENT_2D('',#603,#604);
#603 = CARTESIAN_POINT('',(63.8,-10.));
#604 = DIRECTION('',(-1.,0.));
#605 = ( GEOMETRIC_REPRESENTATION_CONTEXT(2) 
PARAMETRIC_REPRESENTATION_CONTEXT() REPRESENTATION_CONTEXT('2D SPACE',''
  ) );
#606 = PCURVE('',#607,#612);
#607 = CYLINDRICAL_SURFACE('',#608,1.2);
#608 = AXIS2_PLACEMENT_3D('',#609,#610,#611);
#609 = CARTESIAN_POINT('',(-1.,60.1,75.8));
#610 = DIRECTION('',(-1.,-0.,-0.));
#611 = DIRECTION('',(0.,0.,-1.));
#612 = DEFINITIONAL_REPRESENTATION('',(#613),#617);
#613 = LINE('',#614,#615);
#614 = CARTESIAN_POINT('',(0.,-1.));
#615 = VECTOR('',#616,1.);
#616 = DIRECTION('',(1.,0.));
#617 = ( GEOMETRIC_REPRESENTATION_CONTEXT(2) 
PARAMETRIC_REPRESENTATION_CONTEXT() REPRESENTATION_CONTEXT('2D SPACE',''
  ) );
#618 = ORIENTED_EDGE('',*,*,#619,.F.);
#619 = EDGE_CURVE('',#620,#589,#622,.T.);
#620 = VERTEX_POINT('',#621);
#621 = CARTESIAN_POINT('',(0.,58.9,48.2));
#622 = SURFACE_CURVE('',#623,(#627,#633),.PCURVE_S1.);
#623 = LINE('',#624,#625);
#624 = CARTESIAN_POINT('',(0.,58.9,30.1));
#625 = VECTOR('',#626,1.);
#626 = DIRECTION('',(0.,0.,1.));
#627 = PCURVE('',#32,#628);
#628 = DEFINITIONAL_REPRESENTATION('',(#629),#632);
#629 = B_SPLINE_CURVE_WITH_KNOTS('',1,(#630,#631),.UNSPECIFIED.,.F.,.F.,
  (2,2),(18.1,45.7),.PIECEWISE_BEZIER_KNOTS.);
#630 = CARTESIAN_POINT('',(36.2,-11.2));
#631 = CARTESIAN_POINT('',(63.8,-11.2));
#632 = ( GEOMETRIC_REPRESENTATION_CONTEXT(2) 
PARAMETRIC_REPRESENTATION_CONTEXT() REPRESENTATION_CONTEXT('2D SPACE',''
  ) );
#633 = PCURVE('',#634,#639);
#634 = PLANE('',#635);
#635 = AXIS2_PLACEMENT_3D('',#636,#637,#638);
#636 = CARTESIAN_POINT('',(-1.,58.9,48.2));
#637 = DIRECTION('',(0.,-1.,0.));
#638 = DIRECTION('',(0.,0.,1.));
#639 = DEFINITIONAL_REPRESENTATION('',(#640),#643);
#640 = B_SPLINE_CURVE_WITH_KNOTS('',1,(#641,#642),.UNSPECIFIED.,.F.,.F.,
  (2,2),(18.1,45.7),.PIECEWISE_BEZIER_KNOTS.);
#641 = CARTESIAN_POINT('',(0.,-1.));
#642 = CARTESIAN_POINT('',(27.6,-1.));
#643 = ( GEOMETRIC_REPRESENTATION_CONTEXT(2) 
PARAMETRIC_REPRESENTATION_CONTEXT() REPRESENTATION_CONTEXT('2D SPACE',''
  ) );
#644 = ORIENTED_EDGE('',*,*,#645,.F.);
#645 = EDGE_CURVE('',#646,#620,#648,.T.);
#646 = VERTEX_POINT('',#647);
#647 = CARTESIAN_POINT('',(0.,61.3,48.2));
#648 = SURFACE_CURVE('',#649,(#654,#661),.PCURVE_S1.);
#649 = CIRCLE('',#650,1.2);
#650 = AXIS2_PLACEMENT_3D('',#651,#652,#653);
#651 = CARTESIAN_POINT('',(0.,60.1,48.2));
#652 = DIRECTION('',(-1.,0.,0.));
#653 = DIRECTION('',(0.,0.,1.));
#654 = PCURVE('',#32,#655);
#655 = DEFINITIONAL_REPRESENTATION('',(#656),#660);
#656 = CIRCLE('',#657,1.2);
#657 = AXIS2_PLACEMENT_2D('',#658,#659);
#658 = CARTESIAN_POINT('',(36.2,-10.));
#659 = DIRECTION('',(1.,0.));
#660 = ( GEOMETRIC_REPRESENTATION_CONTEXT(2) 
PARAMETRIC_REPRESENTATION_CONTEXT() REPRESENTATION_CONTEXT('2D SPACE',''
  ) );
#661 = PCURVE('',#662,#667);
#662 = CYLINDRICAL_SURFACE('',#663,1.2);
#663 = AXIS2_PLACEMENT_3D('',#664,#665,#666);
#664 = CARTESIAN_POINT('',(-1.,60.1,48.2));
#665 = DIRECTION('',(-1.,0.,0.));
#666 = DIRECTION('',(0.,0.,1.));
#667 = DEFINITIONAL_REPRESENTATION('',(#668),#672);
#668 = LINE('',#669,#670);
#669 = CARTESIAN_POINT('',(0.,-1.));
#670 = VECTOR('',#671,1.);
#671 = DIRECTION('',(1.,0.));
#672 = ( GEOMETRIC_REPRESENTATION_CONTEXT(2) 
PARAMETRIC_REPRESENTATION_CONTEXT() REPRESENTATION_CONTEXT('2D SPACE',''
  ) );
#673 = ORIENTED_EDGE('',*,*,#674,.T.);
#674 = EDGE_CURVE('',#646,#591,#675,.T.);
#675 = SURFACE_CURVE('',#676,(#680,#686),.PCURVE_S1.);
#676 = LINE('',#677,#678);
#677 = CARTESIAN_POINT('',(0.,61.3,37.));
#678 = VECTOR('',#679,1.);
#679 = DIRECTION('',(0.,0.,1.));
#680 = PCURVE('',#32,#681);
#681 = DEFINITIONAL_REPRESENTATION('',(#682),#685);
#682 = B_SPLINE_CURVE_WITH_KNOTS('',1,(#683,#684),.UNSPECIFIED.,.F.,.F.,
  (2,2),(11.2,38.8),.PIECEWISE_BEZIER_KNOTS.);
#683 = CARTESIAN_POINT('',(36.2,-8.8));
#684 = CARTESIAN_POINT('',(63.8,-8.8));
#685 = ( GEOMETRIC_REPRESENTATION_CONTEXT(2) 
PARAMETRIC_REPRESENTATION_CONTEXT() REPRESENTATION_CONTEXT('2D SPACE',''
  ) );
#686 = PCURVE('',#687,#692);
#687 = PLANE('',#688);
#688 = AXIS2_PLACEMENT_3D('',#689,#690,#691);
#689 = CARTESIAN_POINT('',(-1.,61.3,62.));
#690 = DIRECTION('',(0.,-1.,0.));
#691 = DIRECTION('',(0.,0.,1.));
#692 = DEFINITIONAL_REPRESENTATION('',(#693),#696);
#693 = B_SPLINE_CURVE_WITH_KNOTS('',1,(#694,#695),.UNSPECIFIED.,.F.,.F.,
  (2,2),(11.2,38.8),.PIECEWISE_BEZIER_KNOTS.);
#694 = CARTESIAN_POINT('',(-13.8,-1.));
#695 = CARTESIAN_POINT('',(13.8,-1.));
#696 = ( GEOMETRIC_REPRESENTATION_CONTEXT(2) 
PARAMETRIC_REPRESENTATION_CONTEXT() REPRESENTATION_CONTEXT('2D SPACE',''
  ) );
#697 = ADVANCED_FACE('',(#698),#662,.F.);
#698 = FACE_BOUND('',#699,.F.);
#699 = EDGE_LOOP('',(#700,#701,#724,#753));
#700 = ORIENTED_EDGE('',*,*,#645,.F.);
#701 = ORIENTED_EDGE('',*,*,#702,.T.);
#702 = EDGE_CURVE('',#646,#703,#705,.T.);
#703 = VERTEX_POINT('',#704);
#704 = CARTESIAN_POINT('',(2.5,61.3,48.2));
#705 = SURFACE_CURVE('',#706,(#710,#717),.PCURVE_S1.);
#706 = LINE('',#707,#708);
#707 = CARTESIAN_POINT('',(-1.,61.3,48.2));
#708 = VECTOR('',#709,1.);
#709 = DIRECTION('',(1.,0.,-0.));
#710 = PCURVE('',#662,#711);
#711 = DEFINITIONAL_REPRESENTATION('',(#712),#716);
#712 = LINE('',#713,#714);
#713 = CARTESIAN_POINT('',(1.570796326795,0.));
#714 = VECTOR('',#715,1.);
#715 = DIRECTION('',(0.,-1.));
#716 = ( GEOMETRIC_REPRESENTATION_CONTEXT(2) 
PARAMETRIC_REPRESENTATION_CONTEXT() REPRESENTATION_CONTEXT('2D SPACE',''
  ) );
#717 = PCURVE('',#687,#718);
#718 = DEFINITIONAL_REPRESENTATION('',(#719),#723);
#719 = LINE('',#720,#721);
#720 = CARTESIAN_POINT('',(-13.8,0.));
#721 = VECTOR('',#722,1.);
#722 = DIRECTION('',(0.,-1.));
#723 = ( GEOMETRIC_REPRESENTATION_CONTEXT(2) 
PARAMETRIC_REPRESENTATION_CONTEXT() REPRESENTATION_CONTEXT('2D SPACE',''
  ) );
#724 = ORIENTED_EDGE('',*,*,#725,.T.);
#725 = EDGE_CURVE('',#703,#726,#728,.T.);
#726 = VERTEX_POINT('',#727);
#727 = CARTESIAN_POINT('',(2.5,58.9,48.2));
#728 = SURFACE_CURVE('',#729,(#734,#741),.PCURVE_S1.);
#729 = CIRCLE('',#730,1.2);
#730 = AXIS2_PLACEMENT_3D('',#731,#732,#733);
#731 = CARTESIAN_POINT('',(2.5,60.1,48.2));
#732 = DIRECTION('',(-1.,0.,0.));
#733 = DIRECTION('',(0.,0.,1.));
#734 = PCURVE('',#662,#735);
#735 = DEFINITIONAL_REPRESENTATION('',(#736),#740);
#736 = LINE('',#737,#738);
#737 = CARTESIAN_POINT('',(0.,-3.5));
#738 = VECTOR('',#739,1.);
#739 = DIRECTION('',(1.,0.));
#740 = ( GEOMETRIC_REPRESENTATION_CONTEXT(2) 
PARAMETRIC_REPRESENTATION_CONTEXT() REPRESENTATION_CONTEXT('2D SPACE',''
  ) );
#741 = PCURVE('',#742,#747);
#742 = PLANE('',#743);
#743 = AXIS2_PLACEMENT_3D('',#744,#745,#746);
#744 = CARTESIAN_POINT('',(2.5,71.1,12.));
#745 = DIRECTION('',(-1.,0.,0.));
#746 = DIRECTION('',(0.,0.,1.));
#747 = DEFINITIONAL_REPRESENTATION('',(#748),#752);
#748 = CIRCLE('',#749,1.2);
#749 = AXIS2_PLACEMENT_2D('',#750,#751);
#750 = CARTESIAN_POINT('',(36.2,-11.));
#751 = DIRECTION('',(1.,0.));
#752 = ( GEOMETRIC_REPRESENTATION_CONTEXT(2) 
PARAMETRIC_REPRESENTATION_CONTEXT() REPRESENTATION_CONTEXT('2D SPACE',''
  ) );
#753 = ORIENTED_EDGE('',*,*,#754,.F.);
#754 = EDGE_CURVE('',#620,#726,#755,.T.);
#755 = SURFACE_CURVE('',#756,(#760,#767),.PCURVE_S1.);
#756 = LINE('',#757,#758);
#757 = CARTESIAN_POINT('',(-1.,58.9,48.2));
#758 = VECTOR('',#759,1.);
#759 = DIRECTION('',(1.,0.,-0.));
#760 = PCURVE('',#662,#761);
#761 = DEFINITIONAL_REPRESENTATION('',(#762),#766);
#762 = LINE('',#763,#764);
#763 = CARTESIAN_POINT('',(4.712388980385,0.));
#764 = VECTOR('',#765,1.);
#765 = DIRECTION('',(0.,-1.));
#766 = ( GEOMETRIC_REPRESENTATION_CONTEXT(2) 
PARAMETRIC_REPRESENTATION_CONTEXT() REPRESENTATION_CONTEXT('2D SPACE',''
  ) );
#767 = PCURVE('',#634,#768);
#768 = DEFINITIONAL_REPRESENTATION('',(#769),#773);
#769 = LINE('',#770,#771);
#770 = CARTESIAN_POINT('',(0.,0.));
#771 = VECTOR('',#772,1.);
#772 = DIRECTION('',(0.,-1.));
#773 = ( GEOMETRIC_REPRESENTATION_CONTEXT(2) 
PARAMETRIC_REPRESENTATION_CONTEXT() REPRESENTATION_CONTEXT('2D SPACE',''
  ) );
#774 = ADVANCED_FACE('',(#775,#888,#980,#1072,#1164,#1256),#742,.F.);
#775 = FACE_BOUND('',#776,.F.);
#776 = EDGE_LOOP('',(#777,#806,#834,#862));
#777 = ORIENTED_EDGE('',*,*,#778,.T.);
#778 = EDGE_CURVE('',#779,#781,#783,.T.);
#779 = VERTEX_POINT('',#780);
#780 = CARTESIAN_POINT('',(2.5,70.1,159.5));
#781 = VERTEX_POINT('',#782);
#782 = CARTESIAN_POINT('',(2.5,70.1,12.));
#783 = SURFACE_CURVE('',#784,(#788,#794),.PCURVE_S1.);
#784 = LINE('',#785,#786);
#785 = CARTESIAN_POINT('',(2.5,70.1,48.875));
#786 = VECTOR('',#787,1.);
#787 = DIRECTION('',(-0.,-0.,-1.));
#788 = PCURVE('',#742,#789);
#789 = DEFINITIONAL_REPRESENTATION('',(#790),#793);
#790 = B_SPLINE_CURVE_WITH_KNOTS('',1,(#791,#792),.UNSPECIFIED.,.F.,.F.,
  (2,2),(-110.625,36.875),.PIECEWISE_BEZIER_KNOTS.);
#791 = CARTESIAN_POINT('',(147.5,-1.));
#792 = CARTESIAN_POINT('',(0.,-1.));
#793 = ( GEOMETRIC_REPRESENTATION_CONTEXT(2) 
PARAMETRIC_REPRESENTATION_CONTEXT() REPRESENTATION_CONTEXT('2D SPACE',''
  ) );
#794 = PCURVE('',#795,#800);
#795 = PLANE('',#796);
#796 = AXIS2_PLACEMENT_3D('',#797,#798,#799);
#797 = CARTESIAN_POINT('',(90.,70.1,85.75));
#798 = DIRECTION('',(0.,-1.,0.));
#799 = DIRECTION('',(1.,0.,0.));
#800 = DEFINITIONAL_REPRESENTATION('',(#801),#805);
#801 = LINE('',#802,#803);
#802 = CARTESIAN_POINT('',(-87.5,-36.875));
#803 = VECTOR('',#804,1.);
#804 = DIRECTION('',(0.,-1.));
#805 = ( GEOMETRIC_REPRESENTATION_CONTEXT(2) 
PARAMETRIC_REPRESENTATION_CONTEXT() REPRESENTATION_CONTEXT('2D SPACE',''
  ) );
#806 = ORIENTED_EDGE('',*,*,#807,.T.);
#807 = EDGE_CURVE('',#781,#808,#810,.T.);
#808 = VERTEX_POINT('',#809);
#809 = CARTESIAN_POINT('',(2.5,4.6,12.));
#810 = SURFACE_CURVE('',#811,(#815,#822),.PCURVE_S1.);
#811 = LINE('',#812,#813);
#812 = CARTESIAN_POINT('',(2.5,71.1,12.));
#813 = VECTOR('',#814,1.);
#814 = DIRECTION('',(0.,-1.,0.));
#815 = PCURVE('',#742,#816);
#816 = DEFINITIONAL_REPRESENTATION('',(#817),#821);
#817 = LINE('',#818,#819);
#818 = CARTESIAN_POINT('',(0.,0.));
#819 = VECTOR('',#820,1.);
#820 = DIRECTION('',(0.,-1.));
#821 = ( GEOMETRIC_REPRESENTATION_CONTEXT(2) 
PARAMETRIC_REPRESENTATION_CONTEXT() REPRESENTATION_CONTEXT('2D SPACE',''
  ) );
#822 = PCURVE('',#823,#828);
#823 = CYLINDRICAL_SURFACE('',#824,9.5);
#824 = AXIS2_PLACEMENT_3D('',#825,#826,#827);
#825 = CARTESIAN_POINT('',(12.,71.1,12.));
#826 = DIRECTION('',(0.,1.,-0.));
#827 = DIRECTION('',(-1.,0.,0.));
#828 = DEFINITIONAL_REPRESENTATION('',(#829),#833);
#829 = LINE('',#830,#831);
#830 = CARTESIAN_POINT('',(6.28318530718,0.));
#831 = VECTOR('',#832,1.);
#832 = DIRECTION('',(0.,-1.));
#833 = ( GEOMETRIC_REPRESENTATION_CONTEXT(2) 
PARAMETRIC_REPRESENTATION_CONTEXT() REPRESENTATION_CONTEXT('2D SPACE',''
  ) );
#834 = ORIENTED_EDGE('',*,*,#835,.T.);
#835 = EDGE_CURVE('',#808,#836,#838,.T.);
#836 = VERTEX_POINT('',#837);
#837 = CARTESIAN_POINT('',(2.5,4.6,159.5));
#838 = SURFACE_CURVE('',#839,(#843,#850),.PCURVE_S1.);
#839 = LINE('',#840,#841);
#840 = CARTESIAN_POINT('',(2.5,4.6,85.75));
#841 = VECTOR('',#842,1.);
#842 = DIRECTION('',(0.,0.,1.));
#843 = PCURVE('',#742,#844);
#844 = DEFINITIONAL_REPRESENTATION('',(#845),#849);
#845 = LINE('',#846,#847);
#846 = CARTESIAN_POINT('',(73.75,-66.5));
#847 = VECTOR('',#848,1.);
#848 = DIRECTION('',(1.,0.));
#849 = ( GEOMETRIC_REPRESENTATION_CONTEXT(2) 
PARAMETRIC_REPRESENTATION_CONTEXT() REPRESENTATION_CONTEXT('2D SPACE',''
  ) );
#850 = PCURVE('',#851,#856);
#851 = PLANE('',#852);
#852 = AXIS2_PLACEMENT_3D('',#853,#854,#855);
#853 = CARTESIAN_POINT('',(90.,4.6,85.75));
#854 = DIRECTION('',(0.,-1.,0.));
#855 = DIRECTION('',(1.,0.,0.));
#856 = DEFINITIONAL_REPRESENTATION('',(#857),#861);
#857 = LINE('',#858,#859);
#858 = CARTESIAN_POINT('',(-87.5,3.584662289333E-15));
#859 = VECTOR('',#860,1.);
#860 = DIRECTION('',(0.,1.));
#861 = ( GEOMETRIC_REPRESENTATION_CONTEXT(2) 
PARAMETRIC_REPRESENTATION_CONTEXT() REPRESENTATION_CONTEXT('2D SPACE',''
  ) );
#862 = ORIENTED_EDGE('',*,*,#863,.F.);
#863 = EDGE_CURVE('',#779,#836,#864,.T.);
#864 = SURFACE_CURVE('',#865,(#869,#876),.PCURVE_S1.);
#865 = LINE('',#866,#867);
#866 = CARTESIAN_POINT('',(2.5,71.1,159.5));
#867 = VECTOR('',#868,1.);
#868 = DIRECTION('',(0.,-1.,0.));
#869 = PCURVE('',#742,#870);
#870 = DEFINITIONAL_REPRESENTATION('',(#871),#875);
#871 = LINE('',#872,#873);
#872 = CARTESIAN_POINT('',(147.5,0.));
#873 = VECTOR('',#874,1.);
#874 = DIRECTION('',(0.,-1.));
#875 = ( GEOMETRIC_REPRESENTATION_CONTEXT(2) 
PARAMETRIC_REPRESENTATION_CONTEXT() REPRESENTATION_CONTEXT('2D SPACE',''
  ) );
#876 = PCURVE('',#877,#882);
#877 = CYLINDRICAL_SURFACE('',#878,9.5);
#878 = AXIS2_PLACEMENT_3D('',#879,#880,#881);
#879 = CARTESIAN_POINT('',(12.,71.1,159.5));
#880 = DIRECTION('',(0.,1.,-0.));
#881 = DIRECTION('',(-1.,0.,0.));
#882 = DEFINITIONAL_REPRESENTATION('',(#883),#887);
#883 = LINE('',#884,#885);
#884 = CARTESIAN_POINT('',(0.,0.));
#885 = VECTOR('',#886,1.);
#886 = DIRECTION('',(0.,-1.));
#887 = ( GEOMETRIC_REPRESENTATION_CONTEXT(2) 
PARAMETRIC_REPRESENTATION_CONTEXT() REPRESENTATION_CONTEXT('2D SPACE',''
  ) );
#888 = FACE_BOUND('',#889,.F.);
#889 = EDGE_LOOP('',(#890,#916,#937,#961));
#890 = ORIENTED_EDGE('',*,*,#891,.F.);
#891 = EDGE_CURVE('',#892,#894,#896,.T.);
#892 = VERTEX_POINT('',#893);
#893 = CARTESIAN_POINT('',(2.5,38.9,75.8));
#894 = VERTEX_POINT('',#895);
#895 = CARTESIAN_POINT('',(2.5,41.3,75.8));
#896 = SURFACE_CURVE('',#897,(#902,#909),.PCURVE_S1.);
#897 = CIRCLE('',#898,1.2);
#898 = AXIS2_PLACEMENT_3D('',#899,#900,#901);
#899 = CARTESIAN_POINT('',(2.5,40.1,75.8));
#900 = DIRECTION('',(-1.,-0.,-0.));
#901 = DIRECTION('',(0.,0.,-1.));
#902 = PCURVE('',#742,#903);
#903 = DEFINITIONAL_REPRESENTATION('',(#904),#908);
#904 = CIRCLE('',#905,1.2);
#905 = AXIS2_PLACEMENT_2D('',#906,#907);
#906 = CARTESIAN_POINT('',(63.8,-31.));
#907 = DIRECTION('',(-1.,0.));
#908 = ( GEOMETRIC_REPRESENTATION_CONTEXT(2) 
PARAMETRIC_REPRESENTATION_CONTEXT() REPRESENTATION_CONTEXT('2D SPACE',''
  ) );
#909 = PCURVE('',#159,#910);
#910 = DEFINITIONAL_REPRESENTATION('',(#911),#915);
#911 = LINE('',#912,#913);
#912 = CARTESIAN_POINT('',(0.,-3.5));
#913 = VECTOR('',#914,1.);
#914 = DIRECTION('',(1.,0.));
#915 = ( GEOMETRIC_REPRESENTATION_CONTEXT(2) 
PARAMETRIC_REPRESENTATION_CONTEXT() REPRESENTATION_CONTEXT('2D SPACE',''
  ) );
#916 = ORIENTED_EDGE('',*,*,#917,.F.);
#917 = EDGE_CURVE('',#918,#892,#920,.T.);
#918 = VERTEX_POINT('',#919);
#919 = CARTESIAN_POINT('',(2.5,38.9,48.2));
#920 = SURFACE_CURVE('',#921,(#925,#931),.PCURVE_S1.);
#921 = LINE('',#922,#923);
#922 = CARTESIAN_POINT('',(2.5,38.9,30.1));
#923 = VECTOR('',#924,1.);
#924 = DIRECTION('',(0.,0.,1.));
#925 = PCURVE('',#742,#926);
#926 = DEFINITIONAL_REPRESENTATION('',(#927),#930);
#927 = B_SPLINE_CURVE_WITH_KNOTS('',1,(#928,#929),.UNSPECIFIED.,.F.,.F.,
  (2,2),(18.1,45.7),.PIECEWISE_BEZIER_KNOTS.);
#928 = CARTESIAN_POINT('',(36.2,-32.2));
#929 = CARTESIAN_POINT('',(63.8,-32.2));
#930 = ( GEOMETRIC_REPRESENTATION_CONTEXT(2) 
PARAMETRIC_REPRESENTATION_CONTEXT() REPRESENTATION_CONTEXT('2D SPACE',''
  ) );
#931 = PCURVE('',#186,#932);
#932 = DEFINITIONAL_REPRESENTATION('',(#933),#936);
#933 = B_SPLINE_CURVE_WITH_KNOTS('',1,(#934,#935),.UNSPECIFIED.,.F.,.F.,
  (2,2),(18.1,45.7),.PIECEWISE_BEZIER_KNOTS.);
#934 = CARTESIAN_POINT('',(0.,-3.5));
#935 = CARTESIAN_POINT('',(27.6,-3.5));
#936 = ( GEOMETRIC_REPRESENTATION_CONTEXT(2) 
PARAMETRIC_REPRESENTATION_CONTEXT() REPRESENTATION_CONTEXT('2D SPACE',''
  ) );
#937 = ORIENTED_EDGE('',*,*,#938,.F.);
#938 = EDGE_CURVE('',#939,#918,#941,.T.);
#939 = VERTEX_POINT('',#940);
#940 = CARTESIAN_POINT('',(2.5,41.3,48.2));
#941 = SURFACE_CURVE('',#942,(#947,#954),.PCURVE_S1.);
#942 = CIRCLE('',#943,1.2);
#943 = AXIS2_PLACEMENT_3D('',#944,#945,#946);
#944 = CARTESIAN_POINT('',(2.5,40.1,48.2));
#945 = DIRECTION('',(-1.,0.,0.));
#946 = DIRECTION('',(0.,0.,1.));
#947 = PCURVE('',#742,#948);
#948 = DEFINITIONAL_REPRESENTATION('',(#949),#953);
#949 = CIRCLE('',#950,1.2);
#950 = AXIS2_PLACEMENT_2D('',#951,#952);
#951 = CARTESIAN_POINT('',(36.2,-31.));
#952 = DIRECTION('',(1.,0.));
#953 = ( GEOMETRIC_REPRESENTATION_CONTEXT(2) 
PARAMETRIC_REPRESENTATION_CONTEXT() REPRESENTATION_CONTEXT('2D SPACE',''
  ) );
#954 = PCURVE('',#214,#955);
#955 = DEFINITIONAL_REPRESENTATION('',(#956),#960);
#956 = LINE('',#957,#958);
#957 = CARTESIAN_POINT('',(0.,-3.5));
#958 = VECTOR('',#959,1.);
#959 = DIRECTION('',(1.,0.));
#960 = ( GEOMETRIC_REPRESENTATION_CONTEXT(2) 
PARAMETRIC_REPRESENTATION_CONTEXT() REPRESENTATION_CONTEXT('2D SPACE',''
  ) );
#961 = ORIENTED_EDGE('',*,*,#962,.T.);
#962 = EDGE_CURVE('',#939,#894,#963,.T.);
#963 = SURFACE_CURVE('',#964,(#968,#974),.PCURVE_S1.);
#964 = LINE('',#965,#966);
#965 = CARTESIAN_POINT('',(2.5,41.3,37.));
#966 = VECTOR('',#967,1.);
#967 = DIRECTION('',(0.,0.,1.));
#968 = PCURVE('',#742,#969);
#969 = DEFINITIONAL_REPRESENTATION('',(#970),#973);
#970 = B_SPLINE_CURVE_WITH_KNOTS('',1,(#971,#972),.UNSPECIFIED.,.F.,.F.,
  (2,2),(11.2,38.8),.PIECEWISE_BEZIER_KNOTS.);
#971 = CARTESIAN_POINT('',(36.2,-29.8));
#972 = CARTESIAN_POINT('',(63.8,-29.8));
#973 = ( GEOMETRIC_REPRESENTATION_CONTEXT(2) 
PARAMETRIC_REPRESENTATION_CONTEXT() REPRESENTATION_CONTEXT('2D SPACE',''
  ) );
#974 = PCURVE('',#239,#975);
#975 = DEFINITIONAL_REPRESENTATION('',(#976),#979);
#976 = B_SPLINE_CURVE_WITH_KNOTS('',1,(#977,#978),.UNSPECIFIED.,.F.,.F.,
  (2,2),(11.2,38.8),.PIECEWISE_BEZIER_KNOTS.);
#977 = CARTESIAN_POINT('',(-13.8,-3.5));
#978 = CARTESIAN_POINT('',(13.8,-3.5));
#979 = ( GEOMETRIC_REPRESENTATION_CONTEXT(2) 
PARAMETRIC_REPRESENTATION_CONTEXT() REPRESENTATION_CONTEXT('2D SPACE',''
  ) );
#980 = FACE_BOUND('',#981,.F.);
#981 = EDGE_LOOP('',(#982,#1008,#1029,#1053));
#982 = ORIENTED_EDGE('',*,*,#983,.F.);
#983 = EDGE_CURVE('',#984,#986,#988,.T.);
#984 = VERTEX_POINT('',#985);
#985 = CARTESIAN_POINT('',(2.5,43.9,75.8));
#986 = VERTEX_POINT('',#987);
#987 = CARTESIAN_POINT('',(2.5,46.3,75.8));
#988 = SURFACE_CURVE('',#989,(#994,#1001),.PCURVE_S1.);
#989 = CIRCLE('',#990,1.2);
#990 = AXIS2_PLACEMENT_3D('',#991,#992,#993);
#991 = CARTESIAN_POINT('',(2.5,45.1,75.8));
#992 = DIRECTION('',(-1.,-0.,-0.));
#993 = DIRECTION('',(0.,0.,-1.));
#994 = PCURVE('',#742,#995);
#995 = DEFINITIONAL_REPRESENTATION('',(#996),#1000);
#996 = CIRCLE('',#997,1.2);
#997 = AXIS2_PLACEMENT_2D('',#998,#999);
#998 = CARTESIAN_POINT('',(63.8,-26.));
#999 = DIRECTION('',(-1.,0.));
#1000 = ( GEOMETRIC_REPRESENTATION_CONTEXT(2) 
PARAMETRIC_REPRESENTATION_CONTEXT() REPRESENTATION_CONTEXT('2D SPACE',''
  ) );
#1001 = PCURVE('',#271,#1002);
#1002 = DEFINITIONAL_REPRESENTATION('',(#1003),#1007);
#1003 = LINE('',#1004,#1005);
#1004 = CARTESIAN_POINT('',(0.,-3.5));
#1005 = VECTOR('',#1006,1.);
#1006 = DIRECTION('',(1.,0.));
#1007 = ( GEOMETRIC_REPRESENTATION_CONTEXT(2) 
PARAMETRIC_REPRESENTATION_CONTEXT() REPRESENTATION_CONTEXT('2D SPACE',''
  ) );
#1008 = ORIENTED_EDGE('',*,*,#1009,.F.);
#1009 = EDGE_CURVE('',#1010,#984,#1012,.T.);
#1010 = VERTEX_POINT('',#1011);
#1011 = CARTESIAN_POINT('',(2.5,43.9,48.2));
#1012 = SURFACE_CURVE('',#1013,(#1017,#1023),.PCURVE_S1.);
#1013 = LINE('',#1014,#1015);
#1014 = CARTESIAN_POINT('',(2.5,43.9,30.1));
#1015 = VECTOR('',#1016,1.);
#1016 = DIRECTION('',(0.,0.,1.));
#1017 = PCURVE('',#742,#1018);
#1018 = DEFINITIONAL_REPRESENTATION('',(#1019),#1022);
#1019 = B_SPLINE_CURVE_WITH_KNOTS('',1,(#1020,#1021),.UNSPECIFIED.,.F.,
  .F.,(2,2),(18.1,45.7),.PIECEWISE_BEZIER_KNOTS.);
#1020 = CARTESIAN_POINT('',(36.2,-27.2));
#1021 = CARTESIAN_POINT('',(63.8,-27.2));
#1022 = ( GEOMETRIC_REPRESENTATION_CONTEXT(2) 
PARAMETRIC_REPRESENTATION_CONTEXT() REPRESENTATION_CONTEXT('2D SPACE',''
  ) );
#1023 = PCURVE('',#298,#1024);
#1024 = DEFINITIONAL_REPRESENTATION('',(#1025),#1028);
#1025 = B_SPLINE_CURVE_WITH_KNOTS('',1,(#1026,#1027),.UNSPECIFIED.,.F.,
  .F.,(2,2),(18.1,45.7),.PIECEWISE_BEZIER_KNOTS.);
#1026 = CARTESIAN_POINT('',(0.,-3.5));
#1027 = CARTESIAN_POINT('',(27.6,-3.5));
#1028 = ( GEOMETRIC_REPRESENTATION_CONTEXT(2) 
PARAMETRIC_REPRESENTATION_CONTEXT() REPRESENTATION_CONTEXT('2D SPACE',''
  ) );
#1029 = ORIENTED_EDGE('',*,*,#1030,.F.);
#1030 = EDGE_CURVE('',#1031,#1010,#1033,.T.);
#1031 = VERTEX_POINT('',#1032);
#1032 = CARTESIAN_POINT('',(2.5,46.3,48.2));
#1033 = SURFACE_CURVE('',#1034,(#1039,#1046),.PCURVE_S1.);
#1034 = CIRCLE('',#1035,1.2);
#1035 = AXIS2_PLACEMENT_3D('',#1036,#1037,#1038);
#1036 = CARTESIAN_POINT('',(2.5,45.1,48.2));
#1037 = DIRECTION('',(-1.,0.,0.));
#1038 = DIRECTION('',(0.,0.,1.));
#1039 = PCURVE('',#742,#1040);
#1040 = DEFINITIONAL_REPRESENTATION('',(#1041),#1045);
#1041 = CIRCLE('',#1042,1.2);
#1042 = AXIS2_PLACEMENT_2D('',#1043,#1044);
#1043 = CARTESIAN_POINT('',(36.2,-26.));
#1044 = DIRECTION('',(1.,0.));
#1045 = ( GEOMETRIC_REPRESENTATION_CONTEXT(2) 
PARAMETRIC_REPRESENTATION_CONTEXT() REPRESENTATION_CONTEXT('2D SPACE',''
  ) );
#1046 = PCURVE('',#326,#1047);
#1047 = DEFINITIONAL_REPRESENTATION('',(#1048),#1052);
#1048 = LINE('',#1049,#1050);
#1049 = CARTESIAN_POINT('',(0.,-3.5));
#1050 = VECTOR('',#1051,1.);
#1051 = DIRECTION('',(1.,0.));
#1052 = ( GEOMETRIC_REPRESENTATION_CONTEXT(2) 
PARAMETRIC_REPRESENTATION_CONTEXT() REPRESENTATION_CONTEXT('2D SPACE',''
  ) );
#1053 = ORIENTED_EDGE('',*,*,#1054,.T.);
#1054 = EDGE_CURVE('',#1031,#986,#1055,.T.);
#1055 = SURFACE_CURVE('',#1056,(#1060,#1066),.PCURVE_S1.);
#1056 = LINE('',#1057,#1058);
#1057 = CARTESIAN_POINT('',(2.5,46.3,37.));
#1058 = VECTOR('',#1059,1.);
#1059 = DIRECTION('',(0.,0.,1.));
#1060 = PCURVE('',#742,#1061);
#1061 = DEFINITIONAL_REPRESENTATION('',(#1062),#1065);
#1062 = B_SPLINE_CURVE_WITH_KNOTS('',1,(#1063,#1064),.UNSPECIFIED.,.F.,
  .F.,(2,2),(11.2,38.8),.PIECEWISE_BEZIER_KNOTS.);
#1063 = CARTESIAN_POINT('',(36.2,-24.8));
#1064 = CARTESIAN_POINT('',(63.8,-24.8));
#1065 = ( GEOMETRIC_REPRESENTATION_CONTEXT(2) 
PARAMETRIC_REPRESENTATION_CONTEXT() REPRESENTATION_CONTEXT('2D SPACE',''
  ) );
#1066 = PCURVE('',#351,#1067);
#1067 = DEFINITIONAL_REPRESENTATION('',(#1068),#1071);
#1068 = B_SPLINE_CURVE_WITH_KNOTS('',1,(#1069,#1070),.UNSPECIFIED.,.F.,
  .F.,(2,2),(11.2,38.8),.PIECEWISE_BEZIER_KNOTS.);
#1069 = CARTESIAN_POINT('',(-13.8,-3.5));
#1070 = CARTESIAN_POINT('',(13.8,-3.5));
#1071 = ( GEOMETRIC_REPRESENTATION_CONTEXT(2) 
PARAMETRIC_REPRESENTATION_CONTEXT() REPRESENTATION_CONTEXT('2D SPACE',''
  ) );
#1072 = FACE_BOUND('',#1073,.F.);
#1073 = EDGE_LOOP('',(#1074,#1100,#1121,#1145));
#1074 = ORIENTED_EDGE('',*,*,#1075,.F.);
#1075 = EDGE_CURVE('',#1076,#1078,#1080,.T.);
#1076 = VERTEX_POINT('',#1077);
#1077 = CARTESIAN_POINT('',(2.5,48.9,75.8));
#1078 = VERTEX_POINT('',#1079);
#1079 = CARTESIAN_POINT('',(2.5,51.3,75.8));
#1080 = SURFACE_CURVE('',#1081,(#1086,#1093),.PCURVE_S1.);
#1081 = CIRCLE('',#1082,1.2);
#1082 = AXIS2_PLACEMENT_3D('',#1083,#1084,#1085);
#1083 = CARTESIAN_POINT('',(2.5,50.1,75.8));
#1084 = DIRECTION('',(-1.,-0.,-0.));
#1085 = DIRECTION('',(0.,0.,-1.));
#1086 = PCURVE('',#742,#1087);
#1087 = DEFINITIONAL_REPRESENTATION('',(#1088),#1092);
#1088 = CIRCLE('',#1089,1.2);
#1089 = AXIS2_PLACEMENT_2D('',#1090,#1091);
#1090 = CARTESIAN_POINT('',(63.8,-21.));
#1091 = DIRECTION('',(-1.,0.));
#1092 = ( GEOMETRIC_REPRESENTATION_CONTEXT(2) 
PARAMETRIC_REPRESENTATION_CONTEXT() REPRESENTATION_CONTEXT('2D SPACE',''
  ) );
#1093 = PCURVE('',#383,#1094);
#1094 = DEFINITIONAL_REPRESENTATION('',(#1095),#1099);
#1095 = LINE('',#1096,#1097);
#1096 = CARTESIAN_POINT('',(0.,-3.5));
#1097 = VECTOR('',#1098,1.);
#1098 = DIRECTION('',(1.,0.));
#1099 = ( GEOMETRIC_REPRESENTATION_CONTEXT(2) 
PARAMETRIC_REPRESENTATION_CONTEXT() REPRESENTATION_CONTEXT('2D SPACE',''
  ) );
#1100 = ORIENTED_EDGE('',*,*,#1101,.F.);
#1101 = EDGE_CURVE('',#1102,#1076,#1104,.T.);
#1102 = VERTEX_POINT('',#1103);
#1103 = CARTESIAN_POINT('',(2.5,48.9,48.2));
#1104 = SURFACE_CURVE('',#1105,(#1109,#1115),.PCURVE_S1.);
#1105 = LINE('',#1106,#1107);
#1106 = CARTESIAN_POINT('',(2.5,48.9,30.1));
#1107 = VECTOR('',#1108,1.);
#1108 = DIRECTION('',(0.,0.,1.));
#1109 = PCURVE('',#742,#1110);
#1110 = DEFINITIONAL_REPRESENTATION('',(#1111),#1114);
#1111 = B_SPLINE_CURVE_WITH_KNOTS('',1,(#1112,#1113),.UNSPECIFIED.,.F.,
  .F.,(2,2),(18.1,45.7),.PIECEWISE_BEZIER_KNOTS.);
#1112 = CARTESIAN_POINT('',(36.2,-22.2));
#1113 = CARTESIAN_POINT('',(63.8,-22.2));
#1114 = ( GEOMETRIC_REPRESENTATION_CONTEXT(2) 
PARAMETRIC_REPRESENTATION_CONTEXT() REPRESENTATION_CONTEXT('2D SPACE',''
  ) );
#1115 = PCURVE('',#410,#1116);
#1116 = DEFINITIONAL_REPRESENTATION('',(#1117),#1120);
#1117 = B_SPLINE_CURVE_WITH_KNOTS('',1,(#1118,#1119),.UNSPECIFIED.,.F.,
  .F.,(2,2),(18.1,45.7),.PIECEWISE_BEZIER_KNOTS.);
#1118 = CARTESIAN_POINT('',(0.,-3.5));
#1119 = CARTESIAN_POINT('',(27.6,-3.5));
#1120 = ( GEOMETRIC_REPRESENTATION_CONTEXT(2) 
PARAMETRIC_REPRESENTATION_CONTEXT() REPRESENTATION_CONTEXT('2D SPACE',''
  ) );
#1121 = ORIENTED_EDGE('',*,*,#1122,.F.);
#1122 = EDGE_CURVE('',#1123,#1102,#1125,.T.);
#1123 = VERTEX_POINT('',#1124);
#1124 = CARTESIAN_POINT('',(2.5,51.3,48.2));
#1125 = SURFACE_CURVE('',#1126,(#1131,#1138),.PCURVE_S1.);
#1126 = CIRCLE('',#1127,1.2);
#1127 = AXIS2_PLACEMENT_3D('',#1128,#1129,#1130);
#1128 = CARTESIAN_POINT('',(2.5,50.1,48.2));
#1129 = DIRECTION('',(-1.,0.,0.));
#1130 = DIRECTION('',(0.,0.,1.));
#1131 = PCURVE('',#742,#1132);
#1132 = DEFINITIONAL_REPRESENTATION('',(#1133),#1137);
#1133 = CIRCLE('',#1134,1.2);
#1134 = AXIS2_PLACEMENT_2D('',#1135,#1136);
#1135 = CARTESIAN_POINT('',(36.2,-21.));
#1136 = DIRECTION('',(1.,0.));
#1137 = ( GEOMETRIC_REPRESENTATION_CONTEXT(2) 
PARAMETRIC_REPRESENTATION_CONTEXT() REPRESENTATION_CONTEXT('2D SPACE',''
  ) );
#1138 = PCURVE('',#438,#1139);
#1139 = DEFINITIONAL_REPRESENTATION('',(#1140),#1144);
#1140 = LINE('',#1141,#1142);
#1141 = CARTESIAN_POINT('',(0.,-3.5));
#1142 = VECTOR('',#1143,1.);
#1143 = DIRECTION('',(1.,0.));
#1144 = ( GEOMETRIC_REPRESENTATION_CONTEXT(2) 
PARAMETRIC_REPRESENTATION_CONTEXT() REPRESENTATION_CONTEXT('2D SPACE',''
  ) );
#1145 = ORIENTED_EDGE('',*,*,#1146,.T.);
#1146 = EDGE_CURVE('',#1123,#1078,#1147,.T.);
#1147 = SURFACE_CURVE('',#1148,(#1152,#1158),.PCURVE_S1.);
#1148 = LINE('',#1149,#1150);
#1149 = CARTESIAN_POINT('',(2.5,51.3,37.));
#1150 = VECTOR('',#1151,1.);
#1151 = DIRECTION('',(0.,0.,1.));
#1152 = PCURVE('',#742,#1153);
#1153 = DEFINITIONAL_REPRESENTATION('',(#1154),#1157);
#1154 = B_SPLINE_CURVE_WITH_KNOTS('',1,(#1155,#1156),.UNSPECIFIED.,.F.,
  .F.,(2,2),(11.2,38.8),.PIECEWISE_BEZIER_KNOTS.);
#1155 = CARTESIAN_POINT('',(36.2,-19.8));
#1156 = CARTESIAN_POINT('',(63.8,-19.8));
#1157 = ( GEOMETRIC_REPRESENTATION_CONTEXT(2) 
PARAMETRIC_REPRESENTATION_CONTEXT() REPRESENTATION_CONTEXT('2D SPACE',''
  ) );
#1158 = PCURVE('',#463,#1159);
#1159 = DEFINITIONAL_REPRESENTATION('',(#1160),#1163);
#1160 = B_SPLINE_CURVE_WITH_KNOTS('',1,(#1161,#1162),.UNSPECIFIED.,.F.,
  .F.,(2,2),(11.2,38.8),.PIECEWISE_BEZIER_KNOTS.);
#1161 = CARTESIAN_POINT('',(-13.8,-3.5));
#1162 = CARTESIAN_POINT('',(13.8,-3.5));
#1163 = ( GEOMETRIC_REPRESENTATION_CONTEXT(2) 
PARAMETRIC_REPRESENTATION_CONTEXT() REPRESENTATION_CONTEXT('2D SPACE',''
  ) );
#1164 = FACE_BOUND('',#1165,.F.);
#1165 = EDGE_LOOP('',(#1166,#1192,#1213,#1237));
#1166 = ORIENTED_EDGE('',*,*,#1167,.F.);
#1167 = EDGE_CURVE('',#1168,#1170,#1172,.T.);
#1168 = VERTEX_POINT('',#1169);
#1169 = CARTESIAN_POINT('',(2.5,53.9,75.8));
#1170 = VERTEX_POINT('',#1171);
#1171 = CARTESIAN_POINT('',(2.5,56.3,75.8));
#1172 = SURFACE_CURVE('',#1173,(#1178,#1185),.PCURVE_S1.);
#1173 = CIRCLE('',#1174,1.2);
#1174 = AXIS2_PLACEMENT_3D('',#1175,#1176,#1177);
#1175 = CARTESIAN_POINT('',(2.5,55.1,75.8));
#1176 = DIRECTION('',(-1.,-0.,-0.));
#1177 = DIRECTION('',(0.,0.,-1.));
#1178 = PCURVE('',#742,#1179);
#1179 = DEFINITIONAL_REPRESENTATION('',(#1180),#1184);
#1180 = CIRCLE('',#1181,1.2);
#1181 = AXIS2_PLACEMENT_2D('',#1182,#1183);
#1182 = CARTESIAN_POINT('',(63.8,-16.));
#1183 = DIRECTION('',(-1.,0.));
#1184 = ( GEOMETRIC_REPRESENTATION_CONTEXT(2) 
PARAMETRIC_REPRESENTATION_CONTEXT() REPRESENTATION_CONTEXT('2D SPACE',''
  ) );
#1185 = PCURVE('',#495,#1186);
#1186 = DEFINITIONAL_REPRESENTATION('',(#1187),#1191);
#1187 = LINE('',#1188,#1189);
#1188 = CARTESIAN_POINT('',(0.,-3.5));
#1189 = VECTOR('',#1190,1.);
#1190 = DIRECTION('',(1.,0.));
#1191 = ( GEOMETRIC_REPRESENTATION_CONTEXT(2) 
PARAMETRIC_REPRESENTATION_CONTEXT() REPRESENTATION_CONTEXT('2D SPACE',''
  ) );
#1192 = ORIENTED_EDGE('',*,*,#1193,.F.);
#1193 = EDGE_CURVE('',#1194,#1168,#1196,.T.);
#1194 = VERTEX_POINT('',#1195);
#1195 = CARTESIAN_POINT('',(2.5,53.9,48.2));
#1196 = SURFACE_CURVE('',#1197,(#1201,#1207),.PCURVE_S1.);
#1197 = LINE('',#1198,#1199);
#1198 = CARTESIAN_POINT('',(2.5,53.9,30.1));
#1199 = VECTOR('',#1200,1.);
#1200 = DIRECTION('',(0.,0.,1.));
#1201 = PCURVE('',#742,#1202);
#1202 = DEFINITIONAL_REPRESENTATION('',(#1203),#1206);
#1203 = B_SPLINE_CURVE_WITH_KNOTS('',1,(#1204,#1205),.UNSPECIFIED.,.F.,
  .F.,(2,2),(18.1,45.7),.PIECEWISE_BEZIER_KNOTS.);
#1204 = CARTESIAN_POINT('',(36.2,-17.2));
#1205 = CARTESIAN_POINT('',(63.8,-17.2));
#1206 = ( GEOMETRIC_REPRESENTATION_CONTEXT(2) 
PARAMETRIC_REPRESENTATION_CONTEXT() REPRESENTATION_CONTEXT('2D SPACE',''
  ) );
#1207 = PCURVE('',#522,#1208);
#1208 = DEFINITIONAL_REPRESENTATION('',(#1209),#1212);
#1209 = B_SPLINE_CURVE_WITH_KNOTS('',1,(#1210,#1211),.UNSPECIFIED.,.F.,
  .F.,(2,2),(18.1,45.7),.PIECEWISE_BEZIER_KNOTS.);
#1210 = CARTESIAN_POINT('',(0.,-3.5));
#1211 = CARTESIAN_POINT('',(27.6,-3.5));
#1212 = ( GEOMETRIC_REPRESENTATION_CONTEXT(2) 
PARAMETRIC_REPRESENTATION_CONTEXT() REPRESENTATION_CONTEXT('2D SPACE',''
  ) );
#1213 = ORIENTED_EDGE('',*,*,#1214,.F.);
#1214 = EDGE_CURVE('',#1215,#1194,#1217,.T.);
#1215 = VERTEX_POINT('',#1216);
#1216 = CARTESIAN_POINT('',(2.5,56.3,48.2));
#1217 = SURFACE_CURVE('',#1218,(#1223,#1230),.PCURVE_S1.);
#1218 = CIRCLE('',#1219,1.2);
#1219 = AXIS2_PLACEMENT_3D('',#1220,#1221,#1222);
#1220 = CARTESIAN_POINT('',(2.5,55.1,48.2));
#1221 = DIRECTION('',(-1.,0.,0.));
#1222 = DIRECTION('',(0.,0.,1.));
#1223 = PCURVE('',#742,#1224);
#1224 = DEFINITIONAL_REPRESENTATION('',(#1225),#1229);
#1225 = CIRCLE('',#1226,1.2);
#1226 = AXIS2_PLACEMENT_2D('',#1227,#1228);
#1227 = CARTESIAN_POINT('',(36.2,-16.));
#1228 = DIRECTION('',(1.,0.));
#1229 = ( GEOMETRIC_REPRESENTATION_CONTEXT(2) 
PARAMETRIC_REPRESENTATION_CONTEXT() REPRESENTATION_CONTEXT('2D SPACE',''
  ) );
#1230 = PCURVE('',#550,#1231);
#1231 = DEFINITIONAL_REPRESENTATION('',(#1232),#1236);
#1232 = LINE('',#1233,#1234);
#1233 = CARTESIAN_POINT('',(0.,-3.5));
#1234 = VECTOR('',#1235,1.);
#1235 = DIRECTION('',(1.,0.));
#1236 = ( GEOMETRIC_REPRESENTATION_CONTEXT(2) 
PARAMETRIC_REPRESENTATION_CONTEXT() REPRESENTATION_CONTEXT('2D SPACE',''
  ) );
#1237 = ORIENTED_EDGE('',*,*,#1238,.T.);
#1238 = EDGE_CURVE('',#1215,#1170,#1239,.T.);
#1239 = SURFACE_CURVE('',#1240,(#1244,#1250),.PCURVE_S1.);
#1240 = LINE('',#1241,#1242);
#1241 = CARTESIAN_POINT('',(2.5,56.3,37.));
#1242 = VECTOR('',#1243,1.);
#1243 = DIRECTION('',(0.,0.,1.));
#1244 = PCURVE('',#742,#1245);
#1245 = DEFINITIONAL_REPRESENTATION('',(#1246),#1249);
#1246 = B_SPLINE_CURVE_WITH_KNOTS('',1,(#1247,#1248),.UNSPECIFIED.,.F.,
  .F.,(2,2),(11.2,38.8),.PIECEWISE_BEZIER_KNOTS.);
#1247 = CARTESIAN_POINT('',(36.2,-14.8));
#1248 = CARTESIAN_POINT('',(63.8,-14.8));
#1249 = ( GEOMETRIC_REPRESENTATION_CONTEXT(2) 
PARAMETRIC_REPRESENTATION_CONTEXT() REPRESENTATION_CONTEXT('2D SPACE',''
  ) );
#1250 = PCURVE('',#575,#1251);
#1251 = DEFINITIONAL_REPRESENTATION('',(#1252),#1255);
#1252 = B_SPLINE_CURVE_WITH_KNOTS('',1,(#1253,#1254),.UNSPECIFIED.,.F.,
  .F.,(2,2),(11.2,38.8),.PIECEWISE_BEZIER_KNOTS.);
#1253 = CARTESIAN_POINT('',(-13.8,-3.5));
#1254 = CARTESIAN_POINT('',(13.8,-3.5));
#1255 = ( GEOMETRIC_REPRESENTATION_CONTEXT(2) 
PARAMETRIC_REPRESENTATION_CONTEXT() REPRESENTATION_CONTEXT('2D SPACE',''
  ) );
#1256 = FACE_BOUND('',#1257,.F.);
#1257 = EDGE_LOOP('',(#1258,#1284,#1303,#1304));
#1258 = ORIENTED_EDGE('',*,*,#1259,.F.);
#1259 = EDGE_CURVE('',#1260,#1262,#1264,.T.);
#1260 = VERTEX_POINT('',#1261);
#1261 = CARTESIAN_POINT('',(2.5,58.9,75.8));
#1262 = VERTEX_POINT('',#1263);
#1263 = CARTESIAN_POINT('',(2.5,61.3,75.8));
#1264 = SURFACE_CURVE('',#1265,(#1270,#1277),.PCURVE_S1.);
#1265 = CIRCLE('',#1266,1.2);
#1266 = AXIS2_PLACEMENT_3D('',#1267,#1268,#1269);
#1267 = CARTESIAN_POINT('',(2.5,60.1,75.8));
#1268 = DIRECTION('',(-1.,-0.,-0.));
#1269 = DIRECTION('',(0.,0.,-1.));
#1270 = PCURVE('',#742,#1271);
#1271 = DEFINITIONAL_REPRESENTATION('',(#1272),#1276);
#1272 = CIRCLE('',#1273,1.2);
#1273 = AXIS2_PLACEMENT_2D('',#1274,#1275);
#1274 = CARTESIAN_POINT('',(63.8,-11.));
#1275 = DIRECTION('',(-1.,0.));
#1276 = ( GEOMETRIC_REPRESENTATION_CONTEXT(2) 
PARAMETRIC_REPRESENTATION_CONTEXT() REPRESENTATION_CONTEXT('2D SPACE',''
  ) );
#1277 = PCURVE('',#607,#1278);
#1278 = DEFINITIONAL_REPRESENTATION('',(#1279),#1283);
#1279 = LINE('',#1280,#1281);
#1280 = CARTESIAN_POINT('',(0.,-3.5));
#1281 = VECTOR('',#1282,1.);
#1282 = DIRECTION('',(1.,0.));
#1283 = ( GEOMETRIC_REPRESENTATION_CONTEXT(2) 
PARAMETRIC_REPRESENTATION_CONTEXT() REPRESENTATION_CONTEXT('2D SPACE',''
  ) );
#1284 = ORIENTED_EDGE('',*,*,#1285,.F.);
#1285 = EDGE_CURVE('',#726,#1260,#1286,.T.);
#1286 = SURFACE_CURVE('',#1287,(#1291,#1297),.PCURVE_S1.);
#1287 = LINE('',#1288,#1289);
#1288 = CARTESIAN_POINT('',(2.5,58.9,30.1));
#1289 = VECTOR('',#1290,1.);
#1290 = DIRECTION('',(0.,0.,1.));
#1291 = PCURVE('',#742,#1292);
#1292 = DEFINITIONAL_REPRESENTATION('',(#1293),#1296);
#1293 = B_SPLINE_CURVE_WITH_KNOTS('',1,(#1294,#1295),.UNSPECIFIED.,.F.,
  .F.,(2,2),(18.1,45.7),.PIECEWISE_BEZIER_KNOTS.);
#1294 = CARTESIAN_POINT('',(36.2,-12.2));
#1295 = CARTESIAN_POINT('',(63.8,-12.2));
#1296 = ( GEOMETRIC_REPRESENTATION_CONTEXT(2) 
PARAMETRIC_REPRESENTATION_CONTEXT() REPRESENTATION_CONTEXT('2D SPACE',''
  ) );
#1297 = PCURVE('',#634,#1298);
#1298 = DEFINITIONAL_REPRESENTATION('',(#1299),#1302);
#1299 = B_SPLINE_CURVE_WITH_KNOTS('',1,(#1300,#1301),.UNSPECIFIED.,.F.,
  .F.,(2,2),(18.1,45.7),.PIECEWISE_BEZIER_KNOTS.);
#1300 = CARTESIAN_POINT('',(0.,-3.5));
#1301 = CARTESIAN_POINT('',(27.6,-3.5));
#1302 = ( GEOMETRIC_REPRESENTATION_CONTEXT(2) 
PARAMETRIC_REPRESENTATION_CONTEXT() REPRESENTATION_CONTEXT('2D SPACE',''
  ) );
#1303 = ORIENTED_EDGE('',*,*,#725,.F.);
#1304 = ORIENTED_EDGE('',*,*,#1305,.T.);
#1305 = EDGE_CURVE('',#703,#1262,#1306,.T.);
#1306 = SURFACE_CURVE('',#1307,(#1311,#1317),.PCURVE_S1.);
#1307 = LINE('',#1308,#1309);
#1308 = CARTESIAN_POINT('',(2.5,61.3,37.));
#1309 = VECTOR('',#1310,1.);
#1310 = DIRECTION('',(0.,0.,1.));
#1311 = PCURVE('',#742,#1312);
#1312 = DEFINITIONAL_REPRESENTATION('',(#1313),#1316);
#1313 = B_SPLINE_CURVE_WITH_KNOTS('',1,(#1314,#1315),.UNSPECIFIED.,.F.,
  .F.,(2,2),(11.2,38.8),.PIECEWISE_BEZIER_KNOTS.);
#1314 = CARTESIAN_POINT('',(36.2,-9.8));
#1315 = CARTESIAN_POINT('',(63.8,-9.8));
#1316 = ( GEOMETRIC_REPRESENTATION_CONTEXT(2) 
PARAMETRIC_REPRESENTATION_CONTEXT() REPRESENTATION_CONTEXT('2D SPACE',''
  ) );
#1317 = PCURVE('',#687,#1318);
#1318 = DEFINITIONAL_REPRESENTATION('',(#1319),#1322);
#1319 = B_SPLINE_CURVE_WITH_KNOTS('',1,(#1320,#1321),.UNSPECIFIED.,.F.,
  .F.,(2,2),(11.2,38.8),.PIECEWISE_BEZIER_KNOTS.);
#1320 = CARTESIAN_POINT('',(-13.8,-3.5));
#1321 = CARTESIAN_POINT('',(13.8,-3.5));
#1322 = ( GEOMETRIC_REPRESENTATION_CONTEXT(2) 
PARAMETRIC_REPRESENTATION_CONTEXT() REPRESENTATION_CONTEXT('2D SPACE',''
  ) );
#1323 = ADVANCED_FACE('',(#1324,#2111,#2146,#2181,#2216,#2251,#2286,
    #2524,#2559,#2594),#851,.F.);
#1324 = FACE_BOUND('',#1325,.F.);
#1325 = EDGE_LOOP('',(#1326,#1327,#1355,#1383,#1416,#1444,#1477,#1505,
    #1531,#1563,#1589,#1615,#1641,#1673,#1699,#1725,#1751,#1778,#1799,
    #1831,#1857,#1883,#1909,#1936,#1957,#1983,#2004,#2036,#2062,#2085));
#1326 = ORIENTED_EDGE('',*,*,#835,.F.);
#1327 = ORIENTED_EDGE('',*,*,#1328,.F.);
#1328 = EDGE_CURVE('',#1329,#808,#1331,.T.);
#1329 = VERTEX_POINT('',#1330);
#1330 = CARTESIAN_POINT('',(12.,4.6,2.5));
#1331 = SURFACE_CURVE('',#1332,(#1337,#1348),.PCURVE_S1.);
#1332 = CIRCLE('',#1333,9.5);
#1333 = AXIS2_PLACEMENT_3D('',#1334,#1335,#1336);
#1334 = CARTESIAN_POINT('',(12.,4.6,12.));
#1335 = DIRECTION('',(0.,1.,-0.));
#1336 = DIRECTION('',(-1.,0.,0.));
#1337 = PCURVE('',#851,#1338);
#1338 = DEFINITIONAL_REPRESENTATION('',(#1339),#1347);
#1339 = ( BOUNDED_CURVE() B_SPLINE_CURVE(2,(#1340,#1341,#1342,#1343,
#1344,#1345,#1346),.UNSPECIFIED.,.T.,.F.) B_SPLINE_CURVE_WITH_KNOTS((1,2
    ,2,2,2,1),(-2.094395102393,0.,2.094395102393,4.188790204786,
6.28318530718,8.377580409573),.UNSPECIFIED.) CURVE() 
GEOMETRIC_REPRESENTATION_ITEM() RATIONAL_B_SPLINE_CURVE((1.,0.5,1.,0.5,
1.,0.5,1.)) REPRESENTATION_ITEM('') );
#1340 = CARTESIAN_POINT('',(-87.5,-73.75));
#1341 = CARTESIAN_POINT('',(-87.5,-57.29551732809));
#1342 = CARTESIAN_POINT('',(-73.25,-65.52275866404));
#1343 = CARTESIAN_POINT('',(-59.,-73.75));
#1344 = CARTESIAN_POINT('',(-73.25,-81.97724133595));
#1345 = CARTESIAN_POINT('',(-87.5,-90.2044826719));
#1346 = CARTESIAN_POINT('',(-87.5,-73.75));
#1347 = ( GEOMETRIC_REPRESENTATION_CONTEXT(2) 
PARAMETRIC_REPRESENTATION_CONTEXT() REPRESENTATION_CONTEXT('2D SPACE',''
  ) );
#1348 = PCURVE('',#823,#1349);
#1349 = DEFINITIONAL_REPRESENTATION('',(#1350),#1354);
#1350 = LINE('',#1351,#1352);
#1351 = CARTESIAN_POINT('',(0.,-66.5));
#1352 = VECTOR('',#1353,1.);
#1353 = DIRECTION('',(1.,0.));
#1354 = ( GEOMETRIC_REPRESENTATION_CONTEXT(2) 
PARAMETRIC_REPRESENTATION_CONTEXT() REPRESENTATION_CONTEXT('2D SPACE',''
  ) );
#1355 = ORIENTED_EDGE('',*,*,#1356,.T.);
#1356 = EDGE_CURVE('',#1329,#1357,#1359,.T.);
#1357 = VERTEX_POINT('',#1358);
#1358 = CARTESIAN_POINT('',(168.,4.6,2.5));
#1359 = SURFACE_CURVE('',#1360,(#1364,#1371),.PCURVE_S1.);
#1360 = LINE('',#1361,#1362);
#1361 = CARTESIAN_POINT('',(90.,4.6,2.5));
#1362 = VECTOR('',#1363,1.);
#1363 = DIRECTION('',(1.,0.,0.));
#1364 = PCURVE('',#851,#1365);
#1365 = DEFINITIONAL_REPRESENTATION('',(#1366),#1370);
#1366 = LINE('',#1367,#1368);
#1367 = CARTESIAN_POINT('',(-1.024189225524E-15,-83.25));
#1368 = VECTOR('',#1369,1.);
#1369 = DIRECTION('',(1.,0.));
#1370 = ( GEOMETRIC_REPRESENTATION_CONTEXT(2) 
PARAMETRIC_REPRESENTATION_CONTEXT() REPRESENTATION_CONTEXT('2D SPACE',''
  ) );
#1371 = PCURVE('',#1372,#1377);
#1372 = PLANE('',#1373);
#1373 = AXIS2_PLACEMENT_3D('',#1374,#1375,#1376);
#1374 = CARTESIAN_POINT('',(12.,71.1,2.5));
#1375 = DIRECTION('',(-0.,0.,1.));
#1376 = DIRECTION('',(1.,0.,0.));
#1377 = DEFINITIONAL_REPRESENTATION('',(#1378),#1382);
#1378 = LINE('',#1379,#1380);
#1379 = CARTESIAN_POINT('',(78.,-66.5));
#1380 = VECTOR('',#1381,1.);
#1381 = DIRECTION('',(1.,0.));
#1382 = ( GEOMETRIC_REPRESENTATION_CONTEXT(2) 
PARAMETRIC_REPRESENTATION_CONTEXT() REPRESENTATION_CONTEXT('2D SPACE',''
  ) );
#1383 = ORIENTED_EDGE('',*,*,#1384,.F.);
#1384 = EDGE_CURVE('',#1385,#1357,#1387,.T.);
#1385 = VERTEX_POINT('',#1386);
#1386 = CARTESIAN_POINT('',(177.5,4.6,12.));
#1387 = SURFACE_CURVE('',#1388,(#1393,#1404),.PCURVE_S1.);
#1388 = CIRCLE('',#1389,9.5);
#1389 = AXIS2_PLACEMENT_3D('',#1390,#1391,#1392);
#1390 = CARTESIAN_POINT('',(168.,4.6,12.));
#1391 = DIRECTION('',(0.,1.,-0.));
#1392 = DIRECTION('',(-1.,0.,0.));
#1393 = PCURVE('',#851,#1394);
#1394 = DEFINITIONAL_REPRESENTATION('',(#1395),#1403);
#1395 = ( BOUNDED_CURVE() B_SPLINE_CURVE(2,(#1396,#1397,#1398,#1399,
#1400,#1401,#1402),.UNSPECIFIED.,.T.,.F.) B_SPLINE_CURVE_WITH_KNOTS((1,2
    ,2,2,2,1),(-2.094395102393,0.,2.094395102393,4.188790204786,
6.28318530718,8.377580409573),.UNSPECIFIED.) CURVE() 
GEOMETRIC_REPRESENTATION_ITEM() RATIONAL_B_SPLINE_CURVE((1.,0.5,1.,0.5,
1.,0.5,1.)) REPRESENTATION_ITEM('') );
#1396 = CARTESIAN_POINT('',(68.5,-73.75));
#1397 = CARTESIAN_POINT('',(68.5,-57.29551732809));
#1398 = CARTESIAN_POINT('',(82.75,-65.52275866404));
#1399 = CARTESIAN_POINT('',(97.,-73.75));
#1400 = CARTESIAN_POINT('',(82.75,-81.97724133595));
#1401 = CARTESIAN_POINT('',(68.5,-90.2044826719));
#1402 = CARTESIAN_POINT('',(68.5,-73.75));
#1403 = ( GEOMETRIC_REPRESENTATION_CONTEXT(2) 
PARAMETRIC_REPRESENTATION_CONTEXT() REPRESENTATION_CONTEXT('2D SPACE',''
  ) );
#1404 = PCURVE('',#1405,#1410);
#1405 = CYLINDRICAL_SURFACE('',#1406,9.5);
#1406 = AXIS2_PLACEMENT_3D('',#1407,#1408,#1409);
#1407 = CARTESIAN_POINT('',(168.,71.1,12.));
#1408 = DIRECTION('',(0.,1.,-0.));
#1409 = DIRECTION('',(-1.,0.,0.));
#1410 = DEFINITIONAL_REPRESENTATION('',(#1411),#1415);
#1411 = LINE('',#1412,#1413);
#1412 = CARTESIAN_POINT('',(0.,-66.5));
#1413 = VECTOR('',#1414,1.);
#1414 = DIRECTION('',(1.,0.));
#1415 = ( GEOMETRIC_REPRESENTATION_CONTEXT(2) 
PARAMETRIC_REPRESENTATION_CONTEXT() REPRESENTATION_CONTEXT('2D SPACE',''
  ) );
#1416 = ORIENTED_EDGE('',*,*,#1417,.T.);
#1417 = EDGE_CURVE('',#1385,#1418,#1420,.T.);
#1418 = VERTEX_POINT('',#1419);
#1419 = CARTESIAN_POINT('',(177.5,4.6,159.5));
#1420 = SURFACE_CURVE('',#1421,(#1425,#1432),.PCURVE_S1.);
#1421 = LINE('',#1422,#1423);
#1422 = CARTESIAN_POINT('',(177.5,4.6,85.75));
#1423 = VECTOR('',#1424,1.);
#1424 = DIRECTION('',(0.,0.,1.));
#1425 = PCURVE('',#851,#1426);
#1426 = DEFINITIONAL_REPRESENTATION('',(#1427),#1431);
#1427 = LINE('',#1428,#1429);
#1428 = CARTESIAN_POINT('',(87.5,3.584662289333E-15));
#1429 = VECTOR('',#1430,1.);
#1430 = DIRECTION('',(0.,1.));
#1431 = ( GEOMETRIC_REPRESENTATION_CONTEXT(2) 
PARAMETRIC_REPRESENTATION_CONTEXT() REPRESENTATION_CONTEXT('2D SPACE',''
  ) );
#1432 = PCURVE('',#1433,#1438);
#1433 = PLANE('',#1434);
#1434 = AXIS2_PLACEMENT_3D('',#1435,#1436,#1437);
#1435 = CARTESIAN_POINT('',(177.5,71.1,12.));
#1436 = DIRECTION('',(-1.,0.,0.));
#1437 = DIRECTION('',(0.,0.,1.));
#1438 = DEFINITIONAL_REPRESENTATION('',(#1439),#1443);
#1439 = LINE('',#1440,#1441);
#1440 = CARTESIAN_POINT('',(73.75,-66.5));
#1441 = VECTOR('',#1442,1.);
#1442 = DIRECTION('',(1.,0.));
#1443 = ( GEOMETRIC_REPRESENTATION_CONTEXT(2) 
PARAMETRIC_REPRESENTATION_CONTEXT() REPRESENTATION_CONTEXT('2D SPACE',''
  ) );
#1444 = ORIENTED_EDGE('',*,*,#1445,.F.);
#1445 = EDGE_CURVE('',#1446,#1418,#1448,.T.);
#1446 = VERTEX_POINT('',#1447);
#1447 = CARTESIAN_POINT('',(168.,4.6,169.));
#1448 = SURFACE_CURVE('',#1449,(#1454,#1465),.PCURVE_S1.);
#1449 = CIRCLE('',#1450,9.5);
#1450 = AXIS2_PLACEMENT_3D('',#1451,#1452,#1453);
#1451 = CARTESIAN_POINT('',(168.,4.6,159.5));
#1452 = DIRECTION('',(0.,1.,-0.));
#1453 = DIRECTION('',(-1.,0.,0.));
#1454 = PCURVE('',#851,#1455);
#1455 = DEFINITIONAL_REPRESENTATION('',(#1456),#1464);
#1456 = ( BOUNDED_CURVE() B_SPLINE_CURVE(2,(#1457,#1458,#1459,#1460,
#1461,#1462,#1463),.UNSPECIFIED.,.T.,.F.) B_SPLINE_CURVE_WITH_KNOTS((1,2
    ,2,2,2,1),(-2.094395102393,0.,2.094395102393,4.188790204786,
6.28318530718,8.377580409573),.UNSPECIFIED.) CURVE() 
GEOMETRIC_REPRESENTATION_ITEM() RATIONAL_B_SPLINE_CURVE((1.,0.5,1.,0.5,
1.,0.5,1.)) REPRESENTATION_ITEM('') );
#1457 = CARTESIAN_POINT('',(68.5,73.75));
#1458 = CARTESIAN_POINT('',(68.5,90.204482671904));
#1459 = CARTESIAN_POINT('',(82.75,81.977241335952));
#1460 = CARTESIAN_POINT('',(97.,73.75));
#1461 = CARTESIAN_POINT('',(82.75,65.522758664048));
#1462 = CARTESIAN_POINT('',(68.5,57.295517328096));
#1463 = CARTESIAN_POINT('',(68.5,73.75));
#1464 = ( GEOMETRIC_REPRESENTATION_CONTEXT(2) 
PARAMETRIC_REPRESENTATION_CONTEXT() REPRESENTATION_CONTEXT('2D SPACE',''
  ) );
#1465 = PCURVE('',#1466,#1471);
#1466 = CYLINDRICAL_SURFACE('',#1467,9.5);
#1467 = AXIS2_PLACEMENT_3D('',#1468,#1469,#1470);
#1468 = CARTESIAN_POINT('',(168.,71.1,159.5));
#1469 = DIRECTION('',(0.,1.,-0.));
#1470 = DIRECTION('',(-1.,0.,0.));
#1471 = DEFINITIONAL_REPRESENTATION('',(#1472),#1476);
#1472 = LINE('',#1473,#1474);
#1473 = CARTESIAN_POINT('',(0.,-66.5));
#1474 = VECTOR('',#1475,1.);
#1475 = DIRECTION('',(1.,0.));
#1476 = ( GEOMETRIC_REPRESENTATION_CONTEXT(2) 
PARAMETRIC_REPRESENTATION_CONTEXT() REPRESENTATION_CONTEXT('2D SPACE',''
  ) );
#1477 = ORIENTED_EDGE('',*,*,#1478,.F.);
#1478 = EDGE_CURVE('',#1479,#1446,#1481,.T.);
#1479 = VERTEX_POINT('',#1480);
#1480 = CARTESIAN_POINT('',(166.,4.6,169.));
#1481 = SURFACE_CURVE('',#1482,(#1486,#1493),.PCURVE_S1.);
#1482 = LINE('',#1483,#1484);
#1483 = CARTESIAN_POINT('',(90.,4.6,169.));
#1484 = VECTOR('',#1485,1.);
#1485 = DIRECTION('',(1.,0.,0.));
#1486 = PCURVE('',#851,#1487);
#1487 = DEFINITIONAL_REPRESENTATION('',(#1488),#1492);
#1488 = LINE('',#1489,#1490);
#1489 = CARTESIAN_POINT('',(-1.024189225524E-15,83.25));
#1490 = VECTOR('',#1491,1.);
#1491 = DIRECTION('',(1.,0.));
#1492 = ( GEOMETRIC_REPRESENTATION_CONTEXT(2) 
PARAMETRIC_REPRESENTATION_CONTEXT() REPRESENTATION_CONTEXT('2D SPACE',''
  ) );
#1493 = PCURVE('',#1494,#1499);
#1494 = PLANE('',#1495);
#1495 = AXIS2_PLACEMENT_3D('',#1496,#1497,#1498);
#1496 = CARTESIAN_POINT('',(12.,71.1,169.));
#1497 = DIRECTION('',(-0.,0.,1.));
#1498 = DIRECTION('',(1.,0.,0.));
#1499 = DEFINITIONAL_REPRESENTATION('',(#1500),#1504);
#1500 = LINE('',#1501,#1502);
#1501 = CARTESIAN_POINT('',(78.,-66.5));
#1502 = VECTOR('',#1503,1.);
#1503 = DIRECTION('',(1.,0.));
#1504 = ( GEOMETRIC_REPRESENTATION_CONTEXT(2) 
PARAMETRIC_REPRESENTATION_CONTEXT() REPRESENTATION_CONTEXT('2D SPACE',''
  ) );
#1505 = ORIENTED_EDGE('',*,*,#1506,.F.);
#1506 = EDGE_CURVE('',#1507,#1479,#1509,.T.);
#1507 = VERTEX_POINT('',#1508);
#1508 = CARTESIAN_POINT('',(166.,4.6,167.70809924354));
#1509 = SURFACE_CURVE('',#1510,(#1514,#1520),.PCURVE_S1.);
#1510 = LINE('',#1511,#1512);
#1511 = CARTESIAN_POINT('',(166.,4.6,124.875));
#1512 = VECTOR('',#1513,1.);
#1513 = DIRECTION('',(0.,0.,1.));
#1514 = PCURVE('',#851,#1515);
#1515 = DEFINITIONAL_REPRESENTATION('',(#1516),#1519);
#1516 = B_SPLINE_CURVE_WITH_KNOTS('',1,(#1517,#1518),.UNSPECIFIED.,.F.,
  .F.,(2,2),(39.125,44.125),.PIECEWISE_BEZIER_KNOTS.);
#1517 = CARTESIAN_POINT('',(76.,78.25));
#1518 = CARTESIAN_POINT('',(76.,83.25));
#1519 = ( GEOMETRIC_REPRESENTATION_CONTEXT(2) 
PARAMETRIC_REPRESENTATION_CONTEXT() REPRESENTATION_CONTEXT('2D SPACE',''
  ) );
#1520 = PCURVE('',#1521,#1526);
#1521 = PLANE('',#1522);
#1522 = AXIS2_PLACEMENT_3D('',#1523,#1524,#1525);
#1523 = CARTESIAN_POINT('',(166.,4.1,164.));
#1524 = DIRECTION('',(1.,0.,-0.));
#1525 = DIRECTION('',(0.,0.,1.));
#1526 = DEFINITIONAL_REPRESENTATION('',(#1527),#1530);
#1527 = B_SPLINE_CURVE_WITH_KNOTS('',1,(#1528,#1529),.UNSPECIFIED.,.F.,
  .F.,(2,2),(39.125,44.125),.PIECEWISE_BEZIER_KNOTS.);
#1528 = CARTESIAN_POINT('',(0.,-0.5));
#1529 = CARTESIAN_POINT('',(5.,-0.5));
#1530 = ( GEOMETRIC_REPRESENTATION_CONTEXT(2) 
PARAMETRIC_REPRESENTATION_CONTEXT() REPRESENTATION_CONTEXT('2D SPACE',''
  ) );
#1531 = ORIENTED_EDGE('',*,*,#1532,.T.);
#1532 = EDGE_CURVE('',#1507,#1533,#1535,.T.);
#1533 = VERTEX_POINT('',#1534);
#1534 = CARTESIAN_POINT('',(168.5,4.6,164.));
#1535 = SURFACE_CURVE('',#1536,(#1541,#1552),.PCURVE_S1.);
#1536 = CIRCLE('',#1537,4.);
#1537 = AXIS2_PLACEMENT_3D('',#1538,#1539,#1540);
#1538 = CARTESIAN_POINT('',(164.5,4.6,164.));
#1539 = DIRECTION('',(0.,1.,0.));
#1540 = DIRECTION('',(1.,0.,-0.));
#1541 = PCURVE('',#851,#1542);
#1542 = DEFINITIONAL_REPRESENTATION('',(#1543),#1551);
#1543 = ( BOUNDED_CURVE() B_SPLINE_CURVE(2,(#1544,#1545,#1546,#1547,
#1548,#1549,#1550),.UNSPECIFIED.,.T.,.F.) B_SPLINE_CURVE_WITH_KNOTS((1,2
    ,2,2,2,1),(-2.094395102393,0.,2.094395102393,4.188790204786,
6.28318530718,8.377580409573),.UNSPECIFIED.) CURVE() 
GEOMETRIC_REPRESENTATION_ITEM() RATIONAL_B_SPLINE_CURVE((1.,0.5,1.,0.5,
1.,0.5,1.)) REPRESENTATION_ITEM('') );
#1544 = CARTESIAN_POINT('',(78.5,78.25));
#1545 = CARTESIAN_POINT('',(78.5,71.321796769725));
#1546 = CARTESIAN_POINT('',(72.5,74.785898384862));
#1547 = CARTESIAN_POINT('',(66.5,78.25));
#1548 = CARTESIAN_POINT('',(72.5,81.714101615138));
#1549 = CARTESIAN_POINT('',(78.5,85.178203230276));
#1550 = CARTESIAN_POINT('',(78.5,78.25));
#1551 = ( GEOMETRIC_REPRESENTATION_CONTEXT(2) 
PARAMETRIC_REPRESENTATION_CONTEXT() REPRESENTATION_CONTEXT('2D SPACE',''
  ) );
#1552 = PCURVE('',#1553,#1558);
#1553 = CYLINDRICAL_SURFACE('',#1554,4.);
#1554 = AXIS2_PLACEMENT_3D('',#1555,#1556,#1557);
#1555 = CARTESIAN_POINT('',(164.5,4.1,164.));
#1556 = DIRECTION('',(0.,1.,0.));
#1557 = DIRECTION('',(1.,0.,-0.));
#1558 = DEFINITIONAL_REPRESENTATION('',(#1559),#1562);
#1559 = B_SPLINE_CURVE_WITH_KNOTS('',1,(#1560,#1561),.UNSPECIFIED.,.F.,
  .F.,(2,2),(5.09678575488,6.28318530718),.PIECEWISE_BEZIER_KNOTS.);
#1560 = CARTESIAN_POINT('',(5.09678575488,0.5));
#1561 = CARTESIAN_POINT('',(6.28318530718,0.5));
#1562 = ( GEOMETRIC_REPRESENTATION_CONTEXT(2) 
PARAMETRIC_REPRESENTATION_CONTEXT() REPRESENTATION_CONTEXT('2D SPACE',''
  ) );
#1563 = ORIENTED_EDGE('',*,*,#1564,.F.);
#1564 = EDGE_CURVE('',#1565,#1533,#1567,.T.);
#1565 = VERTEX_POINT('',#1566);
#1566 = CARTESIAN_POINT('',(175.,4.6,164.));
#1567 = SURFACE_CURVE('',#1568,(#1572,#1578),.PCURVE_S1.);
#1568 = LINE('',#1569,#1570);
#1569 = CARTESIAN_POINT('',(47.5,4.6,164.));
#1570 = VECTOR('',#1571,1.);
#1571 = DIRECTION('',(-1.,0.,0.));
#1572 = PCURVE('',#851,#1573);
#1573 = DEFINITIONAL_REPRESENTATION('',(#1574),#1577);
#1574 = B_SPLINE_CURVE_WITH_KNOTS('',1,(#1575,#1576),.UNSPECIFIED.,.F.,
  .F.,(2,2),(-127.5,42.5),.PIECEWISE_BEZIER_KNOTS.);
#1575 = CARTESIAN_POINT('',(85.,78.25));
#1576 = CARTESIAN_POINT('',(-85.,78.25));
#1577 = ( GEOMETRIC_REPRESENTATION_CONTEXT(2) 
PARAMETRIC_REPRESENTATION_CONTEXT() REPRESENTATION_CONTEXT('2D SPACE',''
  ) );
#1578 = PCURVE('',#1579,#1584);
#1579 = PLANE('',#1580);
#1580 = AXIS2_PLACEMENT_3D('',#1581,#1582,#1583);
#1581 = CARTESIAN_POINT('',(5.,-1.,164.));
#1582 = DIRECTION('',(0.,0.,1.));
#1583 = DIRECTION('',(1.,0.,-0.));
#1584 = DEFINITIONAL_REPRESENTATION('',(#1585),#1588);
#1585 = B_SPLINE_CURVE_WITH_KNOTS('',1,(#1586,#1587),.UNSPECIFIED.,.F.,
  .F.,(2,2),(-127.5,42.5),.PIECEWISE_BEZIER_KNOTS.);
#1586 = CARTESIAN_POINT('',(170.,5.6));
#1587 = CARTESIAN_POINT('',(0.,5.6));
#1588 = ( GEOMETRIC_REPRESENTATION_CONTEXT(2) 
PARAMETRIC_REPRESENTATION_CONTEXT() REPRESENTATION_CONTEXT('2D SPACE',''
  ) );
#1589 = ORIENTED_EDGE('',*,*,#1590,.F.);
#1590 = EDGE_CURVE('',#1591,#1565,#1593,.T.);
#1591 = VERTEX_POINT('',#1592);
#1592 = CARTESIAN_POINT('',(175.,4.6,51.));
#1593 = SURFACE_CURVE('',#1594,(#1598,#1604),.PCURVE_S1.);
#1594 = LINE('',#1595,#1596);
#1595 = CARTESIAN_POINT('',(175.,4.6,68.375));
#1596 = VECTOR('',#1597,1.);
#1597 = DIRECTION('',(0.,0.,1.));
#1598 = PCURVE('',#851,#1599);
#1599 = DEFINITIONAL_REPRESENTATION('',(#1600),#1603);
#1600 = B_SPLINE_CURVE_WITH_KNOTS('',1,(#1601,#1602),.UNSPECIFIED.,.F.,
  .F.,(2,2),(-17.375,95.625),.PIECEWISE_BEZIER_KNOTS.);
#1601 = CARTESIAN_POINT('',(85.,-34.75));
#1602 = CARTESIAN_POINT('',(85.,78.25));
#1603 = ( GEOMETRIC_REPRESENTATION_CONTEXT(2) 
PARAMETRIC_REPRESENTATION_CONTEXT() REPRESENTATION_CONTEXT('2D SPACE',''
  ) );
#1604 = PCURVE('',#1605,#1610);
#1605 = PLANE('',#1606);
#1606 = AXIS2_PLACEMENT_3D('',#1607,#1608,#1609);
#1607 = CARTESIAN_POINT('',(175.,-1.,51.));
#1608 = DIRECTION('',(1.,0.,-0.));
#1609 = DIRECTION('',(0.,0.,1.));
#1610 = DEFINITIONAL_REPRESENTATION('',(#1611),#1614);
#1611 = B_SPLINE_CURVE_WITH_KNOTS('',1,(#1612,#1613),.UNSPECIFIED.,.F.,
  .F.,(2,2),(-17.375,95.625),.PIECEWISE_BEZIER_KNOTS.);
#1612 = CARTESIAN_POINT('',(0.,-5.6));
#1613 = CARTESIAN_POINT('',(113.,-5.6));
#1614 = ( GEOMETRIC_REPRESENTATION_CONTEXT(2) 
PARAMETRIC_REPRESENTATION_CONTEXT() REPRESENTATION_CONTEXT('2D SPACE',''
  ) );
#1615 = ORIENTED_EDGE('',*,*,#1616,.T.);
#1616 = EDGE_CURVE('',#1591,#1617,#1619,.T.);
#1617 = VERTEX_POINT('',#1618);
#1618 = CARTESIAN_POINT('',(168.5,4.6,51.));
#1619 = SURFACE_CURVE('',#1620,(#1624,#1630),.PCURVE_S1.);
#1620 = LINE('',#1621,#1622);
#1621 = CARTESIAN_POINT('',(47.5,4.6,51.));
#1622 = VECTOR('',#1623,1.);
#1623 = DIRECTION('',(-1.,0.,0.));
#1624 = PCURVE('',#851,#1625);
#1625 = DEFINITIONAL_REPRESENTATION('',(#1626),#1629);
#1626 = B_SPLINE_CURVE_WITH_KNOTS('',1,(#1627,#1628),.UNSPECIFIED.,.F.,
  .F.,(2,2),(-127.5,42.5),.PIECEWISE_BEZIER_KNOTS.);
#1627 = CARTESIAN_POINT('',(85.,-34.75));
#1628 = CARTESIAN_POINT('',(-85.,-34.75));
#1629 = ( GEOMETRIC_REPRESENTATION_CONTEXT(2) 
PARAMETRIC_REPRESENTATION_CONTEXT() REPRESENTATION_CONTEXT('2D SPACE',''
  ) );
#1630 = PCURVE('',#1631,#1636);
#1631 = PLANE('',#1632);
#1632 = AXIS2_PLACEMENT_3D('',#1633,#1634,#1635);
#1633 = CARTESIAN_POINT('',(5.,-1.,51.));
#1634 = DIRECTION('',(0.,0.,1.));
#1635 = DIRECTION('',(1.,0.,-0.));
#1636 = DEFINITIONAL_REPRESENTATION('',(#1637),#1640);
#1637 = B_SPLINE_CURVE_WITH_KNOTS('',1,(#1638,#1639),.UNSPECIFIED.,.F.,
  .F.,(2,2),(-127.5,42.5),.PIECEWISE_BEZIER_KNOTS.);
#1638 = CARTESIAN_POINT('',(170.,5.6));
#1639 = CARTESIAN_POINT('',(0.,5.6));
#1640 = ( GEOMETRIC_REPRESENTATION_CONTEXT(2) 
PARAMETRIC_REPRESENTATION_CONTEXT() REPRESENTATION_CONTEXT('2D SPACE',''
  ) );
#1641 = ORIENTED_EDGE('',*,*,#1642,.T.);
#1642 = EDGE_CURVE('',#1617,#1643,#1645,.T.);
#1643 = VERTEX_POINT('',#1644);
#1644 = CARTESIAN_POINT('',(166.,4.6,47.291900756452));
#1645 = SURFACE_CURVE('',#1646,(#1651,#1662),.PCURVE_S1.);
#1646 = CIRCLE('',#1647,4.);
#1647 = AXIS2_PLACEMENT_3D('',#1648,#1649,#1650);
#1648 = CARTESIAN_POINT('',(164.5,4.6,51.));
#1649 = DIRECTION('',(0.,1.,0.));
#1650 = DIRECTION('',(1.,0.,-0.));
#1651 = PCURVE('',#851,#1652);
#1652 = DEFINITIONAL_REPRESENTATION('',(#1653),#1661);
#1653 = ( BOUNDED_CURVE() B_SPLINE_CURVE(2,(#1654,#1655,#1656,#1657,
#1658,#1659,#1660),.UNSPECIFIED.,.T.,.F.) B_SPLINE_CURVE_WITH_KNOTS((1,2
    ,2,2,2,1),(-2.094395102393,0.,2.094395102393,4.188790204786,
6.28318530718,8.377580409573),.UNSPECIFIED.) CURVE() 
GEOMETRIC_REPRESENTATION_ITEM() RATIONAL_B_SPLINE_CURVE((1.,0.5,1.,0.5,
1.,0.5,1.)) REPRESENTATION_ITEM('') );
#1654 = CARTESIAN_POINT('',(78.5,-34.75));
#1655 = CARTESIAN_POINT('',(78.5,-41.67820323027));
#1656 = CARTESIAN_POINT('',(72.5,-38.21410161513));
#1657 = CARTESIAN_POINT('',(66.5,-34.75));
#1658 = CARTESIAN_POINT('',(72.5,-31.28589838486));
#1659 = CARTESIAN_POINT('',(78.5,-27.82179676972));
#1660 = CARTESIAN_POINT('',(78.5,-34.75));
#1661 = ( GEOMETRIC_REPRESENTATION_CONTEXT(2) 
PARAMETRIC_REPRESENTATION_CONTEXT() REPRESENTATION_CONTEXT('2D SPACE',''
  ) );
#1662 = PCURVE('',#1663,#1668);
#1663 = CYLINDRICAL_SURFACE('',#1664,4.);
#1664 = AXIS2_PLACEMENT_3D('',#1665,#1666,#1667);
#1665 = CARTESIAN_POINT('',(164.5,4.1,51.));
#1666 = DIRECTION('',(0.,1.,0.));
#1667 = DIRECTION('',(1.,0.,-0.));
#1668 = DEFINITIONAL_REPRESENTATION('',(#1669),#1672);
#1669 = B_SPLINE_CURVE_WITH_KNOTS('',1,(#1670,#1671),.UNSPECIFIED.,.F.,
  .F.,(2,2),(0.,1.186399552299),.PIECEWISE_BEZIER_KNOTS.);
#1670 = CARTESIAN_POINT('',(6.28318530718,0.5));
#1671 = CARTESIAN_POINT('',(7.469584859479,0.5));
#1672 = ( GEOMETRIC_REPRESENTATION_CONTEXT(2) 
PARAMETRIC_REPRESENTATION_CONTEXT() REPRESENTATION_CONTEXT('2D SPACE',''
  ) );
#1673 = ORIENTED_EDGE('',*,*,#1674,.F.);
#1674 = EDGE_CURVE('',#1675,#1643,#1677,.T.);
#1675 = VERTEX_POINT('',#1676);
#1676 = CARTESIAN_POINT('',(166.,4.6,46.));
#1677 = SURFACE_CURVE('',#1678,(#1682,#1688),.PCURVE_S1.);
#1678 = LINE('',#1679,#1680);
#1679 = CARTESIAN_POINT('',(166.,4.6,65.875));
#1680 = VECTOR('',#1681,1.);
#1681 = DIRECTION('',(0.,0.,1.));
#1682 = PCURVE('',#851,#1683);
#1683 = DEFINITIONAL_REPRESENTATION('',(#1684),#1687);
#1684 = B_SPLINE_CURVE_WITH_KNOTS('',1,(#1685,#1686),.UNSPECIFIED.,.F.,
  .F.,(2,2),(-19.875,-14.875),.PIECEWISE_BEZIER_KNOTS.);
#1685 = CARTESIAN_POINT('',(76.,-39.75));
#1686 = CARTESIAN_POINT('',(76.,-34.75));
#1687 = ( GEOMETRIC_REPRESENTATION_CONTEXT(2) 
PARAMETRIC_REPRESENTATION_CONTEXT() REPRESENTATION_CONTEXT('2D SPACE',''
  ) );
#1688 = PCURVE('',#1689,#1694);
#1689 = PLANE('',#1690);
#1690 = AXIS2_PLACEMENT_3D('',#1691,#1692,#1693);
#1691 = CARTESIAN_POINT('',(166.,4.1,46.));
#1692 = DIRECTION('',(1.,0.,-0.));
#1693 = DIRECTION('',(0.,0.,1.));
#1694 = DEFINITIONAL_REPRESENTATION('',(#1695),#1698);
#1695 = B_SPLINE_CURVE_WITH_KNOTS('',1,(#1696,#1697),.UNSPECIFIED.,.F.,
  .F.,(2,2),(-19.875,-14.875),.PIECEWISE_BEZIER_KNOTS.);
#1696 = CARTESIAN_POINT('',(0.,-0.5));
#1697 = CARTESIAN_POINT('',(5.,-0.5));
#1698 = ( GEOMETRIC_REPRESENTATION_CONTEXT(2) 
PARAMETRIC_REPRESENTATION_CONTEXT() REPRESENTATION_CONTEXT('2D SPACE',''
  ) );
#1699 = ORIENTED_EDGE('',*,*,#1700,.T.);
#1700 = EDGE_CURVE('',#1675,#1701,#1703,.T.);
#1701 = VERTEX_POINT('',#1702);
#1702 = CARTESIAN_POINT('',(163.,4.6,46.));
#1703 = SURFACE_CURVE('',#1704,(#1708,#1714),.PCURVE_S1.);
#1704 = LINE('',#1705,#1706);
#1705 = CARTESIAN_POINT('',(126.5,4.6,46.));
#1706 = VECTOR('',#1707,1.);
#1707 = DIRECTION('',(-1.,0.,0.));
#1708 = PCURVE('',#851,#1709);
#1709 = DEFINITIONAL_REPRESENTATION('',(#1710),#1713);
#1710 = B_SPLINE_CURVE_WITH_KNOTS('',1,(#1711,#1712),.UNSPECIFIED.,.F.,
  .F.,(2,2),(-39.5,-36.5),.PIECEWISE_BEZIER_KNOTS.);
#1711 = CARTESIAN_POINT('',(76.,-39.75));
#1712 = CARTESIAN_POINT('',(73.,-39.75));
#1713 = ( GEOMETRIC_REPRESENTATION_CONTEXT(2) 
PARAMETRIC_REPRESENTATION_CONTEXT() REPRESENTATION_CONTEXT('2D SPACE',''
  ) );
#1714 = PCURVE('',#1715,#1720);
#1715 = PLANE('',#1716);
#1716 = AXIS2_PLACEMENT_3D('',#1717,#1718,#1719);
#1717 = CARTESIAN_POINT('',(163.,4.1,46.));
#1718 = DIRECTION('',(0.,0.,1.));
#1719 = DIRECTION('',(1.,0.,-0.));
#1720 = DEFINITIONAL_REPRESENTATION('',(#1721),#1724);
#1721 = B_SPLINE_CURVE_WITH_KNOTS('',1,(#1722,#1723),.UNSPECIFIED.,.F.,
  .F.,(2,2),(-39.5,-36.5),.PIECEWISE_BEZIER_KNOTS.);
#1722 = CARTESIAN_POINT('',(3.,0.5));
#1723 = CARTESIAN_POINT('',(0.,0.5));
#1724 = ( GEOMETRIC_REPRESENTATION_CONTEXT(2) 
PARAMETRIC_REPRESENTATION_CONTEXT() REPRESENTATION_CONTEXT('2D SPACE',''
  ) );
#1725 = ORIENTED_EDGE('',*,*,#1726,.T.);
#1726 = EDGE_CURVE('',#1701,#1727,#1729,.T.);
#1727 = VERTEX_POINT('',#1728);
#1728 = CARTESIAN_POINT('',(163.,4.6,47.291900756452));
#1729 = SURFACE_CURVE('',#1730,(#1734,#1740),.PCURVE_S1.);
#1730 = LINE('',#1731,#1732);
#1731 = CARTESIAN_POINT('',(163.,4.6,65.875));
#1732 = VECTOR('',#1733,1.);
#1733 = DIRECTION('',(0.,0.,1.));
#1734 = PCURVE('',#851,#1735);
#1735 = DEFINITIONAL_REPRESENTATION('',(#1736),#1739);
#1736 = B_SPLINE_CURVE_WITH_KNOTS('',1,(#1737,#1738),.UNSPECIFIED.,.F.,
  .F.,(2,2),(-19.875,-14.875),.PIECEWISE_BEZIER_KNOTS.);
#1737 = CARTESIAN_POINT('',(73.,-39.75));
#1738 = CARTESIAN_POINT('',(73.,-34.75));
#1739 = ( GEOMETRIC_REPRESENTATION_CONTEXT(2) 
PARAMETRIC_REPRESENTATION_CONTEXT() REPRESENTATION_CONTEXT('2D SPACE',''
  ) );
#1740 = PCURVE('',#1741,#1746);
#1741 = PLANE('',#1742);
#1742 = AXIS2_PLACEMENT_3D('',#1743,#1744,#1745);
#1743 = CARTESIAN_POINT('',(163.,4.1,46.));
#1744 = DIRECTION('',(1.,0.,-0.));
#1745 = DIRECTION('',(0.,0.,1.));
#1746 = DEFINITIONAL_REPRESENTATION('',(#1747),#1750);
#1747 = B_SPLINE_CURVE_WITH_KNOTS('',1,(#1748,#1749),.UNSPECIFIED.,.F.,
  .F.,(2,2),(-19.875,-14.875),.PIECEWISE_BEZIER_KNOTS.);
#1748 = CARTESIAN_POINT('',(0.,-0.5));
#1749 = CARTESIAN_POINT('',(5.,-0.5));
#1750 = ( GEOMETRIC_REPRESENTATION_CONTEXT(2) 
PARAMETRIC_REPRESENTATION_CONTEXT() REPRESENTATION_CONTEXT('2D SPACE',''
  ) );
#1751 = ORIENTED_EDGE('',*,*,#1752,.T.);
#1752 = EDGE_CURVE('',#1727,#1753,#1755,.T.);
#1753 = VERTEX_POINT('',#1754);
#1754 = CARTESIAN_POINT('',(160.5,4.6,51.));
#1755 = SURFACE_CURVE('',#1756,(#1761,#1772),.PCURVE_S1.);
#1756 = CIRCLE('',#1757,4.);
#1757 = AXIS2_PLACEMENT_3D('',#1758,#1759,#1760);
#1758 = CARTESIAN_POINT('',(164.5,4.6,51.));
#1759 = DIRECTION('',(0.,1.,0.));
#1760 = DIRECTION('',(1.,0.,-0.));
#1761 = PCURVE('',#851,#1762);
#1762 = DEFINITIONAL_REPRESENTATION('',(#1763),#1771);
#1763 = ( BOUNDED_CURVE() B_SPLINE_CURVE(2,(#1764,#1765,#1766,#1767,
#1768,#1769,#1770),.UNSPECIFIED.,.T.,.F.) B_SPLINE_CURVE_WITH_KNOTS((1,2
    ,2,2,2,1),(-2.094395102393,0.,2.094395102393,4.188790204786,
6.28318530718,8.377580409573),.UNSPECIFIED.) CURVE() 
GEOMETRIC_REPRESENTATION_ITEM() RATIONAL_B_SPLINE_CURVE((1.,0.5,1.,0.5,
1.,0.5,1.)) REPRESENTATION_ITEM('') );
#1764 = CARTESIAN_POINT('',(78.5,-34.75));
#1765 = CARTESIAN_POINT('',(78.5,-41.67820323027));
#1766 = CARTESIAN_POINT('',(72.5,-38.21410161513));
#1767 = CARTESIAN_POINT('',(66.5,-34.75));
#1768 = CARTESIAN_POINT('',(72.5,-31.28589838486));
#1769 = CARTESIAN_POINT('',(78.5,-27.82179676972));
#1770 = CARTESIAN_POINT('',(78.5,-34.75));
#1771 = ( GEOMETRIC_REPRESENTATION_CONTEXT(2) 
PARAMETRIC_REPRESENTATION_CONTEXT() REPRESENTATION_CONTEXT('2D SPACE',''
  ) );
#1772 = PCURVE('',#1663,#1773);
#1773 = DEFINITIONAL_REPRESENTATION('',(#1774),#1777);
#1774 = B_SPLINE_CURVE_WITH_KNOTS('',1,(#1775,#1776),.UNSPECIFIED.,.F.,
  .F.,(2,2),(1.955193101291,3.14159265359),.PIECEWISE_BEZIER_KNOTS.);
#1775 = CARTESIAN_POINT('',(1.955193101291,0.5));
#1776 = CARTESIAN_POINT('',(3.14159265359,0.5));
#1777 = ( GEOMETRIC_REPRESENTATION_CONTEXT(2) 
PARAMETRIC_REPRESENTATION_CONTEXT() REPRESENTATION_CONTEXT('2D SPACE',''
  ) );
#1778 = ORIENTED_EDGE('',*,*,#1779,.T.);
#1779 = EDGE_CURVE('',#1753,#1780,#1782,.T.);
#1780 = VERTEX_POINT('',#1781);
#1781 = CARTESIAN_POINT('',(19.5,4.6,51.));
#1782 = SURFACE_CURVE('',#1783,(#1787,#1793),.PCURVE_S1.);
#1783 = LINE('',#1784,#1785);
#1784 = CARTESIAN_POINT('',(47.5,4.6,51.));
#1785 = VECTOR('',#1786,1.);
#1786 = DIRECTION('',(-1.,0.,0.));
#1787 = PCURVE('',#851,#1788);
#1788 = DEFINITIONAL_REPRESENTATION('',(#1789),#1792);
#1789 = B_SPLINE_CURVE_WITH_KNOTS('',1,(#1790,#1791),.UNSPECIFIED.,.F.,
  .F.,(2,2),(-127.5,42.5),.PIECEWISE_BEZIER_KNOTS.);
#1790 = CARTESIAN_POINT('',(85.,-34.75));
#1791 = CARTESIAN_POINT('',(-85.,-34.75));
#1792 = ( GEOMETRIC_REPRESENTATION_CONTEXT(2) 
PARAMETRIC_REPRESENTATION_CONTEXT() REPRESENTATION_CONTEXT('2D SPACE',''
  ) );
#1793 = PCURVE('',#1631,#1794);
#1794 = DEFINITIONAL_REPRESENTATION('',(#1795),#1798);
#1795 = B_SPLINE_CURVE_WITH_KNOTS('',1,(#1796,#1797),.UNSPECIFIED.,.F.,
  .F.,(2,2),(-127.5,42.5),.PIECEWISE_BEZIER_KNOTS.);
#1796 = CARTESIAN_POINT('',(170.,5.6));
#1797 = CARTESIAN_POINT('',(0.,5.6));
#1798 = ( GEOMETRIC_REPRESENTATION_CONTEXT(2) 
PARAMETRIC_REPRESENTATION_CONTEXT() REPRESENTATION_CONTEXT('2D SPACE',''
  ) );
#1799 = ORIENTED_EDGE('',*,*,#1800,.T.);
#1800 = EDGE_CURVE('',#1780,#1801,#1803,.T.);
#1801 = VERTEX_POINT('',#1802);
#1802 = CARTESIAN_POINT('',(17.,4.6,47.291900756452));
#1803 = SURFACE_CURVE('',#1804,(#1809,#1820),.PCURVE_S1.);
#1804 = CIRCLE('',#1805,4.);
#1805 = AXIS2_PLACEMENT_3D('',#1806,#1807,#1808);
#1806 = CARTESIAN_POINT('',(15.5,4.6,51.));
#1807 = DIRECTION('',(0.,1.,0.));
#1808 = DIRECTION('',(1.,0.,-0.));
#1809 = PCURVE('',#851,#1810);
#1810 = DEFINITIONAL_REPRESENTATION('',(#1811),#1819);
#1811 = ( BOUNDED_CURVE() B_SPLINE_CURVE(2,(#1812,#1813,#1814,#1815,
#1816,#1817,#1818),.UNSPECIFIED.,.T.,.F.) B_SPLINE_CURVE_WITH_KNOTS((1,2
    ,2,2,2,1),(-2.094395102393,0.,2.094395102393,4.188790204786,
6.28318530718,8.377580409573),.UNSPECIFIED.) CURVE() 
GEOMETRIC_REPRESENTATION_ITEM() RATIONAL_B_SPLINE_CURVE((1.,0.5,1.,0.5,
1.,0.5,1.)) REPRESENTATION_ITEM('') );
#1812 = CARTESIAN_POINT('',(-70.5,-34.75));
#1813 = CARTESIAN_POINT('',(-70.5,-41.67820323027));
#1814 = CARTESIAN_POINT('',(-76.5,-38.21410161513));
#1815 = CARTESIAN_POINT('',(-82.5,-34.75));
#1816 = CARTESIAN_POINT('',(-76.5,-31.28589838486));
#1817 = CARTESIAN_POINT('',(-70.5,-27.82179676972));
#1818 = CARTESIAN_POINT('',(-70.5,-34.75));
#1819 = ( GEOMETRIC_REPRESENTATION_CONTEXT(2) 
PARAMETRIC_REPRESENTATION_CONTEXT() REPRESENTATION_CONTEXT('2D SPACE',''
  ) );
#1820 = PCURVE('',#1821,#1826);
#1821 = CYLINDRICAL_SURFACE('',#1822,4.);
#1822 = AXIS2_PLACEMENT_3D('',#1823,#1824,#1825);
#1823 = CARTESIAN_POINT('',(15.5,4.1,51.));
#1824 = DIRECTION('',(0.,1.,0.));
#1825 = DIRECTION('',(1.,0.,-0.));
#1826 = DEFINITIONAL_REPRESENTATION('',(#1827),#1830);
#1827 = B_SPLINE_CURVE_WITH_KNOTS('',1,(#1828,#1829),.UNSPECIFIED.,.F.,
  .F.,(2,2),(0.,1.186399552299),.PIECEWISE_BEZIER_KNOTS.);
#1828 = CARTESIAN_POINT('',(6.28318530718,0.5));
#1829 = CARTESIAN_POINT('',(7.469584859479,0.5));
#1830 = ( GEOMETRIC_REPRESENTATION_CONTEXT(2) 
PARAMETRIC_REPRESENTATION_CONTEXT() REPRESENTATION_CONTEXT('2D SPACE',''
  ) );
#1831 = ORIENTED_EDGE('',*,*,#1832,.F.);
#1832 = EDGE_CURVE('',#1833,#1801,#1835,.T.);
#1833 = VERTEX_POINT('',#1834);
#1834 = CARTESIAN_POINT('',(17.,4.6,46.));
#1835 = SURFACE_CURVE('',#1836,(#1840,#1846),.PCURVE_S1.);
#1836 = LINE('',#1837,#1838);
#1837 = CARTESIAN_POINT('',(17.,4.6,65.875));
#1838 = VECTOR('',#1839,1.);
#1839 = DIRECTION('',(0.,0.,1.));
#1840 = PCURVE('',#851,#1841);
#1841 = DEFINITIONAL_REPRESENTATION('',(#1842),#1845);
#1842 = B_SPLINE_CURVE_WITH_KNOTS('',1,(#1843,#1844),.UNSPECIFIED.,.F.,
  .F.,(2,2),(-19.875,-14.875),.PIECEWISE_BEZIER_KNOTS.);
#1843 = CARTESIAN_POINT('',(-73.,-39.75));
#1844 = CARTESIAN_POINT('',(-73.,-34.75));
#1845 = ( GEOMETRIC_REPRESENTATION_CONTEXT(2) 
PARAMETRIC_REPRESENTATION_CONTEXT() REPRESENTATION_CONTEXT('2D SPACE',''
  ) );
#1846 = PCURVE('',#1847,#1852);
#1847 = PLANE('',#1848);
#1848 = AXIS2_PLACEMENT_3D('',#1849,#1850,#1851);
#1849 = CARTESIAN_POINT('',(17.,4.1,46.));
#1850 = DIRECTION('',(1.,0.,-0.));
#1851 = DIRECTION('',(0.,0.,1.));
#1852 = DEFINITIONAL_REPRESENTATION('',(#1853),#1856);
#1853 = B_SPLINE_CURVE_WITH_KNOTS('',1,(#1854,#1855),.UNSPECIFIED.,.F.,
  .F.,(2,2),(-19.875,-14.875),.PIECEWISE_BEZIER_KNOTS.);
#1854 = CARTESIAN_POINT('',(0.,-0.5));
#1855 = CARTESIAN_POINT('',(5.,-0.5));
#1856 = ( GEOMETRIC_REPRESENTATION_CONTEXT(2) 
PARAMETRIC_REPRESENTATION_CONTEXT() REPRESENTATION_CONTEXT('2D SPACE',''
  ) );
#1857 = ORIENTED_EDGE('',*,*,#1858,.T.);
#1858 = EDGE_CURVE('',#1833,#1859,#1861,.T.);
#1859 = VERTEX_POINT('',#1860);
#1860 = CARTESIAN_POINT('',(14.,4.6,46.));
#1861 = SURFACE_CURVE('',#1862,(#1866,#1872),.PCURVE_S1.);
#1862 = LINE('',#1863,#1864);
#1863 = CARTESIAN_POINT('',(52.,4.6,46.));
#1864 = VECTOR('',#1865,1.);
#1865 = DIRECTION('',(-1.,0.,0.));
#1866 = PCURVE('',#851,#1867);
#1867 = DEFINITIONAL_REPRESENTATION('',(#1868),#1871);
#1868 = B_SPLINE_CURVE_WITH_KNOTS('',1,(#1869,#1870),.UNSPECIFIED.,.F.,
  .F.,(2,2),(35.,38.),.PIECEWISE_BEZIER_KNOTS.);
#1869 = CARTESIAN_POINT('',(-73.,-39.75));
#1870 = CARTESIAN_POINT('',(-76.,-39.75));
#1871 = ( GEOMETRIC_REPRESENTATION_CONTEXT(2) 
PARAMETRIC_REPRESENTATION_CONTEXT() REPRESENTATION_CONTEXT('2D SPACE',''
  ) );
#1872 = PCURVE('',#1873,#1878);
#1873 = PLANE('',#1874);
#1874 = AXIS2_PLACEMENT_3D('',#1875,#1876,#1877);
#1875 = CARTESIAN_POINT('',(14.,4.1,46.));
#1876 = DIRECTION('',(0.,0.,1.));
#1877 = DIRECTION('',(1.,0.,-0.));
#1878 = DEFINITIONAL_REPRESENTATION('',(#1879),#1882);
#1879 = B_SPLINE_CURVE_WITH_KNOTS('',1,(#1880,#1881),.UNSPECIFIED.,.F.,
  .F.,(2,2),(35.,38.),.PIECEWISE_BEZIER_KNOTS.);
#1880 = CARTESIAN_POINT('',(3.,0.5));
#1881 = CARTESIAN_POINT('',(0.,0.5));
#1882 = ( GEOMETRIC_REPRESENTATION_CONTEXT(2) 
PARAMETRIC_REPRESENTATION_CONTEXT() REPRESENTATION_CONTEXT('2D SPACE',''
  ) );
#1883 = ORIENTED_EDGE('',*,*,#1884,.T.);
#1884 = EDGE_CURVE('',#1859,#1885,#1887,.T.);
#1885 = VERTEX_POINT('',#1886);
#1886 = CARTESIAN_POINT('',(14.,4.6,47.291900756452));
#1887 = SURFACE_CURVE('',#1888,(#1892,#1898),.PCURVE_S1.);
#1888 = LINE('',#1889,#1890);
#1889 = CARTESIAN_POINT('',(14.,4.6,65.875));
#1890 = VECTOR('',#1891,1.);
#1891 = DIRECTION('',(0.,0.,1.));
#1892 = PCURVE('',#851,#1893);
#1893 = DEFINITIONAL_REPRESENTATION('',(#1894),#1897);
#1894 = B_SPLINE_CURVE_WITH_KNOTS('',1,(#1895,#1896),.UNSPECIFIED.,.F.,
  .F.,(2,2),(-19.875,-14.875),.PIECEWISE_BEZIER_KNOTS.);
#1895 = CARTESIAN_POINT('',(-76.,-39.75));
#1896 = CARTESIAN_POINT('',(-76.,-34.75));
#1897 = ( GEOMETRIC_REPRESENTATION_CONTEXT(2) 
PARAMETRIC_REPRESENTATION_CONTEXT() REPRESENTATION_CONTEXT('2D SPACE',''
  ) );
#1898 = PCURVE('',#1899,#1904);
#1899 = PLANE('',#1900);
#1900 = AXIS2_PLACEMENT_3D('',#1901,#1902,#1903);
#1901 = CARTESIAN_POINT('',(14.,4.1,46.));
#1902 = DIRECTION('',(1.,0.,-0.));
#1903 = DIRECTION('',(0.,0.,1.));
#1904 = DEFINITIONAL_REPRESENTATION('',(#1905),#1908);
#1905 = B_SPLINE_CURVE_WITH_KNOTS('',1,(#1906,#1907),.UNSPECIFIED.,.F.,
  .F.,(2,2),(-19.875,-14.875),.PIECEWISE_BEZIER_KNOTS.);
#1906 = CARTESIAN_POINT('',(0.,-0.5));
#1907 = CARTESIAN_POINT('',(5.,-0.5));
#1908 = ( GEOMETRIC_REPRESENTATION_CONTEXT(2) 
PARAMETRIC_REPRESENTATION_CONTEXT() REPRESENTATION_CONTEXT('2D SPACE',''
  ) );
#1909 = ORIENTED_EDGE('',*,*,#1910,.T.);
#1910 = EDGE_CURVE('',#1885,#1911,#1913,.T.);
#1911 = VERTEX_POINT('',#1912);
#1912 = CARTESIAN_POINT('',(11.5,4.6,51.));
#1913 = SURFACE_CURVE('',#1914,(#1919,#1930),.PCURVE_S1.);
#1914 = CIRCLE('',#1915,4.);
#1915 = AXIS2_PLACEMENT_3D('',#1916,#1917,#1918);
#1916 = CARTESIAN_POINT('',(15.5,4.6,51.));
#1917 = DIRECTION('',(0.,1.,0.));
#1918 = DIRECTION('',(1.,0.,-0.));
#1919 = PCURVE('',#851,#1920);
#1920 = DEFINITIONAL_REPRESENTATION('',(#1921),#1929);
#1921 = ( BOUNDED_CURVE() B_SPLINE_CURVE(2,(#1922,#1923,#1924,#1925,
#1926,#1927,#1928),.UNSPECIFIED.,.T.,.F.) B_SPLINE_CURVE_WITH_KNOTS((1,2
    ,2,2,2,1),(-2.094395102393,0.,2.094395102393,4.188790204786,
6.28318530718,8.377580409573),.UNSPECIFIED.) CURVE() 
GEOMETRIC_REPRESENTATION_ITEM() RATIONAL_B_SPLINE_CURVE((1.,0.5,1.,0.5,
1.,0.5,1.)) REPRESENTATION_ITEM('') );
#1922 = CARTESIAN_POINT('',(-70.5,-34.75));
#1923 = CARTESIAN_POINT('',(-70.5,-41.67820323027));
#1924 = CARTESIAN_POINT('',(-76.5,-38.21410161513));
#1925 = CARTESIAN_POINT('',(-82.5,-34.75));
#1926 = CARTESIAN_POINT('',(-76.5,-31.28589838486));
#1927 = CARTESIAN_POINT('',(-70.5,-27.82179676972));
#1928 = CARTESIAN_POINT('',(-70.5,-34.75));
#1929 = ( GEOMETRIC_REPRESENTATION_CONTEXT(2) 
PARAMETRIC_REPRESENTATION_CONTEXT() REPRESENTATION_CONTEXT('2D SPACE',''
  ) );
#1930 = PCURVE('',#1821,#1931);
#1931 = DEFINITIONAL_REPRESENTATION('',(#1932),#1935);
#1932 = B_SPLINE_CURVE_WITH_KNOTS('',1,(#1933,#1934),.UNSPECIFIED.,.F.,
  .F.,(2,2),(1.955193101291,3.14159265359),.PIECEWISE_BEZIER_KNOTS.);
#1933 = CARTESIAN_POINT('',(1.955193101291,0.5));
#1934 = CARTESIAN_POINT('',(3.14159265359,0.5));
#1935 = ( GEOMETRIC_REPRESENTATION_CONTEXT(2) 
PARAMETRIC_REPRESENTATION_CONTEXT() REPRESENTATION_CONTEXT('2D SPACE',''
  ) );
#1936 = ORIENTED_EDGE('',*,*,#1937,.T.);
#1937 = EDGE_CURVE('',#1911,#1938,#1940,.T.);
#1938 = VERTEX_POINT('',#1939);
#1939 = CARTESIAN_POINT('',(5.,4.6,51.));
#1940 = SURFACE_CURVE('',#1941,(#1945,#1951),.PCURVE_S1.);
#1941 = LINE('',#1942,#1943);
#1942 = CARTESIAN_POINT('',(47.5,4.6,51.));
#1943 = VECTOR('',#1944,1.);
#1944 = DIRECTION('',(-1.,0.,0.));
#1945 = PCURVE('',#851,#1946);
#1946 = DEFINITIONAL_REPRESENTATION('',(#1947),#1950);
#1947 = B_SPLINE_CURVE_WITH_KNOTS('',1,(#1948,#1949),.UNSPECIFIED.,.F.,
  .F.,(2,2),(-127.5,42.5),.PIECEWISE_BEZIER_KNOTS.);
#1948 = CARTESIAN_POINT('',(85.,-34.75));
#1949 = CARTESIAN_POINT('',(-85.,-34.75));
#1950 = ( GEOMETRIC_REPRESENTATION_CONTEXT(2) 
PARAMETRIC_REPRESENTATION_CONTEXT() REPRESENTATION_CONTEXT('2D SPACE',''
  ) );
#1951 = PCURVE('',#1631,#1952);
#1952 = DEFINITIONAL_REPRESENTATION('',(#1953),#1956);
#1953 = B_SPLINE_CURVE_WITH_KNOTS('',1,(#1954,#1955),.UNSPECIFIED.,.F.,
  .F.,(2,2),(-127.5,42.5),.PIECEWISE_BEZIER_KNOTS.);
#1954 = CARTESIAN_POINT('',(170.,5.6));
#1955 = CARTESIAN_POINT('',(0.,5.6));
#1956 = ( GEOMETRIC_REPRESENTATION_CONTEXT(2) 
PARAMETRIC_REPRESENTATION_CONTEXT() REPRESENTATION_CONTEXT('2D SPACE',''
  ) );
#1957 = ORIENTED_EDGE('',*,*,#1958,.T.);
#1958 = EDGE_CURVE('',#1938,#1959,#1961,.T.);
#1959 = VERTEX_POINT('',#1960);
#1960 = CARTESIAN_POINT('',(5.,4.6,164.));
#1961 = SURFACE_CURVE('',#1962,(#1966,#1972),.PCURVE_S1.);
#1962 = LINE('',#1963,#1964);
#1963 = CARTESIAN_POINT('',(5.,4.6,68.375));
#1964 = VECTOR('',#1965,1.);
#1965 = DIRECTION('',(0.,0.,1.));
#1966 = PCURVE('',#851,#1967);
#1967 = DEFINITIONAL_REPRESENTATION('',(#1968),#1971);
#1968 = B_SPLINE_CURVE_WITH_KNOTS('',1,(#1969,#1970),.UNSPECIFIED.,.F.,
  .F.,(2,2),(-17.375,95.625),.PIECEWISE_BEZIER_KNOTS.);
#1969 = CARTESIAN_POINT('',(-85.,-34.75));
#1970 = CARTESIAN_POINT('',(-85.,78.25));
#1971 = ( GEOMETRIC_REPRESENTATION_CONTEXT(2) 
PARAMETRIC_REPRESENTATION_CONTEXT() REPRESENTATION_CONTEXT('2D SPACE',''
  ) );
#1972 = PCURVE('',#1973,#1978);
#1973 = PLANE('',#1974);
#1974 = AXIS2_PLACEMENT_3D('',#1975,#1976,#1977);
#1975 = CARTESIAN_POINT('',(5.,-1.,51.));
#1976 = DIRECTION('',(1.,0.,-0.));
#1977 = DIRECTION('',(0.,0.,1.));
#1978 = DEFINITIONAL_REPRESENTATION('',(#1979),#1982);
#1979 = B_SPLINE_CURVE_WITH_KNOTS('',1,(#1980,#1981),.UNSPECIFIED.,.F.,
  .F.,(2,2),(-17.375,95.625),.PIECEWISE_BEZIER_KNOTS.);
#1980 = CARTESIAN_POINT('',(0.,-5.6));
#1981 = CARTESIAN_POINT('',(113.,-5.6));
#1982 = ( GEOMETRIC_REPRESENTATION_CONTEXT(2) 
PARAMETRIC_REPRESENTATION_CONTEXT() REPRESENTATION_CONTEXT('2D SPACE',''
  ) );
#1983 = ORIENTED_EDGE('',*,*,#1984,.F.);
#1984 = EDGE_CURVE('',#1985,#1959,#1987,.T.);
#1985 = VERTEX_POINT('',#1986);
#1986 = CARTESIAN_POINT('',(11.5,4.6,164.));
#1987 = SURFACE_CURVE('',#1988,(#1992,#1998),.PCURVE_S1.);
#1988 = LINE('',#1989,#1990);
#1989 = CARTESIAN_POINT('',(47.5,4.6,164.));
#1990 = VECTOR('',#1991,1.);
#1991 = DIRECTION('',(-1.,0.,0.));
#1992 = PCURVE('',#851,#1993);
#1993 = DEFINITIONAL_REPRESENTATION('',(#1994),#1997);
#1994 = B_SPLINE_CURVE_WITH_KNOTS('',1,(#1995,#1996),.UNSPECIFIED.,.F.,
  .F.,(2,2),(-127.5,42.5),.PIECEWISE_BEZIER_KNOTS.);
#1995 = CARTESIAN_POINT('',(85.,78.25));
#1996 = CARTESIAN_POINT('',(-85.,78.25));
#1997 = ( GEOMETRIC_REPRESENTATION_CONTEXT(2) 
PARAMETRIC_REPRESENTATION_CONTEXT() REPRESENTATION_CONTEXT('2D SPACE',''
  ) );
#1998 = PCURVE('',#1579,#1999);
#1999 = DEFINITIONAL_REPRESENTATION('',(#2000),#2003);
#2000 = B_SPLINE_CURVE_WITH_KNOTS('',1,(#2001,#2002),.UNSPECIFIED.,.F.,
  .F.,(2,2),(-127.5,42.5),.PIECEWISE_BEZIER_KNOTS.);
#2001 = CARTESIAN_POINT('',(170.,5.6));
#2002 = CARTESIAN_POINT('',(0.,5.6));
#2003 = ( GEOMETRIC_REPRESENTATION_CONTEXT(2) 
PARAMETRIC_REPRESENTATION_CONTEXT() REPRESENTATION_CONTEXT('2D SPACE',''
  ) );
#2004 = ORIENTED_EDGE('',*,*,#2005,.T.);
#2005 = EDGE_CURVE('',#1985,#2006,#2008,.T.);
#2006 = VERTEX_POINT('',#2007);
#2007 = CARTESIAN_POINT('',(14.,4.6,167.70809924354));
#2008 = SURFACE_CURVE('',#2009,(#2014,#2025),.PCURVE_S1.);
#2009 = CIRCLE('',#2010,4.);
#2010 = AXIS2_PLACEMENT_3D('',#2011,#2012,#2013);
#2011 = CARTESIAN_POINT('',(15.5,4.6,164.));
#2012 = DIRECTION('',(0.,1.,0.));
#2013 = DIRECTION('',(1.,0.,-0.));
#2014 = PCURVE('',#851,#2015);
#2015 = DEFINITIONAL_REPRESENTATION('',(#2016),#2024);
#2016 = ( BOUNDED_CURVE() B_SPLINE_CURVE(2,(#2017,#2018,#2019,#2020,
#2021,#2022,#2023),.UNSPECIFIED.,.T.,.F.) B_SPLINE_CURVE_WITH_KNOTS((1,2
    ,2,2,2,1),(-2.094395102393,0.,2.094395102393,4.188790204786,
6.28318530718,8.377580409573),.UNSPECIFIED.) CURVE() 
GEOMETRIC_REPRESENTATION_ITEM() RATIONAL_B_SPLINE_CURVE((1.,0.5,1.,0.5,
1.,0.5,1.)) REPRESENTATION_ITEM('') );
#2017 = CARTESIAN_POINT('',(-70.5,78.25));
#2018 = CARTESIAN_POINT('',(-70.5,71.321796769725));
#2019 = CARTESIAN_POINT('',(-76.5,74.785898384862));
#2020 = CARTESIAN_POINT('',(-82.5,78.25));
#2021 = CARTESIAN_POINT('',(-76.5,81.714101615138));
#2022 = CARTESIAN_POINT('',(-70.5,85.178203230276));
#2023 = CARTESIAN_POINT('',(-70.5,78.25));
#2024 = ( GEOMETRIC_REPRESENTATION_CONTEXT(2) 
PARAMETRIC_REPRESENTATION_CONTEXT() REPRESENTATION_CONTEXT('2D SPACE',''
  ) );
#2025 = PCURVE('',#2026,#2031);
#2026 = CYLINDRICAL_SURFACE('',#2027,4.);
#2027 = AXIS2_PLACEMENT_3D('',#2028,#2029,#2030);
#2028 = CARTESIAN_POINT('',(15.5,4.1,164.));
#2029 = DIRECTION('',(0.,1.,0.));
#2030 = DIRECTION('',(1.,0.,-0.));
#2031 = DEFINITIONAL_REPRESENTATION('',(#2032),#2035);
#2032 = B_SPLINE_CURVE_WITH_KNOTS('',1,(#2033,#2034),.UNSPECIFIED.,.F.,
  .F.,(2,2),(3.14159265359,4.327992205889),.PIECEWISE_BEZIER_KNOTS.);
#2033 = CARTESIAN_POINT('',(9.424777960769,0.5));
#2034 = CARTESIAN_POINT('',(10.611177513069,0.5));
#2035 = ( GEOMETRIC_REPRESENTATION_CONTEXT(2) 
PARAMETRIC_REPRESENTATION_CONTEXT() REPRESENTATION_CONTEXT('2D SPACE',''
  ) );
#2036 = ORIENTED_EDGE('',*,*,#2037,.T.);
#2037 = EDGE_CURVE('',#2006,#2038,#2040,.T.);
#2038 = VERTEX_POINT('',#2039);
#2039 = CARTESIAN_POINT('',(14.,4.6,169.));
#2040 = SURFACE_CURVE('',#2041,(#2045,#2051),.PCURVE_S1.);
#2041 = LINE('',#2042,#2043);
#2042 = CARTESIAN_POINT('',(14.,4.6,124.875));
#2043 = VECTOR('',#2044,1.);
#2044 = DIRECTION('',(0.,0.,1.));
#2045 = PCURVE('',#851,#2046);
#2046 = DEFINITIONAL_REPRESENTATION('',(#2047),#2050);
#2047 = B_SPLINE_CURVE_WITH_KNOTS('',1,(#2048,#2049),.UNSPECIFIED.,.F.,
  .F.,(2,2),(39.125,44.125),.PIECEWISE_BEZIER_KNOTS.);
#2048 = CARTESIAN_POINT('',(-76.,78.25));
#2049 = CARTESIAN_POINT('',(-76.,83.25));
#2050 = ( GEOMETRIC_REPRESENTATION_CONTEXT(2) 
PARAMETRIC_REPRESENTATION_CONTEXT() REPRESENTATION_CONTEXT('2D SPACE',''
  ) );
#2051 = PCURVE('',#2052,#2057);
#2052 = PLANE('',#2053);
#2053 = AXIS2_PLACEMENT_3D('',#2054,#2055,#2056);
#2054 = CARTESIAN_POINT('',(14.,4.1,164.));
#2055 = DIRECTION('',(1.,0.,-0.));
#2056 = DIRECTION('',(0.,0.,1.));
#2057 = DEFINITIONAL_REPRESENTATION('',(#2058),#2061);
#2058 = B_SPLINE_CURVE_WITH_KNOTS('',1,(#2059,#2060),.UNSPECIFIED.,.F.,
  .F.,(2,2),(39.125,44.125),.PIECEWISE_BEZIER_KNOTS.);
#2059 = CARTESIAN_POINT('',(0.,-0.5));
#2060 = CARTESIAN_POINT('',(5.,-0.5));
#2061 = ( GEOMETRIC_REPRESENTATION_CONTEXT(2) 
PARAMETRIC_REPRESENTATION_CONTEXT() REPRESENTATION_CONTEXT('2D SPACE',''
  ) );
#2062 = ORIENTED_EDGE('',*,*,#2063,.F.);
#2063 = EDGE_CURVE('',#2064,#2038,#2066,.T.);
#2064 = VERTEX_POINT('',#2065);
#2065 = CARTESIAN_POINT('',(12.,4.6,169.));
#2066 = SURFACE_CURVE('',#2067,(#2071,#2078),.PCURVE_S1.);
#2067 = LINE('',#2068,#2069);
#2068 = CARTESIAN_POINT('',(90.,4.6,169.));
#2069 = VECTOR('',#2070,1.);
#2070 = DIRECTION('',(1.,0.,0.));
#2071 = PCURVE('',#851,#2072);
#2072 = DEFINITIONAL_REPRESENTATION('',(#2073),#2077);
#2073 = LINE('',#2074,#2075);
#2074 = CARTESIAN_POINT('',(-1.024189225524E-15,83.25));
#2075 = VECTOR('',#2076,1.);
#2076 = DIRECTION('',(1.,0.));
#2077 = ( GEOMETRIC_REPRESENTATION_CONTEXT(2) 
PARAMETRIC_REPRESENTATION_CONTEXT() REPRESENTATION_CONTEXT('2D SPACE',''
  ) );
#2078 = PCURVE('',#1494,#2079);
#2079 = DEFINITIONAL_REPRESENTATION('',(#2080),#2084);
#2080 = LINE('',#2081,#2082);
#2081 = CARTESIAN_POINT('',(78.,-66.5));
#2082 = VECTOR('',#2083,1.);
#2083 = DIRECTION('',(1.,0.));
#2084 = ( GEOMETRIC_REPRESENTATION_CONTEXT(2) 
PARAMETRIC_REPRESENTATION_CONTEXT() REPRESENTATION_CONTEXT('2D SPACE',''
  ) );
#2085 = ORIENTED_EDGE('',*,*,#2086,.F.);
#2086 = EDGE_CURVE('',#836,#2064,#2087,.T.);
#2087 = SURFACE_CURVE('',#2088,(#2093,#2104),.PCURVE_S1.);
#2088 = CIRCLE('',#2089,9.5);
#2089 = AXIS2_PLACEMENT_3D('',#2090,#2091,#2092);
#2090 = CARTESIAN_POINT('',(12.,4.6,159.5));
#2091 = DIRECTION('',(0.,1.,-0.));
#2092 = DIRECTION('',(-1.,0.,0.));
#2093 = PCURVE('',#851,#2094);
#2094 = DEFINITIONAL_REPRESENTATION('',(#2095),#2103);
#2095 = ( BOUNDED_CURVE() B_SPLINE_CURVE(2,(#2096,#2097,#2098,#2099,
#2100,#2101,#2102),.UNSPECIFIED.,.T.,.F.) B_SPLINE_CURVE_WITH_KNOTS((1,2
    ,2,2,2,1),(-2.094395102393,0.,2.094395102393,4.188790204786,
6.28318530718,8.377580409573),.UNSPECIFIED.) CURVE() 
GEOMETRIC_REPRESENTATION_ITEM() RATIONAL_B_SPLINE_CURVE((1.,0.5,1.,0.5,
1.,0.5,1.)) REPRESENTATION_ITEM('') );
#2096 = CARTESIAN_POINT('',(-87.5,73.75));
#2097 = CARTESIAN_POINT('',(-87.5,90.204482671904));
#2098 = CARTESIAN_POINT('',(-73.25,81.977241335952));
#2099 = CARTESIAN_POINT('',(-59.,73.75));
#2100 = CARTESIAN_POINT('',(-73.25,65.522758664048));
#2101 = CARTESIAN_POINT('',(-87.5,57.295517328096));
#2102 = CARTESIAN_POINT('',(-87.5,73.75));
#2103 = ( GEOMETRIC_REPRESENTATION_CONTEXT(2) 
PARAMETRIC_REPRESENTATION_CONTEXT() REPRESENTATION_CONTEXT('2D SPACE',''
  ) );
#2104 = PCURVE('',#877,#2105);
#2105 = DEFINITIONAL_REPRESENTATION('',(#2106),#2110);
#2106 = LINE('',#2107,#2108);
#2107 = CARTESIAN_POINT('',(0.,-66.5));
#2108 = VECTOR('',#2109,1.);
#2109 = DIRECTION('',(1.,0.));
#2110 = ( GEOMETRIC_REPRESENTATION_CONTEXT(2) 
PARAMETRIC_REPRESENTATION_CONTEXT() REPRESENTATION_CONTEXT('2D SPACE',''
  ) );
#2111 = FACE_BOUND('',#2112,.F.);
#2112 = EDGE_LOOP('',(#2113));
#2113 = ORIENTED_EDGE('',*,*,#2114,.T.);
#2114 = EDGE_CURVE('',#2115,#2115,#2117,.T.);
#2115 = VERTEX_POINT('',#2116);
#2116 = CARTESIAN_POINT('',(63.45,4.6,16.));
#2117 = SURFACE_CURVE('',#2118,(#2123,#2134),.PCURVE_S1.);
#2118 = CIRCLE('',#2119,2.3);
#2119 = AXIS2_PLACEMENT_3D('',#2120,#2121,#2122);
#2120 = CARTESIAN_POINT('',(61.15,4.6,16.));
#2121 = DIRECTION('',(0.,1.,0.));
#2122 = DIRECTION('',(1.,0.,-0.));
#2123 = PCURVE('',#851,#2124);
#2124 = DEFINITIONAL_REPRESENTATION('',(#2125),#2133);
#2125 = ( BOUNDED_CURVE() B_SPLINE_CURVE(2,(#2126,#2127,#2128,#2129,
#2130,#2131,#2132),.UNSPECIFIED.,.T.,.F.) B_SPLINE_CURVE_WITH_KNOTS((1,2
    ,2,2,2,1),(-2.094395102393,0.,2.094395102393,4.188790204786,
6.28318530718,8.377580409573),.UNSPECIFIED.) CURVE() 
GEOMETRIC_REPRESENTATION_ITEM() RATIONAL_B_SPLINE_CURVE((1.,0.5,1.,0.5,
1.,0.5,1.)) REPRESENTATION_ITEM('') );
#2126 = CARTESIAN_POINT('',(-26.55,-69.75));
#2127 = CARTESIAN_POINT('',(-26.55,-73.7337168574));
#2128 = CARTESIAN_POINT('',(-30.,-71.7418584287));
#2129 = CARTESIAN_POINT('',(-33.45,-69.75));
#2130 = CARTESIAN_POINT('',(-30.,-67.75814157129));
#2131 = CARTESIAN_POINT('',(-26.55,-65.76628314259));
#2132 = CARTESIAN_POINT('',(-26.55,-69.75));
#2133 = ( GEOMETRIC_REPRESENTATION_CONTEXT(2) 
PARAMETRIC_REPRESENTATION_CONTEXT() REPRESENTATION_CONTEXT('2D SPACE',''
  ) );
#2134 = PCURVE('',#2135,#2140);
#2135 = CYLINDRICAL_SURFACE('',#2136,2.3);
#2136 = AXIS2_PLACEMENT_3D('',#2137,#2138,#2139);
#2137 = CARTESIAN_POINT('',(61.15,4.1,16.));
#2138 = DIRECTION('',(0.,1.,0.));
#2139 = DIRECTION('',(1.,0.,-0.));
#2140 = DEFINITIONAL_REPRESENTATION('',(#2141),#2145);
#2141 = LINE('',#2142,#2143);
#2142 = CARTESIAN_POINT('',(0.,0.5));
#2143 = VECTOR('',#2144,1.);
#2144 = DIRECTION('',(1.,0.));
#2145 = ( GEOMETRIC_REPRESENTATION_CONTEXT(2) 
PARAMETRIC_REPRESENTATION_CONTEXT() REPRESENTATION_CONTEXT('2D SPACE',''
  ) );
#2146 = FACE_BOUND('',#2147,.F.);
#2147 = EDGE_LOOP('',(#2148));
#2148 = ORIENTED_EDGE('',*,*,#2149,.T.);
#2149 = EDGE_CURVE('',#2150,#2150,#2152,.T.);
#2150 = VERTEX_POINT('',#2151);
#2151 = CARTESIAN_POINT('',(84.15,4.6,16.));
#2152 = SURFACE_CURVE('',#2153,(#2158,#2169),.PCURVE_S1.);
#2153 = CIRCLE('',#2154,2.3);
#2154 = AXIS2_PLACEMENT_3D('',#2155,#2156,#2157);
#2155 = CARTESIAN_POINT('',(81.85,4.6,16.));
#2156 = DIRECTION('',(0.,1.,0.));
#2157 = DIRECTION('',(1.,0.,-0.));
#2158 = PCURVE('',#851,#2159);
#2159 = DEFINITIONAL_REPRESENTATION('',(#2160),#2168);
#2160 = ( BOUNDED_CURVE() B_SPLINE_CURVE(2,(#2161,#2162,#2163,#2164,
#2165,#2166,#2167),.UNSPECIFIED.,.T.,.F.) B_SPLINE_CURVE_WITH_KNOTS((1,2
    ,2,2,2,1),(-2.094395102393,0.,2.094395102393,4.188790204786,
6.28318530718,8.377580409573),.UNSPECIFIED.) CURVE() 
GEOMETRIC_REPRESENTATION_ITEM() RATIONAL_B_SPLINE_CURVE((1.,0.5,1.,0.5,
1.,0.5,1.)) REPRESENTATION_ITEM('') );
#2161 = CARTESIAN_POINT('',(-5.85,-69.75));
#2162 = CARTESIAN_POINT('',(-5.85,-73.7337168574));
#2163 = CARTESIAN_POINT('',(-9.3,-71.7418584287));
#2164 = CARTESIAN_POINT('',(-12.75,-69.75));
#2165 = CARTESIAN_POINT('',(-9.3,-67.75814157129));
#2166 = CARTESIAN_POINT('',(-5.85,-65.76628314259));
#2167 = CARTESIAN_POINT('',(-5.85,-69.75));
#2168 = ( GEOMETRIC_REPRESENTATION_CONTEXT(2) 
PARAMETRIC_REPRESENTATION_CONTEXT() REPRESENTATION_CONTEXT('2D SPACE',''
  ) );
#2169 = PCURVE('',#2170,#2175);
#2170 = CYLINDRICAL_SURFACE('',#2171,2.3);
#2171 = AXIS2_PLACEMENT_3D('',#2172,#2173,#2174);
#2172 = CARTESIAN_POINT('',(81.85,4.1,16.));
#2173 = DIRECTION('',(0.,1.,0.));
#2174 = DIRECTION('',(1.,0.,-0.));
#2175 = DEFINITIONAL_REPRESENTATION('',(#2176),#2180);
#2176 = LINE('',#2177,#2178);
#2177 = CARTESIAN_POINT('',(0.,0.5));
#2178 = VECTOR('',#2179,1.);
#2179 = DIRECTION('',(1.,0.));
#2180 = ( GEOMETRIC_REPRESENTATION_CONTEXT(2) 
PARAMETRIC_REPRESENTATION_CONTEXT() REPRESENTATION_CONTEXT('2D SPACE',''
  ) );
#2181 = FACE_BOUND('',#2182,.F.);
#2182 = EDGE_LOOP('',(#2183));
#2183 = ORIENTED_EDGE('',*,*,#2184,.T.);
#2184 = EDGE_CURVE('',#2185,#2185,#2187,.T.);
#2185 = VERTEX_POINT('',#2186);
#2186 = CARTESIAN_POINT('',(78.887794646275,4.6,34.8));
#2187 = SURFACE_CURVE('',#2188,(#2193,#2204),.PCURVE_S1.);
#2188 = CIRCLE('',#2189,7.387794646275);
#2189 = AXIS2_PLACEMENT_3D('',#2190,#2191,#2192);
#2190 = CARTESIAN_POINT('',(71.5,4.6,34.8));
#2191 = DIRECTION('',(0.,1.,0.));
#2192 = DIRECTION('',(1.,0.,-0.));
#2193 = PCURVE('',#851,#2194);
#2194 = DEFINITIONAL_REPRESENTATION('',(#2195),#2203);
#2195 = ( BOUNDED_CURVE() B_SPLINE_CURVE(2,(#2196,#2197,#2198,#2199,
#2200,#2201,#2202),.UNSPECIFIED.,.T.,.F.) B_SPLINE_CURVE_WITH_KNOTS((1,2
    ,2,2,2,1),(-2.094395102393,0.,2.094395102393,4.188790204786,
6.28318530718,8.377580409573),.UNSPECIFIED.) CURVE() 
GEOMETRIC_REPRESENTATION_ITEM() RATIONAL_B_SPLINE_CURVE((1.,0.5,1.,0.5,
1.,0.5,1.)) REPRESENTATION_ITEM('') );
#2196 = CARTESIAN_POINT('',(-11.11220535372,-50.95));
#2197 = CARTESIAN_POINT('',(-11.11220535372,-63.74603568323));
#2198 = CARTESIAN_POINT('',(-22.19389732313,-57.34801784161));
#2199 = CARTESIAN_POINT('',(-33.27558929254,-50.95));
#2200 = CARTESIAN_POINT('',(-22.19389732313,-44.55198215838));
#2201 = CARTESIAN_POINT('',(-11.11220535372,-38.15396431676));
#2202 = CARTESIAN_POINT('',(-11.11220535372,-50.95));
#2203 = ( GEOMETRIC_REPRESENTATION_CONTEXT(2) 
PARAMETRIC_REPRESENTATION_CONTEXT() REPRESENTATION_CONTEXT('2D SPACE',''
  ) );
#2204 = PCURVE('',#2205,#2210);
#2205 = CYLINDRICAL_SURFACE('',#2206,7.387794646275);
#2206 = AXIS2_PLACEMENT_3D('',#2207,#2208,#2209);
#2207 = CARTESIAN_POINT('',(71.5,2.,34.8));
#2208 = DIRECTION('',(0.,1.,0.));
#2209 = DIRECTION('',(1.,0.,-0.));
#2210 = DEFINITIONAL_REPRESENTATION('',(#2211),#2215);
#2211 = LINE('',#2212,#2213);
#2212 = CARTESIAN_POINT('',(0.,2.6));
#2213 = VECTOR('',#2214,1.);
#2214 = DIRECTION('',(1.,0.));
#2215 = ( GEOMETRIC_REPRESENTATION_CONTEXT(2) 
PARAMETRIC_REPRESENTATION_CONTEXT() REPRESENTATION_CONTEXT('2D SPACE',''
  ) );
#2216 = FACE_BOUND('',#2217,.F.);
#2217 = EDGE_LOOP('',(#2218));
#2218 = ORIENTED_EDGE('',*,*,#2219,.T.);
#2219 = EDGE_CURVE('',#2220,#2220,#2222,.T.);
#2220 = VERTEX_POINT('',#2221);
#2221 = CARTESIAN_POINT('',(63.45,4.6,39.9));
#2222 = SURFACE_CURVE('',#2223,(#2228,#2239),.PCURVE_S1.);
#2223 = CIRCLE('',#2224,2.3);
#2224 = AXIS2_PLACEMENT_3D('',#2225,#2226,#2227);
#2225 = CARTESIAN_POINT('',(61.15,4.6,39.9));
#2226 = DIRECTION('',(0.,1.,0.));
#2227 = DIRECTION('',(1.,0.,-0.));
#2228 = PCURVE('',#851,#2229);
#2229 = DEFINITIONAL_REPRESENTATION('',(#2230),#2238);
#2230 = ( BOUNDED_CURVE() B_SPLINE_CURVE(2,(#2231,#2232,#2233,#2234,
#2235,#2236,#2237),.UNSPECIFIED.,.T.,.F.) B_SPLINE_CURVE_WITH_KNOTS((1,2
    ,2,2,2,1),(-2.094395102393,0.,2.094395102393,4.188790204786,
6.28318530718,8.377580409573),.UNSPECIFIED.) CURVE() 
GEOMETRIC_REPRESENTATION_ITEM() RATIONAL_B_SPLINE_CURVE((1.,0.5,1.,0.5,
1.,0.5,1.)) REPRESENTATION_ITEM('') );
#2231 = CARTESIAN_POINT('',(-26.55,-45.85));
#2232 = CARTESIAN_POINT('',(-26.55,-49.8337168574));
#2233 = CARTESIAN_POINT('',(-30.,-47.8418584287));
#2234 = CARTESIAN_POINT('',(-33.45,-45.85));
#2235 = CARTESIAN_POINT('',(-30.,-43.85814157129));
#2236 = CARTESIAN_POINT('',(-26.55,-41.86628314259));
#2237 = CARTESIAN_POINT('',(-26.55,-45.85));
#2238 = ( GEOMETRIC_REPRESENTATION_CONTEXT(2) 
PARAMETRIC_REPRESENTATION_CONTEXT() REPRESENTATION_CONTEXT('2D SPACE',''
  ) );
#2239 = PCURVE('',#2240,#2245);
#2240 = CYLINDRICAL_SURFACE('',#2241,2.3);
#2241 = AXIS2_PLACEMENT_3D('',#2242,#2243,#2244);
#2242 = CARTESIAN_POINT('',(61.15,4.1,39.9));
#2243 = DIRECTION('',(0.,1.,0.));
#2244 = DIRECTION('',(1.,0.,-0.));
#2245 = DEFINITIONAL_REPRESENTATION('',(#2246),#2250);
#2246 = LINE('',#2247,#2248);
#2247 = CARTESIAN_POINT('',(0.,0.5));
#2248 = VECTOR('',#2249,1.);
#2249 = DIRECTION('',(1.,0.));
#2250 = ( GEOMETRIC_REPRESENTATION_CONTEXT(2) 
PARAMETRIC_REPRESENTATION_CONTEXT() REPRESENTATION_CONTEXT('2D SPACE',''
  ) );
#2251 = FACE_BOUND('',#2252,.F.);
#2252 = EDGE_LOOP('',(#2253));
#2253 = ORIENTED_EDGE('',*,*,#2254,.T.);
#2254 = EDGE_CURVE('',#2255,#2255,#2257,.T.);
#2255 = VERTEX_POINT('',#2256);
#2256 = CARTESIAN_POINT('',(84.15,4.6,39.9));
#2257 = SURFACE_CURVE('',#2258,(#2263,#2274),.PCURVE_S1.);
#2258 = CIRCLE('',#2259,2.3);
#2259 = AXIS2_PLACEMENT_3D('',#2260,#2261,#2262);
#2260 = CARTESIAN_POINT('',(81.85,4.6,39.9));
#2261 = DIRECTION('',(0.,1.,0.));
#2262 = DIRECTION('',(1.,0.,-0.));
#2263 = PCURVE('',#851,#2264);
#2264 = DEFINITIONAL_REPRESENTATION('',(#2265),#2273);
#2265 = ( BOUNDED_CURVE() B_SPLINE_CURVE(2,(#2266,#2267,#2268,#2269,
#2270,#2271,#2272),.UNSPECIFIED.,.T.,.F.) B_SPLINE_CURVE_WITH_KNOTS((1,2
    ,2,2,2,1),(-2.094395102393,0.,2.094395102393,4.188790204786,
6.28318530718,8.377580409573),.UNSPECIFIED.) CURVE() 
GEOMETRIC_REPRESENTATION_ITEM() RATIONAL_B_SPLINE_CURVE((1.,0.5,1.,0.5,
1.,0.5,1.)) REPRESENTATION_ITEM('') );
#2266 = CARTESIAN_POINT('',(-5.85,-45.85));
#2267 = CARTESIAN_POINT('',(-5.85,-49.8337168574));
#2268 = CARTESIAN_POINT('',(-9.3,-47.8418584287));
#2269 = CARTESIAN_POINT('',(-12.75,-45.85));
#2270 = CARTESIAN_POINT('',(-9.3,-43.85814157129));
#2271 = CARTESIAN_POINT('',(-5.85,-41.86628314259));
#2272 = CARTESIAN_POINT('',(-5.85,-45.85));
#2273 = ( GEOMETRIC_REPRESENTATION_CONTEXT(2) 
PARAMETRIC_REPRESENTATION_CONTEXT() REPRESENTATION_CONTEXT('2D SPACE',''
  ) );
#2274 = PCURVE('',#2275,#2280);
#2275 = CYLINDRICAL_SURFACE('',#2276,2.3);
#2276 = AXIS2_PLACEMENT_3D('',#2277,#2278,#2279);
#2277 = CARTESIAN_POINT('',(81.85,4.1,39.9));
#2278 = DIRECTION('',(0.,1.,0.));
#2279 = DIRECTION('',(1.,0.,-0.));
#2280 = DEFINITIONAL_REPRESENTATION('',(#2281),#2285);
#2281 = LINE('',#2282,#2283);
#2282 = CARTESIAN_POINT('',(0.,0.5));
#2283 = VECTOR('',#2284,1.);
#2284 = DIRECTION('',(1.,0.));
#2285 = ( GEOMETRIC_REPRESENTATION_CONTEXT(2) 
PARAMETRIC_REPRESENTATION_CONTEXT() REPRESENTATION_CONTEXT('2D SPACE',''
  ) );
#2286 = FACE_BOUND('',#2287,.F.);
#2287 = EDGE_LOOP('',(#2288,#2316,#2349,#2375,#2408,#2434,#2467,#2493));
#2288 = ORIENTED_EDGE('',*,*,#2289,.F.);
#2289 = EDGE_CURVE('',#2290,#2292,#2294,.T.);
#2290 = VERTEX_POINT('',#2291);
#2291 = CARTESIAN_POINT('',(91.178355722043,4.6,34.81));
#2292 = VERTEX_POINT('',#2293);
#2293 = CARTESIAN_POINT('',(91.178355722043,4.6,34.79));
#2294 = SURFACE_CURVE('',#2295,(#2299,#2305),.PCURVE_S1.);
#2295 = LINE('',#2296,#2297);
#2296 = CARTESIAN_POINT('',(91.178355722043,4.6,60.27));
#2297 = VECTOR('',#2298,1.);
#2298 = DIRECTION('',(-0.,-0.,-1.));
#2299 = PCURVE('',#851,#2300);
#2300 = DEFINITIONAL_REPRESENTATION('',(#2301),#2304);
#2301 = B_SPLINE_CURVE_WITH_KNOTS('',1,(#2302,#2303),.UNSPECIFIED.,.F.,
  .F.,(2,2),(25.46,25.48),.PIECEWISE_BEZIER_KNOTS.);
#2302 = CARTESIAN_POINT('',(1.178355722043,-50.94));
#2303 = CARTESIAN_POINT('',(1.178355722043,-50.96));
#2304 = ( GEOMETRIC_REPRESENTATION_CONTEXT(2) 
PARAMETRIC_REPRESENTATION_CONTEXT() REPRESENTATION_CONTEXT('2D SPACE',''
  ) );
#2305 = PCURVE('',#2306,#2311);
#2306 = PLANE('',#2307);
#2307 = AXIS2_PLACEMENT_3D('',#2308,#2309,#2310);
#2308 = CARTESIAN_POINT('',(91.178355722043,5.6,34.79));
#2309 = DIRECTION('',(-1.,0.,0.));
#2310 = DIRECTION('',(0.,0.,1.));
#2311 = DEFINITIONAL_REPRESENTATION('',(#2312),#2315);
#2312 = B_SPLINE_CURVE_WITH_KNOTS('',1,(#2313,#2314),.UNSPECIFIED.,.F.,
  .F.,(2,2),(25.46,25.48),.PIECEWISE_BEZIER_KNOTS.);
#2313 = CARTESIAN_POINT('',(2.E-02,-1.));
#2314 = CARTESIAN_POINT('',(0.,-1.));
#2315 = ( GEOMETRIC_REPRESENTATION_CONTEXT(2) 
PARAMETRIC_REPRESENTATION_CONTEXT() REPRESENTATION_CONTEXT('2D SPACE',''
  ) );
#2316 = ORIENTED_EDGE('',*,*,#2317,.T.);
#2317 = EDGE_CURVE('',#2290,#2318,#2320,.T.);
#2318 = VERTEX_POINT('',#2319);
#2319 = CARTESIAN_POINT('',(96.29,4.6,39.921644277957));
#2320 = SURFACE_CURVE('',#2321,(#2326,#2337),.PCURVE_S1.);
#2321 = CIRCLE('',#2322,5.111644277957);
#2322 = AXIS2_PLACEMENT_3D('',#2323,#2324,#2325);
#2323 = CARTESIAN_POINT('',(96.29,4.6,34.81));
#2324 = DIRECTION('',(-0.,1.,0.));
#2325 = DIRECTION('',(1.,0.,0.));
#2326 = PCURVE('',#851,#2327);
#2327 = DEFINITIONAL_REPRESENTATION('',(#2328),#2336);
#2328 = ( BOUNDED_CURVE() B_SPLINE_CURVE(2,(#2329,#2330,#2331,#2332,
#2333,#2334,#2335),.UNSPECIFIED.,.T.,.F.) B_SPLINE_CURVE_WITH_KNOTS((1,2
    ,2,2,2,1),(-2.094395102393,0.,2.094395102393,4.188790204786,
6.28318530718,8.377580409573),.UNSPECIFIED.) CURVE() 
GEOMETRIC_REPRESENTATION_ITEM() RATIONAL_B_SPLINE_CURVE((1.,0.5,1.,0.5,
1.,0.5,1.)) REPRESENTATION_ITEM('') );
#2329 = CARTESIAN_POINT('',(11.401644277957,-50.94));
#2330 = CARTESIAN_POINT('',(11.401644277957,-59.79362759964));
#2331 = CARTESIAN_POINT('',(3.734177861022,-55.36681379982));
#2332 = CARTESIAN_POINT('',(-3.933288555913,-50.94));
#2333 = CARTESIAN_POINT('',(3.734177861022,-46.51318620018));
#2334 = CARTESIAN_POINT('',(11.401644277957,-42.08637240036));
#2335 = CARTESIAN_POINT('',(11.401644277957,-50.94));
#2336 = ( GEOMETRIC_REPRESENTATION_CONTEXT(2) 
PARAMETRIC_REPRESENTATION_CONTEXT() REPRESENTATION_CONTEXT('2D SPACE',''
  ) );
#2337 = PCURVE('',#2338,#2343);
#2338 = CYLINDRICAL_SURFACE('',#2339,5.111644277957);
#2339 = AXIS2_PLACEMENT_3D('',#2340,#2341,#2342);
#2340 = CARTESIAN_POINT('',(96.29,5.6,34.81));
#2341 = DIRECTION('',(-0.,1.,-0.));
#2342 = DIRECTION('',(1.,0.,0.));
#2343 = DEFINITIONAL_REPRESENTATION('',(#2344),#2348);
#2344 = LINE('',#2345,#2346);
#2345 = CARTESIAN_POINT('',(-6.28318530718,-1.));
#2346 = VECTOR('',#2347,1.);
#2347 = DIRECTION('',(1.,-0.));
#2348 = ( GEOMETRIC_REPRESENTATION_CONTEXT(2) 
PARAMETRIC_REPRESENTATION_CONTEXT() REPRESENTATION_CONTEXT('2D SPACE',''
  ) );
#2349 = ORIENTED_EDGE('',*,*,#2350,.F.);
#2350 = EDGE_CURVE('',#2351,#2318,#2353,.T.);
#2351 = VERTEX_POINT('',#2352);
#2352 = CARTESIAN_POINT('',(99.71,4.6,39.921644277957));
#2353 = SURFACE_CURVE('',#2354,(#2358,#2364),.PCURVE_S1.);
#2354 = LINE('',#2355,#2356);
#2355 = CARTESIAN_POINT('',(93.145,4.6,39.921644277957));
#2356 = VECTOR('',#2357,1.);
#2357 = DIRECTION('',(-1.,-0.,0.));
#2358 = PCURVE('',#851,#2359);
#2359 = DEFINITIONAL_REPRESENTATION('',(#2360),#2363);
#2360 = B_SPLINE_CURVE_WITH_KNOTS('',1,(#2361,#2362),.UNSPECIFIED.,.F.,
  .F.,(2,2),(-6.565,-3.145),.PIECEWISE_BEZIER_KNOTS.);
#2361 = CARTESIAN_POINT('',(9.71,-45.82835572204));
#2362 = CARTESIAN_POINT('',(6.29,-45.82835572204));
#2363 = ( GEOMETRIC_REPRESENTATION_CONTEXT(2) 
PARAMETRIC_REPRESENTATION_CONTEXT() REPRESENTATION_CONTEXT('2D SPACE',''
  ) );
#2364 = PCURVE('',#2365,#2370);
#2365 = PLANE('',#2366);
#2366 = AXIS2_PLACEMENT_3D('',#2367,#2368,#2369);
#2367 = CARTESIAN_POINT('',(96.29,5.6,39.921644277957));
#2368 = DIRECTION('',(-0.,0.,1.));
#2369 = DIRECTION('',(1.,0.,0.));
#2370 = DEFINITIONAL_REPRESENTATION('',(#2371),#2374);
#2371 = B_SPLINE_CURVE_WITH_KNOTS('',1,(#2372,#2373),.UNSPECIFIED.,.F.,
  .F.,(2,2),(-6.565,-3.145),.PIECEWISE_BEZIER_KNOTS.);
#2372 = CARTESIAN_POINT('',(3.42,-1.));
#2373 = CARTESIAN_POINT('',(-5.329070518201E-15,-1.));
#2374 = ( GEOMETRIC_REPRESENTATION_CONTEXT(2) 
PARAMETRIC_REPRESENTATION_CONTEXT() REPRESENTATION_CONTEXT('2D SPACE',''
  ) );
#2375 = ORIENTED_EDGE('',*,*,#2376,.T.);
#2376 = EDGE_CURVE('',#2351,#2377,#2379,.T.);
#2377 = VERTEX_POINT('',#2378);
#2378 = CARTESIAN_POINT('',(104.82164427795,4.6,34.81));
#2379 = SURFACE_CURVE('',#2380,(#2385,#2396),.PCURVE_S1.);
#2380 = CIRCLE('',#2381,5.111644277957);
#2381 = AXIS2_PLACEMENT_3D('',#2382,#2383,#2384);
#2382 = CARTESIAN_POINT('',(99.71,4.6,34.81));
#2383 = DIRECTION('',(-0.,1.,0.));
#2384 = DIRECTION('',(1.,0.,0.));
#2385 = PCURVE('',#851,#2386);
#2386 = DEFINITIONAL_REPRESENTATION('',(#2387),#2395);
#2387 = ( BOUNDED_CURVE() B_SPLINE_CURVE(2,(#2388,#2389,#2390,#2391,
#2392,#2393,#2394),.UNSPECIFIED.,.T.,.F.) B_SPLINE_CURVE_WITH_KNOTS((1,2
    ,2,2,2,1),(-2.094395102393,0.,2.094395102393,4.188790204786,
6.28318530718,8.377580409573),.UNSPECIFIED.) CURVE() 
GEOMETRIC_REPRESENTATION_ITEM() RATIONAL_B_SPLINE_CURVE((1.,0.5,1.,0.5,
1.,0.5,1.)) REPRESENTATION_ITEM('') );
#2388 = CARTESIAN_POINT('',(14.821644277957,-50.94));
#2389 = CARTESIAN_POINT('',(14.821644277957,-59.79362759964));
#2390 = CARTESIAN_POINT('',(7.154177861022,-55.36681379982));
#2391 = CARTESIAN_POINT('',(-0.513288555913,-50.94));
#2392 = CARTESIAN_POINT('',(7.154177861022,-46.51318620018));
#2393 = CARTESIAN_POINT('',(14.821644277957,-42.08637240036));
#2394 = CARTESIAN_POINT('',(14.821644277957,-50.94));
#2395 = ( GEOMETRIC_REPRESENTATION_CONTEXT(2) 
PARAMETRIC_REPRESENTATION_CONTEXT() REPRESENTATION_CONTEXT('2D SPACE',''
  ) );
#2396 = PCURVE('',#2397,#2402);
#2397 = CYLINDRICAL_SURFACE('',#2398,5.111644277957);
#2398 = AXIS2_PLACEMENT_3D('',#2399,#2400,#2401);
#2399 = CARTESIAN_POINT('',(99.71,5.6,34.81));
#2400 = DIRECTION('',(-0.,1.,-0.));
#2401 = DIRECTION('',(1.,0.,0.));
#2402 = DEFINITIONAL_REPRESENTATION('',(#2403),#2407);
#2403 = LINE('',#2404,#2405);
#2404 = CARTESIAN_POINT('',(-6.28318530718,-1.));
#2405 = VECTOR('',#2406,1.);
#2406 = DIRECTION('',(1.,-0.));
#2407 = ( GEOMETRIC_REPRESENTATION_CONTEXT(2) 
PARAMETRIC_REPRESENTATION_CONTEXT() REPRESENTATION_CONTEXT('2D SPACE',''
  ) );
#2408 = ORIENTED_EDGE('',*,*,#2409,.T.);
#2409 = EDGE_CURVE('',#2377,#2410,#2412,.T.);
#2410 = VERTEX_POINT('',#2411);
#2411 = CARTESIAN_POINT('',(104.82164427795,4.6,34.79));
#2412 = SURFACE_CURVE('',#2413,(#2417,#2423),.PCURVE_S1.);
#2413 = LINE('',#2414,#2415);
#2414 = CARTESIAN_POINT('',(104.82164427795,4.6,60.27));
#2415 = VECTOR('',#2416,1.);
#2416 = DIRECTION('',(-0.,-0.,-1.));
#2417 = PCURVE('',#851,#2418);
#2418 = DEFINITIONAL_REPRESENTATION('',(#2419),#2422);
#2419 = B_SPLINE_CURVE_WITH_KNOTS('',1,(#2420,#2421),.UNSPECIFIED.,.F.,
  .F.,(2,2),(25.46,25.48),.PIECEWISE_BEZIER_KNOTS.);
#2420 = CARTESIAN_POINT('',(14.821644277957,-50.94));
#2421 = CARTESIAN_POINT('',(14.821644277957,-50.96));
#2422 = ( GEOMETRIC_REPRESENTATION_CONTEXT(2) 
PARAMETRIC_REPRESENTATION_CONTEXT() REPRESENTATION_CONTEXT('2D SPACE',''
  ) );
#2423 = PCURVE('',#2424,#2429);
#2424 = PLANE('',#2425);
#2425 = AXIS2_PLACEMENT_3D('',#2426,#2427,#2428);
#2426 = CARTESIAN_POINT('',(104.82164427795,5.6,34.79));
#2427 = DIRECTION('',(-1.,0.,0.));
#2428 = DIRECTION('',(0.,0.,1.));
#2429 = DEFINITIONAL_REPRESENTATION('',(#2430),#2433);
#2430 = B_SPLINE_CURVE_WITH_KNOTS('',1,(#2431,#2432),.UNSPECIFIED.,.F.,
  .F.,(2,2),(25.46,25.48),.PIECEWISE_BEZIER_KNOTS.);
#2431 = CARTESIAN_POINT('',(2.E-02,-1.));
#2432 = CARTESIAN_POINT('',(-3.552713678801E-15,-1.));
#2433 = ( GEOMETRIC_REPRESENTATION_CONTEXT(2) 
PARAMETRIC_REPRESENTATION_CONTEXT() REPRESENTATION_CONTEXT('2D SPACE',''
  ) );
#2434 = ORIENTED_EDGE('',*,*,#2435,.T.);
#2435 = EDGE_CURVE('',#2410,#2436,#2438,.T.);
#2436 = VERTEX_POINT('',#2437);
#2437 = CARTESIAN_POINT('',(99.71,4.6,29.678355722043));
#2438 = SURFACE_CURVE('',#2439,(#2444,#2455),.PCURVE_S1.);
#2439 = CIRCLE('',#2440,5.111644277957);
#2440 = AXIS2_PLACEMENT_3D('',#2441,#2442,#2443);
#2441 = CARTESIAN_POINT('',(99.71,4.6,34.79));
#2442 = DIRECTION('',(-0.,1.,0.));
#2443 = DIRECTION('',(1.,0.,0.));
#2444 = PCURVE('',#851,#2445);
#2445 = DEFINITIONAL_REPRESENTATION('',(#2446),#2454);
#2446 = ( BOUNDED_CURVE() B_SPLINE_CURVE(2,(#2447,#2448,#2449,#2450,
#2451,#2452,#2453),.UNSPECIFIED.,.T.,.F.) B_SPLINE_CURVE_WITH_KNOTS((1,2
    ,2,2,2,1),(-2.094395102393,0.,2.094395102393,4.188790204786,
6.28318530718,8.377580409573),.UNSPECIFIED.) CURVE() 
GEOMETRIC_REPRESENTATION_ITEM() RATIONAL_B_SPLINE_CURVE((1.,0.5,1.,0.5,
1.,0.5,1.)) REPRESENTATION_ITEM('') );
#2447 = CARTESIAN_POINT('',(14.821644277957,-50.96));
#2448 = CARTESIAN_POINT('',(14.821644277957,-59.81362759964));
#2449 = CARTESIAN_POINT('',(7.154177861022,-55.38681379982));
#2450 = CARTESIAN_POINT('',(-0.513288555913,-50.96));
#2451 = CARTESIAN_POINT('',(7.154177861022,-46.53318620018));
#2452 = CARTESIAN_POINT('',(14.821644277957,-42.10637240036));
#2453 = CARTESIAN_POINT('',(14.821644277957,-50.96));
#2454 = ( GEOMETRIC_REPRESENTATION_CONTEXT(2) 
PARAMETRIC_REPRESENTATION_CONTEXT() REPRESENTATION_CONTEXT('2D SPACE',''
  ) );
#2455 = PCURVE('',#2456,#2461);
#2456 = CYLINDRICAL_SURFACE('',#2457,5.111644277957);
#2457 = AXIS2_PLACEMENT_3D('',#2458,#2459,#2460);
#2458 = CARTESIAN_POINT('',(99.71,5.6,34.79));
#2459 = DIRECTION('',(-0.,1.,-0.));
#2460 = DIRECTION('',(1.,0.,0.));
#2461 = DEFINITIONAL_REPRESENTATION('',(#2462),#2466);
#2462 = LINE('',#2463,#2464);
#2463 = CARTESIAN_POINT('',(-6.28318530718,-1.));
#2464 = VECTOR('',#2465,1.);
#2465 = DIRECTION('',(1.,-0.));
#2466 = ( GEOMETRIC_REPRESENTATION_CONTEXT(2) 
PARAMETRIC_REPRESENTATION_CONTEXT() REPRESENTATION_CONTEXT('2D SPACE',''
  ) );
#2467 = ORIENTED_EDGE('',*,*,#2468,.T.);
#2468 = EDGE_CURVE('',#2436,#2469,#2471,.T.);
#2469 = VERTEX_POINT('',#2470);
#2470 = CARTESIAN_POINT('',(96.29,4.6,29.678355722043));
#2471 = SURFACE_CURVE('',#2472,(#2476,#2482),.PCURVE_S1.);
#2472 = LINE('',#2473,#2474);
#2473 = CARTESIAN_POINT('',(93.145,4.6,29.678355722043));
#2474 = VECTOR('',#2475,1.);
#2475 = DIRECTION('',(-1.,-0.,0.));
#2476 = PCURVE('',#851,#2477);
#2477 = DEFINITIONAL_REPRESENTATION('',(#2478),#2481);
#2478 = B_SPLINE_CURVE_WITH_KNOTS('',1,(#2479,#2480),.UNSPECIFIED.,.F.,
  .F.,(2,2),(-6.565,-3.145),.PIECEWISE_BEZIER_KNOTS.);
#2479 = CARTESIAN_POINT('',(9.71,-56.07164427795));
#2480 = CARTESIAN_POINT('',(6.29,-56.07164427795));
#2481 = ( GEOMETRIC_REPRESENTATION_CONTEXT(2) 
PARAMETRIC_REPRESENTATION_CONTEXT() REPRESENTATION_CONTEXT('2D SPACE',''
  ) );
#2482 = PCURVE('',#2483,#2488);
#2483 = PLANE('',#2484);
#2484 = AXIS2_PLACEMENT_3D('',#2485,#2486,#2487);
#2485 = CARTESIAN_POINT('',(96.29,5.6,29.678355722043));
#2486 = DIRECTION('',(-0.,0.,1.));
#2487 = DIRECTION('',(1.,0.,0.));
#2488 = DEFINITIONAL_REPRESENTATION('',(#2489),#2492);
#2489 = B_SPLINE_CURVE_WITH_KNOTS('',1,(#2490,#2491),.UNSPECIFIED.,.F.,
  .F.,(2,2),(-6.565,-3.145),.PIECEWISE_BEZIER_KNOTS.);
#2490 = CARTESIAN_POINT('',(3.42,-1.));
#2491 = CARTESIAN_POINT('',(0.,-1.));
#2492 = ( GEOMETRIC_REPRESENTATION_CONTEXT(2) 
PARAMETRIC_REPRESENTATION_CONTEXT() REPRESENTATION_CONTEXT('2D SPACE',''
  ) );
#2493 = ORIENTED_EDGE('',*,*,#2494,.T.);
#2494 = EDGE_CURVE('',#2469,#2292,#2495,.T.);
#2495 = SURFACE_CURVE('',#2496,(#2501,#2512),.PCURVE_S1.);
#2496 = CIRCLE('',#2497,5.111644277957);
#2497 = AXIS2_PLACEMENT_3D('',#2498,#2499,#2500);
#2498 = CARTESIAN_POINT('',(96.29,4.6,34.79));
#2499 = DIRECTION('',(-0.,1.,0.));
#2500 = DIRECTION('',(1.,0.,0.));
#2501 = PCURVE('',#851,#2502);
#2502 = DEFINITIONAL_REPRESENTATION('',(#2503),#2511);
#2503 = ( BOUNDED_CURVE() B_SPLINE_CURVE(2,(#2504,#2505,#2506,#2507,
#2508,#2509,#2510),.UNSPECIFIED.,.T.,.F.) B_SPLINE_CURVE_WITH_KNOTS((1,2
    ,2,2,2,1),(-2.094395102393,0.,2.094395102393,4.188790204786,
6.28318530718,8.377580409573),.UNSPECIFIED.) CURVE() 
GEOMETRIC_REPRESENTATION_ITEM() RATIONAL_B_SPLINE_CURVE((1.,0.5,1.,0.5,
1.,0.5,1.)) REPRESENTATION_ITEM('') );
#2504 = CARTESIAN_POINT('',(11.401644277957,-50.96));
#2505 = CARTESIAN_POINT('',(11.401644277957,-59.81362759964));
#2506 = CARTESIAN_POINT('',(3.734177861022,-55.38681379982));
#2507 = CARTESIAN_POINT('',(-3.933288555913,-50.96));
#2508 = CARTESIAN_POINT('',(3.734177861022,-46.53318620018));
#2509 = CARTESIAN_POINT('',(11.401644277957,-42.10637240036));
#2510 = CARTESIAN_POINT('',(11.401644277957,-50.96));
#2511 = ( GEOMETRIC_REPRESENTATION_CONTEXT(2) 
PARAMETRIC_REPRESENTATION_CONTEXT() REPRESENTATION_CONTEXT('2D SPACE',''
  ) );
#2512 = PCURVE('',#2513,#2518);
#2513 = CYLINDRICAL_SURFACE('',#2514,5.111644277957);
#2514 = AXIS2_PLACEMENT_3D('',#2515,#2516,#2517);
#2515 = CARTESIAN_POINT('',(96.29,5.6,34.79));
#2516 = DIRECTION('',(-0.,1.,-0.));
#2517 = DIRECTION('',(1.,0.,0.));
#2518 = DEFINITIONAL_REPRESENTATION('',(#2519),#2523);
#2519 = LINE('',#2520,#2521);
#2520 = CARTESIAN_POINT('',(-6.28318530718,-1.));
#2521 = VECTOR('',#2522,1.);
#2522 = DIRECTION('',(1.,-0.));
#2523 = ( GEOMETRIC_REPRESENTATION_CONTEXT(2) 
PARAMETRIC_REPRESENTATION_CONTEXT() REPRESENTATION_CONTEXT('2D SPACE',''
  ) );
#2524 = FACE_BOUND('',#2525,.F.);
#2525 = EDGE_LOOP('',(#2526));
#2526 = ORIENTED_EDGE('',*,*,#2527,.T.);
#2527 = EDGE_CURVE('',#2528,#2528,#2530,.T.);
#2528 = VERTEX_POINT('',#2529);
#2529 = CARTESIAN_POINT('',(116.6,4.6,34.8));
#2530 = SURFACE_CURVE('',#2531,(#2536,#2547),.PCURVE_S1.);
#2531 = CIRCLE('',#2532,2.1);
#2532 = AXIS2_PLACEMENT_3D('',#2533,#2534,#2535);
#2533 = CARTESIAN_POINT('',(114.5,4.6,34.8));
#2534 = DIRECTION('',(0.,1.,0.));
#2535 = DIRECTION('',(1.,0.,-0.));
#2536 = PCURVE('',#851,#2537);
#2537 = DEFINITIONAL_REPRESENTATION('',(#2538),#2546);
#2538 = ( BOUNDED_CURVE() B_SPLINE_CURVE(2,(#2539,#2540,#2541,#2542,
#2543,#2544,#2545),.UNSPECIFIED.,.T.,.F.) B_SPLINE_CURVE_WITH_KNOTS((1,2
    ,2,2,2,1),(-2.094395102393,0.,2.094395102393,4.188790204786,
6.28318530718,8.377580409573),.UNSPECIFIED.) CURVE() 
GEOMETRIC_REPRESENTATION_ITEM() RATIONAL_B_SPLINE_CURVE((1.,0.5,1.,0.5,
1.,0.5,1.)) REPRESENTATION_ITEM('') );
#2539 = CARTESIAN_POINT('',(26.6,-50.95));
#2540 = CARTESIAN_POINT('',(26.6,-54.58730669589));
#2541 = CARTESIAN_POINT('',(23.45,-52.76865334794));
#2542 = CARTESIAN_POINT('',(20.3,-50.95));
#2543 = CARTESIAN_POINT('',(23.45,-49.13134665205));
#2544 = CARTESIAN_POINT('',(26.6,-47.3126933041));
#2545 = CARTESIAN_POINT('',(26.6,-50.95));
#2546 = ( GEOMETRIC_REPRESENTATION_CONTEXT(2) 
PARAMETRIC_REPRESENTATION_CONTEXT() REPRESENTATION_CONTEXT('2D SPACE',''
  ) );
#2547 = PCURVE('',#2548,#2553);
#2548 = CYLINDRICAL_SURFACE('',#2549,2.1);
#2549 = AXIS2_PLACEMENT_3D('',#2550,#2551,#2552);
#2550 = CARTESIAN_POINT('',(114.5,2.,34.8));
#2551 = DIRECTION('',(0.,1.,0.));
#2552 = DIRECTION('',(1.,0.,-0.));
#2553 = DEFINITIONAL_REPRESENTATION('',(#2554),#2558);
#2554 = LINE('',#2555,#2556);
#2555 = CARTESIAN_POINT('',(0.,2.6));
#2556 = VECTOR('',#2557,1.);
#2557 = DIRECTION('',(1.,0.));
#2558 = ( GEOMETRIC_REPRESENTATION_CONTEXT(2) 
PARAMETRIC_REPRESENTATION_CONTEXT() REPRESENTATION_CONTEXT('2D SPACE',''
  ) );
#2559 = FACE_BOUND('',#2560,.F.);
#2560 = EDGE_LOOP('',(#2561));
#2561 = ORIENTED_EDGE('',*,*,#2562,.T.);
#2562 = EDGE_CURVE('',#2563,#2563,#2565,.T.);
#2563 = VERTEX_POINT('',#2564);
#2564 = CARTESIAN_POINT('',(91.11,4.6,38.55));
#2565 = SURFACE_CURVE('',#2566,(#2571,#2582),.PCURVE_S1.);
#2566 = CIRCLE('',#2567,2.);
#2567 = AXIS2_PLACEMENT_3D('',#2568,#2569,#2570);
#2568 = CARTESIAN_POINT('',(89.11,4.6,38.55));
#2569 = DIRECTION('',(0.,1.,0.));
#2570 = DIRECTION('',(1.,0.,-0.));
#2571 = PCURVE('',#851,#2572);
#2572 = DEFINITIONAL_REPRESENTATION('',(#2573),#2581);
#2573 = ( BOUNDED_CURVE() B_SPLINE_CURVE(2,(#2574,#2575,#2576,#2577,
#2578,#2579,#2580),.UNSPECIFIED.,.T.,.F.) B_SPLINE_CURVE_WITH_KNOTS((1,2
    ,2,2,2,1),(-2.094395102393,0.,2.094395102393,4.188790204786,
6.28318530718,8.377580409573),.UNSPECIFIED.) CURVE() 
GEOMETRIC_REPRESENTATION_ITEM() RATIONAL_B_SPLINE_CURVE((1.,0.5,1.,0.5,
1.,0.5,1.)) REPRESENTATION_ITEM('') );
#2574 = CARTESIAN_POINT('',(1.11,-47.2));
#2575 = CARTESIAN_POINT('',(1.11,-50.66410161513));
#2576 = CARTESIAN_POINT('',(-1.89,-48.93205080756));
#2577 = CARTESIAN_POINT('',(-4.89,-47.2));
#2578 = CARTESIAN_POINT('',(-1.89,-45.46794919243));
#2579 = CARTESIAN_POINT('',(1.11,-43.73589838486));
#2580 = CARTESIAN_POINT('',(1.11,-47.2));
#2581 = ( GEOMETRIC_REPRESENTATION_CONTEXT(2) 
PARAMETRIC_REPRESENTATION_CONTEXT() REPRESENTATION_CONTEXT('2D SPACE',''
  ) );
#2582 = PCURVE('',#2583,#2588);
#2583 = CYLINDRICAL_SURFACE('',#2584,2.);
#2584 = AXIS2_PLACEMENT_3D('',#2585,#2586,#2587);
#2585 = CARTESIAN_POINT('',(89.11,4.1,38.55));
#2586 = DIRECTION('',(0.,1.,0.));
#2587 = DIRECTION('',(1.,0.,-0.));
#2588 = DEFINITIONAL_REPRESENTATION('',(#2589),#2593);
#2589 = LINE('',#2590,#2591);
#2590 = CARTESIAN_POINT('',(0.,0.5));
#2591 = VECTOR('',#2592,1.);
#2592 = DIRECTION('',(1.,0.));
#2593 = ( GEOMETRIC_REPRESENTATION_CONTEXT(2) 
PARAMETRIC_REPRESENTATION_CONTEXT() REPRESENTATION_CONTEXT('2D SPACE',''
  ) );
#2594 = FACE_BOUND('',#2595,.F.);
#2595 = EDGE_LOOP('',(#2596));
#2596 = ORIENTED_EDGE('',*,*,#2597,.T.);
#2597 = EDGE_CURVE('',#2598,#2598,#2600,.T.);
#2598 = VERTEX_POINT('',#2599);
#2599 = CARTESIAN_POINT('',(108.89,4.6,38.55));
#2600 = SURFACE_CURVE('',#2601,(#2606,#2617),.PCURVE_S1.);
#2601 = CIRCLE('',#2602,2.);
#2602 = AXIS2_PLACEMENT_3D('',#2603,#2604,#2605);
#2603 = CARTESIAN_POINT('',(106.89,4.6,38.55));
#2604 = DIRECTION('',(0.,1.,0.));
#2605 = DIRECTION('',(1.,0.,-0.));
#2606 = PCURVE('',#851,#2607);
#2607 = DEFINITIONAL_REPRESENTATION('',(#2608),#2616);
#2608 = ( BOUNDED_CURVE() B_SPLINE_CURVE(2,(#2609,#2610,#2611,#2612,
#2613,#2614,#2615),.UNSPECIFIED.,.T.,.F.) B_SPLINE_CURVE_WITH_KNOTS((1,2
    ,2,2,2,1),(-2.094395102393,0.,2.094395102393,4.188790204786,
6.28318530718,8.377580409573),.UNSPECIFIED.) CURVE() 
GEOMETRIC_REPRESENTATION_ITEM() RATIONAL_B_SPLINE_CURVE((1.,0.5,1.,0.5,
1.,0.5,1.)) REPRESENTATION_ITEM('') );
#2609 = CARTESIAN_POINT('',(18.89,-47.2));
#2610 = CARTESIAN_POINT('',(18.89,-50.66410161513));
#2611 = CARTESIAN_POINT('',(15.89,-48.93205080756));
#2612 = CARTESIAN_POINT('',(12.89,-47.2));
#2613 = CARTESIAN_POINT('',(15.89,-45.46794919243));
#2614 = CARTESIAN_POINT('',(18.89,-43.73589838486));
#2615 = CARTESIAN_POINT('',(18.89,-47.2));
#2616 = ( GEOMETRIC_REPRESENTATION_CONTEXT(2) 
PARAMETRIC_REPRESENTATION_CONTEXT() REPRESENTATION_CONTEXT('2D SPACE',''
  ) );
#2617 = PCURVE('',#2618,#2623);
#2618 = CYLINDRICAL_SURFACE('',#2619,2.);
#2619 = AXIS2_PLACEMENT_3D('',#2620,#2621,#2622);
#2620 = CARTESIAN_POINT('',(106.89,4.1,38.55));
#2621 = DIRECTION('',(0.,1.,0.));
#2622 = DIRECTION('',(1.,0.,-0.));
#2623 = DEFINITIONAL_REPRESENTATION('',(#2624),#2628);
#2624 = LINE('',#2625,#2626);
#2625 = CARTESIAN_POINT('',(0.,0.5));
#2626 = VECTOR('',#2627,1.);
#2627 = DIRECTION('',(1.,0.));
#2628 = ( GEOMETRIC_REPRESENTATION_CONTEXT(2) 
PARAMETRIC_REPRESENTATION_CONTEXT() REPRESENTATION_CONTEXT('2D SPACE',''
  ) );
#2629 = ADVANCED_FACE('',(#2630),#2618,.T.);
#2630 = FACE_BOUND('',#2631,.T.);
#2631 = EDGE_LOOP('',(#2632,#2655,#2682,#2683));
#2632 = ORIENTED_EDGE('',*,*,#2633,.T.);
#2633 = EDGE_CURVE('',#2598,#2634,#2636,.T.);
#2634 = VERTEX_POINT('',#2635);
#2635 = CARTESIAN_POINT('',(108.89,6.65,38.55));
#2636 = SEAM_CURVE('',#2637,(#2641,#2648),.PCURVE_S1.);
#2637 = LINE('',#2638,#2639);
#2638 = CARTESIAN_POINT('',(108.89,4.1,38.55));
#2639 = VECTOR('',#2640,1.);
#2640 = DIRECTION('',(0.,1.,0.));
#2641 = PCURVE('',#2618,#2642);
#2642 = DEFINITIONAL_REPRESENTATION('',(#2643),#2647);
#2643 = LINE('',#2644,#2645);
#2644 = CARTESIAN_POINT('',(6.28318530718,-0.));
#2645 = VECTOR('',#2646,1.);
#2646 = DIRECTION('',(0.,1.));
#2647 = ( GEOMETRIC_REPRESENTATION_CONTEXT(2) 
PARAMETRIC_REPRESENTATION_CONTEXT() REPRESENTATION_CONTEXT('2D SPACE',''
  ) );
#2648 = PCURVE('',#2618,#2649);
#2649 = DEFINITIONAL_REPRESENTATION('',(#2650),#2654);
#2650 = LINE('',#2651,#2652);
#2651 = CARTESIAN_POINT('',(0.,-0.));
#2652 = VECTOR('',#2653,1.);
#2653 = DIRECTION('',(0.,1.));
#2654 = ( GEOMETRIC_REPRESENTATION_CONTEXT(2) 
PARAMETRIC_REPRESENTATION_CONTEXT() REPRESENTATION_CONTEXT('2D SPACE',''
  ) );
#2655 = ORIENTED_EDGE('',*,*,#2656,.F.);
#2656 = EDGE_CURVE('',#2634,#2634,#2657,.T.);
#2657 = SURFACE_CURVE('',#2658,(#2663,#2670),.PCURVE_S1.);
#2658 = CIRCLE('',#2659,2.);
#2659 = AXIS2_PLACEMENT_3D('',#2660,#2661,#2662);
#2660 = CARTESIAN_POINT('',(106.89,6.65,38.55));
#2661 = DIRECTION('',(0.,1.,0.));
#2662 = DIRECTION('',(1.,0.,-0.));
#2663 = PCURVE('',#2618,#2664);
#2664 = DEFINITIONAL_REPRESENTATION('',(#2665),#2669);
#2665 = LINE('',#2666,#2667);
#2666 = CARTESIAN_POINT('',(0.,2.55));
#2667 = VECTOR('',#2668,1.);
#2668 = DIRECTION('',(1.,0.));
#2669 = ( GEOMETRIC_REPRESENTATION_CONTEXT(2) 
PARAMETRIC_REPRESENTATION_CONTEXT() REPRESENTATION_CONTEXT('2D SPACE',''
  ) );
#2670 = PCURVE('',#2671,#2676);
#2671 = PLANE('',#2672);
#2672 = AXIS2_PLACEMENT_3D('',#2673,#2674,#2675);
#2673 = CARTESIAN_POINT('',(106.89,6.65,38.55));
#2674 = DIRECTION('',(0.,1.,0.));
#2675 = DIRECTION('',(1.,0.,-0.));
#2676 = DEFINITIONAL_REPRESENTATION('',(#2677),#2681);
#2677 = CIRCLE('',#2678,2.);
#2678 = AXIS2_PLACEMENT_2D('',#2679,#2680);
#2679 = CARTESIAN_POINT('',(0.,0.));
#2680 = DIRECTION('',(1.,0.));
#2681 = ( GEOMETRIC_REPRESENTATION_CONTEXT(2) 
PARAMETRIC_REPRESENTATION_CONTEXT() REPRESENTATION_CONTEXT('2D SPACE',''
  ) );
#2682 = ORIENTED_EDGE('',*,*,#2633,.F.);
#2683 = ORIENTED_EDGE('',*,*,#2597,.T.);
#2684 = ADVANCED_FACE('',(#2685,#2688),#2671,.T.);
#2685 = FACE_BOUND('',#2686,.T.);
#2686 = EDGE_LOOP('',(#2687));
#2687 = ORIENTED_EDGE('',*,*,#2656,.T.);
#2688 = FACE_BOUND('',#2689,.T.);
#2689 = EDGE_LOOP('',(#2690));
#2690 = ORIENTED_EDGE('',*,*,#2691,.F.);
#2691 = EDGE_CURVE('',#2692,#2692,#2694,.T.);
#2692 = VERTEX_POINT('',#2693);
#2693 = CARTESIAN_POINT('',(107.74,6.65,38.55));
#2694 = SURFACE_CURVE('',#2695,(#2700,#2707),.PCURVE_S1.);
#2695 = CIRCLE('',#2696,0.85);
#2696 = AXIS2_PLACEMENT_3D('',#2697,#2698,#2699);
#2697 = CARTESIAN_POINT('',(106.89,6.65,38.55));
#2698 = DIRECTION('',(0.,1.,0.));
#2699 = DIRECTION('',(1.,0.,-0.));
#2700 = PCURVE('',#2671,#2701);
#2701 = DEFINITIONAL_REPRESENTATION('',(#2702),#2706);
#2702 = CIRCLE('',#2703,0.85);
#2703 = AXIS2_PLACEMENT_2D('',#2704,#2705);
#2704 = CARTESIAN_POINT('',(0.,0.));
#2705 = DIRECTION('',(1.,0.));
#2706 = ( GEOMETRIC_REPRESENTATION_CONTEXT(2) 
PARAMETRIC_REPRESENTATION_CONTEXT() REPRESENTATION_CONTEXT('2D SPACE',''
  ) );
#2707 = PCURVE('',#2708,#2713);
#2708 = CYLINDRICAL_SURFACE('',#2709,0.85);
#2709 = AXIS2_PLACEMENT_3D('',#2710,#2711,#2712);
#2710 = CARTESIAN_POINT('',(106.89,4.8,38.55));
#2711 = DIRECTION('',(0.,1.,0.));
#2712 = DIRECTION('',(1.,0.,-0.));
#2713 = DEFINITIONAL_REPRESENTATION('',(#2714),#2718);
#2714 = LINE('',#2715,#2716);
#2715 = CARTESIAN_POINT('',(0.,1.85));
#2716 = VECTOR('',#2717,1.);
#2717 = DIRECTION('',(1.,0.));
#2718 = ( GEOMETRIC_REPRESENTATION_CONTEXT(2) 
PARAMETRIC_REPRESENTATION_CONTEXT() REPRESENTATION_CONTEXT('2D SPACE',''
  ) );
#2719 = ADVANCED_FACE('',(#2720),#2708,.F.);
#2720 = FACE_BOUND('',#2721,.F.);
#2721 = EDGE_LOOP('',(#2722,#2723,#2746,#2773));
#2722 = ORIENTED_EDGE('',*,*,#2691,.F.);
#2723 = ORIENTED_EDGE('',*,*,#2724,.F.);
#2724 = EDGE_CURVE('',#2725,#2692,#2727,.T.);
#2725 = VERTEX_POINT('',#2726);
#2726 = CARTESIAN_POINT('',(107.74,4.8,38.55));
#2727 = SEAM_CURVE('',#2728,(#2732,#2739),.PCURVE_S1.);
#2728 = LINE('',#2729,#2730);
#2729 = CARTESIAN_POINT('',(107.74,4.8,38.55));
#2730 = VECTOR('',#2731,1.);
#2731 = DIRECTION('',(0.,1.,0.));
#2732 = PCURVE('',#2708,#2733);
#2733 = DEFINITIONAL_REPRESENTATION('',(#2734),#2738);
#2734 = LINE('',#2735,#2736);
#2735 = CARTESIAN_POINT('',(6.28318530718,-0.));
#2736 = VECTOR('',#2737,1.);
#2737 = DIRECTION('',(0.,1.));
#2738 = ( GEOMETRIC_REPRESENTATION_CONTEXT(2) 
PARAMETRIC_REPRESENTATION_CONTEXT() REPRESENTATION_CONTEXT('2D SPACE',''
  ) );
#2739 = PCURVE('',#2708,#2740);
#2740 = DEFINITIONAL_REPRESENTATION('',(#2741),#2745);
#2741 = LINE('',#2742,#2743);
#2742 = CARTESIAN_POINT('',(0.,-0.));
#2743 = VECTOR('',#2744,1.);
#2744 = DIRECTION('',(0.,1.));
#2745 = ( GEOMETRIC_REPRESENTATION_CONTEXT(2) 
PARAMETRIC_REPRESENTATION_CONTEXT() REPRESENTATION_CONTEXT('2D SPACE',''
  ) );
#2746 = ORIENTED_EDGE('',*,*,#2747,.T.);
#2747 = EDGE_CURVE('',#2725,#2725,#2748,.T.);
#2748 = SURFACE_CURVE('',#2749,(#2754,#2761),.PCURVE_S1.);
#2749 = CIRCLE('',#2750,0.85);
#2750 = AXIS2_PLACEMENT_3D('',#2751,#2752,#2753);
#2751 = CARTESIAN_POINT('',(106.89,4.8,38.55));
#2752 = DIRECTION('',(0.,1.,0.));
#2753 = DIRECTION('',(1.,0.,-0.));
#2754 = PCURVE('',#2708,#2755);
#2755 = DEFINITIONAL_REPRESENTATION('',(#2756),#2760);
#2756 = LINE('',#2757,#2758);
#2757 = CARTESIAN_POINT('',(0.,0.));
#2758 = VECTOR('',#2759,1.);
#2759 = DIRECTION('',(1.,0.));
#2760 = ( GEOMETRIC_REPRESENTATION_CONTEXT(2) 
PARAMETRIC_REPRESENTATION_CONTEXT() REPRESENTATION_CONTEXT('2D SPACE',''
  ) );
#2761 = PCURVE('',#2762,#2767);
#2762 = PLANE('',#2763);
#2763 = AXIS2_PLACEMENT_3D('',#2764,#2765,#2766);
#2764 = CARTESIAN_POINT('',(106.89,4.8,38.55));
#2765 = DIRECTION('',(0.,1.,0.));
#2766 = DIRECTION('',(1.,0.,-0.));
#2767 = DEFINITIONAL_REPRESENTATION('',(#2768),#2772);
#2768 = CIRCLE('',#2769,0.85);
#2769 = AXIS2_PLACEMENT_2D('',#2770,#2771);
#2770 = CARTESIAN_POINT('',(0.,0.));
#2771 = DIRECTION('',(1.,0.));
#2772 = ( GEOMETRIC_REPRESENTATION_CONTEXT(2) 
PARAMETRIC_REPRESENTATION_CONTEXT() REPRESENTATION_CONTEXT('2D SPACE',''
  ) );
#2773 = ORIENTED_EDGE('',*,*,#2724,.T.);
#2774 = ADVANCED_FACE('',(#2775),#2762,.T.);
#2775 = FACE_BOUND('',#2776,.F.);
#2776 = EDGE_LOOP('',(#2777));
#2777 = ORIENTED_EDGE('',*,*,#2747,.F.);
#2778 = ADVANCED_FACE('',(#2779),#2583,.T.);
#2779 = FACE_BOUND('',#2780,.T.);
#2780 = EDGE_LOOP('',(#2781,#2804,#2831,#2832));
#2781 = ORIENTED_EDGE('',*,*,#2782,.T.);
#2782 = EDGE_CURVE('',#2563,#2783,#2785,.T.);
#2783 = VERTEX_POINT('',#2784);
#2784 = CARTESIAN_POINT('',(91.11,6.65,38.55));
#2785 = SEAM_CURVE('',#2786,(#2790,#2797),.PCURVE_S1.);
#2786 = LINE('',#2787,#2788);
#2787 = CARTESIAN_POINT('',(91.11,4.1,38.55));
#2788 = VECTOR('',#2789,1.);
#2789 = DIRECTION('',(0.,1.,0.));
#2790 = PCURVE('',#2583,#2791);
#2791 = DEFINITIONAL_REPRESENTATION('',(#2792),#2796);
#2792 = LINE('',#2793,#2794);
#2793 = CARTESIAN_POINT('',(6.28318530718,-0.));
#2794 = VECTOR('',#2795,1.);
#2795 = DIRECTION('',(0.,1.));
#2796 = ( GEOMETRIC_REPRESENTATION_CONTEXT(2) 
PARAMETRIC_REPRESENTATION_CONTEXT() REPRESENTATION_CONTEXT('2D SPACE',''
  ) );
#2797 = PCURVE('',#2583,#2798);
#2798 = DEFINITIONAL_REPRESENTATION('',(#2799),#2803);
#2799 = LINE('',#2800,#2801);
#2800 = CARTESIAN_POINT('',(0.,-0.));
#2801 = VECTOR('',#2802,1.);
#2802 = DIRECTION('',(0.,1.));
#2803 = ( GEOMETRIC_REPRESENTATION_CONTEXT(2) 
PARAMETRIC_REPRESENTATION_CONTEXT() REPRESENTATION_CONTEXT('2D SPACE',''
  ) );
#2804 = ORIENTED_EDGE('',*,*,#2805,.F.);
#2805 = EDGE_CURVE('',#2783,#2783,#2806,.T.);
#2806 = SURFACE_CURVE('',#2807,(#2812,#2819),.PCURVE_S1.);
#2807 = CIRCLE('',#2808,2.);
#2808 = AXIS2_PLACEMENT_3D('',#2809,#2810,#2811);
#2809 = CARTESIAN_POINT('',(89.11,6.65,38.55));
#2810 = DIRECTION('',(0.,1.,0.));
#2811 = DIRECTION('',(1.,0.,-0.));
#2812 = PCURVE('',#2583,#2813);
#2813 = DEFINITIONAL_REPRESENTATION('',(#2814),#2818);
#2814 = LINE('',#2815,#2816);
#2815 = CARTESIAN_POINT('',(0.,2.55));
#2816 = VECTOR('',#2817,1.);
#2817 = DIRECTION('',(1.,0.));
#2818 = ( GEOMETRIC_REPRESENTATION_CONTEXT(2) 
PARAMETRIC_REPRESENTATION_CONTEXT() REPRESENTATION_CONTEXT('2D SPACE',''
  ) );
#2819 = PCURVE('',#2820,#2825);
#2820 = PLANE('',#2821);
#2821 = AXIS2_PLACEMENT_3D('',#2822,#2823,#2824);
#2822 = CARTESIAN_POINT('',(89.11,6.65,38.55));
#2823 = DIRECTION('',(0.,1.,0.));
#2824 = DIRECTION('',(1.,0.,-0.));
#2825 = DEFINITIONAL_REPRESENTATION('',(#2826),#2830);
#2826 = CIRCLE('',#2827,2.);
#2827 = AXIS2_PLACEMENT_2D('',#2828,#2829);
#2828 = CARTESIAN_POINT('',(0.,0.));
#2829 = DIRECTION('',(1.,0.));
#2830 = ( GEOMETRIC_REPRESENTATION_CONTEXT(2) 
PARAMETRIC_REPRESENTATION_CONTEXT() REPRESENTATION_CONTEXT('2D SPACE',''
  ) );
#2831 = ORIENTED_EDGE('',*,*,#2782,.F.);
#2832 = ORIENTED_EDGE('',*,*,#2562,.T.);
#2833 = ADVANCED_FACE('',(#2834,#2837),#2820,.T.);
#2834 = FACE_BOUND('',#2835,.T.);
#2835 = EDGE_LOOP('',(#2836));
#2836 = ORIENTED_EDGE('',*,*,#2805,.T.);
#2837 = FACE_BOUND('',#2838,.T.);
#2838 = EDGE_LOOP('',(#2839));
#2839 = ORIENTED_EDGE('',*,*,#2840,.F.);
#2840 = EDGE_CURVE('',#2841,#2841,#2843,.T.);
#2841 = VERTEX_POINT('',#2842);
#2842 = CARTESIAN_POINT('',(89.96,6.65,38.55));
#2843 = SURFACE_CURVE('',#2844,(#2849,#2856),.PCURVE_S1.);
#2844 = CIRCLE('',#2845,0.85);
#2845 = AXIS2_PLACEMENT_3D('',#2846,#2847,#2848);
#2846 = CARTESIAN_POINT('',(89.11,6.65,38.55));
#2847 = DIRECTION('',(0.,1.,0.));
#2848 = DIRECTION('',(1.,0.,-0.));
#2849 = PCURVE('',#2820,#2850);
#2850 = DEFINITIONAL_REPRESENTATION('',(#2851),#2855);
#2851 = CIRCLE('',#2852,0.85);
#2852 = AXIS2_PLACEMENT_2D('',#2853,#2854);
#2853 = CARTESIAN_POINT('',(0.,0.));
#2854 = DIRECTION('',(1.,0.));
#2855 = ( GEOMETRIC_REPRESENTATION_CONTEXT(2) 
PARAMETRIC_REPRESENTATION_CONTEXT() REPRESENTATION_CONTEXT('2D SPACE',''
  ) );
#2856 = PCURVE('',#2857,#2862);
#2857 = CYLINDRICAL_SURFACE('',#2858,0.85);
#2858 = AXIS2_PLACEMENT_3D('',#2859,#2860,#2861);
#2859 = CARTESIAN_POINT('',(89.11,4.8,38.55));
#2860 = DIRECTION('',(0.,1.,0.));
#2861 = DIRECTION('',(1.,0.,-0.));
#2862 = DEFINITIONAL_REPRESENTATION('',(#2863),#2867);
#2863 = LINE('',#2864,#2865);
#2864 = CARTESIAN_POINT('',(0.,1.85));
#2865 = VECTOR('',#2866,1.);
#2866 = DIRECTION('',(1.,0.));
#2867 = ( GEOMETRIC_REPRESENTATION_CONTEXT(2) 
PARAMETRIC_REPRESENTATION_CONTEXT() REPRESENTATION_CONTEXT('2D SPACE',''
  ) );
#2868 = ADVANCED_FACE('',(#2869),#2857,.F.);
#2869 = FACE_BOUND('',#2870,.F.);
#2870 = EDGE_LOOP('',(#2871,#2872,#2895,#2922));
#2871 = ORIENTED_EDGE('',*,*,#2840,.F.);
#2872 = ORIENTED_EDGE('',*,*,#2873,.F.);
#2873 = EDGE_CURVE('',#2874,#2841,#2876,.T.);
#2874 = VERTEX_POINT('',#2875);
#2875 = CARTESIAN_POINT('',(89.96,4.8,38.55));
#2876 = SEAM_CURVE('',#2877,(#2881,#2888),.PCURVE_S1.);
#2877 = LINE('',#2878,#2879);
#2878 = CARTESIAN_POINT('',(89.96,4.8,38.55));
#2879 = VECTOR('',#2880,1.);
#2880 = DIRECTION('',(0.,1.,0.));
#2881 = PCURVE('',#2857,#2882);
#2882 = DEFINITIONAL_REPRESENTATION('',(#2883),#2887);
#2883 = LINE('',#2884,#2885);
#2884 = CARTESIAN_POINT('',(6.28318530718,-0.));
#2885 = VECTOR('',#2886,1.);
#2886 = DIRECTION('',(0.,1.));
#2887 = ( GEOMETRIC_REPRESENTATION_CONTEXT(2) 
PARAMETRIC_REPRESENTATION_CONTEXT() REPRESENTATION_CONTEXT('2D SPACE',''
  ) );
#2888 = PCURVE('',#2857,#2889);
#2889 = DEFINITIONAL_REPRESENTATION('',(#2890),#2894);
#2890 = LINE('',#2891,#2892);
#2891 = CARTESIAN_POINT('',(0.,-0.));
#2892 = VECTOR('',#2893,1.);
#2893 = DIRECTION('',(0.,1.));
#2894 = ( GEOMETRIC_REPRESENTATION_CONTEXT(2) 
PARAMETRIC_REPRESENTATION_CONTEXT() REPRESENTATION_CONTEXT('2D SPACE',''
  ) );
#2895 = ORIENTED_EDGE('',*,*,#2896,.T.);
#2896 = EDGE_CURVE('',#2874,#2874,#2897,.T.);
#2897 = SURFACE_CURVE('',#2898,(#2903,#2910),.PCURVE_S1.);
#2898 = CIRCLE('',#2899,0.85);
#2899 = AXIS2_PLACEMENT_3D('',#2900,#2901,#2902);
#2900 = CARTESIAN_POINT('',(89.11,4.8,38.55));
#2901 = DIRECTION('',(0.,1.,0.));
#2902 = DIRECTION('',(1.,0.,-0.));
#2903 = PCURVE('',#2857,#2904);
#2904 = DEFINITIONAL_REPRESENTATION('',(#2905),#2909);
#2905 = LINE('',#2906,#2907);
#2906 = CARTESIAN_POINT('',(0.,0.));
#2907 = VECTOR('',#2908,1.);
#2908 = DIRECTION('',(1.,0.));
#2909 = ( GEOMETRIC_REPRESENTATION_CONTEXT(2) 
PARAMETRIC_REPRESENTATION_CONTEXT() REPRESENTATION_CONTEXT('2D SPACE',''
  ) );
#2910 = PCURVE('',#2911,#2916);
#2911 = PLANE('',#2912);
#2912 = AXIS2_PLACEMENT_3D('',#2913,#2914,#2915);
#2913 = CARTESIAN_POINT('',(89.11,4.8,38.55));
#2914 = DIRECTION('',(0.,1.,0.));
#2915 = DIRECTION('',(1.,0.,-0.));
#2916 = DEFINITIONAL_REPRESENTATION('',(#2917),#2921);
#2917 = CIRCLE('',#2918,0.85);
#2918 = AXIS2_PLACEMENT_2D('',#2919,#2920);
#2919 = CARTESIAN_POINT('',(0.,0.));
#2920 = DIRECTION('',(1.,0.));
#2921 = ( GEOMETRIC_REPRESENTATION_CONTEXT(2) 
PARAMETRIC_REPRESENTATION_CONTEXT() REPRESENTATION_CONTEXT('2D SPACE',''
  ) );
#2922 = ORIENTED_EDGE('',*,*,#2873,.T.);
#2923 = ADVANCED_FACE('',(#2924),#2911,.T.);
#2924 = FACE_BOUND('',#2925,.F.);
#2925 = EDGE_LOOP('',(#2926));
#2926 = ORIENTED_EDGE('',*,*,#2896,.F.);
#2927 = ADVANCED_FACE('',(#2928),#2548,.F.);
#2928 = FACE_BOUND('',#2929,.F.);
#2929 = EDGE_LOOP('',(#2930,#2931,#2954,#2985));
#2930 = ORIENTED_EDGE('',*,*,#2527,.F.);
#2931 = ORIENTED_EDGE('',*,*,#2932,.F.);
#2932 = EDGE_CURVE('',#2933,#2528,#2935,.T.);
#2933 = VERTEX_POINT('',#2934);
#2934 = CARTESIAN_POINT('',(116.6,3.,34.8));
#2935 = SEAM_CURVE('',#2936,(#2940,#2947),.PCURVE_S1.);
#2936 = LINE('',#2937,#2938);
#2937 = CARTESIAN_POINT('',(116.6,2.,34.8));
#2938 = VECTOR('',#2939,1.);
#2939 = DIRECTION('',(0.,1.,0.));
#2940 = PCURVE('',#2548,#2941);
#2941 = DEFINITIONAL_REPRESENTATION('',(#2942),#2946);
#2942 = LINE('',#2943,#2944);
#2943 = CARTESIAN_POINT('',(6.28318530718,-0.));
#2944 = VECTOR('',#2945,1.);
#2945 = DIRECTION('',(0.,1.));
#2946 = ( GEOMETRIC_REPRESENTATION_CONTEXT(2) 
PARAMETRIC_REPRESENTATION_CONTEXT() REPRESENTATION_CONTEXT('2D SPACE',''
  ) );
#2947 = PCURVE('',#2548,#2948);
#2948 = DEFINITIONAL_REPRESENTATION('',(#2949),#2953);
#2949 = LINE('',#2950,#2951);
#2950 = CARTESIAN_POINT('',(0.,-0.));
#2951 = VECTOR('',#2952,1.);
#2952 = DIRECTION('',(0.,1.));
#2953 = ( GEOMETRIC_REPRESENTATION_CONTEXT(2) 
PARAMETRIC_REPRESENTATION_CONTEXT() REPRESENTATION_CONTEXT('2D SPACE',''
  ) );
#2954 = ORIENTED_EDGE('',*,*,#2955,.T.);
#2955 = EDGE_CURVE('',#2933,#2933,#2956,.T.);
#2956 = SURFACE_CURVE('',#2957,(#2962,#2969),.PCURVE_S1.);
#2957 = CIRCLE('',#2958,2.1);
#2958 = AXIS2_PLACEMENT_3D('',#2959,#2960,#2961);
#2959 = CARTESIAN_POINT('',(114.5,3.,34.8));
#2960 = DIRECTION('',(0.,1.,0.));
#2961 = DIRECTION('',(1.,0.,-0.));
#2962 = PCURVE('',#2548,#2963);
#2963 = DEFINITIONAL_REPRESENTATION('',(#2964),#2968);
#2964 = LINE('',#2965,#2966);
#2965 = CARTESIAN_POINT('',(0.,1.));
#2966 = VECTOR('',#2967,1.);
#2967 = DIRECTION('',(1.,0.));
#2968 = ( GEOMETRIC_REPRESENTATION_CONTEXT(2) 
PARAMETRIC_REPRESENTATION_CONTEXT() REPRESENTATION_CONTEXT('2D SPACE',''
  ) );
#2969 = PCURVE('',#2970,#2975);
#2970 = PLANE('',#2971);
#2971 = AXIS2_PLACEMENT_3D('',#2972,#2973,#2974);
#2972 = CARTESIAN_POINT('',(90.,3.,34.8));
#2973 = DIRECTION('',(0.,-1.,0.));
#2974 = DIRECTION('',(1.,0.,0.));
#2975 = DEFINITIONAL_REPRESENTATION('',(#2976),#2984);
#2976 = ( BOUNDED_CURVE() B_SPLINE_CURVE(2,(#2977,#2978,#2979,#2980,
#2981,#2982,#2983),.UNSPECIFIED.,.T.,.F.) B_SPLINE_CURVE_WITH_KNOTS((1,2
    ,2,2,2,1),(-2.094395102393,0.,2.094395102393,4.188790204786,
6.28318530718,8.377580409573),.UNSPECIFIED.) CURVE() 
GEOMETRIC_REPRESENTATION_ITEM() RATIONAL_B_SPLINE_CURVE((1.,0.5,1.,0.5,
1.,0.5,1.)) REPRESENTATION_ITEM('') );
#2977 = CARTESIAN_POINT('',(26.6,0.));
#2978 = CARTESIAN_POINT('',(26.6,-3.637306695895));
#2979 = CARTESIAN_POINT('',(23.45,-1.818653347947));
#2980 = CARTESIAN_POINT('',(20.3,-5.143516556419E-16));
#2981 = CARTESIAN_POINT('',(23.45,1.818653347947));
#2982 = CARTESIAN_POINT('',(26.6,3.637306695895));
#2983 = CARTESIAN_POINT('',(26.6,0.));
#2984 = ( GEOMETRIC_REPRESENTATION_CONTEXT(2) 
PARAMETRIC_REPRESENTATION_CONTEXT() REPRESENTATION_CONTEXT('2D SPACE',''
  ) );
#2985 = ORIENTED_EDGE('',*,*,#2932,.T.);
#2986 = ADVANCED_FACE('',(#2987,#3217,#3247,#3445),#2970,.T.);
#2987 = FACE_BOUND('',#2988,.T.);
#2988 = EDGE_LOOP('',(#2989,#3019,#3048,#3076,#3105,#3133,#3162,#3190));
#2989 = ORIENTED_EDGE('',*,*,#2990,.F.);
#2990 = EDGE_CURVE('',#2991,#2993,#2995,.T.);
#2991 = VERTEX_POINT('',#2992);
#2992 = CARTESIAN_POINT('',(55.8,3.,34.79));
#2993 = VERTEX_POINT('',#2994);
#2994 = CARTESIAN_POINT('',(55.8,3.,34.81));
#2995 = SURFACE_CURVE('',#2996,(#3000,#3007),.PCURVE_S1.);
#2996 = LINE('',#2997,#2998);
#2997 = CARTESIAN_POINT('',(55.8,3.,34.8));
#2998 = VECTOR('',#2999,1.);
#2999 = DIRECTION('',(0.,0.,1.));
#3000 = PCURVE('',#2970,#3001);
#3001 = DEFINITIONAL_REPRESENTATION('',(#3002),#3006);
#3002 = LINE('',#3003,#3004);
#3003 = CARTESIAN_POINT('',(-34.2,-5.995193873445E-16));
#3004 = VECTOR('',#3005,1.);
#3005 = DIRECTION('',(0.,1.));
#3006 = ( GEOMETRIC_REPRESENTATION_CONTEXT(2) 
PARAMETRIC_REPRESENTATION_CONTEXT() REPRESENTATION_CONTEXT('2D SPACE',''
  ) );
#3007 = PCURVE('',#3008,#3013);
#3008 = PLANE('',#3009);
#3009 = AXIS2_PLACEMENT_3D('',#3010,#3011,#3012);
#3010 = CARTESIAN_POINT('',(55.8,3.,34.79));
#3011 = DIRECTION('',(-1.,0.,0.));
#3012 = DIRECTION('',(0.,0.,1.));
#3013 = DEFINITIONAL_REPRESENTATION('',(#3014),#3018);
#3014 = LINE('',#3015,#3016);
#3015 = CARTESIAN_POINT('',(9.999999999998E-03,0.));
#3016 = VECTOR('',#3017,1.);
#3017 = DIRECTION('',(1.,0.));
#3018 = ( GEOMETRIC_REPRESENTATION_CONTEXT(2) 
PARAMETRIC_REPRESENTATION_CONTEXT() REPRESENTATION_CONTEXT('2D SPACE',''
  ) );
#3019 = ORIENTED_EDGE('',*,*,#3020,.T.);
#3020 = EDGE_CURVE('',#2991,#3021,#3023,.T.);
#3021 = VERTEX_POINT('',#3022);
#3022 = CARTESIAN_POINT('',(64.49,3.,26.1));
#3023 = SURFACE_CURVE('',#3024,(#3029,#3036),.PCURVE_S1.);
#3024 = CIRCLE('',#3025,8.69);
#3025 = AXIS2_PLACEMENT_3D('',#3026,#3027,#3028);
#3026 = CARTESIAN_POINT('',(64.49,3.,34.79));
#3027 = DIRECTION('',(0.,-1.,0.));
#3028 = DIRECTION('',(1.,0.,0.));
#3029 = PCURVE('',#2970,#3030);
#3030 = DEFINITIONAL_REPRESENTATION('',(#3031),#3035);
#3031 = CIRCLE('',#3032,8.69);
#3032 = AXIS2_PLACEMENT_2D('',#3033,#3034);
#3033 = CARTESIAN_POINT('',(-25.51,-1.E-02));
#3034 = DIRECTION('',(1.,0.));
#3035 = ( GEOMETRIC_REPRESENTATION_CONTEXT(2) 
PARAMETRIC_REPRESENTATION_CONTEXT() REPRESENTATION_CONTEXT('2D SPACE',''
  ) );
#3036 = PCURVE('',#3037,#3042);
#3037 = CYLINDRICAL_SURFACE('',#3038,8.69);
#3038 = AXIS2_PLACEMENT_3D('',#3039,#3040,#3041);
#3039 = CARTESIAN_POINT('',(64.49,3.,34.79));
#3040 = DIRECTION('',(-0.,1.,-0.));
#3041 = DIRECTION('',(1.,0.,0.));
#3042 = DEFINITIONAL_REPRESENTATION('',(#3043),#3047);
#3043 = LINE('',#3044,#3045);
#3044 = CARTESIAN_POINT('',(-0.,0.));
#3045 = VECTOR('',#3046,1.);
#3046 = DIRECTION('',(-1.,0.));
#3047 = ( GEOMETRIC_REPRESENTATION_CONTEXT(2) 
PARAMETRIC_REPRESENTATION_CONTEXT() REPRESENTATION_CONTEXT('2D SPACE',''
  ) );
#3048 = ORIENTED_EDGE('',*,*,#3049,.T.);
#3049 = EDGE_CURVE('',#3021,#3050,#3052,.T.);
#3050 = VERTEX_POINT('',#3051);
#3051 = CARTESIAN_POINT('',(115.51,3.,26.1));
#3052 = SURFACE_CURVE('',#3053,(#3057,#3064),.PCURVE_S1.);
#3053 = LINE('',#3054,#3055);
#3054 = CARTESIAN_POINT('',(90.,3.,26.1));
#3055 = VECTOR('',#3056,1.);
#3056 = DIRECTION('',(1.,0.,0.));
#3057 = PCURVE('',#2970,#3058);
#3058 = DEFINITIONAL_REPRESENTATION('',(#3059),#3063);
#3059 = LINE('',#3060,#3061);
#3060 = CARTESIAN_POINT('',(-2.731818234023E-16,-8.7));
#3061 = VECTOR('',#3062,1.);
#3062 = DIRECTION('',(1.,0.));
#3063 = ( GEOMETRIC_REPRESENTATION_CONTEXT(2) 
PARAMETRIC_REPRESENTATION_CONTEXT() REPRESENTATION_CONTEXT('2D SPACE',''
  ) );
#3064 = PCURVE('',#3065,#3070);
#3065 = PLANE('',#3066);
#3066 = AXIS2_PLACEMENT_3D('',#3067,#3068,#3069);
#3067 = CARTESIAN_POINT('',(64.49,3.,26.1));
#3068 = DIRECTION('',(-0.,0.,1.));
#3069 = DIRECTION('',(1.,0.,0.));
#3070 = DEFINITIONAL_REPRESENTATION('',(#3071),#3075);
#3071 = LINE('',#3072,#3073);
#3072 = CARTESIAN_POINT('',(25.51,0.));
#3073 = VECTOR('',#3074,1.);
#3074 = DIRECTION('',(1.,0.));
#3075 = ( GEOMETRIC_REPRESENTATION_CONTEXT(2) 
PARAMETRIC_REPRESENTATION_CONTEXT() REPRESENTATION_CONTEXT('2D SPACE',''
  ) );
#3076 = ORIENTED_EDGE('',*,*,#3077,.T.);
#3077 = EDGE_CURVE('',#3050,#3078,#3080,.T.);
#3078 = VERTEX_POINT('',#3079);
#3079 = CARTESIAN_POINT('',(124.2,3.,34.79));
#3080 = SURFACE_CURVE('',#3081,(#3086,#3093),.PCURVE_S1.);
#3081 = CIRCLE('',#3082,8.69);
#3082 = AXIS2_PLACEMENT_3D('',#3083,#3084,#3085);
#3083 = CARTESIAN_POINT('',(115.51,3.,34.79));
#3084 = DIRECTION('',(0.,-1.,0.));
#3085 = DIRECTION('',(1.,0.,0.));
#3086 = PCURVE('',#2970,#3087);
#3087 = DEFINITIONAL_REPRESENTATION('',(#3088),#3092);
#3088 = CIRCLE('',#3089,8.69);
#3089 = AXIS2_PLACEMENT_2D('',#3090,#3091);
#3090 = CARTESIAN_POINT('',(25.51,-1.E-02));
#3091 = DIRECTION('',(1.,0.));
#3092 = ( GEOMETRIC_REPRESENTATION_CONTEXT(2) 
PARAMETRIC_REPRESENTATION_CONTEXT() REPRESENTATION_CONTEXT('2D SPACE',''
  ) );
#3093 = PCURVE('',#3094,#3099);
#3094 = CYLINDRICAL_SURFACE('',#3095,8.69);
#3095 = AXIS2_PLACEMENT_3D('',#3096,#3097,#3098);
#3096 = CARTESIAN_POINT('',(115.51,3.,34.79));
#3097 = DIRECTION('',(-0.,1.,-0.));
#3098 = DIRECTION('',(1.,0.,0.));
#3099 = DEFINITIONAL_REPRESENTATION('',(#3100),#3104);
#3100 = LINE('',#3101,#3102);
#3101 = CARTESIAN_POINT('',(-0.,0.));
#3102 = VECTOR('',#3103,1.);
#3103 = DIRECTION('',(-1.,0.));
#3104 = ( GEOMETRIC_REPRESENTATION_CONTEXT(2) 
PARAMETRIC_REPRESENTATION_CONTEXT() REPRESENTATION_CONTEXT('2D SPACE',''
  ) );
#3105 = ORIENTED_EDGE('',*,*,#3106,.T.);
#3106 = EDGE_CURVE('',#3078,#3107,#3109,.T.);
#3107 = VERTEX_POINT('',#3108);
#3108 = CARTESIAN_POINT('',(124.2,3.,34.81));
#3109 = SURFACE_CURVE('',#3110,(#3114,#3121),.PCURVE_S1.);
#3110 = LINE('',#3111,#3112);
#3111 = CARTESIAN_POINT('',(124.2,3.,34.8));
#3112 = VECTOR('',#3113,1.);
#3113 = DIRECTION('',(0.,0.,1.));
#3114 = PCURVE('',#2970,#3115);
#3115 = DEFINITIONAL_REPRESENTATION('',(#3116),#3120);
#3116 = LINE('',#3117,#3118);
#3117 = CARTESIAN_POINT('',(34.2,-5.995193873445E-16));
#3118 = VECTOR('',#3119,1.);
#3119 = DIRECTION('',(0.,1.));
#3120 = ( GEOMETRIC_REPRESENTATION_CONTEXT(2) 
PARAMETRIC_REPRESENTATION_CONTEXT() REPRESENTATION_CONTEXT('2D SPACE',''
  ) );
#3121 = PCURVE('',#3122,#3127);
#3122 = PLANE('',#3123);
#3123 = AXIS2_PLACEMENT_3D('',#3124,#3125,#3126);
#3124 = CARTESIAN_POINT('',(124.2,3.,34.79));
#3125 = DIRECTION('',(-1.,0.,0.));
#3126 = DIRECTION('',(0.,0.,1.));
#3127 = DEFINITIONAL_REPRESENTATION('',(#3128),#3132);
#3128 = LINE('',#3129,#3130);
#3129 = CARTESIAN_POINT('',(1.000000000001E-02,0.));
#3130 = VECTOR('',#3131,1.);
#3131 = DIRECTION('',(1.,0.));
#3132 = ( GEOMETRIC_REPRESENTATION_CONTEXT(2) 
PARAMETRIC_REPRESENTATION_CONTEXT() REPRESENTATION_CONTEXT('2D SPACE',''
  ) );
#3133 = ORIENTED_EDGE('',*,*,#3134,.T.);
#3134 = EDGE_CURVE('',#3107,#3135,#3137,.T.);
#3135 = VERTEX_POINT('',#3136);
#3136 = CARTESIAN_POINT('',(115.51,3.,43.5));
#3137 = SURFACE_CURVE('',#3138,(#3143,#3150),.PCURVE_S1.);
#3138 = CIRCLE('',#3139,8.69);
#3139 = AXIS2_PLACEMENT_3D('',#3140,#3141,#3142);
#3140 = CARTESIAN_POINT('',(115.51,3.,34.81));
#3141 = DIRECTION('',(0.,-1.,0.));
#3142 = DIRECTION('',(1.,0.,0.));
#3143 = PCURVE('',#2970,#3144);
#3144 = DEFINITIONAL_REPRESENTATION('',(#3145),#3149);
#3145 = CIRCLE('',#3146,8.69);
#3146 = AXIS2_PLACEMENT_2D('',#3147,#3148);
#3147 = CARTESIAN_POINT('',(25.51,9.999999999999E-03));
#3148 = DIRECTION('',(1.,0.));
#3149 = ( GEOMETRIC_REPRESENTATION_CONTEXT(2) 
PARAMETRIC_REPRESENTATION_CONTEXT() REPRESENTATION_CONTEXT('2D SPACE',''
  ) );
#3150 = PCURVE('',#3151,#3156);
#3151 = CYLINDRICAL_SURFACE('',#3152,8.69);
#3152 = AXIS2_PLACEMENT_3D('',#3153,#3154,#3155);
#3153 = CARTESIAN_POINT('',(115.51,3.,34.81));
#3154 = DIRECTION('',(-0.,1.,-0.));
#3155 = DIRECTION('',(1.,0.,0.));
#3156 = DEFINITIONAL_REPRESENTATION('',(#3157),#3161);
#3157 = LINE('',#3158,#3159);
#3158 = CARTESIAN_POINT('',(-0.,0.));
#3159 = VECTOR('',#3160,1.);
#3160 = DIRECTION('',(-1.,0.));
#3161 = ( GEOMETRIC_REPRESENTATION_CONTEXT(2) 
PARAMETRIC_REPRESENTATION_CONTEXT() REPRESENTATION_CONTEXT('2D SPACE',''
  ) );
#3162 = ORIENTED_EDGE('',*,*,#3163,.F.);
#3163 = EDGE_CURVE('',#3164,#3135,#3166,.T.);
#3164 = VERTEX_POINT('',#3165);
#3165 = CARTESIAN_POINT('',(64.49,3.,43.5));
#3166 = SURFACE_CURVE('',#3167,(#3171,#3178),.PCURVE_S1.);
#3167 = LINE('',#3168,#3169);
#3168 = CARTESIAN_POINT('',(90.,3.,43.5));
#3169 = VECTOR('',#3170,1.);
#3170 = DIRECTION('',(1.,0.,0.));
#3171 = PCURVE('',#2970,#3172);
#3172 = DEFINITIONAL_REPRESENTATION('',(#3173),#3177);
#3173 = LINE('',#3174,#3175);
#3174 = CARTESIAN_POINT('',(-2.731818234023E-16,8.7));
#3175 = VECTOR('',#3176,1.);
#3176 = DIRECTION('',(1.,0.));
#3177 = ( GEOMETRIC_REPRESENTATION_CONTEXT(2) 
PARAMETRIC_REPRESENTATION_CONTEXT() REPRESENTATION_CONTEXT('2D SPACE',''
  ) );
#3178 = PCURVE('',#3179,#3184);
#3179 = PLANE('',#3180);
#3180 = AXIS2_PLACEMENT_3D('',#3181,#3182,#3183);
#3181 = CARTESIAN_POINT('',(64.49,3.,43.5));
#3182 = DIRECTION('',(-0.,0.,1.));
#3183 = DIRECTION('',(1.,0.,0.));
#3184 = DEFINITIONAL_REPRESENTATION('',(#3185),#3189);
#3185 = LINE('',#3186,#3187);
#3186 = CARTESIAN_POINT('',(25.51,0.));
#3187 = VECTOR('',#3188,1.);
#3188 = DIRECTION('',(1.,0.));
#3189 = ( GEOMETRIC_REPRESENTATION_CONTEXT(2) 
PARAMETRIC_REPRESENTATION_CONTEXT() REPRESENTATION_CONTEXT('2D SPACE',''
  ) );
#3190 = ORIENTED_EDGE('',*,*,#3191,.T.);
#3191 = EDGE_CURVE('',#3164,#2993,#3192,.T.);
#3192 = SURFACE_CURVE('',#3193,(#3198,#3205),.PCURVE_S1.);
#3193 = CIRCLE('',#3194,8.69);
#3194 = AXIS2_PLACEMENT_3D('',#3195,#3196,#3197);
#3195 = CARTESIAN_POINT('',(64.49,3.,34.81));
#3196 = DIRECTION('',(0.,-1.,0.));
#3197 = DIRECTION('',(1.,0.,0.));
#3198 = PCURVE('',#2970,#3199);
#3199 = DEFINITIONAL_REPRESENTATION('',(#3200),#3204);
#3200 = CIRCLE('',#3201,8.69);
#3201 = AXIS2_PLACEMENT_2D('',#3202,#3203);
#3202 = CARTESIAN_POINT('',(-25.51,9.999999999999E-03));
#3203 = DIRECTION('',(1.,0.));
#3204 = ( GEOMETRIC_REPRESENTATION_CONTEXT(2) 
PARAMETRIC_REPRESENTATION_CONTEXT() REPRESENTATION_CONTEXT('2D SPACE',''
  ) );
#3205 = PCURVE('',#3206,#3211);
#3206 = CYLINDRICAL_SURFACE('',#3207,8.69);
#3207 = AXIS2_PLACEMENT_3D('',#3208,#3209,#3210);
#3208 = CARTESIAN_POINT('',(64.49,3.,34.81));
#3209 = DIRECTION('',(-0.,1.,-0.));
#3210 = DIRECTION('',(1.,0.,0.));
#3211 = DEFINITIONAL_REPRESENTATION('',(#3212),#3216);
#3212 = LINE('',#3213,#3214);
#3213 = CARTESIAN_POINT('',(-0.,0.));
#3214 = VECTOR('',#3215,1.);
#3215 = DIRECTION('',(-1.,0.));
#3216 = ( GEOMETRIC_REPRESENTATION_CONTEXT(2) 
PARAMETRIC_REPRESENTATION_CONTEXT() REPRESENTATION_CONTEXT('2D SPACE',''
  ) );
#3217 = FACE_BOUND('',#3218,.T.);
#3218 = EDGE_LOOP('',(#3219));
#3219 = ORIENTED_EDGE('',*,*,#3220,.T.);
#3220 = EDGE_CURVE('',#3221,#3221,#3223,.T.);
#3221 = VERTEX_POINT('',#3222);
#3222 = CARTESIAN_POINT('',(78.887794646275,3.,34.8));
#3223 = SURFACE_CURVE('',#3224,(#3229,#3240),.PCURVE_S1.);
#3224 = CIRCLE('',#3225,7.387794646275);
#3225 = AXIS2_PLACEMENT_3D('',#3226,#3227,#3228);
#3226 = CARTESIAN_POINT('',(71.5,3.,34.8));
#3227 = DIRECTION('',(0.,1.,0.));
#3228 = DIRECTION('',(1.,0.,-0.));
#3229 = PCURVE('',#2970,#3230);
#3230 = DEFINITIONAL_REPRESENTATION('',(#3231),#3239);
#3231 = ( BOUNDED_CURVE() B_SPLINE_CURVE(2,(#3232,#3233,#3234,#3235,
#3236,#3237,#3238),.UNSPECIFIED.,.T.,.F.) B_SPLINE_CURVE_WITH_KNOTS((1,2
    ,2,2,2,1),(-2.094395102393,0.,2.094395102393,4.188790204786,
6.28318530718,8.377580409573),.UNSPECIFIED.) CURVE() 
GEOMETRIC_REPRESENTATION_ITEM() RATIONAL_B_SPLINE_CURVE((1.,0.5,1.,0.5,
1.,0.5,1.)) REPRESENTATION_ITEM('') );
#3232 = CARTESIAN_POINT('',(-11.11220535372,0.));
#3233 = CARTESIAN_POINT('',(-11.11220535372,-12.79603568323));
#3234 = CARTESIAN_POINT('',(-22.19389732313,-6.398017841617));
#3235 = CARTESIAN_POINT('',(-33.27558929254,-1.809487813264E-15));
#3236 = CARTESIAN_POINT('',(-22.19389732313,6.398017841617));
#3237 = CARTESIAN_POINT('',(-11.11220535372,12.796035683233));
#3238 = CARTESIAN_POINT('',(-11.11220535372,0.));
#3239 = ( GEOMETRIC_REPRESENTATION_CONTEXT(2) 
PARAMETRIC_REPRESENTATION_CONTEXT() REPRESENTATION_CONTEXT('2D SPACE',''
  ) );
#3240 = PCURVE('',#2205,#3241);
#3241 = DEFINITIONAL_REPRESENTATION('',(#3242),#3246);
#3242 = LINE('',#3243,#3244);
#3243 = CARTESIAN_POINT('',(0.,1.));
#3244 = VECTOR('',#3245,1.);
#3245 = DIRECTION('',(1.,0.));
#3246 = ( GEOMETRIC_REPRESENTATION_CONTEXT(2) 
PARAMETRIC_REPRESENTATION_CONTEXT() REPRESENTATION_CONTEXT('2D SPACE',''
  ) );
#3247 = FACE_BOUND('',#3248,.T.);
#3248 = EDGE_LOOP('',(#3249,#3272,#3300,#3321,#3349,#3370,#3398,#3419));
#3249 = ORIENTED_EDGE('',*,*,#3250,.F.);
#3250 = EDGE_CURVE('',#3251,#3253,#3255,.T.);
#3251 = VERTEX_POINT('',#3252);
#3252 = CARTESIAN_POINT('',(91.178355722043,3.,34.81));
#3253 = VERTEX_POINT('',#3254);
#3254 = CARTESIAN_POINT('',(91.178355722043,3.,34.79));
#3255 = SURFACE_CURVE('',#3256,(#3260,#3266),.PCURVE_S1.);
#3256 = LINE('',#3257,#3258);
#3257 = CARTESIAN_POINT('',(91.178355722043,3.,34.795));
#3258 = VECTOR('',#3259,1.);
#3259 = DIRECTION('',(-0.,-0.,-1.));
#3260 = PCURVE('',#2970,#3261);
#3261 = DEFINITIONAL_REPRESENTATION('',(#3262),#3265);
#3262 = B_SPLINE_CURVE_WITH_KNOTS('',1,(#3263,#3264),.UNSPECIFIED.,.F.,
  .F.,(2,2),(-1.5E-02,5.000000000003E-03),.PIECEWISE_BEZIER_KNOTS.);
#3263 = CARTESIAN_POINT('',(1.178355722043,1.E-02));
#3264 = CARTESIAN_POINT('',(1.178355722043,-9.999999999999E-03));
#3265 = ( GEOMETRIC_REPRESENTATION_CONTEXT(2) 
PARAMETRIC_REPRESENTATION_CONTEXT() REPRESENTATION_CONTEXT('2D SPACE',''
  ) );
#3266 = PCURVE('',#2306,#3267);
#3267 = DEFINITIONAL_REPRESENTATION('',(#3268),#3271);
#3268 = B_SPLINE_CURVE_WITH_KNOTS('',1,(#3269,#3270),.UNSPECIFIED.,.F.,
  .F.,(2,2),(-1.5E-02,5.000000000003E-03),.PIECEWISE_BEZIER_KNOTS.);
#3269 = CARTESIAN_POINT('',(2.E-02,-2.6));
#3270 = CARTESIAN_POINT('',(-8.881784197001E-16,-2.6));
#3271 = ( GEOMETRIC_REPRESENTATION_CONTEXT(2) 
PARAMETRIC_REPRESENTATION_CONTEXT() REPRESENTATION_CONTEXT('2D SPACE',''
  ) );
#3272 = ORIENTED_EDGE('',*,*,#3273,.T.);
#3273 = EDGE_CURVE('',#3251,#3274,#3276,.T.);
#3274 = VERTEX_POINT('',#3275);
#3275 = CARTESIAN_POINT('',(96.29,3.,39.921644277957));
#3276 = SURFACE_CURVE('',#3277,(#3282,#3293),.PCURVE_S1.);
#3277 = CIRCLE('',#3278,5.111644277957);
#3278 = AXIS2_PLACEMENT_3D('',#3279,#3280,#3281);
#3279 = CARTESIAN_POINT('',(96.29,3.,34.81));
#3280 = DIRECTION('',(-0.,1.,0.));
#3281 = DIRECTION('',(1.,0.,0.));
#3282 = PCURVE('',#2970,#3283);
#3283 = DEFINITIONAL_REPRESENTATION('',(#3284),#3292);
#3284 = ( BOUNDED_CURVE() B_SPLINE_CURVE(2,(#3285,#3286,#3287,#3288,
#3289,#3290,#3291),.UNSPECIFIED.,.T.,.F.) B_SPLINE_CURVE_WITH_KNOTS((1,2
    ,2,2,2,1),(-2.094395102393,0.,2.094395102393,4.188790204786,
6.28318530718,8.377580409573),.UNSPECIFIED.) CURVE() 
GEOMETRIC_REPRESENTATION_ITEM() RATIONAL_B_SPLINE_CURVE((1.,0.5,1.,0.5,
1.,0.5,1.)) REPRESENTATION_ITEM('') );
#3285 = CARTESIAN_POINT('',(11.401644277957,9.999999999998E-03));
#3286 = CARTESIAN_POINT('',(11.401644277957,-8.84362759964));
#3287 = CARTESIAN_POINT('',(3.734177861022,-4.41681379982));
#3288 = CARTESIAN_POINT('',(-3.933288555913,9.999999999997E-03));
#3289 = CARTESIAN_POINT('',(3.734177861022,4.43681379982));
#3290 = CARTESIAN_POINT('',(11.401644277957,8.86362759964));
#3291 = CARTESIAN_POINT('',(11.401644277957,9.999999999998E-03));
#3292 = ( GEOMETRIC_REPRESENTATION_CONTEXT(2) 
PARAMETRIC_REPRESENTATION_CONTEXT() REPRESENTATION_CONTEXT('2D SPACE',''
  ) );
#3293 = PCURVE('',#2338,#3294);
#3294 = DEFINITIONAL_REPRESENTATION('',(#3295),#3299);
#3295 = LINE('',#3296,#3297);
#3296 = CARTESIAN_POINT('',(-6.28318530718,-2.6));
#3297 = VECTOR('',#3298,1.);
#3298 = DIRECTION('',(1.,-0.));
#3299 = ( GEOMETRIC_REPRESENTATION_CONTEXT(2) 
PARAMETRIC_REPRESENTATION_CONTEXT() REPRESENTATION_CONTEXT('2D SPACE',''
  ) );
#3300 = ORIENTED_EDGE('',*,*,#3301,.F.);
#3301 = EDGE_CURVE('',#3302,#3274,#3304,.T.);
#3302 = VERTEX_POINT('',#3303);
#3303 = CARTESIAN_POINT('',(99.71,3.,39.921644277957));
#3304 = SURFACE_CURVE('',#3305,(#3309,#3315),.PCURVE_S1.);
#3305 = LINE('',#3306,#3307);
#3306 = CARTESIAN_POINT('',(93.145,3.,39.921644277957));
#3307 = VECTOR('',#3308,1.);
#3308 = DIRECTION('',(-1.,-0.,0.));
#3309 = PCURVE('',#2970,#3310);
#3310 = DEFINITIONAL_REPRESENTATION('',(#3311),#3314);
#3311 = B_SPLINE_CURVE_WITH_KNOTS('',1,(#3312,#3313),.UNSPECIFIED.,.F.,
  .F.,(2,2),(-6.565,-3.145),.PIECEWISE_BEZIER_KNOTS.);
#3312 = CARTESIAN_POINT('',(9.71,5.121644277957));
#3313 = CARTESIAN_POINT('',(6.29,5.121644277957));
#3314 = ( GEOMETRIC_REPRESENTATION_CONTEXT(2) 
PARAMETRIC_REPRESENTATION_CONTEXT() REPRESENTATION_CONTEXT('2D SPACE',''
  ) );
#3315 = PCURVE('',#2365,#3316);
#3316 = DEFINITIONAL_REPRESENTATION('',(#3317),#3320);
#3317 = B_SPLINE_CURVE_WITH_KNOTS('',1,(#3318,#3319),.UNSPECIFIED.,.F.,
  .F.,(2,2),(-6.565,-3.145),.PIECEWISE_BEZIER_KNOTS.);
#3318 = CARTESIAN_POINT('',(3.42,-2.6));
#3319 = CARTESIAN_POINT('',(-5.329070518201E-15,-2.6));
#3320 = ( GEOMETRIC_REPRESENTATION_CONTEXT(2) 
PARAMETRIC_REPRESENTATION_CONTEXT() REPRESENTATION_CONTEXT('2D SPACE',''
  ) );
#3321 = ORIENTED_EDGE('',*,*,#3322,.T.);
#3322 = EDGE_CURVE('',#3302,#3323,#3325,.T.);
#3323 = VERTEX_POINT('',#3324);
#3324 = CARTESIAN_POINT('',(104.82164427795,3.,34.81));
#3325 = SURFACE_CURVE('',#3326,(#3331,#3342),.PCURVE_S1.);
#3326 = CIRCLE('',#3327,5.111644277957);
#3327 = AXIS2_PLACEMENT_3D('',#3328,#3329,#3330);
#3328 = CARTESIAN_POINT('',(99.71,3.,34.81));
#3329 = DIRECTION('',(-0.,1.,0.));
#3330 = DIRECTION('',(1.,0.,0.));
#3331 = PCURVE('',#2970,#3332);
#3332 = DEFINITIONAL_REPRESENTATION('',(#3333),#3341);
#3333 = ( BOUNDED_CURVE() B_SPLINE_CURVE(2,(#3334,#3335,#3336,#3337,
#3338,#3339,#3340),.UNSPECIFIED.,.T.,.F.) B_SPLINE_CURVE_WITH_KNOTS((1,2
    ,2,2,2,1),(-2.094395102393,0.,2.094395102393,4.188790204786,
6.28318530718,8.377580409573),.UNSPECIFIED.) CURVE() 
GEOMETRIC_REPRESENTATION_ITEM() RATIONAL_B_SPLINE_CURVE((1.,0.5,1.,0.5,
1.,0.5,1.)) REPRESENTATION_ITEM('') );
#3334 = CARTESIAN_POINT('',(14.821644277957,9.999999999998E-03));
#3335 = CARTESIAN_POINT('',(14.821644277957,-8.84362759964));
#3336 = CARTESIAN_POINT('',(7.154177861022,-4.41681379982));
#3337 = CARTESIAN_POINT('',(-0.513288555913,9.999999999997E-03));
#3338 = CARTESIAN_POINT('',(7.154177861022,4.43681379982));
#3339 = CARTESIAN_POINT('',(14.821644277957,8.86362759964));
#3340 = CARTESIAN_POINT('',(14.821644277957,9.999999999998E-03));
#3341 = ( GEOMETRIC_REPRESENTATION_CONTEXT(2) 
PARAMETRIC_REPRESENTATION_CONTEXT() REPRESENTATION_CONTEXT('2D SPACE',''
  ) );
#3342 = PCURVE('',#2397,#3343);
#3343 = DEFINITIONAL_REPRESENTATION('',(#3344),#3348);
#3344 = LINE('',#3345,#3346);
#3345 = CARTESIAN_POINT('',(-6.28318530718,-2.6));
#3346 = VECTOR('',#3347,1.);
#3347 = DIRECTION('',(1.,-0.));
#3348 = ( GEOMETRIC_REPRESENTATION_CONTEXT(2) 
PARAMETRIC_REPRESENTATION_CONTEXT() REPRESENTATION_CONTEXT('2D SPACE',''
  ) );
#3349 = ORIENTED_EDGE('',*,*,#3350,.T.);
#3350 = EDGE_CURVE('',#3323,#3351,#3353,.T.);
#3351 = VERTEX_POINT('',#3352);
#3352 = CARTESIAN_POINT('',(104.82164427795,3.,34.79));
#3353 = SURFACE_CURVE('',#3354,(#3358,#3364),.PCURVE_S1.);
#3354 = LINE('',#3355,#3356);
#3355 = CARTESIAN_POINT('',(104.82164427795,3.,34.795));
#3356 = VECTOR('',#3357,1.);
#3357 = DIRECTION('',(-0.,-0.,-1.));
#3358 = PCURVE('',#2970,#3359);
#3359 = DEFINITIONAL_REPRESENTATION('',(#3360),#3363);
#3360 = B_SPLINE_CURVE_WITH_KNOTS('',1,(#3361,#3362),.UNSPECIFIED.,.F.,
  .F.,(2,2),(-1.5E-02,5.000000000005E-03),.PIECEWISE_BEZIER_KNOTS.);
#3361 = CARTESIAN_POINT('',(14.821644277957,1.E-02));
#3362 = CARTESIAN_POINT('',(14.821644277957,-1.E-02));
#3363 = ( GEOMETRIC_REPRESENTATION_CONTEXT(2) 
PARAMETRIC_REPRESENTATION_CONTEXT() REPRESENTATION_CONTEXT('2D SPACE',''
  ) );
#3364 = PCURVE('',#2424,#3365);
#3365 = DEFINITIONAL_REPRESENTATION('',(#3366),#3369);
#3366 = B_SPLINE_CURVE_WITH_KNOTS('',1,(#3367,#3368),.UNSPECIFIED.,.F.,
  .F.,(2,2),(-1.5E-02,5.000000000005E-03),.PIECEWISE_BEZIER_KNOTS.);
#3367 = CARTESIAN_POINT('',(2.E-02,-2.6));
#3368 = CARTESIAN_POINT('',(-2.6645352591E-15,-2.6));
#3369 = ( GEOMETRIC_REPRESENTATION_CONTEXT(2) 
PARAMETRIC_REPRESENTATION_CONTEXT() REPRESENTATION_CONTEXT('2D SPACE',''
  ) );
#3370 = ORIENTED_EDGE('',*,*,#3371,.T.);
#3371 = EDGE_CURVE('',#3351,#3372,#3374,.T.);
#3372 = VERTEX_POINT('',#3373);
#3373 = CARTESIAN_POINT('',(99.71,3.,29.678355722043));
#3374 = SURFACE_CURVE('',#3375,(#3380,#3391),.PCURVE_S1.);
#3375 = CIRCLE('',#3376,5.111644277957);
#3376 = AXIS2_PLACEMENT_3D('',#3377,#3378,#3379);
#3377 = CARTESIAN_POINT('',(99.71,3.,34.79));
#3378 = DIRECTION('',(-0.,1.,0.));
#3379 = DIRECTION('',(1.,0.,0.));
#3380 = PCURVE('',#2970,#3381);
#3381 = DEFINITIONAL_REPRESENTATION('',(#3382),#3390);
#3382 = ( BOUNDED_CURVE() B_SPLINE_CURVE(2,(#3383,#3384,#3385,#3386,
#3387,#3388,#3389),.UNSPECIFIED.,.T.,.F.) B_SPLINE_CURVE_WITH_KNOTS((1,2
    ,2,2,2,1),(-2.094395102393,0.,2.094395102393,4.188790204786,
6.28318530718,8.377580409573),.UNSPECIFIED.) CURVE() 
GEOMETRIC_REPRESENTATION_ITEM() RATIONAL_B_SPLINE_CURVE((1.,0.5,1.,0.5,
1.,0.5,1.)) REPRESENTATION_ITEM('') );
#3383 = CARTESIAN_POINT('',(14.821644277957,-9.999999999998E-03));
#3384 = CARTESIAN_POINT('',(14.821644277957,-8.86362759964));
#3385 = CARTESIAN_POINT('',(7.154177861022,-4.43681379982));
#3386 = CARTESIAN_POINT('',(-0.513288555913,-9.999999999999E-03));
#3387 = CARTESIAN_POINT('',(7.154177861022,4.41681379982));
#3388 = CARTESIAN_POINT('',(14.821644277957,8.84362759964));
#3389 = CARTESIAN_POINT('',(14.821644277957,-9.999999999998E-03));
#3390 = ( GEOMETRIC_REPRESENTATION_CONTEXT(2) 
PARAMETRIC_REPRESENTATION_CONTEXT() REPRESENTATION_CONTEXT('2D SPACE',''
  ) );
#3391 = PCURVE('',#2456,#3392);
#3392 = DEFINITIONAL_REPRESENTATION('',(#3393),#3397);
#3393 = LINE('',#3394,#3395);
#3394 = CARTESIAN_POINT('',(-6.28318530718,-2.6));
#3395 = VECTOR('',#3396,1.);
#3396 = DIRECTION('',(1.,-0.));
#3397 = ( GEOMETRIC_REPRESENTATION_CONTEXT(2) 
PARAMETRIC_REPRESENTATION_CONTEXT() REPRESENTATION_CONTEXT('2D SPACE',''
  ) );
#3398 = ORIENTED_EDGE('',*,*,#3399,.T.);
#3399 = EDGE_CURVE('',#3372,#3400,#3402,.T.);
#3400 = VERTEX_POINT('',#3401);
#3401 = CARTESIAN_POINT('',(96.29,3.,29.678355722043));
#3402 = SURFACE_CURVE('',#3403,(#3407,#3413),.PCURVE_S1.);
#3403 = LINE('',#3404,#3405);
#3404 = CARTESIAN_POINT('',(93.145,3.,29.678355722043));
#3405 = VECTOR('',#3406,1.);
#3406 = DIRECTION('',(-1.,-0.,0.));
#3407 = PCURVE('',#2970,#3408);
#3408 = DEFINITIONAL_REPRESENTATION('',(#3409),#3412);
#3409 = B_SPLINE_CURVE_WITH_KNOTS('',1,(#3410,#3411),.UNSPECIFIED.,.F.,
  .F.,(2,2),(-6.565,-3.145),.PIECEWISE_BEZIER_KNOTS.);
#3410 = CARTESIAN_POINT('',(9.71,-5.121644277957));
#3411 = CARTESIAN_POINT('',(6.29,-5.121644277957));
#3412 = ( GEOMETRIC_REPRESENTATION_CONTEXT(2) 
PARAMETRIC_REPRESENTATION_CONTEXT() REPRESENTATION_CONTEXT('2D SPACE',''
  ) );
#3413 = PCURVE('',#2483,#3414);
#3414 = DEFINITIONAL_REPRESENTATION('',(#3415),#3418);
#3415 = B_SPLINE_CURVE_WITH_KNOTS('',1,(#3416,#3417),.UNSPECIFIED.,.F.,
  .F.,(2,2),(-6.565,-3.145),.PIECEWISE_BEZIER_KNOTS.);
#3416 = CARTESIAN_POINT('',(3.42,-2.6));
#3417 = CARTESIAN_POINT('',(0.,-2.6));
#3418 = ( GEOMETRIC_REPRESENTATION_CONTEXT(2) 
PARAMETRIC_REPRESENTATION_CONTEXT() REPRESENTATION_CONTEXT('2D SPACE',''
  ) );
#3419 = ORIENTED_EDGE('',*,*,#3420,.T.);
#3420 = EDGE_CURVE('',#3400,#3253,#3421,.T.);
#3421 = SURFACE_CURVE('',#3422,(#3427,#3438),.PCURVE_S1.);
#3422 = CIRCLE('',#3423,5.111644277957);
#3423 = AXIS2_PLACEMENT_3D('',#3424,#3425,#3426);
#3424 = CARTESIAN_POINT('',(96.29,3.,34.79));
#3425 = DIRECTION('',(-0.,1.,0.));
#3426 = DIRECTION('',(1.,0.,0.));
#3427 = PCURVE('',#2970,#3428);
#3428 = DEFINITIONAL_REPRESENTATION('',(#3429),#3437);
#3429 = ( BOUNDED_CURVE() B_SPLINE_CURVE(2,(#3430,#3431,#3432,#3433,
#3434,#3435,#3436),.UNSPECIFIED.,.T.,.F.) B_SPLINE_CURVE_WITH_KNOTS((1,2
    ,2,2,2,1),(-2.094395102393,0.,2.094395102393,4.188790204786,
6.28318530718,8.377580409573),.UNSPECIFIED.) CURVE() 
GEOMETRIC_REPRESENTATION_ITEM() RATIONAL_B_SPLINE_CURVE((1.,0.5,1.,0.5,
1.,0.5,1.)) REPRESENTATION_ITEM('') );
#3430 = CARTESIAN_POINT('',(11.401644277957,-9.999999999998E-03));
#3431 = CARTESIAN_POINT('',(11.401644277957,-8.86362759964));
#3432 = CARTESIAN_POINT('',(3.734177861022,-4.43681379982));
#3433 = CARTESIAN_POINT('',(-3.933288555913,-9.999999999999E-03));
#3434 = CARTESIAN_POINT('',(3.734177861022,4.41681379982));
#3435 = CARTESIAN_POINT('',(11.401644277957,8.84362759964));
#3436 = CARTESIAN_POINT('',(11.401644277957,-9.999999999998E-03));
#3437 = ( GEOMETRIC_REPRESENTATION_CONTEXT(2) 
PARAMETRIC_REPRESENTATION_CONTEXT() REPRESENTATION_CONTEXT('2D SPACE',''
  ) );
#3438 = PCURVE('',#2513,#3439);
#3439 = DEFINITIONAL_REPRESENTATION('',(#3440),#3444);
#3440 = LINE('',#3441,#3442);
#3441 = CARTESIAN_POINT('',(-6.28318530718,-2.6));
#3442 = VECTOR('',#3443,1.);
#3443 = DIRECTION('',(1.,-0.));
#3444 = ( GEOMETRIC_REPRESENTATION_CONTEXT(2) 
PARAMETRIC_REPRESENTATION_CONTEXT() REPRESENTATION_CONTEXT('2D SPACE',''
  ) );
#3445 = FACE_BOUND('',#3446,.T.);
#3446 = EDGE_LOOP('',(#3447));
#3447 = ORIENTED_EDGE('',*,*,#2955,.T.);
#3448 = ADVANCED_FACE('',(#3449),#3122,.T.);
#3449 = FACE_BOUND('',#3450,.T.);
#3450 = EDGE_LOOP('',(#3451,#3452,#3475,#3501));
#3451 = ORIENTED_EDGE('',*,*,#3106,.F.);
#3452 = ORIENTED_EDGE('',*,*,#3453,.T.);
#3453 = EDGE_CURVE('',#3078,#3454,#3456,.T.);
#3454 = VERTEX_POINT('',#3455);
#3455 = CARTESIAN_POINT('',(124.2,0.,34.79));
#3456 = SURFACE_CURVE('',#3457,(#3461,#3468),.PCURVE_S1.);
#3457 = LINE('',#3458,#3459);
#3458 = CARTESIAN_POINT('',(124.2,3.,34.79));
#3459 = VECTOR('',#3460,1.);
#3460 = DIRECTION('',(0.,-1.,0.));
#3461 = PCURVE('',#3122,#3462);
#3462 = DEFINITIONAL_REPRESENTATION('',(#3463),#3467);
#3463 = LINE('',#3464,#3465);
#3464 = CARTESIAN_POINT('',(0.,0.));
#3465 = VECTOR('',#3466,1.);
#3466 = DIRECTION('',(0.,-1.));
#3467 = ( GEOMETRIC_REPRESENTATION_CONTEXT(2) 
PARAMETRIC_REPRESENTATION_CONTEXT() REPRESENTATION_CONTEXT('2D SPACE',''
  ) );
#3468 = PCURVE('',#3094,#3469);
#3469 = DEFINITIONAL_REPRESENTATION('',(#3470),#3474);
#3470 = LINE('',#3471,#3472);
#3471 = CARTESIAN_POINT('',(-6.28318530718,0.));
#3472 = VECTOR('',#3473,1.);
#3473 = DIRECTION('',(-0.,-1.));
#3474 = ( GEOMETRIC_REPRESENTATION_CONTEXT(2) 
PARAMETRIC_REPRESENTATION_CONTEXT() REPRESENTATION_CONTEXT('2D SPACE',''
  ) );
#3475 = ORIENTED_EDGE('',*,*,#3476,.F.);
#3476 = EDGE_CURVE('',#3477,#3454,#3479,.T.);
#3477 = VERTEX_POINT('',#3478);
#3478 = CARTESIAN_POINT('',(124.2,0.,34.81));
#3479 = SURFACE_CURVE('',#3480,(#3484,#3490),.PCURVE_S1.);
#3480 = LINE('',#3481,#3482);
#3481 = CARTESIAN_POINT('',(124.2,0.,60.27));
#3482 = VECTOR('',#3483,1.);
#3483 = DIRECTION('',(-0.,-0.,-1.));
#3484 = PCURVE('',#3122,#3485);
#3485 = DEFINITIONAL_REPRESENTATION('',(#3486),#3489);
#3486 = B_SPLINE_CURVE_WITH_KNOTS('',1,(#3487,#3488),.UNSPECIFIED.,.F.,
  .F.,(2,2),(25.46,25.48),.PIECEWISE_BEZIER_KNOTS.);
#3487 = CARTESIAN_POINT('',(2.E-02,-3.));
#3488 = CARTESIAN_POINT('',(0.,-3.));
#3489 = ( GEOMETRIC_REPRESENTATION_CONTEXT(2) 
PARAMETRIC_REPRESENTATION_CONTEXT() REPRESENTATION_CONTEXT('2D SPACE',''
  ) );
#3490 = PCURVE('',#3491,#3496);
#3491 = PLANE('',#3492);
#3492 = AXIS2_PLACEMENT_3D('',#3493,#3494,#3495);
#3493 = CARTESIAN_POINT('',(90.,0.,85.75));
#3494 = DIRECTION('',(0.,-1.,0.));
#3495 = DIRECTION('',(1.,0.,0.));
#3496 = DEFINITIONAL_REPRESENTATION('',(#3497),#3500);
#3497 = B_SPLINE_CURVE_WITH_KNOTS('',1,(#3498,#3499),.UNSPECIFIED.,.F.,
  .F.,(2,2),(25.46,25.48),.PIECEWISE_BEZIER_KNOTS.);
#3498 = CARTESIAN_POINT('',(34.2,-50.94));
#3499 = CARTESIAN_POINT('',(34.2,-50.96));
#3500 = ( GEOMETRIC_REPRESENTATION_CONTEXT(2) 
PARAMETRIC_REPRESENTATION_CONTEXT() REPRESENTATION_CONTEXT('2D SPACE',''
  ) );
#3501 = ORIENTED_EDGE('',*,*,#3502,.F.);
#3502 = EDGE_CURVE('',#3107,#3477,#3503,.T.);
#3503 = SURFACE_CURVE('',#3504,(#3508,#3515),.PCURVE_S1.);
#3504 = LINE('',#3505,#3506);
#3505 = CARTESIAN_POINT('',(124.2,3.,34.81));
#3506 = VECTOR('',#3507,1.);
#3507 = DIRECTION('',(0.,-1.,0.));
#3508 = PCURVE('',#3122,#3509);
#3509 = DEFINITIONAL_REPRESENTATION('',(#3510),#3514);
#3510 = LINE('',#3511,#3512);
#3511 = CARTESIAN_POINT('',(2.E-02,0.));
#3512 = VECTOR('',#3513,1.);
#3513 = DIRECTION('',(0.,-1.));
#3514 = ( GEOMETRIC_REPRESENTATION_CONTEXT(2) 
PARAMETRIC_REPRESENTATION_CONTEXT() REPRESENTATION_CONTEXT('2D SPACE',''
  ) );
#3515 = PCURVE('',#3151,#3516);
#3516 = DEFINITIONAL_REPRESENTATION('',(#3517),#3521);
#3517 = LINE('',#3518,#3519);
#3518 = CARTESIAN_POINT('',(-0.,0.));
#3519 = VECTOR('',#3520,1.);
#3520 = DIRECTION('',(-0.,-1.));
#3521 = ( GEOMETRIC_REPRESENTATION_CONTEXT(2) 
PARAMETRIC_REPRESENTATION_CONTEXT() REPRESENTATION_CONTEXT('2D SPACE',''
  ) );
#3522 = ADVANCED_FACE('',(#3523,#3764,#3940),#3491,.T.);
#3523 = FACE_BOUND('',#3524,.T.);
#3524 = EDGE_LOOP('',(#3525,#3550,#3583,#3611,#3644,#3672,#3705,#3733));
#3525 = ORIENTED_EDGE('',*,*,#3526,.F.);
#3526 = EDGE_CURVE('',#3527,#3529,#3531,.T.);
#3527 = VERTEX_POINT('',#3528);
#3528 = CARTESIAN_POINT('',(2.,-4.440892098501E-16,12.));
#3529 = VERTEX_POINT('',#3530);
#3530 = CARTESIAN_POINT('',(2.,-4.440892098501E-16,159.5));
#3531 = SURFACE_CURVE('',#3532,(#3536,#3543),.PCURVE_S1.);
#3532 = LINE('',#3533,#3534);
#3533 = CARTESIAN_POINT('',(2.,-4.440892098501E-16,12.));
#3534 = VECTOR('',#3535,1.);
#3535 = DIRECTION('',(0.,0.,1.));
#3536 = PCURVE('',#3491,#3537);
#3537 = DEFINITIONAL_REPRESENTATION('',(#3538),#3542);
#3538 = LINE('',#3539,#3540);
#3539 = CARTESIAN_POINT('',(-88.,-73.75));
#3540 = VECTOR('',#3541,1.);
#3541 = DIRECTION('',(0.,1.));
#3542 = ( GEOMETRIC_REPRESENTATION_CONTEXT(2) 
PARAMETRIC_REPRESENTATION_CONTEXT() REPRESENTATION_CONTEXT('2D SPACE',''
  ) );
#3543 = PCURVE('',#72,#3544);
#3544 = DEFINITIONAL_REPRESENTATION('',(#3545),#3549);
#3545 = LINE('',#3546,#3547);
#3546 = CARTESIAN_POINT('',(1.570796326795,0.));
#3547 = VECTOR('',#3548,1.);
#3548 = DIRECTION('',(0.,1.));
#3549 = ( GEOMETRIC_REPRESENTATION_CONTEXT(2) 
PARAMETRIC_REPRESENTATION_CONTEXT() REPRESENTATION_CONTEXT('2D SPACE',''
  ) );
#3550 = ORIENTED_EDGE('',*,*,#3551,.F.);
#3551 = EDGE_CURVE('',#3552,#3527,#3554,.T.);
#3552 = VERTEX_POINT('',#3553);
#3553 = CARTESIAN_POINT('',(12.,-4.440892098501E-16,2.));
#3554 = SURFACE_CURVE('',#3555,(#3560,#3571),.PCURVE_S1.);
#3555 = CIRCLE('',#3556,10.);
#3556 = AXIS2_PLACEMENT_3D('',#3557,#3558,#3559);
#3557 = CARTESIAN_POINT('',(12.,0.,12.));
#3558 = DIRECTION('',(-0.,1.,0.));
#3559 = DIRECTION('',(0.,0.,-1.));
#3560 = PCURVE('',#3491,#3561);
#3561 = DEFINITIONAL_REPRESENTATION('',(#3562),#3570);
#3562 = ( BOUNDED_CURVE() B_SPLINE_CURVE(2,(#3563,#3564,#3565,#3566,
#3567,#3568,#3569),.UNSPECIFIED.,.T.,.F.) B_SPLINE_CURVE_WITH_KNOTS((1,2
    ,2,2,2,1),(-2.094395102393,0.,2.094395102393,4.188790204786,
6.28318530718,8.377580409573),.UNSPECIFIED.) CURVE() 
GEOMETRIC_REPRESENTATION_ITEM() RATIONAL_B_SPLINE_CURVE((1.,0.5,1.,0.5,
1.,0.5,1.)) REPRESENTATION_ITEM('') );
#3563 = CARTESIAN_POINT('',(-78.,-83.75));
#3564 = CARTESIAN_POINT('',(-95.32050807568,-83.75));
#3565 = CARTESIAN_POINT('',(-86.66025403784,-68.75));
#3566 = CARTESIAN_POINT('',(-78.,-53.75));
#3567 = CARTESIAN_POINT('',(-69.33974596215,-68.75));
#3568 = CARTESIAN_POINT('',(-60.67949192431,-83.75));
#3569 = CARTESIAN_POINT('',(-78.,-83.75));
#3570 = ( GEOMETRIC_REPRESENTATION_CONTEXT(2) 
PARAMETRIC_REPRESENTATION_CONTEXT() REPRESENTATION_CONTEXT('2D SPACE',''
  ) );
#3571 = PCURVE('',#3572,#3577);
#3572 = TOROIDAL_SURFACE('',#3573,10.,2.);
#3573 = AXIS2_PLACEMENT_3D('',#3574,#3575,#3576);
#3574 = CARTESIAN_POINT('',(12.,2.,12.));
#3575 = DIRECTION('',(0.,-1.,0.));
#3576 = DIRECTION('',(0.,0.,-1.));
#3577 = DEFINITIONAL_REPRESENTATION('',(#3578),#3582);
#3578 = LINE('',#3579,#3580);
#3579 = CARTESIAN_POINT('',(-0.,1.570796326795));
#3580 = VECTOR('',#3581,1.);
#3581 = DIRECTION('',(-1.,0.));
#3582 = ( GEOMETRIC_REPRESENTATION_CONTEXT(2) 
PARAMETRIC_REPRESENTATION_CONTEXT() REPRESENTATION_CONTEXT('2D SPACE',''
  ) );
#3583 = ORIENTED_EDGE('',*,*,#3584,.F.);
#3584 = EDGE_CURVE('',#3585,#3552,#3587,.T.);
#3585 = VERTEX_POINT('',#3586);
#3586 = CARTESIAN_POINT('',(168.,0.,2.));
#3587 = SURFACE_CURVE('',#3588,(#3592,#3599),.PCURVE_S1.);
#3588 = LINE('',#3589,#3590);
#3589 = CARTESIAN_POINT('',(168.,-4.440892098501E-16,2.));
#3590 = VECTOR('',#3591,1.);
#3591 = DIRECTION('',(-1.,-0.,-0.));
#3592 = PCURVE('',#3491,#3593);
#3593 = DEFINITIONAL_REPRESENTATION('',(#3594),#3598);
#3594 = LINE('',#3595,#3596);
#3595 = CARTESIAN_POINT('',(78.,-83.75));
#3596 = VECTOR('',#3597,1.);
#3597 = DIRECTION('',(-1.,-0.));
#3598 = ( GEOMETRIC_REPRESENTATION_CONTEXT(2) 
PARAMETRIC_REPRESENTATION_CONTEXT() REPRESENTATION_CONTEXT('2D SPACE',''
  ) );
#3599 = PCURVE('',#3600,#3605);
#3600 = CYLINDRICAL_SURFACE('',#3601,2.);
#3601 = AXIS2_PLACEMENT_3D('',#3602,#3603,#3604);
#3602 = CARTESIAN_POINT('',(168.,2.,2.));
#3603 = DIRECTION('',(-1.,-0.,-0.));
#3604 = DIRECTION('',(0.,-0.,-1.));
#3605 = DEFINITIONAL_REPRESENTATION('',(#3606),#3610);
#3606 = LINE('',#3607,#3608);
#3607 = CARTESIAN_POINT('',(1.570796326795,0.));
#3608 = VECTOR('',#3609,1.);
#3609 = DIRECTION('',(0.,1.));
#3610 = ( GEOMETRIC_REPRESENTATION_CONTEXT(2) 
PARAMETRIC_REPRESENTATION_CONTEXT() REPRESENTATION_CONTEXT('2D SPACE',''
  ) );
#3611 = ORIENTED_EDGE('',*,*,#3612,.F.);
#3612 = EDGE_CURVE('',#3613,#3585,#3615,.T.);
#3613 = VERTEX_POINT('',#3614);
#3614 = CARTESIAN_POINT('',(178.,-4.440892098501E-16,12.));
#3615 = SURFACE_CURVE('',#3616,(#3621,#3632),.PCURVE_S1.);
#3616 = CIRCLE('',#3617,10.);
#3617 = AXIS2_PLACEMENT_3D('',#3618,#3619,#3620);
#3618 = CARTESIAN_POINT('',(168.,0.,12.));
#3619 = DIRECTION('',(-0.,1.,0.));
#3620 = DIRECTION('',(1.,0.,0.));
#3621 = PCURVE('',#3491,#3622);
#3622 = DEFINITIONAL_REPRESENTATION('',(#3623),#3631);
#3623 = ( BOUNDED_CURVE() B_SPLINE_CURVE(2,(#3624,#3625,#3626,#3627,
#3628,#3629,#3630),.UNSPECIFIED.,.T.,.F.) B_SPLINE_CURVE_WITH_KNOTS((1,2
    ,2,2,2,1),(-2.094395102393,0.,2.094395102393,4.188790204786,
6.28318530718,8.377580409573),.UNSPECIFIED.) CURVE() 
GEOMETRIC_REPRESENTATION_ITEM() RATIONAL_B_SPLINE_CURVE((1.,0.5,1.,0.5,
1.,0.5,1.)) REPRESENTATION_ITEM('') );
#3624 = CARTESIAN_POINT('',(88.,-73.75));
#3625 = CARTESIAN_POINT('',(88.,-91.07050807568));
#3626 = CARTESIAN_POINT('',(73.,-82.41025403784));
#3627 = CARTESIAN_POINT('',(58.,-73.75));
#3628 = CARTESIAN_POINT('',(73.,-65.08974596215));
#3629 = CARTESIAN_POINT('',(88.,-56.42949192431));
#3630 = CARTESIAN_POINT('',(88.,-73.75));
#3631 = ( GEOMETRIC_REPRESENTATION_CONTEXT(2) 
PARAMETRIC_REPRESENTATION_CONTEXT() REPRESENTATION_CONTEXT('2D SPACE',''
  ) );
#3632 = PCURVE('',#3633,#3638);
#3633 = TOROIDAL_SURFACE('',#3634,10.,2.);
#3634 = AXIS2_PLACEMENT_3D('',#3635,#3636,#3637);
#3635 = CARTESIAN_POINT('',(168.,2.,12.));
#3636 = DIRECTION('',(0.,-1.,0.));
#3637 = DIRECTION('',(1.,0.,0.));
#3638 = DEFINITIONAL_REPRESENTATION('',(#3639),#3643);
#3639 = LINE('',#3640,#3641);
#3640 = CARTESIAN_POINT('',(-0.,1.570796326795));
#3641 = VECTOR('',#3642,1.);
#3642 = DIRECTION('',(-1.,0.));
#3643 = ( GEOMETRIC_REPRESENTATION_CONTEXT(2) 
PARAMETRIC_REPRESENTATION_CONTEXT() REPRESENTATION_CONTEXT('2D SPACE',''
  ) );
#3644 = ORIENTED_EDGE('',*,*,#3645,.F.);
#3645 = EDGE_CURVE('',#3646,#3613,#3648,.T.);
#3646 = VERTEX_POINT('',#3647);
#3647 = CARTESIAN_POINT('',(178.,0.,159.5));
#3648 = SURFACE_CURVE('',#3649,(#3653,#3660),.PCURVE_S1.);
#3649 = LINE('',#3650,#3651);
#3650 = CARTESIAN_POINT('',(178.,-4.440892098501E-16,159.5));
#3651 = VECTOR('',#3652,1.);
#3652 = DIRECTION('',(-0.,-0.,-1.));
#3653 = PCURVE('',#3491,#3654);
#3654 = DEFINITIONAL_REPRESENTATION('',(#3655),#3659);
#3655 = LINE('',#3656,#3657);
#3656 = CARTESIAN_POINT('',(88.,73.75));
#3657 = VECTOR('',#3658,1.);
#3658 = DIRECTION('',(-0.,-1.));
#3659 = ( GEOMETRIC_REPRESENTATION_CONTEXT(2) 
PARAMETRIC_REPRESENTATION_CONTEXT() REPRESENTATION_CONTEXT('2D SPACE',''
  ) );
#3660 = PCURVE('',#3661,#3666);
#3661 = CYLINDRICAL_SURFACE('',#3662,2.);
#3662 = AXIS2_PLACEMENT_3D('',#3663,#3664,#3665);
#3663 = CARTESIAN_POINT('',(178.,2.,159.5));
#3664 = DIRECTION('',(-0.,-0.,-1.));
#3665 = DIRECTION('',(1.,-0.,0.));
#3666 = DEFINITIONAL_REPRESENTATION('',(#3667),#3671);
#3667 = LINE('',#3668,#3669);
#3668 = CARTESIAN_POINT('',(1.570796326795,0.));
#3669 = VECTOR('',#3670,1.);
#3670 = DIRECTION('',(0.,1.));
#3671 = ( GEOMETRIC_REPRESENTATION_CONTEXT(2) 
PARAMETRIC_REPRESENTATION_CONTEXT() REPRESENTATION_CONTEXT('2D SPACE',''
  ) );
#3672 = ORIENTED_EDGE('',*,*,#3673,.F.);
#3673 = EDGE_CURVE('',#3674,#3646,#3676,.T.);
#3674 = VERTEX_POINT('',#3675);
#3675 = CARTESIAN_POINT('',(168.,-4.440892098501E-16,169.5));
#3676 = SURFACE_CURVE('',#3677,(#3682,#3693),.PCURVE_S1.);
#3677 = CIRCLE('',#3678,10.);
#3678 = AXIS2_PLACEMENT_3D('',#3679,#3680,#3681);
#3679 = CARTESIAN_POINT('',(168.,0.,159.5));
#3680 = DIRECTION('',(-0.,1.,0.));
#3681 = DIRECTION('',(0.,0.,1.));
#3682 = PCURVE('',#3491,#3683);
#3683 = DEFINITIONAL_REPRESENTATION('',(#3684),#3692);
#3684 = ( BOUNDED_CURVE() B_SPLINE_CURVE(2,(#3685,#3686,#3687,#3688,
#3689,#3690,#3691),.UNSPECIFIED.,.T.,.F.) B_SPLINE_CURVE_WITH_KNOTS((1,2
    ,2,2,2,1),(-2.094395102393,0.,2.094395102393,4.188790204786,
6.28318530718,8.377580409573),.UNSPECIFIED.) CURVE() 
GEOMETRIC_REPRESENTATION_ITEM() RATIONAL_B_SPLINE_CURVE((1.,0.5,1.,0.5,
1.,0.5,1.)) REPRESENTATION_ITEM('') );
#3685 = CARTESIAN_POINT('',(78.,83.75));
#3686 = CARTESIAN_POINT('',(95.320508075689,83.75));
#3687 = CARTESIAN_POINT('',(86.660254037844,68.75));
#3688 = CARTESIAN_POINT('',(78.,53.75));
#3689 = CARTESIAN_POINT('',(69.339745962156,68.75));
#3690 = CARTESIAN_POINT('',(60.679491924311,83.75));
#3691 = CARTESIAN_POINT('',(78.,83.75));
#3692 = ( GEOMETRIC_REPRESENTATION_CONTEXT(2) 
PARAMETRIC_REPRESENTATION_CONTEXT() REPRESENTATION_CONTEXT('2D SPACE',''
  ) );
#3693 = PCURVE('',#3694,#3699);
#3694 = TOROIDAL_SURFACE('',#3695,10.,2.);
#3695 = AXIS2_PLACEMENT_3D('',#3696,#3697,#3698);
#3696 = CARTESIAN_POINT('',(168.,2.,159.5));
#3697 = DIRECTION('',(0.,-1.,0.));
#3698 = DIRECTION('',(0.,0.,1.));
#3699 = DEFINITIONAL_REPRESENTATION('',(#3700),#3704);
#3700 = LINE('',#3701,#3702);
#3701 = CARTESIAN_POINT('',(-0.,1.570796326795));
#3702 = VECTOR('',#3703,1.);
#3703 = DIRECTION('',(-1.,0.));
#3704 = ( GEOMETRIC_REPRESENTATION_CONTEXT(2) 
PARAMETRIC_REPRESENTATION_CONTEXT() REPRESENTATION_CONTEXT('2D SPACE',''
  ) );
#3705 = ORIENTED_EDGE('',*,*,#3706,.F.);
#3706 = EDGE_CURVE('',#3707,#3674,#3709,.T.);
#3707 = VERTEX_POINT('',#3708);
#3708 = CARTESIAN_POINT('',(12.,0.,169.5));
#3709 = SURFACE_CURVE('',#3710,(#3714,#3721),.PCURVE_S1.);
#3710 = LINE('',#3711,#3712);
#3711 = CARTESIAN_POINT('',(12.,-4.440892098501E-16,169.5));
#3712 = VECTOR('',#3713,1.);
#3713 = DIRECTION('',(1.,0.,0.));
#3714 = PCURVE('',#3491,#3715);
#3715 = DEFINITIONAL_REPRESENTATION('',(#3716),#3720);
#3716 = LINE('',#3717,#3718);
#3717 = CARTESIAN_POINT('',(-78.,83.75));
#3718 = VECTOR('',#3719,1.);
#3719 = DIRECTION('',(1.,0.));
#3720 = ( GEOMETRIC_REPRESENTATION_CONTEXT(2) 
PARAMETRIC_REPRESENTATION_CONTEXT() REPRESENTATION_CONTEXT('2D SPACE',''
  ) );
#3721 = PCURVE('',#3722,#3727);
#3722 = CYLINDRICAL_SURFACE('',#3723,2.);
#3723 = AXIS2_PLACEMENT_3D('',#3724,#3725,#3726);
#3724 = CARTESIAN_POINT('',(12.,2.,169.5));
#3725 = DIRECTION('',(1.,0.,0.));
#3726 = DIRECTION('',(-0.,0.,1.));
#3727 = DEFINITIONAL_REPRESENTATION('',(#3728),#3732);
#3728 = LINE('',#3729,#3730);
#3729 = CARTESIAN_POINT('',(1.570796326795,0.));
#3730 = VECTOR('',#3731,1.);
#3731 = DIRECTION('',(0.,1.));
#3732 = ( GEOMETRIC_REPRESENTATION_CONTEXT(2) 
PARAMETRIC_REPRESENTATION_CONTEXT() REPRESENTATION_CONTEXT('2D SPACE',''
  ) );
#3733 = ORIENTED_EDGE('',*,*,#3734,.F.);
#3734 = EDGE_CURVE('',#3529,#3707,#3735,.T.);
#3735 = SURFACE_CURVE('',#3736,(#3741,#3752),.PCURVE_S1.);
#3736 = CIRCLE('',#3737,10.);
#3737 = AXIS2_PLACEMENT_3D('',#3738,#3739,#3740);
#3738 = CARTESIAN_POINT('',(12.,0.,159.5));
#3739 = DIRECTION('',(0.,1.,-0.));
#3740 = DIRECTION('',(-1.,0.,0.));
#3741 = PCURVE('',#3491,#3742);
#3742 = DEFINITIONAL_REPRESENTATION('',(#3743),#3751);
#3743 = ( BOUNDED_CURVE() B_SPLINE_CURVE(2,(#3744,#3745,#3746,#3747,
#3748,#3749,#3750),.UNSPECIFIED.,.T.,.F.) B_SPLINE_CURVE_WITH_KNOTS((1,2
    ,2,2,2,1),(-2.094395102393,0.,2.094395102393,4.188790204786,
6.28318530718,8.377580409573),.UNSPECIFIED.) CURVE() 
GEOMETRIC_REPRESENTATION_ITEM() RATIONAL_B_SPLINE_CURVE((1.,0.5,1.,0.5,
1.,0.5,1.)) REPRESENTATION_ITEM('') );
#3744 = CARTESIAN_POINT('',(-88.,73.75));
#3745 = CARTESIAN_POINT('',(-88.,91.070508075689));
#3746 = CARTESIAN_POINT('',(-73.,82.410254037844));
#3747 = CARTESIAN_POINT('',(-58.,73.75));
#3748 = CARTESIAN_POINT('',(-73.,65.089745962156));
#3749 = CARTESIAN_POINT('',(-88.,56.429491924311));
#3750 = CARTESIAN_POINT('',(-88.,73.75));
#3751 = ( GEOMETRIC_REPRESENTATION_CONTEXT(2) 
PARAMETRIC_REPRESENTATION_CONTEXT() REPRESENTATION_CONTEXT('2D SPACE',''
  ) );
#3752 = PCURVE('',#3753,#3758);
#3753 = TOROIDAL_SURFACE('',#3754,10.,2.);
#3754 = AXIS2_PLACEMENT_3D('',#3755,#3756,#3757);
#3755 = CARTESIAN_POINT('',(12.,2.,159.5));
#3756 = DIRECTION('',(0.,-1.,0.));
#3757 = DIRECTION('',(-1.,0.,0.));
#3758 = DEFINITIONAL_REPRESENTATION('',(#3759),#3763);
#3759 = LINE('',#3760,#3761);
#3760 = CARTESIAN_POINT('',(-0.,1.570796326795));
#3761 = VECTOR('',#3762,1.);
#3762 = DIRECTION('',(-1.,0.));
#3763 = ( GEOMETRIC_REPRESENTATION_CONTEXT(2) 
PARAMETRIC_REPRESENTATION_CONTEXT() REPRESENTATION_CONTEXT('2D SPACE',''
  ) );
#3764 = FACE_BOUND('',#3765,.T.);
#3765 = EDGE_LOOP('',(#3766,#3789,#3817,#3838,#3864,#3865,#3893,#3914));
#3766 = ORIENTED_EDGE('',*,*,#3767,.F.);
#3767 = EDGE_CURVE('',#3768,#3770,#3772,.T.);
#3768 = VERTEX_POINT('',#3769);
#3769 = CARTESIAN_POINT('',(55.8,0.,34.81));
#3770 = VERTEX_POINT('',#3771);
#3771 = CARTESIAN_POINT('',(55.8,0.,34.79));
#3772 = SURFACE_CURVE('',#3773,(#3777,#3783),.PCURVE_S1.);
#3773 = LINE('',#3774,#3775);
#3774 = CARTESIAN_POINT('',(55.8,0.,60.27));
#3775 = VECTOR('',#3776,1.);
#3776 = DIRECTION('',(-0.,-0.,-1.));
#3777 = PCURVE('',#3491,#3778);
#3778 = DEFINITIONAL_REPRESENTATION('',(#3779),#3782);
#3779 = B_SPLINE_CURVE_WITH_KNOTS('',1,(#3780,#3781),.UNSPECIFIED.,.F.,
  .F.,(2,2),(25.46,25.48),.PIECEWISE_BEZIER_KNOTS.);
#3780 = CARTESIAN_POINT('',(-34.2,-50.94));
#3781 = CARTESIAN_POINT('',(-34.2,-50.96));
#3782 = ( GEOMETRIC_REPRESENTATION_CONTEXT(2) 
PARAMETRIC_REPRESENTATION_CONTEXT() REPRESENTATION_CONTEXT('2D SPACE',''
  ) );
#3783 = PCURVE('',#3008,#3784);
#3784 = DEFINITIONAL_REPRESENTATION('',(#3785),#3788);
#3785 = B_SPLINE_CURVE_WITH_KNOTS('',1,(#3786,#3787),.UNSPECIFIED.,.F.,
  .F.,(2,2),(25.46,25.48),.PIECEWISE_BEZIER_KNOTS.);
#3786 = CARTESIAN_POINT('',(2.E-02,-3.));
#3787 = CARTESIAN_POINT('',(0.,-3.));
#3788 = ( GEOMETRIC_REPRESENTATION_CONTEXT(2) 
PARAMETRIC_REPRESENTATION_CONTEXT() REPRESENTATION_CONTEXT('2D SPACE',''
  ) );
#3789 = ORIENTED_EDGE('',*,*,#3790,.T.);
#3790 = EDGE_CURVE('',#3768,#3791,#3793,.T.);
#3791 = VERTEX_POINT('',#3792);
#3792 = CARTESIAN_POINT('',(64.49,0.,43.5));
#3793 = SURFACE_CURVE('',#3794,(#3799,#3810),.PCURVE_S1.);
#3794 = CIRCLE('',#3795,8.69);
#3795 = AXIS2_PLACEMENT_3D('',#3796,#3797,#3798);
#3796 = CARTESIAN_POINT('',(64.49,0.,34.81));
#3797 = DIRECTION('',(-0.,1.,0.));
#3798 = DIRECTION('',(1.,0.,0.));
#3799 = PCURVE('',#3491,#3800);
#3800 = DEFINITIONAL_REPRESENTATION('',(#3801),#3809);
#3801 = ( BOUNDED_CURVE() B_SPLINE_CURVE(2,(#3802,#3803,#3804,#3805,
#3806,#3807,#3808),.UNSPECIFIED.,.T.,.F.) B_SPLINE_CURVE_WITH_KNOTS((1,2
    ,2,2,2,1),(-2.094395102393,0.,2.094395102393,4.188790204786,
6.28318530718,8.377580409573),.UNSPECIFIED.) CURVE() 
GEOMETRIC_REPRESENTATION_ITEM() RATIONAL_B_SPLINE_CURVE((1.,0.5,1.,0.5,
1.,0.5,1.)) REPRESENTATION_ITEM('') );
#3802 = CARTESIAN_POINT('',(-16.82,-50.94));
#3803 = CARTESIAN_POINT('',(-16.82,-65.99152151777));
#3804 = CARTESIAN_POINT('',(-29.855,-58.46576075888));
#3805 = CARTESIAN_POINT('',(-42.89,-50.94));
#3806 = CARTESIAN_POINT('',(-29.855,-43.41423924111));
#3807 = CARTESIAN_POINT('',(-16.82,-35.88847848222));
#3808 = CARTESIAN_POINT('',(-16.82,-50.94));
#3809 = ( GEOMETRIC_REPRESENTATION_CONTEXT(2) 
PARAMETRIC_REPRESENTATION_CONTEXT() REPRESENTATION_CONTEXT('2D SPACE',''
  ) );
#3810 = PCURVE('',#3206,#3811);
#3811 = DEFINITIONAL_REPRESENTATION('',(#3812),#3816);
#3812 = LINE('',#3813,#3814);
#3813 = CARTESIAN_POINT('',(-6.28318530718,-3.));
#3814 = VECTOR('',#3815,1.);
#3815 = DIRECTION('',(1.,-0.));
#3816 = ( GEOMETRIC_REPRESENTATION_CONTEXT(2) 
PARAMETRIC_REPRESENTATION_CONTEXT() REPRESENTATION_CONTEXT('2D SPACE',''
  ) );
#3817 = ORIENTED_EDGE('',*,*,#3818,.F.);
#3818 = EDGE_CURVE('',#3819,#3791,#3821,.T.);
#3819 = VERTEX_POINT('',#3820);
#3820 = CARTESIAN_POINT('',(115.51,0.,43.5));
#3821 = SURFACE_CURVE('',#3822,(#3826,#3832),.PCURVE_S1.);
#3822 = LINE('',#3823,#3824);
#3823 = CARTESIAN_POINT('',(77.245,0.,43.5));
#3824 = VECTOR('',#3825,1.);
#3825 = DIRECTION('',(-1.,-0.,0.));
#3826 = PCURVE('',#3491,#3827);
#3827 = DEFINITIONAL_REPRESENTATION('',(#3828),#3831);
#3828 = B_SPLINE_CURVE_WITH_KNOTS('',1,(#3829,#3830),.UNSPECIFIED.,.F.,
  .F.,(2,2),(-38.265,12.755),.PIECEWISE_BEZIER_KNOTS.);
#3829 = CARTESIAN_POINT('',(25.51,-42.25));
#3830 = CARTESIAN_POINT('',(-25.51,-42.25));
#3831 = ( GEOMETRIC_REPRESENTATION_CONTEXT(2) 
PARAMETRIC_REPRESENTATION_CONTEXT() REPRESENTATION_CONTEXT('2D SPACE',''
  ) );
#3832 = PCURVE('',#3179,#3833);
#3833 = DEFINITIONAL_REPRESENTATION('',(#3834),#3837);
#3834 = B_SPLINE_CURVE_WITH_KNOTS('',1,(#3835,#3836),.UNSPECIFIED.,.F.,
  .F.,(2,2),(-38.265,12.755),.PIECEWISE_BEZIER_KNOTS.);
#3835 = CARTESIAN_POINT('',(51.02,-3.));
#3836 = CARTESIAN_POINT('',(0.,-3.));
#3837 = ( GEOMETRIC_REPRESENTATION_CONTEXT(2) 
PARAMETRIC_REPRESENTATION_CONTEXT() REPRESENTATION_CONTEXT('2D SPACE',''
  ) );
#3838 = ORIENTED_EDGE('',*,*,#3839,.T.);
#3839 = EDGE_CURVE('',#3819,#3477,#3840,.T.);
#3840 = SURFACE_CURVE('',#3841,(#3846,#3857),.PCURVE_S1.);
#3841 = CIRCLE('',#3842,8.69);
#3842 = AXIS2_PLACEMENT_3D('',#3843,#3844,#3845);
#3843 = CARTESIAN_POINT('',(115.51,0.,34.81));
#3844 = DIRECTION('',(-0.,1.,0.));
#3845 = DIRECTION('',(1.,0.,0.));
#3846 = PCURVE('',#3491,#3847);
#3847 = DEFINITIONAL_REPRESENTATION('',(#3848),#3856);
#3848 = ( BOUNDED_CURVE() B_SPLINE_CURVE(2,(#3849,#3850,#3851,#3852,
#3853,#3854,#3855),.UNSPECIFIED.,.T.,.F.) B_SPLINE_CURVE_WITH_KNOTS((1,2
    ,2,2,2,1),(-2.094395102393,0.,2.094395102393,4.188790204786,
6.28318530718,8.377580409573),.UNSPECIFIED.) CURVE() 
GEOMETRIC_REPRESENTATION_ITEM() RATIONAL_B_SPLINE_CURVE((1.,0.5,1.,0.5,
1.,0.5,1.)) REPRESENTATION_ITEM('') );
#3849 = CARTESIAN_POINT('',(34.2,-50.94));
#3850 = CARTESIAN_POINT('',(34.2,-65.99152151777));
#3851 = CARTESIAN_POINT('',(21.165,-58.46576075888));
#3852 = CARTESIAN_POINT('',(8.13,-50.94));
#3853 = CARTESIAN_POINT('',(21.165,-43.41423924111));
#3854 = CARTESIAN_POINT('',(34.2,-35.88847848222));
#3855 = CARTESIAN_POINT('',(34.2,-50.94));
#3856 = ( GEOMETRIC_REPRESENTATION_CONTEXT(2) 
PARAMETRIC_REPRESENTATION_CONTEXT() REPRESENTATION_CONTEXT('2D SPACE',''
  ) );
#3857 = PCURVE('',#3151,#3858);
#3858 = DEFINITIONAL_REPRESENTATION('',(#3859),#3863);
#3859 = LINE('',#3860,#3861);
#3860 = CARTESIAN_POINT('',(-6.28318530718,-3.));
#3861 = VECTOR('',#3862,1.);
#3862 = DIRECTION('',(1.,-0.));
#3863 = ( GEOMETRIC_REPRESENTATION_CONTEXT(2) 
PARAMETRIC_REPRESENTATION_CONTEXT() REPRESENTATION_CONTEXT('2D SPACE',''
  ) );
#3864 = ORIENTED_EDGE('',*,*,#3476,.T.);
#3865 = ORIENTED_EDGE('',*,*,#3866,.T.);
#3866 = EDGE_CURVE('',#3454,#3867,#3869,.T.);
#3867 = VERTEX_POINT('',#3868);
#3868 = CARTESIAN_POINT('',(115.51,0.,26.1));
#3869 = SURFACE_CURVE('',#3870,(#3875,#3886),.PCURVE_S1.);
#3870 = CIRCLE('',#3871,8.69);
#3871 = AXIS2_PLACEMENT_3D('',#3872,#3873,#3874);
#3872 = CARTESIAN_POINT('',(115.51,0.,34.79));
#3873 = DIRECTION('',(-0.,1.,0.));
#3874 = DIRECTION('',(1.,0.,0.));
#3875 = PCURVE('',#3491,#3876);
#3876 = DEFINITIONAL_REPRESENTATION('',(#3877),#3885);
#3877 = ( BOUNDED_CURVE() B_SPLINE_CURVE(2,(#3878,#3879,#3880,#3881,
#3882,#3883,#3884),.UNSPECIFIED.,.T.,.F.) B_SPLINE_CURVE_WITH_KNOTS((1,2
    ,2,2,2,1),(-2.094395102393,0.,2.094395102393,4.188790204786,
6.28318530718,8.377580409573),.UNSPECIFIED.) CURVE() 
GEOMETRIC_REPRESENTATION_ITEM() RATIONAL_B_SPLINE_CURVE((1.,0.5,1.,0.5,
1.,0.5,1.)) REPRESENTATION_ITEM('') );
#3878 = CARTESIAN_POINT('',(34.2,-50.96));
#3879 = CARTESIAN_POINT('',(34.2,-66.01152151777));
#3880 = CARTESIAN_POINT('',(21.165,-58.48576075888));
#3881 = CARTESIAN_POINT('',(8.13,-50.96));
#3882 = CARTESIAN_POINT('',(21.165,-43.43423924111));
#3883 = CARTESIAN_POINT('',(34.2,-35.90847848222));
#3884 = CARTESIAN_POINT('',(34.2,-50.96));
#3885 = ( GEOMETRIC_REPRESENTATION_CONTEXT(2) 
PARAMETRIC_REPRESENTATION_CONTEXT() REPRESENTATION_CONTEXT('2D SPACE',''
  ) );
#3886 = PCURVE('',#3094,#3887);
#3887 = DEFINITIONAL_REPRESENTATION('',(#3888),#3892);
#3888 = LINE('',#3889,#3890);
#3889 = CARTESIAN_POINT('',(-6.28318530718,-3.));
#3890 = VECTOR('',#3891,1.);
#3891 = DIRECTION('',(1.,-0.));
#3892 = ( GEOMETRIC_REPRESENTATION_CONTEXT(2) 
PARAMETRIC_REPRESENTATION_CONTEXT() REPRESENTATION_CONTEXT('2D SPACE',''
  ) );
#3893 = ORIENTED_EDGE('',*,*,#3894,.T.);
#3894 = EDGE_CURVE('',#3867,#3895,#3897,.T.);
#3895 = VERTEX_POINT('',#3896);
#3896 = CARTESIAN_POINT('',(64.49,0.,26.1));
#3897 = SURFACE_CURVE('',#3898,(#3902,#3908),.PCURVE_S1.);
#3898 = LINE('',#3899,#3900);
#3899 = CARTESIAN_POINT('',(77.245,0.,26.1));
#3900 = VECTOR('',#3901,1.);
#3901 = DIRECTION('',(-1.,-0.,0.));
#3902 = PCURVE('',#3491,#3903);
#3903 = DEFINITIONAL_REPRESENTATION('',(#3904),#3907);
#3904 = B_SPLINE_CURVE_WITH_KNOTS('',1,(#3905,#3906),.UNSPECIFIED.,.F.,
  .F.,(2,2),(-38.265,12.755),.PIECEWISE_BEZIER_KNOTS.);
#3905 = CARTESIAN_POINT('',(25.51,-59.65));
#3906 = CARTESIAN_POINT('',(-25.51,-59.65));
#3907 = ( GEOMETRIC_REPRESENTATION_CONTEXT(2) 
PARAMETRIC_REPRESENTATION_CONTEXT() REPRESENTATION_CONTEXT('2D SPACE',''
  ) );
#3908 = PCURVE('',#3065,#3909);
#3909 = DEFINITIONAL_REPRESENTATION('',(#3910),#3913);
#3910 = B_SPLINE_CURVE_WITH_KNOTS('',1,(#3911,#3912),.UNSPECIFIED.,.F.,
  .F.,(2,2),(-38.265,12.755),.PIECEWISE_BEZIER_KNOTS.);
#3911 = CARTESIAN_POINT('',(51.02,-3.));
#3912 = CARTESIAN_POINT('',(0.,-3.));
#3913 = ( GEOMETRIC_REPRESENTATION_CONTEXT(2) 
PARAMETRIC_REPRESENTATION_CONTEXT() REPRESENTATION_CONTEXT('2D SPACE',''
  ) );
#3914 = ORIENTED_EDGE('',*,*,#3915,.T.);
#3915 = EDGE_CURVE('',#3895,#3770,#3916,.T.);
#3916 = SURFACE_CURVE('',#3917,(#3922,#3933),.PCURVE_S1.);
#3917 = CIRCLE('',#3918,8.69);
#3918 = AXIS2_PLACEMENT_3D('',#3919,#3920,#3921);
#3919 = CARTESIAN_POINT('',(64.49,0.,34.79));
#3920 = DIRECTION('',(-0.,1.,0.));
#3921 = DIRECTION('',(1.,0.,0.));
#3922 = PCURVE('',#3491,#3923);
#3923 = DEFINITIONAL_REPRESENTATION('',(#3924),#3932);
#3924 = ( BOUNDED_CURVE() B_SPLINE_CURVE(2,(#3925,#3926,#3927,#3928,
#3929,#3930,#3931),.UNSPECIFIED.,.T.,.F.) B_SPLINE_CURVE_WITH_KNOTS((1,2
    ,2,2,2,1),(-2.094395102393,0.,2.094395102393,4.188790204786,
6.28318530718,8.377580409573),.UNSPECIFIED.) CURVE() 
GEOMETRIC_REPRESENTATION_ITEM() RATIONAL_B_SPLINE_CURVE((1.,0.5,1.,0.5,
1.,0.5,1.)) REPRESENTATION_ITEM('') );
#3925 = CARTESIAN_POINT('',(-16.82,-50.96));
#3926 = CARTESIAN_POINT('',(-16.82,-66.01152151777));
#3927 = CARTESIAN_POINT('',(-29.855,-58.48576075888));
#3928 = CARTESIAN_POINT('',(-42.89,-50.96));
#3929 = CARTESIAN_POINT('',(-29.855,-43.43423924111));
#3930 = CARTESIAN_POINT('',(-16.82,-35.90847848222));
#3931 = CARTESIAN_POINT('',(-16.82,-50.96));
#3932 = ( GEOMETRIC_REPRESENTATION_CONTEXT(2) 
PARAMETRIC_REPRESENTATION_CONTEXT() REPRESENTATION_CONTEXT('2D SPACE',''
  ) );
#3933 = PCURVE('',#3037,#3934);
#3934 = DEFINITIONAL_REPRESENTATION('',(#3935),#3939);
#3935 = LINE('',#3936,#3937);
#3936 = CARTESIAN_POINT('',(-6.28318530718,-3.));
#3937 = VECTOR('',#3938,1.);
#3938 = DIRECTION('',(1.,-0.));
#3939 = ( GEOMETRIC_REPRESENTATION_CONTEXT(2) 
PARAMETRIC_REPRESENTATION_CONTEXT() REPRESENTATION_CONTEXT('2D SPACE',''
  ) );
#3940 = FACE_BOUND('',#3941,.T.);
#3941 = EDGE_LOOP('',(#3942,#3970,#4003,#4024,#4045,#4078,#4104,#4137,
    #4158,#4179,#4212,#4238,#4271,#4297));
#3942 = ORIENTED_EDGE('',*,*,#3943,.F.);
#3943 = EDGE_CURVE('',#3944,#3946,#3948,.T.);
#3944 = VERTEX_POINT('',#3945);
#3945 = CARTESIAN_POINT('',(3.8,0.,159.5));
#3946 = VERTEX_POINT('',#3947);
#3947 = CARTESIAN_POINT('',(3.8,0.,55.));
#3948 = SURFACE_CURVE('',#3949,(#3953,#3959),.PCURVE_S1.);
#3949 = LINE('',#3950,#3951);
#3950 = CARTESIAN_POINT('',(3.8,0.,70.375));
#3951 = VECTOR('',#3952,1.);
#3952 = DIRECTION('',(-0.,-0.,-1.));
#3953 = PCURVE('',#3491,#3954);
#3954 = DEFINITIONAL_REPRESENTATION('',(#3955),#3958);
#3955 = B_SPLINE_CURVE_WITH_KNOTS('',1,(#3956,#3957),.UNSPECIFIED.,.F.,
  .F.,(2,2),(-89.125,15.375),.PIECEWISE_BEZIER_KNOTS.);
#3956 = CARTESIAN_POINT('',(-86.2,73.75));
#3957 = CARTESIAN_POINT('',(-86.2,-30.75));
#3958 = ( GEOMETRIC_REPRESENTATION_CONTEXT(2) 
PARAMETRIC_REPRESENTATION_CONTEXT() REPRESENTATION_CONTEXT('2D SPACE',''
  ) );
#3959 = PCURVE('',#3960,#3965);
#3960 = PLANE('',#3961);
#3961 = AXIS2_PLACEMENT_3D('',#3962,#3963,#3964);
#3962 = CARTESIAN_POINT('',(3.8,3.,55.));
#3963 = DIRECTION('',(-1.,0.,0.));
#3964 = DIRECTION('',(0.,0.,1.));
#3965 = DEFINITIONAL_REPRESENTATION('',(#3966),#3969);
#3966 = B_SPLINE_CURVE_WITH_KNOTS('',1,(#3967,#3968),.UNSPECIFIED.,.F.,
  .F.,(2,2),(-89.125,15.375),.PIECEWISE_BEZIER_KNOTS.);
#3967 = CARTESIAN_POINT('',(104.5,-3.));
#3968 = CARTESIAN_POINT('',(0.,-3.));
#3969 = ( GEOMETRIC_REPRESENTATION_CONTEXT(2) 
PARAMETRIC_REPRESENTATION_CONTEXT() REPRESENTATION_CONTEXT('2D SPACE',''
  ) );
#3970 = ORIENTED_EDGE('',*,*,#3971,.T.);
#3971 = EDGE_CURVE('',#3944,#3972,#3974,.T.);
#3972 = VERTEX_POINT('',#3973);
#3973 = CARTESIAN_POINT('',(5.,0.,163.77083130081));
#3974 = SURFACE_CURVE('',#3975,(#3980,#3991),.PCURVE_S1.);
#3975 = CIRCLE('',#3976,8.2);
#3976 = AXIS2_PLACEMENT_3D('',#3977,#3978,#3979);
#3977 = CARTESIAN_POINT('',(12.,0.,159.5));
#3978 = DIRECTION('',(-0.,1.,0.));
#3979 = DIRECTION('',(1.,0.,0.));
#3980 = PCURVE('',#3491,#3981);
#3981 = DEFINITIONAL_REPRESENTATION('',(#3982),#3990);
#3982 = ( BOUNDED_CURVE() B_SPLINE_CURVE(2,(#3983,#3984,#3985,#3986,
#3987,#3988,#3989),.UNSPECIFIED.,.T.,.F.) B_SPLINE_CURVE_WITH_KNOTS((1,2
    ,2,2,2,1),(-2.094395102393,0.,2.094395102393,4.188790204786,
6.28318530718,8.377580409573),.UNSPECIFIED.) CURVE() 
GEOMETRIC_REPRESENTATION_ITEM() RATIONAL_B_SPLINE_CURVE((1.,0.5,1.,0.5,
1.,0.5,1.)) REPRESENTATION_ITEM('') );
#3983 = CARTESIAN_POINT('',(-69.8,73.75));
#3984 = CARTESIAN_POINT('',(-69.8,59.547183377935));
#3985 = CARTESIAN_POINT('',(-82.1,66.648591688968));
#3986 = CARTESIAN_POINT('',(-94.4,73.75));
#3987 = CARTESIAN_POINT('',(-82.1,80.851408311032));
#3988 = CARTESIAN_POINT('',(-69.8,87.952816622065));
#3989 = CARTESIAN_POINT('',(-69.8,73.75));
#3990 = ( GEOMETRIC_REPRESENTATION_CONTEXT(2) 
PARAMETRIC_REPRESENTATION_CONTEXT() REPRESENTATION_CONTEXT('2D SPACE',''
  ) );
#3991 = PCURVE('',#3992,#3997);
#3992 = CYLINDRICAL_SURFACE('',#3993,8.2);
#3993 = AXIS2_PLACEMENT_3D('',#3994,#3995,#3996);
#3994 = CARTESIAN_POINT('',(12.,3.,159.5));
#3995 = DIRECTION('',(-0.,1.,-0.));
#3996 = DIRECTION('',(1.,0.,0.));
#3997 = DEFINITIONAL_REPRESENTATION('',(#3998),#4002);
#3998 = LINE('',#3999,#4000);
#3999 = CARTESIAN_POINT('',(-6.28318530718,-3.));
#4000 = VECTOR('',#4001,1.);
#4001 = DIRECTION('',(1.,-0.));
#4002 = ( GEOMETRIC_REPRESENTATION_CONTEXT(2) 
PARAMETRIC_REPRESENTATION_CONTEXT() REPRESENTATION_CONTEXT('2D SPACE',''
  ) );
#4003 = ORIENTED_EDGE('',*,*,#4004,.T.);
#4004 = EDGE_CURVE('',#3972,#4005,#4007,.T.);
#4005 = VERTEX_POINT('',#4006);
#4006 = CARTESIAN_POINT('',(5.,0.,164.));
#4007 = SURFACE_CURVE('',#4008,(#4012,#4018),.PCURVE_S1.);
#4008 = LINE('',#4009,#4010);
#4009 = CARTESIAN_POINT('',(5.,0.,68.375));
#4010 = VECTOR('',#4011,1.);
#4011 = DIRECTION('',(0.,0.,1.));
#4012 = PCURVE('',#3491,#4013);
#4013 = DEFINITIONAL_REPRESENTATION('',(#4014),#4017);
#4014 = B_SPLINE_CURVE_WITH_KNOTS('',1,(#4015,#4016),.UNSPECIFIED.,.F.,
  .F.,(2,2),(-17.375,95.625),.PIECEWISE_BEZIER_KNOTS.);
#4015 = CARTESIAN_POINT('',(-85.,-34.75));
#4016 = CARTESIAN_POINT('',(-85.,78.25));
#4017 = ( GEOMETRIC_REPRESENTATION_CONTEXT(2) 
PARAMETRIC_REPRESENTATION_CONTEXT() REPRESENTATION_CONTEXT('2D SPACE',''
  ) );
#4018 = PCURVE('',#1973,#4019);
#4019 = DEFINITIONAL_REPRESENTATION('',(#4020),#4023);
#4020 = B_SPLINE_CURVE_WITH_KNOTS('',1,(#4021,#4022),.UNSPECIFIED.,.F.,
  .F.,(2,2),(-17.375,95.625),.PIECEWISE_BEZIER_KNOTS.);
#4021 = CARTESIAN_POINT('',(0.,-1.));
#4022 = CARTESIAN_POINT('',(113.,-1.));
#4023 = ( GEOMETRIC_REPRESENTATION_CONTEXT(2) 
PARAMETRIC_REPRESENTATION_CONTEXT() REPRESENTATION_CONTEXT('2D SPACE',''
  ) );
#4024 = ORIENTED_EDGE('',*,*,#4025,.F.);
#4025 = EDGE_CURVE('',#4026,#4005,#4028,.T.);
#4026 = VERTEX_POINT('',#4027);
#4027 = CARTESIAN_POINT('',(5.145074763354,0.,164.));
#4028 = SURFACE_CURVE('',#4029,(#4033,#4039),.PCURVE_S1.);
#4029 = LINE('',#4030,#4031);
#4030 = CARTESIAN_POINT('',(47.5,0.,164.));
#4031 = VECTOR('',#4032,1.);
#4032 = DIRECTION('',(-1.,0.,0.));
#4033 = PCURVE('',#3491,#4034);
#4034 = DEFINITIONAL_REPRESENTATION('',(#4035),#4038);
#4035 = B_SPLINE_CURVE_WITH_KNOTS('',1,(#4036,#4037),.UNSPECIFIED.,.F.,
  .F.,(2,2),(-127.5,42.5),.PIECEWISE_BEZIER_KNOTS.);
#4036 = CARTESIAN_POINT('',(85.,78.25));
#4037 = CARTESIAN_POINT('',(-85.,78.25));
#4038 = ( GEOMETRIC_REPRESENTATION_CONTEXT(2) 
PARAMETRIC_REPRESENTATION_CONTEXT() REPRESENTATION_CONTEXT('2D SPACE',''
  ) );
#4039 = PCURVE('',#1579,#4040);
#4040 = DEFINITIONAL_REPRESENTATION('',(#4041),#4044);
#4041 = B_SPLINE_CURVE_WITH_KNOTS('',1,(#4042,#4043),.UNSPECIFIED.,.F.,
  .F.,(2,2),(-127.5,42.5),.PIECEWISE_BEZIER_KNOTS.);
#4042 = CARTESIAN_POINT('',(170.,1.));
#4043 = CARTESIAN_POINT('',(0.,1.));
#4044 = ( GEOMETRIC_REPRESENTATION_CONTEXT(2) 
PARAMETRIC_REPRESENTATION_CONTEXT() REPRESENTATION_CONTEXT('2D SPACE',''
  ) );
#4045 = ORIENTED_EDGE('',*,*,#4046,.T.);
#4046 = EDGE_CURVE('',#4026,#4047,#4049,.T.);
#4047 = VERTEX_POINT('',#4048);
#4048 = CARTESIAN_POINT('',(12.,0.,167.7));
#4049 = SURFACE_CURVE('',#4050,(#4055,#4066),.PCURVE_S1.);
#4050 = CIRCLE('',#4051,8.2);
#4051 = AXIS2_PLACEMENT_3D('',#4052,#4053,#4054);
#4052 = CARTESIAN_POINT('',(12.,0.,159.5));
#4053 = DIRECTION('',(-0.,1.,0.));
#4054 = DIRECTION('',(1.,0.,0.));
#4055 = PCURVE('',#3491,#4056);
#4056 = DEFINITIONAL_REPRESENTATION('',(#4057),#4065);
#4057 = ( BOUNDED_CURVE() B_SPLINE_CURVE(2,(#4058,#4059,#4060,#4061,
#4062,#4063,#4064),.UNSPECIFIED.,.T.,.F.) B_SPLINE_CURVE_WITH_KNOTS((1,2
    ,2,2,2,1),(-2.094395102393,0.,2.094395102393,4.188790204786,
6.28318530718,8.377580409573),.UNSPECIFIED.) CURVE() 
GEOMETRIC_REPRESENTATION_ITEM() RATIONAL_B_SPLINE_CURVE((1.,0.5,1.,0.5,
1.,0.5,1.)) REPRESENTATION_ITEM('') );
#4058 = CARTESIAN_POINT('',(-69.8,73.75));
#4059 = CARTESIAN_POINT('',(-69.8,59.547183377935));
#4060 = CARTESIAN_POINT('',(-82.1,66.648591688968));
#4061 = CARTESIAN_POINT('',(-94.4,73.75));
#4062 = CARTESIAN_POINT('',(-82.1,80.851408311032));
#4063 = CARTESIAN_POINT('',(-69.8,87.952816622065));
#4064 = CARTESIAN_POINT('',(-69.8,73.75));
#4065 = ( GEOMETRIC_REPRESENTATION_CONTEXT(2) 
PARAMETRIC_REPRESENTATION_CONTEXT() REPRESENTATION_CONTEXT('2D SPACE',''
  ) );
#4066 = PCURVE('',#4067,#4072);
#4067 = CYLINDRICAL_SURFACE('',#4068,8.2);
#4068 = AXIS2_PLACEMENT_3D('',#4069,#4070,#4071);
#4069 = CARTESIAN_POINT('',(12.,3.,159.5));
#4070 = DIRECTION('',(-0.,1.,-0.));
#4071 = DIRECTION('',(1.,0.,0.));
#4072 = DEFINITIONAL_REPRESENTATION('',(#4073),#4077);
#4073 = LINE('',#4074,#4075);
#4074 = CARTESIAN_POINT('',(-6.28318530718,-3.));
#4075 = VECTOR('',#4076,1.);
#4076 = DIRECTION('',(1.,-0.));
#4077 = ( GEOMETRIC_REPRESENTATION_CONTEXT(2) 
PARAMETRIC_REPRESENTATION_CONTEXT() REPRESENTATION_CONTEXT('2D SPACE',''
  ) );
#4078 = ORIENTED_EDGE('',*,*,#4079,.F.);
#4079 = EDGE_CURVE('',#4080,#4047,#4082,.T.);
#4080 = VERTEX_POINT('',#4081);
#4081 = CARTESIAN_POINT('',(168.,0.,167.7));
#4082 = SURFACE_CURVE('',#4083,(#4087,#4093),.PCURVE_S1.);
#4083 = LINE('',#4084,#4085);
#4084 = CARTESIAN_POINT('',(51.,0.,167.7));
#4085 = VECTOR('',#4086,1.);
#4086 = DIRECTION('',(-1.,-0.,0.));
#4087 = PCURVE('',#3491,#4088);
#4088 = DEFINITIONAL_REPRESENTATION('',(#4089),#4092);
#4089 = B_SPLINE_CURVE_WITH_KNOTS('',1,(#4090,#4091),.UNSPECIFIED.,.F.,
  .F.,(2,2),(-117.,39.),.PIECEWISE_BEZIER_KNOTS.);
#4090 = CARTESIAN_POINT('',(78.,81.95));
#4091 = CARTESIAN_POINT('',(-78.,81.95));
#4092 = ( GEOMETRIC_REPRESENTATION_CONTEXT(2) 
PARAMETRIC_REPRESENTATION_CONTEXT() REPRESENTATION_CONTEXT('2D SPACE',''
  ) );
#4093 = PCURVE('',#4094,#4099);
#4094 = PLANE('',#4095);
#4095 = AXIS2_PLACEMENT_3D('',#4096,#4097,#4098);
#4096 = CARTESIAN_POINT('',(12.,3.,167.7));
#4097 = DIRECTION('',(-0.,0.,1.));
#4098 = DIRECTION('',(1.,0.,0.));
#4099 = DEFINITIONAL_REPRESENTATION('',(#4100),#4103);
#4100 = B_SPLINE_CURVE_WITH_KNOTS('',1,(#4101,#4102),.UNSPECIFIED.,.F.,
  .F.,(2,2),(-117.,39.),.PIECEWISE_BEZIER_KNOTS.);
#4101 = CARTESIAN_POINT('',(156.,-3.));
#4102 = CARTESIAN_POINT('',(0.,-3.));
#4103 = ( GEOMETRIC_REPRESENTATION_CONTEXT(2) 
PARAMETRIC_REPRESENTATION_CONTEXT() REPRESENTATION_CONTEXT('2D SPACE',''
  ) );
#4104 = ORIENTED_EDGE('',*,*,#4105,.T.);
#4105 = EDGE_CURVE('',#4080,#4106,#4108,.T.);
#4106 = VERTEX_POINT('',#4107);
#4107 = CARTESIAN_POINT('',(174.85492523664,0.,164.));
#4108 = SURFACE_CURVE('',#4109,(#4114,#4125),.PCURVE_S1.);
#4109 = CIRCLE('',#4110,8.2);
#4110 = AXIS2_PLACEMENT_3D('',#4111,#4112,#4113);
#4111 = CARTESIAN_POINT('',(168.,0.,159.5));
#4112 = DIRECTION('',(-0.,1.,0.));
#4113 = DIRECTION('',(1.,0.,0.));
#4114 = PCURVE('',#3491,#4115);
#4115 = DEFINITIONAL_REPRESENTATION('',(#4116),#4124);
#4116 = ( BOUNDED_CURVE() B_SPLINE_CURVE(2,(#4117,#4118,#4119,#4120,
#4121,#4122,#4123),.UNSPECIFIED.,.T.,.F.) B_SPLINE_CURVE_WITH_KNOTS((1,2
    ,2,2,2,1),(-2.094395102393,0.,2.094395102393,4.188790204786,
6.28318530718,8.377580409573),.UNSPECIFIED.) CURVE() 
GEOMETRIC_REPRESENTATION_ITEM() RATIONAL_B_SPLINE_CURVE((1.,0.5,1.,0.5,
1.,0.5,1.)) REPRESENTATION_ITEM('') );
#4117 = CARTESIAN_POINT('',(86.2,73.75));
#4118 = CARTESIAN_POINT('',(86.2,59.547183377935));
#4119 = CARTESIAN_POINT('',(73.9,66.648591688968));
#4120 = CARTESIAN_POINT('',(61.6,73.75));
#4121 = CARTESIAN_POINT('',(73.9,80.851408311032));
#4122 = CARTESIAN_POINT('',(86.2,87.952816622065));
#4123 = CARTESIAN_POINT('',(86.2,73.75));
#4124 = ( GEOMETRIC_REPRESENTATION_CONTEXT(2) 
PARAMETRIC_REPRESENTATION_CONTEXT() REPRESENTATION_CONTEXT('2D SPACE',''
  ) );
#4125 = PCURVE('',#4126,#4131);
#4126 = CYLINDRICAL_SURFACE('',#4127,8.2);
#4127 = AXIS2_PLACEMENT_3D('',#4128,#4129,#4130);
#4128 = CARTESIAN_POINT('',(168.,3.,159.5));
#4129 = DIRECTION('',(-0.,1.,-0.));
#4130 = DIRECTION('',(1.,0.,0.));
#4131 = DEFINITIONAL_REPRESENTATION('',(#4132),#4136);
#4132 = LINE('',#4133,#4134);
#4133 = CARTESIAN_POINT('',(-6.28318530718,-3.));
#4134 = VECTOR('',#4135,1.);
#4135 = DIRECTION('',(1.,-0.));
#4136 = ( GEOMETRIC_REPRESENTATION_CONTEXT(2) 
PARAMETRIC_REPRESENTATION_CONTEXT() REPRESENTATION_CONTEXT('2D SPACE',''
  ) );
#4137 = ORIENTED_EDGE('',*,*,#4138,.F.);
#4138 = EDGE_CURVE('',#4139,#4106,#4141,.T.);
#4139 = VERTEX_POINT('',#4140);
#4140 = CARTESIAN_POINT('',(175.,0.,164.));
#4141 = SURFACE_CURVE('',#4142,(#4146,#4152),.PCURVE_S1.);
#4142 = LINE('',#4143,#4144);
#4143 = CARTESIAN_POINT('',(47.5,0.,164.));
#4144 = VECTOR('',#4145,1.);
#4145 = DIRECTION('',(-1.,0.,0.));
#4146 = PCURVE('',#3491,#4147);
#4147 = DEFINITIONAL_REPRESENTATION('',(#4148),#4151);
#4148 = B_SPLINE_CURVE_WITH_KNOTS('',1,(#4149,#4150),.UNSPECIFIED.,.F.,
  .F.,(2,2),(-127.5,42.5),.PIECEWISE_BEZIER_KNOTS.);
#4149 = CARTESIAN_POINT('',(85.,78.25));
#4150 = CARTESIAN_POINT('',(-85.,78.25));
#4151 = ( GEOMETRIC_REPRESENTATION_CONTEXT(2) 
PARAMETRIC_REPRESENTATION_CONTEXT() REPRESENTATION_CONTEXT('2D SPACE',''
  ) );
#4152 = PCURVE('',#1579,#4153);
#4153 = DEFINITIONAL_REPRESENTATION('',(#4154),#4157);
#4154 = B_SPLINE_CURVE_WITH_KNOTS('',1,(#4155,#4156),.UNSPECIFIED.,.F.,
  .F.,(2,2),(-127.5,42.5),.PIECEWISE_BEZIER_KNOTS.);
#4155 = CARTESIAN_POINT('',(170.,1.));
#4156 = CARTESIAN_POINT('',(0.,1.));
#4157 = ( GEOMETRIC_REPRESENTATION_CONTEXT(2) 
PARAMETRIC_REPRESENTATION_CONTEXT() REPRESENTATION_CONTEXT('2D SPACE',''
  ) );
#4158 = ORIENTED_EDGE('',*,*,#4159,.F.);
#4159 = EDGE_CURVE('',#4160,#4139,#4162,.T.);
#4160 = VERTEX_POINT('',#4161);
#4161 = CARTESIAN_POINT('',(175.,0.,163.77083130081));
#4162 = SURFACE_CURVE('',#4163,(#4167,#4173),.PCURVE_S1.);
#4163 = LINE('',#4164,#4165);
#4164 = CARTESIAN_POINT('',(175.,0.,68.375));
#4165 = VECTOR('',#4166,1.);
#4166 = DIRECTION('',(0.,0.,1.));
#4167 = PCURVE('',#3491,#4168);
#4168 = DEFINITIONAL_REPRESENTATION('',(#4169),#4172);
#4169 = B_SPLINE_CURVE_WITH_KNOTS('',1,(#4170,#4171),.UNSPECIFIED.,.F.,
  .F.,(2,2),(-17.375,95.625),.PIECEWISE_BEZIER_KNOTS.);
#4170 = CARTESIAN_POINT('',(85.,-34.75));
#4171 = CARTESIAN_POINT('',(85.,78.25));
#4172 = ( GEOMETRIC_REPRESENTATION_CONTEXT(2) 
PARAMETRIC_REPRESENTATION_CONTEXT() REPRESENTATION_CONTEXT('2D SPACE',''
  ) );
#4173 = PCURVE('',#1605,#4174);
#4174 = DEFINITIONAL_REPRESENTATION('',(#4175),#4178);
#4175 = B_SPLINE_CURVE_WITH_KNOTS('',1,(#4176,#4177),.UNSPECIFIED.,.F.,
  .F.,(2,2),(-17.375,95.625),.PIECEWISE_BEZIER_KNOTS.);
#4176 = CARTESIAN_POINT('',(0.,-1.));
#4177 = CARTESIAN_POINT('',(113.,-1.));
#4178 = ( GEOMETRIC_REPRESENTATION_CONTEXT(2) 
PARAMETRIC_REPRESENTATION_CONTEXT() REPRESENTATION_CONTEXT('2D SPACE',''
  ) );
#4179 = ORIENTED_EDGE('',*,*,#4180,.T.);
#4180 = EDGE_CURVE('',#4160,#4181,#4183,.T.);
#4181 = VERTEX_POINT('',#4182);
#4182 = CARTESIAN_POINT('',(176.2,0.,159.5));
#4183 = SURFACE_CURVE('',#4184,(#4189,#4200),.PCURVE_S1.);
#4184 = CIRCLE('',#4185,8.2);
#4185 = AXIS2_PLACEMENT_3D('',#4186,#4187,#4188);
#4186 = CARTESIAN_POINT('',(168.,0.,159.5));
#4187 = DIRECTION('',(-0.,1.,0.));
#4188 = DIRECTION('',(1.,0.,0.));
#4189 = PCURVE('',#3491,#4190);
#4190 = DEFINITIONAL_REPRESENTATION('',(#4191),#4199);
#4191 = ( BOUNDED_CURVE() B_SPLINE_CURVE(2,(#4192,#4193,#4194,#4195,
#4196,#4197,#4198),.UNSPECIFIED.,.T.,.F.) B_SPLINE_CURVE_WITH_KNOTS((1,2
    ,2,2,2,1),(-2.094395102393,0.,2.094395102393,4.188790204786,
6.28318530718,8.377580409573),.UNSPECIFIED.) CURVE() 
GEOMETRIC_REPRESENTATION_ITEM() RATIONAL_B_SPLINE_CURVE((1.,0.5,1.,0.5,
1.,0.5,1.)) REPRESENTATION_ITEM('') );
#4192 = CARTESIAN_POINT('',(86.2,73.75));
#4193 = CARTESIAN_POINT('',(86.2,59.547183377935));
#4194 = CARTESIAN_POINT('',(73.9,66.648591688968));
#4195 = CARTESIAN_POINT('',(61.6,73.75));
#4196 = CARTESIAN_POINT('',(73.9,80.851408311032));
#4197 = CARTESIAN_POINT('',(86.2,87.952816622065));
#4198 = CARTESIAN_POINT('',(86.2,73.75));
#4199 = ( GEOMETRIC_REPRESENTATION_CONTEXT(2) 
PARAMETRIC_REPRESENTATION_CONTEXT() REPRESENTATION_CONTEXT('2D SPACE',''
  ) );
#4200 = PCURVE('',#4201,#4206);
#4201 = CYLINDRICAL_SURFACE('',#4202,8.2);
#4202 = AXIS2_PLACEMENT_3D('',#4203,#4204,#4205);
#4203 = CARTESIAN_POINT('',(168.,3.,159.5));
#4204 = DIRECTION('',(-0.,1.,-0.));
#4205 = DIRECTION('',(1.,0.,0.));
#4206 = DEFINITIONAL_REPRESENTATION('',(#4207),#4211);
#4207 = LINE('',#4208,#4209);
#4208 = CARTESIAN_POINT('',(-6.28318530718,-3.));
#4209 = VECTOR('',#4210,1.);
#4210 = DIRECTION('',(1.,-0.));
#4211 = ( GEOMETRIC_REPRESENTATION_CONTEXT(2) 
PARAMETRIC_REPRESENTATION_CONTEXT() REPRESENTATION_CONTEXT('2D SPACE',''
  ) );
#4212 = ORIENTED_EDGE('',*,*,#4213,.T.);
#4213 = EDGE_CURVE('',#4181,#4214,#4216,.T.);
#4214 = VERTEX_POINT('',#4215);
#4215 = CARTESIAN_POINT('',(176.2,0.,55.));
#4216 = SURFACE_CURVE('',#4217,(#4221,#4227),.PCURVE_S1.);
#4217 = LINE('',#4218,#4219);
#4218 = CARTESIAN_POINT('',(176.2,0.,70.375));
#4219 = VECTOR('',#4220,1.);
#4220 = DIRECTION('',(-0.,-0.,-1.));
#4221 = PCURVE('',#3491,#4222);
#4222 = DEFINITIONAL_REPRESENTATION('',(#4223),#4226);
#4223 = B_SPLINE_CURVE_WITH_KNOTS('',1,(#4224,#4225),.UNSPECIFIED.,.F.,
  .F.,(2,2),(-89.125,15.375),.PIECEWISE_BEZIER_KNOTS.);
#4224 = CARTESIAN_POINT('',(86.2,73.75));
#4225 = CARTESIAN_POINT('',(86.2,-30.75));
#4226 = ( GEOMETRIC_REPRESENTATION_CONTEXT(2) 
PARAMETRIC_REPRESENTATION_CONTEXT() REPRESENTATION_CONTEXT('2D SPACE',''
  ) );
#4227 = PCURVE('',#4228,#4233);
#4228 = PLANE('',#4229);
#4229 = AXIS2_PLACEMENT_3D('',#4230,#4231,#4232);
#4230 = CARTESIAN_POINT('',(176.2,3.,55.));
#4231 = DIRECTION('',(-1.,0.,0.));
#4232 = DIRECTION('',(0.,0.,1.));
#4233 = DEFINITIONAL_REPRESENTATION('',(#4234),#4237);
#4234 = B_SPLINE_CURVE_WITH_KNOTS('',1,(#4235,#4236),.UNSPECIFIED.,.F.,
  .F.,(2,2),(-89.125,15.375),.PIECEWISE_BEZIER_KNOTS.);
#4235 = CARTESIAN_POINT('',(104.5,-3.));
#4236 = CARTESIAN_POINT('',(0.,-3.));
#4237 = ( GEOMETRIC_REPRESENTATION_CONTEXT(2) 
PARAMETRIC_REPRESENTATION_CONTEXT() REPRESENTATION_CONTEXT('2D SPACE',''
  ) );
#4238 = ORIENTED_EDGE('',*,*,#4239,.T.);
#4239 = EDGE_CURVE('',#4214,#4240,#4242,.T.);
#4240 = VERTEX_POINT('',#4241);
#4241 = CARTESIAN_POINT('',(168.,0.,46.8));
#4242 = SURFACE_CURVE('',#4243,(#4248,#4259),.PCURVE_S1.);
#4243 = CIRCLE('',#4244,8.2);
#4244 = AXIS2_PLACEMENT_3D('',#4245,#4246,#4247);
#4245 = CARTESIAN_POINT('',(168.,0.,55.));
#4246 = DIRECTION('',(-0.,1.,0.));
#4247 = DIRECTION('',(1.,0.,0.));
#4248 = PCURVE('',#3491,#4249);
#4249 = DEFINITIONAL_REPRESENTATION('',(#4250),#4258);
#4250 = ( BOUNDED_CURVE() B_SPLINE_CURVE(2,(#4251,#4252,#4253,#4254,
#4255,#4256,#4257),.UNSPECIFIED.,.T.,.F.) B_SPLINE_CURVE_WITH_KNOTS((1,2
    ,2,2,2,1),(-2.094395102393,0.,2.094395102393,4.188790204786,
6.28318530718,8.377580409573),.UNSPECIFIED.) CURVE() 
GEOMETRIC_REPRESENTATION_ITEM() RATIONAL_B_SPLINE_CURVE((1.,0.5,1.,0.5,
1.,0.5,1.)) REPRESENTATION_ITEM('') );
#4251 = CARTESIAN_POINT('',(86.2,-30.75));
#4252 = CARTESIAN_POINT('',(86.2,-44.95281662206));
#4253 = CARTESIAN_POINT('',(73.9,-37.85140831103));
#4254 = CARTESIAN_POINT('',(61.6,-30.75));
#4255 = CARTESIAN_POINT('',(73.9,-23.64859168896));
#4256 = CARTESIAN_POINT('',(86.2,-16.54718337793));
#4257 = CARTESIAN_POINT('',(86.2,-30.75));
#4258 = ( GEOMETRIC_REPRESENTATION_CONTEXT(2) 
PARAMETRIC_REPRESENTATION_CONTEXT() REPRESENTATION_CONTEXT('2D SPACE',''
  ) );
#4259 = PCURVE('',#4260,#4265);
#4260 = CYLINDRICAL_SURFACE('',#4261,8.2);
#4261 = AXIS2_PLACEMENT_3D('',#4262,#4263,#4264);
#4262 = CARTESIAN_POINT('',(168.,3.,55.));
#4263 = DIRECTION('',(-0.,1.,-0.));
#4264 = DIRECTION('',(1.,0.,0.));
#4265 = DEFINITIONAL_REPRESENTATION('',(#4266),#4270);
#4266 = LINE('',#4267,#4268);
#4267 = CARTESIAN_POINT('',(-6.28318530718,-3.));
#4268 = VECTOR('',#4269,1.);
#4269 = DIRECTION('',(1.,-0.));
#4270 = ( GEOMETRIC_REPRESENTATION_CONTEXT(2) 
PARAMETRIC_REPRESENTATION_CONTEXT() REPRESENTATION_CONTEXT('2D SPACE',''
  ) );
#4271 = ORIENTED_EDGE('',*,*,#4272,.T.);
#4272 = EDGE_CURVE('',#4240,#4273,#4275,.T.);
#4273 = VERTEX_POINT('',#4274);
#4274 = CARTESIAN_POINT('',(12.,0.,46.8));
#4275 = SURFACE_CURVE('',#4276,(#4280,#4286),.PCURVE_S1.);
#4276 = LINE('',#4277,#4278);
#4277 = CARTESIAN_POINT('',(51.,0.,46.8));
#4278 = VECTOR('',#4279,1.);
#4279 = DIRECTION('',(-1.,-0.,0.));
#4280 = PCURVE('',#3491,#4281);
#4281 = DEFINITIONAL_REPRESENTATION('',(#4282),#4285);
#4282 = B_SPLINE_CURVE_WITH_KNOTS('',1,(#4283,#4284),.UNSPECIFIED.,.F.,
  .F.,(2,2),(-117.,39.),.PIECEWISE_BEZIER_KNOTS.);
#4283 = CARTESIAN_POINT('',(78.,-38.95));
#4284 = CARTESIAN_POINT('',(-78.,-38.95));
#4285 = ( GEOMETRIC_REPRESENTATION_CONTEXT(2) 
PARAMETRIC_REPRESENTATION_CONTEXT() REPRESENTATION_CONTEXT('2D SPACE',''
  ) );
#4286 = PCURVE('',#4287,#4292);
#4287 = PLANE('',#4288);
#4288 = AXIS2_PLACEMENT_3D('',#4289,#4290,#4291);
#4289 = CARTESIAN_POINT('',(12.,3.,46.8));
#4290 = DIRECTION('',(-0.,0.,1.));
#4291 = DIRECTION('',(1.,0.,0.));
#4292 = DEFINITIONAL_REPRESENTATION('',(#4293),#4296);
#4293 = B_SPLINE_CURVE_WITH_KNOTS('',1,(#4294,#4295),.UNSPECIFIED.,.F.,
  .F.,(2,2),(-117.,39.),.PIECEWISE_BEZIER_KNOTS.);
#4294 = CARTESIAN_POINT('',(156.,-3.));
#4295 = CARTESIAN_POINT('',(0.,-3.));
#4296 = ( GEOMETRIC_REPRESENTATION_CONTEXT(2) 
PARAMETRIC_REPRESENTATION_CONTEXT() REPRESENTATION_CONTEXT('2D SPACE',''
  ) );
#4297 = ORIENTED_EDGE('',*,*,#4298,.T.);
#4298 = EDGE_CURVE('',#4273,#3946,#4299,.T.);
#4299 = SURFACE_CURVE('',#4300,(#4305,#4316),.PCURVE_S1.);
#4300 = CIRCLE('',#4301,8.2);
#4301 = AXIS2_PLACEMENT_3D('',#4302,#4303,#4304);
#4302 = CARTESIAN_POINT('',(12.,0.,55.));
#4303 = DIRECTION('',(-0.,1.,0.));
#4304 = DIRECTION('',(1.,0.,0.));
#4305 = PCURVE('',#3491,#4306);
#4306 = DEFINITIONAL_REPRESENTATION('',(#4307),#4315);
#4307 = ( BOUNDED_CURVE() B_SPLINE_CURVE(2,(#4308,#4309,#4310,#4311,
#4312,#4313,#4314),.UNSPECIFIED.,.T.,.F.) B_SPLINE_CURVE_WITH_KNOTS((1,2
    ,2,2,2,1),(-2.094395102393,0.,2.094395102393,4.188790204786,
6.28318530718,8.377580409573),.UNSPECIFIED.) CURVE() 
GEOMETRIC_REPRESENTATION_ITEM() RATIONAL_B_SPLINE_CURVE((1.,0.5,1.,0.5,
1.,0.5,1.)) REPRESENTATION_ITEM('') );
#4308 = CARTESIAN_POINT('',(-69.8,-30.75));
#4309 = CARTESIAN_POINT('',(-69.8,-44.95281662206));
#4310 = CARTESIAN_POINT('',(-82.1,-37.85140831103));
#4311 = CARTESIAN_POINT('',(-94.4,-30.75));
#4312 = CARTESIAN_POINT('',(-82.1,-23.64859168896));
#4313 = CARTESIAN_POINT('',(-69.8,-16.54718337793));
#4314 = CARTESIAN_POINT('',(-69.8,-30.75));
#4315 = ( GEOMETRIC_REPRESENTATION_CONTEXT(2) 
PARAMETRIC_REPRESENTATION_CONTEXT() REPRESENTATION_CONTEXT('2D SPACE',''
  ) );
#4316 = PCURVE('',#4317,#4322);
#4317 = CYLINDRICAL_SURFACE('',#4318,8.2);
#4318 = AXIS2_PLACEMENT_3D('',#4319,#4320,#4321);
#4319 = CARTESIAN_POINT('',(12.,3.,55.));
#4320 = DIRECTION('',(-0.,1.,-0.));
#4321 = DIRECTION('',(1.,0.,0.));
#4322 = DEFINITIONAL_REPRESENTATION('',(#4323),#4327);
#4323 = LINE('',#4324,#4325);
#4324 = CARTESIAN_POINT('',(-6.28318530718,-3.));
#4325 = VECTOR('',#4326,1.);
#4326 = DIRECTION('',(1.,-0.));
#4327 = ( GEOMETRIC_REPRESENTATION_CONTEXT(2) 
PARAMETRIC_REPRESENTATION_CONTEXT() REPRESENTATION_CONTEXT('2D SPACE',''
  ) );
#4328 = ADVANCED_FACE('',(#4329),#3992,.F.);
#4329 = FACE_BOUND('',#4330,.T.);
#4330 = EDGE_LOOP('',(#4331,#4362,#4381,#4382));
#4331 = ORIENTED_EDGE('',*,*,#4332,.F.);
#4332 = EDGE_CURVE('',#4333,#4335,#4337,.T.);
#4333 = VERTEX_POINT('',#4334);
#4334 = CARTESIAN_POINT('',(5.,3.,163.77083130081));
#4335 = VERTEX_POINT('',#4336);
#4336 = CARTESIAN_POINT('',(3.8,3.,159.5));
#4337 = SURFACE_CURVE('',#4338,(#4343,#4350),.PCURVE_S1.);
#4338 = CIRCLE('',#4339,8.2);
#4339 = AXIS2_PLACEMENT_3D('',#4340,#4341,#4342);
#4340 = CARTESIAN_POINT('',(12.,3.,159.5));
#4341 = DIRECTION('',(0.,-1.,0.));
#4342 = DIRECTION('',(1.,0.,0.));
#4343 = PCURVE('',#3992,#4344);
#4344 = DEFINITIONAL_REPRESENTATION('',(#4345),#4349);
#4345 = LINE('',#4346,#4347);
#4346 = CARTESIAN_POINT('',(-0.,0.));
#4347 = VECTOR('',#4348,1.);
#4348 = DIRECTION('',(-1.,0.));
#4349 = ( GEOMETRIC_REPRESENTATION_CONTEXT(2) 
PARAMETRIC_REPRESENTATION_CONTEXT() REPRESENTATION_CONTEXT('2D SPACE',''
  ) );
#4350 = PCURVE('',#4351,#4356);
#4351 = PLANE('',#4352);
#4352 = AXIS2_PLACEMENT_3D('',#4353,#4354,#4355);
#4353 = CARTESIAN_POINT('',(90.,3.,107.25));
#4354 = DIRECTION('',(0.,-1.,0.));
#4355 = DIRECTION('',(1.,0.,0.));
#4356 = DEFINITIONAL_REPRESENTATION('',(#4357),#4361);
#4357 = CIRCLE('',#4358,8.2);
#4358 = AXIS2_PLACEMENT_2D('',#4359,#4360);
#4359 = CARTESIAN_POINT('',(-78.,52.25));
#4360 = DIRECTION('',(1.,0.));
#4361 = ( GEOMETRIC_REPRESENTATION_CONTEXT(2) 
PARAMETRIC_REPRESENTATION_CONTEXT() REPRESENTATION_CONTEXT('2D SPACE',''
  ) );
#4362 = ORIENTED_EDGE('',*,*,#4363,.F.);
#4363 = EDGE_CURVE('',#3972,#4333,#4364,.T.);
#4364 = SURFACE_CURVE('',#4365,(#4369,#4375),.PCURVE_S1.);
#4365 = LINE('',#4366,#4367);
#4366 = CARTESIAN_POINT('',(5.,3.,163.77083130081));
#4367 = VECTOR('',#4368,1.);
#4368 = DIRECTION('',(-0.,1.,-0.));
#4369 = PCURVE('',#3992,#4370);
#4370 = DEFINITIONAL_REPRESENTATION('',(#4371),#4374);
#4371 = B_SPLINE_CURVE_WITH_KNOTS('',1,(#4372,#4373),.UNSPECIFIED.,.F.,
  .F.,(2,2),(-3.0000006,5.999999999062E-07),.PIECEWISE_BEZIER_KNOTS.);
#4372 = CARTESIAN_POINT('',(-2.593766092983,-3.0000006));
#4373 = CARTESIAN_POINT('',(-2.593766092983,5.999999999062E-07));
#4374 = ( GEOMETRIC_REPRESENTATION_CONTEXT(2) 
PARAMETRIC_REPRESENTATION_CONTEXT() REPRESENTATION_CONTEXT('2D SPACE',''
  ) );
#4375 = PCURVE('',#1973,#4376);
#4376 = DEFINITIONAL_REPRESENTATION('',(#4377),#4380);
#4377 = B_SPLINE_CURVE_WITH_KNOTS('',1,(#4378,#4379),.UNSPECIFIED.,.F.,
  .F.,(2,2),(-3.0000006,5.999999999062E-07),.PIECEWISE_BEZIER_KNOTS.);
#4378 = CARTESIAN_POINT('',(112.77083130081,-0.9999994));
#4379 = CARTESIAN_POINT('',(112.77083130081,-4.0000006));
#4380 = ( GEOMETRIC_REPRESENTATION_CONTEXT(2) 
PARAMETRIC_REPRESENTATION_CONTEXT() REPRESENTATION_CONTEXT('2D SPACE',''
  ) );
#4381 = ORIENTED_EDGE('',*,*,#3971,.F.);
#4382 = ORIENTED_EDGE('',*,*,#4383,.F.);
#4383 = EDGE_CURVE('',#4335,#3944,#4384,.T.);
#4384 = SURFACE_CURVE('',#4385,(#4389,#4396),.PCURVE_S1.);
#4385 = LINE('',#4386,#4387);
#4386 = CARTESIAN_POINT('',(3.8,3.,159.5));
#4387 = VECTOR('',#4388,1.);
#4388 = DIRECTION('',(0.,-1.,0.));
#4389 = PCURVE('',#3992,#4390);
#4390 = DEFINITIONAL_REPRESENTATION('',(#4391),#4395);
#4391 = LINE('',#4392,#4393);
#4392 = CARTESIAN_POINT('',(-3.14159265359,0.));
#4393 = VECTOR('',#4394,1.);
#4394 = DIRECTION('',(-0.,-1.));
#4395 = ( GEOMETRIC_REPRESENTATION_CONTEXT(2) 
PARAMETRIC_REPRESENTATION_CONTEXT() REPRESENTATION_CONTEXT('2D SPACE',''
  ) );
#4396 = PCURVE('',#3960,#4397);
#4397 = DEFINITIONAL_REPRESENTATION('',(#4398),#4402);
#4398 = LINE('',#4399,#4400);
#4399 = CARTESIAN_POINT('',(104.5,0.));
#4400 = VECTOR('',#4401,1.);
#4401 = DIRECTION('',(0.,-1.));
#4402 = ( GEOMETRIC_REPRESENTATION_CONTEXT(2) 
PARAMETRIC_REPRESENTATION_CONTEXT() REPRESENTATION_CONTEXT('2D SPACE',''
  ) );
#4403 = ADVANCED_FACE('',(#4404),#4351,.T.);
#4404 = FACE_BOUND('',#4405,.T.);
#4405 = EDGE_LOOP('',(#4406,#4429,#4453,#4476,#4500,#4523,#4547,#4568,
    #4589,#4608));
#4406 = ORIENTED_EDGE('',*,*,#4407,.F.);
#4407 = EDGE_CURVE('',#4408,#4335,#4410,.T.);
#4408 = VERTEX_POINT('',#4409);
#4409 = CARTESIAN_POINT('',(3.8,3.,55.));
#4410 = SURFACE_CURVE('',#4411,(#4415,#4422),.PCURVE_S1.);
#4411 = LINE('',#4412,#4413);
#4412 = CARTESIAN_POINT('',(3.8,3.,107.25));
#4413 = VECTOR('',#4414,1.);
#4414 = DIRECTION('',(0.,0.,1.));
#4415 = PCURVE('',#4351,#4416);
#4416 = DEFINITIONAL_REPRESENTATION('',(#4417),#4421);
#4417 = LINE('',#4418,#4419);
#4418 = CARTESIAN_POINT('',(-86.2,4.000358881047E-15));
#4419 = VECTOR('',#4420,1.);
#4420 = DIRECTION('',(0.,1.));
#4421 = ( GEOMETRIC_REPRESENTATION_CONTEXT(2) 
PARAMETRIC_REPRESENTATION_CONTEXT() REPRESENTATION_CONTEXT('2D SPACE',''
  ) );
#4422 = PCURVE('',#3960,#4423);
#4423 = DEFINITIONAL_REPRESENTATION('',(#4424),#4428);
#4424 = LINE('',#4425,#4426);
#4425 = CARTESIAN_POINT('',(52.25,0.));
#4426 = VECTOR('',#4427,1.);
#4427 = DIRECTION('',(1.,0.));
#4428 = ( GEOMETRIC_REPRESENTATION_CONTEXT(2) 
PARAMETRIC_REPRESENTATION_CONTEXT() REPRESENTATION_CONTEXT('2D SPACE',''
  ) );
#4429 = ORIENTED_EDGE('',*,*,#4430,.T.);
#4430 = EDGE_CURVE('',#4408,#4431,#4433,.T.);
#4431 = VERTEX_POINT('',#4432);
#4432 = CARTESIAN_POINT('',(12.,3.,46.8));
#4433 = SURFACE_CURVE('',#4434,(#4439,#4446),.PCURVE_S1.);
#4434 = CIRCLE('',#4435,8.2);
#4435 = AXIS2_PLACEMENT_3D('',#4436,#4437,#4438);
#4436 = CARTESIAN_POINT('',(12.,3.,55.));
#4437 = DIRECTION('',(0.,-1.,0.));
#4438 = DIRECTION('',(1.,0.,0.));
#4439 = PCURVE('',#4351,#4440);
#4440 = DEFINITIONAL_REPRESENTATION('',(#4441),#4445);
#4441 = CIRCLE('',#4442,8.2);
#4442 = AXIS2_PLACEMENT_2D('',#4443,#4444);
#4443 = CARTESIAN_POINT('',(-78.,-52.25));
#4444 = DIRECTION('',(1.,0.));
#4445 = ( GEOMETRIC_REPRESENTATION_CONTEXT(2) 
PARAMETRIC_REPRESENTATION_CONTEXT() REPRESENTATION_CONTEXT('2D SPACE',''
  ) );
#4446 = PCURVE('',#4317,#4447);
#4447 = DEFINITIONAL_REPRESENTATION('',(#4448),#4452);
#4448 = LINE('',#4449,#4450);
#4449 = CARTESIAN_POINT('',(-0.,0.));
#4450 = VECTOR('',#4451,1.);
#4451 = DIRECTION('',(-1.,0.));
#4452 = ( GEOMETRIC_REPRESENTATION_CONTEXT(2) 
PARAMETRIC_REPRESENTATION_CONTEXT() REPRESENTATION_CONTEXT('2D SPACE',''
  ) );
#4453 = ORIENTED_EDGE('',*,*,#4454,.T.);
#4454 = EDGE_CURVE('',#4431,#4455,#4457,.T.);
#4455 = VERTEX_POINT('',#4456);
#4456 = CARTESIAN_POINT('',(168.,3.,46.8));
#4457 = SURFACE_CURVE('',#4458,(#4462,#4469),.PCURVE_S1.);
#4458 = LINE('',#4459,#4460);
#4459 = CARTESIAN_POINT('',(90.,3.,46.8));
#4460 = VECTOR('',#4461,1.);
#4461 = DIRECTION('',(1.,0.,0.));
#4462 = PCURVE('',#4351,#4463);
#4463 = DEFINITIONAL_REPRESENTATION('',(#4464),#4468);
#4464 = LINE('',#4465,#4466);
#4465 = CARTESIAN_POINT('',(1.093265781156E-15,-60.45));
#4466 = VECTOR('',#4467,1.);
#4467 = DIRECTION('',(1.,0.));
#4468 = ( GEOMETRIC_REPRESENTATION_CONTEXT(2) 
PARAMETRIC_REPRESENTATION_CONTEXT() REPRESENTATION_CONTEXT('2D SPACE',''
  ) );
#4469 = PCURVE('',#4287,#4470);
#4470 = DEFINITIONAL_REPRESENTATION('',(#4471),#4475);
#4471 = LINE('',#4472,#4473);
#4472 = CARTESIAN_POINT('',(78.,0.));
#4473 = VECTOR('',#4474,1.);
#4474 = DIRECTION('',(1.,0.));
#4475 = ( GEOMETRIC_REPRESENTATION_CONTEXT(2) 
PARAMETRIC_REPRESENTATION_CONTEXT() REPRESENTATION_CONTEXT('2D SPACE',''
  ) );
#4476 = ORIENTED_EDGE('',*,*,#4477,.T.);
#4477 = EDGE_CURVE('',#4455,#4478,#4480,.T.);
#4478 = VERTEX_POINT('',#4479);
#4479 = CARTESIAN_POINT('',(176.2,3.,55.));
#4480 = SURFACE_CURVE('',#4481,(#4486,#4493),.PCURVE_S1.);
#4481 = CIRCLE('',#4482,8.2);
#4482 = AXIS2_PLACEMENT_3D('',#4483,#4484,#4485);
#4483 = CARTESIAN_POINT('',(168.,3.,55.));
#4484 = DIRECTION('',(0.,-1.,0.));
#4485 = DIRECTION('',(1.,0.,0.));
#4486 = PCURVE('',#4351,#4487);
#4487 = DEFINITIONAL_REPRESENTATION('',(#4488),#4492);
#4488 = CIRCLE('',#4489,8.2);
#4489 = AXIS2_PLACEMENT_2D('',#4490,#4491);
#4490 = CARTESIAN_POINT('',(78.,-52.25));
#4491 = DIRECTION('',(1.,0.));
#4492 = ( GEOMETRIC_REPRESENTATION_CONTEXT(2) 
PARAMETRIC_REPRESENTATION_CONTEXT() REPRESENTATION_CONTEXT('2D SPACE',''
  ) );
#4493 = PCURVE('',#4260,#4494);
#4494 = DEFINITIONAL_REPRESENTATION('',(#4495),#4499);
#4495 = LINE('',#4496,#4497);
#4496 = CARTESIAN_POINT('',(-0.,0.));
#4497 = VECTOR('',#4498,1.);
#4498 = DIRECTION('',(-1.,0.));
#4499 = ( GEOMETRIC_REPRESENTATION_CONTEXT(2) 
PARAMETRIC_REPRESENTATION_CONTEXT() REPRESENTATION_CONTEXT('2D SPACE',''
  ) );
#4500 = ORIENTED_EDGE('',*,*,#4501,.T.);
#4501 = EDGE_CURVE('',#4478,#4502,#4504,.T.);
#4502 = VERTEX_POINT('',#4503);
#4503 = CARTESIAN_POINT('',(176.2,3.,159.5));
#4504 = SURFACE_CURVE('',#4505,(#4509,#4516),.PCURVE_S1.);
#4505 = LINE('',#4506,#4507);
#4506 = CARTESIAN_POINT('',(176.2,3.,107.25));
#4507 = VECTOR('',#4508,1.);
#4508 = DIRECTION('',(0.,0.,1.));
#4509 = PCURVE('',#4351,#4510);
#4510 = DEFINITIONAL_REPRESENTATION('',(#4511),#4515);
#4511 = LINE('',#4512,#4513);
#4512 = CARTESIAN_POINT('',(86.2,4.000358881047E-15));
#4513 = VECTOR('',#4514,1.);
#4514 = DIRECTION('',(0.,1.));
#4515 = ( GEOMETRIC_REPRESENTATION_CONTEXT(2) 
PARAMETRIC_REPRESENTATION_CONTEXT() REPRESENTATION_CONTEXT('2D SPACE',''
  ) );
#4516 = PCURVE('',#4228,#4517);
#4517 = DEFINITIONAL_REPRESENTATION('',(#4518),#4522);
#4518 = LINE('',#4519,#4520);
#4519 = CARTESIAN_POINT('',(52.25,0.));
#4520 = VECTOR('',#4521,1.);
#4521 = DIRECTION('',(1.,0.));
#4522 = ( GEOMETRIC_REPRESENTATION_CONTEXT(2) 
PARAMETRIC_REPRESENTATION_CONTEXT() REPRESENTATION_CONTEXT('2D SPACE',''
  ) );
#4523 = ORIENTED_EDGE('',*,*,#4524,.T.);
#4524 = EDGE_CURVE('',#4502,#4525,#4527,.T.);
#4525 = VERTEX_POINT('',#4526);
#4526 = CARTESIAN_POINT('',(175.,3.,163.77083130081));
#4527 = SURFACE_CURVE('',#4528,(#4533,#4540),.PCURVE_S1.);
#4528 = CIRCLE('',#4529,8.2);
#4529 = AXIS2_PLACEMENT_3D('',#4530,#4531,#4532);
#4530 = CARTESIAN_POINT('',(168.,3.,159.5));
#4531 = DIRECTION('',(0.,-1.,0.));
#4532 = DIRECTION('',(1.,0.,0.));
#4533 = PCURVE('',#4351,#4534);
#4534 = DEFINITIONAL_REPRESENTATION('',(#4535),#4539);
#4535 = CIRCLE('',#4536,8.2);
#4536 = AXIS2_PLACEMENT_2D('',#4537,#4538);
#4537 = CARTESIAN_POINT('',(78.,52.25));
#4538 = DIRECTION('',(1.,0.));
#4539 = ( GEOMETRIC_REPRESENTATION_CONTEXT(2) 
PARAMETRIC_REPRESENTATION_CONTEXT() REPRESENTATION_CONTEXT('2D SPACE',''
  ) );
#4540 = PCURVE('',#4201,#4541);
#4541 = DEFINITIONAL_REPRESENTATION('',(#4542),#4546);
#4542 = LINE('',#4543,#4544);
#4543 = CARTESIAN_POINT('',(-0.,0.));
#4544 = VECTOR('',#4545,1.);
#4545 = DIRECTION('',(-1.,0.));
#4546 = ( GEOMETRIC_REPRESENTATION_CONTEXT(2) 
PARAMETRIC_REPRESENTATION_CONTEXT() REPRESENTATION_CONTEXT('2D SPACE',''
  ) );
#4547 = ORIENTED_EDGE('',*,*,#4548,.F.);
#4548 = EDGE_CURVE('',#4549,#4525,#4551,.T.);
#4549 = VERTEX_POINT('',#4550);
#4550 = CARTESIAN_POINT('',(175.,3.,51.));
#4551 = SURFACE_CURVE('',#4552,(#4556,#4562),.PCURVE_S1.);
#4552 = LINE('',#4553,#4554);
#4553 = CARTESIAN_POINT('',(175.,3.,79.125));
#4554 = VECTOR('',#4555,1.);
#4555 = DIRECTION('',(0.,0.,1.));
#4556 = PCURVE('',#4351,#4557);
#4557 = DEFINITIONAL_REPRESENTATION('',(#4558),#4561);
#4558 = B_SPLINE_CURVE_WITH_KNOTS('',1,(#4559,#4560),.UNSPECIFIED.,.F.,
  .F.,(2,2),(-28.125,84.875),.PIECEWISE_BEZIER_KNOTS.);
#4559 = CARTESIAN_POINT('',(85.,-56.25));
#4560 = CARTESIAN_POINT('',(85.,56.75));
#4561 = ( GEOMETRIC_REPRESENTATION_CONTEXT(2) 
PARAMETRIC_REPRESENTATION_CONTEXT() REPRESENTATION_CONTEXT('2D SPACE',''
  ) );
#4562 = PCURVE('',#1605,#4563);
#4563 = DEFINITIONAL_REPRESENTATION('',(#4564),#4567);
#4564 = B_SPLINE_CURVE_WITH_KNOTS('',1,(#4565,#4566),.UNSPECIFIED.,.F.,
  .F.,(2,2),(-28.125,84.875),.PIECEWISE_BEZIER_KNOTS.);
#4565 = CARTESIAN_POINT('',(0.,-4.));
#4566 = CARTESIAN_POINT('',(113.,-4.));
#4567 = ( GEOMETRIC_REPRESENTATION_CONTEXT(2) 
PARAMETRIC_REPRESENTATION_CONTEXT() REPRESENTATION_CONTEXT('2D SPACE',''
  ) );
#4568 = ORIENTED_EDGE('',*,*,#4569,.T.);
#4569 = EDGE_CURVE('',#4549,#4570,#4572,.T.);
#4570 = VERTEX_POINT('',#4571);
#4571 = CARTESIAN_POINT('',(5.,3.,51.));
#4572 = SURFACE_CURVE('',#4573,(#4577,#4583),.PCURVE_S1.);
#4573 = LINE('',#4574,#4575);
#4574 = CARTESIAN_POINT('',(47.5,3.,51.));
#4575 = VECTOR('',#4576,1.);
#4576 = DIRECTION('',(-1.,0.,0.));
#4577 = PCURVE('',#4351,#4578);
#4578 = DEFINITIONAL_REPRESENTATION('',(#4579),#4582);
#4579 = B_SPLINE_CURVE_WITH_KNOTS('',1,(#4580,#4581),.UNSPECIFIED.,.F.,
  .F.,(2,2),(-127.5,42.5),.PIECEWISE_BEZIER_KNOTS.);
#4580 = CARTESIAN_POINT('',(85.,-56.25));
#4581 = CARTESIAN_POINT('',(-85.,-56.25));
#4582 = ( GEOMETRIC_REPRESENTATION_CONTEXT(2) 
PARAMETRIC_REPRESENTATION_CONTEXT() REPRESENTATION_CONTEXT('2D SPACE',''
  ) );
#4583 = PCURVE('',#1631,#4584);
#4584 = DEFINITIONAL_REPRESENTATION('',(#4585),#4588);
#4585 = B_SPLINE_CURVE_WITH_KNOTS('',1,(#4586,#4587),.UNSPECIFIED.,.F.,
  .F.,(2,2),(-127.5,42.5),.PIECEWISE_BEZIER_KNOTS.);
#4586 = CARTESIAN_POINT('',(170.,4.));
#4587 = CARTESIAN_POINT('',(0.,4.));
#4588 = ( GEOMETRIC_REPRESENTATION_CONTEXT(2) 
PARAMETRIC_REPRESENTATION_CONTEXT() REPRESENTATION_CONTEXT('2D SPACE',''
  ) );
#4589 = ORIENTED_EDGE('',*,*,#4590,.T.);
#4590 = EDGE_CURVE('',#4570,#4333,#4591,.T.);
#4591 = SURFACE_CURVE('',#4592,(#4596,#4602),.PCURVE_S1.);
#4592 = LINE('',#4593,#4594);
#4593 = CARTESIAN_POINT('',(5.,3.,79.125));
#4594 = VECTOR('',#4595,1.);
#4595 = DIRECTION('',(0.,0.,1.));
#4596 = PCURVE('',#4351,#4597);
#4597 = DEFINITIONAL_REPRESENTATION('',(#4598),#4601);
#4598 = B_SPLINE_CURVE_WITH_KNOTS('',1,(#4599,#4600),.UNSPECIFIED.,.F.,
  .F.,(2,2),(-28.125,84.875),.PIECEWISE_BEZIER_KNOTS.);
#4599 = CARTESIAN_POINT('',(-85.,-56.25));
#4600 = CARTESIAN_POINT('',(-85.,56.75));
#4601 = ( GEOMETRIC_REPRESENTATION_CONTEXT(2) 
PARAMETRIC_REPRESENTATION_CONTEXT() REPRESENTATION_CONTEXT('2D SPACE',''
  ) );
#4602 = PCURVE('',#1973,#4603);
#4603 = DEFINITIONAL_REPRESENTATION('',(#4604),#4607);
#4604 = B_SPLINE_CURVE_WITH_KNOTS('',1,(#4605,#4606),.UNSPECIFIED.,.F.,
  .F.,(2,2),(-28.125,84.875),.PIECEWISE_BEZIER_KNOTS.);
#4605 = CARTESIAN_POINT('',(0.,-4.));
#4606 = CARTESIAN_POINT('',(113.,-4.));
#4607 = ( GEOMETRIC_REPRESENTATION_CONTEXT(2) 
PARAMETRIC_REPRESENTATION_CONTEXT() REPRESENTATION_CONTEXT('2D SPACE',''
  ) );
#4608 = ORIENTED_EDGE('',*,*,#4332,.T.);
#4609 = ADVANCED_FACE('',(#4610),#4067,.F.);
#4610 = FACE_BOUND('',#4611,.T.);
#4611 = EDGE_LOOP('',(#4612,#4643,#4664,#4665));
#4612 = ORIENTED_EDGE('',*,*,#4613,.F.);
#4613 = EDGE_CURVE('',#4614,#4616,#4618,.T.);
#4614 = VERTEX_POINT('',#4615);
#4615 = CARTESIAN_POINT('',(12.,3.,167.7));
#4616 = VERTEX_POINT('',#4617);
#4617 = CARTESIAN_POINT('',(5.145074763354,3.,164.));
#4618 = SURFACE_CURVE('',#4619,(#4624,#4631),.PCURVE_S1.);
#4619 = CIRCLE('',#4620,8.2);
#4620 = AXIS2_PLACEMENT_3D('',#4621,#4622,#4623);
#4621 = CARTESIAN_POINT('',(12.,3.,159.5));
#4622 = DIRECTION('',(0.,-1.,0.));
#4623 = DIRECTION('',(1.,0.,0.));
#4624 = PCURVE('',#4067,#4625);
#4625 = DEFINITIONAL_REPRESENTATION('',(#4626),#4630);
#4626 = LINE('',#4627,#4628);
#4627 = CARTESIAN_POINT('',(-0.,0.));
#4628 = VECTOR('',#4629,1.);
#4629 = DIRECTION('',(-1.,0.));
#4630 = ( GEOMETRIC_REPRESENTATION_CONTEXT(2) 
PARAMETRIC_REPRESENTATION_CONTEXT() REPRESENTATION_CONTEXT('2D SPACE',''
  ) );
#4631 = PCURVE('',#4632,#4637);
#4632 = PLANE('',#4633);
#4633 = AXIS2_PLACEMENT_3D('',#4634,#4635,#4636);
#4634 = CARTESIAN_POINT('',(90.,3.,107.25));
#4635 = DIRECTION('',(0.,-1.,0.));
#4636 = DIRECTION('',(1.,0.,0.));
#4637 = DEFINITIONAL_REPRESENTATION('',(#4638),#4642);
#4638 = CIRCLE('',#4639,8.2);
#4639 = AXIS2_PLACEMENT_2D('',#4640,#4641);
#4640 = CARTESIAN_POINT('',(-78.,52.25));
#4641 = DIRECTION('',(1.,0.));
#4642 = ( GEOMETRIC_REPRESENTATION_CONTEXT(2) 
PARAMETRIC_REPRESENTATION_CONTEXT() REPRESENTATION_CONTEXT('2D SPACE',''
  ) );
#4643 = ORIENTED_EDGE('',*,*,#4644,.T.);
#4644 = EDGE_CURVE('',#4614,#4047,#4645,.T.);
#4645 = SURFACE_CURVE('',#4646,(#4650,#4657),.PCURVE_S1.);
#4646 = LINE('',#4647,#4648);
#4647 = CARTESIAN_POINT('',(12.,3.,167.7));
#4648 = VECTOR('',#4649,1.);
#4649 = DIRECTION('',(0.,-1.,0.));
#4650 = PCURVE('',#4067,#4651);
#4651 = DEFINITIONAL_REPRESENTATION('',(#4652),#4656);
#4652 = LINE('',#4653,#4654);
#4653 = CARTESIAN_POINT('',(-1.570796326795,0.));
#4654 = VECTOR('',#4655,1.);
#4655 = DIRECTION('',(-0.,-1.));
#4656 = ( GEOMETRIC_REPRESENTATION_CONTEXT(2) 
PARAMETRIC_REPRESENTATION_CONTEXT() REPRESENTATION_CONTEXT('2D SPACE',''
  ) );
#4657 = PCURVE('',#4094,#4658);
#4658 = DEFINITIONAL_REPRESENTATION('',(#4659),#4663);
#4659 = LINE('',#4660,#4661);
#4660 = CARTESIAN_POINT('',(0.,0.));
#4661 = VECTOR('',#4662,1.);
#4662 = DIRECTION('',(0.,-1.));
#4663 = ( GEOMETRIC_REPRESENTATION_CONTEXT(2) 
PARAMETRIC_REPRESENTATION_CONTEXT() REPRESENTATION_CONTEXT('2D SPACE',''
  ) );
#4664 = ORIENTED_EDGE('',*,*,#4046,.F.);
#4665 = ORIENTED_EDGE('',*,*,#4666,.T.);
#4666 = EDGE_CURVE('',#4026,#4616,#4667,.T.);
#4667 = SURFACE_CURVE('',#4668,(#4672,#4678),.PCURVE_S1.);
#4668 = LINE('',#4669,#4670);
#4669 = CARTESIAN_POINT('',(5.145074763354,3.,164.));
#4670 = VECTOR('',#4671,1.);
#4671 = DIRECTION('',(-0.,1.,-0.));
#4672 = PCURVE('',#4067,#4673);
#4673 = DEFINITIONAL_REPRESENTATION('',(#4674),#4677);
#4674 = B_SPLINE_CURVE_WITH_KNOTS('',1,(#4675,#4676),.UNSPECIFIED.,.F.,
  .F.,(2,2),(-3.0000006,5.999999999062E-07),.PIECEWISE_BEZIER_KNOTS.);
#4675 = CARTESIAN_POINT('',(-2.560687920537,-3.0000006));
#4676 = CARTESIAN_POINT('',(-2.560687920537,5.999999999062E-07));
#4677 = ( GEOMETRIC_REPRESENTATION_CONTEXT(2) 
PARAMETRIC_REPRESENTATION_CONTEXT() REPRESENTATION_CONTEXT('2D SPACE',''
  ) );
#4678 = PCURVE('',#1579,#4679);
#4679 = DEFINITIONAL_REPRESENTATION('',(#4680),#4683);
#4680 = B_SPLINE_CURVE_WITH_KNOTS('',1,(#4681,#4682),.UNSPECIFIED.,.F.,
  .F.,(2,2),(-3.0000006,5.999999999062E-07),.PIECEWISE_BEZIER_KNOTS.);
#4681 = CARTESIAN_POINT('',(0.145074763354,0.9999994));
#4682 = CARTESIAN_POINT('',(0.145074763354,4.0000006));
#4683 = ( GEOMETRIC_REPRESENTATION_CONTEXT(2) 
PARAMETRIC_REPRESENTATION_CONTEXT() REPRESENTATION_CONTEXT('2D SPACE',''
  ) );
#4684 = ADVANCED_FACE('',(#4685),#4632,.T.);
#4685 = FACE_BOUND('',#4686,.T.);
#4686 = EDGE_LOOP('',(#4687,#4688,#4709,#4733));
#4687 = ORIENTED_EDGE('',*,*,#4613,.T.);
#4688 = ORIENTED_EDGE('',*,*,#4689,.F.);
#4689 = EDGE_CURVE('',#4690,#4616,#4692,.T.);
#4690 = VERTEX_POINT('',#4691);
#4691 = CARTESIAN_POINT('',(174.85492523664,3.,164.));
#4692 = SURFACE_CURVE('',#4693,(#4697,#4703),.PCURVE_S1.);
#4693 = LINE('',#4694,#4695);
#4694 = CARTESIAN_POINT('',(47.5,3.,164.));
#4695 = VECTOR('',#4696,1.);
#4696 = DIRECTION('',(-1.,0.,0.));
#4697 = PCURVE('',#4632,#4698);
#4698 = DEFINITIONAL_REPRESENTATION('',(#4699),#4702);
#4699 = B_SPLINE_CURVE_WITH_KNOTS('',1,(#4700,#4701),.UNSPECIFIED.,.F.,
  .F.,(2,2),(-127.5,42.5),.PIECEWISE_BEZIER_KNOTS.);
#4700 = CARTESIAN_POINT('',(85.,56.75));
#4701 = CARTESIAN_POINT('',(-85.,56.75));
#4702 = ( GEOMETRIC_REPRESENTATION_CONTEXT(2) 
PARAMETRIC_REPRESENTATION_CONTEXT() REPRESENTATION_CONTEXT('2D SPACE',''
  ) );
#4703 = PCURVE('',#1579,#4704);
#4704 = DEFINITIONAL_REPRESENTATION('',(#4705),#4708);
#4705 = B_SPLINE_CURVE_WITH_KNOTS('',1,(#4706,#4707),.UNSPECIFIED.,.F.,
  .F.,(2,2),(-127.5,42.5),.PIECEWISE_BEZIER_KNOTS.);
#4706 = CARTESIAN_POINT('',(170.,4.));
#4707 = CARTESIAN_POINT('',(0.,4.));
#4708 = ( GEOMETRIC_REPRESENTATION_CONTEXT(2) 
PARAMETRIC_REPRESENTATION_CONTEXT() REPRESENTATION_CONTEXT('2D SPACE',''
  ) );
#4709 = ORIENTED_EDGE('',*,*,#4710,.T.);
#4710 = EDGE_CURVE('',#4690,#4711,#4713,.T.);
#4711 = VERTEX_POINT('',#4712);
#4712 = CARTESIAN_POINT('',(168.,3.,167.7));
#4713 = SURFACE_CURVE('',#4714,(#4719,#4726),.PCURVE_S1.);
#4714 = CIRCLE('',#4715,8.2);
#4715 = AXIS2_PLACEMENT_3D('',#4716,#4717,#4718);
#4716 = CARTESIAN_POINT('',(168.,3.,159.5));
#4717 = DIRECTION('',(0.,-1.,0.));
#4718 = DIRECTION('',(1.,0.,0.));
#4719 = PCURVE('',#4632,#4720);
#4720 = DEFINITIONAL_REPRESENTATION('',(#4721),#4725);
#4721 = CIRCLE('',#4722,8.2);
#4722 = AXIS2_PLACEMENT_2D('',#4723,#4724);
#4723 = CARTESIAN_POINT('',(78.,52.25));
#4724 = DIRECTION('',(1.,0.));
#4725 = ( GEOMETRIC_REPRESENTATION_CONTEXT(2) 
PARAMETRIC_REPRESENTATION_CONTEXT() REPRESENTATION_CONTEXT('2D SPACE',''
  ) );
#4726 = PCURVE('',#4126,#4727);
#4727 = DEFINITIONAL_REPRESENTATION('',(#4728),#4732);
#4728 = LINE('',#4729,#4730);
#4729 = CARTESIAN_POINT('',(-0.,0.));
#4730 = VECTOR('',#4731,1.);
#4731 = DIRECTION('',(-1.,0.));
#4732 = ( GEOMETRIC_REPRESENTATION_CONTEXT(2) 
PARAMETRIC_REPRESENTATION_CONTEXT() REPRESENTATION_CONTEXT('2D SPACE',''
  ) );
#4733 = ORIENTED_EDGE('',*,*,#4734,.F.);
#4734 = EDGE_CURVE('',#4614,#4711,#4735,.T.);
#4735 = SURFACE_CURVE('',#4736,(#4740,#4747),.PCURVE_S1.);
#4736 = LINE('',#4737,#4738);
#4737 = CARTESIAN_POINT('',(90.,3.,167.7));
#4738 = VECTOR('',#4739,1.);
#4739 = DIRECTION('',(1.,0.,0.));
#4740 = PCURVE('',#4632,#4741);
#4741 = DEFINITIONAL_REPRESENTATION('',(#4742),#4746);
#4742 = LINE('',#4743,#4744);
#4743 = CARTESIAN_POINT('',(1.093265781156E-15,60.45));
#4744 = VECTOR('',#4745,1.);
#4745 = DIRECTION('',(1.,0.));
#4746 = ( GEOMETRIC_REPRESENTATION_CONTEXT(2) 
PARAMETRIC_REPRESENTATION_CONTEXT() REPRESENTATION_CONTEXT('2D SPACE',''
  ) );
#4747 = PCURVE('',#4094,#4748);
#4748 = DEFINITIONAL_REPRESENTATION('',(#4749),#4753);
#4749 = LINE('',#4750,#4751);
#4750 = CARTESIAN_POINT('',(78.,0.));
#4751 = VECTOR('',#4752,1.);
#4752 = DIRECTION('',(1.,0.));
#4753 = ( GEOMETRIC_REPRESENTATION_CONTEXT(2) 
PARAMETRIC_REPRESENTATION_CONTEXT() REPRESENTATION_CONTEXT('2D SPACE',''
  ) );
#4754 = ADVANCED_FACE('',(#4755),#4094,.F.);
#4755 = FACE_BOUND('',#4756,.F.);
#4756 = EDGE_LOOP('',(#4757,#4758,#4759,#4760));
#4757 = ORIENTED_EDGE('',*,*,#4734,.F.);
#4758 = ORIENTED_EDGE('',*,*,#4644,.T.);
#4759 = ORIENTED_EDGE('',*,*,#4079,.F.);
#4760 = ORIENTED_EDGE('',*,*,#4761,.F.);
#4761 = EDGE_CURVE('',#4711,#4080,#4762,.T.);
#4762 = SURFACE_CURVE('',#4763,(#4767,#4774),.PCURVE_S1.);
#4763 = LINE('',#4764,#4765);
#4764 = CARTESIAN_POINT('',(168.,3.,167.7));
#4765 = VECTOR('',#4766,1.);
#4766 = DIRECTION('',(0.,-1.,0.));
#4767 = PCURVE('',#4094,#4768);
#4768 = DEFINITIONAL_REPRESENTATION('',(#4769),#4773);
#4769 = LINE('',#4770,#4771);
#4770 = CARTESIAN_POINT('',(156.,0.));
#4771 = VECTOR('',#4772,1.);
#4772 = DIRECTION('',(0.,-1.));
#4773 = ( GEOMETRIC_REPRESENTATION_CONTEXT(2) 
PARAMETRIC_REPRESENTATION_CONTEXT() REPRESENTATION_CONTEXT('2D SPACE',''
  ) );
#4774 = PCURVE('',#4126,#4775);
#4775 = DEFINITIONAL_REPRESENTATION('',(#4776),#4780);
#4776 = LINE('',#4777,#4778);
#4777 = CARTESIAN_POINT('',(-1.570796326795,0.));
#4778 = VECTOR('',#4779,1.);
#4779 = DIRECTION('',(-0.,-1.));
#4780 = ( GEOMETRIC_REPRESENTATION_CONTEXT(2) 
PARAMETRIC_REPRESENTATION_CONTEXT() REPRESENTATION_CONTEXT('2D SPACE',''
  ) );
#4781 = ADVANCED_FACE('',(#4782),#4126,.F.);
#4782 = FACE_BOUND('',#4783,.T.);
#4783 = EDGE_LOOP('',(#4784,#4785,#4804,#4805));
#4784 = ORIENTED_EDGE('',*,*,#4710,.F.);
#4785 = ORIENTED_EDGE('',*,*,#4786,.F.);
#4786 = EDGE_CURVE('',#4106,#4690,#4787,.T.);
#4787 = SURFACE_CURVE('',#4788,(#4792,#4798),.PCURVE_S1.);
#4788 = LINE('',#4789,#4790);
#4789 = CARTESIAN_POINT('',(174.85492523664,3.,164.));
#4790 = VECTOR('',#4791,1.);
#4791 = DIRECTION('',(-0.,1.,-0.));
#4792 = PCURVE('',#4126,#4793);
#4793 = DEFINITIONAL_REPRESENTATION('',(#4794),#4797);
#4794 = B_SPLINE_CURVE_WITH_KNOTS('',1,(#4795,#4796),.UNSPECIFIED.,.F.,
  .F.,(2,2),(-3.0000006,5.999999999062E-07),.PIECEWISE_BEZIER_KNOTS.);
#4795 = CARTESIAN_POINT('',(-0.580904733052,-3.0000006));
#4796 = CARTESIAN_POINT('',(-0.580904733052,5.999999999062E-07));
#4797 = ( GEOMETRIC_REPRESENTATION_CONTEXT(2) 
PARAMETRIC_REPRESENTATION_CONTEXT() REPRESENTATION_CONTEXT('2D SPACE',''
  ) );
#4798 = PCURVE('',#1579,#4799);
#4799 = DEFINITIONAL_REPRESENTATION('',(#4800),#4803);
#4800 = B_SPLINE_CURVE_WITH_KNOTS('',1,(#4801,#4802),.UNSPECIFIED.,.F.,
  .F.,(2,2),(-3.0000006,5.999999999062E-07),.PIECEWISE_BEZIER_KNOTS.);
#4801 = CARTESIAN_POINT('',(169.85492523664,0.9999994));
#4802 = CARTESIAN_POINT('',(169.85492523664,4.0000006));
#4803 = ( GEOMETRIC_REPRESENTATION_CONTEXT(2) 
PARAMETRIC_REPRESENTATION_CONTEXT() REPRESENTATION_CONTEXT('2D SPACE',''
  ) );
#4804 = ORIENTED_EDGE('',*,*,#4105,.F.);
#4805 = ORIENTED_EDGE('',*,*,#4761,.F.);
#4806 = ADVANCED_FACE('',(#4807),#4201,.F.);
#4807 = FACE_BOUND('',#4808,.T.);
#4808 = EDGE_LOOP('',(#4809,#4810,#4831,#4832));
#4809 = ORIENTED_EDGE('',*,*,#4524,.F.);
#4810 = ORIENTED_EDGE('',*,*,#4811,.T.);
#4811 = EDGE_CURVE('',#4502,#4181,#4812,.T.);
#4812 = SURFACE_CURVE('',#4813,(#4817,#4824),.PCURVE_S1.);
#4813 = LINE('',#4814,#4815);
#4814 = CARTESIAN_POINT('',(176.2,3.,159.5));
#4815 = VECTOR('',#4816,1.);
#4816 = DIRECTION('',(0.,-1.,0.));
#4817 = PCURVE('',#4201,#4818);
#4818 = DEFINITIONAL_REPRESENTATION('',(#4819),#4823);
#4819 = LINE('',#4820,#4821);
#4820 = CARTESIAN_POINT('',(-0.,0.));
#4821 = VECTOR('',#4822,1.);
#4822 = DIRECTION('',(-0.,-1.));
#4823 = ( GEOMETRIC_REPRESENTATION_CONTEXT(2) 
PARAMETRIC_REPRESENTATION_CONTEXT() REPRESENTATION_CONTEXT('2D SPACE',''
  ) );
#4824 = PCURVE('',#4228,#4825);
#4825 = DEFINITIONAL_REPRESENTATION('',(#4826),#4830);
#4826 = LINE('',#4827,#4828);
#4827 = CARTESIAN_POINT('',(104.5,0.));
#4828 = VECTOR('',#4829,1.);
#4829 = DIRECTION('',(0.,-1.));
#4830 = ( GEOMETRIC_REPRESENTATION_CONTEXT(2) 
PARAMETRIC_REPRESENTATION_CONTEXT() REPRESENTATION_CONTEXT('2D SPACE',''
  ) );
#4831 = ORIENTED_EDGE('',*,*,#4180,.F.);
#4832 = ORIENTED_EDGE('',*,*,#4833,.T.);
#4833 = EDGE_CURVE('',#4160,#4525,#4834,.T.);
#4834 = SURFACE_CURVE('',#4835,(#4839,#4845),.PCURVE_S1.);
#4835 = LINE('',#4836,#4837);
#4836 = CARTESIAN_POINT('',(175.,3.,163.77083130081));
#4837 = VECTOR('',#4838,1.);
#4838 = DIRECTION('',(-0.,1.,-0.));
#4839 = PCURVE('',#4201,#4840);
#4840 = DEFINITIONAL_REPRESENTATION('',(#4841),#4844);
#4841 = B_SPLINE_CURVE_WITH_KNOTS('',1,(#4842,#4843),.UNSPECIFIED.,.F.,
  .F.,(2,2),(-3.0000006,5.999999999062E-07),.PIECEWISE_BEZIER_KNOTS.);
#4842 = CARTESIAN_POINT('',(-0.547826560607,-3.0000006));
#4843 = CARTESIAN_POINT('',(-0.547826560607,5.999999999062E-07));
#4844 = ( GEOMETRIC_REPRESENTATION_CONTEXT(2) 
PARAMETRIC_REPRESENTATION_CONTEXT() REPRESENTATION_CONTEXT('2D SPACE',''
  ) );
#4845 = PCURVE('',#1605,#4846);
#4846 = DEFINITIONAL_REPRESENTATION('',(#4847),#4850);
#4847 = B_SPLINE_CURVE_WITH_KNOTS('',1,(#4848,#4849),.UNSPECIFIED.,.F.,
  .F.,(2,2),(-3.0000006,5.999999999062E-07),.PIECEWISE_BEZIER_KNOTS.);
#4848 = CARTESIAN_POINT('',(112.77083130081,-0.9999994));
#4849 = CARTESIAN_POINT('',(112.77083130081,-4.0000006));
#4850 = ( GEOMETRIC_REPRESENTATION_CONTEXT(2) 
PARAMETRIC_REPRESENTATION_CONTEXT() REPRESENTATION_CONTEXT('2D SPACE',''
  ) );
#4851 = ADVANCED_FACE('',(#4852),#4228,.T.);
#4852 = FACE_BOUND('',#4853,.T.);
#4853 = EDGE_LOOP('',(#4854,#4855,#4876,#4877));
#4854 = ORIENTED_EDGE('',*,*,#4501,.F.);
#4855 = ORIENTED_EDGE('',*,*,#4856,.T.);
#4856 = EDGE_CURVE('',#4478,#4214,#4857,.T.);
#4857 = SURFACE_CURVE('',#4858,(#4862,#4869),.PCURVE_S1.);
#4858 = LINE('',#4859,#4860);
#4859 = CARTESIAN_POINT('',(176.2,3.,55.));
#4860 = VECTOR('',#4861,1.);
#4861 = DIRECTION('',(0.,-1.,0.));
#4862 = PCURVE('',#4228,#4863);
#4863 = DEFINITIONAL_REPRESENTATION('',(#4864),#4868);
#4864 = LINE('',#4865,#4866);
#4865 = CARTESIAN_POINT('',(1.42108547152E-14,0.));
#4866 = VECTOR('',#4867,1.);
#4867 = DIRECTION('',(0.,-1.));
#4868 = ( GEOMETRIC_REPRESENTATION_CONTEXT(2) 
PARAMETRIC_REPRESENTATION_CONTEXT() REPRESENTATION_CONTEXT('2D SPACE',''
  ) );
#4869 = PCURVE('',#4260,#4870);
#4870 = DEFINITIONAL_REPRESENTATION('',(#4871),#4875);
#4871 = LINE('',#4872,#4873);
#4872 = CARTESIAN_POINT('',(-6.28318530718,0.));
#4873 = VECTOR('',#4874,1.);
#4874 = DIRECTION('',(-0.,-1.));
#4875 = ( GEOMETRIC_REPRESENTATION_CONTEXT(2) 
PARAMETRIC_REPRESENTATION_CONTEXT() REPRESENTATION_CONTEXT('2D SPACE',''
  ) );
#4876 = ORIENTED_EDGE('',*,*,#4213,.F.);
#4877 = ORIENTED_EDGE('',*,*,#4811,.F.);
#4878 = ADVANCED_FACE('',(#4879),#4260,.F.);
#4879 = FACE_BOUND('',#4880,.T.);
#4880 = EDGE_LOOP('',(#4881,#4882,#4903,#4904));
#4881 = ORIENTED_EDGE('',*,*,#4477,.F.);
#4882 = ORIENTED_EDGE('',*,*,#4883,.T.);
#4883 = EDGE_CURVE('',#4455,#4240,#4884,.T.);
#4884 = SURFACE_CURVE('',#4885,(#4889,#4896),.PCURVE_S1.);
#4885 = LINE('',#4886,#4887);
#4886 = CARTESIAN_POINT('',(168.,3.,46.8));
#4887 = VECTOR('',#4888,1.);
#4888 = DIRECTION('',(0.,-1.,0.));
#4889 = PCURVE('',#4260,#4890);
#4890 = DEFINITIONAL_REPRESENTATION('',(#4891),#4895);
#4891 = LINE('',#4892,#4893);
#4892 = CARTESIAN_POINT('',(-4.712388980385,0.));
#4893 = VECTOR('',#4894,1.);
#4894 = DIRECTION('',(-0.,-1.));
#4895 = ( GEOMETRIC_REPRESENTATION_CONTEXT(2) 
PARAMETRIC_REPRESENTATION_CONTEXT() REPRESENTATION_CONTEXT('2D SPACE',''
  ) );
#4896 = PCURVE('',#4287,#4897);
#4897 = DEFINITIONAL_REPRESENTATION('',(#4898),#4902);
#4898 = LINE('',#4899,#4900);
#4899 = CARTESIAN_POINT('',(156.,0.));
#4900 = VECTOR('',#4901,1.);
#4901 = DIRECTION('',(0.,-1.));
#4902 = ( GEOMETRIC_REPRESENTATION_CONTEXT(2) 
PARAMETRIC_REPRESENTATION_CONTEXT() REPRESENTATION_CONTEXT('2D SPACE',''
  ) );
#4903 = ORIENTED_EDGE('',*,*,#4239,.F.);
#4904 = ORIENTED_EDGE('',*,*,#4856,.F.);
#4905 = ADVANCED_FACE('',(#4906),#4287,.T.);
#4906 = FACE_BOUND('',#4907,.T.);
#4907 = EDGE_LOOP('',(#4908,#4909,#4930,#4931));
#4908 = ORIENTED_EDGE('',*,*,#4454,.F.);
#4909 = ORIENTED_EDGE('',*,*,#4910,.T.);
#4910 = EDGE_CURVE('',#4431,#4273,#4911,.T.);
#4911 = SURFACE_CURVE('',#4912,(#4916,#4923),.PCURVE_S1.);
#4912 = LINE('',#4913,#4914);
#4913 = CARTESIAN_POINT('',(12.,3.,46.8));
#4914 = VECTOR('',#4915,1.);
#4915 = DIRECTION('',(0.,-1.,0.));
#4916 = PCURVE('',#4287,#4917);
#4917 = DEFINITIONAL_REPRESENTATION('',(#4918),#4922);
#4918 = LINE('',#4919,#4920);
#4919 = CARTESIAN_POINT('',(0.,0.));
#4920 = VECTOR('',#4921,1.);
#4921 = DIRECTION('',(0.,-1.));
#4922 = ( GEOMETRIC_REPRESENTATION_CONTEXT(2) 
PARAMETRIC_REPRESENTATION_CONTEXT() REPRESENTATION_CONTEXT('2D SPACE',''
  ) );
#4923 = PCURVE('',#4317,#4924);
#4924 = DEFINITIONAL_REPRESENTATION('',(#4925),#4929);
#4925 = LINE('',#4926,#4927);
#4926 = CARTESIAN_POINT('',(-4.712388980385,0.));
#4927 = VECTOR('',#4928,1.);
#4928 = DIRECTION('',(-0.,-1.));
#4929 = ( GEOMETRIC_REPRESENTATION_CONTEXT(2) 
PARAMETRIC_REPRESENTATION_CONTEXT() REPRESENTATION_CONTEXT('2D SPACE',''
  ) );
#4930 = ORIENTED_EDGE('',*,*,#4272,.F.);
#4931 = ORIENTED_EDGE('',*,*,#4883,.F.);
#4932 = ADVANCED_FACE('',(#4933),#4317,.F.);
#4933 = FACE_BOUND('',#4934,.T.);
#4934 = EDGE_LOOP('',(#4935,#4936,#4957,#4958));
#4935 = ORIENTED_EDGE('',*,*,#4430,.F.);
#4936 = ORIENTED_EDGE('',*,*,#4937,.T.);
#4937 = EDGE_CURVE('',#4408,#3946,#4938,.T.);
#4938 = SURFACE_CURVE('',#4939,(#4943,#4950),.PCURVE_S1.);
#4939 = LINE('',#4940,#4941);
#4940 = CARTESIAN_POINT('',(3.8,3.,55.));
#4941 = VECTOR('',#4942,1.);
#4942 = DIRECTION('',(0.,-1.,0.));
#4943 = PCURVE('',#4317,#4944);
#4944 = DEFINITIONAL_REPRESENTATION('',(#4945),#4949);
#4945 = LINE('',#4946,#4947);
#4946 = CARTESIAN_POINT('',(-3.14159265359,0.));
#4947 = VECTOR('',#4948,1.);
#4948 = DIRECTION('',(-0.,-1.));
#4949 = ( GEOMETRIC_REPRESENTATION_CONTEXT(2) 
PARAMETRIC_REPRESENTATION_CONTEXT() REPRESENTATION_CONTEXT('2D SPACE',''
  ) );
#4950 = PCURVE('',#3960,#4951);
#4951 = DEFINITIONAL_REPRESENTATION('',(#4952),#4956);
#4952 = LINE('',#4953,#4954);
#4953 = CARTESIAN_POINT('',(1.42108547152E-14,0.));
#4954 = VECTOR('',#4955,1.);
#4955 = DIRECTION('',(0.,-1.));
#4956 = ( GEOMETRIC_REPRESENTATION_CONTEXT(2) 
PARAMETRIC_REPRESENTATION_CONTEXT() REPRESENTATION_CONTEXT('2D SPACE',''
  ) );
#4957 = ORIENTED_EDGE('',*,*,#4298,.F.);
#4958 = ORIENTED_EDGE('',*,*,#4910,.F.);
#4959 = ADVANCED_FACE('',(#4960),#3960,.F.);
#4960 = FACE_BOUND('',#4961,.F.);
#4961 = EDGE_LOOP('',(#4962,#4963,#4964,#4965));
#4962 = ORIENTED_EDGE('',*,*,#4407,.F.);
#4963 = ORIENTED_EDGE('',*,*,#4937,.T.);
#4964 = ORIENTED_EDGE('',*,*,#3943,.F.);
#4965 = ORIENTED_EDGE('',*,*,#4383,.F.);
#4966 = ADVANCED_FACE('',(#4967),#3661,.T.);
#4967 = FACE_BOUND('',#4968,.T.);
#4968 = EDGE_LOOP('',(#4969,#4991,#4992,#5014));
#4969 = ORIENTED_EDGE('',*,*,#4970,.T.);
#4970 = EDGE_CURVE('',#4971,#3646,#4973,.T.);
#4971 = VERTEX_POINT('',#4972);
#4972 = CARTESIAN_POINT('',(180.,2.,159.5));
#4973 = SURFACE_CURVE('',#4974,(#4979,#4985),.PCURVE_S1.);
#4974 = CIRCLE('',#4975,2.);
#4975 = AXIS2_PLACEMENT_3D('',#4976,#4977,#4978);
#4976 = CARTESIAN_POINT('',(178.,2.,159.5));
#4977 = DIRECTION('',(6.123233995737E-17,0.,-1.));
#4978 = DIRECTION('',(1.,0.,6.123233995737E-17));
#4979 = PCURVE('',#3661,#4980);
#4980 = DEFINITIONAL_REPRESENTATION('',(#4981),#4984);
#4981 = B_SPLINE_CURVE_WITH_KNOTS('',1,(#4982,#4983),.UNSPECIFIED.,.F.,
  .F.,(2,2),(0.,1.570796326795),.PIECEWISE_BEZIER_KNOTS.);
#4982 = CARTESIAN_POINT('',(0.,0.));
#4983 = CARTESIAN_POINT('',(1.570796326795,0.));
#4984 = ( GEOMETRIC_REPRESENTATION_CONTEXT(2) 
PARAMETRIC_REPRESENTATION_CONTEXT() REPRESENTATION_CONTEXT('2D SPACE',''
  ) );
#4985 = PCURVE('',#3694,#4986);
#4986 = DEFINITIONAL_REPRESENTATION('',(#4987),#4990);
#4987 = B_SPLINE_CURVE_WITH_KNOTS('',1,(#4988,#4989),.UNSPECIFIED.,.F.,
  .F.,(2,2),(0.,1.570796326795),.PIECEWISE_BEZIER_KNOTS.);
#4988 = CARTESIAN_POINT('',(-1.570796326795,0.));
#4989 = CARTESIAN_POINT('',(-1.570796326795,1.570796326795));
#4990 = ( GEOMETRIC_REPRESENTATION_CONTEXT(2) 
PARAMETRIC_REPRESENTATION_CONTEXT() REPRESENTATION_CONTEXT('2D SPACE',''
  ) );
#4991 = ORIENTED_EDGE('',*,*,#3645,.T.);
#4992 = ORIENTED_EDGE('',*,*,#4993,.F.);
#4993 = EDGE_CURVE('',#4994,#3613,#4996,.T.);
#4994 = VERTEX_POINT('',#4995);
#4995 = CARTESIAN_POINT('',(180.,2.,12.));
#4996 = SURFACE_CURVE('',#4997,(#5002,#5008),.PCURVE_S1.);
#4997 = CIRCLE('',#4998,2.);
#4998 = AXIS2_PLACEMENT_3D('',#4999,#5000,#5001);
#4999 = CARTESIAN_POINT('',(178.,2.,12.));
#5000 = DIRECTION('',(0.,-0.,-1.));
#5001 = DIRECTION('',(1.,-0.,0.));
#5002 = PCURVE('',#3661,#5003);
#5003 = DEFINITIONAL_REPRESENTATION('',(#5004),#5007);
#5004 = B_SPLINE_CURVE_WITH_KNOTS('',1,(#5005,#5006),.UNSPECIFIED.,.F.,
  .F.,(2,2),(0.,1.570796326795),.PIECEWISE_BEZIER_KNOTS.);
#5005 = CARTESIAN_POINT('',(0.,147.5));
#5006 = CARTESIAN_POINT('',(1.570796326795,147.5));
#5007 = ( GEOMETRIC_REPRESENTATION_CONTEXT(2) 
PARAMETRIC_REPRESENTATION_CONTEXT() REPRESENTATION_CONTEXT('2D SPACE',''
  ) );
#5008 = PCURVE('',#3633,#5009);
#5009 = DEFINITIONAL_REPRESENTATION('',(#5010),#5013);
#5010 = B_SPLINE_CURVE_WITH_KNOTS('',1,(#5011,#5012),.UNSPECIFIED.,.F.,
  .F.,(2,2),(0.,1.570796326795),.PIECEWISE_BEZIER_KNOTS.);
#5011 = CARTESIAN_POINT('',(0.,0.));
#5012 = CARTESIAN_POINT('',(0.,1.570796326795));
#5013 = ( GEOMETRIC_REPRESENTATION_CONTEXT(2) 
PARAMETRIC_REPRESENTATION_CONTEXT() REPRESENTATION_CONTEXT('2D SPACE',''
  ) );
#5014 = ORIENTED_EDGE('',*,*,#5015,.F.);
#5015 = EDGE_CURVE('',#4971,#4994,#5016,.T.);
#5016 = SURFACE_CURVE('',#5017,(#5021,#5028),.PCURVE_S1.);
#5017 = LINE('',#5018,#5019);
#5018 = CARTESIAN_POINT('',(180.,2.,159.5));
#5019 = VECTOR('',#5020,1.);
#5020 = DIRECTION('',(-0.,-0.,-1.));
#5021 = PCURVE('',#3661,#5022);
#5022 = DEFINITIONAL_REPRESENTATION('',(#5023),#5027);
#5023 = LINE('',#5024,#5025);
#5024 = CARTESIAN_POINT('',(0.,0.));
#5025 = VECTOR('',#5026,1.);
#5026 = DIRECTION('',(0.,1.));
#5027 = ( GEOMETRIC_REPRESENTATION_CONTEXT(2) 
PARAMETRIC_REPRESENTATION_CONTEXT() REPRESENTATION_CONTEXT('2D SPACE',''
  ) );
#5028 = PCURVE('',#5029,#5034);
#5029 = PLANE('',#5030);
#5030 = AXIS2_PLACEMENT_3D('',#5031,#5032,#5033);
#5031 = CARTESIAN_POINT('',(180.,70.1,12.));
#5032 = DIRECTION('',(-1.,0.,0.));
#5033 = DIRECTION('',(0.,0.,1.));
#5034 = DEFINITIONAL_REPRESENTATION('',(#5035),#5039);
#5035 = LINE('',#5036,#5037);
#5036 = CARTESIAN_POINT('',(147.5,-68.1));
#5037 = VECTOR('',#5038,1.);
#5038 = DIRECTION('',(-1.,0.));
#5039 = ( GEOMETRIC_REPRESENTATION_CONTEXT(2) 
PARAMETRIC_REPRESENTATION_CONTEXT() REPRESENTATION_CONTEXT('2D SPACE',''
  ) );
#5040 = ADVANCED_FACE('',(#5041,#5126,#5238,#5350,#5385,#5497,#5609),
  #5029,.F.);
#5041 = FACE_BOUND('',#5042,.F.);
#5042 = EDGE_LOOP('',(#5043,#5071,#5072,#5100));
#5043 = ORIENTED_EDGE('',*,*,#5044,.T.);
#5044 = EDGE_CURVE('',#5045,#4994,#5047,.T.);
#5045 = VERTEX_POINT('',#5046);
#5046 = CARTESIAN_POINT('',(180.,68.9,12.));
#5047 = SURFACE_CURVE('',#5048,(#5052,#5059),.PCURVE_S1.);
#5048 = LINE('',#5049,#5050);
#5049 = CARTESIAN_POINT('',(180.,70.1,12.));
#5050 = VECTOR('',#5051,1.);
#5051 = DIRECTION('',(0.,-1.,0.));
#5052 = PCURVE('',#5029,#5053);
#5053 = DEFINITIONAL_REPRESENTATION('',(#5054),#5058);
#5054 = LINE('',#5055,#5056);
#5055 = CARTESIAN_POINT('',(0.,0.));
#5056 = VECTOR('',#5057,1.);
#5057 = DIRECTION('',(0.,-1.));
#5058 = ( GEOMETRIC_REPRESENTATION_CONTEXT(2) 
PARAMETRIC_REPRESENTATION_CONTEXT() REPRESENTATION_CONTEXT('2D SPACE',''
  ) );
#5059 = PCURVE('',#5060,#5065);
#5060 = CYLINDRICAL_SURFACE('',#5061,12.);
#5061 = AXIS2_PLACEMENT_3D('',#5062,#5063,#5064);
#5062 = CARTESIAN_POINT('',(168.,70.1,12.));
#5063 = DIRECTION('',(0.,1.,-0.));
#5064 = DIRECTION('',(-1.,0.,0.));
#5065 = DEFINITIONAL_REPRESENTATION('',(#5066),#5070);
#5066 = LINE('',#5067,#5068);
#5067 = CARTESIAN_POINT('',(3.14159265359,0.));
#5068 = VECTOR('',#5069,1.);
#5069 = DIRECTION('',(0.,-1.));
#5070 = ( GEOMETRIC_REPRESENTATION_CONTEXT(2) 
PARAMETRIC_REPRESENTATION_CONTEXT() REPRESENTATION_CONTEXT('2D SPACE',''
  ) );
#5071 = ORIENTED_EDGE('',*,*,#5015,.F.);
#5072 = ORIENTED_EDGE('',*,*,#5073,.F.);
#5073 = EDGE_CURVE('',#5074,#4971,#5076,.T.);
#5074 = VERTEX_POINT('',#5075);
#5075 = CARTESIAN_POINT('',(180.,68.9,159.5));
#5076 = SURFACE_CURVE('',#5077,(#5081,#5088),.PCURVE_S1.);
#5077 = LINE('',#5078,#5079);
#5078 = CARTESIAN_POINT('',(180.,70.1,159.5));
#5079 = VECTOR('',#5080,1.);
#5080 = DIRECTION('',(0.,-1.,0.));
#5081 = PCURVE('',#5029,#5082);
#5082 = DEFINITIONAL_REPRESENTATION('',(#5083),#5087);
#5083 = LINE('',#5084,#5085);
#5084 = CARTESIAN_POINT('',(147.5,0.));
#5085 = VECTOR('',#5086,1.);
#5086 = DIRECTION('',(0.,-1.));
#5087 = ( GEOMETRIC_REPRESENTATION_CONTEXT(2) 
PARAMETRIC_REPRESENTATION_CONTEXT() REPRESENTATION_CONTEXT('2D SPACE',''
  ) );
#5088 = PCURVE('',#5089,#5094);
#5089 = CYLINDRICAL_SURFACE('',#5090,12.);
#5090 = AXIS2_PLACEMENT_3D('',#5091,#5092,#5093);
#5091 = CARTESIAN_POINT('',(168.,70.1,159.5));
#5092 = DIRECTION('',(0.,1.,-0.));
#5093 = DIRECTION('',(-1.,0.,0.));
#5094 = DEFINITIONAL_REPRESENTATION('',(#5095),#5099);
#5095 = LINE('',#5096,#5097);
#5096 = CARTESIAN_POINT('',(3.14159265359,0.));
#5097 = VECTOR('',#5098,1.);
#5098 = DIRECTION('',(0.,-1.));
#5099 = ( GEOMETRIC_REPRESENTATION_CONTEXT(2) 
PARAMETRIC_REPRESENTATION_CONTEXT() REPRESENTATION_CONTEXT('2D SPACE',''
  ) );
#5100 = ORIENTED_EDGE('',*,*,#5101,.T.);
#5101 = EDGE_CURVE('',#5074,#5045,#5102,.T.);
#5102 = SURFACE_CURVE('',#5103,(#5107,#5114),.PCURVE_S1.);
#5103 = LINE('',#5104,#5105);
#5104 = CARTESIAN_POINT('',(180.,68.9,159.5));
#5105 = VECTOR('',#5106,1.);
#5106 = DIRECTION('',(-0.,-0.,-1.));
#5107 = PCURVE('',#5029,#5108);
#5108 = DEFINITIONAL_REPRESENTATION('',(#5109),#5113);
#5109 = LINE('',#5110,#5111);
#5110 = CARTESIAN_POINT('',(147.5,-1.2));
#5111 = VECTOR('',#5112,1.);
#5112 = DIRECTION('',(-1.,0.));
#5113 = ( GEOMETRIC_REPRESENTATION_CONTEXT(2) 
PARAMETRIC_REPRESENTATION_CONTEXT() REPRESENTATION_CONTEXT('2D SPACE',''
  ) );
#5114 = PCURVE('',#5115,#5120);
#5115 = CYLINDRICAL_SURFACE('',#5116,1.2);
#5116 = AXIS2_PLACEMENT_3D('',#5117,#5118,#5119);
#5117 = CARTESIAN_POINT('',(178.8,68.9,159.5));
#5118 = DIRECTION('',(-0.,-0.,-1.));
#5119 = DIRECTION('',(1.,-0.,0.));
#5120 = DEFINITIONAL_REPRESENTATION('',(#5121),#5125);
#5121 = LINE('',#5122,#5123);
#5122 = CARTESIAN_POINT('',(-0.,0.));
#5123 = VECTOR('',#5124,1.);
#5124 = DIRECTION('',(-0.,1.));
#5125 = ( GEOMETRIC_REPRESENTATION_CONTEXT(2) 
PARAMETRIC_REPRESENTATION_CONTEXT() REPRESENTATION_CONTEXT('2D SPACE',''
  ) );
#5126 = FACE_BOUND('',#5127,.F.);
#5127 = EDGE_LOOP('',(#5128,#5159,#5185,#5214));
#5128 = ORIENTED_EDGE('',*,*,#5129,.F.);
#5129 = EDGE_CURVE('',#5130,#5132,#5134,.T.);
#5130 = VERTEX_POINT('',#5131);
#5131 = CARTESIAN_POINT('',(180.,38.9,75.8));
#5132 = VERTEX_POINT('',#5133);
#5133 = CARTESIAN_POINT('',(180.,41.3,75.8));
#5134 = SURFACE_CURVE('',#5135,(#5140,#5147),.PCURVE_S1.);
#5135 = CIRCLE('',#5136,1.2);
#5136 = AXIS2_PLACEMENT_3D('',#5137,#5138,#5139);
#5137 = CARTESIAN_POINT('',(180.,40.1,75.8));
#5138 = DIRECTION('',(-1.,-0.,-0.));
#5139 = DIRECTION('',(0.,0.,-1.));
#5140 = PCURVE('',#5029,#5141);
#5141 = DEFINITIONAL_REPRESENTATION('',(#5142),#5146);
#5142 = CIRCLE('',#5143,1.2);
#5143 = AXIS2_PLACEMENT_2D('',#5144,#5145);
#5144 = CARTESIAN_POINT('',(63.8,-30.));
#5145 = DIRECTION('',(-1.,0.));
#5146 = ( GEOMETRIC_REPRESENTATION_CONTEXT(2) 
PARAMETRIC_REPRESENTATION_CONTEXT() REPRESENTATION_CONTEXT('2D SPACE',''
  ) );
#5147 = PCURVE('',#5148,#5153);
#5148 = CYLINDRICAL_SURFACE('',#5149,1.2);
#5149 = AXIS2_PLACEMENT_3D('',#5150,#5151,#5152);
#5150 = CARTESIAN_POINT('',(176.5,40.1,75.8));
#5151 = DIRECTION('',(-1.,-0.,-0.));
#5152 = DIRECTION('',(0.,0.,-1.));
#5153 = DEFINITIONAL_REPRESENTATION('',(#5154),#5158);
#5154 = LINE('',#5155,#5156);
#5155 = CARTESIAN_POINT('',(0.,-3.5));
#5156 = VECTOR('',#5157,1.);
#5157 = DIRECTION('',(1.,0.));
#5158 = ( GEOMETRIC_REPRESENTATION_CONTEXT(2) 
PARAMETRIC_REPRESENTATION_CONTEXT() REPRESENTATION_CONTEXT('2D SPACE',''
  ) );
#5159 = ORIENTED_EDGE('',*,*,#5160,.F.);
#5160 = EDGE_CURVE('',#5161,#5130,#5163,.T.);
#5161 = VERTEX_POINT('',#5162);
#5162 = CARTESIAN_POINT('',(180.,38.9,48.2));
#5163 = SURFACE_CURVE('',#5164,(#5168,#5174),.PCURVE_S1.);
#5164 = LINE('',#5165,#5166);
#5165 = CARTESIAN_POINT('',(180.,38.9,30.1));
#5166 = VECTOR('',#5167,1.);
#5167 = DIRECTION('',(0.,0.,1.));
#5168 = PCURVE('',#5029,#5169);
#5169 = DEFINITIONAL_REPRESENTATION('',(#5170),#5173);
#5170 = B_SPLINE_CURVE_WITH_KNOTS('',1,(#5171,#5172),.UNSPECIFIED.,.F.,
  .F.,(2,2),(18.1,45.7),.PIECEWISE_BEZIER_KNOTS.);
#5171 = CARTESIAN_POINT('',(36.2,-31.2));
#5172 = CARTESIAN_POINT('',(63.8,-31.2));
#5173 = ( GEOMETRIC_REPRESENTATION_CONTEXT(2) 
PARAMETRIC_REPRESENTATION_CONTEXT() REPRESENTATION_CONTEXT('2D SPACE',''
  ) );
#5174 = PCURVE('',#5175,#5180);
#5175 = PLANE('',#5176);
#5176 = AXIS2_PLACEMENT_3D('',#5177,#5178,#5179);
#5177 = CARTESIAN_POINT('',(176.5,38.9,48.2));
#5178 = DIRECTION('',(0.,-1.,0.));
#5179 = DIRECTION('',(0.,0.,1.));
#5180 = DEFINITIONAL_REPRESENTATION('',(#5181),#5184);
#5181 = B_SPLINE_CURVE_WITH_KNOTS('',1,(#5182,#5183),.UNSPECIFIED.,.F.,
  .F.,(2,2),(18.1,45.7),.PIECEWISE_BEZIER_KNOTS.);
#5182 = CARTESIAN_POINT('',(0.,-3.5));
#5183 = CARTESIAN_POINT('',(27.6,-3.5));
#5184 = ( GEOMETRIC_REPRESENTATION_CONTEXT(2) 
PARAMETRIC_REPRESENTATION_CONTEXT() REPRESENTATION_CONTEXT('2D SPACE',''
  ) );
#5185 = ORIENTED_EDGE('',*,*,#5186,.F.);
#5186 = EDGE_CURVE('',#5187,#5161,#5189,.T.);
#5187 = VERTEX_POINT('',#5188);
#5188 = CARTESIAN_POINT('',(180.,41.3,48.2));
#5189 = SURFACE_CURVE('',#5190,(#5195,#5202),.PCURVE_S1.);
#5190 = CIRCLE('',#5191,1.2);
#5191 = AXIS2_PLACEMENT_3D('',#5192,#5193,#5194);
#5192 = CARTESIAN_POINT('',(180.,40.1,48.2));
#5193 = DIRECTION('',(-1.,0.,0.));
#5194 = DIRECTION('',(0.,0.,1.));
#5195 = PCURVE('',#5029,#5196);
#5196 = DEFINITIONAL_REPRESENTATION('',(#5197),#5201);
#5197 = CIRCLE('',#5198,1.2);
#5198 = AXIS2_PLACEMENT_2D('',#5199,#5200);
#5199 = CARTESIAN_POINT('',(36.2,-30.));
#5200 = DIRECTION('',(1.,0.));
#5201 = ( GEOMETRIC_REPRESENTATION_CONTEXT(2) 
PARAMETRIC_REPRESENTATION_CONTEXT() REPRESENTATION_CONTEXT('2D SPACE',''
  ) );
#5202 = PCURVE('',#5203,#5208);
#5203 = CYLINDRICAL_SURFACE('',#5204,1.2);
#5204 = AXIS2_PLACEMENT_3D('',#5205,#5206,#5207);
#5205 = CARTESIAN_POINT('',(176.5,40.1,48.2));
#5206 = DIRECTION('',(-1.,0.,0.));
#5207 = DIRECTION('',(0.,0.,1.));
#5208 = DEFINITIONAL_REPRESENTATION('',(#5209),#5213);
#5209 = LINE('',#5210,#5211);
#5210 = CARTESIAN_POINT('',(0.,-3.5));
#5211 = VECTOR('',#5212,1.);
#5212 = DIRECTION('',(1.,0.));
#5213 = ( GEOMETRIC_REPRESENTATION_CONTEXT(2) 
PARAMETRIC_REPRESENTATION_CONTEXT() REPRESENTATION_CONTEXT('2D SPACE',''
  ) );
#5214 = ORIENTED_EDGE('',*,*,#5215,.T.);
#5215 = EDGE_CURVE('',#5187,#5132,#5216,.T.);
#5216 = SURFACE_CURVE('',#5217,(#5221,#5227),.PCURVE_S1.);
#5217 = LINE('',#5218,#5219);
#5218 = CARTESIAN_POINT('',(180.,41.3,37.));
#5219 = VECTOR('',#5220,1.);
#5220 = DIRECTION('',(0.,0.,1.));
#5221 = PCURVE('',#5029,#5222);
#5222 = DEFINITIONAL_REPRESENTATION('',(#5223),#5226);
#5223 = B_SPLINE_CURVE_WITH_KNOTS('',1,(#5224,#5225),.UNSPECIFIED.,.F.,
  .F.,(2,2),(11.2,38.8),.PIECEWISE_BEZIER_KNOTS.);
#5224 = CARTESIAN_POINT('',(36.2,-28.8));
#5225 = CARTESIAN_POINT('',(63.8,-28.8));
#5226 = ( GEOMETRIC_REPRESENTATION_CONTEXT(2) 
PARAMETRIC_REPRESENTATION_CONTEXT() REPRESENTATION_CONTEXT('2D SPACE',''
  ) );
#5227 = PCURVE('',#5228,#5233);
#5228 = PLANE('',#5229);
#5229 = AXIS2_PLACEMENT_3D('',#5230,#5231,#5232);
#5230 = CARTESIAN_POINT('',(176.5,41.3,62.));
#5231 = DIRECTION('',(0.,-1.,0.));
#5232 = DIRECTION('',(0.,0.,1.));
#5233 = DEFINITIONAL_REPRESENTATION('',(#5234),#5237);
#5234 = B_SPLINE_CURVE_WITH_KNOTS('',1,(#5235,#5236),.UNSPECIFIED.,.F.,
  .F.,(2,2),(11.2,38.8),.PIECEWISE_BEZIER_KNOTS.);
#5235 = CARTESIAN_POINT('',(-13.8,-3.5));
#5236 = CARTESIAN_POINT('',(13.8,-3.5));
#5237 = ( GEOMETRIC_REPRESENTATION_CONTEXT(2) 
PARAMETRIC_REPRESENTATION_CONTEXT() REPRESENTATION_CONTEXT('2D SPACE',''
  ) );
#5238 = FACE_BOUND('',#5239,.F.);
#5239 = EDGE_LOOP('',(#5240,#5271,#5297,#5326));
#5240 = ORIENTED_EDGE('',*,*,#5241,.F.);
#5241 = EDGE_CURVE('',#5242,#5244,#5246,.T.);
#5242 = VERTEX_POINT('',#5243);
#5243 = CARTESIAN_POINT('',(180.,43.9,75.8));
#5244 = VERTEX_POINT('',#5245);
#5245 = CARTESIAN_POINT('',(180.,46.3,75.8));
#5246 = SURFACE_CURVE('',#5247,(#5252,#5259),.PCURVE_S1.);
#5247 = CIRCLE('',#5248,1.2);
#5248 = AXIS2_PLACEMENT_3D('',#5249,#5250,#5251);
#5249 = CARTESIAN_POINT('',(180.,45.1,75.8));
#5250 = DIRECTION('',(-1.,-0.,-0.));
#5251 = DIRECTION('',(0.,0.,-1.));
#5252 = PCURVE('',#5029,#5253);
#5253 = DEFINITIONAL_REPRESENTATION('',(#5254),#5258);
#5254 = CIRCLE('',#5255,1.2);
#5255 = AXIS2_PLACEMENT_2D('',#5256,#5257);
#5256 = CARTESIAN_POINT('',(63.8,-25.));
#5257 = DIRECTION('',(-1.,0.));
#5258 = ( GEOMETRIC_REPRESENTATION_CONTEXT(2) 
PARAMETRIC_REPRESENTATION_CONTEXT() REPRESENTATION_CONTEXT('2D SPACE',''
  ) );
#5259 = PCURVE('',#5260,#5265);
#5260 = CYLINDRICAL_SURFACE('',#5261,1.2);
#5261 = AXIS2_PLACEMENT_3D('',#5262,#5263,#5264);
#5262 = CARTESIAN_POINT('',(176.5,45.1,75.8));
#5263 = DIRECTION('',(-1.,-0.,-0.));
#5264 = DIRECTION('',(0.,0.,-1.));
#5265 = DEFINITIONAL_REPRESENTATION('',(#5266),#5270);
#5266 = LINE('',#5267,#5268);
#5267 = CARTESIAN_POINT('',(0.,-3.5));
#5268 = VECTOR('',#5269,1.);
#5269 = DIRECTION('',(1.,0.));
#5270 = ( GEOMETRIC_REPRESENTATION_CONTEXT(2) 
PARAMETRIC_REPRESENTATION_CONTEXT() REPRESENTATION_CONTEXT('2D SPACE',''
  ) );
#5271 = ORIENTED_EDGE('',*,*,#5272,.F.);
#5272 = EDGE_CURVE('',#5273,#5242,#5275,.T.);
#5273 = VERTEX_POINT('',#5274);
#5274 = CARTESIAN_POINT('',(180.,43.9,48.2));
#5275 = SURFACE_CURVE('',#5276,(#5280,#5286),.PCURVE_S1.);
#5276 = LINE('',#5277,#5278);
#5277 = CARTESIAN_POINT('',(180.,43.9,30.1));
#5278 = VECTOR('',#5279,1.);
#5279 = DIRECTION('',(0.,0.,1.));
#5280 = PCURVE('',#5029,#5281);
#5281 = DEFINITIONAL_REPRESENTATION('',(#5282),#5285);
#5282 = B_SPLINE_CURVE_WITH_KNOTS('',1,(#5283,#5284),.UNSPECIFIED.,.F.,
  .F.,(2,2),(18.1,45.7),.PIECEWISE_BEZIER_KNOTS.);
#5283 = CARTESIAN_POINT('',(36.2,-26.2));
#5284 = CARTESIAN_POINT('',(63.8,-26.2));
#5285 = ( GEOMETRIC_REPRESENTATION_CONTEXT(2) 
PARAMETRIC_REPRESENTATION_CONTEXT() REPRESENTATION_CONTEXT('2D SPACE',''
  ) );
#5286 = PCURVE('',#5287,#5292);
#5287 = PLANE('',#5288);
#5288 = AXIS2_PLACEMENT_3D('',#5289,#5290,#5291);
#5289 = CARTESIAN_POINT('',(176.5,43.9,48.2));
#5290 = DIRECTION('',(0.,-1.,0.));
#5291 = DIRECTION('',(0.,0.,1.));
#5292 = DEFINITIONAL_REPRESENTATION('',(#5293),#5296);
#5293 = B_SPLINE_CURVE_WITH_KNOTS('',1,(#5294,#5295),.UNSPECIFIED.,.F.,
  .F.,(2,2),(18.1,45.7),.PIECEWISE_BEZIER_KNOTS.);
#5294 = CARTESIAN_POINT('',(0.,-3.5));
#5295 = CARTESIAN_POINT('',(27.6,-3.5));
#5296 = ( GEOMETRIC_REPRESENTATION_CONTEXT(2) 
PARAMETRIC_REPRESENTATION_CONTEXT() REPRESENTATION_CONTEXT('2D SPACE',''
  ) );
#5297 = ORIENTED_EDGE('',*,*,#5298,.F.);
#5298 = EDGE_CURVE('',#5299,#5273,#5301,.T.);
#5299 = VERTEX_POINT('',#5300);
#5300 = CARTESIAN_POINT('',(180.,46.3,48.2));
#5301 = SURFACE_CURVE('',#5302,(#5307,#5314),.PCURVE_S1.);
#5302 = CIRCLE('',#5303,1.2);
#5303 = AXIS2_PLACEMENT_3D('',#5304,#5305,#5306);
#5304 = CARTESIAN_POINT('',(180.,45.1,48.2));
#5305 = DIRECTION('',(-1.,0.,0.));
#5306 = DIRECTION('',(0.,0.,1.));
#5307 = PCURVE('',#5029,#5308);
#5308 = DEFINITIONAL_REPRESENTATION('',(#5309),#5313);
#5309 = CIRCLE('',#5310,1.2);
#5310 = AXIS2_PLACEMENT_2D('',#5311,#5312);
#5311 = CARTESIAN_POINT('',(36.2,-25.));
#5312 = DIRECTION('',(1.,0.));
#5313 = ( GEOMETRIC_REPRESENTATION_CONTEXT(2) 
PARAMETRIC_REPRESENTATION_CONTEXT() REPRESENTATION_CONTEXT('2D SPACE',''
  ) );
#5314 = PCURVE('',#5315,#5320);
#5315 = CYLINDRICAL_SURFACE('',#5316,1.2);
#5316 = AXIS2_PLACEMENT_3D('',#5317,#5318,#5319);
#5317 = CARTESIAN_POINT('',(176.5,45.1,48.2));
#5318 = DIRECTION('',(-1.,0.,0.));
#5319 = DIRECTION('',(0.,0.,1.));
#5320 = DEFINITIONAL_REPRESENTATION('',(#5321),#5325);
#5321 = LINE('',#5322,#5323);
#5322 = CARTESIAN_POINT('',(0.,-3.5));
#5323 = VECTOR('',#5324,1.);
#5324 = DIRECTION('',(1.,0.));
#5325 = ( GEOMETRIC_REPRESENTATION_CONTEXT(2) 
PARAMETRIC_REPRESENTATION_CONTEXT() REPRESENTATION_CONTEXT('2D SPACE',''
  ) );
#5326 = ORIENTED_EDGE('',*,*,#5327,.T.);
#5327 = EDGE_CURVE('',#5299,#5244,#5328,.T.);
#5328 = SURFACE_CURVE('',#5329,(#5333,#5339),.PCURVE_S1.);
#5329 = LINE('',#5330,#5331);
#5330 = CARTESIAN_POINT('',(180.,46.3,37.));
#5331 = VECTOR('',#5332,1.);
#5332 = DIRECTION('',(0.,0.,1.));
#5333 = PCURVE('',#5029,#5334);
#5334 = DEFINITIONAL_REPRESENTATION('',(#5335),#5338);
#5335 = B_SPLINE_CURVE_WITH_KNOTS('',1,(#5336,#5337),.UNSPECIFIED.,.F.,
  .F.,(2,2),(11.2,38.8),.PIECEWISE_BEZIER_KNOTS.);
#5336 = CARTESIAN_POINT('',(36.2,-23.8));
#5337 = CARTESIAN_POINT('',(63.8,-23.8));
#5338 = ( GEOMETRIC_REPRESENTATION_CONTEXT(2) 
PARAMETRIC_REPRESENTATION_CONTEXT() REPRESENTATION_CONTEXT('2D SPACE',''
  ) );
#5339 = PCURVE('',#5340,#5345);
#5340 = PLANE('',#5341);
#5341 = AXIS2_PLACEMENT_3D('',#5342,#5343,#5344);
#5342 = CARTESIAN_POINT('',(176.5,46.3,62.));
#5343 = DIRECTION('',(0.,-1.,0.));
#5344 = DIRECTION('',(0.,0.,1.));
#5345 = DEFINITIONAL_REPRESENTATION('',(#5346),#5349);
#5346 = B_SPLINE_CURVE_WITH_KNOTS('',1,(#5347,#5348),.UNSPECIFIED.,.F.,
  .F.,(2,2),(11.2,38.8),.PIECEWISE_BEZIER_KNOTS.);
#5347 = CARTESIAN_POINT('',(-13.8,-3.5));
#5348 = CARTESIAN_POINT('',(13.8,-3.5));
#5349 = ( GEOMETRIC_REPRESENTATION_CONTEXT(2) 
PARAMETRIC_REPRESENTATION_CONTEXT() REPRESENTATION_CONTEXT('2D SPACE',''
  ) );
#5350 = FACE_BOUND('',#5351,.F.);
#5351 = EDGE_LOOP('',(#5352));
#5352 = ORIENTED_EDGE('',*,*,#5353,.T.);
#5353 = EDGE_CURVE('',#5354,#5354,#5356,.T.);
#5354 = VERTEX_POINT('',#5355);
#5355 = CARTESIAN_POINT('',(180.,36.1,93.84));
#5356 = SURFACE_CURVE('',#5357,(#5362,#5373),.PCURVE_S1.);
#5357 = CIRCLE('',#5358,1.25);
#5358 = AXIS2_PLACEMENT_3D('',#5359,#5360,#5361);
#5359 = CARTESIAN_POINT('',(180.,36.1,95.09));
#5360 = DIRECTION('',(1.,0.,0.));
#5361 = DIRECTION('',(0.,0.,-1.));
#5362 = PCURVE('',#5029,#5363);
#5363 = DEFINITIONAL_REPRESENTATION('',(#5364),#5372);
#5364 = ( BOUNDED_CURVE() B_SPLINE_CURVE(2,(#5365,#5366,#5367,#5368,
#5369,#5370,#5371),.UNSPECIFIED.,.T.,.F.) B_SPLINE_CURVE_WITH_KNOTS((1,2
    ,2,2,2,1),(-2.094395102393,0.,2.094395102393,4.188790204786,
6.28318530718,8.377580409573),.UNSPECIFIED.) CURVE() 
GEOMETRIC_REPRESENTATION_ITEM() RATIONAL_B_SPLINE_CURVE((1.,0.5,1.,0.5,
1.,0.5,1.)) REPRESENTATION_ITEM('') );
#5365 = CARTESIAN_POINT('',(81.84,-34.));
#5366 = CARTESIAN_POINT('',(81.84,-31.83493649053));
#5367 = CARTESIAN_POINT('',(83.715,-32.91746824526));
#5368 = CARTESIAN_POINT('',(85.59,-34.));
#5369 = CARTESIAN_POINT('',(83.715,-35.08253175473));
#5370 = CARTESIAN_POINT('',(81.84,-36.16506350946));
#5371 = CARTESIAN_POINT('',(81.84,-34.));
#5372 = ( GEOMETRIC_REPRESENTATION_CONTEXT(2) 
PARAMETRIC_REPRESENTATION_CONTEXT() REPRESENTATION_CONTEXT('2D SPACE',''
  ) );
#5373 = PCURVE('',#5374,#5379);
#5374 = CYLINDRICAL_SURFACE('',#5375,1.25);
#5375 = AXIS2_PLACEMENT_3D('',#5376,#5377,#5378);
#5376 = CARTESIAN_POINT('',(176.5,36.1,95.09));
#5377 = DIRECTION('',(1.,0.,0.));
#5378 = DIRECTION('',(0.,0.,-1.));
#5379 = DEFINITIONAL_REPRESENTATION('',(#5380),#5384);
#5380 = LINE('',#5381,#5382);
#5381 = CARTESIAN_POINT('',(0.,3.5));
#5382 = VECTOR('',#5383,1.);
#5383 = DIRECTION('',(1.,0.));
#5384 = ( GEOMETRIC_REPRESENTATION_CONTEXT(2) 
PARAMETRIC_REPRESENTATION_CONTEXT() REPRESENTATION_CONTEXT('2D SPACE',''
  ) );
#5385 = FACE_BOUND('',#5386,.F.);
#5386 = EDGE_LOOP('',(#5387,#5418,#5444,#5473));
#5387 = ORIENTED_EDGE('',*,*,#5388,.F.);
#5388 = EDGE_CURVE('',#5389,#5391,#5393,.T.);
#5389 = VERTEX_POINT('',#5390);
#5390 = CARTESIAN_POINT('',(180.,48.9,75.8));
#5391 = VERTEX_POINT('',#5392);
#5392 = CARTESIAN_POINT('',(180.,51.3,75.8));
#5393 = SURFACE_CURVE('',#5394,(#5399,#5406),.PCURVE_S1.);
#5394 = CIRCLE('',#5395,1.2);
#5395 = AXIS2_PLACEMENT_3D('',#5396,#5397,#5398);
#5396 = CARTESIAN_POINT('',(180.,50.1,75.8));
#5397 = DIRECTION('',(-1.,-0.,-0.));
#5398 = DIRECTION('',(0.,0.,-1.));
#5399 = PCURVE('',#5029,#5400);
#5400 = DEFINITIONAL_REPRESENTATION('',(#5401),#5405);
#5401 = CIRCLE('',#5402,1.2);
#5402 = AXIS2_PLACEMENT_2D('',#5403,#5404);
#5403 = CARTESIAN_POINT('',(63.8,-20.));
#5404 = DIRECTION('',(-1.,0.));
#5405 = ( GEOMETRIC_REPRESENTATION_CONTEXT(2) 
PARAMETRIC_REPRESENTATION_CONTEXT() REPRESENTATION_CONTEXT('2D SPACE',''
  ) );
#5406 = PCURVE('',#5407,#5412);
#5407 = CYLINDRICAL_SURFACE('',#5408,1.2);
#5408 = AXIS2_PLACEMENT_3D('',#5409,#5410,#5411);
#5409 = CARTESIAN_POINT('',(176.5,50.1,75.8));
#5410 = DIRECTION('',(-1.,-0.,-0.));
#5411 = DIRECTION('',(0.,0.,-1.));
#5412 = DEFINITIONAL_REPRESENTATION('',(#5413),#5417);
#5413 = LINE('',#5414,#5415);
#5414 = CARTESIAN_POINT('',(0.,-3.5));
#5415 = VECTOR('',#5416,1.);
#5416 = DIRECTION('',(1.,0.));
#5417 = ( GEOMETRIC_REPRESENTATION_CONTEXT(2) 
PARAMETRIC_REPRESENTATION_CONTEXT() REPRESENTATION_CONTEXT('2D SPACE',''
  ) );
#5418 = ORIENTED_EDGE('',*,*,#5419,.F.);
#5419 = EDGE_CURVE('',#5420,#5389,#5422,.T.);
#5420 = VERTEX_POINT('',#5421);
#5421 = CARTESIAN_POINT('',(180.,48.9,48.2));
#5422 = SURFACE_CURVE('',#5423,(#5427,#5433),.PCURVE_S1.);
#5423 = LINE('',#5424,#5425);
#5424 = CARTESIAN_POINT('',(180.,48.9,30.1));
#5425 = VECTOR('',#5426,1.);
#5426 = DIRECTION('',(0.,0.,1.));
#5427 = PCURVE('',#5029,#5428);
#5428 = DEFINITIONAL_REPRESENTATION('',(#5429),#5432);
#5429 = B_SPLINE_CURVE_WITH_KNOTS('',1,(#5430,#5431),.UNSPECIFIED.,.F.,
  .F.,(2,2),(18.1,45.7),.PIECEWISE_BEZIER_KNOTS.);
#5430 = CARTESIAN_POINT('',(36.2,-21.2));
#5431 = CARTESIAN_POINT('',(63.8,-21.2));
#5432 = ( GEOMETRIC_REPRESENTATION_CONTEXT(2) 
PARAMETRIC_REPRESENTATION_CONTEXT() REPRESENTATION_CONTEXT('2D SPACE',''
  ) );
#5433 = PCURVE('',#5434,#5439);
#5434 = PLANE('',#5435);
#5435 = AXIS2_PLACEMENT_3D('',#5436,#5437,#5438);
#5436 = CARTESIAN_POINT('',(176.5,48.9,48.2));
#5437 = DIRECTION('',(0.,-1.,0.));
#5438 = DIRECTION('',(0.,0.,1.));
#5439 = DEFINITIONAL_REPRESENTATION('',(#5440),#5443);
#5440 = B_SPLINE_CURVE_WITH_KNOTS('',1,(#5441,#5442),.UNSPECIFIED.,.F.,
  .F.,(2,2),(18.1,45.7),.PIECEWISE_BEZIER_KNOTS.);
#5441 = CARTESIAN_POINT('',(0.,-3.5));
#5442 = CARTESIAN_POINT('',(27.6,-3.5));
#5443 = ( GEOMETRIC_REPRESENTATION_CONTEXT(2) 
PARAMETRIC_REPRESENTATION_CONTEXT() REPRESENTATION_CONTEXT('2D SPACE',''
  ) );
#5444 = ORIENTED_EDGE('',*,*,#5445,.F.);
#5445 = EDGE_CURVE('',#5446,#5420,#5448,.T.);
#5446 = VERTEX_POINT('',#5447);
#5447 = CARTESIAN_POINT('',(180.,51.3,48.2));
#5448 = SURFACE_CURVE('',#5449,(#5454,#5461),.PCURVE_S1.);
#5449 = CIRCLE('',#5450,1.2);
#5450 = AXIS2_PLACEMENT_3D('',#5451,#5452,#5453);
#5451 = CARTESIAN_POINT('',(180.,50.1,48.2));
#5452 = DIRECTION('',(-1.,0.,0.));
#5453 = DIRECTION('',(0.,0.,1.));
#5454 = PCURVE('',#5029,#5455);
#5455 = DEFINITIONAL_REPRESENTATION('',(#5456),#5460);
#5456 = CIRCLE('',#5457,1.2);
#5457 = AXIS2_PLACEMENT_2D('',#5458,#5459);
#5458 = CARTESIAN_POINT('',(36.2,-20.));
#5459 = DIRECTION('',(1.,0.));
#5460 = ( GEOMETRIC_REPRESENTATION_CONTEXT(2) 
PARAMETRIC_REPRESENTATION_CONTEXT() REPRESENTATION_CONTEXT('2D SPACE',''
  ) );
#5461 = PCURVE('',#5462,#5467);
#5462 = CYLINDRICAL_SURFACE('',#5463,1.2);
#5463 = AXIS2_PLACEMENT_3D('',#5464,#5465,#5466);
#5464 = CARTESIAN_POINT('',(176.5,50.1,48.2));
#5465 = DIRECTION('',(-1.,0.,0.));
#5466 = DIRECTION('',(0.,0.,1.));
#5467 = DEFINITIONAL_REPRESENTATION('',(#5468),#5472);
#5468 = LINE('',#5469,#5470);
#5469 = CARTESIAN_POINT('',(0.,-3.5));
#5470 = VECTOR('',#5471,1.);
#5471 = DIRECTION('',(1.,0.));
#5472 = ( GEOMETRIC_REPRESENTATION_CONTEXT(2) 
PARAMETRIC_REPRESENTATION_CONTEXT() REPRESENTATION_CONTEXT('2D SPACE',''
  ) );
#5473 = ORIENTED_EDGE('',*,*,#5474,.T.);
#5474 = EDGE_CURVE('',#5446,#5391,#5475,.T.);
#5475 = SURFACE_CURVE('',#5476,(#5480,#5486),.PCURVE_S1.);
#5476 = LINE('',#5477,#5478);
#5477 = CARTESIAN_POINT('',(180.,51.3,37.));
#5478 = VECTOR('',#5479,1.);
#5479 = DIRECTION('',(0.,0.,1.));
#5480 = PCURVE('',#5029,#5481);
#5481 = DEFINITIONAL_REPRESENTATION('',(#5482),#5485);
#5482 = B_SPLINE_CURVE_WITH_KNOTS('',1,(#5483,#5484),.UNSPECIFIED.,.F.,
  .F.,(2,2),(11.2,38.8),.PIECEWISE_BEZIER_KNOTS.);
#5483 = CARTESIAN_POINT('',(36.2,-18.8));
#5484 = CARTESIAN_POINT('',(63.8,-18.8));
#5485 = ( GEOMETRIC_REPRESENTATION_CONTEXT(2) 
PARAMETRIC_REPRESENTATION_CONTEXT() REPRESENTATION_CONTEXT('2D SPACE',''
  ) );
#5486 = PCURVE('',#5487,#5492);
#5487 = PLANE('',#5488);
#5488 = AXIS2_PLACEMENT_3D('',#5489,#5490,#5491);
#5489 = CARTESIAN_POINT('',(176.5,51.3,62.));
#5490 = DIRECTION('',(0.,-1.,0.));
#5491 = DIRECTION('',(0.,0.,1.));
#5492 = DEFINITIONAL_REPRESENTATION('',(#5493),#5496);
#5493 = B_SPLINE_CURVE_WITH_KNOTS('',1,(#5494,#5495),.UNSPECIFIED.,.F.,
  .F.,(2,2),(11.2,38.8),.PIECEWISE_BEZIER_KNOTS.);
#5494 = CARTESIAN_POINT('',(-13.8,-3.5));
#5495 = CARTESIAN_POINT('',(13.8,-3.5));
#5496 = ( GEOMETRIC_REPRESENTATION_CONTEXT(2) 
PARAMETRIC_REPRESENTATION_CONTEXT() REPRESENTATION_CONTEXT('2D SPACE',''
  ) );
#5497 = FACE_BOUND('',#5498,.F.);
#5498 = EDGE_LOOP('',(#5499,#5530,#5556,#5585));
#5499 = ORIENTED_EDGE('',*,*,#5500,.F.);
#5500 = EDGE_CURVE('',#5501,#5503,#5505,.T.);
#5501 = VERTEX_POINT('',#5502);
#5502 = CARTESIAN_POINT('',(180.,53.9,75.8));
#5503 = VERTEX_POINT('',#5504);
#5504 = CARTESIAN_POINT('',(180.,56.3,75.8));
#5505 = SURFACE_CURVE('',#5506,(#5511,#5518),.PCURVE_S1.);
#5506 = CIRCLE('',#5507,1.2);
#5507 = AXIS2_PLACEMENT_3D('',#5508,#5509,#5510);
#5508 = CARTESIAN_POINT('',(180.,55.1,75.8));
#5509 = DIRECTION('',(-1.,-0.,-0.));
#5510 = DIRECTION('',(0.,0.,-1.));
#5511 = PCURVE('',#5029,#5512);
#5512 = DEFINITIONAL_REPRESENTATION('',(#5513),#5517);
#5513 = CIRCLE('',#5514,1.2);
#5514 = AXIS2_PLACEMENT_2D('',#5515,#5516);
#5515 = CARTESIAN_POINT('',(63.8,-15.));
#5516 = DIRECTION('',(-1.,0.));
#5517 = ( GEOMETRIC_REPRESENTATION_CONTEXT(2) 
PARAMETRIC_REPRESENTATION_CONTEXT() REPRESENTATION_CONTEXT('2D SPACE',''
  ) );
#5518 = PCURVE('',#5519,#5524);
#5519 = CYLINDRICAL_SURFACE('',#5520,1.2);
#5520 = AXIS2_PLACEMENT_3D('',#5521,#5522,#5523);
#5521 = CARTESIAN_POINT('',(176.5,55.1,75.8));
#5522 = DIRECTION('',(-1.,-0.,-0.));
#5523 = DIRECTION('',(0.,0.,-1.));
#5524 = DEFINITIONAL_REPRESENTATION('',(#5525),#5529);
#5525 = LINE('',#5526,#5527);
#5526 = CARTESIAN_POINT('',(0.,-3.5));
#5527 = VECTOR('',#5528,1.);
#5528 = DIRECTION('',(1.,0.));
#5529 = ( GEOMETRIC_REPRESENTATION_CONTEXT(2) 
PARAMETRIC_REPRESENTATION_CONTEXT() REPRESENTATION_CONTEXT('2D SPACE',''
  ) );
#5530 = ORIENTED_EDGE('',*,*,#5531,.F.);
#5531 = EDGE_CURVE('',#5532,#5501,#5534,.T.);
#5532 = VERTEX_POINT('',#5533);
#5533 = CARTESIAN_POINT('',(180.,53.9,48.2));
#5534 = SURFACE_CURVE('',#5535,(#5539,#5545),.PCURVE_S1.);
#5535 = LINE('',#5536,#5537);
#5536 = CARTESIAN_POINT('',(180.,53.9,30.1));
#5537 = VECTOR('',#5538,1.);
#5538 = DIRECTION('',(0.,0.,1.));
#5539 = PCURVE('',#5029,#5540);
#5540 = DEFINITIONAL_REPRESENTATION('',(#5541),#5544);
#5541 = B_SPLINE_CURVE_WITH_KNOTS('',1,(#5542,#5543),.UNSPECIFIED.,.F.,
  .F.,(2,2),(18.1,45.7),.PIECEWISE_BEZIER_KNOTS.);
#5542 = CARTESIAN_POINT('',(36.2,-16.2));
#5543 = CARTESIAN_POINT('',(63.8,-16.2));
#5544 = ( GEOMETRIC_REPRESENTATION_CONTEXT(2) 
PARAMETRIC_REPRESENTATION_CONTEXT() REPRESENTATION_CONTEXT('2D SPACE',''
  ) );
#5545 = PCURVE('',#5546,#5551);
#5546 = PLANE('',#5547);
#5547 = AXIS2_PLACEMENT_3D('',#5548,#5549,#5550);
#5548 = CARTESIAN_POINT('',(176.5,53.9,48.2));
#5549 = DIRECTION('',(0.,-1.,0.));
#5550 = DIRECTION('',(0.,0.,1.));
#5551 = DEFINITIONAL_REPRESENTATION('',(#5552),#5555);
#5552 = B_SPLINE_CURVE_WITH_KNOTS('',1,(#5553,#5554),.UNSPECIFIED.,.F.,
  .F.,(2,2),(18.1,45.7),.PIECEWISE_BEZIER_KNOTS.);
#5553 = CARTESIAN_POINT('',(0.,-3.5));
#5554 = CARTESIAN_POINT('',(27.6,-3.5));
#5555 = ( GEOMETRIC_REPRESENTATION_CONTEXT(2) 
PARAMETRIC_REPRESENTATION_CONTEXT() REPRESENTATION_CONTEXT('2D SPACE',''
  ) );
#5556 = ORIENTED_EDGE('',*,*,#5557,.F.);
#5557 = EDGE_CURVE('',#5558,#5532,#5560,.T.);
#5558 = VERTEX_POINT('',#5559);
#5559 = CARTESIAN_POINT('',(180.,56.3,48.2));
#5560 = SURFACE_CURVE('',#5561,(#5566,#5573),.PCURVE_S1.);
#5561 = CIRCLE('',#5562,1.2);
#5562 = AXIS2_PLACEMENT_3D('',#5563,#5564,#5565);
#5563 = CARTESIAN_POINT('',(180.,55.1,48.2));
#5564 = DIRECTION('',(-1.,0.,0.));
#5565 = DIRECTION('',(0.,0.,1.));
#5566 = PCURVE('',#5029,#5567);
#5567 = DEFINITIONAL_REPRESENTATION('',(#5568),#5572);
#5568 = CIRCLE('',#5569,1.2);
#5569 = AXIS2_PLACEMENT_2D('',#5570,#5571);
#5570 = CARTESIAN_POINT('',(36.2,-15.));
#5571 = DIRECTION('',(1.,0.));
#5572 = ( GEOMETRIC_REPRESENTATION_CONTEXT(2) 
PARAMETRIC_REPRESENTATION_CONTEXT() REPRESENTATION_CONTEXT('2D SPACE',''
  ) );
#5573 = PCURVE('',#5574,#5579);
#5574 = CYLINDRICAL_SURFACE('',#5575,1.2);
#5575 = AXIS2_PLACEMENT_3D('',#5576,#5577,#5578);
#5576 = CARTESIAN_POINT('',(176.5,55.1,48.2));
#5577 = DIRECTION('',(-1.,0.,0.));
#5578 = DIRECTION('',(0.,0.,1.));
#5579 = DEFINITIONAL_REPRESENTATION('',(#5580),#5584);
#5580 = LINE('',#5581,#5582);
#5581 = CARTESIAN_POINT('',(0.,-3.5));
#5582 = VECTOR('',#5583,1.);
#5583 = DIRECTION('',(1.,0.));
#5584 = ( GEOMETRIC_REPRESENTATION_CONTEXT(2) 
PARAMETRIC_REPRESENTATION_CONTEXT() REPRESENTATION_CONTEXT('2D SPACE',''
  ) );
#5585 = ORIENTED_EDGE('',*,*,#5586,.T.);
#5586 = EDGE_CURVE('',#5558,#5503,#5587,.T.);
#5587 = SURFACE_CURVE('',#5588,(#5592,#5598),.PCURVE_S1.);
#5588 = LINE('',#5589,#5590);
#5589 = CARTESIAN_POINT('',(180.,56.3,37.));
#5590 = VECTOR('',#5591,1.);
#5591 = DIRECTION('',(0.,0.,1.));
#5592 = PCURVE('',#5029,#5593);
#5593 = DEFINITIONAL_REPRESENTATION('',(#5594),#5597);
#5594 = B_SPLINE_CURVE_WITH_KNOTS('',1,(#5595,#5596),.UNSPECIFIED.,.F.,
  .F.,(2,2),(11.2,38.8),.PIECEWISE_BEZIER_KNOTS.);
#5595 = CARTESIAN_POINT('',(36.2,-13.8));
#5596 = CARTESIAN_POINT('',(63.8,-13.8));
#5597 = ( GEOMETRIC_REPRESENTATION_CONTEXT(2) 
PARAMETRIC_REPRESENTATION_CONTEXT() REPRESENTATION_CONTEXT('2D SPACE',''
  ) );
#5598 = PCURVE('',#5599,#5604);
#5599 = PLANE('',#5600);
#5600 = AXIS2_PLACEMENT_3D('',#5601,#5602,#5603);
#5601 = CARTESIAN_POINT('',(176.5,56.3,62.));
#5602 = DIRECTION('',(0.,-1.,0.));
#5603 = DIRECTION('',(0.,0.,1.));
#5604 = DEFINITIONAL_REPRESENTATION('',(#5605),#5608);
#5605 = B_SPLINE_CURVE_WITH_KNOTS('',1,(#5606,#5607),.UNSPECIFIED.,.F.,
  .F.,(2,2),(11.2,38.8),.PIECEWISE_BEZIER_KNOTS.);
#5606 = CARTESIAN_POINT('',(-13.8,-3.5));
#5607 = CARTESIAN_POINT('',(13.8,-3.5));
#5608 = ( GEOMETRIC_REPRESENTATION_CONTEXT(2) 
PARAMETRIC_REPRESENTATION_CONTEXT() REPRESENTATION_CONTEXT('2D SPACE',''
  ) );
#5609 = FACE_BOUND('',#5610,.F.);
#5610 = EDGE_LOOP('',(#5611,#5642,#5668,#5697));
#5611 = ORIENTED_EDGE('',*,*,#5612,.F.);
#5612 = EDGE_CURVE('',#5613,#5615,#5617,.T.);
#5613 = VERTEX_POINT('',#5614);
#5614 = CARTESIAN_POINT('',(180.,58.9,75.8));
#5615 = VERTEX_POINT('',#5616);
#5616 = CARTESIAN_POINT('',(180.,61.3,75.8));
#5617 = SURFACE_CURVE('',#5618,(#5623,#5630),.PCURVE_S1.);
#5618 = CIRCLE('',#5619,1.2);
#5619 = AXIS2_PLACEMENT_3D('',#5620,#5621,#5622);
#5620 = CARTESIAN_POINT('',(180.,60.1,75.8));
#5621 = DIRECTION('',(-1.,-0.,-0.));
#5622 = DIRECTION('',(0.,0.,-1.));
#5623 = PCURVE('',#5029,#5624);
#5624 = DEFINITIONAL_REPRESENTATION('',(#5625),#5629);
#5625 = CIRCLE('',#5626,1.2);
#5626 = AXIS2_PLACEMENT_2D('',#5627,#5628);
#5627 = CARTESIAN_POINT('',(63.8,-10.));
#5628 = DIRECTION('',(-1.,0.));
#5629 = ( GEOMETRIC_REPRESENTATION_CONTEXT(2) 
PARAMETRIC_REPRESENTATION_CONTEXT() REPRESENTATION_CONTEXT('2D SPACE',''
  ) );
#5630 = PCURVE('',#5631,#5636);
#5631 = CYLINDRICAL_SURFACE('',#5632,1.2);
#5632 = AXIS2_PLACEMENT_3D('',#5633,#5634,#5635);
#5633 = CARTESIAN_POINT('',(176.5,60.1,75.8));
#5634 = DIRECTION('',(-1.,-0.,-0.));
#5635 = DIRECTION('',(0.,0.,-1.));
#5636 = DEFINITIONAL_REPRESENTATION('',(#5637),#5641);
#5637 = LINE('',#5638,#5639);
#5638 = CARTESIAN_POINT('',(0.,-3.5));
#5639 = VECTOR('',#5640,1.);
#5640 = DIRECTION('',(1.,0.));
#5641 = ( GEOMETRIC_REPRESENTATION_CONTEXT(2) 
PARAMETRIC_REPRESENTATION_CONTEXT() REPRESENTATION_CONTEXT('2D SPACE',''
  ) );
#5642 = ORIENTED_EDGE('',*,*,#5643,.F.);
#5643 = EDGE_CURVE('',#5644,#5613,#5646,.T.);
#5644 = VERTEX_POINT('',#5645);
#5645 = CARTESIAN_POINT('',(180.,58.9,48.2));
#5646 = SURFACE_CURVE('',#5647,(#5651,#5657),.PCURVE_S1.);
#5647 = LINE('',#5648,#5649);
#5648 = CARTESIAN_POINT('',(180.,58.9,30.1));
#5649 = VECTOR('',#5650,1.);
#5650 = DIRECTION('',(0.,0.,1.));
#5651 = PCURVE('',#5029,#5652);
#5652 = DEFINITIONAL_REPRESENTATION('',(#5653),#5656);
#5653 = B_SPLINE_CURVE_WITH_KNOTS('',1,(#5654,#5655),.UNSPECIFIED.,.F.,
  .F.,(2,2),(18.1,45.7),.PIECEWISE_BEZIER_KNOTS.);
#5654 = CARTESIAN_POINT('',(36.2,-11.2));
#5655 = CARTESIAN_POINT('',(63.8,-11.2));
#5656 = ( GEOMETRIC_REPRESENTATION_CONTEXT(2) 
PARAMETRIC_REPRESENTATION_CONTEXT() REPRESENTATION_CONTEXT('2D SPACE',''
  ) );
#5657 = PCURVE('',#5658,#5663);
#5658 = PLANE('',#5659);
#5659 = AXIS2_PLACEMENT_3D('',#5660,#5661,#5662);
#5660 = CARTESIAN_POINT('',(176.5,58.9,48.2));
#5661 = DIRECTION('',(0.,-1.,0.));
#5662 = DIRECTION('',(0.,0.,1.));
#5663 = DEFINITIONAL_REPRESENTATION('',(#5664),#5667);
#5664 = B_SPLINE_CURVE_WITH_KNOTS('',1,(#5665,#5666),.UNSPECIFIED.,.F.,
  .F.,(2,2),(18.1,45.7),.PIECEWISE_BEZIER_KNOTS.);
#5665 = CARTESIAN_POINT('',(0.,-3.5));
#5666 = CARTESIAN_POINT('',(27.6,-3.5));
#5667 = ( GEOMETRIC_REPRESENTATION_CONTEXT(2) 
PARAMETRIC_REPRESENTATION_CONTEXT() REPRESENTATION_CONTEXT('2D SPACE',''
  ) );
#5668 = ORIENTED_EDGE('',*,*,#5669,.F.);
#5669 = EDGE_CURVE('',#5670,#5644,#5672,.T.);
#5670 = VERTEX_POINT('',#5671);
#5671 = CARTESIAN_POINT('',(180.,61.3,48.2));
#5672 = SURFACE_CURVE('',#5673,(#5678,#5685),.PCURVE_S1.);
#5673 = CIRCLE('',#5674,1.2);
#5674 = AXIS2_PLACEMENT_3D('',#5675,#5676,#5677);
#5675 = CARTESIAN_POINT('',(180.,60.1,48.2));
#5676 = DIRECTION('',(-1.,0.,0.));
#5677 = DIRECTION('',(0.,0.,1.));
#5678 = PCURVE('',#5029,#5679);
#5679 = DEFINITIONAL_REPRESENTATION('',(#5680),#5684);
#5680 = CIRCLE('',#5681,1.2);
#5681 = AXIS2_PLACEMENT_2D('',#5682,#5683);
#5682 = CARTESIAN_POINT('',(36.2,-10.));
#5683 = DIRECTION('',(1.,0.));
#5684 = ( GEOMETRIC_REPRESENTATION_CONTEXT(2) 
PARAMETRIC_REPRESENTATION_CONTEXT() REPRESENTATION_CONTEXT('2D SPACE',''
  ) );
#5685 = PCURVE('',#5686,#5691);
#5686 = CYLINDRICAL_SURFACE('',#5687,1.2);
#5687 = AXIS2_PLACEMENT_3D('',#5688,#5689,#5690);
#5688 = CARTESIAN_POINT('',(176.5,60.1,48.2));
#5689 = DIRECTION('',(-1.,0.,0.));
#5690 = DIRECTION('',(0.,0.,1.));
#5691 = DEFINITIONAL_REPRESENTATION('',(#5692),#5696);
#5692 = LINE('',#5693,#5694);
#5693 = CARTESIAN_POINT('',(0.,-3.5));
#5694 = VECTOR('',#5695,1.);
#5695 = DIRECTION('',(1.,0.));
#5696 = ( GEOMETRIC_REPRESENTATION_CONTEXT(2) 
PARAMETRIC_REPRESENTATION_CONTEXT() REPRESENTATION_CONTEXT('2D SPACE',''
  ) );
#5697 = ORIENTED_EDGE('',*,*,#5698,.T.);
#5698 = EDGE_CURVE('',#5670,#5615,#5699,.T.);
#5699 = SURFACE_CURVE('',#5700,(#5704,#5710),.PCURVE_S1.);
#5700 = LINE('',#5701,#5702);
#5701 = CARTESIAN_POINT('',(180.,61.3,37.));
#5702 = VECTOR('',#5703,1.);
#5703 = DIRECTION('',(0.,0.,1.));
#5704 = PCURVE('',#5029,#5705);
#5705 = DEFINITIONAL_REPRESENTATION('',(#5706),#5709);
#5706 = B_SPLINE_CURVE_WITH_KNOTS('',1,(#5707,#5708),.UNSPECIFIED.,.F.,
  .F.,(2,2),(11.2,38.8),.PIECEWISE_BEZIER_KNOTS.);
#5707 = CARTESIAN_POINT('',(36.2,-8.8));
#5708 = CARTESIAN_POINT('',(63.8,-8.8));
#5709 = ( GEOMETRIC_REPRESENTATION_CONTEXT(2) 
PARAMETRIC_REPRESENTATION_CONTEXT() REPRESENTATION_CONTEXT('2D SPACE',''
  ) );
#5710 = PCURVE('',#5711,#5716);
#5711 = PLANE('',#5712);
#5712 = AXIS2_PLACEMENT_3D('',#5713,#5714,#5715);
#5713 = CARTESIAN_POINT('',(176.5,61.3,62.));
#5714 = DIRECTION('',(0.,-1.,0.));
#5715 = DIRECTION('',(0.,0.,1.));
#5716 = DEFINITIONAL_REPRESENTATION('',(#5717),#5720);
#5717 = B_SPLINE_CURVE_WITH_KNOTS('',1,(#5718,#5719),.UNSPECIFIED.,.F.,
  .F.,(2,2),(11.2,38.8),.PIECEWISE_BEZIER_KNOTS.);
#5718 = CARTESIAN_POINT('',(-13.8,-3.5));
#5719 = CARTESIAN_POINT('',(13.8,-3.5));
#5720 = ( GEOMETRIC_REPRESENTATION_CONTEXT(2) 
PARAMETRIC_REPRESENTATION_CONTEXT() REPRESENTATION_CONTEXT('2D SPACE',''
  ) );
#5721 = ADVANCED_FACE('',(#5722),#5686,.F.);
#5722 = FACE_BOUND('',#5723,.F.);
#5723 = EDGE_LOOP('',(#5724,#5750,#5771,#5772));
#5724 = ORIENTED_EDGE('',*,*,#5725,.F.);
#5725 = EDGE_CURVE('',#5726,#5728,#5730,.T.);
#5726 = VERTEX_POINT('',#5727);
#5727 = CARTESIAN_POINT('',(177.5,61.3,48.2));
#5728 = VERTEX_POINT('',#5729);
#5729 = CARTESIAN_POINT('',(177.5,58.9,48.2));
#5730 = SURFACE_CURVE('',#5731,(#5736,#5743),.PCURVE_S1.);
#5731 = CIRCLE('',#5732,1.2);
#5732 = AXIS2_PLACEMENT_3D('',#5733,#5734,#5735);
#5733 = CARTESIAN_POINT('',(177.5,60.1,48.2));
#5734 = DIRECTION('',(-1.,0.,0.));
#5735 = DIRECTION('',(0.,0.,1.));
#5736 = PCURVE('',#5686,#5737);
#5737 = DEFINITIONAL_REPRESENTATION('',(#5738),#5742);
#5738 = LINE('',#5739,#5740);
#5739 = CARTESIAN_POINT('',(0.,-1.));
#5740 = VECTOR('',#5741,1.);
#5741 = DIRECTION('',(1.,0.));
#5742 = ( GEOMETRIC_REPRESENTATION_CONTEXT(2) 
PARAMETRIC_REPRESENTATION_CONTEXT() REPRESENTATION_CONTEXT('2D SPACE',''
  ) );
#5743 = PCURVE('',#1433,#5744);
#5744 = DEFINITIONAL_REPRESENTATION('',(#5745),#5749);
#5745 = CIRCLE('',#5746,1.2);
#5746 = AXIS2_PLACEMENT_2D('',#5747,#5748);
#5747 = CARTESIAN_POINT('',(36.2,-11.));
#5748 = DIRECTION('',(1.,0.));
#5749 = ( GEOMETRIC_REPRESENTATION_CONTEXT(2) 
PARAMETRIC_REPRESENTATION_CONTEXT() REPRESENTATION_CONTEXT('2D SPACE',''
  ) );
#5750 = ORIENTED_EDGE('',*,*,#5751,.T.);
#5751 = EDGE_CURVE('',#5726,#5670,#5752,.T.);
#5752 = SURFACE_CURVE('',#5753,(#5757,#5764),.PCURVE_S1.);
#5753 = LINE('',#5754,#5755);
#5754 = CARTESIAN_POINT('',(176.5,61.3,48.2));
#5755 = VECTOR('',#5756,1.);
#5756 = DIRECTION('',(1.,0.,-0.));
#5757 = PCURVE('',#5686,#5758);
#5758 = DEFINITIONAL_REPRESENTATION('',(#5759),#5763);
#5759 = LINE('',#5760,#5761);
#5760 = CARTESIAN_POINT('',(1.570796326795,0.));
#5761 = VECTOR('',#5762,1.);
#5762 = DIRECTION('',(0.,-1.));
#5763 = ( GEOMETRIC_REPRESENTATION_CONTEXT(2) 
PARAMETRIC_REPRESENTATION_CONTEXT() REPRESENTATION_CONTEXT('2D SPACE',''
  ) );
#5764 = PCURVE('',#5711,#5765);
#5765 = DEFINITIONAL_REPRESENTATION('',(#5766),#5770);
#5766 = LINE('',#5767,#5768);
#5767 = CARTESIAN_POINT('',(-13.8,0.));
#5768 = VECTOR('',#5769,1.);
#5769 = DIRECTION('',(0.,-1.));
#5770 = ( GEOMETRIC_REPRESENTATION_CONTEXT(2) 
PARAMETRIC_REPRESENTATION_CONTEXT() REPRESENTATION_CONTEXT('2D SPACE',''
  ) );
#5771 = ORIENTED_EDGE('',*,*,#5669,.T.);
#5772 = ORIENTED_EDGE('',*,*,#5773,.F.);
#5773 = EDGE_CURVE('',#5728,#5644,#5774,.T.);
#5774 = SURFACE_CURVE('',#5775,(#5779,#5786),.PCURVE_S1.);
#5775 = LINE('',#5776,#5777);
#5776 = CARTESIAN_POINT('',(176.5,58.9,48.2));
#5777 = VECTOR('',#5778,1.);
#5778 = DIRECTION('',(1.,0.,-0.));
#5779 = PCURVE('',#5686,#5780);
#5780 = DEFINITIONAL_REPRESENTATION('',(#5781),#5785);
#5781 = LINE('',#5782,#5783);
#5782 = CARTESIAN_POINT('',(4.712388980385,0.));
#5783 = VECTOR('',#5784,1.);
#5784 = DIRECTION('',(0.,-1.));
#5785 = ( GEOMETRIC_REPRESENTATION_CONTEXT(2) 
PARAMETRIC_REPRESENTATION_CONTEXT() REPRESENTATION_CONTEXT('2D SPACE',''
  ) );
#5786 = PCURVE('',#5658,#5787);
#5787 = DEFINITIONAL_REPRESENTATION('',(#5788),#5792);
#5788 = LINE('',#5789,#5790);
#5789 = CARTESIAN_POINT('',(0.,0.));
#5790 = VECTOR('',#5791,1.);
#5791 = DIRECTION('',(0.,-1.));
#5792 = ( GEOMETRIC_REPRESENTATION_CONTEXT(2) 
PARAMETRIC_REPRESENTATION_CONTEXT() REPRESENTATION_CONTEXT('2D SPACE',''
  ) );
#5793 = ADVANCED_FACE('',(#5794),#5711,.T.);
#5794 = FACE_BOUND('',#5795,.T.);
#5795 = EDGE_LOOP('',(#5796,#5819,#5838,#5839));
#5796 = ORIENTED_EDGE('',*,*,#5797,.F.);
#5797 = EDGE_CURVE('',#5798,#5615,#5800,.T.);
#5798 = VERTEX_POINT('',#5799);
#5799 = CARTESIAN_POINT('',(177.5,61.3,75.8));
#5800 = SURFACE_CURVE('',#5801,(#5805,#5812),.PCURVE_S1.);
#5801 = LINE('',#5802,#5803);
#5802 = CARTESIAN_POINT('',(176.5,61.3,75.8));
#5803 = VECTOR('',#5804,1.);
#5804 = DIRECTION('',(1.,0.,-0.));
#5805 = PCURVE('',#5711,#5806);
#5806 = DEFINITIONAL_REPRESENTATION('',(#5807),#5811);
#5807 = LINE('',#5808,#5809);
#5808 = CARTESIAN_POINT('',(13.8,0.));
#5809 = VECTOR('',#5810,1.);
#5810 = DIRECTION('',(0.,-1.));
#5811 = ( GEOMETRIC_REPRESENTATION_CONTEXT(2) 
PARAMETRIC_REPRESENTATION_CONTEXT() REPRESENTATION_CONTEXT('2D SPACE',''
  ) );
#5812 = PCURVE('',#5631,#5813);
#5813 = DEFINITIONAL_REPRESENTATION('',(#5814),#5818);
#5814 = LINE('',#5815,#5816);
#5815 = CARTESIAN_POINT('',(4.712388980385,0.));
#5816 = VECTOR('',#5817,1.);
#5817 = DIRECTION('',(0.,-1.));
#5818 = ( GEOMETRIC_REPRESENTATION_CONTEXT(2) 
PARAMETRIC_REPRESENTATION_CONTEXT() REPRESENTATION_CONTEXT('2D SPACE',''
  ) );
#5819 = ORIENTED_EDGE('',*,*,#5820,.F.);
#5820 = EDGE_CURVE('',#5726,#5798,#5821,.T.);
#5821 = SURFACE_CURVE('',#5822,(#5826,#5832),.PCURVE_S1.);
#5822 = LINE('',#5823,#5824);
#5823 = CARTESIAN_POINT('',(177.5,61.3,37.));
#5824 = VECTOR('',#5825,1.);
#5825 = DIRECTION('',(0.,0.,1.));
#5826 = PCURVE('',#5711,#5827);
#5827 = DEFINITIONAL_REPRESENTATION('',(#5828),#5831);
#5828 = B_SPLINE_CURVE_WITH_KNOTS('',1,(#5829,#5830),.UNSPECIFIED.,.F.,
  .F.,(2,2),(11.2,38.8),.PIECEWISE_BEZIER_KNOTS.);
#5829 = CARTESIAN_POINT('',(-13.8,-1.));
#5830 = CARTESIAN_POINT('',(13.8,-1.));
#5831 = ( GEOMETRIC_REPRESENTATION_CONTEXT(2) 
PARAMETRIC_REPRESENTATION_CONTEXT() REPRESENTATION_CONTEXT('2D SPACE',''
  ) );
#5832 = PCURVE('',#1433,#5833);
#5833 = DEFINITIONAL_REPRESENTATION('',(#5834),#5837);
#5834 = B_SPLINE_CURVE_WITH_KNOTS('',1,(#5835,#5836),.UNSPECIFIED.,.F.,
  .F.,(2,2),(11.2,38.8),.PIECEWISE_BEZIER_KNOTS.);
#5835 = CARTESIAN_POINT('',(36.2,-9.8));
#5836 = CARTESIAN_POINT('',(63.8,-9.8));
#5837 = ( GEOMETRIC_REPRESENTATION_CONTEXT(2) 
PARAMETRIC_REPRESENTATION_CONTEXT() REPRESENTATION_CONTEXT('2D SPACE',''
  ) );
#5838 = ORIENTED_EDGE('',*,*,#5751,.T.);
#5839 = ORIENTED_EDGE('',*,*,#5698,.T.);
#5840 = ADVANCED_FACE('',(#5841),#5658,.F.);
#5841 = FACE_BOUND('',#5842,.F.);
#5842 = EDGE_LOOP('',(#5843,#5864,#5865,#5866));
#5843 = ORIENTED_EDGE('',*,*,#5844,.F.);
#5844 = EDGE_CURVE('',#5728,#5845,#5847,.T.);
#5845 = VERTEX_POINT('',#5846);
#5846 = CARTESIAN_POINT('',(177.5,58.9,75.8));
#5847 = SURFACE_CURVE('',#5848,(#5852,#5858),.PCURVE_S1.);
#5848 = LINE('',#5849,#5850);
#5849 = CARTESIAN_POINT('',(177.5,58.9,30.1));
#5850 = VECTOR('',#5851,1.);
#5851 = DIRECTION('',(0.,0.,1.));
#5852 = PCURVE('',#5658,#5853);
#5853 = DEFINITIONAL_REPRESENTATION('',(#5854),#5857);
#5854 = B_SPLINE_CURVE_WITH_KNOTS('',1,(#5855,#5856),.UNSPECIFIED.,.F.,
  .F.,(2,2),(18.1,45.7),.PIECEWISE_BEZIER_KNOTS.);
#5855 = CARTESIAN_POINT('',(0.,-1.));
#5856 = CARTESIAN_POINT('',(27.6,-1.));
#5857 = ( GEOMETRIC_REPRESENTATION_CONTEXT(2) 
PARAMETRIC_REPRESENTATION_CONTEXT() REPRESENTATION_CONTEXT('2D SPACE',''
  ) );
#5858 = PCURVE('',#1433,#5859);
#5859 = DEFINITIONAL_REPRESENTATION('',(#5860),#5863);
#5860 = B_SPLINE_CURVE_WITH_KNOTS('',1,(#5861,#5862),.UNSPECIFIED.,.F.,
  .F.,(2,2),(18.1,45.7),.PIECEWISE_BEZIER_KNOTS.);
#5861 = CARTESIAN_POINT('',(36.2,-12.2));
#5862 = CARTESIAN_POINT('',(63.8,-12.2));
#5863 = ( GEOMETRIC_REPRESENTATION_CONTEXT(2) 
PARAMETRIC_REPRESENTATION_CONTEXT() REPRESENTATION_CONTEXT('2D SPACE',''
  ) );
#5864 = ORIENTED_EDGE('',*,*,#5773,.T.);
#5865 = ORIENTED_EDGE('',*,*,#5643,.T.);
#5866 = ORIENTED_EDGE('',*,*,#5867,.F.);
#5867 = EDGE_CURVE('',#5845,#5613,#5868,.T.);
#5868 = SURFACE_CURVE('',#5869,(#5873,#5880),.PCURVE_S1.);
#5869 = LINE('',#5870,#5871);
#5870 = CARTESIAN_POINT('',(176.5,58.9,75.8));
#5871 = VECTOR('',#5872,1.);
#5872 = DIRECTION('',(1.,0.,-0.));
#5873 = PCURVE('',#5658,#5874);
#5874 = DEFINITIONAL_REPRESENTATION('',(#5875),#5879);
#5875 = LINE('',#5876,#5877);
#5876 = CARTESIAN_POINT('',(27.6,0.));
#5877 = VECTOR('',#5878,1.);
#5878 = DIRECTION('',(0.,-1.));
#5879 = ( GEOMETRIC_REPRESENTATION_CONTEXT(2) 
PARAMETRIC_REPRESENTATION_CONTEXT() REPRESENTATION_CONTEXT('2D SPACE',''
  ) );
#5880 = PCURVE('',#5631,#5881);
#5881 = DEFINITIONAL_REPRESENTATION('',(#5882),#5886);
#5882 = LINE('',#5883,#5884);
#5883 = CARTESIAN_POINT('',(1.570796326795,0.));
#5884 = VECTOR('',#5885,1.);
#5885 = DIRECTION('',(0.,-1.));
#5886 = ( GEOMETRIC_REPRESENTATION_CONTEXT(2) 
PARAMETRIC_REPRESENTATION_CONTEXT() REPRESENTATION_CONTEXT('2D SPACE',''
  ) );
#5887 = ADVANCED_FACE('',(#5888),#5631,.F.);
#5888 = FACE_BOUND('',#5889,.F.);
#5889 = EDGE_LOOP('',(#5890,#5912,#5913,#5914));
#5890 = ORIENTED_EDGE('',*,*,#5891,.F.);
#5891 = EDGE_CURVE('',#5845,#5798,#5892,.T.);
#5892 = SURFACE_CURVE('',#5893,(#5898,#5905),.PCURVE_S1.);
#5893 = CIRCLE('',#5894,1.2);
#5894 = AXIS2_PLACEMENT_3D('',#5895,#5896,#5897);
#5895 = CARTESIAN_POINT('',(177.5,60.1,75.8));
#5896 = DIRECTION('',(-1.,-0.,-0.));
#5897 = DIRECTION('',(0.,0.,-1.));
#5898 = PCURVE('',#5631,#5899);
#5899 = DEFINITIONAL_REPRESENTATION('',(#5900),#5904);
#5900 = LINE('',#5901,#5902);
#5901 = CARTESIAN_POINT('',(0.,-1.));
#5902 = VECTOR('',#5903,1.);
#5903 = DIRECTION('',(1.,0.));
#5904 = ( GEOMETRIC_REPRESENTATION_CONTEXT(2) 
PARAMETRIC_REPRESENTATION_CONTEXT() REPRESENTATION_CONTEXT('2D SPACE',''
  ) );
#5905 = PCURVE('',#1433,#5906);
#5906 = DEFINITIONAL_REPRESENTATION('',(#5907),#5911);
#5907 = CIRCLE('',#5908,1.2);
#5908 = AXIS2_PLACEMENT_2D('',#5909,#5910);
#5909 = CARTESIAN_POINT('',(63.8,-11.));
#5910 = DIRECTION('',(-1.,0.));
#5911 = ( GEOMETRIC_REPRESENTATION_CONTEXT(2) 
PARAMETRIC_REPRESENTATION_CONTEXT() REPRESENTATION_CONTEXT('2D SPACE',''
  ) );
#5912 = ORIENTED_EDGE('',*,*,#5867,.T.);
#5913 = ORIENTED_EDGE('',*,*,#5612,.T.);
#5914 = ORIENTED_EDGE('',*,*,#5797,.F.);
#5915 = ADVANCED_FACE('',(#5916),#5574,.F.);
#5916 = FACE_BOUND('',#5917,.F.);
#5917 = EDGE_LOOP('',(#5918,#5944,#5965,#5966));
#5918 = ORIENTED_EDGE('',*,*,#5919,.F.);
#5919 = EDGE_CURVE('',#5920,#5922,#5924,.T.);
#5920 = VERTEX_POINT('',#5921);
#5921 = CARTESIAN_POINT('',(177.5,56.3,48.2));
#5922 = VERTEX_POINT('',#5923);
#5923 = CARTESIAN_POINT('',(177.5,53.9,48.2));
#5924 = SURFACE_CURVE('',#5925,(#5930,#5937),.PCURVE_S1.);
#5925 = CIRCLE('',#5926,1.2);
#5926 = AXIS2_PLACEMENT_3D('',#5927,#5928,#5929);
#5927 = CARTESIAN_POINT('',(177.5,55.1,48.2));
#5928 = DIRECTION('',(-1.,0.,0.));
#5929 = DIRECTION('',(0.,0.,1.));
#5930 = PCURVE('',#5574,#5931);
#5931 = DEFINITIONAL_REPRESENTATION('',(#5932),#5936);
#5932 = LINE('',#5933,#5934);
#5933 = CARTESIAN_POINT('',(0.,-1.));
#5934 = VECTOR('',#5935,1.);
#5935 = DIRECTION('',(1.,0.));
#5936 = ( GEOMETRIC_REPRESENTATION_CONTEXT(2) 
PARAMETRIC_REPRESENTATION_CONTEXT() REPRESENTATION_CONTEXT('2D SPACE',''
  ) );
#5937 = PCURVE('',#1433,#5938);
#5938 = DEFINITIONAL_REPRESENTATION('',(#5939),#5943);
#5939 = CIRCLE('',#5940,1.2);
#5940 = AXIS2_PLACEMENT_2D('',#5941,#5942);
#5941 = CARTESIAN_POINT('',(36.2,-16.));
#5942 = DIRECTION('',(1.,0.));
#5943 = ( GEOMETRIC_REPRESENTATION_CONTEXT(2) 
PARAMETRIC_REPRESENTATION_CONTEXT() REPRESENTATION_CONTEXT('2D SPACE',''
  ) );
#5944 = ORIENTED_EDGE('',*,*,#5945,.T.);
#5945 = EDGE_CURVE('',#5920,#5558,#5946,.T.);
#5946 = SURFACE_CURVE('',#5947,(#5951,#5958),.PCURVE_S1.);
#5947 = LINE('',#5948,#5949);
#5948 = CARTESIAN_POINT('',(176.5,56.3,48.2));
#5949 = VECTOR('',#5950,1.);
#5950 = DIRECTION('',(1.,0.,-0.));
#5951 = PCURVE('',#5574,#5952);
#5952 = DEFINITIONAL_REPRESENTATION('',(#5953),#5957);
#5953 = LINE('',#5954,#5955);
#5954 = CARTESIAN_POINT('',(1.570796326795,0.));
#5955 = VECTOR('',#5956,1.);
#5956 = DIRECTION('',(0.,-1.));
#5957 = ( GEOMETRIC_REPRESENTATION_CONTEXT(2) 
PARAMETRIC_REPRESENTATION_CONTEXT() REPRESENTATION_CONTEXT('2D SPACE',''
  ) );
#5958 = PCURVE('',#5599,#5959);
#5959 = DEFINITIONAL_REPRESENTATION('',(#5960),#5964);
#5960 = LINE('',#5961,#5962);
#5961 = CARTESIAN_POINT('',(-13.8,0.));
#5962 = VECTOR('',#5963,1.);
#5963 = DIRECTION('',(0.,-1.));
#5964 = ( GEOMETRIC_REPRESENTATION_CONTEXT(2) 
PARAMETRIC_REPRESENTATION_CONTEXT() REPRESENTATION_CONTEXT('2D SPACE',''
  ) );
#5965 = ORIENTED_EDGE('',*,*,#5557,.T.);
#5966 = ORIENTED_EDGE('',*,*,#5967,.F.);
#5967 = EDGE_CURVE('',#5922,#5532,#5968,.T.);
#5968 = SURFACE_CURVE('',#5969,(#5973,#5980),.PCURVE_S1.);
#5969 = LINE('',#5970,#5971);
#5970 = CARTESIAN_POINT('',(176.5,53.9,48.2));
#5971 = VECTOR('',#5972,1.);
#5972 = DIRECTION('',(1.,0.,-0.));
#5973 = PCURVE('',#5574,#5974);
#5974 = DEFINITIONAL_REPRESENTATION('',(#5975),#5979);
#5975 = LINE('',#5976,#5977);
#5976 = CARTESIAN_POINT('',(4.712388980385,0.));
#5977 = VECTOR('',#5978,1.);
#5978 = DIRECTION('',(0.,-1.));
#5979 = ( GEOMETRIC_REPRESENTATION_CONTEXT(2) 
PARAMETRIC_REPRESENTATION_CONTEXT() REPRESENTATION_CONTEXT('2D SPACE',''
  ) );
#5980 = PCURVE('',#5546,#5981);
#5981 = DEFINITIONAL_REPRESENTATION('',(#5982),#5986);
#5982 = LINE('',#5983,#5984);
#5983 = CARTESIAN_POINT('',(0.,0.));
#5984 = VECTOR('',#5985,1.);
#5985 = DIRECTION('',(0.,-1.));
#5986 = ( GEOMETRIC_REPRESENTATION_CONTEXT(2) 
PARAMETRIC_REPRESENTATION_CONTEXT() REPRESENTATION_CONTEXT('2D SPACE',''
  ) );
#5987 = ADVANCED_FACE('',(#5988),#5599,.T.);
#5988 = FACE_BOUND('',#5989,.T.);
#5989 = EDGE_LOOP('',(#5990,#6013,#6032,#6033));
#5990 = ORIENTED_EDGE('',*,*,#5991,.F.);
#5991 = EDGE_CURVE('',#5992,#5503,#5994,.T.);
#5992 = VERTEX_POINT('',#5993);
#5993 = CARTESIAN_POINT('',(177.5,56.3,75.8));
#5994 = SURFACE_CURVE('',#5995,(#5999,#6006),.PCURVE_S1.);
#5995 = LINE('',#5996,#5997);
#5996 = CARTESIAN_POINT('',(176.5,56.3,75.8));
#5997 = VECTOR('',#5998,1.);
#5998 = DIRECTION('',(1.,0.,-0.));
#5999 = PCURVE('',#5599,#6000);
#6000 = DEFINITIONAL_REPRESENTATION('',(#6001),#6005);
#6001 = LINE('',#6002,#6003);
#6002 = CARTESIAN_POINT('',(13.8,0.));
#6003 = VECTOR('',#6004,1.);
#6004 = DIRECTION('',(0.,-1.));
#6005 = ( GEOMETRIC_REPRESENTATION_CONTEXT(2) 
PARAMETRIC_REPRESENTATION_CONTEXT() REPRESENTATION_CONTEXT('2D SPACE',''
  ) );
#6006 = PCURVE('',#5519,#6007);
#6007 = DEFINITIONAL_REPRESENTATION('',(#6008),#6012);
#6008 = LINE('',#6009,#6010);
#6009 = CARTESIAN_POINT('',(4.712388980385,0.));
#6010 = VECTOR('',#6011,1.);
#6011 = DIRECTION('',(0.,-1.));
#6012 = ( GEOMETRIC_REPRESENTATION_CONTEXT(2) 
PARAMETRIC_REPRESENTATION_CONTEXT() REPRESENTATION_CONTEXT('2D SPACE',''
  ) );
#6013 = ORIENTED_EDGE('',*,*,#6014,.F.);
#6014 = EDGE_CURVE('',#5920,#5992,#6015,.T.);
#6015 = SURFACE_CURVE('',#6016,(#6020,#6026),.PCURVE_S1.);
#6016 = LINE('',#6017,#6018);
#6017 = CARTESIAN_POINT('',(177.5,56.3,37.));
#6018 = VECTOR('',#6019,1.);
#6019 = DIRECTION('',(0.,0.,1.));
#6020 = PCURVE('',#5599,#6021);
#6021 = DEFINITIONAL_REPRESENTATION('',(#6022),#6025);
#6022 = B_SPLINE_CURVE_WITH_KNOTS('',1,(#6023,#6024),.UNSPECIFIED.,.F.,
  .F.,(2,2),(11.2,38.8),.PIECEWISE_BEZIER_KNOTS.);
#6023 = CARTESIAN_POINT('',(-13.8,-1.));
#6024 = CARTESIAN_POINT('',(13.8,-1.));
#6025 = ( GEOMETRIC_REPRESENTATION_CONTEXT(2) 
PARAMETRIC_REPRESENTATION_CONTEXT() REPRESENTATION_CONTEXT('2D SPACE',''
  ) );
#6026 = PCURVE('',#1433,#6027);
#6027 = DEFINITIONAL_REPRESENTATION('',(#6028),#6031);
#6028 = B_SPLINE_CURVE_WITH_KNOTS('',1,(#6029,#6030),.UNSPECIFIED.,.F.,
  .F.,(2,2),(11.2,38.8),.PIECEWISE_BEZIER_KNOTS.);
#6029 = CARTESIAN_POINT('',(36.2,-14.8));
#6030 = CARTESIAN_POINT('',(63.8,-14.8));
#6031 = ( GEOMETRIC_REPRESENTATION_CONTEXT(2) 
PARAMETRIC_REPRESENTATION_CONTEXT() REPRESENTATION_CONTEXT('2D SPACE',''
  ) );
#6032 = ORIENTED_EDGE('',*,*,#5945,.T.);
#6033 = ORIENTED_EDGE('',*,*,#5586,.T.);
#6034 = ADVANCED_FACE('',(#6035),#5546,.F.);
#6035 = FACE_BOUND('',#6036,.F.);
#6036 = EDGE_LOOP('',(#6037,#6058,#6059,#6060));
#6037 = ORIENTED_EDGE('',*,*,#6038,.F.);
#6038 = EDGE_CURVE('',#5922,#6039,#6041,.T.);
#6039 = VERTEX_POINT('',#6040);
#6040 = CARTESIAN_POINT('',(177.5,53.9,75.8));
#6041 = SURFACE_CURVE('',#6042,(#6046,#6052),.PCURVE_S1.);
#6042 = LINE('',#6043,#6044);
#6043 = CARTESIAN_POINT('',(177.5,53.9,30.1));
#6044 = VECTOR('',#6045,1.);
#6045 = DIRECTION('',(0.,0.,1.));
#6046 = PCURVE('',#5546,#6047);
#6047 = DEFINITIONAL_REPRESENTATION('',(#6048),#6051);
#6048 = B_SPLINE_CURVE_WITH_KNOTS('',1,(#6049,#6050),.UNSPECIFIED.,.F.,
  .F.,(2,2),(18.1,45.7),.PIECEWISE_BEZIER_KNOTS.);
#6049 = CARTESIAN_POINT('',(0.,-1.));
#6050 = CARTESIAN_POINT('',(27.6,-1.));
#6051 = ( GEOMETRIC_REPRESENTATION_CONTEXT(2) 
PARAMETRIC_REPRESENTATION_CONTEXT() REPRESENTATION_CONTEXT('2D SPACE',''
  ) );
#6052 = PCURVE('',#1433,#6053);
#6053 = DEFINITIONAL_REPRESENTATION('',(#6054),#6057);
#6054 = B_SPLINE_CURVE_WITH_KNOTS('',1,(#6055,#6056),.UNSPECIFIED.,.F.,
  .F.,(2,2),(18.1,45.7),.PIECEWISE_BEZIER_KNOTS.);
#6055 = CARTESIAN_POINT('',(36.2,-17.2));
#6056 = CARTESIAN_POINT('',(63.8,-17.2));
#6057 = ( GEOMETRIC_REPRESENTATION_CONTEXT(2) 
PARAMETRIC_REPRESENTATION_CONTEXT() REPRESENTATION_CONTEXT('2D SPACE',''
  ) );
#6058 = ORIENTED_EDGE('',*,*,#5967,.T.);
#6059 = ORIENTED_EDGE('',*,*,#5531,.T.);
#6060 = ORIENTED_EDGE('',*,*,#6061,.F.);
#6061 = EDGE_CURVE('',#6039,#5501,#6062,.T.);
#6062 = SURFACE_CURVE('',#6063,(#6067,#6074),.PCURVE_S1.);
#6063 = LINE('',#6064,#6065);
#6064 = CARTESIAN_POINT('',(176.5,53.9,75.8));
#6065 = VECTOR('',#6066,1.);
#6066 = DIRECTION('',(1.,0.,-0.));
#6067 = PCURVE('',#5546,#6068);
#6068 = DEFINITIONAL_REPRESENTATION('',(#6069),#6073);
#6069 = LINE('',#6070,#6071);
#6070 = CARTESIAN_POINT('',(27.6,0.));
#6071 = VECTOR('',#6072,1.);
#6072 = DIRECTION('',(0.,-1.));
#6073 = ( GEOMETRIC_REPRESENTATION_CONTEXT(2) 
PARAMETRIC_REPRESENTATION_CONTEXT() REPRESENTATION_CONTEXT('2D SPACE',''
  ) );
#6074 = PCURVE('',#5519,#6075);
#6075 = DEFINITIONAL_REPRESENTATION('',(#6076),#6080);
#6076 = LINE('',#6077,#6078);
#6077 = CARTESIAN_POINT('',(1.570796326795,0.));
#6078 = VECTOR('',#6079,1.);
#6079 = DIRECTION('',(0.,-1.));
#6080 = ( GEOMETRIC_REPRESENTATION_CONTEXT(2) 
PARAMETRIC_REPRESENTATION_CONTEXT() REPRESENTATION_CONTEXT('2D SPACE',''
  ) );
#6081 = ADVANCED_FACE('',(#6082),#5519,.F.);
#6082 = FACE_BOUND('',#6083,.F.);
#6083 = EDGE_LOOP('',(#6084,#6106,#6107,#6108));
#6084 = ORIENTED_EDGE('',*,*,#6085,.F.);
#6085 = EDGE_CURVE('',#6039,#5992,#6086,.T.);
#6086 = SURFACE_CURVE('',#6087,(#6092,#6099),.PCURVE_S1.);
#6087 = CIRCLE('',#6088,1.2);
#6088 = AXIS2_PLACEMENT_3D('',#6089,#6090,#6091);
#6089 = CARTESIAN_POINT('',(177.5,55.1,75.8));
#6090 = DIRECTION('',(-1.,-0.,-0.));
#6091 = DIRECTION('',(0.,0.,-1.));
#6092 = PCURVE('',#5519,#6093);
#6093 = DEFINITIONAL_REPRESENTATION('',(#6094),#6098);
#6094 = LINE('',#6095,#6096);
#6095 = CARTESIAN_POINT('',(0.,-1.));
#6096 = VECTOR('',#6097,1.);
#6097 = DIRECTION('',(1.,0.));
#6098 = ( GEOMETRIC_REPRESENTATION_CONTEXT(2) 
PARAMETRIC_REPRESENTATION_CONTEXT() REPRESENTATION_CONTEXT('2D SPACE',''
  ) );
#6099 = PCURVE('',#1433,#6100);
#6100 = DEFINITIONAL_REPRESENTATION('',(#6101),#6105);
#6101 = CIRCLE('',#6102,1.2);
#6102 = AXIS2_PLACEMENT_2D('',#6103,#6104);
#6103 = CARTESIAN_POINT('',(63.8,-16.));
#6104 = DIRECTION('',(-1.,0.));
#6105 = ( GEOMETRIC_REPRESENTATION_CONTEXT(2) 
PARAMETRIC_REPRESENTATION_CONTEXT() REPRESENTATION_CONTEXT('2D SPACE',''
  ) );
#6106 = ORIENTED_EDGE('',*,*,#6061,.T.);
#6107 = ORIENTED_EDGE('',*,*,#5500,.T.);
#6108 = ORIENTED_EDGE('',*,*,#5991,.F.);
#6109 = ADVANCED_FACE('',(#6110),#5462,.F.);
#6110 = FACE_BOUND('',#6111,.F.);
#6111 = EDGE_LOOP('',(#6112,#6138,#6159,#6160));
#6112 = ORIENTED_EDGE('',*,*,#6113,.F.);
#6113 = EDGE_CURVE('',#6114,#6116,#6118,.T.);
#6114 = VERTEX_POINT('',#6115);
#6115 = CARTESIAN_POINT('',(177.5,51.3,48.2));
#6116 = VERTEX_POINT('',#6117);
#6117 = CARTESIAN_POINT('',(177.5,48.9,48.2));
#6118 = SURFACE_CURVE('',#6119,(#6124,#6131),.PCURVE_S1.);
#6119 = CIRCLE('',#6120,1.2);
#6120 = AXIS2_PLACEMENT_3D('',#6121,#6122,#6123);
#6121 = CARTESIAN_POINT('',(177.5,50.1,48.2));
#6122 = DIRECTION('',(-1.,0.,0.));
#6123 = DIRECTION('',(0.,0.,1.));
#6124 = PCURVE('',#5462,#6125);
#6125 = DEFINITIONAL_REPRESENTATION('',(#6126),#6130);
#6126 = LINE('',#6127,#6128);
#6127 = CARTESIAN_POINT('',(0.,-1.));
#6128 = VECTOR('',#6129,1.);
#6129 = DIRECTION('',(1.,0.));
#6130 = ( GEOMETRIC_REPRESENTATION_CONTEXT(2) 
PARAMETRIC_REPRESENTATION_CONTEXT() REPRESENTATION_CONTEXT('2D SPACE',''
  ) );
#6131 = PCURVE('',#1433,#6132);
#6132 = DEFINITIONAL_REPRESENTATION('',(#6133),#6137);
#6133 = CIRCLE('',#6134,1.2);
#6134 = AXIS2_PLACEMENT_2D('',#6135,#6136);
#6135 = CARTESIAN_POINT('',(36.2,-21.));
#6136 = DIRECTION('',(1.,0.));
#6137 = ( GEOMETRIC_REPRESENTATION_CONTEXT(2) 
PARAMETRIC_REPRESENTATION_CONTEXT() REPRESENTATION_CONTEXT('2D SPACE',''
  ) );
#6138 = ORIENTED_EDGE('',*,*,#6139,.T.);
#6139 = EDGE_CURVE('',#6114,#5446,#6140,.T.);
#6140 = SURFACE_CURVE('',#6141,(#6145,#6152),.PCURVE_S1.);
#6141 = LINE('',#6142,#6143);
#6142 = CARTESIAN_POINT('',(176.5,51.3,48.2));
#6143 = VECTOR('',#6144,1.);
#6144 = DIRECTION('',(1.,0.,-0.));
#6145 = PCURVE('',#5462,#6146);
#6146 = DEFINITIONAL_REPRESENTATION('',(#6147),#6151);
#6147 = LINE('',#6148,#6149);
#6148 = CARTESIAN_POINT('',(1.570796326795,0.));
#6149 = VECTOR('',#6150,1.);
#6150 = DIRECTION('',(0.,-1.));
#6151 = ( GEOMETRIC_REPRESENTATION_CONTEXT(2) 
PARAMETRIC_REPRESENTATION_CONTEXT() REPRESENTATION_CONTEXT('2D SPACE',''
  ) );
#6152 = PCURVE('',#5487,#6153);
#6153 = DEFINITIONAL_REPRESENTATION('',(#6154),#6158);
#6154 = LINE('',#6155,#6156);
#6155 = CARTESIAN_POINT('',(-13.8,0.));
#6156 = VECTOR('',#6157,1.);
#6157 = DIRECTION('',(0.,-1.));
#6158 = ( GEOMETRIC_REPRESENTATION_CONTEXT(2) 
PARAMETRIC_REPRESENTATION_CONTEXT() REPRESENTATION_CONTEXT('2D SPACE',''
  ) );
#6159 = ORIENTED_EDGE('',*,*,#5445,.T.);
#6160 = ORIENTED_EDGE('',*,*,#6161,.F.);
#6161 = EDGE_CURVE('',#6116,#5420,#6162,.T.);
#6162 = SURFACE_CURVE('',#6163,(#6167,#6174),.PCURVE_S1.);
#6163 = LINE('',#6164,#6165);
#6164 = CARTESIAN_POINT('',(176.5,48.9,48.2));
#6165 = VECTOR('',#6166,1.);
#6166 = DIRECTION('',(1.,0.,-0.));
#6167 = PCURVE('',#5462,#6168);
#6168 = DEFINITIONAL_REPRESENTATION('',(#6169),#6173);
#6169 = LINE('',#6170,#6171);
#6170 = CARTESIAN_POINT('',(4.712388980385,0.));
#6171 = VECTOR('',#6172,1.);
#6172 = DIRECTION('',(0.,-1.));
#6173 = ( GEOMETRIC_REPRESENTATION_CONTEXT(2) 
PARAMETRIC_REPRESENTATION_CONTEXT() REPRESENTATION_CONTEXT('2D SPACE',''
  ) );
#6174 = PCURVE('',#5434,#6175);
#6175 = DEFINITIONAL_REPRESENTATION('',(#6176),#6180);
#6176 = LINE('',#6177,#6178);
#6177 = CARTESIAN_POINT('',(0.,0.));
#6178 = VECTOR('',#6179,1.);
#6179 = DIRECTION('',(0.,-1.));
#6180 = ( GEOMETRIC_REPRESENTATION_CONTEXT(2) 
PARAMETRIC_REPRESENTATION_CONTEXT() REPRESENTATION_CONTEXT('2D SPACE',''
  ) );
#6181 = ADVANCED_FACE('',(#6182),#5487,.T.);
#6182 = FACE_BOUND('',#6183,.T.);
#6183 = EDGE_LOOP('',(#6184,#6207,#6226,#6227));
#6184 = ORIENTED_EDGE('',*,*,#6185,.F.);
#6185 = EDGE_CURVE('',#6186,#5391,#6188,.T.);
#6186 = VERTEX_POINT('',#6187);
#6187 = CARTESIAN_POINT('',(177.5,51.3,75.8));
#6188 = SURFACE_CURVE('',#6189,(#6193,#6200),.PCURVE_S1.);
#6189 = LINE('',#6190,#6191);
#6190 = CARTESIAN_POINT('',(176.5,51.3,75.8));
#6191 = VECTOR('',#6192,1.);
#6192 = DIRECTION('',(1.,0.,-0.));
#6193 = PCURVE('',#5487,#6194);
#6194 = DEFINITIONAL_REPRESENTATION('',(#6195),#6199);
#6195 = LINE('',#6196,#6197);
#6196 = CARTESIAN_POINT('',(13.8,0.));
#6197 = VECTOR('',#6198,1.);
#6198 = DIRECTION('',(0.,-1.));
#6199 = ( GEOMETRIC_REPRESENTATION_CONTEXT(2) 
PARAMETRIC_REPRESENTATION_CONTEXT() REPRESENTATION_CONTEXT('2D SPACE',''
  ) );
#6200 = PCURVE('',#5407,#6201);
#6201 = DEFINITIONAL_REPRESENTATION('',(#6202),#6206);
#6202 = LINE('',#6203,#6204);
#6203 = CARTESIAN_POINT('',(4.712388980385,0.));
#6204 = VECTOR('',#6205,1.);
#6205 = DIRECTION('',(0.,-1.));
#6206 = ( GEOMETRIC_REPRESENTATION_CONTEXT(2) 
PARAMETRIC_REPRESENTATION_CONTEXT() REPRESENTATION_CONTEXT('2D SPACE',''
  ) );
#6207 = ORIENTED_EDGE('',*,*,#6208,.F.);
#6208 = EDGE_CURVE('',#6114,#6186,#6209,.T.);
#6209 = SURFACE_CURVE('',#6210,(#6214,#6220),.PCURVE_S1.);
#6210 = LINE('',#6211,#6212);
#6211 = CARTESIAN_POINT('',(177.5,51.3,37.));
#6212 = VECTOR('',#6213,1.);
#6213 = DIRECTION('',(0.,0.,1.));
#6214 = PCURVE('',#5487,#6215);
#6215 = DEFINITIONAL_REPRESENTATION('',(#6216),#6219);
#6216 = B_SPLINE_CURVE_WITH_KNOTS('',1,(#6217,#6218),.UNSPECIFIED.,.F.,
  .F.,(2,2),(11.2,38.8),.PIECEWISE_BEZIER_KNOTS.);
#6217 = CARTESIAN_POINT('',(-13.8,-1.));
#6218 = CARTESIAN_POINT('',(13.8,-1.));
#6219 = ( GEOMETRIC_REPRESENTATION_CONTEXT(2) 
PARAMETRIC_REPRESENTATION_CONTEXT() REPRESENTATION_CONTEXT('2D SPACE',''
  ) );
#6220 = PCURVE('',#1433,#6221);
#6221 = DEFINITIONAL_REPRESENTATION('',(#6222),#6225);
#6222 = B_SPLINE_CURVE_WITH_KNOTS('',1,(#6223,#6224),.UNSPECIFIED.,.F.,
  .F.,(2,2),(11.2,38.8),.PIECEWISE_BEZIER_KNOTS.);
#6223 = CARTESIAN_POINT('',(36.2,-19.8));
#6224 = CARTESIAN_POINT('',(63.8,-19.8));
#6225 = ( GEOMETRIC_REPRESENTATION_CONTEXT(2) 
PARAMETRIC_REPRESENTATION_CONTEXT() REPRESENTATION_CONTEXT('2D SPACE',''
  ) );
#6226 = ORIENTED_EDGE('',*,*,#6139,.T.);
#6227 = ORIENTED_EDGE('',*,*,#5474,.T.);
#6228 = ADVANCED_FACE('',(#6229),#5434,.F.);
#6229 = FACE_BOUND('',#6230,.F.);
#6230 = EDGE_LOOP('',(#6231,#6252,#6253,#6254));
#6231 = ORIENTED_EDGE('',*,*,#6232,.F.);
#6232 = EDGE_CURVE('',#6116,#6233,#6235,.T.);
#6233 = VERTEX_POINT('',#6234);
#6234 = CARTESIAN_POINT('',(177.5,48.9,75.8));
#6235 = SURFACE_CURVE('',#6236,(#6240,#6246),.PCURVE_S1.);
#6236 = LINE('',#6237,#6238);
#6237 = CARTESIAN_POINT('',(177.5,48.9,30.1));
#6238 = VECTOR('',#6239,1.);
#6239 = DIRECTION('',(0.,0.,1.));
#6240 = PCURVE('',#5434,#6241);
#6241 = DEFINITIONAL_REPRESENTATION('',(#6242),#6245);
#6242 = B_SPLINE_CURVE_WITH_KNOTS('',1,(#6243,#6244),.UNSPECIFIED.,.F.,
  .F.,(2,2),(18.1,45.7),.PIECEWISE_BEZIER_KNOTS.);
#6243 = CARTESIAN_POINT('',(0.,-1.));
#6244 = CARTESIAN_POINT('',(27.6,-1.));
#6245 = ( GEOMETRIC_REPRESENTATION_CONTEXT(2) 
PARAMETRIC_REPRESENTATION_CONTEXT() REPRESENTATION_CONTEXT('2D SPACE',''
  ) );
#6246 = PCURVE('',#1433,#6247);
#6247 = DEFINITIONAL_REPRESENTATION('',(#6248),#6251);
#6248 = B_SPLINE_CURVE_WITH_KNOTS('',1,(#6249,#6250),.UNSPECIFIED.,.F.,
  .F.,(2,2),(18.1,45.7),.PIECEWISE_BEZIER_KNOTS.);
#6249 = CARTESIAN_POINT('',(36.2,-22.2));
#6250 = CARTESIAN_POINT('',(63.8,-22.2));
#6251 = ( GEOMETRIC_REPRESENTATION_CONTEXT(2) 
PARAMETRIC_REPRESENTATION_CONTEXT() REPRESENTATION_CONTEXT('2D SPACE',''
  ) );
#6252 = ORIENTED_EDGE('',*,*,#6161,.T.);
#6253 = ORIENTED_EDGE('',*,*,#5419,.T.);
#6254 = ORIENTED_EDGE('',*,*,#6255,.F.);
#6255 = EDGE_CURVE('',#6233,#5389,#6256,.T.);
#6256 = SURFACE_CURVE('',#6257,(#6261,#6268),.PCURVE_S1.);
#6257 = LINE('',#6258,#6259);
#6258 = CARTESIAN_POINT('',(176.5,48.9,75.8));
#6259 = VECTOR('',#6260,1.);
#6260 = DIRECTION('',(1.,0.,-0.));
#6261 = PCURVE('',#5434,#6262);
#6262 = DEFINITIONAL_REPRESENTATION('',(#6263),#6267);
#6263 = LINE('',#6264,#6265);
#6264 = CARTESIAN_POINT('',(27.6,0.));
#6265 = VECTOR('',#6266,1.);
#6266 = DIRECTION('',(0.,-1.));
#6267 = ( GEOMETRIC_REPRESENTATION_CONTEXT(2) 
PARAMETRIC_REPRESENTATION_CONTEXT() REPRESENTATION_CONTEXT('2D SPACE',''
  ) );
#6268 = PCURVE('',#5407,#6269);
#6269 = DEFINITIONAL_REPRESENTATION('',(#6270),#6274);
#6270 = LINE('',#6271,#6272);
#6271 = CARTESIAN_POINT('',(1.570796326795,0.));
#6272 = VECTOR('',#6273,1.);
#6273 = DIRECTION('',(0.,-1.));
#6274 = ( GEOMETRIC_REPRESENTATION_CONTEXT(2) 
PARAMETRIC_REPRESENTATION_CONTEXT() REPRESENTATION_CONTEXT('2D SPACE',''
  ) );
#6275 = ADVANCED_FACE('',(#6276),#5407,.F.);
#6276 = FACE_BOUND('',#6277,.F.);
#6277 = EDGE_LOOP('',(#6278,#6300,#6301,#6302));
#6278 = ORIENTED_EDGE('',*,*,#6279,.F.);
#6279 = EDGE_CURVE('',#6233,#6186,#6280,.T.);
#6280 = SURFACE_CURVE('',#6281,(#6286,#6293),.PCURVE_S1.);
#6281 = CIRCLE('',#6282,1.2);
#6282 = AXIS2_PLACEMENT_3D('',#6283,#6284,#6285);
#6283 = CARTESIAN_POINT('',(177.5,50.1,75.8));
#6284 = DIRECTION('',(-1.,-0.,-0.));
#6285 = DIRECTION('',(0.,0.,-1.));
#6286 = PCURVE('',#5407,#6287);
#6287 = DEFINITIONAL_REPRESENTATION('',(#6288),#6292);
#6288 = LINE('',#6289,#6290);
#6289 = CARTESIAN_POINT('',(0.,-1.));
#6290 = VECTOR('',#6291,1.);
#6291 = DIRECTION('',(1.,0.));
#6292 = ( GEOMETRIC_REPRESENTATION_CONTEXT(2) 
PARAMETRIC_REPRESENTATION_CONTEXT() REPRESENTATION_CONTEXT('2D SPACE',''
  ) );
#6293 = PCURVE('',#1433,#6294);
#6294 = DEFINITIONAL_REPRESENTATION('',(#6295),#6299);
#6295 = CIRCLE('',#6296,1.2);
#6296 = AXIS2_PLACEMENT_2D('',#6297,#6298);
#6297 = CARTESIAN_POINT('',(63.8,-21.));
#6298 = DIRECTION('',(-1.,0.));
#6299 = ( GEOMETRIC_REPRESENTATION_CONTEXT(2) 
PARAMETRIC_REPRESENTATION_CONTEXT() REPRESENTATION_CONTEXT('2D SPACE',''
  ) );
#6300 = ORIENTED_EDGE('',*,*,#6255,.T.);
#6301 = ORIENTED_EDGE('',*,*,#5388,.T.);
#6302 = ORIENTED_EDGE('',*,*,#6185,.F.);
#6303 = ADVANCED_FACE('',(#6304),#5374,.F.);
#6304 = FACE_BOUND('',#6305,.F.);
#6305 = EDGE_LOOP('',(#6306,#6307,#6330,#6361));
#6306 = ORIENTED_EDGE('',*,*,#5353,.F.);
#6307 = ORIENTED_EDGE('',*,*,#6308,.F.);
#6308 = EDGE_CURVE('',#6309,#5354,#6311,.T.);
#6309 = VERTEX_POINT('',#6310);
#6310 = CARTESIAN_POINT('',(177.5,36.1,93.84));
#6311 = SEAM_CURVE('',#6312,(#6316,#6323),.PCURVE_S1.);
#6312 = LINE('',#6313,#6314);
#6313 = CARTESIAN_POINT('',(176.5,36.1,93.84));
#6314 = VECTOR('',#6315,1.);
#6315 = DIRECTION('',(1.,0.,0.));
#6316 = PCURVE('',#5374,#6317);
#6317 = DEFINITIONAL_REPRESENTATION('',(#6318),#6322);
#6318 = LINE('',#6319,#6320);
#6319 = CARTESIAN_POINT('',(6.28318530718,-0.));
#6320 = VECTOR('',#6321,1.);
#6321 = DIRECTION('',(0.,1.));
#6322 = ( GEOMETRIC_REPRESENTATION_CONTEXT(2) 
PARAMETRIC_REPRESENTATION_CONTEXT() REPRESENTATION_CONTEXT('2D SPACE',''
  ) );
#6323 = PCURVE('',#5374,#6324);
#6324 = DEFINITIONAL_REPRESENTATION('',(#6325),#6329);
#6325 = LINE('',#6326,#6327);
#6326 = CARTESIAN_POINT('',(0.,-0.));
#6327 = VECTOR('',#6328,1.);
#6328 = DIRECTION('',(0.,1.));
#6329 = ( GEOMETRIC_REPRESENTATION_CONTEXT(2) 
PARAMETRIC_REPRESENTATION_CONTEXT() REPRESENTATION_CONTEXT('2D SPACE',''
  ) );
#6330 = ORIENTED_EDGE('',*,*,#6331,.T.);
#6331 = EDGE_CURVE('',#6309,#6309,#6332,.T.);
#6332 = SURFACE_CURVE('',#6333,(#6338,#6345),.PCURVE_S1.);
#6333 = CIRCLE('',#6334,1.25);
#6334 = AXIS2_PLACEMENT_3D('',#6335,#6336,#6337);
#6335 = CARTESIAN_POINT('',(177.5,36.1,95.09));
#6336 = DIRECTION('',(1.,0.,0.));
#6337 = DIRECTION('',(0.,0.,-1.));
#6338 = PCURVE('',#5374,#6339);
#6339 = DEFINITIONAL_REPRESENTATION('',(#6340),#6344);
#6340 = LINE('',#6341,#6342);
#6341 = CARTESIAN_POINT('',(0.,1.));
#6342 = VECTOR('',#6343,1.);
#6343 = DIRECTION('',(1.,0.));
#6344 = ( GEOMETRIC_REPRESENTATION_CONTEXT(2) 
PARAMETRIC_REPRESENTATION_CONTEXT() REPRESENTATION_CONTEXT('2D SPACE',''
  ) );
#6345 = PCURVE('',#6346,#6351);
#6346 = PLANE('',#6347);
#6347 = AXIS2_PLACEMENT_3D('',#6348,#6349,#6350);
#6348 = CARTESIAN_POINT('',(177.5,71.1,12.));
#6349 = DIRECTION('',(-1.,0.,0.));
#6350 = DIRECTION('',(0.,0.,1.));
#6351 = DEFINITIONAL_REPRESENTATION('',(#6352),#6360);
#6352 = ( BOUNDED_CURVE() B_SPLINE_CURVE(2,(#6353,#6354,#6355,#6356,
#6357,#6358,#6359),.UNSPECIFIED.,.T.,.F.) B_SPLINE_CURVE_WITH_KNOTS((1,2
    ,2,2,2,1),(-2.094395102393,0.,2.094395102393,4.188790204786,
6.28318530718,8.377580409573),.UNSPECIFIED.) CURVE() 
GEOMETRIC_REPRESENTATION_ITEM() RATIONAL_B_SPLINE_CURVE((1.,0.5,1.,0.5,
1.,0.5,1.)) REPRESENTATION_ITEM('') );
#6353 = CARTESIAN_POINT('',(81.84,-35.));
#6354 = CARTESIAN_POINT('',(81.84,-32.83493649053));
#6355 = CARTESIAN_POINT('',(83.715,-33.91746824526));
#6356 = CARTESIAN_POINT('',(85.59,-35.));
#6357 = CARTESIAN_POINT('',(83.715,-36.08253175473));
#6358 = CARTESIAN_POINT('',(81.84,-37.16506350946));
#6359 = CARTESIAN_POINT('',(81.84,-35.));
#6360 = ( GEOMETRIC_REPRESENTATION_CONTEXT(2) 
PARAMETRIC_REPRESENTATION_CONTEXT() REPRESENTATION_CONTEXT('2D SPACE',''
  ) );
#6361 = ORIENTED_EDGE('',*,*,#6308,.T.);
#6362 = ADVANCED_FACE('',(#6363,#6469),#6346,.T.);
#6363 = FACE_BOUND('',#6364,.T.);
#6364 = EDGE_LOOP('',(#6365,#6393,#6419,#6445));
#6365 = ORIENTED_EDGE('',*,*,#6366,.F.);
#6366 = EDGE_CURVE('',#6367,#6369,#6371,.T.);
#6367 = VERTEX_POINT('',#6368);
#6368 = CARTESIAN_POINT('',(177.5,26.375,83.8));
#6369 = VERTEX_POINT('',#6370);
#6370 = CARTESIAN_POINT('',(177.5,45.825,83.8));
#6371 = SURFACE_CURVE('',#6372,(#6376,#6382),.PCURVE_S1.);
#6372 = LINE('',#6373,#6374);
#6373 = CARTESIAN_POINT('',(177.5,48.7375,83.8));
#6374 = VECTOR('',#6375,1.);
#6375 = DIRECTION('',(0.,1.,-0.));
#6376 = PCURVE('',#6346,#6377);
#6377 = DEFINITIONAL_REPRESENTATION('',(#6378),#6381);
#6378 = B_SPLINE_CURVE_WITH_KNOTS('',1,(#6379,#6380),.UNSPECIFIED.,.F.,
  .F.,(2,2),(-22.3625,-2.9125),.PIECEWISE_BEZIER_KNOTS.);
#6379 = CARTESIAN_POINT('',(71.8,-44.725));
#6380 = CARTESIAN_POINT('',(71.8,-25.275));
#6381 = ( GEOMETRIC_REPRESENTATION_CONTEXT(2) 
PARAMETRIC_REPRESENTATION_CONTEXT() REPRESENTATION_CONTEXT('2D SPACE',''
  ) );
#6382 = PCURVE('',#6383,#6388);
#6383 = PLANE('',#6384);
#6384 = AXIS2_PLACEMENT_3D('',#6385,#6386,#6387);
#6385 = CARTESIAN_POINT('',(175.4,26.375,83.8));
#6386 = DIRECTION('',(0.,0.,1.));
#6387 = DIRECTION('',(1.,0.,-0.));
#6388 = DEFINITIONAL_REPRESENTATION('',(#6389),#6392);
#6389 = B_SPLINE_CURVE_WITH_KNOTS('',1,(#6390,#6391),.UNSPECIFIED.,.F.,
  .F.,(2,2),(-22.3625,-2.9125),.PIECEWISE_BEZIER_KNOTS.);
#6390 = CARTESIAN_POINT('',(2.1,0.));
#6391 = CARTESIAN_POINT('',(2.1,19.45));
#6392 = ( GEOMETRIC_REPRESENTATION_CONTEXT(2) 
PARAMETRIC_REPRESENTATION_CONTEXT() REPRESENTATION_CONTEXT('2D SPACE',''
  ) );
#6393 = ORIENTED_EDGE('',*,*,#6394,.F.);
#6394 = EDGE_CURVE('',#6395,#6367,#6397,.T.);
#6395 = VERTEX_POINT('',#6396);
#6396 = CARTESIAN_POINT('',(177.5,26.375,110.87));
#6397 = SURFACE_CURVE('',#6398,(#6402,#6408),.PCURVE_S1.);
#6398 = LINE('',#6399,#6400);
#6399 = CARTESIAN_POINT('',(177.5,26.375,47.9));
#6400 = VECTOR('',#6401,1.);
#6401 = DIRECTION('',(0.,0.,-1.));
#6402 = PCURVE('',#6346,#6403);
#6403 = DEFINITIONAL_REPRESENTATION('',(#6404),#6407);
#6404 = B_SPLINE_CURVE_WITH_KNOTS('',1,(#6405,#6406),.UNSPECIFIED.,.F.,
  .F.,(2,2),(-62.97,-35.9),.PIECEWISE_BEZIER_KNOTS.);
#6405 = CARTESIAN_POINT('',(98.87,-44.725));
#6406 = CARTESIAN_POINT('',(71.8,-44.725));
#6407 = ( GEOMETRIC_REPRESENTATION_CONTEXT(2) 
PARAMETRIC_REPRESENTATION_CONTEXT() REPRESENTATION_CONTEXT('2D SPACE',''
  ) );
#6408 = PCURVE('',#6409,#6414);
#6409 = PLANE('',#6410);
#6410 = AXIS2_PLACEMENT_3D('',#6411,#6412,#6413);
#6411 = CARTESIAN_POINT('',(175.4,26.375,83.8));
#6412 = DIRECTION('',(-0.,1.,0.));
#6413 = DIRECTION('',(0.,0.,1.));
#6414 = DEFINITIONAL_REPRESENTATION('',(#6415),#6418);
#6415 = B_SPLINE_CURVE_WITH_KNOTS('',1,(#6416,#6417),.UNSPECIFIED.,.F.,
  .F.,(2,2),(-62.97,-35.9),.PIECEWISE_BEZIER_KNOTS.);
#6416 = CARTESIAN_POINT('',(27.07,2.1));
#6417 = CARTESIAN_POINT('',(0.,2.1));
#6418 = ( GEOMETRIC_REPRESENTATION_CONTEXT(2) 
PARAMETRIC_REPRESENTATION_CONTEXT() REPRESENTATION_CONTEXT('2D SPACE',''
  ) );
#6419 = ORIENTED_EDGE('',*,*,#6420,.T.);
#6420 = EDGE_CURVE('',#6395,#6421,#6423,.T.);
#6421 = VERTEX_POINT('',#6422);
#6422 = CARTESIAN_POINT('',(177.5,45.825,110.87));
#6423 = SURFACE_CURVE('',#6424,(#6428,#6434),.PCURVE_S1.);
#6424 = LINE('',#6425,#6426);
#6425 = CARTESIAN_POINT('',(177.5,48.7375,110.87));
#6426 = VECTOR('',#6427,1.);
#6427 = DIRECTION('',(0.,1.,-0.));
#6428 = PCURVE('',#6346,#6429);
#6429 = DEFINITIONAL_REPRESENTATION('',(#6430),#6433);
#6430 = B_SPLINE_CURVE_WITH_KNOTS('',1,(#6431,#6432),.UNSPECIFIED.,.F.,
  .F.,(2,2),(-22.3625,-2.9125),.PIECEWISE_BEZIER_KNOTS.);
#6431 = CARTESIAN_POINT('',(98.87,-44.725));
#6432 = CARTESIAN_POINT('',(98.87,-25.275));
#6433 = ( GEOMETRIC_REPRESENTATION_CONTEXT(2) 
PARAMETRIC_REPRESENTATION_CONTEXT() REPRESENTATION_CONTEXT('2D SPACE',''
  ) );
#6434 = PCURVE('',#6435,#6440);
#6435 = PLANE('',#6436);
#6436 = AXIS2_PLACEMENT_3D('',#6437,#6438,#6439);
#6437 = CARTESIAN_POINT('',(175.4,26.375,110.87));
#6438 = DIRECTION('',(0.,0.,1.));
#6439 = DIRECTION('',(1.,0.,-0.));
#6440 = DEFINITIONAL_REPRESENTATION('',(#6441),#6444);
#6441 = B_SPLINE_CURVE_WITH_KNOTS('',1,(#6442,#6443),.UNSPECIFIED.,.F.,
  .F.,(2,2),(-22.3625,-2.9125),.PIECEWISE_BEZIER_KNOTS.);
#6442 = CARTESIAN_POINT('',(2.1,0.));
#6443 = CARTESIAN_POINT('',(2.1,19.45));
#6444 = ( GEOMETRIC_REPRESENTATION_CONTEXT(2) 
PARAMETRIC_REPRESENTATION_CONTEXT() REPRESENTATION_CONTEXT('2D SPACE',''
  ) );
#6445 = ORIENTED_EDGE('',*,*,#6446,.T.);
#6446 = EDGE_CURVE('',#6421,#6369,#6447,.T.);
#6447 = SURFACE_CURVE('',#6448,(#6452,#6458),.PCURVE_S1.);
#6448 = LINE('',#6449,#6450);
#6449 = CARTESIAN_POINT('',(177.5,45.825,47.9));
#6450 = VECTOR('',#6451,1.);
#6451 = DIRECTION('',(0.,0.,-1.));
#6452 = PCURVE('',#6346,#6453);
#6453 = DEFINITIONAL_REPRESENTATION('',(#6454),#6457);
#6454 = B_SPLINE_CURVE_WITH_KNOTS('',1,(#6455,#6456),.UNSPECIFIED.,.F.,
  .F.,(2,2),(-62.97,-35.9),.PIECEWISE_BEZIER_KNOTS.);
#6455 = CARTESIAN_POINT('',(98.87,-25.275));
#6456 = CARTESIAN_POINT('',(71.8,-25.275));
#6457 = ( GEOMETRIC_REPRESENTATION_CONTEXT(2) 
PARAMETRIC_REPRESENTATION_CONTEXT() REPRESENTATION_CONTEXT('2D SPACE',''
  ) );
#6458 = PCURVE('',#6459,#6464);
#6459 = PLANE('',#6460);
#6460 = AXIS2_PLACEMENT_3D('',#6461,#6462,#6463);
#6461 = CARTESIAN_POINT('',(175.4,45.825,83.8));
#6462 = DIRECTION('',(-0.,1.,0.));
#6463 = DIRECTION('',(0.,0.,1.));
#6464 = DEFINITIONAL_REPRESENTATION('',(#6465),#6468);
#6465 = B_SPLINE_CURVE_WITH_KNOTS('',1,(#6466,#6467),.UNSPECIFIED.,.F.,
  .F.,(2,2),(-62.97,-35.9),.PIECEWISE_BEZIER_KNOTS.);
#6466 = CARTESIAN_POINT('',(27.07,2.1));
#6467 = CARTESIAN_POINT('',(0.,2.1));
#6468 = ( GEOMETRIC_REPRESENTATION_CONTEXT(2) 
PARAMETRIC_REPRESENTATION_CONTEXT() REPRESENTATION_CONTEXT('2D SPACE',''
  ) );
#6469 = FACE_BOUND('',#6470,.T.);
#6470 = EDGE_LOOP('',(#6471));
#6471 = ORIENTED_EDGE('',*,*,#6331,.T.);
#6472 = ADVANCED_FACE('',(#6473),#6435,.F.);
#6473 = FACE_BOUND('',#6474,.F.);
#6474 = EDGE_LOOP('',(#6475,#6498,#6524,#6545));
#6475 = ORIENTED_EDGE('',*,*,#6476,.F.);
#6476 = EDGE_CURVE('',#6477,#6421,#6479,.T.);
#6477 = VERTEX_POINT('',#6478);
#6478 = CARTESIAN_POINT('',(175.5,45.825,110.87));
#6479 = SURFACE_CURVE('',#6480,(#6484,#6491),.PCURVE_S1.);
#6480 = LINE('',#6481,#6482);
#6481 = CARTESIAN_POINT('',(175.4,45.825,110.87));
#6482 = VECTOR('',#6483,1.);
#6483 = DIRECTION('',(1.,0.,-0.));
#6484 = PCURVE('',#6435,#6485);
#6485 = DEFINITIONAL_REPRESENTATION('',(#6486),#6490);
#6486 = LINE('',#6487,#6488);
#6487 = CARTESIAN_POINT('',(0.,19.45));
#6488 = VECTOR('',#6489,1.);
#6489 = DIRECTION('',(1.,0.));
#6490 = ( GEOMETRIC_REPRESENTATION_CONTEXT(2) 
PARAMETRIC_REPRESENTATION_CONTEXT() REPRESENTATION_CONTEXT('2D SPACE',''
  ) );
#6491 = PCURVE('',#6459,#6492);
#6492 = DEFINITIONAL_REPRESENTATION('',(#6493),#6497);
#6493 = LINE('',#6494,#6495);
#6494 = CARTESIAN_POINT('',(27.07,0.));
#6495 = VECTOR('',#6496,1.);
#6496 = DIRECTION('',(0.,1.));
#6497 = ( GEOMETRIC_REPRESENTATION_CONTEXT(2) 
PARAMETRIC_REPRESENTATION_CONTEXT() REPRESENTATION_CONTEXT('2D SPACE',''
  ) );
#6498 = ORIENTED_EDGE('',*,*,#6499,.T.);
#6499 = EDGE_CURVE('',#6477,#6500,#6502,.T.);
#6500 = VERTEX_POINT('',#6501);
#6501 = CARTESIAN_POINT('',(175.5,26.375,110.87));
#6502 = SURFACE_CURVE('',#6503,(#6507,#6513),.PCURVE_S1.);
#6503 = LINE('',#6504,#6505);
#6504 = CARTESIAN_POINT('',(175.5,25.675,110.87));
#6505 = VECTOR('',#6506,1.);
#6506 = DIRECTION('',(0.,-1.,0.));
#6507 = PCURVE('',#6435,#6508);
#6508 = DEFINITIONAL_REPRESENTATION('',(#6509),#6512);
#6509 = B_SPLINE_CURVE_WITH_KNOTS('',1,(#6510,#6511),.UNSPECIFIED.,.F.,
  .F.,(2,2),(-20.15,-0.7),.PIECEWISE_BEZIER_KNOTS.);
#6510 = CARTESIAN_POINT('',(9.999999999999E-02,19.45));
#6511 = CARTESIAN_POINT('',(9.999999999999E-02,0.));
#6512 = ( GEOMETRIC_REPRESENTATION_CONTEXT(2) 
PARAMETRIC_REPRESENTATION_CONTEXT() REPRESENTATION_CONTEXT('2D SPACE',''
  ) );
#6513 = PCURVE('',#6514,#6519);
#6514 = PLANE('',#6515);
#6515 = AXIS2_PLACEMENT_3D('',#6516,#6517,#6518);
#6516 = CARTESIAN_POINT('',(175.5,24.975,82.4));
#6517 = DIRECTION('',(1.,0.,-0.));
#6518 = DIRECTION('',(0.,0.,1.));
#6519 = DEFINITIONAL_REPRESENTATION('',(#6520),#6523);
#6520 = B_SPLINE_CURVE_WITH_KNOTS('',1,(#6521,#6522),.UNSPECIFIED.,.F.,
  .F.,(2,2),(-20.15,-0.7),.PIECEWISE_BEZIER_KNOTS.);
#6521 = CARTESIAN_POINT('',(28.47,-20.85));
#6522 = CARTESIAN_POINT('',(28.47,-1.4));
#6523 = ( GEOMETRIC_REPRESENTATION_CONTEXT(2) 
PARAMETRIC_REPRESENTATION_CONTEXT() REPRESENTATION_CONTEXT('2D SPACE',''
  ) );
#6524 = ORIENTED_EDGE('',*,*,#6525,.T.);
#6525 = EDGE_CURVE('',#6500,#6395,#6526,.T.);
#6526 = SURFACE_CURVE('',#6527,(#6531,#6538),.PCURVE_S1.);
#6527 = LINE('',#6528,#6529);
#6528 = CARTESIAN_POINT('',(175.4,26.375,110.87));
#6529 = VECTOR('',#6530,1.);
#6530 = DIRECTION('',(1.,0.,-0.));
#6531 = PCURVE('',#6435,#6532);
#6532 = DEFINITIONAL_REPRESENTATION('',(#6533),#6537);
#6533 = LINE('',#6534,#6535);
#6534 = CARTESIAN_POINT('',(0.,0.));
#6535 = VECTOR('',#6536,1.);
#6536 = DIRECTION('',(1.,0.));
#6537 = ( GEOMETRIC_REPRESENTATION_CONTEXT(2) 
PARAMETRIC_REPRESENTATION_CONTEXT() REPRESENTATION_CONTEXT('2D SPACE',''
  ) );
#6538 = PCURVE('',#6409,#6539);
#6539 = DEFINITIONAL_REPRESENTATION('',(#6540),#6544);
#6540 = LINE('',#6541,#6542);
#6541 = CARTESIAN_POINT('',(27.07,0.));
#6542 = VECTOR('',#6543,1.);
#6543 = DIRECTION('',(0.,1.));
#6544 = ( GEOMETRIC_REPRESENTATION_CONTEXT(2) 
PARAMETRIC_REPRESENTATION_CONTEXT() REPRESENTATION_CONTEXT('2D SPACE',''
  ) );
#6545 = ORIENTED_EDGE('',*,*,#6420,.T.);
#6546 = ADVANCED_FACE('',(#6547,#6661),#6514,.F.);
#6547 = FACE_BOUND('',#6548,.F.);
#6548 = EDGE_LOOP('',(#6549,#6579,#6607,#6635));
#6549 = ORIENTED_EDGE('',*,*,#6550,.F.);
#6550 = EDGE_CURVE('',#6551,#6553,#6555,.T.);
#6551 = VERTEX_POINT('',#6552);
#6552 = CARTESIAN_POINT('',(175.5,24.975,82.4));
#6553 = VERTEX_POINT('',#6554);
#6554 = CARTESIAN_POINT('',(175.5,24.975,112.27));
#6555 = SURFACE_CURVE('',#6556,(#6560,#6567),.PCURVE_S1.);
#6556 = LINE('',#6557,#6558);
#6557 = CARTESIAN_POINT('',(175.5,24.975,82.4));
#6558 = VECTOR('',#6559,1.);
#6559 = DIRECTION('',(0.,0.,1.));
#6560 = PCURVE('',#6514,#6561);
#6561 = DEFINITIONAL_REPRESENTATION('',(#6562),#6566);
#6562 = LINE('',#6563,#6564);
#6563 = CARTESIAN_POINT('',(0.,0.));
#6564 = VECTOR('',#6565,1.);
#6565 = DIRECTION('',(1.,0.));
#6566 = ( GEOMETRIC_REPRESENTATION_CONTEXT(2) 
PARAMETRIC_REPRESENTATION_CONTEXT() REPRESENTATION_CONTEXT('2D SPACE',''
  ) );
#6567 = PCURVE('',#6568,#6573);
#6568 = PLANE('',#6569);
#6569 = AXIS2_PLACEMENT_3D('',#6570,#6571,#6572);
#6570 = CARTESIAN_POINT('',(175.5,24.975,82.4));
#6571 = DIRECTION('',(-0.,1.,0.));
#6572 = DIRECTION('',(0.,0.,1.));
#6573 = DEFINITIONAL_REPRESENTATION('',(#6574),#6578);
#6574 = LINE('',#6575,#6576);
#6575 = CARTESIAN_POINT('',(0.,0.));
#6576 = VECTOR('',#6577,1.);
#6577 = DIRECTION('',(1.,0.));
#6578 = ( GEOMETRIC_REPRESENTATION_CONTEXT(2) 
PARAMETRIC_REPRESENTATION_CONTEXT() REPRESENTATION_CONTEXT('2D SPACE',''
  ) );
#6579 = ORIENTED_EDGE('',*,*,#6580,.T.);
#6580 = EDGE_CURVE('',#6551,#6581,#6583,.T.);
#6581 = VERTEX_POINT('',#6582);
#6582 = CARTESIAN_POINT('',(175.5,47.225,82.4));
#6583 = SURFACE_CURVE('',#6584,(#6588,#6595),.PCURVE_S1.);
#6584 = LINE('',#6585,#6586);
#6585 = CARTESIAN_POINT('',(175.5,24.975,82.4));
#6586 = VECTOR('',#6587,1.);
#6587 = DIRECTION('',(-0.,1.,0.));
#6588 = PCURVE('',#6514,#6589);
#6589 = DEFINITIONAL_REPRESENTATION('',(#6590),#6594);
#6590 = LINE('',#6591,#6592);
#6591 = CARTESIAN_POINT('',(0.,0.));
#6592 = VECTOR('',#6593,1.);
#6593 = DIRECTION('',(0.,-1.));
#6594 = ( GEOMETRIC_REPRESENTATION_CONTEXT(2) 
PARAMETRIC_REPRESENTATION_CONTEXT() REPRESENTATION_CONTEXT('2D SPACE',''
  ) );
#6595 = PCURVE('',#6596,#6601);
#6596 = PLANE('',#6597);
#6597 = AXIS2_PLACEMENT_3D('',#6598,#6599,#6600);
#6598 = CARTESIAN_POINT('',(175.5,24.975,82.4));
#6599 = DIRECTION('',(0.,0.,1.));
#6600 = DIRECTION('',(1.,0.,-0.));
#6601 = DEFINITIONAL_REPRESENTATION('',(#6602),#6606);
#6602 = LINE('',#6603,#6604);
#6603 = CARTESIAN_POINT('',(0.,0.));
#6604 = VECTOR('',#6605,1.);
#6605 = DIRECTION('',(0.,1.));
#6606 = ( GEOMETRIC_REPRESENTATION_CONTEXT(2) 
PARAMETRIC_REPRESENTATION_CONTEXT() REPRESENTATION_CONTEXT('2D SPACE',''
  ) );
#6607 = ORIENTED_EDGE('',*,*,#6608,.T.);
#6608 = EDGE_CURVE('',#6581,#6609,#6611,.T.);
#6609 = VERTEX_POINT('',#6610);
#6610 = CARTESIAN_POINT('',(175.5,47.225,112.27));
#6611 = SURFACE_CURVE('',#6612,(#6616,#6623),.PCURVE_S1.);
#6612 = LINE('',#6613,#6614);
#6613 = CARTESIAN_POINT('',(175.5,47.225,82.4));
#6614 = VECTOR('',#6615,1.);
#6615 = DIRECTION('',(0.,0.,1.));
#6616 = PCURVE('',#6514,#6617);
#6617 = DEFINITIONAL_REPRESENTATION('',(#6618),#6622);
#6618 = LINE('',#6619,#6620);
#6619 = CARTESIAN_POINT('',(0.,-22.25));
#6620 = VECTOR('',#6621,1.);
#6621 = DIRECTION('',(1.,0.));
#6622 = ( GEOMETRIC_REPRESENTATION_CONTEXT(2) 
PARAMETRIC_REPRESENTATION_CONTEXT() REPRESENTATION_CONTEXT('2D SPACE',''
  ) );
#6623 = PCURVE('',#6624,#6629);
#6624 = PLANE('',#6625);
#6625 = AXIS2_PLACEMENT_3D('',#6626,#6627,#6628);
#6626 = CARTESIAN_POINT('',(175.5,47.225,82.4));
#6627 = DIRECTION('',(-0.,1.,0.));
#6628 = DIRECTION('',(0.,0.,1.));
#6629 = DEFINITIONAL_REPRESENTATION('',(#6630),#6634);
#6630 = LINE('',#6631,#6632);
#6631 = CARTESIAN_POINT('',(0.,0.));
#6632 = VECTOR('',#6633,1.);
#6633 = DIRECTION('',(1.,0.));
#6634 = ( GEOMETRIC_REPRESENTATION_CONTEXT(2) 
PARAMETRIC_REPRESENTATION_CONTEXT() REPRESENTATION_CONTEXT('2D SPACE',''
  ) );
#6635 = ORIENTED_EDGE('',*,*,#6636,.F.);
#6636 = EDGE_CURVE('',#6553,#6609,#6637,.T.);
#6637 = SURFACE_CURVE('',#6638,(#6642,#6649),.PCURVE_S1.);
#6638 = LINE('',#6639,#6640);
#6639 = CARTESIAN_POINT('',(175.5,24.975,112.27));
#6640 = VECTOR('',#6641,1.);
#6641 = DIRECTION('',(-0.,1.,0.));
#6642 = PCURVE('',#6514,#6643);
#6643 = DEFINITIONAL_REPRESENTATION('',(#6644),#6648);
#6644 = LINE('',#6645,#6646);
#6645 = CARTESIAN_POINT('',(29.87,0.));
#6646 = VECTOR('',#6647,1.);
#6647 = DIRECTION('',(0.,-1.));
#6648 = ( GEOMETRIC_REPRESENTATION_CONTEXT(2) 
PARAMETRIC_REPRESENTATION_CONTEXT() REPRESENTATION_CONTEXT('2D SPACE',''
  ) );
#6649 = PCURVE('',#6650,#6655);
#6650 = PLANE('',#6651);
#6651 = AXIS2_PLACEMENT_3D('',#6652,#6653,#6654);
#6652 = CARTESIAN_POINT('',(175.5,24.975,112.27));
#6653 = DIRECTION('',(0.,0.,1.));
#6654 = DIRECTION('',(1.,0.,-0.));
#6655 = DEFINITIONAL_REPRESENTATION('',(#6656),#6660);
#6656 = LINE('',#6657,#6658);
#6657 = CARTESIAN_POINT('',(0.,0.));
#6658 = VECTOR('',#6659,1.);
#6659 = DIRECTION('',(0.,1.));
#6660 = ( GEOMETRIC_REPRESENTATION_CONTEXT(2) 
PARAMETRIC_REPRESENTATION_CONTEXT() REPRESENTATION_CONTEXT('2D SPACE',''
  ) );
#6661 = FACE_BOUND('',#6662,.F.);
#6662 = EDGE_LOOP('',(#6663,#6686,#6705,#6706));
#6663 = ORIENTED_EDGE('',*,*,#6664,.T.);
#6664 = EDGE_CURVE('',#6665,#6667,#6669,.T.);
#6665 = VERTEX_POINT('',#6666);
#6666 = CARTESIAN_POINT('',(175.5,45.825,83.8));
#6667 = VERTEX_POINT('',#6668);
#6668 = CARTESIAN_POINT('',(175.5,26.375,83.8));
#6669 = SURFACE_CURVE('',#6670,(#6674,#6680),.PCURVE_S1.);
#6670 = LINE('',#6671,#6672);
#6671 = CARTESIAN_POINT('',(175.5,25.675,83.8));
#6672 = VECTOR('',#6673,1.);
#6673 = DIRECTION('',(0.,-1.,0.));
#6674 = PCURVE('',#6514,#6675);
#6675 = DEFINITIONAL_REPRESENTATION('',(#6676),#6679);
#6676 = B_SPLINE_CURVE_WITH_KNOTS('',1,(#6677,#6678),.UNSPECIFIED.,.F.,
  .F.,(2,2),(-20.15,-0.7),.PIECEWISE_BEZIER_KNOTS.);
#6677 = CARTESIAN_POINT('',(1.4,-20.85));
#6678 = CARTESIAN_POINT('',(1.4,-1.4));
#6679 = ( GEOMETRIC_REPRESENTATION_CONTEXT(2) 
PARAMETRIC_REPRESENTATION_CONTEXT() REPRESENTATION_CONTEXT('2D SPACE',''
  ) );
#6680 = PCURVE('',#6383,#6681);
#6681 = DEFINITIONAL_REPRESENTATION('',(#6682),#6685);
#6682 = B_SPLINE_CURVE_WITH_KNOTS('',1,(#6683,#6684),.UNSPECIFIED.,.F.,
  .F.,(2,2),(-20.15,-0.7),.PIECEWISE_BEZIER_KNOTS.);
#6683 = CARTESIAN_POINT('',(9.999999999999E-02,19.45));
#6684 = CARTESIAN_POINT('',(9.999999999999E-02,0.));
#6685 = ( GEOMETRIC_REPRESENTATION_CONTEXT(2) 
PARAMETRIC_REPRESENTATION_CONTEXT() REPRESENTATION_CONTEXT('2D SPACE',''
  ) );
#6686 = ORIENTED_EDGE('',*,*,#6687,.T.);
#6687 = EDGE_CURVE('',#6667,#6500,#6688,.T.);
#6688 = SURFACE_CURVE('',#6689,(#6693,#6699),.PCURVE_S1.);
#6689 = LINE('',#6690,#6691);
#6690 = CARTESIAN_POINT('',(175.5,26.375,83.1));
#6691 = VECTOR('',#6692,1.);
#6692 = DIRECTION('',(0.,0.,1.));
#6693 = PCURVE('',#6514,#6694);
#6694 = DEFINITIONAL_REPRESENTATION('',(#6695),#6698);
#6695 = B_SPLINE_CURVE_WITH_KNOTS('',1,(#6696,#6697),.UNSPECIFIED.,.F.,
  .F.,(2,2),(0.7,27.77),.PIECEWISE_BEZIER_KNOTS.);
#6696 = CARTESIAN_POINT('',(1.4,-1.4));
#6697 = CARTESIAN_POINT('',(28.47,-1.4));
#6698 = ( GEOMETRIC_REPRESENTATION_CONTEXT(2) 
PARAMETRIC_REPRESENTATION_CONTEXT() REPRESENTATION_CONTEXT('2D SPACE',''
  ) );
#6699 = PCURVE('',#6409,#6700);
#6700 = DEFINITIONAL_REPRESENTATION('',(#6701),#6704);
#6701 = B_SPLINE_CURVE_WITH_KNOTS('',1,(#6702,#6703),.UNSPECIFIED.,.F.,
  .F.,(2,2),(0.7,27.77),.PIECEWISE_BEZIER_KNOTS.);
#6702 = CARTESIAN_POINT('',(0.,9.999999999999E-02));
#6703 = CARTESIAN_POINT('',(27.07,9.999999999999E-02));
#6704 = ( GEOMETRIC_REPRESENTATION_CONTEXT(2) 
PARAMETRIC_REPRESENTATION_CONTEXT() REPRESENTATION_CONTEXT('2D SPACE',''
  ) );
#6705 = ORIENTED_EDGE('',*,*,#6499,.F.);
#6706 = ORIENTED_EDGE('',*,*,#6707,.F.);
#6707 = EDGE_CURVE('',#6665,#6477,#6708,.T.);
#6708 = SURFACE_CURVE('',#6709,(#6713,#6719),.PCURVE_S1.);
#6709 = LINE('',#6710,#6711);
#6710 = CARTESIAN_POINT('',(175.5,45.825,83.1));
#6711 = VECTOR('',#6712,1.);
#6712 = DIRECTION('',(0.,0.,1.));
#6713 = PCURVE('',#6514,#6714);
#6714 = DEFINITIONAL_REPRESENTATION('',(#6715),#6718);
#6715 = B_SPLINE_CURVE_WITH_KNOTS('',1,(#6716,#6717),.UNSPECIFIED.,.F.,
  .F.,(2,2),(0.7,27.77),.PIECEWISE_BEZIER_KNOTS.);
#6716 = CARTESIAN_POINT('',(1.4,-20.85));
#6717 = CARTESIAN_POINT('',(28.47,-20.85));
#6718 = ( GEOMETRIC_REPRESENTATION_CONTEXT(2) 
PARAMETRIC_REPRESENTATION_CONTEXT() REPRESENTATION_CONTEXT('2D SPACE',''
  ) );
#6719 = PCURVE('',#6459,#6720);
#6720 = DEFINITIONAL_REPRESENTATION('',(#6721),#6724);
#6721 = B_SPLINE_CURVE_WITH_KNOTS('',1,(#6722,#6723),.UNSPECIFIED.,.F.,
  .F.,(2,2),(0.7,27.77),.PIECEWISE_BEZIER_KNOTS.);
#6722 = CARTESIAN_POINT('',(0.,9.999999999999E-02));
#6723 = CARTESIAN_POINT('',(27.07,9.999999999999E-02));
#6724 = ( GEOMETRIC_REPRESENTATION_CONTEXT(2) 
PARAMETRIC_REPRESENTATION_CONTEXT() REPRESENTATION_CONTEXT('2D SPACE',''
  ) );
#6725 = ADVANCED_FACE('',(#6726),#6624,.T.);
#6726 = FACE_BOUND('',#6727,.T.);
#6727 = EDGE_LOOP('',(#6728,#6751,#6752,#6775));
#6728 = ORIENTED_EDGE('',*,*,#6729,.F.);
#6729 = EDGE_CURVE('',#6581,#6730,#6732,.T.);
#6730 = VERTEX_POINT('',#6731);
#6731 = CARTESIAN_POINT('',(177.5,47.225,82.4));
#6732 = SURFACE_CURVE('',#6733,(#6737,#6744),.PCURVE_S1.);
#6733 = LINE('',#6734,#6735);
#6734 = CARTESIAN_POINT('',(175.5,47.225,82.4));
#6735 = VECTOR('',#6736,1.);
#6736 = DIRECTION('',(1.,0.,-0.));
#6737 = PCURVE('',#6624,#6738);
#6738 = DEFINITIONAL_REPRESENTATION('',(#6739),#6743);
#6739 = LINE('',#6740,#6741);
#6740 = CARTESIAN_POINT('',(0.,0.));
#6741 = VECTOR('',#6742,1.);
#6742 = DIRECTION('',(0.,1.));
#6743 = ( GEOMETRIC_REPRESENTATION_CONTEXT(2) 
PARAMETRIC_REPRESENTATION_CONTEXT() REPRESENTATION_CONTEXT('2D SPACE',''
  ) );
#6744 = PCURVE('',#6596,#6745);
#6745 = DEFINITIONAL_REPRESENTATION('',(#6746),#6750);
#6746 = LINE('',#6747,#6748);
#6747 = CARTESIAN_POINT('',(0.,22.25));
#6748 = VECTOR('',#6749,1.);
#6749 = DIRECTION('',(1.,0.));
#6750 = ( GEOMETRIC_REPRESENTATION_CONTEXT(2) 
PARAMETRIC_REPRESENTATION_CONTEXT() REPRESENTATION_CONTEXT('2D SPACE',''
  ) );
#6751 = ORIENTED_EDGE('',*,*,#6608,.T.);
#6752 = ORIENTED_EDGE('',*,*,#6753,.T.);
#6753 = EDGE_CURVE('',#6609,#6754,#6756,.T.);
#6754 = VERTEX_POINT('',#6755);
#6755 = CARTESIAN_POINT('',(177.5,47.225,112.27));
#6756 = SURFACE_CURVE('',#6757,(#6761,#6768),.PCURVE_S1.);
#6757 = LINE('',#6758,#6759);
#6758 = CARTESIAN_POINT('',(175.5,47.225,112.27));
#6759 = VECTOR('',#6760,1.);
#6760 = DIRECTION('',(1.,0.,-0.));
#6761 = PCURVE('',#6624,#6762);
#6762 = DEFINITIONAL_REPRESENTATION('',(#6763),#6767);
#6763 = LINE('',#6764,#6765);
#6764 = CARTESIAN_POINT('',(29.87,0.));
#6765 = VECTOR('',#6766,1.);
#6766 = DIRECTION('',(0.,1.));
#6767 = ( GEOMETRIC_REPRESENTATION_CONTEXT(2) 
PARAMETRIC_REPRESENTATION_CONTEXT() REPRESENTATION_CONTEXT('2D SPACE',''
  ) );
#6768 = PCURVE('',#6650,#6769);
#6769 = DEFINITIONAL_REPRESENTATION('',(#6770),#6774);
#6770 = LINE('',#6771,#6772);
#6771 = CARTESIAN_POINT('',(0.,22.25));
#6772 = VECTOR('',#6773,1.);
#6773 = DIRECTION('',(1.,0.));
#6774 = ( GEOMETRIC_REPRESENTATION_CONTEXT(2) 
PARAMETRIC_REPRESENTATION_CONTEXT() REPRESENTATION_CONTEXT('2D SPACE',''
  ) );
#6775 = ORIENTED_EDGE('',*,*,#6776,.T.);
#6776 = EDGE_CURVE('',#6754,#6730,#6777,.T.);
#6777 = SURFACE_CURVE('',#6778,(#6782,#6788),.PCURVE_S1.);
#6778 = LINE('',#6779,#6780);
#6779 = CARTESIAN_POINT('',(177.5,47.225,47.2));
#6780 = VECTOR('',#6781,1.);
#6781 = DIRECTION('',(0.,0.,-1.));
#6782 = PCURVE('',#6624,#6783);
#6783 = DEFINITIONAL_REPRESENTATION('',(#6784),#6787);
#6784 = B_SPLINE_CURVE_WITH_KNOTS('',1,(#6785,#6786),.UNSPECIFIED.,.F.,
  .F.,(2,2),(-65.07,-35.2),.PIECEWISE_BEZIER_KNOTS.);
#6785 = CARTESIAN_POINT('',(29.87,2.));
#6786 = CARTESIAN_POINT('',(0.,2.));
#6787 = ( GEOMETRIC_REPRESENTATION_CONTEXT(2) 
PARAMETRIC_REPRESENTATION_CONTEXT() REPRESENTATION_CONTEXT('2D SPACE',''
  ) );
#6788 = PCURVE('',#1433,#6789);
#6789 = DEFINITIONAL_REPRESENTATION('',(#6790),#6793);
#6790 = B_SPLINE_CURVE_WITH_KNOTS('',1,(#6791,#6792),.UNSPECIFIED.,.F.,
  .F.,(2,2),(-65.07,-35.2),.PIECEWISE_BEZIER_KNOTS.);
#6791 = CARTESIAN_POINT('',(100.27,-23.875));
#6792 = CARTESIAN_POINT('',(70.4,-23.875));
#6793 = ( GEOMETRIC_REPRESENTATION_CONTEXT(2) 
PARAMETRIC_REPRESENTATION_CONTEXT() REPRESENTATION_CONTEXT('2D SPACE',''
  ) );
#6794 = ADVANCED_FACE('',(#6795),#6596,.F.);
#6795 = FACE_BOUND('',#6796,.F.);
#6796 = EDGE_LOOP('',(#6797,#6798,#6799,#6822));
#6797 = ORIENTED_EDGE('',*,*,#6729,.F.);
#6798 = ORIENTED_EDGE('',*,*,#6580,.F.);
#6799 = ORIENTED_EDGE('',*,*,#6800,.T.);
#6800 = EDGE_CURVE('',#6551,#6801,#6803,.T.);
#6801 = VERTEX_POINT('',#6802);
#6802 = CARTESIAN_POINT('',(177.5,24.975,82.4));
#6803 = SURFACE_CURVE('',#6804,(#6808,#6815),.PCURVE_S1.);
#6804 = LINE('',#6805,#6806);
#6805 = CARTESIAN_POINT('',(175.5,24.975,82.4));
#6806 = VECTOR('',#6807,1.);
#6807 = DIRECTION('',(1.,0.,-0.));
#6808 = PCURVE('',#6596,#6809);
#6809 = DEFINITIONAL_REPRESENTATION('',(#6810),#6814);
#6810 = LINE('',#6811,#6812);
#6811 = CARTESIAN_POINT('',(0.,0.));
#6812 = VECTOR('',#6813,1.);
#6813 = DIRECTION('',(1.,0.));
#6814 = ( GEOMETRIC_REPRESENTATION_CONTEXT(2) 
PARAMETRIC_REPRESENTATION_CONTEXT() REPRESENTATION_CONTEXT('2D SPACE',''
  ) );
#6815 = PCURVE('',#6568,#6816);
#6816 = DEFINITIONAL_REPRESENTATION('',(#6817),#6821);
#6817 = LINE('',#6818,#6819);
#6818 = CARTESIAN_POINT('',(0.,0.));
#6819 = VECTOR('',#6820,1.);
#6820 = DIRECTION('',(0.,1.));
#6821 = ( GEOMETRIC_REPRESENTATION_CONTEXT(2) 
PARAMETRIC_REPRESENTATION_CONTEXT() REPRESENTATION_CONTEXT('2D SPACE',''
  ) );
#6822 = ORIENTED_EDGE('',*,*,#6823,.T.);
#6823 = EDGE_CURVE('',#6801,#6730,#6824,.T.);
#6824 = SURFACE_CURVE('',#6825,(#6829,#6835),.PCURVE_S1.);
#6825 = LINE('',#6826,#6827);
#6826 = CARTESIAN_POINT('',(177.5,48.0375,82.4));
#6827 = VECTOR('',#6828,1.);
#6828 = DIRECTION('',(0.,1.,-0.));
#6829 = PCURVE('',#6596,#6830);
#6830 = DEFINITIONAL_REPRESENTATION('',(#6831),#6834);
#6831 = B_SPLINE_CURVE_WITH_KNOTS('',1,(#6832,#6833),.UNSPECIFIED.,.F.,
  .F.,(2,2),(-23.0625,-0.8125),.PIECEWISE_BEZIER_KNOTS.);
#6832 = CARTESIAN_POINT('',(2.,0.));
#6833 = CARTESIAN_POINT('',(2.,22.25));
#6834 = ( GEOMETRIC_REPRESENTATION_CONTEXT(2) 
PARAMETRIC_REPRESENTATION_CONTEXT() REPRESENTATION_CONTEXT('2D SPACE',''
  ) );
#6835 = PCURVE('',#1433,#6836);
#6836 = DEFINITIONAL_REPRESENTATION('',(#6837),#6840);
#6837 = B_SPLINE_CURVE_WITH_KNOTS('',1,(#6838,#6839),.UNSPECIFIED.,.F.,
  .F.,(2,2),(-23.0625,-0.8125),.PIECEWISE_BEZIER_KNOTS.);
#6838 = CARTESIAN_POINT('',(70.4,-46.125));
#6839 = CARTESIAN_POINT('',(70.4,-23.875));
#6840 = ( GEOMETRIC_REPRESENTATION_CONTEXT(2) 
PARAMETRIC_REPRESENTATION_CONTEXT() REPRESENTATION_CONTEXT('2D SPACE',''
  ) );
#6841 = ADVANCED_FACE('',(#6842),#6650,.T.);
#6842 = FACE_BOUND('',#6843,.T.);
#6843 = EDGE_LOOP('',(#6844,#6845,#6846,#6869));
#6844 = ORIENTED_EDGE('',*,*,#6753,.F.);
#6845 = ORIENTED_EDGE('',*,*,#6636,.F.);
#6846 = ORIENTED_EDGE('',*,*,#6847,.T.);
#6847 = EDGE_CURVE('',#6553,#6848,#6850,.T.);
#6848 = VERTEX_POINT('',#6849);
#6849 = CARTESIAN_POINT('',(177.5,24.975,112.27));
#6850 = SURFACE_CURVE('',#6851,(#6855,#6862),.PCURVE_S1.);
#6851 = LINE('',#6852,#6853);
#6852 = CARTESIAN_POINT('',(175.5,24.975,112.27));
#6853 = VECTOR('',#6854,1.);
#6854 = DIRECTION('',(1.,0.,-0.));
#6855 = PCURVE('',#6650,#6856);
#6856 = DEFINITIONAL_REPRESENTATION('',(#6857),#6861);
#6857 = LINE('',#6858,#6859);
#6858 = CARTESIAN_POINT('',(0.,0.));
#6859 = VECTOR('',#6860,1.);
#6860 = DIRECTION('',(1.,0.));
#6861 = ( GEOMETRIC_REPRESENTATION_CONTEXT(2) 
PARAMETRIC_REPRESENTATION_CONTEXT() REPRESENTATION_CONTEXT('2D SPACE',''
  ) );
#6862 = PCURVE('',#6568,#6863);
#6863 = DEFINITIONAL_REPRESENTATION('',(#6864),#6868);
#6864 = LINE('',#6865,#6866);
#6865 = CARTESIAN_POINT('',(29.87,0.));
#6866 = VECTOR('',#6867,1.);
#6867 = DIRECTION('',(0.,1.));
#6868 = ( GEOMETRIC_REPRESENTATION_CONTEXT(2) 
PARAMETRIC_REPRESENTATION_CONTEXT() REPRESENTATION_CONTEXT('2D SPACE',''
  ) );
#6869 = ORIENTED_EDGE('',*,*,#6870,.T.);
#6870 = EDGE_CURVE('',#6848,#6754,#6871,.T.);
#6871 = SURFACE_CURVE('',#6872,(#6876,#6882),.PCURVE_S1.);
#6872 = LINE('',#6873,#6874);
#6873 = CARTESIAN_POINT('',(177.5,48.0375,112.27));
#6874 = VECTOR('',#6875,1.);
#6875 = DIRECTION('',(0.,1.,-0.));
#6876 = PCURVE('',#6650,#6877);
#6877 = DEFINITIONAL_REPRESENTATION('',(#6878),#6881);
#6878 = B_SPLINE_CURVE_WITH_KNOTS('',1,(#6879,#6880),.UNSPECIFIED.,.F.,
  .F.,(2,2),(-23.0625,-0.8125),.PIECEWISE_BEZIER_KNOTS.);
#6879 = CARTESIAN_POINT('',(2.,0.));
#6880 = CARTESIAN_POINT('',(2.,22.25));
#6881 = ( GEOMETRIC_REPRESENTATION_CONTEXT(2) 
PARAMETRIC_REPRESENTATION_CONTEXT() REPRESENTATION_CONTEXT('2D SPACE',''
  ) );
#6882 = PCURVE('',#1433,#6883);
#6883 = DEFINITIONAL_REPRESENTATION('',(#6884),#6887);
#6884 = B_SPLINE_CURVE_WITH_KNOTS('',1,(#6885,#6886),.UNSPECIFIED.,.F.,
  .F.,(2,2),(-23.0625,-0.8125),.PIECEWISE_BEZIER_KNOTS.);
#6885 = CARTESIAN_POINT('',(100.27,-46.125));
#6886 = CARTESIAN_POINT('',(100.27,-23.875));
#6887 = ( GEOMETRIC_REPRESENTATION_CONTEXT(2) 
PARAMETRIC_REPRESENTATION_CONTEXT() REPRESENTATION_CONTEXT('2D SPACE',''
  ) );
#6888 = ADVANCED_FACE('',(#6889),#6568,.F.);
#6889 = FACE_BOUND('',#6890,.F.);
#6890 = EDGE_LOOP('',(#6891,#6892,#6893,#6894));
#6891 = ORIENTED_EDGE('',*,*,#6800,.F.);
#6892 = ORIENTED_EDGE('',*,*,#6550,.T.);
#6893 = ORIENTED_EDGE('',*,*,#6847,.T.);
#6894 = ORIENTED_EDGE('',*,*,#6895,.T.);
#6895 = EDGE_CURVE('',#6848,#6801,#6896,.T.);
#6896 = SURFACE_CURVE('',#6897,(#6901,#6907),.PCURVE_S1.);
#6897 = LINE('',#6898,#6899);
#6898 = CARTESIAN_POINT('',(177.5,24.975,47.2));
#6899 = VECTOR('',#6900,1.);
#6900 = DIRECTION('',(0.,0.,-1.));
#6901 = PCURVE('',#6568,#6902);
#6902 = DEFINITIONAL_REPRESENTATION('',(#6903),#6906);
#6903 = B_SPLINE_CURVE_WITH_KNOTS('',1,(#6904,#6905),.UNSPECIFIED.,.F.,
  .F.,(2,2),(-65.07,-35.2),.PIECEWISE_BEZIER_KNOTS.);
#6904 = CARTESIAN_POINT('',(29.87,2.));
#6905 = CARTESIAN_POINT('',(0.,2.));
#6906 = ( GEOMETRIC_REPRESENTATION_CONTEXT(2) 
PARAMETRIC_REPRESENTATION_CONTEXT() REPRESENTATION_CONTEXT('2D SPACE',''
  ) );
#6907 = PCURVE('',#1433,#6908);
#6908 = DEFINITIONAL_REPRESENTATION('',(#6909),#6912);
#6909 = B_SPLINE_CURVE_WITH_KNOTS('',1,(#6910,#6911),.UNSPECIFIED.,.F.,
  .F.,(2,2),(-65.07,-35.2),.PIECEWISE_BEZIER_KNOTS.);
#6910 = CARTESIAN_POINT('',(100.27,-46.125));
#6911 = CARTESIAN_POINT('',(70.4,-46.125));
#6912 = ( GEOMETRIC_REPRESENTATION_CONTEXT(2) 
PARAMETRIC_REPRESENTATION_CONTEXT() REPRESENTATION_CONTEXT('2D SPACE',''
  ) );
#6913 = ADVANCED_FACE('',(#6914),#6459,.F.);
#6914 = FACE_BOUND('',#6915,.F.);
#6915 = EDGE_LOOP('',(#6916,#6937,#6938,#6939));
#6916 = ORIENTED_EDGE('',*,*,#6917,.F.);
#6917 = EDGE_CURVE('',#6665,#6369,#6918,.T.);
#6918 = SURFACE_CURVE('',#6919,(#6923,#6930),.PCURVE_S1.);
#6919 = LINE('',#6920,#6921);
#6920 = CARTESIAN_POINT('',(175.4,45.825,83.8));
#6921 = VECTOR('',#6922,1.);
#6922 = DIRECTION('',(1.,0.,-0.));
#6923 = PCURVE('',#6459,#6924);
#6924 = DEFINITIONAL_REPRESENTATION('',(#6925),#6929);
#6925 = LINE('',#6926,#6927);
#6926 = CARTESIAN_POINT('',(0.,0.));
#6927 = VECTOR('',#6928,1.);
#6928 = DIRECTION('',(0.,1.));
#6929 = ( GEOMETRIC_REPRESENTATION_CONTEXT(2) 
PARAMETRIC_REPRESENTATION_CONTEXT() REPRESENTATION_CONTEXT('2D SPACE',''
  ) );
#6930 = PCURVE('',#6383,#6931);
#6931 = DEFINITIONAL_REPRESENTATION('',(#6932),#6936);
#6932 = LINE('',#6933,#6934);
#6933 = CARTESIAN_POINT('',(0.,19.45));
#6934 = VECTOR('',#6935,1.);
#6935 = DIRECTION('',(1.,0.));
#6936 = ( GEOMETRIC_REPRESENTATION_CONTEXT(2) 
PARAMETRIC_REPRESENTATION_CONTEXT() REPRESENTATION_CONTEXT('2D SPACE',''
  ) );
#6937 = ORIENTED_EDGE('',*,*,#6707,.T.);
#6938 = ORIENTED_EDGE('',*,*,#6476,.T.);
#6939 = ORIENTED_EDGE('',*,*,#6446,.T.);
#6940 = ADVANCED_FACE('',(#6941),#6409,.T.);
#6941 = FACE_BOUND('',#6942,.T.);
#6942 = EDGE_LOOP('',(#6943,#6964,#6965,#6966));
#6943 = ORIENTED_EDGE('',*,*,#6944,.F.);
#6944 = EDGE_CURVE('',#6667,#6367,#6945,.T.);
#6945 = SURFACE_CURVE('',#6946,(#6950,#6957),.PCURVE_S1.);
#6946 = LINE('',#6947,#6948);
#6947 = CARTESIAN_POINT('',(175.4,26.375,83.8));
#6948 = VECTOR('',#6949,1.);
#6949 = DIRECTION('',(1.,0.,-0.));
#6950 = PCURVE('',#6409,#6951);
#6951 = DEFINITIONAL_REPRESENTATION('',(#6952),#6956);
#6952 = LINE('',#6953,#6954);
#6953 = CARTESIAN_POINT('',(0.,0.));
#6954 = VECTOR('',#6955,1.);
#6955 = DIRECTION('',(0.,1.));
#6956 = ( GEOMETRIC_REPRESENTATION_CONTEXT(2) 
PARAMETRIC_REPRESENTATION_CONTEXT() REPRESENTATION_CONTEXT('2D SPACE',''
  ) );
#6957 = PCURVE('',#6383,#6958);
#6958 = DEFINITIONAL_REPRESENTATION('',(#6959),#6963);
#6959 = LINE('',#6960,#6961);
#6960 = CARTESIAN_POINT('',(0.,0.));
#6961 = VECTOR('',#6962,1.);
#6962 = DIRECTION('',(1.,0.));
#6963 = ( GEOMETRIC_REPRESENTATION_CONTEXT(2) 
PARAMETRIC_REPRESENTATION_CONTEXT() REPRESENTATION_CONTEXT('2D SPACE',''
  ) );
#6964 = ORIENTED_EDGE('',*,*,#6687,.T.);
#6965 = ORIENTED_EDGE('',*,*,#6525,.T.);
#6966 = ORIENTED_EDGE('',*,*,#6394,.T.);
#6967 = ADVANCED_FACE('',(#6968),#6383,.T.);
#6968 = FACE_BOUND('',#6969,.T.);
#6969 = EDGE_LOOP('',(#6970,#6971,#6972,#6973));
#6970 = ORIENTED_EDGE('',*,*,#6917,.F.);
#6971 = ORIENTED_EDGE('',*,*,#6664,.T.);
#6972 = ORIENTED_EDGE('',*,*,#6944,.T.);
#6973 = ORIENTED_EDGE('',*,*,#6366,.T.);
#6974 = ADVANCED_FACE('',(#6975),#5315,.F.);
#6975 = FACE_BOUND('',#6976,.F.);
#6976 = EDGE_LOOP('',(#6977,#7003,#7024,#7025));
#6977 = ORIENTED_EDGE('',*,*,#6978,.F.);
#6978 = EDGE_CURVE('',#6979,#6981,#6983,.T.);
#6979 = VERTEX_POINT('',#6980);
#6980 = CARTESIAN_POINT('',(177.5,46.3,48.2));
#6981 = VERTEX_POINT('',#6982);
#6982 = CARTESIAN_POINT('',(177.5,43.9,48.2));
#6983 = SURFACE_CURVE('',#6984,(#6989,#6996),.PCURVE_S1.);
#6984 = CIRCLE('',#6985,1.2);
#6985 = AXIS2_PLACEMENT_3D('',#6986,#6987,#6988);
#6986 = CARTESIAN_POINT('',(177.5,45.1,48.2));
#6987 = DIRECTION('',(-1.,0.,0.));
#6988 = DIRECTION('',(0.,0.,1.));
#6989 = PCURVE('',#5315,#6990);
#6990 = DEFINITIONAL_REPRESENTATION('',(#6991),#6995);
#6991 = LINE('',#6992,#6993);
#6992 = CARTESIAN_POINT('',(0.,-1.));
#6993 = VECTOR('',#6994,1.);
#6994 = DIRECTION('',(1.,0.));
#6995 = ( GEOMETRIC_REPRESENTATION_CONTEXT(2) 
PARAMETRIC_REPRESENTATION_CONTEXT() REPRESENTATION_CONTEXT('2D SPACE',''
  ) );
#6996 = PCURVE('',#1433,#6997);
#6997 = DEFINITIONAL_REPRESENTATION('',(#6998),#7002);
#6998 = CIRCLE('',#6999,1.2);
#6999 = AXIS2_PLACEMENT_2D('',#7000,#7001);
#7000 = CARTESIAN_POINT('',(36.2,-26.));
#7001 = DIRECTION('',(1.,0.));
#7002 = ( GEOMETRIC_REPRESENTATION_CONTEXT(2) 
PARAMETRIC_REPRESENTATION_CONTEXT() REPRESENTATION_CONTEXT('2D SPACE',''
  ) );
#7003 = ORIENTED_EDGE('',*,*,#7004,.T.);
#7004 = EDGE_CURVE('',#6979,#5299,#7005,.T.);
#7005 = SURFACE_CURVE('',#7006,(#7010,#7017),.PCURVE_S1.);
#7006 = LINE('',#7007,#7008);
#7007 = CARTESIAN_POINT('',(176.5,46.3,48.2));
#7008 = VECTOR('',#7009,1.);
#7009 = DIRECTION('',(1.,0.,-0.));
#7010 = PCURVE('',#5315,#7011);
#7011 = DEFINITIONAL_REPRESENTATION('',(#7012),#7016);
#7012 = LINE('',#7013,#7014);
#7013 = CARTESIAN_POINT('',(1.570796326795,0.));
#7014 = VECTOR('',#7015,1.);
#7015 = DIRECTION('',(0.,-1.));
#7016 = ( GEOMETRIC_REPRESENTATION_CONTEXT(2) 
PARAMETRIC_REPRESENTATION_CONTEXT() REPRESENTATION_CONTEXT('2D SPACE',''
  ) );
#7017 = PCURVE('',#5340,#7018);
#7018 = DEFINITIONAL_REPRESENTATION('',(#7019),#7023);
#7019 = LINE('',#7020,#7021);
#7020 = CARTESIAN_POINT('',(-13.8,0.));
#7021 = VECTOR('',#7022,1.);
#7022 = DIRECTION('',(0.,-1.));
#7023 = ( GEOMETRIC_REPRESENTATION_CONTEXT(2) 
PARAMETRIC_REPRESENTATION_CONTEXT() REPRESENTATION_CONTEXT('2D SPACE',''
  ) );
#7024 = ORIENTED_EDGE('',*,*,#5298,.T.);
#7025 = ORIENTED_EDGE('',*,*,#7026,.F.);
#7026 = EDGE_CURVE('',#6981,#5273,#7027,.T.);
#7027 = SURFACE_CURVE('',#7028,(#7032,#7039),.PCURVE_S1.);
#7028 = LINE('',#7029,#7030);
#7029 = CARTESIAN_POINT('',(176.5,43.9,48.2));
#7030 = VECTOR('',#7031,1.);
#7031 = DIRECTION('',(1.,0.,-0.));
#7032 = PCURVE('',#5315,#7033);
#7033 = DEFINITIONAL_REPRESENTATION('',(#7034),#7038);
#7034 = LINE('',#7035,#7036);
#7035 = CARTESIAN_POINT('',(4.712388980385,0.));
#7036 = VECTOR('',#7037,1.);
#7037 = DIRECTION('',(0.,-1.));
#7038 = ( GEOMETRIC_REPRESENTATION_CONTEXT(2) 
PARAMETRIC_REPRESENTATION_CONTEXT() REPRESENTATION_CONTEXT('2D SPACE',''
  ) );
#7039 = PCURVE('',#5287,#7040);
#7040 = DEFINITIONAL_REPRESENTATION('',(#7041),#7045);
#7041 = LINE('',#7042,#7043);
#7042 = CARTESIAN_POINT('',(0.,0.));
#7043 = VECTOR('',#7044,1.);
#7044 = DIRECTION('',(0.,-1.));
#7045 = ( GEOMETRIC_REPRESENTATION_CONTEXT(2) 
PARAMETRIC_REPRESENTATION_CONTEXT() REPRESENTATION_CONTEXT('2D SPACE',''
  ) );
#7046 = ADVANCED_FACE('',(#7047),#5340,.T.);
#7047 = FACE_BOUND('',#7048,.T.);
#7048 = EDGE_LOOP('',(#7049,#7072,#7091,#7092));
#7049 = ORIENTED_EDGE('',*,*,#7050,.F.);
#7050 = EDGE_CURVE('',#7051,#5244,#7053,.T.);
#7051 = VERTEX_POINT('',#7052);
#7052 = CARTESIAN_POINT('',(177.5,46.3,75.8));
#7053 = SURFACE_CURVE('',#7054,(#7058,#7065),.PCURVE_S1.);
#7054 = LINE('',#7055,#7056);
#7055 = CARTESIAN_POINT('',(176.5,46.3,75.8));
#7056 = VECTOR('',#7057,1.);
#7057 = DIRECTION('',(1.,0.,-0.));
#7058 = PCURVE('',#5340,#7059);
#7059 = DEFINITIONAL_REPRESENTATION('',(#7060),#7064);
#7060 = LINE('',#7061,#7062);
#7061 = CARTESIAN_POINT('',(13.8,0.));
#7062 = VECTOR('',#7063,1.);
#7063 = DIRECTION('',(0.,-1.));
#7064 = ( GEOMETRIC_REPRESENTATION_CONTEXT(2) 
PARAMETRIC_REPRESENTATION_CONTEXT() REPRESENTATION_CONTEXT('2D SPACE',''
  ) );
#7065 = PCURVE('',#5260,#7066);
#7066 = DEFINITIONAL_REPRESENTATION('',(#7067),#7071);
#7067 = LINE('',#7068,#7069);
#7068 = CARTESIAN_POINT('',(4.712388980385,0.));
#7069 = VECTOR('',#7070,1.);
#7070 = DIRECTION('',(0.,-1.));
#7071 = ( GEOMETRIC_REPRESENTATION_CONTEXT(2) 
PARAMETRIC_REPRESENTATION_CONTEXT() REPRESENTATION_CONTEXT('2D SPACE',''
  ) );
#7072 = ORIENTED_EDGE('',*,*,#7073,.F.);
#7073 = EDGE_CURVE('',#6979,#7051,#7074,.T.);
#7074 = SURFACE_CURVE('',#7075,(#7079,#7085),.PCURVE_S1.);
#7075 = LINE('',#7076,#7077);
#7076 = CARTESIAN_POINT('',(177.5,46.3,37.));
#7077 = VECTOR('',#7078,1.);
#7078 = DIRECTION('',(0.,0.,1.));
#7079 = PCURVE('',#5340,#7080);
#7080 = DEFINITIONAL_REPRESENTATION('',(#7081),#7084);
#7081 = B_SPLINE_CURVE_WITH_KNOTS('',1,(#7082,#7083),.UNSPECIFIED.,.F.,
  .F.,(2,2),(11.2,38.8),.PIECEWISE_BEZIER_KNOTS.);
#7082 = CARTESIAN_POINT('',(-13.8,-1.));
#7083 = CARTESIAN_POINT('',(13.8,-1.));
#7084 = ( GEOMETRIC_REPRESENTATION_CONTEXT(2) 
PARAMETRIC_REPRESENTATION_CONTEXT() REPRESENTATION_CONTEXT('2D SPACE',''
  ) );
#7085 = PCURVE('',#1433,#7086);
#7086 = DEFINITIONAL_REPRESENTATION('',(#7087),#7090);
#7087 = B_SPLINE_CURVE_WITH_KNOTS('',1,(#7088,#7089),.UNSPECIFIED.,.F.,
  .F.,(2,2),(11.2,38.8),.PIECEWISE_BEZIER_KNOTS.);
#7088 = CARTESIAN_POINT('',(36.2,-24.8));
#7089 = CARTESIAN_POINT('',(63.8,-24.8));
#7090 = ( GEOMETRIC_REPRESENTATION_CONTEXT(2) 
PARAMETRIC_REPRESENTATION_CONTEXT() REPRESENTATION_CONTEXT('2D SPACE',''
  ) );
#7091 = ORIENTED_EDGE('',*,*,#7004,.T.);
#7092 = ORIENTED_EDGE('',*,*,#5327,.T.);
#7093 = ADVANCED_FACE('',(#7094),#5287,.F.);
#7094 = FACE_BOUND('',#7095,.F.);
#7095 = EDGE_LOOP('',(#7096,#7117,#7118,#7119));
#7096 = ORIENTED_EDGE('',*,*,#7097,.F.);
#7097 = EDGE_CURVE('',#6981,#7098,#7100,.T.);
#7098 = VERTEX_POINT('',#7099);
#7099 = CARTESIAN_POINT('',(177.5,43.9,75.8));
#7100 = SURFACE_CURVE('',#7101,(#7105,#7111),.PCURVE_S1.);
#7101 = LINE('',#7102,#7103);
#7102 = CARTESIAN_POINT('',(177.5,43.9,30.1));
#7103 = VECTOR('',#7104,1.);
#7104 = DIRECTION('',(0.,0.,1.));
#7105 = PCURVE('',#5287,#7106);
#7106 = DEFINITIONAL_REPRESENTATION('',(#7107),#7110);
#7107 = B_SPLINE_CURVE_WITH_KNOTS('',1,(#7108,#7109),.UNSPECIFIED.,.F.,
  .F.,(2,2),(18.1,45.7),.PIECEWISE_BEZIER_KNOTS.);
#7108 = CARTESIAN_POINT('',(0.,-1.));
#7109 = CARTESIAN_POINT('',(27.6,-1.));
#7110 = ( GEOMETRIC_REPRESENTATION_CONTEXT(2) 
PARAMETRIC_REPRESENTATION_CONTEXT() REPRESENTATION_CONTEXT('2D SPACE',''
  ) );
#7111 = PCURVE('',#1433,#7112);
#7112 = DEFINITIONAL_REPRESENTATION('',(#7113),#7116);
#7113 = B_SPLINE_CURVE_WITH_KNOTS('',1,(#7114,#7115),.UNSPECIFIED.,.F.,
  .F.,(2,2),(18.1,45.7),.PIECEWISE_BEZIER_KNOTS.);
#7114 = CARTESIAN_POINT('',(36.2,-27.2));
#7115 = CARTESIAN_POINT('',(63.8,-27.2));
#7116 = ( GEOMETRIC_REPRESENTATION_CONTEXT(2) 
PARAMETRIC_REPRESENTATION_CONTEXT() REPRESENTATION_CONTEXT('2D SPACE',''
  ) );
#7117 = ORIENTED_EDGE('',*,*,#7026,.T.);
#7118 = ORIENTED_EDGE('',*,*,#5272,.T.);
#7119 = ORIENTED_EDGE('',*,*,#7120,.F.);
#7120 = EDGE_CURVE('',#7098,#5242,#7121,.T.);
#7121 = SURFACE_CURVE('',#7122,(#7126,#7133),.PCURVE_S1.);
#7122 = LINE('',#7123,#7124);
#7123 = CARTESIAN_POINT('',(176.5,43.9,75.8));
#7124 = VECTOR('',#7125,1.);
#7125 = DIRECTION('',(1.,0.,-0.));
#7126 = PCURVE('',#5287,#7127);
#7127 = DEFINITIONAL_REPRESENTATION('',(#7128),#7132);
#7128 = LINE('',#7129,#7130);
#7129 = CARTESIAN_POINT('',(27.6,0.));
#7130 = VECTOR('',#7131,1.);
#7131 = DIRECTION('',(0.,-1.));
#7132 = ( GEOMETRIC_REPRESENTATION_CONTEXT(2) 
PARAMETRIC_REPRESENTATION_CONTEXT() REPRESENTATION_CONTEXT('2D SPACE',''
  ) );
#7133 = PCURVE('',#5260,#7134);
#7134 = DEFINITIONAL_REPRESENTATION('',(#7135),#7139);
#7135 = LINE('',#7136,#7137);
#7136 = CARTESIAN_POINT('',(1.570796326795,0.));
#7137 = VECTOR('',#7138,1.);
#7138 = DIRECTION('',(0.,-1.));
#7139 = ( GEOMETRIC_REPRESENTATION_CONTEXT(2) 
PARAMETRIC_REPRESENTATION_CONTEXT() REPRESENTATION_CONTEXT('2D SPACE',''
  ) );
#7140 = ADVANCED_FACE('',(#7141),#5260,.F.);
#7141 = FACE_BOUND('',#7142,.F.);
#7142 = EDGE_LOOP('',(#7143,#7165,#7166,#7167));
#7143 = ORIENTED_EDGE('',*,*,#7144,.F.);
#7144 = EDGE_CURVE('',#7098,#7051,#7145,.T.);
#7145 = SURFACE_CURVE('',#7146,(#7151,#7158),.PCURVE_S1.);
#7146 = CIRCLE('',#7147,1.2);
#7147 = AXIS2_PLACEMENT_3D('',#7148,#7149,#7150);
#7148 = CARTESIAN_POINT('',(177.5,45.1,75.8));
#7149 = DIRECTION('',(-1.,-0.,-0.));
#7150 = DIRECTION('',(0.,0.,-1.));
#7151 = PCURVE('',#5260,#7152);
#7152 = DEFINITIONAL_REPRESENTATION('',(#7153),#7157);
#7153 = LINE('',#7154,#7155);
#7154 = CARTESIAN_POINT('',(0.,-1.));
#7155 = VECTOR('',#7156,1.);
#7156 = DIRECTION('',(1.,0.));
#7157 = ( GEOMETRIC_REPRESENTATION_CONTEXT(2) 
PARAMETRIC_REPRESENTATION_CONTEXT() REPRESENTATION_CONTEXT('2D SPACE',''
  ) );
#7158 = PCURVE('',#1433,#7159);
#7159 = DEFINITIONAL_REPRESENTATION('',(#7160),#7164);
#7160 = CIRCLE('',#7161,1.2);
#7161 = AXIS2_PLACEMENT_2D('',#7162,#7163);
#7162 = CARTESIAN_POINT('',(63.8,-26.));
#7163 = DIRECTION('',(-1.,0.));
#7164 = ( GEOMETRIC_REPRESENTATION_CONTEXT(2) 
PARAMETRIC_REPRESENTATION_CONTEXT() REPRESENTATION_CONTEXT('2D SPACE',''
  ) );
#7165 = ORIENTED_EDGE('',*,*,#7120,.T.);
#7166 = ORIENTED_EDGE('',*,*,#5241,.T.);
#7167 = ORIENTED_EDGE('',*,*,#7050,.F.);
#7168 = ADVANCED_FACE('',(#7169),#5175,.F.);
#7169 = FACE_BOUND('',#7170,.F.);
#7170 = EDGE_LOOP('',(#7171,#7194,#7215,#7216));
#7171 = ORIENTED_EDGE('',*,*,#7172,.F.);
#7172 = EDGE_CURVE('',#7173,#7175,#7177,.T.);
#7173 = VERTEX_POINT('',#7174);
#7174 = CARTESIAN_POINT('',(177.5,38.9,48.2));
#7175 = VERTEX_POINT('',#7176);
#7176 = CARTESIAN_POINT('',(177.5,38.9,75.8));
#7177 = SURFACE_CURVE('',#7178,(#7182,#7188),.PCURVE_S1.);
#7178 = LINE('',#7179,#7180);
#7179 = CARTESIAN_POINT('',(177.5,38.9,30.1));
#7180 = VECTOR('',#7181,1.);
#7181 = DIRECTION('',(0.,0.,1.));
#7182 = PCURVE('',#5175,#7183);
#7183 = DEFINITIONAL_REPRESENTATION('',(#7184),#7187);
#7184 = B_SPLINE_CURVE_WITH_KNOTS('',1,(#7185,#7186),.UNSPECIFIED.,.F.,
  .F.,(2,2),(18.1,45.7),.PIECEWISE_BEZIER_KNOTS.);
#7185 = CARTESIAN_POINT('',(0.,-1.));
#7186 = CARTESIAN_POINT('',(27.6,-1.));
#7187 = ( GEOMETRIC_REPRESENTATION_CONTEXT(2) 
PARAMETRIC_REPRESENTATION_CONTEXT() REPRESENTATION_CONTEXT('2D SPACE',''
  ) );
#7188 = PCURVE('',#1433,#7189);
#7189 = DEFINITIONAL_REPRESENTATION('',(#7190),#7193);
#7190 = B_SPLINE_CURVE_WITH_KNOTS('',1,(#7191,#7192),.UNSPECIFIED.,.F.,
  .F.,(2,2),(18.1,45.7),.PIECEWISE_BEZIER_KNOTS.);
#7191 = CARTESIAN_POINT('',(36.2,-32.2));
#7192 = CARTESIAN_POINT('',(63.8,-32.2));
#7193 = ( GEOMETRIC_REPRESENTATION_CONTEXT(2) 
PARAMETRIC_REPRESENTATION_CONTEXT() REPRESENTATION_CONTEXT('2D SPACE',''
  ) );
#7194 = ORIENTED_EDGE('',*,*,#7195,.T.);
#7195 = EDGE_CURVE('',#7173,#5161,#7196,.T.);
#7196 = SURFACE_CURVE('',#7197,(#7201,#7208),.PCURVE_S1.);
#7197 = LINE('',#7198,#7199);
#7198 = CARTESIAN_POINT('',(176.5,38.9,48.2));
#7199 = VECTOR('',#7200,1.);
#7200 = DIRECTION('',(1.,0.,-0.));
#7201 = PCURVE('',#5175,#7202);
#7202 = DEFINITIONAL_REPRESENTATION('',(#7203),#7207);
#7203 = LINE('',#7204,#7205);
#7204 = CARTESIAN_POINT('',(0.,0.));
#7205 = VECTOR('',#7206,1.);
#7206 = DIRECTION('',(0.,-1.));
#7207 = ( GEOMETRIC_REPRESENTATION_CONTEXT(2) 
PARAMETRIC_REPRESENTATION_CONTEXT() REPRESENTATION_CONTEXT('2D SPACE',''
  ) );
#7208 = PCURVE('',#5203,#7209);
#7209 = DEFINITIONAL_REPRESENTATION('',(#7210),#7214);
#7210 = LINE('',#7211,#7212);
#7211 = CARTESIAN_POINT('',(4.712388980385,0.));
#7212 = VECTOR('',#7213,1.);
#7213 = DIRECTION('',(0.,-1.));
#7214 = ( GEOMETRIC_REPRESENTATION_CONTEXT(2) 
PARAMETRIC_REPRESENTATION_CONTEXT() REPRESENTATION_CONTEXT('2D SPACE',''
  ) );
#7215 = ORIENTED_EDGE('',*,*,#5160,.T.);
#7216 = ORIENTED_EDGE('',*,*,#7217,.F.);
#7217 = EDGE_CURVE('',#7175,#5130,#7218,.T.);
#7218 = SURFACE_CURVE('',#7219,(#7223,#7230),.PCURVE_S1.);
#7219 = LINE('',#7220,#7221);
#7220 = CARTESIAN_POINT('',(176.5,38.9,75.8));
#7221 = VECTOR('',#7222,1.);
#7222 = DIRECTION('',(1.,0.,-0.));
#7223 = PCURVE('',#5175,#7224);
#7224 = DEFINITIONAL_REPRESENTATION('',(#7225),#7229);
#7225 = LINE('',#7226,#7227);
#7226 = CARTESIAN_POINT('',(27.6,0.));
#7227 = VECTOR('',#7228,1.);
#7228 = DIRECTION('',(0.,-1.));
#7229 = ( GEOMETRIC_REPRESENTATION_CONTEXT(2) 
PARAMETRIC_REPRESENTATION_CONTEXT() REPRESENTATION_CONTEXT('2D SPACE',''
  ) );
#7230 = PCURVE('',#5148,#7231);
#7231 = DEFINITIONAL_REPRESENTATION('',(#7232),#7236);
#7232 = LINE('',#7233,#7234);
#7233 = CARTESIAN_POINT('',(1.570796326795,0.));
#7234 = VECTOR('',#7235,1.);
#7235 = DIRECTION('',(0.,-1.));
#7236 = ( GEOMETRIC_REPRESENTATION_CONTEXT(2) 
PARAMETRIC_REPRESENTATION_CONTEXT() REPRESENTATION_CONTEXT('2D SPACE',''
  ) );
#7237 = ADVANCED_FACE('',(#7238),#5203,.F.);
#7238 = FACE_BOUND('',#7239,.F.);
#7239 = EDGE_LOOP('',(#7240,#7264,#7285,#7286));
#7240 = ORIENTED_EDGE('',*,*,#7241,.F.);
#7241 = EDGE_CURVE('',#7242,#7173,#7244,.T.);
#7242 = VERTEX_POINT('',#7243);
#7243 = CARTESIAN_POINT('',(177.5,41.3,48.2));
#7244 = SURFACE_CURVE('',#7245,(#7250,#7257),.PCURVE_S1.);
#7245 = CIRCLE('',#7246,1.2);
#7246 = AXIS2_PLACEMENT_3D('',#7247,#7248,#7249);
#7247 = CARTESIAN_POINT('',(177.5,40.1,48.2));
#7248 = DIRECTION('',(-1.,0.,0.));
#7249 = DIRECTION('',(0.,0.,1.));
#7250 = PCURVE('',#5203,#7251);
#7251 = DEFINITIONAL_REPRESENTATION('',(#7252),#7256);
#7252 = LINE('',#7253,#7254);
#7253 = CARTESIAN_POINT('',(0.,-1.));
#7254 = VECTOR('',#7255,1.);
#7255 = DIRECTION('',(1.,0.));
#7256 = ( GEOMETRIC_REPRESENTATION_CONTEXT(2) 
PARAMETRIC_REPRESENTATION_CONTEXT() REPRESENTATION_CONTEXT('2D SPACE',''
  ) );
#7257 = PCURVE('',#1433,#7258);
#7258 = DEFINITIONAL_REPRESENTATION('',(#7259),#7263);
#7259 = CIRCLE('',#7260,1.2);
#7260 = AXIS2_PLACEMENT_2D('',#7261,#7262);
#7261 = CARTESIAN_POINT('',(36.2,-31.));
#7262 = DIRECTION('',(1.,0.));
#7263 = ( GEOMETRIC_REPRESENTATION_CONTEXT(2) 
PARAMETRIC_REPRESENTATION_CONTEXT() REPRESENTATION_CONTEXT('2D SPACE',''
  ) );
#7264 = ORIENTED_EDGE('',*,*,#7265,.T.);
#7265 = EDGE_CURVE('',#7242,#5187,#7266,.T.);
#7266 = SURFACE_CURVE('',#7267,(#7271,#7278),.PCURVE_S1.);
#7267 = LINE('',#7268,#7269);
#7268 = CARTESIAN_POINT('',(176.5,41.3,48.2));
#7269 = VECTOR('',#7270,1.);
#7270 = DIRECTION('',(1.,0.,-0.));
#7271 = PCURVE('',#5203,#7272);
#7272 = DEFINITIONAL_REPRESENTATION('',(#7273),#7277);
#7273 = LINE('',#7274,#7275);
#7274 = CARTESIAN_POINT('',(1.570796326795,0.));
#7275 = VECTOR('',#7276,1.);
#7276 = DIRECTION('',(0.,-1.));
#7277 = ( GEOMETRIC_REPRESENTATION_CONTEXT(2) 
PARAMETRIC_REPRESENTATION_CONTEXT() REPRESENTATION_CONTEXT('2D SPACE',''
  ) );
#7278 = PCURVE('',#5228,#7279);
#7279 = DEFINITIONAL_REPRESENTATION('',(#7280),#7284);
#7280 = LINE('',#7281,#7282);
#7281 = CARTESIAN_POINT('',(-13.8,0.));
#7282 = VECTOR('',#7283,1.);
#7283 = DIRECTION('',(0.,-1.));
#7284 = ( GEOMETRIC_REPRESENTATION_CONTEXT(2) 
PARAMETRIC_REPRESENTATION_CONTEXT() REPRESENTATION_CONTEXT('2D SPACE',''
  ) );
#7285 = ORIENTED_EDGE('',*,*,#5186,.T.);
#7286 = ORIENTED_EDGE('',*,*,#7195,.F.);
#7287 = ADVANCED_FACE('',(#7288),#5228,.T.);
#7288 = FACE_BOUND('',#7289,.T.);
#7289 = EDGE_LOOP('',(#7290,#7313,#7332,#7333));
#7290 = ORIENTED_EDGE('',*,*,#7291,.F.);
#7291 = EDGE_CURVE('',#7292,#5132,#7294,.T.);
#7292 = VERTEX_POINT('',#7293);
#7293 = CARTESIAN_POINT('',(177.5,41.3,75.8));
#7294 = SURFACE_CURVE('',#7295,(#7299,#7306),.PCURVE_S1.);
#7295 = LINE('',#7296,#7297);
#7296 = CARTESIAN_POINT('',(176.5,41.3,75.8));
#7297 = VECTOR('',#7298,1.);
#7298 = DIRECTION('',(1.,0.,-0.));
#7299 = PCURVE('',#5228,#7300);
#7300 = DEFINITIONAL_REPRESENTATION('',(#7301),#7305);
#7301 = LINE('',#7302,#7303);
#7302 = CARTESIAN_POINT('',(13.8,0.));
#7303 = VECTOR('',#7304,1.);
#7304 = DIRECTION('',(0.,-1.));
#7305 = ( GEOMETRIC_REPRESENTATION_CONTEXT(2) 
PARAMETRIC_REPRESENTATION_CONTEXT() REPRESENTATION_CONTEXT('2D SPACE',''
  ) );
#7306 = PCURVE('',#5148,#7307);
#7307 = DEFINITIONAL_REPRESENTATION('',(#7308),#7312);
#7308 = LINE('',#7309,#7310);
#7309 = CARTESIAN_POINT('',(4.712388980385,0.));
#7310 = VECTOR('',#7311,1.);
#7311 = DIRECTION('',(0.,-1.));
#7312 = ( GEOMETRIC_REPRESENTATION_CONTEXT(2) 
PARAMETRIC_REPRESENTATION_CONTEXT() REPRESENTATION_CONTEXT('2D SPACE',''
  ) );
#7313 = ORIENTED_EDGE('',*,*,#7314,.F.);
#7314 = EDGE_CURVE('',#7242,#7292,#7315,.T.);
#7315 = SURFACE_CURVE('',#7316,(#7320,#7326),.PCURVE_S1.);
#7316 = LINE('',#7317,#7318);
#7317 = CARTESIAN_POINT('',(177.5,41.3,37.));
#7318 = VECTOR('',#7319,1.);
#7319 = DIRECTION('',(0.,0.,1.));
#7320 = PCURVE('',#5228,#7321);
#7321 = DEFINITIONAL_REPRESENTATION('',(#7322),#7325);
#7322 = B_SPLINE_CURVE_WITH_KNOTS('',1,(#7323,#7324),.UNSPECIFIED.,.F.,
  .F.,(2,2),(11.2,38.8),.PIECEWISE_BEZIER_KNOTS.);
#7323 = CARTESIAN_POINT('',(-13.8,-1.));
#7324 = CARTESIAN_POINT('',(13.8,-1.));
#7325 = ( GEOMETRIC_REPRESENTATION_CONTEXT(2) 
PARAMETRIC_REPRESENTATION_CONTEXT() REPRESENTATION_CONTEXT('2D SPACE',''
  ) );
#7326 = PCURVE('',#1433,#7327);
#7327 = DEFINITIONAL_REPRESENTATION('',(#7328),#7331);
#7328 = B_SPLINE_CURVE_WITH_KNOTS('',1,(#7329,#7330),.UNSPECIFIED.,.F.,
  .F.,(2,2),(11.2,38.8),.PIECEWISE_BEZIER_KNOTS.);
#7329 = CARTESIAN_POINT('',(36.2,-29.8));
#7330 = CARTESIAN_POINT('',(63.8,-29.8));
#7331 = ( GEOMETRIC_REPRESENTATION_CONTEXT(2) 
PARAMETRIC_REPRESENTATION_CONTEXT() REPRESENTATION_CONTEXT('2D SPACE',''
  ) );
#7332 = ORIENTED_EDGE('',*,*,#7265,.T.);
#7333 = ORIENTED_EDGE('',*,*,#5215,.T.);
#7334 = ADVANCED_FACE('',(#7335),#5148,.F.);
#7335 = FACE_BOUND('',#7336,.F.);
#7336 = EDGE_LOOP('',(#7337,#7359,#7360,#7361));
#7337 = ORIENTED_EDGE('',*,*,#7338,.F.);
#7338 = EDGE_CURVE('',#7175,#7292,#7339,.T.);
#7339 = SURFACE_CURVE('',#7340,(#7345,#7352),.PCURVE_S1.);
#7340 = CIRCLE('',#7341,1.2);
#7341 = AXIS2_PLACEMENT_3D('',#7342,#7343,#7344);
#7342 = CARTESIAN_POINT('',(177.5,40.1,75.8));
#7343 = DIRECTION('',(-1.,-0.,-0.));
#7344 = DIRECTION('',(0.,0.,-1.));
#7345 = PCURVE('',#5148,#7346);
#7346 = DEFINITIONAL_REPRESENTATION('',(#7347),#7351);
#7347 = LINE('',#7348,#7349);
#7348 = CARTESIAN_POINT('',(0.,-1.));
#7349 = VECTOR('',#7350,1.);
#7350 = DIRECTION('',(1.,0.));
#7351 = ( GEOMETRIC_REPRESENTATION_CONTEXT(2) 
PARAMETRIC_REPRESENTATION_CONTEXT() REPRESENTATION_CONTEXT('2D SPACE',''
  ) );
#7352 = PCURVE('',#1433,#7353);
#7353 = DEFINITIONAL_REPRESENTATION('',(#7354),#7358);
#7354 = CIRCLE('',#7355,1.2);
#7355 = AXIS2_PLACEMENT_2D('',#7356,#7357);
#7356 = CARTESIAN_POINT('',(63.8,-31.));
#7357 = DIRECTION('',(-1.,0.));
#7358 = ( GEOMETRIC_REPRESENTATION_CONTEXT(2) 
PARAMETRIC_REPRESENTATION_CONTEXT() REPRESENTATION_CONTEXT('2D SPACE',''
  ) );
#7359 = ORIENTED_EDGE('',*,*,#7217,.T.);
#7360 = ORIENTED_EDGE('',*,*,#5129,.T.);
#7361 = ORIENTED_EDGE('',*,*,#7291,.F.);
#7362 = ADVANCED_FACE('',(#7363),#5089,.T.);
#7363 = FACE_BOUND('',#7364,.T.);
#7364 = EDGE_LOOP('',(#7365,#7394,#7422,#7444));
#7365 = ORIENTED_EDGE('',*,*,#7366,.F.);
#7366 = EDGE_CURVE('',#7367,#5074,#7369,.T.);
#7367 = VERTEX_POINT('',#7368);
#7368 = CARTESIAN_POINT('',(168.,68.9,171.5));
#7369 = SURFACE_CURVE('',#7370,(#7375,#7382),.PCURVE_S1.);
#7370 = CIRCLE('',#7371,12.);
#7371 = AXIS2_PLACEMENT_3D('',#7372,#7373,#7374);
#7372 = CARTESIAN_POINT('',(168.,68.9,159.5));
#7373 = DIRECTION('',(0.,1.,0.));
#7374 = DIRECTION('',(0.,-0.,1.));
#7375 = PCURVE('',#5089,#7376);
#7376 = DEFINITIONAL_REPRESENTATION('',(#7377),#7381);
#7377 = LINE('',#7378,#7379);
#7378 = CARTESIAN_POINT('',(1.570796326795,-1.2));
#7379 = VECTOR('',#7380,1.);
#7380 = DIRECTION('',(1.,0.));
#7381 = ( GEOMETRIC_REPRESENTATION_CONTEXT(2) 
PARAMETRIC_REPRESENTATION_CONTEXT() REPRESENTATION_CONTEXT('2D SPACE',''
  ) );
#7382 = PCURVE('',#7383,#7388);
#7383 = TOROIDAL_SURFACE('',#7384,10.8,1.2);
#7384 = AXIS2_PLACEMENT_3D('',#7385,#7386,#7387);
#7385 = CARTESIAN_POINT('',(168.,68.9,159.5));
#7386 = DIRECTION('',(-0.,1.,-0.));
#7387 = DIRECTION('',(0.,0.,1.));
#7388 = DEFINITIONAL_REPRESENTATION('',(#7389),#7393);
#7389 = LINE('',#7390,#7391);
#7390 = CARTESIAN_POINT('',(0.,0.));
#7391 = VECTOR('',#7392,1.);
#7392 = DIRECTION('',(1.,0.));
#7393 = ( GEOMETRIC_REPRESENTATION_CONTEXT(2) 
PARAMETRIC_REPRESENTATION_CONTEXT() REPRESENTATION_CONTEXT('2D SPACE',''
  ) );
#7394 = ORIENTED_EDGE('',*,*,#7395,.T.);
#7395 = EDGE_CURVE('',#7367,#7396,#7398,.T.);
#7396 = VERTEX_POINT('',#7397);
#7397 = CARTESIAN_POINT('',(168.,2.,171.5));
#7398 = SURFACE_CURVE('',#7399,(#7403,#7410),.PCURVE_S1.);
#7399 = LINE('',#7400,#7401);
#7400 = CARTESIAN_POINT('',(168.,70.1,171.5));
#7401 = VECTOR('',#7402,1.);
#7402 = DIRECTION('',(0.,-1.,0.));
#7403 = PCURVE('',#5089,#7404);
#7404 = DEFINITIONAL_REPRESENTATION('',(#7405),#7409);
#7405 = LINE('',#7406,#7407);
#7406 = CARTESIAN_POINT('',(1.570796326795,0.));
#7407 = VECTOR('',#7408,1.);
#7408 = DIRECTION('',(0.,-1.));
#7409 = ( GEOMETRIC_REPRESENTATION_CONTEXT(2) 
PARAMETRIC_REPRESENTATION_CONTEXT() REPRESENTATION_CONTEXT('2D SPACE',''
  ) );
#7410 = PCURVE('',#7411,#7416);
#7411 = PLANE('',#7412);
#7412 = AXIS2_PLACEMENT_3D('',#7413,#7414,#7415);
#7413 = CARTESIAN_POINT('',(12.,70.1,171.5));
#7414 = DIRECTION('',(-0.,0.,1.));
#7415 = DIRECTION('',(1.,0.,0.));
#7416 = DEFINITIONAL_REPRESENTATION('',(#7417),#7421);
#7417 = LINE('',#7418,#7419);
#7418 = CARTESIAN_POINT('',(156.,0.));
#7419 = VECTOR('',#7420,1.);
#7420 = DIRECTION('',(0.,-1.));
#7421 = ( GEOMETRIC_REPRESENTATION_CONTEXT(2) 
PARAMETRIC_REPRESENTATION_CONTEXT() REPRESENTATION_CONTEXT('2D SPACE',''
  ) );
#7422 = ORIENTED_EDGE('',*,*,#7423,.T.);
#7423 = EDGE_CURVE('',#7396,#4971,#7424,.T.);
#7424 = SURFACE_CURVE('',#7425,(#7430,#7437),.PCURVE_S1.);
#7425 = CIRCLE('',#7426,12.);
#7426 = AXIS2_PLACEMENT_3D('',#7427,#7428,#7429);
#7427 = CARTESIAN_POINT('',(168.,2.,159.5));
#7428 = DIRECTION('',(-0.,1.,0.));
#7429 = DIRECTION('',(0.,0.,1.));
#7430 = PCURVE('',#5089,#7431);
#7431 = DEFINITIONAL_REPRESENTATION('',(#7432),#7436);
#7432 = LINE('',#7433,#7434);
#7433 = CARTESIAN_POINT('',(1.570796326795,-68.1));
#7434 = VECTOR('',#7435,1.);
#7435 = DIRECTION('',(1.,0.));
#7436 = ( GEOMETRIC_REPRESENTATION_CONTEXT(2) 
PARAMETRIC_REPRESENTATION_CONTEXT() REPRESENTATION_CONTEXT('2D SPACE',''
  ) );
#7437 = PCURVE('',#3694,#7438);
#7438 = DEFINITIONAL_REPRESENTATION('',(#7439),#7443);
#7439 = LINE('',#7440,#7441);
#7440 = CARTESIAN_POINT('',(-0.,0.));
#7441 = VECTOR('',#7442,1.);
#7442 = DIRECTION('',(-1.,0.));
#7443 = ( GEOMETRIC_REPRESENTATION_CONTEXT(2) 
PARAMETRIC_REPRESENTATION_CONTEXT() REPRESENTATION_CONTEXT('2D SPACE',''
  ) );
#7444 = ORIENTED_EDGE('',*,*,#5073,.F.);
#7445 = ADVANCED_FACE('',(#7446,#7521,#7641,#7761,#7881,#8001,#8121,
    #8241),#7411,.T.);
#7446 = FACE_BOUND('',#7447,.T.);
#7447 = EDGE_LOOP('',(#7448,#7473,#7494,#7495));
#7448 = ORIENTED_EDGE('',*,*,#7449,.T.);
#7449 = EDGE_CURVE('',#7450,#7452,#7454,.T.);
#7450 = VERTEX_POINT('',#7451);
#7451 = CARTESIAN_POINT('',(12.,68.9,171.5));
#7452 = VERTEX_POINT('',#7453);
#7453 = CARTESIAN_POINT('',(12.,2.,171.5));
#7454 = SURFACE_CURVE('',#7455,(#7459,#7466),.PCURVE_S1.);
#7455 = LINE('',#7456,#7457);
#7456 = CARTESIAN_POINT('',(12.,70.1,171.5));
#7457 = VECTOR('',#7458,1.);
#7458 = DIRECTION('',(0.,-1.,0.));
#7459 = PCURVE('',#7411,#7460);
#7460 = DEFINITIONAL_REPRESENTATION('',(#7461),#7465);
#7461 = LINE('',#7462,#7463);
#7462 = CARTESIAN_POINT('',(0.,0.));
#7463 = VECTOR('',#7464,1.);
#7464 = DIRECTION('',(0.,-1.));
#7465 = ( GEOMETRIC_REPRESENTATION_CONTEXT(2) 
PARAMETRIC_REPRESENTATION_CONTEXT() REPRESENTATION_CONTEXT('2D SPACE',''
  ) );
#7466 = PCURVE('',#100,#7467);
#7467 = DEFINITIONAL_REPRESENTATION('',(#7468),#7472);
#7468 = LINE('',#7469,#7470);
#7469 = CARTESIAN_POINT('',(1.570796326795,0.));
#7470 = VECTOR('',#7471,1.);
#7471 = DIRECTION('',(0.,-1.));
#7472 = ( GEOMETRIC_REPRESENTATION_CONTEXT(2) 
PARAMETRIC_REPRESENTATION_CONTEXT() REPRESENTATION_CONTEXT('2D SPACE',''
  ) );
#7473 = ORIENTED_EDGE('',*,*,#7474,.T.);
#7474 = EDGE_CURVE('',#7452,#7396,#7475,.T.);
#7475 = SURFACE_CURVE('',#7476,(#7480,#7487),.PCURVE_S1.);
#7476 = LINE('',#7477,#7478);
#7477 = CARTESIAN_POINT('',(12.,2.,171.5));
#7478 = VECTOR('',#7479,1.);
#7479 = DIRECTION('',(1.,0.,0.));
#7480 = PCURVE('',#7411,#7481);
#7481 = DEFINITIONAL_REPRESENTATION('',(#7482),#7486);
#7482 = LINE('',#7483,#7484);
#7483 = CARTESIAN_POINT('',(0.,-68.1));
#7484 = VECTOR('',#7485,1.);
#7485 = DIRECTION('',(1.,0.));
#7486 = ( GEOMETRIC_REPRESENTATION_CONTEXT(2) 
PARAMETRIC_REPRESENTATION_CONTEXT() REPRESENTATION_CONTEXT('2D SPACE',''
  ) );
#7487 = PCURVE('',#3722,#7488);
#7488 = DEFINITIONAL_REPRESENTATION('',(#7489),#7493);
#7489 = LINE('',#7490,#7491);
#7490 = CARTESIAN_POINT('',(0.,0.));
#7491 = VECTOR('',#7492,1.);
#7492 = DIRECTION('',(0.,1.));
#7493 = ( GEOMETRIC_REPRESENTATION_CONTEXT(2) 
PARAMETRIC_REPRESENTATION_CONTEXT() REPRESENTATION_CONTEXT('2D SPACE',''
  ) );
#7494 = ORIENTED_EDGE('',*,*,#7395,.F.);
#7495 = ORIENTED_EDGE('',*,*,#7496,.F.);
#7496 = EDGE_CURVE('',#7450,#7367,#7497,.T.);
#7497 = SURFACE_CURVE('',#7498,(#7502,#7509),.PCURVE_S1.);
#7498 = LINE('',#7499,#7500);
#7499 = CARTESIAN_POINT('',(12.,68.9,171.5));
#7500 = VECTOR('',#7501,1.);
#7501 = DIRECTION('',(1.,0.,0.));
#7502 = PCURVE('',#7411,#7503);
#7503 = DEFINITIONAL_REPRESENTATION('',(#7504),#7508);
#7504 = LINE('',#7505,#7506);
#7505 = CARTESIAN_POINT('',(0.,-1.2));
#7506 = VECTOR('',#7507,1.);
#7507 = DIRECTION('',(1.,0.));
#7508 = ( GEOMETRIC_REPRESENTATION_CONTEXT(2) 
PARAMETRIC_REPRESENTATION_CONTEXT() REPRESENTATION_CONTEXT('2D SPACE',''
  ) );
#7509 = PCURVE('',#7510,#7515);
#7510 = CYLINDRICAL_SURFACE('',#7511,1.2);
#7511 = AXIS2_PLACEMENT_3D('',#7512,#7513,#7514);
#7512 = CARTESIAN_POINT('',(12.,68.9,170.3));
#7513 = DIRECTION('',(1.,0.,0.));
#7514 = DIRECTION('',(-0.,0.,1.));
#7515 = DEFINITIONAL_REPRESENTATION('',(#7516),#7520);
#7516 = LINE('',#7517,#7518);
#7517 = CARTESIAN_POINT('',(-0.,0.));
#7518 = VECTOR('',#7519,1.);
#7519 = DIRECTION('',(-0.,1.));
#7520 = ( GEOMETRIC_REPRESENTATION_CONTEXT(2) 
PARAMETRIC_REPRESENTATION_CONTEXT() REPRESENTATION_CONTEXT('2D SPACE',''
  ) );
#7521 = FACE_BOUND('',#7522,.T.);
#7522 = EDGE_LOOP('',(#7523,#7551,#7584,#7610));
#7523 = ORIENTED_EDGE('',*,*,#7524,.F.);
#7524 = EDGE_CURVE('',#7525,#7527,#7529,.T.);
#7525 = VERTEX_POINT('',#7526);
#7526 = CARTESIAN_POINT('',(124.8,31.3,171.5));
#7527 = VERTEX_POINT('',#7528);
#7528 = CARTESIAN_POINT('',(55.2,31.3,171.5));
#7529 = SURFACE_CURVE('',#7530,(#7534,#7540),.PCURVE_S1.);
#7530 = LINE('',#7531,#7532);
#7531 = CARTESIAN_POINT('',(33.6,31.3,171.5));
#7532 = VECTOR('',#7533,1.);
#7533 = DIRECTION('',(-1.,0.,-0.));
#7534 = PCURVE('',#7411,#7535);
#7535 = DEFINITIONAL_REPRESENTATION('',(#7536),#7539);
#7536 = B_SPLINE_CURVE_WITH_KNOTS('',1,(#7537,#7538),.UNSPECIFIED.,.F.,
  .F.,(2,2),(-91.2,-21.6),.PIECEWISE_BEZIER_KNOTS.);
#7537 = CARTESIAN_POINT('',(112.8,-38.8));
#7538 = CARTESIAN_POINT('',(43.2,-38.8));
#7539 = ( GEOMETRIC_REPRESENTATION_CONTEXT(2) 
PARAMETRIC_REPRESENTATION_CONTEXT() REPRESENTATION_CONTEXT('2D SPACE',''
  ) );
#7540 = PCURVE('',#7541,#7546);
#7541 = PLANE('',#7542);
#7542 = AXIS2_PLACEMENT_3D('',#7543,#7544,#7545);
#7543 = CARTESIAN_POINT('',(55.2,31.3,168.));
#7544 = DIRECTION('',(0.,1.,0.));
#7545 = DIRECTION('',(1.,0.,0.));
#7546 = DEFINITIONAL_REPRESENTATION('',(#7547),#7550);
#7547 = B_SPLINE_CURVE_WITH_KNOTS('',1,(#7548,#7549),.UNSPECIFIED.,.F.,
  .F.,(2,2),(-91.2,-21.6),.PIECEWISE_BEZIER_KNOTS.);
#7548 = CARTESIAN_POINT('',(69.6,-3.5));
#7549 = CARTESIAN_POINT('',(0.,-3.5));
#7550 = ( GEOMETRIC_REPRESENTATION_CONTEXT(2) 
PARAMETRIC_REPRESENTATION_CONTEXT() REPRESENTATION_CONTEXT('2D SPACE',''
  ) );
#7551 = ORIENTED_EDGE('',*,*,#7552,.T.);
#7552 = EDGE_CURVE('',#7525,#7553,#7555,.T.);
#7553 = VERTEX_POINT('',#7554);
#7554 = CARTESIAN_POINT('',(124.8,28.9,171.5));
#7555 = SURFACE_CURVE('',#7556,(#7561,#7572),.PCURVE_S1.);
#7556 = CIRCLE('',#7557,1.2);
#7557 = AXIS2_PLACEMENT_3D('',#7558,#7559,#7560);
#7558 = CARTESIAN_POINT('',(124.8,30.1,171.5));
#7559 = DIRECTION('',(0.,0.,-1.));
#7560 = DIRECTION('',(-1.,0.,0.));
#7561 = PCURVE('',#7411,#7562);
#7562 = DEFINITIONAL_REPRESENTATION('',(#7563),#7571);
#7563 = ( BOUNDED_CURVE() B_SPLINE_CURVE(2,(#7564,#7565,#7566,#7567,
#7568,#7569,#7570),.UNSPECIFIED.,.T.,.F.) B_SPLINE_CURVE_WITH_KNOTS((1,2
    ,2,2,2,1),(-2.094395102393,0.,2.094395102393,4.188790204786,
6.28318530718,8.377580409573),.UNSPECIFIED.) CURVE() 
GEOMETRIC_REPRESENTATION_ITEM() RATIONAL_B_SPLINE_CURVE((1.,0.5,1.,0.5,
1.,0.5,1.)) REPRESENTATION_ITEM('') );
#7564 = CARTESIAN_POINT('',(111.6,-40.));
#7565 = CARTESIAN_POINT('',(111.6,-37.92153903091));
#7566 = CARTESIAN_POINT('',(113.4,-38.96076951545));
#7567 = CARTESIAN_POINT('',(115.2,-40.));
#7568 = CARTESIAN_POINT('',(113.4,-41.03923048454));
#7569 = CARTESIAN_POINT('',(111.6,-42.07846096908));
#7570 = CARTESIAN_POINT('',(111.6,-40.));
#7571 = ( GEOMETRIC_REPRESENTATION_CONTEXT(2) 
PARAMETRIC_REPRESENTATION_CONTEXT() REPRESENTATION_CONTEXT('2D SPACE',''
  ) );
#7572 = PCURVE('',#7573,#7578);
#7573 = CYLINDRICAL_SURFACE('',#7574,1.2);
#7574 = AXIS2_PLACEMENT_3D('',#7575,#7576,#7577);
#7575 = CARTESIAN_POINT('',(124.8,30.1,168.));
#7576 = DIRECTION('',(0.,0.,-1.));
#7577 = DIRECTION('',(-1.,0.,0.));
#7578 = DEFINITIONAL_REPRESENTATION('',(#7579),#7583);
#7579 = LINE('',#7580,#7581);
#7580 = CARTESIAN_POINT('',(0.,-3.5));
#7581 = VECTOR('',#7582,1.);
#7582 = DIRECTION('',(1.,0.));
#7583 = ( GEOMETRIC_REPRESENTATION_CONTEXT(2) 
PARAMETRIC_REPRESENTATION_CONTEXT() REPRESENTATION_CONTEXT('2D SPACE',''
  ) );
#7584 = ORIENTED_EDGE('',*,*,#7585,.T.);
#7585 = EDGE_CURVE('',#7553,#7586,#7588,.T.);
#7586 = VERTEX_POINT('',#7587);
#7587 = CARTESIAN_POINT('',(55.2,28.9,171.5));
#7588 = SURFACE_CURVE('',#7589,(#7593,#7599),.PCURVE_S1.);
#7589 = LINE('',#7590,#7591);
#7590 = CARTESIAN_POINT('',(51.,28.9,171.5));
#7591 = VECTOR('',#7592,1.);
#7592 = DIRECTION('',(-1.,0.,-0.));
#7593 = PCURVE('',#7411,#7594);
#7594 = DEFINITIONAL_REPRESENTATION('',(#7595),#7598);
#7595 = B_SPLINE_CURVE_WITH_KNOTS('',1,(#7596,#7597),.UNSPECIFIED.,.F.,
  .F.,(2,2),(-73.8,-4.2),.PIECEWISE_BEZIER_KNOTS.);
#7596 = CARTESIAN_POINT('',(112.8,-41.2));
#7597 = CARTESIAN_POINT('',(43.2,-41.2));
#7598 = ( GEOMETRIC_REPRESENTATION_CONTEXT(2) 
PARAMETRIC_REPRESENTATION_CONTEXT() REPRESENTATION_CONTEXT('2D SPACE',''
  ) );
#7599 = PCURVE('',#7600,#7605);
#7600 = PLANE('',#7601);
#7601 = AXIS2_PLACEMENT_3D('',#7602,#7603,#7604);
#7602 = CARTESIAN_POINT('',(90.,28.9,168.));
#7603 = DIRECTION('',(0.,1.,0.));
#7604 = DIRECTION('',(1.,0.,0.));
#7605 = DEFINITIONAL_REPRESENTATION('',(#7606),#7609);
#7606 = B_SPLINE_CURVE_WITH_KNOTS('',1,(#7607,#7608),.UNSPECIFIED.,.F.,
  .F.,(2,2),(-73.8,-4.2),.PIECEWISE_BEZIER_KNOTS.);
#7607 = CARTESIAN_POINT('',(34.8,-3.5));
#7608 = CARTESIAN_POINT('',(-34.8,-3.5));
#7609 = ( GEOMETRIC_REPRESENTATION_CONTEXT(2) 
PARAMETRIC_REPRESENTATION_CONTEXT() REPRESENTATION_CONTEXT('2D SPACE',''
  ) );
#7610 = ORIENTED_EDGE('',*,*,#7611,.T.);
#7611 = EDGE_CURVE('',#7586,#7527,#7612,.T.);
#7612 = SURFACE_CURVE('',#7613,(#7618,#7629),.PCURVE_S1.);
#7613 = CIRCLE('',#7614,1.2);
#7614 = AXIS2_PLACEMENT_3D('',#7615,#7616,#7617);
#7615 = CARTESIAN_POINT('',(55.2,30.1,171.5));
#7616 = DIRECTION('',(0.,0.,-1.));
#7617 = DIRECTION('',(1.,0.,0.));
#7618 = PCURVE('',#7411,#7619);
#7619 = DEFINITIONAL_REPRESENTATION('',(#7620),#7628);
#7620 = ( BOUNDED_CURVE() B_SPLINE_CURVE(2,(#7621,#7622,#7623,#7624,
#7625,#7626,#7627),.UNSPECIFIED.,.T.,.F.) B_SPLINE_CURVE_WITH_KNOTS((1,2
    ,2,2,2,1),(-2.094395102393,0.,2.094395102393,4.188790204786,
6.28318530718,8.377580409573),.UNSPECIFIED.) CURVE() 
GEOMETRIC_REPRESENTATION_ITEM() RATIONAL_B_SPLINE_CURVE((1.,0.5,1.,0.5,
1.,0.5,1.)) REPRESENTATION_ITEM('') );
#7621 = CARTESIAN_POINT('',(44.4,-40.));
#7622 = CARTESIAN_POINT('',(44.4,-42.07846096908));
#7623 = CARTESIAN_POINT('',(42.6,-41.03923048454));
#7624 = CARTESIAN_POINT('',(40.8,-40.));
#7625 = CARTESIAN_POINT('',(42.6,-38.96076951545));
#7626 = CARTESIAN_POINT('',(44.4,-37.92153903091));
#7627 = CARTESIAN_POINT('',(44.4,-40.));
#7628 = ( GEOMETRIC_REPRESENTATION_CONTEXT(2) 
PARAMETRIC_REPRESENTATION_CONTEXT() REPRESENTATION_CONTEXT('2D SPACE',''
  ) );
#7629 = PCURVE('',#7630,#7635);
#7630 = CYLINDRICAL_SURFACE('',#7631,1.2);
#7631 = AXIS2_PLACEMENT_3D('',#7632,#7633,#7634);
#7632 = CARTESIAN_POINT('',(55.2,30.1,168.));
#7633 = DIRECTION('',(0.,0.,-1.));
#7634 = DIRECTION('',(1.,0.,0.));
#7635 = DEFINITIONAL_REPRESENTATION('',(#7636),#7640);
#7636 = LINE('',#7637,#7638);
#7637 = CARTESIAN_POINT('',(0.,-3.5));
#7638 = VECTOR('',#7639,1.);
#7639 = DIRECTION('',(1.,0.));
#7640 = ( GEOMETRIC_REPRESENTATION_CONTEXT(2) 
PARAMETRIC_REPRESENTATION_CONTEXT() REPRESENTATION_CONTEXT('2D SPACE',''
  ) );
#7641 = FACE_BOUND('',#7642,.T.);
#7642 = EDGE_LOOP('',(#7643,#7671,#7704,#7730));
#7643 = ORIENTED_EDGE('',*,*,#7644,.F.);
#7644 = EDGE_CURVE('',#7645,#7647,#7649,.T.);
#7645 = VERTEX_POINT('',#7646);
#7646 = CARTESIAN_POINT('',(124.8,36.3,171.5));
#7647 = VERTEX_POINT('',#7648);
#7648 = CARTESIAN_POINT('',(55.2,36.3,171.5));
#7649 = SURFACE_CURVE('',#7650,(#7654,#7660),.PCURVE_S1.);
#7650 = LINE('',#7651,#7652);
#7651 = CARTESIAN_POINT('',(33.6,36.3,171.5));
#7652 = VECTOR('',#7653,1.);
#7653 = DIRECTION('',(-1.,0.,-0.));
#7654 = PCURVE('',#7411,#7655);
#7655 = DEFINITIONAL_REPRESENTATION('',(#7656),#7659);
#7656 = B_SPLINE_CURVE_WITH_KNOTS('',1,(#7657,#7658),.UNSPECIFIED.,.F.,
  .F.,(2,2),(-91.2,-21.6),.PIECEWISE_BEZIER_KNOTS.);
#7657 = CARTESIAN_POINT('',(112.8,-33.8));
#7658 = CARTESIAN_POINT('',(43.2,-33.8));
#7659 = ( GEOMETRIC_REPRESENTATION_CONTEXT(2) 
PARAMETRIC_REPRESENTATION_CONTEXT() REPRESENTATION_CONTEXT('2D SPACE',''
  ) );
#7660 = PCURVE('',#7661,#7666);
#7661 = PLANE('',#7662);
#7662 = AXIS2_PLACEMENT_3D('',#7663,#7664,#7665);
#7663 = CARTESIAN_POINT('',(55.2,36.3,168.));
#7664 = DIRECTION('',(0.,1.,0.));
#7665 = DIRECTION('',(1.,0.,0.));
#7666 = DEFINITIONAL_REPRESENTATION('',(#7667),#7670);
#7667 = B_SPLINE_CURVE_WITH_KNOTS('',1,(#7668,#7669),.UNSPECIFIED.,.F.,
  .F.,(2,2),(-91.2,-21.6),.PIECEWISE_BEZIER_KNOTS.);
#7668 = CARTESIAN_POINT('',(69.6,-3.5));
#7669 = CARTESIAN_POINT('',(0.,-3.5));
#7670 = ( GEOMETRIC_REPRESENTATION_CONTEXT(2) 
PARAMETRIC_REPRESENTATION_CONTEXT() REPRESENTATION_CONTEXT('2D SPACE',''
  ) );
#7671 = ORIENTED_EDGE('',*,*,#7672,.T.);
#7672 = EDGE_CURVE('',#7645,#7673,#7675,.T.);
#7673 = VERTEX_POINT('',#7674);
#7674 = CARTESIAN_POINT('',(124.8,33.9,171.5));
#7675 = SURFACE_CURVE('',#7676,(#7681,#7692),.PCURVE_S1.);
#7676 = CIRCLE('',#7677,1.2);
#7677 = AXIS2_PLACEMENT_3D('',#7678,#7679,#7680);
#7678 = CARTESIAN_POINT('',(124.8,35.1,171.5));
#7679 = DIRECTION('',(0.,0.,-1.));
#7680 = DIRECTION('',(-1.,0.,0.));
#7681 = PCURVE('',#7411,#7682);
#7682 = DEFINITIONAL_REPRESENTATION('',(#7683),#7691);
#7683 = ( BOUNDED_CURVE() B_SPLINE_CURVE(2,(#7684,#7685,#7686,#7687,
#7688,#7689,#7690),.UNSPECIFIED.,.T.,.F.) B_SPLINE_CURVE_WITH_KNOTS((1,2
    ,2,2,2,1),(-2.094395102393,0.,2.094395102393,4.188790204786,
6.28318530718,8.377580409573),.UNSPECIFIED.) CURVE() 
GEOMETRIC_REPRESENTATION_ITEM() RATIONAL_B_SPLINE_CURVE((1.,0.5,1.,0.5,
1.,0.5,1.)) REPRESENTATION_ITEM('') );
#7684 = CARTESIAN_POINT('',(111.6,-35.));
#7685 = CARTESIAN_POINT('',(111.6,-32.92153903091));
#7686 = CARTESIAN_POINT('',(113.4,-33.96076951545));
#7687 = CARTESIAN_POINT('',(115.2,-35.));
#7688 = CARTESIAN_POINT('',(113.4,-36.03923048454));
#7689 = CARTESIAN_POINT('',(111.6,-37.07846096908));
#7690 = CARTESIAN_POINT('',(111.6,-35.));
#7691 = ( GEOMETRIC_REPRESENTATION_CONTEXT(2) 
PARAMETRIC_REPRESENTATION_CONTEXT() REPRESENTATION_CONTEXT('2D SPACE',''
  ) );
#7692 = PCURVE('',#7693,#7698);
#7693 = CYLINDRICAL_SURFACE('',#7694,1.2);
#7694 = AXIS2_PLACEMENT_3D('',#7695,#7696,#7697);
#7695 = CARTESIAN_POINT('',(124.8,35.1,168.));
#7696 = DIRECTION('',(0.,0.,-1.));
#7697 = DIRECTION('',(-1.,0.,0.));
#7698 = DEFINITIONAL_REPRESENTATION('',(#7699),#7703);
#7699 = LINE('',#7700,#7701);
#7700 = CARTESIAN_POINT('',(0.,-3.5));
#7701 = VECTOR('',#7702,1.);
#7702 = DIRECTION('',(1.,0.));
#7703 = ( GEOMETRIC_REPRESENTATION_CONTEXT(2) 
PARAMETRIC_REPRESENTATION_CONTEXT() REPRESENTATION_CONTEXT('2D SPACE',''
  ) );
#7704 = ORIENTED_EDGE('',*,*,#7705,.T.);
#7705 = EDGE_CURVE('',#7673,#7706,#7708,.T.);
#7706 = VERTEX_POINT('',#7707);
#7707 = CARTESIAN_POINT('',(55.2,33.9,171.5));
#7708 = SURFACE_CURVE('',#7709,(#7713,#7719),.PCURVE_S1.);
#7709 = LINE('',#7710,#7711);
#7710 = CARTESIAN_POINT('',(51.,33.9,171.5));
#7711 = VECTOR('',#7712,1.);
#7712 = DIRECTION('',(-1.,0.,-0.));
#7713 = PCURVE('',#7411,#7714);
#7714 = DEFINITIONAL_REPRESENTATION('',(#7715),#7718);
#7715 = B_SPLINE_CURVE_WITH_KNOTS('',1,(#7716,#7717),.UNSPECIFIED.,.F.,
  .F.,(2,2),(-73.8,-4.2),.PIECEWISE_BEZIER_KNOTS.);
#7716 = CARTESIAN_POINT('',(112.8,-36.2));
#7717 = CARTESIAN_POINT('',(43.2,-36.2));
#7718 = ( GEOMETRIC_REPRESENTATION_CONTEXT(2) 
PARAMETRIC_REPRESENTATION_CONTEXT() REPRESENTATION_CONTEXT('2D SPACE',''
  ) );
#7719 = PCURVE('',#7720,#7725);
#7720 = PLANE('',#7721);
#7721 = AXIS2_PLACEMENT_3D('',#7722,#7723,#7724);
#7722 = CARTESIAN_POINT('',(90.,33.9,168.));
#7723 = DIRECTION('',(0.,1.,0.));
#7724 = DIRECTION('',(1.,0.,0.));
#7725 = DEFINITIONAL_REPRESENTATION('',(#7726),#7729);
#7726 = B_SPLINE_CURVE_WITH_KNOTS('',1,(#7727,#7728),.UNSPECIFIED.,.F.,
  .F.,(2,2),(-73.8,-4.2),.PIECEWISE_BEZIER_KNOTS.);
#7727 = CARTESIAN_POINT('',(34.8,-3.5));
#7728 = CARTESIAN_POINT('',(-34.8,-3.5));
#7729 = ( GEOMETRIC_REPRESENTATION_CONTEXT(2) 
PARAMETRIC_REPRESENTATION_CONTEXT() REPRESENTATION_CONTEXT('2D SPACE',''
  ) );
#7730 = ORIENTED_EDGE('',*,*,#7731,.T.);
#7731 = EDGE_CURVE('',#7706,#7647,#7732,.T.);
#7732 = SURFACE_CURVE('',#7733,(#7738,#7749),.PCURVE_S1.);
#7733 = CIRCLE('',#7734,1.2);
#7734 = AXIS2_PLACEMENT_3D('',#7735,#7736,#7737);
#7735 = CARTESIAN_POINT('',(55.2,35.1,171.5));
#7736 = DIRECTION('',(0.,0.,-1.));
#7737 = DIRECTION('',(1.,0.,0.));
#7738 = PCURVE('',#7411,#7739);
#7739 = DEFINITIONAL_REPRESENTATION('',(#7740),#7748);
#7740 = ( BOUNDED_CURVE() B_SPLINE_CURVE(2,(#7741,#7742,#7743,#7744,
#7745,#7746,#7747),.UNSPECIFIED.,.T.,.F.) B_SPLINE_CURVE_WITH_KNOTS((1,2
    ,2,2,2,1),(-2.094395102393,0.,2.094395102393,4.188790204786,
6.28318530718,8.377580409573),.UNSPECIFIED.) CURVE() 
GEOMETRIC_REPRESENTATION_ITEM() RATIONAL_B_SPLINE_CURVE((1.,0.5,1.,0.5,
1.,0.5,1.)) REPRESENTATION_ITEM('') );
#7741 = CARTESIAN_POINT('',(44.4,-35.));
#7742 = CARTESIAN_POINT('',(44.4,-37.07846096908));
#7743 = CARTESIAN_POINT('',(42.6,-36.03923048454));
#7744 = CARTESIAN_POINT('',(40.8,-35.));
#7745 = CARTESIAN_POINT('',(42.6,-33.96076951545));
#7746 = CARTESIAN_POINT('',(44.4,-32.92153903091));
#7747 = CARTESIAN_POINT('',(44.4,-35.));
#7748 = ( GEOMETRIC_REPRESENTATION_CONTEXT(2) 
PARAMETRIC_REPRESENTATION_CONTEXT() REPRESENTATION_CONTEXT('2D SPACE',''
  ) );
#7749 = PCURVE('',#7750,#7755);
#7750 = CYLINDRICAL_SURFACE('',#7751,1.2);
#7751 = AXIS2_PLACEMENT_3D('',#7752,#7753,#7754);
#7752 = CARTESIAN_POINT('',(55.2,35.1,168.));
#7753 = DIRECTION('',(0.,0.,-1.));
#7754 = DIRECTION('',(1.,0.,0.));
#7755 = DEFINITIONAL_REPRESENTATION('',(#7756),#7760);
#7756 = LINE('',#7757,#7758);
#7757 = CARTESIAN_POINT('',(0.,-3.5));
#7758 = VECTOR('',#7759,1.);
#7759 = DIRECTION('',(1.,0.));
#7760 = ( GEOMETRIC_REPRESENTATION_CONTEXT(2) 
PARAMETRIC_REPRESENTATION_CONTEXT() REPRESENTATION_CONTEXT('2D SPACE',''
  ) );
#7761 = FACE_BOUND('',#7762,.T.);
#7762 = EDGE_LOOP('',(#7763,#7791,#7824,#7850));
#7763 = ORIENTED_EDGE('',*,*,#7764,.F.);
#7764 = EDGE_CURVE('',#7765,#7767,#7769,.T.);
#7765 = VERTEX_POINT('',#7766);
#7766 = CARTESIAN_POINT('',(124.8,41.3,171.5));
#7767 = VERTEX_POINT('',#7768);
#7768 = CARTESIAN_POINT('',(55.2,41.3,171.5));
#7769 = SURFACE_CURVE('',#7770,(#7774,#7780),.PCURVE_S1.);
#7770 = LINE('',#7771,#7772);
#7771 = CARTESIAN_POINT('',(33.6,41.3,171.5));
#7772 = VECTOR('',#7773,1.);
#7773 = DIRECTION('',(-1.,0.,-0.));
#7774 = PCURVE('',#7411,#7775);
#7775 = DEFINITIONAL_REPRESENTATION('',(#7776),#7779);
#7776 = B_SPLINE_CURVE_WITH_KNOTS('',1,(#7777,#7778),.UNSPECIFIED.,.F.,
  .F.,(2,2),(-91.2,-21.6),.PIECEWISE_BEZIER_KNOTS.);
#7777 = CARTESIAN_POINT('',(112.8,-28.8));
#7778 = CARTESIAN_POINT('',(43.2,-28.8));
#7779 = ( GEOMETRIC_REPRESENTATION_CONTEXT(2) 
PARAMETRIC_REPRESENTATION_CONTEXT() REPRESENTATION_CONTEXT('2D SPACE',''
  ) );
#7780 = PCURVE('',#7781,#7786);
#7781 = PLANE('',#7782);
#7782 = AXIS2_PLACEMENT_3D('',#7783,#7784,#7785);
#7783 = CARTESIAN_POINT('',(55.2,41.3,168.));
#7784 = DIRECTION('',(0.,1.,0.));
#7785 = DIRECTION('',(1.,0.,0.));
#7786 = DEFINITIONAL_REPRESENTATION('',(#7787),#7790);
#7787 = B_SPLINE_CURVE_WITH_KNOTS('',1,(#7788,#7789),.UNSPECIFIED.,.F.,
  .F.,(2,2),(-91.2,-21.6),.PIECEWISE_BEZIER_KNOTS.);
#7788 = CARTESIAN_POINT('',(69.6,-3.5));
#7789 = CARTESIAN_POINT('',(0.,-3.5));
#7790 = ( GEOMETRIC_REPRESENTATION_CONTEXT(2) 
PARAMETRIC_REPRESENTATION_CONTEXT() REPRESENTATION_CONTEXT('2D SPACE',''
  ) );
#7791 = ORIENTED_EDGE('',*,*,#7792,.T.);
#7792 = EDGE_CURVE('',#7765,#7793,#7795,.T.);
#7793 = VERTEX_POINT('',#7794);
#7794 = CARTESIAN_POINT('',(124.8,38.9,171.5));
#7795 = SURFACE_CURVE('',#7796,(#7801,#7812),.PCURVE_S1.);
#7796 = CIRCLE('',#7797,1.2);
#7797 = AXIS2_PLACEMENT_3D('',#7798,#7799,#7800);
#7798 = CARTESIAN_POINT('',(124.8,40.1,171.5));
#7799 = DIRECTION('',(0.,0.,-1.));
#7800 = DIRECTION('',(-1.,0.,0.));
#7801 = PCURVE('',#7411,#7802);
#7802 = DEFINITIONAL_REPRESENTATION('',(#7803),#7811);
#7803 = ( BOUNDED_CURVE() B_SPLINE_CURVE(2,(#7804,#7805,#7806,#7807,
#7808,#7809,#7810),.UNSPECIFIED.,.T.,.F.) B_SPLINE_CURVE_WITH_KNOTS((1,2
    ,2,2,2,1),(-2.094395102393,0.,2.094395102393,4.188790204786,
6.28318530718,8.377580409573),.UNSPECIFIED.) CURVE() 
GEOMETRIC_REPRESENTATION_ITEM() RATIONAL_B_SPLINE_CURVE((1.,0.5,1.,0.5,
1.,0.5,1.)) REPRESENTATION_ITEM('') );
#7804 = CARTESIAN_POINT('',(111.6,-30.));
#7805 = CARTESIAN_POINT('',(111.6,-27.92153903091));
#7806 = CARTESIAN_POINT('',(113.4,-28.96076951545));
#7807 = CARTESIAN_POINT('',(115.2,-30.));
#7808 = CARTESIAN_POINT('',(113.4,-31.03923048454));
#7809 = CARTESIAN_POINT('',(111.6,-32.07846096908));
#7810 = CARTESIAN_POINT('',(111.6,-30.));
#7811 = ( GEOMETRIC_REPRESENTATION_CONTEXT(2) 
PARAMETRIC_REPRESENTATION_CONTEXT() REPRESENTATION_CONTEXT('2D SPACE',''
  ) );
#7812 = PCURVE('',#7813,#7818);
#7813 = CYLINDRICAL_SURFACE('',#7814,1.2);
#7814 = AXIS2_PLACEMENT_3D('',#7815,#7816,#7817);
#7815 = CARTESIAN_POINT('',(124.8,40.1,168.));
#7816 = DIRECTION('',(0.,0.,-1.));
#7817 = DIRECTION('',(-1.,0.,0.));
#7818 = DEFINITIONAL_REPRESENTATION('',(#7819),#7823);
#7819 = LINE('',#7820,#7821);
#7820 = CARTESIAN_POINT('',(0.,-3.5));
#7821 = VECTOR('',#7822,1.);
#7822 = DIRECTION('',(1.,0.));
#7823 = ( GEOMETRIC_REPRESENTATION_CONTEXT(2) 
PARAMETRIC_REPRESENTATION_CONTEXT() REPRESENTATION_CONTEXT('2D SPACE',''
  ) );
#7824 = ORIENTED_EDGE('',*,*,#7825,.T.);
#7825 = EDGE_CURVE('',#7793,#7826,#7828,.T.);
#7826 = VERTEX_POINT('',#7827);
#7827 = CARTESIAN_POINT('',(55.2,38.9,171.5));
#7828 = SURFACE_CURVE('',#7829,(#7833,#7839),.PCURVE_S1.);
#7829 = LINE('',#7830,#7831);
#7830 = CARTESIAN_POINT('',(51.,38.9,171.5));
#7831 = VECTOR('',#7832,1.);
#7832 = DIRECTION('',(-1.,0.,-0.));
#7833 = PCURVE('',#7411,#7834);
#7834 = DEFINITIONAL_REPRESENTATION('',(#7835),#7838);
#7835 = B_SPLINE_CURVE_WITH_KNOTS('',1,(#7836,#7837),.UNSPECIFIED.,.F.,
  .F.,(2,2),(-73.8,-4.2),.PIECEWISE_BEZIER_KNOTS.);
#7836 = CARTESIAN_POINT('',(112.8,-31.2));
#7837 = CARTESIAN_POINT('',(43.2,-31.2));
#7838 = ( GEOMETRIC_REPRESENTATION_CONTEXT(2) 
PARAMETRIC_REPRESENTATION_CONTEXT() REPRESENTATION_CONTEXT('2D SPACE',''
  ) );
#7839 = PCURVE('',#7840,#7845);
#7840 = PLANE('',#7841);
#7841 = AXIS2_PLACEMENT_3D('',#7842,#7843,#7844);
#7842 = CARTESIAN_POINT('',(90.,38.9,168.));
#7843 = DIRECTION('',(0.,1.,0.));
#7844 = DIRECTION('',(1.,0.,0.));
#7845 = DEFINITIONAL_REPRESENTATION('',(#7846),#7849);
#7846 = B_SPLINE_CURVE_WITH_KNOTS('',1,(#7847,#7848),.UNSPECIFIED.,.F.,
  .F.,(2,2),(-73.8,-4.2),.PIECEWISE_BEZIER_KNOTS.);
#7847 = CARTESIAN_POINT('',(34.8,-3.5));
#7848 = CARTESIAN_POINT('',(-34.8,-3.5));
#7849 = ( GEOMETRIC_REPRESENTATION_CONTEXT(2) 
PARAMETRIC_REPRESENTATION_CONTEXT() REPRESENTATION_CONTEXT('2D SPACE',''
  ) );
#7850 = ORIENTED_EDGE('',*,*,#7851,.T.);
#7851 = EDGE_CURVE('',#7826,#7767,#7852,.T.);
#7852 = SURFACE_CURVE('',#7853,(#7858,#7869),.PCURVE_S1.);
#7853 = CIRCLE('',#7854,1.2);
#7854 = AXIS2_PLACEMENT_3D('',#7855,#7856,#7857);
#7855 = CARTESIAN_POINT('',(55.2,40.1,171.5));
#7856 = DIRECTION('',(0.,0.,-1.));
#7857 = DIRECTION('',(1.,0.,0.));
#7858 = PCURVE('',#7411,#7859);
#7859 = DEFINITIONAL_REPRESENTATION('',(#7860),#7868);
#7860 = ( BOUNDED_CURVE() B_SPLINE_CURVE(2,(#7861,#7862,#7863,#7864,
#7865,#7866,#7867),.UNSPECIFIED.,.T.,.F.) B_SPLINE_CURVE_WITH_KNOTS((1,2
    ,2,2,2,1),(-2.094395102393,0.,2.094395102393,4.188790204786,
6.28318530718,8.377580409573),.UNSPECIFIED.) CURVE() 
GEOMETRIC_REPRESENTATION_ITEM() RATIONAL_B_SPLINE_CURVE((1.,0.5,1.,0.5,
1.,0.5,1.)) REPRESENTATION_ITEM('') );
#7861 = CARTESIAN_POINT('',(44.4,-30.));
#7862 = CARTESIAN_POINT('',(44.4,-32.07846096908));
#7863 = CARTESIAN_POINT('',(42.6,-31.03923048454));
#7864 = CARTESIAN_POINT('',(40.8,-30.));
#7865 = CARTESIAN_POINT('',(42.6,-28.96076951545));
#7866 = CARTESIAN_POINT('',(44.4,-27.92153903091));
#7867 = CARTESIAN_POINT('',(44.4,-30.));
#7868 = ( GEOMETRIC_REPRESENTATION_CONTEXT(2) 
PARAMETRIC_REPRESENTATION_CONTEXT() REPRESENTATION_CONTEXT('2D SPACE',''
  ) );
#7869 = PCURVE('',#7870,#7875);
#7870 = CYLINDRICAL_SURFACE('',#7871,1.2);
#7871 = AXIS2_PLACEMENT_3D('',#7872,#7873,#7874);
#7872 = CARTESIAN_POINT('',(55.2,40.1,168.));
#7873 = DIRECTION('',(0.,0.,-1.));
#7874 = DIRECTION('',(1.,0.,0.));
#7875 = DEFINITIONAL_REPRESENTATION('',(#7876),#7880);
#7876 = LINE('',#7877,#7878);
#7877 = CARTESIAN_POINT('',(0.,-3.5));
#7878 = VECTOR('',#7879,1.);
#7879 = DIRECTION('',(1.,0.));
#7880 = ( GEOMETRIC_REPRESENTATION_CONTEXT(2) 
PARAMETRIC_REPRESENTATION_CONTEXT() REPRESENTATION_CONTEXT('2D SPACE',''
  ) );
#7881 = FACE_BOUND('',#7882,.T.);
#7882 = EDGE_LOOP('',(#7883,#7911,#7944,#7970));
#7883 = ORIENTED_EDGE('',*,*,#7884,.F.);
#7884 = EDGE_CURVE('',#7885,#7887,#7889,.T.);
#7885 = VERTEX_POINT('',#7886);
#7886 = CARTESIAN_POINT('',(124.8,46.3,171.5));
#7887 = VERTEX_POINT('',#7888);
#7888 = CARTESIAN_POINT('',(55.2,46.3,171.5));
#7889 = SURFACE_CURVE('',#7890,(#7894,#7900),.PCURVE_S1.);
#7890 = LINE('',#7891,#7892);
#7891 = CARTESIAN_POINT('',(33.6,46.3,171.5));
#7892 = VECTOR('',#7893,1.);
#7893 = DIRECTION('',(-1.,0.,-0.));
#7894 = PCURVE('',#7411,#7895);
#7895 = DEFINITIONAL_REPRESENTATION('',(#7896),#7899);
#7896 = B_SPLINE_CURVE_WITH_KNOTS('',1,(#7897,#7898),.UNSPECIFIED.,.F.,
  .F.,(2,2),(-91.2,-21.6),.PIECEWISE_BEZIER_KNOTS.);
#7897 = CARTESIAN_POINT('',(112.8,-23.8));
#7898 = CARTESIAN_POINT('',(43.2,-23.8));
#7899 = ( GEOMETRIC_REPRESENTATION_CONTEXT(2) 
PARAMETRIC_REPRESENTATION_CONTEXT() REPRESENTATION_CONTEXT('2D SPACE',''
  ) );
#7900 = PCURVE('',#7901,#7906);
#7901 = PLANE('',#7902);
#7902 = AXIS2_PLACEMENT_3D('',#7903,#7904,#7905);
#7903 = CARTESIAN_POINT('',(55.2,46.3,168.));
#7904 = DIRECTION('',(0.,1.,0.));
#7905 = DIRECTION('',(1.,0.,0.));
#7906 = DEFINITIONAL_REPRESENTATION('',(#7907),#7910);
#7907 = B_SPLINE_CURVE_WITH_KNOTS('',1,(#7908,#7909),.UNSPECIFIED.,.F.,
  .F.,(2,2),(-91.2,-21.6),.PIECEWISE_BEZIER_KNOTS.);
#7908 = CARTESIAN_POINT('',(69.6,-3.5));
#7909 = CARTESIAN_POINT('',(0.,-3.5));
#7910 = ( GEOMETRIC_REPRESENTATION_CONTEXT(2) 
PARAMETRIC_REPRESENTATION_CONTEXT() REPRESENTATION_CONTEXT('2D SPACE',''
  ) );
#7911 = ORIENTED_EDGE('',*,*,#7912,.T.);
#7912 = EDGE_CURVE('',#7885,#7913,#7915,.T.);
#7913 = VERTEX_POINT('',#7914);
#7914 = CARTESIAN_POINT('',(124.8,43.9,171.5));
#7915 = SURFACE_CURVE('',#7916,(#7921,#7932),.PCURVE_S1.);
#7916 = CIRCLE('',#7917,1.2);
#7917 = AXIS2_PLACEMENT_3D('',#7918,#7919,#7920);
#7918 = CARTESIAN_POINT('',(124.8,45.1,171.5));
#7919 = DIRECTION('',(0.,0.,-1.));
#7920 = DIRECTION('',(-1.,0.,0.));
#7921 = PCURVE('',#7411,#7922);
#7922 = DEFINITIONAL_REPRESENTATION('',(#7923),#7931);
#7923 = ( BOUNDED_CURVE() B_SPLINE_CURVE(2,(#7924,#7925,#7926,#7927,
#7928,#7929,#7930),.UNSPECIFIED.,.T.,.F.) B_SPLINE_CURVE_WITH_KNOTS((1,2
    ,2,2,2,1),(-2.094395102393,0.,2.094395102393,4.188790204786,
6.28318530718,8.377580409573),.UNSPECIFIED.) CURVE() 
GEOMETRIC_REPRESENTATION_ITEM() RATIONAL_B_SPLINE_CURVE((1.,0.5,1.,0.5,
1.,0.5,1.)) REPRESENTATION_ITEM('') );
#7924 = CARTESIAN_POINT('',(111.6,-25.));
#7925 = CARTESIAN_POINT('',(111.6,-22.92153903091));
#7926 = CARTESIAN_POINT('',(113.4,-23.96076951545));
#7927 = CARTESIAN_POINT('',(115.2,-25.));
#7928 = CARTESIAN_POINT('',(113.4,-26.03923048454));
#7929 = CARTESIAN_POINT('',(111.6,-27.07846096908));
#7930 = CARTESIAN_POINT('',(111.6,-25.));
#7931 = ( GEOMETRIC_REPRESENTATION_CONTEXT(2) 
PARAMETRIC_REPRESENTATION_CONTEXT() REPRESENTATION_CONTEXT('2D SPACE',''
  ) );
#7932 = PCURVE('',#7933,#7938);
#7933 = CYLINDRICAL_SURFACE('',#7934,1.2);
#7934 = AXIS2_PLACEMENT_3D('',#7935,#7936,#7937);
#7935 = CARTESIAN_POINT('',(124.8,45.1,168.));
#7936 = DIRECTION('',(0.,0.,-1.));
#7937 = DIRECTION('',(-1.,0.,0.));
#7938 = DEFINITIONAL_REPRESENTATION('',(#7939),#7943);
#7939 = LINE('',#7940,#7941);
#7940 = CARTESIAN_POINT('',(0.,-3.5));
#7941 = VECTOR('',#7942,1.);
#7942 = DIRECTION('',(1.,0.));
#7943 = ( GEOMETRIC_REPRESENTATION_CONTEXT(2) 
PARAMETRIC_REPRESENTATION_CONTEXT() REPRESENTATION_CONTEXT('2D SPACE',''
  ) );
#7944 = ORIENTED_EDGE('',*,*,#7945,.T.);
#7945 = EDGE_CURVE('',#7913,#7946,#7948,.T.);
#7946 = VERTEX_POINT('',#7947);
#7947 = CARTESIAN_POINT('',(55.2,43.9,171.5));
#7948 = SURFACE_CURVE('',#7949,(#7953,#7959),.PCURVE_S1.);
#7949 = LINE('',#7950,#7951);
#7950 = CARTESIAN_POINT('',(51.,43.9,171.5));
#7951 = VECTOR('',#7952,1.);
#7952 = DIRECTION('',(-1.,0.,-0.));
#7953 = PCURVE('',#7411,#7954);
#7954 = DEFINITIONAL_REPRESENTATION('',(#7955),#7958);
#7955 = B_SPLINE_CURVE_WITH_KNOTS('',1,(#7956,#7957),.UNSPECIFIED.,.F.,
  .F.,(2,2),(-73.8,-4.2),.PIECEWISE_BEZIER_KNOTS.);
#7956 = CARTESIAN_POINT('',(112.8,-26.2));
#7957 = CARTESIAN_POINT('',(43.2,-26.2));
#7958 = ( GEOMETRIC_REPRESENTATION_CONTEXT(2) 
PARAMETRIC_REPRESENTATION_CONTEXT() REPRESENTATION_CONTEXT('2D SPACE',''
  ) );
#7959 = PCURVE('',#7960,#7965);
#7960 = PLANE('',#7961);
#7961 = AXIS2_PLACEMENT_3D('',#7962,#7963,#7964);
#7962 = CARTESIAN_POINT('',(90.,43.9,168.));
#7963 = DIRECTION('',(0.,1.,0.));
#7964 = DIRECTION('',(1.,0.,0.));
#7965 = DEFINITIONAL_REPRESENTATION('',(#7966),#7969);
#7966 = B_SPLINE_CURVE_WITH_KNOTS('',1,(#7967,#7968),.UNSPECIFIED.,.F.,
  .F.,(2,2),(-73.8,-4.2),.PIECEWISE_BEZIER_KNOTS.);
#7967 = CARTESIAN_POINT('',(34.8,-3.5));
#7968 = CARTESIAN_POINT('',(-34.8,-3.5));
#7969 = ( GEOMETRIC_REPRESENTATION_CONTEXT(2) 
PARAMETRIC_REPRESENTATION_CONTEXT() REPRESENTATION_CONTEXT('2D SPACE',''
  ) );
#7970 = ORIENTED_EDGE('',*,*,#7971,.T.);
#7971 = EDGE_CURVE('',#7946,#7887,#7972,.T.);
#7972 = SURFACE_CURVE('',#7973,(#7978,#7989),.PCURVE_S1.);
#7973 = CIRCLE('',#7974,1.2);
#7974 = AXIS2_PLACEMENT_3D('',#7975,#7976,#7977);
#7975 = CARTESIAN_POINT('',(55.2,45.1,171.5));
#7976 = DIRECTION('',(0.,0.,-1.));
#7977 = DIRECTION('',(1.,0.,0.));
#7978 = PCURVE('',#7411,#7979);
#7979 = DEFINITIONAL_REPRESENTATION('',(#7980),#7988);
#7980 = ( BOUNDED_CURVE() B_SPLINE_CURVE(2,(#7981,#7982,#7983,#7984,
#7985,#7986,#7987),.UNSPECIFIED.,.T.,.F.) B_SPLINE_CURVE_WITH_KNOTS((1,2
    ,2,2,2,1),(-2.094395102393,0.,2.094395102393,4.188790204786,
6.28318530718,8.377580409573),.UNSPECIFIED.) CURVE() 
GEOMETRIC_REPRESENTATION_ITEM() RATIONAL_B_SPLINE_CURVE((1.,0.5,1.,0.5,
1.,0.5,1.)) REPRESENTATION_ITEM('') );
#7981 = CARTESIAN_POINT('',(44.4,-25.));
#7982 = CARTESIAN_POINT('',(44.4,-27.07846096908));
#7983 = CARTESIAN_POINT('',(42.6,-26.03923048454));
#7984 = CARTESIAN_POINT('',(40.8,-25.));
#7985 = CARTESIAN_POINT('',(42.6,-23.96076951545));
#7986 = CARTESIAN_POINT('',(44.4,-22.92153903091));
#7987 = CARTESIAN_POINT('',(44.4,-25.));
#7988 = ( GEOMETRIC_REPRESENTATION_CONTEXT(2) 
PARAMETRIC_REPRESENTATION_CONTEXT() REPRESENTATION_CONTEXT('2D SPACE',''
  ) );
#7989 = PCURVE('',#7990,#7995);
#7990 = CYLINDRICAL_SURFACE('',#7991,1.2);
#7991 = AXIS2_PLACEMENT_3D('',#7992,#7993,#7994);
#7992 = CARTESIAN_POINT('',(55.2,45.1,168.));
#7993 = DIRECTION('',(0.,0.,-1.));
#7994 = DIRECTION('',(1.,0.,0.));
#7995 = DEFINITIONAL_REPRESENTATION('',(#7996),#8000);
#7996 = LINE('',#7997,#7998);
#7997 = CARTESIAN_POINT('',(0.,-3.5));
#7998 = VECTOR('',#7999,1.);
#7999 = DIRECTION('',(1.,0.));
#8000 = ( GEOMETRIC_REPRESENTATION_CONTEXT(2) 
PARAMETRIC_REPRESENTATION_CONTEXT() REPRESENTATION_CONTEXT('2D SPACE',''
  ) );
#8001 = FACE_BOUND('',#8002,.T.);
#8002 = EDGE_LOOP('',(#8003,#8031,#8064,#8090));
#8003 = ORIENTED_EDGE('',*,*,#8004,.F.);
#8004 = EDGE_CURVE('',#8005,#8007,#8009,.T.);
#8005 = VERTEX_POINT('',#8006);
#8006 = CARTESIAN_POINT('',(124.8,51.3,171.5));
#8007 = VERTEX_POINT('',#8008);
#8008 = CARTESIAN_POINT('',(55.2,51.3,171.5));
#8009 = SURFACE_CURVE('',#8010,(#8014,#8020),.PCURVE_S1.);
#8010 = LINE('',#8011,#8012);
#8011 = CARTESIAN_POINT('',(33.6,51.3,171.5));
#8012 = VECTOR('',#8013,1.);
#8013 = DIRECTION('',(-1.,0.,-0.));
#8014 = PCURVE('',#7411,#8015);
#8015 = DEFINITIONAL_REPRESENTATION('',(#8016),#8019);
#8016 = B_SPLINE_CURVE_WITH_KNOTS('',1,(#8017,#8018),.UNSPECIFIED.,.F.,
  .F.,(2,2),(-91.2,-21.6),.PIECEWISE_BEZIER_KNOTS.);
#8017 = CARTESIAN_POINT('',(112.8,-18.8));
#8018 = CARTESIAN_POINT('',(43.2,-18.8));
#8019 = ( GEOMETRIC_REPRESENTATION_CONTEXT(2) 
PARAMETRIC_REPRESENTATION_CONTEXT() REPRESENTATION_CONTEXT('2D SPACE',''
  ) );
#8020 = PCURVE('',#8021,#8026);
#8021 = PLANE('',#8022);
#8022 = AXIS2_PLACEMENT_3D('',#8023,#8024,#8025);
#8023 = CARTESIAN_POINT('',(55.2,51.3,168.));
#8024 = DIRECTION('',(0.,1.,0.));
#8025 = DIRECTION('',(1.,0.,0.));
#8026 = DEFINITIONAL_REPRESENTATION('',(#8027),#8030);
#8027 = B_SPLINE_CURVE_WITH_KNOTS('',1,(#8028,#8029),.UNSPECIFIED.,.F.,
  .F.,(2,2),(-91.2,-21.6),.PIECEWISE_BEZIER_KNOTS.);
#8028 = CARTESIAN_POINT('',(69.6,-3.5));
#8029 = CARTESIAN_POINT('',(0.,-3.5));
#8030 = ( GEOMETRIC_REPRESENTATION_CONTEXT(2) 
PARAMETRIC_REPRESENTATION_CONTEXT() REPRESENTATION_CONTEXT('2D SPACE',''
  ) );
#8031 = ORIENTED_EDGE('',*,*,#8032,.T.);
#8032 = EDGE_CURVE('',#8005,#8033,#8035,.T.);
#8033 = VERTEX_POINT('',#8034);
#8034 = CARTESIAN_POINT('',(124.8,48.9,171.5));
#8035 = SURFACE_CURVE('',#8036,(#8041,#8052),.PCURVE_S1.);
#8036 = CIRCLE('',#8037,1.2);
#8037 = AXIS2_PLACEMENT_3D('',#8038,#8039,#8040);
#8038 = CARTESIAN_POINT('',(124.8,50.1,171.5));
#8039 = DIRECTION('',(0.,0.,-1.));
#8040 = DIRECTION('',(-1.,0.,0.));
#8041 = PCURVE('',#7411,#8042);
#8042 = DEFINITIONAL_REPRESENTATION('',(#8043),#8051);
#8043 = ( BOUNDED_CURVE() B_SPLINE_CURVE(2,(#8044,#8045,#8046,#8047,
#8048,#8049,#8050),.UNSPECIFIED.,.T.,.F.) B_SPLINE_CURVE_WITH_KNOTS((1,2
    ,2,2,2,1),(-2.094395102393,0.,2.094395102393,4.188790204786,
6.28318530718,8.377580409573),.UNSPECIFIED.) CURVE() 
GEOMETRIC_REPRESENTATION_ITEM() RATIONAL_B_SPLINE_CURVE((1.,0.5,1.,0.5,
1.,0.5,1.)) REPRESENTATION_ITEM('') );
#8044 = CARTESIAN_POINT('',(111.6,-20.));
#8045 = CARTESIAN_POINT('',(111.6,-17.92153903091));
#8046 = CARTESIAN_POINT('',(113.4,-18.96076951545));
#8047 = CARTESIAN_POINT('',(115.2,-20.));
#8048 = CARTESIAN_POINT('',(113.4,-21.03923048454));
#8049 = CARTESIAN_POINT('',(111.6,-22.07846096908));
#8050 = CARTESIAN_POINT('',(111.6,-20.));
#8051 = ( GEOMETRIC_REPRESENTATION_CONTEXT(2) 
PARAMETRIC_REPRESENTATION_CONTEXT() REPRESENTATION_CONTEXT('2D SPACE',''
  ) );
#8052 = PCURVE('',#8053,#8058);
#8053 = CYLINDRICAL_SURFACE('',#8054,1.2);
#8054 = AXIS2_PLACEMENT_3D('',#8055,#8056,#8057);
#8055 = CARTESIAN_POINT('',(124.8,50.1,168.));
#8056 = DIRECTION('',(0.,0.,-1.));
#8057 = DIRECTION('',(-1.,0.,0.));
#8058 = DEFINITIONAL_REPRESENTATION('',(#8059),#8063);
#8059 = LINE('',#8060,#8061);
#8060 = CARTESIAN_POINT('',(0.,-3.5));
#8061 = VECTOR('',#8062,1.);
#8062 = DIRECTION('',(1.,0.));
#8063 = ( GEOMETRIC_REPRESENTATION_CONTEXT(2) 
PARAMETRIC_REPRESENTATION_CONTEXT() REPRESENTATION_CONTEXT('2D SPACE',''
  ) );
#8064 = ORIENTED_EDGE('',*,*,#8065,.T.);
#8065 = EDGE_CURVE('',#8033,#8066,#8068,.T.);
#8066 = VERTEX_POINT('',#8067);
#8067 = CARTESIAN_POINT('',(55.2,48.9,171.5));
#8068 = SURFACE_CURVE('',#8069,(#8073,#8079),.PCURVE_S1.);
#8069 = LINE('',#8070,#8071);
#8070 = CARTESIAN_POINT('',(51.,48.9,171.5));
#8071 = VECTOR('',#8072,1.);
#8072 = DIRECTION('',(-1.,0.,-0.));
#8073 = PCURVE('',#7411,#8074);
#8074 = DEFINITIONAL_REPRESENTATION('',(#8075),#8078);
#8075 = B_SPLINE_CURVE_WITH_KNOTS('',1,(#8076,#8077),.UNSPECIFIED.,.F.,
  .F.,(2,2),(-73.8,-4.2),.PIECEWISE_BEZIER_KNOTS.);
#8076 = CARTESIAN_POINT('',(112.8,-21.2));
#8077 = CARTESIAN_POINT('',(43.2,-21.2));
#8078 = ( GEOMETRIC_REPRESENTATION_CONTEXT(2) 
PARAMETRIC_REPRESENTATION_CONTEXT() REPRESENTATION_CONTEXT('2D SPACE',''
  ) );
#8079 = PCURVE('',#8080,#8085);
#8080 = PLANE('',#8081);
#8081 = AXIS2_PLACEMENT_3D('',#8082,#8083,#8084);
#8082 = CARTESIAN_POINT('',(90.,48.9,168.));
#8083 = DIRECTION('',(0.,1.,0.));
#8084 = DIRECTION('',(1.,0.,0.));
#8085 = DEFINITIONAL_REPRESENTATION('',(#8086),#8089);
#8086 = B_SPLINE_CURVE_WITH_KNOTS('',1,(#8087,#8088),.UNSPECIFIED.,.F.,
  .F.,(2,2),(-73.8,-4.2),.PIECEWISE_BEZIER_KNOTS.);
#8087 = CARTESIAN_POINT('',(34.8,-3.5));
#8088 = CARTESIAN_POINT('',(-34.8,-3.5));
#8089 = ( GEOMETRIC_REPRESENTATION_CONTEXT(2) 
PARAMETRIC_REPRESENTATION_CONTEXT() REPRESENTATION_CONTEXT('2D SPACE',''
  ) );
#8090 = ORIENTED_EDGE('',*,*,#8091,.T.);
#8091 = EDGE_CURVE('',#8066,#8007,#8092,.T.);
#8092 = SURFACE_CURVE('',#8093,(#8098,#8109),.PCURVE_S1.);
#8093 = CIRCLE('',#8094,1.2);
#8094 = AXIS2_PLACEMENT_3D('',#8095,#8096,#8097);
#8095 = CARTESIAN_POINT('',(55.2,50.1,171.5));
#8096 = DIRECTION('',(0.,0.,-1.));
#8097 = DIRECTION('',(1.,0.,0.));
#8098 = PCURVE('',#7411,#8099);
#8099 = DEFINITIONAL_REPRESENTATION('',(#8100),#8108);
#8100 = ( BOUNDED_CURVE() B_SPLINE_CURVE(2,(#8101,#8102,#8103,#8104,
#8105,#8106,#8107),.UNSPECIFIED.,.T.,.F.) B_SPLINE_CURVE_WITH_KNOTS((1,2
    ,2,2,2,1),(-2.094395102393,0.,2.094395102393,4.188790204786,
6.28318530718,8.377580409573),.UNSPECIFIED.) CURVE() 
GEOMETRIC_REPRESENTATION_ITEM() RATIONAL_B_SPLINE_CURVE((1.,0.5,1.,0.5,
1.,0.5,1.)) REPRESENTATION_ITEM('') );
#8101 = CARTESIAN_POINT('',(44.4,-20.));
#8102 = CARTESIAN_POINT('',(44.4,-22.07846096908));
#8103 = CARTESIAN_POINT('',(42.6,-21.03923048454));
#8104 = CARTESIAN_POINT('',(40.8,-20.));
#8105 = CARTESIAN_POINT('',(42.6,-18.96076951545));
#8106 = CARTESIAN_POINT('',(44.4,-17.92153903091));
#8107 = CARTESIAN_POINT('',(44.4,-20.));
#8108 = ( GEOMETRIC_REPRESENTATION_CONTEXT(2) 
PARAMETRIC_REPRESENTATION_CONTEXT() REPRESENTATION_CONTEXT('2D SPACE',''
  ) );
#8109 = PCURVE('',#8110,#8115);
#8110 = CYLINDRICAL_SURFACE('',#8111,1.2);
#8111 = AXIS2_PLACEMENT_3D('',#8112,#8113,#8114);
#8112 = CARTESIAN_POINT('',(55.2,50.1,168.));
#8113 = DIRECTION('',(0.,0.,-1.));
#8114 = DIRECTION('',(1.,0.,0.));
#8115 = DEFINITIONAL_REPRESENTATION('',(#8116),#8120);
#8116 = LINE('',#8117,#8118);
#8117 = CARTESIAN_POINT('',(0.,-3.5));
#8118 = VECTOR('',#8119,1.);
#8119 = DIRECTION('',(1.,0.));
#8120 = ( GEOMETRIC_REPRESENTATION_CONTEXT(2) 
PARAMETRIC_REPRESENTATION_CONTEXT() REPRESENTATION_CONTEXT('2D SPACE',''
  ) );
#8121 = FACE_BOUND('',#8122,.T.);
#8122 = EDGE_LOOP('',(#8123,#8151,#8184,#8210));
#8123 = ORIENTED_EDGE('',*,*,#8124,.F.);
#8124 = EDGE_CURVE('',#8125,#8127,#8129,.T.);
#8125 = VERTEX_POINT('',#8126);
#8126 = CARTESIAN_POINT('',(124.8,56.3,171.5));
#8127 = VERTEX_POINT('',#8128);
#8128 = CARTESIAN_POINT('',(55.2,56.3,171.5));
#8129 = SURFACE_CURVE('',#8130,(#8134,#8140),.PCURVE_S1.);
#8130 = LINE('',#8131,#8132);
#8131 = CARTESIAN_POINT('',(33.6,56.3,171.5));
#8132 = VECTOR('',#8133,1.);
#8133 = DIRECTION('',(-1.,0.,-0.));
#8134 = PCURVE('',#7411,#8135);
#8135 = DEFINITIONAL_REPRESENTATION('',(#8136),#8139);
#8136 = B_SPLINE_CURVE_WITH_KNOTS('',1,(#8137,#8138),.UNSPECIFIED.,.F.,
  .F.,(2,2),(-91.2,-21.6),.PIECEWISE_BEZIER_KNOTS.);
#8137 = CARTESIAN_POINT('',(112.8,-13.8));
#8138 = CARTESIAN_POINT('',(43.2,-13.8));
#8139 = ( GEOMETRIC_REPRESENTATION_CONTEXT(2) 
PARAMETRIC_REPRESENTATION_CONTEXT() REPRESENTATION_CONTEXT('2D SPACE',''
  ) );
#8140 = PCURVE('',#8141,#8146);
#8141 = PLANE('',#8142);
#8142 = AXIS2_PLACEMENT_3D('',#8143,#8144,#8145);
#8143 = CARTESIAN_POINT('',(55.2,56.3,168.));
#8144 = DIRECTION('',(0.,1.,0.));
#8145 = DIRECTION('',(1.,0.,0.));
#8146 = DEFINITIONAL_REPRESENTATION('',(#8147),#8150);
#8147 = B_SPLINE_CURVE_WITH_KNOTS('',1,(#8148,#8149),.UNSPECIFIED.,.F.,
  .F.,(2,2),(-91.2,-21.6),.PIECEWISE_BEZIER_KNOTS.);
#8148 = CARTESIAN_POINT('',(69.6,-3.5));
#8149 = CARTESIAN_POINT('',(0.,-3.5));
#8150 = ( GEOMETRIC_REPRESENTATION_CONTEXT(2) 
PARAMETRIC_REPRESENTATION_CONTEXT() REPRESENTATION_CONTEXT('2D SPACE',''
  ) );
#8151 = ORIENTED_EDGE('',*,*,#8152,.T.);
#8152 = EDGE_CURVE('',#8125,#8153,#8155,.T.);
#8153 = VERTEX_POINT('',#8154);
#8154 = CARTESIAN_POINT('',(124.8,53.9,171.5));
#8155 = SURFACE_CURVE('',#8156,(#8161,#8172),.PCURVE_S1.);
#8156 = CIRCLE('',#8157,1.2);
#8157 = AXIS2_PLACEMENT_3D('',#8158,#8159,#8160);
#8158 = CARTESIAN_POINT('',(124.8,55.1,171.5));
#8159 = DIRECTION('',(0.,0.,-1.));
#8160 = DIRECTION('',(-1.,0.,0.));
#8161 = PCURVE('',#7411,#8162);
#8162 = DEFINITIONAL_REPRESENTATION('',(#8163),#8171);
#8163 = ( BOUNDED_CURVE() B_SPLINE_CURVE(2,(#8164,#8165,#8166,#8167,
#8168,#8169,#8170),.UNSPECIFIED.,.T.,.F.) B_SPLINE_CURVE_WITH_KNOTS((1,2
    ,2,2,2,1),(-2.094395102393,0.,2.094395102393,4.188790204786,
6.28318530718,8.377580409573),.UNSPECIFIED.) CURVE() 
GEOMETRIC_REPRESENTATION_ITEM() RATIONAL_B_SPLINE_CURVE((1.,0.5,1.,0.5,
1.,0.5,1.)) REPRESENTATION_ITEM('') );
#8164 = CARTESIAN_POINT('',(111.6,-15.));
#8165 = CARTESIAN_POINT('',(111.6,-12.92153903091));
#8166 = CARTESIAN_POINT('',(113.4,-13.96076951545));
#8167 = CARTESIAN_POINT('',(115.2,-15.));
#8168 = CARTESIAN_POINT('',(113.4,-16.03923048454));
#8169 = CARTESIAN_POINT('',(111.6,-17.07846096908));
#8170 = CARTESIAN_POINT('',(111.6,-15.));
#8171 = ( GEOMETRIC_REPRESENTATION_CONTEXT(2) 
PARAMETRIC_REPRESENTATION_CONTEXT() REPRESENTATION_CONTEXT('2D SPACE',''
  ) );
#8172 = PCURVE('',#8173,#8178);
#8173 = CYLINDRICAL_SURFACE('',#8174,1.2);
#8174 = AXIS2_PLACEMENT_3D('',#8175,#8176,#8177);
#8175 = CARTESIAN_POINT('',(124.8,55.1,168.));
#8176 = DIRECTION('',(0.,0.,-1.));
#8177 = DIRECTION('',(-1.,0.,0.));
#8178 = DEFINITIONAL_REPRESENTATION('',(#8179),#8183);
#8179 = LINE('',#8180,#8181);
#8180 = CARTESIAN_POINT('',(0.,-3.5));
#8181 = VECTOR('',#8182,1.);
#8182 = DIRECTION('',(1.,0.));
#8183 = ( GEOMETRIC_REPRESENTATION_CONTEXT(2) 
PARAMETRIC_REPRESENTATION_CONTEXT() REPRESENTATION_CONTEXT('2D SPACE',''
  ) );
#8184 = ORIENTED_EDGE('',*,*,#8185,.T.);
#8185 = EDGE_CURVE('',#8153,#8186,#8188,.T.);
#8186 = VERTEX_POINT('',#8187);
#8187 = CARTESIAN_POINT('',(55.2,53.9,171.5));
#8188 = SURFACE_CURVE('',#8189,(#8193,#8199),.PCURVE_S1.);
#8189 = LINE('',#8190,#8191);
#8190 = CARTESIAN_POINT('',(51.,53.9,171.5));
#8191 = VECTOR('',#8192,1.);
#8192 = DIRECTION('',(-1.,0.,-0.));
#8193 = PCURVE('',#7411,#8194);
#8194 = DEFINITIONAL_REPRESENTATION('',(#8195),#8198);
#8195 = B_SPLINE_CURVE_WITH_KNOTS('',1,(#8196,#8197),.UNSPECIFIED.,.F.,
  .F.,(2,2),(-73.8,-4.2),.PIECEWISE_BEZIER_KNOTS.);
#8196 = CARTESIAN_POINT('',(112.8,-16.2));
#8197 = CARTESIAN_POINT('',(43.2,-16.2));
#8198 = ( GEOMETRIC_REPRESENTATION_CONTEXT(2) 
PARAMETRIC_REPRESENTATION_CONTEXT() REPRESENTATION_CONTEXT('2D SPACE',''
  ) );
#8199 = PCURVE('',#8200,#8205);
#8200 = PLANE('',#8201);
#8201 = AXIS2_PLACEMENT_3D('',#8202,#8203,#8204);
#8202 = CARTESIAN_POINT('',(90.,53.9,168.));
#8203 = DIRECTION('',(0.,1.,0.));
#8204 = DIRECTION('',(1.,0.,0.));
#8205 = DEFINITIONAL_REPRESENTATION('',(#8206),#8209);
#8206 = B_SPLINE_CURVE_WITH_KNOTS('',1,(#8207,#8208),.UNSPECIFIED.,.F.,
  .F.,(2,2),(-73.8,-4.2),.PIECEWISE_BEZIER_KNOTS.);
#8207 = CARTESIAN_POINT('',(34.8,-3.5));
#8208 = CARTESIAN_POINT('',(-34.8,-3.5));
#8209 = ( GEOMETRIC_REPRESENTATION_CONTEXT(2) 
PARAMETRIC_REPRESENTATION_CONTEXT() REPRESENTATION_CONTEXT('2D SPACE',''
  ) );
#8210 = ORIENTED_EDGE('',*,*,#8211,.T.);
#8211 = EDGE_CURVE('',#8186,#8127,#8212,.T.);
#8212 = SURFACE_CURVE('',#8213,(#8218,#8229),.PCURVE_S1.);
#8213 = CIRCLE('',#8214,1.2);
#8214 = AXIS2_PLACEMENT_3D('',#8215,#8216,#8217);
#8215 = CARTESIAN_POINT('',(55.2,55.1,171.5));
#8216 = DIRECTION('',(0.,0.,-1.));
#8217 = DIRECTION('',(1.,0.,0.));
#8218 = PCURVE('',#7411,#8219);
#8219 = DEFINITIONAL_REPRESENTATION('',(#8220),#8228);
#8220 = ( BOUNDED_CURVE() B_SPLINE_CURVE(2,(#8221,#8222,#8223,#8224,
#8225,#8226,#8227),.UNSPECIFIED.,.T.,.F.) B_SPLINE_CURVE_WITH_KNOTS((1,2
    ,2,2,2,1),(-2.094395102393,0.,2.094395102393,4.188790204786,
6.28318530718,8.377580409573),.UNSPECIFIED.) CURVE() 
GEOMETRIC_REPRESENTATION_ITEM() RATIONAL_B_SPLINE_CURVE((1.,0.5,1.,0.5,
1.,0.5,1.)) REPRESENTATION_ITEM('') );
#8221 = CARTESIAN_POINT('',(44.4,-15.));
#8222 = CARTESIAN_POINT('',(44.4,-17.07846096908));
#8223 = CARTESIAN_POINT('',(42.6,-16.03923048454));
#8224 = CARTESIAN_POINT('',(40.8,-15.));
#8225 = CARTESIAN_POINT('',(42.6,-13.96076951545));
#8226 = CARTESIAN_POINT('',(44.4,-12.92153903091));
#8227 = CARTESIAN_POINT('',(44.4,-15.));
#8228 = ( GEOMETRIC_REPRESENTATION_CONTEXT(2) 
PARAMETRIC_REPRESENTATION_CONTEXT() REPRESENTATION_CONTEXT('2D SPACE',''
  ) );
#8229 = PCURVE('',#8230,#8235);
#8230 = CYLINDRICAL_SURFACE('',#8231,1.2);
#8231 = AXIS2_PLACEMENT_3D('',#8232,#8233,#8234);
#8232 = CARTESIAN_POINT('',(55.2,55.1,168.));
#8233 = DIRECTION('',(0.,0.,-1.));
#8234 = DIRECTION('',(1.,0.,0.));
#8235 = DEFINITIONAL_REPRESENTATION('',(#8236),#8240);
#8236 = LINE('',#8237,#8238);
#8237 = CARTESIAN_POINT('',(0.,-3.5));
#8238 = VECTOR('',#8239,1.);
#8239 = DIRECTION('',(1.,0.));
#8240 = ( GEOMETRIC_REPRESENTATION_CONTEXT(2) 
PARAMETRIC_REPRESENTATION_CONTEXT() REPRESENTATION_CONTEXT('2D SPACE',''
  ) );
#8241 = FACE_BOUND('',#8242,.T.);
#8242 = EDGE_LOOP('',(#8243,#8271,#8304,#8330));
#8243 = ORIENTED_EDGE('',*,*,#8244,.F.);
#8244 = EDGE_CURVE('',#8245,#8247,#8249,.T.);
#8245 = VERTEX_POINT('',#8246);
#8246 = CARTESIAN_POINT('',(124.8,61.3,171.5));
#8247 = VERTEX_POINT('',#8248);
#8248 = CARTESIAN_POINT('',(55.2,61.3,171.5));
#8249 = SURFACE_CURVE('',#8250,(#8254,#8260),.PCURVE_S1.);
#8250 = LINE('',#8251,#8252);
#8251 = CARTESIAN_POINT('',(33.6,61.3,171.5));
#8252 = VECTOR('',#8253,1.);
#8253 = DIRECTION('',(-1.,0.,-0.));
#8254 = PCURVE('',#7411,#8255);
#8255 = DEFINITIONAL_REPRESENTATION('',(#8256),#8259);
#8256 = B_SPLINE_CURVE_WITH_KNOTS('',1,(#8257,#8258),.UNSPECIFIED.,.F.,
  .F.,(2,2),(-91.2,-21.6),.PIECEWISE_BEZIER_KNOTS.);
#8257 = CARTESIAN_POINT('',(112.8,-8.8));
#8258 = CARTESIAN_POINT('',(43.2,-8.8));
#8259 = ( GEOMETRIC_REPRESENTATION_CONTEXT(2) 
PARAMETRIC_REPRESENTATION_CONTEXT() REPRESENTATION_CONTEXT('2D SPACE',''
  ) );
#8260 = PCURVE('',#8261,#8266);
#8261 = PLANE('',#8262);
#8262 = AXIS2_PLACEMENT_3D('',#8263,#8264,#8265);
#8263 = CARTESIAN_POINT('',(55.2,61.3,168.));
#8264 = DIRECTION('',(0.,1.,0.));
#8265 = DIRECTION('',(1.,0.,0.));
#8266 = DEFINITIONAL_REPRESENTATION('',(#8267),#8270);
#8267 = B_SPLINE_CURVE_WITH_KNOTS('',1,(#8268,#8269),.UNSPECIFIED.,.F.,
  .F.,(2,2),(-91.2,-21.6),.PIECEWISE_BEZIER_KNOTS.);
#8268 = CARTESIAN_POINT('',(69.6,-3.5));
#8269 = CARTESIAN_POINT('',(0.,-3.5));
#8270 = ( GEOMETRIC_REPRESENTATION_CONTEXT(2) 
PARAMETRIC_REPRESENTATION_CONTEXT() REPRESENTATION_CONTEXT('2D SPACE',''
  ) );
#8271 = ORIENTED_EDGE('',*,*,#8272,.T.);
#8272 = EDGE_CURVE('',#8245,#8273,#8275,.T.);
#8273 = VERTEX_POINT('',#8274);
#8274 = CARTESIAN_POINT('',(124.8,58.9,171.5));
#8275 = SURFACE_CURVE('',#8276,(#8281,#8292),.PCURVE_S1.);
#8276 = CIRCLE('',#8277,1.2);
#8277 = AXIS2_PLACEMENT_3D('',#8278,#8279,#8280);
#8278 = CARTESIAN_POINT('',(124.8,60.1,171.5));
#8279 = DIRECTION('',(0.,0.,-1.));
#8280 = DIRECTION('',(-1.,0.,0.));
#8281 = PCURVE('',#7411,#8282);
#8282 = DEFINITIONAL_REPRESENTATION('',(#8283),#8291);
#8283 = ( BOUNDED_CURVE() B_SPLINE_CURVE(2,(#8284,#8285,#8286,#8287,
#8288,#8289,#8290),.UNSPECIFIED.,.T.,.F.) B_SPLINE_CURVE_WITH_KNOTS((1,2
    ,2,2,2,1),(-2.094395102393,0.,2.094395102393,4.188790204786,
6.28318530718,8.377580409573),.UNSPECIFIED.) CURVE() 
GEOMETRIC_REPRESENTATION_ITEM() RATIONAL_B_SPLINE_CURVE((1.,0.5,1.,0.5,
1.,0.5,1.)) REPRESENTATION_ITEM('') );
#8284 = CARTESIAN_POINT('',(111.6,-10.));
#8285 = CARTESIAN_POINT('',(111.6,-7.921539030917));
#8286 = CARTESIAN_POINT('',(113.4,-8.960769515459));
#8287 = CARTESIAN_POINT('',(115.2,-10.));
#8288 = CARTESIAN_POINT('',(113.4,-11.03923048454));
#8289 = CARTESIAN_POINT('',(111.6,-12.07846096908));
#8290 = CARTESIAN_POINT('',(111.6,-10.));
#8291 = ( GEOMETRIC_REPRESENTATION_CONTEXT(2) 
PARAMETRIC_REPRESENTATION_CONTEXT() REPRESENTATION_CONTEXT('2D SPACE',''
  ) );
#8292 = PCURVE('',#8293,#8298);
#8293 = CYLINDRICAL_SURFACE('',#8294,1.2);
#8294 = AXIS2_PLACEMENT_3D('',#8295,#8296,#8297);
#8295 = CARTESIAN_POINT('',(124.8,60.1,168.));
#8296 = DIRECTION('',(0.,0.,-1.));
#8297 = DIRECTION('',(-1.,0.,0.));
#8298 = DEFINITIONAL_REPRESENTATION('',(#8299),#8303);
#8299 = LINE('',#8300,#8301);
#8300 = CARTESIAN_POINT('',(0.,-3.5));
#8301 = VECTOR('',#8302,1.);
#8302 = DIRECTION('',(1.,0.));
#8303 = ( GEOMETRIC_REPRESENTATION_CONTEXT(2) 
PARAMETRIC_REPRESENTATION_CONTEXT() REPRESENTATION_CONTEXT('2D SPACE',''
  ) );
#8304 = ORIENTED_EDGE('',*,*,#8305,.T.);
#8305 = EDGE_CURVE('',#8273,#8306,#8308,.T.);
#8306 = VERTEX_POINT('',#8307);
#8307 = CARTESIAN_POINT('',(55.2,58.9,171.5));
#8308 = SURFACE_CURVE('',#8309,(#8313,#8319),.PCURVE_S1.);
#8309 = LINE('',#8310,#8311);
#8310 = CARTESIAN_POINT('',(51.,58.9,171.5));
#8311 = VECTOR('',#8312,1.);
#8312 = DIRECTION('',(-1.,0.,-0.));
#8313 = PCURVE('',#7411,#8314);
#8314 = DEFINITIONAL_REPRESENTATION('',(#8315),#8318);
#8315 = B_SPLINE_CURVE_WITH_KNOTS('',1,(#8316,#8317),.UNSPECIFIED.,.F.,
  .F.,(2,2),(-73.8,-4.2),.PIECEWISE_BEZIER_KNOTS.);
#8316 = CARTESIAN_POINT('',(112.8,-11.2));
#8317 = CARTESIAN_POINT('',(43.2,-11.2));
#8318 = ( GEOMETRIC_REPRESENTATION_CONTEXT(2) 
PARAMETRIC_REPRESENTATION_CONTEXT() REPRESENTATION_CONTEXT('2D SPACE',''
  ) );
#8319 = PCURVE('',#8320,#8325);
#8320 = PLANE('',#8321);
#8321 = AXIS2_PLACEMENT_3D('',#8322,#8323,#8324);
#8322 = CARTESIAN_POINT('',(90.,58.9,168.));
#8323 = DIRECTION('',(0.,1.,0.));
#8324 = DIRECTION('',(1.,0.,0.));
#8325 = DEFINITIONAL_REPRESENTATION('',(#8326),#8329);
#8326 = B_SPLINE_CURVE_WITH_KNOTS('',1,(#8327,#8328),.UNSPECIFIED.,.F.,
  .F.,(2,2),(-73.8,-4.2),.PIECEWISE_BEZIER_KNOTS.);
#8327 = CARTESIAN_POINT('',(34.8,-3.5));
#8328 = CARTESIAN_POINT('',(-34.8,-3.5));
#8329 = ( GEOMETRIC_REPRESENTATION_CONTEXT(2) 
PARAMETRIC_REPRESENTATION_CONTEXT() REPRESENTATION_CONTEXT('2D SPACE',''
  ) );
#8330 = ORIENTED_EDGE('',*,*,#8331,.T.);
#8331 = EDGE_CURVE('',#8306,#8247,#8332,.T.);
#8332 = SURFACE_CURVE('',#8333,(#8338,#8349),.PCURVE_S1.);
#8333 = CIRCLE('',#8334,1.2);
#8334 = AXIS2_PLACEMENT_3D('',#8335,#8336,#8337);
#8335 = CARTESIAN_POINT('',(55.2,60.1,171.5));
#8336 = DIRECTION('',(0.,0.,-1.));
#8337 = DIRECTION('',(1.,0.,0.));
#8338 = PCURVE('',#7411,#8339);
#8339 = DEFINITIONAL_REPRESENTATION('',(#8340),#8348);
#8340 = ( BOUNDED_CURVE() B_SPLINE_CURVE(2,(#8341,#8342,#8343,#8344,
#8345,#8346,#8347),.UNSPECIFIED.,.T.,.F.) B_SPLINE_CURVE_WITH_KNOTS((1,2
    ,2,2,2,1),(-2.094395102393,0.,2.094395102393,4.188790204786,
6.28318530718,8.377580409573),.UNSPECIFIED.) CURVE() 
GEOMETRIC_REPRESENTATION_ITEM() RATIONAL_B_SPLINE_CURVE((1.,0.5,1.,0.5,
1.,0.5,1.)) REPRESENTATION_ITEM('') );
#8341 = CARTESIAN_POINT('',(44.4,-10.));
#8342 = CARTESIAN_POINT('',(44.4,-12.07846096908));
#8343 = CARTESIAN_POINT('',(42.6,-11.03923048454));
#8344 = CARTESIAN_POINT('',(40.8,-10.));
#8345 = CARTESIAN_POINT('',(42.6,-8.960769515459));
#8346 = CARTESIAN_POINT('',(44.4,-7.921539030917));
#8347 = CARTESIAN_POINT('',(44.4,-10.));
#8348 = ( GEOMETRIC_REPRESENTATION_CONTEXT(2) 
PARAMETRIC_REPRESENTATION_CONTEXT() REPRESENTATION_CONTEXT('2D SPACE',''
  ) );
#8349 = PCURVE('',#8350,#8355);
#8350 = CYLINDRICAL_SURFACE('',#8351,1.2);
#8351 = AXIS2_PLACEMENT_3D('',#8352,#8353,#8354);
#8352 = CARTESIAN_POINT('',(55.2,60.1,168.));
#8353 = DIRECTION('',(0.,0.,-1.));
#8354 = DIRECTION('',(1.,0.,0.));
#8355 = DEFINITIONAL_REPRESENTATION('',(#8356),#8360);
#8356 = LINE('',#8357,#8358);
#8357 = CARTESIAN_POINT('',(0.,-3.5));
#8358 = VECTOR('',#8359,1.);
#8359 = DIRECTION('',(1.,0.));
#8360 = ( GEOMETRIC_REPRESENTATION_CONTEXT(2) 
PARAMETRIC_REPRESENTATION_CONTEXT() REPRESENTATION_CONTEXT('2D SPACE',''
  ) );
#8361 = ADVANCED_FACE('',(#8362),#8320,.T.);
#8362 = FACE_BOUND('',#8363,.T.);
#8363 = EDGE_LOOP('',(#8364,#8387,#8408,#8429));
#8364 = ORIENTED_EDGE('',*,*,#8365,.F.);
#8365 = EDGE_CURVE('',#8366,#8273,#8368,.T.);
#8366 = VERTEX_POINT('',#8367);
#8367 = CARTESIAN_POINT('',(124.8,58.9,169.));
#8368 = SURFACE_CURVE('',#8369,(#8373,#8380),.PCURVE_S1.);
#8369 = LINE('',#8370,#8371);
#8370 = CARTESIAN_POINT('',(124.8,58.9,168.));
#8371 = VECTOR('',#8372,1.);
#8372 = DIRECTION('',(0.,0.,1.));
#8373 = PCURVE('',#8320,#8374);
#8374 = DEFINITIONAL_REPRESENTATION('',(#8375),#8379);
#8375 = LINE('',#8376,#8377);
#8376 = CARTESIAN_POINT('',(34.8,0.));
#8377 = VECTOR('',#8378,1.);
#8378 = DIRECTION('',(0.,-1.));
#8379 = ( GEOMETRIC_REPRESENTATION_CONTEXT(2) 
PARAMETRIC_REPRESENTATION_CONTEXT() REPRESENTATION_CONTEXT('2D SPACE',''
  ) );
#8380 = PCURVE('',#8293,#8381);
#8381 = DEFINITIONAL_REPRESENTATION('',(#8382),#8386);
#8382 = LINE('',#8383,#8384);
#8383 = CARTESIAN_POINT('',(4.712388980385,0.));
#8384 = VECTOR('',#8385,1.);
#8385 = DIRECTION('',(0.,-1.));
#8386 = ( GEOMETRIC_REPRESENTATION_CONTEXT(2) 
PARAMETRIC_REPRESENTATION_CONTEXT() REPRESENTATION_CONTEXT('2D SPACE',''
  ) );
#8387 = ORIENTED_EDGE('',*,*,#8388,.T.);
#8388 = EDGE_CURVE('',#8366,#8389,#8391,.T.);
#8389 = VERTEX_POINT('',#8390);
#8390 = CARTESIAN_POINT('',(55.2,58.9,169.));
#8391 = SURFACE_CURVE('',#8392,(#8396,#8402),.PCURVE_S1.);
#8392 = LINE('',#8393,#8394);
#8393 = CARTESIAN_POINT('',(51.,58.9,169.));
#8394 = VECTOR('',#8395,1.);
#8395 = DIRECTION('',(-1.,0.,-0.));
#8396 = PCURVE('',#8320,#8397);
#8397 = DEFINITIONAL_REPRESENTATION('',(#8398),#8401);
#8398 = B_SPLINE_CURVE_WITH_KNOTS('',1,(#8399,#8400),.UNSPECIFIED.,.F.,
  .F.,(2,2),(-73.8,-4.2),.PIECEWISE_BEZIER_KNOTS.);
#8399 = CARTESIAN_POINT('',(34.8,-1.));
#8400 = CARTESIAN_POINT('',(-34.8,-1.));
#8401 = ( GEOMETRIC_REPRESENTATION_CONTEXT(2) 
PARAMETRIC_REPRESENTATION_CONTEXT() REPRESENTATION_CONTEXT('2D SPACE',''
  ) );
#8402 = PCURVE('',#1494,#8403);
#8403 = DEFINITIONAL_REPRESENTATION('',(#8404),#8407);
#8404 = B_SPLINE_CURVE_WITH_KNOTS('',1,(#8405,#8406),.UNSPECIFIED.,.F.,
  .F.,(2,2),(-73.8,-4.2),.PIECEWISE_BEZIER_KNOTS.);
#8405 = CARTESIAN_POINT('',(112.8,-12.2));
#8406 = CARTESIAN_POINT('',(43.2,-12.2));
#8407 = ( GEOMETRIC_REPRESENTATION_CONTEXT(2) 
PARAMETRIC_REPRESENTATION_CONTEXT() REPRESENTATION_CONTEXT('2D SPACE',''
  ) );
#8408 = ORIENTED_EDGE('',*,*,#8409,.T.);
#8409 = EDGE_CURVE('',#8389,#8306,#8410,.T.);
#8410 = SURFACE_CURVE('',#8411,(#8415,#8422),.PCURVE_S1.);
#8411 = LINE('',#8412,#8413);
#8412 = CARTESIAN_POINT('',(55.2,58.9,168.));
#8413 = VECTOR('',#8414,1.);
#8414 = DIRECTION('',(0.,0.,1.));
#8415 = PCURVE('',#8320,#8416);
#8416 = DEFINITIONAL_REPRESENTATION('',(#8417),#8421);
#8417 = LINE('',#8418,#8419);
#8418 = CARTESIAN_POINT('',(-34.8,0.));
#8419 = VECTOR('',#8420,1.);
#8420 = DIRECTION('',(0.,-1.));
#8421 = ( GEOMETRIC_REPRESENTATION_CONTEXT(2) 
PARAMETRIC_REPRESENTATION_CONTEXT() REPRESENTATION_CONTEXT('2D SPACE',''
  ) );
#8422 = PCURVE('',#8350,#8423);
#8423 = DEFINITIONAL_REPRESENTATION('',(#8424),#8428);
#8424 = LINE('',#8425,#8426);
#8425 = CARTESIAN_POINT('',(1.570796326795,0.));
#8426 = VECTOR('',#8427,1.);
#8427 = DIRECTION('',(0.,-1.));
#8428 = ( GEOMETRIC_REPRESENTATION_CONTEXT(2) 
PARAMETRIC_REPRESENTATION_CONTEXT() REPRESENTATION_CONTEXT('2D SPACE',''
  ) );
#8429 = ORIENTED_EDGE('',*,*,#8305,.F.);
#8430 = ADVANCED_FACE('',(#8431),#8350,.F.);
#8431 = FACE_BOUND('',#8432,.F.);
#8432 = EDGE_LOOP('',(#8433,#8461,#8462,#8463));
#8433 = ORIENTED_EDGE('',*,*,#8434,.F.);
#8434 = EDGE_CURVE('',#8389,#8435,#8437,.T.);
#8435 = VERTEX_POINT('',#8436);
#8436 = CARTESIAN_POINT('',(55.2,61.3,169.));
#8437 = SURFACE_CURVE('',#8438,(#8443,#8450),.PCURVE_S1.);
#8438 = CIRCLE('',#8439,1.2);
#8439 = AXIS2_PLACEMENT_3D('',#8440,#8441,#8442);
#8440 = CARTESIAN_POINT('',(55.2,60.1,169.));
#8441 = DIRECTION('',(0.,0.,-1.));
#8442 = DIRECTION('',(1.,0.,0.));
#8443 = PCURVE('',#8350,#8444);
#8444 = DEFINITIONAL_REPRESENTATION('',(#8445),#8449);
#8445 = LINE('',#8446,#8447);
#8446 = CARTESIAN_POINT('',(0.,-1.));
#8447 = VECTOR('',#8448,1.);
#8448 = DIRECTION('',(1.,0.));
#8449 = ( GEOMETRIC_REPRESENTATION_CONTEXT(2) 
PARAMETRIC_REPRESENTATION_CONTEXT() REPRESENTATION_CONTEXT('2D SPACE',''
  ) );
#8450 = PCURVE('',#1494,#8451);
#8451 = DEFINITIONAL_REPRESENTATION('',(#8452),#8460);
#8452 = ( BOUNDED_CURVE() B_SPLINE_CURVE(2,(#8453,#8454,#8455,#8456,
#8457,#8458,#8459),.UNSPECIFIED.,.T.,.F.) B_SPLINE_CURVE_WITH_KNOTS((1,2
    ,2,2,2,1),(-2.094395102393,0.,2.094395102393,4.188790204786,
6.28318530718,8.377580409573),.UNSPECIFIED.) CURVE() 
GEOMETRIC_REPRESENTATION_ITEM() RATIONAL_B_SPLINE_CURVE((1.,0.5,1.,0.5,
1.,0.5,1.)) REPRESENTATION_ITEM('') );
#8453 = CARTESIAN_POINT('',(44.4,-11.));
#8454 = CARTESIAN_POINT('',(44.4,-13.07846096908));
#8455 = CARTESIAN_POINT('',(42.6,-12.03923048454));
#8456 = CARTESIAN_POINT('',(40.8,-11.));
#8457 = CARTESIAN_POINT('',(42.6,-9.960769515459));
#8458 = CARTESIAN_POINT('',(44.4,-8.921539030917));
#8459 = CARTESIAN_POINT('',(44.4,-11.));
#8460 = ( GEOMETRIC_REPRESENTATION_CONTEXT(2) 
PARAMETRIC_REPRESENTATION_CONTEXT() REPRESENTATION_CONTEXT('2D SPACE',''
  ) );
#8461 = ORIENTED_EDGE('',*,*,#8409,.T.);
#8462 = ORIENTED_EDGE('',*,*,#8331,.T.);
#8463 = ORIENTED_EDGE('',*,*,#8464,.F.);
#8464 = EDGE_CURVE('',#8435,#8247,#8465,.T.);
#8465 = SURFACE_CURVE('',#8466,(#8470,#8477),.PCURVE_S1.);
#8466 = LINE('',#8467,#8468);
#8467 = CARTESIAN_POINT('',(55.2,61.3,168.));
#8468 = VECTOR('',#8469,1.);
#8469 = DIRECTION('',(0.,0.,1.));
#8470 = PCURVE('',#8350,#8471);
#8471 = DEFINITIONAL_REPRESENTATION('',(#8472),#8476);
#8472 = LINE('',#8473,#8474);
#8473 = CARTESIAN_POINT('',(4.712388980385,0.));
#8474 = VECTOR('',#8475,1.);
#8475 = DIRECTION('',(0.,-1.));
#8476 = ( GEOMETRIC_REPRESENTATION_CONTEXT(2) 
PARAMETRIC_REPRESENTATION_CONTEXT() REPRESENTATION_CONTEXT('2D SPACE',''
  ) );
#8477 = PCURVE('',#8261,#8478);
#8478 = DEFINITIONAL_REPRESENTATION('',(#8479),#8483);
#8479 = LINE('',#8480,#8481);
#8480 = CARTESIAN_POINT('',(0.,0.));
#8481 = VECTOR('',#8482,1.);
#8482 = DIRECTION('',(0.,-1.));
#8483 = ( GEOMETRIC_REPRESENTATION_CONTEXT(2) 
PARAMETRIC_REPRESENTATION_CONTEXT() REPRESENTATION_CONTEXT('2D SPACE',''
  ) );
#8484 = ADVANCED_FACE('',(#8485),#8293,.F.);
#8485 = FACE_BOUND('',#8486,.F.);
#8486 = EDGE_LOOP('',(#8487,#8515,#8536,#8537));
#8487 = ORIENTED_EDGE('',*,*,#8488,.F.);
#8488 = EDGE_CURVE('',#8489,#8366,#8491,.T.);
#8489 = VERTEX_POINT('',#8490);
#8490 = CARTESIAN_POINT('',(124.8,61.3,169.));
#8491 = SURFACE_CURVE('',#8492,(#8497,#8504),.PCURVE_S1.);
#8492 = CIRCLE('',#8493,1.2);
#8493 = AXIS2_PLACEMENT_3D('',#8494,#8495,#8496);
#8494 = CARTESIAN_POINT('',(124.8,60.1,169.));
#8495 = DIRECTION('',(0.,0.,-1.));
#8496 = DIRECTION('',(-1.,0.,0.));
#8497 = PCURVE('',#8293,#8498);
#8498 = DEFINITIONAL_REPRESENTATION('',(#8499),#8503);
#8499 = LINE('',#8500,#8501);
#8500 = CARTESIAN_POINT('',(0.,-1.));
#8501 = VECTOR('',#8502,1.);
#8502 = DIRECTION('',(1.,0.));
#8503 = ( GEOMETRIC_REPRESENTATION_CONTEXT(2) 
PARAMETRIC_REPRESENTATION_CONTEXT() REPRESENTATION_CONTEXT('2D SPACE',''
  ) );
#8504 = PCURVE('',#1494,#8505);
#8505 = DEFINITIONAL_REPRESENTATION('',(#8506),#8514);
#8506 = ( BOUNDED_CURVE() B_SPLINE_CURVE(2,(#8507,#8508,#8509,#8510,
#8511,#8512,#8513),.UNSPECIFIED.,.T.,.F.) B_SPLINE_CURVE_WITH_KNOTS((1,2
    ,2,2,2,1),(-2.094395102393,0.,2.094395102393,4.188790204786,
6.28318530718,8.377580409573),.UNSPECIFIED.) CURVE() 
GEOMETRIC_REPRESENTATION_ITEM() RATIONAL_B_SPLINE_CURVE((1.,0.5,1.,0.5,
1.,0.5,1.)) REPRESENTATION_ITEM('') );
#8507 = CARTESIAN_POINT('',(111.6,-11.));
#8508 = CARTESIAN_POINT('',(111.6,-8.921539030917));
#8509 = CARTESIAN_POINT('',(113.4,-9.960769515459));
#8510 = CARTESIAN_POINT('',(115.2,-11.));
#8511 = CARTESIAN_POINT('',(113.4,-12.03923048454));
#8512 = CARTESIAN_POINT('',(111.6,-13.07846096908));
#8513 = CARTESIAN_POINT('',(111.6,-11.));
#8514 = ( GEOMETRIC_REPRESENTATION_CONTEXT(2) 
PARAMETRIC_REPRESENTATION_CONTEXT() REPRESENTATION_CONTEXT('2D SPACE',''
  ) );
#8515 = ORIENTED_EDGE('',*,*,#8516,.T.);
#8516 = EDGE_CURVE('',#8489,#8245,#8517,.T.);
#8517 = SURFACE_CURVE('',#8518,(#8522,#8529),.PCURVE_S1.);
#8518 = LINE('',#8519,#8520);
#8519 = CARTESIAN_POINT('',(124.8,61.3,168.));
#8520 = VECTOR('',#8521,1.);
#8521 = DIRECTION('',(0.,0.,1.));
#8522 = PCURVE('',#8293,#8523);
#8523 = DEFINITIONAL_REPRESENTATION('',(#8524),#8528);
#8524 = LINE('',#8525,#8526);
#8525 = CARTESIAN_POINT('',(1.570796326795,0.));
#8526 = VECTOR('',#8527,1.);
#8527 = DIRECTION('',(0.,-1.));
#8528 = ( GEOMETRIC_REPRESENTATION_CONTEXT(2) 
PARAMETRIC_REPRESENTATION_CONTEXT() REPRESENTATION_CONTEXT('2D SPACE',''
  ) );
#8529 = PCURVE('',#8261,#8530);
#8530 = DEFINITIONAL_REPRESENTATION('',(#8531),#8535);
#8531 = LINE('',#8532,#8533);
#8532 = CARTESIAN_POINT('',(69.6,0.));
#8533 = VECTOR('',#8534,1.);
#8534 = DIRECTION('',(0.,-1.));
#8535 = ( GEOMETRIC_REPRESENTATION_CONTEXT(2) 
PARAMETRIC_REPRESENTATION_CONTEXT() REPRESENTATION_CONTEXT('2D SPACE',''
  ) );
#8536 = ORIENTED_EDGE('',*,*,#8272,.T.);
#8537 = ORIENTED_EDGE('',*,*,#8365,.F.);
#8538 = ADVANCED_FACE('',(#8539),#8261,.F.);
#8539 = FACE_BOUND('',#8540,.F.);
#8540 = EDGE_LOOP('',(#8541,#8560,#8561,#8562));
#8541 = ORIENTED_EDGE('',*,*,#8542,.T.);
#8542 = EDGE_CURVE('',#8489,#8435,#8543,.T.);
#8543 = SURFACE_CURVE('',#8544,(#8548,#8554),.PCURVE_S1.);
#8544 = LINE('',#8545,#8546);
#8545 = CARTESIAN_POINT('',(33.6,61.3,169.));
#8546 = VECTOR('',#8547,1.);
#8547 = DIRECTION('',(-1.,0.,-0.));
#8548 = PCURVE('',#8261,#8549);
#8549 = DEFINITIONAL_REPRESENTATION('',(#8550),#8553);
#8550 = B_SPLINE_CURVE_WITH_KNOTS('',1,(#8551,#8552),.UNSPECIFIED.,.F.,
  .F.,(2,2),(-91.2,-21.6),.PIECEWISE_BEZIER_KNOTS.);
#8551 = CARTESIAN_POINT('',(69.6,-1.));
#8552 = CARTESIAN_POINT('',(0.,-1.));
#8553 = ( GEOMETRIC_REPRESENTATION_CONTEXT(2) 
PARAMETRIC_REPRESENTATION_CONTEXT() REPRESENTATION_CONTEXT('2D SPACE',''
  ) );
#8554 = PCURVE('',#1494,#8555);
#8555 = DEFINITIONAL_REPRESENTATION('',(#8556),#8559);
#8556 = B_SPLINE_CURVE_WITH_KNOTS('',1,(#8557,#8558),.UNSPECIFIED.,.F.,
  .F.,(2,2),(-91.2,-21.6),.PIECEWISE_BEZIER_KNOTS.);
#8557 = CARTESIAN_POINT('',(112.8,-9.8));
#8558 = CARTESIAN_POINT('',(43.2,-9.8));
#8559 = ( GEOMETRIC_REPRESENTATION_CONTEXT(2) 
PARAMETRIC_REPRESENTATION_CONTEXT() REPRESENTATION_CONTEXT('2D SPACE',''
  ) );
#8560 = ORIENTED_EDGE('',*,*,#8464,.T.);
#8561 = ORIENTED_EDGE('',*,*,#8244,.F.);
#8562 = ORIENTED_EDGE('',*,*,#8516,.F.);
#8563 = ADVANCED_FACE('',(#8564),#8200,.T.);
#8564 = FACE_BOUND('',#8565,.T.);
#8565 = EDGE_LOOP('',(#8566,#8589,#8610,#8631));
#8566 = ORIENTED_EDGE('',*,*,#8567,.F.);
#8567 = EDGE_CURVE('',#8568,#8153,#8570,.T.);
#8568 = VERTEX_POINT('',#8569);
#8569 = CARTESIAN_POINT('',(124.8,53.9,169.));
#8570 = SURFACE_CURVE('',#8571,(#8575,#8582),.PCURVE_S1.);
#8571 = LINE('',#8572,#8573);
#8572 = CARTESIAN_POINT('',(124.8,53.9,168.));
#8573 = VECTOR('',#8574,1.);
#8574 = DIRECTION('',(0.,0.,1.));
#8575 = PCURVE('',#8200,#8576);
#8576 = DEFINITIONAL_REPRESENTATION('',(#8577),#8581);
#8577 = LINE('',#8578,#8579);
#8578 = CARTESIAN_POINT('',(34.8,0.));
#8579 = VECTOR('',#8580,1.);
#8580 = DIRECTION('',(0.,-1.));
#8581 = ( GEOMETRIC_REPRESENTATION_CONTEXT(2) 
PARAMETRIC_REPRESENTATION_CONTEXT() REPRESENTATION_CONTEXT('2D SPACE',''
  ) );
#8582 = PCURVE('',#8173,#8583);
#8583 = DEFINITIONAL_REPRESENTATION('',(#8584),#8588);
#8584 = LINE('',#8585,#8586);
#8585 = CARTESIAN_POINT('',(4.712388980385,0.));
#8586 = VECTOR('',#8587,1.);
#8587 = DIRECTION('',(0.,-1.));
#8588 = ( GEOMETRIC_REPRESENTATION_CONTEXT(2) 
PARAMETRIC_REPRESENTATION_CONTEXT() REPRESENTATION_CONTEXT('2D SPACE',''
  ) );
#8589 = ORIENTED_EDGE('',*,*,#8590,.T.);
#8590 = EDGE_CURVE('',#8568,#8591,#8593,.T.);
#8591 = VERTEX_POINT('',#8592);
#8592 = CARTESIAN_POINT('',(55.2,53.9,169.));
#8593 = SURFACE_CURVE('',#8594,(#8598,#8604),.PCURVE_S1.);
#8594 = LINE('',#8595,#8596);
#8595 = CARTESIAN_POINT('',(51.,53.9,169.));
#8596 = VECTOR('',#8597,1.);
#8597 = DIRECTION('',(-1.,0.,-0.));
#8598 = PCURVE('',#8200,#8599);
#8599 = DEFINITIONAL_REPRESENTATION('',(#8600),#8603);
#8600 = B_SPLINE_CURVE_WITH_KNOTS('',1,(#8601,#8602),.UNSPECIFIED.,.F.,
  .F.,(2,2),(-73.8,-4.2),.PIECEWISE_BEZIER_KNOTS.);
#8601 = CARTESIAN_POINT('',(34.8,-1.));
#8602 = CARTESIAN_POINT('',(-34.8,-1.));
#8603 = ( GEOMETRIC_REPRESENTATION_CONTEXT(2) 
PARAMETRIC_REPRESENTATION_CONTEXT() REPRESENTATION_CONTEXT('2D SPACE',''
  ) );
#8604 = PCURVE('',#1494,#8605);
#8605 = DEFINITIONAL_REPRESENTATION('',(#8606),#8609);
#8606 = B_SPLINE_CURVE_WITH_KNOTS('',1,(#8607,#8608),.UNSPECIFIED.,.F.,
  .F.,(2,2),(-73.8,-4.2),.PIECEWISE_BEZIER_KNOTS.);
#8607 = CARTESIAN_POINT('',(112.8,-17.2));
#8608 = CARTESIAN_POINT('',(43.2,-17.2));
#8609 = ( GEOMETRIC_REPRESENTATION_CONTEXT(2) 
PARAMETRIC_REPRESENTATION_CONTEXT() REPRESENTATION_CONTEXT('2D SPACE',''
  ) );
#8610 = ORIENTED_EDGE('',*,*,#8611,.T.);
#8611 = EDGE_CURVE('',#8591,#8186,#8612,.T.);
#8612 = SURFACE_CURVE('',#8613,(#8617,#8624),.PCURVE_S1.);
#8613 = LINE('',#8614,#8615);
#8614 = CARTESIAN_POINT('',(55.2,53.9,168.));
#8615 = VECTOR('',#8616,1.);
#8616 = DIRECTION('',(0.,0.,1.));
#8617 = PCURVE('',#8200,#8618);
#8618 = DEFINITIONAL_REPRESENTATION('',(#8619),#8623);
#8619 = LINE('',#8620,#8621);
#8620 = CARTESIAN_POINT('',(-34.8,0.));
#8621 = VECTOR('',#8622,1.);
#8622 = DIRECTION('',(0.,-1.));
#8623 = ( GEOMETRIC_REPRESENTATION_CONTEXT(2) 
PARAMETRIC_REPRESENTATION_CONTEXT() REPRESENTATION_CONTEXT('2D SPACE',''
  ) );
#8624 = PCURVE('',#8230,#8625);
#8625 = DEFINITIONAL_REPRESENTATION('',(#8626),#8630);
#8626 = LINE('',#8627,#8628);
#8627 = CARTESIAN_POINT('',(1.570796326795,0.));
#8628 = VECTOR('',#8629,1.);
#8629 = DIRECTION('',(0.,-1.));
#8630 = ( GEOMETRIC_REPRESENTATION_CONTEXT(2) 
PARAMETRIC_REPRESENTATION_CONTEXT() REPRESENTATION_CONTEXT('2D SPACE',''
  ) );
#8631 = ORIENTED_EDGE('',*,*,#8185,.F.);
#8632 = ADVANCED_FACE('',(#8633),#8230,.F.);
#8633 = FACE_BOUND('',#8634,.F.);
#8634 = EDGE_LOOP('',(#8635,#8663,#8664,#8665));
#8635 = ORIENTED_EDGE('',*,*,#8636,.F.);
#8636 = EDGE_CURVE('',#8591,#8637,#8639,.T.);
#8637 = VERTEX_POINT('',#8638);
#8638 = CARTESIAN_POINT('',(55.2,56.3,169.));
#8639 = SURFACE_CURVE('',#8640,(#8645,#8652),.PCURVE_S1.);
#8640 = CIRCLE('',#8641,1.2);
#8641 = AXIS2_PLACEMENT_3D('',#8642,#8643,#8644);
#8642 = CARTESIAN_POINT('',(55.2,55.1,169.));
#8643 = DIRECTION('',(0.,0.,-1.));
#8644 = DIRECTION('',(1.,0.,0.));
#8645 = PCURVE('',#8230,#8646);
#8646 = DEFINITIONAL_REPRESENTATION('',(#8647),#8651);
#8647 = LINE('',#8648,#8649);
#8648 = CARTESIAN_POINT('',(0.,-1.));
#8649 = VECTOR('',#8650,1.);
#8650 = DIRECTION('',(1.,0.));
#8651 = ( GEOMETRIC_REPRESENTATION_CONTEXT(2) 
PARAMETRIC_REPRESENTATION_CONTEXT() REPRESENTATION_CONTEXT('2D SPACE',''
  ) );
#8652 = PCURVE('',#1494,#8653);
#8653 = DEFINITIONAL_REPRESENTATION('',(#8654),#8662);
#8654 = ( BOUNDED_CURVE() B_SPLINE_CURVE(2,(#8655,#8656,#8657,#8658,
#8659,#8660,#8661),.UNSPECIFIED.,.T.,.F.) B_SPLINE_CURVE_WITH_KNOTS((1,2
    ,2,2,2,1),(-2.094395102393,0.,2.094395102393,4.188790204786,
6.28318530718,8.377580409573),.UNSPECIFIED.) CURVE() 
GEOMETRIC_REPRESENTATION_ITEM() RATIONAL_B_SPLINE_CURVE((1.,0.5,1.,0.5,
1.,0.5,1.)) REPRESENTATION_ITEM('') );
#8655 = CARTESIAN_POINT('',(44.4,-16.));
#8656 = CARTESIAN_POINT('',(44.4,-18.07846096908));
#8657 = CARTESIAN_POINT('',(42.6,-17.03923048454));
#8658 = CARTESIAN_POINT('',(40.8,-16.));
#8659 = CARTESIAN_POINT('',(42.6,-14.96076951545));
#8660 = CARTESIAN_POINT('',(44.4,-13.92153903091));
#8661 = CARTESIAN_POINT('',(44.4,-16.));
#8662 = ( GEOMETRIC_REPRESENTATION_CONTEXT(2) 
PARAMETRIC_REPRESENTATION_CONTEXT() REPRESENTATION_CONTEXT('2D SPACE',''
  ) );
#8663 = ORIENTED_EDGE('',*,*,#8611,.T.);
#8664 = ORIENTED_EDGE('',*,*,#8211,.T.);
#8665 = ORIENTED_EDGE('',*,*,#8666,.F.);
#8666 = EDGE_CURVE('',#8637,#8127,#8667,.T.);
#8667 = SURFACE_CURVE('',#8668,(#8672,#8679),.PCURVE_S1.);
#8668 = LINE('',#8669,#8670);
#8669 = CARTESIAN_POINT('',(55.2,56.3,168.));
#8670 = VECTOR('',#8671,1.);
#8671 = DIRECTION('',(0.,0.,1.));
#8672 = PCURVE('',#8230,#8673);
#8673 = DEFINITIONAL_REPRESENTATION('',(#8674),#8678);
#8674 = LINE('',#8675,#8676);
#8675 = CARTESIAN_POINT('',(4.712388980385,0.));
#8676 = VECTOR('',#8677,1.);
#8677 = DIRECTION('',(0.,-1.));
#8678 = ( GEOMETRIC_REPRESENTATION_CONTEXT(2) 
PARAMETRIC_REPRESENTATION_CONTEXT() REPRESENTATION_CONTEXT('2D SPACE',''
  ) );
#8679 = PCURVE('',#8141,#8680);
#8680 = DEFINITIONAL_REPRESENTATION('',(#8681),#8685);
#8681 = LINE('',#8682,#8683);
#8682 = CARTESIAN_POINT('',(0.,0.));
#8683 = VECTOR('',#8684,1.);
#8684 = DIRECTION('',(0.,-1.));
#8685 = ( GEOMETRIC_REPRESENTATION_CONTEXT(2) 
PARAMETRIC_REPRESENTATION_CONTEXT() REPRESENTATION_CONTEXT('2D SPACE',''
  ) );
#8686 = ADVANCED_FACE('',(#8687),#8173,.F.);
#8687 = FACE_BOUND('',#8688,.F.);
#8688 = EDGE_LOOP('',(#8689,#8717,#8738,#8739));
#8689 = ORIENTED_EDGE('',*,*,#8690,.F.);
#8690 = EDGE_CURVE('',#8691,#8568,#8693,.T.);
#8691 = VERTEX_POINT('',#8692);
#8692 = CARTESIAN_POINT('',(124.8,56.3,169.));
#8693 = SURFACE_CURVE('',#8694,(#8699,#8706),.PCURVE_S1.);
#8694 = CIRCLE('',#8695,1.2);
#8695 = AXIS2_PLACEMENT_3D('',#8696,#8697,#8698);
#8696 = CARTESIAN_POINT('',(124.8,55.1,169.));
#8697 = DIRECTION('',(0.,0.,-1.));
#8698 = DIRECTION('',(-1.,0.,0.));
#8699 = PCURVE('',#8173,#8700);
#8700 = DEFINITIONAL_REPRESENTATION('',(#8701),#8705);
#8701 = LINE('',#8702,#8703);
#8702 = CARTESIAN_POINT('',(0.,-1.));
#8703 = VECTOR('',#8704,1.);
#8704 = DIRECTION('',(1.,0.));
#8705 = ( GEOMETRIC_REPRESENTATION_CONTEXT(2) 
PARAMETRIC_REPRESENTATION_CONTEXT() REPRESENTATION_CONTEXT('2D SPACE',''
  ) );
#8706 = PCURVE('',#1494,#8707);
#8707 = DEFINITIONAL_REPRESENTATION('',(#8708),#8716);
#8708 = ( BOUNDED_CURVE() B_SPLINE_CURVE(2,(#8709,#8710,#8711,#8712,
#8713,#8714,#8715),.UNSPECIFIED.,.T.,.F.) B_SPLINE_CURVE_WITH_KNOTS((1,2
    ,2,2,2,1),(-2.094395102393,0.,2.094395102393,4.188790204786,
6.28318530718,8.377580409573),.UNSPECIFIED.) CURVE() 
GEOMETRIC_REPRESENTATION_ITEM() RATIONAL_B_SPLINE_CURVE((1.,0.5,1.,0.5,
1.,0.5,1.)) REPRESENTATION_ITEM('') );
#8709 = CARTESIAN_POINT('',(111.6,-16.));
#8710 = CARTESIAN_POINT('',(111.6,-13.92153903091));
#8711 = CARTESIAN_POINT('',(113.4,-14.96076951545));
#8712 = CARTESIAN_POINT('',(115.2,-16.));
#8713 = CARTESIAN_POINT('',(113.4,-17.03923048454));
#8714 = CARTESIAN_POINT('',(111.6,-18.07846096908));
#8715 = CARTESIAN_POINT('',(111.6,-16.));
#8716 = ( GEOMETRIC_REPRESENTATION_CONTEXT(2) 
PARAMETRIC_REPRESENTATION_CONTEXT() REPRESENTATION_CONTEXT('2D SPACE',''
  ) );
#8717 = ORIENTED_EDGE('',*,*,#8718,.T.);
#8718 = EDGE_CURVE('',#8691,#8125,#8719,.T.);
#8719 = SURFACE_CURVE('',#8720,(#8724,#8731),.PCURVE_S1.);
#8720 = LINE('',#8721,#8722);
#8721 = CARTESIAN_POINT('',(124.8,56.3,168.));
#8722 = VECTOR('',#8723,1.);
#8723 = DIRECTION('',(0.,0.,1.));
#8724 = PCURVE('',#8173,#8725);
#8725 = DEFINITIONAL_REPRESENTATION('',(#8726),#8730);
#8726 = LINE('',#8727,#8728);
#8727 = CARTESIAN_POINT('',(1.570796326795,0.));
#8728 = VECTOR('',#8729,1.);
#8729 = DIRECTION('',(0.,-1.));
#8730 = ( GEOMETRIC_REPRESENTATION_CONTEXT(2) 
PARAMETRIC_REPRESENTATION_CONTEXT() REPRESENTATION_CONTEXT('2D SPACE',''
  ) );
#8731 = PCURVE('',#8141,#8732);
#8732 = DEFINITIONAL_REPRESENTATION('',(#8733),#8737);
#8733 = LINE('',#8734,#8735);
#8734 = CARTESIAN_POINT('',(69.6,0.));
#8735 = VECTOR('',#8736,1.);
#8736 = DIRECTION('',(0.,-1.));
#8737 = ( GEOMETRIC_REPRESENTATION_CONTEXT(2) 
PARAMETRIC_REPRESENTATION_CONTEXT() REPRESENTATION_CONTEXT('2D SPACE',''
  ) );
#8738 = ORIENTED_EDGE('',*,*,#8152,.T.);
#8739 = ORIENTED_EDGE('',*,*,#8567,.F.);
#8740 = ADVANCED_FACE('',(#8741),#8141,.F.);
#8741 = FACE_BOUND('',#8742,.F.);
#8742 = EDGE_LOOP('',(#8743,#8762,#8763,#8764));
#8743 = ORIENTED_EDGE('',*,*,#8744,.T.);
#8744 = EDGE_CURVE('',#8691,#8637,#8745,.T.);
#8745 = SURFACE_CURVE('',#8746,(#8750,#8756),.PCURVE_S1.);
#8746 = LINE('',#8747,#8748);
#8747 = CARTESIAN_POINT('',(33.6,56.3,169.));
#8748 = VECTOR('',#8749,1.);
#8749 = DIRECTION('',(-1.,0.,-0.));
#8750 = PCURVE('',#8141,#8751);
#8751 = DEFINITIONAL_REPRESENTATION('',(#8752),#8755);
#8752 = B_SPLINE_CURVE_WITH_KNOTS('',1,(#8753,#8754),.UNSPECIFIED.,.F.,
  .F.,(2,2),(-91.2,-21.6),.PIECEWISE_BEZIER_KNOTS.);
#8753 = CARTESIAN_POINT('',(69.6,-1.));
#8754 = CARTESIAN_POINT('',(0.,-1.));
#8755 = ( GEOMETRIC_REPRESENTATION_CONTEXT(2) 
PARAMETRIC_REPRESENTATION_CONTEXT() REPRESENTATION_CONTEXT('2D SPACE',''
  ) );
#8756 = PCURVE('',#1494,#8757);
#8757 = DEFINITIONAL_REPRESENTATION('',(#8758),#8761);
#8758 = B_SPLINE_CURVE_WITH_KNOTS('',1,(#8759,#8760),.UNSPECIFIED.,.F.,
  .F.,(2,2),(-91.2,-21.6),.PIECEWISE_BEZIER_KNOTS.);
#8759 = CARTESIAN_POINT('',(112.8,-14.8));
#8760 = CARTESIAN_POINT('',(43.2,-14.8));
#8761 = ( GEOMETRIC_REPRESENTATION_CONTEXT(2) 
PARAMETRIC_REPRESENTATION_CONTEXT() REPRESENTATION_CONTEXT('2D SPACE',''
  ) );
#8762 = ORIENTED_EDGE('',*,*,#8666,.T.);
#8763 = ORIENTED_EDGE('',*,*,#8124,.F.);
#8764 = ORIENTED_EDGE('',*,*,#8718,.F.);
#8765 = ADVANCED_FACE('',(#8766),#8080,.T.);
#8766 = FACE_BOUND('',#8767,.T.);
#8767 = EDGE_LOOP('',(#8768,#8791,#8812,#8833));
#8768 = ORIENTED_EDGE('',*,*,#8769,.F.);
#8769 = EDGE_CURVE('',#8770,#8033,#8772,.T.);
#8770 = VERTEX_POINT('',#8771);
#8771 = CARTESIAN_POINT('',(124.8,48.9,169.));
#8772 = SURFACE_CURVE('',#8773,(#8777,#8784),.PCURVE_S1.);
#8773 = LINE('',#8774,#8775);
#8774 = CARTESIAN_POINT('',(124.8,48.9,168.));
#8775 = VECTOR('',#8776,1.);
#8776 = DIRECTION('',(0.,0.,1.));
#8777 = PCURVE('',#8080,#8778);
#8778 = DEFINITIONAL_REPRESENTATION('',(#8779),#8783);
#8779 = LINE('',#8780,#8781);
#8780 = CARTESIAN_POINT('',(34.8,0.));
#8781 = VECTOR('',#8782,1.);
#8782 = DIRECTION('',(0.,-1.));
#8783 = ( GEOMETRIC_REPRESENTATION_CONTEXT(2) 
PARAMETRIC_REPRESENTATION_CONTEXT() REPRESENTATION_CONTEXT('2D SPACE',''
  ) );
#8784 = PCURVE('',#8053,#8785);
#8785 = DEFINITIONAL_REPRESENTATION('',(#8786),#8790);
#8786 = LINE('',#8787,#8788);
#8787 = CARTESIAN_POINT('',(4.712388980385,0.));
#8788 = VECTOR('',#8789,1.);
#8789 = DIRECTION('',(0.,-1.));
#8790 = ( GEOMETRIC_REPRESENTATION_CONTEXT(2) 
PARAMETRIC_REPRESENTATION_CONTEXT() REPRESENTATION_CONTEXT('2D SPACE',''
  ) );
#8791 = ORIENTED_EDGE('',*,*,#8792,.T.);
#8792 = EDGE_CURVE('',#8770,#8793,#8795,.T.);
#8793 = VERTEX_POINT('',#8794);
#8794 = CARTESIAN_POINT('',(55.2,48.9,169.));
#8795 = SURFACE_CURVE('',#8796,(#8800,#8806),.PCURVE_S1.);
#8796 = LINE('',#8797,#8798);
#8797 = CARTESIAN_POINT('',(51.,48.9,169.));
#8798 = VECTOR('',#8799,1.);
#8799 = DIRECTION('',(-1.,0.,-0.));
#8800 = PCURVE('',#8080,#8801);
#8801 = DEFINITIONAL_REPRESENTATION('',(#8802),#8805);
#8802 = B_SPLINE_CURVE_WITH_KNOTS('',1,(#8803,#8804),.UNSPECIFIED.,.F.,
  .F.,(2,2),(-73.8,-4.2),.PIECEWISE_BEZIER_KNOTS.);
#8803 = CARTESIAN_POINT('',(34.8,-1.));
#8804 = CARTESIAN_POINT('',(-34.8,-1.));
#8805 = ( GEOMETRIC_REPRESENTATION_CONTEXT(2) 
PARAMETRIC_REPRESENTATION_CONTEXT() REPRESENTATION_CONTEXT('2D SPACE',''
  ) );
#8806 = PCURVE('',#1494,#8807);
#8807 = DEFINITIONAL_REPRESENTATION('',(#8808),#8811);
#8808 = B_SPLINE_CURVE_WITH_KNOTS('',1,(#8809,#8810),.UNSPECIFIED.,.F.,
  .F.,(2,2),(-73.8,-4.2),.PIECEWISE_BEZIER_KNOTS.);
#8809 = CARTESIAN_POINT('',(112.8,-22.2));
#8810 = CARTESIAN_POINT('',(43.2,-22.2));
#8811 = ( GEOMETRIC_REPRESENTATION_CONTEXT(2) 
PARAMETRIC_REPRESENTATION_CONTEXT() REPRESENTATION_CONTEXT('2D SPACE',''
  ) );
#8812 = ORIENTED_EDGE('',*,*,#8813,.T.);
#8813 = EDGE_CURVE('',#8793,#8066,#8814,.T.);
#8814 = SURFACE_CURVE('',#8815,(#8819,#8826),.PCURVE_S1.);
#8815 = LINE('',#8816,#8817);
#8816 = CARTESIAN_POINT('',(55.2,48.9,168.));
#8817 = VECTOR('',#8818,1.);
#8818 = DIRECTION('',(0.,0.,1.));
#8819 = PCURVE('',#8080,#8820);
#8820 = DEFINITIONAL_REPRESENTATION('',(#8821),#8825);
#8821 = LINE('',#8822,#8823);
#8822 = CARTESIAN_POINT('',(-34.8,0.));
#8823 = VECTOR('',#8824,1.);
#8824 = DIRECTION('',(0.,-1.));
#8825 = ( GEOMETRIC_REPRESENTATION_CONTEXT(2) 
PARAMETRIC_REPRESENTATION_CONTEXT() REPRESENTATION_CONTEXT('2D SPACE',''
  ) );
#8826 = PCURVE('',#8110,#8827);
#8827 = DEFINITIONAL_REPRESENTATION('',(#8828),#8832);
#8828 = LINE('',#8829,#8830);
#8829 = CARTESIAN_POINT('',(1.570796326795,0.));
#8830 = VECTOR('',#8831,1.);
#8831 = DIRECTION('',(0.,-1.));
#8832 = ( GEOMETRIC_REPRESENTATION_CONTEXT(2) 
PARAMETRIC_REPRESENTATION_CONTEXT() REPRESENTATION_CONTEXT('2D SPACE',''
  ) );
#8833 = ORIENTED_EDGE('',*,*,#8065,.F.);
#8834 = ADVANCED_FACE('',(#8835),#8110,.F.);
#8835 = FACE_BOUND('',#8836,.F.);
#8836 = EDGE_LOOP('',(#8837,#8865,#8866,#8867));
#8837 = ORIENTED_EDGE('',*,*,#8838,.F.);
#8838 = EDGE_CURVE('',#8793,#8839,#8841,.T.);
#8839 = VERTEX_POINT('',#8840);
#8840 = CARTESIAN_POINT('',(55.2,51.3,169.));
#8841 = SURFACE_CURVE('',#8842,(#8847,#8854),.PCURVE_S1.);
#8842 = CIRCLE('',#8843,1.2);
#8843 = AXIS2_PLACEMENT_3D('',#8844,#8845,#8846);
#8844 = CARTESIAN_POINT('',(55.2,50.1,169.));
#8845 = DIRECTION('',(0.,0.,-1.));
#8846 = DIRECTION('',(1.,0.,0.));
#8847 = PCURVE('',#8110,#8848);
#8848 = DEFINITIONAL_REPRESENTATION('',(#8849),#8853);
#8849 = LINE('',#8850,#8851);
#8850 = CARTESIAN_POINT('',(0.,-1.));
#8851 = VECTOR('',#8852,1.);
#8852 = DIRECTION('',(1.,0.));
#8853 = ( GEOMETRIC_REPRESENTATION_CONTEXT(2) 
PARAMETRIC_REPRESENTATION_CONTEXT() REPRESENTATION_CONTEXT('2D SPACE',''
  ) );
#8854 = PCURVE('',#1494,#8855);
#8855 = DEFINITIONAL_REPRESENTATION('',(#8856),#8864);
#8856 = ( BOUNDED_CURVE() B_SPLINE_CURVE(2,(#8857,#8858,#8859,#8860,
#8861,#8862,#8863),.UNSPECIFIED.,.T.,.F.) B_SPLINE_CURVE_WITH_KNOTS((1,2
    ,2,2,2,1),(-2.094395102393,0.,2.094395102393,4.188790204786,
6.28318530718,8.377580409573),.UNSPECIFIED.) CURVE() 
GEOMETRIC_REPRESENTATION_ITEM() RATIONAL_B_SPLINE_CURVE((1.,0.5,1.,0.5,
1.,0.5,1.)) REPRESENTATION_ITEM('') );
#8857 = CARTESIAN_POINT('',(44.4,-21.));
#8858 = CARTESIAN_POINT('',(44.4,-23.07846096908));
#8859 = CARTESIAN_POINT('',(42.6,-22.03923048454));
#8860 = CARTESIAN_POINT('',(40.8,-21.));
#8861 = CARTESIAN_POINT('',(42.6,-19.96076951545));
#8862 = CARTESIAN_POINT('',(44.4,-18.92153903091));
#8863 = CARTESIAN_POINT('',(44.4,-21.));
#8864 = ( GEOMETRIC_REPRESENTATION_CONTEXT(2) 
PARAMETRIC_REPRESENTATION_CONTEXT() REPRESENTATION_CONTEXT('2D SPACE',''
  ) );
#8865 = ORIENTED_EDGE('',*,*,#8813,.T.);
#8866 = ORIENTED_EDGE('',*,*,#8091,.T.);
#8867 = ORIENTED_EDGE('',*,*,#8868,.F.);
#8868 = EDGE_CURVE('',#8839,#8007,#8869,.T.);
#8869 = SURFACE_CURVE('',#8870,(#8874,#8881),.PCURVE_S1.);
#8870 = LINE('',#8871,#8872);
#8871 = CARTESIAN_POINT('',(55.2,51.3,168.));
#8872 = VECTOR('',#8873,1.);
#8873 = DIRECTION('',(0.,0.,1.));
#8874 = PCURVE('',#8110,#8875);
#8875 = DEFINITIONAL_REPRESENTATION('',(#8876),#8880);
#8876 = LINE('',#8877,#8878);
#8877 = CARTESIAN_POINT('',(4.712388980385,0.));
#8878 = VECTOR('',#8879,1.);
#8879 = DIRECTION('',(0.,-1.));
#8880 = ( GEOMETRIC_REPRESENTATION_CONTEXT(2) 
PARAMETRIC_REPRESENTATION_CONTEXT() REPRESENTATION_CONTEXT('2D SPACE',''
  ) );
#8881 = PCURVE('',#8021,#8882);
#8882 = DEFINITIONAL_REPRESENTATION('',(#8883),#8887);
#8883 = LINE('',#8884,#8885);
#8884 = CARTESIAN_POINT('',(0.,0.));
#8885 = VECTOR('',#8886,1.);
#8886 = DIRECTION('',(0.,-1.));
#8887 = ( GEOMETRIC_REPRESENTATION_CONTEXT(2) 
PARAMETRIC_REPRESENTATION_CONTEXT() REPRESENTATION_CONTEXT('2D SPACE',''
  ) );
#8888 = ADVANCED_FACE('',(#8889),#8053,.F.);
#8889 = FACE_BOUND('',#8890,.F.);
#8890 = EDGE_LOOP('',(#8891,#8919,#8940,#8941));
#8891 = ORIENTED_EDGE('',*,*,#8892,.F.);
#8892 = EDGE_CURVE('',#8893,#8770,#8895,.T.);
#8893 = VERTEX_POINT('',#8894);
#8894 = CARTESIAN_POINT('',(124.8,51.3,169.));
#8895 = SURFACE_CURVE('',#8896,(#8901,#8908),.PCURVE_S1.);
#8896 = CIRCLE('',#8897,1.2);
#8897 = AXIS2_PLACEMENT_3D('',#8898,#8899,#8900);
#8898 = CARTESIAN_POINT('',(124.8,50.1,169.));
#8899 = DIRECTION('',(0.,0.,-1.));
#8900 = DIRECTION('',(-1.,0.,0.));
#8901 = PCURVE('',#8053,#8902);
#8902 = DEFINITIONAL_REPRESENTATION('',(#8903),#8907);
#8903 = LINE('',#8904,#8905);
#8904 = CARTESIAN_POINT('',(0.,-1.));
#8905 = VECTOR('',#8906,1.);
#8906 = DIRECTION('',(1.,0.));
#8907 = ( GEOMETRIC_REPRESENTATION_CONTEXT(2) 
PARAMETRIC_REPRESENTATION_CONTEXT() REPRESENTATION_CONTEXT('2D SPACE',''
  ) );
#8908 = PCURVE('',#1494,#8909);
#8909 = DEFINITIONAL_REPRESENTATION('',(#8910),#8918);
#8910 = ( BOUNDED_CURVE() B_SPLINE_CURVE(2,(#8911,#8912,#8913,#8914,
#8915,#8916,#8917),.UNSPECIFIED.,.T.,.F.) B_SPLINE_CURVE_WITH_KNOTS((1,2
    ,2,2,2,1),(-2.094395102393,0.,2.094395102393,4.188790204786,
6.28318530718,8.377580409573),.UNSPECIFIED.) CURVE() 
GEOMETRIC_REPRESENTATION_ITEM() RATIONAL_B_SPLINE_CURVE((1.,0.5,1.,0.5,
1.,0.5,1.)) REPRESENTATION_ITEM('') );
#8911 = CARTESIAN_POINT('',(111.6,-21.));
#8912 = CARTESIAN_POINT('',(111.6,-18.92153903091));
#8913 = CARTESIAN_POINT('',(113.4,-19.96076951545));
#8914 = CARTESIAN_POINT('',(115.2,-21.));
#8915 = CARTESIAN_POINT('',(113.4,-22.03923048454));
#8916 = CARTESIAN_POINT('',(111.6,-23.07846096908));
#8917 = CARTESIAN_POINT('',(111.6,-21.));
#8918 = ( GEOMETRIC_REPRESENTATION_CONTEXT(2) 
PARAMETRIC_REPRESENTATION_CONTEXT() REPRESENTATION_CONTEXT('2D SPACE',''
  ) );
#8919 = ORIENTED_EDGE('',*,*,#8920,.T.);
#8920 = EDGE_CURVE('',#8893,#8005,#8921,.T.);
#8921 = SURFACE_CURVE('',#8922,(#8926,#8933),.PCURVE_S1.);
#8922 = LINE('',#8923,#8924);
#8923 = CARTESIAN_POINT('',(124.8,51.3,168.));
#8924 = VECTOR('',#8925,1.);
#8925 = DIRECTION('',(0.,0.,1.));
#8926 = PCURVE('',#8053,#8927);
#8927 = DEFINITIONAL_REPRESENTATION('',(#8928),#8932);
#8928 = LINE('',#8929,#8930);
#8929 = CARTESIAN_POINT('',(1.570796326795,0.));
#8930 = VECTOR('',#8931,1.);
#8931 = DIRECTION('',(0.,-1.));
#8932 = ( GEOMETRIC_REPRESENTATION_CONTEXT(2) 
PARAMETRIC_REPRESENTATION_CONTEXT() REPRESENTATION_CONTEXT('2D SPACE',''
  ) );
#8933 = PCURVE('',#8021,#8934);
#8934 = DEFINITIONAL_REPRESENTATION('',(#8935),#8939);
#8935 = LINE('',#8936,#8937);
#8936 = CARTESIAN_POINT('',(69.6,0.));
#8937 = VECTOR('',#8938,1.);
#8938 = DIRECTION('',(0.,-1.));
#8939 = ( GEOMETRIC_REPRESENTATION_CONTEXT(2) 
PARAMETRIC_REPRESENTATION_CONTEXT() REPRESENTATION_CONTEXT('2D SPACE',''
  ) );
#8940 = ORIENTED_EDGE('',*,*,#8032,.T.);
#8941 = ORIENTED_EDGE('',*,*,#8769,.F.);
#8942 = ADVANCED_FACE('',(#8943),#8021,.F.);
#8943 = FACE_BOUND('',#8944,.F.);
#8944 = EDGE_LOOP('',(#8945,#8964,#8965,#8966));
#8945 = ORIENTED_EDGE('',*,*,#8946,.T.);
#8946 = EDGE_CURVE('',#8893,#8839,#8947,.T.);
#8947 = SURFACE_CURVE('',#8948,(#8952,#8958),.PCURVE_S1.);
#8948 = LINE('',#8949,#8950);
#8949 = CARTESIAN_POINT('',(33.6,51.3,169.));
#8950 = VECTOR('',#8951,1.);
#8951 = DIRECTION('',(-1.,0.,-0.));
#8952 = PCURVE('',#8021,#8953);
#8953 = DEFINITIONAL_REPRESENTATION('',(#8954),#8957);
#8954 = B_SPLINE_CURVE_WITH_KNOTS('',1,(#8955,#8956),.UNSPECIFIED.,.F.,
  .F.,(2,2),(-91.2,-21.6),.PIECEWISE_BEZIER_KNOTS.);
#8955 = CARTESIAN_POINT('',(69.6,-1.));
#8956 = CARTESIAN_POINT('',(0.,-1.));
#8957 = ( GEOMETRIC_REPRESENTATION_CONTEXT(2) 
PARAMETRIC_REPRESENTATION_CONTEXT() REPRESENTATION_CONTEXT('2D SPACE',''
  ) );
#8958 = PCURVE('',#1494,#8959);
#8959 = DEFINITIONAL_REPRESENTATION('',(#8960),#8963);
#8960 = B_SPLINE_CURVE_WITH_KNOTS('',1,(#8961,#8962),.UNSPECIFIED.,.F.,
  .F.,(2,2),(-91.2,-21.6),.PIECEWISE_BEZIER_KNOTS.);
#8961 = CARTESIAN_POINT('',(112.8,-19.8));
#8962 = CARTESIAN_POINT('',(43.2,-19.8));
#8963 = ( GEOMETRIC_REPRESENTATION_CONTEXT(2) 
PARAMETRIC_REPRESENTATION_CONTEXT() REPRESENTATION_CONTEXT('2D SPACE',''
  ) );
#8964 = ORIENTED_EDGE('',*,*,#8868,.T.);
#8965 = ORIENTED_EDGE('',*,*,#8004,.F.);
#8966 = ORIENTED_EDGE('',*,*,#8920,.F.);
#8967 = ADVANCED_FACE('',(#8968),#7960,.T.);
#8968 = FACE_BOUND('',#8969,.T.);
#8969 = EDGE_LOOP('',(#8970,#8993,#9014,#9035));
#8970 = ORIENTED_EDGE('',*,*,#8971,.F.);
#8971 = EDGE_CURVE('',#8972,#7913,#8974,.T.);
#8972 = VERTEX_POINT('',#8973);
#8973 = CARTESIAN_POINT('',(124.8,43.9,169.));
#8974 = SURFACE_CURVE('',#8975,(#8979,#8986),.PCURVE_S1.);
#8975 = LINE('',#8976,#8977);
#8976 = CARTESIAN_POINT('',(124.8,43.9,168.));
#8977 = VECTOR('',#8978,1.);
#8978 = DIRECTION('',(0.,0.,1.));
#8979 = PCURVE('',#7960,#8980);
#8980 = DEFINITIONAL_REPRESENTATION('',(#8981),#8985);
#8981 = LINE('',#8982,#8983);
#8982 = CARTESIAN_POINT('',(34.8,0.));
#8983 = VECTOR('',#8984,1.);
#8984 = DIRECTION('',(0.,-1.));
#8985 = ( GEOMETRIC_REPRESENTATION_CONTEXT(2) 
PARAMETRIC_REPRESENTATION_CONTEXT() REPRESENTATION_CONTEXT('2D SPACE',''
  ) );
#8986 = PCURVE('',#7933,#8987);
#8987 = DEFINITIONAL_REPRESENTATION('',(#8988),#8992);
#8988 = LINE('',#8989,#8990);
#8989 = CARTESIAN_POINT('',(4.712388980385,0.));
#8990 = VECTOR('',#8991,1.);
#8991 = DIRECTION('',(0.,-1.));
#8992 = ( GEOMETRIC_REPRESENTATION_CONTEXT(2) 
PARAMETRIC_REPRESENTATION_CONTEXT() REPRESENTATION_CONTEXT('2D SPACE',''
  ) );
#8993 = ORIENTED_EDGE('',*,*,#8994,.T.);
#8994 = EDGE_CURVE('',#8972,#8995,#8997,.T.);
#8995 = VERTEX_POINT('',#8996);
#8996 = CARTESIAN_POINT('',(55.2,43.9,169.));
#8997 = SURFACE_CURVE('',#8998,(#9002,#9008),.PCURVE_S1.);
#8998 = LINE('',#8999,#9000);
#8999 = CARTESIAN_POINT('',(51.,43.9,169.));
#9000 = VECTOR('',#9001,1.);
#9001 = DIRECTION('',(-1.,0.,-0.));
#9002 = PCURVE('',#7960,#9003);
#9003 = DEFINITIONAL_REPRESENTATION('',(#9004),#9007);
#9004 = B_SPLINE_CURVE_WITH_KNOTS('',1,(#9005,#9006),.UNSPECIFIED.,.F.,
  .F.,(2,2),(-73.8,-4.2),.PIECEWISE_BEZIER_KNOTS.);
#9005 = CARTESIAN_POINT('',(34.8,-1.));
#9006 = CARTESIAN_POINT('',(-34.8,-1.));
#9007 = ( GEOMETRIC_REPRESENTATION_CONTEXT(2) 
PARAMETRIC_REPRESENTATION_CONTEXT() REPRESENTATION_CONTEXT('2D SPACE',''
  ) );
#9008 = PCURVE('',#1494,#9009);
#9009 = DEFINITIONAL_REPRESENTATION('',(#9010),#9013);
#9010 = B_SPLINE_CURVE_WITH_KNOTS('',1,(#9011,#9012),.UNSPECIFIED.,.F.,
  .F.,(2,2),(-73.8,-4.2),.PIECEWISE_BEZIER_KNOTS.);
#9011 = CARTESIAN_POINT('',(112.8,-27.2));
#9012 = CARTESIAN_POINT('',(43.2,-27.2));
#9013 = ( GEOMETRIC_REPRESENTATION_CONTEXT(2) 
PARAMETRIC_REPRESENTATION_CONTEXT() REPRESENTATION_CONTEXT('2D SPACE',''
  ) );
#9014 = ORIENTED_EDGE('',*,*,#9015,.T.);
#9015 = EDGE_CURVE('',#8995,#7946,#9016,.T.);
#9016 = SURFACE_CURVE('',#9017,(#9021,#9028),.PCURVE_S1.);
#9017 = LINE('',#9018,#9019);
#9018 = CARTESIAN_POINT('',(55.2,43.9,168.));
#9019 = VECTOR('',#9020,1.);
#9020 = DIRECTION('',(0.,0.,1.));
#9021 = PCURVE('',#7960,#9022);
#9022 = DEFINITIONAL_REPRESENTATION('',(#9023),#9027);
#9023 = LINE('',#9024,#9025);
#9024 = CARTESIAN_POINT('',(-34.8,0.));
#9025 = VECTOR('',#9026,1.);
#9026 = DIRECTION('',(0.,-1.));
#9027 = ( GEOMETRIC_REPRESENTATION_CONTEXT(2) 
PARAMETRIC_REPRESENTATION_CONTEXT() REPRESENTATION_CONTEXT('2D SPACE',''
  ) );
#9028 = PCURVE('',#7990,#9029);
#9029 = DEFINITIONAL_REPRESENTATION('',(#9030),#9034);
#9030 = LINE('',#9031,#9032);
#9031 = CARTESIAN_POINT('',(1.570796326795,0.));
#9032 = VECTOR('',#9033,1.);
#9033 = DIRECTION('',(0.,-1.));
#9034 = ( GEOMETRIC_REPRESENTATION_CONTEXT(2) 
PARAMETRIC_REPRESENTATION_CONTEXT() REPRESENTATION_CONTEXT('2D SPACE',''
  ) );
#9035 = ORIENTED_EDGE('',*,*,#7945,.F.);
#9036 = ADVANCED_FACE('',(#9037),#7990,.F.);
#9037 = FACE_BOUND('',#9038,.F.);
#9038 = EDGE_LOOP('',(#9039,#9067,#9068,#9069));
#9039 = ORIENTED_EDGE('',*,*,#9040,.F.);
#9040 = EDGE_CURVE('',#8995,#9041,#9043,.T.);
#9041 = VERTEX_POINT('',#9042);
#9042 = CARTESIAN_POINT('',(55.2,46.3,169.));
#9043 = SURFACE_CURVE('',#9044,(#9049,#9056),.PCURVE_S1.);
#9044 = CIRCLE('',#9045,1.2);
#9045 = AXIS2_PLACEMENT_3D('',#9046,#9047,#9048);
#9046 = CARTESIAN_POINT('',(55.2,45.1,169.));
#9047 = DIRECTION('',(0.,0.,-1.));
#9048 = DIRECTION('',(1.,0.,0.));
#9049 = PCURVE('',#7990,#9050);
#9050 = DEFINITIONAL_REPRESENTATION('',(#9051),#9055);
#9051 = LINE('',#9052,#9053);
#9052 = CARTESIAN_POINT('',(0.,-1.));
#9053 = VECTOR('',#9054,1.);
#9054 = DIRECTION('',(1.,0.));
#9055 = ( GEOMETRIC_REPRESENTATION_CONTEXT(2) 
PARAMETRIC_REPRESENTATION_CONTEXT() REPRESENTATION_CONTEXT('2D SPACE',''
  ) );
#9056 = PCURVE('',#1494,#9057);
#9057 = DEFINITIONAL_REPRESENTATION('',(#9058),#9066);
#9058 = ( BOUNDED_CURVE() B_SPLINE_CURVE(2,(#9059,#9060,#9061,#9062,
#9063,#9064,#9065),.UNSPECIFIED.,.T.,.F.) B_SPLINE_CURVE_WITH_KNOTS((1,2
    ,2,2,2,1),(-2.094395102393,0.,2.094395102393,4.188790204786,
6.28318530718,8.377580409573),.UNSPECIFIED.) CURVE() 
GEOMETRIC_REPRESENTATION_ITEM() RATIONAL_B_SPLINE_CURVE((1.,0.5,1.,0.5,
1.,0.5,1.)) REPRESENTATION_ITEM('') );
#9059 = CARTESIAN_POINT('',(44.4,-26.));
#9060 = CARTESIAN_POINT('',(44.4,-28.07846096908));
#9061 = CARTESIAN_POINT('',(42.6,-27.03923048454));
#9062 = CARTESIAN_POINT('',(40.8,-26.));
#9063 = CARTESIAN_POINT('',(42.6,-24.96076951545));
#9064 = CARTESIAN_POINT('',(44.4,-23.92153903091));
#9065 = CARTESIAN_POINT('',(44.4,-26.));
#9066 = ( GEOMETRIC_REPRESENTATION_CONTEXT(2) 
PARAMETRIC_REPRESENTATION_CONTEXT() REPRESENTATION_CONTEXT('2D SPACE',''
  ) );
#9067 = ORIENTED_EDGE('',*,*,#9015,.T.);
#9068 = ORIENTED_EDGE('',*,*,#7971,.T.);
#9069 = ORIENTED_EDGE('',*,*,#9070,.F.);
#9070 = EDGE_CURVE('',#9041,#7887,#9071,.T.);
#9071 = SURFACE_CURVE('',#9072,(#9076,#9083),.PCURVE_S1.);
#9072 = LINE('',#9073,#9074);
#9073 = CARTESIAN_POINT('',(55.2,46.3,168.));
#9074 = VECTOR('',#9075,1.);
#9075 = DIRECTION('',(0.,0.,1.));
#9076 = PCURVE('',#7990,#9077);
#9077 = DEFINITIONAL_REPRESENTATION('',(#9078),#9082);
#9078 = LINE('',#9079,#9080);
#9079 = CARTESIAN_POINT('',(4.712388980385,0.));
#9080 = VECTOR('',#9081,1.);
#9081 = DIRECTION('',(0.,-1.));
#9082 = ( GEOMETRIC_REPRESENTATION_CONTEXT(2) 
PARAMETRIC_REPRESENTATION_CONTEXT() REPRESENTATION_CONTEXT('2D SPACE',''
  ) );
#9083 = PCURVE('',#7901,#9084);
#9084 = DEFINITIONAL_REPRESENTATION('',(#9085),#9089);
#9085 = LINE('',#9086,#9087);
#9086 = CARTESIAN_POINT('',(0.,0.));
#9087 = VECTOR('',#9088,1.);
#9088 = DIRECTION('',(0.,-1.));
#9089 = ( GEOMETRIC_REPRESENTATION_CONTEXT(2) 
PARAMETRIC_REPRESENTATION_CONTEXT() REPRESENTATION_CONTEXT('2D SPACE',''
  ) );
#9090 = ADVANCED_FACE('',(#9091),#7933,.F.);
#9091 = FACE_BOUND('',#9092,.F.);
#9092 = EDGE_LOOP('',(#9093,#9121,#9142,#9143));
#9093 = ORIENTED_EDGE('',*,*,#9094,.F.);
#9094 = EDGE_CURVE('',#9095,#8972,#9097,.T.);
#9095 = VERTEX_POINT('',#9096);
#9096 = CARTESIAN_POINT('',(124.8,46.3,169.));
#9097 = SURFACE_CURVE('',#9098,(#9103,#9110),.PCURVE_S1.);
#9098 = CIRCLE('',#9099,1.2);
#9099 = AXIS2_PLACEMENT_3D('',#9100,#9101,#9102);
#9100 = CARTESIAN_POINT('',(124.8,45.1,169.));
#9101 = DIRECTION('',(0.,0.,-1.));
#9102 = DIRECTION('',(-1.,0.,0.));
#9103 = PCURVE('',#7933,#9104);
#9104 = DEFINITIONAL_REPRESENTATION('',(#9105),#9109);
#9105 = LINE('',#9106,#9107);
#9106 = CARTESIAN_POINT('',(0.,-1.));
#9107 = VECTOR('',#9108,1.);
#9108 = DIRECTION('',(1.,0.));
#9109 = ( GEOMETRIC_REPRESENTATION_CONTEXT(2) 
PARAMETRIC_REPRESENTATION_CONTEXT() REPRESENTATION_CONTEXT('2D SPACE',''
  ) );
#9110 = PCURVE('',#1494,#9111);
#9111 = DEFINITIONAL_REPRESENTATION('',(#9112),#9120);
#9112 = ( BOUNDED_CURVE() B_SPLINE_CURVE(2,(#9113,#9114,#9115,#9116,
#9117,#9118,#9119),.UNSPECIFIED.,.T.,.F.) B_SPLINE_CURVE_WITH_KNOTS((1,2
    ,2,2,2,1),(-2.094395102393,0.,2.094395102393,4.188790204786,
6.28318530718,8.377580409573),.UNSPECIFIED.) CURVE() 
GEOMETRIC_REPRESENTATION_ITEM() RATIONAL_B_SPLINE_CURVE((1.,0.5,1.,0.5,
1.,0.5,1.)) REPRESENTATION_ITEM('') );
#9113 = CARTESIAN_POINT('',(111.6,-26.));
#9114 = CARTESIAN_POINT('',(111.6,-23.92153903091));
#9115 = CARTESIAN_POINT('',(113.4,-24.96076951545));
#9116 = CARTESIAN_POINT('',(115.2,-26.));
#9117 = CARTESIAN_POINT('',(113.4,-27.03923048454));
#9118 = CARTESIAN_POINT('',(111.6,-28.07846096908));
#9119 = CARTESIAN_POINT('',(111.6,-26.));
#9120 = ( GEOMETRIC_REPRESENTATION_CONTEXT(2) 
PARAMETRIC_REPRESENTATION_CONTEXT() REPRESENTATION_CONTEXT('2D SPACE',''
  ) );
#9121 = ORIENTED_EDGE('',*,*,#9122,.T.);
#9122 = EDGE_CURVE('',#9095,#7885,#9123,.T.);
#9123 = SURFACE_CURVE('',#9124,(#9128,#9135),.PCURVE_S1.);
#9124 = LINE('',#9125,#9126);
#9125 = CARTESIAN_POINT('',(124.8,46.3,168.));
#9126 = VECTOR('',#9127,1.);
#9127 = DIRECTION('',(0.,0.,1.));
#9128 = PCURVE('',#7933,#9129);
#9129 = DEFINITIONAL_REPRESENTATION('',(#9130),#9134);
#9130 = LINE('',#9131,#9132);
#9131 = CARTESIAN_POINT('',(1.570796326795,0.));
#9132 = VECTOR('',#9133,1.);
#9133 = DIRECTION('',(0.,-1.));
#9134 = ( GEOMETRIC_REPRESENTATION_CONTEXT(2) 
PARAMETRIC_REPRESENTATION_CONTEXT() REPRESENTATION_CONTEXT('2D SPACE',''
  ) );
#9135 = PCURVE('',#7901,#9136);
#9136 = DEFINITIONAL_REPRESENTATION('',(#9137),#9141);
#9137 = LINE('',#9138,#9139);
#9138 = CARTESIAN_POINT('',(69.6,0.));
#9139 = VECTOR('',#9140,1.);
#9140 = DIRECTION('',(0.,-1.));
#9141 = ( GEOMETRIC_REPRESENTATION_CONTEXT(2) 
PARAMETRIC_REPRESENTATION_CONTEXT() REPRESENTATION_CONTEXT('2D SPACE',''
  ) );
#9142 = ORIENTED_EDGE('',*,*,#7912,.T.);
#9143 = ORIENTED_EDGE('',*,*,#8971,.F.);
#9144 = ADVANCED_FACE('',(#9145),#7901,.F.);
#9145 = FACE_BOUND('',#9146,.F.);
#9146 = EDGE_LOOP('',(#9147,#9166,#9167,#9168));
#9147 = ORIENTED_EDGE('',*,*,#9148,.T.);
#9148 = EDGE_CURVE('',#9095,#9041,#9149,.T.);
#9149 = SURFACE_CURVE('',#9150,(#9154,#9160),.PCURVE_S1.);
#9150 = LINE('',#9151,#9152);
#9151 = CARTESIAN_POINT('',(33.6,46.3,169.));
#9152 = VECTOR('',#9153,1.);
#9153 = DIRECTION('',(-1.,0.,-0.));
#9154 = PCURVE('',#7901,#9155);
#9155 = DEFINITIONAL_REPRESENTATION('',(#9156),#9159);
#9156 = B_SPLINE_CURVE_WITH_KNOTS('',1,(#9157,#9158),.UNSPECIFIED.,.F.,
  .F.,(2,2),(-91.2,-21.6),.PIECEWISE_BEZIER_KNOTS.);
#9157 = CARTESIAN_POINT('',(69.6,-1.));
#9158 = CARTESIAN_POINT('',(0.,-1.));
#9159 = ( GEOMETRIC_REPRESENTATION_CONTEXT(2) 
PARAMETRIC_REPRESENTATION_CONTEXT() REPRESENTATION_CONTEXT('2D SPACE',''
  ) );
#9160 = PCURVE('',#1494,#9161);
#9161 = DEFINITIONAL_REPRESENTATION('',(#9162),#9165);
#9162 = B_SPLINE_CURVE_WITH_KNOTS('',1,(#9163,#9164),.UNSPECIFIED.,.F.,
  .F.,(2,2),(-91.2,-21.6),.PIECEWISE_BEZIER_KNOTS.);
#9163 = CARTESIAN_POINT('',(112.8,-24.8));
#9164 = CARTESIAN_POINT('',(43.2,-24.8));
#9165 = ( GEOMETRIC_REPRESENTATION_CONTEXT(2) 
PARAMETRIC_REPRESENTATION_CONTEXT() REPRESENTATION_CONTEXT('2D SPACE',''
  ) );
#9166 = ORIENTED_EDGE('',*,*,#9070,.T.);
#9167 = ORIENTED_EDGE('',*,*,#7884,.F.);
#9168 = ORIENTED_EDGE('',*,*,#9122,.F.);
#9169 = ADVANCED_FACE('',(#9170),#7840,.T.);
#9170 = FACE_BOUND('',#9171,.T.);
#9171 = EDGE_LOOP('',(#9172,#9195,#9216,#9237));
#9172 = ORIENTED_EDGE('',*,*,#9173,.F.);
#9173 = EDGE_CURVE('',#9174,#7793,#9176,.T.);
#9174 = VERTEX_POINT('',#9175);
#9175 = CARTESIAN_POINT('',(124.8,38.9,169.));
#9176 = SURFACE_CURVE('',#9177,(#9181,#9188),.PCURVE_S1.);
#9177 = LINE('',#9178,#9179);
#9178 = CARTESIAN_POINT('',(124.8,38.9,168.));
#9179 = VECTOR('',#9180,1.);
#9180 = DIRECTION('',(0.,0.,1.));
#9181 = PCURVE('',#7840,#9182);
#9182 = DEFINITIONAL_REPRESENTATION('',(#9183),#9187);
#9183 = LINE('',#9184,#9185);
#9184 = CARTESIAN_POINT('',(34.8,0.));
#9185 = VECTOR('',#9186,1.);
#9186 = DIRECTION('',(0.,-1.));
#9187 = ( GEOMETRIC_REPRESENTATION_CONTEXT(2) 
PARAMETRIC_REPRESENTATION_CONTEXT() REPRESENTATION_CONTEXT('2D SPACE',''
  ) );
#9188 = PCURVE('',#7813,#9189);
#9189 = DEFINITIONAL_REPRESENTATION('',(#9190),#9194);
#9190 = LINE('',#9191,#9192);
#9191 = CARTESIAN_POINT('',(4.712388980385,0.));
#9192 = VECTOR('',#9193,1.);
#9193 = DIRECTION('',(0.,-1.));
#9194 = ( GEOMETRIC_REPRESENTATION_CONTEXT(2) 
PARAMETRIC_REPRESENTATION_CONTEXT() REPRESENTATION_CONTEXT('2D SPACE',''
  ) );
#9195 = ORIENTED_EDGE('',*,*,#9196,.T.);
#9196 = EDGE_CURVE('',#9174,#9197,#9199,.T.);
#9197 = VERTEX_POINT('',#9198);
#9198 = CARTESIAN_POINT('',(55.2,38.9,169.));
#9199 = SURFACE_CURVE('',#9200,(#9204,#9210),.PCURVE_S1.);
#9200 = LINE('',#9201,#9202);
#9201 = CARTESIAN_POINT('',(51.,38.9,169.));
#9202 = VECTOR('',#9203,1.);
#9203 = DIRECTION('',(-1.,0.,-0.));
#9204 = PCURVE('',#7840,#9205);
#9205 = DEFINITIONAL_REPRESENTATION('',(#9206),#9209);
#9206 = B_SPLINE_CURVE_WITH_KNOTS('',1,(#9207,#9208),.UNSPECIFIED.,.F.,
  .F.,(2,2),(-73.8,-4.2),.PIECEWISE_BEZIER_KNOTS.);
#9207 = CARTESIAN_POINT('',(34.8,-1.));
#9208 = CARTESIAN_POINT('',(-34.8,-1.));
#9209 = ( GEOMETRIC_REPRESENTATION_CONTEXT(2) 
PARAMETRIC_REPRESENTATION_CONTEXT() REPRESENTATION_CONTEXT('2D SPACE',''
  ) );
#9210 = PCURVE('',#1494,#9211);
#9211 = DEFINITIONAL_REPRESENTATION('',(#9212),#9215);
#9212 = B_SPLINE_CURVE_WITH_KNOTS('',1,(#9213,#9214),.UNSPECIFIED.,.F.,
  .F.,(2,2),(-73.8,-4.2),.PIECEWISE_BEZIER_KNOTS.);
#9213 = CARTESIAN_POINT('',(112.8,-32.2));
#9214 = CARTESIAN_POINT('',(43.2,-32.2));
#9215 = ( GEOMETRIC_REPRESENTATION_CONTEXT(2) 
PARAMETRIC_REPRESENTATION_CONTEXT() REPRESENTATION_CONTEXT('2D SPACE',''
  ) );
#9216 = ORIENTED_EDGE('',*,*,#9217,.T.);
#9217 = EDGE_CURVE('',#9197,#7826,#9218,.T.);
#9218 = SURFACE_CURVE('',#9219,(#9223,#9230),.PCURVE_S1.);
#9219 = LINE('',#9220,#9221);
#9220 = CARTESIAN_POINT('',(55.2,38.9,168.));
#9221 = VECTOR('',#9222,1.);
#9222 = DIRECTION('',(0.,0.,1.));
#9223 = PCURVE('',#7840,#9224);
#9224 = DEFINITIONAL_REPRESENTATION('',(#9225),#9229);
#9225 = LINE('',#9226,#9227);
#9226 = CARTESIAN_POINT('',(-34.8,0.));
#9227 = VECTOR('',#9228,1.);
#9228 = DIRECTION('',(0.,-1.));
#9229 = ( GEOMETRIC_REPRESENTATION_CONTEXT(2) 
PARAMETRIC_REPRESENTATION_CONTEXT() REPRESENTATION_CONTEXT('2D SPACE',''
  ) );
#9230 = PCURVE('',#7870,#9231);
#9231 = DEFINITIONAL_REPRESENTATION('',(#9232),#9236);
#9232 = LINE('',#9233,#9234);
#9233 = CARTESIAN_POINT('',(1.570796326795,0.));
#9234 = VECTOR('',#9235,1.);
#9235 = DIRECTION('',(0.,-1.));
#9236 = ( GEOMETRIC_REPRESENTATION_CONTEXT(2) 
PARAMETRIC_REPRESENTATION_CONTEXT() REPRESENTATION_CONTEXT('2D SPACE',''
  ) );
#9237 = ORIENTED_EDGE('',*,*,#7825,.F.);
#9238 = ADVANCED_FACE('',(#9239),#7870,.F.);
#9239 = FACE_BOUND('',#9240,.F.);
#9240 = EDGE_LOOP('',(#9241,#9269,#9270,#9271));
#9241 = ORIENTED_EDGE('',*,*,#9242,.F.);
#9242 = EDGE_CURVE('',#9197,#9243,#9245,.T.);
#9243 = VERTEX_POINT('',#9244);
#9244 = CARTESIAN_POINT('',(55.2,41.3,169.));
#9245 = SURFACE_CURVE('',#9246,(#9251,#9258),.PCURVE_S1.);
#9246 = CIRCLE('',#9247,1.2);
#9247 = AXIS2_PLACEMENT_3D('',#9248,#9249,#9250);
#9248 = CARTESIAN_POINT('',(55.2,40.1,169.));
#9249 = DIRECTION('',(0.,0.,-1.));
#9250 = DIRECTION('',(1.,0.,0.));
#9251 = PCURVE('',#7870,#9252);
#9252 = DEFINITIONAL_REPRESENTATION('',(#9253),#9257);
#9253 = LINE('',#9254,#9255);
#9254 = CARTESIAN_POINT('',(0.,-1.));
#9255 = VECTOR('',#9256,1.);
#9256 = DIRECTION('',(1.,0.));
#9257 = ( GEOMETRIC_REPRESENTATION_CONTEXT(2) 
PARAMETRIC_REPRESENTATION_CONTEXT() REPRESENTATION_CONTEXT('2D SPACE',''
  ) );
#9258 = PCURVE('',#1494,#9259);
#9259 = DEFINITIONAL_REPRESENTATION('',(#9260),#9268);
#9260 = ( BOUNDED_CURVE() B_SPLINE_CURVE(2,(#9261,#9262,#9263,#9264,
#9265,#9266,#9267),.UNSPECIFIED.,.T.,.F.) B_SPLINE_CURVE_WITH_KNOTS((1,2
    ,2,2,2,1),(-2.094395102393,0.,2.094395102393,4.188790204786,
6.28318530718,8.377580409573),.UNSPECIFIED.) CURVE() 
GEOMETRIC_REPRESENTATION_ITEM() RATIONAL_B_SPLINE_CURVE((1.,0.5,1.,0.5,
1.,0.5,1.)) REPRESENTATION_ITEM('') );
#9261 = CARTESIAN_POINT('',(44.4,-31.));
#9262 = CARTESIAN_POINT('',(44.4,-33.07846096908));
#9263 = CARTESIAN_POINT('',(42.6,-32.03923048454));
#9264 = CARTESIAN_POINT('',(40.8,-31.));
#9265 = CARTESIAN_POINT('',(42.6,-29.96076951545));
#9266 = CARTESIAN_POINT('',(44.4,-28.92153903091));
#9267 = CARTESIAN_POINT('',(44.4,-31.));
#9268 = ( GEOMETRIC_REPRESENTATION_CONTEXT(2) 
PARAMETRIC_REPRESENTATION_CONTEXT() REPRESENTATION_CONTEXT('2D SPACE',''
  ) );
#9269 = ORIENTED_EDGE('',*,*,#9217,.T.);
#9270 = ORIENTED_EDGE('',*,*,#7851,.T.);
#9271 = ORIENTED_EDGE('',*,*,#9272,.F.);
#9272 = EDGE_CURVE('',#9243,#7767,#9273,.T.);
#9273 = SURFACE_CURVE('',#9274,(#9278,#9285),.PCURVE_S1.);
#9274 = LINE('',#9275,#9276);
#9275 = CARTESIAN_POINT('',(55.2,41.3,168.));
#9276 = VECTOR('',#9277,1.);
#9277 = DIRECTION('',(0.,0.,1.));
#9278 = PCURVE('',#7870,#9279);
#9279 = DEFINITIONAL_REPRESENTATION('',(#9280),#9284);
#9280 = LINE('',#9281,#9282);
#9281 = CARTESIAN_POINT('',(4.712388980385,0.));
#9282 = VECTOR('',#9283,1.);
#9283 = DIRECTION('',(0.,-1.));
#9284 = ( GEOMETRIC_REPRESENTATION_CONTEXT(2) 
PARAMETRIC_REPRESENTATION_CONTEXT() REPRESENTATION_CONTEXT('2D SPACE',''
  ) );
#9285 = PCURVE('',#7781,#9286);
#9286 = DEFINITIONAL_REPRESENTATION('',(#9287),#9291);
#9287 = LINE('',#9288,#9289);
#9288 = CARTESIAN_POINT('',(0.,0.));
#9289 = VECTOR('',#9290,1.);
#9290 = DIRECTION('',(0.,-1.));
#9291 = ( GEOMETRIC_REPRESENTATION_CONTEXT(2) 
PARAMETRIC_REPRESENTATION_CONTEXT() REPRESENTATION_CONTEXT('2D SPACE',''
  ) );
#9292 = ADVANCED_FACE('',(#9293),#7813,.F.);
#9293 = FACE_BOUND('',#9294,.F.);
#9294 = EDGE_LOOP('',(#9295,#9323,#9344,#9345));
#9295 = ORIENTED_EDGE('',*,*,#9296,.F.);
#9296 = EDGE_CURVE('',#9297,#9174,#9299,.T.);
#9297 = VERTEX_POINT('',#9298);
#9298 = CARTESIAN_POINT('',(124.8,41.3,169.));
#9299 = SURFACE_CURVE('',#9300,(#9305,#9312),.PCURVE_S1.);
#9300 = CIRCLE('',#9301,1.2);
#9301 = AXIS2_PLACEMENT_3D('',#9302,#9303,#9304);
#9302 = CARTESIAN_POINT('',(124.8,40.1,169.));
#9303 = DIRECTION('',(0.,0.,-1.));
#9304 = DIRECTION('',(-1.,0.,0.));
#9305 = PCURVE('',#7813,#9306);
#9306 = DEFINITIONAL_REPRESENTATION('',(#9307),#9311);
#9307 = LINE('',#9308,#9309);
#9308 = CARTESIAN_POINT('',(0.,-1.));
#9309 = VECTOR('',#9310,1.);
#9310 = DIRECTION('',(1.,0.));
#9311 = ( GEOMETRIC_REPRESENTATION_CONTEXT(2) 
PARAMETRIC_REPRESENTATION_CONTEXT() REPRESENTATION_CONTEXT('2D SPACE',''
  ) );
#9312 = PCURVE('',#1494,#9313);
#9313 = DEFINITIONAL_REPRESENTATION('',(#9314),#9322);
#9314 = ( BOUNDED_CURVE() B_SPLINE_CURVE(2,(#9315,#9316,#9317,#9318,
#9319,#9320,#9321),.UNSPECIFIED.,.T.,.F.) B_SPLINE_CURVE_WITH_KNOTS((1,2
    ,2,2,2,1),(-2.094395102393,0.,2.094395102393,4.188790204786,
6.28318530718,8.377580409573),.UNSPECIFIED.) CURVE() 
GEOMETRIC_REPRESENTATION_ITEM() RATIONAL_B_SPLINE_CURVE((1.,0.5,1.,0.5,
1.,0.5,1.)) REPRESENTATION_ITEM('') );
#9315 = CARTESIAN_POINT('',(111.6,-31.));
#9316 = CARTESIAN_POINT('',(111.6,-28.92153903091));
#9317 = CARTESIAN_POINT('',(113.4,-29.96076951545));
#9318 = CARTESIAN_POINT('',(115.2,-31.));
#9319 = CARTESIAN_POINT('',(113.4,-32.03923048454));
#9320 = CARTESIAN_POINT('',(111.6,-33.07846096908));
#9321 = CARTESIAN_POINT('',(111.6,-31.));
#9322 = ( GEOMETRIC_REPRESENTATION_CONTEXT(2) 
PARAMETRIC_REPRESENTATION_CONTEXT() REPRESENTATION_CONTEXT('2D SPACE',''
  ) );
#9323 = ORIENTED_EDGE('',*,*,#9324,.T.);
#9324 = EDGE_CURVE('',#9297,#7765,#9325,.T.);
#9325 = SURFACE_CURVE('',#9326,(#9330,#9337),.PCURVE_S1.);
#9326 = LINE('',#9327,#9328);
#9327 = CARTESIAN_POINT('',(124.8,41.3,168.));
#9328 = VECTOR('',#9329,1.);
#9329 = DIRECTION('',(0.,0.,1.));
#9330 = PCURVE('',#7813,#9331);
#9331 = DEFINITIONAL_REPRESENTATION('',(#9332),#9336);
#9332 = LINE('',#9333,#9334);
#9333 = CARTESIAN_POINT('',(1.570796326795,0.));
#9334 = VECTOR('',#9335,1.);
#9335 = DIRECTION('',(0.,-1.));
#9336 = ( GEOMETRIC_REPRESENTATION_CONTEXT(2) 
PARAMETRIC_REPRESENTATION_CONTEXT() REPRESENTATION_CONTEXT('2D SPACE',''
  ) );
#9337 = PCURVE('',#7781,#9338);
#9338 = DEFINITIONAL_REPRESENTATION('',(#9339),#9343);
#9339 = LINE('',#9340,#9341);
#9340 = CARTESIAN_POINT('',(69.6,0.));
#9341 = VECTOR('',#9342,1.);
#9342 = DIRECTION('',(0.,-1.));
#9343 = ( GEOMETRIC_REPRESENTATION_CONTEXT(2) 
PARAMETRIC_REPRESENTATION_CONTEXT() REPRESENTATION_CONTEXT('2D SPACE',''
  ) );
#9344 = ORIENTED_EDGE('',*,*,#7792,.T.);
#9345 = ORIENTED_EDGE('',*,*,#9173,.F.);
#9346 = ADVANCED_FACE('',(#9347),#7781,.F.);
#9347 = FACE_BOUND('',#9348,.F.);
#9348 = EDGE_LOOP('',(#9349,#9368,#9369,#9370));
#9349 = ORIENTED_EDGE('',*,*,#9350,.T.);
#9350 = EDGE_CURVE('',#9297,#9243,#9351,.T.);
#9351 = SURFACE_CURVE('',#9352,(#9356,#9362),.PCURVE_S1.);
#9352 = LINE('',#9353,#9354);
#9353 = CARTESIAN_POINT('',(33.6,41.3,169.));
#9354 = VECTOR('',#9355,1.);
#9355 = DIRECTION('',(-1.,0.,-0.));
#9356 = PCURVE('',#7781,#9357);
#9357 = DEFINITIONAL_REPRESENTATION('',(#9358),#9361);
#9358 = B_SPLINE_CURVE_WITH_KNOTS('',1,(#9359,#9360),.UNSPECIFIED.,.F.,
  .F.,(2,2),(-91.2,-21.6),.PIECEWISE_BEZIER_KNOTS.);
#9359 = CARTESIAN_POINT('',(69.6,-1.));
#9360 = CARTESIAN_POINT('',(0.,-1.));
#9361 = ( GEOMETRIC_REPRESENTATION_CONTEXT(2) 
PARAMETRIC_REPRESENTATION_CONTEXT() REPRESENTATION_CONTEXT('2D SPACE',''
  ) );
#9362 = PCURVE('',#1494,#9363);
#9363 = DEFINITIONAL_REPRESENTATION('',(#9364),#9367);
#9364 = B_SPLINE_CURVE_WITH_KNOTS('',1,(#9365,#9366),.UNSPECIFIED.,.F.,
  .F.,(2,2),(-91.2,-21.6),.PIECEWISE_BEZIER_KNOTS.);
#9365 = CARTESIAN_POINT('',(112.8,-29.8));
#9366 = CARTESIAN_POINT('',(43.2,-29.8));
#9367 = ( GEOMETRIC_REPRESENTATION_CONTEXT(2) 
PARAMETRIC_REPRESENTATION_CONTEXT() REPRESENTATION_CONTEXT('2D SPACE',''
  ) );
#9368 = ORIENTED_EDGE('',*,*,#9272,.T.);
#9369 = ORIENTED_EDGE('',*,*,#7764,.F.);
#9370 = ORIENTED_EDGE('',*,*,#9324,.F.);
#9371 = ADVANCED_FACE('',(#9372),#7720,.T.);
#9372 = FACE_BOUND('',#9373,.T.);
#9373 = EDGE_LOOP('',(#9374,#9397,#9418,#9439));
#9374 = ORIENTED_EDGE('',*,*,#9375,.F.);
#9375 = EDGE_CURVE('',#9376,#7673,#9378,.T.);
#9376 = VERTEX_POINT('',#9377);
#9377 = CARTESIAN_POINT('',(124.8,33.9,169.));
#9378 = SURFACE_CURVE('',#9379,(#9383,#9390),.PCURVE_S1.);
#9379 = LINE('',#9380,#9381);
#9380 = CARTESIAN_POINT('',(124.8,33.9,168.));
#9381 = VECTOR('',#9382,1.);
#9382 = DIRECTION('',(0.,0.,1.));
#9383 = PCURVE('',#7720,#9384);
#9384 = DEFINITIONAL_REPRESENTATION('',(#9385),#9389);
#9385 = LINE('',#9386,#9387);
#9386 = CARTESIAN_POINT('',(34.8,0.));
#9387 = VECTOR('',#9388,1.);
#9388 = DIRECTION('',(0.,-1.));
#9389 = ( GEOMETRIC_REPRESENTATION_CONTEXT(2) 
PARAMETRIC_REPRESENTATION_CONTEXT() REPRESENTATION_CONTEXT('2D SPACE',''
  ) );
#9390 = PCURVE('',#7693,#9391);
#9391 = DEFINITIONAL_REPRESENTATION('',(#9392),#9396);
#9392 = LINE('',#9393,#9394);
#9393 = CARTESIAN_POINT('',(4.712388980385,0.));
#9394 = VECTOR('',#9395,1.);
#9395 = DIRECTION('',(0.,-1.));
#9396 = ( GEOMETRIC_REPRESENTATION_CONTEXT(2) 
PARAMETRIC_REPRESENTATION_CONTEXT() REPRESENTATION_CONTEXT('2D SPACE',''
  ) );
#9397 = ORIENTED_EDGE('',*,*,#9398,.T.);
#9398 = EDGE_CURVE('',#9376,#9399,#9401,.T.);
#9399 = VERTEX_POINT('',#9400);
#9400 = CARTESIAN_POINT('',(55.2,33.9,169.));
#9401 = SURFACE_CURVE('',#9402,(#9406,#9412),.PCURVE_S1.);
#9402 = LINE('',#9403,#9404);
#9403 = CARTESIAN_POINT('',(51.,33.9,169.));
#9404 = VECTOR('',#9405,1.);
#9405 = DIRECTION('',(-1.,0.,-0.));
#9406 = PCURVE('',#7720,#9407);
#9407 = DEFINITIONAL_REPRESENTATION('',(#9408),#9411);
#9408 = B_SPLINE_CURVE_WITH_KNOTS('',1,(#9409,#9410),.UNSPECIFIED.,.F.,
  .F.,(2,2),(-73.8,-4.2),.PIECEWISE_BEZIER_KNOTS.);
#9409 = CARTESIAN_POINT('',(34.8,-1.));
#9410 = CARTESIAN_POINT('',(-34.8,-1.));
#9411 = ( GEOMETRIC_REPRESENTATION_CONTEXT(2) 
PARAMETRIC_REPRESENTATION_CONTEXT() REPRESENTATION_CONTEXT('2D SPACE',''
  ) );
#9412 = PCURVE('',#1494,#9413);
#9413 = DEFINITIONAL_REPRESENTATION('',(#9414),#9417);
#9414 = B_SPLINE_CURVE_WITH_KNOTS('',1,(#9415,#9416),.UNSPECIFIED.,.F.,
  .F.,(2,2),(-73.8,-4.2),.PIECEWISE_BEZIER_KNOTS.);
#9415 = CARTESIAN_POINT('',(112.8,-37.2));
#9416 = CARTESIAN_POINT('',(43.2,-37.2));
#9417 = ( GEOMETRIC_REPRESENTATION_CONTEXT(2) 
PARAMETRIC_REPRESENTATION_CONTEXT() REPRESENTATION_CONTEXT('2D SPACE',''
  ) );
#9418 = ORIENTED_EDGE('',*,*,#9419,.T.);
#9419 = EDGE_CURVE('',#9399,#7706,#9420,.T.);
#9420 = SURFACE_CURVE('',#9421,(#9425,#9432),.PCURVE_S1.);
#9421 = LINE('',#9422,#9423);
#9422 = CARTESIAN_POINT('',(55.2,33.9,168.));
#9423 = VECTOR('',#9424,1.);
#9424 = DIRECTION('',(0.,0.,1.));
#9425 = PCURVE('',#7720,#9426);
#9426 = DEFINITIONAL_REPRESENTATION('',(#9427),#9431);
#9427 = LINE('',#9428,#9429);
#9428 = CARTESIAN_POINT('',(-34.8,0.));
#9429 = VECTOR('',#9430,1.);
#9430 = DIRECTION('',(0.,-1.));
#9431 = ( GEOMETRIC_REPRESENTATION_CONTEXT(2) 
PARAMETRIC_REPRESENTATION_CONTEXT() REPRESENTATION_CONTEXT('2D SPACE',''
  ) );
#9432 = PCURVE('',#7750,#9433);
#9433 = DEFINITIONAL_REPRESENTATION('',(#9434),#9438);
#9434 = LINE('',#9435,#9436);
#9435 = CARTESIAN_POINT('',(1.570796326795,0.));
#9436 = VECTOR('',#9437,1.);
#9437 = DIRECTION('',(0.,-1.));
#9438 = ( GEOMETRIC_REPRESENTATION_CONTEXT(2) 
PARAMETRIC_REPRESENTATION_CONTEXT() REPRESENTATION_CONTEXT('2D SPACE',''
  ) );
#9439 = ORIENTED_EDGE('',*,*,#7705,.F.);
#9440 = ADVANCED_FACE('',(#9441),#7750,.F.);
#9441 = FACE_BOUND('',#9442,.F.);
#9442 = EDGE_LOOP('',(#9443,#9471,#9472,#9473));
#9443 = ORIENTED_EDGE('',*,*,#9444,.F.);
#9444 = EDGE_CURVE('',#9399,#9445,#9447,.T.);
#9445 = VERTEX_POINT('',#9446);
#9446 = CARTESIAN_POINT('',(55.2,36.3,169.));
#9447 = SURFACE_CURVE('',#9448,(#9453,#9460),.PCURVE_S1.);
#9448 = CIRCLE('',#9449,1.2);
#9449 = AXIS2_PLACEMENT_3D('',#9450,#9451,#9452);
#9450 = CARTESIAN_POINT('',(55.2,35.1,169.));
#9451 = DIRECTION('',(0.,0.,-1.));
#9452 = DIRECTION('',(1.,0.,0.));
#9453 = PCURVE('',#7750,#9454);
#9454 = DEFINITIONAL_REPRESENTATION('',(#9455),#9459);
#9455 = LINE('',#9456,#9457);
#9456 = CARTESIAN_POINT('',(0.,-1.));
#9457 = VECTOR('',#9458,1.);
#9458 = DIRECTION('',(1.,0.));
#9459 = ( GEOMETRIC_REPRESENTATION_CONTEXT(2) 
PARAMETRIC_REPRESENTATION_CONTEXT() REPRESENTATION_CONTEXT('2D SPACE',''
  ) );
#9460 = PCURVE('',#1494,#9461);
#9461 = DEFINITIONAL_REPRESENTATION('',(#9462),#9470);
#9462 = ( BOUNDED_CURVE() B_SPLINE_CURVE(2,(#9463,#9464,#9465,#9466,
#9467,#9468,#9469),.UNSPECIFIED.,.T.,.F.) B_SPLINE_CURVE_WITH_KNOTS((1,2
    ,2,2,2,1),(-2.094395102393,0.,2.094395102393,4.188790204786,
6.28318530718,8.377580409573),.UNSPECIFIED.) CURVE() 
GEOMETRIC_REPRESENTATION_ITEM() RATIONAL_B_SPLINE_CURVE((1.,0.5,1.,0.5,
1.,0.5,1.)) REPRESENTATION_ITEM('') );
#9463 = CARTESIAN_POINT('',(44.4,-36.));
#9464 = CARTESIAN_POINT('',(44.4,-38.07846096908));
#9465 = CARTESIAN_POINT('',(42.6,-37.03923048454));
#9466 = CARTESIAN_POINT('',(40.8,-36.));
#9467 = CARTESIAN_POINT('',(42.6,-34.96076951545));
#9468 = CARTESIAN_POINT('',(44.4,-33.92153903091));
#9469 = CARTESIAN_POINT('',(44.4,-36.));
#9470 = ( GEOMETRIC_REPRESENTATION_CONTEXT(2) 
PARAMETRIC_REPRESENTATION_CONTEXT() REPRESENTATION_CONTEXT('2D SPACE',''
  ) );
#9471 = ORIENTED_EDGE('',*,*,#9419,.T.);
#9472 = ORIENTED_EDGE('',*,*,#7731,.T.);
#9473 = ORIENTED_EDGE('',*,*,#9474,.F.);
#9474 = EDGE_CURVE('',#9445,#7647,#9475,.T.);
#9475 = SURFACE_CURVE('',#9476,(#9480,#9487),.PCURVE_S1.);
#9476 = LINE('',#9477,#9478);
#9477 = CARTESIAN_POINT('',(55.2,36.3,168.));
#9478 = VECTOR('',#9479,1.);
#9479 = DIRECTION('',(0.,0.,1.));
#9480 = PCURVE('',#7750,#9481);
#9481 = DEFINITIONAL_REPRESENTATION('',(#9482),#9486);
#9482 = LINE('',#9483,#9484);
#9483 = CARTESIAN_POINT('',(4.712388980385,0.));
#9484 = VECTOR('',#9485,1.);
#9485 = DIRECTION('',(0.,-1.));
#9486 = ( GEOMETRIC_REPRESENTATION_CONTEXT(2) 
PARAMETRIC_REPRESENTATION_CONTEXT() REPRESENTATION_CONTEXT('2D SPACE',''
  ) );
#9487 = PCURVE('',#7661,#9488);
#9488 = DEFINITIONAL_REPRESENTATION('',(#9489),#9493);
#9489 = LINE('',#9490,#9491);
#9490 = CARTESIAN_POINT('',(0.,0.));
#9491 = VECTOR('',#9492,1.);
#9492 = DIRECTION('',(0.,-1.));
#9493 = ( GEOMETRIC_REPRESENTATION_CONTEXT(2) 
PARAMETRIC_REPRESENTATION_CONTEXT() REPRESENTATION_CONTEXT('2D SPACE',''
  ) );
#9494 = ADVANCED_FACE('',(#9495),#7693,.F.);
#9495 = FACE_BOUND('',#9496,.F.);
#9496 = EDGE_LOOP('',(#9497,#9525,#9546,#9547));
#9497 = ORIENTED_EDGE('',*,*,#9498,.F.);
#9498 = EDGE_CURVE('',#9499,#9376,#9501,.T.);
#9499 = VERTEX_POINT('',#9500);
#9500 = CARTESIAN_POINT('',(124.8,36.3,169.));
#9501 = SURFACE_CURVE('',#9502,(#9507,#9514),.PCURVE_S1.);
#9502 = CIRCLE('',#9503,1.2);
#9503 = AXIS2_PLACEMENT_3D('',#9504,#9505,#9506);
#9504 = CARTESIAN_POINT('',(124.8,35.1,169.));
#9505 = DIRECTION('',(0.,0.,-1.));
#9506 = DIRECTION('',(-1.,0.,0.));
#9507 = PCURVE('',#7693,#9508);
#9508 = DEFINITIONAL_REPRESENTATION('',(#9509),#9513);
#9509 = LINE('',#9510,#9511);
#9510 = CARTESIAN_POINT('',(0.,-1.));
#9511 = VECTOR('',#9512,1.);
#9512 = DIRECTION('',(1.,0.));
#9513 = ( GEOMETRIC_REPRESENTATION_CONTEXT(2) 
PARAMETRIC_REPRESENTATION_CONTEXT() REPRESENTATION_CONTEXT('2D SPACE',''
  ) );
#9514 = PCURVE('',#1494,#9515);
#9515 = DEFINITIONAL_REPRESENTATION('',(#9516),#9524);
#9516 = ( BOUNDED_CURVE() B_SPLINE_CURVE(2,(#9517,#9518,#9519,#9520,
#9521,#9522,#9523),.UNSPECIFIED.,.T.,.F.) B_SPLINE_CURVE_WITH_KNOTS((1,2
    ,2,2,2,1),(-2.094395102393,0.,2.094395102393,4.188790204786,
6.28318530718,8.377580409573),.UNSPECIFIED.) CURVE() 
GEOMETRIC_REPRESENTATION_ITEM() RATIONAL_B_SPLINE_CURVE((1.,0.5,1.,0.5,
1.,0.5,1.)) REPRESENTATION_ITEM('') );
#9517 = CARTESIAN_POINT('',(111.6,-36.));
#9518 = CARTESIAN_POINT('',(111.6,-33.92153903091));
#9519 = CARTESIAN_POINT('',(113.4,-34.96076951545));
#9520 = CARTESIAN_POINT('',(115.2,-36.));
#9521 = CARTESIAN_POINT('',(113.4,-37.03923048454));
#9522 = CARTESIAN_POINT('',(111.6,-38.07846096908));
#9523 = CARTESIAN_POINT('',(111.6,-36.));
#9524 = ( GEOMETRIC_REPRESENTATION_CONTEXT(2) 
PARAMETRIC_REPRESENTATION_CONTEXT() REPRESENTATION_CONTEXT('2D SPACE',''
  ) );
#9525 = ORIENTED_EDGE('',*,*,#9526,.T.);
#9526 = EDGE_CURVE('',#9499,#7645,#9527,.T.);
#9527 = SURFACE_CURVE('',#9528,(#9532,#9539),.PCURVE_S1.);
#9528 = LINE('',#9529,#9530);
#9529 = CARTESIAN_POINT('',(124.8,36.3,168.));
#9530 = VECTOR('',#9531,1.);
#9531 = DIRECTION('',(0.,0.,1.));
#9532 = PCURVE('',#7693,#9533);
#9533 = DEFINITIONAL_REPRESENTATION('',(#9534),#9538);
#9534 = LINE('',#9535,#9536);
#9535 = CARTESIAN_POINT('',(1.570796326795,0.));
#9536 = VECTOR('',#9537,1.);
#9537 = DIRECTION('',(0.,-1.));
#9538 = ( GEOMETRIC_REPRESENTATION_CONTEXT(2) 
PARAMETRIC_REPRESENTATION_CONTEXT() REPRESENTATION_CONTEXT('2D SPACE',''
  ) );
#9539 = PCURVE('',#7661,#9540);
#9540 = DEFINITIONAL_REPRESENTATION('',(#9541),#9545);
#9541 = LINE('',#9542,#9543);
#9542 = CARTESIAN_POINT('',(69.6,0.));
#9543 = VECTOR('',#9544,1.);
#9544 = DIRECTION('',(0.,-1.));
#9545 = ( GEOMETRIC_REPRESENTATION_CONTEXT(2) 
PARAMETRIC_REPRESENTATION_CONTEXT() REPRESENTATION_CONTEXT('2D SPACE',''
  ) );
#9546 = ORIENTED_EDGE('',*,*,#7672,.T.);
#9547 = ORIENTED_EDGE('',*,*,#9375,.F.);
#9548 = ADVANCED_FACE('',(#9549),#7661,.F.);
#9549 = FACE_BOUND('',#9550,.F.);
#9550 = EDGE_LOOP('',(#9551,#9570,#9571,#9572));
#9551 = ORIENTED_EDGE('',*,*,#9552,.T.);
#9552 = EDGE_CURVE('',#9499,#9445,#9553,.T.);
#9553 = SURFACE_CURVE('',#9554,(#9558,#9564),.PCURVE_S1.);
#9554 = LINE('',#9555,#9556);
#9555 = CARTESIAN_POINT('',(33.6,36.3,169.));
#9556 = VECTOR('',#9557,1.);
#9557 = DIRECTION('',(-1.,0.,-0.));
#9558 = PCURVE('',#7661,#9559);
#9559 = DEFINITIONAL_REPRESENTATION('',(#9560),#9563);
#9560 = B_SPLINE_CURVE_WITH_KNOTS('',1,(#9561,#9562),.UNSPECIFIED.,.F.,
  .F.,(2,2),(-91.2,-21.6),.PIECEWISE_BEZIER_KNOTS.);
#9561 = CARTESIAN_POINT('',(69.6,-1.));
#9562 = CARTESIAN_POINT('',(0.,-1.));
#9563 = ( GEOMETRIC_REPRESENTATION_CONTEXT(2) 
PARAMETRIC_REPRESENTATION_CONTEXT() REPRESENTATION_CONTEXT('2D SPACE',''
  ) );
#9564 = PCURVE('',#1494,#9565);
#9565 = DEFINITIONAL_REPRESENTATION('',(#9566),#9569);
#9566 = B_SPLINE_CURVE_WITH_KNOTS('',1,(#9567,#9568),.UNSPECIFIED.,.F.,
  .F.,(2,2),(-91.2,-21.6),.PIECEWISE_BEZIER_KNOTS.);
#9567 = CARTESIAN_POINT('',(112.8,-34.8));
#9568 = CARTESIAN_POINT('',(43.2,-34.8));
#9569 = ( GEOMETRIC_REPRESENTATION_CONTEXT(2) 
PARAMETRIC_REPRESENTATION_CONTEXT() REPRESENTATION_CONTEXT('2D SPACE',''
  ) );
#9570 = ORIENTED_EDGE('',*,*,#9474,.T.);
#9571 = ORIENTED_EDGE('',*,*,#7644,.F.);
#9572 = ORIENTED_EDGE('',*,*,#9526,.F.);
#9573 = ADVANCED_FACE('',(#9574),#7573,.F.);
#9574 = FACE_BOUND('',#9575,.F.);
#9575 = EDGE_LOOP('',(#9576,#9606,#9627,#9628));
#9576 = ORIENTED_EDGE('',*,*,#9577,.F.);
#9577 = EDGE_CURVE('',#9578,#9580,#9582,.T.);
#9578 = VERTEX_POINT('',#9579);
#9579 = CARTESIAN_POINT('',(124.8,31.3,169.));
#9580 = VERTEX_POINT('',#9581);
#9581 = CARTESIAN_POINT('',(124.8,28.9,169.));
#9582 = SURFACE_CURVE('',#9583,(#9588,#9595),.PCURVE_S1.);
#9583 = CIRCLE('',#9584,1.2);
#9584 = AXIS2_PLACEMENT_3D('',#9585,#9586,#9587);
#9585 = CARTESIAN_POINT('',(124.8,30.1,169.));
#9586 = DIRECTION('',(0.,0.,-1.));
#9587 = DIRECTION('',(-1.,0.,0.));
#9588 = PCURVE('',#7573,#9589);
#9589 = DEFINITIONAL_REPRESENTATION('',(#9590),#9594);
#9590 = LINE('',#9591,#9592);
#9591 = CARTESIAN_POINT('',(0.,-1.));
#9592 = VECTOR('',#9593,1.);
#9593 = DIRECTION('',(1.,0.));
#9594 = ( GEOMETRIC_REPRESENTATION_CONTEXT(2) 
PARAMETRIC_REPRESENTATION_CONTEXT() REPRESENTATION_CONTEXT('2D SPACE',''
  ) );
#9595 = PCURVE('',#1494,#9596);
#9596 = DEFINITIONAL_REPRESENTATION('',(#9597),#9605);
#9597 = ( BOUNDED_CURVE() B_SPLINE_CURVE(2,(#9598,#9599,#9600,#9601,
#9602,#9603,#9604),.UNSPECIFIED.,.T.,.F.) B_SPLINE_CURVE_WITH_KNOTS((1,2
    ,2,2,2,1),(-2.094395102393,0.,2.094395102393,4.188790204786,
6.28318530718,8.377580409573),.UNSPECIFIED.) CURVE() 
GEOMETRIC_REPRESENTATION_ITEM() RATIONAL_B_SPLINE_CURVE((1.,0.5,1.,0.5,
1.,0.5,1.)) REPRESENTATION_ITEM('') );
#9598 = CARTESIAN_POINT('',(111.6,-41.));
#9599 = CARTESIAN_POINT('',(111.6,-38.92153903091));
#9600 = CARTESIAN_POINT('',(113.4,-39.96076951545));
#9601 = CARTESIAN_POINT('',(115.2,-41.));
#9602 = CARTESIAN_POINT('',(113.4,-42.03923048454));
#9603 = CARTESIAN_POINT('',(111.6,-43.07846096908));
#9604 = CARTESIAN_POINT('',(111.6,-41.));
#9605 = ( GEOMETRIC_REPRESENTATION_CONTEXT(2) 
PARAMETRIC_REPRESENTATION_CONTEXT() REPRESENTATION_CONTEXT('2D SPACE',''
  ) );
#9606 = ORIENTED_EDGE('',*,*,#9607,.T.);
#9607 = EDGE_CURVE('',#9578,#7525,#9608,.T.);
#9608 = SURFACE_CURVE('',#9609,(#9613,#9620),.PCURVE_S1.);
#9609 = LINE('',#9610,#9611);
#9610 = CARTESIAN_POINT('',(124.8,31.3,168.));
#9611 = VECTOR('',#9612,1.);
#9612 = DIRECTION('',(0.,0.,1.));
#9613 = PCURVE('',#7573,#9614);
#9614 = DEFINITIONAL_REPRESENTATION('',(#9615),#9619);
#9615 = LINE('',#9616,#9617);
#9616 = CARTESIAN_POINT('',(1.570796326795,0.));
#9617 = VECTOR('',#9618,1.);
#9618 = DIRECTION('',(0.,-1.));
#9619 = ( GEOMETRIC_REPRESENTATION_CONTEXT(2) 
PARAMETRIC_REPRESENTATION_CONTEXT() REPRESENTATION_CONTEXT('2D SPACE',''
  ) );
#9620 = PCURVE('',#7541,#9621);
#9621 = DEFINITIONAL_REPRESENTATION('',(#9622),#9626);
#9622 = LINE('',#9623,#9624);
#9623 = CARTESIAN_POINT('',(69.6,0.));
#9624 = VECTOR('',#9625,1.);
#9625 = DIRECTION('',(0.,-1.));
#9626 = ( GEOMETRIC_REPRESENTATION_CONTEXT(2) 
PARAMETRIC_REPRESENTATION_CONTEXT() REPRESENTATION_CONTEXT('2D SPACE',''
  ) );
#9627 = ORIENTED_EDGE('',*,*,#7552,.T.);
#9628 = ORIENTED_EDGE('',*,*,#9629,.F.);
#9629 = EDGE_CURVE('',#9580,#7553,#9630,.T.);
#9630 = SURFACE_CURVE('',#9631,(#9635,#9642),.PCURVE_S1.);
#9631 = LINE('',#9632,#9633);
#9632 = CARTESIAN_POINT('',(124.8,28.9,168.));
#9633 = VECTOR('',#9634,1.);
#9634 = DIRECTION('',(0.,0.,1.));
#9635 = PCURVE('',#7573,#9636);
#9636 = DEFINITIONAL_REPRESENTATION('',(#9637),#9641);
#9637 = LINE('',#9638,#9639);
#9638 = CARTESIAN_POINT('',(4.712388980385,0.));
#9639 = VECTOR('',#9640,1.);
#9640 = DIRECTION('',(0.,-1.));
#9641 = ( GEOMETRIC_REPRESENTATION_CONTEXT(2) 
PARAMETRIC_REPRESENTATION_CONTEXT() REPRESENTATION_CONTEXT('2D SPACE',''
  ) );
#9642 = PCURVE('',#7600,#9643);
#9643 = DEFINITIONAL_REPRESENTATION('',(#9644),#9648);
#9644 = LINE('',#9645,#9646);
#9645 = CARTESIAN_POINT('',(34.8,0.));
#9646 = VECTOR('',#9647,1.);
#9647 = DIRECTION('',(0.,-1.));
#9648 = ( GEOMETRIC_REPRESENTATION_CONTEXT(2) 
PARAMETRIC_REPRESENTATION_CONTEXT() REPRESENTATION_CONTEXT('2D SPACE',''
  ) );
#9649 = ADVANCED_FACE('',(#9650),#7600,.T.);
#9650 = FACE_BOUND('',#9651,.T.);
#9651 = EDGE_LOOP('',(#9652,#9653,#9674,#9695));
#9652 = ORIENTED_EDGE('',*,*,#9629,.F.);
#9653 = ORIENTED_EDGE('',*,*,#9654,.T.);
#9654 = EDGE_CURVE('',#9580,#9655,#9657,.T.);
#9655 = VERTEX_POINT('',#9656);
#9656 = CARTESIAN_POINT('',(55.2,28.9,169.));
#9657 = SURFACE_CURVE('',#9658,(#9662,#9668),.PCURVE_S1.);
#9658 = LINE('',#9659,#9660);
#9659 = CARTESIAN_POINT('',(51.,28.9,169.));
#9660 = VECTOR('',#9661,1.);
#9661 = DIRECTION('',(-1.,0.,-0.));
#9662 = PCURVE('',#7600,#9663);
#9663 = DEFINITIONAL_REPRESENTATION('',(#9664),#9667);
#9664 = B_SPLINE_CURVE_WITH_KNOTS('',1,(#9665,#9666),.UNSPECIFIED.,.F.,
  .F.,(2,2),(-73.8,-4.2),.PIECEWISE_BEZIER_KNOTS.);
#9665 = CARTESIAN_POINT('',(34.8,-1.));
#9666 = CARTESIAN_POINT('',(-34.8,-1.));
#9667 = ( GEOMETRIC_REPRESENTATION_CONTEXT(2) 
PARAMETRIC_REPRESENTATION_CONTEXT() REPRESENTATION_CONTEXT('2D SPACE',''
  ) );
#9668 = PCURVE('',#1494,#9669);
#9669 = DEFINITIONAL_REPRESENTATION('',(#9670),#9673);
#9670 = B_SPLINE_CURVE_WITH_KNOTS('',1,(#9671,#9672),.UNSPECIFIED.,.F.,
  .F.,(2,2),(-73.8,-4.2),.PIECEWISE_BEZIER_KNOTS.);
#9671 = CARTESIAN_POINT('',(112.8,-42.2));
#9672 = CARTESIAN_POINT('',(43.2,-42.2));
#9673 = ( GEOMETRIC_REPRESENTATION_CONTEXT(2) 
PARAMETRIC_REPRESENTATION_CONTEXT() REPRESENTATION_CONTEXT('2D SPACE',''
  ) );
#9674 = ORIENTED_EDGE('',*,*,#9675,.T.);
#9675 = EDGE_CURVE('',#9655,#7586,#9676,.T.);
#9676 = SURFACE_CURVE('',#9677,(#9681,#9688),.PCURVE_S1.);
#9677 = LINE('',#9678,#9679);
#9678 = CARTESIAN_POINT('',(55.2,28.9,168.));
#9679 = VECTOR('',#9680,1.);
#9680 = DIRECTION('',(0.,0.,1.));
#9681 = PCURVE('',#7600,#9682);
#9682 = DEFINITIONAL_REPRESENTATION('',(#9683),#9687);
#9683 = LINE('',#9684,#9685);
#9684 = CARTESIAN_POINT('',(-34.8,0.));
#9685 = VECTOR('',#9686,1.);
#9686 = DIRECTION('',(0.,-1.));
#9687 = ( GEOMETRIC_REPRESENTATION_CONTEXT(2) 
PARAMETRIC_REPRESENTATION_CONTEXT() REPRESENTATION_CONTEXT('2D SPACE',''
  ) );
#9688 = PCURVE('',#7630,#9689);
#9689 = DEFINITIONAL_REPRESENTATION('',(#9690),#9694);
#9690 = LINE('',#9691,#9692);
#9691 = CARTESIAN_POINT('',(1.570796326795,0.));
#9692 = VECTOR('',#9693,1.);
#9693 = DIRECTION('',(0.,-1.));
#9694 = ( GEOMETRIC_REPRESENTATION_CONTEXT(2) 
PARAMETRIC_REPRESENTATION_CONTEXT() REPRESENTATION_CONTEXT('2D SPACE',''
  ) );
#9695 = ORIENTED_EDGE('',*,*,#7585,.F.);
#9696 = ADVANCED_FACE('',(#9697),#7630,.F.);
#9697 = FACE_BOUND('',#9698,.F.);
#9698 = EDGE_LOOP('',(#9699,#9727,#9728,#9729));
#9699 = ORIENTED_EDGE('',*,*,#9700,.F.);
#9700 = EDGE_CURVE('',#9655,#9701,#9703,.T.);
#9701 = VERTEX_POINT('',#9702);
#9702 = CARTESIAN_POINT('',(55.2,31.3,169.));
#9703 = SURFACE_CURVE('',#9704,(#9709,#9716),.PCURVE_S1.);
#9704 = CIRCLE('',#9705,1.2);
#9705 = AXIS2_PLACEMENT_3D('',#9706,#9707,#9708);
#9706 = CARTESIAN_POINT('',(55.2,30.1,169.));
#9707 = DIRECTION('',(0.,0.,-1.));
#9708 = DIRECTION('',(1.,0.,0.));
#9709 = PCURVE('',#7630,#9710);
#9710 = DEFINITIONAL_REPRESENTATION('',(#9711),#9715);
#9711 = LINE('',#9712,#9713);
#9712 = CARTESIAN_POINT('',(0.,-1.));
#9713 = VECTOR('',#9714,1.);
#9714 = DIRECTION('',(1.,0.));
#9715 = ( GEOMETRIC_REPRESENTATION_CONTEXT(2) 
PARAMETRIC_REPRESENTATION_CONTEXT() REPRESENTATION_CONTEXT('2D SPACE',''
  ) );
#9716 = PCURVE('',#1494,#9717);
#9717 = DEFINITIONAL_REPRESENTATION('',(#9718),#9726);
#9718 = ( BOUNDED_CURVE() B_SPLINE_CURVE(2,(#9719,#9720,#9721,#9722,
#9723,#9724,#9725),.UNSPECIFIED.,.T.,.F.) B_SPLINE_CURVE_WITH_KNOTS((1,2
    ,2,2,2,1),(-2.094395102393,0.,2.094395102393,4.188790204786,
6.28318530718,8.377580409573),.UNSPECIFIED.) CURVE() 
GEOMETRIC_REPRESENTATION_ITEM() RATIONAL_B_SPLINE_CURVE((1.,0.5,1.,0.5,
1.,0.5,1.)) REPRESENTATION_ITEM('') );
#9719 = CARTESIAN_POINT('',(44.4,-41.));
#9720 = CARTESIAN_POINT('',(44.4,-43.07846096908));
#9721 = CARTESIAN_POINT('',(42.6,-42.03923048454));
#9722 = CARTESIAN_POINT('',(40.8,-41.));
#9723 = CARTESIAN_POINT('',(42.6,-39.96076951545));
#9724 = CARTESIAN_POINT('',(44.4,-38.92153903091));
#9725 = CARTESIAN_POINT('',(44.4,-41.));
#9726 = ( GEOMETRIC_REPRESENTATION_CONTEXT(2) 
PARAMETRIC_REPRESENTATION_CONTEXT() REPRESENTATION_CONTEXT('2D SPACE',''
  ) );
#9727 = ORIENTED_EDGE('',*,*,#9675,.T.);
#9728 = ORIENTED_EDGE('',*,*,#7611,.T.);
#9729 = ORIENTED_EDGE('',*,*,#9730,.F.);
#9730 = EDGE_CURVE('',#9701,#7527,#9731,.T.);
#9731 = SURFACE_CURVE('',#9732,(#9736,#9743),.PCURVE_S1.);
#9732 = LINE('',#9733,#9734);
#9733 = CARTESIAN_POINT('',(55.2,31.3,168.));
#9734 = VECTOR('',#9735,1.);
#9735 = DIRECTION('',(0.,0.,1.));
#9736 = PCURVE('',#7630,#9737);
#9737 = DEFINITIONAL_REPRESENTATION('',(#9738),#9742);
#9738 = LINE('',#9739,#9740);
#9739 = CARTESIAN_POINT('',(4.712388980385,0.));
#9740 = VECTOR('',#9741,1.);
#9741 = DIRECTION('',(0.,-1.));
#9742 = ( GEOMETRIC_REPRESENTATION_CONTEXT(2) 
PARAMETRIC_REPRESENTATION_CONTEXT() REPRESENTATION_CONTEXT('2D SPACE',''
  ) );
#9743 = PCURVE('',#7541,#9744);
#9744 = DEFINITIONAL_REPRESENTATION('',(#9745),#9749);
#9745 = LINE('',#9746,#9747);
#9746 = CARTESIAN_POINT('',(0.,0.));
#9747 = VECTOR('',#9748,1.);
#9748 = DIRECTION('',(0.,-1.));
#9749 = ( GEOMETRIC_REPRESENTATION_CONTEXT(2) 
PARAMETRIC_REPRESENTATION_CONTEXT() REPRESENTATION_CONTEXT('2D SPACE',''
  ) );
#9750 = ADVANCED_FACE('',(#9751),#7541,.F.);
#9751 = FACE_BOUND('',#9752,.F.);
#9752 = EDGE_LOOP('',(#9753,#9772,#9773,#9774));
#9753 = ORIENTED_EDGE('',*,*,#9754,.T.);
#9754 = EDGE_CURVE('',#9578,#9701,#9755,.T.);
#9755 = SURFACE_CURVE('',#9756,(#9760,#9766),.PCURVE_S1.);
#9756 = LINE('',#9757,#9758);
#9757 = CARTESIAN_POINT('',(33.6,31.3,169.));
#9758 = VECTOR('',#9759,1.);
#9759 = DIRECTION('',(-1.,0.,-0.));
#9760 = PCURVE('',#7541,#9761);
#9761 = DEFINITIONAL_REPRESENTATION('',(#9762),#9765);
#9762 = B_SPLINE_CURVE_WITH_KNOTS('',1,(#9763,#9764),.UNSPECIFIED.,.F.,
  .F.,(2,2),(-91.2,-21.6),.PIECEWISE_BEZIER_KNOTS.);
#9763 = CARTESIAN_POINT('',(69.6,-1.));
#9764 = CARTESIAN_POINT('',(0.,-1.));
#9765 = ( GEOMETRIC_REPRESENTATION_CONTEXT(2) 
PARAMETRIC_REPRESENTATION_CONTEXT() REPRESENTATION_CONTEXT('2D SPACE',''
  ) );
#9766 = PCURVE('',#1494,#9767);
#9767 = DEFINITIONAL_REPRESENTATION('',(#9768),#9771);
#9768 = B_SPLINE_CURVE_WITH_KNOTS('',1,(#9769,#9770),.UNSPECIFIED.,.F.,
  .F.,(2,2),(-91.2,-21.6),.PIECEWISE_BEZIER_KNOTS.);
#9769 = CARTESIAN_POINT('',(112.8,-39.8));
#9770 = CARTESIAN_POINT('',(43.2,-39.8));
#9771 = ( GEOMETRIC_REPRESENTATION_CONTEXT(2) 
PARAMETRIC_REPRESENTATION_CONTEXT() REPRESENTATION_CONTEXT('2D SPACE',''
  ) );
#9772 = ORIENTED_EDGE('',*,*,#9730,.T.);
#9773 = ORIENTED_EDGE('',*,*,#7524,.F.);
#9774 = ORIENTED_EDGE('',*,*,#9607,.F.);
#9775 = ADVANCED_FACE('',(#9776),#7510,.T.);
#9776 = FACE_BOUND('',#9777,.F.);
#9777 = EDGE_LOOP('',(#9778,#9805,#9828,#9848));
#9778 = ORIENTED_EDGE('',*,*,#9779,.T.);
#9779 = EDGE_CURVE('',#7450,#9780,#9782,.T.);
#9780 = VERTEX_POINT('',#9781);
#9781 = CARTESIAN_POINT('',(12.,70.1,170.3));
#9782 = SURFACE_CURVE('',#9783,(#9788,#9794),.PCURVE_S1.);
#9783 = CIRCLE('',#9784,1.2);
#9784 = AXIS2_PLACEMENT_3D('',#9785,#9786,#9787);
#9785 = CARTESIAN_POINT('',(12.,68.9,170.3));
#9786 = DIRECTION('',(-1.,0.,-6.123233995737E-17));
#9787 = DIRECTION('',(-6.123233995737E-17,0.,1.));
#9788 = PCURVE('',#7510,#9789);
#9789 = DEFINITIONAL_REPRESENTATION('',(#9790),#9793);
#9790 = B_SPLINE_CURVE_WITH_KNOTS('',1,(#9791,#9792),.UNSPECIFIED.,.F.,
  .F.,(2,2),(0.,1.570796326795),.PIECEWISE_BEZIER_KNOTS.);
#9791 = CARTESIAN_POINT('',(0.,0.));
#9792 = CARTESIAN_POINT('',(-1.570796326795,0.));
#9793 = ( GEOMETRIC_REPRESENTATION_CONTEXT(2) 
PARAMETRIC_REPRESENTATION_CONTEXT() REPRESENTATION_CONTEXT('2D SPACE',''
  ) );
#9794 = PCURVE('',#9795,#9800);
#9795 = TOROIDAL_SURFACE('',#9796,10.8,1.2);
#9796 = AXIS2_PLACEMENT_3D('',#9797,#9798,#9799);
#9797 = CARTESIAN_POINT('',(12.,68.9,159.5));
#9798 = DIRECTION('',(-0.,1.,-0.));
#9799 = DIRECTION('',(-1.,0.,0.));
#9800 = DEFINITIONAL_REPRESENTATION('',(#9801),#9804);
#9801 = B_SPLINE_CURVE_WITH_KNOTS('',1,(#9802,#9803),.UNSPECIFIED.,.F.,
  .F.,(2,2),(0.,1.570796326795),.PIECEWISE_BEZIER_KNOTS.);
#9802 = CARTESIAN_POINT('',(1.570796326795,0.));
#9803 = CARTESIAN_POINT('',(1.570796326795,1.570796326795));
#9804 = ( GEOMETRIC_REPRESENTATION_CONTEXT(2) 
PARAMETRIC_REPRESENTATION_CONTEXT() REPRESENTATION_CONTEXT('2D SPACE',''
  ) );
#9805 = ORIENTED_EDGE('',*,*,#9806,.T.);
#9806 = EDGE_CURVE('',#9780,#9807,#9809,.T.);
#9807 = VERTEX_POINT('',#9808);
#9808 = CARTESIAN_POINT('',(168.,70.1,170.3));
#9809 = SURFACE_CURVE('',#9810,(#9814,#9821),.PCURVE_S1.);
#9810 = LINE('',#9811,#9812);
#9811 = CARTESIAN_POINT('',(12.,70.1,170.3));
#9812 = VECTOR('',#9813,1.);
#9813 = DIRECTION('',(1.,0.,0.));
#9814 = PCURVE('',#7510,#9815);
#9815 = DEFINITIONAL_REPRESENTATION('',(#9816),#9820);
#9816 = LINE('',#9817,#9818);
#9817 = CARTESIAN_POINT('',(-1.570796326795,0.));
#9818 = VECTOR('',#9819,1.);
#9819 = DIRECTION('',(-0.,1.));
#9820 = ( GEOMETRIC_REPRESENTATION_CONTEXT(2) 
PARAMETRIC_REPRESENTATION_CONTEXT() REPRESENTATION_CONTEXT('2D SPACE',''
  ) );
#9821 = PCURVE('',#795,#9822);
#9822 = DEFINITIONAL_REPRESENTATION('',(#9823),#9827);
#9823 = LINE('',#9824,#9825);
#9824 = CARTESIAN_POINT('',(-78.,84.55));
#9825 = VECTOR('',#9826,1.);
#9826 = DIRECTION('',(1.,0.));
#9827 = ( GEOMETRIC_REPRESENTATION_CONTEXT(2) 
PARAMETRIC_REPRESENTATION_CONTEXT() REPRESENTATION_CONTEXT('2D SPACE',''
  ) );
#9828 = ORIENTED_EDGE('',*,*,#9829,.F.);
#9829 = EDGE_CURVE('',#7367,#9807,#9830,.T.);
#9830 = SURFACE_CURVE('',#9831,(#9836,#9842),.PCURVE_S1.);
#9831 = CIRCLE('',#9832,1.2);
#9832 = AXIS2_PLACEMENT_3D('',#9833,#9834,#9835);
#9833 = CARTESIAN_POINT('',(168.,68.9,170.3));
#9834 = DIRECTION('',(-1.,0.,-0.));
#9835 = DIRECTION('',(-0.,0.,1.));
#9836 = PCURVE('',#7510,#9837);
#9837 = DEFINITIONAL_REPRESENTATION('',(#9838),#9841);
#9838 = B_SPLINE_CURVE_WITH_KNOTS('',1,(#9839,#9840),.UNSPECIFIED.,.F.,
  .F.,(2,2),(0.,1.570796326795),.PIECEWISE_BEZIER_KNOTS.);
#9839 = CARTESIAN_POINT('',(0.,156.));
#9840 = CARTESIAN_POINT('',(-1.570796326795,156.));
#9841 = ( GEOMETRIC_REPRESENTATION_CONTEXT(2) 
PARAMETRIC_REPRESENTATION_CONTEXT() REPRESENTATION_CONTEXT('2D SPACE',''
  ) );
#9842 = PCURVE('',#7383,#9843);
#9843 = DEFINITIONAL_REPRESENTATION('',(#9844),#9847);
#9844 = B_SPLINE_CURVE_WITH_KNOTS('',1,(#9845,#9846),.UNSPECIFIED.,.F.,
  .F.,(2,2),(0.,1.570796326795),.PIECEWISE_BEZIER_KNOTS.);
#9845 = CARTESIAN_POINT('',(0.,0.));
#9846 = CARTESIAN_POINT('',(0.,1.570796326795));
#9847 = ( GEOMETRIC_REPRESENTATION_CONTEXT(2) 
PARAMETRIC_REPRESENTATION_CONTEXT() REPRESENTATION_CONTEXT('2D SPACE',''
  ) );
#9848 = ORIENTED_EDGE('',*,*,#7496,.F.);
#9849 = ADVANCED_FACE('',(#9850),#9795,.T.);
#9850 = FACE_BOUND('',#9851,.T.);
#9851 = EDGE_LOOP('',(#9852,#9874,#9896,#9897));
#9852 = ORIENTED_EDGE('',*,*,#9853,.F.);
#9853 = EDGE_CURVE('',#85,#9854,#9856,.T.);
#9854 = VERTEX_POINT('',#9855);
#9855 = CARTESIAN_POINT('',(1.2,70.1,159.5));
#9856 = SURFACE_CURVE('',#9857,(#9862,#9868),.PCURVE_S1.);
#9857 = CIRCLE('',#9858,1.2);
#9858 = AXIS2_PLACEMENT_3D('',#9859,#9860,#9861);
#9859 = CARTESIAN_POINT('',(1.2,68.9,159.5));
#9860 = DIRECTION('',(-0.,0.,-1.));
#9861 = DIRECTION('',(-1.,0.,0.));
#9862 = PCURVE('',#9795,#9863);
#9863 = DEFINITIONAL_REPRESENTATION('',(#9864),#9867);
#9864 = B_SPLINE_CURVE_WITH_KNOTS('',1,(#9865,#9866),.UNSPECIFIED.,.F.,
  .F.,(2,2),(0.,1.570796326795),.PIECEWISE_BEZIER_KNOTS.);
#9865 = CARTESIAN_POINT('',(0.,0.));
#9866 = CARTESIAN_POINT('',(0.,1.570796326795));
#9867 = ( GEOMETRIC_REPRESENTATION_CONTEXT(2) 
PARAMETRIC_REPRESENTATION_CONTEXT() REPRESENTATION_CONTEXT('2D SPACE',''
  ) );
#9868 = PCURVE('',#126,#9869);
#9869 = DEFINITIONAL_REPRESENTATION('',(#9870),#9873);
#9870 = B_SPLINE_CURVE_WITH_KNOTS('',1,(#9871,#9872),.UNSPECIFIED.,.F.,
  .F.,(2,2),(0.,1.570796326795),.PIECEWISE_BEZIER_KNOTS.);
#9871 = CARTESIAN_POINT('',(0.,147.5));
#9872 = CARTESIAN_POINT('',(-1.570796326795,147.5));
#9873 = ( GEOMETRIC_REPRESENTATION_CONTEXT(2) 
PARAMETRIC_REPRESENTATION_CONTEXT() REPRESENTATION_CONTEXT('2D SPACE',''
  ) );
#9874 = ORIENTED_EDGE('',*,*,#9875,.F.);
#9875 = EDGE_CURVE('',#7450,#85,#9876,.T.);
#9876 = SURFACE_CURVE('',#9877,(#9882,#9889),.PCURVE_S1.);
#9877 = CIRCLE('',#9878,12.);
#9878 = AXIS2_PLACEMENT_3D('',#9879,#9880,#9881);
#9879 = CARTESIAN_POINT('',(12.,68.9,159.5));
#9880 = DIRECTION('',(0.,-1.,0.));
#9881 = DIRECTION('',(0.,0.,1.));
#9882 = PCURVE('',#9795,#9883);
#9883 = DEFINITIONAL_REPRESENTATION('',(#9884),#9888);
#9884 = LINE('',#9885,#9886);
#9885 = CARTESIAN_POINT('',(1.570796326795,0.));
#9886 = VECTOR('',#9887,1.);
#9887 = DIRECTION('',(-1.,-0.));
#9888 = ( GEOMETRIC_REPRESENTATION_CONTEXT(2) 
PARAMETRIC_REPRESENTATION_CONTEXT() REPRESENTATION_CONTEXT('2D SPACE',''
  ) );
#9889 = PCURVE('',#100,#9890);
#9890 = DEFINITIONAL_REPRESENTATION('',(#9891),#9895);
#9891 = LINE('',#9892,#9893);
#9892 = CARTESIAN_POINT('',(1.570796326795,-1.2));
#9893 = VECTOR('',#9894,1.);
#9894 = DIRECTION('',(-1.,-0.));
#9895 = ( GEOMETRIC_REPRESENTATION_CONTEXT(2) 
PARAMETRIC_REPRESENTATION_CONTEXT() REPRESENTATION_CONTEXT('2D SPACE',''
  ) );
#9896 = ORIENTED_EDGE('',*,*,#9779,.T.);
#9897 = ORIENTED_EDGE('',*,*,#9898,.F.);
#9898 = EDGE_CURVE('',#9854,#9780,#9899,.T.);
#9899 = SURFACE_CURVE('',#9900,(#9905,#9912),.PCURVE_S1.);
#9900 = CIRCLE('',#9901,10.8);
#9901 = AXIS2_PLACEMENT_3D('',#9902,#9903,#9904);
#9902 = CARTESIAN_POINT('',(12.,70.1,159.5));
#9903 = DIRECTION('',(0.,1.,0.));
#9904 = DIRECTION('',(-1.,0.,0.));
#9905 = PCURVE('',#9795,#9906);
#9906 = DEFINITIONAL_REPRESENTATION('',(#9907),#9911);
#9907 = LINE('',#9908,#9909);
#9908 = CARTESIAN_POINT('',(0.,1.570796326795));
#9909 = VECTOR('',#9910,1.);
#9910 = DIRECTION('',(1.,0.));
#9911 = ( GEOMETRIC_REPRESENTATION_CONTEXT(2) 
PARAMETRIC_REPRESENTATION_CONTEXT() REPRESENTATION_CONTEXT('2D SPACE',''
  ) );
#9912 = PCURVE('',#795,#9913);
#9913 = DEFINITIONAL_REPRESENTATION('',(#9914),#9922);
#9914 = ( BOUNDED_CURVE() B_SPLINE_CURVE(2,(#9915,#9916,#9917,#9918,
#9919,#9920,#9921),.UNSPECIFIED.,.T.,.F.) B_SPLINE_CURVE_WITH_KNOTS((1,2
    ,2,2,2,1),(-2.094395102393,0.,2.094395102393,4.188790204786,
6.28318530718,8.377580409573),.UNSPECIFIED.) CURVE() 
GEOMETRIC_REPRESENTATION_ITEM() RATIONAL_B_SPLINE_CURVE((1.,0.5,1.,0.5,
1.,0.5,1.)) REPRESENTATION_ITEM('') );
#9915 = CARTESIAN_POINT('',(-88.8,73.75));
#9916 = CARTESIAN_POINT('',(-88.8,92.456148721744));
#9917 = CARTESIAN_POINT('',(-72.6,83.103074360872));
#9918 = CARTESIAN_POINT('',(-56.4,73.75));
#9919 = CARTESIAN_POINT('',(-72.6,64.396925639128));
#9920 = CARTESIAN_POINT('',(-88.8,55.043851278256));
#9921 = CARTESIAN_POINT('',(-88.8,73.75));
#9922 = ( GEOMETRIC_REPRESENTATION_CONTEXT(2) 
PARAMETRIC_REPRESENTATION_CONTEXT() REPRESENTATION_CONTEXT('2D SPACE',''
  ) );
#9923 = ADVANCED_FACE('',(#9924),#7383,.T.);
#9924 = FACE_BOUND('',#9925,.T.);
#9925 = EDGE_LOOP('',(#9926,#9927,#9928,#9950));
#9926 = ORIENTED_EDGE('',*,*,#9829,.F.);
#9927 = ORIENTED_EDGE('',*,*,#7366,.T.);
#9928 = ORIENTED_EDGE('',*,*,#9929,.T.);
#9929 = EDGE_CURVE('',#5074,#9930,#9932,.T.);
#9930 = VERTEX_POINT('',#9931);
#9931 = CARTESIAN_POINT('',(178.8,70.1,159.5));
#9932 = SURFACE_CURVE('',#9933,(#9938,#9944),.PCURVE_S1.);
#9933 = CIRCLE('',#9934,1.2);
#9934 = AXIS2_PLACEMENT_3D('',#9935,#9936,#9937);
#9935 = CARTESIAN_POINT('',(178.8,68.9,159.5));
#9936 = DIRECTION('',(-6.123233995737E-17,0.,1.));
#9937 = DIRECTION('',(1.,0.,6.123233995737E-17));
#9938 = PCURVE('',#7383,#9939);
#9939 = DEFINITIONAL_REPRESENTATION('',(#9940),#9943);
#9940 = B_SPLINE_CURVE_WITH_KNOTS('',1,(#9941,#9942),.UNSPECIFIED.,.F.,
  .F.,(2,2),(0.,1.570796326795),.PIECEWISE_BEZIER_KNOTS.);
#9941 = CARTESIAN_POINT('',(1.570796326795,0.));
#9942 = CARTESIAN_POINT('',(1.570796326795,1.570796326795));
#9943 = ( GEOMETRIC_REPRESENTATION_CONTEXT(2) 
PARAMETRIC_REPRESENTATION_CONTEXT() REPRESENTATION_CONTEXT('2D SPACE',''
  ) );
#9944 = PCURVE('',#5115,#9945);
#9945 = DEFINITIONAL_REPRESENTATION('',(#9946),#9949);
#9946 = B_SPLINE_CURVE_WITH_KNOTS('',1,(#9947,#9948),.UNSPECIFIED.,.F.,
  .F.,(2,2),(0.,1.570796326795),.PIECEWISE_BEZIER_KNOTS.);
#9947 = CARTESIAN_POINT('',(0.,0.));
#9948 = CARTESIAN_POINT('',(-1.570796326795,0.));
#9949 = ( GEOMETRIC_REPRESENTATION_CONTEXT(2) 
PARAMETRIC_REPRESENTATION_CONTEXT() REPRESENTATION_CONTEXT('2D SPACE',''
  ) );
#9950 = ORIENTED_EDGE('',*,*,#9951,.F.);
#9951 = EDGE_CURVE('',#9807,#9930,#9952,.T.);
#9952 = SURFACE_CURVE('',#9953,(#9958,#9965),.PCURVE_S1.);
#9953 = CIRCLE('',#9954,10.8);
#9954 = AXIS2_PLACEMENT_3D('',#9955,#9956,#9957);
#9955 = CARTESIAN_POINT('',(168.,70.1,159.5));
#9956 = DIRECTION('',(0.,1.,0.));
#9957 = DIRECTION('',(0.,-0.,1.));
#9958 = PCURVE('',#7383,#9959);
#9959 = DEFINITIONAL_REPRESENTATION('',(#9960),#9964);
#9960 = LINE('',#9961,#9962);
#9961 = CARTESIAN_POINT('',(0.,1.570796326795));
#9962 = VECTOR('',#9963,1.);
#9963 = DIRECTION('',(1.,0.));
#9964 = ( GEOMETRIC_REPRESENTATION_CONTEXT(2) 
PARAMETRIC_REPRESENTATION_CONTEXT() REPRESENTATION_CONTEXT('2D SPACE',''
  ) );
#9965 = PCURVE('',#795,#9966);
#9966 = DEFINITIONAL_REPRESENTATION('',(#9967),#9975);
#9967 = ( BOUNDED_CURVE() B_SPLINE_CURVE(2,(#9968,#9969,#9970,#9971,
#9972,#9973,#9974),.UNSPECIFIED.,.T.,.F.) B_SPLINE_CURVE_WITH_KNOTS((1,2
    ,2,2,2,1),(-2.094395102393,0.,2.094395102393,4.188790204786,
6.28318530718,8.377580409573),.UNSPECIFIED.) CURVE() 
GEOMETRIC_REPRESENTATION_ITEM() RATIONAL_B_SPLINE_CURVE((1.,0.5,1.,0.5,
1.,0.5,1.)) REPRESENTATION_ITEM('') );
#9968 = CARTESIAN_POINT('',(78.,84.55));
#9969 = CARTESIAN_POINT('',(96.706148721744,84.55));
#9970 = CARTESIAN_POINT('',(87.353074360872,68.35));
#9971 = CARTESIAN_POINT('',(78.,52.15));
#9972 = CARTESIAN_POINT('',(68.646925639128,68.35));
#9973 = CARTESIAN_POINT('',(59.293851278256,84.55));
#9974 = CARTESIAN_POINT('',(78.,84.55));
#9975 = ( GEOMETRIC_REPRESENTATION_CONTEXT(2) 
PARAMETRIC_REPRESENTATION_CONTEXT() REPRESENTATION_CONTEXT('2D SPACE',''
  ) );
#9976 = ADVANCED_FACE('',(#9977),#5115,.T.);
#9977 = FACE_BOUND('',#9978,.F.);
#9978 = EDGE_LOOP('',(#9979,#9980,#10003,#10028));
#9979 = ORIENTED_EDGE('',*,*,#9929,.T.);
#9980 = ORIENTED_EDGE('',*,*,#9981,.T.);
#9981 = EDGE_CURVE('',#9930,#9982,#9984,.T.);
#9982 = VERTEX_POINT('',#9983);
#9983 = CARTESIAN_POINT('',(178.8,70.1,12.));
#9984 = SURFACE_CURVE('',#9985,(#9989,#9996),.PCURVE_S1.);
#9985 = LINE('',#9986,#9987);
#9986 = CARTESIAN_POINT('',(178.8,70.1,159.5));
#9987 = VECTOR('',#9988,1.);
#9988 = DIRECTION('',(-0.,-0.,-1.));
#9989 = PCURVE('',#5115,#9990);
#9990 = DEFINITIONAL_REPRESENTATION('',(#9991),#9995);
#9991 = LINE('',#9992,#9993);
#9992 = CARTESIAN_POINT('',(-1.570796326795,0.));
#9993 = VECTOR('',#9994,1.);
#9994 = DIRECTION('',(-0.,1.));
#9995 = ( GEOMETRIC_REPRESENTATION_CONTEXT(2) 
PARAMETRIC_REPRESENTATION_CONTEXT() REPRESENTATION_CONTEXT('2D SPACE',''
  ) );
#9996 = PCURVE('',#795,#9997);
#9997 = DEFINITIONAL_REPRESENTATION('',(#9998),#10002);
#9998 = LINE('',#9999,#10000);
#9999 = CARTESIAN_POINT('',(88.8,73.75));
#10000 = VECTOR('',#10001,1.);
#10001 = DIRECTION('',(0.,-1.));
#10002 = ( GEOMETRIC_REPRESENTATION_CONTEXT(2) 
PARAMETRIC_REPRESENTATION_CONTEXT() REPRESENTATION_CONTEXT('2D SPACE',''
  ) );
#10003 = ORIENTED_EDGE('',*,*,#10004,.F.);
#10004 = EDGE_CURVE('',#5045,#9982,#10005,.T.);
#10005 = SURFACE_CURVE('',#10006,(#10011,#10017),.PCURVE_S1.);
#10006 = CIRCLE('',#10007,1.2);
#10007 = AXIS2_PLACEMENT_3D('',#10008,#10009,#10010);
#10008 = CARTESIAN_POINT('',(178.8,68.9,12.));
#10009 = DIRECTION('',(0.,0.,1.));
#10010 = DIRECTION('',(1.,-0.,0.));
#10011 = PCURVE('',#5115,#10012);
#10012 = DEFINITIONAL_REPRESENTATION('',(#10013),#10016);
#10013 = B_SPLINE_CURVE_WITH_KNOTS('',1,(#10014,#10015),.UNSPECIFIED.,
  .F.,.F.,(2,2),(0.,1.570796326795),.PIECEWISE_BEZIER_KNOTS.);
#10014 = CARTESIAN_POINT('',(0.,147.5));
#10015 = CARTESIAN_POINT('',(-1.570796326795,147.5));
#10016 = ( GEOMETRIC_REPRESENTATION_CONTEXT(2) 
PARAMETRIC_REPRESENTATION_CONTEXT() REPRESENTATION_CONTEXT('2D SPACE',''
  ) );
#10017 = PCURVE('',#10018,#10023);
#10018 = TOROIDAL_SURFACE('',#10019,10.8,1.2);
#10019 = AXIS2_PLACEMENT_3D('',#10020,#10021,#10022);
#10020 = CARTESIAN_POINT('',(168.,68.9,12.));
#10021 = DIRECTION('',(-0.,1.,-0.));
#10022 = DIRECTION('',(1.,0.,0.));
#10023 = DEFINITIONAL_REPRESENTATION('',(#10024),#10027);
#10024 = B_SPLINE_CURVE_WITH_KNOTS('',1,(#10025,#10026),.UNSPECIFIED.,
  .F.,.F.,(2,2),(0.,1.570796326795),.PIECEWISE_BEZIER_KNOTS.);
#10025 = CARTESIAN_POINT('',(0.,0.));
#10026 = CARTESIAN_POINT('',(0.,1.570796326795));
#10027 = ( GEOMETRIC_REPRESENTATION_CONTEXT(2) 
PARAMETRIC_REPRESENTATION_CONTEXT() REPRESENTATION_CONTEXT('2D SPACE',''
  ) );
#10028 = ORIENTED_EDGE('',*,*,#5101,.F.);
#10029 = ADVANCED_FACE('',(#10030),#10018,.T.);
#10030 = FACE_BOUND('',#10031,.T.);
#10031 = EDGE_LOOP('',(#10032,#10033,#10057,#10084));
#10032 = ORIENTED_EDGE('',*,*,#10004,.F.);
#10033 = ORIENTED_EDGE('',*,*,#10034,.F.);
#10034 = EDGE_CURVE('',#10035,#5045,#10037,.T.);
#10035 = VERTEX_POINT('',#10036);
#10036 = CARTESIAN_POINT('',(168.,68.9,0.));
#10037 = SURFACE_CURVE('',#10038,(#10043,#10050),.PCURVE_S1.);
#10038 = CIRCLE('',#10039,12.);
#10039 = AXIS2_PLACEMENT_3D('',#10040,#10041,#10042);
#10040 = CARTESIAN_POINT('',(168.,68.9,12.));
#10041 = DIRECTION('',(0.,-1.,0.));
#10042 = DIRECTION('',(0.,0.,-1.));
#10043 = PCURVE('',#10018,#10044);
#10044 = DEFINITIONAL_REPRESENTATION('',(#10045),#10049);
#10045 = LINE('',#10046,#10047);
#10046 = CARTESIAN_POINT('',(1.570796326795,0.));
#10047 = VECTOR('',#10048,1.);
#10048 = DIRECTION('',(-1.,-0.));
#10049 = ( GEOMETRIC_REPRESENTATION_CONTEXT(2) 
PARAMETRIC_REPRESENTATION_CONTEXT() REPRESENTATION_CONTEXT('2D SPACE',''
  ) );
#10050 = PCURVE('',#5060,#10051);
#10051 = DEFINITIONAL_REPRESENTATION('',(#10052),#10056);
#10052 = LINE('',#10053,#10054);
#10053 = CARTESIAN_POINT('',(4.712388980385,-1.2));
#10054 = VECTOR('',#10055,1.);
#10055 = DIRECTION('',(-1.,-0.));
#10056 = ( GEOMETRIC_REPRESENTATION_CONTEXT(2) 
PARAMETRIC_REPRESENTATION_CONTEXT() REPRESENTATION_CONTEXT('2D SPACE',''
  ) );
#10057 = ORIENTED_EDGE('',*,*,#10058,.T.);
#10058 = EDGE_CURVE('',#10035,#10059,#10061,.T.);
#10059 = VERTEX_POINT('',#10060);
#10060 = CARTESIAN_POINT('',(168.,70.1,1.2));
#10061 = SURFACE_CURVE('',#10062,(#10067,#10073),.PCURVE_S1.);
#10062 = CIRCLE('',#10063,1.2);
#10063 = AXIS2_PLACEMENT_3D('',#10064,#10065,#10066);
#10064 = CARTESIAN_POINT('',(168.,68.9,1.2));
#10065 = DIRECTION('',(1.,0.,6.123233995737E-17));
#10066 = DIRECTION('',(6.123233995737E-17,0.,-1.));
#10067 = PCURVE('',#10018,#10068);
#10068 = DEFINITIONAL_REPRESENTATION('',(#10069),#10072);
#10069 = B_SPLINE_CURVE_WITH_KNOTS('',1,(#10070,#10071),.UNSPECIFIED.,
  .F.,.F.,(2,2),(0.,1.570796326795),.PIECEWISE_BEZIER_KNOTS.);
#10070 = CARTESIAN_POINT('',(1.570796326795,0.));
#10071 = CARTESIAN_POINT('',(1.570796326795,1.570796326795));
#10072 = ( GEOMETRIC_REPRESENTATION_CONTEXT(2) 
PARAMETRIC_REPRESENTATION_CONTEXT() REPRESENTATION_CONTEXT('2D SPACE',''
  ) );
#10073 = PCURVE('',#10074,#10079);
#10074 = CYLINDRICAL_SURFACE('',#10075,1.2);
#10075 = AXIS2_PLACEMENT_3D('',#10076,#10077,#10078);
#10076 = CARTESIAN_POINT('',(168.,68.9,1.2));
#10077 = DIRECTION('',(-1.,-0.,-0.));
#10078 = DIRECTION('',(0.,-0.,-1.));
#10079 = DEFINITIONAL_REPRESENTATION('',(#10080),#10083);
#10080 = B_SPLINE_CURVE_WITH_KNOTS('',1,(#10081,#10082),.UNSPECIFIED.,
  .F.,.F.,(2,2),(0.,1.570796326795),.PIECEWISE_BEZIER_KNOTS.);
#10081 = CARTESIAN_POINT('',(0.,0.));
#10082 = CARTESIAN_POINT('',(-1.570796326795,0.));
#10083 = ( GEOMETRIC_REPRESENTATION_CONTEXT(2) 
PARAMETRIC_REPRESENTATION_CONTEXT() REPRESENTATION_CONTEXT('2D SPACE',''
  ) );
#10084 = ORIENTED_EDGE('',*,*,#10085,.F.);
#10085 = EDGE_CURVE('',#9982,#10059,#10086,.T.);
#10086 = SURFACE_CURVE('',#10087,(#10092,#10099),.PCURVE_S1.);
#10087 = CIRCLE('',#10088,10.8);
#10088 = AXIS2_PLACEMENT_3D('',#10089,#10090,#10091);
#10089 = CARTESIAN_POINT('',(168.,70.1,12.));
#10090 = DIRECTION('',(-0.,1.,0.));
#10091 = DIRECTION('',(1.,0.,0.));
#10092 = PCURVE('',#10018,#10093);
#10093 = DEFINITIONAL_REPRESENTATION('',(#10094),#10098);
#10094 = LINE('',#10095,#10096);
#10095 = CARTESIAN_POINT('',(0.,1.570796326795));
#10096 = VECTOR('',#10097,1.);
#10097 = DIRECTION('',(1.,0.));
#10098 = ( GEOMETRIC_REPRESENTATION_CONTEXT(2) 
PARAMETRIC_REPRESENTATION_CONTEXT() REPRESENTATION_CONTEXT('2D SPACE',''
  ) );
#10099 = PCURVE('',#795,#10100);
#10100 = DEFINITIONAL_REPRESENTATION('',(#10101),#10109);
#10101 = ( BOUNDED_CURVE() B_SPLINE_CURVE(2,(#10102,#10103,#10104,#10105
    ,#10106,#10107,#10108),.UNSPECIFIED.,.T.,.F.) 
B_SPLINE_CURVE_WITH_KNOTS((1,2,2,2,2,1),(-2.094395102393,0.,
    2.094395102393,4.188790204786,6.28318530718,8.377580409573),
.UNSPECIFIED.) CURVE() GEOMETRIC_REPRESENTATION_ITEM() 
RATIONAL_B_SPLINE_CURVE((1.,0.5,1.,0.5,1.,0.5,1.)) REPRESENTATION_ITEM(
  '') );
#10102 = CARTESIAN_POINT('',(88.8,-73.75));
#10103 = CARTESIAN_POINT('',(88.8,-92.45614872174));
#10104 = CARTESIAN_POINT('',(72.6,-83.10307436087));
#10105 = CARTESIAN_POINT('',(56.4,-73.75));
#10106 = CARTESIAN_POINT('',(72.6,-64.39692563912));
#10107 = CARTESIAN_POINT('',(88.8,-55.04385127825));
#10108 = CARTESIAN_POINT('',(88.8,-73.75));
#10109 = ( GEOMETRIC_REPRESENTATION_CONTEXT(2) 
PARAMETRIC_REPRESENTATION_CONTEXT() REPRESENTATION_CONTEXT('2D SPACE',''
  ) );
#10110 = ADVANCED_FACE('',(#10111),#10074,.T.);
#10111 = FACE_BOUND('',#10112,.F.);
#10112 = EDGE_LOOP('',(#10113,#10114,#10137,#10164));
#10113 = ORIENTED_EDGE('',*,*,#10058,.T.);
#10114 = ORIENTED_EDGE('',*,*,#10115,.T.);
#10115 = EDGE_CURVE('',#10059,#10116,#10118,.T.);
#10116 = VERTEX_POINT('',#10117);
#10117 = CARTESIAN_POINT('',(12.,70.1,1.2));
#10118 = SURFACE_CURVE('',#10119,(#10123,#10130),.PCURVE_S1.);
#10119 = LINE('',#10120,#10121);
#10120 = CARTESIAN_POINT('',(168.,70.1,1.2));
#10121 = VECTOR('',#10122,1.);
#10122 = DIRECTION('',(-1.,-0.,-0.));
#10123 = PCURVE('',#10074,#10124);
#10124 = DEFINITIONAL_REPRESENTATION('',(#10125),#10129);
#10125 = LINE('',#10126,#10127);
#10126 = CARTESIAN_POINT('',(-1.570796326795,0.));
#10127 = VECTOR('',#10128,1.);
#10128 = DIRECTION('',(-0.,1.));
#10129 = ( GEOMETRIC_REPRESENTATION_CONTEXT(2) 
PARAMETRIC_REPRESENTATION_CONTEXT() REPRESENTATION_CONTEXT('2D SPACE',''
  ) );
#10130 = PCURVE('',#795,#10131);
#10131 = DEFINITIONAL_REPRESENTATION('',(#10132),#10136);
#10132 = LINE('',#10133,#10134);
#10133 = CARTESIAN_POINT('',(78.,-84.55));
#10134 = VECTOR('',#10135,1.);
#10135 = DIRECTION('',(-1.,0.));
#10136 = ( GEOMETRIC_REPRESENTATION_CONTEXT(2) 
PARAMETRIC_REPRESENTATION_CONTEXT() REPRESENTATION_CONTEXT('2D SPACE',''
  ) );
#10137 = ORIENTED_EDGE('',*,*,#10138,.F.);
#10138 = EDGE_CURVE('',#10139,#10116,#10141,.T.);
#10139 = VERTEX_POINT('',#10140);
#10140 = CARTESIAN_POINT('',(12.,68.9,-2.22044604925E-16));
#10141 = SURFACE_CURVE('',#10142,(#10147,#10153),.PCURVE_S1.);
#10142 = CIRCLE('',#10143,1.2);
#10143 = AXIS2_PLACEMENT_3D('',#10144,#10145,#10146);
#10144 = CARTESIAN_POINT('',(12.,68.9,1.2));
#10145 = DIRECTION('',(1.,0.,0.));
#10146 = DIRECTION('',(0.,0.,-1.));
#10147 = PCURVE('',#10074,#10148);
#10148 = DEFINITIONAL_REPRESENTATION('',(#10149),#10152);
#10149 = B_SPLINE_CURVE_WITH_KNOTS('',1,(#10150,#10151),.UNSPECIFIED.,
  .F.,.F.,(2,2),(0.,1.570796326795),.PIECEWISE_BEZIER_KNOTS.);
#10150 = CARTESIAN_POINT('',(0.,156.));
#10151 = CARTESIAN_POINT('',(-1.570796326795,156.));
#10152 = ( GEOMETRIC_REPRESENTATION_CONTEXT(2) 
PARAMETRIC_REPRESENTATION_CONTEXT() REPRESENTATION_CONTEXT('2D SPACE',''
  ) );
#10153 = PCURVE('',#10154,#10159);
#10154 = TOROIDAL_SURFACE('',#10155,10.8,1.2);
#10155 = AXIS2_PLACEMENT_3D('',#10156,#10157,#10158);
#10156 = CARTESIAN_POINT('',(12.,68.9,12.));
#10157 = DIRECTION('',(-0.,1.,-0.));
#10158 = DIRECTION('',(0.,0.,-1.));
#10159 = DEFINITIONAL_REPRESENTATION('',(#10160),#10163);
#10160 = B_SPLINE_CURVE_WITH_KNOTS('',1,(#10161,#10162),.UNSPECIFIED.,
  .F.,.F.,(2,2),(0.,1.570796326795),.PIECEWISE_BEZIER_KNOTS.);
#10161 = CARTESIAN_POINT('',(0.,0.));
#10162 = CARTESIAN_POINT('',(0.,1.570796326795));
#10163 = ( GEOMETRIC_REPRESENTATION_CONTEXT(2) 
PARAMETRIC_REPRESENTATION_CONTEXT() REPRESENTATION_CONTEXT('2D SPACE',''
  ) );
#10164 = ORIENTED_EDGE('',*,*,#10165,.F.);
#10165 = EDGE_CURVE('',#10035,#10139,#10166,.T.);
#10166 = SURFACE_CURVE('',#10167,(#10171,#10178),.PCURVE_S1.);
#10167 = LINE('',#10168,#10169);
#10168 = CARTESIAN_POINT('',(168.,68.9,-2.22044604925E-16));
#10169 = VECTOR('',#10170,1.);
#10170 = DIRECTION('',(-1.,-0.,-0.));
#10171 = PCURVE('',#10074,#10172);
#10172 = DEFINITIONAL_REPRESENTATION('',(#10173),#10177);
#10173 = LINE('',#10174,#10175);
#10174 = CARTESIAN_POINT('',(-0.,0.));
#10175 = VECTOR('',#10176,1.);
#10176 = DIRECTION('',(-0.,1.));
#10177 = ( GEOMETRIC_REPRESENTATION_CONTEXT(2) 
PARAMETRIC_REPRESENTATION_CONTEXT() REPRESENTATION_CONTEXT('2D SPACE',''
  ) );
#10178 = PCURVE('',#10179,#10184);
#10179 = PLANE('',#10180);
#10180 = AXIS2_PLACEMENT_3D('',#10181,#10182,#10183);
#10181 = CARTESIAN_POINT('',(12.,70.1,0.));
#10182 = DIRECTION('',(-0.,0.,1.));
#10183 = DIRECTION('',(1.,0.,0.));
#10184 = DEFINITIONAL_REPRESENTATION('',(#10185),#10189);
#10185 = LINE('',#10186,#10187);
#10186 = CARTESIAN_POINT('',(156.,-1.2));
#10187 = VECTOR('',#10188,1.);
#10188 = DIRECTION('',(-1.,0.));
#10189 = ( GEOMETRIC_REPRESENTATION_CONTEXT(2) 
PARAMETRIC_REPRESENTATION_CONTEXT() REPRESENTATION_CONTEXT('2D SPACE',''
  ) );
#10190 = ADVANCED_FACE('',(#10191),#10154,.T.);
#10191 = FACE_BOUND('',#10192,.T.);
#10192 = EDGE_LOOP('',(#10193,#10194,#10216,#10238));
#10193 = ORIENTED_EDGE('',*,*,#10138,.F.);
#10194 = ORIENTED_EDGE('',*,*,#10195,.T.);
#10195 = EDGE_CURVE('',#10139,#22,#10196,.T.);
#10196 = SURFACE_CURVE('',#10197,(#10202,#10209),.PCURVE_S1.);
#10197 = CIRCLE('',#10198,12.);
#10198 = AXIS2_PLACEMENT_3D('',#10199,#10200,#10201);
#10199 = CARTESIAN_POINT('',(12.,68.9,12.));
#10200 = DIRECTION('',(-0.,1.,0.));
#10201 = DIRECTION('',(0.,0.,-1.));
#10202 = PCURVE('',#10154,#10203);
#10203 = DEFINITIONAL_REPRESENTATION('',(#10204),#10208);
#10204 = LINE('',#10205,#10206);
#10205 = CARTESIAN_POINT('',(0.,0.));
#10206 = VECTOR('',#10207,1.);
#10207 = DIRECTION('',(1.,0.));
#10208 = ( GEOMETRIC_REPRESENTATION_CONTEXT(2) 
PARAMETRIC_REPRESENTATION_CONTEXT() REPRESENTATION_CONTEXT('2D SPACE',''
  ) );
#10209 = PCURVE('',#44,#10210);
#10210 = DEFINITIONAL_REPRESENTATION('',(#10211),#10215);
#10211 = LINE('',#10212,#10213);
#10212 = CARTESIAN_POINT('',(4.712388980385,-1.2));
#10213 = VECTOR('',#10214,1.);
#10214 = DIRECTION('',(1.,0.));
#10215 = ( GEOMETRIC_REPRESENTATION_CONTEXT(2) 
PARAMETRIC_REPRESENTATION_CONTEXT() REPRESENTATION_CONTEXT('2D SPACE',''
  ) );
#10216 = ORIENTED_EDGE('',*,*,#10217,.T.);
#10217 = EDGE_CURVE('',#22,#10218,#10220,.T.);
#10218 = VERTEX_POINT('',#10219);
#10219 = CARTESIAN_POINT('',(1.2,70.1,12.));
#10220 = SURFACE_CURVE('',#10221,(#10226,#10232),.PCURVE_S1.);
#10221 = CIRCLE('',#10222,1.2);
#10222 = AXIS2_PLACEMENT_3D('',#10223,#10224,#10225);
#10223 = CARTESIAN_POINT('',(1.2,68.9,12.));
#10224 = DIRECTION('',(-0.,0.,-1.));
#10225 = DIRECTION('',(-1.,0.,0.));
#10226 = PCURVE('',#10154,#10227);
#10227 = DEFINITIONAL_REPRESENTATION('',(#10228),#10231);
#10228 = B_SPLINE_CURVE_WITH_KNOTS('',1,(#10229,#10230),.UNSPECIFIED.,
  .F.,.F.,(2,2),(0.,1.570796326795),.PIECEWISE_BEZIER_KNOTS.);
#10229 = CARTESIAN_POINT('',(1.570796326795,0.));
#10230 = CARTESIAN_POINT('',(1.570796326795,1.570796326795));
#10231 = ( GEOMETRIC_REPRESENTATION_CONTEXT(2) 
PARAMETRIC_REPRESENTATION_CONTEXT() REPRESENTATION_CONTEXT('2D SPACE',''
  ) );
#10232 = PCURVE('',#126,#10233);
#10233 = DEFINITIONAL_REPRESENTATION('',(#10234),#10237);
#10234 = B_SPLINE_CURVE_WITH_KNOTS('',1,(#10235,#10236),.UNSPECIFIED.,
  .F.,.F.,(2,2),(0.,1.570796326795),.PIECEWISE_BEZIER_KNOTS.);
#10235 = CARTESIAN_POINT('',(0.,0.));
#10236 = CARTESIAN_POINT('',(-1.570796326795,0.));
#10237 = ( GEOMETRIC_REPRESENTATION_CONTEXT(2) 
PARAMETRIC_REPRESENTATION_CONTEXT() REPRESENTATION_CONTEXT('2D SPACE',''
  ) );
#10238 = ORIENTED_EDGE('',*,*,#10239,.F.);
#10239 = EDGE_CURVE('',#10116,#10218,#10240,.T.);
#10240 = SURFACE_CURVE('',#10241,(#10246,#10253),.PCURVE_S1.);
#10241 = CIRCLE('',#10242,10.8);
#10242 = AXIS2_PLACEMENT_3D('',#10243,#10244,#10245);
#10243 = CARTESIAN_POINT('',(12.,70.1,12.));
#10244 = DIRECTION('',(-0.,1.,0.));
#10245 = DIRECTION('',(0.,0.,-1.));
#10246 = PCURVE('',#10154,#10247);
#10247 = DEFINITIONAL_REPRESENTATION('',(#10248),#10252);
#10248 = LINE('',#10249,#10250);
#10249 = CARTESIAN_POINT('',(0.,1.570796326795));
#10250 = VECTOR('',#10251,1.);
#10251 = DIRECTION('',(1.,0.));
#10252 = ( GEOMETRIC_REPRESENTATION_CONTEXT(2) 
PARAMETRIC_REPRESENTATION_CONTEXT() REPRESENTATION_CONTEXT('2D SPACE',''
  ) );
#10253 = PCURVE('',#795,#10254);
#10254 = DEFINITIONAL_REPRESENTATION('',(#10255),#10263);
#10255 = ( BOUNDED_CURVE() B_SPLINE_CURVE(2,(#10256,#10257,#10258,#10259
    ,#10260,#10261,#10262),.UNSPECIFIED.,.T.,.F.) 
B_SPLINE_CURVE_WITH_KNOTS((1,2,2,2,2,1),(-2.094395102393,0.,
    2.094395102393,4.188790204786,6.28318530718,8.377580409573),
.UNSPECIFIED.) CURVE() GEOMETRIC_REPRESENTATION_ITEM() 
RATIONAL_B_SPLINE_CURVE((1.,0.5,1.,0.5,1.,0.5,1.)) REPRESENTATION_ITEM(
  '') );
#10256 = CARTESIAN_POINT('',(-78.,-84.55));
#10257 = CARTESIAN_POINT('',(-96.70614872174,-84.55));
#10258 = CARTESIAN_POINT('',(-87.35307436087,-68.35));
#10259 = CARTESIAN_POINT('',(-78.,-52.15));
#10260 = CARTESIAN_POINT('',(-68.64692563912,-68.35));
#10261 = CARTESIAN_POINT('',(-59.29385127825,-84.55));
#10262 = CARTESIAN_POINT('',(-78.,-84.55));
#10263 = ( GEOMETRIC_REPRESENTATION_CONTEXT(2) 
PARAMETRIC_REPRESENTATION_CONTEXT() REPRESENTATION_CONTEXT('2D SPACE',''
  ) );
#10264 = ADVANCED_FACE('',(#10265,#10335,#10366,#10486,#10606,#10726),
  #10179,.F.);
#10265 = FACE_BOUND('',#10266,.F.);
#10266 = EDGE_LOOP('',(#10267,#10290,#10313,#10334));
#10267 = ORIENTED_EDGE('',*,*,#10268,.T.);
#10268 = EDGE_CURVE('',#10139,#10269,#10271,.T.);
#10269 = VERTEX_POINT('',#10270);
#10270 = CARTESIAN_POINT('',(12.,2.,-4.440892098501E-16));
#10271 = SURFACE_CURVE('',#10272,(#10276,#10283),.PCURVE_S1.);
#10272 = LINE('',#10273,#10274);
#10273 = CARTESIAN_POINT('',(12.,70.1,0.));
#10274 = VECTOR('',#10275,1.);
#10275 = DIRECTION('',(0.,-1.,0.));
#10276 = PCURVE('',#10179,#10277);
#10277 = DEFINITIONAL_REPRESENTATION('',(#10278),#10282);
#10278 = LINE('',#10279,#10280);
#10279 = CARTESIAN_POINT('',(0.,0.));
#10280 = VECTOR('',#10281,1.);
#10281 = DIRECTION('',(0.,-1.));
#10282 = ( GEOMETRIC_REPRESENTATION_CONTEXT(2) 
PARAMETRIC_REPRESENTATION_CONTEXT() REPRESENTATION_CONTEXT('2D SPACE',''
  ) );
#10283 = PCURVE('',#44,#10284);
#10284 = DEFINITIONAL_REPRESENTATION('',(#10285),#10289);
#10285 = LINE('',#10286,#10287);
#10286 = CARTESIAN_POINT('',(4.712388980385,0.));
#10287 = VECTOR('',#10288,1.);
#10288 = DIRECTION('',(0.,-1.));
#10289 = ( GEOMETRIC_REPRESENTATION_CONTEXT(2) 
PARAMETRIC_REPRESENTATION_CONTEXT() REPRESENTATION_CONTEXT('2D SPACE',''
  ) );
#10290 = ORIENTED_EDGE('',*,*,#10291,.F.);
#10291 = EDGE_CURVE('',#10292,#10269,#10294,.T.);
#10292 = VERTEX_POINT('',#10293);
#10293 = CARTESIAN_POINT('',(168.,2.,0.));
#10294 = SURFACE_CURVE('',#10295,(#10299,#10306),.PCURVE_S1.);
#10295 = LINE('',#10296,#10297);
#10296 = CARTESIAN_POINT('',(168.,2.,-4.440892098501E-16));
#10297 = VECTOR('',#10298,1.);
#10298 = DIRECTION('',(-1.,-0.,-0.));
#10299 = PCURVE('',#10179,#10300);
#10300 = DEFINITIONAL_REPRESENTATION('',(#10301),#10305);
#10301 = LINE('',#10302,#10303);
#10302 = CARTESIAN_POINT('',(156.,-68.1));
#10303 = VECTOR('',#10304,1.);
#10304 = DIRECTION('',(-1.,0.));
#10305 = ( GEOMETRIC_REPRESENTATION_CONTEXT(2) 
PARAMETRIC_REPRESENTATION_CONTEXT() REPRESENTATION_CONTEXT('2D SPACE',''
  ) );
#10306 = PCURVE('',#3600,#10307);
#10307 = DEFINITIONAL_REPRESENTATION('',(#10308),#10312);
#10308 = LINE('',#10309,#10310);
#10309 = CARTESIAN_POINT('',(0.,0.));
#10310 = VECTOR('',#10311,1.);
#10311 = DIRECTION('',(0.,1.));
#10312 = ( GEOMETRIC_REPRESENTATION_CONTEXT(2) 
PARAMETRIC_REPRESENTATION_CONTEXT() REPRESENTATION_CONTEXT('2D SPACE',''
  ) );
#10313 = ORIENTED_EDGE('',*,*,#10314,.F.);
#10314 = EDGE_CURVE('',#10035,#10292,#10315,.T.);
#10315 = SURFACE_CURVE('',#10316,(#10320,#10327),.PCURVE_S1.);
#10316 = LINE('',#10317,#10318);
#10317 = CARTESIAN_POINT('',(168.,70.1,0.));
#10318 = VECTOR('',#10319,1.);
#10319 = DIRECTION('',(0.,-1.,0.));
#10320 = PCURVE('',#10179,#10321);
#10321 = DEFINITIONAL_REPRESENTATION('',(#10322),#10326);
#10322 = LINE('',#10323,#10324);
#10323 = CARTESIAN_POINT('',(156.,0.));
#10324 = VECTOR('',#10325,1.);
#10325 = DIRECTION('',(0.,-1.));
#10326 = ( GEOMETRIC_REPRESENTATION_CONTEXT(2) 
PARAMETRIC_REPRESENTATION_CONTEXT() REPRESENTATION_CONTEXT('2D SPACE',''
  ) );
#10327 = PCURVE('',#5060,#10328);
#10328 = DEFINITIONAL_REPRESENTATION('',(#10329),#10333);
#10329 = LINE('',#10330,#10331);
#10330 = CARTESIAN_POINT('',(4.712388980385,0.));
#10331 = VECTOR('',#10332,1.);
#10332 = DIRECTION('',(0.,-1.));
#10333 = ( GEOMETRIC_REPRESENTATION_CONTEXT(2) 
PARAMETRIC_REPRESENTATION_CONTEXT() REPRESENTATION_CONTEXT('2D SPACE',''
  ) );
#10334 = ORIENTED_EDGE('',*,*,#10165,.T.);
#10335 = FACE_BOUND('',#10336,.F.);
#10336 = EDGE_LOOP('',(#10337));
#10337 = ORIENTED_EDGE('',*,*,#10338,.F.);
#10338 = EDGE_CURVE('',#10339,#10339,#10341,.T.);
#10339 = VERTEX_POINT('',#10340);
#10340 = CARTESIAN_POINT('',(103.4,30.,0.));
#10341 = SURFACE_CURVE('',#10342,(#10347,#10354),.PCURVE_S1.);
#10342 = CIRCLE('',#10343,3.4);
#10343 = AXIS2_PLACEMENT_3D('',#10344,#10345,#10346);
#10344 = CARTESIAN_POINT('',(100.,30.,0.));
#10345 = DIRECTION('',(0.,0.,1.));
#10346 = DIRECTION('',(1.,0.,-0.));
#10347 = PCURVE('',#10179,#10348);
#10348 = DEFINITIONAL_REPRESENTATION('',(#10349),#10353);
#10349 = CIRCLE('',#10350,3.4);
#10350 = AXIS2_PLACEMENT_2D('',#10351,#10352);
#10351 = CARTESIAN_POINT('',(88.,-40.1));
#10352 = DIRECTION('',(1.,0.));
#10353 = ( GEOMETRIC_REPRESENTATION_CONTEXT(2) 
PARAMETRIC_REPRESENTATION_CONTEXT() REPRESENTATION_CONTEXT('2D SPACE',''
  ) );
#10354 = PCURVE('',#10355,#10360);
#10355 = CYLINDRICAL_SURFACE('',#10356,3.4);
#10356 = AXIS2_PLACEMENT_3D('',#10357,#10358,#10359);
#10357 = CARTESIAN_POINT('',(100.,30.,-1.));
#10358 = DIRECTION('',(0.,0.,1.));
#10359 = DIRECTION('',(1.,0.,-0.));
#10360 = DEFINITIONAL_REPRESENTATION('',(#10361),#10365);
#10361 = LINE('',#10362,#10363);
#10362 = CARTESIAN_POINT('',(0.,1.));
#10363 = VECTOR('',#10364,1.);
#10364 = DIRECTION('',(1.,0.));
#10365 = ( GEOMETRIC_REPRESENTATION_CONTEXT(2) 
PARAMETRIC_REPRESENTATION_CONTEXT() REPRESENTATION_CONTEXT('2D SPACE',''
  ) );
#10366 = FACE_BOUND('',#10367,.F.);
#10367 = EDGE_LOOP('',(#10368,#10396,#10429,#10455));
#10368 = ORIENTED_EDGE('',*,*,#10369,.F.);
#10369 = EDGE_CURVE('',#10370,#10372,#10374,.T.);
#10370 = VERTEX_POINT('',#10371);
#10371 = CARTESIAN_POINT('',(140.2,47.4,0.));
#10372 = VERTEX_POINT('',#10373);
#10373 = CARTESIAN_POINT('',(92.8,47.4,0.));
#10374 = SURFACE_CURVE('',#10375,(#10379,#10385),.PCURVE_S1.);
#10375 = LINE('',#10376,#10377);
#10376 = CARTESIAN_POINT('',(52.4,47.4,0.));
#10377 = VECTOR('',#10378,1.);
#10378 = DIRECTION('',(-1.,0.,-0.));
#10379 = PCURVE('',#10179,#10380);
#10380 = DEFINITIONAL_REPRESENTATION('',(#10381),#10384);
#10381 = B_SPLINE_CURVE_WITH_KNOTS('',1,(#10382,#10383),.UNSPECIFIED.,
  .F.,.F.,(2,2),(-87.8,-40.4),.PIECEWISE_BEZIER_KNOTS.);
#10382 = CARTESIAN_POINT('',(128.2,-22.7));
#10383 = CARTESIAN_POINT('',(80.8,-22.7));
#10384 = ( GEOMETRIC_REPRESENTATION_CONTEXT(2) 
PARAMETRIC_REPRESENTATION_CONTEXT() REPRESENTATION_CONTEXT('2D SPACE',''
  ) );
#10385 = PCURVE('',#10386,#10391);
#10386 = PLANE('',#10387);
#10387 = AXIS2_PLACEMENT_3D('',#10388,#10389,#10390);
#10388 = CARTESIAN_POINT('',(92.8,47.4,-1.));
#10389 = DIRECTION('',(0.,1.,0.));
#10390 = DIRECTION('',(1.,0.,0.));
#10391 = DEFINITIONAL_REPRESENTATION('',(#10392),#10395);
#10392 = B_SPLINE_CURVE_WITH_KNOTS('',1,(#10393,#10394),.UNSPECIFIED.,
  .F.,.F.,(2,2),(-87.8,-40.4),.PIECEWISE_BEZIER_KNOTS.);
#10393 = CARTESIAN_POINT('',(47.4,-1.));
#10394 = CARTESIAN_POINT('',(0.,-1.));
#10395 = ( GEOMETRIC_REPRESENTATION_CONTEXT(2) 
PARAMETRIC_REPRESENTATION_CONTEXT() REPRESENTATION_CONTEXT('2D SPACE',''
  ) );
#10396 = ORIENTED_EDGE('',*,*,#10397,.T.);
#10397 = EDGE_CURVE('',#10370,#10398,#10400,.T.);
#10398 = VERTEX_POINT('',#10399);
#10399 = CARTESIAN_POINT('',(140.2,44.8,0.));
#10400 = SURFACE_CURVE('',#10401,(#10406,#10417),.PCURVE_S1.);
#10401 = CIRCLE('',#10402,1.3);
#10402 = AXIS2_PLACEMENT_3D('',#10403,#10404,#10405);
#10403 = CARTESIAN_POINT('',(140.2,46.1,0.));
#10404 = DIRECTION('',(0.,0.,-1.));
#10405 = DIRECTION('',(-1.,0.,0.));
#10406 = PCURVE('',#10179,#10407);
#10407 = DEFINITIONAL_REPRESENTATION('',(#10408),#10416);
#10408 = ( BOUNDED_CURVE() B_SPLINE_CURVE(2,(#10409,#10410,#10411,#10412
    ,#10413,#10414,#10415),.UNSPECIFIED.,.T.,.F.) 
B_SPLINE_CURVE_WITH_KNOTS((1,2,2,2,2,1),(-2.094395102393,0.,
    2.094395102393,4.188790204786,6.28318530718,8.377580409573),
.UNSPECIFIED.) CURVE() GEOMETRIC_REPRESENTATION_ITEM() 
RATIONAL_B_SPLINE_CURVE((1.,0.5,1.,0.5,1.,0.5,1.)) REPRESENTATION_ITEM(
  '') );
#10409 = CARTESIAN_POINT('',(126.9,-24.));
#10410 = CARTESIAN_POINT('',(126.9,-21.74833395016));
#10411 = CARTESIAN_POINT('',(128.85,-22.87416697508));
#10412 = CARTESIAN_POINT('',(130.8,-24.));
#10413 = CARTESIAN_POINT('',(128.85,-25.12583302492));
#10414 = CARTESIAN_POINT('',(126.9,-26.25166604984));
#10415 = CARTESIAN_POINT('',(126.9,-24.));
#10416 = ( GEOMETRIC_REPRESENTATION_CONTEXT(2) 
PARAMETRIC_REPRESENTATION_CONTEXT() REPRESENTATION_CONTEXT('2D SPACE',''
  ) );
#10417 = PCURVE('',#10418,#10423);
#10418 = CYLINDRICAL_SURFACE('',#10419,1.3);
#10419 = AXIS2_PLACEMENT_3D('',#10420,#10421,#10422);
#10420 = CARTESIAN_POINT('',(140.2,46.1,-1.));
#10421 = DIRECTION('',(0.,0.,-1.));
#10422 = DIRECTION('',(-1.,0.,0.));
#10423 = DEFINITIONAL_REPRESENTATION('',(#10424),#10428);
#10424 = LINE('',#10425,#10426);
#10425 = CARTESIAN_POINT('',(0.,-1.));
#10426 = VECTOR('',#10427,1.);
#10427 = DIRECTION('',(1.,0.));
#10428 = ( GEOMETRIC_REPRESENTATION_CONTEXT(2) 
PARAMETRIC_REPRESENTATION_CONTEXT() REPRESENTATION_CONTEXT('2D SPACE',''
  ) );
#10429 = ORIENTED_EDGE('',*,*,#10430,.T.);
#10430 = EDGE_CURVE('',#10398,#10431,#10433,.T.);
#10431 = VERTEX_POINT('',#10432);
#10432 = CARTESIAN_POINT('',(92.8,44.8,0.));
#10433 = SURFACE_CURVE('',#10434,(#10438,#10444),.PCURVE_S1.);
#10434 = LINE('',#10435,#10436);
#10435 = CARTESIAN_POINT('',(64.25,44.8,0.));
#10436 = VECTOR('',#10437,1.);
#10437 = DIRECTION('',(-1.,0.,-0.));
#10438 = PCURVE('',#10179,#10439);
#10439 = DEFINITIONAL_REPRESENTATION('',(#10440),#10443);
#10440 = B_SPLINE_CURVE_WITH_KNOTS('',1,(#10441,#10442),.UNSPECIFIED.,
  .F.,.F.,(2,2),(-75.95,-28.55),.PIECEWISE_BEZIER_KNOTS.);
#10441 = CARTESIAN_POINT('',(128.2,-25.3));
#10442 = CARTESIAN_POINT('',(80.8,-25.3));
#10443 = ( GEOMETRIC_REPRESENTATION_CONTEXT(2) 
PARAMETRIC_REPRESENTATION_CONTEXT() REPRESENTATION_CONTEXT('2D SPACE',''
  ) );
#10444 = PCURVE('',#10445,#10450);
#10445 = PLANE('',#10446);
#10446 = AXIS2_PLACEMENT_3D('',#10447,#10448,#10449);
#10447 = CARTESIAN_POINT('',(116.5,44.8,-1.));
#10448 = DIRECTION('',(0.,1.,0.));
#10449 = DIRECTION('',(1.,0.,0.));
#10450 = DEFINITIONAL_REPRESENTATION('',(#10451),#10454);
#10451 = B_SPLINE_CURVE_WITH_KNOTS('',1,(#10452,#10453),.UNSPECIFIED.,
  .F.,.F.,(2,2),(-75.95,-28.55),.PIECEWISE_BEZIER_KNOTS.);
#10452 = CARTESIAN_POINT('',(23.7,-1.));
#10453 = CARTESIAN_POINT('',(-23.7,-1.));
#10454 = ( GEOMETRIC_REPRESENTATION_CONTEXT(2) 
PARAMETRIC_REPRESENTATION_CONTEXT() REPRESENTATION_CONTEXT('2D SPACE',''
  ) );
#10455 = ORIENTED_EDGE('',*,*,#10456,.T.);
#10456 = EDGE_CURVE('',#10431,#10372,#10457,.T.);
#10457 = SURFACE_CURVE('',#10458,(#10463,#10474),.PCURVE_S1.);
#10458 = CIRCLE('',#10459,1.3);
#10459 = AXIS2_PLACEMENT_3D('',#10460,#10461,#10462);
#10460 = CARTESIAN_POINT('',(92.8,46.1,0.));
#10461 = DIRECTION('',(0.,0.,-1.));
#10462 = DIRECTION('',(1.,0.,0.));
#10463 = PCURVE('',#10179,#10464);
#10464 = DEFINITIONAL_REPRESENTATION('',(#10465),#10473);
#10465 = ( BOUNDED_CURVE() B_SPLINE_CURVE(2,(#10466,#10467,#10468,#10469
    ,#10470,#10471,#10472),.UNSPECIFIED.,.T.,.F.) 
B_SPLINE_CURVE_WITH_KNOTS((1,2,2,2,2,1),(-2.094395102393,0.,
    2.094395102393,4.188790204786,6.28318530718,8.377580409573),
.UNSPECIFIED.) CURVE() GEOMETRIC_REPRESENTATION_ITEM() 
RATIONAL_B_SPLINE_CURVE((1.,0.5,1.,0.5,1.,0.5,1.)) REPRESENTATION_ITEM(
  '') );
#10466 = CARTESIAN_POINT('',(82.1,-24.));
#10467 = CARTESIAN_POINT('',(82.1,-26.25166604984));
#10468 = CARTESIAN_POINT('',(80.15,-25.12583302492));
#10469 = CARTESIAN_POINT('',(78.2,-24.));
#10470 = CARTESIAN_POINT('',(80.15,-22.87416697508));
#10471 = CARTESIAN_POINT('',(82.1,-21.74833395016));
#10472 = CARTESIAN_POINT('',(82.1,-24.));
#10473 = ( GEOMETRIC_REPRESENTATION_CONTEXT(2) 
PARAMETRIC_REPRESENTATION_CONTEXT() REPRESENTATION_CONTEXT('2D SPACE',''
  ) );
#10474 = PCURVE('',#10475,#10480);
#10475 = CYLINDRICAL_SURFACE('',#10476,1.3);
#10476 = AXIS2_PLACEMENT_3D('',#10477,#10478,#10479);
#10477 = CARTESIAN_POINT('',(92.8,46.1,-1.));
#10478 = DIRECTION('',(0.,0.,-1.));
#10479 = DIRECTION('',(1.,0.,0.));
#10480 = DEFINITIONAL_REPRESENTATION('',(#10481),#10485);
#10481 = LINE('',#10482,#10483);
#10482 = CARTESIAN_POINT('',(0.,-1.));
#10483 = VECTOR('',#10484,1.);
#10484 = DIRECTION('',(1.,0.));
#10485 = ( GEOMETRIC_REPRESENTATION_CONTEXT(2) 
PARAMETRIC_REPRESENTATION_CONTEXT() REPRESENTATION_CONTEXT('2D SPACE',''
  ) );
#10486 = FACE_BOUND('',#10487,.F.);
#10487 = EDGE_LOOP('',(#10488,#10516,#10549,#10575));
#10488 = ORIENTED_EDGE('',*,*,#10489,.F.);
#10489 = EDGE_CURVE('',#10490,#10492,#10494,.T.);
#10490 = VERTEX_POINT('',#10491);
#10491 = CARTESIAN_POINT('',(140.2,52.4,0.));
#10492 = VERTEX_POINT('',#10493);
#10493 = CARTESIAN_POINT('',(92.8,52.4,0.));
#10494 = SURFACE_CURVE('',#10495,(#10499,#10505),.PCURVE_S1.);
#10495 = LINE('',#10496,#10497);
#10496 = CARTESIAN_POINT('',(52.4,52.4,0.));
#10497 = VECTOR('',#10498,1.);
#10498 = DIRECTION('',(-1.,0.,-0.));
#10499 = PCURVE('',#10179,#10500);
#10500 = DEFINITIONAL_REPRESENTATION('',(#10501),#10504);
#10501 = B_SPLINE_CURVE_WITH_KNOTS('',1,(#10502,#10503),.UNSPECIFIED.,
  .F.,.F.,(2,2),(-87.8,-40.4),.PIECEWISE_BEZIER_KNOTS.);
#10502 = CARTESIAN_POINT('',(128.2,-17.7));
#10503 = CARTESIAN_POINT('',(80.8,-17.7));
#10504 = ( GEOMETRIC_REPRESENTATION_CONTEXT(2) 
PARAMETRIC_REPRESENTATION_CONTEXT() REPRESENTATION_CONTEXT('2D SPACE',''
  ) );
#10505 = PCURVE('',#10506,#10511);
#10506 = PLANE('',#10507);
#10507 = AXIS2_PLACEMENT_3D('',#10508,#10509,#10510);
#10508 = CARTESIAN_POINT('',(92.8,52.4,-1.));
#10509 = DIRECTION('',(0.,1.,0.));
#10510 = DIRECTION('',(1.,0.,0.));
#10511 = DEFINITIONAL_REPRESENTATION('',(#10512),#10515);
#10512 = B_SPLINE_CURVE_WITH_KNOTS('',1,(#10513,#10514),.UNSPECIFIED.,
  .F.,.F.,(2,2),(-87.8,-40.4),.PIECEWISE_BEZIER_KNOTS.);
#10513 = CARTESIAN_POINT('',(47.4,-1.));
#10514 = CARTESIAN_POINT('',(0.,-1.));
#10515 = ( GEOMETRIC_REPRESENTATION_CONTEXT(2) 
PARAMETRIC_REPRESENTATION_CONTEXT() REPRESENTATION_CONTEXT('2D SPACE',''
  ) );
#10516 = ORIENTED_EDGE('',*,*,#10517,.T.);
#10517 = EDGE_CURVE('',#10490,#10518,#10520,.T.);
#10518 = VERTEX_POINT('',#10519);
#10519 = CARTESIAN_POINT('',(140.2,49.8,0.));
#10520 = SURFACE_CURVE('',#10521,(#10526,#10537),.PCURVE_S1.);
#10521 = CIRCLE('',#10522,1.3);
#10522 = AXIS2_PLACEMENT_3D('',#10523,#10524,#10525);
#10523 = CARTESIAN_POINT('',(140.2,51.1,0.));
#10524 = DIRECTION('',(0.,0.,-1.));
#10525 = DIRECTION('',(-1.,0.,0.));
#10526 = PCURVE('',#10179,#10527);
#10527 = DEFINITIONAL_REPRESENTATION('',(#10528),#10536);
#10528 = ( BOUNDED_CURVE() B_SPLINE_CURVE(2,(#10529,#10530,#10531,#10532
    ,#10533,#10534,#10535),.UNSPECIFIED.,.T.,.F.) 
B_SPLINE_CURVE_WITH_KNOTS((1,2,2,2,2,1),(-2.094395102393,0.,
    2.094395102393,4.188790204786,6.28318530718,8.377580409573),
.UNSPECIFIED.) CURVE() GEOMETRIC_REPRESENTATION_ITEM() 
RATIONAL_B_SPLINE_CURVE((1.,0.5,1.,0.5,1.,0.5,1.)) REPRESENTATION_ITEM(
  '') );
#10529 = CARTESIAN_POINT('',(126.9,-19.));
#10530 = CARTESIAN_POINT('',(126.9,-16.74833395016));
#10531 = CARTESIAN_POINT('',(128.85,-17.87416697508));
#10532 = CARTESIAN_POINT('',(130.8,-19.));
#10533 = CARTESIAN_POINT('',(128.85,-20.12583302492));
#10534 = CARTESIAN_POINT('',(126.9,-21.25166604984));
#10535 = CARTESIAN_POINT('',(126.9,-19.));
#10536 = ( GEOMETRIC_REPRESENTATION_CONTEXT(2) 
PARAMETRIC_REPRESENTATION_CONTEXT() REPRESENTATION_CONTEXT('2D SPACE',''
  ) );
#10537 = PCURVE('',#10538,#10543);
#10538 = CYLINDRICAL_SURFACE('',#10539,1.3);
#10539 = AXIS2_PLACEMENT_3D('',#10540,#10541,#10542);
#10540 = CARTESIAN_POINT('',(140.2,51.1,-1.));
#10541 = DIRECTION('',(0.,0.,-1.));
#10542 = DIRECTION('',(-1.,0.,0.));
#10543 = DEFINITIONAL_REPRESENTATION('',(#10544),#10548);
#10544 = LINE('',#10545,#10546);
#10545 = CARTESIAN_POINT('',(0.,-1.));
#10546 = VECTOR('',#10547,1.);
#10547 = DIRECTION('',(1.,0.));
#10548 = ( GEOMETRIC_REPRESENTATION_CONTEXT(2) 
PARAMETRIC_REPRESENTATION_CONTEXT() REPRESENTATION_CONTEXT('2D SPACE',''
  ) );
#10549 = ORIENTED_EDGE('',*,*,#10550,.T.);
#10550 = EDGE_CURVE('',#10518,#10551,#10553,.T.);
#10551 = VERTEX_POINT('',#10552);
#10552 = CARTESIAN_POINT('',(92.8,49.8,0.));
#10553 = SURFACE_CURVE('',#10554,(#10558,#10564),.PCURVE_S1.);
#10554 = LINE('',#10555,#10556);
#10555 = CARTESIAN_POINT('',(64.25,49.8,0.));
#10556 = VECTOR('',#10557,1.);
#10557 = DIRECTION('',(-1.,0.,-0.));
#10558 = PCURVE('',#10179,#10559);
#10559 = DEFINITIONAL_REPRESENTATION('',(#10560),#10563);
#10560 = B_SPLINE_CURVE_WITH_KNOTS('',1,(#10561,#10562),.UNSPECIFIED.,
  .F.,.F.,(2,2),(-75.95,-28.55),.PIECEWISE_BEZIER_KNOTS.);
#10561 = CARTESIAN_POINT('',(128.2,-20.3));
#10562 = CARTESIAN_POINT('',(80.8,-20.3));
#10563 = ( GEOMETRIC_REPRESENTATION_CONTEXT(2) 
PARAMETRIC_REPRESENTATION_CONTEXT() REPRESENTATION_CONTEXT('2D SPACE',''
  ) );
#10564 = PCURVE('',#10565,#10570);
#10565 = PLANE('',#10566);
#10566 = AXIS2_PLACEMENT_3D('',#10567,#10568,#10569);
#10567 = CARTESIAN_POINT('',(116.5,49.8,-1.));
#10568 = DIRECTION('',(0.,1.,0.));
#10569 = DIRECTION('',(1.,0.,0.));
#10570 = DEFINITIONAL_REPRESENTATION('',(#10571),#10574);
#10571 = B_SPLINE_CURVE_WITH_KNOTS('',1,(#10572,#10573),.UNSPECIFIED.,
  .F.,.F.,(2,2),(-75.95,-28.55),.PIECEWISE_BEZIER_KNOTS.);
#10572 = CARTESIAN_POINT('',(23.7,-1.));
#10573 = CARTESIAN_POINT('',(-23.7,-1.));
#10574 = ( GEOMETRIC_REPRESENTATION_CONTEXT(2) 
PARAMETRIC_REPRESENTATION_CONTEXT() REPRESENTATION_CONTEXT('2D SPACE',''
  ) );
#10575 = ORIENTED_EDGE('',*,*,#10576,.T.);
#10576 = EDGE_CURVE('',#10551,#10492,#10577,.T.);
#10577 = SURFACE_CURVE('',#10578,(#10583,#10594),.PCURVE_S1.);
#10578 = CIRCLE('',#10579,1.3);
#10579 = AXIS2_PLACEMENT_3D('',#10580,#10581,#10582);
#10580 = CARTESIAN_POINT('',(92.8,51.1,0.));
#10581 = DIRECTION('',(0.,0.,-1.));
#10582 = DIRECTION('',(1.,0.,0.));
#10583 = PCURVE('',#10179,#10584);
#10584 = DEFINITIONAL_REPRESENTATION('',(#10585),#10593);
#10585 = ( BOUNDED_CURVE() B_SPLINE_CURVE(2,(#10586,#10587,#10588,#10589
    ,#10590,#10591,#10592),.UNSPECIFIED.,.T.,.F.) 
B_SPLINE_CURVE_WITH_KNOTS((1,2,2,2,2,1),(-2.094395102393,0.,
    2.094395102393,4.188790204786,6.28318530718,8.377580409573),
.UNSPECIFIED.) CURVE() GEOMETRIC_REPRESENTATION_ITEM() 
RATIONAL_B_SPLINE_CURVE((1.,0.5,1.,0.5,1.,0.5,1.)) REPRESENTATION_ITEM(
  '') );
#10586 = CARTESIAN_POINT('',(82.1,-19.));
#10587 = CARTESIAN_POINT('',(82.1,-21.25166604984));
#10588 = CARTESIAN_POINT('',(80.15,-20.12583302492));
#10589 = CARTESIAN_POINT('',(78.2,-19.));
#10590 = CARTESIAN_POINT('',(80.15,-17.87416697508));
#10591 = CARTESIAN_POINT('',(82.1,-16.74833395016));
#10592 = CARTESIAN_POINT('',(82.1,-19.));
#10593 = ( GEOMETRIC_REPRESENTATION_CONTEXT(2) 
PARAMETRIC_REPRESENTATION_CONTEXT() REPRESENTATION_CONTEXT('2D SPACE',''
  ) );
#10594 = PCURVE('',#10595,#10600);
#10595 = CYLINDRICAL_SURFACE('',#10596,1.3);
#10596 = AXIS2_PLACEMENT_3D('',#10597,#10598,#10599);
#10597 = CARTESIAN_POINT('',(92.8,51.1,-1.));
#10598 = DIRECTION('',(0.,0.,-1.));
#10599 = DIRECTION('',(1.,0.,0.));
#10600 = DEFINITIONAL_REPRESENTATION('',(#10601),#10605);
#10601 = LINE('',#10602,#10603);
#10602 = CARTESIAN_POINT('',(0.,-1.));
#10603 = VECTOR('',#10604,1.);
#10604 = DIRECTION('',(1.,0.));
#10605 = ( GEOMETRIC_REPRESENTATION_CONTEXT(2) 
PARAMETRIC_REPRESENTATION_CONTEXT() REPRESENTATION_CONTEXT('2D SPACE',''
  ) );
#10606 = FACE_BOUND('',#10607,.F.);
#10607 = EDGE_LOOP('',(#10608,#10636,#10669,#10695));
#10608 = ORIENTED_EDGE('',*,*,#10609,.F.);
#10609 = EDGE_CURVE('',#10610,#10612,#10614,.T.);
#10610 = VERTEX_POINT('',#10611);
#10611 = CARTESIAN_POINT('',(140.2,57.4,0.));
#10612 = VERTEX_POINT('',#10613);
#10613 = CARTESIAN_POINT('',(92.8,57.4,0.));
#10614 = SURFACE_CURVE('',#10615,(#10619,#10625),.PCURVE_S1.);
#10615 = LINE('',#10616,#10617);
#10616 = CARTESIAN_POINT('',(52.4,57.4,0.));
#10617 = VECTOR('',#10618,1.);
#10618 = DIRECTION('',(-1.,0.,-0.));
#10619 = PCURVE('',#10179,#10620);
#10620 = DEFINITIONAL_REPRESENTATION('',(#10621),#10624);
#10621 = B_SPLINE_CURVE_WITH_KNOTS('',1,(#10622,#10623),.UNSPECIFIED.,
  .F.,.F.,(2,2),(-87.8,-40.4),.PIECEWISE_BEZIER_KNOTS.);
#10622 = CARTESIAN_POINT('',(128.2,-12.7));
#10623 = CARTESIAN_POINT('',(80.8,-12.7));
#10624 = ( GEOMETRIC_REPRESENTATION_CONTEXT(2) 
PARAMETRIC_REPRESENTATION_CONTEXT() REPRESENTATION_CONTEXT('2D SPACE',''
  ) );
#10625 = PCURVE('',#10626,#10631);
#10626 = PLANE('',#10627);
#10627 = AXIS2_PLACEMENT_3D('',#10628,#10629,#10630);
#10628 = CARTESIAN_POINT('',(92.8,57.4,-1.));
#10629 = DIRECTION('',(0.,1.,0.));
#10630 = DIRECTION('',(1.,0.,0.));
#10631 = DEFINITIONAL_REPRESENTATION('',(#10632),#10635);
#10632 = B_SPLINE_CURVE_WITH_KNOTS('',1,(#10633,#10634),.UNSPECIFIED.,
  .F.,.F.,(2,2),(-87.8,-40.4),.PIECEWISE_BEZIER_KNOTS.);
#10633 = CARTESIAN_POINT('',(47.4,-1.));
#10634 = CARTESIAN_POINT('',(0.,-1.));
#10635 = ( GEOMETRIC_REPRESENTATION_CONTEXT(2) 
PARAMETRIC_REPRESENTATION_CONTEXT() REPRESENTATION_CONTEXT('2D SPACE',''
  ) );
#10636 = ORIENTED_EDGE('',*,*,#10637,.T.);
#10637 = EDGE_CURVE('',#10610,#10638,#10640,.T.);
#10638 = VERTEX_POINT('',#10639);
#10639 = CARTESIAN_POINT('',(140.2,54.8,0.));
#10640 = SURFACE_CURVE('',#10641,(#10646,#10657),.PCURVE_S1.);
#10641 = CIRCLE('',#10642,1.3);
#10642 = AXIS2_PLACEMENT_3D('',#10643,#10644,#10645);
#10643 = CARTESIAN_POINT('',(140.2,56.1,0.));
#10644 = DIRECTION('',(0.,0.,-1.));
#10645 = DIRECTION('',(-1.,0.,0.));
#10646 = PCURVE('',#10179,#10647);
#10647 = DEFINITIONAL_REPRESENTATION('',(#10648),#10656);
#10648 = ( BOUNDED_CURVE() B_SPLINE_CURVE(2,(#10649,#10650,#10651,#10652
    ,#10653,#10654,#10655),.UNSPECIFIED.,.T.,.F.) 
B_SPLINE_CURVE_WITH_KNOTS((1,2,2,2,2,1),(-2.094395102393,0.,
    2.094395102393,4.188790204786,6.28318530718,8.377580409573),
.UNSPECIFIED.) CURVE() GEOMETRIC_REPRESENTATION_ITEM() 
RATIONAL_B_SPLINE_CURVE((1.,0.5,1.,0.5,1.,0.5,1.)) REPRESENTATION_ITEM(
  '') );
#10649 = CARTESIAN_POINT('',(126.9,-14.));
#10650 = CARTESIAN_POINT('',(126.9,-11.74833395016));
#10651 = CARTESIAN_POINT('',(128.85,-12.87416697508));
#10652 = CARTESIAN_POINT('',(130.8,-14.));
#10653 = CARTESIAN_POINT('',(128.85,-15.12583302492));
#10654 = CARTESIAN_POINT('',(126.9,-16.25166604984));
#10655 = CARTESIAN_POINT('',(126.9,-14.));
#10656 = ( GEOMETRIC_REPRESENTATION_CONTEXT(2) 
PARAMETRIC_REPRESENTATION_CONTEXT() REPRESENTATION_CONTEXT('2D SPACE',''
  ) );
#10657 = PCURVE('',#10658,#10663);
#10658 = CYLINDRICAL_SURFACE('',#10659,1.3);
#10659 = AXIS2_PLACEMENT_3D('',#10660,#10661,#10662);
#10660 = CARTESIAN_POINT('',(140.2,56.1,-1.));
#10661 = DIRECTION('',(0.,0.,-1.));
#10662 = DIRECTION('',(-1.,0.,0.));
#10663 = DEFINITIONAL_REPRESENTATION('',(#10664),#10668);
#10664 = LINE('',#10665,#10666);
#10665 = CARTESIAN_POINT('',(0.,-1.));
#10666 = VECTOR('',#10667,1.);
#10667 = DIRECTION('',(1.,0.));
#10668 = ( GEOMETRIC_REPRESENTATION_CONTEXT(2) 
PARAMETRIC_REPRESENTATION_CONTEXT() REPRESENTATION_CONTEXT('2D SPACE',''
  ) );
#10669 = ORIENTED_EDGE('',*,*,#10670,.T.);
#10670 = EDGE_CURVE('',#10638,#10671,#10673,.T.);
#10671 = VERTEX_POINT('',#10672);
#10672 = CARTESIAN_POINT('',(92.8,54.8,0.));
#10673 = SURFACE_CURVE('',#10674,(#10678,#10684),.PCURVE_S1.);
#10674 = LINE('',#10675,#10676);
#10675 = CARTESIAN_POINT('',(64.25,54.8,0.));
#10676 = VECTOR('',#10677,1.);
#10677 = DIRECTION('',(-1.,0.,-0.));
#10678 = PCURVE('',#10179,#10679);
#10679 = DEFINITIONAL_REPRESENTATION('',(#10680),#10683);
#10680 = B_SPLINE_CURVE_WITH_KNOTS('',1,(#10681,#10682),.UNSPECIFIED.,
  .F.,.F.,(2,2),(-75.95,-28.55),.PIECEWISE_BEZIER_KNOTS.);
#10681 = CARTESIAN_POINT('',(128.2,-15.3));
#10682 = CARTESIAN_POINT('',(80.8,-15.3));
#10683 = ( GEOMETRIC_REPRESENTATION_CONTEXT(2) 
PARAMETRIC_REPRESENTATION_CONTEXT() REPRESENTATION_CONTEXT('2D SPACE',''
  ) );
#10684 = PCURVE('',#10685,#10690);
#10685 = PLANE('',#10686);
#10686 = AXIS2_PLACEMENT_3D('',#10687,#10688,#10689);
#10687 = CARTESIAN_POINT('',(116.5,54.8,-1.));
#10688 = DIRECTION('',(0.,1.,0.));
#10689 = DIRECTION('',(1.,0.,0.));
#10690 = DEFINITIONAL_REPRESENTATION('',(#10691),#10694);
#10691 = B_SPLINE_CURVE_WITH_KNOTS('',1,(#10692,#10693),.UNSPECIFIED.,
  .F.,.F.,(2,2),(-75.95,-28.55),.PIECEWISE_BEZIER_KNOTS.);
#10692 = CARTESIAN_POINT('',(23.7,-1.));
#10693 = CARTESIAN_POINT('',(-23.7,-1.));
#10694 = ( GEOMETRIC_REPRESENTATION_CONTEXT(2) 
PARAMETRIC_REPRESENTATION_CONTEXT() REPRESENTATION_CONTEXT('2D SPACE',''
  ) );
#10695 = ORIENTED_EDGE('',*,*,#10696,.T.);
#10696 = EDGE_CURVE('',#10671,#10612,#10697,.T.);
#10697 = SURFACE_CURVE('',#10698,(#10703,#10714),.PCURVE_S1.);
#10698 = CIRCLE('',#10699,1.3);
#10699 = AXIS2_PLACEMENT_3D('',#10700,#10701,#10702);
#10700 = CARTESIAN_POINT('',(92.8,56.1,0.));
#10701 = DIRECTION('',(0.,0.,-1.));
#10702 = DIRECTION('',(1.,0.,0.));
#10703 = PCURVE('',#10179,#10704);
#10704 = DEFINITIONAL_REPRESENTATION('',(#10705),#10713);
#10705 = ( BOUNDED_CURVE() B_SPLINE_CURVE(2,(#10706,#10707,#10708,#10709
    ,#10710,#10711,#10712),.UNSPECIFIED.,.T.,.F.) 
B_SPLINE_CURVE_WITH_KNOTS((1,2,2,2,2,1),(-2.094395102393,0.,
    2.094395102393,4.188790204786,6.28318530718,8.377580409573),
.UNSPECIFIED.) CURVE() GEOMETRIC_REPRESENTATION_ITEM() 
RATIONAL_B_SPLINE_CURVE((1.,0.5,1.,0.5,1.,0.5,1.)) REPRESENTATION_ITEM(
  '') );
#10706 = CARTESIAN_POINT('',(82.1,-14.));
#10707 = CARTESIAN_POINT('',(82.1,-16.25166604984));
#10708 = CARTESIAN_POINT('',(80.15,-15.12583302492));
#10709 = CARTESIAN_POINT('',(78.2,-14.));
#10710 = CARTESIAN_POINT('',(80.15,-12.87416697508));
#10711 = CARTESIAN_POINT('',(82.1,-11.74833395016));
#10712 = CARTESIAN_POINT('',(82.1,-14.));
#10713 = ( GEOMETRIC_REPRESENTATION_CONTEXT(2) 
PARAMETRIC_REPRESENTATION_CONTEXT() REPRESENTATION_CONTEXT('2D SPACE',''
  ) );
#10714 = PCURVE('',#10715,#10720);
#10715 = CYLINDRICAL_SURFACE('',#10716,1.3);
#10716 = AXIS2_PLACEMENT_3D('',#10717,#10718,#10719);
#10717 = CARTESIAN_POINT('',(92.8,56.1,-1.));
#10718 = DIRECTION('',(0.,0.,-1.));
#10719 = DIRECTION('',(1.,0.,0.));
#10720 = DEFINITIONAL_REPRESENTATION('',(#10721),#10725);
#10721 = LINE('',#10722,#10723);
#10722 = CARTESIAN_POINT('',(0.,-1.));
#10723 = VECTOR('',#10724,1.);
#10724 = DIRECTION('',(1.,0.));
#10725 = ( GEOMETRIC_REPRESENTATION_CONTEXT(2) 
PARAMETRIC_REPRESENTATION_CONTEXT() REPRESENTATION_CONTEXT('2D SPACE',''
  ) );
#10726 = FACE_BOUND('',#10727,.F.);
#10727 = EDGE_LOOP('',(#10728,#10756,#10789,#10815));
#10728 = ORIENTED_EDGE('',*,*,#10729,.F.);
#10729 = EDGE_CURVE('',#10730,#10732,#10734,.T.);
#10730 = VERTEX_POINT('',#10731);
#10731 = CARTESIAN_POINT('',(140.2,62.4,0.));
#10732 = VERTEX_POINT('',#10733);
#10733 = CARTESIAN_POINT('',(92.8,62.4,0.));
#10734 = SURFACE_CURVE('',#10735,(#10739,#10745),.PCURVE_S1.);
#10735 = LINE('',#10736,#10737);
#10736 = CARTESIAN_POINT('',(52.4,62.4,0.));
#10737 = VECTOR('',#10738,1.);
#10738 = DIRECTION('',(-1.,0.,-0.));
#10739 = PCURVE('',#10179,#10740);
#10740 = DEFINITIONAL_REPRESENTATION('',(#10741),#10744);
#10741 = B_SPLINE_CURVE_WITH_KNOTS('',1,(#10742,#10743),.UNSPECIFIED.,
  .F.,.F.,(2,2),(-87.8,-40.4),.PIECEWISE_BEZIER_KNOTS.);
#10742 = CARTESIAN_POINT('',(128.2,-7.7));
#10743 = CARTESIAN_POINT('',(80.8,-7.7));
#10744 = ( GEOMETRIC_REPRESENTATION_CONTEXT(2) 
PARAMETRIC_REPRESENTATION_CONTEXT() REPRESENTATION_CONTEXT('2D SPACE',''
  ) );
#10745 = PCURVE('',#10746,#10751);
#10746 = PLANE('',#10747);
#10747 = AXIS2_PLACEMENT_3D('',#10748,#10749,#10750);
#10748 = CARTESIAN_POINT('',(92.8,62.4,-1.));
#10749 = DIRECTION('',(0.,1.,0.));
#10750 = DIRECTION('',(1.,0.,0.));
#10751 = DEFINITIONAL_REPRESENTATION('',(#10752),#10755);
#10752 = B_SPLINE_CURVE_WITH_KNOTS('',1,(#10753,#10754),.UNSPECIFIED.,
  .F.,.F.,(2,2),(-87.8,-40.4),.PIECEWISE_BEZIER_KNOTS.);
#10753 = CARTESIAN_POINT('',(47.4,-1.));
#10754 = CARTESIAN_POINT('',(0.,-1.));
#10755 = ( GEOMETRIC_REPRESENTATION_CONTEXT(2) 
PARAMETRIC_REPRESENTATION_CONTEXT() REPRESENTATION_CONTEXT('2D SPACE',''
  ) );
#10756 = ORIENTED_EDGE('',*,*,#10757,.T.);
#10757 = EDGE_CURVE('',#10730,#10758,#10760,.T.);
#10758 = VERTEX_POINT('',#10759);
#10759 = CARTESIAN_POINT('',(140.2,59.8,0.));
#10760 = SURFACE_CURVE('',#10761,(#10766,#10777),.PCURVE_S1.);
#10761 = CIRCLE('',#10762,1.3);
#10762 = AXIS2_PLACEMENT_3D('',#10763,#10764,#10765);
#10763 = CARTESIAN_POINT('',(140.2,61.1,0.));
#10764 = DIRECTION('',(0.,0.,-1.));
#10765 = DIRECTION('',(-1.,0.,0.));
#10766 = PCURVE('',#10179,#10767);
#10767 = DEFINITIONAL_REPRESENTATION('',(#10768),#10776);
#10768 = ( BOUNDED_CURVE() B_SPLINE_CURVE(2,(#10769,#10770,#10771,#10772
    ,#10773,#10774,#10775),.UNSPECIFIED.,.T.,.F.) 
B_SPLINE_CURVE_WITH_KNOTS((1,2,2,2,2,1),(-2.094395102393,0.,
    2.094395102393,4.188790204786,6.28318530718,8.377580409573),
.UNSPECIFIED.) CURVE() GEOMETRIC_REPRESENTATION_ITEM() 
RATIONAL_B_SPLINE_CURVE((1.,0.5,1.,0.5,1.,0.5,1.)) REPRESENTATION_ITEM(
  '') );
#10769 = CARTESIAN_POINT('',(126.9,-9.));
#10770 = CARTESIAN_POINT('',(126.9,-6.74833395016));
#10771 = CARTESIAN_POINT('',(128.85,-7.87416697508));
#10772 = CARTESIAN_POINT('',(130.8,-9.));
#10773 = CARTESIAN_POINT('',(128.85,-10.12583302492));
#10774 = CARTESIAN_POINT('',(126.9,-11.25166604984));
#10775 = CARTESIAN_POINT('',(126.9,-9.));
#10776 = ( GEOMETRIC_REPRESENTATION_CONTEXT(2) 
PARAMETRIC_REPRESENTATION_CONTEXT() REPRESENTATION_CONTEXT('2D SPACE',''
  ) );
#10777 = PCURVE('',#10778,#10783);
#10778 = CYLINDRICAL_SURFACE('',#10779,1.3);
#10779 = AXIS2_PLACEMENT_3D('',#10780,#10781,#10782);
#10780 = CARTESIAN_POINT('',(140.2,61.1,-1.));
#10781 = DIRECTION('',(0.,0.,-1.));
#10782 = DIRECTION('',(-1.,0.,0.));
#10783 = DEFINITIONAL_REPRESENTATION('',(#10784),#10788);
#10784 = LINE('',#10785,#10786);
#10785 = CARTESIAN_POINT('',(0.,-1.));
#10786 = VECTOR('',#10787,1.);
#10787 = DIRECTION('',(1.,0.));
#10788 = ( GEOMETRIC_REPRESENTATION_CONTEXT(2) 
PARAMETRIC_REPRESENTATION_CONTEXT() REPRESENTATION_CONTEXT('2D SPACE',''
  ) );
#10789 = ORIENTED_EDGE('',*,*,#10790,.T.);
#10790 = EDGE_CURVE('',#10758,#10791,#10793,.T.);
#10791 = VERTEX_POINT('',#10792);
#10792 = CARTESIAN_POINT('',(92.8,59.8,0.));
#10793 = SURFACE_CURVE('',#10794,(#10798,#10804),.PCURVE_S1.);
#10794 = LINE('',#10795,#10796);
#10795 = CARTESIAN_POINT('',(64.25,59.8,0.));
#10796 = VECTOR('',#10797,1.);
#10797 = DIRECTION('',(-1.,0.,-0.));
#10798 = PCURVE('',#10179,#10799);
#10799 = DEFINITIONAL_REPRESENTATION('',(#10800),#10803);
#10800 = B_SPLINE_CURVE_WITH_KNOTS('',1,(#10801,#10802),.UNSPECIFIED.,
  .F.,.F.,(2,2),(-75.95,-28.55),.PIECEWISE_BEZIER_KNOTS.);
#10801 = CARTESIAN_POINT('',(128.2,-10.3));
#10802 = CARTESIAN_POINT('',(80.8,-10.3));
#10803 = ( GEOMETRIC_REPRESENTATION_CONTEXT(2) 
PARAMETRIC_REPRESENTATION_CONTEXT() REPRESENTATION_CONTEXT('2D SPACE',''
  ) );
#10804 = PCURVE('',#10805,#10810);
#10805 = PLANE('',#10806);
#10806 = AXIS2_PLACEMENT_3D('',#10807,#10808,#10809);
#10807 = CARTESIAN_POINT('',(116.5,59.8,-1.));
#10808 = DIRECTION('',(0.,1.,0.));
#10809 = DIRECTION('',(1.,0.,0.));
#10810 = DEFINITIONAL_REPRESENTATION('',(#10811),#10814);
#10811 = B_SPLINE_CURVE_WITH_KNOTS('',1,(#10812,#10813),.UNSPECIFIED.,
  .F.,.F.,(2,2),(-75.95,-28.55),.PIECEWISE_BEZIER_KNOTS.);
#10812 = CARTESIAN_POINT('',(23.7,-1.));
#10813 = CARTESIAN_POINT('',(-23.7,-1.));
#10814 = ( GEOMETRIC_REPRESENTATION_CONTEXT(2) 
PARAMETRIC_REPRESENTATION_CONTEXT() REPRESENTATION_CONTEXT('2D SPACE',''
  ) );
#10815 = ORIENTED_EDGE('',*,*,#10816,.T.);
#10816 = EDGE_CURVE('',#10791,#10732,#10817,.T.);
#10817 = SURFACE_CURVE('',#10818,(#10823,#10834),.PCURVE_S1.);
#10818 = CIRCLE('',#10819,1.3);
#10819 = AXIS2_PLACEMENT_3D('',#10820,#10821,#10822);
#10820 = CARTESIAN_POINT('',(92.8,61.1,0.));
#10821 = DIRECTION('',(0.,0.,-1.));
#10822 = DIRECTION('',(1.,0.,0.));
#10823 = PCURVE('',#10179,#10824);
#10824 = DEFINITIONAL_REPRESENTATION('',(#10825),#10833);
#10825 = ( BOUNDED_CURVE() B_SPLINE_CURVE(2,(#10826,#10827,#10828,#10829
    ,#10830,#10831,#10832),.UNSPECIFIED.,.T.,.F.) 
B_SPLINE_CURVE_WITH_KNOTS((1,2,2,2,2,1),(-2.094395102393,0.,
    2.094395102393,4.188790204786,6.28318530718,8.377580409573),
.UNSPECIFIED.) CURVE() GEOMETRIC_REPRESENTATION_ITEM() 
RATIONAL_B_SPLINE_CURVE((1.,0.5,1.,0.5,1.,0.5,1.)) REPRESENTATION_ITEM(
  '') );
#10826 = CARTESIAN_POINT('',(82.1,-9.));
#10827 = CARTESIAN_POINT('',(82.1,-11.25166604984));
#10828 = CARTESIAN_POINT('',(80.15,-10.12583302492));
#10829 = CARTESIAN_POINT('',(78.2,-9.));
#10830 = CARTESIAN_POINT('',(80.15,-7.87416697508));
#10831 = CARTESIAN_POINT('',(82.1,-6.74833395016));
#10832 = CARTESIAN_POINT('',(82.1,-9.));
#10833 = ( GEOMETRIC_REPRESENTATION_CONTEXT(2) 
PARAMETRIC_REPRESENTATION_CONTEXT() REPRESENTATION_CONTEXT('2D SPACE',''
  ) );
#10834 = PCURVE('',#10835,#10840);
#10835 = CYLINDRICAL_SURFACE('',#10836,1.3);
#10836 = AXIS2_PLACEMENT_3D('',#10837,#10838,#10839);
#10837 = CARTESIAN_POINT('',(92.8,61.1,-1.));
#10838 = DIRECTION('',(0.,0.,-1.));
#10839 = DIRECTION('',(1.,0.,0.));
#10840 = DEFINITIONAL_REPRESENTATION('',(#10841),#10845);
#10841 = LINE('',#10842,#10843);
#10842 = CARTESIAN_POINT('',(0.,-1.));
#10843 = VECTOR('',#10844,1.);
#10844 = DIRECTION('',(1.,0.));
#10845 = ( GEOMETRIC_REPRESENTATION_CONTEXT(2) 
PARAMETRIC_REPRESENTATION_CONTEXT() REPRESENTATION_CONTEXT('2D SPACE',''
  ) );
#10846 = ADVANCED_FACE('',(#10847),#10805,.T.);
#10847 = FACE_BOUND('',#10848,.T.);
#10848 = EDGE_LOOP('',(#10849,#10872,#10873,#10896));
#10849 = ORIENTED_EDGE('',*,*,#10850,.F.);
#10850 = EDGE_CURVE('',#10758,#10851,#10853,.T.);
#10851 = VERTEX_POINT('',#10852);
#10852 = CARTESIAN_POINT('',(140.2,59.8,2.5));
#10853 = SURFACE_CURVE('',#10854,(#10858,#10865),.PCURVE_S1.);
#10854 = LINE('',#10855,#10856);
#10855 = CARTESIAN_POINT('',(140.2,59.8,-1.));
#10856 = VECTOR('',#10857,1.);
#10857 = DIRECTION('',(0.,0.,1.));
#10858 = PCURVE('',#10805,#10859);
#10859 = DEFINITIONAL_REPRESENTATION('',(#10860),#10864);
#10860 = LINE('',#10861,#10862);
#10861 = CARTESIAN_POINT('',(23.7,0.));
#10862 = VECTOR('',#10863,1.);
#10863 = DIRECTION('',(0.,-1.));
#10864 = ( GEOMETRIC_REPRESENTATION_CONTEXT(2) 
PARAMETRIC_REPRESENTATION_CONTEXT() REPRESENTATION_CONTEXT('2D SPACE',''
  ) );
#10865 = PCURVE('',#10778,#10866);
#10866 = DEFINITIONAL_REPRESENTATION('',(#10867),#10871);
#10867 = LINE('',#10868,#10869);
#10868 = CARTESIAN_POINT('',(4.712388980385,0.));
#10869 = VECTOR('',#10870,1.);
#10870 = DIRECTION('',(0.,-1.));
#10871 = ( GEOMETRIC_REPRESENTATION_CONTEXT(2) 
PARAMETRIC_REPRESENTATION_CONTEXT() REPRESENTATION_CONTEXT('2D SPACE',''
  ) );
#10872 = ORIENTED_EDGE('',*,*,#10790,.T.);
#10873 = ORIENTED_EDGE('',*,*,#10874,.T.);
#10874 = EDGE_CURVE('',#10791,#10875,#10877,.T.);
#10875 = VERTEX_POINT('',#10876);
#10876 = CARTESIAN_POINT('',(92.8,59.8,2.5));
#10877 = SURFACE_CURVE('',#10878,(#10882,#10889),.PCURVE_S1.);
#10878 = LINE('',#10879,#10880);
#10879 = CARTESIAN_POINT('',(92.8,59.8,-1.));
#10880 = VECTOR('',#10881,1.);
#10881 = DIRECTION('',(0.,0.,1.));
#10882 = PCURVE('',#10805,#10883);
#10883 = DEFINITIONAL_REPRESENTATION('',(#10884),#10888);
#10884 = LINE('',#10885,#10886);
#10885 = CARTESIAN_POINT('',(-23.7,0.));
#10886 = VECTOR('',#10887,1.);
#10887 = DIRECTION('',(0.,-1.));
#10888 = ( GEOMETRIC_REPRESENTATION_CONTEXT(2) 
PARAMETRIC_REPRESENTATION_CONTEXT() REPRESENTATION_CONTEXT('2D SPACE',''
  ) );
#10889 = PCURVE('',#10835,#10890);
#10890 = DEFINITIONAL_REPRESENTATION('',(#10891),#10895);
#10891 = LINE('',#10892,#10893);
#10892 = CARTESIAN_POINT('',(1.570796326795,0.));
#10893 = VECTOR('',#10894,1.);
#10894 = DIRECTION('',(0.,-1.));
#10895 = ( GEOMETRIC_REPRESENTATION_CONTEXT(2) 
PARAMETRIC_REPRESENTATION_CONTEXT() REPRESENTATION_CONTEXT('2D SPACE',''
  ) );
#10896 = ORIENTED_EDGE('',*,*,#10897,.F.);
#10897 = EDGE_CURVE('',#10851,#10875,#10898,.T.);
#10898 = SURFACE_CURVE('',#10899,(#10903,#10909),.PCURVE_S1.);
#10899 = LINE('',#10900,#10901);
#10900 = CARTESIAN_POINT('',(64.25,59.8,2.5));
#10901 = VECTOR('',#10902,1.);
#10902 = DIRECTION('',(-1.,0.,-0.));
#10903 = PCURVE('',#10805,#10904);
#10904 = DEFINITIONAL_REPRESENTATION('',(#10905),#10908);
#10905 = B_SPLINE_CURVE_WITH_KNOTS('',1,(#10906,#10907),.UNSPECIFIED.,
  .F.,.F.,(2,2),(-75.95,-28.55),.PIECEWISE_BEZIER_KNOTS.);
#10906 = CARTESIAN_POINT('',(23.7,-3.5));
#10907 = CARTESIAN_POINT('',(-23.7,-3.5));
#10908 = ( GEOMETRIC_REPRESENTATION_CONTEXT(2) 
PARAMETRIC_REPRESENTATION_CONTEXT() REPRESENTATION_CONTEXT('2D SPACE',''
  ) );
#10909 = PCURVE('',#1372,#10910);
#10910 = DEFINITIONAL_REPRESENTATION('',(#10911),#10914);
#10911 = B_SPLINE_CURVE_WITH_KNOTS('',1,(#10912,#10913),.UNSPECIFIED.,
  .F.,.F.,(2,2),(-75.95,-28.55),.PIECEWISE_BEZIER_KNOTS.);
#10912 = CARTESIAN_POINT('',(128.2,-11.3));
#10913 = CARTESIAN_POINT('',(80.8,-11.3));
#10914 = ( GEOMETRIC_REPRESENTATION_CONTEXT(2) 
PARAMETRIC_REPRESENTATION_CONTEXT() REPRESENTATION_CONTEXT('2D SPACE',''
  ) );
#10915 = ADVANCED_FACE('',(#10916),#10835,.F.);
#10916 = FACE_BOUND('',#10917,.F.);
#10917 = EDGE_LOOP('',(#10918,#10919,#10920,#10948));
#10918 = ORIENTED_EDGE('',*,*,#10816,.F.);
#10919 = ORIENTED_EDGE('',*,*,#10874,.T.);
#10920 = ORIENTED_EDGE('',*,*,#10921,.T.);
#10921 = EDGE_CURVE('',#10875,#10922,#10924,.T.);
#10922 = VERTEX_POINT('',#10923);
#10923 = CARTESIAN_POINT('',(92.8,62.4,2.5));
#10924 = SURFACE_CURVE('',#10925,(#10930,#10937),.PCURVE_S1.);
#10925 = CIRCLE('',#10926,1.3);
#10926 = AXIS2_PLACEMENT_3D('',#10927,#10928,#10929);
#10927 = CARTESIAN_POINT('',(92.8,61.1,2.5));
#10928 = DIRECTION('',(0.,0.,-1.));
#10929 = DIRECTION('',(1.,0.,0.));
#10930 = PCURVE('',#10835,#10931);
#10931 = DEFINITIONAL_REPRESENTATION('',(#10932),#10936);
#10932 = LINE('',#10933,#10934);
#10933 = CARTESIAN_POINT('',(0.,-3.5));
#10934 = VECTOR('',#10935,1.);
#10935 = DIRECTION('',(1.,0.));
#10936 = ( GEOMETRIC_REPRESENTATION_CONTEXT(2) 
PARAMETRIC_REPRESENTATION_CONTEXT() REPRESENTATION_CONTEXT('2D SPACE',''
  ) );
#10937 = PCURVE('',#1372,#10938);
#10938 = DEFINITIONAL_REPRESENTATION('',(#10939),#10947);
#10939 = ( BOUNDED_CURVE() B_SPLINE_CURVE(2,(#10940,#10941,#10942,#10943
    ,#10944,#10945,#10946),.UNSPECIFIED.,.T.,.F.) 
B_SPLINE_CURVE_WITH_KNOTS((1,2,2,2,2,1),(-2.094395102393,0.,
    2.094395102393,4.188790204786,6.28318530718,8.377580409573),
.UNSPECIFIED.) CURVE() GEOMETRIC_REPRESENTATION_ITEM() 
RATIONAL_B_SPLINE_CURVE((1.,0.5,1.,0.5,1.,0.5,1.)) REPRESENTATION_ITEM(
  '') );
#10940 = CARTESIAN_POINT('',(82.1,-10.));
#10941 = CARTESIAN_POINT('',(82.1,-12.25166604984));
#10942 = CARTESIAN_POINT('',(80.15,-11.12583302492));
#10943 = CARTESIAN_POINT('',(78.2,-10.));
#10944 = CARTESIAN_POINT('',(80.15,-8.87416697508));
#10945 = CARTESIAN_POINT('',(82.1,-7.74833395016));
#10946 = CARTESIAN_POINT('',(82.1,-10.));
#10947 = ( GEOMETRIC_REPRESENTATION_CONTEXT(2) 
PARAMETRIC_REPRESENTATION_CONTEXT() REPRESENTATION_CONTEXT('2D SPACE',''
  ) );
#10948 = ORIENTED_EDGE('',*,*,#10949,.F.);
#10949 = EDGE_CURVE('',#10732,#10922,#10950,.T.);
#10950 = SURFACE_CURVE('',#10951,(#10955,#10962),.PCURVE_S1.);
#10951 = LINE('',#10952,#10953);
#10952 = CARTESIAN_POINT('',(92.8,62.4,-1.));
#10953 = VECTOR('',#10954,1.);
#10954 = DIRECTION('',(0.,0.,1.));
#10955 = PCURVE('',#10835,#10956);
#10956 = DEFINITIONAL_REPRESENTATION('',(#10957),#10961);
#10957 = LINE('',#10958,#10959);
#10958 = CARTESIAN_POINT('',(4.712388980385,0.));
#10959 = VECTOR('',#10960,1.);
#10960 = DIRECTION('',(0.,-1.));
#10961 = ( GEOMETRIC_REPRESENTATION_CONTEXT(2) 
PARAMETRIC_REPRESENTATION_CONTEXT() REPRESENTATION_CONTEXT('2D SPACE',''
  ) );
#10962 = PCURVE('',#10746,#10963);
#10963 = DEFINITIONAL_REPRESENTATION('',(#10964),#10968);
#10964 = LINE('',#10965,#10966);
#10965 = CARTESIAN_POINT('',(0.,0.));
#10966 = VECTOR('',#10967,1.);
#10967 = DIRECTION('',(0.,-1.));
#10968 = ( GEOMETRIC_REPRESENTATION_CONTEXT(2) 
PARAMETRIC_REPRESENTATION_CONTEXT() REPRESENTATION_CONTEXT('2D SPACE',''
  ) );
#10969 = ADVANCED_FACE('',(#10970),#10778,.F.);
#10970 = FACE_BOUND('',#10971,.F.);
#10971 = EDGE_LOOP('',(#10972,#10973,#10996,#11022));
#10972 = ORIENTED_EDGE('',*,*,#10757,.F.);
#10973 = ORIENTED_EDGE('',*,*,#10974,.T.);
#10974 = EDGE_CURVE('',#10730,#10975,#10977,.T.);
#10975 = VERTEX_POINT('',#10976);
#10976 = CARTESIAN_POINT('',(140.2,62.4,2.5));
#10977 = SURFACE_CURVE('',#10978,(#10982,#10989),.PCURVE_S1.);
#10978 = LINE('',#10979,#10980);
#10979 = CARTESIAN_POINT('',(140.2,62.4,-1.));
#10980 = VECTOR('',#10981,1.);
#10981 = DIRECTION('',(0.,0.,1.));
#10982 = PCURVE('',#10778,#10983);
#10983 = DEFINITIONAL_REPRESENTATION('',(#10984),#10988);
#10984 = LINE('',#10985,#10986);
#10985 = CARTESIAN_POINT('',(1.570796326795,0.));
#10986 = VECTOR('',#10987,1.);
#10987 = DIRECTION('',(0.,-1.));
#10988 = ( GEOMETRIC_REPRESENTATION_CONTEXT(2) 
PARAMETRIC_REPRESENTATION_CONTEXT() REPRESENTATION_CONTEXT('2D SPACE',''
  ) );
#10989 = PCURVE('',#10746,#10990);
#10990 = DEFINITIONAL_REPRESENTATION('',(#10991),#10995);
#10991 = LINE('',#10992,#10993);
#10992 = CARTESIAN_POINT('',(47.4,0.));
#10993 = VECTOR('',#10994,1.);
#10994 = DIRECTION('',(0.,-1.));
#10995 = ( GEOMETRIC_REPRESENTATION_CONTEXT(2) 
PARAMETRIC_REPRESENTATION_CONTEXT() REPRESENTATION_CONTEXT('2D SPACE',''
  ) );
#10996 = ORIENTED_EDGE('',*,*,#10997,.T.);
#10997 = EDGE_CURVE('',#10975,#10851,#10998,.T.);
#10998 = SURFACE_CURVE('',#10999,(#11004,#11011),.PCURVE_S1.);
#10999 = CIRCLE('',#11000,1.3);
#11000 = AXIS2_PLACEMENT_3D('',#11001,#11002,#11003);
#11001 = CARTESIAN_POINT('',(140.2,61.1,2.5));
#11002 = DIRECTION('',(0.,0.,-1.));
#11003 = DIRECTION('',(-1.,0.,0.));
#11004 = PCURVE('',#10778,#11005);
#11005 = DEFINITIONAL_REPRESENTATION('',(#11006),#11010);
#11006 = LINE('',#11007,#11008);
#11007 = CARTESIAN_POINT('',(0.,-3.5));
#11008 = VECTOR('',#11009,1.);
#11009 = DIRECTION('',(1.,0.));
#11010 = ( GEOMETRIC_REPRESENTATION_CONTEXT(2) 
PARAMETRIC_REPRESENTATION_CONTEXT() REPRESENTATION_CONTEXT('2D SPACE',''
  ) );
#11011 = PCURVE('',#1372,#11012);
#11012 = DEFINITIONAL_REPRESENTATION('',(#11013),#11021);
#11013 = ( BOUNDED_CURVE() B_SPLINE_CURVE(2,(#11014,#11015,#11016,#11017
    ,#11018,#11019,#11020),.UNSPECIFIED.,.T.,.F.) 
B_SPLINE_CURVE_WITH_KNOTS((1,2,2,2,2,1),(-2.094395102393,0.,
    2.094395102393,4.188790204786,6.28318530718,8.377580409573),
.UNSPECIFIED.) CURVE() GEOMETRIC_REPRESENTATION_ITEM() 
RATIONAL_B_SPLINE_CURVE((1.,0.5,1.,0.5,1.,0.5,1.)) REPRESENTATION_ITEM(
  '') );
#11014 = CARTESIAN_POINT('',(126.9,-10.));
#11015 = CARTESIAN_POINT('',(126.9,-7.74833395016));
#11016 = CARTESIAN_POINT('',(128.85,-8.87416697508));
#11017 = CARTESIAN_POINT('',(130.8,-10.));
#11018 = CARTESIAN_POINT('',(128.85,-11.12583302492));
#11019 = CARTESIAN_POINT('',(126.9,-12.25166604984));
#11020 = CARTESIAN_POINT('',(126.9,-10.));
#11021 = ( GEOMETRIC_REPRESENTATION_CONTEXT(2) 
PARAMETRIC_REPRESENTATION_CONTEXT() REPRESENTATION_CONTEXT('2D SPACE',''
  ) );
#11022 = ORIENTED_EDGE('',*,*,#10850,.F.);
#11023 = ADVANCED_FACE('',(#11024),#10746,.F.);
#11024 = FACE_BOUND('',#11025,.F.);
#11025 = EDGE_LOOP('',(#11026,#11027,#11028,#11047));
#11026 = ORIENTED_EDGE('',*,*,#10729,.T.);
#11027 = ORIENTED_EDGE('',*,*,#10949,.T.);
#11028 = ORIENTED_EDGE('',*,*,#11029,.F.);
#11029 = EDGE_CURVE('',#10975,#10922,#11030,.T.);
#11030 = SURFACE_CURVE('',#11031,(#11035,#11041),.PCURVE_S1.);
#11031 = LINE('',#11032,#11033);
#11032 = CARTESIAN_POINT('',(52.4,62.4,2.5));
#11033 = VECTOR('',#11034,1.);
#11034 = DIRECTION('',(-1.,0.,-0.));
#11035 = PCURVE('',#10746,#11036);
#11036 = DEFINITIONAL_REPRESENTATION('',(#11037),#11040);
#11037 = B_SPLINE_CURVE_WITH_KNOTS('',1,(#11038,#11039),.UNSPECIFIED.,
  .F.,.F.,(2,2),(-87.8,-40.4),.PIECEWISE_BEZIER_KNOTS.);
#11038 = CARTESIAN_POINT('',(47.4,-3.5));
#11039 = CARTESIAN_POINT('',(0.,-3.5));
#11040 = ( GEOMETRIC_REPRESENTATION_CONTEXT(2) 
PARAMETRIC_REPRESENTATION_CONTEXT() REPRESENTATION_CONTEXT('2D SPACE',''
  ) );
#11041 = PCURVE('',#1372,#11042);
#11042 = DEFINITIONAL_REPRESENTATION('',(#11043),#11046);
#11043 = B_SPLINE_CURVE_WITH_KNOTS('',1,(#11044,#11045),.UNSPECIFIED.,
  .F.,.F.,(2,2),(-87.8,-40.4),.PIECEWISE_BEZIER_KNOTS.);
#11044 = CARTESIAN_POINT('',(128.2,-8.7));
#11045 = CARTESIAN_POINT('',(80.8,-8.7));
#11046 = ( GEOMETRIC_REPRESENTATION_CONTEXT(2) 
PARAMETRIC_REPRESENTATION_CONTEXT() REPRESENTATION_CONTEXT('2D SPACE',''
  ) );
#11047 = ORIENTED_EDGE('',*,*,#10974,.F.);
#11048 = ADVANCED_FACE('',(#11049),#10685,.T.);
#11049 = FACE_BOUND('',#11050,.T.);
#11050 = EDGE_LOOP('',(#11051,#11074,#11075,#11098));
#11051 = ORIENTED_EDGE('',*,*,#11052,.F.);
#11052 = EDGE_CURVE('',#10638,#11053,#11055,.T.);
#11053 = VERTEX_POINT('',#11054);
#11054 = CARTESIAN_POINT('',(140.2,54.8,2.5));
#11055 = SURFACE_CURVE('',#11056,(#11060,#11067),.PCURVE_S1.);
#11056 = LINE('',#11057,#11058);
#11057 = CARTESIAN_POINT('',(140.2,54.8,-1.));
#11058 = VECTOR('',#11059,1.);
#11059 = DIRECTION('',(0.,0.,1.));
#11060 = PCURVE('',#10685,#11061);
#11061 = DEFINITIONAL_REPRESENTATION('',(#11062),#11066);
#11062 = LINE('',#11063,#11064);
#11063 = CARTESIAN_POINT('',(23.7,0.));
#11064 = VECTOR('',#11065,1.);
#11065 = DIRECTION('',(0.,-1.));
#11066 = ( GEOMETRIC_REPRESENTATION_CONTEXT(2) 
PARAMETRIC_REPRESENTATION_CONTEXT() REPRESENTATION_CONTEXT('2D SPACE',''
  ) );
#11067 = PCURVE('',#10658,#11068);
#11068 = DEFINITIONAL_REPRESENTATION('',(#11069),#11073);
#11069 = LINE('',#11070,#11071);
#11070 = CARTESIAN_POINT('',(4.712388980385,0.));
#11071 = VECTOR('',#11072,1.);
#11072 = DIRECTION('',(0.,-1.));
#11073 = ( GEOMETRIC_REPRESENTATION_CONTEXT(2) 
PARAMETRIC_REPRESENTATION_CONTEXT() REPRESENTATION_CONTEXT('2D SPACE',''
  ) );
#11074 = ORIENTED_EDGE('',*,*,#10670,.T.);
#11075 = ORIENTED_EDGE('',*,*,#11076,.T.);
#11076 = EDGE_CURVE('',#10671,#11077,#11079,.T.);
#11077 = VERTEX_POINT('',#11078);
#11078 = CARTESIAN_POINT('',(92.8,54.8,2.5));
#11079 = SURFACE_CURVE('',#11080,(#11084,#11091),.PCURVE_S1.);
#11080 = LINE('',#11081,#11082);
#11081 = CARTESIAN_POINT('',(92.8,54.8,-1.));
#11082 = VECTOR('',#11083,1.);
#11083 = DIRECTION('',(0.,0.,1.));
#11084 = PCURVE('',#10685,#11085);
#11085 = DEFINITIONAL_REPRESENTATION('',(#11086),#11090);
#11086 = LINE('',#11087,#11088);
#11087 = CARTESIAN_POINT('',(-23.7,0.));
#11088 = VECTOR('',#11089,1.);
#11089 = DIRECTION('',(0.,-1.));
#11090 = ( GEOMETRIC_REPRESENTATION_CONTEXT(2) 
PARAMETRIC_REPRESENTATION_CONTEXT() REPRESENTATION_CONTEXT('2D SPACE',''
  ) );
#11091 = PCURVE('',#10715,#11092);
#11092 = DEFINITIONAL_REPRESENTATION('',(#11093),#11097);
#11093 = LINE('',#11094,#11095);
#11094 = CARTESIAN_POINT('',(1.570796326795,0.));
#11095 = VECTOR('',#11096,1.);
#11096 = DIRECTION('',(0.,-1.));
#11097 = ( GEOMETRIC_REPRESENTATION_CONTEXT(2) 
PARAMETRIC_REPRESENTATION_CONTEXT() REPRESENTATION_CONTEXT('2D SPACE',''
  ) );
#11098 = ORIENTED_EDGE('',*,*,#11099,.F.);
#11099 = EDGE_CURVE('',#11053,#11077,#11100,.T.);
#11100 = SURFACE_CURVE('',#11101,(#11105,#11111),.PCURVE_S1.);
#11101 = LINE('',#11102,#11103);
#11102 = CARTESIAN_POINT('',(64.25,54.8,2.5));
#11103 = VECTOR('',#11104,1.);
#11104 = DIRECTION('',(-1.,0.,-0.));
#11105 = PCURVE('',#10685,#11106);
#11106 = DEFINITIONAL_REPRESENTATION('',(#11107),#11110);
#11107 = B_SPLINE_CURVE_WITH_KNOTS('',1,(#11108,#11109),.UNSPECIFIED.,
  .F.,.F.,(2,2),(-75.95,-28.55),.PIECEWISE_BEZIER_KNOTS.);
#11108 = CARTESIAN_POINT('',(23.7,-3.5));
#11109 = CARTESIAN_POINT('',(-23.7,-3.5));
#11110 = ( GEOMETRIC_REPRESENTATION_CONTEXT(2) 
PARAMETRIC_REPRESENTATION_CONTEXT() REPRESENTATION_CONTEXT('2D SPACE',''
  ) );
#11111 = PCURVE('',#1372,#11112);
#11112 = DEFINITIONAL_REPRESENTATION('',(#11113),#11116);
#11113 = B_SPLINE_CURVE_WITH_KNOTS('',1,(#11114,#11115),.UNSPECIFIED.,
  .F.,.F.,(2,2),(-75.95,-28.55),.PIECEWISE_BEZIER_KNOTS.);
#11114 = CARTESIAN_POINT('',(128.2,-16.3));
#11115 = CARTESIAN_POINT('',(80.8,-16.3));
#11116 = ( GEOMETRIC_REPRESENTATION_CONTEXT(2) 
PARAMETRIC_REPRESENTATION_CONTEXT() REPRESENTATION_CONTEXT('2D SPACE',''
  ) );
#11117 = ADVANCED_FACE('',(#11118),#10715,.F.);
#11118 = FACE_BOUND('',#11119,.F.);
#11119 = EDGE_LOOP('',(#11120,#11121,#11122,#11150));
#11120 = ORIENTED_EDGE('',*,*,#10696,.F.);
#11121 = ORIENTED_EDGE('',*,*,#11076,.T.);
#11122 = ORIENTED_EDGE('',*,*,#11123,.T.);
#11123 = EDGE_CURVE('',#11077,#11124,#11126,.T.);
#11124 = VERTEX_POINT('',#11125);
#11125 = CARTESIAN_POINT('',(92.8,57.4,2.5));
#11126 = SURFACE_CURVE('',#11127,(#11132,#11139),.PCURVE_S1.);
#11127 = CIRCLE('',#11128,1.3);
#11128 = AXIS2_PLACEMENT_3D('',#11129,#11130,#11131);
#11129 = CARTESIAN_POINT('',(92.8,56.1,2.5));
#11130 = DIRECTION('',(0.,0.,-1.));
#11131 = DIRECTION('',(1.,0.,0.));
#11132 = PCURVE('',#10715,#11133);
#11133 = DEFINITIONAL_REPRESENTATION('',(#11134),#11138);
#11134 = LINE('',#11135,#11136);
#11135 = CARTESIAN_POINT('',(0.,-3.5));
#11136 = VECTOR('',#11137,1.);
#11137 = DIRECTION('',(1.,0.));
#11138 = ( GEOMETRIC_REPRESENTATION_CONTEXT(2) 
PARAMETRIC_REPRESENTATION_CONTEXT() REPRESENTATION_CONTEXT('2D SPACE',''
  ) );
#11139 = PCURVE('',#1372,#11140);
#11140 = DEFINITIONAL_REPRESENTATION('',(#11141),#11149);
#11141 = ( BOUNDED_CURVE() B_SPLINE_CURVE(2,(#11142,#11143,#11144,#11145
    ,#11146,#11147,#11148),.UNSPECIFIED.,.T.,.F.) 
B_SPLINE_CURVE_WITH_KNOTS((1,2,2,2,2,1),(-2.094395102393,0.,
    2.094395102393,4.188790204786,6.28318530718,8.377580409573),
.UNSPECIFIED.) CURVE() GEOMETRIC_REPRESENTATION_ITEM() 
RATIONAL_B_SPLINE_CURVE((1.,0.5,1.,0.5,1.,0.5,1.)) REPRESENTATION_ITEM(
  '') );
#11142 = CARTESIAN_POINT('',(82.1,-15.));
#11143 = CARTESIAN_POINT('',(82.1,-17.25166604984));
#11144 = CARTESIAN_POINT('',(80.15,-16.12583302492));
#11145 = CARTESIAN_POINT('',(78.2,-15.));
#11146 = CARTESIAN_POINT('',(80.15,-13.87416697508));
#11147 = CARTESIAN_POINT('',(82.1,-12.74833395016));
#11148 = CARTESIAN_POINT('',(82.1,-15.));
#11149 = ( GEOMETRIC_REPRESENTATION_CONTEXT(2) 
PARAMETRIC_REPRESENTATION_CONTEXT() REPRESENTATION_CONTEXT('2D SPACE',''
  ) );
#11150 = ORIENTED_EDGE('',*,*,#11151,.F.);
#11151 = EDGE_CURVE('',#10612,#11124,#11152,.T.);
#11152 = SURFACE_CURVE('',#11153,(#11157,#11164),.PCURVE_S1.);
#11153 = LINE('',#11154,#11155);
#11154 = CARTESIAN_POINT('',(92.8,57.4,-1.));
#11155 = VECTOR('',#11156,1.);
#11156 = DIRECTION('',(0.,0.,1.));
#11157 = PCURVE('',#10715,#11158);
#11158 = DEFINITIONAL_REPRESENTATION('',(#11159),#11163);
#11159 = LINE('',#11160,#11161);
#11160 = CARTESIAN_POINT('',(4.712388980385,0.));
#11161 = VECTOR('',#11162,1.);
#11162 = DIRECTION('',(0.,-1.));
#11163 = ( GEOMETRIC_REPRESENTATION_CONTEXT(2) 
PARAMETRIC_REPRESENTATION_CONTEXT() REPRESENTATION_CONTEXT('2D SPACE',''
  ) );
#11164 = PCURVE('',#10626,#11165);
#11165 = DEFINITIONAL_REPRESENTATION('',(#11166),#11170);
#11166 = LINE('',#11167,#11168);
#11167 = CARTESIAN_POINT('',(0.,0.));
#11168 = VECTOR('',#11169,1.);
#11169 = DIRECTION('',(0.,-1.));
#11170 = ( GEOMETRIC_REPRESENTATION_CONTEXT(2) 
PARAMETRIC_REPRESENTATION_CONTEXT() REPRESENTATION_CONTEXT('2D SPACE',''
  ) );
#11171 = ADVANCED_FACE('',(#11172),#10658,.F.);
#11172 = FACE_BOUND('',#11173,.F.);
#11173 = EDGE_LOOP('',(#11174,#11175,#11198,#11224));
#11174 = ORIENTED_EDGE('',*,*,#10637,.F.);
#11175 = ORIENTED_EDGE('',*,*,#11176,.T.);
#11176 = EDGE_CURVE('',#10610,#11177,#11179,.T.);
#11177 = VERTEX_POINT('',#11178);
#11178 = CARTESIAN_POINT('',(140.2,57.4,2.5));
#11179 = SURFACE_CURVE('',#11180,(#11184,#11191),.PCURVE_S1.);
#11180 = LINE('',#11181,#11182);
#11181 = CARTESIAN_POINT('',(140.2,57.4,-1.));
#11182 = VECTOR('',#11183,1.);
#11183 = DIRECTION('',(0.,0.,1.));
#11184 = PCURVE('',#10658,#11185);
#11185 = DEFINITIONAL_REPRESENTATION('',(#11186),#11190);
#11186 = LINE('',#11187,#11188);
#11187 = CARTESIAN_POINT('',(1.570796326795,0.));
#11188 = VECTOR('',#11189,1.);
#11189 = DIRECTION('',(0.,-1.));
#11190 = ( GEOMETRIC_REPRESENTATION_CONTEXT(2) 
PARAMETRIC_REPRESENTATION_CONTEXT() REPRESENTATION_CONTEXT('2D SPACE',''
  ) );
#11191 = PCURVE('',#10626,#11192);
#11192 = DEFINITIONAL_REPRESENTATION('',(#11193),#11197);
#11193 = LINE('',#11194,#11195);
#11194 = CARTESIAN_POINT('',(47.4,0.));
#11195 = VECTOR('',#11196,1.);
#11196 = DIRECTION('',(0.,-1.));
#11197 = ( GEOMETRIC_REPRESENTATION_CONTEXT(2) 
PARAMETRIC_REPRESENTATION_CONTEXT() REPRESENTATION_CONTEXT('2D SPACE',''
  ) );
#11198 = ORIENTED_EDGE('',*,*,#11199,.T.);
#11199 = EDGE_CURVE('',#11177,#11053,#11200,.T.);
#11200 = SURFACE_CURVE('',#11201,(#11206,#11213),.PCURVE_S1.);
#11201 = CIRCLE('',#11202,1.3);
#11202 = AXIS2_PLACEMENT_3D('',#11203,#11204,#11205);
#11203 = CARTESIAN_POINT('',(140.2,56.1,2.5));
#11204 = DIRECTION('',(0.,0.,-1.));
#11205 = DIRECTION('',(-1.,0.,0.));
#11206 = PCURVE('',#10658,#11207);
#11207 = DEFINITIONAL_REPRESENTATION('',(#11208),#11212);
#11208 = LINE('',#11209,#11210);
#11209 = CARTESIAN_POINT('',(0.,-3.5));
#11210 = VECTOR('',#11211,1.);
#11211 = DIRECTION('',(1.,0.));
#11212 = ( GEOMETRIC_REPRESENTATION_CONTEXT(2) 
PARAMETRIC_REPRESENTATION_CONTEXT() REPRESENTATION_CONTEXT('2D SPACE',''
  ) );
#11213 = PCURVE('',#1372,#11214);
#11214 = DEFINITIONAL_REPRESENTATION('',(#11215),#11223);
#11215 = ( BOUNDED_CURVE() B_SPLINE_CURVE(2,(#11216,#11217,#11218,#11219
    ,#11220,#11221,#11222),.UNSPECIFIED.,.T.,.F.) 
B_SPLINE_CURVE_WITH_KNOTS((1,2,2,2,2,1),(-2.094395102393,0.,
    2.094395102393,4.188790204786,6.28318530718,8.377580409573),
.UNSPECIFIED.) CURVE() GEOMETRIC_REPRESENTATION_ITEM() 
RATIONAL_B_SPLINE_CURVE((1.,0.5,1.,0.5,1.,0.5,1.)) REPRESENTATION_ITEM(
  '') );
#11216 = CARTESIAN_POINT('',(126.9,-15.));
#11217 = CARTESIAN_POINT('',(126.9,-12.74833395016));
#11218 = CARTESIAN_POINT('',(128.85,-13.87416697508));
#11219 = CARTESIAN_POINT('',(130.8,-15.));
#11220 = CARTESIAN_POINT('',(128.85,-16.12583302492));
#11221 = CARTESIAN_POINT('',(126.9,-17.25166604984));
#11222 = CARTESIAN_POINT('',(126.9,-15.));
#11223 = ( GEOMETRIC_REPRESENTATION_CONTEXT(2) 
PARAMETRIC_REPRESENTATION_CONTEXT() REPRESENTATION_CONTEXT('2D SPACE',''
  ) );
#11224 = ORIENTED_EDGE('',*,*,#11052,.F.);
#11225 = ADVANCED_FACE('',(#11226),#10626,.F.);
#11226 = FACE_BOUND('',#11227,.F.);
#11227 = EDGE_LOOP('',(#11228,#11229,#11230,#11249));
#11228 = ORIENTED_EDGE('',*,*,#10609,.T.);
#11229 = ORIENTED_EDGE('',*,*,#11151,.T.);
#11230 = ORIENTED_EDGE('',*,*,#11231,.F.);
#11231 = EDGE_CURVE('',#11177,#11124,#11232,.T.);
#11232 = SURFACE_CURVE('',#11233,(#11237,#11243),.PCURVE_S1.);
#11233 = LINE('',#11234,#11235);
#11234 = CARTESIAN_POINT('',(52.4,57.4,2.5));
#11235 = VECTOR('',#11236,1.);
#11236 = DIRECTION('',(-1.,0.,-0.));
#11237 = PCURVE('',#10626,#11238);
#11238 = DEFINITIONAL_REPRESENTATION('',(#11239),#11242);
#11239 = B_SPLINE_CURVE_WITH_KNOTS('',1,(#11240,#11241),.UNSPECIFIED.,
  .F.,.F.,(2,2),(-87.8,-40.4),.PIECEWISE_BEZIER_KNOTS.);
#11240 = CARTESIAN_POINT('',(47.4,-3.5));
#11241 = CARTESIAN_POINT('',(0.,-3.5));
#11242 = ( GEOMETRIC_REPRESENTATION_CONTEXT(2) 
PARAMETRIC_REPRESENTATION_CONTEXT() REPRESENTATION_CONTEXT('2D SPACE',''
  ) );
#11243 = PCURVE('',#1372,#11244);
#11244 = DEFINITIONAL_REPRESENTATION('',(#11245),#11248);
#11245 = B_SPLINE_CURVE_WITH_KNOTS('',1,(#11246,#11247),.UNSPECIFIED.,
  .F.,.F.,(2,2),(-87.8,-40.4),.PIECEWISE_BEZIER_KNOTS.);
#11246 = CARTESIAN_POINT('',(128.2,-13.7));
#11247 = CARTESIAN_POINT('',(80.8,-13.7));
#11248 = ( GEOMETRIC_REPRESENTATION_CONTEXT(2) 
PARAMETRIC_REPRESENTATION_CONTEXT() REPRESENTATION_CONTEXT('2D SPACE',''
  ) );
#11249 = ORIENTED_EDGE('',*,*,#11176,.F.);
#11250 = ADVANCED_FACE('',(#11251),#10565,.T.);
#11251 = FACE_BOUND('',#11252,.T.);
#11252 = EDGE_LOOP('',(#11253,#11276,#11277,#11300));
#11253 = ORIENTED_EDGE('',*,*,#11254,.F.);
#11254 = EDGE_CURVE('',#10518,#11255,#11257,.T.);
#11255 = VERTEX_POINT('',#11256);
#11256 = CARTESIAN_POINT('',(140.2,49.8,2.5));
#11257 = SURFACE_CURVE('',#11258,(#11262,#11269),.PCURVE_S1.);
#11258 = LINE('',#11259,#11260);
#11259 = CARTESIAN_POINT('',(140.2,49.8,-1.));
#11260 = VECTOR('',#11261,1.);
#11261 = DIRECTION('',(0.,0.,1.));
#11262 = PCURVE('',#10565,#11263);
#11263 = DEFINITIONAL_REPRESENTATION('',(#11264),#11268);
#11264 = LINE('',#11265,#11266);
#11265 = CARTESIAN_POINT('',(23.7,0.));
#11266 = VECTOR('',#11267,1.);
#11267 = DIRECTION('',(0.,-1.));
#11268 = ( GEOMETRIC_REPRESENTATION_CONTEXT(2) 
PARAMETRIC_REPRESENTATION_CONTEXT() REPRESENTATION_CONTEXT('2D SPACE',''
  ) );
#11269 = PCURVE('',#10538,#11270);
#11270 = DEFINITIONAL_REPRESENTATION('',(#11271),#11275);
#11271 = LINE('',#11272,#11273);
#11272 = CARTESIAN_POINT('',(4.712388980385,0.));
#11273 = VECTOR('',#11274,1.);
#11274 = DIRECTION('',(0.,-1.));
#11275 = ( GEOMETRIC_REPRESENTATION_CONTEXT(2) 
PARAMETRIC_REPRESENTATION_CONTEXT() REPRESENTATION_CONTEXT('2D SPACE',''
  ) );
#11276 = ORIENTED_EDGE('',*,*,#10550,.T.);
#11277 = ORIENTED_EDGE('',*,*,#11278,.T.);
#11278 = EDGE_CURVE('',#10551,#11279,#11281,.T.);
#11279 = VERTEX_POINT('',#11280);
#11280 = CARTESIAN_POINT('',(92.8,49.8,2.5));
#11281 = SURFACE_CURVE('',#11282,(#11286,#11293),.PCURVE_S1.);
#11282 = LINE('',#11283,#11284);
#11283 = CARTESIAN_POINT('',(92.8,49.8,-1.));
#11284 = VECTOR('',#11285,1.);
#11285 = DIRECTION('',(0.,0.,1.));
#11286 = PCURVE('',#10565,#11287);
#11287 = DEFINITIONAL_REPRESENTATION('',(#11288),#11292);
#11288 = LINE('',#11289,#11290);
#11289 = CARTESIAN_POINT('',(-23.7,0.));
#11290 = VECTOR('',#11291,1.);
#11291 = DIRECTION('',(0.,-1.));
#11292 = ( GEOMETRIC_REPRESENTATION_CONTEXT(2) 
PARAMETRIC_REPRESENTATION_CONTEXT() REPRESENTATION_CONTEXT('2D SPACE',''
  ) );
#11293 = PCURVE('',#10595,#11294);
#11294 = DEFINITIONAL_REPRESENTATION('',(#11295),#11299);
#11295 = LINE('',#11296,#11297);
#11296 = CARTESIAN_POINT('',(1.570796326795,0.));
#11297 = VECTOR('',#11298,1.);
#11298 = DIRECTION('',(0.,-1.));
#11299 = ( GEOMETRIC_REPRESENTATION_CONTEXT(2) 
PARAMETRIC_REPRESENTATION_CONTEXT() REPRESENTATION_CONTEXT('2D SPACE',''
  ) );
#11300 = ORIENTED_EDGE('',*,*,#11301,.F.);
#11301 = EDGE_CURVE('',#11255,#11279,#11302,.T.);
#11302 = SURFACE_CURVE('',#11303,(#11307,#11313),.PCURVE_S1.);
#11303 = LINE('',#11304,#11305);
#11304 = CARTESIAN_POINT('',(64.25,49.8,2.5));
#11305 = VECTOR('',#11306,1.);
#11306 = DIRECTION('',(-1.,0.,-0.));
#11307 = PCURVE('',#10565,#11308);
#11308 = DEFINITIONAL_REPRESENTATION('',(#11309),#11312);
#11309 = B_SPLINE_CURVE_WITH_KNOTS('',1,(#11310,#11311),.UNSPECIFIED.,
  .F.,.F.,(2,2),(-75.95,-28.55),.PIECEWISE_BEZIER_KNOTS.);
#11310 = CARTESIAN_POINT('',(23.7,-3.5));
#11311 = CARTESIAN_POINT('',(-23.7,-3.5));
#11312 = ( GEOMETRIC_REPRESENTATION_CONTEXT(2) 
PARAMETRIC_REPRESENTATION_CONTEXT() REPRESENTATION_CONTEXT('2D SPACE',''
  ) );
#11313 = PCURVE('',#1372,#11314);
#11314 = DEFINITIONAL_REPRESENTATION('',(#11315),#11318);
#11315 = B_SPLINE_CURVE_WITH_KNOTS('',1,(#11316,#11317),.UNSPECIFIED.,
  .F.,.F.,(2,2),(-75.95,-28.55),.PIECEWISE_BEZIER_KNOTS.);
#11316 = CARTESIAN_POINT('',(128.2,-21.3));
#11317 = CARTESIAN_POINT('',(80.8,-21.3));
#11318 = ( GEOMETRIC_REPRESENTATION_CONTEXT(2) 
PARAMETRIC_REPRESENTATION_CONTEXT() REPRESENTATION_CONTEXT('2D SPACE',''
  ) );
#11319 = ADVANCED_FACE('',(#11320),#10595,.F.);
#11320 = FACE_BOUND('',#11321,.F.);
#11321 = EDGE_LOOP('',(#11322,#11323,#11324,#11352));
#11322 = ORIENTED_EDGE('',*,*,#10576,.F.);
#11323 = ORIENTED_EDGE('',*,*,#11278,.T.);
#11324 = ORIENTED_EDGE('',*,*,#11325,.T.);
#11325 = EDGE_CURVE('',#11279,#11326,#11328,.T.);
#11326 = VERTEX_POINT('',#11327);
#11327 = CARTESIAN_POINT('',(92.8,52.4,2.5));
#11328 = SURFACE_CURVE('',#11329,(#11334,#11341),.PCURVE_S1.);
#11329 = CIRCLE('',#11330,1.3);
#11330 = AXIS2_PLACEMENT_3D('',#11331,#11332,#11333);
#11331 = CARTESIAN_POINT('',(92.8,51.1,2.5));
#11332 = DIRECTION('',(0.,0.,-1.));
#11333 = DIRECTION('',(1.,0.,0.));
#11334 = PCURVE('',#10595,#11335);
#11335 = DEFINITIONAL_REPRESENTATION('',(#11336),#11340);
#11336 = LINE('',#11337,#11338);
#11337 = CARTESIAN_POINT('',(0.,-3.5));
#11338 = VECTOR('',#11339,1.);
#11339 = DIRECTION('',(1.,0.));
#11340 = ( GEOMETRIC_REPRESENTATION_CONTEXT(2) 
PARAMETRIC_REPRESENTATION_CONTEXT() REPRESENTATION_CONTEXT('2D SPACE',''
  ) );
#11341 = PCURVE('',#1372,#11342);
#11342 = DEFINITIONAL_REPRESENTATION('',(#11343),#11351);
#11343 = ( BOUNDED_CURVE() B_SPLINE_CURVE(2,(#11344,#11345,#11346,#11347
    ,#11348,#11349,#11350),.UNSPECIFIED.,.T.,.F.) 
B_SPLINE_CURVE_WITH_KNOTS((1,2,2,2,2,1),(-2.094395102393,0.,
    2.094395102393,4.188790204786,6.28318530718,8.377580409573),
.UNSPECIFIED.) CURVE() GEOMETRIC_REPRESENTATION_ITEM() 
RATIONAL_B_SPLINE_CURVE((1.,0.5,1.,0.5,1.,0.5,1.)) REPRESENTATION_ITEM(
  '') );
#11344 = CARTESIAN_POINT('',(82.1,-20.));
#11345 = CARTESIAN_POINT('',(82.1,-22.25166604984));
#11346 = CARTESIAN_POINT('',(80.15,-21.12583302492));
#11347 = CARTESIAN_POINT('',(78.2,-20.));
#11348 = CARTESIAN_POINT('',(80.15,-18.87416697508));
#11349 = CARTESIAN_POINT('',(82.1,-17.74833395016));
#11350 = CARTESIAN_POINT('',(82.1,-20.));
#11351 = ( GEOMETRIC_REPRESENTATION_CONTEXT(2) 
PARAMETRIC_REPRESENTATION_CONTEXT() REPRESENTATION_CONTEXT('2D SPACE',''
  ) );
#11352 = ORIENTED_EDGE('',*,*,#11353,.F.);
#11353 = EDGE_CURVE('',#10492,#11326,#11354,.T.);
#11354 = SURFACE_CURVE('',#11355,(#11359,#11366),.PCURVE_S1.);
#11355 = LINE('',#11356,#11357);
#11356 = CARTESIAN_POINT('',(92.8,52.4,-1.));
#11357 = VECTOR('',#11358,1.);
#11358 = DIRECTION('',(0.,0.,1.));
#11359 = PCURVE('',#10595,#11360);
#11360 = DEFINITIONAL_REPRESENTATION('',(#11361),#11365);
#11361 = LINE('',#11362,#11363);
#11362 = CARTESIAN_POINT('',(4.712388980385,0.));
#11363 = VECTOR('',#11364,1.);
#11364 = DIRECTION('',(0.,-1.));
#11365 = ( GEOMETRIC_REPRESENTATION_CONTEXT(2) 
PARAMETRIC_REPRESENTATION_CONTEXT() REPRESENTATION_CONTEXT('2D SPACE',''
  ) );
#11366 = PCURVE('',#10506,#11367);
#11367 = DEFINITIONAL_REPRESENTATION('',(#11368),#11372);
#11368 = LINE('',#11369,#11370);
#11369 = CARTESIAN_POINT('',(0.,0.));
#11370 = VECTOR('',#11371,1.);
#11371 = DIRECTION('',(0.,-1.));
#11372 = ( GEOMETRIC_REPRESENTATION_CONTEXT(2) 
PARAMETRIC_REPRESENTATION_CONTEXT() REPRESENTATION_CONTEXT('2D SPACE',''
  ) );
#11373 = ADVANCED_FACE('',(#11374),#10538,.F.);
#11374 = FACE_BOUND('',#11375,.F.);
#11375 = EDGE_LOOP('',(#11376,#11377,#11400,#11426));
#11376 = ORIENTED_EDGE('',*,*,#10517,.F.);
#11377 = ORIENTED_EDGE('',*,*,#11378,.T.);
#11378 = EDGE_CURVE('',#10490,#11379,#11381,.T.);
#11379 = VERTEX_POINT('',#11380);
#11380 = CARTESIAN_POINT('',(140.2,52.4,2.5));
#11381 = SURFACE_CURVE('',#11382,(#11386,#11393),.PCURVE_S1.);
#11382 = LINE('',#11383,#11384);
#11383 = CARTESIAN_POINT('',(140.2,52.4,-1.));
#11384 = VECTOR('',#11385,1.);
#11385 = DIRECTION('',(0.,0.,1.));
#11386 = PCURVE('',#10538,#11387);
#11387 = DEFINITIONAL_REPRESENTATION('',(#11388),#11392);
#11388 = LINE('',#11389,#11390);
#11389 = CARTESIAN_POINT('',(1.570796326795,0.));
#11390 = VECTOR('',#11391,1.);
#11391 = DIRECTION('',(0.,-1.));
#11392 = ( GEOMETRIC_REPRESENTATION_CONTEXT(2) 
PARAMETRIC_REPRESENTATION_CONTEXT() REPRESENTATION_CONTEXT('2D SPACE',''
  ) );
#11393 = PCURVE('',#10506,#11394);
#11394 = DEFINITIONAL_REPRESENTATION('',(#11395),#11399);
#11395 = LINE('',#11396,#11397);
#11396 = CARTESIAN_POINT('',(47.4,0.));
#11397 = VECTOR('',#11398,1.);
#11398 = DIRECTION('',(0.,-1.));
#11399 = ( GEOMETRIC_REPRESENTATION_CONTEXT(2) 
PARAMETRIC_REPRESENTATION_CONTEXT() REPRESENTATION_CONTEXT('2D SPACE',''
  ) );
#11400 = ORIENTED_EDGE('',*,*,#11401,.T.);
#11401 = EDGE_CURVE('',#11379,#11255,#11402,.T.);
#11402 = SURFACE_CURVE('',#11403,(#11408,#11415),.PCURVE_S1.);
#11403 = CIRCLE('',#11404,1.3);
#11404 = AXIS2_PLACEMENT_3D('',#11405,#11406,#11407);
#11405 = CARTESIAN_POINT('',(140.2,51.1,2.5));
#11406 = DIRECTION('',(0.,0.,-1.));
#11407 = DIRECTION('',(-1.,0.,0.));
#11408 = PCURVE('',#10538,#11409);
#11409 = DEFINITIONAL_REPRESENTATION('',(#11410),#11414);
#11410 = LINE('',#11411,#11412);
#11411 = CARTESIAN_POINT('',(0.,-3.5));
#11412 = VECTOR('',#11413,1.);
#11413 = DIRECTION('',(1.,0.));
#11414 = ( GEOMETRIC_REPRESENTATION_CONTEXT(2) 
PARAMETRIC_REPRESENTATION_CONTEXT() REPRESENTATION_CONTEXT('2D SPACE',''
  ) );
#11415 = PCURVE('',#1372,#11416);
#11416 = DEFINITIONAL_REPRESENTATION('',(#11417),#11425);
#11417 = ( BOUNDED_CURVE() B_SPLINE_CURVE(2,(#11418,#11419,#11420,#11421
    ,#11422,#11423,#11424),.UNSPECIFIED.,.T.,.F.) 
B_SPLINE_CURVE_WITH_KNOTS((1,2,2,2,2,1),(-2.094395102393,0.,
    2.094395102393,4.188790204786,6.28318530718,8.377580409573),
.UNSPECIFIED.) CURVE() GEOMETRIC_REPRESENTATION_ITEM() 
RATIONAL_B_SPLINE_CURVE((1.,0.5,1.,0.5,1.,0.5,1.)) REPRESENTATION_ITEM(
  '') );
#11418 = CARTESIAN_POINT('',(126.9,-20.));
#11419 = CARTESIAN_POINT('',(126.9,-17.74833395016));
#11420 = CARTESIAN_POINT('',(128.85,-18.87416697508));
#11421 = CARTESIAN_POINT('',(130.8,-20.));
#11422 = CARTESIAN_POINT('',(128.85,-21.12583302492));
#11423 = CARTESIAN_POINT('',(126.9,-22.25166604984));
#11424 = CARTESIAN_POINT('',(126.9,-20.));
#11425 = ( GEOMETRIC_REPRESENTATION_CONTEXT(2) 
PARAMETRIC_REPRESENTATION_CONTEXT() REPRESENTATION_CONTEXT('2D SPACE',''
  ) );
#11426 = ORIENTED_EDGE('',*,*,#11254,.F.);
#11427 = ADVANCED_FACE('',(#11428),#10506,.F.);
#11428 = FACE_BOUND('',#11429,.F.);
#11429 = EDGE_LOOP('',(#11430,#11431,#11432,#11451));
#11430 = ORIENTED_EDGE('',*,*,#10489,.T.);
#11431 = ORIENTED_EDGE('',*,*,#11353,.T.);
#11432 = ORIENTED_EDGE('',*,*,#11433,.F.);
#11433 = EDGE_CURVE('',#11379,#11326,#11434,.T.);
#11434 = SURFACE_CURVE('',#11435,(#11439,#11445),.PCURVE_S1.);
#11435 = LINE('',#11436,#11437);
#11436 = CARTESIAN_POINT('',(52.4,52.4,2.5));
#11437 = VECTOR('',#11438,1.);
#11438 = DIRECTION('',(-1.,0.,-0.));
#11439 = PCURVE('',#10506,#11440);
#11440 = DEFINITIONAL_REPRESENTATION('',(#11441),#11444);
#11441 = B_SPLINE_CURVE_WITH_KNOTS('',1,(#11442,#11443),.UNSPECIFIED.,
  .F.,.F.,(2,2),(-87.8,-40.4),.PIECEWISE_BEZIER_KNOTS.);
#11442 = CARTESIAN_POINT('',(47.4,-3.5));
#11443 = CARTESIAN_POINT('',(0.,-3.5));
#11444 = ( GEOMETRIC_REPRESENTATION_CONTEXT(2) 
PARAMETRIC_REPRESENTATION_CONTEXT() REPRESENTATION_CONTEXT('2D SPACE',''
  ) );
#11445 = PCURVE('',#1372,#11446);
#11446 = DEFINITIONAL_REPRESENTATION('',(#11447),#11450);
#11447 = B_SPLINE_CURVE_WITH_KNOTS('',1,(#11448,#11449),.UNSPECIFIED.,
  .F.,.F.,(2,2),(-87.8,-40.4),.PIECEWISE_BEZIER_KNOTS.);
#11448 = CARTESIAN_POINT('',(128.2,-18.7));
#11449 = CARTESIAN_POINT('',(80.8,-18.7));
#11450 = ( GEOMETRIC_REPRESENTATION_CONTEXT(2) 
PARAMETRIC_REPRESENTATION_CONTEXT() REPRESENTATION_CONTEXT('2D SPACE',''
  ) );
#11451 = ORIENTED_EDGE('',*,*,#11378,.F.);
#11452 = ADVANCED_FACE('',(#11453),#10418,.F.);
#11453 = FACE_BOUND('',#11454,.F.);
#11454 = EDGE_LOOP('',(#11455,#11456,#11479,#11507));
#11455 = ORIENTED_EDGE('',*,*,#10397,.F.);
#11456 = ORIENTED_EDGE('',*,*,#11457,.T.);
#11457 = EDGE_CURVE('',#10370,#11458,#11460,.T.);
#11458 = VERTEX_POINT('',#11459);
#11459 = CARTESIAN_POINT('',(140.2,47.4,2.5));
#11460 = SURFACE_CURVE('',#11461,(#11465,#11472),.PCURVE_S1.);
#11461 = LINE('',#11462,#11463);
#11462 = CARTESIAN_POINT('',(140.2,47.4,-1.));
#11463 = VECTOR('',#11464,1.);
#11464 = DIRECTION('',(0.,0.,1.));
#11465 = PCURVE('',#10418,#11466);
#11466 = DEFINITIONAL_REPRESENTATION('',(#11467),#11471);
#11467 = LINE('',#11468,#11469);
#11468 = CARTESIAN_POINT('',(1.570796326795,0.));
#11469 = VECTOR('',#11470,1.);
#11470 = DIRECTION('',(0.,-1.));
#11471 = ( GEOMETRIC_REPRESENTATION_CONTEXT(2) 
PARAMETRIC_REPRESENTATION_CONTEXT() REPRESENTATION_CONTEXT('2D SPACE',''
  ) );
#11472 = PCURVE('',#10386,#11473);
#11473 = DEFINITIONAL_REPRESENTATION('',(#11474),#11478);
#11474 = LINE('',#11475,#11476);
#11475 = CARTESIAN_POINT('',(47.4,0.));
#11476 = VECTOR('',#11477,1.);
#11477 = DIRECTION('',(0.,-1.));
#11478 = ( GEOMETRIC_REPRESENTATION_CONTEXT(2) 
PARAMETRIC_REPRESENTATION_CONTEXT() REPRESENTATION_CONTEXT('2D SPACE',''
  ) );
#11479 = ORIENTED_EDGE('',*,*,#11480,.T.);
#11480 = EDGE_CURVE('',#11458,#11481,#11483,.T.);
#11481 = VERTEX_POINT('',#11482);
#11482 = CARTESIAN_POINT('',(140.2,44.8,2.5));
#11483 = SURFACE_CURVE('',#11484,(#11489,#11496),.PCURVE_S1.);
#11484 = CIRCLE('',#11485,1.3);
#11485 = AXIS2_PLACEMENT_3D('',#11486,#11487,#11488);
#11486 = CARTESIAN_POINT('',(140.2,46.1,2.5));
#11487 = DIRECTION('',(0.,0.,-1.));
#11488 = DIRECTION('',(-1.,0.,0.));
#11489 = PCURVE('',#10418,#11490);
#11490 = DEFINITIONAL_REPRESENTATION('',(#11491),#11495);
#11491 = LINE('',#11492,#11493);
#11492 = CARTESIAN_POINT('',(0.,-3.5));
#11493 = VECTOR('',#11494,1.);
#11494 = DIRECTION('',(1.,0.));
#11495 = ( GEOMETRIC_REPRESENTATION_CONTEXT(2) 
PARAMETRIC_REPRESENTATION_CONTEXT() REPRESENTATION_CONTEXT('2D SPACE',''
  ) );
#11496 = PCURVE('',#1372,#11497);
#11497 = DEFINITIONAL_REPRESENTATION('',(#11498),#11506);
#11498 = ( BOUNDED_CURVE() B_SPLINE_CURVE(2,(#11499,#11500,#11501,#11502
    ,#11503,#11504,#11505),.UNSPECIFIED.,.T.,.F.) 
B_SPLINE_CURVE_WITH_KNOTS((1,2,2,2,2,1),(-2.094395102393,0.,
    2.094395102393,4.188790204786,6.28318530718,8.377580409573),
.UNSPECIFIED.) CURVE() GEOMETRIC_REPRESENTATION_ITEM() 
RATIONAL_B_SPLINE_CURVE((1.,0.5,1.,0.5,1.,0.5,1.)) REPRESENTATION_ITEM(
  '') );
#11499 = CARTESIAN_POINT('',(126.9,-25.));
#11500 = CARTESIAN_POINT('',(126.9,-22.74833395016));
#11501 = CARTESIAN_POINT('',(128.85,-23.87416697508));
#11502 = CARTESIAN_POINT('',(130.8,-25.));
#11503 = CARTESIAN_POINT('',(128.85,-26.12583302492));
#11504 = CARTESIAN_POINT('',(126.9,-27.25166604984));
#11505 = CARTESIAN_POINT('',(126.9,-25.));
#11506 = ( GEOMETRIC_REPRESENTATION_CONTEXT(2) 
PARAMETRIC_REPRESENTATION_CONTEXT() REPRESENTATION_CONTEXT('2D SPACE',''
  ) );
#11507 = ORIENTED_EDGE('',*,*,#11508,.F.);
#11508 = EDGE_CURVE('',#10398,#11481,#11509,.T.);
#11509 = SURFACE_CURVE('',#11510,(#11514,#11521),.PCURVE_S1.);
#11510 = LINE('',#11511,#11512);
#11511 = CARTESIAN_POINT('',(140.2,44.8,-1.));
#11512 = VECTOR('',#11513,1.);
#11513 = DIRECTION('',(0.,0.,1.));
#11514 = PCURVE('',#10418,#11515);
#11515 = DEFINITIONAL_REPRESENTATION('',(#11516),#11520);
#11516 = LINE('',#11517,#11518);
#11517 = CARTESIAN_POINT('',(4.712388980385,0.));
#11518 = VECTOR('',#11519,1.);
#11519 = DIRECTION('',(0.,-1.));
#11520 = ( GEOMETRIC_REPRESENTATION_CONTEXT(2) 
PARAMETRIC_REPRESENTATION_CONTEXT() REPRESENTATION_CONTEXT('2D SPACE',''
  ) );
#11521 = PCURVE('',#10445,#11522);
#11522 = DEFINITIONAL_REPRESENTATION('',(#11523),#11527);
#11523 = LINE('',#11524,#11525);
#11524 = CARTESIAN_POINT('',(23.7,0.));
#11525 = VECTOR('',#11526,1.);
#11526 = DIRECTION('',(0.,-1.));
#11527 = ( GEOMETRIC_REPRESENTATION_CONTEXT(2) 
PARAMETRIC_REPRESENTATION_CONTEXT() REPRESENTATION_CONTEXT('2D SPACE',''
  ) );
#11528 = ADVANCED_FACE('',(#11529),#10445,.T.);
#11529 = FACE_BOUND('',#11530,.T.);
#11530 = EDGE_LOOP('',(#11531,#11532,#11533,#11556));
#11531 = ORIENTED_EDGE('',*,*,#11508,.F.);
#11532 = ORIENTED_EDGE('',*,*,#10430,.T.);
#11533 = ORIENTED_EDGE('',*,*,#11534,.T.);
#11534 = EDGE_CURVE('',#10431,#11535,#11537,.T.);
#11535 = VERTEX_POINT('',#11536);
#11536 = CARTESIAN_POINT('',(92.8,44.8,2.5));
#11537 = SURFACE_CURVE('',#11538,(#11542,#11549),.PCURVE_S1.);
#11538 = LINE('',#11539,#11540);
#11539 = CARTESIAN_POINT('',(92.8,44.8,-1.));
#11540 = VECTOR('',#11541,1.);
#11541 = DIRECTION('',(0.,0.,1.));
#11542 = PCURVE('',#10445,#11543);
#11543 = DEFINITIONAL_REPRESENTATION('',(#11544),#11548);
#11544 = LINE('',#11545,#11546);
#11545 = CARTESIAN_POINT('',(-23.7,0.));
#11546 = VECTOR('',#11547,1.);
#11547 = DIRECTION('',(0.,-1.));
#11548 = ( GEOMETRIC_REPRESENTATION_CONTEXT(2) 
PARAMETRIC_REPRESENTATION_CONTEXT() REPRESENTATION_CONTEXT('2D SPACE',''
  ) );
#11549 = PCURVE('',#10475,#11550);
#11550 = DEFINITIONAL_REPRESENTATION('',(#11551),#11555);
#11551 = LINE('',#11552,#11553);
#11552 = CARTESIAN_POINT('',(1.570796326795,0.));
#11553 = VECTOR('',#11554,1.);
#11554 = DIRECTION('',(0.,-1.));
#11555 = ( GEOMETRIC_REPRESENTATION_CONTEXT(2) 
PARAMETRIC_REPRESENTATION_CONTEXT() REPRESENTATION_CONTEXT('2D SPACE',''
  ) );
#11556 = ORIENTED_EDGE('',*,*,#11557,.F.);
#11557 = EDGE_CURVE('',#11481,#11535,#11558,.T.);
#11558 = SURFACE_CURVE('',#11559,(#11563,#11569),.PCURVE_S1.);
#11559 = LINE('',#11560,#11561);
#11560 = CARTESIAN_POINT('',(64.25,44.8,2.5));
#11561 = VECTOR('',#11562,1.);
#11562 = DIRECTION('',(-1.,0.,-0.));
#11563 = PCURVE('',#10445,#11564);
#11564 = DEFINITIONAL_REPRESENTATION('',(#11565),#11568);
#11565 = B_SPLINE_CURVE_WITH_KNOTS('',1,(#11566,#11567),.UNSPECIFIED.,
  .F.,.F.,(2,2),(-75.95,-28.55),.PIECEWISE_BEZIER_KNOTS.);
#11566 = CARTESIAN_POINT('',(23.7,-3.5));
#11567 = CARTESIAN_POINT('',(-23.7,-3.5));
#11568 = ( GEOMETRIC_REPRESENTATION_CONTEXT(2) 
PARAMETRIC_REPRESENTATION_CONTEXT() REPRESENTATION_CONTEXT('2D SPACE',''
  ) );
#11569 = PCURVE('',#1372,#11570);
#11570 = DEFINITIONAL_REPRESENTATION('',(#11571),#11574);
#11571 = B_SPLINE_CURVE_WITH_KNOTS('',1,(#11572,#11573),.UNSPECIFIED.,
  .F.,.F.,(2,2),(-75.95,-28.55),.PIECEWISE_BEZIER_KNOTS.);
#11572 = CARTESIAN_POINT('',(128.2,-26.3));
#11573 = CARTESIAN_POINT('',(80.8,-26.3));
#11574 = ( GEOMETRIC_REPRESENTATION_CONTEXT(2) 
PARAMETRIC_REPRESENTATION_CONTEXT() REPRESENTATION_CONTEXT('2D SPACE',''
  ) );
#11575 = ADVANCED_FACE('',(#11576),#10475,.F.);
#11576 = FACE_BOUND('',#11577,.F.);
#11577 = EDGE_LOOP('',(#11578,#11579,#11580,#11608));
#11578 = ORIENTED_EDGE('',*,*,#10456,.F.);
#11579 = ORIENTED_EDGE('',*,*,#11534,.T.);
#11580 = ORIENTED_EDGE('',*,*,#11581,.T.);
#11581 = EDGE_CURVE('',#11535,#11582,#11584,.T.);
#11582 = VERTEX_POINT('',#11583);
#11583 = CARTESIAN_POINT('',(92.8,47.4,2.5));
#11584 = SURFACE_CURVE('',#11585,(#11590,#11597),.PCURVE_S1.);
#11585 = CIRCLE('',#11586,1.3);
#11586 = AXIS2_PLACEMENT_3D('',#11587,#11588,#11589);
#11587 = CARTESIAN_POINT('',(92.8,46.1,2.5));
#11588 = DIRECTION('',(0.,0.,-1.));
#11589 = DIRECTION('',(1.,0.,0.));
#11590 = PCURVE('',#10475,#11591);
#11591 = DEFINITIONAL_REPRESENTATION('',(#11592),#11596);
#11592 = LINE('',#11593,#11594);
#11593 = CARTESIAN_POINT('',(0.,-3.5));
#11594 = VECTOR('',#11595,1.);
#11595 = DIRECTION('',(1.,0.));
#11596 = ( GEOMETRIC_REPRESENTATION_CONTEXT(2) 
PARAMETRIC_REPRESENTATION_CONTEXT() REPRESENTATION_CONTEXT('2D SPACE',''
  ) );
#11597 = PCURVE('',#1372,#11598);
#11598 = DEFINITIONAL_REPRESENTATION('',(#11599),#11607);
#11599 = ( BOUNDED_CURVE() B_SPLINE_CURVE(2,(#11600,#11601,#11602,#11603
    ,#11604,#11605,#11606),.UNSPECIFIED.,.T.,.F.) 
B_SPLINE_CURVE_WITH_KNOTS((1,2,2,2,2,1),(-2.094395102393,0.,
    2.094395102393,4.188790204786,6.28318530718,8.377580409573),
.UNSPECIFIED.) CURVE() GEOMETRIC_REPRESENTATION_ITEM() 
RATIONAL_B_SPLINE_CURVE((1.,0.5,1.,0.5,1.,0.5,1.)) REPRESENTATION_ITEM(
  '') );
#11600 = CARTESIAN_POINT('',(82.1,-25.));
#11601 = CARTESIAN_POINT('',(82.1,-27.25166604984));
#11602 = CARTESIAN_POINT('',(80.15,-26.12583302492));
#11603 = CARTESIAN_POINT('',(78.2,-25.));
#11604 = CARTESIAN_POINT('',(80.15,-23.87416697508));
#11605 = CARTESIAN_POINT('',(82.1,-22.74833395016));
#11606 = CARTESIAN_POINT('',(82.1,-25.));
#11607 = ( GEOMETRIC_REPRESENTATION_CONTEXT(2) 
PARAMETRIC_REPRESENTATION_CONTEXT() REPRESENTATION_CONTEXT('2D SPACE',''
  ) );
#11608 = ORIENTED_EDGE('',*,*,#11609,.F.);
#11609 = EDGE_CURVE('',#10372,#11582,#11610,.T.);
#11610 = SURFACE_CURVE('',#11611,(#11615,#11622),.PCURVE_S1.);
#11611 = LINE('',#11612,#11613);
#11612 = CARTESIAN_POINT('',(92.8,47.4,-1.));
#11613 = VECTOR('',#11614,1.);
#11614 = DIRECTION('',(0.,0.,1.));
#11615 = PCURVE('',#10475,#11616);
#11616 = DEFINITIONAL_REPRESENTATION('',(#11617),#11621);
#11617 = LINE('',#11618,#11619);
#11618 = CARTESIAN_POINT('',(4.712388980385,0.));
#11619 = VECTOR('',#11620,1.);
#11620 = DIRECTION('',(0.,-1.));
#11621 = ( GEOMETRIC_REPRESENTATION_CONTEXT(2) 
PARAMETRIC_REPRESENTATION_CONTEXT() REPRESENTATION_CONTEXT('2D SPACE',''
  ) );
#11622 = PCURVE('',#10386,#11623);
#11623 = DEFINITIONAL_REPRESENTATION('',(#11624),#11628);
#11624 = LINE('',#11625,#11626);
#11625 = CARTESIAN_POINT('',(0.,0.));
#11626 = VECTOR('',#11627,1.);
#11627 = DIRECTION('',(0.,-1.));
#11628 = ( GEOMETRIC_REPRESENTATION_CONTEXT(2) 
PARAMETRIC_REPRESENTATION_CONTEXT() REPRESENTATION_CONTEXT('2D SPACE',''
  ) );
#11629 = ADVANCED_FACE('',(#11630),#10386,.F.);
#11630 = FACE_BOUND('',#11631,.F.);
#11631 = EDGE_LOOP('',(#11632,#11633,#11634,#11653));
#11632 = ORIENTED_EDGE('',*,*,#10369,.T.);
#11633 = ORIENTED_EDGE('',*,*,#11609,.T.);
#11634 = ORIENTED_EDGE('',*,*,#11635,.F.);
#11635 = EDGE_CURVE('',#11458,#11582,#11636,.T.);
#11636 = SURFACE_CURVE('',#11637,(#11641,#11647),.PCURVE_S1.);
#11637 = LINE('',#11638,#11639);
#11638 = CARTESIAN_POINT('',(52.4,47.4,2.5));
#11639 = VECTOR('',#11640,1.);
#11640 = DIRECTION('',(-1.,0.,-0.));
#11641 = PCURVE('',#10386,#11642);
#11642 = DEFINITIONAL_REPRESENTATION('',(#11643),#11646);
#11643 = B_SPLINE_CURVE_WITH_KNOTS('',1,(#11644,#11645),.UNSPECIFIED.,
  .F.,.F.,(2,2),(-87.8,-40.4),.PIECEWISE_BEZIER_KNOTS.);
#11644 = CARTESIAN_POINT('',(47.4,-3.5));
#11645 = CARTESIAN_POINT('',(0.,-3.5));
#11646 = ( GEOMETRIC_REPRESENTATION_CONTEXT(2) 
PARAMETRIC_REPRESENTATION_CONTEXT() REPRESENTATION_CONTEXT('2D SPACE',''
  ) );
#11647 = PCURVE('',#1372,#11648);
#11648 = DEFINITIONAL_REPRESENTATION('',(#11649),#11652);
#11649 = B_SPLINE_CURVE_WITH_KNOTS('',1,(#11650,#11651),.UNSPECIFIED.,
  .F.,.F.,(2,2),(-87.8,-40.4),.PIECEWISE_BEZIER_KNOTS.);
#11650 = CARTESIAN_POINT('',(128.2,-23.7));
#11651 = CARTESIAN_POINT('',(80.8,-23.7));
#11652 = ( GEOMETRIC_REPRESENTATION_CONTEXT(2) 
PARAMETRIC_REPRESENTATION_CONTEXT() REPRESENTATION_CONTEXT('2D SPACE',''
  ) );
#11653 = ORIENTED_EDGE('',*,*,#11457,.F.);
#11654 = ADVANCED_FACE('',(#11655),#10355,.F.);
#11655 = FACE_BOUND('',#11656,.F.);
#11656 = EDGE_LOOP('',(#11657,#11686,#11707,#11708));
#11657 = ORIENTED_EDGE('',*,*,#11658,.F.);
#11658 = EDGE_CURVE('',#11659,#11659,#11661,.T.);
#11659 = VERTEX_POINT('',#11660);
#11660 = CARTESIAN_POINT('',(103.4,30.,4.));
#11661 = SURFACE_CURVE('',#11662,(#11667,#11674),.PCURVE_S1.);
#11662 = CIRCLE('',#11663,3.4);
#11663 = AXIS2_PLACEMENT_3D('',#11664,#11665,#11666);
#11664 = CARTESIAN_POINT('',(100.,30.,4.));
#11665 = DIRECTION('',(0.,0.,1.));
#11666 = DIRECTION('',(1.,0.,-0.));
#11667 = PCURVE('',#10355,#11668);
#11668 = DEFINITIONAL_REPRESENTATION('',(#11669),#11673);
#11669 = LINE('',#11670,#11671);
#11670 = CARTESIAN_POINT('',(0.,5.));
#11671 = VECTOR('',#11672,1.);
#11672 = DIRECTION('',(1.,0.));
#11673 = ( GEOMETRIC_REPRESENTATION_CONTEXT(2) 
PARAMETRIC_REPRESENTATION_CONTEXT() REPRESENTATION_CONTEXT('2D SPACE',''
  ) );
#11674 = PCURVE('',#11675,#11680);
#11675 = PLANE('',#11676);
#11676 = AXIS2_PLACEMENT_3D('',#11677,#11678,#11679);
#11677 = CARTESIAN_POINT('',(100.,30.,4.));
#11678 = DIRECTION('',(0.,0.,1.));
#11679 = DIRECTION('',(1.,0.,0.));
#11680 = DEFINITIONAL_REPRESENTATION('',(#11681),#11685);
#11681 = CIRCLE('',#11682,3.4);
#11682 = AXIS2_PLACEMENT_2D('',#11683,#11684);
#11683 = CARTESIAN_POINT('',(0.,0.));
#11684 = DIRECTION('',(1.,0.));
#11685 = ( GEOMETRIC_REPRESENTATION_CONTEXT(2) 
PARAMETRIC_REPRESENTATION_CONTEXT() REPRESENTATION_CONTEXT('2D SPACE',''
  ) );
#11686 = ORIENTED_EDGE('',*,*,#11687,.F.);
#11687 = EDGE_CURVE('',#10339,#11659,#11688,.T.);
#11688 = SEAM_CURVE('',#11689,(#11693,#11700),.PCURVE_S1.);
#11689 = LINE('',#11690,#11691);
#11690 = CARTESIAN_POINT('',(103.4,30.,-1.));
#11691 = VECTOR('',#11692,1.);
#11692 = DIRECTION('',(0.,0.,1.));
#11693 = PCURVE('',#10355,#11694);
#11694 = DEFINITIONAL_REPRESENTATION('',(#11695),#11699);
#11695 = LINE('',#11696,#11697);
#11696 = CARTESIAN_POINT('',(6.28318530718,-0.));
#11697 = VECTOR('',#11698,1.);
#11698 = DIRECTION('',(0.,1.));
#11699 = ( GEOMETRIC_REPRESENTATION_CONTEXT(2) 
PARAMETRIC_REPRESENTATION_CONTEXT() REPRESENTATION_CONTEXT('2D SPACE',''
  ) );
#11700 = PCURVE('',#10355,#11701);
#11701 = DEFINITIONAL_REPRESENTATION('',(#11702),#11706);
#11702 = LINE('',#11703,#11704);
#11703 = CARTESIAN_POINT('',(0.,-0.));
#11704 = VECTOR('',#11705,1.);
#11705 = DIRECTION('',(0.,1.));
#11706 = ( GEOMETRIC_REPRESENTATION_CONTEXT(2) 
PARAMETRIC_REPRESENTATION_CONTEXT() REPRESENTATION_CONTEXT('2D SPACE',''
  ) );
#11707 = ORIENTED_EDGE('',*,*,#10338,.T.);
#11708 = ORIENTED_EDGE('',*,*,#11687,.T.);
#11709 = ADVANCED_FACE('',(#11710,#11880),#11675,.T.);
#11710 = FACE_BOUND('',#11711,.T.);
#11711 = EDGE_LOOP('',(#11712,#11742,#11770,#11798,#11826,#11854));
#11712 = ORIENTED_EDGE('',*,*,#11713,.T.);
#11713 = EDGE_CURVE('',#11714,#11716,#11718,.T.);
#11714 = VERTEX_POINT('',#11715);
#11715 = CARTESIAN_POINT('',(106.58179306876,30.,4.));
#11716 = VERTEX_POINT('',#11717);
#11717 = CARTESIAN_POINT('',(103.29089653438,35.7,4.));
#11718 = SURFACE_CURVE('',#11719,(#11723,#11730),.PCURVE_S1.);
#11719 = LINE('',#11720,#11721);
#11720 = CARTESIAN_POINT('',(106.58179306876,30.,4.));
#11721 = VECTOR('',#11722,1.);
#11722 = DIRECTION('',(-0.5,0.866025403784,0.));
#11723 = PCURVE('',#11675,#11724);
#11724 = DEFINITIONAL_REPRESENTATION('',(#11725),#11729);
#11725 = LINE('',#11726,#11727);
#11726 = CARTESIAN_POINT('',(6.581793068762,4.498158330722E-16));
#11727 = VECTOR('',#11728,1.);
#11728 = DIRECTION('',(-0.5,0.866025403784));
#11729 = ( GEOMETRIC_REPRESENTATION_CONTEXT(2) 
PARAMETRIC_REPRESENTATION_CONTEXT() REPRESENTATION_CONTEXT('2D SPACE',''
  ) );
#11730 = PCURVE('',#11731,#11736);
#11731 = PLANE('',#11732);
#11732 = AXIS2_PLACEMENT_3D('',#11733,#11734,#11735);
#11733 = CARTESIAN_POINT('',(106.58179306876,30.,4.));
#11734 = DIRECTION('',(-0.866025403784,-0.5,0.));
#11735 = DIRECTION('',(-0.5,0.866025403784,0.));
#11736 = DEFINITIONAL_REPRESENTATION('',(#11737),#11741);
#11737 = LINE('',#11738,#11739);
#11738 = CARTESIAN_POINT('',(0.,0.));
#11739 = VECTOR('',#11740,1.);
#11740 = DIRECTION('',(1.,0.));
#11741 = ( GEOMETRIC_REPRESENTATION_CONTEXT(2) 
PARAMETRIC_REPRESENTATION_CONTEXT() REPRESENTATION_CONTEXT('2D SPACE',''
  ) );
#11742 = ORIENTED_EDGE('',*,*,#11743,.T.);
#11743 = EDGE_CURVE('',#11716,#11744,#11746,.T.);
#11744 = VERTEX_POINT('',#11745);
#11745 = CARTESIAN_POINT('',(96.709103465619,35.7,4.));
#11746 = SURFACE_CURVE('',#11747,(#11751,#11758),.PCURVE_S1.);
#11747 = LINE('',#11748,#11749);
#11748 = CARTESIAN_POINT('',(103.29089653438,35.7,4.));
#11749 = VECTOR('',#11750,1.);
#11750 = DIRECTION('',(-1.,1.349447499217E-16,0.));
#11751 = PCURVE('',#11675,#11752);
#11752 = DEFINITIONAL_REPRESENTATION('',(#11753),#11757);
#11753 = LINE('',#11754,#11755);
#11754 = CARTESIAN_POINT('',(3.290896534381,5.7));
#11755 = VECTOR('',#11756,1.);
#11756 = DIRECTION('',(-1.,1.349447499217E-16));
#11757 = ( GEOMETRIC_REPRESENTATION_CONTEXT(2) 
PARAMETRIC_REPRESENTATION_CONTEXT() REPRESENTATION_CONTEXT('2D SPACE',''
  ) );
#11758 = PCURVE('',#11759,#11764);
#11759 = PLANE('',#11760);
#11760 = AXIS2_PLACEMENT_3D('',#11761,#11762,#11763);
#11761 = CARTESIAN_POINT('',(103.29089653438,35.7,4.));
#11762 = DIRECTION('',(-1.349447499217E-16,-1.,0.));
#11763 = DIRECTION('',(-1.,1.349447499217E-16,0.));
#11764 = DEFINITIONAL_REPRESENTATION('',(#11765),#11769);
#11765 = LINE('',#11766,#11767);
#11766 = CARTESIAN_POINT('',(0.,0.));
#11767 = VECTOR('',#11768,1.);
#11768 = DIRECTION('',(1.,0.));
#11769 = ( GEOMETRIC_REPRESENTATION_CONTEXT(2) 
PARAMETRIC_REPRESENTATION_CONTEXT() REPRESENTATION_CONTEXT('2D SPACE',''
  ) );
#11770 = ORIENTED_EDGE('',*,*,#11771,.T.);
#11771 = EDGE_CURVE('',#11744,#11772,#11774,.T.);
#11772 = VERTEX_POINT('',#11773);
#11773 = CARTESIAN_POINT('',(93.418206931238,30.,4.));
#11774 = SURFACE_CURVE('',#11775,(#11779,#11786),.PCURVE_S1.);
#11775 = LINE('',#11776,#11777);
#11776 = CARTESIAN_POINT('',(96.709103465619,35.7,4.));
#11777 = VECTOR('',#11778,1.);
#11778 = DIRECTION('',(-0.5,-0.866025403784,0.));
#11779 = PCURVE('',#11675,#11780);
#11780 = DEFINITIONAL_REPRESENTATION('',(#11781),#11785);
#11781 = LINE('',#11782,#11783);
#11782 = CARTESIAN_POINT('',(-3.290896534381,5.7));
#11783 = VECTOR('',#11784,1.);
#11784 = DIRECTION('',(-0.5,-0.866025403784));
#11785 = ( GEOMETRIC_REPRESENTATION_CONTEXT(2) 
PARAMETRIC_REPRESENTATION_CONTEXT() REPRESENTATION_CONTEXT('2D SPACE',''
  ) );
#11786 = PCURVE('',#11787,#11792);
#11787 = PLANE('',#11788);
#11788 = AXIS2_PLACEMENT_3D('',#11789,#11790,#11791);
#11789 = CARTESIAN_POINT('',(96.709103465619,35.7,4.));
#11790 = DIRECTION('',(0.866025403784,-0.5,0.));
#11791 = DIRECTION('',(-0.5,-0.866025403784,0.));
#11792 = DEFINITIONAL_REPRESENTATION('',(#11793),#11797);
#11793 = LINE('',#11794,#11795);
#11794 = CARTESIAN_POINT('',(0.,0.));
#11795 = VECTOR('',#11796,1.);
#11796 = DIRECTION('',(1.,0.));
#11797 = ( GEOMETRIC_REPRESENTATION_CONTEXT(2) 
PARAMETRIC_REPRESENTATION_CONTEXT() REPRESENTATION_CONTEXT('2D SPACE',''
  ) );
#11798 = ORIENTED_EDGE('',*,*,#11799,.T.);
#11799 = EDGE_CURVE('',#11772,#11800,#11802,.T.);
#11800 = VERTEX_POINT('',#11801);
#11801 = CARTESIAN_POINT('',(96.709103465619,24.3,4.));
#11802 = SURFACE_CURVE('',#11803,(#11807,#11814),.PCURVE_S1.);
#11803 = LINE('',#11804,#11805);
#11804 = CARTESIAN_POINT('',(93.418206931238,30.,4.));
#11805 = VECTOR('',#11806,1.);
#11806 = DIRECTION('',(0.5,-0.866025403784,0.));
#11807 = PCURVE('',#11675,#11808);
#11808 = DEFINITIONAL_REPRESENTATION('',(#11809),#11813);
#11809 = LINE('',#11810,#11811);
#11810 = CARTESIAN_POINT('',(-6.581793068762,1.255853014503E-15));
#11811 = VECTOR('',#11812,1.);
#11812 = DIRECTION('',(0.5,-0.866025403784));
#11813 = ( GEOMETRIC_REPRESENTATION_CONTEXT(2) 
PARAMETRIC_REPRESENTATION_CONTEXT() REPRESENTATION_CONTEXT('2D SPACE',''
  ) );
#11814 = PCURVE('',#11815,#11820);
#11815 = PLANE('',#11816);
#11816 = AXIS2_PLACEMENT_3D('',#11817,#11818,#11819);
#11817 = CARTESIAN_POINT('',(93.418206931238,30.,4.));
#11818 = DIRECTION('',(0.866025403784,0.5,-0.));
#11819 = DIRECTION('',(0.5,-0.866025403784,0.));
#11820 = DEFINITIONAL_REPRESENTATION('',(#11821),#11825);
#11821 = LINE('',#11822,#11823);
#11822 = CARTESIAN_POINT('',(0.,0.));
#11823 = VECTOR('',#11824,1.);
#11824 = DIRECTION('',(1.,0.));
#11825 = ( GEOMETRIC_REPRESENTATION_CONTEXT(2) 
PARAMETRIC_REPRESENTATION_CONTEXT() REPRESENTATION_CONTEXT('2D SPACE',''
  ) );
#11826 = ORIENTED_EDGE('',*,*,#11827,.T.);
#11827 = EDGE_CURVE('',#11800,#11828,#11830,.T.);
#11828 = VERTEX_POINT('',#11829);
#11829 = CARTESIAN_POINT('',(103.29089653438,24.3,4.));
#11830 = SURFACE_CURVE('',#11831,(#11835,#11842),.PCURVE_S1.);
#11831 = LINE('',#11832,#11833);
#11832 = CARTESIAN_POINT('',(96.709103465619,24.3,4.));
#11833 = VECTOR('',#11834,1.);
#11834 = DIRECTION('',(1.,-1.349447499217E-16,0.));
#11835 = PCURVE('',#11675,#11836);
#11836 = DEFINITIONAL_REPRESENTATION('',(#11837),#11841);
#11837 = LINE('',#11838,#11839);
#11838 = CARTESIAN_POINT('',(-3.290896534381,-5.7));
#11839 = VECTOR('',#11840,1.);
#11840 = DIRECTION('',(1.,-1.349447499217E-16));
#11841 = ( GEOMETRIC_REPRESENTATION_CONTEXT(2) 
PARAMETRIC_REPRESENTATION_CONTEXT() REPRESENTATION_CONTEXT('2D SPACE',''
  ) );
#11842 = PCURVE('',#11843,#11848);
#11843 = PLANE('',#11844);
#11844 = AXIS2_PLACEMENT_3D('',#11845,#11846,#11847);
#11845 = CARTESIAN_POINT('',(96.709103465619,24.3,4.));
#11846 = DIRECTION('',(1.349447499217E-16,1.,-0.));
#11847 = DIRECTION('',(1.,-1.349447499217E-16,0.));
#11848 = DEFINITIONAL_REPRESENTATION('',(#11849),#11853);
#11849 = LINE('',#11850,#11851);
#11850 = CARTESIAN_POINT('',(0.,0.));
#11851 = VECTOR('',#11852,1.);
#11852 = DIRECTION('',(1.,0.));
#11853 = ( GEOMETRIC_REPRESENTATION_CONTEXT(2) 
PARAMETRIC_REPRESENTATION_CONTEXT() REPRESENTATION_CONTEXT('2D SPACE',''
  ) );
#11854 = ORIENTED_EDGE('',*,*,#11855,.T.);
#11855 = EDGE_CURVE('',#11828,#11714,#11856,.T.);
#11856 = SURFACE_CURVE('',#11857,(#11861,#11868),.PCURVE_S1.);
#11857 = LINE('',#11858,#11859);
#11858 = CARTESIAN_POINT('',(103.29089653438,24.3,4.));
#11859 = VECTOR('',#11860,1.);
#11860 = DIRECTION('',(0.5,0.866025403784,0.));
#11861 = PCURVE('',#11675,#11862);
#11862 = DEFINITIONAL_REPRESENTATION('',(#11863),#11867);
#11863 = LINE('',#11864,#11865);
#11864 = CARTESIAN_POINT('',(3.290896534381,-5.7));
#11865 = VECTOR('',#11866,1.);
#11866 = DIRECTION('',(0.5,0.866025403784));
#11867 = ( GEOMETRIC_REPRESENTATION_CONTEXT(2) 
PARAMETRIC_REPRESENTATION_CONTEXT() REPRESENTATION_CONTEXT('2D SPACE',''
  ) );
#11868 = PCURVE('',#11869,#11874);
#11869 = PLANE('',#11870);
#11870 = AXIS2_PLACEMENT_3D('',#11871,#11872,#11873);
#11871 = CARTESIAN_POINT('',(103.29089653438,24.3,4.));
#11872 = DIRECTION('',(-0.866025403784,0.5,0.));
#11873 = DIRECTION('',(0.5,0.866025403784,0.));
#11874 = DEFINITIONAL_REPRESENTATION('',(#11875),#11879);
#11875 = LINE('',#11876,#11877);
#11876 = CARTESIAN_POINT('',(0.,0.));
#11877 = VECTOR('',#11878,1.);
#11878 = DIRECTION('',(1.,0.));
#11879 = ( GEOMETRIC_REPRESENTATION_CONTEXT(2) 
PARAMETRIC_REPRESENTATION_CONTEXT() REPRESENTATION_CONTEXT('2D SPACE',''
  ) );
#11880 = FACE_BOUND('',#11881,.T.);
#11881 = EDGE_LOOP('',(#11882));
#11882 = ORIENTED_EDGE('',*,*,#11658,.F.);
#11883 = ADVANCED_FACE('',(#11884),#11815,.T.);
#11884 = FACE_BOUND('',#11885,.T.);
#11885 = EDGE_LOOP('',(#11886,#11887,#11910,#11936));
#11886 = ORIENTED_EDGE('',*,*,#11799,.F.);
#11887 = ORIENTED_EDGE('',*,*,#11888,.T.);
#11888 = EDGE_CURVE('',#11772,#11889,#11891,.T.);
#11889 = VERTEX_POINT('',#11890);
#11890 = CARTESIAN_POINT('',(93.418206931238,30.,9.8));
#11891 = SURFACE_CURVE('',#11892,(#11896,#11903),.PCURVE_S1.);
#11892 = LINE('',#11893,#11894);
#11893 = CARTESIAN_POINT('',(93.418206931238,30.,4.));
#11894 = VECTOR('',#11895,1.);
#11895 = DIRECTION('',(0.,0.,1.));
#11896 = PCURVE('',#11815,#11897);
#11897 = DEFINITIONAL_REPRESENTATION('',(#11898),#11902);
#11898 = LINE('',#11899,#11900);
#11899 = CARTESIAN_POINT('',(0.,0.));
#11900 = VECTOR('',#11901,1.);
#11901 = DIRECTION('',(0.,-1.));
#11902 = ( GEOMETRIC_REPRESENTATION_CONTEXT(2) 
PARAMETRIC_REPRESENTATION_CONTEXT() REPRESENTATION_CONTEXT('2D SPACE',''
  ) );
#11903 = PCURVE('',#11787,#11904);
#11904 = DEFINITIONAL_REPRESENTATION('',(#11905),#11909);
#11905 = LINE('',#11906,#11907);
#11906 = CARTESIAN_POINT('',(6.581793068762,0.));
#11907 = VECTOR('',#11908,1.);
#11908 = DIRECTION('',(0.,-1.));
#11909 = ( GEOMETRIC_REPRESENTATION_CONTEXT(2) 
PARAMETRIC_REPRESENTATION_CONTEXT() REPRESENTATION_CONTEXT('2D SPACE',''
  ) );
#11910 = ORIENTED_EDGE('',*,*,#11911,.F.);
#11911 = EDGE_CURVE('',#11912,#11889,#11914,.T.);
#11912 = VERTEX_POINT('',#11913);
#11913 = CARTESIAN_POINT('',(96.709103465619,24.3,9.8));
#11914 = SURFACE_CURVE('',#11915,(#11919,#11925),.PCURVE_S1.);
#11915 = LINE('',#11916,#11917);
#11916 = CARTESIAN_POINT('',(94.240931064833,28.575,9.8));
#11917 = VECTOR('',#11918,1.);
#11918 = DIRECTION('',(-0.5,0.866025403784,0.));
#11919 = PCURVE('',#11815,#11920);
#11920 = DEFINITIONAL_REPRESENTATION('',(#11921),#11924);
#11921 = B_SPLINE_CURVE_WITH_KNOTS('',1,(#11922,#11923),.UNSPECIFIED.,
  .F.,.F.,(2,2),(-4.936344801571,1.64544826719),
  .PIECEWISE_BEZIER_KNOTS.);
#11922 = CARTESIAN_POINT('',(6.581793068762,-5.8));
#11923 = CARTESIAN_POINT('',(0.,-5.8));
#11924 = ( GEOMETRIC_REPRESENTATION_CONTEXT(2) 
PARAMETRIC_REPRESENTATION_CONTEXT() REPRESENTATION_CONTEXT('2D SPACE',''
  ) );
#11925 = PCURVE('',#11926,#11931);
#11926 = PLANE('',#11927);
#11927 = AXIS2_PLACEMENT_3D('',#11928,#11929,#11930);
#11928 = CARTESIAN_POINT('',(100.,30.,9.8));
#11929 = DIRECTION('',(0.,0.,1.));
#11930 = DIRECTION('',(1.,0.,-0.));
#11931 = DEFINITIONAL_REPRESENTATION('',(#11932),#11935);
#11932 = B_SPLINE_CURVE_WITH_KNOTS('',1,(#11933,#11934),.UNSPECIFIED.,
  .F.,.F.,(2,2),(-4.936344801571,1.64544826719),
  .PIECEWISE_BEZIER_KNOTS.);
#11933 = CARTESIAN_POINT('',(-3.290896534381,-5.7));
#11934 = CARTESIAN_POINT('',(-6.581793068762,-2.22044604925E-16));
#11935 = ( GEOMETRIC_REPRESENTATION_CONTEXT(2) 
PARAMETRIC_REPRESENTATION_CONTEXT() REPRESENTATION_CONTEXT('2D SPACE',''
  ) );
#11936 = ORIENTED_EDGE('',*,*,#11937,.F.);
#11937 = EDGE_CURVE('',#11800,#11912,#11938,.T.);
#11938 = SURFACE_CURVE('',#11939,(#11943,#11950),.PCURVE_S1.);
#11939 = LINE('',#11940,#11941);
#11940 = CARTESIAN_POINT('',(96.709103465619,24.3,4.));
#11941 = VECTOR('',#11942,1.);
#11942 = DIRECTION('',(0.,0.,1.));
#11943 = PCURVE('',#11815,#11944);
#11944 = DEFINITIONAL_REPRESENTATION('',(#11945),#11949);
#11945 = LINE('',#11946,#11947);
#11946 = CARTESIAN_POINT('',(6.581793068762,0.));
#11947 = VECTOR('',#11948,1.);
#11948 = DIRECTION('',(0.,-1.));
#11949 = ( GEOMETRIC_REPRESENTATION_CONTEXT(2) 
PARAMETRIC_REPRESENTATION_CONTEXT() REPRESENTATION_CONTEXT('2D SPACE',''
  ) );
#11950 = PCURVE('',#11843,#11951);
#11951 = DEFINITIONAL_REPRESENTATION('',(#11952),#11956);
#11952 = LINE('',#11953,#11954);
#11953 = CARTESIAN_POINT('',(0.,0.));
#11954 = VECTOR('',#11955,1.);
#11955 = DIRECTION('',(0.,-1.));
#11956 = ( GEOMETRIC_REPRESENTATION_CONTEXT(2) 
PARAMETRIC_REPRESENTATION_CONTEXT() REPRESENTATION_CONTEXT('2D SPACE',''
  ) );
#11957 = ADVANCED_FACE('',(#11958,#11989),#11926,.T.);
#11958 = FACE_BOUND('',#11959,.T.);
#11959 = EDGE_LOOP('',(#11960));
#11960 = ORIENTED_EDGE('',*,*,#11961,.T.);
#11961 = EDGE_CURVE('',#11962,#11962,#11964,.T.);
#11962 = VERTEX_POINT('',#11963);
#11963 = CARTESIAN_POINT('',(110.,30.,9.8));
#11964 = SURFACE_CURVE('',#11965,(#11970,#11977),.PCURVE_S1.);
#11965 = CIRCLE('',#11966,10.);
#11966 = AXIS2_PLACEMENT_3D('',#11967,#11968,#11969);
#11967 = CARTESIAN_POINT('',(100.,30.,9.8));
#11968 = DIRECTION('',(0.,0.,1.));
#11969 = DIRECTION('',(1.,0.,-0.));
#11970 = PCURVE('',#11926,#11971);
#11971 = DEFINITIONAL_REPRESENTATION('',(#11972),#11976);
#11972 = CIRCLE('',#11973,10.);
#11973 = AXIS2_PLACEMENT_2D('',#11974,#11975);
#11974 = CARTESIAN_POINT('',(0.,0.));
#11975 = DIRECTION('',(1.,0.));
#11976 = ( GEOMETRIC_REPRESENTATION_CONTEXT(2) 
PARAMETRIC_REPRESENTATION_CONTEXT() REPRESENTATION_CONTEXT('2D SPACE',''
  ) );
#11977 = PCURVE('',#11978,#11983);
#11978 = CYLINDRICAL_SURFACE('',#11979,10.);
#11979 = AXIS2_PLACEMENT_3D('',#11980,#11981,#11982);
#11980 = CARTESIAN_POINT('',(100.,30.,0.));
#11981 = DIRECTION('',(0.,0.,1.));
#11982 = DIRECTION('',(1.,0.,-0.));
#11983 = DEFINITIONAL_REPRESENTATION('',(#11984),#11988);
#11984 = LINE('',#11985,#11986);
#11985 = CARTESIAN_POINT('',(0.,9.8));
#11986 = VECTOR('',#11987,1.);
#11987 = DIRECTION('',(1.,0.));
#11988 = ( GEOMETRIC_REPRESENTATION_CONTEXT(2) 
PARAMETRIC_REPRESENTATION_CONTEXT() REPRESENTATION_CONTEXT('2D SPACE',''
  ) );
#11989 = FACE_BOUND('',#11990,.T.);
#11990 = EDGE_LOOP('',(#11991,#12014,#12035,#12056,#12075,#12076));
#11991 = ORIENTED_EDGE('',*,*,#11992,.T.);
#11992 = EDGE_CURVE('',#11993,#11995,#11997,.T.);
#11993 = VERTEX_POINT('',#11994);
#11994 = CARTESIAN_POINT('',(96.709103465619,35.7,9.8));
#11995 = VERTEX_POINT('',#11996);
#11996 = CARTESIAN_POINT('',(103.29089653438,35.7,9.8));
#11997 = SURFACE_CURVE('',#11998,(#12002,#12008),.PCURVE_S1.);
#11998 = LINE('',#11999,#12000);
#11999 = CARTESIAN_POINT('',(101.64544826719,35.7,9.8));
#12000 = VECTOR('',#12001,1.);
#12001 = DIRECTION('',(1.,-1.349447499217E-16,0.));
#12002 = PCURVE('',#11926,#12003);
#12003 = DEFINITIONAL_REPRESENTATION('',(#12004),#12007);
#12004 = B_SPLINE_CURVE_WITH_KNOTS('',1,(#12005,#12006),.UNSPECIFIED.,
  .F.,.F.,(2,2),(-4.936344801571,1.64544826719),
  .PIECEWISE_BEZIER_KNOTS.);
#12005 = CARTESIAN_POINT('',(-3.290896534381,5.7));
#12006 = CARTESIAN_POINT('',(3.290896534381,5.7));
#12007 = ( GEOMETRIC_REPRESENTATION_CONTEXT(2) 
PARAMETRIC_REPRESENTATION_CONTEXT() REPRESENTATION_CONTEXT('2D SPACE',''
  ) );
#12008 = PCURVE('',#11759,#12009);
#12009 = DEFINITIONAL_REPRESENTATION('',(#12010),#12013);
#12010 = B_SPLINE_CURVE_WITH_KNOTS('',1,(#12011,#12012),.UNSPECIFIED.,
  .F.,.F.,(2,2),(-4.936344801571,1.64544826719),
  .PIECEWISE_BEZIER_KNOTS.);
#12011 = CARTESIAN_POINT('',(6.581793068762,-5.8));
#12012 = CARTESIAN_POINT('',(0.,-5.8));
#12013 = ( GEOMETRIC_REPRESENTATION_CONTEXT(2) 
PARAMETRIC_REPRESENTATION_CONTEXT() REPRESENTATION_CONTEXT('2D SPACE',''
  ) );
#12014 = ORIENTED_EDGE('',*,*,#12015,.T.);
#12015 = EDGE_CURVE('',#11995,#12016,#12018,.T.);
#12016 = VERTEX_POINT('',#12017);
#12017 = CARTESIAN_POINT('',(106.58179306876,30.,9.8));
#12018 = SURFACE_CURVE('',#12019,(#12023,#12029),.PCURVE_S1.);
#12019 = LINE('',#12020,#12021);
#12020 = CARTESIAN_POINT('',(105.75906893516,31.425,9.8));
#12021 = VECTOR('',#12022,1.);
#12022 = DIRECTION('',(0.5,-0.866025403784,0.));
#12023 = PCURVE('',#11926,#12024);
#12024 = DEFINITIONAL_REPRESENTATION('',(#12025),#12028);
#12025 = B_SPLINE_CURVE_WITH_KNOTS('',1,(#12026,#12027),.UNSPECIFIED.,
  .F.,.F.,(2,2),(-4.936344801571,1.64544826719),
  .PIECEWISE_BEZIER_KNOTS.);
#12026 = CARTESIAN_POINT('',(3.290896534381,5.7));
#12027 = CARTESIAN_POINT('',(6.581793068762,4.440892098501E-16));
#12028 = ( GEOMETRIC_REPRESENTATION_CONTEXT(2) 
PARAMETRIC_REPRESENTATION_CONTEXT() REPRESENTATION_CONTEXT('2D SPACE',''
  ) );
#12029 = PCURVE('',#11731,#12030);
#12030 = DEFINITIONAL_REPRESENTATION('',(#12031),#12034);
#12031 = B_SPLINE_CURVE_WITH_KNOTS('',1,(#12032,#12033),.UNSPECIFIED.,
  .F.,.F.,(2,2),(-4.936344801571,1.64544826719),
  .PIECEWISE_BEZIER_KNOTS.);
#12032 = CARTESIAN_POINT('',(6.581793068762,-5.8));
#12033 = CARTESIAN_POINT('',(0.,-5.8));
#12034 = ( GEOMETRIC_REPRESENTATION_CONTEXT(2) 
PARAMETRIC_REPRESENTATION_CONTEXT() REPRESENTATION_CONTEXT('2D SPACE',''
  ) );
#12035 = ORIENTED_EDGE('',*,*,#12036,.T.);
#12036 = EDGE_CURVE('',#12016,#12037,#12039,.T.);
#12037 = VERTEX_POINT('',#12038);
#12038 = CARTESIAN_POINT('',(103.29089653438,24.3,9.8));
#12039 = SURFACE_CURVE('',#12040,(#12044,#12050),.PCURVE_S1.);
#12040 = LINE('',#12041,#12042);
#12041 = CARTESIAN_POINT('',(104.11362066797,25.725,9.8));
#12042 = VECTOR('',#12043,1.);
#12043 = DIRECTION('',(-0.5,-0.866025403784,0.));
#12044 = PCURVE('',#11926,#12045);
#12045 = DEFINITIONAL_REPRESENTATION('',(#12046),#12049);
#12046 = B_SPLINE_CURVE_WITH_KNOTS('',1,(#12047,#12048),.UNSPECIFIED.,
  .F.,.F.,(2,2),(-4.936344801571,1.64544826719),
  .PIECEWISE_BEZIER_KNOTS.);
#12047 = CARTESIAN_POINT('',(6.581793068762,2.6645352591E-15));
#12048 = CARTESIAN_POINT('',(3.290896534381,-5.7));
#12049 = ( GEOMETRIC_REPRESENTATION_CONTEXT(2) 
PARAMETRIC_REPRESENTATION_CONTEXT() REPRESENTATION_CONTEXT('2D SPACE',''
  ) );
#12050 = PCURVE('',#11869,#12051);
#12051 = DEFINITIONAL_REPRESENTATION('',(#12052),#12055);
#12052 = B_SPLINE_CURVE_WITH_KNOTS('',1,(#12053,#12054),.UNSPECIFIED.,
  .F.,.F.,(2,2),(-4.936344801571,1.64544826719),
  .PIECEWISE_BEZIER_KNOTS.);
#12053 = CARTESIAN_POINT('',(6.581793068762,-5.8));
#12054 = CARTESIAN_POINT('',(0.,-5.8));
#12055 = ( GEOMETRIC_REPRESENTATION_CONTEXT(2) 
PARAMETRIC_REPRESENTATION_CONTEXT() REPRESENTATION_CONTEXT('2D SPACE',''
  ) );
#12056 = ORIENTED_EDGE('',*,*,#12057,.T.);
#12057 = EDGE_CURVE('',#12037,#11912,#12058,.T.);
#12058 = SURFACE_CURVE('',#12059,(#12063,#12069),.PCURVE_S1.);
#12059 = LINE('',#12060,#12061);
#12060 = CARTESIAN_POINT('',(98.35455173281,24.3,9.8));
#12061 = VECTOR('',#12062,1.);
#12062 = DIRECTION('',(-1.,1.349447499217E-16,0.));
#12063 = PCURVE('',#11926,#12064);
#12064 = DEFINITIONAL_REPRESENTATION('',(#12065),#12068);
#12065 = B_SPLINE_CURVE_WITH_KNOTS('',1,(#12066,#12067),.UNSPECIFIED.,
  .F.,.F.,(2,2),(-4.936344801571,1.64544826719),
  .PIECEWISE_BEZIER_KNOTS.);
#12066 = CARTESIAN_POINT('',(3.290896534381,-5.7));
#12067 = CARTESIAN_POINT('',(-3.290896534381,-5.7));
#12068 = ( GEOMETRIC_REPRESENTATION_CONTEXT(2) 
PARAMETRIC_REPRESENTATION_CONTEXT() REPRESENTATION_CONTEXT('2D SPACE',''
  ) );
#12069 = PCURVE('',#11843,#12070);
#12070 = DEFINITIONAL_REPRESENTATION('',(#12071),#12074);
#12071 = B_SPLINE_CURVE_WITH_KNOTS('',1,(#12072,#12073),.UNSPECIFIED.,
  .F.,.F.,(2,2),(-4.936344801571,1.64544826719),
  .PIECEWISE_BEZIER_KNOTS.);
#12072 = CARTESIAN_POINT('',(6.581793068762,-5.8));
#12073 = CARTESIAN_POINT('',(0.,-5.8));
#12074 = ( GEOMETRIC_REPRESENTATION_CONTEXT(2) 
PARAMETRIC_REPRESENTATION_CONTEXT() REPRESENTATION_CONTEXT('2D SPACE',''
  ) );
#12075 = ORIENTED_EDGE('',*,*,#11911,.T.);
#12076 = ORIENTED_EDGE('',*,*,#12077,.T.);
#12077 = EDGE_CURVE('',#11889,#11993,#12078,.T.);
#12078 = SURFACE_CURVE('',#12079,(#12083,#12089),.PCURVE_S1.);
#12079 = LINE('',#12080,#12081);
#12080 = CARTESIAN_POINT('',(95.886379332024,34.275,9.8));
#12081 = VECTOR('',#12082,1.);
#12082 = DIRECTION('',(0.5,0.866025403784,-0.));
#12083 = PCURVE('',#11926,#12084);
#12084 = DEFINITIONAL_REPRESENTATION('',(#12085),#12088);
#12085 = B_SPLINE_CURVE_WITH_KNOTS('',1,(#12086,#12087),.UNSPECIFIED.,
  .F.,.F.,(2,2),(-4.936344801571,1.64544826719),
  .PIECEWISE_BEZIER_KNOTS.);
#12086 = CARTESIAN_POINT('',(-6.581793068762,-7.993605777301E-15));
#12087 = CARTESIAN_POINT('',(-3.290896534381,5.7));
#12088 = ( GEOMETRIC_REPRESENTATION_CONTEXT(2) 
PARAMETRIC_REPRESENTATION_CONTEXT() REPRESENTATION_CONTEXT('2D SPACE',''
  ) );
#12089 = PCURVE('',#11787,#12090);
#12090 = DEFINITIONAL_REPRESENTATION('',(#12091),#12094);
#12091 = B_SPLINE_CURVE_WITH_KNOTS('',1,(#12092,#12093),.UNSPECIFIED.,
  .F.,.F.,(2,2),(-4.936344801571,1.64544826719),
  .PIECEWISE_BEZIER_KNOTS.);
#12092 = CARTESIAN_POINT('',(6.581793068762,-5.8));
#12093 = CARTESIAN_POINT('',(0.,-5.8));
#12094 = ( GEOMETRIC_REPRESENTATION_CONTEXT(2) 
PARAMETRIC_REPRESENTATION_CONTEXT() REPRESENTATION_CONTEXT('2D SPACE',''
  ) );
#12095 = ADVANCED_FACE('',(#12096),#11978,.T.);
#12096 = FACE_BOUND('',#12097,.T.);
#12097 = EDGE_LOOP('',(#12098,#12121,#12122,#12123));
#12098 = ORIENTED_EDGE('',*,*,#12099,.T.);
#12099 = EDGE_CURVE('',#12100,#11962,#12102,.T.);
#12100 = VERTEX_POINT('',#12101);
#12101 = CARTESIAN_POINT('',(110.,30.,2.5));
#12102 = SEAM_CURVE('',#12103,(#12107,#12114),.PCURVE_S1.);
#12103 = LINE('',#12104,#12105);
#12104 = CARTESIAN_POINT('',(110.,30.,0.));
#12105 = VECTOR('',#12106,1.);
#12106 = DIRECTION('',(0.,0.,1.));
#12107 = PCURVE('',#11978,#12108);
#12108 = DEFINITIONAL_REPRESENTATION('',(#12109),#12113);
#12109 = LINE('',#12110,#12111);
#12110 = CARTESIAN_POINT('',(6.28318530718,-0.));
#12111 = VECTOR('',#12112,1.);
#12112 = DIRECTION('',(0.,1.));
#12113 = ( GEOMETRIC_REPRESENTATION_CONTEXT(2) 
PARAMETRIC_REPRESENTATION_CONTEXT() REPRESENTATION_CONTEXT('2D SPACE',''
  ) );
#12114 = PCURVE('',#11978,#12115);
#12115 = DEFINITIONAL_REPRESENTATION('',(#12116),#12120);
#12116 = LINE('',#12117,#12118);
#12117 = CARTESIAN_POINT('',(0.,-0.));
#12118 = VECTOR('',#12119,1.);
#12119 = DIRECTION('',(0.,1.));
#12120 = ( GEOMETRIC_REPRESENTATION_CONTEXT(2) 
PARAMETRIC_REPRESENTATION_CONTEXT() REPRESENTATION_CONTEXT('2D SPACE',''
  ) );
#12121 = ORIENTED_EDGE('',*,*,#11961,.F.);
#12122 = ORIENTED_EDGE('',*,*,#12099,.F.);
#12123 = ORIENTED_EDGE('',*,*,#12124,.T.);
#12124 = EDGE_CURVE('',#12100,#12100,#12125,.T.);
#12125 = SURFACE_CURVE('',#12126,(#12131,#12138),.PCURVE_S1.);
#12126 = CIRCLE('',#12127,10.);
#12127 = AXIS2_PLACEMENT_3D('',#12128,#12129,#12130);
#12128 = CARTESIAN_POINT('',(100.,30.,2.5));
#12129 = DIRECTION('',(0.,0.,1.));
#12130 = DIRECTION('',(1.,0.,-0.));
#12131 = PCURVE('',#11978,#12132);
#12132 = DEFINITIONAL_REPRESENTATION('',(#12133),#12137);
#12133 = LINE('',#12134,#12135);
#12134 = CARTESIAN_POINT('',(0.,2.5));
#12135 = VECTOR('',#12136,1.);
#12136 = DIRECTION('',(1.,0.));
#12137 = ( GEOMETRIC_REPRESENTATION_CONTEXT(2) 
PARAMETRIC_REPRESENTATION_CONTEXT() REPRESENTATION_CONTEXT('2D SPACE',''
  ) );
#12138 = PCURVE('',#1372,#12139);
#12139 = DEFINITIONAL_REPRESENTATION('',(#12140),#12144);
#12140 = CIRCLE('',#12141,10.);
#12141 = AXIS2_PLACEMENT_2D('',#12142,#12143);
#12142 = CARTESIAN_POINT('',(88.,-41.1));
#12143 = DIRECTION('',(1.,0.));
#12144 = ( GEOMETRIC_REPRESENTATION_CONTEXT(2) 
PARAMETRIC_REPRESENTATION_CONTEXT() REPRESENTATION_CONTEXT('2D SPACE',''
  ) );
#12145 = ADVANCED_FACE('',(#12146),#11787,.T.);
#12146 = FACE_BOUND('',#12147,.T.);
#12147 = EDGE_LOOP('',(#12148,#12149,#12170,#12171));
#12148 = ORIENTED_EDGE('',*,*,#11771,.F.);
#12149 = ORIENTED_EDGE('',*,*,#12150,.T.);
#12150 = EDGE_CURVE('',#11744,#11993,#12151,.T.);
#12151 = SURFACE_CURVE('',#12152,(#12156,#12163),.PCURVE_S1.);
#12152 = LINE('',#12153,#12154);
#12153 = CARTESIAN_POINT('',(96.709103465619,35.7,4.));
#12154 = VECTOR('',#12155,1.);
#12155 = DIRECTION('',(0.,0.,1.));
#12156 = PCURVE('',#11787,#12157);
#12157 = DEFINITIONAL_REPRESENTATION('',(#12158),#12162);
#12158 = LINE('',#12159,#12160);
#12159 = CARTESIAN_POINT('',(0.,0.));
#12160 = VECTOR('',#12161,1.);
#12161 = DIRECTION('',(0.,-1.));
#12162 = ( GEOMETRIC_REPRESENTATION_CONTEXT(2) 
PARAMETRIC_REPRESENTATION_CONTEXT() REPRESENTATION_CONTEXT('2D SPACE',''
  ) );
#12163 = PCURVE('',#11759,#12164);
#12164 = DEFINITIONAL_REPRESENTATION('',(#12165),#12169);
#12165 = LINE('',#12166,#12167);
#12166 = CARTESIAN_POINT('',(6.581793068762,0.));
#12167 = VECTOR('',#12168,1.);
#12168 = DIRECTION('',(0.,-1.));
#12169 = ( GEOMETRIC_REPRESENTATION_CONTEXT(2) 
PARAMETRIC_REPRESENTATION_CONTEXT() REPRESENTATION_CONTEXT('2D SPACE',''
  ) );
#12170 = ORIENTED_EDGE('',*,*,#12077,.F.);
#12171 = ORIENTED_EDGE('',*,*,#11888,.F.);
#12172 = ADVANCED_FACE('',(#12173),#11843,.T.);
#12173 = FACE_BOUND('',#12174,.T.);
#12174 = EDGE_LOOP('',(#12175,#12176,#12177,#12178));
#12175 = ORIENTED_EDGE('',*,*,#11827,.F.);
#12176 = ORIENTED_EDGE('',*,*,#11937,.T.);
#12177 = ORIENTED_EDGE('',*,*,#12057,.F.);
#12178 = ORIENTED_EDGE('',*,*,#12179,.F.);
#12179 = EDGE_CURVE('',#11828,#12037,#12180,.T.);
#12180 = SURFACE_CURVE('',#12181,(#12185,#12192),.PCURVE_S1.);
#12181 = LINE('',#12182,#12183);
#12182 = CARTESIAN_POINT('',(103.29089653438,24.3,4.));
#12183 = VECTOR('',#12184,1.);
#12184 = DIRECTION('',(0.,0.,1.));
#12185 = PCURVE('',#11843,#12186);
#12186 = DEFINITIONAL_REPRESENTATION('',(#12187),#12191);
#12187 = LINE('',#12188,#12189);
#12188 = CARTESIAN_POINT('',(6.581793068762,0.));
#12189 = VECTOR('',#12190,1.);
#12190 = DIRECTION('',(0.,-1.));
#12191 = ( GEOMETRIC_REPRESENTATION_CONTEXT(2) 
PARAMETRIC_REPRESENTATION_CONTEXT() REPRESENTATION_CONTEXT('2D SPACE',''
  ) );
#12192 = PCURVE('',#11869,#12193);
#12193 = DEFINITIONAL_REPRESENTATION('',(#12194),#12198);
#12194 = LINE('',#12195,#12196);
#12195 = CARTESIAN_POINT('',(0.,0.));
#12196 = VECTOR('',#12197,1.);
#12197 = DIRECTION('',(0.,-1.));
#12198 = ( GEOMETRIC_REPRESENTATION_CONTEXT(2) 
PARAMETRIC_REPRESENTATION_CONTEXT() REPRESENTATION_CONTEXT('2D SPACE',''
  ) );
#12199 = ADVANCED_FACE('',(#12200),#11759,.T.);
#12200 = FACE_BOUND('',#12201,.T.);
#12201 = EDGE_LOOP('',(#12202,#12203,#12224,#12225));
#12202 = ORIENTED_EDGE('',*,*,#11743,.F.);
#12203 = ORIENTED_EDGE('',*,*,#12204,.T.);
#12204 = EDGE_CURVE('',#11716,#11995,#12205,.T.);
#12205 = SURFACE_CURVE('',#12206,(#12210,#12217),.PCURVE_S1.);
#12206 = LINE('',#12207,#12208);
#12207 = CARTESIAN_POINT('',(103.29089653438,35.7,4.));
#12208 = VECTOR('',#12209,1.);
#12209 = DIRECTION('',(0.,0.,1.));
#12210 = PCURVE('',#11759,#12211);
#12211 = DEFINITIONAL_REPRESENTATION('',(#12212),#12216);
#12212 = LINE('',#12213,#12214);
#12213 = CARTESIAN_POINT('',(0.,0.));
#12214 = VECTOR('',#12215,1.);
#12215 = DIRECTION('',(0.,-1.));
#12216 = ( GEOMETRIC_REPRESENTATION_CONTEXT(2) 
PARAMETRIC_REPRESENTATION_CONTEXT() REPRESENTATION_CONTEXT('2D SPACE',''
  ) );
#12217 = PCURVE('',#11731,#12218);
#12218 = DEFINITIONAL_REPRESENTATION('',(#12219),#12223);
#12219 = LINE('',#12220,#12221);
#12220 = CARTESIAN_POINT('',(6.581793068762,0.));
#12221 = VECTOR('',#12222,1.);
#12222 = DIRECTION('',(0.,-1.));
#12223 = ( GEOMETRIC_REPRESENTATION_CONTEXT(2) 
PARAMETRIC_REPRESENTATION_CONTEXT() REPRESENTATION_CONTEXT('2D SPACE',''
  ) );
#12224 = ORIENTED_EDGE('',*,*,#11992,.F.);
#12225 = ORIENTED_EDGE('',*,*,#12150,.F.);
#12226 = ADVANCED_FACE('',(#12227),#11869,.T.);
#12227 = FACE_BOUND('',#12228,.T.);
#12228 = EDGE_LOOP('',(#12229,#12230,#12231,#12232));
#12229 = ORIENTED_EDGE('',*,*,#11855,.F.);
#12230 = ORIENTED_EDGE('',*,*,#12179,.T.);
#12231 = ORIENTED_EDGE('',*,*,#12036,.F.);
#12232 = ORIENTED_EDGE('',*,*,#12233,.F.);
#12233 = EDGE_CURVE('',#11714,#12016,#12234,.T.);
#12234 = SURFACE_CURVE('',#12235,(#12239,#12246),.PCURVE_S1.);
#12235 = LINE('',#12236,#12237);
#12236 = CARTESIAN_POINT('',(106.58179306876,30.,4.));
#12237 = VECTOR('',#12238,1.);
#12238 = DIRECTION('',(0.,0.,1.));
#12239 = PCURVE('',#11869,#12240);
#12240 = DEFINITIONAL_REPRESENTATION('',(#12241),#12245);
#12241 = LINE('',#12242,#12243);
#12242 = CARTESIAN_POINT('',(6.581793068762,0.));
#12243 = VECTOR('',#12244,1.);
#12244 = DIRECTION('',(0.,-1.));
#12245 = ( GEOMETRIC_REPRESENTATION_CONTEXT(2) 
PARAMETRIC_REPRESENTATION_CONTEXT() REPRESENTATION_CONTEXT('2D SPACE',''
  ) );
#12246 = PCURVE('',#11731,#12247);
#12247 = DEFINITIONAL_REPRESENTATION('',(#12248),#12252);
#12248 = LINE('',#12249,#12250);
#12249 = CARTESIAN_POINT('',(0.,0.));
#12250 = VECTOR('',#12251,1.);
#12251 = DIRECTION('',(0.,-1.));
#12252 = ( GEOMETRIC_REPRESENTATION_CONTEXT(2) 
PARAMETRIC_REPRESENTATION_CONTEXT() REPRESENTATION_CONTEXT('2D SPACE',''
  ) );
#12253 = ADVANCED_FACE('',(#12254),#11731,.T.);
#12254 = FACE_BOUND('',#12255,.T.);
#12255 = EDGE_LOOP('',(#12256,#12257,#12258,#12259));
#12256 = ORIENTED_EDGE('',*,*,#11713,.F.);
#12257 = ORIENTED_EDGE('',*,*,#12233,.T.);
#12258 = ORIENTED_EDGE('',*,*,#12015,.F.);
#12259 = ORIENTED_EDGE('',*,*,#12204,.F.);
#12260 = ADVANCED_FACE('',(#12261),#5060,.T.);
#12261 = FACE_BOUND('',#12262,.T.);
#12262 = EDGE_LOOP('',(#12263,#12264,#12286,#12287));
#12263 = ORIENTED_EDGE('',*,*,#5044,.T.);
#12264 = ORIENTED_EDGE('',*,*,#12265,.T.);
#12265 = EDGE_CURVE('',#4994,#10292,#12266,.T.);
#12266 = SURFACE_CURVE('',#12267,(#12272,#12279),.PCURVE_S1.);
#12267 = CIRCLE('',#12268,12.);
#12268 = AXIS2_PLACEMENT_3D('',#12269,#12270,#12271);
#12269 = CARTESIAN_POINT('',(168.,2.,12.));
#12270 = DIRECTION('',(-0.,1.,0.));
#12271 = DIRECTION('',(1.,0.,0.));
#12272 = PCURVE('',#5060,#12273);
#12273 = DEFINITIONAL_REPRESENTATION('',(#12274),#12278);
#12274 = LINE('',#12275,#12276);
#12275 = CARTESIAN_POINT('',(3.14159265359,-68.1));
#12276 = VECTOR('',#12277,1.);
#12277 = DIRECTION('',(1.,0.));
#12278 = ( GEOMETRIC_REPRESENTATION_CONTEXT(2) 
PARAMETRIC_REPRESENTATION_CONTEXT() REPRESENTATION_CONTEXT('2D SPACE',''
  ) );
#12279 = PCURVE('',#3633,#12280);
#12280 = DEFINITIONAL_REPRESENTATION('',(#12281),#12285);
#12281 = LINE('',#12282,#12283);
#12282 = CARTESIAN_POINT('',(-0.,0.));
#12283 = VECTOR('',#12284,1.);
#12284 = DIRECTION('',(-1.,0.));
#12285 = ( GEOMETRIC_REPRESENTATION_CONTEXT(2) 
PARAMETRIC_REPRESENTATION_CONTEXT() REPRESENTATION_CONTEXT('2D SPACE',''
  ) );
#12286 = ORIENTED_EDGE('',*,*,#10314,.F.);
#12287 = ORIENTED_EDGE('',*,*,#10034,.T.);
#12288 = ADVANCED_FACE('',(#12289),#3694,.T.);
#12289 = FACE_BOUND('',#12290,.F.);
#12290 = EDGE_LOOP('',(#12291,#12311,#12312,#12313));
#12291 = ORIENTED_EDGE('',*,*,#12292,.F.);
#12292 = EDGE_CURVE('',#7396,#3674,#12293,.T.);
#12293 = SURFACE_CURVE('',#12294,(#12299,#12305),.PCURVE_S1.);
#12294 = CIRCLE('',#12295,2.);
#12295 = AXIS2_PLACEMENT_3D('',#12296,#12297,#12298);
#12296 = CARTESIAN_POINT('',(168.,2.,169.5));
#12297 = DIRECTION('',(1.,0.,0.));
#12298 = DIRECTION('',(-0.,0.,1.));
#12299 = PCURVE('',#3694,#12300);
#12300 = DEFINITIONAL_REPRESENTATION('',(#12301),#12304);
#12301 = B_SPLINE_CURVE_WITH_KNOTS('',1,(#12302,#12303),.UNSPECIFIED.,
  .F.,.F.,(2,2),(0.,1.570796326795),.PIECEWISE_BEZIER_KNOTS.);
#12302 = CARTESIAN_POINT('',(0.,0.));
#12303 = CARTESIAN_POINT('',(0.,1.570796326795));
#12304 = ( GEOMETRIC_REPRESENTATION_CONTEXT(2) 
PARAMETRIC_REPRESENTATION_CONTEXT() REPRESENTATION_CONTEXT('2D SPACE',''
  ) );
#12305 = PCURVE('',#3722,#12306);
#12306 = DEFINITIONAL_REPRESENTATION('',(#12307),#12310);
#12307 = B_SPLINE_CURVE_WITH_KNOTS('',1,(#12308,#12309),.UNSPECIFIED.,
  .F.,.F.,(2,2),(0.,1.570796326795),.PIECEWISE_BEZIER_KNOTS.);
#12308 = CARTESIAN_POINT('',(0.,156.));
#12309 = CARTESIAN_POINT('',(1.570796326795,156.));
#12310 = ( GEOMETRIC_REPRESENTATION_CONTEXT(2) 
PARAMETRIC_REPRESENTATION_CONTEXT() REPRESENTATION_CONTEXT('2D SPACE',''
  ) );
#12311 = ORIENTED_EDGE('',*,*,#7423,.T.);
#12312 = ORIENTED_EDGE('',*,*,#4970,.T.);
#12313 = ORIENTED_EDGE('',*,*,#3673,.F.);
#12314 = ADVANCED_FACE('',(#12315),#3633,.T.);
#12315 = FACE_BOUND('',#12316,.F.);
#12316 = EDGE_LOOP('',(#12317,#12318,#12319,#12339));
#12317 = ORIENTED_EDGE('',*,*,#4993,.F.);
#12318 = ORIENTED_EDGE('',*,*,#12265,.T.);
#12319 = ORIENTED_EDGE('',*,*,#12320,.T.);
#12320 = EDGE_CURVE('',#10292,#3585,#12321,.T.);
#12321 = SURFACE_CURVE('',#12322,(#12327,#12333),.PCURVE_S1.);
#12322 = CIRCLE('',#12323,2.);
#12323 = AXIS2_PLACEMENT_3D('',#12324,#12325,#12326);
#12324 = CARTESIAN_POINT('',(168.,2.,2.));
#12325 = DIRECTION('',(-1.,-0.,-6.123233995737E-17));
#12326 = DIRECTION('',(6.123233995737E-17,0.,-1.));
#12327 = PCURVE('',#3633,#12328);
#12328 = DEFINITIONAL_REPRESENTATION('',(#12329),#12332);
#12329 = B_SPLINE_CURVE_WITH_KNOTS('',1,(#12330,#12331),.UNSPECIFIED.,
  .F.,.F.,(2,2),(0.,1.570796326795),.PIECEWISE_BEZIER_KNOTS.);
#12330 = CARTESIAN_POINT('',(-1.570796326795,0.));
#12331 = CARTESIAN_POINT('',(-1.570796326795,1.570796326795));
#12332 = ( GEOMETRIC_REPRESENTATION_CONTEXT(2) 
PARAMETRIC_REPRESENTATION_CONTEXT() REPRESENTATION_CONTEXT('2D SPACE',''
  ) );
#12333 = PCURVE('',#3600,#12334);
#12334 = DEFINITIONAL_REPRESENTATION('',(#12335),#12338);
#12335 = B_SPLINE_CURVE_WITH_KNOTS('',1,(#12336,#12337),.UNSPECIFIED.,
  .F.,.F.,(2,2),(0.,1.570796326795),.PIECEWISE_BEZIER_KNOTS.);
#12336 = CARTESIAN_POINT('',(0.,0.));
#12337 = CARTESIAN_POINT('',(1.570796326795,0.));
#12338 = ( GEOMETRIC_REPRESENTATION_CONTEXT(2) 
PARAMETRIC_REPRESENTATION_CONTEXT() REPRESENTATION_CONTEXT('2D SPACE',''
  ) );
#12339 = ORIENTED_EDGE('',*,*,#3612,.F.);
#12340 = ADVANCED_FACE('',(#12341),#3722,.T.);
#12341 = FACE_BOUND('',#12342,.T.);
#12342 = EDGE_LOOP('',(#12343,#12363,#12364,#12365));
#12343 = ORIENTED_EDGE('',*,*,#12344,.T.);
#12344 = EDGE_CURVE('',#7452,#3707,#12345,.T.);
#12345 = SURFACE_CURVE('',#12346,(#12351,#12357),.PCURVE_S1.);
#12346 = CIRCLE('',#12347,2.);
#12347 = AXIS2_PLACEMENT_3D('',#12348,#12349,#12350);
#12348 = CARTESIAN_POINT('',(12.,2.,169.5));
#12349 = DIRECTION('',(1.,0.,6.123233995737E-17));
#12350 = DIRECTION('',(-6.123233995737E-17,0.,1.));
#12351 = PCURVE('',#3722,#12352);
#12352 = DEFINITIONAL_REPRESENTATION('',(#12353),#12356);
#12353 = B_SPLINE_CURVE_WITH_KNOTS('',1,(#12354,#12355),.UNSPECIFIED.,
  .F.,.F.,(2,2),(0.,1.570796326795),.PIECEWISE_BEZIER_KNOTS.);
#12354 = CARTESIAN_POINT('',(0.,0.));
#12355 = CARTESIAN_POINT('',(1.570796326795,0.));
#12356 = ( GEOMETRIC_REPRESENTATION_CONTEXT(2) 
PARAMETRIC_REPRESENTATION_CONTEXT() REPRESENTATION_CONTEXT('2D SPACE',''
  ) );
#12357 = PCURVE('',#3753,#12358);
#12358 = DEFINITIONAL_REPRESENTATION('',(#12359),#12362);
#12359 = B_SPLINE_CURVE_WITH_KNOTS('',1,(#12360,#12361),.UNSPECIFIED.,
  .F.,.F.,(2,2),(0.,1.570796326795),.PIECEWISE_BEZIER_KNOTS.);
#12360 = CARTESIAN_POINT('',(-1.570796326795,0.));
#12361 = CARTESIAN_POINT('',(-1.570796326795,1.570796326795));
#12362 = ( GEOMETRIC_REPRESENTATION_CONTEXT(2) 
PARAMETRIC_REPRESENTATION_CONTEXT() REPRESENTATION_CONTEXT('2D SPACE',''
  ) );
#12363 = ORIENTED_EDGE('',*,*,#3706,.T.);
#12364 = ORIENTED_EDGE('',*,*,#12292,.F.);
#12365 = ORIENTED_EDGE('',*,*,#7474,.F.);
#12366 = ADVANCED_FACE('',(#12367),#3600,.T.);
#12367 = FACE_BOUND('',#12368,.T.);
#12368 = EDGE_LOOP('',(#12369,#12370,#12371,#12391));
#12369 = ORIENTED_EDGE('',*,*,#12320,.T.);
#12370 = ORIENTED_EDGE('',*,*,#3584,.T.);
#12371 = ORIENTED_EDGE('',*,*,#12372,.F.);
#12372 = EDGE_CURVE('',#10269,#3552,#12373,.T.);
#12373 = SURFACE_CURVE('',#12374,(#12379,#12385),.PCURVE_S1.);
#12374 = CIRCLE('',#12375,2.);
#12375 = AXIS2_PLACEMENT_3D('',#12376,#12377,#12378);
#12376 = CARTESIAN_POINT('',(12.,2.,2.));
#12377 = DIRECTION('',(-1.,-0.,0.));
#12378 = DIRECTION('',(0.,-0.,-1.));
#12379 = PCURVE('',#3600,#12380);
#12380 = DEFINITIONAL_REPRESENTATION('',(#12381),#12384);
#12381 = B_SPLINE_CURVE_WITH_KNOTS('',1,(#12382,#12383),.UNSPECIFIED.,
  .F.,.F.,(2,2),(0.,1.570796326795),.PIECEWISE_BEZIER_KNOTS.);
#12382 = CARTESIAN_POINT('',(0.,156.));
#12383 = CARTESIAN_POINT('',(1.570796326795,156.));
#12384 = ( GEOMETRIC_REPRESENTATION_CONTEXT(2) 
PARAMETRIC_REPRESENTATION_CONTEXT() REPRESENTATION_CONTEXT('2D SPACE',''
  ) );
#12385 = PCURVE('',#3572,#12386);
#12386 = DEFINITIONAL_REPRESENTATION('',(#12387),#12390);
#12387 = B_SPLINE_CURVE_WITH_KNOTS('',1,(#12388,#12389),.UNSPECIFIED.,
  .F.,.F.,(2,2),(0.,1.570796326795),.PIECEWISE_BEZIER_KNOTS.);
#12388 = CARTESIAN_POINT('',(0.,0.));
#12389 = CARTESIAN_POINT('',(0.,1.570796326795));
#12390 = ( GEOMETRIC_REPRESENTATION_CONTEXT(2) 
PARAMETRIC_REPRESENTATION_CONTEXT() REPRESENTATION_CONTEXT('2D SPACE',''
  ) );
#12391 = ORIENTED_EDGE('',*,*,#10291,.F.);
#12392 = ADVANCED_FACE('',(#12393),#3753,.T.);
#12393 = FACE_BOUND('',#12394,.F.);
#12394 = EDGE_LOOP('',(#12395,#12415,#12437,#12438));
#12395 = ORIENTED_EDGE('',*,*,#12396,.F.);
#12396 = EDGE_CURVE('',#57,#3529,#12397,.T.);
#12397 = SURFACE_CURVE('',#12398,(#12403,#12409),.PCURVE_S1.);
#12398 = CIRCLE('',#12399,2.);
#12399 = AXIS2_PLACEMENT_3D('',#12400,#12401,#12402);
#12400 = CARTESIAN_POINT('',(2.,2.,159.5));
#12401 = DIRECTION('',(0.,0.,1.));
#12402 = DIRECTION('',(-1.,0.,0.));
#12403 = PCURVE('',#3753,#12404);
#12404 = DEFINITIONAL_REPRESENTATION('',(#12405),#12408);
#12405 = B_SPLINE_CURVE_WITH_KNOTS('',1,(#12406,#12407),.UNSPECIFIED.,
  .F.,.F.,(2,2),(0.,1.570796326795),.PIECEWISE_BEZIER_KNOTS.);
#12406 = CARTESIAN_POINT('',(0.,0.));
#12407 = CARTESIAN_POINT('',(0.,1.570796326795));
#12408 = ( GEOMETRIC_REPRESENTATION_CONTEXT(2) 
PARAMETRIC_REPRESENTATION_CONTEXT() REPRESENTATION_CONTEXT('2D SPACE',''
  ) );
#12409 = PCURVE('',#72,#12410);
#12410 = DEFINITIONAL_REPRESENTATION('',(#12411),#12414);
#12411 = B_SPLINE_CURVE_WITH_KNOTS('',1,(#12412,#12413),.UNSPECIFIED.,
  .F.,.F.,(2,2),(0.,1.570796326795),.PIECEWISE_BEZIER_KNOTS.);
#12412 = CARTESIAN_POINT('',(0.,147.5));
#12413 = CARTESIAN_POINT('',(1.570796326795,147.5));
#12414 = ( GEOMETRIC_REPRESENTATION_CONTEXT(2) 
PARAMETRIC_REPRESENTATION_CONTEXT() REPRESENTATION_CONTEXT('2D SPACE',''
  ) );
#12415 = ORIENTED_EDGE('',*,*,#12416,.T.);
#12416 = EDGE_CURVE('',#57,#7452,#12417,.T.);
#12417 = SURFACE_CURVE('',#12418,(#12423,#12430),.PCURVE_S1.);
#12418 = CIRCLE('',#12419,12.);
#12419 = AXIS2_PLACEMENT_3D('',#12420,#12421,#12422);
#12420 = CARTESIAN_POINT('',(12.,2.,159.5));
#12421 = DIRECTION('',(0.,1.,-0.));
#12422 = DIRECTION('',(-1.,0.,0.));
#12423 = PCURVE('',#3753,#12424);
#12424 = DEFINITIONAL_REPRESENTATION('',(#12425),#12429);
#12425 = LINE('',#12426,#12427);
#12426 = CARTESIAN_POINT('',(-0.,0.));
#12427 = VECTOR('',#12428,1.);
#12428 = DIRECTION('',(-1.,0.));
#12429 = ( GEOMETRIC_REPRESENTATION_CONTEXT(2) 
PARAMETRIC_REPRESENTATION_CONTEXT() REPRESENTATION_CONTEXT('2D SPACE',''
  ) );
#12430 = PCURVE('',#100,#12431);
#12431 = DEFINITIONAL_REPRESENTATION('',(#12432),#12436);
#12432 = LINE('',#12433,#12434);
#12433 = CARTESIAN_POINT('',(0.,-68.1));
#12434 = VECTOR('',#12435,1.);
#12435 = DIRECTION('',(1.,0.));
#12436 = ( GEOMETRIC_REPRESENTATION_CONTEXT(2) 
PARAMETRIC_REPRESENTATION_CONTEXT() REPRESENTATION_CONTEXT('2D SPACE',''
  ) );
#12437 = ORIENTED_EDGE('',*,*,#12344,.T.);
#12438 = ORIENTED_EDGE('',*,*,#3734,.F.);
#12439 = ADVANCED_FACE('',(#12440),#3572,.T.);
#12440 = FACE_BOUND('',#12441,.F.);
#12441 = EDGE_LOOP('',(#12442,#12443,#12465,#12485));
#12442 = ORIENTED_EDGE('',*,*,#12372,.F.);
#12443 = ORIENTED_EDGE('',*,*,#12444,.T.);
#12444 = EDGE_CURVE('',#10269,#24,#12445,.T.);
#12445 = SURFACE_CURVE('',#12446,(#12451,#12458),.PCURVE_S1.);
#12446 = CIRCLE('',#12447,12.);
#12447 = AXIS2_PLACEMENT_3D('',#12448,#12449,#12450);
#12448 = CARTESIAN_POINT('',(12.,2.,12.));
#12449 = DIRECTION('',(-0.,1.,0.));
#12450 = DIRECTION('',(0.,0.,-1.));
#12451 = PCURVE('',#3572,#12452);
#12452 = DEFINITIONAL_REPRESENTATION('',(#12453),#12457);
#12453 = LINE('',#12454,#12455);
#12454 = CARTESIAN_POINT('',(-0.,0.));
#12455 = VECTOR('',#12456,1.);
#12456 = DIRECTION('',(-1.,0.));
#12457 = ( GEOMETRIC_REPRESENTATION_CONTEXT(2) 
PARAMETRIC_REPRESENTATION_CONTEXT() REPRESENTATION_CONTEXT('2D SPACE',''
  ) );
#12458 = PCURVE('',#44,#12459);
#12459 = DEFINITIONAL_REPRESENTATION('',(#12460),#12464);
#12460 = LINE('',#12461,#12462);
#12461 = CARTESIAN_POINT('',(4.712388980385,-68.1));
#12462 = VECTOR('',#12463,1.);
#12463 = DIRECTION('',(1.,0.));
#12464 = ( GEOMETRIC_REPRESENTATION_CONTEXT(2) 
PARAMETRIC_REPRESENTATION_CONTEXT() REPRESENTATION_CONTEXT('2D SPACE',''
  ) );
#12465 = ORIENTED_EDGE('',*,*,#12466,.T.);
#12466 = EDGE_CURVE('',#24,#3527,#12467,.T.);
#12467 = SURFACE_CURVE('',#12468,(#12473,#12479),.PCURVE_S1.);
#12468 = CIRCLE('',#12469,2.);
#12469 = AXIS2_PLACEMENT_3D('',#12470,#12471,#12472);
#12470 = CARTESIAN_POINT('',(2.,2.,12.));
#12471 = DIRECTION('',(0.,0.,1.));
#12472 = DIRECTION('',(-1.,0.,0.));
#12473 = PCURVE('',#3572,#12474);
#12474 = DEFINITIONAL_REPRESENTATION('',(#12475),#12478);
#12475 = B_SPLINE_CURVE_WITH_KNOTS('',1,(#12476,#12477),.UNSPECIFIED.,
  .F.,.F.,(2,2),(0.,1.570796326795),.PIECEWISE_BEZIER_KNOTS.);
#12476 = CARTESIAN_POINT('',(-1.570796326795,0.));
#12477 = CARTESIAN_POINT('',(-1.570796326795,1.570796326795));
#12478 = ( GEOMETRIC_REPRESENTATION_CONTEXT(2) 
PARAMETRIC_REPRESENTATION_CONTEXT() REPRESENTATION_CONTEXT('2D SPACE',''
  ) );
#12479 = PCURVE('',#72,#12480);
#12480 = DEFINITIONAL_REPRESENTATION('',(#12481),#12484);
#12481 = B_SPLINE_CURVE_WITH_KNOTS('',1,(#12482,#12483),.UNSPECIFIED.,
  .F.,.F.,(2,2),(0.,1.570796326795),.PIECEWISE_BEZIER_KNOTS.);
#12482 = CARTESIAN_POINT('',(0.,0.));
#12483 = CARTESIAN_POINT('',(1.570796326795,0.));
#12484 = ( GEOMETRIC_REPRESENTATION_CONTEXT(2) 
PARAMETRIC_REPRESENTATION_CONTEXT() REPRESENTATION_CONTEXT('2D SPACE',''
  ) );
#12485 = ORIENTED_EDGE('',*,*,#3551,.F.);
#12486 = ADVANCED_FACE('',(#12487),#3151,.F.);
#12487 = FACE_BOUND('',#12488,.T.);
#12488 = EDGE_LOOP('',(#12489,#12490,#12491,#12492));
#12489 = ORIENTED_EDGE('',*,*,#3134,.F.);
#12490 = ORIENTED_EDGE('',*,*,#3502,.T.);
#12491 = ORIENTED_EDGE('',*,*,#3839,.F.);
#12492 = ORIENTED_EDGE('',*,*,#12493,.F.);
#12493 = EDGE_CURVE('',#3135,#3819,#12494,.T.);
#12494 = SURFACE_CURVE('',#12495,(#12499,#12506),.PCURVE_S1.);
#12495 = LINE('',#12496,#12497);
#12496 = CARTESIAN_POINT('',(115.51,3.,43.5));
#12497 = VECTOR('',#12498,1.);
#12498 = DIRECTION('',(0.,-1.,0.));
#12499 = PCURVE('',#3151,#12500);
#12500 = DEFINITIONAL_REPRESENTATION('',(#12501),#12505);
#12501 = LINE('',#12502,#12503);
#12502 = CARTESIAN_POINT('',(-1.570796326795,0.));
#12503 = VECTOR('',#12504,1.);
#12504 = DIRECTION('',(-0.,-1.));
#12505 = ( GEOMETRIC_REPRESENTATION_CONTEXT(2) 
PARAMETRIC_REPRESENTATION_CONTEXT() REPRESENTATION_CONTEXT('2D SPACE',''
  ) );
#12506 = PCURVE('',#3179,#12507);
#12507 = DEFINITIONAL_REPRESENTATION('',(#12508),#12512);
#12508 = LINE('',#12509,#12510);
#12509 = CARTESIAN_POINT('',(51.02,0.));
#12510 = VECTOR('',#12511,1.);
#12511 = DIRECTION('',(0.,-1.));
#12512 = ( GEOMETRIC_REPRESENTATION_CONTEXT(2) 
PARAMETRIC_REPRESENTATION_CONTEXT() REPRESENTATION_CONTEXT('2D SPACE',''
  ) );
#12513 = ADVANCED_FACE('',(#12514),#3094,.F.);
#12514 = FACE_BOUND('',#12515,.T.);
#12515 = EDGE_LOOP('',(#12516,#12517,#12538,#12539));
#12516 = ORIENTED_EDGE('',*,*,#3077,.F.);
#12517 = ORIENTED_EDGE('',*,*,#12518,.T.);
#12518 = EDGE_CURVE('',#3050,#3867,#12519,.T.);
#12519 = SURFACE_CURVE('',#12520,(#12524,#12531),.PCURVE_S1.);
#12520 = LINE('',#12521,#12522);
#12521 = CARTESIAN_POINT('',(115.51,3.,26.1));
#12522 = VECTOR('',#12523,1.);
#12523 = DIRECTION('',(0.,-1.,0.));
#12524 = PCURVE('',#3094,#12525);
#12525 = DEFINITIONAL_REPRESENTATION('',(#12526),#12530);
#12526 = LINE('',#12527,#12528);
#12527 = CARTESIAN_POINT('',(-4.712388980385,0.));
#12528 = VECTOR('',#12529,1.);
#12529 = DIRECTION('',(-0.,-1.));
#12530 = ( GEOMETRIC_REPRESENTATION_CONTEXT(2) 
PARAMETRIC_REPRESENTATION_CONTEXT() REPRESENTATION_CONTEXT('2D SPACE',''
  ) );
#12531 = PCURVE('',#3065,#12532);
#12532 = DEFINITIONAL_REPRESENTATION('',(#12533),#12537);
#12533 = LINE('',#12534,#12535);
#12534 = CARTESIAN_POINT('',(51.02,0.));
#12535 = VECTOR('',#12536,1.);
#12536 = DIRECTION('',(0.,-1.));
#12537 = ( GEOMETRIC_REPRESENTATION_CONTEXT(2) 
PARAMETRIC_REPRESENTATION_CONTEXT() REPRESENTATION_CONTEXT('2D SPACE',''
  ) );
#12538 = ORIENTED_EDGE('',*,*,#3866,.F.);
#12539 = ORIENTED_EDGE('',*,*,#3453,.F.);
#12540 = ADVANCED_FACE('',(#12541),#3179,.F.);
#12541 = FACE_BOUND('',#12542,.F.);
#12542 = EDGE_LOOP('',(#12543,#12544,#12565,#12566));
#12543 = ORIENTED_EDGE('',*,*,#3163,.F.);
#12544 = ORIENTED_EDGE('',*,*,#12545,.T.);
#12545 = EDGE_CURVE('',#3164,#3791,#12546,.T.);
#12546 = SURFACE_CURVE('',#12547,(#12551,#12558),.PCURVE_S1.);
#12547 = LINE('',#12548,#12549);
#12548 = CARTESIAN_POINT('',(64.49,3.,43.5));
#12549 = VECTOR('',#12550,1.);
#12550 = DIRECTION('',(0.,-1.,0.));
#12551 = PCURVE('',#3179,#12552);
#12552 = DEFINITIONAL_REPRESENTATION('',(#12553),#12557);
#12553 = LINE('',#12554,#12555);
#12554 = CARTESIAN_POINT('',(0.,0.));
#12555 = VECTOR('',#12556,1.);
#12556 = DIRECTION('',(0.,-1.));
#12557 = ( GEOMETRIC_REPRESENTATION_CONTEXT(2) 
PARAMETRIC_REPRESENTATION_CONTEXT() REPRESENTATION_CONTEXT('2D SPACE',''
  ) );
#12558 = PCURVE('',#3206,#12559);
#12559 = DEFINITIONAL_REPRESENTATION('',(#12560),#12564);
#12560 = LINE('',#12561,#12562);
#12561 = CARTESIAN_POINT('',(-1.570796326795,0.));
#12562 = VECTOR('',#12563,1.);
#12563 = DIRECTION('',(-0.,-1.));
#12564 = ( GEOMETRIC_REPRESENTATION_CONTEXT(2) 
PARAMETRIC_REPRESENTATION_CONTEXT() REPRESENTATION_CONTEXT('2D SPACE',''
  ) );
#12565 = ORIENTED_EDGE('',*,*,#3818,.F.);
#12566 = ORIENTED_EDGE('',*,*,#12493,.F.);
#12567 = ADVANCED_FACE('',(#12568),#3065,.T.);
#12568 = FACE_BOUND('',#12569,.T.);
#12569 = EDGE_LOOP('',(#12570,#12571,#12592,#12593));
#12570 = ORIENTED_EDGE('',*,*,#3049,.F.);
#12571 = ORIENTED_EDGE('',*,*,#12572,.T.);
#12572 = EDGE_CURVE('',#3021,#3895,#12573,.T.);
#12573 = SURFACE_CURVE('',#12574,(#12578,#12585),.PCURVE_S1.);
#12574 = LINE('',#12575,#12576);
#12575 = CARTESIAN_POINT('',(64.49,3.,26.1));
#12576 = VECTOR('',#12577,1.);
#12577 = DIRECTION('',(0.,-1.,0.));
#12578 = PCURVE('',#3065,#12579);
#12579 = DEFINITIONAL_REPRESENTATION('',(#12580),#12584);
#12580 = LINE('',#12581,#12582);
#12581 = CARTESIAN_POINT('',(0.,0.));
#12582 = VECTOR('',#12583,1.);
#12583 = DIRECTION('',(0.,-1.));
#12584 = ( GEOMETRIC_REPRESENTATION_CONTEXT(2) 
PARAMETRIC_REPRESENTATION_CONTEXT() REPRESENTATION_CONTEXT('2D SPACE',''
  ) );
#12585 = PCURVE('',#3037,#12586);
#12586 = DEFINITIONAL_REPRESENTATION('',(#12587),#12591);
#12587 = LINE('',#12588,#12589);
#12588 = CARTESIAN_POINT('',(-4.712388980385,0.));
#12589 = VECTOR('',#12590,1.);
#12590 = DIRECTION('',(-0.,-1.));
#12591 = ( GEOMETRIC_REPRESENTATION_CONTEXT(2) 
PARAMETRIC_REPRESENTATION_CONTEXT() REPRESENTATION_CONTEXT('2D SPACE',''
  ) );
#12592 = ORIENTED_EDGE('',*,*,#3894,.F.);
#12593 = ORIENTED_EDGE('',*,*,#12518,.F.);
#12594 = ADVANCED_FACE('',(#12595),#3206,.F.);
#12595 = FACE_BOUND('',#12596,.T.);
#12596 = EDGE_LOOP('',(#12597,#12598,#12599,#12600));
#12597 = ORIENTED_EDGE('',*,*,#3191,.F.);
#12598 = ORIENTED_EDGE('',*,*,#12545,.T.);
#12599 = ORIENTED_EDGE('',*,*,#3790,.F.);
#12600 = ORIENTED_EDGE('',*,*,#12601,.F.);
#12601 = EDGE_CURVE('',#2993,#3768,#12602,.T.);
#12602 = SURFACE_CURVE('',#12603,(#12607,#12614),.PCURVE_S1.);
#12603 = LINE('',#12604,#12605);
#12604 = CARTESIAN_POINT('',(55.8,3.,34.81));
#12605 = VECTOR('',#12606,1.);
#12606 = DIRECTION('',(0.,-1.,0.));
#12607 = PCURVE('',#3206,#12608);
#12608 = DEFINITIONAL_REPRESENTATION('',(#12609),#12613);
#12609 = LINE('',#12610,#12611);
#12610 = CARTESIAN_POINT('',(-3.14159265359,0.));
#12611 = VECTOR('',#12612,1.);
#12612 = DIRECTION('',(-0.,-1.));
#12613 = ( GEOMETRIC_REPRESENTATION_CONTEXT(2) 
PARAMETRIC_REPRESENTATION_CONTEXT() REPRESENTATION_CONTEXT('2D SPACE',''
  ) );
#12614 = PCURVE('',#3008,#12615);
#12615 = DEFINITIONAL_REPRESENTATION('',(#12616),#12620);
#12616 = LINE('',#12617,#12618);
#12617 = CARTESIAN_POINT('',(2.E-02,0.));
#12618 = VECTOR('',#12619,1.);
#12619 = DIRECTION('',(0.,-1.));
#12620 = ( GEOMETRIC_REPRESENTATION_CONTEXT(2) 
PARAMETRIC_REPRESENTATION_CONTEXT() REPRESENTATION_CONTEXT('2D SPACE',''
  ) );
#12621 = ADVANCED_FACE('',(#12622),#3037,.F.);
#12622 = FACE_BOUND('',#12623,.T.);
#12623 = EDGE_LOOP('',(#12624,#12625,#12646,#12647));
#12624 = ORIENTED_EDGE('',*,*,#3020,.F.);
#12625 = ORIENTED_EDGE('',*,*,#12626,.T.);
#12626 = EDGE_CURVE('',#2991,#3770,#12627,.T.);
#12627 = SURFACE_CURVE('',#12628,(#12632,#12639),.PCURVE_S1.);
#12628 = LINE('',#12629,#12630);
#12629 = CARTESIAN_POINT('',(55.8,3.,34.79));
#12630 = VECTOR('',#12631,1.);
#12631 = DIRECTION('',(0.,-1.,0.));
#12632 = PCURVE('',#3037,#12633);
#12633 = DEFINITIONAL_REPRESENTATION('',(#12634),#12638);
#12634 = LINE('',#12635,#12636);
#12635 = CARTESIAN_POINT('',(-3.14159265359,0.));
#12636 = VECTOR('',#12637,1.);
#12637 = DIRECTION('',(-0.,-1.));
#12638 = ( GEOMETRIC_REPRESENTATION_CONTEXT(2) 
PARAMETRIC_REPRESENTATION_CONTEXT() REPRESENTATION_CONTEXT('2D SPACE',''
  ) );
#12639 = PCURVE('',#3008,#12640);
#12640 = DEFINITIONAL_REPRESENTATION('',(#12641),#12645);
#12641 = LINE('',#12642,#12643);
#12642 = CARTESIAN_POINT('',(0.,0.));
#12643 = VECTOR('',#12644,1.);
#12644 = DIRECTION('',(0.,-1.));
#12645 = ( GEOMETRIC_REPRESENTATION_CONTEXT(2) 
PARAMETRIC_REPRESENTATION_CONTEXT() REPRESENTATION_CONTEXT('2D SPACE',''
  ) );
#12646 = ORIENTED_EDGE('',*,*,#3915,.F.);
#12647 = ORIENTED_EDGE('',*,*,#12572,.F.);
#12648 = ADVANCED_FACE('',(#12649),#3008,.F.);
#12649 = FACE_BOUND('',#12650,.F.);
#12650 = EDGE_LOOP('',(#12651,#12652,#12653,#12654));
#12651 = ORIENTED_EDGE('',*,*,#2990,.F.);
#12652 = ORIENTED_EDGE('',*,*,#12626,.T.);
#12653 = ORIENTED_EDGE('',*,*,#3767,.F.);
#12654 = ORIENTED_EDGE('',*,*,#12601,.F.);
#12655 = ADVANCED_FACE('',(#12656),#2424,.T.);
#12656 = FACE_BOUND('',#12657,.T.);
#12657 = EDGE_LOOP('',(#12658,#12659,#12680,#12681));
#12658 = ORIENTED_EDGE('',*,*,#2409,.T.);
#12659 = ORIENTED_EDGE('',*,*,#12660,.T.);
#12660 = EDGE_CURVE('',#2410,#3351,#12661,.T.);
#12661 = SURFACE_CURVE('',#12662,(#12666,#12673),.PCURVE_S1.);
#12662 = LINE('',#12663,#12664);
#12663 = CARTESIAN_POINT('',(104.82164427795,5.6,34.79));
#12664 = VECTOR('',#12665,1.);
#12665 = DIRECTION('',(0.,-1.,0.));
#12666 = PCURVE('',#2424,#12667);
#12667 = DEFINITIONAL_REPRESENTATION('',(#12668),#12672);
#12668 = LINE('',#12669,#12670);
#12669 = CARTESIAN_POINT('',(0.,0.));
#12670 = VECTOR('',#12671,1.);
#12671 = DIRECTION('',(0.,-1.));
#12672 = ( GEOMETRIC_REPRESENTATION_CONTEXT(2) 
PARAMETRIC_REPRESENTATION_CONTEXT() REPRESENTATION_CONTEXT('2D SPACE',''
  ) );
#12673 = PCURVE('',#2456,#12674);
#12674 = DEFINITIONAL_REPRESENTATION('',(#12675),#12679);
#12675 = LINE('',#12676,#12677);
#12676 = CARTESIAN_POINT('',(-6.28318530718,0.));
#12677 = VECTOR('',#12678,1.);
#12678 = DIRECTION('',(-0.,-1.));
#12679 = ( GEOMETRIC_REPRESENTATION_CONTEXT(2) 
PARAMETRIC_REPRESENTATION_CONTEXT() REPRESENTATION_CONTEXT('2D SPACE',''
  ) );
#12680 = ORIENTED_EDGE('',*,*,#3350,.F.);
#12681 = ORIENTED_EDGE('',*,*,#12682,.F.);
#12682 = EDGE_CURVE('',#2377,#3323,#12683,.T.);
#12683 = SURFACE_CURVE('',#12684,(#12688,#12695),.PCURVE_S1.);
#12684 = LINE('',#12685,#12686);
#12685 = CARTESIAN_POINT('',(104.82164427795,5.6,34.81));
#12686 = VECTOR('',#12687,1.);
#12687 = DIRECTION('',(0.,-1.,0.));
#12688 = PCURVE('',#2424,#12689);
#12689 = DEFINITIONAL_REPRESENTATION('',(#12690),#12694);
#12690 = LINE('',#12691,#12692);
#12691 = CARTESIAN_POINT('',(2.E-02,0.));
#12692 = VECTOR('',#12693,1.);
#12693 = DIRECTION('',(0.,-1.));
#12694 = ( GEOMETRIC_REPRESENTATION_CONTEXT(2) 
PARAMETRIC_REPRESENTATION_CONTEXT() REPRESENTATION_CONTEXT('2D SPACE',''
  ) );
#12695 = PCURVE('',#2397,#12696);
#12696 = DEFINITIONAL_REPRESENTATION('',(#12697),#12701);
#12697 = LINE('',#12698,#12699);
#12698 = CARTESIAN_POINT('',(-0.,0.));
#12699 = VECTOR('',#12700,1.);
#12700 = DIRECTION('',(-0.,-1.));
#12701 = ( GEOMETRIC_REPRESENTATION_CONTEXT(2) 
PARAMETRIC_REPRESENTATION_CONTEXT() REPRESENTATION_CONTEXT('2D SPACE',''
  ) );
#12702 = ADVANCED_FACE('',(#12703),#2456,.F.);
#12703 = FACE_BOUND('',#12704,.T.);
#12704 = EDGE_LOOP('',(#12705,#12706,#12727,#12728));
#12705 = ORIENTED_EDGE('',*,*,#2435,.T.);
#12706 = ORIENTED_EDGE('',*,*,#12707,.T.);
#12707 = EDGE_CURVE('',#2436,#3372,#12708,.T.);
#12708 = SURFACE_CURVE('',#12709,(#12713,#12720),.PCURVE_S1.);
#12709 = LINE('',#12710,#12711);
#12710 = CARTESIAN_POINT('',(99.71,5.6,29.678355722043));
#12711 = VECTOR('',#12712,1.);
#12712 = DIRECTION('',(0.,-1.,0.));
#12713 = PCURVE('',#2456,#12714);
#12714 = DEFINITIONAL_REPRESENTATION('',(#12715),#12719);
#12715 = LINE('',#12716,#12717);
#12716 = CARTESIAN_POINT('',(-4.712388980385,0.));
#12717 = VECTOR('',#12718,1.);
#12718 = DIRECTION('',(-0.,-1.));
#12719 = ( GEOMETRIC_REPRESENTATION_CONTEXT(2) 
PARAMETRIC_REPRESENTATION_CONTEXT() REPRESENTATION_CONTEXT('2D SPACE',''
  ) );
#12720 = PCURVE('',#2483,#12721);
#12721 = DEFINITIONAL_REPRESENTATION('',(#12722),#12726);
#12722 = LINE('',#12723,#12724);
#12723 = CARTESIAN_POINT('',(3.42,0.));
#12724 = VECTOR('',#12725,1.);
#12725 = DIRECTION('',(0.,-1.));
#12726 = ( GEOMETRIC_REPRESENTATION_CONTEXT(2) 
PARAMETRIC_REPRESENTATION_CONTEXT() REPRESENTATION_CONTEXT('2D SPACE',''
  ) );
#12727 = ORIENTED_EDGE('',*,*,#3371,.F.);
#12728 = ORIENTED_EDGE('',*,*,#12660,.F.);
#12729 = ADVANCED_FACE('',(#12730),#2397,.F.);
#12730 = FACE_BOUND('',#12731,.T.);
#12731 = EDGE_LOOP('',(#12732,#12733,#12734,#12735));
#12732 = ORIENTED_EDGE('',*,*,#2376,.T.);
#12733 = ORIENTED_EDGE('',*,*,#12682,.T.);
#12734 = ORIENTED_EDGE('',*,*,#3322,.F.);
#12735 = ORIENTED_EDGE('',*,*,#12736,.F.);
#12736 = EDGE_CURVE('',#2351,#3302,#12737,.T.);
#12737 = SURFACE_CURVE('',#12738,(#12742,#12749),.PCURVE_S1.);
#12738 = LINE('',#12739,#12740);
#12739 = CARTESIAN_POINT('',(99.71,5.6,39.921644277957));
#12740 = VECTOR('',#12741,1.);
#12741 = DIRECTION('',(0.,-1.,0.));
#12742 = PCURVE('',#2397,#12743);
#12743 = DEFINITIONAL_REPRESENTATION('',(#12744),#12748);
#12744 = LINE('',#12745,#12746);
#12745 = CARTESIAN_POINT('',(-1.570796326795,0.));
#12746 = VECTOR('',#12747,1.);
#12747 = DIRECTION('',(-0.,-1.));
#12748 = ( GEOMETRIC_REPRESENTATION_CONTEXT(2) 
PARAMETRIC_REPRESENTATION_CONTEXT() REPRESENTATION_CONTEXT('2D SPACE',''
  ) );
#12749 = PCURVE('',#2365,#12750);
#12750 = DEFINITIONAL_REPRESENTATION('',(#12751),#12755);
#12751 = LINE('',#12752,#12753);
#12752 = CARTESIAN_POINT('',(3.42,0.));
#12753 = VECTOR('',#12754,1.);
#12754 = DIRECTION('',(0.,-1.));
#12755 = ( GEOMETRIC_REPRESENTATION_CONTEXT(2) 
PARAMETRIC_REPRESENTATION_CONTEXT() REPRESENTATION_CONTEXT('2D SPACE',''
  ) );
#12756 = ADVANCED_FACE('',(#12757),#2483,.T.);
#12757 = FACE_BOUND('',#12758,.T.);
#12758 = EDGE_LOOP('',(#12759,#12760,#12781,#12782));
#12759 = ORIENTED_EDGE('',*,*,#2468,.T.);
#12760 = ORIENTED_EDGE('',*,*,#12761,.T.);
#12761 = EDGE_CURVE('',#2469,#3400,#12762,.T.);
#12762 = SURFACE_CURVE('',#12763,(#12767,#12774),.PCURVE_S1.);
#12763 = LINE('',#12764,#12765);
#12764 = CARTESIAN_POINT('',(96.29,5.6,29.678355722043));
#12765 = VECTOR('',#12766,1.);
#12766 = DIRECTION('',(0.,-1.,0.));
#12767 = PCURVE('',#2483,#12768);
#12768 = DEFINITIONAL_REPRESENTATION('',(#12769),#12773);
#12769 = LINE('',#12770,#12771);
#12770 = CARTESIAN_POINT('',(0.,0.));
#12771 = VECTOR('',#12772,1.);
#12772 = DIRECTION('',(0.,-1.));
#12773 = ( GEOMETRIC_REPRESENTATION_CONTEXT(2) 
PARAMETRIC_REPRESENTATION_CONTEXT() REPRESENTATION_CONTEXT('2D SPACE',''
  ) );
#12774 = PCURVE('',#2513,#12775);
#12775 = DEFINITIONAL_REPRESENTATION('',(#12776),#12780);
#12776 = LINE('',#12777,#12778);
#12777 = CARTESIAN_POINT('',(-4.712388980385,0.));
#12778 = VECTOR('',#12779,1.);
#12779 = DIRECTION('',(-0.,-1.));
#12780 = ( GEOMETRIC_REPRESENTATION_CONTEXT(2) 
PARAMETRIC_REPRESENTATION_CONTEXT() REPRESENTATION_CONTEXT('2D SPACE',''
  ) );
#12781 = ORIENTED_EDGE('',*,*,#3399,.F.);
#12782 = ORIENTED_EDGE('',*,*,#12707,.F.);
#12783 = ADVANCED_FACE('',(#12784),#2365,.F.);
#12784 = FACE_BOUND('',#12785,.F.);
#12785 = EDGE_LOOP('',(#12786,#12787,#12808,#12809));
#12786 = ORIENTED_EDGE('',*,*,#2350,.T.);
#12787 = ORIENTED_EDGE('',*,*,#12788,.T.);
#12788 = EDGE_CURVE('',#2318,#3274,#12789,.T.);
#12789 = SURFACE_CURVE('',#12790,(#12794,#12801),.PCURVE_S1.);
#12790 = LINE('',#12791,#12792);
#12791 = CARTESIAN_POINT('',(96.29,5.6,39.921644277957));
#12792 = VECTOR('',#12793,1.);
#12793 = DIRECTION('',(0.,-1.,0.));
#12794 = PCURVE('',#2365,#12795);
#12795 = DEFINITIONAL_REPRESENTATION('',(#12796),#12800);
#12796 = LINE('',#12797,#12798);
#12797 = CARTESIAN_POINT('',(0.,0.));
#12798 = VECTOR('',#12799,1.);
#12799 = DIRECTION('',(0.,-1.));
#12800 = ( GEOMETRIC_REPRESENTATION_CONTEXT(2) 
PARAMETRIC_REPRESENTATION_CONTEXT() REPRESENTATION_CONTEXT('2D SPACE',''
  ) );
#12801 = PCURVE('',#2338,#12802);
#12802 = DEFINITIONAL_REPRESENTATION('',(#12803),#12807);
#12803 = LINE('',#12804,#12805);
#12804 = CARTESIAN_POINT('',(-1.570796326795,0.));
#12805 = VECTOR('',#12806,1.);
#12806 = DIRECTION('',(-0.,-1.));
#12807 = ( GEOMETRIC_REPRESENTATION_CONTEXT(2) 
PARAMETRIC_REPRESENTATION_CONTEXT() REPRESENTATION_CONTEXT('2D SPACE',''
  ) );
#12808 = ORIENTED_EDGE('',*,*,#3301,.F.);
#12809 = ORIENTED_EDGE('',*,*,#12736,.F.);
#12810 = ADVANCED_FACE('',(#12811),#2513,.F.);
#12811 = FACE_BOUND('',#12812,.T.);
#12812 = EDGE_LOOP('',(#12813,#12814,#12835,#12836));
#12813 = ORIENTED_EDGE('',*,*,#2494,.T.);
#12814 = ORIENTED_EDGE('',*,*,#12815,.T.);
#12815 = EDGE_CURVE('',#2292,#3253,#12816,.T.);
#12816 = SURFACE_CURVE('',#12817,(#12821,#12828),.PCURVE_S1.);
#12817 = LINE('',#12818,#12819);
#12818 = CARTESIAN_POINT('',(91.178355722043,5.6,34.79));
#12819 = VECTOR('',#12820,1.);
#12820 = DIRECTION('',(0.,-1.,0.));
#12821 = PCURVE('',#2513,#12822);
#12822 = DEFINITIONAL_REPRESENTATION('',(#12823),#12827);
#12823 = LINE('',#12824,#12825);
#12824 = CARTESIAN_POINT('',(-3.14159265359,0.));
#12825 = VECTOR('',#12826,1.);
#12826 = DIRECTION('',(-0.,-1.));
#12827 = ( GEOMETRIC_REPRESENTATION_CONTEXT(2) 
PARAMETRIC_REPRESENTATION_CONTEXT() REPRESENTATION_CONTEXT('2D SPACE',''
  ) );
#12828 = PCURVE('',#2306,#12829);
#12829 = DEFINITIONAL_REPRESENTATION('',(#12830),#12834);
#12830 = LINE('',#12831,#12832);
#12831 = CARTESIAN_POINT('',(0.,0.));
#12832 = VECTOR('',#12833,1.);
#12833 = DIRECTION('',(0.,-1.));
#12834 = ( GEOMETRIC_REPRESENTATION_CONTEXT(2) 
PARAMETRIC_REPRESENTATION_CONTEXT() REPRESENTATION_CONTEXT('2D SPACE',''
  ) );
#12835 = ORIENTED_EDGE('',*,*,#3420,.F.);
#12836 = ORIENTED_EDGE('',*,*,#12761,.F.);
#12837 = ADVANCED_FACE('',(#12838),#2338,.F.);
#12838 = FACE_BOUND('',#12839,.T.);
#12839 = EDGE_LOOP('',(#12840,#12841,#12842,#12843));
#12840 = ORIENTED_EDGE('',*,*,#2317,.T.);
#12841 = ORIENTED_EDGE('',*,*,#12788,.T.);
#12842 = ORIENTED_EDGE('',*,*,#3273,.F.);
#12843 = ORIENTED_EDGE('',*,*,#12844,.F.);
#12844 = EDGE_CURVE('',#2290,#3251,#12845,.T.);
#12845 = SURFACE_CURVE('',#12846,(#12850,#12857),.PCURVE_S1.);
#12846 = LINE('',#12847,#12848);
#12847 = CARTESIAN_POINT('',(91.178355722043,5.6,34.81));
#12848 = VECTOR('',#12849,1.);
#12849 = DIRECTION('',(0.,-1.,0.));
#12850 = PCURVE('',#2338,#12851);
#12851 = DEFINITIONAL_REPRESENTATION('',(#12852),#12856);
#12852 = LINE('',#12853,#12854);
#12853 = CARTESIAN_POINT('',(-3.14159265359,0.));
#12854 = VECTOR('',#12855,1.);
#12855 = DIRECTION('',(-0.,-1.));
#12856 = ( GEOMETRIC_REPRESENTATION_CONTEXT(2) 
PARAMETRIC_REPRESENTATION_CONTEXT() REPRESENTATION_CONTEXT('2D SPACE',''
  ) );
#12857 = PCURVE('',#2306,#12858);
#12858 = DEFINITIONAL_REPRESENTATION('',(#12859),#12863);
#12859 = LINE('',#12860,#12861);
#12860 = CARTESIAN_POINT('',(2.E-02,0.));
#12861 = VECTOR('',#12862,1.);
#12862 = DIRECTION('',(0.,-1.));
#12863 = ( GEOMETRIC_REPRESENTATION_CONTEXT(2) 
PARAMETRIC_REPRESENTATION_CONTEXT() REPRESENTATION_CONTEXT('2D SPACE',''
  ) );
#12864 = ADVANCED_FACE('',(#12865),#2306,.F.);
#12865 = FACE_BOUND('',#12866,.F.);
#12866 = EDGE_LOOP('',(#12867,#12868,#12869,#12870));
#12867 = ORIENTED_EDGE('',*,*,#2289,.T.);
#12868 = ORIENTED_EDGE('',*,*,#12815,.T.);
#12869 = ORIENTED_EDGE('',*,*,#3250,.F.);
#12870 = ORIENTED_EDGE('',*,*,#12844,.F.);
#12871 = ADVANCED_FACE('',(#12872),#2275,.T.);
#12872 = FACE_BOUND('',#12873,.T.);
#12873 = EDGE_LOOP('',(#12874,#12897,#12924,#12925));
#12874 = ORIENTED_EDGE('',*,*,#12875,.T.);
#12875 = EDGE_CURVE('',#2255,#12876,#12878,.T.);
#12876 = VERTEX_POINT('',#12877);
#12877 = CARTESIAN_POINT('',(84.15,12.24,39.9));
#12878 = SEAM_CURVE('',#12879,(#12883,#12890),.PCURVE_S1.);
#12879 = LINE('',#12880,#12881);
#12880 = CARTESIAN_POINT('',(84.15,4.1,39.9));
#12881 = VECTOR('',#12882,1.);
#12882 = DIRECTION('',(0.,1.,0.));
#12883 = PCURVE('',#2275,#12884);
#12884 = DEFINITIONAL_REPRESENTATION('',(#12885),#12889);
#12885 = LINE('',#12886,#12887);
#12886 = CARTESIAN_POINT('',(6.28318530718,-0.));
#12887 = VECTOR('',#12888,1.);
#12888 = DIRECTION('',(0.,1.));
#12889 = ( GEOMETRIC_REPRESENTATION_CONTEXT(2) 
PARAMETRIC_REPRESENTATION_CONTEXT() REPRESENTATION_CONTEXT('2D SPACE',''
  ) );
#12890 = PCURVE('',#2275,#12891);
#12891 = DEFINITIONAL_REPRESENTATION('',(#12892),#12896);
#12892 = LINE('',#12893,#12894);
#12893 = CARTESIAN_POINT('',(0.,-0.));
#12894 = VECTOR('',#12895,1.);
#12895 = DIRECTION('',(0.,1.));
#12896 = ( GEOMETRIC_REPRESENTATION_CONTEXT(2) 
PARAMETRIC_REPRESENTATION_CONTEXT() REPRESENTATION_CONTEXT('2D SPACE',''
  ) );
#12897 = ORIENTED_EDGE('',*,*,#12898,.F.);
#12898 = EDGE_CURVE('',#12876,#12876,#12899,.T.);
#12899 = SURFACE_CURVE('',#12900,(#12905,#12912),.PCURVE_S1.);
#12900 = CIRCLE('',#12901,2.3);
#12901 = AXIS2_PLACEMENT_3D('',#12902,#12903,#12904);
#12902 = CARTESIAN_POINT('',(81.85,12.24,39.9));
#12903 = DIRECTION('',(0.,1.,0.));
#12904 = DIRECTION('',(1.,0.,-0.));
#12905 = PCURVE('',#2275,#12906);
#12906 = DEFINITIONAL_REPRESENTATION('',(#12907),#12911);
#12907 = LINE('',#12908,#12909);
#12908 = CARTESIAN_POINT('',(0.,8.14));
#12909 = VECTOR('',#12910,1.);
#12910 = DIRECTION('',(1.,0.));
#12911 = ( GEOMETRIC_REPRESENTATION_CONTEXT(2) 
PARAMETRIC_REPRESENTATION_CONTEXT() REPRESENTATION_CONTEXT('2D SPACE',''
  ) );
#12912 = PCURVE('',#12913,#12918);
#12913 = PLANE('',#12914);
#12914 = AXIS2_PLACEMENT_3D('',#12915,#12916,#12917);
#12915 = CARTESIAN_POINT('',(81.85,12.24,39.9));
#12916 = DIRECTION('',(0.,1.,0.));
#12917 = DIRECTION('',(1.,0.,-0.));
#12918 = DEFINITIONAL_REPRESENTATION('',(#12919),#12923);
#12919 = CIRCLE('',#12920,2.3);
#12920 = AXIS2_PLACEMENT_2D('',#12921,#12922);
#12921 = CARTESIAN_POINT('',(0.,0.));
#12922 = DIRECTION('',(1.,0.));
#12923 = ( GEOMETRIC_REPRESENTATION_CONTEXT(2) 
PARAMETRIC_REPRESENTATION_CONTEXT() REPRESENTATION_CONTEXT('2D SPACE',''
  ) );
#12924 = ORIENTED_EDGE('',*,*,#12875,.F.);
#12925 = ORIENTED_EDGE('',*,*,#2254,.T.);
#12926 = ADVANCED_FACE('',(#12927,#12930),#12913,.T.);
#12927 = FACE_BOUND('',#12928,.T.);
#12928 = EDGE_LOOP('',(#12929));
#12929 = ORIENTED_EDGE('',*,*,#12898,.T.);
#12930 = FACE_BOUND('',#12931,.T.);
#12931 = EDGE_LOOP('',(#12932));
#12932 = ORIENTED_EDGE('',*,*,#12933,.F.);
#12933 = EDGE_CURVE('',#12934,#12934,#12936,.T.);
#12934 = VERTEX_POINT('',#12935);
#12935 = CARTESIAN_POINT('',(82.7,12.24,39.9));
#12936 = SURFACE_CURVE('',#12937,(#12942,#12949),.PCURVE_S1.);
#12937 = CIRCLE('',#12938,0.85);
#12938 = AXIS2_PLACEMENT_3D('',#12939,#12940,#12941);
#12939 = CARTESIAN_POINT('',(81.85,12.24,39.9));
#12940 = DIRECTION('',(0.,1.,0.));
#12941 = DIRECTION('',(1.,0.,-0.));
#12942 = PCURVE('',#12913,#12943);
#12943 = DEFINITIONAL_REPRESENTATION('',(#12944),#12948);
#12944 = CIRCLE('',#12945,0.85);
#12945 = AXIS2_PLACEMENT_2D('',#12946,#12947);
#12946 = CARTESIAN_POINT('',(0.,0.));
#12947 = DIRECTION('',(1.,0.));
#12948 = ( GEOMETRIC_REPRESENTATION_CONTEXT(2) 
PARAMETRIC_REPRESENTATION_CONTEXT() REPRESENTATION_CONTEXT('2D SPACE',''
  ) );
#12949 = PCURVE('',#12950,#12955);
#12950 = CYLINDRICAL_SURFACE('',#12951,0.85);
#12951 = AXIS2_PLACEMENT_3D('',#12952,#12953,#12954);
#12952 = CARTESIAN_POINT('',(81.85,4.8,39.9));
#12953 = DIRECTION('',(0.,1.,0.));
#12954 = DIRECTION('',(1.,0.,-0.));
#12955 = DEFINITIONAL_REPRESENTATION('',(#12956),#12960);
#12956 = LINE('',#12957,#12958);
#12957 = CARTESIAN_POINT('',(0.,7.44));
#12958 = VECTOR('',#12959,1.);
#12959 = DIRECTION('',(1.,0.));
#12960 = ( GEOMETRIC_REPRESENTATION_CONTEXT(2) 
PARAMETRIC_REPRESENTATION_CONTEXT() REPRESENTATION_CONTEXT('2D SPACE',''
  ) );
#12961 = ADVANCED_FACE('',(#12962),#12950,.F.);
#12962 = FACE_BOUND('',#12963,.F.);
#12963 = EDGE_LOOP('',(#12964,#12965,#12988,#13015));
#12964 = ORIENTED_EDGE('',*,*,#12933,.F.);
#12965 = ORIENTED_EDGE('',*,*,#12966,.F.);
#12966 = EDGE_CURVE('',#12967,#12934,#12969,.T.);
#12967 = VERTEX_POINT('',#12968);
#12968 = CARTESIAN_POINT('',(82.7,4.8,39.9));
#12969 = SEAM_CURVE('',#12970,(#12974,#12981),.PCURVE_S1.);
#12970 = LINE('',#12971,#12972);
#12971 = CARTESIAN_POINT('',(82.7,4.8,39.9));
#12972 = VECTOR('',#12973,1.);
#12973 = DIRECTION('',(0.,1.,0.));
#12974 = PCURVE('',#12950,#12975);
#12975 = DEFINITIONAL_REPRESENTATION('',(#12976),#12980);
#12976 = LINE('',#12977,#12978);
#12977 = CARTESIAN_POINT('',(6.28318530718,-0.));
#12978 = VECTOR('',#12979,1.);
#12979 = DIRECTION('',(0.,1.));
#12980 = ( GEOMETRIC_REPRESENTATION_CONTEXT(2) 
PARAMETRIC_REPRESENTATION_CONTEXT() REPRESENTATION_CONTEXT('2D SPACE',''
  ) );
#12981 = PCURVE('',#12950,#12982);
#12982 = DEFINITIONAL_REPRESENTATION('',(#12983),#12987);
#12983 = LINE('',#12984,#12985);
#12984 = CARTESIAN_POINT('',(0.,-0.));
#12985 = VECTOR('',#12986,1.);
#12986 = DIRECTION('',(0.,1.));
#12987 = ( GEOMETRIC_REPRESENTATION_CONTEXT(2) 
PARAMETRIC_REPRESENTATION_CONTEXT() REPRESENTATION_CONTEXT('2D SPACE',''
  ) );
#12988 = ORIENTED_EDGE('',*,*,#12989,.T.);
#12989 = EDGE_CURVE('',#12967,#12967,#12990,.T.);
#12990 = SURFACE_CURVE('',#12991,(#12996,#13003),.PCURVE_S1.);
#12991 = CIRCLE('',#12992,0.85);
#12992 = AXIS2_PLACEMENT_3D('',#12993,#12994,#12995);
#12993 = CARTESIAN_POINT('',(81.85,4.8,39.9));
#12994 = DIRECTION('',(0.,1.,0.));
#12995 = DIRECTION('',(1.,0.,-0.));
#12996 = PCURVE('',#12950,#12997);
#12997 = DEFINITIONAL_REPRESENTATION('',(#12998),#13002);
#12998 = LINE('',#12999,#13000);
#12999 = CARTESIAN_POINT('',(0.,0.));
#13000 = VECTOR('',#13001,1.);
#13001 = DIRECTION('',(1.,0.));
#13002 = ( GEOMETRIC_REPRESENTATION_CONTEXT(2) 
PARAMETRIC_REPRESENTATION_CONTEXT() REPRESENTATION_CONTEXT('2D SPACE',''
  ) );
#13003 = PCURVE('',#13004,#13009);
#13004 = PLANE('',#13005);
#13005 = AXIS2_PLACEMENT_3D('',#13006,#13007,#13008);
#13006 = CARTESIAN_POINT('',(81.85,4.8,39.9));
#13007 = DIRECTION('',(0.,1.,0.));
#13008 = DIRECTION('',(1.,0.,-0.));
#13009 = DEFINITIONAL_REPRESENTATION('',(#13010),#13014);
#13010 = CIRCLE('',#13011,0.85);
#13011 = AXIS2_PLACEMENT_2D('',#13012,#13013);
#13012 = CARTESIAN_POINT('',(0.,0.));
#13013 = DIRECTION('',(1.,0.));
#13014 = ( GEOMETRIC_REPRESENTATION_CONTEXT(2) 
PARAMETRIC_REPRESENTATION_CONTEXT() REPRESENTATION_CONTEXT('2D SPACE',''
  ) );
#13015 = ORIENTED_EDGE('',*,*,#12966,.T.);
#13016 = ADVANCED_FACE('',(#13017),#13004,.T.);
#13017 = FACE_BOUND('',#13018,.F.);
#13018 = EDGE_LOOP('',(#13019));
#13019 = ORIENTED_EDGE('',*,*,#12989,.F.);
#13020 = ADVANCED_FACE('',(#13021),#2240,.T.);
#13021 = FACE_BOUND('',#13022,.T.);
#13022 = EDGE_LOOP('',(#13023,#13046,#13073,#13074));
#13023 = ORIENTED_EDGE('',*,*,#13024,.T.);
#13024 = EDGE_CURVE('',#2220,#13025,#13027,.T.);
#13025 = VERTEX_POINT('',#13026);
#13026 = CARTESIAN_POINT('',(63.45,12.24,39.9));
#13027 = SEAM_CURVE('',#13028,(#13032,#13039),.PCURVE_S1.);
#13028 = LINE('',#13029,#13030);
#13029 = CARTESIAN_POINT('',(63.45,4.1,39.9));
#13030 = VECTOR('',#13031,1.);
#13031 = DIRECTION('',(0.,1.,0.));
#13032 = PCURVE('',#2240,#13033);
#13033 = DEFINITIONAL_REPRESENTATION('',(#13034),#13038);
#13034 = LINE('',#13035,#13036);
#13035 = CARTESIAN_POINT('',(6.28318530718,-0.));
#13036 = VECTOR('',#13037,1.);
#13037 = DIRECTION('',(0.,1.));
#13038 = ( GEOMETRIC_REPRESENTATION_CONTEXT(2) 
PARAMETRIC_REPRESENTATION_CONTEXT() REPRESENTATION_CONTEXT('2D SPACE',''
  ) );
#13039 = PCURVE('',#2240,#13040);
#13040 = DEFINITIONAL_REPRESENTATION('',(#13041),#13045);
#13041 = LINE('',#13042,#13043);
#13042 = CARTESIAN_POINT('',(0.,-0.));
#13043 = VECTOR('',#13044,1.);
#13044 = DIRECTION('',(0.,1.));
#13045 = ( GEOMETRIC_REPRESENTATION_CONTEXT(2) 
PARAMETRIC_REPRESENTATION_CONTEXT() REPRESENTATION_CONTEXT('2D SPACE',''
  ) );
#13046 = ORIENTED_EDGE('',*,*,#13047,.F.);
#13047 = EDGE_CURVE('',#13025,#13025,#13048,.T.);
#13048 = SURFACE_CURVE('',#13049,(#13054,#13061),.PCURVE_S1.);
#13049 = CIRCLE('',#13050,2.3);
#13050 = AXIS2_PLACEMENT_3D('',#13051,#13052,#13053);
#13051 = CARTESIAN_POINT('',(61.15,12.24,39.9));
#13052 = DIRECTION('',(0.,1.,0.));
#13053 = DIRECTION('',(1.,0.,-0.));
#13054 = PCURVE('',#2240,#13055);
#13055 = DEFINITIONAL_REPRESENTATION('',(#13056),#13060);
#13056 = LINE('',#13057,#13058);
#13057 = CARTESIAN_POINT('',(0.,8.14));
#13058 = VECTOR('',#13059,1.);
#13059 = DIRECTION('',(1.,0.));
#13060 = ( GEOMETRIC_REPRESENTATION_CONTEXT(2) 
PARAMETRIC_REPRESENTATION_CONTEXT() REPRESENTATION_CONTEXT('2D SPACE',''
  ) );
#13061 = PCURVE('',#13062,#13067);
#13062 = PLANE('',#13063);
#13063 = AXIS2_PLACEMENT_3D('',#13064,#13065,#13066);
#13064 = CARTESIAN_POINT('',(61.15,12.24,39.9));
#13065 = DIRECTION('',(0.,1.,0.));
#13066 = DIRECTION('',(1.,0.,-0.));
#13067 = DEFINITIONAL_REPRESENTATION('',(#13068),#13072);
#13068 = CIRCLE('',#13069,2.3);
#13069 = AXIS2_PLACEMENT_2D('',#13070,#13071);
#13070 = CARTESIAN_POINT('',(0.,0.));
#13071 = DIRECTION('',(1.,0.));
#13072 = ( GEOMETRIC_REPRESENTATION_CONTEXT(2) 
PARAMETRIC_REPRESENTATION_CONTEXT() REPRESENTATION_CONTEXT('2D SPACE',''
  ) );
#13073 = ORIENTED_EDGE('',*,*,#13024,.F.);
#13074 = ORIENTED_EDGE('',*,*,#2219,.T.);
#13075 = ADVANCED_FACE('',(#13076,#13079),#13062,.T.);
#13076 = FACE_BOUND('',#13077,.T.);
#13077 = EDGE_LOOP('',(#13078));
#13078 = ORIENTED_EDGE('',*,*,#13047,.T.);
#13079 = FACE_BOUND('',#13080,.T.);
#13080 = EDGE_LOOP('',(#13081));
#13081 = ORIENTED_EDGE('',*,*,#13082,.F.);
#13082 = EDGE_CURVE('',#13083,#13083,#13085,.T.);
#13083 = VERTEX_POINT('',#13084);
#13084 = CARTESIAN_POINT('',(62.,12.24,39.9));
#13085 = SURFACE_CURVE('',#13086,(#13091,#13098),.PCURVE_S1.);
#13086 = CIRCLE('',#13087,0.85);
#13087 = AXIS2_PLACEMENT_3D('',#13088,#13089,#13090);
#13088 = CARTESIAN_POINT('',(61.15,12.24,39.9));
#13089 = DIRECTION('',(0.,1.,0.));
#13090 = DIRECTION('',(1.,0.,-0.));
#13091 = PCURVE('',#13062,#13092);
#13092 = DEFINITIONAL_REPRESENTATION('',(#13093),#13097);
#13093 = CIRCLE('',#13094,0.85);
#13094 = AXIS2_PLACEMENT_2D('',#13095,#13096);
#13095 = CARTESIAN_POINT('',(0.,0.));
#13096 = DIRECTION('',(1.,0.));
#13097 = ( GEOMETRIC_REPRESENTATION_CONTEXT(2) 
PARAMETRIC_REPRESENTATION_CONTEXT() REPRESENTATION_CONTEXT('2D SPACE',''
  ) );
#13098 = PCURVE('',#13099,#13104);
#13099 = CYLINDRICAL_SURFACE('',#13100,0.85);
#13100 = AXIS2_PLACEMENT_3D('',#13101,#13102,#13103);
#13101 = CARTESIAN_POINT('',(61.15,4.8,39.9));
#13102 = DIRECTION('',(0.,1.,0.));
#13103 = DIRECTION('',(1.,0.,-0.));
#13104 = DEFINITIONAL_REPRESENTATION('',(#13105),#13109);
#13105 = LINE('',#13106,#13107);
#13106 = CARTESIAN_POINT('',(0.,7.44));
#13107 = VECTOR('',#13108,1.);
#13108 = DIRECTION('',(1.,0.));
#13109 = ( GEOMETRIC_REPRESENTATION_CONTEXT(2) 
PARAMETRIC_REPRESENTATION_CONTEXT() REPRESENTATION_CONTEXT('2D SPACE',''
  ) );
#13110 = ADVANCED_FACE('',(#13111),#13099,.F.);
#13111 = FACE_BOUND('',#13112,.F.);
#13112 = EDGE_LOOP('',(#13113,#13114,#13137,#13164));
#13113 = ORIENTED_EDGE('',*,*,#13082,.F.);
#13114 = ORIENTED_EDGE('',*,*,#13115,.F.);
#13115 = EDGE_CURVE('',#13116,#13083,#13118,.T.);
#13116 = VERTEX_POINT('',#13117);
#13117 = CARTESIAN_POINT('',(62.,4.8,39.9));
#13118 = SEAM_CURVE('',#13119,(#13123,#13130),.PCURVE_S1.);
#13119 = LINE('',#13120,#13121);
#13120 = CARTESIAN_POINT('',(62.,4.8,39.9));
#13121 = VECTOR('',#13122,1.);
#13122 = DIRECTION('',(0.,1.,0.));
#13123 = PCURVE('',#13099,#13124);
#13124 = DEFINITIONAL_REPRESENTATION('',(#13125),#13129);
#13125 = LINE('',#13126,#13127);
#13126 = CARTESIAN_POINT('',(6.28318530718,-0.));
#13127 = VECTOR('',#13128,1.);
#13128 = DIRECTION('',(0.,1.));
#13129 = ( GEOMETRIC_REPRESENTATION_CONTEXT(2) 
PARAMETRIC_REPRESENTATION_CONTEXT() REPRESENTATION_CONTEXT('2D SPACE',''
  ) );
#13130 = PCURVE('',#13099,#13131);
#13131 = DEFINITIONAL_REPRESENTATION('',(#13132),#13136);
#13132 = LINE('',#13133,#13134);
#13133 = CARTESIAN_POINT('',(0.,-0.));
#13134 = VECTOR('',#13135,1.);
#13135 = DIRECTION('',(0.,1.));
#13136 = ( GEOMETRIC_REPRESENTATION_CONTEXT(2) 
PARAMETRIC_REPRESENTATION_CONTEXT() REPRESENTATION_CONTEXT('2D SPACE',''
  ) );
#13137 = ORIENTED_EDGE('',*,*,#13138,.T.);
#13138 = EDGE_CURVE('',#13116,#13116,#13139,.T.);
#13139 = SURFACE_CURVE('',#13140,(#13145,#13152),.PCURVE_S1.);
#13140 = CIRCLE('',#13141,0.85);
#13141 = AXIS2_PLACEMENT_3D('',#13142,#13143,#13144);
#13142 = CARTESIAN_POINT('',(61.15,4.8,39.9));
#13143 = DIRECTION('',(0.,1.,0.));
#13144 = DIRECTION('',(1.,0.,-0.));
#13145 = PCURVE('',#13099,#13146);
#13146 = DEFINITIONAL_REPRESENTATION('',(#13147),#13151);
#13147 = LINE('',#13148,#13149);
#13148 = CARTESIAN_POINT('',(0.,0.));
#13149 = VECTOR('',#13150,1.);
#13150 = DIRECTION('',(1.,0.));
#13151 = ( GEOMETRIC_REPRESENTATION_CONTEXT(2) 
PARAMETRIC_REPRESENTATION_CONTEXT() REPRESENTATION_CONTEXT('2D SPACE',''
  ) );
#13152 = PCURVE('',#13153,#13158);
#13153 = PLANE('',#13154);
#13154 = AXIS2_PLACEMENT_3D('',#13155,#13156,#13157);
#13155 = CARTESIAN_POINT('',(61.15,4.8,39.9));
#13156 = DIRECTION('',(0.,1.,0.));
#13157 = DIRECTION('',(1.,0.,-0.));
#13158 = DEFINITIONAL_REPRESENTATION('',(#13159),#13163);
#13159 = CIRCLE('',#13160,0.85);
#13160 = AXIS2_PLACEMENT_2D('',#13161,#13162);
#13161 = CARTESIAN_POINT('',(0.,0.));
#13162 = DIRECTION('',(1.,0.));
#13163 = ( GEOMETRIC_REPRESENTATION_CONTEXT(2) 
PARAMETRIC_REPRESENTATION_CONTEXT() REPRESENTATION_CONTEXT('2D SPACE',''
  ) );
#13164 = ORIENTED_EDGE('',*,*,#13115,.T.);
#13165 = ADVANCED_FACE('',(#13166),#13153,.T.);
#13166 = FACE_BOUND('',#13167,.F.);
#13167 = EDGE_LOOP('',(#13168));
#13168 = ORIENTED_EDGE('',*,*,#13138,.F.);
#13169 = ADVANCED_FACE('',(#13170),#2205,.F.);
#13170 = FACE_BOUND('',#13171,.F.);
#13171 = EDGE_LOOP('',(#13172,#13173,#13194,#13195));
#13172 = ORIENTED_EDGE('',*,*,#2184,.F.);
#13173 = ORIENTED_EDGE('',*,*,#13174,.F.);
#13174 = EDGE_CURVE('',#3221,#2185,#13175,.T.);
#13175 = SEAM_CURVE('',#13176,(#13180,#13187),.PCURVE_S1.);
#13176 = LINE('',#13177,#13178);
#13177 = CARTESIAN_POINT('',(78.887794646275,2.,34.8));
#13178 = VECTOR('',#13179,1.);
#13179 = DIRECTION('',(0.,1.,0.));
#13180 = PCURVE('',#2205,#13181);
#13181 = DEFINITIONAL_REPRESENTATION('',(#13182),#13186);
#13182 = LINE('',#13183,#13184);
#13183 = CARTESIAN_POINT('',(6.28318530718,-0.));
#13184 = VECTOR('',#13185,1.);
#13185 = DIRECTION('',(0.,1.));
#13186 = ( GEOMETRIC_REPRESENTATION_CONTEXT(2) 
PARAMETRIC_REPRESENTATION_CONTEXT() REPRESENTATION_CONTEXT('2D SPACE',''
  ) );
#13187 = PCURVE('',#2205,#13188);
#13188 = DEFINITIONAL_REPRESENTATION('',(#13189),#13193);
#13189 = LINE('',#13190,#13191);
#13190 = CARTESIAN_POINT('',(0.,-0.));
#13191 = VECTOR('',#13192,1.);
#13192 = DIRECTION('',(0.,1.));
#13193 = ( GEOMETRIC_REPRESENTATION_CONTEXT(2) 
PARAMETRIC_REPRESENTATION_CONTEXT() REPRESENTATION_CONTEXT('2D SPACE',''
  ) );
#13194 = ORIENTED_EDGE('',*,*,#3220,.T.);
#13195 = ORIENTED_EDGE('',*,*,#13174,.T.);
#13196 = ADVANCED_FACE('',(#13197),#2170,.T.);
#13197 = FACE_BOUND('',#13198,.T.);
#13198 = EDGE_LOOP('',(#13199,#13222,#13249,#13250));
#13199 = ORIENTED_EDGE('',*,*,#13200,.T.);
#13200 = EDGE_CURVE('',#2150,#13201,#13203,.T.);
#13201 = VERTEX_POINT('',#13202);
#13202 = CARTESIAN_POINT('',(84.15,12.24,16.));
#13203 = SEAM_CURVE('',#13204,(#13208,#13215),.PCURVE_S1.);
#13204 = LINE('',#13205,#13206);
#13205 = CARTESIAN_POINT('',(84.15,4.1,16.));
#13206 = VECTOR('',#13207,1.);
#13207 = DIRECTION('',(0.,1.,0.));
#13208 = PCURVE('',#2170,#13209);
#13209 = DEFINITIONAL_REPRESENTATION('',(#13210),#13214);
#13210 = LINE('',#13211,#13212);
#13211 = CARTESIAN_POINT('',(6.28318530718,-0.));
#13212 = VECTOR('',#13213,1.);
#13213 = DIRECTION('',(0.,1.));
#13214 = ( GEOMETRIC_REPRESENTATION_CONTEXT(2) 
PARAMETRIC_REPRESENTATION_CONTEXT() REPRESENTATION_CONTEXT('2D SPACE',''
  ) );
#13215 = PCURVE('',#2170,#13216);
#13216 = DEFINITIONAL_REPRESENTATION('',(#13217),#13221);
#13217 = LINE('',#13218,#13219);
#13218 = CARTESIAN_POINT('',(0.,-0.));
#13219 = VECTOR('',#13220,1.);
#13220 = DIRECTION('',(0.,1.));
#13221 = ( GEOMETRIC_REPRESENTATION_CONTEXT(2) 
PARAMETRIC_REPRESENTATION_CONTEXT() REPRESENTATION_CONTEXT('2D SPACE',''
  ) );
#13222 = ORIENTED_EDGE('',*,*,#13223,.F.);
#13223 = EDGE_CURVE('',#13201,#13201,#13224,.T.);
#13224 = SURFACE_CURVE('',#13225,(#13230,#13237),.PCURVE_S1.);
#13225 = CIRCLE('',#13226,2.3);
#13226 = AXIS2_PLACEMENT_3D('',#13227,#13228,#13229);
#13227 = CARTESIAN_POINT('',(81.85,12.24,16.));
#13228 = DIRECTION('',(0.,1.,0.));
#13229 = DIRECTION('',(1.,0.,-0.));
#13230 = PCURVE('',#2170,#13231);
#13231 = DEFINITIONAL_REPRESENTATION('',(#13232),#13236);
#13232 = LINE('',#13233,#13234);
#13233 = CARTESIAN_POINT('',(0.,8.14));
#13234 = VECTOR('',#13235,1.);
#13235 = DIRECTION('',(1.,0.));
#13236 = ( GEOMETRIC_REPRESENTATION_CONTEXT(2) 
PARAMETRIC_REPRESENTATION_CONTEXT() REPRESENTATION_CONTEXT('2D SPACE',''
  ) );
#13237 = PCURVE('',#13238,#13243);
#13238 = PLANE('',#13239);
#13239 = AXIS2_PLACEMENT_3D('',#13240,#13241,#13242);
#13240 = CARTESIAN_POINT('',(81.85,12.24,16.));
#13241 = DIRECTION('',(0.,1.,0.));
#13242 = DIRECTION('',(1.,0.,-0.));
#13243 = DEFINITIONAL_REPRESENTATION('',(#13244),#13248);
#13244 = CIRCLE('',#13245,2.3);
#13245 = AXIS2_PLACEMENT_2D('',#13246,#13247);
#13246 = CARTESIAN_POINT('',(0.,0.));
#13247 = DIRECTION('',(1.,0.));
#13248 = ( GEOMETRIC_REPRESENTATION_CONTEXT(2) 
PARAMETRIC_REPRESENTATION_CONTEXT() REPRESENTATION_CONTEXT('2D SPACE',''
  ) );
#13249 = ORIENTED_EDGE('',*,*,#13200,.F.);
#13250 = ORIENTED_EDGE('',*,*,#2149,.T.);
#13251 = ADVANCED_FACE('',(#13252,#13255),#13238,.T.);
#13252 = FACE_BOUND('',#13253,.T.);
#13253 = EDGE_LOOP('',(#13254));
#13254 = ORIENTED_EDGE('',*,*,#13223,.T.);
#13255 = FACE_BOUND('',#13256,.T.);
#13256 = EDGE_LOOP('',(#13257));
#13257 = ORIENTED_EDGE('',*,*,#13258,.F.);
#13258 = EDGE_CURVE('',#13259,#13259,#13261,.T.);
#13259 = VERTEX_POINT('',#13260);
#13260 = CARTESIAN_POINT('',(82.7,12.24,16.));
#13261 = SURFACE_CURVE('',#13262,(#13267,#13274),.PCURVE_S1.);
#13262 = CIRCLE('',#13263,0.85);
#13263 = AXIS2_PLACEMENT_3D('',#13264,#13265,#13266);
#13264 = CARTESIAN_POINT('',(81.85,12.24,16.));
#13265 = DIRECTION('',(0.,1.,0.));
#13266 = DIRECTION('',(1.,0.,-0.));
#13267 = PCURVE('',#13238,#13268);
#13268 = DEFINITIONAL_REPRESENTATION('',(#13269),#13273);
#13269 = CIRCLE('',#13270,0.85);
#13270 = AXIS2_PLACEMENT_2D('',#13271,#13272);
#13271 = CARTESIAN_POINT('',(0.,0.));
#13272 = DIRECTION('',(1.,0.));
#13273 = ( GEOMETRIC_REPRESENTATION_CONTEXT(2) 
PARAMETRIC_REPRESENTATION_CONTEXT() REPRESENTATION_CONTEXT('2D SPACE',''
  ) );
#13274 = PCURVE('',#13275,#13280);
#13275 = CYLINDRICAL_SURFACE('',#13276,0.85);
#13276 = AXIS2_PLACEMENT_3D('',#13277,#13278,#13279);
#13277 = CARTESIAN_POINT('',(81.85,4.8,16.));
#13278 = DIRECTION('',(0.,1.,0.));
#13279 = DIRECTION('',(1.,0.,-0.));
#13280 = DEFINITIONAL_REPRESENTATION('',(#13281),#13285);
#13281 = LINE('',#13282,#13283);
#13282 = CARTESIAN_POINT('',(0.,7.44));
#13283 = VECTOR('',#13284,1.);
#13284 = DIRECTION('',(1.,0.));
#13285 = ( GEOMETRIC_REPRESENTATION_CONTEXT(2) 
PARAMETRIC_REPRESENTATION_CONTEXT() REPRESENTATION_CONTEXT('2D SPACE',''
  ) );
#13286 = ADVANCED_FACE('',(#13287),#13275,.F.);
#13287 = FACE_BOUND('',#13288,.F.);
#13288 = EDGE_LOOP('',(#13289,#13290,#13313,#13340));
#13289 = ORIENTED_EDGE('',*,*,#13258,.F.);
#13290 = ORIENTED_EDGE('',*,*,#13291,.F.);
#13291 = EDGE_CURVE('',#13292,#13259,#13294,.T.);
#13292 = VERTEX_POINT('',#13293);
#13293 = CARTESIAN_POINT('',(82.7,4.8,16.));
#13294 = SEAM_CURVE('',#13295,(#13299,#13306),.PCURVE_S1.);
#13295 = LINE('',#13296,#13297);
#13296 = CARTESIAN_POINT('',(82.7,4.8,16.));
#13297 = VECTOR('',#13298,1.);
#13298 = DIRECTION('',(0.,1.,0.));
#13299 = PCURVE('',#13275,#13300);
#13300 = DEFINITIONAL_REPRESENTATION('',(#13301),#13305);
#13301 = LINE('',#13302,#13303);
#13302 = CARTESIAN_POINT('',(6.28318530718,-0.));
#13303 = VECTOR('',#13304,1.);
#13304 = DIRECTION('',(0.,1.));
#13305 = ( GEOMETRIC_REPRESENTATION_CONTEXT(2) 
PARAMETRIC_REPRESENTATION_CONTEXT() REPRESENTATION_CONTEXT('2D SPACE',''
  ) );
#13306 = PCURVE('',#13275,#13307);
#13307 = DEFINITIONAL_REPRESENTATION('',(#13308),#13312);
#13308 = LINE('',#13309,#13310);
#13309 = CARTESIAN_POINT('',(0.,-0.));
#13310 = VECTOR('',#13311,1.);
#13311 = DIRECTION('',(0.,1.));
#13312 = ( GEOMETRIC_REPRESENTATION_CONTEXT(2) 
PARAMETRIC_REPRESENTATION_CONTEXT() REPRESENTATION_CONTEXT('2D SPACE',''
  ) );
#13313 = ORIENTED_EDGE('',*,*,#13314,.T.);
#13314 = EDGE_CURVE('',#13292,#13292,#13315,.T.);
#13315 = SURFACE_CURVE('',#13316,(#13321,#13328),.PCURVE_S1.);
#13316 = CIRCLE('',#13317,0.85);
#13317 = AXIS2_PLACEMENT_3D('',#13318,#13319,#13320);
#13318 = CARTESIAN_POINT('',(81.85,4.8,16.));
#13319 = DIRECTION('',(0.,1.,0.));
#13320 = DIRECTION('',(1.,0.,-0.));
#13321 = PCURVE('',#13275,#13322);
#13322 = DEFINITIONAL_REPRESENTATION('',(#13323),#13327);
#13323 = LINE('',#13324,#13325);
#13324 = CARTESIAN_POINT('',(0.,0.));
#13325 = VECTOR('',#13326,1.);
#13326 = DIRECTION('',(1.,0.));
#13327 = ( GEOMETRIC_REPRESENTATION_CONTEXT(2) 
PARAMETRIC_REPRESENTATION_CONTEXT() REPRESENTATION_CONTEXT('2D SPACE',''
  ) );
#13328 = PCURVE('',#13329,#13334);
#13329 = PLANE('',#13330);
#13330 = AXIS2_PLACEMENT_3D('',#13331,#13332,#13333);
#13331 = CARTESIAN_POINT('',(81.85,4.8,16.));
#13332 = DIRECTION('',(0.,1.,0.));
#13333 = DIRECTION('',(1.,0.,-0.));
#13334 = DEFINITIONAL_REPRESENTATION('',(#13335),#13339);
#13335 = CIRCLE('',#13336,0.85);
#13336 = AXIS2_PLACEMENT_2D('',#13337,#13338);
#13337 = CARTESIAN_POINT('',(0.,0.));
#13338 = DIRECTION('',(1.,0.));
#13339 = ( GEOMETRIC_REPRESENTATION_CONTEXT(2) 
PARAMETRIC_REPRESENTATION_CONTEXT() REPRESENTATION_CONTEXT('2D SPACE',''
  ) );
#13340 = ORIENTED_EDGE('',*,*,#13291,.T.);
#13341 = ADVANCED_FACE('',(#13342),#13329,.T.);
#13342 = FACE_BOUND('',#13343,.F.);
#13343 = EDGE_LOOP('',(#13344));
#13344 = ORIENTED_EDGE('',*,*,#13314,.F.);
#13345 = ADVANCED_FACE('',(#13346),#2135,.T.);
#13346 = FACE_BOUND('',#13347,.T.);
#13347 = EDGE_LOOP('',(#13348,#13371,#13398,#13399));
#13348 = ORIENTED_EDGE('',*,*,#13349,.T.);
#13349 = EDGE_CURVE('',#2115,#13350,#13352,.T.);
#13350 = VERTEX_POINT('',#13351);
#13351 = CARTESIAN_POINT('',(63.45,12.24,16.));
#13352 = SEAM_CURVE('',#13353,(#13357,#13364),.PCURVE_S1.);
#13353 = LINE('',#13354,#13355);
#13354 = CARTESIAN_POINT('',(63.45,4.1,16.));
#13355 = VECTOR('',#13356,1.);
#13356 = DIRECTION('',(0.,1.,0.));
#13357 = PCURVE('',#2135,#13358);
#13358 = DEFINITIONAL_REPRESENTATION('',(#13359),#13363);
#13359 = LINE('',#13360,#13361);
#13360 = CARTESIAN_POINT('',(6.28318530718,-0.));
#13361 = VECTOR('',#13362,1.);
#13362 = DIRECTION('',(0.,1.));
#13363 = ( GEOMETRIC_REPRESENTATION_CONTEXT(2) 
PARAMETRIC_REPRESENTATION_CONTEXT() REPRESENTATION_CONTEXT('2D SPACE',''
  ) );
#13364 = PCURVE('',#2135,#13365);
#13365 = DEFINITIONAL_REPRESENTATION('',(#13366),#13370);
#13366 = LINE('',#13367,#13368);
#13367 = CARTESIAN_POINT('',(0.,-0.));
#13368 = VECTOR('',#13369,1.);
#13369 = DIRECTION('',(0.,1.));
#13370 = ( GEOMETRIC_REPRESENTATION_CONTEXT(2) 
PARAMETRIC_REPRESENTATION_CONTEXT() REPRESENTATION_CONTEXT('2D SPACE',''
  ) );
#13371 = ORIENTED_EDGE('',*,*,#13372,.F.);
#13372 = EDGE_CURVE('',#13350,#13350,#13373,.T.);
#13373 = SURFACE_CURVE('',#13374,(#13379,#13386),.PCURVE_S1.);
#13374 = CIRCLE('',#13375,2.3);
#13375 = AXIS2_PLACEMENT_3D('',#13376,#13377,#13378);
#13376 = CARTESIAN_POINT('',(61.15,12.24,16.));
#13377 = DIRECTION('',(0.,1.,0.));
#13378 = DIRECTION('',(1.,0.,-0.));
#13379 = PCURVE('',#2135,#13380);
#13380 = DEFINITIONAL_REPRESENTATION('',(#13381),#13385);
#13381 = LINE('',#13382,#13383);
#13382 = CARTESIAN_POINT('',(0.,8.14));
#13383 = VECTOR('',#13384,1.);
#13384 = DIRECTION('',(1.,0.));
#13385 = ( GEOMETRIC_REPRESENTATION_CONTEXT(2) 
PARAMETRIC_REPRESENTATION_CONTEXT() REPRESENTATION_CONTEXT('2D SPACE',''
  ) );
#13386 = PCURVE('',#13387,#13392);
#13387 = PLANE('',#13388);
#13388 = AXIS2_PLACEMENT_3D('',#13389,#13390,#13391);
#13389 = CARTESIAN_POINT('',(61.15,12.24,16.));
#13390 = DIRECTION('',(0.,1.,0.));
#13391 = DIRECTION('',(1.,0.,-0.));
#13392 = DEFINITIONAL_REPRESENTATION('',(#13393),#13397);
#13393 = CIRCLE('',#13394,2.3);
#13394 = AXIS2_PLACEMENT_2D('',#13395,#13396);
#13395 = CARTESIAN_POINT('',(0.,0.));
#13396 = DIRECTION('',(1.,0.));
#13397 = ( GEOMETRIC_REPRESENTATION_CONTEXT(2) 
PARAMETRIC_REPRESENTATION_CONTEXT() REPRESENTATION_CONTEXT('2D SPACE',''
  ) );
#13398 = ORIENTED_EDGE('',*,*,#13349,.F.);
#13399 = ORIENTED_EDGE('',*,*,#2114,.T.);
#13400 = ADVANCED_FACE('',(#13401,#13404),#13387,.T.);
#13401 = FACE_BOUND('',#13402,.T.);
#13402 = EDGE_LOOP('',(#13403));
#13403 = ORIENTED_EDGE('',*,*,#13372,.T.);
#13404 = FACE_BOUND('',#13405,.T.);
#13405 = EDGE_LOOP('',(#13406));
#13406 = ORIENTED_EDGE('',*,*,#13407,.F.);
#13407 = EDGE_CURVE('',#13408,#13408,#13410,.T.);
#13408 = VERTEX_POINT('',#13409);
#13409 = CARTESIAN_POINT('',(62.,12.24,16.));
#13410 = SURFACE_CURVE('',#13411,(#13416,#13423),.PCURVE_S1.);
#13411 = CIRCLE('',#13412,0.85);
#13412 = AXIS2_PLACEMENT_3D('',#13413,#13414,#13415);
#13413 = CARTESIAN_POINT('',(61.15,12.24,16.));
#13414 = DIRECTION('',(0.,1.,0.));
#13415 = DIRECTION('',(1.,0.,-0.));
#13416 = PCURVE('',#13387,#13417);
#13417 = DEFINITIONAL_REPRESENTATION('',(#13418),#13422);
#13418 = CIRCLE('',#13419,0.85);
#13419 = AXIS2_PLACEMENT_2D('',#13420,#13421);
#13420 = CARTESIAN_POINT('',(0.,0.));
#13421 = DIRECTION('',(1.,0.));
#13422 = ( GEOMETRIC_REPRESENTATION_CONTEXT(2) 
PARAMETRIC_REPRESENTATION_CONTEXT() REPRESENTATION_CONTEXT('2D SPACE',''
  ) );
#13423 = PCURVE('',#13424,#13429);
#13424 = CYLINDRICAL_SURFACE('',#13425,0.85);
#13425 = AXIS2_PLACEMENT_3D('',#13426,#13427,#13428);
#13426 = CARTESIAN_POINT('',(61.15,4.8,16.));
#13427 = DIRECTION('',(0.,1.,0.));
#13428 = DIRECTION('',(1.,0.,-0.));
#13429 = DEFINITIONAL_REPRESENTATION('',(#13430),#13434);
#13430 = LINE('',#13431,#13432);
#13431 = CARTESIAN_POINT('',(0.,7.44));
#13432 = VECTOR('',#13433,1.);
#13433 = DIRECTION('',(1.,0.));
#13434 = ( GEOMETRIC_REPRESENTATION_CONTEXT(2) 
PARAMETRIC_REPRESENTATION_CONTEXT() REPRESENTATION_CONTEXT('2D SPACE',''
  ) );
#13435 = ADVANCED_FACE('',(#13436),#13424,.F.);
#13436 = FACE_BOUND('',#13437,.F.);
#13437 = EDGE_LOOP('',(#13438,#13439,#13462,#13489));
#13438 = ORIENTED_EDGE('',*,*,#13407,.F.);
#13439 = ORIENTED_EDGE('',*,*,#13440,.F.);
#13440 = EDGE_CURVE('',#13441,#13408,#13443,.T.);
#13441 = VERTEX_POINT('',#13442);
#13442 = CARTESIAN_POINT('',(62.,4.8,16.));
#13443 = SEAM_CURVE('',#13444,(#13448,#13455),.PCURVE_S1.);
#13444 = LINE('',#13445,#13446);
#13445 = CARTESIAN_POINT('',(62.,4.8,16.));
#13446 = VECTOR('',#13447,1.);
#13447 = DIRECTION('',(0.,1.,0.));
#13448 = PCURVE('',#13424,#13449);
#13449 = DEFINITIONAL_REPRESENTATION('',(#13450),#13454);
#13450 = LINE('',#13451,#13452);
#13451 = CARTESIAN_POINT('',(6.28318530718,-0.));
#13452 = VECTOR('',#13453,1.);
#13453 = DIRECTION('',(0.,1.));
#13454 = ( GEOMETRIC_REPRESENTATION_CONTEXT(2) 
PARAMETRIC_REPRESENTATION_CONTEXT() REPRESENTATION_CONTEXT('2D SPACE',''
  ) );
#13455 = PCURVE('',#13424,#13456);
#13456 = DEFINITIONAL_REPRESENTATION('',(#13457),#13461);
#13457 = LINE('',#13458,#13459);
#13458 = CARTESIAN_POINT('',(0.,-0.));
#13459 = VECTOR('',#13460,1.);
#13460 = DIRECTION('',(0.,1.));
#13461 = ( GEOMETRIC_REPRESENTATION_CONTEXT(2) 
PARAMETRIC_REPRESENTATION_CONTEXT() REPRESENTATION_CONTEXT('2D SPACE',''
  ) );
#13462 = ORIENTED_EDGE('',*,*,#13463,.T.);
#13463 = EDGE_CURVE('',#13441,#13441,#13464,.T.);
#13464 = SURFACE_CURVE('',#13465,(#13470,#13477),.PCURVE_S1.);
#13465 = CIRCLE('',#13466,0.85);
#13466 = AXIS2_PLACEMENT_3D('',#13467,#13468,#13469);
#13467 = CARTESIAN_POINT('',(61.15,4.8,16.));
#13468 = DIRECTION('',(0.,1.,0.));
#13469 = DIRECTION('',(1.,0.,-0.));
#13470 = PCURVE('',#13424,#13471);
#13471 = DEFINITIONAL_REPRESENTATION('',(#13472),#13476);
#13472 = LINE('',#13473,#13474);
#13473 = CARTESIAN_POINT('',(0.,0.));
#13474 = VECTOR('',#13475,1.);
#13475 = DIRECTION('',(1.,0.));
#13476 = ( GEOMETRIC_REPRESENTATION_CONTEXT(2) 
PARAMETRIC_REPRESENTATION_CONTEXT() REPRESENTATION_CONTEXT('2D SPACE',''
  ) );
#13477 = PCURVE('',#13478,#13483);
#13478 = PLANE('',#13479);
#13479 = AXIS2_PLACEMENT_3D('',#13480,#13481,#13482);
#13480 = CARTESIAN_POINT('',(61.15,4.8,16.));
#13481 = DIRECTION('',(0.,1.,0.));
#13482 = DIRECTION('',(1.,0.,-0.));
#13483 = DEFINITIONAL_REPRESENTATION('',(#13484),#13488);
#13484 = CIRCLE('',#13485,0.85);
#13485 = AXIS2_PLACEMENT_2D('',#13486,#13487);
#13486 = CARTESIAN_POINT('',(0.,0.));
#13487 = DIRECTION('',(1.,0.));
#13488 = ( GEOMETRIC_REPRESENTATION_CONTEXT(2) 
PARAMETRIC_REPRESENTATION_CONTEXT() REPRESENTATION_CONTEXT('2D SPACE',''
  ) );
#13489 = ORIENTED_EDGE('',*,*,#13440,.T.);
#13490 = ADVANCED_FACE('',(#13491),#13478,.T.);
#13491 = FACE_BOUND('',#13492,.F.);
#13492 = EDGE_LOOP('',(#13493));
#13493 = ORIENTED_EDGE('',*,*,#13463,.F.);
#13494 = ADVANCED_FACE('',(#13495),#1741,.F.);
#13495 = FACE_BOUND('',#13496,.F.);
#13496 = EDGE_LOOP('',(#13497,#13498,#13521,#13549));
#13497 = ORIENTED_EDGE('',*,*,#1726,.F.);
#13498 = ORIENTED_EDGE('',*,*,#13499,.T.);
#13499 = EDGE_CURVE('',#1701,#13500,#13502,.T.);
#13500 = VERTEX_POINT('',#13501);
#13501 = CARTESIAN_POINT('',(163.,8.5,46.));
#13502 = SURFACE_CURVE('',#13503,(#13507,#13514),.PCURVE_S1.);
#13503 = LINE('',#13504,#13505);
#13504 = CARTESIAN_POINT('',(163.,4.1,46.));
#13505 = VECTOR('',#13506,1.);
#13506 = DIRECTION('',(-0.,1.,0.));
#13507 = PCURVE('',#1741,#13508);
#13508 = DEFINITIONAL_REPRESENTATION('',(#13509),#13513);
#13509 = LINE('',#13510,#13511);
#13510 = CARTESIAN_POINT('',(0.,0.));
#13511 = VECTOR('',#13512,1.);
#13512 = DIRECTION('',(0.,-1.));
#13513 = ( GEOMETRIC_REPRESENTATION_CONTEXT(2) 
PARAMETRIC_REPRESENTATION_CONTEXT() REPRESENTATION_CONTEXT('2D SPACE',''
  ) );
#13514 = PCURVE('',#1715,#13515);
#13515 = DEFINITIONAL_REPRESENTATION('',(#13516),#13520);
#13516 = LINE('',#13517,#13518);
#13517 = CARTESIAN_POINT('',(0.,0.));
#13518 = VECTOR('',#13519,1.);
#13519 = DIRECTION('',(0.,1.));
#13520 = ( GEOMETRIC_REPRESENTATION_CONTEXT(2) 
PARAMETRIC_REPRESENTATION_CONTEXT() REPRESENTATION_CONTEXT('2D SPACE',''
  ) );
#13521 = ORIENTED_EDGE('',*,*,#13522,.T.);
#13522 = EDGE_CURVE('',#13500,#13523,#13525,.T.);
#13523 = VERTEX_POINT('',#13524);
#13524 = CARTESIAN_POINT('',(163.,8.5,47.291900756452));
#13525 = SURFACE_CURVE('',#13526,(#13530,#13537),.PCURVE_S1.);
#13526 = LINE('',#13527,#13528);
#13527 = CARTESIAN_POINT('',(163.,8.5,46.));
#13528 = VECTOR('',#13529,1.);
#13529 = DIRECTION('',(0.,0.,1.));
#13530 = PCURVE('',#1741,#13531);
#13531 = DEFINITIONAL_REPRESENTATION('',(#13532),#13536);
#13532 = LINE('',#13533,#13534);
#13533 = CARTESIAN_POINT('',(0.,-4.4));
#13534 = VECTOR('',#13535,1.);
#13535 = DIRECTION('',(1.,0.));
#13536 = ( GEOMETRIC_REPRESENTATION_CONTEXT(2) 
PARAMETRIC_REPRESENTATION_CONTEXT() REPRESENTATION_CONTEXT('2D SPACE',''
  ) );
#13537 = PCURVE('',#13538,#13543);
#13538 = PLANE('',#13539);
#13539 = AXIS2_PLACEMENT_3D('',#13540,#13541,#13542);
#13540 = CARTESIAN_POINT('',(164.5,8.5,51.));
#13541 = DIRECTION('',(0.,1.,0.));
#13542 = DIRECTION('',(1.,0.,-0.));
#13543 = DEFINITIONAL_REPRESENTATION('',(#13544),#13548);
#13544 = LINE('',#13545,#13546);
#13545 = CARTESIAN_POINT('',(-1.5,5.));
#13546 = VECTOR('',#13547,1.);
#13547 = DIRECTION('',(0.,-1.));
#13548 = ( GEOMETRIC_REPRESENTATION_CONTEXT(2) 
PARAMETRIC_REPRESENTATION_CONTEXT() REPRESENTATION_CONTEXT('2D SPACE',''
  ) );
#13549 = ORIENTED_EDGE('',*,*,#13550,.F.);
#13550 = EDGE_CURVE('',#1727,#13523,#13551,.T.);
#13551 = SURFACE_CURVE('',#13552,(#13556,#13562),.PCURVE_S1.);
#13552 = LINE('',#13553,#13554);
#13553 = CARTESIAN_POINT('',(163.,4.1,47.291900756452));
#13554 = VECTOR('',#13555,1.);
#13555 = DIRECTION('',(0.,1.,0.));
#13556 = PCURVE('',#1741,#13557);
#13557 = DEFINITIONAL_REPRESENTATION('',(#13558),#13561);
#13558 = B_SPLINE_CURVE_WITH_KNOTS('',1,(#13559,#13560),.UNSPECIFIED.,
  .F.,.F.,(2,2),(-2.399999999625E-06,4.4000024),
  .PIECEWISE_BEZIER_KNOTS.);
#13559 = CARTESIAN_POINT('',(1.291900756452,2.399999999625E-06));
#13560 = CARTESIAN_POINT('',(1.291900756452,-4.4000024));
#13561 = ( GEOMETRIC_REPRESENTATION_CONTEXT(2) 
PARAMETRIC_REPRESENTATION_CONTEXT() REPRESENTATION_CONTEXT('2D SPACE',''
  ) );
#13562 = PCURVE('',#1663,#13563);
#13563 = DEFINITIONAL_REPRESENTATION('',(#13564),#13567);
#13564 = B_SPLINE_CURVE_WITH_KNOTS('',1,(#13565,#13566),.UNSPECIFIED.,
  .F.,.F.,(2,2),(0.5,4.4),.PIECEWISE_BEZIER_KNOTS.);
#13565 = CARTESIAN_POINT('',(1.955193101291,0.5));
#13566 = CARTESIAN_POINT('',(1.955193101291,4.4));
#13567 = ( GEOMETRIC_REPRESENTATION_CONTEXT(2) 
PARAMETRIC_REPRESENTATION_CONTEXT() REPRESENTATION_CONTEXT('2D SPACE',''
  ) );
#13568 = ADVANCED_FACE('',(#13569,#13644),#13538,.T.);
#13569 = FACE_BOUND('',#13570,.T.);
#13570 = EDGE_LOOP('',(#13571,#13599,#13622,#13643));
#13571 = ORIENTED_EDGE('',*,*,#13572,.F.);
#13572 = EDGE_CURVE('',#13573,#13523,#13575,.T.);
#13573 = VERTEX_POINT('',#13574);
#13574 = CARTESIAN_POINT('',(166.,8.5,47.291900756452));
#13575 = SURFACE_CURVE('',#13576,(#13581,#13592),.PCURVE_S1.);
#13576 = CIRCLE('',#13577,4.);
#13577 = AXIS2_PLACEMENT_3D('',#13578,#13579,#13580);
#13578 = CARTESIAN_POINT('',(164.5,8.5,51.));
#13579 = DIRECTION('',(0.,-1.,0.));
#13580 = DIRECTION('',(0.375,0.,-0.927024810887));
#13581 = PCURVE('',#13538,#13582);
#13582 = DEFINITIONAL_REPRESENTATION('',(#13583),#13591);
#13583 = ( BOUNDED_CURVE() B_SPLINE_CURVE(2,(#13584,#13585,#13586,#13587
    ,#13588,#13589,#13590),.UNSPECIFIED.,.T.,.F.) 
B_SPLINE_CURVE_WITH_KNOTS((1,2,2,2,2,1),(-2.094395102393,0.,
    2.094395102393,4.188790204786,6.28318530718,8.377580409573),
.UNSPECIFIED.) CURVE() GEOMETRIC_REPRESENTATION_ITEM() 
RATIONAL_B_SPLINE_CURVE((1.,0.5,1.,0.5,1.,0.5,1.)) REPRESENTATION_ITEM(
  '') );
#13584 = CARTESIAN_POINT('',(1.5,3.708099243548));
#13585 = CARTESIAN_POINT('',(7.922616289333,1.110023032195));
#13586 = CARTESIAN_POINT('',(2.461308144666,-3.153087727451));
#13587 = CARTESIAN_POINT('',(-3.,-7.416198487096));
#13588 = CARTESIAN_POINT('',(-3.961308144666,-0.555011516097));
#13589 = CARTESIAN_POINT('',(-4.922616289333,6.306175454901));
#13590 = CARTESIAN_POINT('',(1.5,3.708099243548));
#13591 = ( GEOMETRIC_REPRESENTATION_CONTEXT(2) 
PARAMETRIC_REPRESENTATION_CONTEXT() REPRESENTATION_CONTEXT('2D SPACE',''
  ) );
#13592 = PCURVE('',#1663,#13593);
#13593 = DEFINITIONAL_REPRESENTATION('',(#13594),#13598);
#13594 = LINE('',#13595,#13596);
#13595 = CARTESIAN_POINT('',(7.469584859479,4.4));
#13596 = VECTOR('',#13597,1.);
#13597 = DIRECTION('',(-1.,-0.));
#13598 = ( GEOMETRIC_REPRESENTATION_CONTEXT(2) 
PARAMETRIC_REPRESENTATION_CONTEXT() REPRESENTATION_CONTEXT('2D SPACE',''
  ) );
#13599 = ORIENTED_EDGE('',*,*,#13600,.F.);
#13600 = EDGE_CURVE('',#13601,#13573,#13603,.T.);
#13601 = VERTEX_POINT('',#13602);
#13602 = CARTESIAN_POINT('',(166.,8.5,46.));
#13603 = SURFACE_CURVE('',#13604,(#13608,#13615),.PCURVE_S1.);
#13604 = LINE('',#13605,#13606);
#13605 = CARTESIAN_POINT('',(166.,8.5,46.));
#13606 = VECTOR('',#13607,1.);
#13607 = DIRECTION('',(0.,0.,1.));
#13608 = PCURVE('',#13538,#13609);
#13609 = DEFINITIONAL_REPRESENTATION('',(#13610),#13614);
#13610 = LINE('',#13611,#13612);
#13611 = CARTESIAN_POINT('',(1.5,5.));
#13612 = VECTOR('',#13613,1.);
#13613 = DIRECTION('',(0.,-1.));
#13614 = ( GEOMETRIC_REPRESENTATION_CONTEXT(2) 
PARAMETRIC_REPRESENTATION_CONTEXT() REPRESENTATION_CONTEXT('2D SPACE',''
  ) );
#13615 = PCURVE('',#1689,#13616);
#13616 = DEFINITIONAL_REPRESENTATION('',(#13617),#13621);
#13617 = LINE('',#13618,#13619);
#13618 = CARTESIAN_POINT('',(0.,-4.4));
#13619 = VECTOR('',#13620,1.);
#13620 = DIRECTION('',(1.,0.));
#13621 = ( GEOMETRIC_REPRESENTATION_CONTEXT(2) 
PARAMETRIC_REPRESENTATION_CONTEXT() REPRESENTATION_CONTEXT('2D SPACE',''
  ) );
#13622 = ORIENTED_EDGE('',*,*,#13623,.F.);
#13623 = EDGE_CURVE('',#13500,#13601,#13624,.T.);
#13624 = SURFACE_CURVE('',#13625,(#13629,#13636),.PCURVE_S1.);
#13625 = LINE('',#13626,#13627);
#13626 = CARTESIAN_POINT('',(163.,8.5,46.));
#13627 = VECTOR('',#13628,1.);
#13628 = DIRECTION('',(1.,0.,-0.));
#13629 = PCURVE('',#13538,#13630);
#13630 = DEFINITIONAL_REPRESENTATION('',(#13631),#13635);
#13631 = LINE('',#13632,#13633);
#13632 = CARTESIAN_POINT('',(-1.5,5.));
#13633 = VECTOR('',#13634,1.);
#13634 = DIRECTION('',(1.,0.));
#13635 = ( GEOMETRIC_REPRESENTATION_CONTEXT(2) 
PARAMETRIC_REPRESENTATION_CONTEXT() REPRESENTATION_CONTEXT('2D SPACE',''
  ) );
#13636 = PCURVE('',#1715,#13637);
#13637 = DEFINITIONAL_REPRESENTATION('',(#13638),#13642);
#13638 = LINE('',#13639,#13640);
#13639 = CARTESIAN_POINT('',(0.,4.4));
#13640 = VECTOR('',#13641,1.);
#13641 = DIRECTION('',(1.,0.));
#13642 = ( GEOMETRIC_REPRESENTATION_CONTEXT(2) 
PARAMETRIC_REPRESENTATION_CONTEXT() REPRESENTATION_CONTEXT('2D SPACE',''
  ) );
#13643 = ORIENTED_EDGE('',*,*,#13522,.T.);
#13644 = FACE_BOUND('',#13645,.T.);
#13645 = EDGE_LOOP('',(#13646));
#13646 = ORIENTED_EDGE('',*,*,#13647,.F.);
#13647 = EDGE_CURVE('',#13648,#13648,#13650,.T.);
#13648 = VERTEX_POINT('',#13649);
#13649 = CARTESIAN_POINT('',(166.6,8.5,51.));
#13650 = SURFACE_CURVE('',#13651,(#13656,#13663),.PCURVE_S1.);
#13651 = CIRCLE('',#13652,2.1);
#13652 = AXIS2_PLACEMENT_3D('',#13653,#13654,#13655);
#13653 = CARTESIAN_POINT('',(164.5,8.5,51.));
#13654 = DIRECTION('',(0.,1.,0.));
#13655 = DIRECTION('',(1.,0.,-0.));
#13656 = PCURVE('',#13538,#13657);
#13657 = DEFINITIONAL_REPRESENTATION('',(#13658),#13662);
#13658 = CIRCLE('',#13659,2.1);
#13659 = AXIS2_PLACEMENT_2D('',#13660,#13661);
#13660 = CARTESIAN_POINT('',(0.,0.));
#13661 = DIRECTION('',(1.,0.));
#13662 = ( GEOMETRIC_REPRESENTATION_CONTEXT(2) 
PARAMETRIC_REPRESENTATION_CONTEXT() REPRESENTATION_CONTEXT('2D SPACE',''
  ) );
#13663 = PCURVE('',#13664,#13669);
#13664 = CYLINDRICAL_SURFACE('',#13665,2.1);
#13665 = AXIS2_PLACEMENT_3D('',#13666,#13667,#13668);
#13666 = CARTESIAN_POINT('',(164.5,3.5,51.));
#13667 = DIRECTION('',(0.,1.,0.));
#13668 = DIRECTION('',(1.,0.,-0.));
#13669 = DEFINITIONAL_REPRESENTATION('',(#13670),#13674);
#13670 = LINE('',#13671,#13672);
#13671 = CARTESIAN_POINT('',(0.,5.));
#13672 = VECTOR('',#13673,1.);
#13673 = DIRECTION('',(1.,0.));
#13674 = ( GEOMETRIC_REPRESENTATION_CONTEXT(2) 
PARAMETRIC_REPRESENTATION_CONTEXT() REPRESENTATION_CONTEXT('2D SPACE',''
  ) );
#13675 = ADVANCED_FACE('',(#13676),#13664,.F.);
#13676 = FACE_BOUND('',#13677,.F.);
#13677 = EDGE_LOOP('',(#13678,#13679,#13702,#13725,#13754,#13775,#13802)
  );
#13678 = ORIENTED_EDGE('',*,*,#13647,.F.);
#13679 = ORIENTED_EDGE('',*,*,#13680,.F.);
#13680 = EDGE_CURVE('',#13681,#13648,#13683,.T.);
#13681 = VERTEX_POINT('',#13682);
#13682 = CARTESIAN_POINT('',(166.6,4.1,51.));
#13683 = SEAM_CURVE('',#13684,(#13688,#13695),.PCURVE_S1.);
#13684 = LINE('',#13685,#13686);
#13685 = CARTESIAN_POINT('',(166.6,3.5,51.));
#13686 = VECTOR('',#13687,1.);
#13687 = DIRECTION('',(0.,1.,0.));
#13688 = PCURVE('',#13664,#13689);
#13689 = DEFINITIONAL_REPRESENTATION('',(#13690),#13694);
#13690 = LINE('',#13691,#13692);
#13691 = CARTESIAN_POINT('',(6.28318530718,-0.));
#13692 = VECTOR('',#13693,1.);
#13693 = DIRECTION('',(0.,1.));
#13694 = ( GEOMETRIC_REPRESENTATION_CONTEXT(2) 
PARAMETRIC_REPRESENTATION_CONTEXT() REPRESENTATION_CONTEXT('2D SPACE',''
  ) );
#13695 = PCURVE('',#13664,#13696);
#13696 = DEFINITIONAL_REPRESENTATION('',(#13697),#13701);
#13697 = LINE('',#13698,#13699);
#13698 = CARTESIAN_POINT('',(0.,-0.));
#13699 = VECTOR('',#13700,1.);
#13700 = DIRECTION('',(0.,1.));
#13701 = ( GEOMETRIC_REPRESENTATION_CONTEXT(2) 
PARAMETRIC_REPRESENTATION_CONTEXT() REPRESENTATION_CONTEXT('2D SPACE',''
  ) );
#13702 = ORIENTED_EDGE('',*,*,#13703,.F.);
#13703 = EDGE_CURVE('',#13704,#13681,#13706,.T.);
#13704 = VERTEX_POINT('',#13705);
#13705 = CARTESIAN_POINT('',(166.6,3.5,51.));
#13706 = SURFACE_CURVE('',#13707,(#13711,#13718),.PCURVE_S1.);
#13707 = LINE('',#13708,#13709);
#13708 = CARTESIAN_POINT('',(166.6,3.5,51.));
#13709 = VECTOR('',#13710,1.);
#13710 = DIRECTION('',(0.,1.,0.));
#13711 = PCURVE('',#13664,#13712);
#13712 = DEFINITIONAL_REPRESENTATION('',(#13713),#13717);
#13713 = LINE('',#13714,#13715);
#13714 = CARTESIAN_POINT('',(0.,-0.));
#13715 = VECTOR('',#13716,1.);
#13716 = DIRECTION('',(0.,1.));
#13717 = ( GEOMETRIC_REPRESENTATION_CONTEXT(2) 
PARAMETRIC_REPRESENTATION_CONTEXT() REPRESENTATION_CONTEXT('2D SPACE',''
  ) );
#13718 = PCURVE('',#1631,#13719);
#13719 = DEFINITIONAL_REPRESENTATION('',(#13720),#13724);
#13720 = LINE('',#13721,#13722);
#13721 = CARTESIAN_POINT('',(161.6,4.5));
#13722 = VECTOR('',#13723,1.);
#13723 = DIRECTION('',(0.,1.));
#13724 = ( GEOMETRIC_REPRESENTATION_CONTEXT(2) 
PARAMETRIC_REPRESENTATION_CONTEXT() REPRESENTATION_CONTEXT('2D SPACE',''
  ) );
#13725 = ORIENTED_EDGE('',*,*,#13726,.T.);
#13726 = EDGE_CURVE('',#13704,#13727,#13729,.T.);
#13727 = VERTEX_POINT('',#13728);
#13728 = CARTESIAN_POINT('',(162.4,3.5,51.));
#13729 = SURFACE_CURVE('',#13730,(#13735,#13742),.PCURVE_S1.);
#13730 = CIRCLE('',#13731,2.1);
#13731 = AXIS2_PLACEMENT_3D('',#13732,#13733,#13734);
#13732 = CARTESIAN_POINT('',(164.5,3.5,51.));
#13733 = DIRECTION('',(0.,1.,0.));
#13734 = DIRECTION('',(1.,0.,-0.));
#13735 = PCURVE('',#13664,#13736);
#13736 = DEFINITIONAL_REPRESENTATION('',(#13737),#13741);
#13737 = LINE('',#13738,#13739);
#13738 = CARTESIAN_POINT('',(0.,0.));
#13739 = VECTOR('',#13740,1.);
#13740 = DIRECTION('',(1.,0.));
#13741 = ( GEOMETRIC_REPRESENTATION_CONTEXT(2) 
PARAMETRIC_REPRESENTATION_CONTEXT() REPRESENTATION_CONTEXT('2D SPACE',''
  ) );
#13742 = PCURVE('',#13743,#13748);
#13743 = PLANE('',#13744);
#13744 = AXIS2_PLACEMENT_3D('',#13745,#13746,#13747);
#13745 = CARTESIAN_POINT('',(164.5,3.5,51.));
#13746 = DIRECTION('',(0.,1.,0.));
#13747 = DIRECTION('',(1.,0.,-0.));
#13748 = DEFINITIONAL_REPRESENTATION('',(#13749),#13753);
#13749 = CIRCLE('',#13750,2.1);
#13750 = AXIS2_PLACEMENT_2D('',#13751,#13752);
#13751 = CARTESIAN_POINT('',(0.,0.));
#13752 = DIRECTION('',(1.,0.));
#13753 = ( GEOMETRIC_REPRESENTATION_CONTEXT(2) 
PARAMETRIC_REPRESENTATION_CONTEXT() REPRESENTATION_CONTEXT('2D SPACE',''
  ) );
#13754 = ORIENTED_EDGE('',*,*,#13755,.T.);
#13755 = EDGE_CURVE('',#13727,#13756,#13758,.T.);
#13756 = VERTEX_POINT('',#13757);
#13757 = CARTESIAN_POINT('',(162.39999999999,4.1,51.));
#13758 = SURFACE_CURVE('',#13759,(#13763,#13769),.PCURVE_S1.);
#13759 = LINE('',#13760,#13761);
#13760 = CARTESIAN_POINT('',(162.4,3.5,51.));
#13761 = VECTOR('',#13762,1.);
#13762 = DIRECTION('',(0.,1.,0.));
#13763 = PCURVE('',#13664,#13764);
#13764 = DEFINITIONAL_REPRESENTATION('',(#13765),#13768);
#13765 = B_SPLINE_CURVE_WITH_KNOTS('',1,(#13766,#13767),.UNSPECIFIED.,
  .F.,.F.,(2,2),(-5.999999999062E-07,1.26),.PIECEWISE_BEZIER_KNOTS.);
#13766 = CARTESIAN_POINT('',(3.14159265359,-5.999999999062E-07));
#13767 = CARTESIAN_POINT('',(3.14159265359,1.26));
#13768 = ( GEOMETRIC_REPRESENTATION_CONTEXT(2) 
PARAMETRIC_REPRESENTATION_CONTEXT() REPRESENTATION_CONTEXT('2D SPACE',''
  ) );
#13769 = PCURVE('',#1631,#13770);
#13770 = DEFINITIONAL_REPRESENTATION('',(#13771),#13774);
#13771 = B_SPLINE_CURVE_WITH_KNOTS('',1,(#13772,#13773),.UNSPECIFIED.,
  .F.,.F.,(2,2),(-5.999999999062E-07,1.26),.PIECEWISE_BEZIER_KNOTS.);
#13772 = CARTESIAN_POINT('',(157.4,4.4999994));
#13773 = CARTESIAN_POINT('',(157.4,5.76));
#13774 = ( GEOMETRIC_REPRESENTATION_CONTEXT(2) 
PARAMETRIC_REPRESENTATION_CONTEXT() REPRESENTATION_CONTEXT('2D SPACE',''
  ) );
#13775 = ORIENTED_EDGE('',*,*,#13776,.T.);
#13776 = EDGE_CURVE('',#13756,#13681,#13777,.T.);
#13777 = SURFACE_CURVE('',#13778,(#13783,#13790),.PCURVE_S1.);
#13778 = CIRCLE('',#13779,2.1);
#13779 = AXIS2_PLACEMENT_3D('',#13780,#13781,#13782);
#13780 = CARTESIAN_POINT('',(164.5,4.1,51.));
#13781 = DIRECTION('',(0.,1.,0.));
#13782 = DIRECTION('',(1.,0.,-0.));
#13783 = PCURVE('',#13664,#13784);
#13784 = DEFINITIONAL_REPRESENTATION('',(#13785),#13789);
#13785 = LINE('',#13786,#13787);
#13786 = CARTESIAN_POINT('',(0.,0.6));
#13787 = VECTOR('',#13788,1.);
#13788 = DIRECTION('',(1.,0.));
#13789 = ( GEOMETRIC_REPRESENTATION_CONTEXT(2) 
PARAMETRIC_REPRESENTATION_CONTEXT() REPRESENTATION_CONTEXT('2D SPACE',''
  ) );
#13790 = PCURVE('',#13791,#13796);
#13791 = PLANE('',#13792);
#13792 = AXIS2_PLACEMENT_3D('',#13793,#13794,#13795);
#13793 = CARTESIAN_POINT('',(164.5,4.1,51.));
#13794 = DIRECTION('',(0.,1.,0.));
#13795 = DIRECTION('',(1.,0.,-0.));
#13796 = DEFINITIONAL_REPRESENTATION('',(#13797),#13801);
#13797 = CIRCLE('',#13798,2.1);
#13798 = AXIS2_PLACEMENT_2D('',#13799,#13800);
#13799 = CARTESIAN_POINT('',(0.,0.));
#13800 = DIRECTION('',(1.,0.));
#13801 = ( GEOMETRIC_REPRESENTATION_CONTEXT(2) 
PARAMETRIC_REPRESENTATION_CONTEXT() REPRESENTATION_CONTEXT('2D SPACE',''
  ) );
#13802 = ORIENTED_EDGE('',*,*,#13680,.T.);
#13803 = ADVANCED_FACE('',(#13804),#13743,.T.);
#13804 = FACE_BOUND('',#13805,.T.);
#13805 = EDGE_LOOP('',(#13806,#13825));
#13806 = ORIENTED_EDGE('',*,*,#13807,.F.);
#13807 = EDGE_CURVE('',#13704,#13727,#13808,.T.);
#13808 = SURFACE_CURVE('',#13809,(#13813,#13819),.PCURVE_S1.);
#13809 = LINE('',#13810,#13811);
#13810 = CARTESIAN_POINT('',(84.75,3.5,51.));
#13811 = VECTOR('',#13812,1.);
#13812 = DIRECTION('',(-1.,0.,0.));
#13813 = PCURVE('',#13743,#13814);
#13814 = DEFINITIONAL_REPRESENTATION('',(#13815),#13818);
#13815 = B_SPLINE_CURVE_WITH_KNOTS('',1,(#13816,#13817),.UNSPECIFIED.,
  .F.,.F.,(2,2),(-81.85,-77.65),.PIECEWISE_BEZIER_KNOTS.);
#13816 = CARTESIAN_POINT('',(2.1,0.));
#13817 = CARTESIAN_POINT('',(-2.1,0.));
#13818 = ( GEOMETRIC_REPRESENTATION_CONTEXT(2) 
PARAMETRIC_REPRESENTATION_CONTEXT() REPRESENTATION_CONTEXT('2D SPACE',''
  ) );
#13819 = PCURVE('',#1631,#13820);
#13820 = DEFINITIONAL_REPRESENTATION('',(#13821),#13824);
#13821 = B_SPLINE_CURVE_WITH_KNOTS('',1,(#13822,#13823),.UNSPECIFIED.,
  .F.,.F.,(2,2),(-81.85,-77.65),.PIECEWISE_BEZIER_KNOTS.);
#13822 = CARTESIAN_POINT('',(161.6,4.5));
#13823 = CARTESIAN_POINT('',(157.4,4.5));
#13824 = ( GEOMETRIC_REPRESENTATION_CONTEXT(2) 
PARAMETRIC_REPRESENTATION_CONTEXT() REPRESENTATION_CONTEXT('2D SPACE',''
  ) );
#13825 = ORIENTED_EDGE('',*,*,#13726,.T.);
#13826 = ADVANCED_FACE('',(#13827),#13791,.F.);
#13827 = FACE_BOUND('',#13828,.F.);
#13828 = EDGE_LOOP('',(#13829,#13852,#13875,#13896));
#13829 = ORIENTED_EDGE('',*,*,#13830,.T.);
#13830 = EDGE_CURVE('',#13756,#13831,#13833,.T.);
#13831 = VERTEX_POINT('',#13832);
#13832 = CARTESIAN_POINT('',(160.5,4.1,51.));
#13833 = SURFACE_CURVE('',#13834,(#13838,#13845),.PCURVE_S1.);
#13834 = LINE('',#13835,#13836);
#13835 = CARTESIAN_POINT('',(168.5,4.1,51.));
#13836 = VECTOR('',#13837,1.);
#13837 = DIRECTION('',(-1.,0.,0.));
#13838 = PCURVE('',#13791,#13839);
#13839 = DEFINITIONAL_REPRESENTATION('',(#13840),#13844);
#13840 = LINE('',#13841,#13842);
#13841 = CARTESIAN_POINT('',(4.,0.));
#13842 = VECTOR('',#13843,1.);
#13843 = DIRECTION('',(-1.,0.));
#13844 = ( GEOMETRIC_REPRESENTATION_CONTEXT(2) 
PARAMETRIC_REPRESENTATION_CONTEXT() REPRESENTATION_CONTEXT('2D SPACE',''
  ) );
#13845 = PCURVE('',#1631,#13846);
#13846 = DEFINITIONAL_REPRESENTATION('',(#13847),#13851);
#13847 = LINE('',#13848,#13849);
#13848 = CARTESIAN_POINT('',(163.5,5.1));
#13849 = VECTOR('',#13850,1.);
#13850 = DIRECTION('',(-1.,0.));
#13851 = ( GEOMETRIC_REPRESENTATION_CONTEXT(2) 
PARAMETRIC_REPRESENTATION_CONTEXT() REPRESENTATION_CONTEXT('2D SPACE',''
  ) );
#13852 = ORIENTED_EDGE('',*,*,#13853,.T.);
#13853 = EDGE_CURVE('',#13831,#13854,#13856,.T.);
#13854 = VERTEX_POINT('',#13855);
#13855 = CARTESIAN_POINT('',(168.5,4.1,51.));
#13856 = SURFACE_CURVE('',#13857,(#13862,#13869),.PCURVE_S1.);
#13857 = CIRCLE('',#13858,4.);
#13858 = AXIS2_PLACEMENT_3D('',#13859,#13860,#13861);
#13859 = CARTESIAN_POINT('',(164.5,4.1,51.));
#13860 = DIRECTION('',(0.,1.,0.));
#13861 = DIRECTION('',(1.,0.,-0.));
#13862 = PCURVE('',#13791,#13863);
#13863 = DEFINITIONAL_REPRESENTATION('',(#13864),#13868);
#13864 = CIRCLE('',#13865,4.);
#13865 = AXIS2_PLACEMENT_2D('',#13866,#13867);
#13866 = CARTESIAN_POINT('',(0.,0.));
#13867 = DIRECTION('',(1.,0.));
#13868 = ( GEOMETRIC_REPRESENTATION_CONTEXT(2) 
PARAMETRIC_REPRESENTATION_CONTEXT() REPRESENTATION_CONTEXT('2D SPACE',''
  ) );
#13869 = PCURVE('',#1663,#13870);
#13870 = DEFINITIONAL_REPRESENTATION('',(#13871),#13874);
#13871 = B_SPLINE_CURVE_WITH_KNOTS('',1,(#13872,#13873),.UNSPECIFIED.,
  .F.,.F.,(2,2),(3.14159265359,6.28318530718),.PIECEWISE_BEZIER_KNOTS.);
#13872 = CARTESIAN_POINT('',(3.14159265359,0.));
#13873 = CARTESIAN_POINT('',(6.28318530718,0.));
#13874 = ( GEOMETRIC_REPRESENTATION_CONTEXT(2) 
PARAMETRIC_REPRESENTATION_CONTEXT() REPRESENTATION_CONTEXT('2D SPACE',''
  ) );
#13875 = ORIENTED_EDGE('',*,*,#13876,.T.);
#13876 = EDGE_CURVE('',#13854,#13681,#13877,.T.);
#13877 = SURFACE_CURVE('',#13878,(#13882,#13889),.PCURVE_S1.);
#13878 = LINE('',#13879,#13880);
#13879 = CARTESIAN_POINT('',(168.5,4.1,51.));
#13880 = VECTOR('',#13881,1.);
#13881 = DIRECTION('',(-1.,0.,0.));
#13882 = PCURVE('',#13791,#13883);
#13883 = DEFINITIONAL_REPRESENTATION('',(#13884),#13888);
#13884 = LINE('',#13885,#13886);
#13885 = CARTESIAN_POINT('',(4.,0.));
#13886 = VECTOR('',#13887,1.);
#13887 = DIRECTION('',(-1.,0.));
#13888 = ( GEOMETRIC_REPRESENTATION_CONTEXT(2) 
PARAMETRIC_REPRESENTATION_CONTEXT() REPRESENTATION_CONTEXT('2D SPACE',''
  ) );
#13889 = PCURVE('',#1631,#13890);
#13890 = DEFINITIONAL_REPRESENTATION('',(#13891),#13895);
#13891 = LINE('',#13892,#13893);
#13892 = CARTESIAN_POINT('',(163.5,5.1));
#13893 = VECTOR('',#13894,1.);
#13894 = DIRECTION('',(-1.,0.));
#13895 = ( GEOMETRIC_REPRESENTATION_CONTEXT(2) 
PARAMETRIC_REPRESENTATION_CONTEXT() REPRESENTATION_CONTEXT('2D SPACE',''
  ) );
#13896 = ORIENTED_EDGE('',*,*,#13776,.F.);
#13897 = ADVANCED_FACE('',(#13898),#1715,.F.);
#13898 = FACE_BOUND('',#13899,.F.);
#13899 = EDGE_LOOP('',(#13900,#13901,#13902,#13923));
#13900 = ORIENTED_EDGE('',*,*,#13499,.F.);
#13901 = ORIENTED_EDGE('',*,*,#1700,.F.);
#13902 = ORIENTED_EDGE('',*,*,#13903,.T.);
#13903 = EDGE_CURVE('',#1675,#13601,#13904,.T.);
#13904 = SURFACE_CURVE('',#13905,(#13909,#13916),.PCURVE_S1.);
#13905 = LINE('',#13906,#13907);
#13906 = CARTESIAN_POINT('',(166.,4.1,46.));
#13907 = VECTOR('',#13908,1.);
#13908 = DIRECTION('',(-0.,1.,0.));
#13909 = PCURVE('',#1715,#13910);
#13910 = DEFINITIONAL_REPRESENTATION('',(#13911),#13915);
#13911 = LINE('',#13912,#13913);
#13912 = CARTESIAN_POINT('',(3.,0.));
#13913 = VECTOR('',#13914,1.);
#13914 = DIRECTION('',(0.,1.));
#13915 = ( GEOMETRIC_REPRESENTATION_CONTEXT(2) 
PARAMETRIC_REPRESENTATION_CONTEXT() REPRESENTATION_CONTEXT('2D SPACE',''
  ) );
#13916 = PCURVE('',#1689,#13917);
#13917 = DEFINITIONAL_REPRESENTATION('',(#13918),#13922);
#13918 = LINE('',#13919,#13920);
#13919 = CARTESIAN_POINT('',(0.,0.));
#13920 = VECTOR('',#13921,1.);
#13921 = DIRECTION('',(0.,-1.));
#13922 = ( GEOMETRIC_REPRESENTATION_CONTEXT(2) 
PARAMETRIC_REPRESENTATION_CONTEXT() REPRESENTATION_CONTEXT('2D SPACE',''
  ) );
#13923 = ORIENTED_EDGE('',*,*,#13623,.F.);
#13924 = ADVANCED_FACE('',(#13925),#1689,.T.);
#13925 = FACE_BOUND('',#13926,.T.);
#13926 = EDGE_LOOP('',(#13927,#13928,#13929,#13930));
#13927 = ORIENTED_EDGE('',*,*,#1674,.F.);
#13928 = ORIENTED_EDGE('',*,*,#13903,.T.);
#13929 = ORIENTED_EDGE('',*,*,#13600,.T.);
#13930 = ORIENTED_EDGE('',*,*,#13931,.F.);
#13931 = EDGE_CURVE('',#1643,#13573,#13932,.T.);
#13932 = SURFACE_CURVE('',#13933,(#13937,#13943),.PCURVE_S1.);
#13933 = LINE('',#13934,#13935);
#13934 = CARTESIAN_POINT('',(166.,4.1,47.291900756452));
#13935 = VECTOR('',#13936,1.);
#13936 = DIRECTION('',(0.,1.,0.));
#13937 = PCURVE('',#1689,#13938);
#13938 = DEFINITIONAL_REPRESENTATION('',(#13939),#13942);
#13939 = B_SPLINE_CURVE_WITH_KNOTS('',1,(#13940,#13941),.UNSPECIFIED.,
  .F.,.F.,(2,2),(-2.399999999625E-06,4.4000024),
  .PIECEWISE_BEZIER_KNOTS.);
#13940 = CARTESIAN_POINT('',(1.291900756452,2.399999999625E-06));
#13941 = CARTESIAN_POINT('',(1.291900756452,-4.4000024));
#13942 = ( GEOMETRIC_REPRESENTATION_CONTEXT(2) 
PARAMETRIC_REPRESENTATION_CONTEXT() REPRESENTATION_CONTEXT('2D SPACE',''
  ) );
#13943 = PCURVE('',#1663,#13944);
#13944 = DEFINITIONAL_REPRESENTATION('',(#13945),#13948);
#13945 = B_SPLINE_CURVE_WITH_KNOTS('',1,(#13946,#13947),.UNSPECIFIED.,
  .F.,.F.,(2,2),(0.5,4.4),.PIECEWISE_BEZIER_KNOTS.);
#13946 = CARTESIAN_POINT('',(7.469584859479,0.5));
#13947 = CARTESIAN_POINT('',(7.469584859479,4.4));
#13948 = ( GEOMETRIC_REPRESENTATION_CONTEXT(2) 
PARAMETRIC_REPRESENTATION_CONTEXT() REPRESENTATION_CONTEXT('2D SPACE',''
  ) );
#13949 = ADVANCED_FACE('',(#13950),#1663,.T.);
#13950 = FACE_BOUND('',#13951,.T.);
#13951 = EDGE_LOOP('',(#13952,#13972,#13973,#13974,#13975,#13976,#13977,
    #13996));
#13952 = ORIENTED_EDGE('',*,*,#13953,.T.);
#13953 = EDGE_CURVE('',#13854,#1617,#13954,.T.);
#13954 = SURFACE_CURVE('',#13955,(#13959,#13965),.PCURVE_S1.);
#13955 = LINE('',#13956,#13957);
#13956 = CARTESIAN_POINT('',(168.5,4.1,51.));
#13957 = VECTOR('',#13958,1.);
#13958 = DIRECTION('',(0.,1.,0.));
#13959 = PCURVE('',#1663,#13960);
#13960 = DEFINITIONAL_REPRESENTATION('',(#13961),#13964);
#13961 = B_SPLINE_CURVE_WITH_KNOTS('',1,(#13962,#13963),.UNSPECIFIED.,
  .F.,.F.,(2,2),(0.,0.5),.PIECEWISE_BEZIER_KNOTS.);
#13962 = CARTESIAN_POINT('',(6.28318530718,0.));
#13963 = CARTESIAN_POINT('',(6.28318530718,0.5));
#13964 = ( GEOMETRIC_REPRESENTATION_CONTEXT(2) 
PARAMETRIC_REPRESENTATION_CONTEXT() REPRESENTATION_CONTEXT('2D SPACE',''
  ) );
#13965 = PCURVE('',#1631,#13966);
#13966 = DEFINITIONAL_REPRESENTATION('',(#13967),#13971);
#13967 = LINE('',#13968,#13969);
#13968 = CARTESIAN_POINT('',(163.5,5.1));
#13969 = VECTOR('',#13970,1.);
#13970 = DIRECTION('',(0.,1.));
#13971 = ( GEOMETRIC_REPRESENTATION_CONTEXT(2) 
PARAMETRIC_REPRESENTATION_CONTEXT() REPRESENTATION_CONTEXT('2D SPACE',''
  ) );
#13972 = ORIENTED_EDGE('',*,*,#1642,.T.);
#13973 = ORIENTED_EDGE('',*,*,#13931,.T.);
#13974 = ORIENTED_EDGE('',*,*,#13572,.T.);
#13975 = ORIENTED_EDGE('',*,*,#13550,.F.);
#13976 = ORIENTED_EDGE('',*,*,#1752,.T.);
#13977 = ORIENTED_EDGE('',*,*,#13978,.F.);
#13978 = EDGE_CURVE('',#13831,#1753,#13979,.T.);
#13979 = SURFACE_CURVE('',#13980,(#13984,#13990),.PCURVE_S1.);
#13980 = LINE('',#13981,#13982);
#13981 = CARTESIAN_POINT('',(160.5,4.1,51.));
#13982 = VECTOR('',#13983,1.);
#13983 = DIRECTION('',(0.,1.,0.));
#13984 = PCURVE('',#1663,#13985);
#13985 = DEFINITIONAL_REPRESENTATION('',(#13986),#13989);
#13986 = B_SPLINE_CURVE_WITH_KNOTS('',1,(#13987,#13988),.UNSPECIFIED.,
  .F.,.F.,(2,2),(0.,0.5),.PIECEWISE_BEZIER_KNOTS.);
#13987 = CARTESIAN_POINT('',(3.14159265359,0.));
#13988 = CARTESIAN_POINT('',(3.14159265359,0.5));
#13989 = ( GEOMETRIC_REPRESENTATION_CONTEXT(2) 
PARAMETRIC_REPRESENTATION_CONTEXT() REPRESENTATION_CONTEXT('2D SPACE',''
  ) );
#13990 = PCURVE('',#1631,#13991);
#13991 = DEFINITIONAL_REPRESENTATION('',(#13992),#13995);
#13992 = B_SPLINE_CURVE_WITH_KNOTS('',1,(#13993,#13994),.UNSPECIFIED.,
  .F.,.F.,(2,2),(-2.399999999625E-06,0.66),.PIECEWISE_BEZIER_KNOTS.);
#13993 = CARTESIAN_POINT('',(155.5,5.0999976));
#13994 = CARTESIAN_POINT('',(155.5,5.76));
#13995 = ( GEOMETRIC_REPRESENTATION_CONTEXT(2) 
PARAMETRIC_REPRESENTATION_CONTEXT() REPRESENTATION_CONTEXT('2D SPACE',''
  ) );
#13996 = ORIENTED_EDGE('',*,*,#13853,.T.);
#13997 = ADVANCED_FACE('',(#13998),#1847,.T.);
#13998 = FACE_BOUND('',#13999,.T.);
#13999 = EDGE_LOOP('',(#14000,#14001,#14024,#14052));
#14000 = ORIENTED_EDGE('',*,*,#1832,.F.);
#14001 = ORIENTED_EDGE('',*,*,#14002,.T.);
#14002 = EDGE_CURVE('',#1833,#14003,#14005,.T.);
#14003 = VERTEX_POINT('',#14004);
#14004 = CARTESIAN_POINT('',(17.,8.5,46.));
#14005 = SURFACE_CURVE('',#14006,(#14010,#14017),.PCURVE_S1.);
#14006 = LINE('',#14007,#14008);
#14007 = CARTESIAN_POINT('',(17.,4.1,46.));
#14008 = VECTOR('',#14009,1.);
#14009 = DIRECTION('',(-0.,1.,0.));
#14010 = PCURVE('',#1847,#14011);
#14011 = DEFINITIONAL_REPRESENTATION('',(#14012),#14016);
#14012 = LINE('',#14013,#14014);
#14013 = CARTESIAN_POINT('',(0.,0.));
#14014 = VECTOR('',#14015,1.);
#14015 = DIRECTION('',(0.,-1.));
#14016 = ( GEOMETRIC_REPRESENTATION_CONTEXT(2) 
PARAMETRIC_REPRESENTATION_CONTEXT() REPRESENTATION_CONTEXT('2D SPACE',''
  ) );
#14017 = PCURVE('',#1873,#14018);
#14018 = DEFINITIONAL_REPRESENTATION('',(#14019),#14023);
#14019 = LINE('',#14020,#14021);
#14020 = CARTESIAN_POINT('',(3.,0.));
#14021 = VECTOR('',#14022,1.);
#14022 = DIRECTION('',(0.,1.));
#14023 = ( GEOMETRIC_REPRESENTATION_CONTEXT(2) 
PARAMETRIC_REPRESENTATION_CONTEXT() REPRESENTATION_CONTEXT('2D SPACE',''
  ) );
#14024 = ORIENTED_EDGE('',*,*,#14025,.T.);
#14025 = EDGE_CURVE('',#14003,#14026,#14028,.T.);
#14026 = VERTEX_POINT('',#14027);
#14027 = CARTESIAN_POINT('',(17.,8.5,47.291900756452));
#14028 = SURFACE_CURVE('',#14029,(#14033,#14040),.PCURVE_S1.);
#14029 = LINE('',#14030,#14031);
#14030 = CARTESIAN_POINT('',(17.,8.5,46.));
#14031 = VECTOR('',#14032,1.);
#14032 = DIRECTION('',(0.,0.,1.));
#14033 = PCURVE('',#1847,#14034);
#14034 = DEFINITIONAL_REPRESENTATION('',(#14035),#14039);
#14035 = LINE('',#14036,#14037);
#14036 = CARTESIAN_POINT('',(0.,-4.4));
#14037 = VECTOR('',#14038,1.);
#14038 = DIRECTION('',(1.,0.));
#14039 = ( GEOMETRIC_REPRESENTATION_CONTEXT(2) 
PARAMETRIC_REPRESENTATION_CONTEXT() REPRESENTATION_CONTEXT('2D SPACE',''
  ) );
#14040 = PCURVE('',#14041,#14046);
#14041 = PLANE('',#14042);
#14042 = AXIS2_PLACEMENT_3D('',#14043,#14044,#14045);
#14043 = CARTESIAN_POINT('',(15.5,8.5,51.));
#14044 = DIRECTION('',(0.,1.,0.));
#14045 = DIRECTION('',(1.,0.,-0.));
#14046 = DEFINITIONAL_REPRESENTATION('',(#14047),#14051);
#14047 = LINE('',#14048,#14049);
#14048 = CARTESIAN_POINT('',(1.5,5.));
#14049 = VECTOR('',#14050,1.);
#14050 = DIRECTION('',(0.,-1.));
#14051 = ( GEOMETRIC_REPRESENTATION_CONTEXT(2) 
PARAMETRIC_REPRESENTATION_CONTEXT() REPRESENTATION_CONTEXT('2D SPACE',''
  ) );
#14052 = ORIENTED_EDGE('',*,*,#14053,.F.);
#14053 = EDGE_CURVE('',#1801,#14026,#14054,.T.);
#14054 = SURFACE_CURVE('',#14055,(#14059,#14065),.PCURVE_S1.);
#14055 = LINE('',#14056,#14057);
#14056 = CARTESIAN_POINT('',(17.,4.1,47.291900756452));
#14057 = VECTOR('',#14058,1.);
#14058 = DIRECTION('',(0.,1.,0.));
#14059 = PCURVE('',#1847,#14060);
#14060 = DEFINITIONAL_REPRESENTATION('',(#14061),#14064);
#14061 = B_SPLINE_CURVE_WITH_KNOTS('',1,(#14062,#14063),.UNSPECIFIED.,
  .F.,.F.,(2,2),(-2.399999999625E-06,4.4000024),
  .PIECEWISE_BEZIER_KNOTS.);
#14062 = CARTESIAN_POINT('',(1.291900756452,2.399999999625E-06));
#14063 = CARTESIAN_POINT('',(1.291900756452,-4.4000024));
#14064 = ( GEOMETRIC_REPRESENTATION_CONTEXT(2) 
PARAMETRIC_REPRESENTATION_CONTEXT() REPRESENTATION_CONTEXT('2D SPACE',''
  ) );
#14065 = PCURVE('',#1821,#14066);
#14066 = DEFINITIONAL_REPRESENTATION('',(#14067),#14070);
#14067 = B_SPLINE_CURVE_WITH_KNOTS('',1,(#14068,#14069),.UNSPECIFIED.,
  .F.,.F.,(2,2),(0.5,4.4),.PIECEWISE_BEZIER_KNOTS.);
#14068 = CARTESIAN_POINT('',(7.469584859479,0.5));
#14069 = CARTESIAN_POINT('',(7.469584859479,4.4));
#14070 = ( GEOMETRIC_REPRESENTATION_CONTEXT(2) 
PARAMETRIC_REPRESENTATION_CONTEXT() REPRESENTATION_CONTEXT('2D SPACE',''
  ) );
#14071 = ADVANCED_FACE('',(#14072,#14147),#14041,.T.);
#14072 = FACE_BOUND('',#14073,.T.);
#14073 = EDGE_LOOP('',(#14074,#14102,#14103,#14126));
#14074 = ORIENTED_EDGE('',*,*,#14075,.F.);
#14075 = EDGE_CURVE('',#14026,#14076,#14078,.T.);
#14076 = VERTEX_POINT('',#14077);
#14077 = CARTESIAN_POINT('',(14.,8.5,47.291900756452));
#14078 = SURFACE_CURVE('',#14079,(#14084,#14095),.PCURVE_S1.);
#14079 = CIRCLE('',#14080,4.);
#14080 = AXIS2_PLACEMENT_3D('',#14081,#14082,#14083);
#14081 = CARTESIAN_POINT('',(15.5,8.5,51.));
#14082 = DIRECTION('',(0.,-1.,0.));
#14083 = DIRECTION('',(0.375,0.,-0.927024810887));
#14084 = PCURVE('',#14041,#14085);
#14085 = DEFINITIONAL_REPRESENTATION('',(#14086),#14094);
#14086 = ( BOUNDED_CURVE() B_SPLINE_CURVE(2,(#14087,#14088,#14089,#14090
    ,#14091,#14092,#14093),.UNSPECIFIED.,.T.,.F.) 
B_SPLINE_CURVE_WITH_KNOTS((1,2,2,2,2,1),(-2.094395102393,0.,
    2.094395102393,4.188790204786,6.28318530718,8.377580409573),
.UNSPECIFIED.) CURVE() GEOMETRIC_REPRESENTATION_ITEM() 
RATIONAL_B_SPLINE_CURVE((1.,0.5,1.,0.5,1.,0.5,1.)) REPRESENTATION_ITEM(
  '') );
#14087 = CARTESIAN_POINT('',(1.5,3.708099243548));
#14088 = CARTESIAN_POINT('',(7.922616289333,1.110023032195));
#14089 = CARTESIAN_POINT('',(2.461308144666,-3.153087727451));
#14090 = CARTESIAN_POINT('',(-3.,-7.416198487096));
#14091 = CARTESIAN_POINT('',(-3.961308144666,-0.555011516097));
#14092 = CARTESIAN_POINT('',(-4.922616289333,6.306175454901));
#14093 = CARTESIAN_POINT('',(1.5,3.708099243548));
#14094 = ( GEOMETRIC_REPRESENTATION_CONTEXT(2) 
PARAMETRIC_REPRESENTATION_CONTEXT() REPRESENTATION_CONTEXT('2D SPACE',''
  ) );
#14095 = PCURVE('',#1821,#14096);
#14096 = DEFINITIONAL_REPRESENTATION('',(#14097),#14101);
#14097 = LINE('',#14098,#14099);
#14098 = CARTESIAN_POINT('',(7.469584859479,4.4));
#14099 = VECTOR('',#14100,1.);
#14100 = DIRECTION('',(-1.,-0.));
#14101 = ( GEOMETRIC_REPRESENTATION_CONTEXT(2) 
PARAMETRIC_REPRESENTATION_CONTEXT() REPRESENTATION_CONTEXT('2D SPACE',''
  ) );
#14102 = ORIENTED_EDGE('',*,*,#14025,.F.);
#14103 = ORIENTED_EDGE('',*,*,#14104,.F.);
#14104 = EDGE_CURVE('',#14105,#14003,#14107,.T.);
#14105 = VERTEX_POINT('',#14106);
#14106 = CARTESIAN_POINT('',(14.,8.5,46.));
#14107 = SURFACE_CURVE('',#14108,(#14112,#14119),.PCURVE_S1.);
#14108 = LINE('',#14109,#14110);
#14109 = CARTESIAN_POINT('',(14.,8.5,46.));
#14110 = VECTOR('',#14111,1.);
#14111 = DIRECTION('',(1.,0.,-0.));
#14112 = PCURVE('',#14041,#14113);
#14113 = DEFINITIONAL_REPRESENTATION('',(#14114),#14118);
#14114 = LINE('',#14115,#14116);
#14115 = CARTESIAN_POINT('',(-1.5,5.));
#14116 = VECTOR('',#14117,1.);
#14117 = DIRECTION('',(1.,0.));
#14118 = ( GEOMETRIC_REPRESENTATION_CONTEXT(2) 
PARAMETRIC_REPRESENTATION_CONTEXT() REPRESENTATION_CONTEXT('2D SPACE',''
  ) );
#14119 = PCURVE('',#1873,#14120);
#14120 = DEFINITIONAL_REPRESENTATION('',(#14121),#14125);
#14121 = LINE('',#14122,#14123);
#14122 = CARTESIAN_POINT('',(0.,4.4));
#14123 = VECTOR('',#14124,1.);
#14124 = DIRECTION('',(1.,0.));
#14125 = ( GEOMETRIC_REPRESENTATION_CONTEXT(2) 
PARAMETRIC_REPRESENTATION_CONTEXT() REPRESENTATION_CONTEXT('2D SPACE',''
  ) );
#14126 = ORIENTED_EDGE('',*,*,#14127,.T.);
#14127 = EDGE_CURVE('',#14105,#14076,#14128,.T.);
#14128 = SURFACE_CURVE('',#14129,(#14133,#14140),.PCURVE_S1.);
#14129 = LINE('',#14130,#14131);
#14130 = CARTESIAN_POINT('',(14.,8.5,46.));
#14131 = VECTOR('',#14132,1.);
#14132 = DIRECTION('',(0.,0.,1.));
#14133 = PCURVE('',#14041,#14134);
#14134 = DEFINITIONAL_REPRESENTATION('',(#14135),#14139);
#14135 = LINE('',#14136,#14137);
#14136 = CARTESIAN_POINT('',(-1.5,5.));
#14137 = VECTOR('',#14138,1.);
#14138 = DIRECTION('',(0.,-1.));
#14139 = ( GEOMETRIC_REPRESENTATION_CONTEXT(2) 
PARAMETRIC_REPRESENTATION_CONTEXT() REPRESENTATION_CONTEXT('2D SPACE',''
  ) );
#14140 = PCURVE('',#1899,#14141);
#14141 = DEFINITIONAL_REPRESENTATION('',(#14142),#14146);
#14142 = LINE('',#14143,#14144);
#14143 = CARTESIAN_POINT('',(0.,-4.4));
#14144 = VECTOR('',#14145,1.);
#14145 = DIRECTION('',(1.,0.));
#14146 = ( GEOMETRIC_REPRESENTATION_CONTEXT(2) 
PARAMETRIC_REPRESENTATION_CONTEXT() REPRESENTATION_CONTEXT('2D SPACE',''
  ) );
#14147 = FACE_BOUND('',#14148,.T.);
#14148 = EDGE_LOOP('',(#14149));
#14149 = ORIENTED_EDGE('',*,*,#14150,.F.);
#14150 = EDGE_CURVE('',#14151,#14151,#14153,.T.);
#14151 = VERTEX_POINT('',#14152);
#14152 = CARTESIAN_POINT('',(17.6,8.5,51.));
#14153 = SURFACE_CURVE('',#14154,(#14159,#14166),.PCURVE_S1.);
#14154 = CIRCLE('',#14155,2.1);
#14155 = AXIS2_PLACEMENT_3D('',#14156,#14157,#14158);
#14156 = CARTESIAN_POINT('',(15.5,8.5,51.));
#14157 = DIRECTION('',(0.,1.,0.));
#14158 = DIRECTION('',(1.,0.,-0.));
#14159 = PCURVE('',#14041,#14160);
#14160 = DEFINITIONAL_REPRESENTATION('',(#14161),#14165);
#14161 = CIRCLE('',#14162,2.1);
#14162 = AXIS2_PLACEMENT_2D('',#14163,#14164);
#14163 = CARTESIAN_POINT('',(0.,0.));
#14164 = DIRECTION('',(1.,0.));
#14165 = ( GEOMETRIC_REPRESENTATION_CONTEXT(2) 
PARAMETRIC_REPRESENTATION_CONTEXT() REPRESENTATION_CONTEXT('2D SPACE',''
  ) );
#14166 = PCURVE('',#14167,#14172);
#14167 = CYLINDRICAL_SURFACE('',#14168,2.1);
#14168 = AXIS2_PLACEMENT_3D('',#14169,#14170,#14171);
#14169 = CARTESIAN_POINT('',(15.5,3.5,51.));
#14170 = DIRECTION('',(0.,1.,0.));
#14171 = DIRECTION('',(1.,0.,-0.));
#14172 = DEFINITIONAL_REPRESENTATION('',(#14173),#14177);
#14173 = LINE('',#14174,#14175);
#14174 = CARTESIAN_POINT('',(0.,5.));
#14175 = VECTOR('',#14176,1.);
#14176 = DIRECTION('',(1.,0.));
#14177 = ( GEOMETRIC_REPRESENTATION_CONTEXT(2) 
PARAMETRIC_REPRESENTATION_CONTEXT() REPRESENTATION_CONTEXT('2D SPACE',''
  ) );
#14178 = ADVANCED_FACE('',(#14179),#14167,.F.);
#14179 = FACE_BOUND('',#14180,.F.);
#14180 = EDGE_LOOP('',(#14181,#14182,#14205,#14228,#14257,#14278,#14305)
  );
#14181 = ORIENTED_EDGE('',*,*,#14150,.F.);
#14182 = ORIENTED_EDGE('',*,*,#14183,.F.);
#14183 = EDGE_CURVE('',#14184,#14151,#14186,.T.);
#14184 = VERTEX_POINT('',#14185);
#14185 = CARTESIAN_POINT('',(17.6,4.1,51.));
#14186 = SEAM_CURVE('',#14187,(#14191,#14198),.PCURVE_S1.);
#14187 = LINE('',#14188,#14189);
#14188 = CARTESIAN_POINT('',(17.6,3.5,51.));
#14189 = VECTOR('',#14190,1.);
#14190 = DIRECTION('',(0.,1.,0.));
#14191 = PCURVE('',#14167,#14192);
#14192 = DEFINITIONAL_REPRESENTATION('',(#14193),#14197);
#14193 = LINE('',#14194,#14195);
#14194 = CARTESIAN_POINT('',(6.28318530718,-0.));
#14195 = VECTOR('',#14196,1.);
#14196 = DIRECTION('',(0.,1.));
#14197 = ( GEOMETRIC_REPRESENTATION_CONTEXT(2) 
PARAMETRIC_REPRESENTATION_CONTEXT() REPRESENTATION_CONTEXT('2D SPACE',''
  ) );
#14198 = PCURVE('',#14167,#14199);
#14199 = DEFINITIONAL_REPRESENTATION('',(#14200),#14204);
#14200 = LINE('',#14201,#14202);
#14201 = CARTESIAN_POINT('',(0.,-0.));
#14202 = VECTOR('',#14203,1.);
#14203 = DIRECTION('',(0.,1.));
#14204 = ( GEOMETRIC_REPRESENTATION_CONTEXT(2) 
PARAMETRIC_REPRESENTATION_CONTEXT() REPRESENTATION_CONTEXT('2D SPACE',''
  ) );
#14205 = ORIENTED_EDGE('',*,*,#14206,.F.);
#14206 = EDGE_CURVE('',#14207,#14184,#14209,.T.);
#14207 = VERTEX_POINT('',#14208);
#14208 = CARTESIAN_POINT('',(17.6,3.5,51.));
#14209 = SURFACE_CURVE('',#14210,(#14214,#14221),.PCURVE_S1.);
#14210 = LINE('',#14211,#14212);
#14211 = CARTESIAN_POINT('',(17.6,3.5,51.));
#14212 = VECTOR('',#14213,1.);
#14213 = DIRECTION('',(0.,1.,0.));
#14214 = PCURVE('',#14167,#14215);
#14215 = DEFINITIONAL_REPRESENTATION('',(#14216),#14220);
#14216 = LINE('',#14217,#14218);
#14217 = CARTESIAN_POINT('',(0.,-0.));
#14218 = VECTOR('',#14219,1.);
#14219 = DIRECTION('',(0.,1.));
#14220 = ( GEOMETRIC_REPRESENTATION_CONTEXT(2) 
PARAMETRIC_REPRESENTATION_CONTEXT() REPRESENTATION_CONTEXT('2D SPACE',''
  ) );
#14221 = PCURVE('',#1631,#14222);
#14222 = DEFINITIONAL_REPRESENTATION('',(#14223),#14227);
#14223 = LINE('',#14224,#14225);
#14224 = CARTESIAN_POINT('',(12.6,4.5));
#14225 = VECTOR('',#14226,1.);
#14226 = DIRECTION('',(0.,1.));
#14227 = ( GEOMETRIC_REPRESENTATION_CONTEXT(2) 
PARAMETRIC_REPRESENTATION_CONTEXT() REPRESENTATION_CONTEXT('2D SPACE',''
  ) );
#14228 = ORIENTED_EDGE('',*,*,#14229,.T.);
#14229 = EDGE_CURVE('',#14207,#14230,#14232,.T.);
#14230 = VERTEX_POINT('',#14231);
#14231 = CARTESIAN_POINT('',(13.4,3.5,51.));
#14232 = SURFACE_CURVE('',#14233,(#14238,#14245),.PCURVE_S1.);
#14233 = CIRCLE('',#14234,2.1);
#14234 = AXIS2_PLACEMENT_3D('',#14235,#14236,#14237);
#14235 = CARTESIAN_POINT('',(15.5,3.5,51.));
#14236 = DIRECTION('',(0.,1.,0.));
#14237 = DIRECTION('',(1.,0.,-0.));
#14238 = PCURVE('',#14167,#14239);
#14239 = DEFINITIONAL_REPRESENTATION('',(#14240),#14244);
#14240 = LINE('',#14241,#14242);
#14241 = CARTESIAN_POINT('',(0.,0.));
#14242 = VECTOR('',#14243,1.);
#14243 = DIRECTION('',(1.,0.));
#14244 = ( GEOMETRIC_REPRESENTATION_CONTEXT(2) 
PARAMETRIC_REPRESENTATION_CONTEXT() REPRESENTATION_CONTEXT('2D SPACE',''
  ) );
#14245 = PCURVE('',#14246,#14251);
#14246 = PLANE('',#14247);
#14247 = AXIS2_PLACEMENT_3D('',#14248,#14249,#14250);
#14248 = CARTESIAN_POINT('',(15.5,3.5,51.));
#14249 = DIRECTION('',(0.,1.,0.));
#14250 = DIRECTION('',(1.,0.,-0.));
#14251 = DEFINITIONAL_REPRESENTATION('',(#14252),#14256);
#14252 = CIRCLE('',#14253,2.1);
#14253 = AXIS2_PLACEMENT_2D('',#14254,#14255);
#14254 = CARTESIAN_POINT('',(0.,0.));
#14255 = DIRECTION('',(1.,0.));
#14256 = ( GEOMETRIC_REPRESENTATION_CONTEXT(2) 
PARAMETRIC_REPRESENTATION_CONTEXT() REPRESENTATION_CONTEXT('2D SPACE',''
  ) );
#14257 = ORIENTED_EDGE('',*,*,#14258,.T.);
#14258 = EDGE_CURVE('',#14230,#14259,#14261,.T.);
#14259 = VERTEX_POINT('',#14260);
#14260 = CARTESIAN_POINT('',(13.4,4.1,51.));
#14261 = SURFACE_CURVE('',#14262,(#14266,#14272),.PCURVE_S1.);
#14262 = LINE('',#14263,#14264);
#14263 = CARTESIAN_POINT('',(13.4,3.5,51.));
#14264 = VECTOR('',#14265,1.);
#14265 = DIRECTION('',(0.,1.,0.));
#14266 = PCURVE('',#14167,#14267);
#14267 = DEFINITIONAL_REPRESENTATION('',(#14268),#14271);
#14268 = B_SPLINE_CURVE_WITH_KNOTS('',1,(#14269,#14270),.UNSPECIFIED.,
  .F.,.F.,(2,2),(-5.999999999062E-07,1.26),.PIECEWISE_BEZIER_KNOTS.);
#14269 = CARTESIAN_POINT('',(3.14159265359,-5.999999999062E-07));
#14270 = CARTESIAN_POINT('',(3.14159265359,1.26));
#14271 = ( GEOMETRIC_REPRESENTATION_CONTEXT(2) 
PARAMETRIC_REPRESENTATION_CONTEXT() REPRESENTATION_CONTEXT('2D SPACE',''
  ) );
#14272 = PCURVE('',#1631,#14273);
#14273 = DEFINITIONAL_REPRESENTATION('',(#14274),#14277);
#14274 = B_SPLINE_CURVE_WITH_KNOTS('',1,(#14275,#14276),.UNSPECIFIED.,
  .F.,.F.,(2,2),(-5.999999999062E-07,1.26),.PIECEWISE_BEZIER_KNOTS.);
#14275 = CARTESIAN_POINT('',(8.4,4.4999994));
#14276 = CARTESIAN_POINT('',(8.4,5.76));
#14277 = ( GEOMETRIC_REPRESENTATION_CONTEXT(2) 
PARAMETRIC_REPRESENTATION_CONTEXT() REPRESENTATION_CONTEXT('2D SPACE',''
  ) );
#14278 = ORIENTED_EDGE('',*,*,#14279,.T.);
#14279 = EDGE_CURVE('',#14259,#14184,#14280,.T.);
#14280 = SURFACE_CURVE('',#14281,(#14286,#14293),.PCURVE_S1.);
#14281 = CIRCLE('',#14282,2.1);
#14282 = AXIS2_PLACEMENT_3D('',#14283,#14284,#14285);
#14283 = CARTESIAN_POINT('',(15.5,4.1,51.));
#14284 = DIRECTION('',(0.,1.,0.));
#14285 = DIRECTION('',(1.,0.,-0.));
#14286 = PCURVE('',#14167,#14287);
#14287 = DEFINITIONAL_REPRESENTATION('',(#14288),#14292);
#14288 = LINE('',#14289,#14290);
#14289 = CARTESIAN_POINT('',(0.,0.6));
#14290 = VECTOR('',#14291,1.);
#14291 = DIRECTION('',(1.,0.));
#14292 = ( GEOMETRIC_REPRESENTATION_CONTEXT(2) 
PARAMETRIC_REPRESENTATION_CONTEXT() REPRESENTATION_CONTEXT('2D SPACE',''
  ) );
#14293 = PCURVE('',#14294,#14299);
#14294 = PLANE('',#14295);
#14295 = AXIS2_PLACEMENT_3D('',#14296,#14297,#14298);
#14296 = CARTESIAN_POINT('',(15.5,4.1,51.));
#14297 = DIRECTION('',(0.,1.,0.));
#14298 = DIRECTION('',(1.,0.,-0.));
#14299 = DEFINITIONAL_REPRESENTATION('',(#14300),#14304);
#14300 = CIRCLE('',#14301,2.1);
#14301 = AXIS2_PLACEMENT_2D('',#14302,#14303);
#14302 = CARTESIAN_POINT('',(0.,0.));
#14303 = DIRECTION('',(1.,0.));
#14304 = ( GEOMETRIC_REPRESENTATION_CONTEXT(2) 
PARAMETRIC_REPRESENTATION_CONTEXT() REPRESENTATION_CONTEXT('2D SPACE',''
  ) );
#14305 = ORIENTED_EDGE('',*,*,#14183,.T.);
#14306 = ADVANCED_FACE('',(#14307),#14246,.T.);
#14307 = FACE_BOUND('',#14308,.T.);
#14308 = EDGE_LOOP('',(#14309,#14328));
#14309 = ORIENTED_EDGE('',*,*,#14310,.F.);
#14310 = EDGE_CURVE('',#14207,#14230,#14311,.T.);
#14311 = SURFACE_CURVE('',#14312,(#14316,#14322),.PCURVE_S1.);
#14312 = LINE('',#14313,#14314);
#14313 = CARTESIAN_POINT('',(10.25,3.5,51.));
#14314 = VECTOR('',#14315,1.);
#14315 = DIRECTION('',(-1.,0.,0.));
#14316 = PCURVE('',#14246,#14317);
#14317 = DEFINITIONAL_REPRESENTATION('',(#14318),#14321);
#14318 = B_SPLINE_CURVE_WITH_KNOTS('',1,(#14319,#14320),.UNSPECIFIED.,
  .F.,.F.,(2,2),(-7.35,-3.15),.PIECEWISE_BEZIER_KNOTS.);
#14319 = CARTESIAN_POINT('',(2.1,0.));
#14320 = CARTESIAN_POINT('',(-2.1,0.));
#14321 = ( GEOMETRIC_REPRESENTATION_CONTEXT(2) 
PARAMETRIC_REPRESENTATION_CONTEXT() REPRESENTATION_CONTEXT('2D SPACE',''
  ) );
#14322 = PCURVE('',#1631,#14323);
#14323 = DEFINITIONAL_REPRESENTATION('',(#14324),#14327);
#14324 = B_SPLINE_CURVE_WITH_KNOTS('',1,(#14325,#14326),.UNSPECIFIED.,
  .F.,.F.,(2,2),(-7.35,-3.15),.PIECEWISE_BEZIER_KNOTS.);
#14325 = CARTESIAN_POINT('',(12.6,4.5));
#14326 = CARTESIAN_POINT('',(8.4,4.5));
#14327 = ( GEOMETRIC_REPRESENTATION_CONTEXT(2) 
PARAMETRIC_REPRESENTATION_CONTEXT() REPRESENTATION_CONTEXT('2D SPACE',''
  ) );
#14328 = ORIENTED_EDGE('',*,*,#14229,.T.);
#14329 = ADVANCED_FACE('',(#14330),#14294,.F.);
#14330 = FACE_BOUND('',#14331,.F.);
#14331 = EDGE_LOOP('',(#14332,#14355,#14378,#14399));
#14332 = ORIENTED_EDGE('',*,*,#14333,.T.);
#14333 = EDGE_CURVE('',#14259,#14334,#14336,.T.);
#14334 = VERTEX_POINT('',#14335);
#14335 = CARTESIAN_POINT('',(11.5,4.1,51.));
#14336 = SURFACE_CURVE('',#14337,(#14341,#14348),.PCURVE_S1.);
#14337 = LINE('',#14338,#14339);
#14338 = CARTESIAN_POINT('',(19.5,4.1,51.));
#14339 = VECTOR('',#14340,1.);
#14340 = DIRECTION('',(-1.,0.,0.));
#14341 = PCURVE('',#14294,#14342);
#14342 = DEFINITIONAL_REPRESENTATION('',(#14343),#14347);
#14343 = LINE('',#14344,#14345);
#14344 = CARTESIAN_POINT('',(4.,0.));
#14345 = VECTOR('',#14346,1.);
#14346 = DIRECTION('',(-1.,0.));
#14347 = ( GEOMETRIC_REPRESENTATION_CONTEXT(2) 
PARAMETRIC_REPRESENTATION_CONTEXT() REPRESENTATION_CONTEXT('2D SPACE',''
  ) );
#14348 = PCURVE('',#1631,#14349);
#14349 = DEFINITIONAL_REPRESENTATION('',(#14350),#14354);
#14350 = LINE('',#14351,#14352);
#14351 = CARTESIAN_POINT('',(14.5,5.1));
#14352 = VECTOR('',#14353,1.);
#14353 = DIRECTION('',(-1.,0.));
#14354 = ( GEOMETRIC_REPRESENTATION_CONTEXT(2) 
PARAMETRIC_REPRESENTATION_CONTEXT() REPRESENTATION_CONTEXT('2D SPACE',''
  ) );
#14355 = ORIENTED_EDGE('',*,*,#14356,.T.);
#14356 = EDGE_CURVE('',#14334,#14357,#14359,.T.);
#14357 = VERTEX_POINT('',#14358);
#14358 = CARTESIAN_POINT('',(19.5,4.1,51.));
#14359 = SURFACE_CURVE('',#14360,(#14365,#14372),.PCURVE_S1.);
#14360 = CIRCLE('',#14361,4.);
#14361 = AXIS2_PLACEMENT_3D('',#14362,#14363,#14364);
#14362 = CARTESIAN_POINT('',(15.5,4.1,51.));
#14363 = DIRECTION('',(0.,1.,0.));
#14364 = DIRECTION('',(1.,0.,-0.));
#14365 = PCURVE('',#14294,#14366);
#14366 = DEFINITIONAL_REPRESENTATION('',(#14367),#14371);
#14367 = CIRCLE('',#14368,4.);
#14368 = AXIS2_PLACEMENT_2D('',#14369,#14370);
#14369 = CARTESIAN_POINT('',(0.,0.));
#14370 = DIRECTION('',(1.,0.));
#14371 = ( GEOMETRIC_REPRESENTATION_CONTEXT(2) 
PARAMETRIC_REPRESENTATION_CONTEXT() REPRESENTATION_CONTEXT('2D SPACE',''
  ) );
#14372 = PCURVE('',#1821,#14373);
#14373 = DEFINITIONAL_REPRESENTATION('',(#14374),#14377);
#14374 = B_SPLINE_CURVE_WITH_KNOTS('',1,(#14375,#14376),.UNSPECIFIED.,
  .F.,.F.,(2,2),(3.14159265359,6.28318530718),.PIECEWISE_BEZIER_KNOTS.);
#14375 = CARTESIAN_POINT('',(3.14159265359,0.));
#14376 = CARTESIAN_POINT('',(6.28318530718,0.));
#14377 = ( GEOMETRIC_REPRESENTATION_CONTEXT(2) 
PARAMETRIC_REPRESENTATION_CONTEXT() REPRESENTATION_CONTEXT('2D SPACE',''
  ) );
#14378 = ORIENTED_EDGE('',*,*,#14379,.T.);
#14379 = EDGE_CURVE('',#14357,#14184,#14380,.T.);
#14380 = SURFACE_CURVE('',#14381,(#14385,#14392),.PCURVE_S1.);
#14381 = LINE('',#14382,#14383);
#14382 = CARTESIAN_POINT('',(19.5,4.1,51.));
#14383 = VECTOR('',#14384,1.);
#14384 = DIRECTION('',(-1.,0.,0.));
#14385 = PCURVE('',#14294,#14386);
#14386 = DEFINITIONAL_REPRESENTATION('',(#14387),#14391);
#14387 = LINE('',#14388,#14389);
#14388 = CARTESIAN_POINT('',(4.,0.));
#14389 = VECTOR('',#14390,1.);
#14390 = DIRECTION('',(-1.,0.));
#14391 = ( GEOMETRIC_REPRESENTATION_CONTEXT(2) 
PARAMETRIC_REPRESENTATION_CONTEXT() REPRESENTATION_CONTEXT('2D SPACE',''
  ) );
#14392 = PCURVE('',#1631,#14393);
#14393 = DEFINITIONAL_REPRESENTATION('',(#14394),#14398);
#14394 = LINE('',#14395,#14396);
#14395 = CARTESIAN_POINT('',(14.5,5.1));
#14396 = VECTOR('',#14397,1.);
#14397 = DIRECTION('',(-1.,0.));
#14398 = ( GEOMETRIC_REPRESENTATION_CONTEXT(2) 
PARAMETRIC_REPRESENTATION_CONTEXT() REPRESENTATION_CONTEXT('2D SPACE',''
  ) );
#14399 = ORIENTED_EDGE('',*,*,#14279,.F.);
#14400 = ADVANCED_FACE('',(#14401),#1873,.F.);
#14401 = FACE_BOUND('',#14402,.F.);
#14402 = EDGE_LOOP('',(#14403,#14424,#14425,#14426));
#14403 = ORIENTED_EDGE('',*,*,#14404,.F.);
#14404 = EDGE_CURVE('',#1859,#14105,#14405,.T.);
#14405 = SURFACE_CURVE('',#14406,(#14410,#14417),.PCURVE_S1.);
#14406 = LINE('',#14407,#14408);
#14407 = CARTESIAN_POINT('',(14.,4.1,46.));
#14408 = VECTOR('',#14409,1.);
#14409 = DIRECTION('',(-0.,1.,0.));
#14410 = PCURVE('',#1873,#14411);
#14411 = DEFINITIONAL_REPRESENTATION('',(#14412),#14416);
#14412 = LINE('',#14413,#14414);
#14413 = CARTESIAN_POINT('',(0.,0.));
#14414 = VECTOR('',#14415,1.);
#14415 = DIRECTION('',(0.,1.));
#14416 = ( GEOMETRIC_REPRESENTATION_CONTEXT(2) 
PARAMETRIC_REPRESENTATION_CONTEXT() REPRESENTATION_CONTEXT('2D SPACE',''
  ) );
#14417 = PCURVE('',#1899,#14418);
#14418 = DEFINITIONAL_REPRESENTATION('',(#14419),#14423);
#14419 = LINE('',#14420,#14421);
#14420 = CARTESIAN_POINT('',(0.,0.));
#14421 = VECTOR('',#14422,1.);
#14422 = DIRECTION('',(0.,-1.));
#14423 = ( GEOMETRIC_REPRESENTATION_CONTEXT(2) 
PARAMETRIC_REPRESENTATION_CONTEXT() REPRESENTATION_CONTEXT('2D SPACE',''
  ) );
#14424 = ORIENTED_EDGE('',*,*,#1858,.F.);
#14425 = ORIENTED_EDGE('',*,*,#14002,.T.);
#14426 = ORIENTED_EDGE('',*,*,#14104,.F.);
#14427 = ADVANCED_FACE('',(#14428),#1605,.F.);
#14428 = FACE_BOUND('',#14429,.F.);
#14429 = EDGE_LOOP('',(#14430,#14451,#14452,#14453,#14454,#14475));
#14430 = ORIENTED_EDGE('',*,*,#14431,.F.);
#14431 = EDGE_CURVE('',#4139,#1565,#14432,.T.);
#14432 = SURFACE_CURVE('',#14433,(#14437,#14444),.PCURVE_S1.);
#14433 = LINE('',#14434,#14435);
#14434 = CARTESIAN_POINT('',(175.,-1.,164.));
#14435 = VECTOR('',#14436,1.);
#14436 = DIRECTION('',(-0.,1.,0.));
#14437 = PCURVE('',#1605,#14438);
#14438 = DEFINITIONAL_REPRESENTATION('',(#14439),#14443);
#14439 = LINE('',#14440,#14441);
#14440 = CARTESIAN_POINT('',(113.,0.));
#14441 = VECTOR('',#14442,1.);
#14442 = DIRECTION('',(0.,-1.));
#14443 = ( GEOMETRIC_REPRESENTATION_CONTEXT(2) 
PARAMETRIC_REPRESENTATION_CONTEXT() REPRESENTATION_CONTEXT('2D SPACE',''
  ) );
#14444 = PCURVE('',#1579,#14445);
#14445 = DEFINITIONAL_REPRESENTATION('',(#14446),#14450);
#14446 = LINE('',#14447,#14448);
#14447 = CARTESIAN_POINT('',(170.,0.));
#14448 = VECTOR('',#14449,1.);
#14449 = DIRECTION('',(0.,1.));
#14450 = ( GEOMETRIC_REPRESENTATION_CONTEXT(2) 
PARAMETRIC_REPRESENTATION_CONTEXT() REPRESENTATION_CONTEXT('2D SPACE',''
  ) );
#14451 = ORIENTED_EDGE('',*,*,#4159,.F.);
#14452 = ORIENTED_EDGE('',*,*,#4833,.T.);
#14453 = ORIENTED_EDGE('',*,*,#4548,.F.);
#14454 = ORIENTED_EDGE('',*,*,#14455,.T.);
#14455 = EDGE_CURVE('',#4549,#1591,#14456,.T.);
#14456 = SURFACE_CURVE('',#14457,(#14461,#14468),.PCURVE_S1.);
#14457 = LINE('',#14458,#14459);
#14458 = CARTESIAN_POINT('',(175.,-1.,51.));
#14459 = VECTOR('',#14460,1.);
#14460 = DIRECTION('',(-0.,1.,0.));
#14461 = PCURVE('',#1605,#14462);
#14462 = DEFINITIONAL_REPRESENTATION('',(#14463),#14467);
#14463 = LINE('',#14464,#14465);
#14464 = CARTESIAN_POINT('',(0.,0.));
#14465 = VECTOR('',#14466,1.);
#14466 = DIRECTION('',(0.,-1.));
#14467 = ( GEOMETRIC_REPRESENTATION_CONTEXT(2) 
PARAMETRIC_REPRESENTATION_CONTEXT() REPRESENTATION_CONTEXT('2D SPACE',''
  ) );
#14468 = PCURVE('',#1631,#14469);
#14469 = DEFINITIONAL_REPRESENTATION('',(#14470),#14474);
#14470 = LINE('',#14471,#14472);
#14471 = CARTESIAN_POINT('',(170.,0.));
#14472 = VECTOR('',#14473,1.);
#14473 = DIRECTION('',(0.,1.));
#14474 = ( GEOMETRIC_REPRESENTATION_CONTEXT(2) 
PARAMETRIC_REPRESENTATION_CONTEXT() REPRESENTATION_CONTEXT('2D SPACE',''
  ) );
#14475 = ORIENTED_EDGE('',*,*,#1590,.T.);
#14476 = ADVANCED_FACE('',(#14477),#1899,.F.);
#14477 = FACE_BOUND('',#14478,.F.);
#14478 = EDGE_LOOP('',(#14479,#14480,#14481,#14482));
#14479 = ORIENTED_EDGE('',*,*,#1884,.F.);
#14480 = ORIENTED_EDGE('',*,*,#14404,.T.);
#14481 = ORIENTED_EDGE('',*,*,#14127,.T.);
#14482 = ORIENTED_EDGE('',*,*,#14483,.F.);
#14483 = EDGE_CURVE('',#1885,#14076,#14484,.T.);
#14484 = SURFACE_CURVE('',#14485,(#14489,#14495),.PCURVE_S1.);
#14485 = LINE('',#14486,#14487);
#14486 = CARTESIAN_POINT('',(14.,4.1,47.291900756452));
#14487 = VECTOR('',#14488,1.);
#14488 = DIRECTION('',(0.,1.,0.));
#14489 = PCURVE('',#1899,#14490);
#14490 = DEFINITIONAL_REPRESENTATION('',(#14491),#14494);
#14491 = B_SPLINE_CURVE_WITH_KNOTS('',1,(#14492,#14493),.UNSPECIFIED.,
  .F.,.F.,(2,2),(-2.399999999625E-06,4.4000024),
  .PIECEWISE_BEZIER_KNOTS.);
#14492 = CARTESIAN_POINT('',(1.291900756452,2.399999999625E-06));
#14493 = CARTESIAN_POINT('',(1.291900756452,-4.4000024));
#14494 = ( GEOMETRIC_REPRESENTATION_CONTEXT(2) 
PARAMETRIC_REPRESENTATION_CONTEXT() REPRESENTATION_CONTEXT('2D SPACE',''
  ) );
#14495 = PCURVE('',#1821,#14496);
#14496 = DEFINITIONAL_REPRESENTATION('',(#14497),#14500);
#14497 = B_SPLINE_CURVE_WITH_KNOTS('',1,(#14498,#14499),.UNSPECIFIED.,
  .F.,.F.,(2,2),(0.5,4.4),.PIECEWISE_BEZIER_KNOTS.);
#14498 = CARTESIAN_POINT('',(1.955193101291,0.5));
#14499 = CARTESIAN_POINT('',(1.955193101291,4.4));
#14500 = ( GEOMETRIC_REPRESENTATION_CONTEXT(2) 
PARAMETRIC_REPRESENTATION_CONTEXT() REPRESENTATION_CONTEXT('2D SPACE',''
  ) );
#14501 = ADVANCED_FACE('',(#14502),#1821,.T.);
#14502 = FACE_BOUND('',#14503,.T.);
#14503 = EDGE_LOOP('',(#14504,#14524,#14525,#14526,#14527,#14528,#14529,
    #14548));
#14504 = ORIENTED_EDGE('',*,*,#14505,.T.);
#14505 = EDGE_CURVE('',#14357,#1780,#14506,.T.);
#14506 = SURFACE_CURVE('',#14507,(#14511,#14517),.PCURVE_S1.);
#14507 = LINE('',#14508,#14509);
#14508 = CARTESIAN_POINT('',(19.5,4.1,51.));
#14509 = VECTOR('',#14510,1.);
#14510 = DIRECTION('',(0.,1.,0.));
#14511 = PCURVE('',#1821,#14512);
#14512 = DEFINITIONAL_REPRESENTATION('',(#14513),#14516);
#14513 = B_SPLINE_CURVE_WITH_KNOTS('',1,(#14514,#14515),.UNSPECIFIED.,
  .F.,.F.,(2,2),(0.,0.5),.PIECEWISE_BEZIER_KNOTS.);
#14514 = CARTESIAN_POINT('',(6.28318530718,0.));
#14515 = CARTESIAN_POINT('',(6.28318530718,0.5));
#14516 = ( GEOMETRIC_REPRESENTATION_CONTEXT(2) 
PARAMETRIC_REPRESENTATION_CONTEXT() REPRESENTATION_CONTEXT('2D SPACE',''
  ) );
#14517 = PCURVE('',#1631,#14518);
#14518 = DEFINITIONAL_REPRESENTATION('',(#14519),#14523);
#14519 = LINE('',#14520,#14521);
#14520 = CARTESIAN_POINT('',(14.5,5.1));
#14521 = VECTOR('',#14522,1.);
#14522 = DIRECTION('',(0.,1.));
#14523 = ( GEOMETRIC_REPRESENTATION_CONTEXT(2) 
PARAMETRIC_REPRESENTATION_CONTEXT() REPRESENTATION_CONTEXT('2D SPACE',''
  ) );
#14524 = ORIENTED_EDGE('',*,*,#1800,.T.);
#14525 = ORIENTED_EDGE('',*,*,#14053,.T.);
#14526 = ORIENTED_EDGE('',*,*,#14075,.T.);
#14527 = ORIENTED_EDGE('',*,*,#14483,.F.);
#14528 = ORIENTED_EDGE('',*,*,#1910,.T.);
#14529 = ORIENTED_EDGE('',*,*,#14530,.F.);
#14530 = EDGE_CURVE('',#14334,#1911,#14531,.T.);
#14531 = SURFACE_CURVE('',#14532,(#14536,#14542),.PCURVE_S1.);
#14532 = LINE('',#14533,#14534);
#14533 = CARTESIAN_POINT('',(11.5,4.1,51.));
#14534 = VECTOR('',#14535,1.);
#14535 = DIRECTION('',(0.,1.,0.));
#14536 = PCURVE('',#1821,#14537);
#14537 = DEFINITIONAL_REPRESENTATION('',(#14538),#14541);
#14538 = B_SPLINE_CURVE_WITH_KNOTS('',1,(#14539,#14540),.UNSPECIFIED.,
  .F.,.F.,(2,2),(0.,0.5),.PIECEWISE_BEZIER_KNOTS.);
#14539 = CARTESIAN_POINT('',(3.14159265359,0.));
#14540 = CARTESIAN_POINT('',(3.14159265359,0.5));
#14541 = ( GEOMETRIC_REPRESENTATION_CONTEXT(2) 
PARAMETRIC_REPRESENTATION_CONTEXT() REPRESENTATION_CONTEXT('2D SPACE',''
  ) );
#14542 = PCURVE('',#1631,#14543);
#14543 = DEFINITIONAL_REPRESENTATION('',(#14544),#14547);
#14544 = B_SPLINE_CURVE_WITH_KNOTS('',1,(#14545,#14546),.UNSPECIFIED.,
  .F.,.F.,(2,2),(-2.399999999625E-06,0.66),.PIECEWISE_BEZIER_KNOTS.);
#14545 = CARTESIAN_POINT('',(6.5,5.0999976));
#14546 = CARTESIAN_POINT('',(6.5,5.76));
#14547 = ( GEOMETRIC_REPRESENTATION_CONTEXT(2) 
PARAMETRIC_REPRESENTATION_CONTEXT() REPRESENTATION_CONTEXT('2D SPACE',''
  ) );
#14548 = ORIENTED_EDGE('',*,*,#14356,.T.);
#14549 = ADVANCED_FACE('',(#14550),#1553,.T.);
#14550 = FACE_BOUND('',#14551,.T.);
#14551 = EDGE_LOOP('',(#14552,#14583,#14602,#14603,#14625,#14653,#14674,
    #14706));
#14552 = ORIENTED_EDGE('',*,*,#14553,.F.);
#14553 = EDGE_CURVE('',#14554,#14556,#14558,.T.);
#14554 = VERTEX_POINT('',#14555);
#14555 = CARTESIAN_POINT('',(166.,8.5,167.70809924354));
#14556 = VERTEX_POINT('',#14557);
#14557 = CARTESIAN_POINT('',(163.,8.5,167.70809924354));
#14558 = SURFACE_CURVE('',#14559,(#14564,#14571),.PCURVE_S1.);
#14559 = CIRCLE('',#14560,4.);
#14560 = AXIS2_PLACEMENT_3D('',#14561,#14562,#14563);
#14561 = CARTESIAN_POINT('',(164.5,8.5,164.));
#14562 = DIRECTION('',(0.,1.,0.));
#14563 = DIRECTION('',(0.375,-0.,0.927024810887));
#14564 = PCURVE('',#1553,#14565);
#14565 = DEFINITIONAL_REPRESENTATION('',(#14566),#14570);
#14566 = LINE('',#14567,#14568);
#14567 = CARTESIAN_POINT('',(5.09678575488,4.4));
#14568 = VECTOR('',#14569,1.);
#14569 = DIRECTION('',(1.,0.));
#14570 = ( GEOMETRIC_REPRESENTATION_CONTEXT(2) 
PARAMETRIC_REPRESENTATION_CONTEXT() REPRESENTATION_CONTEXT('2D SPACE',''
  ) );
#14571 = PCURVE('',#14572,#14577);
#14572 = PLANE('',#14573);
#14573 = AXIS2_PLACEMENT_3D('',#14574,#14575,#14576);
#14574 = CARTESIAN_POINT('',(163.,8.5,164.));
#14575 = DIRECTION('',(-0.,1.,0.));
#14576 = DIRECTION('',(0.,0.,1.));
#14577 = DEFINITIONAL_REPRESENTATION('',(#14578),#14582);
#14578 = CIRCLE('',#14579,4.);
#14579 = AXIS2_PLACEMENT_2D('',#14580,#14581);
#14580 = CARTESIAN_POINT('',(0.,1.5));
#14581 = DIRECTION('',(0.927024810887,0.375));
#14582 = ( GEOMETRIC_REPRESENTATION_CONTEXT(2) 
PARAMETRIC_REPRESENTATION_CONTEXT() REPRESENTATION_CONTEXT('2D SPACE',''
  ) );
#14583 = ORIENTED_EDGE('',*,*,#14584,.F.);
#14584 = EDGE_CURVE('',#1507,#14554,#14585,.T.);
#14585 = SURFACE_CURVE('',#14586,(#14590,#14596),.PCURVE_S1.);
#14586 = LINE('',#14587,#14588);
#14587 = CARTESIAN_POINT('',(166.,4.1,167.70809924354));
#14588 = VECTOR('',#14589,1.);
#14589 = DIRECTION('',(0.,1.,0.));
#14590 = PCURVE('',#1553,#14591);
#14591 = DEFINITIONAL_REPRESENTATION('',(#14592),#14595);
#14592 = B_SPLINE_CURVE_WITH_KNOTS('',1,(#14593,#14594),.UNSPECIFIED.,
  .F.,.F.,(2,2),(0.5,4.4),.PIECEWISE_BEZIER_KNOTS.);
#14593 = CARTESIAN_POINT('',(5.09678575488,0.5));
#14594 = CARTESIAN_POINT('',(5.09678575488,4.4));
#14595 = ( GEOMETRIC_REPRESENTATION_CONTEXT(2) 
PARAMETRIC_REPRESENTATION_CONTEXT() REPRESENTATION_CONTEXT('2D SPACE',''
  ) );
#14596 = PCURVE('',#1521,#14597);
#14597 = DEFINITIONAL_REPRESENTATION('',(#14598),#14601);
#14598 = B_SPLINE_CURVE_WITH_KNOTS('',1,(#14599,#14600),.UNSPECIFIED.,
  .F.,.F.,(2,2),(-2.399999999625E-06,4.4000024),
  .PIECEWISE_BEZIER_KNOTS.);
#14599 = CARTESIAN_POINT('',(3.708099243548,2.399999999625E-06));
#14600 = CARTESIAN_POINT('',(3.708099243548,-4.4000024));
#14601 = ( GEOMETRIC_REPRESENTATION_CONTEXT(2) 
PARAMETRIC_REPRESENTATION_CONTEXT() REPRESENTATION_CONTEXT('2D SPACE',''
  ) );
#14602 = ORIENTED_EDGE('',*,*,#1532,.T.);
#14603 = ORIENTED_EDGE('',*,*,#14604,.F.);
#14604 = EDGE_CURVE('',#14605,#1533,#14607,.T.);
#14605 = VERTEX_POINT('',#14606);
#14606 = CARTESIAN_POINT('',(168.5,4.1,164.));
#14607 = SURFACE_CURVE('',#14608,(#14612,#14618),.PCURVE_S1.);
#14608 = LINE('',#14609,#14610);
#14609 = CARTESIAN_POINT('',(168.5,4.1,164.));
#14610 = VECTOR('',#14611,1.);
#14611 = DIRECTION('',(0.,1.,0.));
#14612 = PCURVE('',#1553,#14613);
#14613 = DEFINITIONAL_REPRESENTATION('',(#14614),#14617);
#14614 = B_SPLINE_CURVE_WITH_KNOTS('',1,(#14615,#14616),.UNSPECIFIED.,
  .F.,.F.,(2,2),(0.,0.5),.PIECEWISE_BEZIER_KNOTS.);
#14615 = CARTESIAN_POINT('',(6.28318530718,0.));
#14616 = CARTESIAN_POINT('',(6.28318530718,0.5));
#14617 = ( GEOMETRIC_REPRESENTATION_CONTEXT(2) 
PARAMETRIC_REPRESENTATION_CONTEXT() REPRESENTATION_CONTEXT('2D SPACE',''
  ) );
#14618 = PCURVE('',#1579,#14619);
#14619 = DEFINITIONAL_REPRESENTATION('',(#14620),#14624);
#14620 = LINE('',#14621,#14622);
#14621 = CARTESIAN_POINT('',(163.5,5.1));
#14622 = VECTOR('',#14623,1.);
#14623 = DIRECTION('',(0.,1.));
#14624 = ( GEOMETRIC_REPRESENTATION_CONTEXT(2) 
PARAMETRIC_REPRESENTATION_CONTEXT() REPRESENTATION_CONTEXT('2D SPACE',''
  ) );
#14625 = ORIENTED_EDGE('',*,*,#14626,.T.);
#14626 = EDGE_CURVE('',#14605,#14627,#14629,.T.);
#14627 = VERTEX_POINT('',#14628);
#14628 = CARTESIAN_POINT('',(160.5,4.1,164.));
#14629 = SURFACE_CURVE('',#14630,(#14635,#14641),.PCURVE_S1.);
#14630 = CIRCLE('',#14631,4.);
#14631 = AXIS2_PLACEMENT_3D('',#14632,#14633,#14634);
#14632 = CARTESIAN_POINT('',(164.5,4.1,164.));
#14633 = DIRECTION('',(0.,1.,0.));
#14634 = DIRECTION('',(1.,0.,-0.));
#14635 = PCURVE('',#1553,#14636);
#14636 = DEFINITIONAL_REPRESENTATION('',(#14637),#14640);
#14637 = B_SPLINE_CURVE_WITH_KNOTS('',1,(#14638,#14639),.UNSPECIFIED.,
  .F.,.F.,(2,2),(0.,3.14159265359),.PIECEWISE_BEZIER_KNOTS.);
#14638 = CARTESIAN_POINT('',(6.28318530718,0.));
#14639 = CARTESIAN_POINT('',(9.424777960769,0.));
#14640 = ( GEOMETRIC_REPRESENTATION_CONTEXT(2) 
PARAMETRIC_REPRESENTATION_CONTEXT() REPRESENTATION_CONTEXT('2D SPACE',''
  ) );
#14641 = PCURVE('',#14642,#14647);
#14642 = PLANE('',#14643);
#14643 = AXIS2_PLACEMENT_3D('',#14644,#14645,#14646);
#14644 = CARTESIAN_POINT('',(164.5,4.1,164.));
#14645 = DIRECTION('',(0.,1.,0.));
#14646 = DIRECTION('',(1.,0.,-0.));
#14647 = DEFINITIONAL_REPRESENTATION('',(#14648),#14652);
#14648 = CIRCLE('',#14649,4.);
#14649 = AXIS2_PLACEMENT_2D('',#14650,#14651);
#14650 = CARTESIAN_POINT('',(0.,0.));
#14651 = DIRECTION('',(1.,0.));
#14652 = ( GEOMETRIC_REPRESENTATION_CONTEXT(2) 
PARAMETRIC_REPRESENTATION_CONTEXT() REPRESENTATION_CONTEXT('2D SPACE',''
  ) );
#14653 = ORIENTED_EDGE('',*,*,#14654,.T.);
#14654 = EDGE_CURVE('',#14627,#14655,#14657,.T.);
#14655 = VERTEX_POINT('',#14656);
#14656 = CARTESIAN_POINT('',(160.5,4.6,164.));
#14657 = SURFACE_CURVE('',#14658,(#14662,#14668),.PCURVE_S1.);
#14658 = LINE('',#14659,#14660);
#14659 = CARTESIAN_POINT('',(160.5,4.1,164.));
#14660 = VECTOR('',#14661,1.);
#14661 = DIRECTION('',(0.,1.,0.));
#14662 = PCURVE('',#1553,#14663);
#14663 = DEFINITIONAL_REPRESENTATION('',(#14664),#14667);
#14664 = B_SPLINE_CURVE_WITH_KNOTS('',1,(#14665,#14666),.UNSPECIFIED.,
  .F.,.F.,(2,2),(0.,0.5),.PIECEWISE_BEZIER_KNOTS.);
#14665 = CARTESIAN_POINT('',(9.424777960769,0.));
#14666 = CARTESIAN_POINT('',(9.424777960769,0.5));
#14667 = ( GEOMETRIC_REPRESENTATION_CONTEXT(2) 
PARAMETRIC_REPRESENTATION_CONTEXT() REPRESENTATION_CONTEXT('2D SPACE',''
  ) );
#14668 = PCURVE('',#1579,#14669);
#14669 = DEFINITIONAL_REPRESENTATION('',(#14670),#14673);
#14670 = B_SPLINE_CURVE_WITH_KNOTS('',1,(#14671,#14672),.UNSPECIFIED.,
  .F.,.F.,(2,2),(-2.399999999625E-06,0.96),.PIECEWISE_BEZIER_KNOTS.);
#14671 = CARTESIAN_POINT('',(155.5,5.0999976));
#14672 = CARTESIAN_POINT('',(155.5,6.06));
#14673 = ( GEOMETRIC_REPRESENTATION_CONTEXT(2) 
PARAMETRIC_REPRESENTATION_CONTEXT() REPRESENTATION_CONTEXT('2D SPACE',''
  ) );
#14674 = ORIENTED_EDGE('',*,*,#14675,.T.);
#14675 = EDGE_CURVE('',#14655,#14676,#14678,.T.);
#14676 = VERTEX_POINT('',#14677);
#14677 = CARTESIAN_POINT('',(163.,4.6,167.70809924354));
#14678 = SURFACE_CURVE('',#14679,(#14684,#14690),.PCURVE_S1.);
#14679 = CIRCLE('',#14680,4.);
#14680 = AXIS2_PLACEMENT_3D('',#14681,#14682,#14683);
#14681 = CARTESIAN_POINT('',(164.5,4.6,164.));
#14682 = DIRECTION('',(0.,1.,0.));
#14683 = DIRECTION('',(1.,0.,-0.));
#14684 = PCURVE('',#1553,#14685);
#14685 = DEFINITIONAL_REPRESENTATION('',(#14686),#14689);
#14686 = B_SPLINE_CURVE_WITH_KNOTS('',1,(#14687,#14688),.UNSPECIFIED.,
  .F.,.F.,(2,2),(3.14159265359,4.327992205889),
  .PIECEWISE_BEZIER_KNOTS.);
#14687 = CARTESIAN_POINT('',(9.424777960769,0.5));
#14688 = CARTESIAN_POINT('',(10.611177513069,0.5));
#14689 = ( GEOMETRIC_REPRESENTATION_CONTEXT(2) 
PARAMETRIC_REPRESENTATION_CONTEXT() REPRESENTATION_CONTEXT('2D SPACE',''
  ) );
#14690 = PCURVE('',#14691,#14696);
#14691 = PLANE('',#14692);
#14692 = AXIS2_PLACEMENT_3D('',#14693,#14694,#14695);
#14693 = CARTESIAN_POINT('',(90.,4.6,85.75));
#14694 = DIRECTION('',(0.,-1.,0.));
#14695 = DIRECTION('',(1.,0.,0.));
#14696 = DEFINITIONAL_REPRESENTATION('',(#14697),#14705);
#14697 = ( BOUNDED_CURVE() B_SPLINE_CURVE(2,(#14698,#14699,#14700,#14701
    ,#14702,#14703,#14704),.UNSPECIFIED.,.T.,.F.) 
B_SPLINE_CURVE_WITH_KNOTS((1,2,2,2,2,1),(-2.094395102393,0.,
    2.094395102393,4.188790204786,6.28318530718,8.377580409573),
.UNSPECIFIED.) CURVE() GEOMETRIC_REPRESENTATION_ITEM() 
RATIONAL_B_SPLINE_CURVE((1.,0.5,1.,0.5,1.,0.5,1.)) REPRESENTATION_ITEM(
  '') );
#14698 = CARTESIAN_POINT('',(78.5,78.25));
#14699 = CARTESIAN_POINT('',(78.5,71.321796769725));
#14700 = CARTESIAN_POINT('',(72.5,74.785898384862));
#14701 = CARTESIAN_POINT('',(66.5,78.25));
#14702 = CARTESIAN_POINT('',(72.5,81.714101615138));
#14703 = CARTESIAN_POINT('',(78.5,85.178203230276));
#14704 = CARTESIAN_POINT('',(78.5,78.25));
#14705 = ( GEOMETRIC_REPRESENTATION_CONTEXT(2) 
PARAMETRIC_REPRESENTATION_CONTEXT() REPRESENTATION_CONTEXT('2D SPACE',''
  ) );
#14706 = ORIENTED_EDGE('',*,*,#14707,.T.);
#14707 = EDGE_CURVE('',#14676,#14556,#14708,.T.);
#14708 = SURFACE_CURVE('',#14709,(#14713,#14719),.PCURVE_S1.);
#14709 = LINE('',#14710,#14711);
#14710 = CARTESIAN_POINT('',(163.,4.1,167.70809924354));
#14711 = VECTOR('',#14712,1.);
#14712 = DIRECTION('',(0.,1.,0.));
#14713 = PCURVE('',#1553,#14714);
#14714 = DEFINITIONAL_REPRESENTATION('',(#14715),#14718);
#14715 = B_SPLINE_CURVE_WITH_KNOTS('',1,(#14716,#14717),.UNSPECIFIED.,
  .F.,.F.,(2,2),(0.5,4.4),.PIECEWISE_BEZIER_KNOTS.);
#14716 = CARTESIAN_POINT('',(10.611177513069,0.5));
#14717 = CARTESIAN_POINT('',(10.611177513069,4.4));
#14718 = ( GEOMETRIC_REPRESENTATION_CONTEXT(2) 
PARAMETRIC_REPRESENTATION_CONTEXT() REPRESENTATION_CONTEXT('2D SPACE',''
  ) );
#14719 = PCURVE('',#14720,#14725);
#14720 = PLANE('',#14721);
#14721 = AXIS2_PLACEMENT_3D('',#14722,#14723,#14724);
#14722 = CARTESIAN_POINT('',(163.,4.1,164.));
#14723 = DIRECTION('',(1.,0.,-0.));
#14724 = DIRECTION('',(0.,0.,1.));
#14725 = DEFINITIONAL_REPRESENTATION('',(#14726),#14729);
#14726 = B_SPLINE_CURVE_WITH_KNOTS('',1,(#14727,#14728),.UNSPECIFIED.,
  .F.,.F.,(2,2),(-2.399999999625E-06,4.4000024),
  .PIECEWISE_BEZIER_KNOTS.);
#14727 = CARTESIAN_POINT('',(3.708099243548,2.399999999625E-06));
#14728 = CARTESIAN_POINT('',(3.708099243548,-4.4000024));
#14729 = ( GEOMETRIC_REPRESENTATION_CONTEXT(2) 
PARAMETRIC_REPRESENTATION_CONTEXT() REPRESENTATION_CONTEXT('2D SPACE',''
  ) );
#14730 = ADVANCED_FACE('',(#14731),#14720,.F.);
#14731 = FACE_BOUND('',#14732,.F.);
#14732 = EDGE_LOOP('',(#14733,#14756,#14777,#14796));
#14733 = ORIENTED_EDGE('',*,*,#14734,.T.);
#14734 = EDGE_CURVE('',#14556,#14735,#14737,.T.);
#14735 = VERTEX_POINT('',#14736);
#14736 = CARTESIAN_POINT('',(163.,8.5,169.));
#14737 = SURFACE_CURVE('',#14738,(#14742,#14749),.PCURVE_S1.);
#14738 = LINE('',#14739,#14740);
#14739 = CARTESIAN_POINT('',(163.,8.5,164.));
#14740 = VECTOR('',#14741,1.);
#14741 = DIRECTION('',(0.,0.,1.));
#14742 = PCURVE('',#14720,#14743);
#14743 = DEFINITIONAL_REPRESENTATION('',(#14744),#14748);
#14744 = LINE('',#14745,#14746);
#14745 = CARTESIAN_POINT('',(0.,-4.4));
#14746 = VECTOR('',#14747,1.);
#14747 = DIRECTION('',(1.,0.));
#14748 = ( GEOMETRIC_REPRESENTATION_CONTEXT(2) 
PARAMETRIC_REPRESENTATION_CONTEXT() REPRESENTATION_CONTEXT('2D SPACE',''
  ) );
#14749 = PCURVE('',#14572,#14750);
#14750 = DEFINITIONAL_REPRESENTATION('',(#14751),#14755);
#14751 = LINE('',#14752,#14753);
#14752 = CARTESIAN_POINT('',(0.,0.));
#14753 = VECTOR('',#14754,1.);
#14754 = DIRECTION('',(1.,0.));
#14755 = ( GEOMETRIC_REPRESENTATION_CONTEXT(2) 
PARAMETRIC_REPRESENTATION_CONTEXT() REPRESENTATION_CONTEXT('2D SPACE',''
  ) );
#14756 = ORIENTED_EDGE('',*,*,#14757,.F.);
#14757 = EDGE_CURVE('',#14758,#14735,#14760,.T.);
#14758 = VERTEX_POINT('',#14759);
#14759 = CARTESIAN_POINT('',(163.,4.6,169.));
#14760 = SURFACE_CURVE('',#14761,(#14765,#14771),.PCURVE_S1.);
#14761 = LINE('',#14762,#14763);
#14762 = CARTESIAN_POINT('',(163.,37.6,169.));
#14763 = VECTOR('',#14764,1.);
#14764 = DIRECTION('',(-0.,1.,-0.));
#14765 = PCURVE('',#14720,#14766);
#14766 = DEFINITIONAL_REPRESENTATION('',(#14767),#14770);
#14767 = B_SPLINE_CURVE_WITH_KNOTS('',1,(#14768,#14769),.UNSPECIFIED.,
  .F.,.F.,(2,2),(-33.,-29.1),.PIECEWISE_BEZIER_KNOTS.);
#14768 = CARTESIAN_POINT('',(5.,-0.5));
#14769 = CARTESIAN_POINT('',(5.,-4.4));
#14770 = ( GEOMETRIC_REPRESENTATION_CONTEXT(2) 
PARAMETRIC_REPRESENTATION_CONTEXT() REPRESENTATION_CONTEXT('2D SPACE',''
  ) );
#14771 = PCURVE('',#1494,#14772);
#14772 = DEFINITIONAL_REPRESENTATION('',(#14773),#14776);
#14773 = B_SPLINE_CURVE_WITH_KNOTS('',1,(#14774,#14775),.UNSPECIFIED.,
  .F.,.F.,(2,2),(-33.,-29.1),.PIECEWISE_BEZIER_KNOTS.);
#14774 = CARTESIAN_POINT('',(151.,-66.5));
#14775 = CARTESIAN_POINT('',(151.,-62.6));
#14776 = ( GEOMETRIC_REPRESENTATION_CONTEXT(2) 
PARAMETRIC_REPRESENTATION_CONTEXT() REPRESENTATION_CONTEXT('2D SPACE',''
  ) );
#14777 = ORIENTED_EDGE('',*,*,#14778,.F.);
#14778 = EDGE_CURVE('',#14676,#14758,#14779,.T.);
#14779 = SURFACE_CURVE('',#14780,(#14784,#14790),.PCURVE_S1.);
#14780 = LINE('',#14781,#14782);
#14781 = CARTESIAN_POINT('',(163.,4.6,124.875));
#14782 = VECTOR('',#14783,1.);
#14783 = DIRECTION('',(0.,0.,1.));
#14784 = PCURVE('',#14720,#14785);
#14785 = DEFINITIONAL_REPRESENTATION('',(#14786),#14789);
#14786 = B_SPLINE_CURVE_WITH_KNOTS('',1,(#14787,#14788),.UNSPECIFIED.,
  .F.,.F.,(2,2),(39.125,44.125),.PIECEWISE_BEZIER_KNOTS.);
#14787 = CARTESIAN_POINT('',(0.,-0.5));
#14788 = CARTESIAN_POINT('',(5.,-0.5));
#14789 = ( GEOMETRIC_REPRESENTATION_CONTEXT(2) 
PARAMETRIC_REPRESENTATION_CONTEXT() REPRESENTATION_CONTEXT('2D SPACE',''
  ) );
#14790 = PCURVE('',#14691,#14791);
#14791 = DEFINITIONAL_REPRESENTATION('',(#14792),#14795);
#14792 = B_SPLINE_CURVE_WITH_KNOTS('',1,(#14793,#14794),.UNSPECIFIED.,
  .F.,.F.,(2,2),(39.125,44.125),.PIECEWISE_BEZIER_KNOTS.);
#14793 = CARTESIAN_POINT('',(73.,78.25));
#14794 = CARTESIAN_POINT('',(73.,83.25));
#14795 = ( GEOMETRIC_REPRESENTATION_CONTEXT(2) 
PARAMETRIC_REPRESENTATION_CONTEXT() REPRESENTATION_CONTEXT('2D SPACE',''
  ) );
#14796 = ORIENTED_EDGE('',*,*,#14707,.T.);
#14797 = ADVANCED_FACE('',(#14798),#14691,.F.);
#14798 = FACE_BOUND('',#14799,.F.);
#14799 = EDGE_LOOP('',(#14800,#14801,#14824,#14850,#14877,#14896));
#14800 = ORIENTED_EDGE('',*,*,#14778,.T.);
#14801 = ORIENTED_EDGE('',*,*,#14802,.F.);
#14802 = EDGE_CURVE('',#14803,#14758,#14805,.T.);
#14803 = VERTEX_POINT('',#14804);
#14804 = CARTESIAN_POINT('',(17.,4.6,169.));
#14805 = SURFACE_CURVE('',#14806,(#14810,#14817),.PCURVE_S1.);
#14806 = LINE('',#14807,#14808);
#14807 = CARTESIAN_POINT('',(90.,4.6,169.));
#14808 = VECTOR('',#14809,1.);
#14809 = DIRECTION('',(1.,0.,0.));
#14810 = PCURVE('',#14691,#14811);
#14811 = DEFINITIONAL_REPRESENTATION('',(#14812),#14816);
#14812 = LINE('',#14813,#14814);
#14813 = CARTESIAN_POINT('',(-1.024189225524E-15,83.25));
#14814 = VECTOR('',#14815,1.);
#14815 = DIRECTION('',(1.,0.));
#14816 = ( GEOMETRIC_REPRESENTATION_CONTEXT(2) 
PARAMETRIC_REPRESENTATION_CONTEXT() REPRESENTATION_CONTEXT('2D SPACE',''
  ) );
#14817 = PCURVE('',#1494,#14818);
#14818 = DEFINITIONAL_REPRESENTATION('',(#14819),#14823);
#14819 = LINE('',#14820,#14821);
#14820 = CARTESIAN_POINT('',(78.,-66.5));
#14821 = VECTOR('',#14822,1.);
#14822 = DIRECTION('',(1.,0.));
#14823 = ( GEOMETRIC_REPRESENTATION_CONTEXT(2) 
PARAMETRIC_REPRESENTATION_CONTEXT() REPRESENTATION_CONTEXT('2D SPACE',''
  ) );
#14824 = ORIENTED_EDGE('',*,*,#14825,.F.);
#14825 = EDGE_CURVE('',#14826,#14803,#14828,.T.);
#14826 = VERTEX_POINT('',#14827);
#14827 = CARTESIAN_POINT('',(17.,4.6,167.70809924354));
#14828 = SURFACE_CURVE('',#14829,(#14833,#14839),.PCURVE_S1.);
#14829 = LINE('',#14830,#14831);
#14830 = CARTESIAN_POINT('',(17.,4.6,124.875));
#14831 = VECTOR('',#14832,1.);
#14832 = DIRECTION('',(0.,0.,1.));
#14833 = PCURVE('',#14691,#14834);
#14834 = DEFINITIONAL_REPRESENTATION('',(#14835),#14838);
#14835 = B_SPLINE_CURVE_WITH_KNOTS('',1,(#14836,#14837),.UNSPECIFIED.,
  .F.,.F.,(2,2),(39.125,44.125),.PIECEWISE_BEZIER_KNOTS.);
#14836 = CARTESIAN_POINT('',(-73.,78.25));
#14837 = CARTESIAN_POINT('',(-73.,83.25));
#14838 = ( GEOMETRIC_REPRESENTATION_CONTEXT(2) 
PARAMETRIC_REPRESENTATION_CONTEXT() REPRESENTATION_CONTEXT('2D SPACE',''
  ) );
#14839 = PCURVE('',#14840,#14845);
#14840 = PLANE('',#14841);
#14841 = AXIS2_PLACEMENT_3D('',#14842,#14843,#14844);
#14842 = CARTESIAN_POINT('',(17.,4.1,164.));
#14843 = DIRECTION('',(1.,0.,-0.));
#14844 = DIRECTION('',(0.,0.,1.));
#14845 = DEFINITIONAL_REPRESENTATION('',(#14846),#14849);
#14846 = B_SPLINE_CURVE_WITH_KNOTS('',1,(#14847,#14848),.UNSPECIFIED.,
  .F.,.F.,(2,2),(39.125,44.125),.PIECEWISE_BEZIER_KNOTS.);
#14847 = CARTESIAN_POINT('',(0.,-0.5));
#14848 = CARTESIAN_POINT('',(5.,-0.5));
#14849 = ( GEOMETRIC_REPRESENTATION_CONTEXT(2) 
PARAMETRIC_REPRESENTATION_CONTEXT() REPRESENTATION_CONTEXT('2D SPACE',''
  ) );
#14850 = ORIENTED_EDGE('',*,*,#14851,.T.);
#14851 = EDGE_CURVE('',#14826,#14852,#14854,.T.);
#14852 = VERTEX_POINT('',#14853);
#14853 = CARTESIAN_POINT('',(19.5,4.6,164.));
#14854 = SURFACE_CURVE('',#14855,(#14860,#14871),.PCURVE_S1.);
#14855 = CIRCLE('',#14856,4.);
#14856 = AXIS2_PLACEMENT_3D('',#14857,#14858,#14859);
#14857 = CARTESIAN_POINT('',(15.5,4.6,164.));
#14858 = DIRECTION('',(0.,1.,0.));
#14859 = DIRECTION('',(1.,0.,-0.));
#14860 = PCURVE('',#14691,#14861);
#14861 = DEFINITIONAL_REPRESENTATION('',(#14862),#14870);
#14862 = ( BOUNDED_CURVE() B_SPLINE_CURVE(2,(#14863,#14864,#14865,#14866
    ,#14867,#14868,#14869),.UNSPECIFIED.,.T.,.F.) 
B_SPLINE_CURVE_WITH_KNOTS((1,2,2,2,2,1),(-2.094395102393,0.,
    2.094395102393,4.188790204786,6.28318530718,8.377580409573),
.UNSPECIFIED.) CURVE() GEOMETRIC_REPRESENTATION_ITEM() 
RATIONAL_B_SPLINE_CURVE((1.,0.5,1.,0.5,1.,0.5,1.)) REPRESENTATION_ITEM(
  '') );
#14863 = CARTESIAN_POINT('',(-70.5,78.25));
#14864 = CARTESIAN_POINT('',(-70.5,71.321796769725));
#14865 = CARTESIAN_POINT('',(-76.5,74.785898384862));
#14866 = CARTESIAN_POINT('',(-82.5,78.25));
#14867 = CARTESIAN_POINT('',(-76.5,81.714101615138));
#14868 = CARTESIAN_POINT('',(-70.5,85.178203230276));
#14869 = CARTESIAN_POINT('',(-70.5,78.25));
#14870 = ( GEOMETRIC_REPRESENTATION_CONTEXT(2) 
PARAMETRIC_REPRESENTATION_CONTEXT() REPRESENTATION_CONTEXT('2D SPACE',''
  ) );
#14871 = PCURVE('',#2026,#14872);
#14872 = DEFINITIONAL_REPRESENTATION('',(#14873),#14876);
#14873 = B_SPLINE_CURVE_WITH_KNOTS('',1,(#14874,#14875),.UNSPECIFIED.,
  .F.,.F.,(2,2),(5.09678575488,6.28318530718),.PIECEWISE_BEZIER_KNOTS.);
#14874 = CARTESIAN_POINT('',(5.09678575488,0.5));
#14875 = CARTESIAN_POINT('',(6.28318530718,0.5));
#14876 = ( GEOMETRIC_REPRESENTATION_CONTEXT(2) 
PARAMETRIC_REPRESENTATION_CONTEXT() REPRESENTATION_CONTEXT('2D SPACE',''
  ) );
#14877 = ORIENTED_EDGE('',*,*,#14878,.F.);
#14878 = EDGE_CURVE('',#14655,#14852,#14879,.T.);
#14879 = SURFACE_CURVE('',#14880,(#14884,#14890),.PCURVE_S1.);
#14880 = LINE('',#14881,#14882);
#14881 = CARTESIAN_POINT('',(47.5,4.6,164.));
#14882 = VECTOR('',#14883,1.);
#14883 = DIRECTION('',(-1.,0.,0.));
#14884 = PCURVE('',#14691,#14885);
#14885 = DEFINITIONAL_REPRESENTATION('',(#14886),#14889);
#14886 = B_SPLINE_CURVE_WITH_KNOTS('',1,(#14887,#14888),.UNSPECIFIED.,
  .F.,.F.,(2,2),(-127.5,42.5),.PIECEWISE_BEZIER_KNOTS.);
#14887 = CARTESIAN_POINT('',(85.,78.25));
#14888 = CARTESIAN_POINT('',(-85.,78.25));
#14889 = ( GEOMETRIC_REPRESENTATION_CONTEXT(2) 
PARAMETRIC_REPRESENTATION_CONTEXT() REPRESENTATION_CONTEXT('2D SPACE',''
  ) );
#14890 = PCURVE('',#1579,#14891);
#14891 = DEFINITIONAL_REPRESENTATION('',(#14892),#14895);
#14892 = B_SPLINE_CURVE_WITH_KNOTS('',1,(#14893,#14894),.UNSPECIFIED.,
  .F.,.F.,(2,2),(-127.5,42.5),.PIECEWISE_BEZIER_KNOTS.);
#14893 = CARTESIAN_POINT('',(170.,5.6));
#14894 = CARTESIAN_POINT('',(0.,5.6));
#14895 = ( GEOMETRIC_REPRESENTATION_CONTEXT(2) 
PARAMETRIC_REPRESENTATION_CONTEXT() REPRESENTATION_CONTEXT('2D SPACE',''
  ) );
#14896 = ORIENTED_EDGE('',*,*,#14675,.T.);
#14897 = ADVANCED_FACE('',(#14898),#14840,.T.);
#14898 = FACE_BOUND('',#14899,.T.);
#14899 = EDGE_LOOP('',(#14900,#14930,#14949,#14950));
#14900 = ORIENTED_EDGE('',*,*,#14901,.T.);
#14901 = EDGE_CURVE('',#14902,#14904,#14906,.T.);
#14902 = VERTEX_POINT('',#14903);
#14903 = CARTESIAN_POINT('',(17.,8.5,167.70809924354));
#14904 = VERTEX_POINT('',#14905);
#14905 = CARTESIAN_POINT('',(17.,8.5,169.));
#14906 = SURFACE_CURVE('',#14907,(#14911,#14918),.PCURVE_S1.);
#14907 = LINE('',#14908,#14909);
#14908 = CARTESIAN_POINT('',(17.,8.5,164.));
#14909 = VECTOR('',#14910,1.);
#14910 = DIRECTION('',(0.,0.,1.));
#14911 = PCURVE('',#14840,#14912);
#14912 = DEFINITIONAL_REPRESENTATION('',(#14913),#14917);
#14913 = LINE('',#14914,#14915);
#14914 = CARTESIAN_POINT('',(0.,-4.4));
#14915 = VECTOR('',#14916,1.);
#14916 = DIRECTION('',(1.,0.));
#14917 = ( GEOMETRIC_REPRESENTATION_CONTEXT(2) 
PARAMETRIC_REPRESENTATION_CONTEXT() REPRESENTATION_CONTEXT('2D SPACE',''
  ) );
#14918 = PCURVE('',#14919,#14924);
#14919 = PLANE('',#14920);
#14920 = AXIS2_PLACEMENT_3D('',#14921,#14922,#14923);
#14921 = CARTESIAN_POINT('',(14.,8.5,164.));
#14922 = DIRECTION('',(-0.,1.,0.));
#14923 = DIRECTION('',(0.,0.,1.));
#14924 = DEFINITIONAL_REPRESENTATION('',(#14925),#14929);
#14925 = LINE('',#14926,#14927);
#14926 = CARTESIAN_POINT('',(0.,3.));
#14927 = VECTOR('',#14928,1.);
#14928 = DIRECTION('',(1.,0.));
#14929 = ( GEOMETRIC_REPRESENTATION_CONTEXT(2) 
PARAMETRIC_REPRESENTATION_CONTEXT() REPRESENTATION_CONTEXT('2D SPACE',''
  ) );
#14930 = ORIENTED_EDGE('',*,*,#14931,.F.);
#14931 = EDGE_CURVE('',#14803,#14904,#14932,.T.);
#14932 = SURFACE_CURVE('',#14933,(#14937,#14943),.PCURVE_S1.);
#14933 = LINE('',#14934,#14935);
#14934 = CARTESIAN_POINT('',(17.,37.6,169.));
#14935 = VECTOR('',#14936,1.);
#14936 = DIRECTION('',(-0.,1.,-0.));
#14937 = PCURVE('',#14840,#14938);
#14938 = DEFINITIONAL_REPRESENTATION('',(#14939),#14942);
#14939 = B_SPLINE_CURVE_WITH_KNOTS('',1,(#14940,#14941),.UNSPECIFIED.,
  .F.,.F.,(2,2),(-33.,-29.1),.PIECEWISE_BEZIER_KNOTS.);
#14940 = CARTESIAN_POINT('',(5.,-0.5));
#14941 = CARTESIAN_POINT('',(5.,-4.4));
#14942 = ( GEOMETRIC_REPRESENTATION_CONTEXT(2) 
PARAMETRIC_REPRESENTATION_CONTEXT() REPRESENTATION_CONTEXT('2D SPACE',''
  ) );
#14943 = PCURVE('',#1494,#14944);
#14944 = DEFINITIONAL_REPRESENTATION('',(#14945),#14948);
#14945 = B_SPLINE_CURVE_WITH_KNOTS('',1,(#14946,#14947),.UNSPECIFIED.,
  .F.,.F.,(2,2),(-33.,-29.1),.PIECEWISE_BEZIER_KNOTS.);
#14946 = CARTESIAN_POINT('',(5.,-66.5));
#14947 = CARTESIAN_POINT('',(5.,-62.6));
#14948 = ( GEOMETRIC_REPRESENTATION_CONTEXT(2) 
PARAMETRIC_REPRESENTATION_CONTEXT() REPRESENTATION_CONTEXT('2D SPACE',''
  ) );
#14949 = ORIENTED_EDGE('',*,*,#14825,.F.);
#14950 = ORIENTED_EDGE('',*,*,#14951,.T.);
#14951 = EDGE_CURVE('',#14826,#14902,#14952,.T.);
#14952 = SURFACE_CURVE('',#14953,(#14957,#14963),.PCURVE_S1.);
#14953 = LINE('',#14954,#14955);
#14954 = CARTESIAN_POINT('',(17.,4.1,167.70809924354));
#14955 = VECTOR('',#14956,1.);
#14956 = DIRECTION('',(0.,1.,0.));
#14957 = PCURVE('',#14840,#14958);
#14958 = DEFINITIONAL_REPRESENTATION('',(#14959),#14962);
#14959 = B_SPLINE_CURVE_WITH_KNOTS('',1,(#14960,#14961),.UNSPECIFIED.,
  .F.,.F.,(2,2),(-2.399999999625E-06,4.4000024),
  .PIECEWISE_BEZIER_KNOTS.);
#14960 = CARTESIAN_POINT('',(3.708099243548,2.399999999625E-06));
#14961 = CARTESIAN_POINT('',(3.708099243548,-4.4000024));
#14962 = ( GEOMETRIC_REPRESENTATION_CONTEXT(2) 
PARAMETRIC_REPRESENTATION_CONTEXT() REPRESENTATION_CONTEXT('2D SPACE',''
  ) );
#14963 = PCURVE('',#2026,#14964);
#14964 = DEFINITIONAL_REPRESENTATION('',(#14965),#14968);
#14965 = B_SPLINE_CURVE_WITH_KNOTS('',1,(#14966,#14967),.UNSPECIFIED.,
  .F.,.F.,(2,2),(0.5,4.4),.PIECEWISE_BEZIER_KNOTS.);
#14966 = CARTESIAN_POINT('',(5.09678575488,0.5));
#14967 = CARTESIAN_POINT('',(5.09678575488,4.4));
#14968 = ( GEOMETRIC_REPRESENTATION_CONTEXT(2) 
PARAMETRIC_REPRESENTATION_CONTEXT() REPRESENTATION_CONTEXT('2D SPACE',''
  ) );
#14969 = ADVANCED_FACE('',(#14970,#15040),#14919,.T.);
#14970 = FACE_BOUND('',#14971,.T.);
#14971 = EDGE_LOOP('',(#14972,#14973,#14997,#15020));
#14972 = ORIENTED_EDGE('',*,*,#14901,.F.);
#14973 = ORIENTED_EDGE('',*,*,#14974,.T.);
#14974 = EDGE_CURVE('',#14902,#14975,#14977,.T.);
#14975 = VERTEX_POINT('',#14976);
#14976 = CARTESIAN_POINT('',(14.,8.5,167.70809924354));
#14977 = SURFACE_CURVE('',#14978,(#14983,#14990),.PCURVE_S1.);
#14978 = CIRCLE('',#14979,4.);
#14979 = AXIS2_PLACEMENT_3D('',#14980,#14981,#14982);
#14980 = CARTESIAN_POINT('',(15.5,8.5,164.));
#14981 = DIRECTION('',(0.,1.,0.));
#14982 = DIRECTION('',(0.375,-0.,0.927024810887));
#14983 = PCURVE('',#14919,#14984);
#14984 = DEFINITIONAL_REPRESENTATION('',(#14985),#14989);
#14985 = CIRCLE('',#14986,4.);
#14986 = AXIS2_PLACEMENT_2D('',#14987,#14988);
#14987 = CARTESIAN_POINT('',(0.,1.5));
#14988 = DIRECTION('',(0.927024810887,0.375));
#14989 = ( GEOMETRIC_REPRESENTATION_CONTEXT(2) 
PARAMETRIC_REPRESENTATION_CONTEXT() REPRESENTATION_CONTEXT('2D SPACE',''
  ) );
#14990 = PCURVE('',#2026,#14991);
#14991 = DEFINITIONAL_REPRESENTATION('',(#14992),#14996);
#14992 = LINE('',#14993,#14994);
#14993 = CARTESIAN_POINT('',(5.09678575488,4.4));
#14994 = VECTOR('',#14995,1.);
#14995 = DIRECTION('',(1.,0.));
#14996 = ( GEOMETRIC_REPRESENTATION_CONTEXT(2) 
PARAMETRIC_REPRESENTATION_CONTEXT() REPRESENTATION_CONTEXT('2D SPACE',''
  ) );
#14997 = ORIENTED_EDGE('',*,*,#14998,.T.);
#14998 = EDGE_CURVE('',#14975,#14999,#15001,.T.);
#14999 = VERTEX_POINT('',#15000);
#15000 = CARTESIAN_POINT('',(14.,8.5,169.));
#15001 = SURFACE_CURVE('',#15002,(#15006,#15013),.PCURVE_S1.);
#15002 = LINE('',#15003,#15004);
#15003 = CARTESIAN_POINT('',(14.,8.5,164.));
#15004 = VECTOR('',#15005,1.);
#15005 = DIRECTION('',(0.,0.,1.));
#15006 = PCURVE('',#14919,#15007);
#15007 = DEFINITIONAL_REPRESENTATION('',(#15008),#15012);
#15008 = LINE('',#15009,#15010);
#15009 = CARTESIAN_POINT('',(0.,0.));
#15010 = VECTOR('',#15011,1.);
#15011 = DIRECTION('',(1.,0.));
#15012 = ( GEOMETRIC_REPRESENTATION_CONTEXT(2) 
PARAMETRIC_REPRESENTATION_CONTEXT() REPRESENTATION_CONTEXT('2D SPACE',''
  ) );
#15013 = PCURVE('',#2052,#15014);
#15014 = DEFINITIONAL_REPRESENTATION('',(#15015),#15019);
#15015 = LINE('',#15016,#15017);
#15016 = CARTESIAN_POINT('',(0.,-4.4));
#15017 = VECTOR('',#15018,1.);
#15018 = DIRECTION('',(1.,0.));
#15019 = ( GEOMETRIC_REPRESENTATION_CONTEXT(2) 
PARAMETRIC_REPRESENTATION_CONTEXT() REPRESENTATION_CONTEXT('2D SPACE',''
  ) );
#15020 = ORIENTED_EDGE('',*,*,#15021,.F.);
#15021 = EDGE_CURVE('',#14904,#14999,#15022,.T.);
#15022 = SURFACE_CURVE('',#15023,(#15027,#15034),.PCURVE_S1.);
#15023 = LINE('',#15024,#15025);
#15024 = CARTESIAN_POINT('',(13.,8.5,169.));
#15025 = VECTOR('',#15026,1.);
#15026 = DIRECTION('',(-1.,0.,0.));
#15027 = PCURVE('',#14919,#15028);
#15028 = DEFINITIONAL_REPRESENTATION('',(#15029),#15033);
#15029 = LINE('',#15030,#15031);
#15030 = CARTESIAN_POINT('',(5.,-1.));
#15031 = VECTOR('',#15032,1.);
#15032 = DIRECTION('',(0.,-1.));
#15033 = ( GEOMETRIC_REPRESENTATION_CONTEXT(2) 
PARAMETRIC_REPRESENTATION_CONTEXT() REPRESENTATION_CONTEXT('2D SPACE',''
  ) );
#15034 = PCURVE('',#1494,#15035);
#15035 = DEFINITIONAL_REPRESENTATION('',(#15036),#15039);
#15036 = B_SPLINE_CURVE_WITH_KNOTS('',1,(#15037,#15038),.UNSPECIFIED.,
  .F.,.F.,(2,2),(-4.,-1.),.PIECEWISE_BEZIER_KNOTS.);
#15037 = CARTESIAN_POINT('',(5.,-62.6));
#15038 = CARTESIAN_POINT('',(2.,-62.6));
#15039 = ( GEOMETRIC_REPRESENTATION_CONTEXT(2) 
PARAMETRIC_REPRESENTATION_CONTEXT() REPRESENTATION_CONTEXT('2D SPACE',''
  ) );
#15040 = FACE_BOUND('',#15041,.T.);
#15041 = EDGE_LOOP('',(#15042));
#15042 = ORIENTED_EDGE('',*,*,#15043,.F.);
#15043 = EDGE_CURVE('',#15044,#15044,#15046,.T.);
#15044 = VERTEX_POINT('',#15045);
#15045 = CARTESIAN_POINT('',(17.6,8.5,164.));
#15046 = SURFACE_CURVE('',#15047,(#15052,#15059),.PCURVE_S1.);
#15047 = CIRCLE('',#15048,2.1);
#15048 = AXIS2_PLACEMENT_3D('',#15049,#15050,#15051);
#15049 = CARTESIAN_POINT('',(15.5,8.5,164.));
#15050 = DIRECTION('',(0.,1.,0.));
#15051 = DIRECTION('',(1.,0.,-0.));
#15052 = PCURVE('',#14919,#15053);
#15053 = DEFINITIONAL_REPRESENTATION('',(#15054),#15058);
#15054 = CIRCLE('',#15055,2.1);
#15055 = AXIS2_PLACEMENT_2D('',#15056,#15057);
#15056 = CARTESIAN_POINT('',(0.,1.5));
#15057 = DIRECTION('',(0.,1.));
#15058 = ( GEOMETRIC_REPRESENTATION_CONTEXT(2) 
PARAMETRIC_REPRESENTATION_CONTEXT() REPRESENTATION_CONTEXT('2D SPACE',''
  ) );
#15059 = PCURVE('',#15060,#15065);
#15060 = CYLINDRICAL_SURFACE('',#15061,2.1);
#15061 = AXIS2_PLACEMENT_3D('',#15062,#15063,#15064);
#15062 = CARTESIAN_POINT('',(15.5,3.5,164.));
#15063 = DIRECTION('',(0.,1.,0.));
#15064 = DIRECTION('',(1.,0.,-0.));
#15065 = DEFINITIONAL_REPRESENTATION('',(#15066),#15070);
#15066 = LINE('',#15067,#15068);
#15067 = CARTESIAN_POINT('',(0.,5.));
#15068 = VECTOR('',#15069,1.);
#15069 = DIRECTION('',(1.,0.));
#15070 = ( GEOMETRIC_REPRESENTATION_CONTEXT(2) 
PARAMETRIC_REPRESENTATION_CONTEXT() REPRESENTATION_CONTEXT('2D SPACE',''
  ) );
#15071 = ADVANCED_FACE('',(#15072),#15060,.F.);
#15072 = FACE_BOUND('',#15073,.F.);
#15073 = EDGE_LOOP('',(#15074,#15075,#15098,#15127,#15148,#15177,#15198)
  );
#15074 = ORIENTED_EDGE('',*,*,#15043,.F.);
#15075 = ORIENTED_EDGE('',*,*,#15076,.F.);
#15076 = EDGE_CURVE('',#15077,#15044,#15079,.T.);
#15077 = VERTEX_POINT('',#15078);
#15078 = CARTESIAN_POINT('',(17.6,4.1,164.));
#15079 = SEAM_CURVE('',#15080,(#15084,#15091),.PCURVE_S1.);
#15080 = LINE('',#15081,#15082);
#15081 = CARTESIAN_POINT('',(17.6,3.5,164.));
#15082 = VECTOR('',#15083,1.);
#15083 = DIRECTION('',(0.,1.,0.));
#15084 = PCURVE('',#15060,#15085);
#15085 = DEFINITIONAL_REPRESENTATION('',(#15086),#15090);
#15086 = LINE('',#15087,#15088);
#15087 = CARTESIAN_POINT('',(6.28318530718,-0.));
#15088 = VECTOR('',#15089,1.);
#15089 = DIRECTION('',(0.,1.));
#15090 = ( GEOMETRIC_REPRESENTATION_CONTEXT(2) 
PARAMETRIC_REPRESENTATION_CONTEXT() REPRESENTATION_CONTEXT('2D SPACE',''
  ) );
#15091 = PCURVE('',#15060,#15092);
#15092 = DEFINITIONAL_REPRESENTATION('',(#15093),#15097);
#15093 = LINE('',#15094,#15095);
#15094 = CARTESIAN_POINT('',(0.,-0.));
#15095 = VECTOR('',#15096,1.);
#15096 = DIRECTION('',(0.,1.));
#15097 = ( GEOMETRIC_REPRESENTATION_CONTEXT(2) 
PARAMETRIC_REPRESENTATION_CONTEXT() REPRESENTATION_CONTEXT('2D SPACE',''
  ) );
#15098 = ORIENTED_EDGE('',*,*,#15099,.T.);
#15099 = EDGE_CURVE('',#15077,#15100,#15102,.T.);
#15100 = VERTEX_POINT('',#15101);
#15101 = CARTESIAN_POINT('',(13.399999999999,4.1,164.));
#15102 = SURFACE_CURVE('',#15103,(#15108,#15115),.PCURVE_S1.);
#15103 = CIRCLE('',#15104,2.1);
#15104 = AXIS2_PLACEMENT_3D('',#15105,#15106,#15107);
#15105 = CARTESIAN_POINT('',(15.5,4.1,164.));
#15106 = DIRECTION('',(0.,1.,0.));
#15107 = DIRECTION('',(1.,0.,-0.));
#15108 = PCURVE('',#15060,#15109);
#15109 = DEFINITIONAL_REPRESENTATION('',(#15110),#15114);
#15110 = LINE('',#15111,#15112);
#15111 = CARTESIAN_POINT('',(0.,0.6));
#15112 = VECTOR('',#15113,1.);
#15113 = DIRECTION('',(1.,0.));
#15114 = ( GEOMETRIC_REPRESENTATION_CONTEXT(2) 
PARAMETRIC_REPRESENTATION_CONTEXT() REPRESENTATION_CONTEXT('2D SPACE',''
  ) );
#15115 = PCURVE('',#15116,#15121);
#15116 = PLANE('',#15117);
#15117 = AXIS2_PLACEMENT_3D('',#15118,#15119,#15120);
#15118 = CARTESIAN_POINT('',(15.5,4.1,164.));
#15119 = DIRECTION('',(0.,1.,0.));
#15120 = DIRECTION('',(1.,0.,-0.));
#15121 = DEFINITIONAL_REPRESENTATION('',(#15122),#15126);
#15122 = CIRCLE('',#15123,2.1);
#15123 = AXIS2_PLACEMENT_2D('',#15124,#15125);
#15124 = CARTESIAN_POINT('',(0.,0.));
#15125 = DIRECTION('',(1.,0.));
#15126 = ( GEOMETRIC_REPRESENTATION_CONTEXT(2) 
PARAMETRIC_REPRESENTATION_CONTEXT() REPRESENTATION_CONTEXT('2D SPACE',''
  ) );
#15127 = ORIENTED_EDGE('',*,*,#15128,.F.);
#15128 = EDGE_CURVE('',#15129,#15100,#15131,.T.);
#15129 = VERTEX_POINT('',#15130);
#15130 = CARTESIAN_POINT('',(13.4,3.5,164.));
#15131 = SURFACE_CURVE('',#15132,(#15136,#15142),.PCURVE_S1.);
#15132 = LINE('',#15133,#15134);
#15133 = CARTESIAN_POINT('',(13.4,3.5,164.));
#15134 = VECTOR('',#15135,1.);
#15135 = DIRECTION('',(0.,1.,0.));
#15136 = PCURVE('',#15060,#15137);
#15137 = DEFINITIONAL_REPRESENTATION('',(#15138),#15141);
#15138 = B_SPLINE_CURVE_WITH_KNOTS('',1,(#15139,#15140),.UNSPECIFIED.,
  .F.,.F.,(2,2),(-5.999999999062E-07,1.56),.PIECEWISE_BEZIER_KNOTS.);
#15139 = CARTESIAN_POINT('',(3.14159265359,-5.999999999062E-07));
#15140 = CARTESIAN_POINT('',(3.14159265359,1.56));
#15141 = ( GEOMETRIC_REPRESENTATION_CONTEXT(2) 
PARAMETRIC_REPRESENTATION_CONTEXT() REPRESENTATION_CONTEXT('2D SPACE',''
  ) );
#15142 = PCURVE('',#1579,#15143);
#15143 = DEFINITIONAL_REPRESENTATION('',(#15144),#15147);
#15144 = B_SPLINE_CURVE_WITH_KNOTS('',1,(#15145,#15146),.UNSPECIFIED.,
  .F.,.F.,(2,2),(-5.999999999062E-07,1.56),.PIECEWISE_BEZIER_KNOTS.);
#15145 = CARTESIAN_POINT('',(8.4,4.4999994));
#15146 = CARTESIAN_POINT('',(8.4,6.06));
#15147 = ( GEOMETRIC_REPRESENTATION_CONTEXT(2) 
PARAMETRIC_REPRESENTATION_CONTEXT() REPRESENTATION_CONTEXT('2D SPACE',''
  ) );
#15148 = ORIENTED_EDGE('',*,*,#15149,.T.);
#15149 = EDGE_CURVE('',#15129,#15150,#15152,.T.);
#15150 = VERTEX_POINT('',#15151);
#15151 = CARTESIAN_POINT('',(17.6,3.5,164.));
#15152 = SURFACE_CURVE('',#15153,(#15158,#15165),.PCURVE_S1.);
#15153 = CIRCLE('',#15154,2.1);
#15154 = AXIS2_PLACEMENT_3D('',#15155,#15156,#15157);
#15155 = CARTESIAN_POINT('',(15.5,3.5,164.));
#15156 = DIRECTION('',(0.,1.,0.));
#15157 = DIRECTION('',(1.,0.,-0.));
#15158 = PCURVE('',#15060,#15159);
#15159 = DEFINITIONAL_REPRESENTATION('',(#15160),#15164);
#15160 = LINE('',#15161,#15162);
#15161 = CARTESIAN_POINT('',(0.,0.));
#15162 = VECTOR('',#15163,1.);
#15163 = DIRECTION('',(1.,0.));
#15164 = ( GEOMETRIC_REPRESENTATION_CONTEXT(2) 
PARAMETRIC_REPRESENTATION_CONTEXT() REPRESENTATION_CONTEXT('2D SPACE',''
  ) );
#15165 = PCURVE('',#15166,#15171);
#15166 = PLANE('',#15167);
#15167 = AXIS2_PLACEMENT_3D('',#15168,#15169,#15170);
#15168 = CARTESIAN_POINT('',(15.5,3.5,164.));
#15169 = DIRECTION('',(0.,1.,0.));
#15170 = DIRECTION('',(1.,0.,-0.));
#15171 = DEFINITIONAL_REPRESENTATION('',(#15172),#15176);
#15172 = CIRCLE('',#15173,2.1);
#15173 = AXIS2_PLACEMENT_2D('',#15174,#15175);
#15174 = CARTESIAN_POINT('',(0.,0.));
#15175 = DIRECTION('',(1.,0.));
#15176 = ( GEOMETRIC_REPRESENTATION_CONTEXT(2) 
PARAMETRIC_REPRESENTATION_CONTEXT() REPRESENTATION_CONTEXT('2D SPACE',''
  ) );
#15177 = ORIENTED_EDGE('',*,*,#15178,.T.);
#15178 = EDGE_CURVE('',#15150,#15077,#15179,.T.);
#15179 = SURFACE_CURVE('',#15180,(#15184,#15191),.PCURVE_S1.);
#15180 = LINE('',#15181,#15182);
#15181 = CARTESIAN_POINT('',(17.6,3.5,164.));
#15182 = VECTOR('',#15183,1.);
#15183 = DIRECTION('',(0.,1.,0.));
#15184 = PCURVE('',#15060,#15185);
#15185 = DEFINITIONAL_REPRESENTATION('',(#15186),#15190);
#15186 = LINE('',#15187,#15188);
#15187 = CARTESIAN_POINT('',(6.28318530718,-0.));
#15188 = VECTOR('',#15189,1.);
#15189 = DIRECTION('',(0.,1.));
#15190 = ( GEOMETRIC_REPRESENTATION_CONTEXT(2) 
PARAMETRIC_REPRESENTATION_CONTEXT() REPRESENTATION_CONTEXT('2D SPACE',''
  ) );
#15191 = PCURVE('',#1579,#15192);
#15192 = DEFINITIONAL_REPRESENTATION('',(#15193),#15197);
#15193 = LINE('',#15194,#15195);
#15194 = CARTESIAN_POINT('',(12.6,4.5));
#15195 = VECTOR('',#15196,1.);
#15196 = DIRECTION('',(0.,1.));
#15197 = ( GEOMETRIC_REPRESENTATION_CONTEXT(2) 
PARAMETRIC_REPRESENTATION_CONTEXT() REPRESENTATION_CONTEXT('2D SPACE',''
  ) );
#15198 = ORIENTED_EDGE('',*,*,#15076,.T.);
#15199 = ADVANCED_FACE('',(#15200),#15116,.F.);
#15200 = FACE_BOUND('',#15201,.F.);
#15201 = EDGE_LOOP('',(#15202,#15203,#15226,#15249));
#15202 = ORIENTED_EDGE('',*,*,#15099,.F.);
#15203 = ORIENTED_EDGE('',*,*,#15204,.T.);
#15204 = EDGE_CURVE('',#15077,#15205,#15207,.T.);
#15205 = VERTEX_POINT('',#15206);
#15206 = CARTESIAN_POINT('',(19.5,4.1,164.));
#15207 = SURFACE_CURVE('',#15208,(#15212,#15219),.PCURVE_S1.);
#15208 = LINE('',#15209,#15210);
#15209 = CARTESIAN_POINT('',(11.5,4.1,164.));
#15210 = VECTOR('',#15211,1.);
#15211 = DIRECTION('',(1.,0.,0.));
#15212 = PCURVE('',#15116,#15213);
#15213 = DEFINITIONAL_REPRESENTATION('',(#15214),#15218);
#15214 = LINE('',#15215,#15216);
#15215 = CARTESIAN_POINT('',(-4.,0.));
#15216 = VECTOR('',#15217,1.);
#15217 = DIRECTION('',(1.,0.));
#15218 = ( GEOMETRIC_REPRESENTATION_CONTEXT(2) 
PARAMETRIC_REPRESENTATION_CONTEXT() REPRESENTATION_CONTEXT('2D SPACE',''
  ) );
#15219 = PCURVE('',#1579,#15220);
#15220 = DEFINITIONAL_REPRESENTATION('',(#15221),#15225);
#15221 = LINE('',#15222,#15223);
#15222 = CARTESIAN_POINT('',(6.5,5.1));
#15223 = VECTOR('',#15224,1.);
#15224 = DIRECTION('',(1.,0.));
#15225 = ( GEOMETRIC_REPRESENTATION_CONTEXT(2) 
PARAMETRIC_REPRESENTATION_CONTEXT() REPRESENTATION_CONTEXT('2D SPACE',''
  ) );
#15226 = ORIENTED_EDGE('',*,*,#15227,.T.);
#15227 = EDGE_CURVE('',#15205,#15228,#15230,.T.);
#15228 = VERTEX_POINT('',#15229);
#15229 = CARTESIAN_POINT('',(11.5,4.1,164.));
#15230 = SURFACE_CURVE('',#15231,(#15236,#15243),.PCURVE_S1.);
#15231 = CIRCLE('',#15232,4.);
#15232 = AXIS2_PLACEMENT_3D('',#15233,#15234,#15235);
#15233 = CARTESIAN_POINT('',(15.5,4.1,164.));
#15234 = DIRECTION('',(0.,1.,0.));
#15235 = DIRECTION('',(1.,0.,-0.));
#15236 = PCURVE('',#15116,#15237);
#15237 = DEFINITIONAL_REPRESENTATION('',(#15238),#15242);
#15238 = CIRCLE('',#15239,4.);
#15239 = AXIS2_PLACEMENT_2D('',#15240,#15241);
#15240 = CARTESIAN_POINT('',(0.,0.));
#15241 = DIRECTION('',(1.,0.));
#15242 = ( GEOMETRIC_REPRESENTATION_CONTEXT(2) 
PARAMETRIC_REPRESENTATION_CONTEXT() REPRESENTATION_CONTEXT('2D SPACE',''
  ) );
#15243 = PCURVE('',#2026,#15244);
#15244 = DEFINITIONAL_REPRESENTATION('',(#15245),#15248);
#15245 = B_SPLINE_CURVE_WITH_KNOTS('',1,(#15246,#15247),.UNSPECIFIED.,
  .F.,.F.,(2,2),(0.,3.14159265359),.PIECEWISE_BEZIER_KNOTS.);
#15246 = CARTESIAN_POINT('',(6.28318530718,0.));
#15247 = CARTESIAN_POINT('',(9.424777960769,0.));
#15248 = ( GEOMETRIC_REPRESENTATION_CONTEXT(2) 
PARAMETRIC_REPRESENTATION_CONTEXT() REPRESENTATION_CONTEXT('2D SPACE',''
  ) );
#15249 = ORIENTED_EDGE('',*,*,#15250,.T.);
#15250 = EDGE_CURVE('',#15228,#15100,#15251,.T.);
#15251 = SURFACE_CURVE('',#15252,(#15256,#15263),.PCURVE_S1.);
#15252 = LINE('',#15253,#15254);
#15253 = CARTESIAN_POINT('',(11.5,4.1,164.));
#15254 = VECTOR('',#15255,1.);
#15255 = DIRECTION('',(1.,0.,0.));
#15256 = PCURVE('',#15116,#15257);
#15257 = DEFINITIONAL_REPRESENTATION('',(#15258),#15262);
#15258 = LINE('',#15259,#15260);
#15259 = CARTESIAN_POINT('',(-4.,0.));
#15260 = VECTOR('',#15261,1.);
#15261 = DIRECTION('',(1.,0.));
#15262 = ( GEOMETRIC_REPRESENTATION_CONTEXT(2) 
PARAMETRIC_REPRESENTATION_CONTEXT() REPRESENTATION_CONTEXT('2D SPACE',''
  ) );
#15263 = PCURVE('',#1579,#15264);
#15264 = DEFINITIONAL_REPRESENTATION('',(#15265),#15269);
#15265 = LINE('',#15266,#15267);
#15266 = CARTESIAN_POINT('',(6.5,5.1));
#15267 = VECTOR('',#15268,1.);
#15268 = DIRECTION('',(1.,0.));
#15269 = ( GEOMETRIC_REPRESENTATION_CONTEXT(2) 
PARAMETRIC_REPRESENTATION_CONTEXT() REPRESENTATION_CONTEXT('2D SPACE',''
  ) );
#15270 = ADVANCED_FACE('',(#15271),#15166,.T.);
#15271 = FACE_BOUND('',#15272,.T.);
#15272 = EDGE_LOOP('',(#15273,#15274));
#15273 = ORIENTED_EDGE('',*,*,#15149,.T.);
#15274 = ORIENTED_EDGE('',*,*,#15275,.T.);
#15275 = EDGE_CURVE('',#15150,#15129,#15276,.T.);
#15276 = SURFACE_CURVE('',#15277,(#15281,#15287),.PCURVE_S1.);
#15277 = LINE('',#15278,#15279);
#15278 = CARTESIAN_POINT('',(10.25,3.5,164.));
#15279 = VECTOR('',#15280,1.);
#15280 = DIRECTION('',(-1.,0.,0.));
#15281 = PCURVE('',#15166,#15282);
#15282 = DEFINITIONAL_REPRESENTATION('',(#15283),#15286);
#15283 = B_SPLINE_CURVE_WITH_KNOTS('',1,(#15284,#15285),.UNSPECIFIED.,
  .F.,.F.,(2,2),(-7.35,-3.15),.PIECEWISE_BEZIER_KNOTS.);
#15284 = CARTESIAN_POINT('',(2.1,0.));
#15285 = CARTESIAN_POINT('',(-2.1,0.));
#15286 = ( GEOMETRIC_REPRESENTATION_CONTEXT(2) 
PARAMETRIC_REPRESENTATION_CONTEXT() REPRESENTATION_CONTEXT('2D SPACE',''
  ) );
#15287 = PCURVE('',#1579,#15288);
#15288 = DEFINITIONAL_REPRESENTATION('',(#15289),#15292);
#15289 = B_SPLINE_CURVE_WITH_KNOTS('',1,(#15290,#15291),.UNSPECIFIED.,
  .F.,.F.,(2,2),(-7.35,-3.15),.PIECEWISE_BEZIER_KNOTS.);
#15290 = CARTESIAN_POINT('',(12.6,4.5));
#15291 = CARTESIAN_POINT('',(8.4,4.5));
#15292 = ( GEOMETRIC_REPRESENTATION_CONTEXT(2) 
PARAMETRIC_REPRESENTATION_CONTEXT() REPRESENTATION_CONTEXT('2D SPACE',''
  ) );
#15293 = ADVANCED_FACE('',(#15294),#14642,.F.);
#15294 = FACE_BOUND('',#15295,.F.);
#15295 = EDGE_LOOP('',(#15296,#15327,#15348,#15349));
#15296 = ORIENTED_EDGE('',*,*,#15297,.F.);
#15297 = EDGE_CURVE('',#15298,#15300,#15302,.T.);
#15298 = VERTEX_POINT('',#15299);
#15299 = CARTESIAN_POINT('',(166.6,4.1,164.));
#15300 = VERTEX_POINT('',#15301);
#15301 = CARTESIAN_POINT('',(162.39999999999,4.1,164.));
#15302 = SURFACE_CURVE('',#15303,(#15308,#15315),.PCURVE_S1.);
#15303 = CIRCLE('',#15304,2.1);
#15304 = AXIS2_PLACEMENT_3D('',#15305,#15306,#15307);
#15305 = CARTESIAN_POINT('',(164.5,4.1,164.));
#15306 = DIRECTION('',(0.,1.,0.));
#15307 = DIRECTION('',(1.,0.,-0.));
#15308 = PCURVE('',#14642,#15309);
#15309 = DEFINITIONAL_REPRESENTATION('',(#15310),#15314);
#15310 = CIRCLE('',#15311,2.1);
#15311 = AXIS2_PLACEMENT_2D('',#15312,#15313);
#15312 = CARTESIAN_POINT('',(0.,0.));
#15313 = DIRECTION('',(1.,0.));
#15314 = ( GEOMETRIC_REPRESENTATION_CONTEXT(2) 
PARAMETRIC_REPRESENTATION_CONTEXT() REPRESENTATION_CONTEXT('2D SPACE',''
  ) );
#15315 = PCURVE('',#15316,#15321);
#15316 = CYLINDRICAL_SURFACE('',#15317,2.1);
#15317 = AXIS2_PLACEMENT_3D('',#15318,#15319,#15320);
#15318 = CARTESIAN_POINT('',(164.5,3.5,164.));
#15319 = DIRECTION('',(0.,1.,0.));
#15320 = DIRECTION('',(1.,0.,-0.));
#15321 = DEFINITIONAL_REPRESENTATION('',(#15322),#15326);
#15322 = LINE('',#15323,#15324);
#15323 = CARTESIAN_POINT('',(0.,0.6));
#15324 = VECTOR('',#15325,1.);
#15325 = DIRECTION('',(1.,0.));
#15326 = ( GEOMETRIC_REPRESENTATION_CONTEXT(2) 
PARAMETRIC_REPRESENTATION_CONTEXT() REPRESENTATION_CONTEXT('2D SPACE',''
  ) );
#15327 = ORIENTED_EDGE('',*,*,#15328,.T.);
#15328 = EDGE_CURVE('',#15298,#14605,#15329,.T.);
#15329 = SURFACE_CURVE('',#15330,(#15334,#15341),.PCURVE_S1.);
#15330 = LINE('',#15331,#15332);
#15331 = CARTESIAN_POINT('',(160.5,4.1,164.));
#15332 = VECTOR('',#15333,1.);
#15333 = DIRECTION('',(1.,0.,0.));
#15334 = PCURVE('',#14642,#15335);
#15335 = DEFINITIONAL_REPRESENTATION('',(#15336),#15340);
#15336 = LINE('',#15337,#15338);
#15337 = CARTESIAN_POINT('',(-4.,0.));
#15338 = VECTOR('',#15339,1.);
#15339 = DIRECTION('',(1.,0.));
#15340 = ( GEOMETRIC_REPRESENTATION_CONTEXT(2) 
PARAMETRIC_REPRESENTATION_CONTEXT() REPRESENTATION_CONTEXT('2D SPACE',''
  ) );
#15341 = PCURVE('',#1579,#15342);
#15342 = DEFINITIONAL_REPRESENTATION('',(#15343),#15347);
#15343 = LINE('',#15344,#15345);
#15344 = CARTESIAN_POINT('',(155.5,5.1));
#15345 = VECTOR('',#15346,1.);
#15346 = DIRECTION('',(1.,0.));
#15347 = ( GEOMETRIC_REPRESENTATION_CONTEXT(2) 
PARAMETRIC_REPRESENTATION_CONTEXT() REPRESENTATION_CONTEXT('2D SPACE',''
  ) );
#15348 = ORIENTED_EDGE('',*,*,#14626,.T.);
#15349 = ORIENTED_EDGE('',*,*,#15350,.T.);
#15350 = EDGE_CURVE('',#14627,#15300,#15351,.T.);
#15351 = SURFACE_CURVE('',#15352,(#15356,#15363),.PCURVE_S1.);
#15352 = LINE('',#15353,#15354);
#15353 = CARTESIAN_POINT('',(160.5,4.1,164.));
#15354 = VECTOR('',#15355,1.);
#15355 = DIRECTION('',(1.,0.,0.));
#15356 = PCURVE('',#14642,#15357);
#15357 = DEFINITIONAL_REPRESENTATION('',(#15358),#15362);
#15358 = LINE('',#15359,#15360);
#15359 = CARTESIAN_POINT('',(-4.,0.));
#15360 = VECTOR('',#15361,1.);
#15361 = DIRECTION('',(1.,0.));
#15362 = ( GEOMETRIC_REPRESENTATION_CONTEXT(2) 
PARAMETRIC_REPRESENTATION_CONTEXT() REPRESENTATION_CONTEXT('2D SPACE',''
  ) );
#15363 = PCURVE('',#1579,#15364);
#15364 = DEFINITIONAL_REPRESENTATION('',(#15365),#15369);
#15365 = LINE('',#15366,#15367);
#15366 = CARTESIAN_POINT('',(155.5,5.1));
#15367 = VECTOR('',#15368,1.);
#15368 = DIRECTION('',(1.,0.));
#15369 = ( GEOMETRIC_REPRESENTATION_CONTEXT(2) 
PARAMETRIC_REPRESENTATION_CONTEXT() REPRESENTATION_CONTEXT('2D SPACE',''
  ) );
#15370 = ADVANCED_FACE('',(#15371),#15316,.F.);
#15371 = FACE_BOUND('',#15372,.F.);
#15372 = EDGE_LOOP('',(#15373,#15397,#15418,#15419,#15440,#15469,#15490)
  );
#15373 = ORIENTED_EDGE('',*,*,#15374,.F.);
#15374 = EDGE_CURVE('',#15375,#15375,#15377,.T.);
#15375 = VERTEX_POINT('',#15376);
#15376 = CARTESIAN_POINT('',(166.6,8.5,164.));
#15377 = SURFACE_CURVE('',#15378,(#15383,#15390),.PCURVE_S1.);
#15378 = CIRCLE('',#15379,2.1);
#15379 = AXIS2_PLACEMENT_3D('',#15380,#15381,#15382);
#15380 = CARTESIAN_POINT('',(164.5,8.5,164.));
#15381 = DIRECTION('',(0.,1.,0.));
#15382 = DIRECTION('',(1.,0.,-0.));
#15383 = PCURVE('',#15316,#15384);
#15384 = DEFINITIONAL_REPRESENTATION('',(#15385),#15389);
#15385 = LINE('',#15386,#15387);
#15386 = CARTESIAN_POINT('',(0.,5.));
#15387 = VECTOR('',#15388,1.);
#15388 = DIRECTION('',(1.,0.));
#15389 = ( GEOMETRIC_REPRESENTATION_CONTEXT(2) 
PARAMETRIC_REPRESENTATION_CONTEXT() REPRESENTATION_CONTEXT('2D SPACE',''
  ) );
#15390 = PCURVE('',#14572,#15391);
#15391 = DEFINITIONAL_REPRESENTATION('',(#15392),#15396);
#15392 = CIRCLE('',#15393,2.1);
#15393 = AXIS2_PLACEMENT_2D('',#15394,#15395);
#15394 = CARTESIAN_POINT('',(0.,1.5));
#15395 = DIRECTION('',(0.,1.));
#15396 = ( GEOMETRIC_REPRESENTATION_CONTEXT(2) 
PARAMETRIC_REPRESENTATION_CONTEXT() REPRESENTATION_CONTEXT('2D SPACE',''
  ) );
#15397 = ORIENTED_EDGE('',*,*,#15398,.F.);
#15398 = EDGE_CURVE('',#15298,#15375,#15399,.T.);
#15399 = SEAM_CURVE('',#15400,(#15404,#15411),.PCURVE_S1.);
#15400 = LINE('',#15401,#15402);
#15401 = CARTESIAN_POINT('',(166.6,3.5,164.));
#15402 = VECTOR('',#15403,1.);
#15403 = DIRECTION('',(0.,1.,0.));
#15404 = PCURVE('',#15316,#15405);
#15405 = DEFINITIONAL_REPRESENTATION('',(#15406),#15410);
#15406 = LINE('',#15407,#15408);
#15407 = CARTESIAN_POINT('',(6.28318530718,-0.));
#15408 = VECTOR('',#15409,1.);
#15409 = DIRECTION('',(0.,1.));
#15410 = ( GEOMETRIC_REPRESENTATION_CONTEXT(2) 
PARAMETRIC_REPRESENTATION_CONTEXT() REPRESENTATION_CONTEXT('2D SPACE',''
  ) );
#15411 = PCURVE('',#15316,#15412);
#15412 = DEFINITIONAL_REPRESENTATION('',(#15413),#15417);
#15413 = LINE('',#15414,#15415);
#15414 = CARTESIAN_POINT('',(0.,-0.));
#15415 = VECTOR('',#15416,1.);
#15416 = DIRECTION('',(0.,1.));
#15417 = ( GEOMETRIC_REPRESENTATION_CONTEXT(2) 
PARAMETRIC_REPRESENTATION_CONTEXT() REPRESENTATION_CONTEXT('2D SPACE',''
  ) );
#15418 = ORIENTED_EDGE('',*,*,#15297,.T.);
#15419 = ORIENTED_EDGE('',*,*,#15420,.F.);
#15420 = EDGE_CURVE('',#15421,#15300,#15423,.T.);
#15421 = VERTEX_POINT('',#15422);
#15422 = CARTESIAN_POINT('',(162.4,3.5,164.));
#15423 = SURFACE_CURVE('',#15424,(#15428,#15434),.PCURVE_S1.);
#15424 = LINE('',#15425,#15426);
#15425 = CARTESIAN_POINT('',(162.4,3.5,164.));
#15426 = VECTOR('',#15427,1.);
#15427 = DIRECTION('',(0.,1.,0.));
#15428 = PCURVE('',#15316,#15429);
#15429 = DEFINITIONAL_REPRESENTATION('',(#15430),#15433);
#15430 = B_SPLINE_CURVE_WITH_KNOTS('',1,(#15431,#15432),.UNSPECIFIED.,
  .F.,.F.,(2,2),(-5.999999999062E-07,1.56),.PIECEWISE_BEZIER_KNOTS.);
#15431 = CARTESIAN_POINT('',(3.14159265359,-5.999999999062E-07));
#15432 = CARTESIAN_POINT('',(3.14159265359,1.56));
#15433 = ( GEOMETRIC_REPRESENTATION_CONTEXT(2) 
PARAMETRIC_REPRESENTATION_CONTEXT() REPRESENTATION_CONTEXT('2D SPACE',''
  ) );
#15434 = PCURVE('',#1579,#15435);
#15435 = DEFINITIONAL_REPRESENTATION('',(#15436),#15439);
#15436 = B_SPLINE_CURVE_WITH_KNOTS('',1,(#15437,#15438),.UNSPECIFIED.,
  .F.,.F.,(2,2),(-5.999999999062E-07,1.56),.PIECEWISE_BEZIER_KNOTS.);
#15437 = CARTESIAN_POINT('',(157.4,4.4999994));
#15438 = CARTESIAN_POINT('',(157.4,6.06));
#15439 = ( GEOMETRIC_REPRESENTATION_CONTEXT(2) 
PARAMETRIC_REPRESENTATION_CONTEXT() REPRESENTATION_CONTEXT('2D SPACE',''
  ) );
#15440 = ORIENTED_EDGE('',*,*,#15441,.T.);
#15441 = EDGE_CURVE('',#15421,#15442,#15444,.T.);
#15442 = VERTEX_POINT('',#15443);
#15443 = CARTESIAN_POINT('',(166.6,3.5,164.));
#15444 = SURFACE_CURVE('',#15445,(#15450,#15457),.PCURVE_S1.);
#15445 = CIRCLE('',#15446,2.1);
#15446 = AXIS2_PLACEMENT_3D('',#15447,#15448,#15449);
#15447 = CARTESIAN_POINT('',(164.5,3.5,164.));
#15448 = DIRECTION('',(0.,1.,0.));
#15449 = DIRECTION('',(1.,0.,-0.));
#15450 = PCURVE('',#15316,#15451);
#15451 = DEFINITIONAL_REPRESENTATION('',(#15452),#15456);
#15452 = LINE('',#15453,#15454);
#15453 = CARTESIAN_POINT('',(0.,0.));
#15454 = VECTOR('',#15455,1.);
#15455 = DIRECTION('',(1.,0.));
#15456 = ( GEOMETRIC_REPRESENTATION_CONTEXT(2) 
PARAMETRIC_REPRESENTATION_CONTEXT() REPRESENTATION_CONTEXT('2D SPACE',''
  ) );
#15457 = PCURVE('',#15458,#15463);
#15458 = PLANE('',#15459);
#15459 = AXIS2_PLACEMENT_3D('',#15460,#15461,#15462);
#15460 = CARTESIAN_POINT('',(164.5,3.5,164.));
#15461 = DIRECTION('',(0.,1.,0.));
#15462 = DIRECTION('',(1.,0.,-0.));
#15463 = DEFINITIONAL_REPRESENTATION('',(#15464),#15468);
#15464 = CIRCLE('',#15465,2.1);
#15465 = AXIS2_PLACEMENT_2D('',#15466,#15467);
#15466 = CARTESIAN_POINT('',(0.,0.));
#15467 = DIRECTION('',(1.,0.));
#15468 = ( GEOMETRIC_REPRESENTATION_CONTEXT(2) 
PARAMETRIC_REPRESENTATION_CONTEXT() REPRESENTATION_CONTEXT('2D SPACE',''
  ) );
#15469 = ORIENTED_EDGE('',*,*,#15470,.T.);
#15470 = EDGE_CURVE('',#15442,#15298,#15471,.T.);
#15471 = SURFACE_CURVE('',#15472,(#15476,#15483),.PCURVE_S1.);
#15472 = LINE('',#15473,#15474);
#15473 = CARTESIAN_POINT('',(166.6,3.5,164.));
#15474 = VECTOR('',#15475,1.);
#15475 = DIRECTION('',(0.,1.,0.));
#15476 = PCURVE('',#15316,#15477);
#15477 = DEFINITIONAL_REPRESENTATION('',(#15478),#15482);
#15478 = LINE('',#15479,#15480);
#15479 = CARTESIAN_POINT('',(6.28318530718,-0.));
#15480 = VECTOR('',#15481,1.);
#15481 = DIRECTION('',(0.,1.));
#15482 = ( GEOMETRIC_REPRESENTATION_CONTEXT(2) 
PARAMETRIC_REPRESENTATION_CONTEXT() REPRESENTATION_CONTEXT('2D SPACE',''
  ) );
#15483 = PCURVE('',#1579,#15484);
#15484 = DEFINITIONAL_REPRESENTATION('',(#15485),#15489);
#15485 = LINE('',#15486,#15487);
#15486 = CARTESIAN_POINT('',(161.6,4.5));
#15487 = VECTOR('',#15488,1.);
#15488 = DIRECTION('',(0.,1.));
#15489 = ( GEOMETRIC_REPRESENTATION_CONTEXT(2) 
PARAMETRIC_REPRESENTATION_CONTEXT() REPRESENTATION_CONTEXT('2D SPACE',''
  ) );
#15490 = ORIENTED_EDGE('',*,*,#15398,.T.);
#15491 = ADVANCED_FACE('',(#15492),#15458,.T.);
#15492 = FACE_BOUND('',#15493,.T.);
#15493 = EDGE_LOOP('',(#15494,#15495));
#15494 = ORIENTED_EDGE('',*,*,#15441,.T.);
#15495 = ORIENTED_EDGE('',*,*,#15496,.T.);
#15496 = EDGE_CURVE('',#15442,#15421,#15497,.T.);
#15497 = SURFACE_CURVE('',#15498,(#15502,#15508),.PCURVE_S1.);
#15498 = LINE('',#15499,#15500);
#15499 = CARTESIAN_POINT('',(84.75,3.5,164.));
#15500 = VECTOR('',#15501,1.);
#15501 = DIRECTION('',(-1.,0.,0.));
#15502 = PCURVE('',#15458,#15503);
#15503 = DEFINITIONAL_REPRESENTATION('',(#15504),#15507);
#15504 = B_SPLINE_CURVE_WITH_KNOTS('',1,(#15505,#15506),.UNSPECIFIED.,
  .F.,.F.,(2,2),(-81.85,-77.65),.PIECEWISE_BEZIER_KNOTS.);
#15505 = CARTESIAN_POINT('',(2.1,0.));
#15506 = CARTESIAN_POINT('',(-2.1,0.));
#15507 = ( GEOMETRIC_REPRESENTATION_CONTEXT(2) 
PARAMETRIC_REPRESENTATION_CONTEXT() REPRESENTATION_CONTEXT('2D SPACE',''
  ) );
#15508 = PCURVE('',#1579,#15509);
#15509 = DEFINITIONAL_REPRESENTATION('',(#15510),#15513);
#15510 = B_SPLINE_CURVE_WITH_KNOTS('',1,(#15511,#15512),.UNSPECIFIED.,
  .F.,.F.,(2,2),(-81.85,-77.65),.PIECEWISE_BEZIER_KNOTS.);
#15511 = CARTESIAN_POINT('',(161.6,4.5));
#15512 = CARTESIAN_POINT('',(157.4,4.5));
#15513 = ( GEOMETRIC_REPRESENTATION_CONTEXT(2) 
PARAMETRIC_REPRESENTATION_CONTEXT() REPRESENTATION_CONTEXT('2D SPACE',''
  ) );
#15514 = ADVANCED_FACE('',(#15515,#15562),#14572,.T.);
#15515 = FACE_BOUND('',#15516,.T.);
#15516 = EDGE_LOOP('',(#15517,#15540,#15541,#15542));
#15517 = ORIENTED_EDGE('',*,*,#15518,.F.);
#15518 = EDGE_CURVE('',#14554,#15519,#15521,.T.);
#15519 = VERTEX_POINT('',#15520);
#15520 = CARTESIAN_POINT('',(166.,8.5,169.));
#15521 = SURFACE_CURVE('',#15522,(#15526,#15533),.PCURVE_S1.);
#15522 = LINE('',#15523,#15524);
#15523 = CARTESIAN_POINT('',(166.,8.5,164.));
#15524 = VECTOR('',#15525,1.);
#15525 = DIRECTION('',(0.,0.,1.));
#15526 = PCURVE('',#14572,#15527);
#15527 = DEFINITIONAL_REPRESENTATION('',(#15528),#15532);
#15528 = LINE('',#15529,#15530);
#15529 = CARTESIAN_POINT('',(0.,3.));
#15530 = VECTOR('',#15531,1.);
#15531 = DIRECTION('',(1.,0.));
#15532 = ( GEOMETRIC_REPRESENTATION_CONTEXT(2) 
PARAMETRIC_REPRESENTATION_CONTEXT() REPRESENTATION_CONTEXT('2D SPACE',''
  ) );
#15533 = PCURVE('',#1521,#15534);
#15534 = DEFINITIONAL_REPRESENTATION('',(#15535),#15539);
#15535 = LINE('',#15536,#15537);
#15536 = CARTESIAN_POINT('',(0.,-4.4));
#15537 = VECTOR('',#15538,1.);
#15538 = DIRECTION('',(1.,0.));
#15539 = ( GEOMETRIC_REPRESENTATION_CONTEXT(2) 
PARAMETRIC_REPRESENTATION_CONTEXT() REPRESENTATION_CONTEXT('2D SPACE',''
  ) );
#15540 = ORIENTED_EDGE('',*,*,#14553,.T.);
#15541 = ORIENTED_EDGE('',*,*,#14734,.T.);
#15542 = ORIENTED_EDGE('',*,*,#15543,.F.);
#15543 = EDGE_CURVE('',#15519,#14735,#15544,.T.);
#15544 = SURFACE_CURVE('',#15545,(#15549,#15556),.PCURVE_S1.);
#15545 = LINE('',#15546,#15547);
#15546 = CARTESIAN_POINT('',(87.5,8.5,169.));
#15547 = VECTOR('',#15548,1.);
#15548 = DIRECTION('',(-1.,0.,0.));
#15549 = PCURVE('',#14572,#15550);
#15550 = DEFINITIONAL_REPRESENTATION('',(#15551),#15555);
#15551 = LINE('',#15552,#15553);
#15552 = CARTESIAN_POINT('',(5.,-75.5));
#15553 = VECTOR('',#15554,1.);
#15554 = DIRECTION('',(0.,-1.));
#15555 = ( GEOMETRIC_REPRESENTATION_CONTEXT(2) 
PARAMETRIC_REPRESENTATION_CONTEXT() REPRESENTATION_CONTEXT('2D SPACE',''
  ) );
#15556 = PCURVE('',#1494,#15557);
#15557 = DEFINITIONAL_REPRESENTATION('',(#15558),#15561);
#15558 = B_SPLINE_CURVE_WITH_KNOTS('',1,(#15559,#15560),.UNSPECIFIED.,
  .F.,.F.,(2,2),(-78.5,-75.5),.PIECEWISE_BEZIER_KNOTS.);
#15559 = CARTESIAN_POINT('',(154.,-62.6));
#15560 = CARTESIAN_POINT('',(151.,-62.6));
#15561 = ( GEOMETRIC_REPRESENTATION_CONTEXT(2) 
PARAMETRIC_REPRESENTATION_CONTEXT() REPRESENTATION_CONTEXT('2D SPACE',''
  ) );
#15562 = FACE_BOUND('',#15563,.T.);
#15563 = EDGE_LOOP('',(#15564));
#15564 = ORIENTED_EDGE('',*,*,#15374,.F.);
#15565 = ADVANCED_FACE('',(#15566),#1631,.T.);
#15566 = FACE_BOUND('',#15567,.T.);
#15567 = EDGE_LOOP('',(#15568,#15589,#15590,#15591,#15592,#15593,#15594,
    #15595,#15596,#15597,#15598,#15599,#15600,#15601,#15602,#15603,
    #15604,#15605,#15606,#15607));
#15568 = ORIENTED_EDGE('',*,*,#15569,.F.);
#15569 = EDGE_CURVE('',#4570,#1938,#15570,.T.);
#15570 = SURFACE_CURVE('',#15571,(#15575,#15582),.PCURVE_S1.);
#15571 = LINE('',#15572,#15573);
#15572 = CARTESIAN_POINT('',(5.,-1.,51.));
#15573 = VECTOR('',#15574,1.);
#15574 = DIRECTION('',(-0.,1.,0.));
#15575 = PCURVE('',#1631,#15576);
#15576 = DEFINITIONAL_REPRESENTATION('',(#15577),#15581);
#15577 = LINE('',#15578,#15579);
#15578 = CARTESIAN_POINT('',(0.,0.));
#15579 = VECTOR('',#15580,1.);
#15580 = DIRECTION('',(0.,1.));
#15581 = ( GEOMETRIC_REPRESENTATION_CONTEXT(2) 
PARAMETRIC_REPRESENTATION_CONTEXT() REPRESENTATION_CONTEXT('2D SPACE',''
  ) );
#15582 = PCURVE('',#1973,#15583);
#15583 = DEFINITIONAL_REPRESENTATION('',(#15584),#15588);
#15584 = LINE('',#15585,#15586);
#15585 = CARTESIAN_POINT('',(0.,0.));
#15586 = VECTOR('',#15587,1.);
#15587 = DIRECTION('',(0.,-1.));
#15588 = ( GEOMETRIC_REPRESENTATION_CONTEXT(2) 
PARAMETRIC_REPRESENTATION_CONTEXT() REPRESENTATION_CONTEXT('2D SPACE',''
  ) );
#15589 = ORIENTED_EDGE('',*,*,#4569,.F.);
#15590 = ORIENTED_EDGE('',*,*,#14455,.T.);
#15591 = ORIENTED_EDGE('',*,*,#1616,.T.);
#15592 = ORIENTED_EDGE('',*,*,#13953,.F.);
#15593 = ORIENTED_EDGE('',*,*,#13876,.T.);
#15594 = ORIENTED_EDGE('',*,*,#13703,.F.);
#15595 = ORIENTED_EDGE('',*,*,#13807,.T.);
#15596 = ORIENTED_EDGE('',*,*,#13755,.T.);
#15597 = ORIENTED_EDGE('',*,*,#13830,.T.);
#15598 = ORIENTED_EDGE('',*,*,#13978,.T.);
#15599 = ORIENTED_EDGE('',*,*,#1779,.T.);
#15600 = ORIENTED_EDGE('',*,*,#14505,.F.);
#15601 = ORIENTED_EDGE('',*,*,#14379,.T.);
#15602 = ORIENTED_EDGE('',*,*,#14206,.F.);
#15603 = ORIENTED_EDGE('',*,*,#14310,.T.);
#15604 = ORIENTED_EDGE('',*,*,#14258,.T.);
#15605 = ORIENTED_EDGE('',*,*,#14333,.T.);
#15606 = ORIENTED_EDGE('',*,*,#14530,.T.);
#15607 = ORIENTED_EDGE('',*,*,#1937,.T.);
#15608 = ADVANCED_FACE('',(#15609),#1521,.T.);
#15609 = FACE_BOUND('',#15610,.T.);
#15610 = EDGE_LOOP('',(#15611,#15612,#15631,#15632));
#15611 = ORIENTED_EDGE('',*,*,#15518,.T.);
#15612 = ORIENTED_EDGE('',*,*,#15613,.F.);
#15613 = EDGE_CURVE('',#1479,#15519,#15614,.T.);
#15614 = SURFACE_CURVE('',#15615,(#15619,#15625),.PCURVE_S1.);
#15615 = LINE('',#15616,#15617);
#15616 = CARTESIAN_POINT('',(166.,37.6,169.));
#15617 = VECTOR('',#15618,1.);
#15618 = DIRECTION('',(-0.,1.,-0.));
#15619 = PCURVE('',#1521,#15620);
#15620 = DEFINITIONAL_REPRESENTATION('',(#15621),#15624);
#15621 = B_SPLINE_CURVE_WITH_KNOTS('',1,(#15622,#15623),.UNSPECIFIED.,
  .F.,.F.,(2,2),(-33.,-29.1),.PIECEWISE_BEZIER_KNOTS.);
#15622 = CARTESIAN_POINT('',(5.,-0.5));
#15623 = CARTESIAN_POINT('',(5.,-4.4));
#15624 = ( GEOMETRIC_REPRESENTATION_CONTEXT(2) 
PARAMETRIC_REPRESENTATION_CONTEXT() REPRESENTATION_CONTEXT('2D SPACE',''
  ) );
#15625 = PCURVE('',#1494,#15626);
#15626 = DEFINITIONAL_REPRESENTATION('',(#15627),#15630);
#15627 = B_SPLINE_CURVE_WITH_KNOTS('',1,(#15628,#15629),.UNSPECIFIED.,
  .F.,.F.,(2,2),(-33.,-29.1),.PIECEWISE_BEZIER_KNOTS.);
#15628 = CARTESIAN_POINT('',(154.,-66.5));
#15629 = CARTESIAN_POINT('',(154.,-62.6));
#15630 = ( GEOMETRIC_REPRESENTATION_CONTEXT(2) 
PARAMETRIC_REPRESENTATION_CONTEXT() REPRESENTATION_CONTEXT('2D SPACE',''
  ) );
#15631 = ORIENTED_EDGE('',*,*,#1506,.F.);
#15632 = ORIENTED_EDGE('',*,*,#14584,.T.);
#15633 = ADVANCED_FACE('',(#15634),#1973,.T.);
#15634 = FACE_BOUND('',#15635,.T.);
#15635 = EDGE_LOOP('',(#15636,#15657,#15658,#15659,#15660,#15661));
#15636 = ORIENTED_EDGE('',*,*,#15637,.F.);
#15637 = EDGE_CURVE('',#4005,#1959,#15638,.T.);
#15638 = SURFACE_CURVE('',#15639,(#15643,#15650),.PCURVE_S1.);
#15639 = LINE('',#15640,#15641);
#15640 = CARTESIAN_POINT('',(5.,-1.,164.));
#15641 = VECTOR('',#15642,1.);
#15642 = DIRECTION('',(-0.,1.,0.));
#15643 = PCURVE('',#1973,#15644);
#15644 = DEFINITIONAL_REPRESENTATION('',(#15645),#15649);
#15645 = LINE('',#15646,#15647);
#15646 = CARTESIAN_POINT('',(113.,0.));
#15647 = VECTOR('',#15648,1.);
#15648 = DIRECTION('',(0.,-1.));
#15649 = ( GEOMETRIC_REPRESENTATION_CONTEXT(2) 
PARAMETRIC_REPRESENTATION_CONTEXT() REPRESENTATION_CONTEXT('2D SPACE',''
  ) );
#15650 = PCURVE('',#1579,#15651);
#15651 = DEFINITIONAL_REPRESENTATION('',(#15652),#15656);
#15652 = LINE('',#15653,#15654);
#15653 = CARTESIAN_POINT('',(0.,0.));
#15654 = VECTOR('',#15655,1.);
#15655 = DIRECTION('',(0.,1.));
#15656 = ( GEOMETRIC_REPRESENTATION_CONTEXT(2) 
PARAMETRIC_REPRESENTATION_CONTEXT() REPRESENTATION_CONTEXT('2D SPACE',''
  ) );
#15657 = ORIENTED_EDGE('',*,*,#4004,.F.);
#15658 = ORIENTED_EDGE('',*,*,#4363,.T.);
#15659 = ORIENTED_EDGE('',*,*,#4590,.F.);
#15660 = ORIENTED_EDGE('',*,*,#15569,.T.);
#15661 = ORIENTED_EDGE('',*,*,#1958,.T.);
#15662 = ADVANCED_FACE('',(#15663),#1579,.F.);
#15663 = FACE_BOUND('',#15664,.F.);
#15664 = EDGE_LOOP('',(#15665,#15666,#15667,#15668,#15669,#15670,#15671,
    #15672,#15673,#15674,#15675,#15676,#15677,#15678,#15679,#15680,
    #15681,#15701,#15702,#15703,#15704,#15705,#15706,#15725));
#15665 = ORIENTED_EDGE('',*,*,#15637,.F.);
#15666 = ORIENTED_EDGE('',*,*,#4025,.F.);
#15667 = ORIENTED_EDGE('',*,*,#4666,.T.);
#15668 = ORIENTED_EDGE('',*,*,#4689,.F.);
#15669 = ORIENTED_EDGE('',*,*,#4786,.F.);
#15670 = ORIENTED_EDGE('',*,*,#4138,.F.);
#15671 = ORIENTED_EDGE('',*,*,#14431,.T.);
#15672 = ORIENTED_EDGE('',*,*,#1564,.T.);
#15673 = ORIENTED_EDGE('',*,*,#14604,.F.);
#15674 = ORIENTED_EDGE('',*,*,#15328,.F.);
#15675 = ORIENTED_EDGE('',*,*,#15470,.F.);
#15676 = ORIENTED_EDGE('',*,*,#15496,.T.);
#15677 = ORIENTED_EDGE('',*,*,#15420,.T.);
#15678 = ORIENTED_EDGE('',*,*,#15350,.F.);
#15679 = ORIENTED_EDGE('',*,*,#14654,.T.);
#15680 = ORIENTED_EDGE('',*,*,#14878,.T.);
#15681 = ORIENTED_EDGE('',*,*,#15682,.F.);
#15682 = EDGE_CURVE('',#15205,#14852,#15683,.T.);
#15683 = SURFACE_CURVE('',#15684,(#15688,#15695),.PCURVE_S1.);
#15684 = LINE('',#15685,#15686);
#15685 = CARTESIAN_POINT('',(19.5,4.1,164.));
#15686 = VECTOR('',#15687,1.);
#15687 = DIRECTION('',(0.,1.,0.));
#15688 = PCURVE('',#1579,#15689);
#15689 = DEFINITIONAL_REPRESENTATION('',(#15690),#15694);
#15690 = LINE('',#15691,#15692);
#15691 = CARTESIAN_POINT('',(14.5,5.1));
#15692 = VECTOR('',#15693,1.);
#15693 = DIRECTION('',(0.,1.));
#15694 = ( GEOMETRIC_REPRESENTATION_CONTEXT(2) 
PARAMETRIC_REPRESENTATION_CONTEXT() REPRESENTATION_CONTEXT('2D SPACE',''
  ) );
#15695 = PCURVE('',#2026,#15696);
#15696 = DEFINITIONAL_REPRESENTATION('',(#15697),#15700);
#15697 = B_SPLINE_CURVE_WITH_KNOTS('',1,(#15698,#15699),.UNSPECIFIED.,
  .F.,.F.,(2,2),(0.,0.5),.PIECEWISE_BEZIER_KNOTS.);
#15698 = CARTESIAN_POINT('',(6.28318530718,0.));
#15699 = CARTESIAN_POINT('',(6.28318530718,0.5));
#15700 = ( GEOMETRIC_REPRESENTATION_CONTEXT(2) 
PARAMETRIC_REPRESENTATION_CONTEXT() REPRESENTATION_CONTEXT('2D SPACE',''
  ) );
#15701 = ORIENTED_EDGE('',*,*,#15204,.F.);
#15702 = ORIENTED_EDGE('',*,*,#15178,.F.);
#15703 = ORIENTED_EDGE('',*,*,#15275,.T.);
#15704 = ORIENTED_EDGE('',*,*,#15128,.T.);
#15705 = ORIENTED_EDGE('',*,*,#15250,.F.);
#15706 = ORIENTED_EDGE('',*,*,#15707,.T.);
#15707 = EDGE_CURVE('',#15228,#1985,#15708,.T.);
#15708 = SURFACE_CURVE('',#15709,(#15713,#15719),.PCURVE_S1.);
#15709 = LINE('',#15710,#15711);
#15710 = CARTESIAN_POINT('',(11.5,4.1,164.));
#15711 = VECTOR('',#15712,1.);
#15712 = DIRECTION('',(0.,1.,0.));
#15713 = PCURVE('',#1579,#15714);
#15714 = DEFINITIONAL_REPRESENTATION('',(#15715),#15718);
#15715 = B_SPLINE_CURVE_WITH_KNOTS('',1,(#15716,#15717),.UNSPECIFIED.,
  .F.,.F.,(2,2),(-2.399999999625E-06,0.96),.PIECEWISE_BEZIER_KNOTS.);
#15716 = CARTESIAN_POINT('',(6.5,5.0999976));
#15717 = CARTESIAN_POINT('',(6.5,6.06));
#15718 = ( GEOMETRIC_REPRESENTATION_CONTEXT(2) 
PARAMETRIC_REPRESENTATION_CONTEXT() REPRESENTATION_CONTEXT('2D SPACE',''
  ) );
#15719 = PCURVE('',#2026,#15720);
#15720 = DEFINITIONAL_REPRESENTATION('',(#15721),#15724);
#15721 = B_SPLINE_CURVE_WITH_KNOTS('',1,(#15722,#15723),.UNSPECIFIED.,
  .F.,.F.,(2,2),(0.,0.5),.PIECEWISE_BEZIER_KNOTS.);
#15722 = CARTESIAN_POINT('',(9.424777960769,0.));
#15723 = CARTESIAN_POINT('',(9.424777960769,0.5));
#15724 = ( GEOMETRIC_REPRESENTATION_CONTEXT(2) 
PARAMETRIC_REPRESENTATION_CONTEXT() REPRESENTATION_CONTEXT('2D SPACE',''
  ) );
#15725 = ORIENTED_EDGE('',*,*,#1984,.T.);
#15726 = ADVANCED_FACE('',(#15727),#1466,.F.);
#15727 = FACE_BOUND('',#15728,.F.);
#15728 = EDGE_LOOP('',(#15729,#15759,#15780,#15781,#15804,#15832,#15858,
    #15887));
#15729 = ORIENTED_EDGE('',*,*,#15730,.F.);
#15730 = EDGE_CURVE('',#15731,#15733,#15735,.T.);
#15731 = VERTEX_POINT('',#15732);
#15732 = CARTESIAN_POINT('',(168.,70.1,169.));
#15733 = VERTEX_POINT('',#15734);
#15734 = CARTESIAN_POINT('',(168.5,70.1,168.9868329805));
#15735 = SURFACE_CURVE('',#15736,(#15741,#15748),.PCURVE_S1.);
#15736 = CIRCLE('',#15737,9.5);
#15737 = AXIS2_PLACEMENT_3D('',#15738,#15739,#15740);
#15738 = CARTESIAN_POINT('',(168.,70.1,159.5));
#15739 = DIRECTION('',(0.,1.,-0.));
#15740 = DIRECTION('',(-1.,0.,0.));
#15741 = PCURVE('',#1466,#15742);
#15742 = DEFINITIONAL_REPRESENTATION('',(#15743),#15747);
#15743 = LINE('',#15744,#15745);
#15744 = CARTESIAN_POINT('',(0.,-1.));
#15745 = VECTOR('',#15746,1.);
#15746 = DIRECTION('',(1.,0.));
#15747 = ( GEOMETRIC_REPRESENTATION_CONTEXT(2) 
PARAMETRIC_REPRESENTATION_CONTEXT() REPRESENTATION_CONTEXT('2D SPACE',''
  ) );
#15748 = PCURVE('',#795,#15749);
#15749 = DEFINITIONAL_REPRESENTATION('',(#15750),#15758);
#15750 = ( BOUNDED_CURVE() B_SPLINE_CURVE(2,(#15751,#15752,#15753,#15754
    ,#15755,#15756,#15757),.UNSPECIFIED.,.T.,.F.) 
B_SPLINE_CURVE_WITH_KNOTS((1,2,2,2,2,1),(-2.094395102393,0.,
    2.094395102393,4.188790204786,6.28318530718,8.377580409573),
.UNSPECIFIED.) CURVE() GEOMETRIC_REPRESENTATION_ITEM() 
RATIONAL_B_SPLINE_CURVE((1.,0.5,1.,0.5,1.,0.5,1.)) REPRESENTATION_ITEM(
  '') );
#15751 = CARTESIAN_POINT('',(68.5,73.75));
#15752 = CARTESIAN_POINT('',(68.5,90.204482671904));
#15753 = CARTESIAN_POINT('',(82.75,81.977241335952));
#15754 = CARTESIAN_POINT('',(97.,73.75));
#15755 = CARTESIAN_POINT('',(82.75,65.522758664048));
#15756 = CARTESIAN_POINT('',(68.5,57.295517328096));
#15757 = CARTESIAN_POINT('',(68.5,73.75));
#15758 = ( GEOMETRIC_REPRESENTATION_CONTEXT(2) 
PARAMETRIC_REPRESENTATION_CONTEXT() REPRESENTATION_CONTEXT('2D SPACE',''
  ) );
#15759 = ORIENTED_EDGE('',*,*,#15760,.T.);
#15760 = EDGE_CURVE('',#15731,#1446,#15761,.T.);
#15761 = SURFACE_CURVE('',#15762,(#15766,#15773),.PCURVE_S1.);
#15762 = LINE('',#15763,#15764);
#15763 = CARTESIAN_POINT('',(168.,71.1,169.));
#15764 = VECTOR('',#15765,1.);
#15765 = DIRECTION('',(0.,-1.,0.));
#15766 = PCURVE('',#1466,#15767);
#15767 = DEFINITIONAL_REPRESENTATION('',(#15768),#15772);
#15768 = LINE('',#15769,#15770);
#15769 = CARTESIAN_POINT('',(1.570796326795,0.));
#15770 = VECTOR('',#15771,1.);
#15771 = DIRECTION('',(0.,-1.));
#15772 = ( GEOMETRIC_REPRESENTATION_CONTEXT(2) 
PARAMETRIC_REPRESENTATION_CONTEXT() REPRESENTATION_CONTEXT('2D SPACE',''
  ) );
#15773 = PCURVE('',#1494,#15774);
#15774 = DEFINITIONAL_REPRESENTATION('',(#15775),#15779);
#15775 = LINE('',#15776,#15777);
#15776 = CARTESIAN_POINT('',(156.,0.));
#15777 = VECTOR('',#15778,1.);
#15778 = DIRECTION('',(0.,-1.));
#15779 = ( GEOMETRIC_REPRESENTATION_CONTEXT(2) 
PARAMETRIC_REPRESENTATION_CONTEXT() REPRESENTATION_CONTEXT('2D SPACE',''
  ) );
#15780 = ORIENTED_EDGE('',*,*,#1445,.T.);
#15781 = ORIENTED_EDGE('',*,*,#15782,.F.);
#15782 = EDGE_CURVE('',#15783,#1418,#15785,.T.);
#15783 = VERTEX_POINT('',#15784);
#15784 = CARTESIAN_POINT('',(177.5,70.1,159.5));
#15785 = SURFACE_CURVE('',#15786,(#15790,#15797),.PCURVE_S1.);
#15786 = LINE('',#15787,#15788);
#15787 = CARTESIAN_POINT('',(177.5,71.1,159.5));
#15788 = VECTOR('',#15789,1.);
#15789 = DIRECTION('',(0.,-1.,0.));
#15790 = PCURVE('',#1466,#15791);
#15791 = DEFINITIONAL_REPRESENTATION('',(#15792),#15796);
#15792 = LINE('',#15793,#15794);
#15793 = CARTESIAN_POINT('',(3.14159265359,0.));
#15794 = VECTOR('',#15795,1.);
#15795 = DIRECTION('',(0.,-1.));
#15796 = ( GEOMETRIC_REPRESENTATION_CONTEXT(2) 
PARAMETRIC_REPRESENTATION_CONTEXT() REPRESENTATION_CONTEXT('2D SPACE',''
  ) );
#15797 = PCURVE('',#1433,#15798);
#15798 = DEFINITIONAL_REPRESENTATION('',(#15799),#15803);
#15799 = LINE('',#15800,#15801);
#15800 = CARTESIAN_POINT('',(147.5,0.));
#15801 = VECTOR('',#15802,1.);
#15802 = DIRECTION('',(0.,-1.));
#15803 = ( GEOMETRIC_REPRESENTATION_CONTEXT(2) 
PARAMETRIC_REPRESENTATION_CONTEXT() REPRESENTATION_CONTEXT('2D SPACE',''
  ) );
#15804 = ORIENTED_EDGE('',*,*,#15805,.F.);
#15805 = EDGE_CURVE('',#15806,#15783,#15808,.T.);
#15806 = VERTEX_POINT('',#15807);
#15807 = CARTESIAN_POINT('',(177.02076149339,70.1,162.4792385066));
#15808 = SURFACE_CURVE('',#15809,(#15814,#15821),.PCURVE_S1.);
#15809 = CIRCLE('',#15810,9.5);
#15810 = AXIS2_PLACEMENT_3D('',#15811,#15812,#15813);
#15811 = CARTESIAN_POINT('',(168.,70.1,159.5));
#15812 = DIRECTION('',(0.,1.,-0.));
#15813 = DIRECTION('',(-1.,0.,0.));
#15814 = PCURVE('',#1466,#15815);
#15815 = DEFINITIONAL_REPRESENTATION('',(#15816),#15820);
#15816 = LINE('',#15817,#15818);
#15817 = CARTESIAN_POINT('',(0.,-1.));
#15818 = VECTOR('',#15819,1.);
#15819 = DIRECTION('',(1.,0.));
#15820 = ( GEOMETRIC_REPRESENTATION_CONTEXT(2) 
PARAMETRIC_REPRESENTATION_CONTEXT() REPRESENTATION_CONTEXT('2D SPACE',''
  ) );
#15821 = PCURVE('',#795,#15822);
#15822 = DEFINITIONAL_REPRESENTATION('',(#15823),#15831);
#15823 = ( BOUNDED_CURVE() B_SPLINE_CURVE(2,(#15824,#15825,#15826,#15827
    ,#15828,#15829,#15830),.UNSPECIFIED.,.T.,.F.) 
B_SPLINE_CURVE_WITH_KNOTS((1,2,2,2,2,1),(-2.094395102393,0.,
    2.094395102393,4.188790204786,6.28318530718,8.377580409573),
.UNSPECIFIED.) CURVE() GEOMETRIC_REPRESENTATION_ITEM() 
RATIONAL_B_SPLINE_CURVE((1.,0.5,1.,0.5,1.,0.5,1.)) REPRESENTATION_ITEM(
  '') );
#15824 = CARTESIAN_POINT('',(68.5,73.75));
#15825 = CARTESIAN_POINT('',(68.5,90.204482671904));
#15826 = CARTESIAN_POINT('',(82.75,81.977241335952));
#15827 = CARTESIAN_POINT('',(97.,73.75));
#15828 = CARTESIAN_POINT('',(82.75,65.522758664048));
#15829 = CARTESIAN_POINT('',(68.5,57.295517328096));
#15830 = CARTESIAN_POINT('',(68.5,73.75));
#15831 = ( GEOMETRIC_REPRESENTATION_CONTEXT(2) 
PARAMETRIC_REPRESENTATION_CONTEXT() REPRESENTATION_CONTEXT('2D SPACE',''
  ) );
#15832 = ORIENTED_EDGE('',*,*,#15833,.F.);
#15833 = EDGE_CURVE('',#15834,#15806,#15836,.T.);
#15834 = VERTEX_POINT('',#15835);
#15835 = CARTESIAN_POINT('',(177.02076149339,61.1,162.4792385066));
#15836 = SURFACE_CURVE('',#15837,(#15841,#15847),.PCURVE_S1.);
#15837 = LINE('',#15838,#15839);
#15838 = CARTESIAN_POINT('',(177.02076149339,71.1,162.4792385066));
#15839 = VECTOR('',#15840,1.);
#15840 = DIRECTION('',(0.,1.,-0.));
#15841 = PCURVE('',#1466,#15842);
#15842 = DEFINITIONAL_REPRESENTATION('',(#15843),#15846);
#15843 = B_SPLINE_CURVE_WITH_KNOTS('',1,(#15844,#15845),.UNSPECIFIED.,
  .F.,.F.,(2,2),(-10.0000024,-0.9999976),.PIECEWISE_BEZIER_KNOTS.);
#15844 = CARTESIAN_POINT('',(2.822606465104,-10.0000024));
#15845 = CARTESIAN_POINT('',(2.822606465104,-0.9999976));
#15846 = ( GEOMETRIC_REPRESENTATION_CONTEXT(2) 
PARAMETRIC_REPRESENTATION_CONTEXT() REPRESENTATION_CONTEXT('2D SPACE',''
  ) );
#15847 = PCURVE('',#15848,#15853);
#15848 = CYLINDRICAL_SURFACE('',#15849,4.5);
#15849 = AXIS2_PLACEMENT_3D('',#15850,#15851,#15852);
#15850 = CARTESIAN_POINT('',(173.,61.1,164.5));
#15851 = DIRECTION('',(0.,1.,0.));
#15852 = DIRECTION('',(1.,0.,-0.));
#15853 = DEFINITIONAL_REPRESENTATION('',(#15854),#15857);
#15854 = B_SPLINE_CURVE_WITH_KNOTS('',1,(#15855,#15856),.UNSPECIFIED.,
  .F.,.F.,(2,2),(-10.0000024,-0.9999976),.PIECEWISE_BEZIER_KNOTS.);
#15855 = CARTESIAN_POINT('',(0.465710904267,-2.399999999625E-06));
#15856 = CARTESIAN_POINT('',(0.465710904267,9.0000024));
#15857 = ( GEOMETRIC_REPRESENTATION_CONTEXT(2) 
PARAMETRIC_REPRESENTATION_CONTEXT() REPRESENTATION_CONTEXT('2D SPACE',''
  ) );
#15858 = ORIENTED_EDGE('',*,*,#15859,.F.);
#15859 = EDGE_CURVE('',#15860,#15834,#15862,.T.);
#15860 = VERTEX_POINT('',#15861);
#15861 = CARTESIAN_POINT('',(168.5,61.1,168.9868329805));
#15862 = SURFACE_CURVE('',#15863,(#15868,#15875),.PCURVE_S1.);
#15863 = CIRCLE('',#15864,9.5);
#15864 = AXIS2_PLACEMENT_3D('',#15865,#15866,#15867);
#15865 = CARTESIAN_POINT('',(168.,61.1,159.5));
#15866 = DIRECTION('',(0.,1.,0.));
#15867 = DIRECTION('',(5.263157894737E-02,-0.,0.998613997948));
#15868 = PCURVE('',#1466,#15869);
#15869 = DEFINITIONAL_REPRESENTATION('',(#15870),#15874);
#15870 = LINE('',#15871,#15872);
#15871 = CARTESIAN_POINT('',(1.623452235056,-10.));
#15872 = VECTOR('',#15873,1.);
#15873 = DIRECTION('',(1.,0.));
#15874 = ( GEOMETRIC_REPRESENTATION_CONTEXT(2) 
PARAMETRIC_REPRESENTATION_CONTEXT() REPRESENTATION_CONTEXT('2D SPACE',''
  ) );
#15875 = PCURVE('',#15876,#15881);
#15876 = PLANE('',#15877);
#15877 = AXIS2_PLACEMENT_3D('',#15878,#15879,#15880);
#15878 = CARTESIAN_POINT('',(168.5,61.1,164.5));
#15879 = DIRECTION('',(-0.,1.,0.));
#15880 = DIRECTION('',(0.,0.,1.));
#15881 = DEFINITIONAL_REPRESENTATION('',(#15882),#15886);
#15882 = CIRCLE('',#15883,9.5);
#15883 = AXIS2_PLACEMENT_2D('',#15884,#15885);
#15884 = CARTESIAN_POINT('',(-5.,-0.5));
#15885 = DIRECTION('',(0.998613997948,5.263157894737E-02));
#15886 = ( GEOMETRIC_REPRESENTATION_CONTEXT(2) 
PARAMETRIC_REPRESENTATION_CONTEXT() REPRESENTATION_CONTEXT('2D SPACE',''
  ) );
#15887 = ORIENTED_EDGE('',*,*,#15888,.T.);
#15888 = EDGE_CURVE('',#15860,#15733,#15889,.T.);
#15889 = SURFACE_CURVE('',#15890,(#15894,#15900),.PCURVE_S1.);
#15890 = LINE('',#15891,#15892);
#15891 = CARTESIAN_POINT('',(168.5,71.1,168.9868329805));
#15892 = VECTOR('',#15893,1.);
#15893 = DIRECTION('',(0.,1.,-0.));
#15894 = PCURVE('',#1466,#15895);
#15895 = DEFINITIONAL_REPRESENTATION('',(#15896),#15899);
#15896 = B_SPLINE_CURVE_WITH_KNOTS('',1,(#15897,#15898),.UNSPECIFIED.,
  .F.,.F.,(2,2),(-10.9,-0.9999976),.PIECEWISE_BEZIER_KNOTS.);
#15897 = CARTESIAN_POINT('',(1.623452235056,-10.9));
#15898 = CARTESIAN_POINT('',(1.623452235056,-0.9999976));
#15899 = ( GEOMETRIC_REPRESENTATION_CONTEXT(2) 
PARAMETRIC_REPRESENTATION_CONTEXT() REPRESENTATION_CONTEXT('2D SPACE',''
  ) );
#15900 = PCURVE('',#15901,#15906);
#15901 = PLANE('',#15902);
#15902 = AXIS2_PLACEMENT_3D('',#15903,#15904,#15905);
#15903 = CARTESIAN_POINT('',(168.5,61.1,164.5));
#15904 = DIRECTION('',(1.,0.,-0.));
#15905 = DIRECTION('',(0.,0.,1.));
#15906 = DEFINITIONAL_REPRESENTATION('',(#15907),#15910);
#15907 = B_SPLINE_CURVE_WITH_KNOTS('',1,(#15908,#15909),.UNSPECIFIED.,
  .F.,.F.,(2,2),(-10.9,-0.9999976),.PIECEWISE_BEZIER_KNOTS.);
#15908 = CARTESIAN_POINT('',(4.486832980505,0.9));
#15909 = CARTESIAN_POINT('',(4.486832980505,-9.0000024));
#15910 = ( GEOMETRIC_REPRESENTATION_CONTEXT(2) 
PARAMETRIC_REPRESENTATION_CONTEXT() REPRESENTATION_CONTEXT('2D SPACE',''
  ) );
#15911 = ADVANCED_FACE('',(#15912),#15901,.F.);
#15912 = FACE_BOUND('',#15913,.F.);
#15913 = EDGE_LOOP('',(#15914,#15937,#15960,#15981));
#15914 = ORIENTED_EDGE('',*,*,#15915,.F.);
#15915 = EDGE_CURVE('',#15916,#15860,#15918,.T.);
#15916 = VERTEX_POINT('',#15917);
#15917 = CARTESIAN_POINT('',(168.5,61.1,164.5));
#15918 = SURFACE_CURVE('',#15919,(#15923,#15930),.PCURVE_S1.);
#15919 = LINE('',#15920,#15921);
#15920 = CARTESIAN_POINT('',(168.5,61.1,164.5));
#15921 = VECTOR('',#15922,1.);
#15922 = DIRECTION('',(0.,0.,1.));
#15923 = PCURVE('',#15901,#15924);
#15924 = DEFINITIONAL_REPRESENTATION('',(#15925),#15929);
#15925 = LINE('',#15926,#15927);
#15926 = CARTESIAN_POINT('',(0.,0.));
#15927 = VECTOR('',#15928,1.);
#15928 = DIRECTION('',(1.,0.));
#15929 = ( GEOMETRIC_REPRESENTATION_CONTEXT(2) 
PARAMETRIC_REPRESENTATION_CONTEXT() REPRESENTATION_CONTEXT('2D SPACE',''
  ) );
#15930 = PCURVE('',#15876,#15931);
#15931 = DEFINITIONAL_REPRESENTATION('',(#15932),#15936);
#15932 = LINE('',#15933,#15934);
#15933 = CARTESIAN_POINT('',(0.,0.));
#15934 = VECTOR('',#15935,1.);
#15935 = DIRECTION('',(1.,0.));
#15936 = ( GEOMETRIC_REPRESENTATION_CONTEXT(2) 
PARAMETRIC_REPRESENTATION_CONTEXT() REPRESENTATION_CONTEXT('2D SPACE',''
  ) );
#15937 = ORIENTED_EDGE('',*,*,#15938,.T.);
#15938 = EDGE_CURVE('',#15916,#15939,#15941,.T.);
#15939 = VERTEX_POINT('',#15940);
#15940 = CARTESIAN_POINT('',(168.5,70.1,164.5));
#15941 = SURFACE_CURVE('',#15942,(#15946,#15953),.PCURVE_S1.);
#15942 = LINE('',#15943,#15944);
#15943 = CARTESIAN_POINT('',(168.5,61.1,164.5));
#15944 = VECTOR('',#15945,1.);
#15945 = DIRECTION('',(-0.,1.,0.));
#15946 = PCURVE('',#15901,#15947);
#15947 = DEFINITIONAL_REPRESENTATION('',(#15948),#15952);
#15948 = LINE('',#15949,#15950);
#15949 = CARTESIAN_POINT('',(0.,0.));
#15950 = VECTOR('',#15951,1.);
#15951 = DIRECTION('',(0.,-1.));
#15952 = ( GEOMETRIC_REPRESENTATION_CONTEXT(2) 
PARAMETRIC_REPRESENTATION_CONTEXT() REPRESENTATION_CONTEXT('2D SPACE',''
  ) );
#15953 = PCURVE('',#15848,#15954);
#15954 = DEFINITIONAL_REPRESENTATION('',(#15955),#15959);
#15955 = LINE('',#15956,#15957);
#15956 = CARTESIAN_POINT('',(3.14159265359,0.));
#15957 = VECTOR('',#15958,1.);
#15958 = DIRECTION('',(0.,1.));
#15959 = ( GEOMETRIC_REPRESENTATION_CONTEXT(2) 
PARAMETRIC_REPRESENTATION_CONTEXT() REPRESENTATION_CONTEXT('2D SPACE',''
  ) );
#15960 = ORIENTED_EDGE('',*,*,#15961,.T.);
#15961 = EDGE_CURVE('',#15939,#15733,#15962,.T.);
#15962 = SURFACE_CURVE('',#15963,(#15967,#15974),.PCURVE_S1.);
#15963 = LINE('',#15964,#15965);
#15964 = CARTESIAN_POINT('',(168.5,70.1,164.5));
#15965 = VECTOR('',#15966,1.);
#15966 = DIRECTION('',(0.,0.,1.));
#15967 = PCURVE('',#15901,#15968);
#15968 = DEFINITIONAL_REPRESENTATION('',(#15969),#15973);
#15969 = LINE('',#15970,#15971);
#15970 = CARTESIAN_POINT('',(0.,-9.));
#15971 = VECTOR('',#15972,1.);
#15972 = DIRECTION('',(1.,0.));
#15973 = ( GEOMETRIC_REPRESENTATION_CONTEXT(2) 
PARAMETRIC_REPRESENTATION_CONTEXT() REPRESENTATION_CONTEXT('2D SPACE',''
  ) );
#15974 = PCURVE('',#795,#15975);
#15975 = DEFINITIONAL_REPRESENTATION('',(#15976),#15980);
#15976 = LINE('',#15977,#15978);
#15977 = CARTESIAN_POINT('',(78.5,78.75));
#15978 = VECTOR('',#15979,1.);
#15979 = DIRECTION('',(0.,1.));
#15980 = ( GEOMETRIC_REPRESENTATION_CONTEXT(2) 
PARAMETRIC_REPRESENTATION_CONTEXT() REPRESENTATION_CONTEXT('2D SPACE',''
  ) );
#15981 = ORIENTED_EDGE('',*,*,#15888,.F.);
#15982 = ADVANCED_FACE('',(#15983),#15876,.F.);
#15983 = FACE_BOUND('',#15984,.F.);
#15984 = EDGE_LOOP('',(#15985,#15986,#16008));
#15985 = ORIENTED_EDGE('',*,*,#15859,.T.);
#15986 = ORIENTED_EDGE('',*,*,#15987,.T.);
#15987 = EDGE_CURVE('',#15834,#15916,#15988,.T.);
#15988 = SURFACE_CURVE('',#15989,(#15994,#16001),.PCURVE_S1.);
#15989 = CIRCLE('',#15990,4.5);
#15990 = AXIS2_PLACEMENT_3D('',#15991,#15992,#15993);
#15991 = CARTESIAN_POINT('',(173.,61.1,164.5));
#15992 = DIRECTION('',(0.,1.,0.));
#15993 = DIRECTION('',(1.,0.,-0.));
#15994 = PCURVE('',#15876,#15995);
#15995 = DEFINITIONAL_REPRESENTATION('',(#15996),#16000);
#15996 = CIRCLE('',#15997,4.5);
#15997 = AXIS2_PLACEMENT_2D('',#15998,#15999);
#15998 = CARTESIAN_POINT('',(0.,4.5));
#15999 = DIRECTION('',(0.,1.));
#16000 = ( GEOMETRIC_REPRESENTATION_CONTEXT(2) 
PARAMETRIC_REPRESENTATION_CONTEXT() REPRESENTATION_CONTEXT('2D SPACE',''
  ) );
#16001 = PCURVE('',#15848,#16002);
#16002 = DEFINITIONAL_REPRESENTATION('',(#16003),#16007);
#16003 = LINE('',#16004,#16005);
#16004 = CARTESIAN_POINT('',(0.,0.));
#16005 = VECTOR('',#16006,1.);
#16006 = DIRECTION('',(1.,0.));
#16007 = ( GEOMETRIC_REPRESENTATION_CONTEXT(2) 
PARAMETRIC_REPRESENTATION_CONTEXT() REPRESENTATION_CONTEXT('2D SPACE',''
  ) );
#16008 = ORIENTED_EDGE('',*,*,#15915,.T.);
#16009 = ADVANCED_FACE('',(#16010),#15848,.T.);
#16010 = FACE_BOUND('',#16011,.T.);
#16011 = EDGE_LOOP('',(#16012,#16038,#16039,#16040));
#16012 = ORIENTED_EDGE('',*,*,#16013,.F.);
#16013 = EDGE_CURVE('',#15806,#15939,#16014,.T.);
#16014 = SURFACE_CURVE('',#16015,(#16020,#16027),.PCURVE_S1.);
#16015 = CIRCLE('',#16016,4.5);
#16016 = AXIS2_PLACEMENT_3D('',#16017,#16018,#16019);
#16017 = CARTESIAN_POINT('',(173.,70.1,164.5));
#16018 = DIRECTION('',(0.,1.,0.));
#16019 = DIRECTION('',(1.,0.,-0.));
#16020 = PCURVE('',#15848,#16021);
#16021 = DEFINITIONAL_REPRESENTATION('',(#16022),#16026);
#16022 = LINE('',#16023,#16024);
#16023 = CARTESIAN_POINT('',(0.,9.));
#16024 = VECTOR('',#16025,1.);
#16025 = DIRECTION('',(1.,0.));
#16026 = ( GEOMETRIC_REPRESENTATION_CONTEXT(2) 
PARAMETRIC_REPRESENTATION_CONTEXT() REPRESENTATION_CONTEXT('2D SPACE',''
  ) );
#16027 = PCURVE('',#795,#16028);
#16028 = DEFINITIONAL_REPRESENTATION('',(#16029),#16037);
#16029 = ( BOUNDED_CURVE() B_SPLINE_CURVE(2,(#16030,#16031,#16032,#16033
    ,#16034,#16035,#16036),.UNSPECIFIED.,.T.,.F.) 
B_SPLINE_CURVE_WITH_KNOTS((1,2,2,2,2,1),(-2.094395102393,0.,
    2.094395102393,4.188790204786,6.28318530718,8.377580409573),
.UNSPECIFIED.) CURVE() GEOMETRIC_REPRESENTATION_ITEM() 
RATIONAL_B_SPLINE_CURVE((1.,0.5,1.,0.5,1.,0.5,1.)) REPRESENTATION_ITEM(
  '') );
#16030 = CARTESIAN_POINT('',(87.5,78.75));
#16031 = CARTESIAN_POINT('',(87.5,70.95577136594));
#16032 = CARTESIAN_POINT('',(80.75,74.85288568297));
#16033 = CARTESIAN_POINT('',(74.,78.75));
#16034 = CARTESIAN_POINT('',(80.75,82.64711431703));
#16035 = CARTESIAN_POINT('',(87.5,86.54422863406));
#16036 = CARTESIAN_POINT('',(87.5,78.75));
#16037 = ( GEOMETRIC_REPRESENTATION_CONTEXT(2) 
PARAMETRIC_REPRESENTATION_CONTEXT() REPRESENTATION_CONTEXT('2D SPACE',''
  ) );
#16038 = ORIENTED_EDGE('',*,*,#15833,.F.);
#16039 = ORIENTED_EDGE('',*,*,#15987,.T.);
#16040 = ORIENTED_EDGE('',*,*,#15938,.T.);
#16041 = ADVANCED_FACE('',(#16042),#2026,.T.);
#16042 = FACE_BOUND('',#16043,.T.);
#16043 = EDGE_LOOP('',(#16044,#16045,#16046,#16047,#16048,#16049,#16050,
    #16051));
#16044 = ORIENTED_EDGE('',*,*,#14974,.F.);
#16045 = ORIENTED_EDGE('',*,*,#14951,.F.);
#16046 = ORIENTED_EDGE('',*,*,#14851,.T.);
#16047 = ORIENTED_EDGE('',*,*,#15682,.F.);
#16048 = ORIENTED_EDGE('',*,*,#15227,.T.);
#16049 = ORIENTED_EDGE('',*,*,#15707,.T.);
#16050 = ORIENTED_EDGE('',*,*,#2005,.T.);
#16051 = ORIENTED_EDGE('',*,*,#16052,.T.);
#16052 = EDGE_CURVE('',#2006,#14975,#16053,.T.);
#16053 = SURFACE_CURVE('',#16054,(#16058,#16064),.PCURVE_S1.);
#16054 = LINE('',#16055,#16056);
#16055 = CARTESIAN_POINT('',(14.,4.1,167.70809924354));
#16056 = VECTOR('',#16057,1.);
#16057 = DIRECTION('',(0.,1.,0.));
#16058 = PCURVE('',#2026,#16059);
#16059 = DEFINITIONAL_REPRESENTATION('',(#16060),#16063);
#16060 = B_SPLINE_CURVE_WITH_KNOTS('',1,(#16061,#16062),.UNSPECIFIED.,
  .F.,.F.,(2,2),(0.5,4.4),.PIECEWISE_BEZIER_KNOTS.);
#16061 = CARTESIAN_POINT('',(10.611177513069,0.5));
#16062 = CARTESIAN_POINT('',(10.611177513069,4.4));
#16063 = ( GEOMETRIC_REPRESENTATION_CONTEXT(2) 
PARAMETRIC_REPRESENTATION_CONTEXT() REPRESENTATION_CONTEXT('2D SPACE',''
  ) );
#16064 = PCURVE('',#2052,#16065);
#16065 = DEFINITIONAL_REPRESENTATION('',(#16066),#16069);
#16066 = B_SPLINE_CURVE_WITH_KNOTS('',1,(#16067,#16068),.UNSPECIFIED.,
  .F.,.F.,(2,2),(-2.399999999625E-06,4.4000024),
  .PIECEWISE_BEZIER_KNOTS.);
#16067 = CARTESIAN_POINT('',(3.708099243548,2.399999999625E-06));
#16068 = CARTESIAN_POINT('',(3.708099243548,-4.4000024));
#16069 = ( GEOMETRIC_REPRESENTATION_CONTEXT(2) 
PARAMETRIC_REPRESENTATION_CONTEXT() REPRESENTATION_CONTEXT('2D SPACE',''
  ) );
#16070 = ADVANCED_FACE('',(#16071,#16118,#16124,#16130,#16136,#16142,
    #16148),#1433,.T.);
#16071 = FACE_BOUND('',#16072,.T.);
#16072 = EDGE_LOOP('',(#16073,#16095,#16116,#16117));
#16073 = ORIENTED_EDGE('',*,*,#16074,.T.);
#16074 = EDGE_CURVE('',#15783,#16075,#16077,.T.);
#16075 = VERTEX_POINT('',#16076);
#16076 = CARTESIAN_POINT('',(177.5,70.1,12.));
#16077 = SURFACE_CURVE('',#16078,(#16082,#16088),.PCURVE_S1.);
#16078 = LINE('',#16079,#16080);
#16079 = CARTESIAN_POINT('',(177.5,70.1,48.875));
#16080 = VECTOR('',#16081,1.);
#16081 = DIRECTION('',(-0.,-0.,-1.));
#16082 = PCURVE('',#1433,#16083);
#16083 = DEFINITIONAL_REPRESENTATION('',(#16084),#16087);
#16084 = B_SPLINE_CURVE_WITH_KNOTS('',1,(#16085,#16086),.UNSPECIFIED.,
  .F.,.F.,(2,2),(-110.625,36.875),.PIECEWISE_BEZIER_KNOTS.);
#16085 = CARTESIAN_POINT('',(147.5,-1.));
#16086 = CARTESIAN_POINT('',(0.,-1.));
#16087 = ( GEOMETRIC_REPRESENTATION_CONTEXT(2) 
PARAMETRIC_REPRESENTATION_CONTEXT() REPRESENTATION_CONTEXT('2D SPACE',''
  ) );
#16088 = PCURVE('',#795,#16089);
#16089 = DEFINITIONAL_REPRESENTATION('',(#16090),#16094);
#16090 = LINE('',#16091,#16092);
#16091 = CARTESIAN_POINT('',(87.5,-36.875));
#16092 = VECTOR('',#16093,1.);
#16093 = DIRECTION('',(0.,-1.));
#16094 = ( GEOMETRIC_REPRESENTATION_CONTEXT(2) 
PARAMETRIC_REPRESENTATION_CONTEXT() REPRESENTATION_CONTEXT('2D SPACE',''
  ) );
#16095 = ORIENTED_EDGE('',*,*,#16096,.T.);
#16096 = EDGE_CURVE('',#16075,#1385,#16097,.T.);
#16097 = SURFACE_CURVE('',#16098,(#16102,#16109),.PCURVE_S1.);
#16098 = LINE('',#16099,#16100);
#16099 = CARTESIAN_POINT('',(177.5,71.1,12.));
#16100 = VECTOR('',#16101,1.);
#16101 = DIRECTION('',(0.,-1.,0.));
#16102 = PCURVE('',#1433,#16103);
#16103 = DEFINITIONAL_REPRESENTATION('',(#16104),#16108);
#16104 = LINE('',#16105,#16106);
#16105 = CARTESIAN_POINT('',(0.,0.));
#16106 = VECTOR('',#16107,1.);
#16107 = DIRECTION('',(0.,-1.));
#16108 = ( GEOMETRIC_REPRESENTATION_CONTEXT(2) 
PARAMETRIC_REPRESENTATION_CONTEXT() REPRESENTATION_CONTEXT('2D SPACE',''
  ) );
#16109 = PCURVE('',#1405,#16110);
#16110 = DEFINITIONAL_REPRESENTATION('',(#16111),#16115);
#16111 = LINE('',#16112,#16113);
#16112 = CARTESIAN_POINT('',(3.14159265359,0.));
#16113 = VECTOR('',#16114,1.);
#16114 = DIRECTION('',(0.,-1.));
#16115 = ( GEOMETRIC_REPRESENTATION_CONTEXT(2) 
PARAMETRIC_REPRESENTATION_CONTEXT() REPRESENTATION_CONTEXT('2D SPACE',''
  ) );
#16116 = ORIENTED_EDGE('',*,*,#1417,.T.);
#16117 = ORIENTED_EDGE('',*,*,#15782,.F.);
#16118 = FACE_BOUND('',#16119,.T.);
#16119 = EDGE_LOOP('',(#16120,#16121,#16122,#16123));
#16120 = ORIENTED_EDGE('',*,*,#7338,.F.);
#16121 = ORIENTED_EDGE('',*,*,#7172,.F.);
#16122 = ORIENTED_EDGE('',*,*,#7241,.F.);
#16123 = ORIENTED_EDGE('',*,*,#7314,.T.);
#16124 = FACE_BOUND('',#16125,.T.);
#16125 = EDGE_LOOP('',(#16126,#16127,#16128,#16129));
#16126 = ORIENTED_EDGE('',*,*,#6870,.F.);
#16127 = ORIENTED_EDGE('',*,*,#6895,.T.);
#16128 = ORIENTED_EDGE('',*,*,#6823,.T.);
#16129 = ORIENTED_EDGE('',*,*,#6776,.F.);
#16130 = FACE_BOUND('',#16131,.T.);
#16131 = EDGE_LOOP('',(#16132,#16133,#16134,#16135));
#16132 = ORIENTED_EDGE('',*,*,#7144,.F.);
#16133 = ORIENTED_EDGE('',*,*,#7097,.F.);
#16134 = ORIENTED_EDGE('',*,*,#6978,.F.);
#16135 = ORIENTED_EDGE('',*,*,#7073,.T.);
#16136 = FACE_BOUND('',#16137,.T.);
#16137 = EDGE_LOOP('',(#16138,#16139,#16140,#16141));
#16138 = ORIENTED_EDGE('',*,*,#6279,.F.);
#16139 = ORIENTED_EDGE('',*,*,#6232,.F.);
#16140 = ORIENTED_EDGE('',*,*,#6113,.F.);
#16141 = ORIENTED_EDGE('',*,*,#6208,.T.);
#16142 = FACE_BOUND('',#16143,.T.);
#16143 = EDGE_LOOP('',(#16144,#16145,#16146,#16147));
#16144 = ORIENTED_EDGE('',*,*,#6085,.F.);
#16145 = ORIENTED_EDGE('',*,*,#6038,.F.);
#16146 = ORIENTED_EDGE('',*,*,#5919,.F.);
#16147 = ORIENTED_EDGE('',*,*,#6014,.T.);
#16148 = FACE_BOUND('',#16149,.T.);
#16149 = EDGE_LOOP('',(#16150,#16151,#16152,#16153));
#16150 = ORIENTED_EDGE('',*,*,#5891,.F.);
#16151 = ORIENTED_EDGE('',*,*,#5844,.F.);
#16152 = ORIENTED_EDGE('',*,*,#5725,.F.);
#16153 = ORIENTED_EDGE('',*,*,#5820,.T.);
#16154 = ADVANCED_FACE('',(#16155),#2052,.F.);
#16155 = FACE_BOUND('',#16156,.F.);
#16156 = EDGE_LOOP('',(#16157,#16158,#16177,#16178));
#16157 = ORIENTED_EDGE('',*,*,#14998,.T.);
#16158 = ORIENTED_EDGE('',*,*,#16159,.F.);
#16159 = EDGE_CURVE('',#2038,#14999,#16160,.T.);
#16160 = SURFACE_CURVE('',#16161,(#16165,#16171),.PCURVE_S1.);
#16161 = LINE('',#16162,#16163);
#16162 = CARTESIAN_POINT('',(14.,37.6,169.));
#16163 = VECTOR('',#16164,1.);
#16164 = DIRECTION('',(-0.,1.,-0.));
#16165 = PCURVE('',#2052,#16166);
#16166 = DEFINITIONAL_REPRESENTATION('',(#16167),#16170);
#16167 = B_SPLINE_CURVE_WITH_KNOTS('',1,(#16168,#16169),.UNSPECIFIED.,
  .F.,.F.,(2,2),(-33.,-29.1),.PIECEWISE_BEZIER_KNOTS.);
#16168 = CARTESIAN_POINT('',(5.,-0.5));
#16169 = CARTESIAN_POINT('',(5.,-4.4));
#16170 = ( GEOMETRIC_REPRESENTATION_CONTEXT(2) 
PARAMETRIC_REPRESENTATION_CONTEXT() REPRESENTATION_CONTEXT('2D SPACE',''
  ) );
#16171 = PCURVE('',#1494,#16172);
#16172 = DEFINITIONAL_REPRESENTATION('',(#16173),#16176);
#16173 = B_SPLINE_CURVE_WITH_KNOTS('',1,(#16174,#16175),.UNSPECIFIED.,
  .F.,.F.,(2,2),(-33.,-29.1),.PIECEWISE_BEZIER_KNOTS.);
#16174 = CARTESIAN_POINT('',(2.,-66.5));
#16175 = CARTESIAN_POINT('',(2.,-62.6));
#16176 = ( GEOMETRIC_REPRESENTATION_CONTEXT(2) 
PARAMETRIC_REPRESENTATION_CONTEXT() REPRESENTATION_CONTEXT('2D SPACE',''
  ) );
#16177 = ORIENTED_EDGE('',*,*,#2037,.F.);
#16178 = ORIENTED_EDGE('',*,*,#16052,.T.);
#16179 = ADVANCED_FACE('',(#16180),#1405,.F.);
#16180 = FACE_BOUND('',#16181,.F.);
#16181 = EDGE_LOOP('',(#16182,#16210,#16211,#16212,#16235,#16263,#16289,
    #16318));
#16182 = ORIENTED_EDGE('',*,*,#16183,.F.);
#16183 = EDGE_CURVE('',#16075,#16184,#16186,.T.);
#16184 = VERTEX_POINT('',#16185);
#16185 = CARTESIAN_POINT('',(177.02076149339,70.1,9.020761493399));
#16186 = SURFACE_CURVE('',#16187,(#16192,#16199),.PCURVE_S1.);
#16187 = CIRCLE('',#16188,9.5);
#16188 = AXIS2_PLACEMENT_3D('',#16189,#16190,#16191);
#16189 = CARTESIAN_POINT('',(168.,70.1,12.));
#16190 = DIRECTION('',(0.,1.,-0.));
#16191 = DIRECTION('',(-1.,0.,0.));
#16192 = PCURVE('',#1405,#16193);
#16193 = DEFINITIONAL_REPRESENTATION('',(#16194),#16198);
#16194 = LINE('',#16195,#16196);
#16195 = CARTESIAN_POINT('',(0.,-1.));
#16196 = VECTOR('',#16197,1.);
#16197 = DIRECTION('',(1.,0.));
#16198 = ( GEOMETRIC_REPRESENTATION_CONTEXT(2) 
PARAMETRIC_REPRESENTATION_CONTEXT() REPRESENTATION_CONTEXT('2D SPACE',''
  ) );
#16199 = PCURVE('',#795,#16200);
#16200 = DEFINITIONAL_REPRESENTATION('',(#16201),#16209);
#16201 = ( BOUNDED_CURVE() B_SPLINE_CURVE(2,(#16202,#16203,#16204,#16205
    ,#16206,#16207,#16208),.UNSPECIFIED.,.T.,.F.) 
B_SPLINE_CURVE_WITH_KNOTS((1,2,2,2,2,1),(-2.094395102393,0.,
    2.094395102393,4.188790204786,6.28318530718,8.377580409573),
.UNSPECIFIED.) CURVE() GEOMETRIC_REPRESENTATION_ITEM() 
RATIONAL_B_SPLINE_CURVE((1.,0.5,1.,0.5,1.,0.5,1.)) REPRESENTATION_ITEM(
  '') );
#16202 = CARTESIAN_POINT('',(68.5,-73.75));
#16203 = CARTESIAN_POINT('',(68.5,-57.29551732809));
#16204 = CARTESIAN_POINT('',(82.75,-65.52275866404));
#16205 = CARTESIAN_POINT('',(97.,-73.75));
#16206 = CARTESIAN_POINT('',(82.75,-81.97724133595));
#16207 = CARTESIAN_POINT('',(68.5,-90.2044826719));
#16208 = CARTESIAN_POINT('',(68.5,-73.75));
#16209 = ( GEOMETRIC_REPRESENTATION_CONTEXT(2) 
PARAMETRIC_REPRESENTATION_CONTEXT() REPRESENTATION_CONTEXT('2D SPACE',''
  ) );
#16210 = ORIENTED_EDGE('',*,*,#16096,.T.);
#16211 = ORIENTED_EDGE('',*,*,#1384,.T.);
#16212 = ORIENTED_EDGE('',*,*,#16213,.F.);
#16213 = EDGE_CURVE('',#16214,#1357,#16216,.T.);
#16214 = VERTEX_POINT('',#16215);
#16215 = CARTESIAN_POINT('',(168.,70.1,2.5));
#16216 = SURFACE_CURVE('',#16217,(#16221,#16228),.PCURVE_S1.);
#16217 = LINE('',#16218,#16219);
#16218 = CARTESIAN_POINT('',(168.,71.1,2.5));
#16219 = VECTOR('',#16220,1.);
#16220 = DIRECTION('',(0.,-1.,0.));
#16221 = PCURVE('',#1405,#16222);
#16222 = DEFINITIONAL_REPRESENTATION('',(#16223),#16227);
#16223 = LINE('',#16224,#16225);
#16224 = CARTESIAN_POINT('',(4.712388980385,0.));
#16225 = VECTOR('',#16226,1.);
#16226 = DIRECTION('',(0.,-1.));
#16227 = ( GEOMETRIC_REPRESENTATION_CONTEXT(2) 
PARAMETRIC_REPRESENTATION_CONTEXT() REPRESENTATION_CONTEXT('2D SPACE',''
  ) );
#16228 = PCURVE('',#1372,#16229);
#16229 = DEFINITIONAL_REPRESENTATION('',(#16230),#16234);
#16230 = LINE('',#16231,#16232);
#16231 = CARTESIAN_POINT('',(156.,0.));
#16232 = VECTOR('',#16233,1.);
#16233 = DIRECTION('',(0.,-1.));
#16234 = ( GEOMETRIC_REPRESENTATION_CONTEXT(2) 
PARAMETRIC_REPRESENTATION_CONTEXT() REPRESENTATION_CONTEXT('2D SPACE',''
  ) );
#16235 = ORIENTED_EDGE('',*,*,#16236,.F.);
#16236 = EDGE_CURVE('',#16237,#16214,#16239,.T.);
#16237 = VERTEX_POINT('',#16238);
#16238 = CARTESIAN_POINT('',(168.5,70.1,2.513167019495));
#16239 = SURFACE_CURVE('',#16240,(#16245,#16252),.PCURVE_S1.);
#16240 = CIRCLE('',#16241,9.5);
#16241 = AXIS2_PLACEMENT_3D('',#16242,#16243,#16244);
#16242 = CARTESIAN_POINT('',(168.,70.1,12.));
#16243 = DIRECTION('',(0.,1.,-0.));
#16244 = DIRECTION('',(-1.,0.,0.));
#16245 = PCURVE('',#1405,#16246);
#16246 = DEFINITIONAL_REPRESENTATION('',(#16247),#16251);
#16247 = LINE('',#16248,#16249);
#16248 = CARTESIAN_POINT('',(0.,-1.));
#16249 = VECTOR('',#16250,1.);
#16250 = DIRECTION('',(1.,0.));
#16251 = ( GEOMETRIC_REPRESENTATION_CONTEXT(2) 
PARAMETRIC_REPRESENTATION_CONTEXT() REPRESENTATION_CONTEXT('2D SPACE',''
  ) );
#16252 = PCURVE('',#795,#16253);
#16253 = DEFINITIONAL_REPRESENTATION('',(#16254),#16262);
#16254 = ( BOUNDED_CURVE() B_SPLINE_CURVE(2,(#16255,#16256,#16257,#16258
    ,#16259,#16260,#16261),.UNSPECIFIED.,.T.,.F.) 
B_SPLINE_CURVE_WITH_KNOTS((1,2,2,2,2,1),(-2.094395102393,0.,
    2.094395102393,4.188790204786,6.28318530718,8.377580409573),
.UNSPECIFIED.) CURVE() GEOMETRIC_REPRESENTATION_ITEM() 
RATIONAL_B_SPLINE_CURVE((1.,0.5,1.,0.5,1.,0.5,1.)) REPRESENTATION_ITEM(
  '') );
#16255 = CARTESIAN_POINT('',(68.5,-73.75));
#16256 = CARTESIAN_POINT('',(68.5,-57.29551732809));
#16257 = CARTESIAN_POINT('',(82.75,-65.52275866404));
#16258 = CARTESIAN_POINT('',(97.,-73.75));
#16259 = CARTESIAN_POINT('',(82.75,-81.97724133595));
#16260 = CARTESIAN_POINT('',(68.5,-90.2044826719));
#16261 = CARTESIAN_POINT('',(68.5,-73.75));
#16262 = ( GEOMETRIC_REPRESENTATION_CONTEXT(2) 
PARAMETRIC_REPRESENTATION_CONTEXT() REPRESENTATION_CONTEXT('2D SPACE',''
  ) );
#16263 = ORIENTED_EDGE('',*,*,#16264,.F.);
#16264 = EDGE_CURVE('',#16265,#16237,#16267,.T.);
#16265 = VERTEX_POINT('',#16266);
#16266 = CARTESIAN_POINT('',(168.5,61.1,2.513167019495));
#16267 = SURFACE_CURVE('',#16268,(#16272,#16278),.PCURVE_S1.);
#16268 = LINE('',#16269,#16270);
#16269 = CARTESIAN_POINT('',(168.5,71.1,2.513167019495));
#16270 = VECTOR('',#16271,1.);
#16271 = DIRECTION('',(0.,1.,-0.));
#16272 = PCURVE('',#1405,#16273);
#16273 = DEFINITIONAL_REPRESENTATION('',(#16274),#16277);
#16274 = B_SPLINE_CURVE_WITH_KNOTS('',1,(#16275,#16276),.UNSPECIFIED.,
  .F.,.F.,(2,2),(-10.9,-0.9999976),.PIECEWISE_BEZIER_KNOTS.);
#16275 = CARTESIAN_POINT('',(4.659733072123,-10.9));
#16276 = CARTESIAN_POINT('',(4.659733072123,-0.9999976));
#16277 = ( GEOMETRIC_REPRESENTATION_CONTEXT(2) 
PARAMETRIC_REPRESENTATION_CONTEXT() REPRESENTATION_CONTEXT('2D SPACE',''
  ) );
#16278 = PCURVE('',#16279,#16284);
#16279 = PLANE('',#16280);
#16280 = AXIS2_PLACEMENT_3D('',#16281,#16282,#16283);
#16281 = CARTESIAN_POINT('',(168.5,61.1,2.));
#16282 = DIRECTION('',(1.,0.,-0.));
#16283 = DIRECTION('',(0.,0.,1.));
#16284 = DEFINITIONAL_REPRESENTATION('',(#16285),#16288);
#16285 = B_SPLINE_CURVE_WITH_KNOTS('',1,(#16286,#16287),.UNSPECIFIED.,
  .F.,.F.,(2,2),(-10.9,-0.9999976),.PIECEWISE_BEZIER_KNOTS.);
#16286 = CARTESIAN_POINT('',(0.513167019495,0.9));
#16287 = CARTESIAN_POINT('',(0.513167019495,-9.0000024));
#16288 = ( GEOMETRIC_REPRESENTATION_CONTEXT(2) 
PARAMETRIC_REPRESENTATION_CONTEXT() REPRESENTATION_CONTEXT('2D SPACE',''
  ) );
#16289 = ORIENTED_EDGE('',*,*,#16290,.F.);
#16290 = EDGE_CURVE('',#16291,#16265,#16293,.T.);
#16291 = VERTEX_POINT('',#16292);
#16292 = CARTESIAN_POINT('',(177.02076149339,61.1,9.020761493399));
#16293 = SURFACE_CURVE('',#16294,(#16299,#16306),.PCURVE_S1.);
#16294 = CIRCLE('',#16295,9.5);
#16295 = AXIS2_PLACEMENT_3D('',#16296,#16297,#16298);
#16296 = CARTESIAN_POINT('',(168.,61.1,12.));
#16297 = DIRECTION('',(0.,1.,0.));
#16298 = DIRECTION('',(0.94955384141,0.,-0.313604053326));
#16299 = PCURVE('',#1405,#16300);
#16300 = DEFINITIONAL_REPRESENTATION('',(#16301),#16305);
#16301 = LINE('',#16302,#16303);
#16302 = CARTESIAN_POINT('',(3.460578842076,-10.));
#16303 = VECTOR('',#16304,1.);
#16304 = DIRECTION('',(1.,0.));
#16305 = ( GEOMETRIC_REPRESENTATION_CONTEXT(2) 
PARAMETRIC_REPRESENTATION_CONTEXT() REPRESENTATION_CONTEXT('2D SPACE',''
  ) );
#16306 = PCURVE('',#16307,#16312);
#16307 = PLANE('',#16308);
#16308 = AXIS2_PLACEMENT_3D('',#16309,#16310,#16311);
#16309 = CARTESIAN_POINT('',(173.,61.1,7.));
#16310 = DIRECTION('',(0.,1.,0.));
#16311 = DIRECTION('',(1.,0.,-0.));
#16312 = DEFINITIONAL_REPRESENTATION('',(#16313),#16317);
#16313 = CIRCLE('',#16314,9.5);
#16314 = AXIS2_PLACEMENT_2D('',#16315,#16316);
#16315 = CARTESIAN_POINT('',(-5.,-5.));
#16316 = DIRECTION('',(0.94955384141,0.313604053326));
#16317 = ( GEOMETRIC_REPRESENTATION_CONTEXT(2) 
PARAMETRIC_REPRESENTATION_CONTEXT() REPRESENTATION_CONTEXT('2D SPACE',''
  ) );
#16318 = ORIENTED_EDGE('',*,*,#16319,.T.);
#16319 = EDGE_CURVE('',#16291,#16184,#16320,.T.);
#16320 = SURFACE_CURVE('',#16321,(#16325,#16331),.PCURVE_S1.);
#16321 = LINE('',#16322,#16323);
#16322 = CARTESIAN_POINT('',(177.02076149339,71.1,9.020761493399));
#16323 = VECTOR('',#16324,1.);
#16324 = DIRECTION('',(0.,1.,-0.));
#16325 = PCURVE('',#1405,#16326);
#16326 = DEFINITIONAL_REPRESENTATION('',(#16327),#16330);
#16327 = B_SPLINE_CURVE_WITH_KNOTS('',1,(#16328,#16329),.UNSPECIFIED.,
  .F.,.F.,(2,2),(-10.0000024,-0.9999976),.PIECEWISE_BEZIER_KNOTS.);
#16328 = CARTESIAN_POINT('',(3.460578842076,-10.0000024));
#16329 = CARTESIAN_POINT('',(3.460578842076,-0.9999976));
#16330 = ( GEOMETRIC_REPRESENTATION_CONTEXT(2) 
PARAMETRIC_REPRESENTATION_CONTEXT() REPRESENTATION_CONTEXT('2D SPACE',''
  ) );
#16331 = PCURVE('',#16332,#16337);
#16332 = CYLINDRICAL_SURFACE('',#16333,4.5);
#16333 = AXIS2_PLACEMENT_3D('',#16334,#16335,#16336);
#16334 = CARTESIAN_POINT('',(173.,61.1,7.));
#16335 = DIRECTION('',(0.,1.,0.));
#16336 = DIRECTION('',(1.,0.,-0.));
#16337 = DEFINITIONAL_REPRESENTATION('',(#16338),#16341);
#16338 = B_SPLINE_CURVE_WITH_KNOTS('',1,(#16339,#16340),.UNSPECIFIED.,
  .F.,.F.,(2,2),(-10.0000024,-0.9999976),.PIECEWISE_BEZIER_KNOTS.);
#16339 = CARTESIAN_POINT('',(5.817474402912,-2.399999999625E-06));
#16340 = CARTESIAN_POINT('',(5.817474402912,9.0000024));
#16341 = ( GEOMETRIC_REPRESENTATION_CONTEXT(2) 
PARAMETRIC_REPRESENTATION_CONTEXT() REPRESENTATION_CONTEXT('2D SPACE',''
  ) );
#16342 = ADVANCED_FACE('',(#16343),#16332,.T.);
#16343 = FACE_BOUND('',#16344,.T.);
#16344 = EDGE_LOOP('',(#16345,#16369,#16370,#16398));
#16345 = ORIENTED_EDGE('',*,*,#16346,.T.);
#16346 = EDGE_CURVE('',#16347,#16291,#16349,.T.);
#16347 = VERTEX_POINT('',#16348);
#16348 = CARTESIAN_POINT('',(168.5,61.1,7.));
#16349 = SURFACE_CURVE('',#16350,(#16355,#16362),.PCURVE_S1.);
#16350 = CIRCLE('',#16351,4.5);
#16351 = AXIS2_PLACEMENT_3D('',#16352,#16353,#16354);
#16352 = CARTESIAN_POINT('',(173.,61.1,7.));
#16353 = DIRECTION('',(0.,1.,0.));
#16354 = DIRECTION('',(1.,0.,-0.));
#16355 = PCURVE('',#16332,#16356);
#16356 = DEFINITIONAL_REPRESENTATION('',(#16357),#16361);
#16357 = LINE('',#16358,#16359);
#16358 = CARTESIAN_POINT('',(0.,0.));
#16359 = VECTOR('',#16360,1.);
#16360 = DIRECTION('',(1.,0.));
#16361 = ( GEOMETRIC_REPRESENTATION_CONTEXT(2) 
PARAMETRIC_REPRESENTATION_CONTEXT() REPRESENTATION_CONTEXT('2D SPACE',''
  ) );
#16362 = PCURVE('',#16307,#16363);
#16363 = DEFINITIONAL_REPRESENTATION('',(#16364),#16368);
#16364 = CIRCLE('',#16365,4.5);
#16365 = AXIS2_PLACEMENT_2D('',#16366,#16367);
#16366 = CARTESIAN_POINT('',(0.,0.));
#16367 = DIRECTION('',(1.,0.));
#16368 = ( GEOMETRIC_REPRESENTATION_CONTEXT(2) 
PARAMETRIC_REPRESENTATION_CONTEXT() REPRESENTATION_CONTEXT('2D SPACE',''
  ) );
#16369 = ORIENTED_EDGE('',*,*,#16319,.T.);
#16370 = ORIENTED_EDGE('',*,*,#16371,.F.);
#16371 = EDGE_CURVE('',#16372,#16184,#16374,.T.);
#16372 = VERTEX_POINT('',#16373);
#16373 = CARTESIAN_POINT('',(168.5,70.1,7.));
#16374 = SURFACE_CURVE('',#16375,(#16380,#16387),.PCURVE_S1.);
#16375 = CIRCLE('',#16376,4.5);
#16376 = AXIS2_PLACEMENT_3D('',#16377,#16378,#16379);
#16377 = CARTESIAN_POINT('',(173.,70.1,7.));
#16378 = DIRECTION('',(0.,1.,0.));
#16379 = DIRECTION('',(1.,0.,-0.));
#16380 = PCURVE('',#16332,#16381);
#16381 = DEFINITIONAL_REPRESENTATION('',(#16382),#16386);
#16382 = LINE('',#16383,#16384);
#16383 = CARTESIAN_POINT('',(0.,9.));
#16384 = VECTOR('',#16385,1.);
#16385 = DIRECTION('',(1.,0.));
#16386 = ( GEOMETRIC_REPRESENTATION_CONTEXT(2) 
PARAMETRIC_REPRESENTATION_CONTEXT() REPRESENTATION_CONTEXT('2D SPACE',''
  ) );
#16387 = PCURVE('',#795,#16388);
#16388 = DEFINITIONAL_REPRESENTATION('',(#16389),#16397);
#16389 = ( BOUNDED_CURVE() B_SPLINE_CURVE(2,(#16390,#16391,#16392,#16393
    ,#16394,#16395,#16396),.UNSPECIFIED.,.T.,.F.) 
B_SPLINE_CURVE_WITH_KNOTS((1,2,2,2,2,1),(-2.094395102393,0.,
    2.094395102393,4.188790204786,6.28318530718,8.377580409573),
.UNSPECIFIED.) CURVE() GEOMETRIC_REPRESENTATION_ITEM() 
RATIONAL_B_SPLINE_CURVE((1.,0.5,1.,0.5,1.,0.5,1.)) REPRESENTATION_ITEM(
  '') );
#16390 = CARTESIAN_POINT('',(87.5,-78.75));
#16391 = CARTESIAN_POINT('',(87.5,-86.54422863406));
#16392 = CARTESIAN_POINT('',(80.75,-82.64711431703));
#16393 = CARTESIAN_POINT('',(74.,-78.75));
#16394 = CARTESIAN_POINT('',(80.75,-74.85288568297));
#16395 = CARTESIAN_POINT('',(87.5,-70.95577136594));
#16396 = CARTESIAN_POINT('',(87.5,-78.75));
#16397 = ( GEOMETRIC_REPRESENTATION_CONTEXT(2) 
PARAMETRIC_REPRESENTATION_CONTEXT() REPRESENTATION_CONTEXT('2D SPACE',''
  ) );
#16398 = ORIENTED_EDGE('',*,*,#16399,.F.);
#16399 = EDGE_CURVE('',#16347,#16372,#16400,.T.);
#16400 = SURFACE_CURVE('',#16401,(#16405,#16412),.PCURVE_S1.);
#16401 = LINE('',#16402,#16403);
#16402 = CARTESIAN_POINT('',(168.5,61.1,7.));
#16403 = VECTOR('',#16404,1.);
#16404 = DIRECTION('',(-0.,1.,0.));
#16405 = PCURVE('',#16332,#16406);
#16406 = DEFINITIONAL_REPRESENTATION('',(#16407),#16411);
#16407 = LINE('',#16408,#16409);
#16408 = CARTESIAN_POINT('',(3.14159265359,0.));
#16409 = VECTOR('',#16410,1.);
#16410 = DIRECTION('',(0.,1.));
#16411 = ( GEOMETRIC_REPRESENTATION_CONTEXT(2) 
PARAMETRIC_REPRESENTATION_CONTEXT() REPRESENTATION_CONTEXT('2D SPACE',''
  ) );
#16412 = PCURVE('',#16279,#16413);
#16413 = DEFINITIONAL_REPRESENTATION('',(#16414),#16418);
#16414 = LINE('',#16415,#16416);
#16415 = CARTESIAN_POINT('',(5.,0.));
#16416 = VECTOR('',#16417,1.);
#16417 = DIRECTION('',(0.,-1.));
#16418 = ( GEOMETRIC_REPRESENTATION_CONTEXT(2) 
PARAMETRIC_REPRESENTATION_CONTEXT() REPRESENTATION_CONTEXT('2D SPACE',''
  ) );
#16419 = ADVANCED_FACE('',(#16420),#16307,.F.);
#16420 = FACE_BOUND('',#16421,.F.);
#16421 = EDGE_LOOP('',(#16422,#16423,#16424));
#16422 = ORIENTED_EDGE('',*,*,#16346,.T.);
#16423 = ORIENTED_EDGE('',*,*,#16290,.T.);
#16424 = ORIENTED_EDGE('',*,*,#16425,.T.);
#16425 = EDGE_CURVE('',#16265,#16347,#16426,.T.);
#16426 = SURFACE_CURVE('',#16427,(#16431,#16438),.PCURVE_S1.);
#16427 = LINE('',#16428,#16429);
#16428 = CARTESIAN_POINT('',(168.5,61.1,2.));
#16429 = VECTOR('',#16430,1.);
#16430 = DIRECTION('',(0.,0.,1.));
#16431 = PCURVE('',#16307,#16432);
#16432 = DEFINITIONAL_REPRESENTATION('',(#16433),#16437);
#16433 = LINE('',#16434,#16435);
#16434 = CARTESIAN_POINT('',(-4.5,5.));
#16435 = VECTOR('',#16436,1.);
#16436 = DIRECTION('',(0.,-1.));
#16437 = ( GEOMETRIC_REPRESENTATION_CONTEXT(2) 
PARAMETRIC_REPRESENTATION_CONTEXT() REPRESENTATION_CONTEXT('2D SPACE',''
  ) );
#16438 = PCURVE('',#16279,#16439);
#16439 = DEFINITIONAL_REPRESENTATION('',(#16440),#16444);
#16440 = LINE('',#16441,#16442);
#16441 = CARTESIAN_POINT('',(0.,0.));
#16442 = VECTOR('',#16443,1.);
#16443 = DIRECTION('',(1.,0.));
#16444 = ( GEOMETRIC_REPRESENTATION_CONTEXT(2) 
PARAMETRIC_REPRESENTATION_CONTEXT() REPRESENTATION_CONTEXT('2D SPACE',''
  ) );
#16445 = ADVANCED_FACE('',(#16446),#16279,.F.);
#16446 = FACE_BOUND('',#16447,.F.);
#16447 = EDGE_LOOP('',(#16448,#16449,#16450,#16471));
#16448 = ORIENTED_EDGE('',*,*,#16425,.F.);
#16449 = ORIENTED_EDGE('',*,*,#16264,.T.);
#16450 = ORIENTED_EDGE('',*,*,#16451,.T.);
#16451 = EDGE_CURVE('',#16237,#16372,#16452,.T.);
#16452 = SURFACE_CURVE('',#16453,(#16457,#16464),.PCURVE_S1.);
#16453 = LINE('',#16454,#16455);
#16454 = CARTESIAN_POINT('',(168.5,70.1,2.));
#16455 = VECTOR('',#16456,1.);
#16456 = DIRECTION('',(0.,0.,1.));
#16457 = PCURVE('',#16279,#16458);
#16458 = DEFINITIONAL_REPRESENTATION('',(#16459),#16463);
#16459 = LINE('',#16460,#16461);
#16460 = CARTESIAN_POINT('',(0.,-9.));
#16461 = VECTOR('',#16462,1.);
#16462 = DIRECTION('',(1.,0.));
#16463 = ( GEOMETRIC_REPRESENTATION_CONTEXT(2) 
PARAMETRIC_REPRESENTATION_CONTEXT() REPRESENTATION_CONTEXT('2D SPACE',''
  ) );
#16464 = PCURVE('',#795,#16465);
#16465 = DEFINITIONAL_REPRESENTATION('',(#16466),#16470);
#16466 = LINE('',#16467,#16468);
#16467 = CARTESIAN_POINT('',(78.5,-83.75));
#16468 = VECTOR('',#16469,1.);
#16469 = DIRECTION('',(0.,1.));
#16470 = ( GEOMETRIC_REPRESENTATION_CONTEXT(2) 
PARAMETRIC_REPRESENTATION_CONTEXT() REPRESENTATION_CONTEXT('2D SPACE',''
  ) );
#16471 = ORIENTED_EDGE('',*,*,#16399,.F.);
#16472 = ADVANCED_FACE('',(#16473,#16528,#16534,#16540,#16546,#16552,
    #16558,#16564),#1494,.F.);
#16473 = FACE_BOUND('',#16474,.F.);
#16474 = EDGE_LOOP('',(#16475,#16476,#16498,#16519,#16520,#16521,#16522,
    #16523,#16524,#16525,#16526,#16527));
#16475 = ORIENTED_EDGE('',*,*,#15760,.F.);
#16476 = ORIENTED_EDGE('',*,*,#16477,.T.);
#16477 = EDGE_CURVE('',#15731,#16478,#16480,.T.);
#16478 = VERTEX_POINT('',#16479);
#16479 = CARTESIAN_POINT('',(12.,70.1,169.));
#16480 = SURFACE_CURVE('',#16481,(#16485,#16491),.PCURVE_S1.);
#16481 = LINE('',#16482,#16483);
#16482 = CARTESIAN_POINT('',(51.,70.1,169.));
#16483 = VECTOR('',#16484,1.);
#16484 = DIRECTION('',(-1.,-0.,0.));
#16485 = PCURVE('',#1494,#16486);
#16486 = DEFINITIONAL_REPRESENTATION('',(#16487),#16490);
#16487 = B_SPLINE_CURVE_WITH_KNOTS('',1,(#16488,#16489),.UNSPECIFIED.,
  .F.,.F.,(2,2),(-117.,39.),.PIECEWISE_BEZIER_KNOTS.);
#16488 = CARTESIAN_POINT('',(156.,-1.));
#16489 = CARTESIAN_POINT('',(0.,-1.));
#16490 = ( GEOMETRIC_REPRESENTATION_CONTEXT(2) 
PARAMETRIC_REPRESENTATION_CONTEXT() REPRESENTATION_CONTEXT('2D SPACE',''
  ) );
#16491 = PCURVE('',#795,#16492);
#16492 = DEFINITIONAL_REPRESENTATION('',(#16493),#16497);
#16493 = LINE('',#16494,#16495);
#16494 = CARTESIAN_POINT('',(-39.,83.25));
#16495 = VECTOR('',#16496,1.);
#16496 = DIRECTION('',(-1.,0.));
#16497 = ( GEOMETRIC_REPRESENTATION_CONTEXT(2) 
PARAMETRIC_REPRESENTATION_CONTEXT() REPRESENTATION_CONTEXT('2D SPACE',''
  ) );
#16498 = ORIENTED_EDGE('',*,*,#16499,.T.);
#16499 = EDGE_CURVE('',#16478,#2064,#16500,.T.);
#16500 = SURFACE_CURVE('',#16501,(#16505,#16512),.PCURVE_S1.);
#16501 = LINE('',#16502,#16503);
#16502 = CARTESIAN_POINT('',(12.,71.1,169.));
#16503 = VECTOR('',#16504,1.);
#16504 = DIRECTION('',(0.,-1.,0.));
#16505 = PCURVE('',#1494,#16506);
#16506 = DEFINITIONAL_REPRESENTATION('',(#16507),#16511);
#16507 = LINE('',#16508,#16509);
#16508 = CARTESIAN_POINT('',(0.,0.));
#16509 = VECTOR('',#16510,1.);
#16510 = DIRECTION('',(0.,-1.));
#16511 = ( GEOMETRIC_REPRESENTATION_CONTEXT(2) 
PARAMETRIC_REPRESENTATION_CONTEXT() REPRESENTATION_CONTEXT('2D SPACE',''
  ) );
#16512 = PCURVE('',#877,#16513);
#16513 = DEFINITIONAL_REPRESENTATION('',(#16514),#16518);
#16514 = LINE('',#16515,#16516);
#16515 = CARTESIAN_POINT('',(1.570796326795,0.));
#16516 = VECTOR('',#16517,1.);
#16517 = DIRECTION('',(0.,-1.));
#16518 = ( GEOMETRIC_REPRESENTATION_CONTEXT(2) 
PARAMETRIC_REPRESENTATION_CONTEXT() REPRESENTATION_CONTEXT('2D SPACE',''
  ) );
#16519 = ORIENTED_EDGE('',*,*,#2063,.T.);
#16520 = ORIENTED_EDGE('',*,*,#16159,.T.);
#16521 = ORIENTED_EDGE('',*,*,#15021,.F.);
#16522 = ORIENTED_EDGE('',*,*,#14931,.F.);
#16523 = ORIENTED_EDGE('',*,*,#14802,.T.);
#16524 = ORIENTED_EDGE('',*,*,#14757,.T.);
#16525 = ORIENTED_EDGE('',*,*,#15543,.F.);
#16526 = ORIENTED_EDGE('',*,*,#15613,.F.);
#16527 = ORIENTED_EDGE('',*,*,#1478,.T.);
#16528 = FACE_BOUND('',#16529,.F.);
#16529 = EDGE_LOOP('',(#16530,#16531,#16532,#16533));
#16530 = ORIENTED_EDGE('',*,*,#9754,.F.);
#16531 = ORIENTED_EDGE('',*,*,#9577,.T.);
#16532 = ORIENTED_EDGE('',*,*,#9654,.T.);
#16533 = ORIENTED_EDGE('',*,*,#9700,.T.);
#16534 = FACE_BOUND('',#16535,.F.);
#16535 = EDGE_LOOP('',(#16536,#16537,#16538,#16539));
#16536 = ORIENTED_EDGE('',*,*,#9552,.F.);
#16537 = ORIENTED_EDGE('',*,*,#9498,.T.);
#16538 = ORIENTED_EDGE('',*,*,#9398,.T.);
#16539 = ORIENTED_EDGE('',*,*,#9444,.T.);
#16540 = FACE_BOUND('',#16541,.F.);
#16541 = EDGE_LOOP('',(#16542,#16543,#16544,#16545));
#16542 = ORIENTED_EDGE('',*,*,#9350,.F.);
#16543 = ORIENTED_EDGE('',*,*,#9296,.T.);
#16544 = ORIENTED_EDGE('',*,*,#9196,.T.);
#16545 = ORIENTED_EDGE('',*,*,#9242,.T.);
#16546 = FACE_BOUND('',#16547,.F.);
#16547 = EDGE_LOOP('',(#16548,#16549,#16550,#16551));
#16548 = ORIENTED_EDGE('',*,*,#9148,.F.);
#16549 = ORIENTED_EDGE('',*,*,#9094,.T.);
#16550 = ORIENTED_EDGE('',*,*,#8994,.T.);
#16551 = ORIENTED_EDGE('',*,*,#9040,.T.);
#16552 = FACE_BOUND('',#16553,.F.);
#16553 = EDGE_LOOP('',(#16554,#16555,#16556,#16557));
#16554 = ORIENTED_EDGE('',*,*,#8946,.F.);
#16555 = ORIENTED_EDGE('',*,*,#8892,.T.);
#16556 = ORIENTED_EDGE('',*,*,#8792,.T.);
#16557 = ORIENTED_EDGE('',*,*,#8838,.T.);
#16558 = FACE_BOUND('',#16559,.F.);
#16559 = EDGE_LOOP('',(#16560,#16561,#16562,#16563));
#16560 = ORIENTED_EDGE('',*,*,#8744,.F.);
#16561 = ORIENTED_EDGE('',*,*,#8690,.T.);
#16562 = ORIENTED_EDGE('',*,*,#8590,.T.);
#16563 = ORIENTED_EDGE('',*,*,#8636,.T.);
#16564 = FACE_BOUND('',#16565,.F.);
#16565 = EDGE_LOOP('',(#16566,#16567,#16568,#16569));
#16566 = ORIENTED_EDGE('',*,*,#8542,.F.);
#16567 = ORIENTED_EDGE('',*,*,#8488,.T.);
#16568 = ORIENTED_EDGE('',*,*,#8388,.T.);
#16569 = ORIENTED_EDGE('',*,*,#8434,.T.);
#16570 = ADVANCED_FACE('',(#16571,#16821,#16824,#16930,#16936,#16942,
    #16948),#1372,.T.);
#16571 = FACE_BOUND('',#16572,.T.);
#16572 = EDGE_LOOP('',(#16573,#16574,#16596,#16622,#16650,#16676,#16698,
    #16721,#16747,#16773,#16799,#16820));
#16573 = ORIENTED_EDGE('',*,*,#16213,.F.);
#16574 = ORIENTED_EDGE('',*,*,#16575,.T.);
#16575 = EDGE_CURVE('',#16214,#16576,#16578,.T.);
#16576 = VERTEX_POINT('',#16577);
#16577 = CARTESIAN_POINT('',(71.2,70.1,2.5));
#16578 = SURFACE_CURVE('',#16579,(#16583,#16589),.PCURVE_S1.);
#16579 = LINE('',#16580,#16581);
#16580 = CARTESIAN_POINT('',(51.,70.1,2.5));
#16581 = VECTOR('',#16582,1.);
#16582 = DIRECTION('',(-1.,-0.,0.));
#16583 = PCURVE('',#1372,#16584);
#16584 = DEFINITIONAL_REPRESENTATION('',(#16585),#16588);
#16585 = B_SPLINE_CURVE_WITH_KNOTS('',1,(#16586,#16587),.UNSPECIFIED.,
  .F.,.F.,(2,2),(-117.,39.),.PIECEWISE_BEZIER_KNOTS.);
#16586 = CARTESIAN_POINT('',(156.,-1.));
#16587 = CARTESIAN_POINT('',(0.,-1.));
#16588 = ( GEOMETRIC_REPRESENTATION_CONTEXT(2) 
PARAMETRIC_REPRESENTATION_CONTEXT() REPRESENTATION_CONTEXT('2D SPACE',''
  ) );
#16589 = PCURVE('',#795,#16590);
#16590 = DEFINITIONAL_REPRESENTATION('',(#16591),#16595);
#16591 = LINE('',#16592,#16593);
#16592 = CARTESIAN_POINT('',(-39.,-83.25));
#16593 = VECTOR('',#16594,1.);
#16594 = DIRECTION('',(-1.,0.));
#16595 = ( GEOMETRIC_REPRESENTATION_CONTEXT(2) 
PARAMETRIC_REPRESENTATION_CONTEXT() REPRESENTATION_CONTEXT('2D SPACE',''
  ) );
#16596 = ORIENTED_EDGE('',*,*,#16597,.F.);
#16597 = EDGE_CURVE('',#16598,#16576,#16600,.T.);
#16598 = VERTEX_POINT('',#16599);
#16599 = CARTESIAN_POINT('',(71.2,61.1,2.5));
#16600 = SURFACE_CURVE('',#16601,(#16605,#16611),.PCURVE_S1.);
#16601 = LINE('',#16602,#16603);
#16602 = CARTESIAN_POINT('',(71.2,66.1,2.5));
#16603 = VECTOR('',#16604,1.);
#16604 = DIRECTION('',(-0.,1.,-0.));
#16605 = PCURVE('',#1372,#16606);
#16606 = DEFINITIONAL_REPRESENTATION('',(#16607),#16610);
#16607 = B_SPLINE_CURVE_WITH_KNOTS('',1,(#16608,#16609),.UNSPECIFIED.,
  .F.,.F.,(2,2),(-5.,4.),.PIECEWISE_BEZIER_KNOTS.);
#16608 = CARTESIAN_POINT('',(59.2,-10.));
#16609 = CARTESIAN_POINT('',(59.2,-1.));
#16610 = ( GEOMETRIC_REPRESENTATION_CONTEXT(2) 
PARAMETRIC_REPRESENTATION_CONTEXT() REPRESENTATION_CONTEXT('2D SPACE',''
  ) );
#16611 = PCURVE('',#16612,#16617);
#16612 = PLANE('',#16613);
#16613 = AXIS2_PLACEMENT_3D('',#16614,#16615,#16616);
#16614 = CARTESIAN_POINT('',(71.2,61.1,2.));
#16615 = DIRECTION('',(1.,0.,-0.));
#16616 = DIRECTION('',(0.,0.,1.));
#16617 = DEFINITIONAL_REPRESENTATION('',(#16618),#16621);
#16618 = B_SPLINE_CURVE_WITH_KNOTS('',1,(#16619,#16620),.UNSPECIFIED.,
  .F.,.F.,(2,2),(-5.,4.),.PIECEWISE_BEZIER_KNOTS.);
#16619 = CARTESIAN_POINT('',(0.5,0.));
#16620 = CARTESIAN_POINT('',(0.5,-9.));
#16621 = ( GEOMETRIC_REPRESENTATION_CONTEXT(2) 
PARAMETRIC_REPRESENTATION_CONTEXT() REPRESENTATION_CONTEXT('2D SPACE',''
  ) );
#16622 = ORIENTED_EDGE('',*,*,#16623,.T.);
#16623 = EDGE_CURVE('',#16598,#16624,#16626,.T.);
#16624 = VERTEX_POINT('',#16625);
#16625 = CARTESIAN_POINT('',(62.2,61.1,2.5));
#16626 = SURFACE_CURVE('',#16627,(#16631,#16638),.PCURVE_S1.);
#16627 = LINE('',#16628,#16629);
#16628 = CARTESIAN_POINT('',(71.2,61.1,2.5));
#16629 = VECTOR('',#16630,1.);
#16630 = DIRECTION('',(-1.,0.,0.));
#16631 = PCURVE('',#1372,#16632);
#16632 = DEFINITIONAL_REPRESENTATION('',(#16633),#16637);
#16633 = LINE('',#16634,#16635);
#16634 = CARTESIAN_POINT('',(59.2,-10.));
#16635 = VECTOR('',#16636,1.);
#16636 = DIRECTION('',(-1.,0.));
#16637 = ( GEOMETRIC_REPRESENTATION_CONTEXT(2) 
PARAMETRIC_REPRESENTATION_CONTEXT() REPRESENTATION_CONTEXT('2D SPACE',''
  ) );
#16638 = PCURVE('',#16639,#16644);
#16639 = PLANE('',#16640);
#16640 = AXIS2_PLACEMENT_3D('',#16641,#16642,#16643);
#16641 = CARTESIAN_POINT('',(62.2,61.1,2.));
#16642 = DIRECTION('',(-0.,1.,0.));
#16643 = DIRECTION('',(0.,0.,1.));
#16644 = DEFINITIONAL_REPRESENTATION('',(#16645),#16649);
#16645 = LINE('',#16646,#16647);
#16646 = CARTESIAN_POINT('',(0.5,9.));
#16647 = VECTOR('',#16648,1.);
#16648 = DIRECTION('',(0.,-1.));
#16649 = ( GEOMETRIC_REPRESENTATION_CONTEXT(2) 
PARAMETRIC_REPRESENTATION_CONTEXT() REPRESENTATION_CONTEXT('2D SPACE',''
  ) );
#16650 = ORIENTED_EDGE('',*,*,#16651,.T.);
#16651 = EDGE_CURVE('',#16624,#16652,#16654,.T.);
#16652 = VERTEX_POINT('',#16653);
#16653 = CARTESIAN_POINT('',(62.2,70.1,2.5));
#16654 = SURFACE_CURVE('',#16655,(#16659,#16665),.PCURVE_S1.);
#16655 = LINE('',#16656,#16657);
#16656 = CARTESIAN_POINT('',(62.2,66.1,2.5));
#16657 = VECTOR('',#16658,1.);
#16658 = DIRECTION('',(-0.,1.,-0.));
#16659 = PCURVE('',#1372,#16660);
#16660 = DEFINITIONAL_REPRESENTATION('',(#16661),#16664);
#16661 = B_SPLINE_CURVE_WITH_KNOTS('',1,(#16662,#16663),.UNSPECIFIED.,
  .F.,.F.,(2,2),(-5.,4.),.PIECEWISE_BEZIER_KNOTS.);
#16662 = CARTESIAN_POINT('',(50.2,-10.));
#16663 = CARTESIAN_POINT('',(50.2,-1.));
#16664 = ( GEOMETRIC_REPRESENTATION_CONTEXT(2) 
PARAMETRIC_REPRESENTATION_CONTEXT() REPRESENTATION_CONTEXT('2D SPACE',''
  ) );
#16665 = PCURVE('',#16666,#16671);
#16666 = PLANE('',#16667);
#16667 = AXIS2_PLACEMENT_3D('',#16668,#16669,#16670);
#16668 = CARTESIAN_POINT('',(62.2,61.1,2.));
#16669 = DIRECTION('',(1.,0.,-0.));
#16670 = DIRECTION('',(0.,0.,1.));
#16671 = DEFINITIONAL_REPRESENTATION('',(#16672),#16675);
#16672 = B_SPLINE_CURVE_WITH_KNOTS('',1,(#16673,#16674),.UNSPECIFIED.,
  .F.,.F.,(2,2),(-5.,4.),.PIECEWISE_BEZIER_KNOTS.);
#16673 = CARTESIAN_POINT('',(0.5,0.));
#16674 = CARTESIAN_POINT('',(0.5,-9.));
#16675 = ( GEOMETRIC_REPRESENTATION_CONTEXT(2) 
PARAMETRIC_REPRESENTATION_CONTEXT() REPRESENTATION_CONTEXT('2D SPACE',''
  ) );
#16676 = ORIENTED_EDGE('',*,*,#16677,.T.);
#16677 = EDGE_CURVE('',#16652,#16678,#16680,.T.);
#16678 = VERTEX_POINT('',#16679);
#16679 = CARTESIAN_POINT('',(12.,70.1,2.5));
#16680 = SURFACE_CURVE('',#16681,(#16685,#16691),.PCURVE_S1.);
#16681 = LINE('',#16682,#16683);
#16682 = CARTESIAN_POINT('',(51.,70.1,2.5));
#16683 = VECTOR('',#16684,1.);
#16684 = DIRECTION('',(-1.,-0.,0.));
#16685 = PCURVE('',#1372,#16686);
#16686 = DEFINITIONAL_REPRESENTATION('',(#16687),#16690);
#16687 = B_SPLINE_CURVE_WITH_KNOTS('',1,(#16688,#16689),.UNSPECIFIED.,
  .F.,.F.,(2,2),(-117.,39.),.PIECEWISE_BEZIER_KNOTS.);
#16688 = CARTESIAN_POINT('',(156.,-1.));
#16689 = CARTESIAN_POINT('',(0.,-1.));
#16690 = ( GEOMETRIC_REPRESENTATION_CONTEXT(2) 
PARAMETRIC_REPRESENTATION_CONTEXT() REPRESENTATION_CONTEXT('2D SPACE',''
  ) );
#16691 = PCURVE('',#795,#16692);
#16692 = DEFINITIONAL_REPRESENTATION('',(#16693),#16697);
#16693 = LINE('',#16694,#16695);
#16694 = CARTESIAN_POINT('',(-39.,-83.25));
#16695 = VECTOR('',#16696,1.);
#16696 = DIRECTION('',(-1.,0.));
#16697 = ( GEOMETRIC_REPRESENTATION_CONTEXT(2) 
PARAMETRIC_REPRESENTATION_CONTEXT() REPRESENTATION_CONTEXT('2D SPACE',''
  ) );
#16698 = ORIENTED_EDGE('',*,*,#16699,.T.);
#16699 = EDGE_CURVE('',#16678,#16700,#16702,.T.);
#16700 = VERTEX_POINT('',#16701);
#16701 = CARTESIAN_POINT('',(12.,66.6,2.5));
#16702 = SURFACE_CURVE('',#16703,(#16707,#16714),.PCURVE_S1.);
#16703 = LINE('',#16704,#16705);
#16704 = CARTESIAN_POINT('',(12.,71.1,2.5));
#16705 = VECTOR('',#16706,1.);
#16706 = DIRECTION('',(0.,-1.,0.));
#16707 = PCURVE('',#1372,#16708);
#16708 = DEFINITIONAL_REPRESENTATION('',(#16709),#16713);
#16709 = LINE('',#16710,#16711);
#16710 = CARTESIAN_POINT('',(0.,0.));
#16711 = VECTOR('',#16712,1.);
#16712 = DIRECTION('',(0.,-1.));
#16713 = ( GEOMETRIC_REPRESENTATION_CONTEXT(2) 
PARAMETRIC_REPRESENTATION_CONTEXT() REPRESENTATION_CONTEXT('2D SPACE',''
  ) );
#16714 = PCURVE('',#823,#16715);
#16715 = DEFINITIONAL_REPRESENTATION('',(#16716),#16720);
#16716 = LINE('',#16717,#16718);
#16717 = CARTESIAN_POINT('',(4.712388980385,0.));
#16718 = VECTOR('',#16719,1.);
#16719 = DIRECTION('',(0.,-1.));
#16720 = ( GEOMETRIC_REPRESENTATION_CONTEXT(2) 
PARAMETRIC_REPRESENTATION_CONTEXT() REPRESENTATION_CONTEXT('2D SPACE',''
  ) );
#16721 = ORIENTED_EDGE('',*,*,#16722,.F.);
#16722 = EDGE_CURVE('',#16723,#16700,#16725,.T.);
#16723 = VERTEX_POINT('',#16724);
#16724 = CARTESIAN_POINT('',(58.6,66.6,2.5));
#16725 = SURFACE_CURVE('',#16726,(#16730,#16736),.PCURVE_S1.);
#16726 = LINE('',#16727,#16728);
#16727 = CARTESIAN_POINT('',(10.,66.6,2.5));
#16728 = VECTOR('',#16729,1.);
#16729 = DIRECTION('',(-1.,0.,0.));
#16730 = PCURVE('',#1372,#16731);
#16731 = DEFINITIONAL_REPRESENTATION('',(#16732),#16735);
#16732 = B_SPLINE_CURVE_WITH_KNOTS('',1,(#16733,#16734),.UNSPECIFIED.,
  .F.,.F.,(2,2),(-48.6,-2.),.PIECEWISE_BEZIER_KNOTS.);
#16733 = CARTESIAN_POINT('',(46.6,-4.5));
#16734 = CARTESIAN_POINT('',(0.,-4.5));
#16735 = ( GEOMETRIC_REPRESENTATION_CONTEXT(2) 
PARAMETRIC_REPRESENTATION_CONTEXT() REPRESENTATION_CONTEXT('2D SPACE',''
  ) );
#16736 = PCURVE('',#16737,#16742);
#16737 = PLANE('',#16738);
#16738 = AXIS2_PLACEMENT_3D('',#16739,#16740,#16741);
#16739 = CARTESIAN_POINT('',(8.,66.6,2.));
#16740 = DIRECTION('',(-0.,1.,0.));
#16741 = DIRECTION('',(0.,0.,1.));
#16742 = DEFINITIONAL_REPRESENTATION('',(#16743),#16746);
#16743 = B_SPLINE_CURVE_WITH_KNOTS('',1,(#16744,#16745),.UNSPECIFIED.,
  .F.,.F.,(2,2),(-48.6,-2.),.PIECEWISE_BEZIER_KNOTS.);
#16744 = CARTESIAN_POINT('',(0.5,50.6));
#16745 = CARTESIAN_POINT('',(0.5,4.));
#16746 = ( GEOMETRIC_REPRESENTATION_CONTEXT(2) 
PARAMETRIC_REPRESENTATION_CONTEXT() REPRESENTATION_CONTEXT('2D SPACE',''
  ) );
#16747 = ORIENTED_EDGE('',*,*,#16748,.F.);
#16748 = EDGE_CURVE('',#16749,#16723,#16751,.T.);
#16749 = VERTEX_POINT('',#16750);
#16750 = CARTESIAN_POINT('',(58.6,21.,2.5));
#16751 = SURFACE_CURVE('',#16752,(#16756,#16762),.PCURVE_S1.);
#16752 = LINE('',#16753,#16754);
#16753 = CARTESIAN_POINT('',(58.6,46.05,2.5));
#16754 = VECTOR('',#16755,1.);
#16755 = DIRECTION('',(-0.,1.,-0.));
#16756 = PCURVE('',#1372,#16757);
#16757 = DEFINITIONAL_REPRESENTATION('',(#16758),#16761);
#16758 = B_SPLINE_CURVE_WITH_KNOTS('',1,(#16759,#16760),.UNSPECIFIED.,
  .F.,.F.,(2,2),(-25.05,20.55),.PIECEWISE_BEZIER_KNOTS.);
#16759 = CARTESIAN_POINT('',(46.6,-50.1));
#16760 = CARTESIAN_POINT('',(46.6,-4.5));
#16761 = ( GEOMETRIC_REPRESENTATION_CONTEXT(2) 
PARAMETRIC_REPRESENTATION_CONTEXT() REPRESENTATION_CONTEXT('2D SPACE',''
  ) );
#16762 = PCURVE('',#16763,#16768);
#16763 = PLANE('',#16764);
#16764 = AXIS2_PLACEMENT_3D('',#16765,#16766,#16767);
#16765 = CARTESIAN_POINT('',(58.6,21.,2.));
#16766 = DIRECTION('',(1.,0.,-0.));
#16767 = DIRECTION('',(0.,0.,1.));
#16768 = DEFINITIONAL_REPRESENTATION('',(#16769),#16772);
#16769 = B_SPLINE_CURVE_WITH_KNOTS('',1,(#16770,#16771),.UNSPECIFIED.,
  .F.,.F.,(2,2),(-25.05,20.55),.PIECEWISE_BEZIER_KNOTS.);
#16770 = CARTESIAN_POINT('',(0.5,0.));
#16771 = CARTESIAN_POINT('',(0.5,-45.6));
#16772 = ( GEOMETRIC_REPRESENTATION_CONTEXT(2) 
PARAMETRIC_REPRESENTATION_CONTEXT() REPRESENTATION_CONTEXT('2D SPACE',''
  ) );
#16773 = ORIENTED_EDGE('',*,*,#16774,.T.);
#16774 = EDGE_CURVE('',#16749,#16775,#16777,.T.);
#16775 = VERTEX_POINT('',#16776);
#16776 = CARTESIAN_POINT('',(12.,21.,2.5));
#16777 = SURFACE_CURVE('',#16778,(#16782,#16788),.PCURVE_S1.);
#16778 = LINE('',#16779,#16780);
#16779 = CARTESIAN_POINT('',(10.,21.,2.5));
#16780 = VECTOR('',#16781,1.);
#16781 = DIRECTION('',(-1.,0.,0.));
#16782 = PCURVE('',#1372,#16783);
#16783 = DEFINITIONAL_REPRESENTATION('',(#16784),#16787);
#16784 = B_SPLINE_CURVE_WITH_KNOTS('',1,(#16785,#16786),.UNSPECIFIED.,
  .F.,.F.,(2,2),(-48.6,-2.),.PIECEWISE_BEZIER_KNOTS.);
#16785 = CARTESIAN_POINT('',(46.6,-50.1));
#16786 = CARTESIAN_POINT('',(0.,-50.1));
#16787 = ( GEOMETRIC_REPRESENTATION_CONTEXT(2) 
PARAMETRIC_REPRESENTATION_CONTEXT() REPRESENTATION_CONTEXT('2D SPACE',''
  ) );
#16788 = PCURVE('',#16789,#16794);
#16789 = PLANE('',#16790);
#16790 = AXIS2_PLACEMENT_3D('',#16791,#16792,#16793);
#16791 = CARTESIAN_POINT('',(8.,21.,2.));
#16792 = DIRECTION('',(-0.,1.,0.));
#16793 = DIRECTION('',(0.,0.,1.));
#16794 = DEFINITIONAL_REPRESENTATION('',(#16795),#16798);
#16795 = B_SPLINE_CURVE_WITH_KNOTS('',1,(#16796,#16797),.UNSPECIFIED.,
  .F.,.F.,(2,2),(-48.6,-2.),.PIECEWISE_BEZIER_KNOTS.);
#16796 = CARTESIAN_POINT('',(0.5,50.6));
#16797 = CARTESIAN_POINT('',(0.5,4.));
#16798 = ( GEOMETRIC_REPRESENTATION_CONTEXT(2) 
PARAMETRIC_REPRESENTATION_CONTEXT() REPRESENTATION_CONTEXT('2D SPACE',''
  ) );
#16799 = ORIENTED_EDGE('',*,*,#16800,.T.);
#16800 = EDGE_CURVE('',#16775,#1329,#16801,.T.);
#16801 = SURFACE_CURVE('',#16802,(#16806,#16813),.PCURVE_S1.);
#16802 = LINE('',#16803,#16804);
#16803 = CARTESIAN_POINT('',(12.,71.1,2.5));
#16804 = VECTOR('',#16805,1.);
#16805 = DIRECTION('',(0.,-1.,0.));
#16806 = PCURVE('',#1372,#16807);
#16807 = DEFINITIONAL_REPRESENTATION('',(#16808),#16812);
#16808 = LINE('',#16809,#16810);
#16809 = CARTESIAN_POINT('',(0.,0.));
#16810 = VECTOR('',#16811,1.);
#16811 = DIRECTION('',(0.,-1.));
#16812 = ( GEOMETRIC_REPRESENTATION_CONTEXT(2) 
PARAMETRIC_REPRESENTATION_CONTEXT() REPRESENTATION_CONTEXT('2D SPACE',''
  ) );
#16813 = PCURVE('',#823,#16814);
#16814 = DEFINITIONAL_REPRESENTATION('',(#16815),#16819);
#16815 = LINE('',#16816,#16817);
#16816 = CARTESIAN_POINT('',(4.712388980385,0.));
#16817 = VECTOR('',#16818,1.);
#16818 = DIRECTION('',(0.,-1.));
#16819 = ( GEOMETRIC_REPRESENTATION_CONTEXT(2) 
PARAMETRIC_REPRESENTATION_CONTEXT() REPRESENTATION_CONTEXT('2D SPACE',''
  ) );
#16820 = ORIENTED_EDGE('',*,*,#1356,.T.);
#16821 = FACE_BOUND('',#16822,.T.);
#16822 = EDGE_LOOP('',(#16823));
#16823 = ORIENTED_EDGE('',*,*,#12124,.F.);
#16824 = FACE_BOUND('',#16825,.T.);
#16825 = EDGE_LOOP('',(#16826,#16854,#16880,#16906));
#16826 = ORIENTED_EDGE('',*,*,#16827,.T.);
#16827 = EDGE_CURVE('',#16828,#16830,#16832,.T.);
#16828 = VERTEX_POINT('',#16829);
#16829 = CARTESIAN_POINT('',(63.7,25.,2.5));
#16830 = VERTEX_POINT('',#16831);
#16831 = CARTESIAN_POINT('',(62.1,25.,2.5));
#16832 = SURFACE_CURVE('',#16833,(#16837,#16843),.PCURVE_S1.);
#16833 = LINE('',#16834,#16835);
#16834 = CARTESIAN_POINT('',(37.05,25.,2.5));
#16835 = VECTOR('',#16836,1.);
#16836 = DIRECTION('',(-1.,0.,0.));
#16837 = PCURVE('',#1372,#16838);
#16838 = DEFINITIONAL_REPRESENTATION('',(#16839),#16842);
#16839 = B_SPLINE_CURVE_WITH_KNOTS('',1,(#16840,#16841),.UNSPECIFIED.,
  .F.,.F.,(2,2),(-26.65,-25.05),.PIECEWISE_BEZIER_KNOTS.);
#16840 = CARTESIAN_POINT('',(51.7,-46.1));
#16841 = CARTESIAN_POINT('',(50.1,-46.1));
#16842 = ( GEOMETRIC_REPRESENTATION_CONTEXT(2) 
PARAMETRIC_REPRESENTATION_CONTEXT() REPRESENTATION_CONTEXT('2D SPACE',''
  ) );
#16843 = PCURVE('',#16844,#16849);
#16844 = PLANE('',#16845);
#16845 = AXIS2_PLACEMENT_3D('',#16846,#16847,#16848);
#16846 = CARTESIAN_POINT('',(62.1,25.,2.));
#16847 = DIRECTION('',(-0.,1.,0.));
#16848 = DIRECTION('',(0.,0.,1.));
#16849 = DEFINITIONAL_REPRESENTATION('',(#16850),#16853);
#16850 = B_SPLINE_CURVE_WITH_KNOTS('',1,(#16851,#16852),.UNSPECIFIED.,
  .F.,.F.,(2,2),(-26.65,-25.05),.PIECEWISE_BEZIER_KNOTS.);
#16851 = CARTESIAN_POINT('',(0.5,1.6));
#16852 = CARTESIAN_POINT('',(0.5,0.));
#16853 = ( GEOMETRIC_REPRESENTATION_CONTEXT(2) 
PARAMETRIC_REPRESENTATION_CONTEXT() REPRESENTATION_CONTEXT('2D SPACE',''
  ) );
#16854 = ORIENTED_EDGE('',*,*,#16855,.T.);
#16855 = EDGE_CURVE('',#16830,#16856,#16858,.T.);
#16856 = VERTEX_POINT('',#16857);
#16857 = CARTESIAN_POINT('',(62.1,60.1,2.5));
#16858 = SURFACE_CURVE('',#16859,(#16863,#16869),.PCURVE_S1.);
#16859 = LINE('',#16860,#16861);
#16860 = CARTESIAN_POINT('',(62.1,48.05,2.5));
#16861 = VECTOR('',#16862,1.);
#16862 = DIRECTION('',(-0.,1.,-0.));
#16863 = PCURVE('',#1372,#16864);
#16864 = DEFINITIONAL_REPRESENTATION('',(#16865),#16868);
#16865 = B_SPLINE_CURVE_WITH_KNOTS('',1,(#16866,#16867),.UNSPECIFIED.,
  .F.,.F.,(2,2),(-23.05,12.05),.PIECEWISE_BEZIER_KNOTS.);
#16866 = CARTESIAN_POINT('',(50.1,-46.1));
#16867 = CARTESIAN_POINT('',(50.1,-11.));
#16868 = ( GEOMETRIC_REPRESENTATION_CONTEXT(2) 
PARAMETRIC_REPRESENTATION_CONTEXT() REPRESENTATION_CONTEXT('2D SPACE',''
  ) );
#16869 = PCURVE('',#16870,#16875);
#16870 = PLANE('',#16871);
#16871 = AXIS2_PLACEMENT_3D('',#16872,#16873,#16874);
#16872 = CARTESIAN_POINT('',(62.1,25.,2.));
#16873 = DIRECTION('',(1.,0.,-0.));
#16874 = DIRECTION('',(0.,0.,1.));
#16875 = DEFINITIONAL_REPRESENTATION('',(#16876),#16879);
#16876 = B_SPLINE_CURVE_WITH_KNOTS('',1,(#16877,#16878),.UNSPECIFIED.,
  .F.,.F.,(2,2),(-23.05,12.05),.PIECEWISE_BEZIER_KNOTS.);
#16877 = CARTESIAN_POINT('',(0.5,0.));
#16878 = CARTESIAN_POINT('',(0.5,-35.1));
#16879 = ( GEOMETRIC_REPRESENTATION_CONTEXT(2) 
PARAMETRIC_REPRESENTATION_CONTEXT() REPRESENTATION_CONTEXT('2D SPACE',''
  ) );
#16880 = ORIENTED_EDGE('',*,*,#16881,.F.);
#16881 = EDGE_CURVE('',#16882,#16856,#16884,.T.);
#16882 = VERTEX_POINT('',#16883);
#16883 = CARTESIAN_POINT('',(63.7,60.1,2.5));
#16884 = SURFACE_CURVE('',#16885,(#16889,#16895),.PCURVE_S1.);
#16885 = LINE('',#16886,#16887);
#16886 = CARTESIAN_POINT('',(37.05,60.1,2.5));
#16887 = VECTOR('',#16888,1.);
#16888 = DIRECTION('',(-1.,0.,0.));
#16889 = PCURVE('',#1372,#16890);
#16890 = DEFINITIONAL_REPRESENTATION('',(#16891),#16894);
#16891 = B_SPLINE_CURVE_WITH_KNOTS('',1,(#16892,#16893),.UNSPECIFIED.,
  .F.,.F.,(2,2),(-26.65,-25.05),.PIECEWISE_BEZIER_KNOTS.);
#16892 = CARTESIAN_POINT('',(51.7,-11.));
#16893 = CARTESIAN_POINT('',(50.1,-11.));
#16894 = ( GEOMETRIC_REPRESENTATION_CONTEXT(2) 
PARAMETRIC_REPRESENTATION_CONTEXT() REPRESENTATION_CONTEXT('2D SPACE',''
  ) );
#16895 = PCURVE('',#16896,#16901);
#16896 = PLANE('',#16897);
#16897 = AXIS2_PLACEMENT_3D('',#16898,#16899,#16900);
#16898 = CARTESIAN_POINT('',(62.1,60.1,2.));
#16899 = DIRECTION('',(-0.,1.,0.));
#16900 = DIRECTION('',(0.,0.,1.));
#16901 = DEFINITIONAL_REPRESENTATION('',(#16902),#16905);
#16902 = B_SPLINE_CURVE_WITH_KNOTS('',1,(#16903,#16904),.UNSPECIFIED.,
  .F.,.F.,(2,2),(-26.65,-25.05),.PIECEWISE_BEZIER_KNOTS.);
#16903 = CARTESIAN_POINT('',(0.5,1.6));
#16904 = CARTESIAN_POINT('',(0.5,0.));
#16905 = ( GEOMETRIC_REPRESENTATION_CONTEXT(2) 
PARAMETRIC_REPRESENTATION_CONTEXT() REPRESENTATION_CONTEXT('2D SPACE',''
  ) );
#16906 = ORIENTED_EDGE('',*,*,#16907,.F.);
#16907 = EDGE_CURVE('',#16828,#16882,#16908,.T.);
#16908 = SURFACE_CURVE('',#16909,(#16913,#16919),.PCURVE_S1.);
#16909 = LINE('',#16910,#16911);
#16910 = CARTESIAN_POINT('',(63.7,48.05,2.5));
#16911 = VECTOR('',#16912,1.);
#16912 = DIRECTION('',(-0.,1.,-0.));
#16913 = PCURVE('',#1372,#16914);
#16914 = DEFINITIONAL_REPRESENTATION('',(#16915),#16918);
#16915 = B_SPLINE_CURVE_WITH_KNOTS('',1,(#16916,#16917),.UNSPECIFIED.,
  .F.,.F.,(2,2),(-23.05,12.05),.PIECEWISE_BEZIER_KNOTS.);
#16916 = CARTESIAN_POINT('',(51.7,-46.1));
#16917 = CARTESIAN_POINT('',(51.7,-11.));
#16918 = ( GEOMETRIC_REPRESENTATION_CONTEXT(2) 
PARAMETRIC_REPRESENTATION_CONTEXT() REPRESENTATION_CONTEXT('2D SPACE',''
  ) );
#16919 = PCURVE('',#16920,#16925);
#16920 = PLANE('',#16921);
#16921 = AXIS2_PLACEMENT_3D('',#16922,#16923,#16924);
#16922 = CARTESIAN_POINT('',(63.7,25.,2.));
#16923 = DIRECTION('',(1.,0.,-0.));
#16924 = DIRECTION('',(0.,0.,1.));
#16925 = DEFINITIONAL_REPRESENTATION('',(#16926),#16929);
#16926 = B_SPLINE_CURVE_WITH_KNOTS('',1,(#16927,#16928),.UNSPECIFIED.,
  .F.,.F.,(2,2),(-23.05,12.05),.PIECEWISE_BEZIER_KNOTS.);
#16927 = CARTESIAN_POINT('',(0.5,0.));
#16928 = CARTESIAN_POINT('',(0.5,-35.1));
#16929 = ( GEOMETRIC_REPRESENTATION_CONTEXT(2) 
PARAMETRIC_REPRESENTATION_CONTEXT() REPRESENTATION_CONTEXT('2D SPACE',''
  ) );
#16930 = FACE_BOUND('',#16931,.T.);
#16931 = EDGE_LOOP('',(#16932,#16933,#16934,#16935));
#16932 = ORIENTED_EDGE('',*,*,#11635,.F.);
#16933 = ORIENTED_EDGE('',*,*,#11480,.T.);
#16934 = ORIENTED_EDGE('',*,*,#11557,.T.);
#16935 = ORIENTED_EDGE('',*,*,#11581,.T.);
#16936 = FACE_BOUND('',#16937,.T.);
#16937 = EDGE_LOOP('',(#16938,#16939,#16940,#16941));
#16938 = ORIENTED_EDGE('',*,*,#11433,.F.);
#16939 = ORIENTED_EDGE('',*,*,#11401,.T.);
#16940 = ORIENTED_EDGE('',*,*,#11301,.T.);
#16941 = ORIENTED_EDGE('',*,*,#11325,.T.);
#16942 = FACE_BOUND('',#16943,.T.);
#16943 = EDGE_LOOP('',(#16944,#16945,#16946,#16947));
#16944 = ORIENTED_EDGE('',*,*,#11231,.F.);
#16945 = ORIENTED_EDGE('',*,*,#11199,.T.);
#16946 = ORIENTED_EDGE('',*,*,#11099,.T.);
#16947 = ORIENTED_EDGE('',*,*,#11123,.T.);
#16948 = FACE_BOUND('',#16949,.T.);
#16949 = EDGE_LOOP('',(#16950,#16951,#16952,#16953));
#16950 = ORIENTED_EDGE('',*,*,#11029,.F.);
#16951 = ORIENTED_EDGE('',*,*,#10997,.T.);
#16952 = ORIENTED_EDGE('',*,*,#10897,.T.);
#16953 = ORIENTED_EDGE('',*,*,#10921,.T.);
#16954 = ADVANCED_FACE('',(#16955),#16896,.T.);
#16955 = FACE_BOUND('',#16956,.T.);
#16956 = EDGE_LOOP('',(#16957,#16980,#16981,#17004));
#16957 = ORIENTED_EDGE('',*,*,#16958,.F.);
#16958 = EDGE_CURVE('',#16882,#16959,#16961,.T.);
#16959 = VERTEX_POINT('',#16960);
#16960 = CARTESIAN_POINT('',(63.7,60.1,72.5));
#16961 = SURFACE_CURVE('',#16962,(#16966,#16973),.PCURVE_S1.);
#16962 = LINE('',#16963,#16964);
#16963 = CARTESIAN_POINT('',(63.7,60.1,2.));
#16964 = VECTOR('',#16965,1.);
#16965 = DIRECTION('',(0.,0.,1.));
#16966 = PCURVE('',#16896,#16967);
#16967 = DEFINITIONAL_REPRESENTATION('',(#16968),#16972);
#16968 = LINE('',#16969,#16970);
#16969 = CARTESIAN_POINT('',(0.,1.6));
#16970 = VECTOR('',#16971,1.);
#16971 = DIRECTION('',(1.,0.));
#16972 = ( GEOMETRIC_REPRESENTATION_CONTEXT(2) 
PARAMETRIC_REPRESENTATION_CONTEXT() REPRESENTATION_CONTEXT('2D SPACE',''
  ) );
#16973 = PCURVE('',#16920,#16974);
#16974 = DEFINITIONAL_REPRESENTATION('',(#16975),#16979);
#16975 = LINE('',#16976,#16977);
#16976 = CARTESIAN_POINT('',(0.,-35.1));
#16977 = VECTOR('',#16978,1.);
#16978 = DIRECTION('',(1.,0.));
#16979 = ( GEOMETRIC_REPRESENTATION_CONTEXT(2) 
PARAMETRIC_REPRESENTATION_CONTEXT() REPRESENTATION_CONTEXT('2D SPACE',''
  ) );
#16980 = ORIENTED_EDGE('',*,*,#16881,.T.);
#16981 = ORIENTED_EDGE('',*,*,#16982,.T.);
#16982 = EDGE_CURVE('',#16856,#16983,#16985,.T.);
#16983 = VERTEX_POINT('',#16984);
#16984 = CARTESIAN_POINT('',(62.1,60.1,72.5));
#16985 = SURFACE_CURVE('',#16986,(#16990,#16997),.PCURVE_S1.);
#16986 = LINE('',#16987,#16988);
#16987 = CARTESIAN_POINT('',(62.1,60.1,2.));
#16988 = VECTOR('',#16989,1.);
#16989 = DIRECTION('',(0.,0.,1.));
#16990 = PCURVE('',#16896,#16991);
#16991 = DEFINITIONAL_REPRESENTATION('',(#16992),#16996);
#16992 = LINE('',#16993,#16994);
#16993 = CARTESIAN_POINT('',(0.,0.));
#16994 = VECTOR('',#16995,1.);
#16995 = DIRECTION('',(1.,0.));
#16996 = ( GEOMETRIC_REPRESENTATION_CONTEXT(2) 
PARAMETRIC_REPRESENTATION_CONTEXT() REPRESENTATION_CONTEXT('2D SPACE',''
  ) );
#16997 = PCURVE('',#16870,#16998);
#16998 = DEFINITIONAL_REPRESENTATION('',(#16999),#17003);
#16999 = LINE('',#17000,#17001);
#17000 = CARTESIAN_POINT('',(0.,-35.1));
#17001 = VECTOR('',#17002,1.);
#17002 = DIRECTION('',(1.,0.));
#17003 = ( GEOMETRIC_REPRESENTATION_CONTEXT(2) 
PARAMETRIC_REPRESENTATION_CONTEXT() REPRESENTATION_CONTEXT('2D SPACE',''
  ) );
#17004 = ORIENTED_EDGE('',*,*,#17005,.T.);
#17005 = EDGE_CURVE('',#16983,#16959,#17006,.T.);
#17006 = SURFACE_CURVE('',#17007,(#17011,#17018),.PCURVE_S1.);
#17007 = LINE('',#17008,#17009);
#17008 = CARTESIAN_POINT('',(62.1,60.1,72.5));
#17009 = VECTOR('',#17010,1.);
#17010 = DIRECTION('',(1.,0.,-0.));
#17011 = PCURVE('',#16896,#17012);
#17012 = DEFINITIONAL_REPRESENTATION('',(#17013),#17017);
#17013 = LINE('',#17014,#17015);
#17014 = CARTESIAN_POINT('',(70.5,0.));
#17015 = VECTOR('',#17016,1.);
#17016 = DIRECTION('',(0.,1.));
#17017 = ( GEOMETRIC_REPRESENTATION_CONTEXT(2) 
PARAMETRIC_REPRESENTATION_CONTEXT() REPRESENTATION_CONTEXT('2D SPACE',''
  ) );
#17018 = PCURVE('',#17019,#17024);
#17019 = PLANE('',#17020);
#17020 = AXIS2_PLACEMENT_3D('',#17021,#17022,#17023);
#17021 = CARTESIAN_POINT('',(62.1,25.,72.5));
#17022 = DIRECTION('',(0.,0.,1.));
#17023 = DIRECTION('',(1.,0.,-0.));
#17024 = DEFINITIONAL_REPRESENTATION('',(#17025),#17029);
#17025 = LINE('',#17026,#17027);
#17026 = CARTESIAN_POINT('',(0.,35.1));
#17027 = VECTOR('',#17028,1.);
#17028 = DIRECTION('',(1.,0.));
#17029 = ( GEOMETRIC_REPRESENTATION_CONTEXT(2) 
PARAMETRIC_REPRESENTATION_CONTEXT() REPRESENTATION_CONTEXT('2D SPACE',''
  ) );
#17030 = ADVANCED_FACE('',(#17031),#17019,.T.);
#17031 = FACE_BOUND('',#17032,.T.);
#17032 = EDGE_LOOP('',(#17033,#17056,#17079,#17100));
#17033 = ORIENTED_EDGE('',*,*,#17034,.F.);
#17034 = EDGE_CURVE('',#17035,#16983,#17037,.T.);
#17035 = VERTEX_POINT('',#17036);
#17036 = CARTESIAN_POINT('',(62.1,25.,72.5));
#17037 = SURFACE_CURVE('',#17038,(#17042,#17049),.PCURVE_S1.);
#17038 = LINE('',#17039,#17040);
#17039 = CARTESIAN_POINT('',(62.1,25.,72.5));
#17040 = VECTOR('',#17041,1.);
#17041 = DIRECTION('',(-0.,1.,0.));
#17042 = PCURVE('',#17019,#17043);
#17043 = DEFINITIONAL_REPRESENTATION('',(#17044),#17048);
#17044 = LINE('',#17045,#17046);
#17045 = CARTESIAN_POINT('',(0.,0.));
#17046 = VECTOR('',#17047,1.);
#17047 = DIRECTION('',(0.,1.));
#17048 = ( GEOMETRIC_REPRESENTATION_CONTEXT(2) 
PARAMETRIC_REPRESENTATION_CONTEXT() REPRESENTATION_CONTEXT('2D SPACE',''
  ) );
#17049 = PCURVE('',#16870,#17050);
#17050 = DEFINITIONAL_REPRESENTATION('',(#17051),#17055);
#17051 = LINE('',#17052,#17053);
#17052 = CARTESIAN_POINT('',(70.5,0.));
#17053 = VECTOR('',#17054,1.);
#17054 = DIRECTION('',(0.,-1.));
#17055 = ( GEOMETRIC_REPRESENTATION_CONTEXT(2) 
PARAMETRIC_REPRESENTATION_CONTEXT() REPRESENTATION_CONTEXT('2D SPACE',''
  ) );
#17056 = ORIENTED_EDGE('',*,*,#17057,.T.);
#17057 = EDGE_CURVE('',#17035,#17058,#17060,.T.);
#17058 = VERTEX_POINT('',#17059);
#17059 = CARTESIAN_POINT('',(63.7,25.,72.5));
#17060 = SURFACE_CURVE('',#17061,(#17065,#17072),.PCURVE_S1.);
#17061 = LINE('',#17062,#17063);
#17062 = CARTESIAN_POINT('',(62.1,25.,72.5));
#17063 = VECTOR('',#17064,1.);
#17064 = DIRECTION('',(1.,0.,-0.));
#17065 = PCURVE('',#17019,#17066);
#17066 = DEFINITIONAL_REPRESENTATION('',(#17067),#17071);
#17067 = LINE('',#17068,#17069);
#17068 = CARTESIAN_POINT('',(0.,0.));
#17069 = VECTOR('',#17070,1.);
#17070 = DIRECTION('',(1.,0.));
#17071 = ( GEOMETRIC_REPRESENTATION_CONTEXT(2) 
PARAMETRIC_REPRESENTATION_CONTEXT() REPRESENTATION_CONTEXT('2D SPACE',''
  ) );
#17072 = PCURVE('',#16844,#17073);
#17073 = DEFINITIONAL_REPRESENTATION('',(#17074),#17078);
#17074 = LINE('',#17075,#17076);
#17075 = CARTESIAN_POINT('',(70.5,0.));
#17076 = VECTOR('',#17077,1.);
#17077 = DIRECTION('',(0.,1.));
#17078 = ( GEOMETRIC_REPRESENTATION_CONTEXT(2) 
PARAMETRIC_REPRESENTATION_CONTEXT() REPRESENTATION_CONTEXT('2D SPACE',''
  ) );
#17079 = ORIENTED_EDGE('',*,*,#17080,.T.);
#17080 = EDGE_CURVE('',#17058,#16959,#17081,.T.);
#17081 = SURFACE_CURVE('',#17082,(#17086,#17093),.PCURVE_S1.);
#17082 = LINE('',#17083,#17084);
#17083 = CARTESIAN_POINT('',(63.7,25.,72.5));
#17084 = VECTOR('',#17085,1.);
#17085 = DIRECTION('',(-0.,1.,0.));
#17086 = PCURVE('',#17019,#17087);
#17087 = DEFINITIONAL_REPRESENTATION('',(#17088),#17092);
#17088 = LINE('',#17089,#17090);
#17089 = CARTESIAN_POINT('',(1.6,0.));
#17090 = VECTOR('',#17091,1.);
#17091 = DIRECTION('',(0.,1.));
#17092 = ( GEOMETRIC_REPRESENTATION_CONTEXT(2) 
PARAMETRIC_REPRESENTATION_CONTEXT() REPRESENTATION_CONTEXT('2D SPACE',''
  ) );
#17093 = PCURVE('',#16920,#17094);
#17094 = DEFINITIONAL_REPRESENTATION('',(#17095),#17099);
#17095 = LINE('',#17096,#17097);
#17096 = CARTESIAN_POINT('',(70.5,0.));
#17097 = VECTOR('',#17098,1.);
#17098 = DIRECTION('',(0.,-1.));
#17099 = ( GEOMETRIC_REPRESENTATION_CONTEXT(2) 
PARAMETRIC_REPRESENTATION_CONTEXT() REPRESENTATION_CONTEXT('2D SPACE',''
  ) );
#17100 = ORIENTED_EDGE('',*,*,#17005,.F.);
#17101 = ADVANCED_FACE('',(#17102),#16870,.F.);
#17102 = FACE_BOUND('',#17103,.F.);
#17103 = EDGE_LOOP('',(#17104,#17125,#17126,#17127));
#17104 = ORIENTED_EDGE('',*,*,#17105,.F.);
#17105 = EDGE_CURVE('',#16830,#17035,#17106,.T.);
#17106 = SURFACE_CURVE('',#17107,(#17111,#17118),.PCURVE_S1.);
#17107 = LINE('',#17108,#17109);
#17108 = CARTESIAN_POINT('',(62.1,25.,2.));
#17109 = VECTOR('',#17110,1.);
#17110 = DIRECTION('',(0.,0.,1.));
#17111 = PCURVE('',#16870,#17112);
#17112 = DEFINITIONAL_REPRESENTATION('',(#17113),#17117);
#17113 = LINE('',#17114,#17115);
#17114 = CARTESIAN_POINT('',(0.,0.));
#17115 = VECTOR('',#17116,1.);
#17116 = DIRECTION('',(1.,0.));
#17117 = ( GEOMETRIC_REPRESENTATION_CONTEXT(2) 
PARAMETRIC_REPRESENTATION_CONTEXT() REPRESENTATION_CONTEXT('2D SPACE',''
  ) );
#17118 = PCURVE('',#16844,#17119);
#17119 = DEFINITIONAL_REPRESENTATION('',(#17120),#17124);
#17120 = LINE('',#17121,#17122);
#17121 = CARTESIAN_POINT('',(0.,0.));
#17122 = VECTOR('',#17123,1.);
#17123 = DIRECTION('',(1.,0.));
#17124 = ( GEOMETRIC_REPRESENTATION_CONTEXT(2) 
PARAMETRIC_REPRESENTATION_CONTEXT() REPRESENTATION_CONTEXT('2D SPACE',''
  ) );
#17125 = ORIENTED_EDGE('',*,*,#16855,.T.);
#17126 = ORIENTED_EDGE('',*,*,#16982,.T.);
#17127 = ORIENTED_EDGE('',*,*,#17034,.F.);
#17128 = ADVANCED_FACE('',(#17129),#16920,.T.);
#17129 = FACE_BOUND('',#17130,.T.);
#17130 = EDGE_LOOP('',(#17131,#17152,#17153,#17154));
#17131 = ORIENTED_EDGE('',*,*,#17132,.F.);
#17132 = EDGE_CURVE('',#16828,#17058,#17133,.T.);
#17133 = SURFACE_CURVE('',#17134,(#17138,#17145),.PCURVE_S1.);
#17134 = LINE('',#17135,#17136);
#17135 = CARTESIAN_POINT('',(63.7,25.,2.));
#17136 = VECTOR('',#17137,1.);
#17137 = DIRECTION('',(0.,0.,1.));
#17138 = PCURVE('',#16920,#17139);
#17139 = DEFINITIONAL_REPRESENTATION('',(#17140),#17144);
#17140 = LINE('',#17141,#17142);
#17141 = CARTESIAN_POINT('',(0.,0.));
#17142 = VECTOR('',#17143,1.);
#17143 = DIRECTION('',(1.,0.));
#17144 = ( GEOMETRIC_REPRESENTATION_CONTEXT(2) 
PARAMETRIC_REPRESENTATION_CONTEXT() REPRESENTATION_CONTEXT('2D SPACE',''
  ) );
#17145 = PCURVE('',#16844,#17146);
#17146 = DEFINITIONAL_REPRESENTATION('',(#17147),#17151);
#17147 = LINE('',#17148,#17149);
#17148 = CARTESIAN_POINT('',(0.,1.6));
#17149 = VECTOR('',#17150,1.);
#17150 = DIRECTION('',(1.,0.));
#17151 = ( GEOMETRIC_REPRESENTATION_CONTEXT(2) 
PARAMETRIC_REPRESENTATION_CONTEXT() REPRESENTATION_CONTEXT('2D SPACE',''
  ) );
#17152 = ORIENTED_EDGE('',*,*,#16907,.T.);
#17153 = ORIENTED_EDGE('',*,*,#16958,.T.);
#17154 = ORIENTED_EDGE('',*,*,#17080,.F.);
#17155 = ADVANCED_FACE('',(#17156),#16844,.F.);
#17156 = FACE_BOUND('',#17157,.F.);
#17157 = EDGE_LOOP('',(#17158,#17159,#17160,#17161));
#17158 = ORIENTED_EDGE('',*,*,#17132,.F.);
#17159 = ORIENTED_EDGE('',*,*,#16827,.T.);
#17160 = ORIENTED_EDGE('',*,*,#17105,.T.);
#17161 = ORIENTED_EDGE('',*,*,#17057,.T.);
#17162 = ADVANCED_FACE('',(#17163),#16737,.T.);
#17163 = FACE_BOUND('',#17164,.T.);
#17164 = EDGE_LOOP('',(#17165,#17188,#17189,#17213,#17241));
#17165 = ORIENTED_EDGE('',*,*,#17166,.F.);
#17166 = EDGE_CURVE('',#16723,#17167,#17169,.T.);
#17167 = VERTEX_POINT('',#17168);
#17168 = CARTESIAN_POINT('',(58.6,66.6,6.));
#17169 = SURFACE_CURVE('',#17170,(#17174,#17181),.PCURVE_S1.);
#17170 = LINE('',#17171,#17172);
#17171 = CARTESIAN_POINT('',(58.6,66.6,2.));
#17172 = VECTOR('',#17173,1.);
#17173 = DIRECTION('',(0.,0.,1.));
#17174 = PCURVE('',#16737,#17175);
#17175 = DEFINITIONAL_REPRESENTATION('',(#17176),#17180);
#17176 = LINE('',#17177,#17178);
#17177 = CARTESIAN_POINT('',(0.,50.6));
#17178 = VECTOR('',#17179,1.);
#17179 = DIRECTION('',(1.,0.));
#17180 = ( GEOMETRIC_REPRESENTATION_CONTEXT(2) 
PARAMETRIC_REPRESENTATION_CONTEXT() REPRESENTATION_CONTEXT('2D SPACE',''
  ) );
#17181 = PCURVE('',#16763,#17182);
#17182 = DEFINITIONAL_REPRESENTATION('',(#17183),#17187);
#17183 = LINE('',#17184,#17185);
#17184 = CARTESIAN_POINT('',(0.,-45.6));
#17185 = VECTOR('',#17186,1.);
#17186 = DIRECTION('',(1.,0.));
#17187 = ( GEOMETRIC_REPRESENTATION_CONTEXT(2) 
PARAMETRIC_REPRESENTATION_CONTEXT() REPRESENTATION_CONTEXT('2D SPACE',''
  ) );
#17188 = ORIENTED_EDGE('',*,*,#16722,.T.);
#17189 = ORIENTED_EDGE('',*,*,#17190,.T.);
#17190 = EDGE_CURVE('',#16700,#17191,#17193,.T.);
#17191 = VERTEX_POINT('',#17192);
#17192 = CARTESIAN_POINT('',(8.,66.6,3.383156030193));
#17193 = SURFACE_CURVE('',#17194,(#17199,#17206),.PCURVE_S1.);
#17194 = CIRCLE('',#17195,9.5);
#17195 = AXIS2_PLACEMENT_3D('',#17196,#17197,#17198);
#17196 = CARTESIAN_POINT('',(12.,66.6,12.));
#17197 = DIRECTION('',(0.,1.,-0.));
#17198 = DIRECTION('',(-1.,0.,0.));
#17199 = PCURVE('',#16737,#17200);
#17200 = DEFINITIONAL_REPRESENTATION('',(#17201),#17205);
#17201 = CIRCLE('',#17202,9.5);
#17202 = AXIS2_PLACEMENT_2D('',#17203,#17204);
#17203 = CARTESIAN_POINT('',(10.,4.));
#17204 = DIRECTION('',(0.,-1.));
#17205 = ( GEOMETRIC_REPRESENTATION_CONTEXT(2) 
PARAMETRIC_REPRESENTATION_CONTEXT() REPRESENTATION_CONTEXT('2D SPACE',''
  ) );
#17206 = PCURVE('',#823,#17207);
#17207 = DEFINITIONAL_REPRESENTATION('',(#17208),#17212);
#17208 = LINE('',#17209,#17210);
#17209 = CARTESIAN_POINT('',(0.,-4.5));
#17210 = VECTOR('',#17211,1.);
#17211 = DIRECTION('',(1.,0.));
#17212 = ( GEOMETRIC_REPRESENTATION_CONTEXT(2) 
PARAMETRIC_REPRESENTATION_CONTEXT() REPRESENTATION_CONTEXT('2D SPACE',''
  ) );
#17213 = ORIENTED_EDGE('',*,*,#17214,.T.);
#17214 = EDGE_CURVE('',#17191,#17215,#17217,.T.);
#17215 = VERTEX_POINT('',#17216);
#17216 = CARTESIAN_POINT('',(8.,66.6,6.));
#17217 = SURFACE_CURVE('',#17218,(#17222,#17229),.PCURVE_S1.);
#17218 = LINE('',#17219,#17220);
#17219 = CARTESIAN_POINT('',(8.,66.6,2.));
#17220 = VECTOR('',#17221,1.);
#17221 = DIRECTION('',(0.,0.,1.));
#17222 = PCURVE('',#16737,#17223);
#17223 = DEFINITIONAL_REPRESENTATION('',(#17224),#17228);
#17224 = LINE('',#17225,#17226);
#17225 = CARTESIAN_POINT('',(0.,0.));
#17226 = VECTOR('',#17227,1.);
#17227 = DIRECTION('',(1.,0.));
#17228 = ( GEOMETRIC_REPRESENTATION_CONTEXT(2) 
PARAMETRIC_REPRESENTATION_CONTEXT() REPRESENTATION_CONTEXT('2D SPACE',''
  ) );
#17229 = PCURVE('',#17230,#17235);
#17230 = PLANE('',#17231);
#17231 = AXIS2_PLACEMENT_3D('',#17232,#17233,#17234);
#17232 = CARTESIAN_POINT('',(8.,21.,2.));
#17233 = DIRECTION('',(1.,0.,-0.));
#17234 = DIRECTION('',(0.,0.,1.));
#17235 = DEFINITIONAL_REPRESENTATION('',(#17236),#17240);
#17236 = LINE('',#17237,#17238);
#17237 = CARTESIAN_POINT('',(0.,-45.6));
#17238 = VECTOR('',#17239,1.);
#17239 = DIRECTION('',(1.,0.));
#17240 = ( GEOMETRIC_REPRESENTATION_CONTEXT(2) 
PARAMETRIC_REPRESENTATION_CONTEXT() REPRESENTATION_CONTEXT('2D SPACE',''
  ) );
#17241 = ORIENTED_EDGE('',*,*,#17242,.T.);
#17242 = EDGE_CURVE('',#17215,#17167,#17243,.T.);
#17243 = SURFACE_CURVE('',#17244,(#17248,#17255),.PCURVE_S1.);
#17244 = LINE('',#17245,#17246);
#17245 = CARTESIAN_POINT('',(8.,66.6,6.));
#17246 = VECTOR('',#17247,1.);
#17247 = DIRECTION('',(1.,0.,-0.));
#17248 = PCURVE('',#16737,#17249);
#17249 = DEFINITIONAL_REPRESENTATION('',(#17250),#17254);
#17250 = LINE('',#17251,#17252);
#17251 = CARTESIAN_POINT('',(4.,0.));
#17252 = VECTOR('',#17253,1.);
#17253 = DIRECTION('',(0.,1.));
#17254 = ( GEOMETRIC_REPRESENTATION_CONTEXT(2) 
PARAMETRIC_REPRESENTATION_CONTEXT() REPRESENTATION_CONTEXT('2D SPACE',''
  ) );
#17255 = PCURVE('',#17256,#17261);
#17256 = PLANE('',#17257);
#17257 = AXIS2_PLACEMENT_3D('',#17258,#17259,#17260);
#17258 = CARTESIAN_POINT('',(8.,21.,6.));
#17259 = DIRECTION('',(0.,0.,1.));
#17260 = DIRECTION('',(1.,0.,-0.));
#17261 = DEFINITIONAL_REPRESENTATION('',(#17262),#17266);
#17262 = LINE('',#17263,#17264);
#17263 = CARTESIAN_POINT('',(0.,45.6));
#17264 = VECTOR('',#17265,1.);
#17265 = DIRECTION('',(1.,0.));
#17266 = ( GEOMETRIC_REPRESENTATION_CONTEXT(2) 
PARAMETRIC_REPRESENTATION_CONTEXT() REPRESENTATION_CONTEXT('2D SPACE',''
  ) );
#17267 = ADVANCED_FACE('',(#17268),#17230,.F.);
#17268 = FACE_BOUND('',#17269,.F.);
#17269 = EDGE_LOOP('',(#17270,#17295,#17314,#17315));
#17270 = ORIENTED_EDGE('',*,*,#17271,.F.);
#17271 = EDGE_CURVE('',#17272,#17274,#17276,.T.);
#17272 = VERTEX_POINT('',#17273);
#17273 = CARTESIAN_POINT('',(8.,21.,3.383156030193));
#17274 = VERTEX_POINT('',#17275);
#17275 = CARTESIAN_POINT('',(8.,21.,6.));
#17276 = SURFACE_CURVE('',#17277,(#17281,#17288),.PCURVE_S1.);
#17277 = LINE('',#17278,#17279);
#17278 = CARTESIAN_POINT('',(8.,21.,2.));
#17279 = VECTOR('',#17280,1.);
#17280 = DIRECTION('',(0.,0.,1.));
#17281 = PCURVE('',#17230,#17282);
#17282 = DEFINITIONAL_REPRESENTATION('',(#17283),#17287);
#17283 = LINE('',#17284,#17285);
#17284 = CARTESIAN_POINT('',(0.,0.));
#17285 = VECTOR('',#17286,1.);
#17286 = DIRECTION('',(1.,0.));
#17287 = ( GEOMETRIC_REPRESENTATION_CONTEXT(2) 
PARAMETRIC_REPRESENTATION_CONTEXT() REPRESENTATION_CONTEXT('2D SPACE',''
  ) );
#17288 = PCURVE('',#16789,#17289);
#17289 = DEFINITIONAL_REPRESENTATION('',(#17290),#17294);
#17290 = LINE('',#17291,#17292);
#17291 = CARTESIAN_POINT('',(0.,0.));
#17292 = VECTOR('',#17293,1.);
#17293 = DIRECTION('',(1.,0.));
#17294 = ( GEOMETRIC_REPRESENTATION_CONTEXT(2) 
PARAMETRIC_REPRESENTATION_CONTEXT() REPRESENTATION_CONTEXT('2D SPACE',''
  ) );
#17295 = ORIENTED_EDGE('',*,*,#17296,.T.);
#17296 = EDGE_CURVE('',#17272,#17191,#17297,.T.);
#17297 = SURFACE_CURVE('',#17298,(#17302,#17308),.PCURVE_S1.);
#17298 = LINE('',#17299,#17300);
#17299 = CARTESIAN_POINT('',(8.,71.1,3.383156030193));
#17300 = VECTOR('',#17301,1.);
#17301 = DIRECTION('',(0.,1.,-0.));
#17302 = PCURVE('',#17230,#17303);
#17303 = DEFINITIONAL_REPRESENTATION('',(#17304),#17307);
#17304 = B_SPLINE_CURVE_WITH_KNOTS('',1,(#17305,#17306),.UNSPECIFIED.,
  .F.,.F.,(2,2),(-54.66,-0.9999976),.PIECEWISE_BEZIER_KNOTS.);
#17305 = CARTESIAN_POINT('',(1.383156030193,4.56));
#17306 = CARTESIAN_POINT('',(1.383156030193,-49.1000024));
#17307 = ( GEOMETRIC_REPRESENTATION_CONTEXT(2) 
PARAMETRIC_REPRESENTATION_CONTEXT() REPRESENTATION_CONTEXT('2D SPACE',''
  ) );
#17308 = PCURVE('',#823,#17309);
#17309 = DEFINITIONAL_REPRESENTATION('',(#17310),#17313);
#17310 = B_SPLINE_CURVE_WITH_KNOTS('',1,(#17311,#17312),.UNSPECIFIED.,
  .F.,.F.,(2,2),(-54.66,-0.9999976),.PIECEWISE_BEZIER_KNOTS.);
#17311 = CARTESIAN_POINT('',(5.146994505992,-54.66));
#17312 = CARTESIAN_POINT('',(5.146994505992,-0.9999976));
#17313 = ( GEOMETRIC_REPRESENTATION_CONTEXT(2) 
PARAMETRIC_REPRESENTATION_CONTEXT() REPRESENTATION_CONTEXT('2D SPACE',''
  ) );
#17314 = ORIENTED_EDGE('',*,*,#17214,.T.);
#17315 = ORIENTED_EDGE('',*,*,#17316,.F.);
#17316 = EDGE_CURVE('',#17274,#17215,#17317,.T.);
#17317 = SURFACE_CURVE('',#17318,(#17322,#17329),.PCURVE_S1.);
#17318 = LINE('',#17319,#17320);
#17319 = CARTESIAN_POINT('',(8.,21.,6.));
#17320 = VECTOR('',#17321,1.);
#17321 = DIRECTION('',(-0.,1.,0.));
#17322 = PCURVE('',#17230,#17323);
#17323 = DEFINITIONAL_REPRESENTATION('',(#17324),#17328);
#17324 = LINE('',#17325,#17326);
#17325 = CARTESIAN_POINT('',(4.,0.));
#17326 = VECTOR('',#17327,1.);
#17327 = DIRECTION('',(0.,-1.));
#17328 = ( GEOMETRIC_REPRESENTATION_CONTEXT(2) 
PARAMETRIC_REPRESENTATION_CONTEXT() REPRESENTATION_CONTEXT('2D SPACE',''
  ) );
#17329 = PCURVE('',#17256,#17330);
#17330 = DEFINITIONAL_REPRESENTATION('',(#17331),#17335);
#17331 = LINE('',#17332,#17333);
#17332 = CARTESIAN_POINT('',(0.,0.));
#17333 = VECTOR('',#17334,1.);
#17334 = DIRECTION('',(0.,1.));
#17335 = ( GEOMETRIC_REPRESENTATION_CONTEXT(2) 
PARAMETRIC_REPRESENTATION_CONTEXT() REPRESENTATION_CONTEXT('2D SPACE',''
  ) );
#17336 = ADVANCED_FACE('',(#17337),#17256,.T.);
#17337 = FACE_BOUND('',#17338,.T.);
#17338 = EDGE_LOOP('',(#17339,#17340,#17363,#17384));
#17339 = ORIENTED_EDGE('',*,*,#17316,.F.);
#17340 = ORIENTED_EDGE('',*,*,#17341,.T.);
#17341 = EDGE_CURVE('',#17274,#17342,#17344,.T.);
#17342 = VERTEX_POINT('',#17343);
#17343 = CARTESIAN_POINT('',(58.6,21.,6.));
#17344 = SURFACE_CURVE('',#17345,(#17349,#17356),.PCURVE_S1.);
#17345 = LINE('',#17346,#17347);
#17346 = CARTESIAN_POINT('',(8.,21.,6.));
#17347 = VECTOR('',#17348,1.);
#17348 = DIRECTION('',(1.,0.,-0.));
#17349 = PCURVE('',#17256,#17350);
#17350 = DEFINITIONAL_REPRESENTATION('',(#17351),#17355);
#17351 = LINE('',#17352,#17353);
#17352 = CARTESIAN_POINT('',(0.,0.));
#17353 = VECTOR('',#17354,1.);
#17354 = DIRECTION('',(1.,0.));
#17355 = ( GEOMETRIC_REPRESENTATION_CONTEXT(2) 
PARAMETRIC_REPRESENTATION_CONTEXT() REPRESENTATION_CONTEXT('2D SPACE',''
  ) );
#17356 = PCURVE('',#16789,#17357);
#17357 = DEFINITIONAL_REPRESENTATION('',(#17358),#17362);
#17358 = LINE('',#17359,#17360);
#17359 = CARTESIAN_POINT('',(4.,0.));
#17360 = VECTOR('',#17361,1.);
#17361 = DIRECTION('',(0.,1.));
#17362 = ( GEOMETRIC_REPRESENTATION_CONTEXT(2) 
PARAMETRIC_REPRESENTATION_CONTEXT() REPRESENTATION_CONTEXT('2D SPACE',''
  ) );
#17363 = ORIENTED_EDGE('',*,*,#17364,.T.);
#17364 = EDGE_CURVE('',#17342,#17167,#17365,.T.);
#17365 = SURFACE_CURVE('',#17366,(#17370,#17377),.PCURVE_S1.);
#17366 = LINE('',#17367,#17368);
#17367 = CARTESIAN_POINT('',(58.6,21.,6.));
#17368 = VECTOR('',#17369,1.);
#17369 = DIRECTION('',(-0.,1.,0.));
#17370 = PCURVE('',#17256,#17371);
#17371 = DEFINITIONAL_REPRESENTATION('',(#17372),#17376);
#17372 = LINE('',#17373,#17374);
#17373 = CARTESIAN_POINT('',(50.6,0.));
#17374 = VECTOR('',#17375,1.);
#17375 = DIRECTION('',(0.,1.));
#17376 = ( GEOMETRIC_REPRESENTATION_CONTEXT(2) 
PARAMETRIC_REPRESENTATION_CONTEXT() REPRESENTATION_CONTEXT('2D SPACE',''
  ) );
#17377 = PCURVE('',#16763,#17378);
#17378 = DEFINITIONAL_REPRESENTATION('',(#17379),#17383);
#17379 = LINE('',#17380,#17381);
#17380 = CARTESIAN_POINT('',(4.,0.));
#17381 = VECTOR('',#17382,1.);
#17382 = DIRECTION('',(0.,-1.));
#17383 = ( GEOMETRIC_REPRESENTATION_CONTEXT(2) 
PARAMETRIC_REPRESENTATION_CONTEXT() REPRESENTATION_CONTEXT('2D SPACE',''
  ) );
#17384 = ORIENTED_EDGE('',*,*,#17242,.F.);
#17385 = ADVANCED_FACE('',(#17386),#16763,.T.);
#17386 = FACE_BOUND('',#17387,.T.);
#17387 = EDGE_LOOP('',(#17388,#17409,#17410,#17411));
#17388 = ORIENTED_EDGE('',*,*,#17389,.F.);
#17389 = EDGE_CURVE('',#16749,#17342,#17390,.T.);
#17390 = SURFACE_CURVE('',#17391,(#17395,#17402),.PCURVE_S1.);
#17391 = LINE('',#17392,#17393);
#17392 = CARTESIAN_POINT('',(58.6,21.,2.));
#17393 = VECTOR('',#17394,1.);
#17394 = DIRECTION('',(0.,0.,1.));
#17395 = PCURVE('',#16763,#17396);
#17396 = DEFINITIONAL_REPRESENTATION('',(#17397),#17401);
#17397 = LINE('',#17398,#17399);
#17398 = CARTESIAN_POINT('',(0.,0.));
#17399 = VECTOR('',#17400,1.);
#17400 = DIRECTION('',(1.,0.));
#17401 = ( GEOMETRIC_REPRESENTATION_CONTEXT(2) 
PARAMETRIC_REPRESENTATION_CONTEXT() REPRESENTATION_CONTEXT('2D SPACE',''
  ) );
#17402 = PCURVE('',#16789,#17403);
#17403 = DEFINITIONAL_REPRESENTATION('',(#17404),#17408);
#17404 = LINE('',#17405,#17406);
#17405 = CARTESIAN_POINT('',(0.,50.6));
#17406 = VECTOR('',#17407,1.);
#17407 = DIRECTION('',(1.,0.));
#17408 = ( GEOMETRIC_REPRESENTATION_CONTEXT(2) 
PARAMETRIC_REPRESENTATION_CONTEXT() REPRESENTATION_CONTEXT('2D SPACE',''
  ) );
#17409 = ORIENTED_EDGE('',*,*,#16748,.T.);
#17410 = ORIENTED_EDGE('',*,*,#17166,.T.);
#17411 = ORIENTED_EDGE('',*,*,#17364,.F.);
#17412 = ADVANCED_FACE('',(#17413),#16666,.F.);
#17413 = FACE_BOUND('',#17414,.F.);
#17414 = EDGE_LOOP('',(#17415,#17438,#17439,#17462));
#17415 = ORIENTED_EDGE('',*,*,#17416,.F.);
#17416 = EDGE_CURVE('',#16624,#17417,#17419,.T.);
#17417 = VERTEX_POINT('',#17418);
#17418 = CARTESIAN_POINT('',(62.2,61.1,7.));
#17419 = SURFACE_CURVE('',#17420,(#17424,#17431),.PCURVE_S1.);
#17420 = LINE('',#17421,#17422);
#17421 = CARTESIAN_POINT('',(62.2,61.1,2.));
#17422 = VECTOR('',#17423,1.);
#17423 = DIRECTION('',(0.,0.,1.));
#17424 = PCURVE('',#16666,#17425);
#17425 = DEFINITIONAL_REPRESENTATION('',(#17426),#17430);
#17426 = LINE('',#17427,#17428);
#17427 = CARTESIAN_POINT('',(0.,0.));
#17428 = VECTOR('',#17429,1.);
#17429 = DIRECTION('',(1.,0.));
#17430 = ( GEOMETRIC_REPRESENTATION_CONTEXT(2) 
PARAMETRIC_REPRESENTATION_CONTEXT() REPRESENTATION_CONTEXT('2D SPACE',''
  ) );
#17431 = PCURVE('',#16639,#17432);
#17432 = DEFINITIONAL_REPRESENTATION('',(#17433),#17437);
#17433 = LINE('',#17434,#17435);
#17434 = CARTESIAN_POINT('',(0.,0.));
#17435 = VECTOR('',#17436,1.);
#17436 = DIRECTION('',(1.,0.));
#17437 = ( GEOMETRIC_REPRESENTATION_CONTEXT(2) 
PARAMETRIC_REPRESENTATION_CONTEXT() REPRESENTATION_CONTEXT('2D SPACE',''
  ) );
#17438 = ORIENTED_EDGE('',*,*,#16651,.T.);
#17439 = ORIENTED_EDGE('',*,*,#17440,.T.);
#17440 = EDGE_CURVE('',#16652,#17441,#17443,.T.);
#17441 = VERTEX_POINT('',#17442);
#17442 = CARTESIAN_POINT('',(62.2,70.1,7.));
#17443 = SURFACE_CURVE('',#17444,(#17448,#17455),.PCURVE_S1.);
#17444 = LINE('',#17445,#17446);
#17445 = CARTESIAN_POINT('',(62.2,70.1,2.));
#17446 = VECTOR('',#17447,1.);
#17447 = DIRECTION('',(0.,0.,1.));
#17448 = PCURVE('',#16666,#17449);
#17449 = DEFINITIONAL_REPRESENTATION('',(#17450),#17454);
#17450 = LINE('',#17451,#17452);
#17451 = CARTESIAN_POINT('',(0.,-9.));
#17452 = VECTOR('',#17453,1.);
#17453 = DIRECTION('',(1.,0.));
#17454 = ( GEOMETRIC_REPRESENTATION_CONTEXT(2) 
PARAMETRIC_REPRESENTATION_CONTEXT() REPRESENTATION_CONTEXT('2D SPACE',''
  ) );
#17455 = PCURVE('',#795,#17456);
#17456 = DEFINITIONAL_REPRESENTATION('',(#17457),#17461);
#17457 = LINE('',#17458,#17459);
#17458 = CARTESIAN_POINT('',(-27.8,-83.75));
#17459 = VECTOR('',#17460,1.);
#17460 = DIRECTION('',(0.,1.));
#17461 = ( GEOMETRIC_REPRESENTATION_CONTEXT(2) 
PARAMETRIC_REPRESENTATION_CONTEXT() REPRESENTATION_CONTEXT('2D SPACE',''
  ) );
#17462 = ORIENTED_EDGE('',*,*,#17463,.F.);
#17463 = EDGE_CURVE('',#17417,#17441,#17464,.T.);
#17464 = SURFACE_CURVE('',#17465,(#17469,#17476),.PCURVE_S1.);
#17465 = LINE('',#17466,#17467);
#17466 = CARTESIAN_POINT('',(62.2,61.1,7.));
#17467 = VECTOR('',#17468,1.);
#17468 = DIRECTION('',(-0.,1.,0.));
#17469 = PCURVE('',#16666,#17470);
#17470 = DEFINITIONAL_REPRESENTATION('',(#17471),#17475);
#17471 = LINE('',#17472,#17473);
#17472 = CARTESIAN_POINT('',(5.,0.));
#17473 = VECTOR('',#17474,1.);
#17474 = DIRECTION('',(0.,-1.));
#17475 = ( GEOMETRIC_REPRESENTATION_CONTEXT(2) 
PARAMETRIC_REPRESENTATION_CONTEXT() REPRESENTATION_CONTEXT('2D SPACE',''
  ) );
#17476 = PCURVE('',#17477,#17482);
#17477 = CYLINDRICAL_SURFACE('',#17478,4.5);
#17478 = AXIS2_PLACEMENT_3D('',#17479,#17480,#17481);
#17479 = CARTESIAN_POINT('',(66.7,61.1,7.));
#17480 = DIRECTION('',(0.,1.,0.));
#17481 = DIRECTION('',(1.,0.,-0.));
#17482 = DEFINITIONAL_REPRESENTATION('',(#17483),#17487);
#17483 = LINE('',#17484,#17485);
#17484 = CARTESIAN_POINT('',(3.14159265359,0.));
#17485 = VECTOR('',#17486,1.);
#17486 = DIRECTION('',(0.,1.));
#17487 = ( GEOMETRIC_REPRESENTATION_CONTEXT(2) 
PARAMETRIC_REPRESENTATION_CONTEXT() REPRESENTATION_CONTEXT('2D SPACE',''
  ) );
#17488 = ADVANCED_FACE('',(#17489),#17477,.T.);
#17489 = FACE_BOUND('',#17490,.T.);
#17490 = EDGE_LOOP('',(#17491,#17515,#17538,#17564));
#17491 = ORIENTED_EDGE('',*,*,#17492,.T.);
#17492 = EDGE_CURVE('',#17417,#17493,#17495,.T.);
#17493 = VERTEX_POINT('',#17494);
#17494 = CARTESIAN_POINT('',(71.2,61.1,7.));
#17495 = SURFACE_CURVE('',#17496,(#17501,#17508),.PCURVE_S1.);
#17496 = CIRCLE('',#17497,4.5);
#17497 = AXIS2_PLACEMENT_3D('',#17498,#17499,#17500);
#17498 = CARTESIAN_POINT('',(66.7,61.1,7.));
#17499 = DIRECTION('',(0.,1.,0.));
#17500 = DIRECTION('',(1.,0.,-0.));
#17501 = PCURVE('',#17477,#17502);
#17502 = DEFINITIONAL_REPRESENTATION('',(#17503),#17507);
#17503 = LINE('',#17504,#17505);
#17504 = CARTESIAN_POINT('',(0.,0.));
#17505 = VECTOR('',#17506,1.);
#17506 = DIRECTION('',(1.,0.));
#17507 = ( GEOMETRIC_REPRESENTATION_CONTEXT(2) 
PARAMETRIC_REPRESENTATION_CONTEXT() REPRESENTATION_CONTEXT('2D SPACE',''
  ) );
#17508 = PCURVE('',#16639,#17509);
#17509 = DEFINITIONAL_REPRESENTATION('',(#17510),#17514);
#17510 = CIRCLE('',#17511,4.5);
#17511 = AXIS2_PLACEMENT_2D('',#17512,#17513);
#17512 = CARTESIAN_POINT('',(5.,4.5));
#17513 = DIRECTION('',(0.,1.));
#17514 = ( GEOMETRIC_REPRESENTATION_CONTEXT(2) 
PARAMETRIC_REPRESENTATION_CONTEXT() REPRESENTATION_CONTEXT('2D SPACE',''
  ) );
#17515 = ORIENTED_EDGE('',*,*,#17516,.T.);
#17516 = EDGE_CURVE('',#17493,#17517,#17519,.T.);
#17517 = VERTEX_POINT('',#17518);
#17518 = CARTESIAN_POINT('',(71.2,70.1,7.));
#17519 = SURFACE_CURVE('',#17520,(#17524,#17531),.PCURVE_S1.);
#17520 = LINE('',#17521,#17522);
#17521 = CARTESIAN_POINT('',(71.2,61.1,7.));
#17522 = VECTOR('',#17523,1.);
#17523 = DIRECTION('',(0.,1.,0.));
#17524 = PCURVE('',#17477,#17525);
#17525 = DEFINITIONAL_REPRESENTATION('',(#17526),#17530);
#17526 = LINE('',#17527,#17528);
#17527 = CARTESIAN_POINT('',(6.28318530718,-0.));
#17528 = VECTOR('',#17529,1.);
#17529 = DIRECTION('',(0.,1.));
#17530 = ( GEOMETRIC_REPRESENTATION_CONTEXT(2) 
PARAMETRIC_REPRESENTATION_CONTEXT() REPRESENTATION_CONTEXT('2D SPACE',''
  ) );
#17531 = PCURVE('',#16612,#17532);
#17532 = DEFINITIONAL_REPRESENTATION('',(#17533),#17537);
#17533 = LINE('',#17534,#17535);
#17534 = CARTESIAN_POINT('',(5.,0.));
#17535 = VECTOR('',#17536,1.);
#17536 = DIRECTION('',(0.,-1.));
#17537 = ( GEOMETRIC_REPRESENTATION_CONTEXT(2) 
PARAMETRIC_REPRESENTATION_CONTEXT() REPRESENTATION_CONTEXT('2D SPACE',''
  ) );
#17538 = ORIENTED_EDGE('',*,*,#17539,.F.);
#17539 = EDGE_CURVE('',#17441,#17517,#17540,.T.);
#17540 = SURFACE_CURVE('',#17541,(#17546,#17553),.PCURVE_S1.);
#17541 = CIRCLE('',#17542,4.5);
#17542 = AXIS2_PLACEMENT_3D('',#17543,#17544,#17545);
#17543 = CARTESIAN_POINT('',(66.7,70.1,7.));
#17544 = DIRECTION('',(0.,1.,0.));
#17545 = DIRECTION('',(1.,0.,-0.));
#17546 = PCURVE('',#17477,#17547);
#17547 = DEFINITIONAL_REPRESENTATION('',(#17548),#17552);
#17548 = LINE('',#17549,#17550);
#17549 = CARTESIAN_POINT('',(0.,9.));
#17550 = VECTOR('',#17551,1.);
#17551 = DIRECTION('',(1.,0.));
#17552 = ( GEOMETRIC_REPRESENTATION_CONTEXT(2) 
PARAMETRIC_REPRESENTATION_CONTEXT() REPRESENTATION_CONTEXT('2D SPACE',''
  ) );
#17553 = PCURVE('',#795,#17554);
#17554 = DEFINITIONAL_REPRESENTATION('',(#17555),#17563);
#17555 = ( BOUNDED_CURVE() B_SPLINE_CURVE(2,(#17556,#17557,#17558,#17559
    ,#17560,#17561,#17562),.UNSPECIFIED.,.T.,.F.) 
B_SPLINE_CURVE_WITH_KNOTS((1,2,2,2,2,1),(-2.094395102393,0.,
    2.094395102393,4.188790204786,6.28318530718,8.377580409573),
.UNSPECIFIED.) CURVE() GEOMETRIC_REPRESENTATION_ITEM() 
RATIONAL_B_SPLINE_CURVE((1.,0.5,1.,0.5,1.,0.5,1.)) REPRESENTATION_ITEM(
  '') );
#17556 = CARTESIAN_POINT('',(-18.8,-78.75));
#17557 = CARTESIAN_POINT('',(-18.8,-86.54422863406));
#17558 = CARTESIAN_POINT('',(-25.55,-82.64711431703));
#17559 = CARTESIAN_POINT('',(-32.3,-78.75));
#17560 = CARTESIAN_POINT('',(-25.55,-74.85288568297));
#17561 = CARTESIAN_POINT('',(-18.8,-70.95577136594));
#17562 = CARTESIAN_POINT('',(-18.8,-78.75));
#17563 = ( GEOMETRIC_REPRESENTATION_CONTEXT(2) 
PARAMETRIC_REPRESENTATION_CONTEXT() REPRESENTATION_CONTEXT('2D SPACE',''
  ) );
#17564 = ORIENTED_EDGE('',*,*,#17463,.F.);
#17565 = ADVANCED_FACE('',(#17566),#16789,.F.);
#17566 = FACE_BOUND('',#17567,.F.);
#17567 = EDGE_LOOP('',(#17568,#17569,#17570,#17592,#17593));
#17568 = ORIENTED_EDGE('',*,*,#17389,.F.);
#17569 = ORIENTED_EDGE('',*,*,#16774,.T.);
#17570 = ORIENTED_EDGE('',*,*,#17571,.T.);
#17571 = EDGE_CURVE('',#16775,#17272,#17572,.T.);
#17572 = SURFACE_CURVE('',#17573,(#17578,#17585),.PCURVE_S1.);
#17573 = CIRCLE('',#17574,9.5);
#17574 = AXIS2_PLACEMENT_3D('',#17575,#17576,#17577);
#17575 = CARTESIAN_POINT('',(12.,21.,12.));
#17576 = DIRECTION('',(0.,1.,-0.));
#17577 = DIRECTION('',(-1.,0.,0.));
#17578 = PCURVE('',#16789,#17579);
#17579 = DEFINITIONAL_REPRESENTATION('',(#17580),#17584);
#17580 = CIRCLE('',#17581,9.5);
#17581 = AXIS2_PLACEMENT_2D('',#17582,#17583);
#17582 = CARTESIAN_POINT('',(10.,4.));
#17583 = DIRECTION('',(0.,-1.));
#17584 = ( GEOMETRIC_REPRESENTATION_CONTEXT(2) 
PARAMETRIC_REPRESENTATION_CONTEXT() REPRESENTATION_CONTEXT('2D SPACE',''
  ) );
#17585 = PCURVE('',#823,#17586);
#17586 = DEFINITIONAL_REPRESENTATION('',(#17587),#17591);
#17587 = LINE('',#17588,#17589);
#17588 = CARTESIAN_POINT('',(0.,-50.1));
#17589 = VECTOR('',#17590,1.);
#17590 = DIRECTION('',(1.,0.));
#17591 = ( GEOMETRIC_REPRESENTATION_CONTEXT(2) 
PARAMETRIC_REPRESENTATION_CONTEXT() REPRESENTATION_CONTEXT('2D SPACE',''
  ) );
#17592 = ORIENTED_EDGE('',*,*,#17271,.T.);
#17593 = ORIENTED_EDGE('',*,*,#17341,.T.);
#17594 = ADVANCED_FACE('',(#17595),#16639,.F.);
#17595 = FACE_BOUND('',#17596,.F.);
#17596 = EDGE_LOOP('',(#17597,#17598,#17599,#17620));
#17597 = ORIENTED_EDGE('',*,*,#17416,.T.);
#17598 = ORIENTED_EDGE('',*,*,#17492,.T.);
#17599 = ORIENTED_EDGE('',*,*,#17600,.F.);
#17600 = EDGE_CURVE('',#16598,#17493,#17601,.T.);
#17601 = SURFACE_CURVE('',#17602,(#17606,#17613),.PCURVE_S1.);
#17602 = LINE('',#17603,#17604);
#17603 = CARTESIAN_POINT('',(71.2,61.1,2.));
#17604 = VECTOR('',#17605,1.);
#17605 = DIRECTION('',(0.,0.,1.));
#17606 = PCURVE('',#16639,#17607);
#17607 = DEFINITIONAL_REPRESENTATION('',(#17608),#17612);
#17608 = LINE('',#17609,#17610);
#17609 = CARTESIAN_POINT('',(0.,9.));
#17610 = VECTOR('',#17611,1.);
#17611 = DIRECTION('',(1.,0.));
#17612 = ( GEOMETRIC_REPRESENTATION_CONTEXT(2) 
PARAMETRIC_REPRESENTATION_CONTEXT() REPRESENTATION_CONTEXT('2D SPACE',''
  ) );
#17613 = PCURVE('',#16612,#17614);
#17614 = DEFINITIONAL_REPRESENTATION('',(#17615),#17619);
#17615 = LINE('',#17616,#17617);
#17616 = CARTESIAN_POINT('',(0.,0.));
#17617 = VECTOR('',#17618,1.);
#17618 = DIRECTION('',(1.,0.));
#17619 = ( GEOMETRIC_REPRESENTATION_CONTEXT(2) 
PARAMETRIC_REPRESENTATION_CONTEXT() REPRESENTATION_CONTEXT('2D SPACE',''
  ) );
#17620 = ORIENTED_EDGE('',*,*,#16623,.T.);
#17621 = ADVANCED_FACE('',(#17622),#16612,.T.);
#17622 = FACE_BOUND('',#17623,.T.);
#17623 = EDGE_LOOP('',(#17624,#17625,#17626,#17647));
#17624 = ORIENTED_EDGE('',*,*,#17600,.F.);
#17625 = ORIENTED_EDGE('',*,*,#16597,.T.);
#17626 = ORIENTED_EDGE('',*,*,#17627,.T.);
#17627 = EDGE_CURVE('',#16576,#17517,#17628,.T.);
#17628 = SURFACE_CURVE('',#17629,(#17633,#17640),.PCURVE_S1.);
#17629 = LINE('',#17630,#17631);
#17630 = CARTESIAN_POINT('',(71.2,70.1,2.));
#17631 = VECTOR('',#17632,1.);
#17632 = DIRECTION('',(0.,0.,1.));
#17633 = PCURVE('',#16612,#17634);
#17634 = DEFINITIONAL_REPRESENTATION('',(#17635),#17639);
#17635 = LINE('',#17636,#17637);
#17636 = CARTESIAN_POINT('',(0.,-9.));
#17637 = VECTOR('',#17638,1.);
#17638 = DIRECTION('',(1.,0.));
#17639 = ( GEOMETRIC_REPRESENTATION_CONTEXT(2) 
PARAMETRIC_REPRESENTATION_CONTEXT() REPRESENTATION_CONTEXT('2D SPACE',''
  ) );
#17640 = PCURVE('',#795,#17641);
#17641 = DEFINITIONAL_REPRESENTATION('',(#17642),#17646);
#17642 = LINE('',#17643,#17644);
#17643 = CARTESIAN_POINT('',(-18.8,-83.75));
#17644 = VECTOR('',#17645,1.);
#17645 = DIRECTION('',(0.,1.));
#17646 = ( GEOMETRIC_REPRESENTATION_CONTEXT(2) 
PARAMETRIC_REPRESENTATION_CONTEXT() REPRESENTATION_CONTEXT('2D SPACE',''
  ) );
#17647 = ORIENTED_EDGE('',*,*,#17516,.F.);
#17648 = ADVANCED_FACE('',(#17649),#823,.F.);
#17649 = FACE_BOUND('',#17650,.F.);
#17650 = EDGE_LOOP('',(#17651,#17677,#17678,#17679,#17680,#17681,#17682,
    #17683));
#17651 = ORIENTED_EDGE('',*,*,#17652,.F.);
#17652 = EDGE_CURVE('',#16678,#781,#17653,.T.);
#17653 = SURFACE_CURVE('',#17654,(#17659,#17666),.PCURVE_S1.);
#17654 = CIRCLE('',#17655,9.5);
#17655 = AXIS2_PLACEMENT_3D('',#17656,#17657,#17658);
#17656 = CARTESIAN_POINT('',(12.,70.1,12.));
#17657 = DIRECTION('',(0.,1.,-0.));
#17658 = DIRECTION('',(-1.,0.,0.));
#17659 = PCURVE('',#823,#17660);
#17660 = DEFINITIONAL_REPRESENTATION('',(#17661),#17665);
#17661 = LINE('',#17662,#17663);
#17662 = CARTESIAN_POINT('',(0.,-1.));
#17663 = VECTOR('',#17664,1.);
#17664 = DIRECTION('',(1.,0.));
#17665 = ( GEOMETRIC_REPRESENTATION_CONTEXT(2) 
PARAMETRIC_REPRESENTATION_CONTEXT() REPRESENTATION_CONTEXT('2D SPACE',''
  ) );
#17666 = PCURVE('',#795,#17667);
#17667 = DEFINITIONAL_REPRESENTATION('',(#17668),#17676);
#17668 = ( BOUNDED_CURVE() B_SPLINE_CURVE(2,(#17669,#17670,#17671,#17672
    ,#17673,#17674,#17675),.UNSPECIFIED.,.T.,.F.) 
B_SPLINE_CURVE_WITH_KNOTS((1,2,2,2,2,1),(-2.094395102393,0.,
    2.094395102393,4.188790204786,6.28318530718,8.377580409573),
.UNSPECIFIED.) CURVE() GEOMETRIC_REPRESENTATION_ITEM() 
RATIONAL_B_SPLINE_CURVE((1.,0.5,1.,0.5,1.,0.5,1.)) REPRESENTATION_ITEM(
  '') );
#17669 = CARTESIAN_POINT('',(-87.5,-73.75));
#17670 = CARTESIAN_POINT('',(-87.5,-57.29551732809));
#17671 = CARTESIAN_POINT('',(-73.25,-65.52275866404));
#17672 = CARTESIAN_POINT('',(-59.,-73.75));
#17673 = CARTESIAN_POINT('',(-73.25,-81.97724133595));
#17674 = CARTESIAN_POINT('',(-87.5,-90.2044826719));
#17675 = CARTESIAN_POINT('',(-87.5,-73.75));
#17676 = ( GEOMETRIC_REPRESENTATION_CONTEXT(2) 
PARAMETRIC_REPRESENTATION_CONTEXT() REPRESENTATION_CONTEXT('2D SPACE',''
  ) );
#17677 = ORIENTED_EDGE('',*,*,#16699,.T.);
#17678 = ORIENTED_EDGE('',*,*,#17190,.T.);
#17679 = ORIENTED_EDGE('',*,*,#17296,.F.);
#17680 = ORIENTED_EDGE('',*,*,#17571,.F.);
#17681 = ORIENTED_EDGE('',*,*,#16800,.T.);
#17682 = ORIENTED_EDGE('',*,*,#1328,.T.);
#17683 = ORIENTED_EDGE('',*,*,#807,.F.);
#17684 = ADVANCED_FACE('',(#17685),#877,.F.);
#17685 = FACE_BOUND('',#17686,.F.);
#17686 = EDGE_LOOP('',(#17687,#17715,#17716,#17717,#17718,#17746,#17772,
    #17801));
#17687 = ORIENTED_EDGE('',*,*,#17688,.F.);
#17688 = EDGE_CURVE('',#779,#17689,#17691,.T.);
#17689 = VERTEX_POINT('',#17690);
#17690 = CARTESIAN_POINT('',(2.979238506601,70.1,162.4792385066));
#17691 = SURFACE_CURVE('',#17692,(#17697,#17704),.PCURVE_S1.);
#17692 = CIRCLE('',#17693,9.5);
#17693 = AXIS2_PLACEMENT_3D('',#17694,#17695,#17696);
#17694 = CARTESIAN_POINT('',(12.,70.1,159.5));
#17695 = DIRECTION('',(0.,1.,-0.));
#17696 = DIRECTION('',(-1.,0.,0.));
#17697 = PCURVE('',#877,#17698);
#17698 = DEFINITIONAL_REPRESENTATION('',(#17699),#17703);
#17699 = LINE('',#17700,#17701);
#17700 = CARTESIAN_POINT('',(0.,-1.));
#17701 = VECTOR('',#17702,1.);
#17702 = DIRECTION('',(1.,0.));
#17703 = ( GEOMETRIC_REPRESENTATION_CONTEXT(2) 
PARAMETRIC_REPRESENTATION_CONTEXT() REPRESENTATION_CONTEXT('2D SPACE',''
  ) );
#17704 = PCURVE('',#795,#17705);
#17705 = DEFINITIONAL_REPRESENTATION('',(#17706),#17714);
#17706 = ( BOUNDED_CURVE() B_SPLINE_CURVE(2,(#17707,#17708,#17709,#17710
    ,#17711,#17712,#17713),.UNSPECIFIED.,.T.,.F.) 
B_SPLINE_CURVE_WITH_KNOTS((1,2,2,2,2,1),(-2.094395102393,0.,
    2.094395102393,4.188790204786,6.28318530718,8.377580409573),
.UNSPECIFIED.) CURVE() GEOMETRIC_REPRESENTATION_ITEM() 
RATIONAL_B_SPLINE_CURVE((1.,0.5,1.,0.5,1.,0.5,1.)) REPRESENTATION_ITEM(
  '') );
#17707 = CARTESIAN_POINT('',(-87.5,73.75));
#17708 = CARTESIAN_POINT('',(-87.5,90.204482671904));
#17709 = CARTESIAN_POINT('',(-73.25,81.977241335952));
#17710 = CARTESIAN_POINT('',(-59.,73.75));
#17711 = CARTESIAN_POINT('',(-73.25,65.522758664048));
#17712 = CARTESIAN_POINT('',(-87.5,57.295517328096));
#17713 = CARTESIAN_POINT('',(-87.5,73.75));
#17714 = ( GEOMETRIC_REPRESENTATION_CONTEXT(2) 
PARAMETRIC_REPRESENTATION_CONTEXT() REPRESENTATION_CONTEXT('2D SPACE',''
  ) );
#17715 = ORIENTED_EDGE('',*,*,#863,.T.);
#17716 = ORIENTED_EDGE('',*,*,#2086,.T.);
#17717 = ORIENTED_EDGE('',*,*,#16499,.F.);
#17718 = ORIENTED_EDGE('',*,*,#17719,.F.);
#17719 = EDGE_CURVE('',#17720,#16478,#17722,.T.);
#17720 = VERTEX_POINT('',#17721);
#17721 = CARTESIAN_POINT('',(11.5,70.1,168.9868329805));
#17722 = SURFACE_CURVE('',#17723,(#17728,#17735),.PCURVE_S1.);
#17723 = CIRCLE('',#17724,9.5);
#17724 = AXIS2_PLACEMENT_3D('',#17725,#17726,#17727);
#17725 = CARTESIAN_POINT('',(12.,70.1,159.5));
#17726 = DIRECTION('',(0.,1.,-0.));
#17727 = DIRECTION('',(-1.,0.,0.));
#17728 = PCURVE('',#877,#17729);
#17729 = DEFINITIONAL_REPRESENTATION('',(#17730),#17734);
#17730 = LINE('',#17731,#17732);
#17731 = CARTESIAN_POINT('',(0.,-1.));
#17732 = VECTOR('',#17733,1.);
#17733 = DIRECTION('',(1.,0.));
#17734 = ( GEOMETRIC_REPRESENTATION_CONTEXT(2) 
PARAMETRIC_REPRESENTATION_CONTEXT() REPRESENTATION_CONTEXT('2D SPACE',''
  ) );
#17735 = PCURVE('',#795,#17736);
#17736 = DEFINITIONAL_REPRESENTATION('',(#17737),#17745);
#17737 = ( BOUNDED_CURVE() B_SPLINE_CURVE(2,(#17738,#17739,#17740,#17741
    ,#17742,#17743,#17744),.UNSPECIFIED.,.T.,.F.) 
B_SPLINE_CURVE_WITH_KNOTS((1,2,2,2,2,1),(-2.094395102393,0.,
    2.094395102393,4.188790204786,6.28318530718,8.377580409573),
.UNSPECIFIED.) CURVE() GEOMETRIC_REPRESENTATION_ITEM() 
RATIONAL_B_SPLINE_CURVE((1.,0.5,1.,0.5,1.,0.5,1.)) REPRESENTATION_ITEM(
  '') );
#17738 = CARTESIAN_POINT('',(-87.5,73.75));
#17739 = CARTESIAN_POINT('',(-87.5,90.204482671904));
#17740 = CARTESIAN_POINT('',(-73.25,81.977241335952));
#17741 = CARTESIAN_POINT('',(-59.,73.75));
#17742 = CARTESIAN_POINT('',(-73.25,65.522758664048));
#17743 = CARTESIAN_POINT('',(-87.5,57.295517328096));
#17744 = CARTESIAN_POINT('',(-87.5,73.75));
#17745 = ( GEOMETRIC_REPRESENTATION_CONTEXT(2) 
PARAMETRIC_REPRESENTATION_CONTEXT() REPRESENTATION_CONTEXT('2D SPACE',''
  ) );
#17746 = ORIENTED_EDGE('',*,*,#17747,.F.);
#17747 = EDGE_CURVE('',#17748,#17720,#17750,.T.);
#17748 = VERTEX_POINT('',#17749);
#17749 = CARTESIAN_POINT('',(11.5,61.1,168.9868329805));
#17750 = SURFACE_CURVE('',#17751,(#17755,#17761),.PCURVE_S1.);
#17751 = LINE('',#17752,#17753);
#17752 = CARTESIAN_POINT('',(11.5,71.1,168.9868329805));
#17753 = VECTOR('',#17754,1.);
#17754 = DIRECTION('',(0.,1.,-0.));
#17755 = PCURVE('',#877,#17756);
#17756 = DEFINITIONAL_REPRESENTATION('',(#17757),#17760);
#17757 = B_SPLINE_CURVE_WITH_KNOTS('',1,(#17758,#17759),.UNSPECIFIED.,
  .F.,.F.,(2,2),(-10.9,-0.9999976),.PIECEWISE_BEZIER_KNOTS.);
#17758 = CARTESIAN_POINT('',(1.518140418533,-10.9));
#17759 = CARTESIAN_POINT('',(1.518140418533,-0.9999976));
#17760 = ( GEOMETRIC_REPRESENTATION_CONTEXT(2) 
PARAMETRIC_REPRESENTATION_CONTEXT() REPRESENTATION_CONTEXT('2D SPACE',''
  ) );
#17761 = PCURVE('',#17762,#17767);
#17762 = PLANE('',#17763);
#17763 = AXIS2_PLACEMENT_3D('',#17764,#17765,#17766);
#17764 = CARTESIAN_POINT('',(11.5,61.1,164.5));
#17765 = DIRECTION('',(1.,0.,-0.));
#17766 = DIRECTION('',(0.,0.,1.));
#17767 = DEFINITIONAL_REPRESENTATION('',(#17768),#17771);
#17768 = B_SPLINE_CURVE_WITH_KNOTS('',1,(#17769,#17770),.UNSPECIFIED.,
  .F.,.F.,(2,2),(-10.9,-0.9999976),.PIECEWISE_BEZIER_KNOTS.);
#17769 = CARTESIAN_POINT('',(4.486832980505,0.9));
#17770 = CARTESIAN_POINT('',(4.486832980505,-9.0000024));
#17771 = ( GEOMETRIC_REPRESENTATION_CONTEXT(2) 
PARAMETRIC_REPRESENTATION_CONTEXT() REPRESENTATION_CONTEXT('2D SPACE',''
  ) );
#17772 = ORIENTED_EDGE('',*,*,#17773,.F.);
#17773 = EDGE_CURVE('',#17774,#17748,#17776,.T.);
#17774 = VERTEX_POINT('',#17775);
#17775 = CARTESIAN_POINT('',(2.979238506601,61.1,162.4792385066));
#17776 = SURFACE_CURVE('',#17777,(#17782,#17789),.PCURVE_S1.);
#17777 = CIRCLE('',#17778,9.5);
#17778 = AXIS2_PLACEMENT_3D('',#17779,#17780,#17781);
#17779 = CARTESIAN_POINT('',(12.,61.1,159.5));
#17780 = DIRECTION('',(0.,1.,0.));
#17781 = DIRECTION('',(-0.94955384141,0.,0.313604053326));
#17782 = PCURVE('',#877,#17783);
#17783 = DEFINITIONAL_REPRESENTATION('',(#17784),#17788);
#17784 = LINE('',#17785,#17786);
#17785 = CARTESIAN_POINT('',(0.318986188486,-10.));
#17786 = VECTOR('',#17787,1.);
#17787 = DIRECTION('',(1.,0.));
#17788 = ( GEOMETRIC_REPRESENTATION_CONTEXT(2) 
PARAMETRIC_REPRESENTATION_CONTEXT() REPRESENTATION_CONTEXT('2D SPACE',''
  ) );
#17789 = PCURVE('',#17790,#17795);
#17790 = PLANE('',#17791);
#17791 = AXIS2_PLACEMENT_3D('',#17792,#17793,#17794);
#17792 = CARTESIAN_POINT('',(7.,61.1,164.5));
#17793 = DIRECTION('',(0.,1.,0.));
#17794 = DIRECTION('',(1.,0.,-0.));
#17795 = DEFINITIONAL_REPRESENTATION('',(#17796),#17800);
#17796 = CIRCLE('',#17797,9.5);
#17797 = AXIS2_PLACEMENT_2D('',#17798,#17799);
#17798 = CARTESIAN_POINT('',(5.,5.));
#17799 = DIRECTION('',(-0.94955384141,-0.313604053326));
#17800 = ( GEOMETRIC_REPRESENTATION_CONTEXT(2) 
PARAMETRIC_REPRESENTATION_CONTEXT() REPRESENTATION_CONTEXT('2D SPACE',''
  ) );
#17801 = ORIENTED_EDGE('',*,*,#17802,.T.);
#17802 = EDGE_CURVE('',#17774,#17689,#17803,.T.);
#17803 = SURFACE_CURVE('',#17804,(#17808,#17814),.PCURVE_S1.);
#17804 = LINE('',#17805,#17806);
#17805 = CARTESIAN_POINT('',(2.979238506601,71.1,162.4792385066));
#17806 = VECTOR('',#17807,1.);
#17807 = DIRECTION('',(0.,1.,-0.));
#17808 = PCURVE('',#877,#17809);
#17809 = DEFINITIONAL_REPRESENTATION('',(#17810),#17813);
#17810 = B_SPLINE_CURVE_WITH_KNOTS('',1,(#17811,#17812),.UNSPECIFIED.,
  .F.,.F.,(2,2),(-10.0000024,-0.9999976),.PIECEWISE_BEZIER_KNOTS.);
#17811 = CARTESIAN_POINT('',(0.318986188486,-10.0000024));
#17812 = CARTESIAN_POINT('',(0.318986188486,-0.9999976));
#17813 = ( GEOMETRIC_REPRESENTATION_CONTEXT(2) 
PARAMETRIC_REPRESENTATION_CONTEXT() REPRESENTATION_CONTEXT('2D SPACE',''
  ) );
#17814 = PCURVE('',#17815,#17820);
#17815 = CYLINDRICAL_SURFACE('',#17816,4.5);
#17816 = AXIS2_PLACEMENT_3D('',#17817,#17818,#17819);
#17817 = CARTESIAN_POINT('',(7.,61.1,164.5));
#17818 = DIRECTION('',(0.,1.,0.));
#17819 = DIRECTION('',(1.,0.,-0.));
#17820 = DEFINITIONAL_REPRESENTATION('',(#17821),#17824);
#17821 = B_SPLINE_CURVE_WITH_KNOTS('',1,(#17822,#17823),.UNSPECIFIED.,
  .F.,.F.,(2,2),(-10.,-1.),.PIECEWISE_BEZIER_KNOTS.);
#17822 = CARTESIAN_POINT('',(8.959067056502,0.));
#17823 = CARTESIAN_POINT('',(8.959067056502,9.));
#17824 = ( GEOMETRIC_REPRESENTATION_CONTEXT(2) 
PARAMETRIC_REPRESENTATION_CONTEXT() REPRESENTATION_CONTEXT('2D SPACE',''
  ) );
#17825 = ADVANCED_FACE('',(#17826),#17815,.T.);
#17826 = FACE_BOUND('',#17827,.T.);
#17827 = EDGE_LOOP('',(#17828,#17856,#17879,#17901));
#17828 = ORIENTED_EDGE('',*,*,#17829,.F.);
#17829 = EDGE_CURVE('',#17830,#17689,#17832,.T.);
#17830 = VERTEX_POINT('',#17831);
#17831 = CARTESIAN_POINT('',(11.5,70.1,164.5));
#17832 = SURFACE_CURVE('',#17833,(#17838,#17845),.PCURVE_S1.);
#17833 = CIRCLE('',#17834,4.5);
#17834 = AXIS2_PLACEMENT_3D('',#17835,#17836,#17837);
#17835 = CARTESIAN_POINT('',(7.,70.1,164.5));
#17836 = DIRECTION('',(0.,1.,0.));
#17837 = DIRECTION('',(0.449058109644,-0.,0.893502554089));
#17838 = PCURVE('',#17815,#17839);
#17839 = DEFINITIONAL_REPRESENTATION('',(#17840),#17844);
#17840 = LINE('',#17841,#17842);
#17841 = CARTESIAN_POINT('',(5.178099884652,9.));
#17842 = VECTOR('',#17843,1.);
#17843 = DIRECTION('',(1.,0.));
#17844 = ( GEOMETRIC_REPRESENTATION_CONTEXT(2) 
PARAMETRIC_REPRESENTATION_CONTEXT() REPRESENTATION_CONTEXT('2D SPACE',''
  ) );
#17845 = PCURVE('',#795,#17846);
#17846 = DEFINITIONAL_REPRESENTATION('',(#17847),#17855);
#17847 = ( BOUNDED_CURVE() B_SPLINE_CURVE(2,(#17848,#17849,#17850,#17851
    ,#17852,#17853,#17854),.UNSPECIFIED.,.T.,.F.) 
B_SPLINE_CURVE_WITH_KNOTS((1,2,2,2,2,1),(-2.094395102393,0.,
    2.094395102393,4.188790204786,6.28318530718,8.377580409573),
.UNSPECIFIED.) CURVE() GEOMETRIC_REPRESENTATION_ITEM() 
RATIONAL_B_SPLINE_CURVE((1.,0.5,1.,0.5,1.,0.5,1.)) REPRESENTATION_ITEM(
  '') );
#17848 = CARTESIAN_POINT('',(-80.9792385066,82.770761493399));
#17849 = CARTESIAN_POINT('',(-74.01507531491,79.270699916853));
#17850 = CARTESIAN_POINT('',(-80.52829915085,74.989588465028));
#17851 = CARTESIAN_POINT('',(-87.04152298679,70.708477013203));
#17852 = CARTESIAN_POINT('',(-87.49246234254,78.489650041573));
#17853 = CARTESIAN_POINT('',(-87.94340169828,86.270823069944));
#17854 = CARTESIAN_POINT('',(-80.9792385066,82.770761493399));
#17855 = ( GEOMETRIC_REPRESENTATION_CONTEXT(2) 
PARAMETRIC_REPRESENTATION_CONTEXT() REPRESENTATION_CONTEXT('2D SPACE',''
  ) );
#17856 = ORIENTED_EDGE('',*,*,#17857,.F.);
#17857 = EDGE_CURVE('',#17858,#17830,#17860,.T.);
#17858 = VERTEX_POINT('',#17859);
#17859 = CARTESIAN_POINT('',(11.5,61.1,164.5));
#17860 = SURFACE_CURVE('',#17861,(#17865,#17872),.PCURVE_S1.);
#17861 = LINE('',#17862,#17863);
#17862 = CARTESIAN_POINT('',(11.5,61.1,164.5));
#17863 = VECTOR('',#17864,1.);
#17864 = DIRECTION('',(-0.,1.,0.));
#17865 = PCURVE('',#17815,#17866);
#17866 = DEFINITIONAL_REPRESENTATION('',(#17867),#17871);
#17867 = LINE('',#17868,#17869);
#17868 = CARTESIAN_POINT('',(6.28318530718,0.));
#17869 = VECTOR('',#17870,1.);
#17870 = DIRECTION('',(0.,1.));
#17871 = ( GEOMETRIC_REPRESENTATION_CONTEXT(2) 
PARAMETRIC_REPRESENTATION_CONTEXT() REPRESENTATION_CONTEXT('2D SPACE',''
  ) );
#17872 = PCURVE('',#17762,#17873);
#17873 = DEFINITIONAL_REPRESENTATION('',(#17874),#17878);
#17874 = LINE('',#17875,#17876);
#17875 = CARTESIAN_POINT('',(0.,0.));
#17876 = VECTOR('',#17877,1.);
#17877 = DIRECTION('',(0.,-1.));
#17878 = ( GEOMETRIC_REPRESENTATION_CONTEXT(2) 
PARAMETRIC_REPRESENTATION_CONTEXT() REPRESENTATION_CONTEXT('2D SPACE',''
  ) );
#17879 = ORIENTED_EDGE('',*,*,#17880,.T.);
#17880 = EDGE_CURVE('',#17858,#17774,#17881,.T.);
#17881 = SURFACE_CURVE('',#17882,(#17887,#17894),.PCURVE_S1.);
#17882 = CIRCLE('',#17883,4.5);
#17883 = AXIS2_PLACEMENT_3D('',#17884,#17885,#17886);
#17884 = CARTESIAN_POINT('',(7.,61.1,164.5));
#17885 = DIRECTION('',(0.,1.,0.));
#17886 = DIRECTION('',(0.449058109644,-0.,0.893502554089));
#17887 = PCURVE('',#17815,#17888);
#17888 = DEFINITIONAL_REPRESENTATION('',(#17889),#17893);
#17889 = LINE('',#17890,#17891);
#17890 = CARTESIAN_POINT('',(5.178099884652,0.));
#17891 = VECTOR('',#17892,1.);
#17892 = DIRECTION('',(1.,0.));
#17893 = ( GEOMETRIC_REPRESENTATION_CONTEXT(2) 
PARAMETRIC_REPRESENTATION_CONTEXT() REPRESENTATION_CONTEXT('2D SPACE',''
  ) );
#17894 = PCURVE('',#17790,#17895);
#17895 = DEFINITIONAL_REPRESENTATION('',(#17896),#17900);
#17896 = CIRCLE('',#17897,4.5);
#17897 = AXIS2_PLACEMENT_2D('',#17898,#17899);
#17898 = CARTESIAN_POINT('',(0.,0.));
#17899 = DIRECTION('',(0.449058109644,-0.893502554089));
#17900 = ( GEOMETRIC_REPRESENTATION_CONTEXT(2) 
PARAMETRIC_REPRESENTATION_CONTEXT() REPRESENTATION_CONTEXT('2D SPACE',''
  ) );
#17901 = ORIENTED_EDGE('',*,*,#17802,.T.);
#17902 = ADVANCED_FACE('',(#17903),#17790,.F.);
#17903 = FACE_BOUND('',#17904,.F.);
#17904 = EDGE_LOOP('',(#17905,#17906,#17927));
#17905 = ORIENTED_EDGE('',*,*,#17773,.T.);
#17906 = ORIENTED_EDGE('',*,*,#17907,.F.);
#17907 = EDGE_CURVE('',#17858,#17748,#17908,.T.);
#17908 = SURFACE_CURVE('',#17909,(#17913,#17920),.PCURVE_S1.);
#17909 = LINE('',#17910,#17911);
#17910 = CARTESIAN_POINT('',(11.5,61.1,164.5));
#17911 = VECTOR('',#17912,1.);
#17912 = DIRECTION('',(0.,0.,1.));
#17913 = PCURVE('',#17790,#17914);
#17914 = DEFINITIONAL_REPRESENTATION('',(#17915),#17919);
#17915 = LINE('',#17916,#17917);
#17916 = CARTESIAN_POINT('',(4.5,0.));
#17917 = VECTOR('',#17918,1.);
#17918 = DIRECTION('',(0.,-1.));
#17919 = ( GEOMETRIC_REPRESENTATION_CONTEXT(2) 
PARAMETRIC_REPRESENTATION_CONTEXT() REPRESENTATION_CONTEXT('2D SPACE',''
  ) );
#17920 = PCURVE('',#17762,#17921);
#17921 = DEFINITIONAL_REPRESENTATION('',(#17922),#17926);
#17922 = LINE('',#17923,#17924);
#17923 = CARTESIAN_POINT('',(0.,0.));
#17924 = VECTOR('',#17925,1.);
#17925 = DIRECTION('',(1.,0.));
#17926 = ( GEOMETRIC_REPRESENTATION_CONTEXT(2) 
PARAMETRIC_REPRESENTATION_CONTEXT() REPRESENTATION_CONTEXT('2D SPACE',''
  ) );
#17927 = ORIENTED_EDGE('',*,*,#17880,.T.);
#17928 = ADVANCED_FACE('',(#17929),#17762,.T.);
#17929 = FACE_BOUND('',#17930,.T.);
#17930 = EDGE_LOOP('',(#17931,#17932,#17933,#17954));
#17931 = ORIENTED_EDGE('',*,*,#17907,.F.);
#17932 = ORIENTED_EDGE('',*,*,#17857,.T.);
#17933 = ORIENTED_EDGE('',*,*,#17934,.T.);
#17934 = EDGE_CURVE('',#17830,#17720,#17935,.T.);
#17935 = SURFACE_CURVE('',#17936,(#17940,#17947),.PCURVE_S1.);
#17936 = LINE('',#17937,#17938);
#17937 = CARTESIAN_POINT('',(11.5,70.1,164.5));
#17938 = VECTOR('',#17939,1.);
#17939 = DIRECTION('',(0.,0.,1.));
#17940 = PCURVE('',#17762,#17941);
#17941 = DEFINITIONAL_REPRESENTATION('',(#17942),#17946);
#17942 = LINE('',#17943,#17944);
#17943 = CARTESIAN_POINT('',(0.,-9.));
#17944 = VECTOR('',#17945,1.);
#17945 = DIRECTION('',(1.,0.));
#17946 = ( GEOMETRIC_REPRESENTATION_CONTEXT(2) 
PARAMETRIC_REPRESENTATION_CONTEXT() REPRESENTATION_CONTEXT('2D SPACE',''
  ) );
#17947 = PCURVE('',#795,#17948);
#17948 = DEFINITIONAL_REPRESENTATION('',(#17949),#17953);
#17949 = LINE('',#17950,#17951);
#17950 = CARTESIAN_POINT('',(-78.5,78.75));
#17951 = VECTOR('',#17952,1.);
#17952 = DIRECTION('',(0.,1.));
#17953 = ( GEOMETRIC_REPRESENTATION_CONTEXT(2) 
PARAMETRIC_REPRESENTATION_CONTEXT() REPRESENTATION_CONTEXT('2D SPACE',''
  ) );
#17954 = ORIENTED_EDGE('',*,*,#17747,.F.);
#17955 = ADVANCED_FACE('',(#17956,#17986,#18021,#18056,#18091,#18114),
  #795,.F.);
#17956 = FACE_BOUND('',#17957,.F.);
#17957 = EDGE_LOOP('',(#17958,#17979,#17980,#17981,#17982,#17983,#17984,
    #17985));
#17958 = ORIENTED_EDGE('',*,*,#17959,.F.);
#17959 = EDGE_CURVE('',#10218,#9854,#17960,.T.);
#17960 = SURFACE_CURVE('',#17961,(#17965,#17972),.PCURVE_S1.);
#17961 = LINE('',#17962,#17963);
#17962 = CARTESIAN_POINT('',(1.2,70.1,12.));
#17963 = VECTOR('',#17964,1.);
#17964 = DIRECTION('',(0.,0.,1.));
#17965 = PCURVE('',#795,#17966);
#17966 = DEFINITIONAL_REPRESENTATION('',(#17967),#17971);
#17967 = LINE('',#17968,#17969);
#17968 = CARTESIAN_POINT('',(-88.8,-73.75));
#17969 = VECTOR('',#17970,1.);
#17970 = DIRECTION('',(0.,1.));
#17971 = ( GEOMETRIC_REPRESENTATION_CONTEXT(2) 
PARAMETRIC_REPRESENTATION_CONTEXT() REPRESENTATION_CONTEXT('2D SPACE',''
  ) );
#17972 = PCURVE('',#126,#17973);
#17973 = DEFINITIONAL_REPRESENTATION('',(#17974),#17978);
#17974 = LINE('',#17975,#17976);
#17975 = CARTESIAN_POINT('',(-1.570796326795,0.));
#17976 = VECTOR('',#17977,1.);
#17977 = DIRECTION('',(-0.,1.));
#17978 = ( GEOMETRIC_REPRESENTATION_CONTEXT(2) 
PARAMETRIC_REPRESENTATION_CONTEXT() REPRESENTATION_CONTEXT('2D SPACE',''
  ) );
#17979 = ORIENTED_EDGE('',*,*,#10239,.F.);
#17980 = ORIENTED_EDGE('',*,*,#10115,.F.);
#17981 = ORIENTED_EDGE('',*,*,#10085,.F.);
#17982 = ORIENTED_EDGE('',*,*,#9981,.F.);
#17983 = ORIENTED_EDGE('',*,*,#9951,.F.);
#17984 = ORIENTED_EDGE('',*,*,#9806,.F.);
#17985 = ORIENTED_EDGE('',*,*,#9898,.F.);
#17986 = FACE_BOUND('',#17987,.F.);
#17987 = EDGE_LOOP('',(#17988));
#17988 = ORIENTED_EDGE('',*,*,#17989,.T.);
#17989 = EDGE_CURVE('',#17990,#17990,#17992,.T.);
#17990 = VERTEX_POINT('',#17991);
#17991 = CARTESIAN_POINT('',(68.8,70.1,7.));
#17992 = SURFACE_CURVE('',#17993,(#17998,#18009),.PCURVE_S1.);
#17993 = CIRCLE('',#17994,2.1);
#17994 = AXIS2_PLACEMENT_3D('',#17995,#17996,#17997);
#17995 = CARTESIAN_POINT('',(66.7,70.1,7.));
#17996 = DIRECTION('',(0.,1.,0.));
#17997 = DIRECTION('',(1.,0.,-0.));
#17998 = PCURVE('',#795,#17999);
#17999 = DEFINITIONAL_REPRESENTATION('',(#18000),#18008);
#18000 = ( BOUNDED_CURVE() B_SPLINE_CURVE(2,(#18001,#18002,#18003,#18004
    ,#18005,#18006,#18007),.UNSPECIFIED.,.T.,.F.) 
B_SPLINE_CURVE_WITH_KNOTS((1,2,2,2,2,1),(-2.094395102393,0.,
    2.094395102393,4.188790204786,6.28318530718,8.377580409573),
.UNSPECIFIED.) CURVE() GEOMETRIC_REPRESENTATION_ITEM() 
RATIONAL_B_SPLINE_CURVE((1.,0.5,1.,0.5,1.,0.5,1.)) REPRESENTATION_ITEM(
  '') );
#18001 = CARTESIAN_POINT('',(-21.2,-78.75));
#18002 = CARTESIAN_POINT('',(-21.2,-82.38730669589));
#18003 = CARTESIAN_POINT('',(-24.35,-80.56865334794));
#18004 = CARTESIAN_POINT('',(-27.5,-78.75));
#18005 = CARTESIAN_POINT('',(-24.35,-76.93134665205));
#18006 = CARTESIAN_POINT('',(-21.2,-75.1126933041));
#18007 = CARTESIAN_POINT('',(-21.2,-78.75));
#18008 = ( GEOMETRIC_REPRESENTATION_CONTEXT(2) 
PARAMETRIC_REPRESENTATION_CONTEXT() REPRESENTATION_CONTEXT('2D SPACE',''
  ) );
#18009 = PCURVE('',#18010,#18015);
#18010 = CYLINDRICAL_SURFACE('',#18011,2.1);
#18011 = AXIS2_PLACEMENT_3D('',#18012,#18013,#18014);
#18012 = CARTESIAN_POINT('',(66.7,63.1,7.));
#18013 = DIRECTION('',(0.,1.,0.));
#18014 = DIRECTION('',(1.,0.,-0.));
#18015 = DEFINITIONAL_REPRESENTATION('',(#18016),#18020);
#18016 = LINE('',#18017,#18018);
#18017 = CARTESIAN_POINT('',(0.,7.));
#18018 = VECTOR('',#18019,1.);
#18019 = DIRECTION('',(1.,0.));
#18020 = ( GEOMETRIC_REPRESENTATION_CONTEXT(2) 
PARAMETRIC_REPRESENTATION_CONTEXT() REPRESENTATION_CONTEXT('2D SPACE',''
  ) );
#18021 = FACE_BOUND('',#18022,.F.);
#18022 = EDGE_LOOP('',(#18023));
#18023 = ORIENTED_EDGE('',*,*,#18024,.T.);
#18024 = EDGE_CURVE('',#18025,#18025,#18027,.T.);
#18025 = VERTEX_POINT('',#18026);
#18026 = CARTESIAN_POINT('',(175.1,70.1,7.));
#18027 = SURFACE_CURVE('',#18028,(#18033,#18044),.PCURVE_S1.);
#18028 = CIRCLE('',#18029,2.1);
#18029 = AXIS2_PLACEMENT_3D('',#18030,#18031,#18032);
#18030 = CARTESIAN_POINT('',(173.,70.1,7.));
#18031 = DIRECTION('',(0.,1.,0.));
#18032 = DIRECTION('',(1.,0.,-0.));
#18033 = PCURVE('',#795,#18034);
#18034 = DEFINITIONAL_REPRESENTATION('',(#18035),#18043);
#18035 = ( BOUNDED_CURVE() B_SPLINE_CURVE(2,(#18036,#18037,#18038,#18039
    ,#18040,#18041,#18042),.UNSPECIFIED.,.T.,.F.) 
B_SPLINE_CURVE_WITH_KNOTS((1,2,2,2,2,1),(-2.094395102393,0.,
    2.094395102393,4.188790204786,6.28318530718,8.377580409573),
.UNSPECIFIED.) CURVE() GEOMETRIC_REPRESENTATION_ITEM() 
RATIONAL_B_SPLINE_CURVE((1.,0.5,1.,0.5,1.,0.5,1.)) REPRESENTATION_ITEM(
  '') );
#18036 = CARTESIAN_POINT('',(85.1,-78.75));
#18037 = CARTESIAN_POINT('',(85.1,-82.38730669589));
#18038 = CARTESIAN_POINT('',(81.95,-80.56865334794));
#18039 = CARTESIAN_POINT('',(78.8,-78.75));
#18040 = CARTESIAN_POINT('',(81.95,-76.93134665205));
#18041 = CARTESIAN_POINT('',(85.1,-75.1126933041));
#18042 = CARTESIAN_POINT('',(85.1,-78.75));
#18043 = ( GEOMETRIC_REPRESENTATION_CONTEXT(2) 
PARAMETRIC_REPRESENTATION_CONTEXT() REPRESENTATION_CONTEXT('2D SPACE',''
  ) );
#18044 = PCURVE('',#18045,#18050);
#18045 = CYLINDRICAL_SURFACE('',#18046,2.1);
#18046 = AXIS2_PLACEMENT_3D('',#18047,#18048,#18049);
#18047 = CARTESIAN_POINT('',(173.,63.1,7.));
#18048 = DIRECTION('',(0.,1.,0.));
#18049 = DIRECTION('',(1.,0.,-0.));
#18050 = DEFINITIONAL_REPRESENTATION('',(#18051),#18055);
#18051 = LINE('',#18052,#18053);
#18052 = CARTESIAN_POINT('',(0.,7.));
#18053 = VECTOR('',#18054,1.);
#18054 = DIRECTION('',(1.,0.));
#18055 = ( GEOMETRIC_REPRESENTATION_CONTEXT(2) 
PARAMETRIC_REPRESENTATION_CONTEXT() REPRESENTATION_CONTEXT('2D SPACE',''
  ) );
#18056 = FACE_BOUND('',#18057,.F.);
#18057 = EDGE_LOOP('',(#18058));
#18058 = ORIENTED_EDGE('',*,*,#18059,.T.);
#18059 = EDGE_CURVE('',#18060,#18060,#18062,.T.);
#18060 = VERTEX_POINT('',#18061);
#18061 = CARTESIAN_POINT('',(9.1,70.1,164.5));
#18062 = SURFACE_CURVE('',#18063,(#18068,#18079),.PCURVE_S1.);
#18063 = CIRCLE('',#18064,2.1);
#18064 = AXIS2_PLACEMENT_3D('',#18065,#18066,#18067);
#18065 = CARTESIAN_POINT('',(7.,70.1,164.5));
#18066 = DIRECTION('',(0.,1.,0.));
#18067 = DIRECTION('',(1.,0.,-0.));
#18068 = PCURVE('',#795,#18069);
#18069 = DEFINITIONAL_REPRESENTATION('',(#18070),#18078);
#18070 = ( BOUNDED_CURVE() B_SPLINE_CURVE(2,(#18071,#18072,#18073,#18074
    ,#18075,#18076,#18077),.UNSPECIFIED.,.T.,.F.) 
B_SPLINE_CURVE_WITH_KNOTS((1,2,2,2,2,1),(-2.094395102393,0.,
    2.094395102393,4.188790204786,6.28318530718,8.377580409573),
.UNSPECIFIED.) CURVE() GEOMETRIC_REPRESENTATION_ITEM() 
RATIONAL_B_SPLINE_CURVE((1.,0.5,1.,0.5,1.,0.5,1.)) REPRESENTATION_ITEM(
  '') );
#18071 = CARTESIAN_POINT('',(-80.9,78.75));
#18072 = CARTESIAN_POINT('',(-80.9,75.112693304105));
#18073 = CARTESIAN_POINT('',(-84.05,76.931346652053));
#18074 = CARTESIAN_POINT('',(-87.2,78.75));
#18075 = CARTESIAN_POINT('',(-84.05,80.568653347947));
#18076 = CARTESIAN_POINT('',(-80.9,82.387306695895));
#18077 = CARTESIAN_POINT('',(-80.9,78.75));
#18078 = ( GEOMETRIC_REPRESENTATION_CONTEXT(2) 
PARAMETRIC_REPRESENTATION_CONTEXT() REPRESENTATION_CONTEXT('2D SPACE',''
  ) );
#18079 = PCURVE('',#18080,#18085);
#18080 = CYLINDRICAL_SURFACE('',#18081,2.1);
#18081 = AXIS2_PLACEMENT_3D('',#18082,#18083,#18084);
#18082 = CARTESIAN_POINT('',(7.,63.1,164.5));
#18083 = DIRECTION('',(0.,1.,0.));
#18084 = DIRECTION('',(1.,0.,-0.));
#18085 = DEFINITIONAL_REPRESENTATION('',(#18086),#18090);
#18086 = LINE('',#18087,#18088);
#18087 = CARTESIAN_POINT('',(0.,7.));
#18088 = VECTOR('',#18089,1.);
#18089 = DIRECTION('',(1.,0.));
#18090 = ( GEOMETRIC_REPRESENTATION_CONTEXT(2) 
PARAMETRIC_REPRESENTATION_CONTEXT() REPRESENTATION_CONTEXT('2D SPACE',''
  ) );
#18091 = FACE_BOUND('',#18092,.F.);
#18092 = EDGE_LOOP('',(#18093,#18094,#18095,#18096,#18097,#18098,#18099,
    #18100,#18101,#18102,#18103,#18104,#18105,#18106,#18107,#18108,
    #18109,#18110,#18111,#18112,#18113));
#18093 = ORIENTED_EDGE('',*,*,#16371,.F.);
#18094 = ORIENTED_EDGE('',*,*,#16451,.F.);
#18095 = ORIENTED_EDGE('',*,*,#16236,.T.);
#18096 = ORIENTED_EDGE('',*,*,#16575,.T.);
#18097 = ORIENTED_EDGE('',*,*,#17627,.T.);
#18098 = ORIENTED_EDGE('',*,*,#17539,.F.);
#18099 = ORIENTED_EDGE('',*,*,#17440,.F.);
#18100 = ORIENTED_EDGE('',*,*,#16677,.T.);
#18101 = ORIENTED_EDGE('',*,*,#17652,.T.);
#18102 = ORIENTED_EDGE('',*,*,#778,.F.);
#18103 = ORIENTED_EDGE('',*,*,#17688,.T.);
#18104 = ORIENTED_EDGE('',*,*,#17829,.F.);
#18105 = ORIENTED_EDGE('',*,*,#17934,.T.);
#18106 = ORIENTED_EDGE('',*,*,#17719,.T.);
#18107 = ORIENTED_EDGE('',*,*,#16477,.F.);
#18108 = ORIENTED_EDGE('',*,*,#15730,.T.);
#18109 = ORIENTED_EDGE('',*,*,#15961,.F.);
#18110 = ORIENTED_EDGE('',*,*,#16013,.F.);
#18111 = ORIENTED_EDGE('',*,*,#15805,.T.);
#18112 = ORIENTED_EDGE('',*,*,#16074,.T.);
#18113 = ORIENTED_EDGE('',*,*,#16183,.T.);
#18114 = FACE_BOUND('',#18115,.F.);
#18115 = EDGE_LOOP('',(#18116));
#18116 = ORIENTED_EDGE('',*,*,#18117,.T.);
#18117 = EDGE_CURVE('',#18118,#18118,#18120,.T.);
#18118 = VERTEX_POINT('',#18119);
#18119 = CARTESIAN_POINT('',(175.1,70.1,164.5));
#18120 = SURFACE_CURVE('',#18121,(#18126,#18137),.PCURVE_S1.);
#18121 = CIRCLE('',#18122,2.1);
#18122 = AXIS2_PLACEMENT_3D('',#18123,#18124,#18125);
#18123 = CARTESIAN_POINT('',(173.,70.1,164.5));
#18124 = DIRECTION('',(0.,1.,0.));
#18125 = DIRECTION('',(1.,0.,-0.));
#18126 = PCURVE('',#795,#18127);
#18127 = DEFINITIONAL_REPRESENTATION('',(#18128),#18136);
#18128 = ( BOUNDED_CURVE() B_SPLINE_CURVE(2,(#18129,#18130,#18131,#18132
    ,#18133,#18134,#18135),.UNSPECIFIED.,.T.,.F.) 
B_SPLINE_CURVE_WITH_KNOTS((1,2,2,2,2,1),(-2.094395102393,0.,
    2.094395102393,4.188790204786,6.28318530718,8.377580409573),
.UNSPECIFIED.) CURVE() GEOMETRIC_REPRESENTATION_ITEM() 
RATIONAL_B_SPLINE_CURVE((1.,0.5,1.,0.5,1.,0.5,1.)) REPRESENTATION_ITEM(
  '') );
#18129 = CARTESIAN_POINT('',(85.1,78.75));
#18130 = CARTESIAN_POINT('',(85.1,75.112693304105));
#18131 = CARTESIAN_POINT('',(81.95,76.931346652053));
#18132 = CARTESIAN_POINT('',(78.8,78.75));
#18133 = CARTESIAN_POINT('',(81.95,80.568653347947));
#18134 = CARTESIAN_POINT('',(85.1,82.387306695895));
#18135 = CARTESIAN_POINT('',(85.1,78.75));
#18136 = ( GEOMETRIC_REPRESENTATION_CONTEXT(2) 
PARAMETRIC_REPRESENTATION_CONTEXT() REPRESENTATION_CONTEXT('2D SPACE',''
  ) );
#18137 = PCURVE('',#18138,#18143);
#18138 = CYLINDRICAL_SURFACE('',#18139,2.1);
#18139 = AXIS2_PLACEMENT_3D('',#18140,#18141,#18142);
#18140 = CARTESIAN_POINT('',(173.,63.1,164.5));
#18141 = DIRECTION('',(0.,1.,0.));
#18142 = DIRECTION('',(1.,0.,-0.));
#18143 = DEFINITIONAL_REPRESENTATION('',(#18144),#18148);
#18144 = LINE('',#18145,#18146);
#18145 = CARTESIAN_POINT('',(0.,7.));
#18146 = VECTOR('',#18147,1.);
#18147 = DIRECTION('',(1.,0.));
#18148 = ( GEOMETRIC_REPRESENTATION_CONTEXT(2) 
PARAMETRIC_REPRESENTATION_CONTEXT() REPRESENTATION_CONTEXT('2D SPACE',''
  ) );
#18149 = ADVANCED_FACE('',(#18150),#18138,.F.);
#18150 = FACE_BOUND('',#18151,.F.);
#18151 = EDGE_LOOP('',(#18152,#18153,#18176,#18203));
#18152 = ORIENTED_EDGE('',*,*,#18117,.F.);
#18153 = ORIENTED_EDGE('',*,*,#18154,.F.);
#18154 = EDGE_CURVE('',#18155,#18118,#18157,.T.);
#18155 = VERTEX_POINT('',#18156);
#18156 = CARTESIAN_POINT('',(175.1,63.1,164.5));
#18157 = SEAM_CURVE('',#18158,(#18162,#18169),.PCURVE_S1.);
#18158 = LINE('',#18159,#18160);
#18159 = CARTESIAN_POINT('',(175.1,63.1,164.5));
#18160 = VECTOR('',#18161,1.);
#18161 = DIRECTION('',(0.,1.,0.));
#18162 = PCURVE('',#18138,#18163);
#18163 = DEFINITIONAL_REPRESENTATION('',(#18164),#18168);
#18164 = LINE('',#18165,#18166);
#18165 = CARTESIAN_POINT('',(6.28318530718,-0.));
#18166 = VECTOR('',#18167,1.);
#18167 = DIRECTION('',(0.,1.));
#18168 = ( GEOMETRIC_REPRESENTATION_CONTEXT(2) 
PARAMETRIC_REPRESENTATION_CONTEXT() REPRESENTATION_CONTEXT('2D SPACE',''
  ) );
#18169 = PCURVE('',#18138,#18170);
#18170 = DEFINITIONAL_REPRESENTATION('',(#18171),#18175);
#18171 = LINE('',#18172,#18173);
#18172 = CARTESIAN_POINT('',(0.,-0.));
#18173 = VECTOR('',#18174,1.);
#18174 = DIRECTION('',(0.,1.));
#18175 = ( GEOMETRIC_REPRESENTATION_CONTEXT(2) 
PARAMETRIC_REPRESENTATION_CONTEXT() REPRESENTATION_CONTEXT('2D SPACE',''
  ) );
#18176 = ORIENTED_EDGE('',*,*,#18177,.T.);
#18177 = EDGE_CURVE('',#18155,#18155,#18178,.T.);
#18178 = SURFACE_CURVE('',#18179,(#18184,#18191),.PCURVE_S1.);
#18179 = CIRCLE('',#18180,2.1);
#18180 = AXIS2_PLACEMENT_3D('',#18181,#18182,#18183);
#18181 = CARTESIAN_POINT('',(173.,63.1,164.5));
#18182 = DIRECTION('',(0.,1.,0.));
#18183 = DIRECTION('',(1.,0.,-0.));
#18184 = PCURVE('',#18138,#18185);
#18185 = DEFINITIONAL_REPRESENTATION('',(#18186),#18190);
#18186 = LINE('',#18187,#18188);
#18187 = CARTESIAN_POINT('',(0.,0.));
#18188 = VECTOR('',#18189,1.);
#18189 = DIRECTION('',(1.,0.));
#18190 = ( GEOMETRIC_REPRESENTATION_CONTEXT(2) 
PARAMETRIC_REPRESENTATION_CONTEXT() REPRESENTATION_CONTEXT('2D SPACE',''
  ) );
#18191 = PCURVE('',#18192,#18197);
#18192 = PLANE('',#18193);
#18193 = AXIS2_PLACEMENT_3D('',#18194,#18195,#18196);
#18194 = CARTESIAN_POINT('',(173.,63.1,164.5));
#18195 = DIRECTION('',(0.,1.,0.));
#18196 = DIRECTION('',(1.,0.,-0.));
#18197 = DEFINITIONAL_REPRESENTATION('',(#18198),#18202);
#18198 = CIRCLE('',#18199,2.1);
#18199 = AXIS2_PLACEMENT_2D('',#18200,#18201);
#18200 = CARTESIAN_POINT('',(0.,0.));
#18201 = DIRECTION('',(1.,0.));
#18202 = ( GEOMETRIC_REPRESENTATION_CONTEXT(2) 
PARAMETRIC_REPRESENTATION_CONTEXT() REPRESENTATION_CONTEXT('2D SPACE',''
  ) );
#18203 = ORIENTED_EDGE('',*,*,#18154,.T.);
#18204 = ADVANCED_FACE('',(#18205),#18192,.T.);
#18205 = FACE_BOUND('',#18206,.F.);
#18206 = EDGE_LOOP('',(#18207));
#18207 = ORIENTED_EDGE('',*,*,#18177,.F.);
#18208 = ADVANCED_FACE('',(#18209),#18080,.F.);
#18209 = FACE_BOUND('',#18210,.F.);
#18210 = EDGE_LOOP('',(#18211,#18212,#18235,#18262));
#18211 = ORIENTED_EDGE('',*,*,#18059,.F.);
#18212 = ORIENTED_EDGE('',*,*,#18213,.F.);
#18213 = EDGE_CURVE('',#18214,#18060,#18216,.T.);
#18214 = VERTEX_POINT('',#18215);
#18215 = CARTESIAN_POINT('',(9.1,63.1,164.5));
#18216 = SEAM_CURVE('',#18217,(#18221,#18228),.PCURVE_S1.);
#18217 = LINE('',#18218,#18219);
#18218 = CARTESIAN_POINT('',(9.1,63.1,164.5));
#18219 = VECTOR('',#18220,1.);
#18220 = DIRECTION('',(0.,1.,0.));
#18221 = PCURVE('',#18080,#18222);
#18222 = DEFINITIONAL_REPRESENTATION('',(#18223),#18227);
#18223 = LINE('',#18224,#18225);
#18224 = CARTESIAN_POINT('',(6.28318530718,-0.));
#18225 = VECTOR('',#18226,1.);
#18226 = DIRECTION('',(0.,1.));
#18227 = ( GEOMETRIC_REPRESENTATION_CONTEXT(2) 
PARAMETRIC_REPRESENTATION_CONTEXT() REPRESENTATION_CONTEXT('2D SPACE',''
  ) );
#18228 = PCURVE('',#18080,#18229);
#18229 = DEFINITIONAL_REPRESENTATION('',(#18230),#18234);
#18230 = LINE('',#18231,#18232);
#18231 = CARTESIAN_POINT('',(0.,-0.));
#18232 = VECTOR('',#18233,1.);
#18233 = DIRECTION('',(0.,1.));
#18234 = ( GEOMETRIC_REPRESENTATION_CONTEXT(2) 
PARAMETRIC_REPRESENTATION_CONTEXT() REPRESENTATION_CONTEXT('2D SPACE',''
  ) );
#18235 = ORIENTED_EDGE('',*,*,#18236,.T.);
#18236 = EDGE_CURVE('',#18214,#18214,#18237,.T.);
#18237 = SURFACE_CURVE('',#18238,(#18243,#18250),.PCURVE_S1.);
#18238 = CIRCLE('',#18239,2.1);
#18239 = AXIS2_PLACEMENT_3D('',#18240,#18241,#18242);
#18240 = CARTESIAN_POINT('',(7.,63.1,164.5));
#18241 = DIRECTION('',(0.,1.,0.));
#18242 = DIRECTION('',(1.,0.,-0.));
#18243 = PCURVE('',#18080,#18244);
#18244 = DEFINITIONAL_REPRESENTATION('',(#18245),#18249);
#18245 = LINE('',#18246,#18247);
#18246 = CARTESIAN_POINT('',(0.,0.));
#18247 = VECTOR('',#18248,1.);
#18248 = DIRECTION('',(1.,0.));
#18249 = ( GEOMETRIC_REPRESENTATION_CONTEXT(2) 
PARAMETRIC_REPRESENTATION_CONTEXT() REPRESENTATION_CONTEXT('2D SPACE',''
  ) );
#18250 = PCURVE('',#18251,#18256);
#18251 = PLANE('',#18252);
#18252 = AXIS2_PLACEMENT_3D('',#18253,#18254,#18255);
#18253 = CARTESIAN_POINT('',(7.,63.1,164.5));
#18254 = DIRECTION('',(0.,1.,0.));
#18255 = DIRECTION('',(1.,0.,-0.));
#18256 = DEFINITIONAL_REPRESENTATION('',(#18257),#18261);
#18257 = CIRCLE('',#18258,2.1);
#18258 = AXIS2_PLACEMENT_2D('',#18259,#18260);
#18259 = CARTESIAN_POINT('',(0.,0.));
#18260 = DIRECTION('',(1.,0.));
#18261 = ( GEOMETRIC_REPRESENTATION_CONTEXT(2) 
PARAMETRIC_REPRESENTATION_CONTEXT() REPRESENTATION_CONTEXT('2D SPACE',''
  ) );
#18262 = ORIENTED_EDGE('',*,*,#18213,.T.);
#18263 = ADVANCED_FACE('',(#18264),#18251,.T.);
#18264 = FACE_BOUND('',#18265,.F.);
#18265 = EDGE_LOOP('',(#18266));
#18266 = ORIENTED_EDGE('',*,*,#18236,.F.);
#18267 = ADVANCED_FACE('',(#18268),#18045,.F.);
#18268 = FACE_BOUND('',#18269,.F.);
#18269 = EDGE_LOOP('',(#18270,#18271,#18294,#18321));
#18270 = ORIENTED_EDGE('',*,*,#18024,.F.);
#18271 = ORIENTED_EDGE('',*,*,#18272,.F.);
#18272 = EDGE_CURVE('',#18273,#18025,#18275,.T.);
#18273 = VERTEX_POINT('',#18274);
#18274 = CARTESIAN_POINT('',(175.1,63.1,7.));
#18275 = SEAM_CURVE('',#18276,(#18280,#18287),.PCURVE_S1.);
#18276 = LINE('',#18277,#18278);
#18277 = CARTESIAN_POINT('',(175.1,63.1,7.));
#18278 = VECTOR('',#18279,1.);
#18279 = DIRECTION('',(0.,1.,0.));
#18280 = PCURVE('',#18045,#18281);
#18281 = DEFINITIONAL_REPRESENTATION('',(#18282),#18286);
#18282 = LINE('',#18283,#18284);
#18283 = CARTESIAN_POINT('',(6.28318530718,-0.));
#18284 = VECTOR('',#18285,1.);
#18285 = DIRECTION('',(0.,1.));
#18286 = ( GEOMETRIC_REPRESENTATION_CONTEXT(2) 
PARAMETRIC_REPRESENTATION_CONTEXT() REPRESENTATION_CONTEXT('2D SPACE',''
  ) );
#18287 = PCURVE('',#18045,#18288);
#18288 = DEFINITIONAL_REPRESENTATION('',(#18289),#18293);
#18289 = LINE('',#18290,#18291);
#18290 = CARTESIAN_POINT('',(0.,-0.));
#18291 = VECTOR('',#18292,1.);
#18292 = DIRECTION('',(0.,1.));
#18293 = ( GEOMETRIC_REPRESENTATION_CONTEXT(2) 
PARAMETRIC_REPRESENTATION_CONTEXT() REPRESENTATION_CONTEXT('2D SPACE',''
  ) );
#18294 = ORIENTED_EDGE('',*,*,#18295,.T.);
#18295 = EDGE_CURVE('',#18273,#18273,#18296,.T.);
#18296 = SURFACE_CURVE('',#18297,(#18302,#18309),.PCURVE_S1.);
#18297 = CIRCLE('',#18298,2.1);
#18298 = AXIS2_PLACEMENT_3D('',#18299,#18300,#18301);
#18299 = CARTESIAN_POINT('',(173.,63.1,7.));
#18300 = DIRECTION('',(0.,1.,0.));
#18301 = DIRECTION('',(1.,0.,-0.));
#18302 = PCURVE('',#18045,#18303);
#18303 = DEFINITIONAL_REPRESENTATION('',(#18304),#18308);
#18304 = LINE('',#18305,#18306);
#18305 = CARTESIAN_POINT('',(0.,0.));
#18306 = VECTOR('',#18307,1.);
#18307 = DIRECTION('',(1.,0.));
#18308 = ( GEOMETRIC_REPRESENTATION_CONTEXT(2) 
PARAMETRIC_REPRESENTATION_CONTEXT() REPRESENTATION_CONTEXT('2D SPACE',''
  ) );
#18309 = PCURVE('',#18310,#18315);
#18310 = PLANE('',#18311);
#18311 = AXIS2_PLACEMENT_3D('',#18312,#18313,#18314);
#18312 = CARTESIAN_POINT('',(173.,63.1,7.));
#18313 = DIRECTION('',(0.,1.,0.));
#18314 = DIRECTION('',(1.,0.,-0.));
#18315 = DEFINITIONAL_REPRESENTATION('',(#18316),#18320);
#18316 = CIRCLE('',#18317,2.1);
#18317 = AXIS2_PLACEMENT_2D('',#18318,#18319);
#18318 = CARTESIAN_POINT('',(0.,0.));
#18319 = DIRECTION('',(1.,0.));
#18320 = ( GEOMETRIC_REPRESENTATION_CONTEXT(2) 
PARAMETRIC_REPRESENTATION_CONTEXT() REPRESENTATION_CONTEXT('2D SPACE',''
  ) );
#18321 = ORIENTED_EDGE('',*,*,#18272,.T.);
#18322 = ADVANCED_FACE('',(#18323),#18310,.T.);
#18323 = FACE_BOUND('',#18324,.F.);
#18324 = EDGE_LOOP('',(#18325));
#18325 = ORIENTED_EDGE('',*,*,#18295,.F.);
#18326 = ADVANCED_FACE('',(#18327),#18010,.F.);
#18327 = FACE_BOUND('',#18328,.F.);
#18328 = EDGE_LOOP('',(#18329,#18330,#18353,#18380));
#18329 = ORIENTED_EDGE('',*,*,#17989,.F.);
#18330 = ORIENTED_EDGE('',*,*,#18331,.F.);
#18331 = EDGE_CURVE('',#18332,#17990,#18334,.T.);
#18332 = VERTEX_POINT('',#18333);
#18333 = CARTESIAN_POINT('',(68.8,63.1,7.));
#18334 = SEAM_CURVE('',#18335,(#18339,#18346),.PCURVE_S1.);
#18335 = LINE('',#18336,#18337);
#18336 = CARTESIAN_POINT('',(68.8,63.1,7.));
#18337 = VECTOR('',#18338,1.);
#18338 = DIRECTION('',(0.,1.,0.));
#18339 = PCURVE('',#18010,#18340);
#18340 = DEFINITIONAL_REPRESENTATION('',(#18341),#18345);
#18341 = LINE('',#18342,#18343);
#18342 = CARTESIAN_POINT('',(6.28318530718,-0.));
#18343 = VECTOR('',#18344,1.);
#18344 = DIRECTION('',(0.,1.));
#18345 = ( GEOMETRIC_REPRESENTATION_CONTEXT(2) 
PARAMETRIC_REPRESENTATION_CONTEXT() REPRESENTATION_CONTEXT('2D SPACE',''
  ) );
#18346 = PCURVE('',#18010,#18347);
#18347 = DEFINITIONAL_REPRESENTATION('',(#18348),#18352);
#18348 = LINE('',#18349,#18350);
#18349 = CARTESIAN_POINT('',(0.,-0.));
#18350 = VECTOR('',#18351,1.);
#18351 = DIRECTION('',(0.,1.));
#18352 = ( GEOMETRIC_REPRESENTATION_CONTEXT(2) 
PARAMETRIC_REPRESENTATION_CONTEXT() REPRESENTATION_CONTEXT('2D SPACE',''
  ) );
#18353 = ORIENTED_EDGE('',*,*,#18354,.T.);
#18354 = EDGE_CURVE('',#18332,#18332,#18355,.T.);
#18355 = SURFACE_CURVE('',#18356,(#18361,#18368),.PCURVE_S1.);
#18356 = CIRCLE('',#18357,2.1);
#18357 = AXIS2_PLACEMENT_3D('',#18358,#18359,#18360);
#18358 = CARTESIAN_POINT('',(66.7,63.1,7.));
#18359 = DIRECTION('',(0.,1.,0.));
#18360 = DIRECTION('',(1.,0.,-0.));
#18361 = PCURVE('',#18010,#18362);
#18362 = DEFINITIONAL_REPRESENTATION('',(#18363),#18367);
#18363 = LINE('',#18364,#18365);
#18364 = CARTESIAN_POINT('',(0.,0.));
#18365 = VECTOR('',#18366,1.);
#18366 = DIRECTION('',(1.,0.));
#18367 = ( GEOMETRIC_REPRESENTATION_CONTEXT(2) 
PARAMETRIC_REPRESENTATION_CONTEXT() REPRESENTATION_CONTEXT('2D SPACE',''
  ) );
#18368 = PCURVE('',#18369,#18374);
#18369 = PLANE('',#18370);
#18370 = AXIS2_PLACEMENT_3D('',#18371,#18372,#18373);
#18371 = CARTESIAN_POINT('',(66.7,63.1,7.));
#18372 = DIRECTION('',(0.,1.,0.));
#18373 = DIRECTION('',(1.,0.,-0.));
#18374 = DEFINITIONAL_REPRESENTATION('',(#18375),#18379);
#18375 = CIRCLE('',#18376,2.1);
#18376 = AXIS2_PLACEMENT_2D('',#18377,#18378);
#18377 = CARTESIAN_POINT('',(0.,0.));
#18378 = DIRECTION('',(1.,0.));
#18379 = ( GEOMETRIC_REPRESENTATION_CONTEXT(2) 
PARAMETRIC_REPRESENTATION_CONTEXT() REPRESENTATION_CONTEXT('2D SPACE',''
  ) );
#18380 = ORIENTED_EDGE('',*,*,#18331,.T.);
#18381 = ADVANCED_FACE('',(#18382),#18369,.T.);
#18382 = FACE_BOUND('',#18383,.F.);
#18383 = EDGE_LOOP('',(#18384));
#18384 = ORIENTED_EDGE('',*,*,#18354,.F.);
#18385 = ADVANCED_FACE('',(#18386),#687,.T.);
#18386 = FACE_BOUND('',#18387,.T.);
#18387 = EDGE_LOOP('',(#18388,#18409,#18410,#18411));
#18388 = ORIENTED_EDGE('',*,*,#18389,.F.);
#18389 = EDGE_CURVE('',#591,#1262,#18390,.T.);
#18390 = SURFACE_CURVE('',#18391,(#18395,#18402),.PCURVE_S1.);
#18391 = LINE('',#18392,#18393);
#18392 = CARTESIAN_POINT('',(-1.,61.3,75.8));
#18393 = VECTOR('',#18394,1.);
#18394 = DIRECTION('',(1.,0.,-0.));
#18395 = PCURVE('',#687,#18396);
#18396 = DEFINITIONAL_REPRESENTATION('',(#18397),#18401);
#18397 = LINE('',#18398,#18399);
#18398 = CARTESIAN_POINT('',(13.8,0.));
#18399 = VECTOR('',#18400,1.);
#18400 = DIRECTION('',(0.,-1.));
#18401 = ( GEOMETRIC_REPRESENTATION_CONTEXT(2) 
PARAMETRIC_REPRESENTATION_CONTEXT() REPRESENTATION_CONTEXT('2D SPACE',''
  ) );
#18402 = PCURVE('',#607,#18403);
#18403 = DEFINITIONAL_REPRESENTATION('',(#18404),#18408);
#18404 = LINE('',#18405,#18406);
#18405 = CARTESIAN_POINT('',(4.712388980385,0.));
#18406 = VECTOR('',#18407,1.);
#18407 = DIRECTION('',(0.,-1.));
#18408 = ( GEOMETRIC_REPRESENTATION_CONTEXT(2) 
PARAMETRIC_REPRESENTATION_CONTEXT() REPRESENTATION_CONTEXT('2D SPACE',''
  ) );
#18409 = ORIENTED_EDGE('',*,*,#674,.F.);
#18410 = ORIENTED_EDGE('',*,*,#702,.T.);
#18411 = ORIENTED_EDGE('',*,*,#1305,.T.);
#18412 = ADVANCED_FACE('',(#18413),#634,.F.);
#18413 = FACE_BOUND('',#18414,.F.);
#18414 = EDGE_LOOP('',(#18415,#18416,#18417,#18418));
#18415 = ORIENTED_EDGE('',*,*,#619,.F.);
#18416 = ORIENTED_EDGE('',*,*,#754,.T.);
#18417 = ORIENTED_EDGE('',*,*,#1285,.T.);
#18418 = ORIENTED_EDGE('',*,*,#18419,.F.);
#18419 = EDGE_CURVE('',#589,#1260,#18420,.T.);
#18420 = SURFACE_CURVE('',#18421,(#18425,#18432),.PCURVE_S1.);
#18421 = LINE('',#18422,#18423);
#18422 = CARTESIAN_POINT('',(-1.,58.9,75.8));
#18423 = VECTOR('',#18424,1.);
#18424 = DIRECTION('',(1.,0.,-0.));
#18425 = PCURVE('',#634,#18426);
#18426 = DEFINITIONAL_REPRESENTATION('',(#18427),#18431);
#18427 = LINE('',#18428,#18429);
#18428 = CARTESIAN_POINT('',(27.6,0.));
#18429 = VECTOR('',#18430,1.);
#18430 = DIRECTION('',(0.,-1.));
#18431 = ( GEOMETRIC_REPRESENTATION_CONTEXT(2) 
PARAMETRIC_REPRESENTATION_CONTEXT() REPRESENTATION_CONTEXT('2D SPACE',''
  ) );
#18432 = PCURVE('',#607,#18433);
#18433 = DEFINITIONAL_REPRESENTATION('',(#18434),#18438);
#18434 = LINE('',#18435,#18436);
#18435 = CARTESIAN_POINT('',(1.570796326795,0.));
#18436 = VECTOR('',#18437,1.);
#18437 = DIRECTION('',(0.,-1.));
#18438 = ( GEOMETRIC_REPRESENTATION_CONTEXT(2) 
PARAMETRIC_REPRESENTATION_CONTEXT() REPRESENTATION_CONTEXT('2D SPACE',''
  ) );
#18439 = ADVANCED_FACE('',(#18440),#607,.F.);
#18440 = FACE_BOUND('',#18441,.F.);
#18441 = EDGE_LOOP('',(#18442,#18443,#18444,#18445));
#18442 = ORIENTED_EDGE('',*,*,#588,.F.);
#18443 = ORIENTED_EDGE('',*,*,#18419,.T.);
#18444 = ORIENTED_EDGE('',*,*,#1259,.T.);
#18445 = ORIENTED_EDGE('',*,*,#18389,.F.);
#18446 = ADVANCED_FACE('',(#18447),#550,.F.);
#18447 = FACE_BOUND('',#18448,.F.);
#18448 = EDGE_LOOP('',(#18449,#18450,#18471,#18472));
#18449 = ORIENTED_EDGE('',*,*,#533,.F.);
#18450 = ORIENTED_EDGE('',*,*,#18451,.T.);
#18451 = EDGE_CURVE('',#534,#1215,#18452,.T.);
#18452 = SURFACE_CURVE('',#18453,(#18457,#18464),.PCURVE_S1.);
#18453 = LINE('',#18454,#18455);
#18454 = CARTESIAN_POINT('',(-1.,56.3,48.2));
#18455 = VECTOR('',#18456,1.);
#18456 = DIRECTION('',(1.,0.,-0.));
#18457 = PCURVE('',#550,#18458);
#18458 = DEFINITIONAL_REPRESENTATION('',(#18459),#18463);
#18459 = LINE('',#18460,#18461);
#18460 = CARTESIAN_POINT('',(1.570796326795,0.));
#18461 = VECTOR('',#18462,1.);
#18462 = DIRECTION('',(0.,-1.));
#18463 = ( GEOMETRIC_REPRESENTATION_CONTEXT(2) 
PARAMETRIC_REPRESENTATION_CONTEXT() REPRESENTATION_CONTEXT('2D SPACE',''
  ) );
#18464 = PCURVE('',#575,#18465);
#18465 = DEFINITIONAL_REPRESENTATION('',(#18466),#18470);
#18466 = LINE('',#18467,#18468);
#18467 = CARTESIAN_POINT('',(-13.8,0.));
#18468 = VECTOR('',#18469,1.);
#18469 = DIRECTION('',(0.,-1.));
#18470 = ( GEOMETRIC_REPRESENTATION_CONTEXT(2) 
PARAMETRIC_REPRESENTATION_CONTEXT() REPRESENTATION_CONTEXT('2D SPACE',''
  ) );
#18471 = ORIENTED_EDGE('',*,*,#1214,.T.);
#18472 = ORIENTED_EDGE('',*,*,#18473,.F.);
#18473 = EDGE_CURVE('',#508,#1194,#18474,.T.);
#18474 = SURFACE_CURVE('',#18475,(#18479,#18486),.PCURVE_S1.);
#18475 = LINE('',#18476,#18477);
#18476 = CARTESIAN_POINT('',(-1.,53.9,48.2));
#18477 = VECTOR('',#18478,1.);
#18478 = DIRECTION('',(1.,0.,-0.));
#18479 = PCURVE('',#550,#18480);
#18480 = DEFINITIONAL_REPRESENTATION('',(#18481),#18485);
#18481 = LINE('',#18482,#18483);
#18482 = CARTESIAN_POINT('',(4.712388980385,0.));
#18483 = VECTOR('',#18484,1.);
#18484 = DIRECTION('',(0.,-1.));
#18485 = ( GEOMETRIC_REPRESENTATION_CONTEXT(2) 
PARAMETRIC_REPRESENTATION_CONTEXT() REPRESENTATION_CONTEXT('2D SPACE',''
  ) );
#18486 = PCURVE('',#522,#18487);
#18487 = DEFINITIONAL_REPRESENTATION('',(#18488),#18492);
#18488 = LINE('',#18489,#18490);
#18489 = CARTESIAN_POINT('',(0.,0.));
#18490 = VECTOR('',#18491,1.);
#18491 = DIRECTION('',(0.,-1.));
#18492 = ( GEOMETRIC_REPRESENTATION_CONTEXT(2) 
PARAMETRIC_REPRESENTATION_CONTEXT() REPRESENTATION_CONTEXT('2D SPACE',''
  ) );
#18493 = ADVANCED_FACE('',(#18494),#575,.T.);
#18494 = FACE_BOUND('',#18495,.T.);
#18495 = EDGE_LOOP('',(#18496,#18517,#18518,#18519));
#18496 = ORIENTED_EDGE('',*,*,#18497,.F.);
#18497 = EDGE_CURVE('',#479,#1170,#18498,.T.);
#18498 = SURFACE_CURVE('',#18499,(#18503,#18510),.PCURVE_S1.);
#18499 = LINE('',#18500,#18501);
#18500 = CARTESIAN_POINT('',(-1.,56.3,75.8));
#18501 = VECTOR('',#18502,1.);
#18502 = DIRECTION('',(1.,0.,-0.));
#18503 = PCURVE('',#575,#18504);
#18504 = DEFINITIONAL_REPRESENTATION('',(#18505),#18509);
#18505 = LINE('',#18506,#18507);
#18506 = CARTESIAN_POINT('',(13.8,0.));
#18507 = VECTOR('',#18508,1.);
#18508 = DIRECTION('',(0.,-1.));
#18509 = ( GEOMETRIC_REPRESENTATION_CONTEXT(2) 
PARAMETRIC_REPRESENTATION_CONTEXT() REPRESENTATION_CONTEXT('2D SPACE',''
  ) );
#18510 = PCURVE('',#495,#18511);
#18511 = DEFINITIONAL_REPRESENTATION('',(#18512),#18516);
#18512 = LINE('',#18513,#18514);
#18513 = CARTESIAN_POINT('',(4.712388980385,0.));
#18514 = VECTOR('',#18515,1.);
#18515 = DIRECTION('',(0.,-1.));
#18516 = ( GEOMETRIC_REPRESENTATION_CONTEXT(2) 
PARAMETRIC_REPRESENTATION_CONTEXT() REPRESENTATION_CONTEXT('2D SPACE',''
  ) );
#18517 = ORIENTED_EDGE('',*,*,#562,.F.);
#18518 = ORIENTED_EDGE('',*,*,#18451,.T.);
#18519 = ORIENTED_EDGE('',*,*,#1238,.T.);
#18520 = ADVANCED_FACE('',(#18521),#522,.F.);
#18521 = FACE_BOUND('',#18522,.F.);
#18522 = EDGE_LOOP('',(#18523,#18524,#18525,#18526));
#18523 = ORIENTED_EDGE('',*,*,#507,.F.);
#18524 = ORIENTED_EDGE('',*,*,#18473,.T.);
#18525 = ORIENTED_EDGE('',*,*,#1193,.T.);
#18526 = ORIENTED_EDGE('',*,*,#18527,.F.);
#18527 = EDGE_CURVE('',#477,#1168,#18528,.T.);
#18528 = SURFACE_CURVE('',#18529,(#18533,#18540),.PCURVE_S1.);
#18529 = LINE('',#18530,#18531);
#18530 = CARTESIAN_POINT('',(-1.,53.9,75.8));
#18531 = VECTOR('',#18532,1.);
#18532 = DIRECTION('',(1.,0.,-0.));
#18533 = PCURVE('',#522,#18534);
#18534 = DEFINITIONAL_REPRESENTATION('',(#18535),#18539);
#18535 = LINE('',#18536,#18537);
#18536 = CARTESIAN_POINT('',(27.6,0.));
#18537 = VECTOR('',#18538,1.);
#18538 = DIRECTION('',(0.,-1.));
#18539 = ( GEOMETRIC_REPRESENTATION_CONTEXT(2) 
PARAMETRIC_REPRESENTATION_CONTEXT() REPRESENTATION_CONTEXT('2D SPACE',''
  ) );
#18540 = PCURVE('',#495,#18541);
#18541 = DEFINITIONAL_REPRESENTATION('',(#18542),#18546);
#18542 = LINE('',#18543,#18544);
#18543 = CARTESIAN_POINT('',(1.570796326795,0.));
#18544 = VECTOR('',#18545,1.);
#18545 = DIRECTION('',(0.,-1.));
#18546 = ( GEOMETRIC_REPRESENTATION_CONTEXT(2) 
PARAMETRIC_REPRESENTATION_CONTEXT() REPRESENTATION_CONTEXT('2D SPACE',''
  ) );
#18547 = ADVANCED_FACE('',(#18548),#495,.F.);
#18548 = FACE_BOUND('',#18549,.F.);
#18549 = EDGE_LOOP('',(#18550,#18551,#18552,#18553));
#18550 = ORIENTED_EDGE('',*,*,#476,.F.);
#18551 = ORIENTED_EDGE('',*,*,#18527,.T.);
#18552 = ORIENTED_EDGE('',*,*,#1167,.T.);
#18553 = ORIENTED_EDGE('',*,*,#18497,.F.);
#18554 = ADVANCED_FACE('',(#18555),#438,.F.);
#18555 = FACE_BOUND('',#18556,.F.);
#18556 = EDGE_LOOP('',(#18557,#18558,#18579,#18580));
#18557 = ORIENTED_EDGE('',*,*,#421,.F.);
#18558 = ORIENTED_EDGE('',*,*,#18559,.T.);
#18559 = EDGE_CURVE('',#422,#1123,#18560,.T.);
#18560 = SURFACE_CURVE('',#18561,(#18565,#18572),.PCURVE_S1.);
#18561 = LINE('',#18562,#18563);
#18562 = CARTESIAN_POINT('',(-1.,51.3,48.2));
#18563 = VECTOR('',#18564,1.);
#18564 = DIRECTION('',(1.,0.,-0.));
#18565 = PCURVE('',#438,#18566);
#18566 = DEFINITIONAL_REPRESENTATION('',(#18567),#18571);
#18567 = LINE('',#18568,#18569);
#18568 = CARTESIAN_POINT('',(1.570796326795,0.));
#18569 = VECTOR('',#18570,1.);
#18570 = DIRECTION('',(0.,-1.));
#18571 = ( GEOMETRIC_REPRESENTATION_CONTEXT(2) 
PARAMETRIC_REPRESENTATION_CONTEXT() REPRESENTATION_CONTEXT('2D SPACE',''
  ) );
#18572 = PCURVE('',#463,#18573);
#18573 = DEFINITIONAL_REPRESENTATION('',(#18574),#18578);
#18574 = LINE('',#18575,#18576);
#18575 = CARTESIAN_POINT('',(-13.8,0.));
#18576 = VECTOR('',#18577,1.);
#18577 = DIRECTION('',(0.,-1.));
#18578 = ( GEOMETRIC_REPRESENTATION_CONTEXT(2) 
PARAMETRIC_REPRESENTATION_CONTEXT() REPRESENTATION_CONTEXT('2D SPACE',''
  ) );
#18579 = ORIENTED_EDGE('',*,*,#1122,.T.);
#18580 = ORIENTED_EDGE('',*,*,#18581,.F.);
#18581 = EDGE_CURVE('',#396,#1102,#18582,.T.);
#18582 = SURFACE_CURVE('',#18583,(#18587,#18594),.PCURVE_S1.);
#18583 = LINE('',#18584,#18585);
#18584 = CARTESIAN_POINT('',(-1.,48.9,48.2));
#18585 = VECTOR('',#18586,1.);
#18586 = DIRECTION('',(1.,0.,-0.));
#18587 = PCURVE('',#438,#18588);
#18588 = DEFINITIONAL_REPRESENTATION('',(#18589),#18593);
#18589 = LINE('',#18590,#18591);
#18590 = CARTESIAN_POINT('',(4.712388980385,0.));
#18591 = VECTOR('',#18592,1.);
#18592 = DIRECTION('',(0.,-1.));
#18593 = ( GEOMETRIC_REPRESENTATION_CONTEXT(2) 
PARAMETRIC_REPRESENTATION_CONTEXT() REPRESENTATION_CONTEXT('2D SPACE',''
  ) );
#18594 = PCURVE('',#410,#18595);
#18595 = DEFINITIONAL_REPRESENTATION('',(#18596),#18600);
#18596 = LINE('',#18597,#18598);
#18597 = CARTESIAN_POINT('',(0.,0.));
#18598 = VECTOR('',#18599,1.);
#18599 = DIRECTION('',(0.,-1.));
#18600 = ( GEOMETRIC_REPRESENTATION_CONTEXT(2) 
PARAMETRIC_REPRESENTATION_CONTEXT() REPRESENTATION_CONTEXT('2D SPACE',''
  ) );
#18601 = ADVANCED_FACE('',(#18602),#463,.T.);
#18602 = FACE_BOUND('',#18603,.T.);
#18603 = EDGE_LOOP('',(#18604,#18625,#18626,#18627));
#18604 = ORIENTED_EDGE('',*,*,#18605,.F.);
#18605 = EDGE_CURVE('',#367,#1078,#18606,.T.);
#18606 = SURFACE_CURVE('',#18607,(#18611,#18618),.PCURVE_S1.);
#18607 = LINE('',#18608,#18609);
#18608 = CARTESIAN_POINT('',(-1.,51.3,75.8));
#18609 = VECTOR('',#18610,1.);
#18610 = DIRECTION('',(1.,0.,-0.));
#18611 = PCURVE('',#463,#18612);
#18612 = DEFINITIONAL_REPRESENTATION('',(#18613),#18617);
#18613 = LINE('',#18614,#18615);
#18614 = CARTESIAN_POINT('',(13.8,0.));
#18615 = VECTOR('',#18616,1.);
#18616 = DIRECTION('',(0.,-1.));
#18617 = ( GEOMETRIC_REPRESENTATION_CONTEXT(2) 
PARAMETRIC_REPRESENTATION_CONTEXT() REPRESENTATION_CONTEXT('2D SPACE',''
  ) );
#18618 = PCURVE('',#383,#18619);
#18619 = DEFINITIONAL_REPRESENTATION('',(#18620),#18624);
#18620 = LINE('',#18621,#18622);
#18621 = CARTESIAN_POINT('',(4.712388980385,0.));
#18622 = VECTOR('',#18623,1.);
#18623 = DIRECTION('',(0.,-1.));
#18624 = ( GEOMETRIC_REPRESENTATION_CONTEXT(2) 
PARAMETRIC_REPRESENTATION_CONTEXT() REPRESENTATION_CONTEXT('2D SPACE',''
  ) );
#18625 = ORIENTED_EDGE('',*,*,#450,.F.);
#18626 = ORIENTED_EDGE('',*,*,#18559,.T.);
#18627 = ORIENTED_EDGE('',*,*,#1146,.T.);
#18628 = ADVANCED_FACE('',(#18629),#410,.F.);
#18629 = FACE_BOUND('',#18630,.F.);
#18630 = EDGE_LOOP('',(#18631,#18632,#18633,#18634));
#18631 = ORIENTED_EDGE('',*,*,#395,.F.);
#18632 = ORIENTED_EDGE('',*,*,#18581,.T.);
#18633 = ORIENTED_EDGE('',*,*,#1101,.T.);
#18634 = ORIENTED_EDGE('',*,*,#18635,.F.);
#18635 = EDGE_CURVE('',#365,#1076,#18636,.T.);
#18636 = SURFACE_CURVE('',#18637,(#18641,#18648),.PCURVE_S1.);
#18637 = LINE('',#18638,#18639);
#18638 = CARTESIAN_POINT('',(-1.,48.9,75.8));
#18639 = VECTOR('',#18640,1.);
#18640 = DIRECTION('',(1.,0.,-0.));
#18641 = PCURVE('',#410,#18642);
#18642 = DEFINITIONAL_REPRESENTATION('',(#18643),#18647);
#18643 = LINE('',#18644,#18645);
#18644 = CARTESIAN_POINT('',(27.6,0.));
#18645 = VECTOR('',#18646,1.);
#18646 = DIRECTION('',(0.,-1.));
#18647 = ( GEOMETRIC_REPRESENTATION_CONTEXT(2) 
PARAMETRIC_REPRESENTATION_CONTEXT() REPRESENTATION_CONTEXT('2D SPACE',''
  ) );
#18648 = PCURVE('',#383,#18649);
#18649 = DEFINITIONAL_REPRESENTATION('',(#18650),#18654);
#18650 = LINE('',#18651,#18652);
#18651 = CARTESIAN_POINT('',(1.570796326795,0.));
#18652 = VECTOR('',#18653,1.);
#18653 = DIRECTION('',(0.,-1.));
#18654 = ( GEOMETRIC_REPRESENTATION_CONTEXT(2) 
PARAMETRIC_REPRESENTATION_CONTEXT() REPRESENTATION_CONTEXT('2D SPACE',''
  ) );
#18655 = ADVANCED_FACE('',(#18656),#383,.F.);
#18656 = FACE_BOUND('',#18657,.F.);
#18657 = EDGE_LOOP('',(#18658,#18659,#18660,#18661));
#18658 = ORIENTED_EDGE('',*,*,#364,.F.);
#18659 = ORIENTED_EDGE('',*,*,#18635,.T.);
#18660 = ORIENTED_EDGE('',*,*,#1075,.T.);
#18661 = ORIENTED_EDGE('',*,*,#18605,.F.);
#18662 = ADVANCED_FACE('',(#18663),#326,.F.);
#18663 = FACE_BOUND('',#18664,.F.);
#18664 = EDGE_LOOP('',(#18665,#18666,#18687,#18688));
#18665 = ORIENTED_EDGE('',*,*,#309,.F.);
#18666 = ORIENTED_EDGE('',*,*,#18667,.T.);
#18667 = EDGE_CURVE('',#310,#1031,#18668,.T.);
#18668 = SURFACE_CURVE('',#18669,(#18673,#18680),.PCURVE_S1.);
#18669 = LINE('',#18670,#18671);
#18670 = CARTESIAN_POINT('',(-1.,46.3,48.2));
#18671 = VECTOR('',#18672,1.);
#18672 = DIRECTION('',(1.,0.,-0.));
#18673 = PCURVE('',#326,#18674);
#18674 = DEFINITIONAL_REPRESENTATION('',(#18675),#18679);
#18675 = LINE('',#18676,#18677);
#18676 = CARTESIAN_POINT('',(1.570796326795,0.));
#18677 = VECTOR('',#18678,1.);
#18678 = DIRECTION('',(0.,-1.));
#18679 = ( GEOMETRIC_REPRESENTATION_CONTEXT(2) 
PARAMETRIC_REPRESENTATION_CONTEXT() REPRESENTATION_CONTEXT('2D SPACE',''
  ) );
#18680 = PCURVE('',#351,#18681);
#18681 = DEFINITIONAL_REPRESENTATION('',(#18682),#18686);
#18682 = LINE('',#18683,#18684);
#18683 = CARTESIAN_POINT('',(-13.8,0.));
#18684 = VECTOR('',#18685,1.);
#18685 = DIRECTION('',(0.,-1.));
#18686 = ( GEOMETRIC_REPRESENTATION_CONTEXT(2) 
PARAMETRIC_REPRESENTATION_CONTEXT() REPRESENTATION_CONTEXT('2D SPACE',''
  ) );
#18687 = ORIENTED_EDGE('',*,*,#1030,.T.);
#18688 = ORIENTED_EDGE('',*,*,#18689,.F.);
#18689 = EDGE_CURVE('',#284,#1010,#18690,.T.);
#18690 = SURFACE_CURVE('',#18691,(#18695,#18702),.PCURVE_S1.);
#18691 = LINE('',#18692,#18693);
#18692 = CARTESIAN_POINT('',(-1.,43.9,48.2));
#18693 = VECTOR('',#18694,1.);
#18694 = DIRECTION('',(1.,0.,-0.));
#18695 = PCURVE('',#326,#18696);
#18696 = DEFINITIONAL_REPRESENTATION('',(#18697),#18701);
#18697 = LINE('',#18698,#18699);
#18698 = CARTESIAN_POINT('',(4.712388980385,0.));
#18699 = VECTOR('',#18700,1.);
#18700 = DIRECTION('',(0.,-1.));
#18701 = ( GEOMETRIC_REPRESENTATION_CONTEXT(2) 
PARAMETRIC_REPRESENTATION_CONTEXT() REPRESENTATION_CONTEXT('2D SPACE',''
  ) );
#18702 = PCURVE('',#298,#18703);
#18703 = DEFINITIONAL_REPRESENTATION('',(#18704),#18708);
#18704 = LINE('',#18705,#18706);
#18705 = CARTESIAN_POINT('',(0.,0.));
#18706 = VECTOR('',#18707,1.);
#18707 = DIRECTION('',(0.,-1.));
#18708 = ( GEOMETRIC_REPRESENTATION_CONTEXT(2) 
PARAMETRIC_REPRESENTATION_CONTEXT() REPRESENTATION_CONTEXT('2D SPACE',''
  ) );
#18709 = ADVANCED_FACE('',(#18710),#351,.T.);
#18710 = FACE_BOUND('',#18711,.T.);
#18711 = EDGE_LOOP('',(#18712,#18733,#18734,#18735));
#18712 = ORIENTED_EDGE('',*,*,#18713,.F.);
#18713 = EDGE_CURVE('',#255,#986,#18714,.T.);
#18714 = SURFACE_CURVE('',#18715,(#18719,#18726),.PCURVE_S1.);
#18715 = LINE('',#18716,#18717);
#18716 = CARTESIAN_POINT('',(-1.,46.3,75.8));
#18717 = VECTOR('',#18718,1.);
#18718 = DIRECTION('',(1.,0.,-0.));
#18719 = PCURVE('',#351,#18720);
#18720 = DEFINITIONAL_REPRESENTATION('',(#18721),#18725);
#18721 = LINE('',#18722,#18723);
#18722 = CARTESIAN_POINT('',(13.8,0.));
#18723 = VECTOR('',#18724,1.);
#18724 = DIRECTION('',(0.,-1.));
#18725 = ( GEOMETRIC_REPRESENTATION_CONTEXT(2) 
PARAMETRIC_REPRESENTATION_CONTEXT() REPRESENTATION_CONTEXT('2D SPACE',''
  ) );
#18726 = PCURVE('',#271,#18727);
#18727 = DEFINITIONAL_REPRESENTATION('',(#18728),#18732);
#18728 = LINE('',#18729,#18730);
#18729 = CARTESIAN_POINT('',(4.712388980385,0.));
#18730 = VECTOR('',#18731,1.);
#18731 = DIRECTION('',(0.,-1.));
#18732 = ( GEOMETRIC_REPRESENTATION_CONTEXT(2) 
PARAMETRIC_REPRESENTATION_CONTEXT() REPRESENTATION_CONTEXT('2D SPACE',''
  ) );
#18733 = ORIENTED_EDGE('',*,*,#338,.F.);
#18734 = ORIENTED_EDGE('',*,*,#18667,.T.);
#18735 = ORIENTED_EDGE('',*,*,#1054,.T.);
#18736 = ADVANCED_FACE('',(#18737),#298,.F.);
#18737 = FACE_BOUND('',#18738,.F.);
#18738 = EDGE_LOOP('',(#18739,#18740,#18741,#18742));
#18739 = ORIENTED_EDGE('',*,*,#283,.F.);
#18740 = ORIENTED_EDGE('',*,*,#18689,.T.);
#18741 = ORIENTED_EDGE('',*,*,#1009,.T.);
#18742 = ORIENTED_EDGE('',*,*,#18743,.F.);
#18743 = EDGE_CURVE('',#253,#984,#18744,.T.);
#18744 = SURFACE_CURVE('',#18745,(#18749,#18756),.PCURVE_S1.);
#18745 = LINE('',#18746,#18747);
#18746 = CARTESIAN_POINT('',(-1.,43.9,75.8));
#18747 = VECTOR('',#18748,1.);
#18748 = DIRECTION('',(1.,0.,-0.));
#18749 = PCURVE('',#298,#18750);
#18750 = DEFINITIONAL_REPRESENTATION('',(#18751),#18755);
#18751 = LINE('',#18752,#18753);
#18752 = CARTESIAN_POINT('',(27.6,0.));
#18753 = VECTOR('',#18754,1.);
#18754 = DIRECTION('',(0.,-1.));
#18755 = ( GEOMETRIC_REPRESENTATION_CONTEXT(2) 
PARAMETRIC_REPRESENTATION_CONTEXT() REPRESENTATION_CONTEXT('2D SPACE',''
  ) );
#18756 = PCURVE('',#271,#18757);
#18757 = DEFINITIONAL_REPRESENTATION('',(#18758),#18762);
#18758 = LINE('',#18759,#18760);
#18759 = CARTESIAN_POINT('',(1.570796326795,0.));
#18760 = VECTOR('',#18761,1.);
#18761 = DIRECTION('',(0.,-1.));
#18762 = ( GEOMETRIC_REPRESENTATION_CONTEXT(2) 
PARAMETRIC_REPRESENTATION_CONTEXT() REPRESENTATION_CONTEXT('2D SPACE',''
  ) );
#18763 = ADVANCED_FACE('',(#18764),#271,.F.);
#18764 = FACE_BOUND('',#18765,.F.);
#18765 = EDGE_LOOP('',(#18766,#18767,#18768,#18769));
#18766 = ORIENTED_EDGE('',*,*,#252,.F.);
#18767 = ORIENTED_EDGE('',*,*,#18743,.T.);
#18768 = ORIENTED_EDGE('',*,*,#983,.T.);
#18769 = ORIENTED_EDGE('',*,*,#18713,.F.);
#18770 = ADVANCED_FACE('',(#18771),#186,.F.);
#18771 = FACE_BOUND('',#18772,.F.);
#18772 = EDGE_LOOP('',(#18773,#18774,#18795,#18796));
#18773 = ORIENTED_EDGE('',*,*,#171,.F.);
#18774 = ORIENTED_EDGE('',*,*,#18775,.T.);
#18775 = EDGE_CURVE('',#172,#918,#18776,.T.);
#18776 = SURFACE_CURVE('',#18777,(#18781,#18788),.PCURVE_S1.);
#18777 = LINE('',#18778,#18779);
#18778 = CARTESIAN_POINT('',(-1.,38.9,48.2));
#18779 = VECTOR('',#18780,1.);
#18780 = DIRECTION('',(1.,0.,-0.));
#18781 = PCURVE('',#186,#18782);
#18782 = DEFINITIONAL_REPRESENTATION('',(#18783),#18787);
#18783 = LINE('',#18784,#18785);
#18784 = CARTESIAN_POINT('',(0.,0.));
#18785 = VECTOR('',#18786,1.);
#18786 = DIRECTION('',(0.,-1.));
#18787 = ( GEOMETRIC_REPRESENTATION_CONTEXT(2) 
PARAMETRIC_REPRESENTATION_CONTEXT() REPRESENTATION_CONTEXT('2D SPACE',''
  ) );
#18788 = PCURVE('',#214,#18789);
#18789 = DEFINITIONAL_REPRESENTATION('',(#18790),#18794);
#18790 = LINE('',#18791,#18792);
#18791 = CARTESIAN_POINT('',(4.712388980385,0.));
#18792 = VECTOR('',#18793,1.);
#18793 = DIRECTION('',(0.,-1.));
#18794 = ( GEOMETRIC_REPRESENTATION_CONTEXT(2) 
PARAMETRIC_REPRESENTATION_CONTEXT() REPRESENTATION_CONTEXT('2D SPACE',''
  ) );
#18795 = ORIENTED_EDGE('',*,*,#917,.T.);
#18796 = ORIENTED_EDGE('',*,*,#18797,.F.);
#18797 = EDGE_CURVE('',#141,#892,#18798,.T.);
#18798 = SURFACE_CURVE('',#18799,(#18803,#18810),.PCURVE_S1.);
#18799 = LINE('',#18800,#18801);
#18800 = CARTESIAN_POINT('',(-1.,38.9,75.8));
#18801 = VECTOR('',#18802,1.);
#18802 = DIRECTION('',(1.,0.,-0.));
#18803 = PCURVE('',#186,#18804);
#18804 = DEFINITIONAL_REPRESENTATION('',(#18805),#18809);
#18805 = LINE('',#18806,#18807);
#18806 = CARTESIAN_POINT('',(27.6,0.));
#18807 = VECTOR('',#18808,1.);
#18808 = DIRECTION('',(0.,-1.));
#18809 = ( GEOMETRIC_REPRESENTATION_CONTEXT(2) 
PARAMETRIC_REPRESENTATION_CONTEXT() REPRESENTATION_CONTEXT('2D SPACE',''
  ) );
#18810 = PCURVE('',#159,#18811);
#18811 = DEFINITIONAL_REPRESENTATION('',(#18812),#18816);
#18812 = LINE('',#18813,#18814);
#18813 = CARTESIAN_POINT('',(1.570796326795,0.));
#18814 = VECTOR('',#18815,1.);
#18815 = DIRECTION('',(0.,-1.));
#18816 = ( GEOMETRIC_REPRESENTATION_CONTEXT(2) 
PARAMETRIC_REPRESENTATION_CONTEXT() REPRESENTATION_CONTEXT('2D SPACE',''
  ) );
#18817 = ADVANCED_FACE('',(#18818),#214,.F.);
#18818 = FACE_BOUND('',#18819,.F.);
#18819 = EDGE_LOOP('',(#18820,#18821,#18842,#18843));
#18820 = ORIENTED_EDGE('',*,*,#197,.F.);
#18821 = ORIENTED_EDGE('',*,*,#18822,.T.);
#18822 = EDGE_CURVE('',#198,#939,#18823,.T.);
#18823 = SURFACE_CURVE('',#18824,(#18828,#18835),.PCURVE_S1.);
#18824 = LINE('',#18825,#18826);
#18825 = CARTESIAN_POINT('',(-1.,41.3,48.2));
#18826 = VECTOR('',#18827,1.);
#18827 = DIRECTION('',(1.,0.,-0.));
#18828 = PCURVE('',#214,#18829);
#18829 = DEFINITIONAL_REPRESENTATION('',(#18830),#18834);
#18830 = LINE('',#18831,#18832);
#18831 = CARTESIAN_POINT('',(1.570796326795,0.));
#18832 = VECTOR('',#18833,1.);
#18833 = DIRECTION('',(0.,-1.));
#18834 = ( GEOMETRIC_REPRESENTATION_CONTEXT(2) 
PARAMETRIC_REPRESENTATION_CONTEXT() REPRESENTATION_CONTEXT('2D SPACE',''
  ) );
#18835 = PCURVE('',#239,#18836);
#18836 = DEFINITIONAL_REPRESENTATION('',(#18837),#18841);
#18837 = LINE('',#18838,#18839);
#18838 = CARTESIAN_POINT('',(-13.8,0.));
#18839 = VECTOR('',#18840,1.);
#18840 = DIRECTION('',(0.,-1.));
#18841 = ( GEOMETRIC_REPRESENTATION_CONTEXT(2) 
PARAMETRIC_REPRESENTATION_CONTEXT() REPRESENTATION_CONTEXT('2D SPACE',''
  ) );
#18842 = ORIENTED_EDGE('',*,*,#938,.T.);
#18843 = ORIENTED_EDGE('',*,*,#18775,.F.);
#18844 = ADVANCED_FACE('',(#18845),#239,.T.);
#18845 = FACE_BOUND('',#18846,.T.);
#18846 = EDGE_LOOP('',(#18847,#18868,#18869,#18870));
#18847 = ORIENTED_EDGE('',*,*,#18848,.F.);
#18848 = EDGE_CURVE('',#143,#894,#18849,.T.);
#18849 = SURFACE_CURVE('',#18850,(#18854,#18861),.PCURVE_S1.);
#18850 = LINE('',#18851,#18852);
#18851 = CARTESIAN_POINT('',(-1.,41.3,75.8));
#18852 = VECTOR('',#18853,1.);
#18853 = DIRECTION('',(1.,0.,-0.));
#18854 = PCURVE('',#239,#18855);
#18855 = DEFINITIONAL_REPRESENTATION('',(#18856),#18860);
#18856 = LINE('',#18857,#18858);
#18857 = CARTESIAN_POINT('',(13.8,0.));
#18858 = VECTOR('',#18859,1.);
#18859 = DIRECTION('',(0.,-1.));
#18860 = ( GEOMETRIC_REPRESENTATION_CONTEXT(2) 
PARAMETRIC_REPRESENTATION_CONTEXT() REPRESENTATION_CONTEXT('2D SPACE',''
  ) );
#18861 = PCURVE('',#159,#18862);
#18862 = DEFINITIONAL_REPRESENTATION('',(#18863),#18867);
#18863 = LINE('',#18864,#18865);
#18864 = CARTESIAN_POINT('',(4.712388980385,0.));
#18865 = VECTOR('',#18866,1.);
#18866 = DIRECTION('',(0.,-1.));
#18867 = ( GEOMETRIC_REPRESENTATION_CONTEXT(2) 
PARAMETRIC_REPRESENTATION_CONTEXT() REPRESENTATION_CONTEXT('2D SPACE',''
  ) );
#18868 = ORIENTED_EDGE('',*,*,#226,.F.);
#18869 = ORIENTED_EDGE('',*,*,#18822,.T.);
#18870 = ORIENTED_EDGE('',*,*,#962,.T.);
#18871 = ADVANCED_FACE('',(#18872),#159,.F.);
#18872 = FACE_BOUND('',#18873,.F.);
#18873 = EDGE_LOOP('',(#18874,#18875,#18876,#18877));
#18874 = ORIENTED_EDGE('',*,*,#140,.F.);
#18875 = ORIENTED_EDGE('',*,*,#18797,.T.);
#18876 = ORIENTED_EDGE('',*,*,#891,.T.);
#18877 = ORIENTED_EDGE('',*,*,#18848,.F.);
#18878 = ADVANCED_FACE('',(#18879),#100,.T.);
#18879 = FACE_BOUND('',#18880,.T.);
#18880 = EDGE_LOOP('',(#18881,#18882,#18883,#18884));
#18881 = ORIENTED_EDGE('',*,*,#84,.T.);
#18882 = ORIENTED_EDGE('',*,*,#12416,.T.);
#18883 = ORIENTED_EDGE('',*,*,#7449,.F.);
#18884 = ORIENTED_EDGE('',*,*,#9875,.T.);
#18885 = ADVANCED_FACE('',(#18886),#72,.T.);
#18886 = FACE_BOUND('',#18887,.T.);
#18887 = EDGE_LOOP('',(#18888,#18889,#18890,#18891));
#18888 = ORIENTED_EDGE('',*,*,#12466,.T.);
#18889 = ORIENTED_EDGE('',*,*,#3526,.T.);
#18890 = ORIENTED_EDGE('',*,*,#12396,.F.);
#18891 = ORIENTED_EDGE('',*,*,#56,.F.);
#18892 = ADVANCED_FACE('',(#18893),#126,.T.);
#18893 = FACE_BOUND('',#18894,.F.);
#18894 = EDGE_LOOP('',(#18895,#18896,#18897,#18898));
#18895 = ORIENTED_EDGE('',*,*,#10217,.T.);
#18896 = ORIENTED_EDGE('',*,*,#17959,.T.);
#18897 = ORIENTED_EDGE('',*,*,#9853,.F.);
#18898 = ORIENTED_EDGE('',*,*,#112,.F.);
#18899 = ADVANCED_FACE('',(#18900),#44,.T.);
#18900 = FACE_BOUND('',#18901,.T.);
#18901 = EDGE_LOOP('',(#18902,#18903,#18904,#18905));
#18902 = ORIENTED_EDGE('',*,*,#10268,.T.);
#18903 = ORIENTED_EDGE('',*,*,#12444,.T.);
#18904 = ORIENTED_EDGE('',*,*,#21,.F.);
#18905 = ORIENTED_EDGE('',*,*,#10195,.F.);
#18906 = ( GEOMETRIC_REPRESENTATION_CONTEXT(3) 
GLOBAL_UNCERTAINTY_ASSIGNED_CONTEXT((#18910)) 
GLOBAL_UNIT_ASSIGNED_CONTEXT((#18907,#18908,#18909)) 
REPRESENTATION_CONTEXT('Context #1',
  '3D Context with UNIT and UNCERTAINTY') );
#18907 = ( LENGTH_UNIT() NAMED_UNIT(*) SI_UNIT(.MILLI.,.METRE.) );
#18908 = ( NAMED_UNIT(*) PLANE_ANGLE_UNIT() SI_UNIT($,.RADIAN.) );
#18909 = ( NAMED_UNIT(*) SI_UNIT($,.STERADIAN.) SOLID_ANGLE_UNIT() );
#18910 = UNCERTAINTY_MEASURE_WITH_UNIT(LENGTH_MEASURE(2.E-07),#18907,
  'distance_accuracy_value','confusion accuracy');
#18911 = PRODUCT_RELATED_PRODUCT_CATEGORY('part',$,(#7));
ENDSEC;
END-ISO-10303-21;
