ISO-10303-21;
HEADER;
FILE_DESCRIPTION(('Open CASCADE Model'),'2;1');
FILE_NAME('Open CASCADE Shape Model','2026-10-07T00:00:00',('Author'),(
    'Open CASCADE'),'Open CASCADE STEP processor 8.0','build123d',
  'Unknown');
FILE_SCHEMA(('AUTOMOTIVE_DESIGN { 1 0 10303 214 1 1 1 1 }'));
ENDSEC;
DATA;
#1 = APPLICATION_PROTOCOL_DEFINITION('international standard',
  'automotive_design',2000,#2);
#2 = APPLICATION_CONTEXT(
  'core data for automotive mechanical design processes');
#3 = SHAPE_DEFINITION_REPRESENTATION(#4,#10);
#4 = PRODUCT_DEFINITION_SHAPE('','',#5);
#5 = PRODUCT_DEFINITION('design','',#6,#9);
#6 = PRODUCT_DEFINITION_FORMATION('','',#7);
#7 = PRODUCT('COMPOUND','COMPOUND','',(#8));
#8 = PRODUCT_CONTEXT('',#2,'mechanical');
#9 = PRODUCT_DEFINITION_CONTEXT('part definition',#2,'design');
#10 = ADVANCED_BREP_SHAPE_REPRESENTATION('',(#11,#15),#19495);
#11 = AXIS2_PLACEMENT_3D('',#12,#13,#14);
#12 = CARTESIAN_POINT('',(0.,0.,0.));
#13 = DIRECTION('',(0.,0.,1.));
#14 = DIRECTION('',(1.,0.,-0.));
#15 = MANIFOLD_SOLID_BREP('',#16);
#16 = CLOSED_SHELL('',(#17,#137,#223,#309,#385,#461,#547,#628,#675,#753,
    #831,#909,#987,#1065,#1143,#1221,#1299,#1377,#1455,#1533,#1611,#1689
    ,#1767,#1845,#1923,#2001,#2079,#2157,#2235,#2313,#2391,#2469,#2547,
    #2625,#2703,#2781,#2859,#2937,#3015,#3093,#3171,#3249,#3327,#3405,
    #3483,#3561,#3639,#3717,#3795,#3873,#3951,#4029,#4107,#4185,#4263,
    #4341,#4419,#4497,#4575,#4653,#4731,#4809,#4887,#4965,#5043,#5121,
    #5199,#5277,#5355,#5433,#5511,#5589,#5667,#5745,#5823,#5901,#5979,
    #6057,#6135,#6213,#6291,#6369,#6447,#6525,#6603,#6681,#6759,#6837,
    #6915,#6993,#7071,#7149,#7227,#7305,#7383,#7461,#7539,#7617,#7695,
    #7773,#7851,#7929,#8007,#8085,#8163,#8241,#8319,#8397,#8475,#8553,
    #8631,#8709,#8787,#8865,#8943,#9021,#9099,#9177,#9255,#9333,#9411,
    #9489,#9567,#9645,#9723,#9801,#9879,#9957,#10035,#10113,#10191,
    #10269,#10347,#10425,#10503,#10581,#10659,#10737,#10815,#10893,
    #10971,#11049,#11127,#11205,#11283,#11361,#11439,#11517,#11595,
    #11673,#11751,#11829,#11907,#11985,#12063,#12141,#12219,#12297,
    #12375,#12453,#12531,#12609,#12687,#12765,#12843,#12921,#12999,
    #13077,#13155,#13233,#13311,#13389,#13467,#13545,#13623,#13701,
    #13779,#13857,#13935,#14013,#14091,#14169,#14247,#14325,#14445,
    #14521,#14597,#14683,#14769,#14845,#14916,#14973,#15051,#15129,
    #15207,#15285,#15363,#15441,#15519,#15629,#15715,#15801,#15877,
    #15953,#16031,#16117,#16193,#16264,#16321,#16399,#16477,#16555,
    #16633,#16711,#16789,#16867,#16945,#17023,#17101,#17179,#17257,
    #17335,#17413,#17491,#17569,#17647,#17725,#17803,#17881,#17959,
    #18037,#18115,#18193,#18844));
#17 = ADVANCED_FACE('',(#18),#32,.T.);
#18 = FACE_BOUND('',#19,.T.);
#19 = EDGE_LOOP('',(#20,#55,#83,#111));
#20 = ORIENTED_EDGE('',*,*,#21,.T.);
#21 = EDGE_CURVE('',#22,#24,#26,.T.);
#22 = VERTEX_POINT('',#23);
#23 = CARTESIAN_POINT('',(180.,68.7,12.));
#24 = VERTEX_POINT('',#25);
#25 = CARTESIAN_POINT('',(180.,71.7,12.));
#26 = SURFACE_CURVE('',#27,(#31,#43),.PCURVE_S1.);
#27 = LINE('',#28,#29);
#28 = CARTESIAN_POINT('',(180.,68.7,12.));
#29 = VECTOR('',#30,1.);
#30 = DIRECTION('',(0.,1.,-0.));
#31 = PCURVE('',#32,#37);
#32 = PLANE('',#33);
#33 = AXIS2_PLACEMENT_3D('',#34,#35,#36);
#34 = CARTESIAN_POINT('',(180.,68.7,12.));
#35 = DIRECTION('',(1.,-0.,0.));
#36 = DIRECTION('',(0.,0.,1.));
#37 = DEFINITIONAL_REPRESENTATION('',(#38),#42);
#38 = LINE('',#39,#40);
#39 = CARTESIAN_POINT('',(0.,0.));
#40 = VECTOR('',#41,1.);
#41 = DIRECTION('',(0.,-1.));
#42 = ( GEOMETRIC_REPRESENTATION_CONTEXT(2) 
PARAMETRIC_REPRESENTATION_CONTEXT() REPRESENTATION_CONTEXT('2D SPACE',''
  ) );
#43 = PCURVE('',#44,#49);
#44 = CYLINDRICAL_SURFACE('',#45,12.);
#45 = AXIS2_PLACEMENT_3D('',#46,#47,#48);
#46 = CARTESIAN_POINT('',(168.,68.7,12.));
#47 = DIRECTION('',(0.,-1.,0.));
#48 = DIRECTION('',(1.,0.,0.));
#49 = DEFINITIONAL_REPRESENTATION('',(#50),#54);
#50 = LINE('',#51,#52);
#51 = CARTESIAN_POINT('',(6.28318530718,0.));
#52 = VECTOR('',#53,1.);
#53 = DIRECTION('',(0.,-1.));
#54 = ( GEOMETRIC_REPRESENTATION_CONTEXT(2) 
PARAMETRIC_REPRESENTATION_CONTEXT() REPRESENTATION_CONTEXT('2D SPACE',''
  ) );
#55 = ORIENTED_EDGE('',*,*,#56,.T.);
#56 = EDGE_CURVE('',#24,#57,#59,.T.);
#57 = VERTEX_POINT('',#58);
#58 = CARTESIAN_POINT('',(180.,71.7,159.5));
#59 = SURFACE_CURVE('',#60,(#64,#71),.PCURVE_S1.);
#60 = LINE('',#61,#62);
#61 = CARTESIAN_POINT('',(180.,71.7,85.75));
#62 = VECTOR('',#63,1.);
#63 = DIRECTION('',(0.,0.,1.));
#64 = PCURVE('',#32,#65);
#65 = DEFINITIONAL_REPRESENTATION('',(#66),#70);
#66 = LINE('',#67,#68);
#67 = CARTESIAN_POINT('',(73.75,-3.));
#68 = VECTOR('',#69,1.);
#69 = DIRECTION('',(1.,0.));
#70 = ( GEOMETRIC_REPRESENTATION_CONTEXT(2) 
PARAMETRIC_REPRESENTATION_CONTEXT() REPRESENTATION_CONTEXT('2D SPACE',''
  ) );
#71 = PCURVE('',#72,#77);
#72 = PLANE('',#73);
#73 = AXIS2_PLACEMENT_3D('',#74,#75,#76);
#74 = CARTESIAN_POINT('',(90.,71.7,85.75));
#75 = DIRECTION('',(0.,1.,0.));
#76 = DIRECTION('',(-1.,0.,0.));
#77 = DEFINITIONAL_REPRESENTATION('',(#78),#82);
#78 = LINE('',#79,#80);
#79 = CARTESIAN_POINT('',(-90.,-5.838307350593E-16));
#80 = VECTOR('',#81,1.);
#81 = DIRECTION('',(0.,1.));
#82 = ( GEOMETRIC_REPRESENTATION_CONTEXT(2) 
PARAMETRIC_REPRESENTATION_CONTEXT() REPRESENTATION_CONTEXT('2D SPACE',''
  ) );
#83 = ORIENTED_EDGE('',*,*,#84,.F.);
#84 = EDGE_CURVE('',#85,#57,#87,.T.);
#85 = VERTEX_POINT('',#86);
#86 = CARTESIAN_POINT('',(180.,68.7,159.5));
#87 = SURFACE_CURVE('',#88,(#92,#99),.PCURVE_S1.);
#88 = LINE('',#89,#90);
#89 = CARTESIAN_POINT('',(180.,68.7,159.5));
#90 = VECTOR('',#91,1.);
#91 = DIRECTION('',(0.,1.,-0.));
#92 = PCURVE('',#32,#93);
#93 = DEFINITIONAL_REPRESENTATION('',(#94),#98);
#94 = LINE('',#95,#96);
#95 = CARTESIAN_POINT('',(147.5,0.));
#96 = VECTOR('',#97,1.);
#97 = DIRECTION('',(0.,-1.));
#98 = ( GEOMETRIC_REPRESENTATION_CONTEXT(2) 
PARAMETRIC_REPRESENTATION_CONTEXT() REPRESENTATION_CONTEXT('2D SPACE',''
  ) );
#99 = PCURVE('',#100,#105);
#100 = CYLINDRICAL_SURFACE('',#101,12.);
#101 = AXIS2_PLACEMENT_3D('',#102,#103,#104);
#102 = CARTESIAN_POINT('',(168.,68.7,159.5));
#103 = DIRECTION('',(0.,-1.,0.));
#104 = DIRECTION('',(1.,0.,0.));
#105 = DEFINITIONAL_REPRESENTATION('',(#106),#110);
#106 = LINE('',#107,#108);
#107 = CARTESIAN_POINT('',(0.,0.));
#108 = VECTOR('',#109,1.);
#109 = DIRECTION('',(0.,-1.));
#110 = ( GEOMETRIC_REPRESENTATION_CONTEXT(2) 
PARAMETRIC_REPRESENTATION_CONTEXT() REPRESENTATION_CONTEXT('2D SPACE',''
  ) );
#111 = ORIENTED_EDGE('',*,*,#112,.F.);
#112 = EDGE_CURVE('',#22,#85,#113,.T.);
#113 = SURFACE_CURVE('',#114,(#118,#125),.PCURVE_S1.);
#114 = LINE('',#115,#116);
#115 = CARTESIAN_POINT('',(180.,68.7,85.75));
#116 = VECTOR('',#117,1.);
#117 = DIRECTION('',(0.,0.,1.));
#118 = PCURVE('',#32,#119);
#119 = DEFINITIONAL_REPRESENTATION('',(#120),#124);
#120 = LINE('',#121,#122);
#121 = CARTESIAN_POINT('',(73.75,0.));
#122 = VECTOR('',#123,1.);
#123 = DIRECTION('',(1.,0.));
#124 = ( GEOMETRIC_REPRESENTATION_CONTEXT(2) 
PARAMETRIC_REPRESENTATION_CONTEXT() REPRESENTATION_CONTEXT('2D SPACE',''
  ) );
#125 = PCURVE('',#126,#131);
#126 = PLANE('',#127);
#127 = AXIS2_PLACEMENT_3D('',#128,#129,#130);
#128 = CARTESIAN_POINT('',(90.,68.7,85.75));
#129 = DIRECTION('',(0.,1.,0.));
#130 = DIRECTION('',(-1.,0.,0.));
#131 = DEFINITIONAL_REPRESENTATION('',(#132),#136);
#132 = LINE('',#133,#134);
#133 = CARTESIAN_POINT('',(-90.,-5.838307350593E-16));
#134 = VECTOR('',#135,1.);
#135 = DIRECTION('',(0.,1.));
#136 = ( GEOMETRIC_REPRESENTATION_CONTEXT(2) 
PARAMETRIC_REPRESENTATION_CONTEXT() REPRESENTATION_CONTEXT('2D SPACE',''
  ) );
#137 = ADVANCED_FACE('',(#138),#44,.T.);
#138 = FACE_BOUND('',#139,.T.);
#139 = EDGE_LOOP('',(#140,#170,#196,#197));
#140 = ORIENTED_EDGE('',*,*,#141,.T.);
#141 = EDGE_CURVE('',#142,#144,#146,.T.);
#142 = VERTEX_POINT('',#143);
#143 = CARTESIAN_POINT('',(168.,68.7,0.));
#144 = VERTEX_POINT('',#145);
#145 = CARTESIAN_POINT('',(168.,71.7,0.));
#146 = SURFACE_CURVE('',#147,(#151,#158),.PCURVE_S1.);
#147 = LINE('',#148,#149);
#148 = CARTESIAN_POINT('',(168.,68.7,0.));
#149 = VECTOR('',#150,1.);
#150 = DIRECTION('',(0.,1.,-0.));
#151 = PCURVE('',#44,#152);
#152 = DEFINITIONAL_REPRESENTATION('',(#153),#157);
#153 = LINE('',#154,#155);
#154 = CARTESIAN_POINT('',(4.712388980385,0.));
#155 = VECTOR('',#156,1.);
#156 = DIRECTION('',(0.,-1.));
#157 = ( GEOMETRIC_REPRESENTATION_CONTEXT(2) 
PARAMETRIC_REPRESENTATION_CONTEXT() REPRESENTATION_CONTEXT('2D SPACE',''
  ) );
#158 = PCURVE('',#159,#164);
#159 = PLANE('',#160);
#160 = AXIS2_PLACEMENT_3D('',#161,#162,#163);
#161 = CARTESIAN_POINT('',(168.,68.7,0.));
#162 = DIRECTION('',(0.,0.,1.));
#163 = DIRECTION('',(-1.,0.,0.));
#164 = DEFINITIONAL_REPRESENTATION('',(#165),#169);
#165 = LINE('',#166,#167);
#166 = CARTESIAN_POINT('',(0.,0.));
#167 = VECTOR('',#168,1.);
#168 = DIRECTION('',(0.,-1.));
#169 = ( GEOMETRIC_REPRESENTATION_CONTEXT(2) 
PARAMETRIC_REPRESENTATION_CONTEXT() REPRESENTATION_CONTEXT('2D SPACE',''
  ) );
#170 = ORIENTED_EDGE('',*,*,#171,.T.);
#171 = EDGE_CURVE('',#144,#24,#172,.T.);
#172 = SURFACE_CURVE('',#173,(#178,#185),.PCURVE_S1.);
#173 = CIRCLE('',#174,12.);
#174 = AXIS2_PLACEMENT_3D('',#175,#176,#177);
#175 = CARTESIAN_POINT('',(168.,71.7,12.));
#176 = DIRECTION('',(0.,-1.,0.));
#177 = DIRECTION('',(1.,0.,0.));
#178 = PCURVE('',#44,#179);
#179 = DEFINITIONAL_REPRESENTATION('',(#180),#184);
#180 = LINE('',#181,#182);
#181 = CARTESIAN_POINT('',(0.,-3.));
#182 = VECTOR('',#183,1.);
#183 = DIRECTION('',(1.,0.));
#184 = ( GEOMETRIC_REPRESENTATION_CONTEXT(2) 
PARAMETRIC_REPRESENTATION_CONTEXT() REPRESENTATION_CONTEXT('2D SPACE',''
  ) );
#185 = PCURVE('',#72,#186);
#186 = DEFINITIONAL_REPRESENTATION('',(#187),#195);
#187 = ( BOUNDED_CURVE() B_SPLINE_CURVE(2,(#188,#189,#190,#191,#192,#193
,#194),.UNSPECIFIED.,.T.,.F.) B_SPLINE_CURVE_WITH_KNOTS((1,2,2,2,2,1),(
    -2.094395102393,0.,2.094395102393,4.188790204786,6.28318530718,
8.377580409573),.UNSPECIFIED.) CURVE() GEOMETRIC_REPRESENTATION_ITEM() 
RATIONAL_B_SPLINE_CURVE((1.,0.5,1.,0.5,1.,0.5,1.)) REPRESENTATION_ITEM(
  '') );
#188 = CARTESIAN_POINT('',(-90.,-73.75));
#189 = CARTESIAN_POINT('',(-90.,-52.96539030917));
#190 = CARTESIAN_POINT('',(-72.,-63.35769515458));
#191 = CARTESIAN_POINT('',(-54.,-73.75));
#192 = CARTESIAN_POINT('',(-72.,-84.14230484541));
#193 = CARTESIAN_POINT('',(-90.,-94.53460969082));
#194 = CARTESIAN_POINT('',(-90.,-73.75));
#195 = ( GEOMETRIC_REPRESENTATION_CONTEXT(2) 
PARAMETRIC_REPRESENTATION_CONTEXT() REPRESENTATION_CONTEXT('2D SPACE',''
  ) );
#196 = ORIENTED_EDGE('',*,*,#21,.F.);
#197 = ORIENTED_EDGE('',*,*,#198,.F.);
#198 = EDGE_CURVE('',#142,#22,#199,.T.);
#199 = SURFACE_CURVE('',#200,(#205,#212),.PCURVE_S1.);
#200 = CIRCLE('',#201,12.);
#201 = AXIS2_PLACEMENT_3D('',#202,#203,#204);
#202 = CARTESIAN_POINT('',(168.,68.7,12.));
#203 = DIRECTION('',(0.,-1.,0.));
#204 = DIRECTION('',(1.,0.,0.));
#205 = PCURVE('',#44,#206);
#206 = DEFINITIONAL_REPRESENTATION('',(#207),#211);
#207 = LINE('',#208,#209);
#208 = CARTESIAN_POINT('',(0.,0.));
#209 = VECTOR('',#210,1.);
#210 = DIRECTION('',(1.,0.));
#211 = ( GEOMETRIC_REPRESENTATION_CONTEXT(2) 
PARAMETRIC_REPRESENTATION_CONTEXT() REPRESENTATION_CONTEXT('2D SPACE',''
  ) );
#212 = PCURVE('',#126,#213);
#213 = DEFINITIONAL_REPRESENTATION('',(#214),#222);
#214 = ( BOUNDED_CURVE() B_SPLINE_CURVE(2,(#215,#216,#217,#218,#219,#220
,#221),.UNSPECIFIED.,.T.,.F.) B_SPLINE_CURVE_WITH_KNOTS((1,2,2,2,2,1),(
    -2.094395102393,0.,2.094395102393,4.188790204786,6.28318530718,
8.377580409573),.UNSPECIFIED.) CURVE() GEOMETRIC_REPRESENTATION_ITEM() 
RATIONAL_B_SPLINE_CURVE((1.,0.5,1.,0.5,1.,0.5,1.)) REPRESENTATION_ITEM(
  '') );
#215 = CARTESIAN_POINT('',(-90.,-73.75));
#216 = CARTESIAN_POINT('',(-90.,-52.96539030917));
#217 = CARTESIAN_POINT('',(-72.,-63.35769515458));
#218 = CARTESIAN_POINT('',(-54.,-73.75));
#219 = CARTESIAN_POINT('',(-72.,-84.14230484541));
#220 = CARTESIAN_POINT('',(-90.,-94.53460969082));
#221 = CARTESIAN_POINT('',(-90.,-73.75));
#222 = ( GEOMETRIC_REPRESENTATION_CONTEXT(2) 
PARAMETRIC_REPRESENTATION_CONTEXT() REPRESENTATION_CONTEXT('2D SPACE',''
  ) );
#223 = ADVANCED_FACE('',(#224),#100,.T.);
#224 = FACE_BOUND('',#225,.T.);
#225 = EDGE_LOOP('',(#226,#227,#255,#283));
#226 = ORIENTED_EDGE('',*,*,#84,.T.);
#227 = ORIENTED_EDGE('',*,*,#228,.T.);
#228 = EDGE_CURVE('',#57,#229,#231,.T.);
#229 = VERTEX_POINT('',#230);
#230 = CARTESIAN_POINT('',(168.,71.7,171.5));
#231 = SURFACE_CURVE('',#232,(#237,#244),.PCURVE_S1.);
#232 = CIRCLE('',#233,12.);
#233 = AXIS2_PLACEMENT_3D('',#234,#235,#236);
#234 = CARTESIAN_POINT('',(168.,71.7,159.5));
#235 = DIRECTION('',(0.,-1.,0.));
#236 = DIRECTION('',(1.,0.,0.));
#237 = PCURVE('',#100,#238);
#238 = DEFINITIONAL_REPRESENTATION('',(#239),#243);
#239 = LINE('',#240,#241);
#240 = CARTESIAN_POINT('',(0.,-3.));
#241 = VECTOR('',#242,1.);
#242 = DIRECTION('',(1.,0.));
#243 = ( GEOMETRIC_REPRESENTATION_CONTEXT(2) 
PARAMETRIC_REPRESENTATION_CONTEXT() REPRESENTATION_CONTEXT('2D SPACE',''
  ) );
#244 = PCURVE('',#72,#245);
#245 = DEFINITIONAL_REPRESENTATION('',(#246),#254);
#246 = ( BOUNDED_CURVE() B_SPLINE_CURVE(2,(#247,#248,#249,#250,#251,#252
,#253),.UNSPECIFIED.,.T.,.F.) B_SPLINE_CURVE_WITH_KNOTS((1,2,2,2,2,1),(
    -2.094395102393,0.,2.094395102393,4.188790204786,6.28318530718,
8.377580409573),.UNSPECIFIED.) CURVE() GEOMETRIC_REPRESENTATION_ITEM() 
RATIONAL_B_SPLINE_CURVE((1.,0.5,1.,0.5,1.,0.5,1.)) REPRESENTATION_ITEM(
  '') );
#247 = CARTESIAN_POINT('',(-90.,73.75));
#248 = CARTESIAN_POINT('',(-90.,94.534609690827));
#249 = CARTESIAN_POINT('',(-72.,84.142304845413));
#250 = CARTESIAN_POINT('',(-54.,73.75));
#251 = CARTESIAN_POINT('',(-72.,63.357695154587));
#252 = CARTESIAN_POINT('',(-90.,52.965390309173));
#253 = CARTESIAN_POINT('',(-90.,73.75));
#254 = ( GEOMETRIC_REPRESENTATION_CONTEXT(2) 
PARAMETRIC_REPRESENTATION_CONTEXT() REPRESENTATION_CONTEXT('2D SPACE',''
  ) );
#255 = ORIENTED_EDGE('',*,*,#256,.F.);
#256 = EDGE_CURVE('',#257,#229,#259,.T.);
#257 = VERTEX_POINT('',#258);
#258 = CARTESIAN_POINT('',(168.,68.7,171.5));
#259 = SURFACE_CURVE('',#260,(#264,#271),.PCURVE_S1.);
#260 = LINE('',#261,#262);
#261 = CARTESIAN_POINT('',(168.,68.7,171.5));
#262 = VECTOR('',#263,1.);
#263 = DIRECTION('',(0.,1.,-0.));
#264 = PCURVE('',#100,#265);
#265 = DEFINITIONAL_REPRESENTATION('',(#266),#270);
#266 = LINE('',#267,#268);
#267 = CARTESIAN_POINT('',(1.570796326795,0.));
#268 = VECTOR('',#269,1.);
#269 = DIRECTION('',(0.,-1.));
#270 = ( GEOMETRIC_REPRESENTATION_CONTEXT(2) 
PARAMETRIC_REPRESENTATION_CONTEXT() REPRESENTATION_CONTEXT('2D SPACE',''
  ) );
#271 = PCURVE('',#272,#277);
#272 = PLANE('',#273);
#273 = AXIS2_PLACEMENT_3D('',#274,#275,#276);
#274 = CARTESIAN_POINT('',(168.,68.7,171.5));
#275 = DIRECTION('',(0.,0.,1.));
#276 = DIRECTION('',(-1.,0.,0.));
#277 = DEFINITIONAL_REPRESENTATION('',(#278),#282);
#278 = LINE('',#279,#280);
#279 = CARTESIAN_POINT('',(0.,0.));
#280 = VECTOR('',#281,1.);
#281 = DIRECTION('',(0.,-1.));
#282 = ( GEOMETRIC_REPRESENTATION_CONTEXT(2) 
PARAMETRIC_REPRESENTATION_CONTEXT() REPRESENTATION_CONTEXT('2D SPACE',''
  ) );
#283 = ORIENTED_EDGE('',*,*,#284,.F.);
#284 = EDGE_CURVE('',#85,#257,#285,.T.);
#285 = SURFACE_CURVE('',#286,(#291,#298),.PCURVE_S1.);
#286 = CIRCLE('',#287,12.);
#287 = AXIS2_PLACEMENT_3D('',#288,#289,#290);
#288 = CARTESIAN_POINT('',(168.,68.7,159.5));
#289 = DIRECTION('',(0.,-1.,0.));
#290 = DIRECTION('',(1.,0.,0.));
#291 = PCURVE('',#100,#292);
#292 = DEFINITIONAL_REPRESENTATION('',(#293),#297);
#293 = LINE('',#294,#295);
#294 = CARTESIAN_POINT('',(0.,0.));
#295 = VECTOR('',#296,1.);
#296 = DIRECTION('',(1.,0.));
#297 = ( GEOMETRIC_REPRESENTATION_CONTEXT(2) 
PARAMETRIC_REPRESENTATION_CONTEXT() REPRESENTATION_CONTEXT('2D SPACE',''
  ) );
#298 = PCURVE('',#126,#299);
#299 = DEFINITIONAL_REPRESENTATION('',(#300),#308);
#300 = ( BOUNDED_CURVE() B_SPLINE_CURVE(2,(#301,#302,#303,#304,#305,#306
,#307),.UNSPECIFIED.,.T.,.F.) B_SPLINE_CURVE_WITH_KNOTS((1,2,2,2,2,1),(
    -2.094395102393,0.,2.094395102393,4.188790204786,6.28318530718,
8.377580409573),.UNSPECIFIED.) CURVE() GEOMETRIC_REPRESENTATION_ITEM() 
RATIONAL_B_SPLINE_CURVE((1.,0.5,1.,0.5,1.,0.5,1.)) REPRESENTATION_ITEM(
  '') );
#301 = CARTESIAN_POINT('',(-90.,73.75));
#302 = CARTESIAN_POINT('',(-90.,94.534609690827));
#303 = CARTESIAN_POINT('',(-72.,84.142304845413));
#304 = CARTESIAN_POINT('',(-54.,73.75));
#305 = CARTESIAN_POINT('',(-72.,63.357695154587));
#306 = CARTESIAN_POINT('',(-90.,52.965390309173));
#307 = CARTESIAN_POINT('',(-90.,73.75));
#308 = ( GEOMETRIC_REPRESENTATION_CONTEXT(2) 
PARAMETRIC_REPRESENTATION_CONTEXT() REPRESENTATION_CONTEXT('2D SPACE',''
  ) );
#309 = ADVANCED_FACE('',(#310),#159,.F.);
#310 = FACE_BOUND('',#311,.F.);
#311 = EDGE_LOOP('',(#312,#313,#336,#364));
#312 = ORIENTED_EDGE('',*,*,#141,.T.);
#313 = ORIENTED_EDGE('',*,*,#314,.T.);
#314 = EDGE_CURVE('',#144,#315,#317,.T.);
#315 = VERTEX_POINT('',#316);
#316 = CARTESIAN_POINT('',(12.,71.7,0.));
#317 = SURFACE_CURVE('',#318,(#322,#329),.PCURVE_S1.);
#318 = LINE('',#319,#320);
#319 = CARTESIAN_POINT('',(90.,71.7,0.));
#320 = VECTOR('',#321,1.);
#321 = DIRECTION('',(-1.,0.,0.));
#322 = PCURVE('',#159,#323);
#323 = DEFINITIONAL_REPRESENTATION('',(#324),#328);
#324 = LINE('',#325,#326);
#325 = CARTESIAN_POINT('',(78.,-3.));
#326 = VECTOR('',#327,1.);
#327 = DIRECTION('',(1.,0.));
#328 = ( GEOMETRIC_REPRESENTATION_CONTEXT(2) 
PARAMETRIC_REPRESENTATION_CONTEXT() REPRESENTATION_CONTEXT('2D SPACE',''
  ) );
#329 = PCURVE('',#72,#330);
#330 = DEFINITIONAL_REPRESENTATION('',(#331),#335);
#331 = LINE('',#332,#333);
#332 = CARTESIAN_POINT('',(-2.835749284574E-15,-85.75));
#333 = VECTOR('',#334,1.);
#334 = DIRECTION('',(1.,0.));
#335 = ( GEOMETRIC_REPRESENTATION_CONTEXT(2) 
PARAMETRIC_REPRESENTATION_CONTEXT() REPRESENTATION_CONTEXT('2D SPACE',''
  ) );
#336 = ORIENTED_EDGE('',*,*,#337,.F.);
#337 = EDGE_CURVE('',#338,#315,#340,.T.);
#338 = VERTEX_POINT('',#339);
#339 = CARTESIAN_POINT('',(12.,68.7,0.));
#340 = SURFACE_CURVE('',#341,(#345,#352),.PCURVE_S1.);
#341 = LINE('',#342,#343);
#342 = CARTESIAN_POINT('',(12.,68.7,0.));
#343 = VECTOR('',#344,1.);
#344 = DIRECTION('',(0.,1.,-0.));
#345 = PCURVE('',#159,#346);
#346 = DEFINITIONAL_REPRESENTATION('',(#347),#351);
#347 = LINE('',#348,#349);
#348 = CARTESIAN_POINT('',(156.,0.));
#349 = VECTOR('',#350,1.);
#350 = DIRECTION('',(0.,-1.));
#351 = ( GEOMETRIC_REPRESENTATION_CONTEXT(2) 
PARAMETRIC_REPRESENTATION_CONTEXT() REPRESENTATION_CONTEXT('2D SPACE',''
  ) );
#352 = PCURVE('',#353,#358);
#353 = CYLINDRICAL_SURFACE('',#354,12.);
#354 = AXIS2_PLACEMENT_3D('',#355,#356,#357);
#355 = CARTESIAN_POINT('',(12.,68.7,12.));
#356 = DIRECTION('',(0.,-1.,0.));
#357 = DIRECTION('',(1.,0.,0.));
#358 = DEFINITIONAL_REPRESENTATION('',(#359),#363);
#359 = LINE('',#360,#361);
#360 = CARTESIAN_POINT('',(4.712388980385,0.));
#361 = VECTOR('',#362,1.);
#362 = DIRECTION('',(0.,-1.));
#363 = ( GEOMETRIC_REPRESENTATION_CONTEXT(2) 
PARAMETRIC_REPRESENTATION_CONTEXT() REPRESENTATION_CONTEXT('2D SPACE',''
  ) );
#364 = ORIENTED_EDGE('',*,*,#365,.F.);
#365 = EDGE_CURVE('',#142,#338,#366,.T.);
#366 = SURFACE_CURVE('',#367,(#371,#378),.PCURVE_S1.);
#367 = LINE('',#368,#369);
#368 = CARTESIAN_POINT('',(90.,68.7,0.));
#369 = VECTOR('',#370,1.);
#370 = DIRECTION('',(-1.,0.,0.));
#371 = PCURVE('',#159,#372);
#372 = DEFINITIONAL_REPRESENTATION('',(#373),#377);
#373 = LINE('',#374,#375);
#374 = CARTESIAN_POINT('',(78.,0.));
#375 = VECTOR('',#376,1.);
#376 = DIRECTION('',(1.,0.));
#377 = ( GEOMETRIC_REPRESENTATION_CONTEXT(2) 
PARAMETRIC_REPRESENTATION_CONTEXT() REPRESENTATION_CONTEXT('2D SPACE',''
  ) );
#378 = PCURVE('',#126,#379);
#379 = DEFINITIONAL_REPRESENTATION('',(#380),#384);
#380 = LINE('',#381,#382);
#381 = CARTESIAN_POINT('',(-2.835749284574E-15,-85.75));
#382 = VECTOR('',#383,1.);
#383 = DIRECTION('',(1.,0.));
#384 = ( GEOMETRIC_REPRESENTATION_CONTEXT(2) 
PARAMETRIC_REPRESENTATION_CONTEXT() REPRESENTATION_CONTEXT('2D SPACE',''
  ) );
#385 = ADVANCED_FACE('',(#386),#272,.T.);
#386 = FACE_BOUND('',#387,.T.);
#387 = EDGE_LOOP('',(#388,#389,#412,#440));
#388 = ORIENTED_EDGE('',*,*,#256,.T.);
#389 = ORIENTED_EDGE('',*,*,#390,.T.);
#390 = EDGE_CURVE('',#229,#391,#393,.T.);
#391 = VERTEX_POINT('',#392);
#392 = CARTESIAN_POINT('',(12.,71.7,171.5));
#393 = SURFACE_CURVE('',#394,(#398,#405),.PCURVE_S1.);
#394 = LINE('',#395,#396);
#395 = CARTESIAN_POINT('',(90.,71.7,171.5));
#396 = VECTOR('',#397,1.);
#397 = DIRECTION('',(-1.,0.,0.));
#398 = PCURVE('',#272,#399);
#399 = DEFINITIONAL_REPRESENTATION('',(#400),#404);
#400 = LINE('',#401,#402);
#401 = CARTESIAN_POINT('',(78.,-3.));
#402 = VECTOR('',#403,1.);
#403 = DIRECTION('',(1.,0.));
#404 = ( GEOMETRIC_REPRESENTATION_CONTEXT(2) 
PARAMETRIC_REPRESENTATION_CONTEXT() REPRESENTATION_CONTEXT('2D SPACE',''
  ) );
#405 = PCURVE('',#72,#406);
#406 = DEFINITIONAL_REPRESENTATION('',(#407),#411);
#407 = LINE('',#408,#409);
#408 = CARTESIAN_POINT('',(-2.835749284574E-15,85.75));
#409 = VECTOR('',#410,1.);
#410 = DIRECTION('',(1.,0.));
#411 = ( GEOMETRIC_REPRESENTATION_CONTEXT(2) 
PARAMETRIC_REPRESENTATION_CONTEXT() REPRESENTATION_CONTEXT('2D SPACE',''
  ) );
#412 = ORIENTED_EDGE('',*,*,#413,.F.);
#413 = EDGE_CURVE('',#414,#391,#416,.T.);
#414 = VERTEX_POINT('',#415);
#415 = CARTESIAN_POINT('',(12.,68.7,171.5));
#416 = SURFACE_CURVE('',#417,(#421,#428),.PCURVE_S1.);
#417 = LINE('',#418,#419);
#418 = CARTESIAN_POINT('',(12.,68.7,171.5));
#419 = VECTOR('',#420,1.);
#420 = DIRECTION('',(0.,1.,-0.));
#421 = PCURVE('',#272,#422);
#422 = DEFINITIONAL_REPRESENTATION('',(#423),#427);
#423 = LINE('',#424,#425);
#424 = CARTESIAN_POINT('',(156.,0.));
#425 = VECTOR('',#426,1.);
#426 = DIRECTION('',(0.,-1.));
#427 = ( GEOMETRIC_REPRESENTATION_CONTEXT(2) 
PARAMETRIC_REPRESENTATION_CONTEXT() REPRESENTATION_CONTEXT('2D SPACE',''
  ) );
#428 = PCURVE('',#429,#434);
#429 = CYLINDRICAL_SURFACE('',#430,12.);
#430 = AXIS2_PLACEMENT_3D('',#431,#432,#433);
#431 = CARTESIAN_POINT('',(12.,68.7,159.5));
#432 = DIRECTION('',(0.,-1.,0.));
#433 = DIRECTION('',(1.,0.,0.));
#434 = DEFINITIONAL_REPRESENTATION('',(#435),#439);
#435 = LINE('',#436,#437);
#436 = CARTESIAN_POINT('',(1.570796326795,0.));
#437 = VECTOR('',#438,1.);
#438 = DIRECTION('',(0.,-1.));
#439 = ( GEOMETRIC_REPRESENTATION_CONTEXT(2) 
PARAMETRIC_REPRESENTATION_CONTEXT() REPRESENTATION_CONTEXT('2D SPACE',''
  ) );
#440 = ORIENTED_EDGE('',*,*,#441,.F.);
#441 = EDGE_CURVE('',#257,#414,#442,.T.);
#442 = SURFACE_CURVE('',#443,(#447,#454),.PCURVE_S1.);
#443 = LINE('',#444,#445);
#444 = CARTESIAN_POINT('',(90.,68.7,171.5));
#445 = VECTOR('',#446,1.);
#446 = DIRECTION('',(-1.,0.,0.));
#447 = PCURVE('',#272,#448);
#448 = DEFINITIONAL_REPRESENTATION('',(#449),#453);
#449 = LINE('',#450,#451);
#450 = CARTESIAN_POINT('',(78.,0.));
#451 = VECTOR('',#452,1.);
#452 = DIRECTION('',(1.,0.));
#453 = ( GEOMETRIC_REPRESENTATION_CONTEXT(2) 
PARAMETRIC_REPRESENTATION_CONTEXT() REPRESENTATION_CONTEXT('2D SPACE',''
  ) );
#454 = PCURVE('',#126,#455);
#455 = DEFINITIONAL_REPRESENTATION('',(#456),#460);
#456 = LINE('',#457,#458);
#457 = CARTESIAN_POINT('',(-2.835749284574E-15,85.75));
#458 = VECTOR('',#459,1.);
#459 = DIRECTION('',(1.,0.));
#460 = ( GEOMETRIC_REPRESENTATION_CONTEXT(2) 
PARAMETRIC_REPRESENTATION_CONTEXT() REPRESENTATION_CONTEXT('2D SPACE',''
  ) );
#461 = ADVANCED_FACE('',(#462),#353,.T.);
#462 = FACE_BOUND('',#463,.T.);
#463 = EDGE_LOOP('',(#464,#494,#520,#521));
#464 = ORIENTED_EDGE('',*,*,#465,.T.);
#465 = EDGE_CURVE('',#466,#468,#470,.T.);
#466 = VERTEX_POINT('',#467);
#467 = CARTESIAN_POINT('',(0.,68.7,12.));
#468 = VERTEX_POINT('',#469);
#469 = CARTESIAN_POINT('',(0.,71.7,12.));
#470 = SURFACE_CURVE('',#471,(#475,#482),.PCURVE_S1.);
#471 = LINE('',#472,#473);
#472 = CARTESIAN_POINT('',(0.,68.7,12.));
#473 = VECTOR('',#474,1.);
#474 = DIRECTION('',(0.,1.,-0.));
#475 = PCURVE('',#353,#476);
#476 = DEFINITIONAL_REPRESENTATION('',(#477),#481);
#477 = LINE('',#478,#479);
#478 = CARTESIAN_POINT('',(3.14159265359,0.));
#479 = VECTOR('',#480,1.);
#480 = DIRECTION('',(0.,-1.));
#481 = ( GEOMETRIC_REPRESENTATION_CONTEXT(2) 
PARAMETRIC_REPRESENTATION_CONTEXT() REPRESENTATION_CONTEXT('2D SPACE',''
  ) );
#482 = PCURVE('',#483,#488);
#483 = PLANE('',#484);
#484 = AXIS2_PLACEMENT_3D('',#485,#486,#487);
#485 = CARTESIAN_POINT('',(0.,68.7,12.));
#486 = DIRECTION('',(1.,-0.,0.));
#487 = DIRECTION('',(0.,0.,1.));
#488 = DEFINITIONAL_REPRESENTATION('',(#489),#493);
#489 = LINE('',#490,#491);
#490 = CARTESIAN_POINT('',(0.,0.));
#491 = VECTOR('',#492,1.);
#492 = DIRECTION('',(0.,-1.));
#493 = ( GEOMETRIC_REPRESENTATION_CONTEXT(2) 
PARAMETRIC_REPRESENTATION_CONTEXT() REPRESENTATION_CONTEXT('2D SPACE',''
  ) );
#494 = ORIENTED_EDGE('',*,*,#495,.T.);
#495 = EDGE_CURVE('',#468,#315,#496,.T.);
#496 = SURFACE_CURVE('',#497,(#502,#509),.PCURVE_S1.);
#497 = CIRCLE('',#498,12.);
#498 = AXIS2_PLACEMENT_3D('',#499,#500,#501);
#499 = CARTESIAN_POINT('',(12.,71.7,12.));
#500 = DIRECTION('',(0.,-1.,0.));
#501 = DIRECTION('',(1.,0.,0.));
#502 = PCURVE('',#353,#503);
#503 = DEFINITIONAL_REPRESENTATION('',(#504),#508);
#504 = LINE('',#505,#506);
#505 = CARTESIAN_POINT('',(0.,-3.));
#506 = VECTOR('',#507,1.);
#507 = DIRECTION('',(1.,0.));
#508 = ( GEOMETRIC_REPRESENTATION_CONTEXT(2) 
PARAMETRIC_REPRESENTATION_CONTEXT() REPRESENTATION_CONTEXT('2D SPACE',''
  ) );
#509 = PCURVE('',#72,#510);
#510 = DEFINITIONAL_REPRESENTATION('',(#511),#519);
#511 = ( BOUNDED_CURVE() B_SPLINE_CURVE(2,(#512,#513,#514,#515,#516,#517
,#518),.UNSPECIFIED.,.T.,.F.) B_SPLINE_CURVE_WITH_KNOTS((1,2,2,2,2,1),(
    -2.094395102393,0.,2.094395102393,4.188790204786,6.28318530718,
8.377580409573),.UNSPECIFIED.) CURVE() GEOMETRIC_REPRESENTATION_ITEM() 
RATIONAL_B_SPLINE_CURVE((1.,0.5,1.,0.5,1.,0.5,1.)) REPRESENTATION_ITEM(
  '') );
#512 = CARTESIAN_POINT('',(66.,-73.75));
#513 = CARTESIAN_POINT('',(66.,-52.96539030917));
#514 = CARTESIAN_POINT('',(84.,-63.35769515458));
#515 = CARTESIAN_POINT('',(102.,-73.75));
#516 = CARTESIAN_POINT('',(84.,-84.14230484541));
#517 = CARTESIAN_POINT('',(66.,-94.53460969082));
#518 = CARTESIAN_POINT('',(66.,-73.75));
#519 = ( GEOMETRIC_REPRESENTATION_CONTEXT(2) 
PARAMETRIC_REPRESENTATION_CONTEXT() REPRESENTATION_CONTEXT('2D SPACE',''
  ) );
#520 = ORIENTED_EDGE('',*,*,#337,.F.);
#521 = ORIENTED_EDGE('',*,*,#522,.F.);
#522 = EDGE_CURVE('',#466,#338,#523,.T.);
#523 = SURFACE_CURVE('',#524,(#529,#536),.PCURVE_S1.);
#524 = CIRCLE('',#525,12.);
#525 = AXIS2_PLACEMENT_3D('',#526,#527,#528);
#526 = CARTESIAN_POINT('',(12.,68.7,12.));
#527 = DIRECTION('',(0.,-1.,0.));
#528 = DIRECTION('',(1.,0.,0.));
#529 = PCURVE('',#353,#530);
#530 = DEFINITIONAL_REPRESENTATION('',(#531),#535);
#531 = LINE('',#532,#533);
#532 = CARTESIAN_POINT('',(0.,0.));
#533 = VECTOR('',#534,1.);
#534 = DIRECTION('',(1.,0.));
#535 = ( GEOMETRIC_REPRESENTATION_CONTEXT(2) 
PARAMETRIC_REPRESENTATION_CONTEXT() REPRESENTATION_CONTEXT('2D SPACE',''
  ) );
#536 = PCURVE('',#126,#537);
#537 = DEFINITIONAL_REPRESENTATION('',(#538),#546);
#538 = ( BOUNDED_CURVE() B_SPLINE_CURVE(2,(#539,#540,#541,#542,#543,#544
,#545),.UNSPECIFIED.,.T.,.F.) B_SPLINE_CURVE_WITH_KNOTS((1,2,2,2,2,1),(
    -2.094395102393,0.,2.094395102393,4.188790204786,6.28318530718,
8.377580409573),.UNSPECIFIED.) CURVE() GEOMETRIC_REPRESENTATION_ITEM() 
RATIONAL_B_SPLINE_CURVE((1.,0.5,1.,0.5,1.,0.5,1.)) REPRESENTATION_ITEM(
  '') );
#539 = CARTESIAN_POINT('',(66.,-73.75));
#540 = CARTESIAN_POINT('',(66.,-52.96539030917));
#541 = CARTESIAN_POINT('',(84.,-63.35769515458));
#542 = CARTESIAN_POINT('',(102.,-73.75));
#543 = CARTESIAN_POINT('',(84.,-84.14230484541));
#544 = CARTESIAN_POINT('',(66.,-94.53460969082));
#545 = CARTESIAN_POINT('',(66.,-73.75));
#546 = ( GEOMETRIC_REPRESENTATION_CONTEXT(2) 
PARAMETRIC_REPRESENTATION_CONTEXT() REPRESENTATION_CONTEXT('2D SPACE',''
  ) );
#547 = ADVANCED_FACE('',(#548),#429,.T.);
#548 = FACE_BOUND('',#549,.T.);
#549 = EDGE_LOOP('',(#550,#551,#579,#602));
#550 = ORIENTED_EDGE('',*,*,#413,.T.);
#551 = ORIENTED_EDGE('',*,*,#552,.T.);
#552 = EDGE_CURVE('',#391,#553,#555,.T.);
#553 = VERTEX_POINT('',#554);
#554 = CARTESIAN_POINT('',(0.,71.7,159.5));
#555 = SURFACE_CURVE('',#556,(#561,#568),.PCURVE_S1.);
#556 = CIRCLE('',#557,12.);
#557 = AXIS2_PLACEMENT_3D('',#558,#559,#560);
#558 = CARTESIAN_POINT('',(12.,71.7,159.5));
#559 = DIRECTION('',(0.,-1.,0.));
#560 = DIRECTION('',(1.,0.,0.));
#561 = PCURVE('',#429,#562);
#562 = DEFINITIONAL_REPRESENTATION('',(#563),#567);
#563 = LINE('',#564,#565);
#564 = CARTESIAN_POINT('',(0.,-3.));
#565 = VECTOR('',#566,1.);
#566 = DIRECTION('',(1.,0.));
#567 = ( GEOMETRIC_REPRESENTATION_CONTEXT(2) 
PARAMETRIC_REPRESENTATION_CONTEXT() REPRESENTATION_CONTEXT('2D SPACE',''
  ) );
#568 = PCURVE('',#72,#569);
#569 = DEFINITIONAL_REPRESENTATION('',(#570),#578);
#570 = ( BOUNDED_CURVE() B_SPLINE_CURVE(2,(#571,#572,#573,#574,#575,#576
,#577),.UNSPECIFIED.,.T.,.F.) B_SPLINE_CURVE_WITH_KNOTS((1,2,2,2,2,1),(
    -2.094395102393,0.,2.094395102393,4.188790204786,6.28318530718,
8.377580409573),.UNSPECIFIED.) CURVE() GEOMETRIC_REPRESENTATION_ITEM() 
RATIONAL_B_SPLINE_CURVE((1.,0.5,1.,0.5,1.,0.5,1.)) REPRESENTATION_ITEM(
  '') );
#571 = CARTESIAN_POINT('',(66.,73.75));
#572 = CARTESIAN_POINT('',(66.,94.534609690827));
#573 = CARTESIAN_POINT('',(84.,84.142304845413));
#574 = CARTESIAN_POINT('',(102.,73.75));
#575 = CARTESIAN_POINT('',(84.,63.357695154587));
#576 = CARTESIAN_POINT('',(66.,52.965390309173));
#577 = CARTESIAN_POINT('',(66.,73.75));
#578 = ( GEOMETRIC_REPRESENTATION_CONTEXT(2) 
PARAMETRIC_REPRESENTATION_CONTEXT() REPRESENTATION_CONTEXT('2D SPACE',''
  ) );
#579 = ORIENTED_EDGE('',*,*,#580,.F.);
#580 = EDGE_CURVE('',#581,#553,#583,.T.);
#581 = VERTEX_POINT('',#582);
#582 = CARTESIAN_POINT('',(0.,68.7,159.5));
#583 = SURFACE_CURVE('',#584,(#588,#595),.PCURVE_S1.);
#584 = LINE('',#585,#586);
#585 = CARTESIAN_POINT('',(0.,68.7,159.5));
#586 = VECTOR('',#587,1.);
#587 = DIRECTION('',(0.,1.,-0.));
#588 = PCURVE('',#429,#589);
#589 = DEFINITIONAL_REPRESENTATION('',(#590),#594);
#590 = LINE('',#591,#592);
#591 = CARTESIAN_POINT('',(3.14159265359,0.));
#592 = VECTOR('',#593,1.);
#593 = DIRECTION('',(0.,-1.));
#594 = ( GEOMETRIC_REPRESENTATION_CONTEXT(2) 
PARAMETRIC_REPRESENTATION_CONTEXT() REPRESENTATION_CONTEXT('2D SPACE',''
  ) );
#595 = PCURVE('',#483,#596);
#596 = DEFINITIONAL_REPRESENTATION('',(#597),#601);
#597 = LINE('',#598,#599);
#598 = CARTESIAN_POINT('',(147.5,0.));
#599 = VECTOR('',#600,1.);
#600 = DIRECTION('',(0.,-1.));
#601 = ( GEOMETRIC_REPRESENTATION_CONTEXT(2) 
PARAMETRIC_REPRESENTATION_CONTEXT() REPRESENTATION_CONTEXT('2D SPACE',''
  ) );
#602 = ORIENTED_EDGE('',*,*,#603,.F.);
#603 = EDGE_CURVE('',#414,#581,#604,.T.);
#604 = SURFACE_CURVE('',#605,(#610,#617),.PCURVE_S1.);
#605 = CIRCLE('',#606,12.);
#606 = AXIS2_PLACEMENT_3D('',#607,#608,#609);
#607 = CARTESIAN_POINT('',(12.,68.7,159.5));
#608 = DIRECTION('',(0.,-1.,0.));
#609 = DIRECTION('',(1.,0.,0.));
#610 = PCURVE('',#429,#611);
#611 = DEFINITIONAL_REPRESENTATION('',(#612),#616);
#612 = LINE('',#613,#614);
#613 = CARTESIAN_POINT('',(0.,0.));
#614 = VECTOR('',#615,1.);
#615 = DIRECTION('',(1.,0.));
#616 = ( GEOMETRIC_REPRESENTATION_CONTEXT(2) 
PARAMETRIC_REPRESENTATION_CONTEXT() REPRESENTATION_CONTEXT('2D SPACE',''
  ) );
#617 = PCURVE('',#126,#618);
#618 = DEFINITIONAL_REPRESENTATION('',(#619),#627);
#619 = ( BOUNDED_CURVE() B_SPLINE_CURVE(2,(#620,#621,#622,#623,#624,#625
,#626),.UNSPECIFIED.,.T.,.F.) B_SPLINE_CURVE_WITH_KNOTS((1,2,2,2,2,1),(
    -2.094395102393,0.,2.094395102393,4.188790204786,6.28318530718,
8.377580409573),.UNSPECIFIED.) CURVE() GEOMETRIC_REPRESENTATION_ITEM() 
RATIONAL_B_SPLINE_CURVE((1.,0.5,1.,0.5,1.,0.5,1.)) REPRESENTATION_ITEM(
  '') );
#620 = CARTESIAN_POINT('',(66.,73.75));
#621 = CARTESIAN_POINT('',(66.,94.534609690827));
#622 = CARTESIAN_POINT('',(84.,84.142304845413));
#623 = CARTESIAN_POINT('',(102.,73.75));
#624 = CARTESIAN_POINT('',(84.,63.357695154587));
#625 = CARTESIAN_POINT('',(66.,52.965390309173));
#626 = CARTESIAN_POINT('',(66.,73.75));
#627 = ( GEOMETRIC_REPRESENTATION_CONTEXT(2) 
PARAMETRIC_REPRESENTATION_CONTEXT() REPRESENTATION_CONTEXT('2D SPACE',''
  ) );
#628 = ADVANCED_FACE('',(#629),#483,.F.);
#629 = FACE_BOUND('',#630,.F.);
#630 = EDGE_LOOP('',(#631,#632,#653,#654));
#631 = ORIENTED_EDGE('',*,*,#465,.T.);
#632 = ORIENTED_EDGE('',*,*,#633,.T.);
#633 = EDGE_CURVE('',#468,#553,#634,.T.);
#634 = SURFACE_CURVE('',#635,(#639,#646),.PCURVE_S1.);
#635 = LINE('',#636,#637);
#636 = CARTESIAN_POINT('',(0.,71.7,85.75));
#637 = VECTOR('',#638,1.);
#638 = DIRECTION('',(0.,0.,1.));
#639 = PCURVE('',#483,#640);
#640 = DEFINITIONAL_REPRESENTATION('',(#641),#645);
#641 = LINE('',#642,#643);
#642 = CARTESIAN_POINT('',(73.75,-3.));
#643 = VECTOR('',#644,1.);
#644 = DIRECTION('',(1.,0.));
#645 = ( GEOMETRIC_REPRESENTATION_CONTEXT(2) 
PARAMETRIC_REPRESENTATION_CONTEXT() REPRESENTATION_CONTEXT('2D SPACE',''
  ) );
#646 = PCURVE('',#72,#647);
#647 = DEFINITIONAL_REPRESENTATION('',(#648),#652);
#648 = LINE('',#649,#650);
#649 = CARTESIAN_POINT('',(90.,-5.838307350593E-16));
#650 = VECTOR('',#651,1.);
#651 = DIRECTION('',(0.,1.));
#652 = ( GEOMETRIC_REPRESENTATION_CONTEXT(2) 
PARAMETRIC_REPRESENTATION_CONTEXT() REPRESENTATION_CONTEXT('2D SPACE',''
  ) );
#653 = ORIENTED_EDGE('',*,*,#580,.F.);
#654 = ORIENTED_EDGE('',*,*,#655,.F.);
#655 = EDGE_CURVE('',#466,#581,#656,.T.);
#656 = SURFACE_CURVE('',#657,(#661,#668),.PCURVE_S1.);
#657 = LINE('',#658,#659);
#658 = CARTESIAN_POINT('',(0.,68.7,85.75));
#659 = VECTOR('',#660,1.);
#660 = DIRECTION('',(0.,0.,1.));
#661 = PCURVE('',#483,#662);
#662 = DEFINITIONAL_REPRESENTATION('',(#663),#667);
#663 = LINE('',#664,#665);
#664 = CARTESIAN_POINT('',(73.75,0.));
#665 = VECTOR('',#666,1.);
#666 = DIRECTION('',(1.,0.));
#667 = ( GEOMETRIC_REPRESENTATION_CONTEXT(2) 
PARAMETRIC_REPRESENTATION_CONTEXT() REPRESENTATION_CONTEXT('2D SPACE',''
  ) );
#668 = PCURVE('',#126,#669);
#669 = DEFINITIONAL_REPRESENTATION('',(#670),#674);
#670 = LINE('',#671,#672);
#671 = CARTESIAN_POINT('',(90.,-5.838307350593E-16));
#672 = VECTOR('',#673,1.);
#673 = DIRECTION('',(0.,1.));
#674 = ( GEOMETRIC_REPRESENTATION_CONTEXT(2) 
PARAMETRIC_REPRESENTATION_CONTEXT() REPRESENTATION_CONTEXT('2D SPACE',''
  ) );
#675 = ADVANCED_FACE('',(#676),#690,.F.);
#676 = FACE_BOUND('',#677,.T.);
#677 = EDGE_LOOP('',(#678,#708,#730,#731));
#678 = ORIENTED_EDGE('',*,*,#679,.T.);
#679 = EDGE_CURVE('',#680,#682,#684,.T.);
#680 = VERTEX_POINT('',#681);
#681 = CARTESIAN_POINT('',(171.3,68.7,7.));
#682 = VERTEX_POINT('',#683);
#683 = CARTESIAN_POINT('',(171.3,71.7,7.));
#684 = SEAM_CURVE('',#685,(#689,#701),.PCURVE_S1.);
#685 = LINE('',#686,#687);
#686 = CARTESIAN_POINT('',(171.3,68.7,7.));
#687 = VECTOR('',#688,1.);
#688 = DIRECTION('',(0.,1.,-0.));
#689 = PCURVE('',#690,#695);
#690 = CYLINDRICAL_SURFACE('',#691,1.7);
#691 = AXIS2_PLACEMENT_3D('',#692,#693,#694);
#692 = CARTESIAN_POINT('',(173.,68.7,7.));
#693 = DIRECTION('',(-0.,-1.,0.));
#694 = DIRECTION('',(-1.,0.,0.));
#695 = DEFINITIONAL_REPRESENTATION('',(#696),#700);
#696 = LINE('',#697,#698);
#697 = CARTESIAN_POINT('',(-0.,0.));
#698 = VECTOR('',#699,1.);
#699 = DIRECTION('',(-0.,-1.));
#700 = ( GEOMETRIC_REPRESENTATION_CONTEXT(2) 
PARAMETRIC_REPRESENTATION_CONTEXT() REPRESENTATION_CONTEXT('2D SPACE',''
  ) );
#701 = PCURVE('',#690,#702);
#702 = DEFINITIONAL_REPRESENTATION('',(#703),#707);
#703 = LINE('',#704,#705);
#704 = CARTESIAN_POINT('',(-6.28318530718,0.));
#705 = VECTOR('',#706,1.);
#706 = DIRECTION('',(-0.,-1.));
#707 = ( GEOMETRIC_REPRESENTATION_CONTEXT(2) 
PARAMETRIC_REPRESENTATION_CONTEXT() REPRESENTATION_CONTEXT('2D SPACE',''
  ) );
#708 = ORIENTED_EDGE('',*,*,#709,.T.);
#709 = EDGE_CURVE('',#682,#682,#710,.T.);
#710 = SURFACE_CURVE('',#711,(#716,#723),.PCURVE_S1.);
#711 = CIRCLE('',#712,1.7);
#712 = AXIS2_PLACEMENT_3D('',#713,#714,#715);
#713 = CARTESIAN_POINT('',(173.,71.7,7.));
#714 = DIRECTION('',(0.,1.,-0.));
#715 = DIRECTION('',(-1.,0.,0.));
#716 = PCURVE('',#690,#717);
#717 = DEFINITIONAL_REPRESENTATION('',(#718),#722);
#718 = LINE('',#719,#720);
#719 = CARTESIAN_POINT('',(-0.,-3.));
#720 = VECTOR('',#721,1.);
#721 = DIRECTION('',(-1.,0.));
#722 = ( GEOMETRIC_REPRESENTATION_CONTEXT(2) 
PARAMETRIC_REPRESENTATION_CONTEXT() REPRESENTATION_CONTEXT('2D SPACE',''
  ) );
#723 = PCURVE('',#72,#724);
#724 = DEFINITIONAL_REPRESENTATION('',(#725),#729);
#725 = CIRCLE('',#726,1.7);
#726 = AXIS2_PLACEMENT_2D('',#727,#728);
#727 = CARTESIAN_POINT('',(-83.,-78.75));
#728 = DIRECTION('',(1.,0.));
#729 = ( GEOMETRIC_REPRESENTATION_CONTEXT(2) 
PARAMETRIC_REPRESENTATION_CONTEXT() REPRESENTATION_CONTEXT('2D SPACE',''
  ) );
#730 = ORIENTED_EDGE('',*,*,#679,.F.);
#731 = ORIENTED_EDGE('',*,*,#732,.F.);
#732 = EDGE_CURVE('',#680,#680,#733,.T.);
#733 = SURFACE_CURVE('',#734,(#739,#746),.PCURVE_S1.);
#734 = CIRCLE('',#735,1.7);
#735 = AXIS2_PLACEMENT_3D('',#736,#737,#738);
#736 = CARTESIAN_POINT('',(173.,68.7,7.));
#737 = DIRECTION('',(0.,1.,-0.));
#738 = DIRECTION('',(-1.,0.,0.));
#739 = PCURVE('',#690,#740);
#740 = DEFINITIONAL_REPRESENTATION('',(#741),#745);
#741 = LINE('',#742,#743);
#742 = CARTESIAN_POINT('',(-0.,0.));
#743 = VECTOR('',#744,1.);
#744 = DIRECTION('',(-1.,0.));
#745 = ( GEOMETRIC_REPRESENTATION_CONTEXT(2) 
PARAMETRIC_REPRESENTATION_CONTEXT() REPRESENTATION_CONTEXT('2D SPACE',''
  ) );
#746 = PCURVE('',#126,#747);
#747 = DEFINITIONAL_REPRESENTATION('',(#748),#752);
#748 = CIRCLE('',#749,1.7);
#749 = AXIS2_PLACEMENT_2D('',#750,#751);
#750 = CARTESIAN_POINT('',(-83.,-78.75));
#751 = DIRECTION('',(1.,0.));
#752 = ( GEOMETRIC_REPRESENTATION_CONTEXT(2) 
PARAMETRIC_REPRESENTATION_CONTEXT() REPRESENTATION_CONTEXT('2D SPACE',''
  ) );
#753 = ADVANCED_FACE('',(#754),#768,.F.);
#754 = FACE_BOUND('',#755,.T.);
#755 = EDGE_LOOP('',(#756,#786,#808,#809));
#756 = ORIENTED_EDGE('',*,*,#757,.T.);
#757 = EDGE_CURVE('',#758,#760,#762,.T.);
#758 = VERTEX_POINT('',#759);
#759 = CARTESIAN_POINT('',(128.15,68.7,19.5));
#760 = VERTEX_POINT('',#761);
#761 = CARTESIAN_POINT('',(128.15,71.7,19.5));
#762 = SEAM_CURVE('',#763,(#767,#779),.PCURVE_S1.);
#763 = LINE('',#764,#765);
#764 = CARTESIAN_POINT('',(128.15,68.7,19.5));
#765 = VECTOR('',#766,1.);
#766 = DIRECTION('',(0.,1.,-0.));
#767 = PCURVE('',#768,#773);
#768 = CYLINDRICAL_SURFACE('',#769,1.35);
#769 = AXIS2_PLACEMENT_3D('',#770,#771,#772);
#770 = CARTESIAN_POINT('',(129.5,68.7,19.5));
#771 = DIRECTION('',(-0.,-1.,0.));
#772 = DIRECTION('',(-1.,0.,0.));
#773 = DEFINITIONAL_REPRESENTATION('',(#774),#778);
#774 = LINE('',#775,#776);
#775 = CARTESIAN_POINT('',(-0.,0.));
#776 = VECTOR('',#777,1.);
#777 = DIRECTION('',(-0.,-1.));
#778 = ( GEOMETRIC_REPRESENTATION_CONTEXT(2) 
PARAMETRIC_REPRESENTATION_CONTEXT() REPRESENTATION_CONTEXT('2D SPACE',''
  ) );
#779 = PCURVE('',#768,#780);
#780 = DEFINITIONAL_REPRESENTATION('',(#781),#785);
#781 = LINE('',#782,#783);
#782 = CARTESIAN_POINT('',(-6.28318530718,0.));
#783 = VECTOR('',#784,1.);
#784 = DIRECTION('',(-0.,-1.));
#785 = ( GEOMETRIC_REPRESENTATION_CONTEXT(2) 
PARAMETRIC_REPRESENTATION_CONTEXT() REPRESENTATION_CONTEXT('2D SPACE',''
  ) );
#786 = ORIENTED_EDGE('',*,*,#787,.T.);
#787 = EDGE_CURVE('',#760,#760,#788,.T.);
#788 = SURFACE_CURVE('',#789,(#794,#801),.PCURVE_S1.);
#789 = CIRCLE('',#790,1.35);
#790 = AXIS2_PLACEMENT_3D('',#791,#792,#793);
#791 = CARTESIAN_POINT('',(129.5,71.7,19.5));
#792 = DIRECTION('',(0.,1.,-0.));
#793 = DIRECTION('',(-1.,0.,0.));
#794 = PCURVE('',#768,#795);
#795 = DEFINITIONAL_REPRESENTATION('',(#796),#800);
#796 = LINE('',#797,#798);
#797 = CARTESIAN_POINT('',(-0.,-3.));
#798 = VECTOR('',#799,1.);
#799 = DIRECTION('',(-1.,0.));
#800 = ( GEOMETRIC_REPRESENTATION_CONTEXT(2) 
PARAMETRIC_REPRESENTATION_CONTEXT() REPRESENTATION_CONTEXT('2D SPACE',''
  ) );
#801 = PCURVE('',#72,#802);
#802 = DEFINITIONAL_REPRESENTATION('',(#803),#807);
#803 = CIRCLE('',#804,1.35);
#804 = AXIS2_PLACEMENT_2D('',#805,#806);
#805 = CARTESIAN_POINT('',(-39.5,-66.25));
#806 = DIRECTION('',(1.,0.));
#807 = ( GEOMETRIC_REPRESENTATION_CONTEXT(2) 
PARAMETRIC_REPRESENTATION_CONTEXT() REPRESENTATION_CONTEXT('2D SPACE',''
  ) );
#808 = ORIENTED_EDGE('',*,*,#757,.F.);
#809 = ORIENTED_EDGE('',*,*,#810,.F.);
#810 = EDGE_CURVE('',#758,#758,#811,.T.);
#811 = SURFACE_CURVE('',#812,(#817,#824),.PCURVE_S1.);
#812 = CIRCLE('',#813,1.35);
#813 = AXIS2_PLACEMENT_3D('',#814,#815,#816);
#814 = CARTESIAN_POINT('',(129.5,68.7,19.5));
#815 = DIRECTION('',(0.,1.,-0.));
#816 = DIRECTION('',(-1.,0.,0.));
#817 = PCURVE('',#768,#818);
#818 = DEFINITIONAL_REPRESENTATION('',(#819),#823);
#819 = LINE('',#820,#821);
#820 = CARTESIAN_POINT('',(-0.,0.));
#821 = VECTOR('',#822,1.);
#822 = DIRECTION('',(-1.,0.));
#823 = ( GEOMETRIC_REPRESENTATION_CONTEXT(2) 
PARAMETRIC_REPRESENTATION_CONTEXT() REPRESENTATION_CONTEXT('2D SPACE',''
  ) );
#824 = PCURVE('',#126,#825);
#825 = DEFINITIONAL_REPRESENTATION('',(#826),#830);
#826 = CIRCLE('',#827,1.35);
#827 = AXIS2_PLACEMENT_2D('',#828,#829);
#828 = CARTESIAN_POINT('',(-39.5,-66.25));
#829 = DIRECTION('',(1.,0.));
#830 = ( GEOMETRIC_REPRESENTATION_CONTEXT(2) 
PARAMETRIC_REPRESENTATION_CONTEXT() REPRESENTATION_CONTEXT('2D SPACE',''
  ) );
#831 = ADVANCED_FACE('',(#832),#846,.F.);
#832 = FACE_BOUND('',#833,.T.);
#833 = EDGE_LOOP('',(#834,#864,#886,#887));
#834 = ORIENTED_EDGE('',*,*,#835,.T.);
#835 = EDGE_CURVE('',#836,#838,#840,.T.);
#836 = VERTEX_POINT('',#837);
#837 = CARTESIAN_POINT('',(119.40614872174,68.7,23.));
#838 = VERTEX_POINT('',#839);
#839 = CARTESIAN_POINT('',(119.40614872174,71.7,23.));
#840 = SEAM_CURVE('',#841,(#845,#857),.PCURVE_S1.);
#841 = LINE('',#842,#843);
#842 = CARTESIAN_POINT('',(119.40614872174,68.7,23.));
#843 = VECTOR('',#844,1.);
#844 = DIRECTION('',(0.,1.,-0.));
#845 = PCURVE('',#846,#851);
#846 = CYLINDRICAL_SURFACE('',#847,1.3);
#847 = AXIS2_PLACEMENT_3D('',#848,#849,#850);
#848 = CARTESIAN_POINT('',(120.70614872174,68.7,23.));
#849 = DIRECTION('',(-0.,-1.,0.));
#850 = DIRECTION('',(-1.,0.,0.));
#851 = DEFINITIONAL_REPRESENTATION('',(#852),#856);
#852 = LINE('',#853,#854);
#853 = CARTESIAN_POINT('',(-0.,0.));
#854 = VECTOR('',#855,1.);
#855 = DIRECTION('',(-0.,-1.));
#856 = ( GEOMETRIC_REPRESENTATION_CONTEXT(2) 
PARAMETRIC_REPRESENTATION_CONTEXT() REPRESENTATION_CONTEXT('2D SPACE',''
  ) );
#857 = PCURVE('',#846,#858);
#858 = DEFINITIONAL_REPRESENTATION('',(#859),#863);
#859 = LINE('',#860,#861);
#860 = CARTESIAN_POINT('',(-6.28318530718,0.));
#861 = VECTOR('',#862,1.);
#862 = DIRECTION('',(-0.,-1.));
#863 = ( GEOMETRIC_REPRESENTATION_CONTEXT(2) 
PARAMETRIC_REPRESENTATION_CONTEXT() REPRESENTATION_CONTEXT('2D SPACE',''
  ) );
#864 = ORIENTED_EDGE('',*,*,#865,.T.);
#865 = EDGE_CURVE('',#838,#838,#866,.T.);
#866 = SURFACE_CURVE('',#867,(#872,#879),.PCURVE_S1.);
#867 = CIRCLE('',#868,1.3);
#868 = AXIS2_PLACEMENT_3D('',#869,#870,#871);
#869 = CARTESIAN_POINT('',(120.70614872174,71.7,23.));
#870 = DIRECTION('',(0.,1.,-0.));
#871 = DIRECTION('',(-1.,0.,0.));
#872 = PCURVE('',#846,#873);
#873 = DEFINITIONAL_REPRESENTATION('',(#874),#878);
#874 = LINE('',#875,#876);
#875 = CARTESIAN_POINT('',(-0.,-3.));
#876 = VECTOR('',#877,1.);
#877 = DIRECTION('',(-1.,0.));
#878 = ( GEOMETRIC_REPRESENTATION_CONTEXT(2) 
PARAMETRIC_REPRESENTATION_CONTEXT() REPRESENTATION_CONTEXT('2D SPACE',''
  ) );
#879 = PCURVE('',#72,#880);
#880 = DEFINITIONAL_REPRESENTATION('',(#881),#885);
#881 = CIRCLE('',#882,1.3);
#882 = AXIS2_PLACEMENT_2D('',#883,#884);
#883 = CARTESIAN_POINT('',(-30.70614872174,-62.75));
#884 = DIRECTION('',(1.,0.));
#885 = ( GEOMETRIC_REPRESENTATION_CONTEXT(2) 
PARAMETRIC_REPRESENTATION_CONTEXT() REPRESENTATION_CONTEXT('2D SPACE',''
  ) );
#886 = ORIENTED_EDGE('',*,*,#835,.F.);
#887 = ORIENTED_EDGE('',*,*,#888,.F.);
#888 = EDGE_CURVE('',#836,#836,#889,.T.);
#889 = SURFACE_CURVE('',#890,(#895,#902),.PCURVE_S1.);
#890 = CIRCLE('',#891,1.3);
#891 = AXIS2_PLACEMENT_3D('',#892,#893,#894);
#892 = CARTESIAN_POINT('',(120.70614872174,68.7,23.));
#893 = DIRECTION('',(0.,1.,-0.));
#894 = DIRECTION('',(-1.,0.,0.));
#895 = PCURVE('',#846,#896);
#896 = DEFINITIONAL_REPRESENTATION('',(#897),#901);
#897 = LINE('',#898,#899);
#898 = CARTESIAN_POINT('',(-0.,0.));
#899 = VECTOR('',#900,1.);
#900 = DIRECTION('',(-1.,0.));
#901 = ( GEOMETRIC_REPRESENTATION_CONTEXT(2) 
PARAMETRIC_REPRESENTATION_CONTEXT() REPRESENTATION_CONTEXT('2D SPACE',''
  ) );
#902 = PCURVE('',#126,#903);
#903 = DEFINITIONAL_REPRESENTATION('',(#904),#908);
#904 = CIRCLE('',#905,1.3);
#905 = AXIS2_PLACEMENT_2D('',#906,#907);
#906 = CARTESIAN_POINT('',(-30.70614872174,-62.75));
#907 = DIRECTION('',(1.,0.));
#908 = ( GEOMETRIC_REPRESENTATION_CONTEXT(2) 
PARAMETRIC_REPRESENTATION_CONTEXT() REPRESENTATION_CONTEXT('2D SPACE',''
  ) );
#909 = ADVANCED_FACE('',(#910),#924,.F.);
#910 = FACE_BOUND('',#911,.T.);
#911 = EDGE_LOOP('',(#912,#942,#964,#965));
#912 = ORIENTED_EDGE('',*,*,#913,.T.);
#913 = EDGE_CURVE('',#914,#916,#918,.T.);
#914 = VERTEX_POINT('',#915);
#915 = CARTESIAN_POINT('',(115.24922678357,68.7,25.4));
#916 = VERTEX_POINT('',#917);
#917 = CARTESIAN_POINT('',(115.24922678357,71.7,25.4));
#918 = SEAM_CURVE('',#919,(#923,#935),.PCURVE_S1.);
#919 = LINE('',#920,#921);
#920 = CARTESIAN_POINT('',(115.24922678357,68.7,25.4));
#921 = VECTOR('',#922,1.);
#922 = DIRECTION('',(0.,1.,-0.));
#923 = PCURVE('',#924,#929);
#924 = CYLINDRICAL_SURFACE('',#925,1.3);
#925 = AXIS2_PLACEMENT_3D('',#926,#927,#928);
#926 = CARTESIAN_POINT('',(116.54922678357,68.7,25.4));
#927 = DIRECTION('',(-0.,-1.,0.));
#928 = DIRECTION('',(-1.,0.,0.));
#929 = DEFINITIONAL_REPRESENTATION('',(#930),#934);
#930 = LINE('',#931,#932);
#931 = CARTESIAN_POINT('',(-0.,0.));
#932 = VECTOR('',#933,1.);
#933 = DIRECTION('',(-0.,-1.));
#934 = ( GEOMETRIC_REPRESENTATION_CONTEXT(2) 
PARAMETRIC_REPRESENTATION_CONTEXT() REPRESENTATION_CONTEXT('2D SPACE',''
  ) );
#935 = PCURVE('',#924,#936);
#936 = DEFINITIONAL_REPRESENTATION('',(#937),#941);
#937 = LINE('',#938,#939);
#938 = CARTESIAN_POINT('',(-6.28318530718,0.));
#939 = VECTOR('',#940,1.);
#940 = DIRECTION('',(-0.,-1.));
#941 = ( GEOMETRIC_REPRESENTATION_CONTEXT(2) 
PARAMETRIC_REPRESENTATION_CONTEXT() REPRESENTATION_CONTEXT('2D SPACE',''
  ) );
#942 = ORIENTED_EDGE('',*,*,#943,.T.);
#943 = EDGE_CURVE('',#916,#916,#944,.T.);
#944 = SURFACE_CURVE('',#945,(#950,#957),.PCURVE_S1.);
#945 = CIRCLE('',#946,1.3);
#946 = AXIS2_PLACEMENT_3D('',#947,#948,#949);
#947 = CARTESIAN_POINT('',(116.54922678357,71.7,25.4));
#948 = DIRECTION('',(0.,1.,-0.));
#949 = DIRECTION('',(-1.,0.,0.));
#950 = PCURVE('',#924,#951);
#951 = DEFINITIONAL_REPRESENTATION('',(#952),#956);
#952 = LINE('',#953,#954);
#953 = CARTESIAN_POINT('',(-0.,-3.));
#954 = VECTOR('',#955,1.);
#955 = DIRECTION('',(-1.,0.));
#956 = ( GEOMETRIC_REPRESENTATION_CONTEXT(2) 
PARAMETRIC_REPRESENTATION_CONTEXT() REPRESENTATION_CONTEXT('2D SPACE',''
  ) );
#957 = PCURVE('',#72,#958);
#958 = DEFINITIONAL_REPRESENTATION('',(#959),#963);
#959 = CIRCLE('',#960,1.3);
#960 = AXIS2_PLACEMENT_2D('',#961,#962);
#961 = CARTESIAN_POINT('',(-26.54922678357,-60.35));
#962 = DIRECTION('',(1.,0.));
#963 = ( GEOMETRIC_REPRESENTATION_CONTEXT(2) 
PARAMETRIC_REPRESENTATION_CONTEXT() REPRESENTATION_CONTEXT('2D SPACE',''
  ) );
#964 = ORIENTED_EDGE('',*,*,#913,.F.);
#965 = ORIENTED_EDGE('',*,*,#966,.F.);
#966 = EDGE_CURVE('',#914,#914,#967,.T.);
#967 = SURFACE_CURVE('',#968,(#973,#980),.PCURVE_S1.);
#968 = CIRCLE('',#969,1.3);
#969 = AXIS2_PLACEMENT_3D('',#970,#971,#972);
#970 = CARTESIAN_POINT('',(116.54922678357,68.7,25.4));
#971 = DIRECTION('',(0.,1.,-0.));
#972 = DIRECTION('',(-1.,0.,0.));
#973 = PCURVE('',#924,#974);
#974 = DEFINITIONAL_REPRESENTATION('',(#975),#979);
#975 = LINE('',#976,#977);
#976 = CARTESIAN_POINT('',(-0.,0.));
#977 = VECTOR('',#978,1.);
#978 = DIRECTION('',(-1.,0.));
#979 = ( GEOMETRIC_REPRESENTATION_CONTEXT(2) 
PARAMETRIC_REPRESENTATION_CONTEXT() REPRESENTATION_CONTEXT('2D SPACE',''
  ) );
#980 = PCURVE('',#126,#981);
#981 = DEFINITIONAL_REPRESENTATION('',(#982),#986);
#982 = CIRCLE('',#983,1.3);
#983 = AXIS2_PLACEMENT_2D('',#984,#985);
#984 = CARTESIAN_POINT('',(-26.54922678357,-60.35));
#985 = DIRECTION('',(1.,0.));
#986 = ( GEOMETRIC_REPRESENTATION_CONTEXT(2) 
PARAMETRIC_REPRESENTATION_CONTEXT() REPRESENTATION_CONTEXT('2D SPACE',''
  ) );
#987 = ADVANCED_FACE('',(#988),#1002,.F.);
#988 = FACE_BOUND('',#989,.T.);
#989 = EDGE_LOOP('',(#990,#1020,#1042,#1043));
#990 = ORIENTED_EDGE('',*,*,#991,.T.);
#991 = EDGE_CURVE('',#992,#994,#996,.T.);
#992 = VERTEX_POINT('',#993);
#993 = CARTESIAN_POINT('',(111.09230484541,68.7,23.));
#994 = VERTEX_POINT('',#995);
#995 = CARTESIAN_POINT('',(111.09230484541,71.7,23.));
#996 = SEAM_CURVE('',#997,(#1001,#1013),.PCURVE_S1.);
#997 = LINE('',#998,#999);
#998 = CARTESIAN_POINT('',(111.09230484541,68.7,23.));
#999 = VECTOR('',#1000,1.);
#1000 = DIRECTION('',(0.,1.,-0.));
#1001 = PCURVE('',#1002,#1007);
#1002 = CYLINDRICAL_SURFACE('',#1003,1.3);
#1003 = AXIS2_PLACEMENT_3D('',#1004,#1005,#1006);
#1004 = CARTESIAN_POINT('',(112.39230484541,68.7,23.));
#1005 = DIRECTION('',(-0.,-1.,0.));
#1006 = DIRECTION('',(-1.,0.,0.));
#1007 = DEFINITIONAL_REPRESENTATION('',(#1008),#1012);
#1008 = LINE('',#1009,#1010);
#1009 = CARTESIAN_POINT('',(-0.,0.));
#1010 = VECTOR('',#1011,1.);
#1011 = DIRECTION('',(-0.,-1.));
#1012 = ( GEOMETRIC_REPRESENTATION_CONTEXT(2) 
PARAMETRIC_REPRESENTATION_CONTEXT() REPRESENTATION_CONTEXT('2D SPACE',''
  ) );
#1013 = PCURVE('',#1002,#1014);
#1014 = DEFINITIONAL_REPRESENTATION('',(#1015),#1019);
#1015 = LINE('',#1016,#1017);
#1016 = CARTESIAN_POINT('',(-6.28318530718,0.));
#1017 = VECTOR('',#1018,1.);
#1018 = DIRECTION('',(-0.,-1.));
#1019 = ( GEOMETRIC_REPRESENTATION_CONTEXT(2) 
PARAMETRIC_REPRESENTATION_CONTEXT() REPRESENTATION_CONTEXT('2D SPACE',''
  ) );
#1020 = ORIENTED_EDGE('',*,*,#1021,.T.);
#1021 = EDGE_CURVE('',#994,#994,#1022,.T.);
#1022 = SURFACE_CURVE('',#1023,(#1028,#1035),.PCURVE_S1.);
#1023 = CIRCLE('',#1024,1.3);
#1024 = AXIS2_PLACEMENT_3D('',#1025,#1026,#1027);
#1025 = CARTESIAN_POINT('',(112.39230484541,71.7,23.));
#1026 = DIRECTION('',(0.,1.,-0.));
#1027 = DIRECTION('',(-1.,0.,0.));
#1028 = PCURVE('',#1002,#1029);
#1029 = DEFINITIONAL_REPRESENTATION('',(#1030),#1034);
#1030 = LINE('',#1031,#1032);
#1031 = CARTESIAN_POINT('',(-0.,-3.));
#1032 = VECTOR('',#1033,1.);
#1033 = DIRECTION('',(-1.,0.));
#1034 = ( GEOMETRIC_REPRESENTATION_CONTEXT(2) 
PARAMETRIC_REPRESENTATION_CONTEXT() REPRESENTATION_CONTEXT('2D SPACE',''
  ) );
#1035 = PCURVE('',#72,#1036);
#1036 = DEFINITIONAL_REPRESENTATION('',(#1037),#1041);
#1037 = CIRCLE('',#1038,1.3);
#1038 = AXIS2_PLACEMENT_2D('',#1039,#1040);
#1039 = CARTESIAN_POINT('',(-22.39230484541,-62.75));
#1040 = DIRECTION('',(1.,0.));
#1041 = ( GEOMETRIC_REPRESENTATION_CONTEXT(2) 
PARAMETRIC_REPRESENTATION_CONTEXT() REPRESENTATION_CONTEXT('2D SPACE',''
  ) );
#1042 = ORIENTED_EDGE('',*,*,#991,.F.);
#1043 = ORIENTED_EDGE('',*,*,#1044,.F.);
#1044 = EDGE_CURVE('',#992,#992,#1045,.T.);
#1045 = SURFACE_CURVE('',#1046,(#1051,#1058),.PCURVE_S1.);
#1046 = CIRCLE('',#1047,1.3);
#1047 = AXIS2_PLACEMENT_3D('',#1048,#1049,#1050);
#1048 = CARTESIAN_POINT('',(112.39230484541,68.7,23.));
#1049 = DIRECTION('',(0.,1.,-0.));
#1050 = DIRECTION('',(-1.,0.,0.));
#1051 = PCURVE('',#1002,#1052);
#1052 = DEFINITIONAL_REPRESENTATION('',(#1053),#1057);
#1053 = LINE('',#1054,#1055);
#1054 = CARTESIAN_POINT('',(-0.,0.));
#1055 = VECTOR('',#1056,1.);
#1056 = DIRECTION('',(-1.,0.));
#1057 = ( GEOMETRIC_REPRESENTATION_CONTEXT(2) 
PARAMETRIC_REPRESENTATION_CONTEXT() REPRESENTATION_CONTEXT('2D SPACE',''
  ) );
#1058 = PCURVE('',#126,#1059);
#1059 = DEFINITIONAL_REPRESENTATION('',(#1060),#1064);
#1060 = CIRCLE('',#1061,1.3);
#1061 = AXIS2_PLACEMENT_2D('',#1062,#1063);
#1062 = CARTESIAN_POINT('',(-22.39230484541,-62.75));
#1063 = DIRECTION('',(1.,0.));
#1064 = ( GEOMETRIC_REPRESENTATION_CONTEXT(2) 
PARAMETRIC_REPRESENTATION_CONTEXT() REPRESENTATION_CONTEXT('2D SPACE',''
  ) );
#1065 = ADVANCED_FACE('',(#1066),#1080,.F.);
#1066 = FACE_BOUND('',#1067,.T.);
#1067 = EDGE_LOOP('',(#1068,#1098,#1120,#1121));
#1068 = ORIENTED_EDGE('',*,*,#1069,.T.);
#1069 = EDGE_CURVE('',#1070,#1072,#1074,.T.);
#1070 = VERTEX_POINT('',#1071);
#1071 = CARTESIAN_POINT('',(106.93538290724,68.7,25.4));
#1072 = VERTEX_POINT('',#1073);
#1073 = CARTESIAN_POINT('',(106.93538290724,71.7,25.4));
#1074 = SEAM_CURVE('',#1075,(#1079,#1091),.PCURVE_S1.);
#1075 = LINE('',#1076,#1077);
#1076 = CARTESIAN_POINT('',(106.93538290724,68.7,25.4));
#1077 = VECTOR('',#1078,1.);
#1078 = DIRECTION('',(0.,1.,-0.));
#1079 = PCURVE('',#1080,#1085);
#1080 = CYLINDRICAL_SURFACE('',#1081,1.3);
#1081 = AXIS2_PLACEMENT_3D('',#1082,#1083,#1084);
#1082 = CARTESIAN_POINT('',(108.23538290724,68.7,25.4));
#1083 = DIRECTION('',(-0.,-1.,0.));
#1084 = DIRECTION('',(-1.,0.,0.));
#1085 = DEFINITIONAL_REPRESENTATION('',(#1086),#1090);
#1086 = LINE('',#1087,#1088);
#1087 = CARTESIAN_POINT('',(-0.,0.));
#1088 = VECTOR('',#1089,1.);
#1089 = DIRECTION('',(-0.,-1.));
#1090 = ( GEOMETRIC_REPRESENTATION_CONTEXT(2) 
PARAMETRIC_REPRESENTATION_CONTEXT() REPRESENTATION_CONTEXT('2D SPACE',''
  ) );
#1091 = PCURVE('',#1080,#1092);
#1092 = DEFINITIONAL_REPRESENTATION('',(#1093),#1097);
#1093 = LINE('',#1094,#1095);
#1094 = CARTESIAN_POINT('',(-6.28318530718,0.));
#1095 = VECTOR('',#1096,1.);
#1096 = DIRECTION('',(-0.,-1.));
#1097 = ( GEOMETRIC_REPRESENTATION_CONTEXT(2) 
PARAMETRIC_REPRESENTATION_CONTEXT() REPRESENTATION_CONTEXT('2D SPACE',''
  ) );
#1098 = ORIENTED_EDGE('',*,*,#1099,.T.);
#1099 = EDGE_CURVE('',#1072,#1072,#1100,.T.);
#1100 = SURFACE_CURVE('',#1101,(#1106,#1113),.PCURVE_S1.);
#1101 = CIRCLE('',#1102,1.3);
#1102 = AXIS2_PLACEMENT_3D('',#1103,#1104,#1105);
#1103 = CARTESIAN_POINT('',(108.23538290724,71.7,25.4));
#1104 = DIRECTION('',(0.,1.,-0.));
#1105 = DIRECTION('',(-1.,0.,0.));
#1106 = PCURVE('',#1080,#1107);
#1107 = DEFINITIONAL_REPRESENTATION('',(#1108),#1112);
#1108 = LINE('',#1109,#1110);
#1109 = CARTESIAN_POINT('',(-0.,-3.));
#1110 = VECTOR('',#1111,1.);
#1111 = DIRECTION('',(-1.,0.));
#1112 = ( GEOMETRIC_REPRESENTATION_CONTEXT(2) 
PARAMETRIC_REPRESENTATION_CONTEXT() REPRESENTATION_CONTEXT('2D SPACE',''
  ) );
#1113 = PCURVE('',#72,#1114);
#1114 = DEFINITIONAL_REPRESENTATION('',(#1115),#1119);
#1115 = CIRCLE('',#1116,1.3);
#1116 = AXIS2_PLACEMENT_2D('',#1117,#1118);
#1117 = CARTESIAN_POINT('',(-18.23538290724,-60.35));
#1118 = DIRECTION('',(1.,0.));
#1119 = ( GEOMETRIC_REPRESENTATION_CONTEXT(2) 
PARAMETRIC_REPRESENTATION_CONTEXT() REPRESENTATION_CONTEXT('2D SPACE',''
  ) );
#1120 = ORIENTED_EDGE('',*,*,#1069,.F.);
#1121 = ORIENTED_EDGE('',*,*,#1122,.F.);
#1122 = EDGE_CURVE('',#1070,#1070,#1123,.T.);
#1123 = SURFACE_CURVE('',#1124,(#1129,#1136),.PCURVE_S1.);
#1124 = CIRCLE('',#1125,1.3);
#1125 = AXIS2_PLACEMENT_3D('',#1126,#1127,#1128);
#1126 = CARTESIAN_POINT('',(108.23538290724,68.7,25.4));
#1127 = DIRECTION('',(0.,1.,-0.));
#1128 = DIRECTION('',(-1.,0.,0.));
#1129 = PCURVE('',#1080,#1130);
#1130 = DEFINITIONAL_REPRESENTATION('',(#1131),#1135);
#1131 = LINE('',#1132,#1133);
#1132 = CARTESIAN_POINT('',(-0.,0.));
#1133 = VECTOR('',#1134,1.);
#1134 = DIRECTION('',(-1.,0.));
#1135 = ( GEOMETRIC_REPRESENTATION_CONTEXT(2) 
PARAMETRIC_REPRESENTATION_CONTEXT() REPRESENTATION_CONTEXT('2D SPACE',''
  ) );
#1136 = PCURVE('',#126,#1137);
#1137 = DEFINITIONAL_REPRESENTATION('',(#1138),#1142);
#1138 = CIRCLE('',#1139,1.3);
#1139 = AXIS2_PLACEMENT_2D('',#1140,#1141);
#1140 = CARTESIAN_POINT('',(-18.23538290724,-60.35));
#1141 = DIRECTION('',(1.,0.));
#1142 = ( GEOMETRIC_REPRESENTATION_CONTEXT(2) 
PARAMETRIC_REPRESENTATION_CONTEXT() REPRESENTATION_CONTEXT('2D SPACE',''
  ) );
#1143 = ADVANCED_FACE('',(#1144),#1158,.F.);
#1144 = FACE_BOUND('',#1145,.T.);
#1145 = EDGE_LOOP('',(#1146,#1176,#1198,#1199));
#1146 = ORIENTED_EDGE('',*,*,#1147,.T.);
#1147 = EDGE_CURVE('',#1148,#1150,#1152,.T.);
#1148 = VERTEX_POINT('',#1149);
#1149 = CARTESIAN_POINT('',(102.77846096908,68.7,23.));
#1150 = VERTEX_POINT('',#1151);
#1151 = CARTESIAN_POINT('',(102.77846096908,71.7,23.));
#1152 = SEAM_CURVE('',#1153,(#1157,#1169),.PCURVE_S1.);
#1153 = LINE('',#1154,#1155);
#1154 = CARTESIAN_POINT('',(102.77846096908,68.7,23.));
#1155 = VECTOR('',#1156,1.);
#1156 = DIRECTION('',(0.,1.,-0.));
#1157 = PCURVE('',#1158,#1163);
#1158 = CYLINDRICAL_SURFACE('',#1159,1.3);
#1159 = AXIS2_PLACEMENT_3D('',#1160,#1161,#1162);
#1160 = CARTESIAN_POINT('',(104.07846096908,68.7,23.));
#1161 = DIRECTION('',(-0.,-1.,0.));
#1162 = DIRECTION('',(-1.,0.,0.));
#1163 = DEFINITIONAL_REPRESENTATION('',(#1164),#1168);
#1164 = LINE('',#1165,#1166);
#1165 = CARTESIAN_POINT('',(-0.,0.));
#1166 = VECTOR('',#1167,1.);
#1167 = DIRECTION('',(-0.,-1.));
#1168 = ( GEOMETRIC_REPRESENTATION_CONTEXT(2) 
PARAMETRIC_REPRESENTATION_CONTEXT() REPRESENTATION_CONTEXT('2D SPACE',''
  ) );
#1169 = PCURVE('',#1158,#1170);
#1170 = DEFINITIONAL_REPRESENTATION('',(#1171),#1175);
#1171 = LINE('',#1172,#1173);
#1172 = CARTESIAN_POINT('',(-6.28318530718,0.));
#1173 = VECTOR('',#1174,1.);
#1174 = DIRECTION('',(-0.,-1.));
#1175 = ( GEOMETRIC_REPRESENTATION_CONTEXT(2) 
PARAMETRIC_REPRESENTATION_CONTEXT() REPRESENTATION_CONTEXT('2D SPACE',''
  ) );
#1176 = ORIENTED_EDGE('',*,*,#1177,.T.);
#1177 = EDGE_CURVE('',#1150,#1150,#1178,.T.);
#1178 = SURFACE_CURVE('',#1179,(#1184,#1191),.PCURVE_S1.);
#1179 = CIRCLE('',#1180,1.3);
#1180 = AXIS2_PLACEMENT_3D('',#1181,#1182,#1183);
#1181 = CARTESIAN_POINT('',(104.07846096908,71.7,23.));
#1182 = DIRECTION('',(0.,1.,-0.));
#1183 = DIRECTION('',(-1.,0.,0.));
#1184 = PCURVE('',#1158,#1185);
#1185 = DEFINITIONAL_REPRESENTATION('',(#1186),#1190);
#1186 = LINE('',#1187,#1188);
#1187 = CARTESIAN_POINT('',(-0.,-3.));
#1188 = VECTOR('',#1189,1.);
#1189 = DIRECTION('',(-1.,0.));
#1190 = ( GEOMETRIC_REPRESENTATION_CONTEXT(2) 
PARAMETRIC_REPRESENTATION_CONTEXT() REPRESENTATION_CONTEXT('2D SPACE',''
  ) );
#1191 = PCURVE('',#72,#1192);
#1192 = DEFINITIONAL_REPRESENTATION('',(#1193),#1197);
#1193 = CIRCLE('',#1194,1.3);
#1194 = AXIS2_PLACEMENT_2D('',#1195,#1196);
#1195 = CARTESIAN_POINT('',(-14.07846096908,-62.75));
#1196 = DIRECTION('',(1.,0.));
#1197 = ( GEOMETRIC_REPRESENTATION_CONTEXT(2) 
PARAMETRIC_REPRESENTATION_CONTEXT() REPRESENTATION_CONTEXT('2D SPACE',''
  ) );
#1198 = ORIENTED_EDGE('',*,*,#1147,.F.);
#1199 = ORIENTED_EDGE('',*,*,#1200,.F.);
#1200 = EDGE_CURVE('',#1148,#1148,#1201,.T.);
#1201 = SURFACE_CURVE('',#1202,(#1207,#1214),.PCURVE_S1.);
#1202 = CIRCLE('',#1203,1.3);
#1203 = AXIS2_PLACEMENT_3D('',#1204,#1205,#1206);
#1204 = CARTESIAN_POINT('',(104.07846096908,68.7,23.));
#1205 = DIRECTION('',(0.,1.,-0.));
#1206 = DIRECTION('',(-1.,0.,0.));
#1207 = PCURVE('',#1158,#1208);
#1208 = DEFINITIONAL_REPRESENTATION('',(#1209),#1213);
#1209 = LINE('',#1210,#1211);
#1210 = CARTESIAN_POINT('',(-0.,0.));
#1211 = VECTOR('',#1212,1.);
#1212 = DIRECTION('',(-1.,0.));
#1213 = ( GEOMETRIC_REPRESENTATION_CONTEXT(2) 
PARAMETRIC_REPRESENTATION_CONTEXT() REPRESENTATION_CONTEXT('2D SPACE',''
  ) );
#1214 = PCURVE('',#126,#1215);
#1215 = DEFINITIONAL_REPRESENTATION('',(#1216),#1220);
#1216 = CIRCLE('',#1217,1.3);
#1217 = AXIS2_PLACEMENT_2D('',#1218,#1219);
#1218 = CARTESIAN_POINT('',(-14.07846096908,-62.75));
#1219 = DIRECTION('',(1.,0.));
#1220 = ( GEOMETRIC_REPRESENTATION_CONTEXT(2) 
PARAMETRIC_REPRESENTATION_CONTEXT() REPRESENTATION_CONTEXT('2D SPACE',''
  ) );
#1221 = ADVANCED_FACE('',(#1222),#1236,.F.);
#1222 = FACE_BOUND('',#1223,.T.);
#1223 = EDGE_LOOP('',(#1224,#1254,#1276,#1277));
#1224 = ORIENTED_EDGE('',*,*,#1225,.T.);
#1225 = EDGE_CURVE('',#1226,#1228,#1230,.T.);
#1226 = VERTEX_POINT('',#1227);
#1227 = CARTESIAN_POINT('',(98.621539030917,68.7,25.4));
#1228 = VERTEX_POINT('',#1229);
#1229 = CARTESIAN_POINT('',(98.621539030917,71.7,25.4));
#1230 = SEAM_CURVE('',#1231,(#1235,#1247),.PCURVE_S1.);
#1231 = LINE('',#1232,#1233);
#1232 = CARTESIAN_POINT('',(98.621539030917,68.7,25.4));
#1233 = VECTOR('',#1234,1.);
#1234 = DIRECTION('',(0.,1.,-0.));
#1235 = PCURVE('',#1236,#1241);
#1236 = CYLINDRICAL_SURFACE('',#1237,1.3);
#1237 = AXIS2_PLACEMENT_3D('',#1238,#1239,#1240);
#1238 = CARTESIAN_POINT('',(99.921539030917,68.7,25.4));
#1239 = DIRECTION('',(-0.,-1.,0.));
#1240 = DIRECTION('',(-1.,0.,0.));
#1241 = DEFINITIONAL_REPRESENTATION('',(#1242),#1246);
#1242 = LINE('',#1243,#1244);
#1243 = CARTESIAN_POINT('',(-0.,0.));
#1244 = VECTOR('',#1245,1.);
#1245 = DIRECTION('',(-0.,-1.));
#1246 = ( GEOMETRIC_REPRESENTATION_CONTEXT(2) 
PARAMETRIC_REPRESENTATION_CONTEXT() REPRESENTATION_CONTEXT('2D SPACE',''
  ) );
#1247 = PCURVE('',#1236,#1248);
#1248 = DEFINITIONAL_REPRESENTATION('',(#1249),#1253);
#1249 = LINE('',#1250,#1251);
#1250 = CARTESIAN_POINT('',(-6.28318530718,0.));
#1251 = VECTOR('',#1252,1.);
#1252 = DIRECTION('',(-0.,-1.));
#1253 = ( GEOMETRIC_REPRESENTATION_CONTEXT(2) 
PARAMETRIC_REPRESENTATION_CONTEXT() REPRESENTATION_CONTEXT('2D SPACE',''
  ) );
#1254 = ORIENTED_EDGE('',*,*,#1255,.T.);
#1255 = EDGE_CURVE('',#1228,#1228,#1256,.T.);
#1256 = SURFACE_CURVE('',#1257,(#1262,#1269),.PCURVE_S1.);
#1257 = CIRCLE('',#1258,1.3);
#1258 = AXIS2_PLACEMENT_3D('',#1259,#1260,#1261);
#1259 = CARTESIAN_POINT('',(99.921539030917,71.7,25.4));
#1260 = DIRECTION('',(0.,1.,-0.));
#1261 = DIRECTION('',(-1.,0.,0.));
#1262 = PCURVE('',#1236,#1263);
#1263 = DEFINITIONAL_REPRESENTATION('',(#1264),#1268);
#1264 = LINE('',#1265,#1266);
#1265 = CARTESIAN_POINT('',(-0.,-3.));
#1266 = VECTOR('',#1267,1.);
#1267 = DIRECTION('',(-1.,0.));
#1268 = ( GEOMETRIC_REPRESENTATION_CONTEXT(2) 
PARAMETRIC_REPRESENTATION_CONTEXT() REPRESENTATION_CONTEXT('2D SPACE',''
  ) );
#1269 = PCURVE('',#72,#1270);
#1270 = DEFINITIONAL_REPRESENTATION('',(#1271),#1275);
#1271 = CIRCLE('',#1272,1.3);
#1272 = AXIS2_PLACEMENT_2D('',#1273,#1274);
#1273 = CARTESIAN_POINT('',(-9.921539030917,-60.35));
#1274 = DIRECTION('',(1.,0.));
#1275 = ( GEOMETRIC_REPRESENTATION_CONTEXT(2) 
PARAMETRIC_REPRESENTATION_CONTEXT() REPRESENTATION_CONTEXT('2D SPACE',''
  ) );
#1276 = ORIENTED_EDGE('',*,*,#1225,.F.);
#1277 = ORIENTED_EDGE('',*,*,#1278,.F.);
#1278 = EDGE_CURVE('',#1226,#1226,#1279,.T.);
#1279 = SURFACE_CURVE('',#1280,(#1285,#1292),.PCURVE_S1.);
#1280 = CIRCLE('',#1281,1.3);
#1281 = AXIS2_PLACEMENT_3D('',#1282,#1283,#1284);
#1282 = CARTESIAN_POINT('',(99.921539030917,68.7,25.4));
#1283 = DIRECTION('',(0.,1.,-0.));
#1284 = DIRECTION('',(-1.,0.,0.));
#1285 = PCURVE('',#1236,#1286);
#1286 = DEFINITIONAL_REPRESENTATION('',(#1287),#1291);
#1287 = LINE('',#1288,#1289);
#1288 = CARTESIAN_POINT('',(-0.,0.));
#1289 = VECTOR('',#1290,1.);
#1290 = DIRECTION('',(-1.,0.));
#1291 = ( GEOMETRIC_REPRESENTATION_CONTEXT(2) 
PARAMETRIC_REPRESENTATION_CONTEXT() REPRESENTATION_CONTEXT('2D SPACE',''
  ) );
#1292 = PCURVE('',#126,#1293);
#1293 = DEFINITIONAL_REPRESENTATION('',(#1294),#1298);
#1294 = CIRCLE('',#1295,1.3);
#1295 = AXIS2_PLACEMENT_2D('',#1296,#1297);
#1296 = CARTESIAN_POINT('',(-9.921539030917,-60.35));
#1297 = DIRECTION('',(1.,0.));
#1298 = ( GEOMETRIC_REPRESENTATION_CONTEXT(2) 
PARAMETRIC_REPRESENTATION_CONTEXT() REPRESENTATION_CONTEXT('2D SPACE',''
  ) );
#1299 = ADVANCED_FACE('',(#1300),#1314,.F.);
#1300 = FACE_BOUND('',#1301,.T.);
#1301 = EDGE_LOOP('',(#1302,#1332,#1354,#1355));
#1302 = ORIENTED_EDGE('',*,*,#1303,.T.);
#1303 = EDGE_CURVE('',#1304,#1306,#1308,.T.);
#1304 = VERTEX_POINT('',#1305);
#1305 = CARTESIAN_POINT('',(94.464617092752,68.7,23.));
#1306 = VERTEX_POINT('',#1307);
#1307 = CARTESIAN_POINT('',(94.464617092752,71.7,23.));
#1308 = SEAM_CURVE('',#1309,(#1313,#1325),.PCURVE_S1.);
#1309 = LINE('',#1310,#1311);
#1310 = CARTESIAN_POINT('',(94.464617092752,68.7,23.));
#1311 = VECTOR('',#1312,1.);
#1312 = DIRECTION('',(0.,1.,-0.));
#1313 = PCURVE('',#1314,#1319);
#1314 = CYLINDRICAL_SURFACE('',#1315,1.3);
#1315 = AXIS2_PLACEMENT_3D('',#1316,#1317,#1318);
#1316 = CARTESIAN_POINT('',(95.764617092752,68.7,23.));
#1317 = DIRECTION('',(-0.,-1.,0.));
#1318 = DIRECTION('',(-1.,0.,0.));
#1319 = DEFINITIONAL_REPRESENTATION('',(#1320),#1324);
#1320 = LINE('',#1321,#1322);
#1321 = CARTESIAN_POINT('',(-0.,0.));
#1322 = VECTOR('',#1323,1.);
#1323 = DIRECTION('',(-0.,-1.));
#1324 = ( GEOMETRIC_REPRESENTATION_CONTEXT(2) 
PARAMETRIC_REPRESENTATION_CONTEXT() REPRESENTATION_CONTEXT('2D SPACE',''
  ) );
#1325 = PCURVE('',#1314,#1326);
#1326 = DEFINITIONAL_REPRESENTATION('',(#1327),#1331);
#1327 = LINE('',#1328,#1329);
#1328 = CARTESIAN_POINT('',(-6.28318530718,0.));
#1329 = VECTOR('',#1330,1.);
#1330 = DIRECTION('',(-0.,-1.));
#1331 = ( GEOMETRIC_REPRESENTATION_CONTEXT(2) 
PARAMETRIC_REPRESENTATION_CONTEXT() REPRESENTATION_CONTEXT('2D SPACE',''
  ) );
#1332 = ORIENTED_EDGE('',*,*,#1333,.T.);
#1333 = EDGE_CURVE('',#1306,#1306,#1334,.T.);
#1334 = SURFACE_CURVE('',#1335,(#1340,#1347),.PCURVE_S1.);
#1335 = CIRCLE('',#1336,1.3);
#1336 = AXIS2_PLACEMENT_3D('',#1337,#1338,#1339);
#1337 = CARTESIAN_POINT('',(95.764617092752,71.7,23.));
#1338 = DIRECTION('',(0.,1.,-0.));
#1339 = DIRECTION('',(-1.,0.,0.));
#1340 = PCURVE('',#1314,#1341);
#1341 = DEFINITIONAL_REPRESENTATION('',(#1342),#1346);
#1342 = LINE('',#1343,#1344);
#1343 = CARTESIAN_POINT('',(-0.,-3.));
#1344 = VECTOR('',#1345,1.);
#1345 = DIRECTION('',(-1.,0.));
#1346 = ( GEOMETRIC_REPRESENTATION_CONTEXT(2) 
PARAMETRIC_REPRESENTATION_CONTEXT() REPRESENTATION_CONTEXT('2D SPACE',''
  ) );
#1347 = PCURVE('',#72,#1348);
#1348 = DEFINITIONAL_REPRESENTATION('',(#1349),#1353);
#1349 = CIRCLE('',#1350,1.3);
#1350 = AXIS2_PLACEMENT_2D('',#1351,#1352);
#1351 = CARTESIAN_POINT('',(-5.764617092752,-62.75));
#1352 = DIRECTION('',(1.,0.));
#1353 = ( GEOMETRIC_REPRESENTATION_CONTEXT(2) 
PARAMETRIC_REPRESENTATION_CONTEXT() REPRESENTATION_CONTEXT('2D SPACE',''
  ) );
#1354 = ORIENTED_EDGE('',*,*,#1303,.F.);
#1355 = ORIENTED_EDGE('',*,*,#1356,.F.);
#1356 = EDGE_CURVE('',#1304,#1304,#1357,.T.);
#1357 = SURFACE_CURVE('',#1358,(#1363,#1370),.PCURVE_S1.);
#1358 = CIRCLE('',#1359,1.3);
#1359 = AXIS2_PLACEMENT_3D('',#1360,#1361,#1362);
#1360 = CARTESIAN_POINT('',(95.764617092752,68.7,23.));
#1361 = DIRECTION('',(0.,1.,-0.));
#1362 = DIRECTION('',(-1.,0.,0.));
#1363 = PCURVE('',#1314,#1364);
#1364 = DEFINITIONAL_REPRESENTATION('',(#1365),#1369);
#1365 = LINE('',#1366,#1367);
#1366 = CARTESIAN_POINT('',(-0.,0.));
#1367 = VECTOR('',#1368,1.);
#1368 = DIRECTION('',(-1.,0.));
#1369 = ( GEOMETRIC_REPRESENTATION_CONTEXT(2) 
PARAMETRIC_REPRESENTATION_CONTEXT() REPRESENTATION_CONTEXT('2D SPACE',''
  ) );
#1370 = PCURVE('',#126,#1371);
#1371 = DEFINITIONAL_REPRESENTATION('',(#1372),#1376);
#1372 = CIRCLE('',#1373,1.3);
#1373 = AXIS2_PLACEMENT_2D('',#1374,#1375);
#1374 = CARTESIAN_POINT('',(-5.764617092752,-62.75));
#1375 = DIRECTION('',(1.,0.));
#1376 = ( GEOMETRIC_REPRESENTATION_CONTEXT(2) 
PARAMETRIC_REPRESENTATION_CONTEXT() REPRESENTATION_CONTEXT('2D SPACE',''
  ) );
#1377 = ADVANCED_FACE('',(#1378),#1392,.F.);
#1378 = FACE_BOUND('',#1379,.T.);
#1379 = EDGE_LOOP('',(#1380,#1410,#1432,#1433));
#1380 = ORIENTED_EDGE('',*,*,#1381,.T.);
#1381 = EDGE_CURVE('',#1382,#1384,#1386,.T.);
#1382 = VERTEX_POINT('',#1383);
#1383 = CARTESIAN_POINT('',(90.307695154587,68.7,25.4));
#1384 = VERTEX_POINT('',#1385);
#1385 = CARTESIAN_POINT('',(90.307695154587,71.7,25.4));
#1386 = SEAM_CURVE('',#1387,(#1391,#1403),.PCURVE_S1.);
#1387 = LINE('',#1388,#1389);
#1388 = CARTESIAN_POINT('',(90.307695154587,68.7,25.4));
#1389 = VECTOR('',#1390,1.);
#1390 = DIRECTION('',(0.,1.,-0.));
#1391 = PCURVE('',#1392,#1397);
#1392 = CYLINDRICAL_SURFACE('',#1393,1.3);
#1393 = AXIS2_PLACEMENT_3D('',#1394,#1395,#1396);
#1394 = CARTESIAN_POINT('',(91.607695154587,68.7,25.4));
#1395 = DIRECTION('',(-0.,-1.,0.));
#1396 = DIRECTION('',(-1.,0.,0.));
#1397 = DEFINITIONAL_REPRESENTATION('',(#1398),#1402);
#1398 = LINE('',#1399,#1400);
#1399 = CARTESIAN_POINT('',(-0.,0.));
#1400 = VECTOR('',#1401,1.);
#1401 = DIRECTION('',(-0.,-1.));
#1402 = ( GEOMETRIC_REPRESENTATION_CONTEXT(2) 
PARAMETRIC_REPRESENTATION_CONTEXT() REPRESENTATION_CONTEXT('2D SPACE',''
  ) );
#1403 = PCURVE('',#1392,#1404);
#1404 = DEFINITIONAL_REPRESENTATION('',(#1405),#1409);
#1405 = LINE('',#1406,#1407);
#1406 = CARTESIAN_POINT('',(-6.28318530718,0.));
#1407 = VECTOR('',#1408,1.);
#1408 = DIRECTION('',(-0.,-1.));
#1409 = ( GEOMETRIC_REPRESENTATION_CONTEXT(2) 
PARAMETRIC_REPRESENTATION_CONTEXT() REPRESENTATION_CONTEXT('2D SPACE',''
  ) );
#1410 = ORIENTED_EDGE('',*,*,#1411,.T.);
#1411 = EDGE_CURVE('',#1384,#1384,#1412,.T.);
#1412 = SURFACE_CURVE('',#1413,(#1418,#1425),.PCURVE_S1.);
#1413 = CIRCLE('',#1414,1.3);
#1414 = AXIS2_PLACEMENT_3D('',#1415,#1416,#1417);
#1415 = CARTESIAN_POINT('',(91.607695154587,71.7,25.4));
#1416 = DIRECTION('',(0.,1.,-0.));
#1417 = DIRECTION('',(-1.,0.,0.));
#1418 = PCURVE('',#1392,#1419);
#1419 = DEFINITIONAL_REPRESENTATION('',(#1420),#1424);
#1420 = LINE('',#1421,#1422);
#1421 = CARTESIAN_POINT('',(-0.,-3.));
#1422 = VECTOR('',#1423,1.);
#1423 = DIRECTION('',(-1.,0.));
#1424 = ( GEOMETRIC_REPRESENTATION_CONTEXT(2) 
PARAMETRIC_REPRESENTATION_CONTEXT() REPRESENTATION_CONTEXT('2D SPACE',''
  ) );
#1425 = PCURVE('',#72,#1426);
#1426 = DEFINITIONAL_REPRESENTATION('',(#1427),#1431);
#1427 = CIRCLE('',#1428,1.3);
#1428 = AXIS2_PLACEMENT_2D('',#1429,#1430);
#1429 = CARTESIAN_POINT('',(-1.607695154587,-60.35));
#1430 = DIRECTION('',(1.,0.));
#1431 = ( GEOMETRIC_REPRESENTATION_CONTEXT(2) 
PARAMETRIC_REPRESENTATION_CONTEXT() REPRESENTATION_CONTEXT('2D SPACE',''
  ) );
#1432 = ORIENTED_EDGE('',*,*,#1381,.F.);
#1433 = ORIENTED_EDGE('',*,*,#1434,.F.);
#1434 = EDGE_CURVE('',#1382,#1382,#1435,.T.);
#1435 = SURFACE_CURVE('',#1436,(#1441,#1448),.PCURVE_S1.);
#1436 = CIRCLE('',#1437,1.3);
#1437 = AXIS2_PLACEMENT_3D('',#1438,#1439,#1440);
#1438 = CARTESIAN_POINT('',(91.607695154587,68.7,25.4));
#1439 = DIRECTION('',(0.,1.,-0.));
#1440 = DIRECTION('',(-1.,0.,0.));
#1441 = PCURVE('',#1392,#1442);
#1442 = DEFINITIONAL_REPRESENTATION('',(#1443),#1447);
#1443 = LINE('',#1444,#1445);
#1444 = CARTESIAN_POINT('',(-0.,0.));
#1445 = VECTOR('',#1446,1.);
#1446 = DIRECTION('',(-1.,0.));
#1447 = ( GEOMETRIC_REPRESENTATION_CONTEXT(2) 
PARAMETRIC_REPRESENTATION_CONTEXT() REPRESENTATION_CONTEXT('2D SPACE',''
  ) );
#1448 = PCURVE('',#126,#1449);
#1449 = DEFINITIONAL_REPRESENTATION('',(#1450),#1454);
#1450 = CIRCLE('',#1451,1.3);
#1451 = AXIS2_PLACEMENT_2D('',#1452,#1453);
#1452 = CARTESIAN_POINT('',(-1.607695154587,-60.35));
#1453 = DIRECTION('',(1.,0.));
#1454 = ( GEOMETRIC_REPRESENTATION_CONTEXT(2) 
PARAMETRIC_REPRESENTATION_CONTEXT() REPRESENTATION_CONTEXT('2D SPACE',''
  ) );
#1455 = ADVANCED_FACE('',(#1456),#1470,.F.);
#1456 = FACE_BOUND('',#1457,.T.);
#1457 = EDGE_LOOP('',(#1458,#1488,#1510,#1511));
#1458 = ORIENTED_EDGE('',*,*,#1459,.T.);
#1459 = EDGE_CURVE('',#1460,#1462,#1464,.T.);
#1460 = VERTEX_POINT('',#1461);
#1461 = CARTESIAN_POINT('',(119.40614872174,68.7,27.8));
#1462 = VERTEX_POINT('',#1463);
#1463 = CARTESIAN_POINT('',(119.40614872174,71.7,27.8));
#1464 = SEAM_CURVE('',#1465,(#1469,#1481),.PCURVE_S1.);
#1465 = LINE('',#1466,#1467);
#1466 = CARTESIAN_POINT('',(119.40614872174,68.7,27.8));
#1467 = VECTOR('',#1468,1.);
#1468 = DIRECTION('',(0.,1.,-0.));
#1469 = PCURVE('',#1470,#1475);
#1470 = CYLINDRICAL_SURFACE('',#1471,1.3);
#1471 = AXIS2_PLACEMENT_3D('',#1472,#1473,#1474);
#1472 = CARTESIAN_POINT('',(120.70614872174,68.7,27.8));
#1473 = DIRECTION('',(-0.,-1.,0.));
#1474 = DIRECTION('',(-1.,0.,0.));
#1475 = DEFINITIONAL_REPRESENTATION('',(#1476),#1480);
#1476 = LINE('',#1477,#1478);
#1477 = CARTESIAN_POINT('',(-0.,0.));
#1478 = VECTOR('',#1479,1.);
#1479 = DIRECTION('',(-0.,-1.));
#1480 = ( GEOMETRIC_REPRESENTATION_CONTEXT(2) 
PARAMETRIC_REPRESENTATION_CONTEXT() REPRESENTATION_CONTEXT('2D SPACE',''
  ) );
#1481 = PCURVE('',#1470,#1482);
#1482 = DEFINITIONAL_REPRESENTATION('',(#1483),#1487);
#1483 = LINE('',#1484,#1485);
#1484 = CARTESIAN_POINT('',(-6.28318530718,0.));
#1485 = VECTOR('',#1486,1.);
#1486 = DIRECTION('',(-0.,-1.));
#1487 = ( GEOMETRIC_REPRESENTATION_CONTEXT(2) 
PARAMETRIC_REPRESENTATION_CONTEXT() REPRESENTATION_CONTEXT('2D SPACE',''
  ) );
#1488 = ORIENTED_EDGE('',*,*,#1489,.T.);
#1489 = EDGE_CURVE('',#1462,#1462,#1490,.T.);
#1490 = SURFACE_CURVE('',#1491,(#1496,#1503),.PCURVE_S1.);
#1491 = CIRCLE('',#1492,1.3);
#1492 = AXIS2_PLACEMENT_3D('',#1493,#1494,#1495);
#1493 = CARTESIAN_POINT('',(120.70614872174,71.7,27.8));
#1494 = DIRECTION('',(0.,1.,-0.));
#1495 = DIRECTION('',(-1.,0.,0.));
#1496 = PCURVE('',#1470,#1497);
#1497 = DEFINITIONAL_REPRESENTATION('',(#1498),#1502);
#1498 = LINE('',#1499,#1500);
#1499 = CARTESIAN_POINT('',(-0.,-3.));
#1500 = VECTOR('',#1501,1.);
#1501 = DIRECTION('',(-1.,0.));
#1502 = ( GEOMETRIC_REPRESENTATION_CONTEXT(2) 
PARAMETRIC_REPRESENTATION_CONTEXT() REPRESENTATION_CONTEXT('2D SPACE',''
  ) );
#1503 = PCURVE('',#72,#1504);
#1504 = DEFINITIONAL_REPRESENTATION('',(#1505),#1509);
#1505 = CIRCLE('',#1506,1.3);
#1506 = AXIS2_PLACEMENT_2D('',#1507,#1508);
#1507 = CARTESIAN_POINT('',(-30.70614872174,-57.95));
#1508 = DIRECTION('',(1.,0.));
#1509 = ( GEOMETRIC_REPRESENTATION_CONTEXT(2) 
PARAMETRIC_REPRESENTATION_CONTEXT() REPRESENTATION_CONTEXT('2D SPACE',''
  ) );
#1510 = ORIENTED_EDGE('',*,*,#1459,.F.);
#1511 = ORIENTED_EDGE('',*,*,#1512,.F.);
#1512 = EDGE_CURVE('',#1460,#1460,#1513,.T.);
#1513 = SURFACE_CURVE('',#1514,(#1519,#1526),.PCURVE_S1.);
#1514 = CIRCLE('',#1515,1.3);
#1515 = AXIS2_PLACEMENT_3D('',#1516,#1517,#1518);
#1516 = CARTESIAN_POINT('',(120.70614872174,68.7,27.8));
#1517 = DIRECTION('',(0.,1.,-0.));
#1518 = DIRECTION('',(-1.,0.,0.));
#1519 = PCURVE('',#1470,#1520);
#1520 = DEFINITIONAL_REPRESENTATION('',(#1521),#1525);
#1521 = LINE('',#1522,#1523);
#1522 = CARTESIAN_POINT('',(-0.,0.));
#1523 = VECTOR('',#1524,1.);
#1524 = DIRECTION('',(-1.,0.));
#1525 = ( GEOMETRIC_REPRESENTATION_CONTEXT(2) 
PARAMETRIC_REPRESENTATION_CONTEXT() REPRESENTATION_CONTEXT('2D SPACE',''
  ) );
#1526 = PCURVE('',#126,#1527);
#1527 = DEFINITIONAL_REPRESENTATION('',(#1528),#1532);
#1528 = CIRCLE('',#1529,1.3);
#1529 = AXIS2_PLACEMENT_2D('',#1530,#1531);
#1530 = CARTESIAN_POINT('',(-30.70614872174,-57.95));
#1531 = DIRECTION('',(1.,0.));
#1532 = ( GEOMETRIC_REPRESENTATION_CONTEXT(2) 
PARAMETRIC_REPRESENTATION_CONTEXT() REPRESENTATION_CONTEXT('2D SPACE',''
  ) );
#1533 = ADVANCED_FACE('',(#1534),#1548,.F.);
#1534 = FACE_BOUND('',#1535,.T.);
#1535 = EDGE_LOOP('',(#1536,#1566,#1588,#1589));
#1536 = ORIENTED_EDGE('',*,*,#1537,.T.);
#1537 = EDGE_CURVE('',#1538,#1540,#1542,.T.);
#1538 = VERTEX_POINT('',#1539);
#1539 = CARTESIAN_POINT('',(115.24922678357,68.7,30.2));
#1540 = VERTEX_POINT('',#1541);
#1541 = CARTESIAN_POINT('',(115.24922678357,71.7,30.2));
#1542 = SEAM_CURVE('',#1543,(#1547,#1559),.PCURVE_S1.);
#1543 = LINE('',#1544,#1545);
#1544 = CARTESIAN_POINT('',(115.24922678357,68.7,30.2));
#1545 = VECTOR('',#1546,1.);
#1546 = DIRECTION('',(0.,1.,-0.));
#1547 = PCURVE('',#1548,#1553);
#1548 = CYLINDRICAL_SURFACE('',#1549,1.3);
#1549 = AXIS2_PLACEMENT_3D('',#1550,#1551,#1552);
#1550 = CARTESIAN_POINT('',(116.54922678357,68.7,30.2));
#1551 = DIRECTION('',(-0.,-1.,0.));
#1552 = DIRECTION('',(-1.,0.,0.));
#1553 = DEFINITIONAL_REPRESENTATION('',(#1554),#1558);
#1554 = LINE('',#1555,#1556);
#1555 = CARTESIAN_POINT('',(-0.,0.));
#1556 = VECTOR('',#1557,1.);
#1557 = DIRECTION('',(-0.,-1.));
#1558 = ( GEOMETRIC_REPRESENTATION_CONTEXT(2) 
PARAMETRIC_REPRESENTATION_CONTEXT() REPRESENTATION_CONTEXT('2D SPACE',''
  ) );
#1559 = PCURVE('',#1548,#1560);
#1560 = DEFINITIONAL_REPRESENTATION('',(#1561),#1565);
#1561 = LINE('',#1562,#1563);
#1562 = CARTESIAN_POINT('',(-6.28318530718,0.));
#1563 = VECTOR('',#1564,1.);
#1564 = DIRECTION('',(-0.,-1.));
#1565 = ( GEOMETRIC_REPRESENTATION_CONTEXT(2) 
PARAMETRIC_REPRESENTATION_CONTEXT() REPRESENTATION_CONTEXT('2D SPACE',''
  ) );
#1566 = ORIENTED_EDGE('',*,*,#1567,.T.);
#1567 = EDGE_CURVE('',#1540,#1540,#1568,.T.);
#1568 = SURFACE_CURVE('',#1569,(#1574,#1581),.PCURVE_S1.);
#1569 = CIRCLE('',#1570,1.3);
#1570 = AXIS2_PLACEMENT_3D('',#1571,#1572,#1573);
#1571 = CARTESIAN_POINT('',(116.54922678357,71.7,30.2));
#1572 = DIRECTION('',(0.,1.,-0.));
#1573 = DIRECTION('',(-1.,0.,0.));
#1574 = PCURVE('',#1548,#1575);
#1575 = DEFINITIONAL_REPRESENTATION('',(#1576),#1580);
#1576 = LINE('',#1577,#1578);
#1577 = CARTESIAN_POINT('',(-0.,-3.));
#1578 = VECTOR('',#1579,1.);
#1579 = DIRECTION('',(-1.,0.));
#1580 = ( GEOMETRIC_REPRESENTATION_CONTEXT(2) 
PARAMETRIC_REPRESENTATION_CONTEXT() REPRESENTATION_CONTEXT('2D SPACE',''
  ) );
#1581 = PCURVE('',#72,#1582);
#1582 = DEFINITIONAL_REPRESENTATION('',(#1583),#1587);
#1583 = CIRCLE('',#1584,1.3);
#1584 = AXIS2_PLACEMENT_2D('',#1585,#1586);
#1585 = CARTESIAN_POINT('',(-26.54922678357,-55.55));
#1586 = DIRECTION('',(1.,0.));
#1587 = ( GEOMETRIC_REPRESENTATION_CONTEXT(2) 
PARAMETRIC_REPRESENTATION_CONTEXT() REPRESENTATION_CONTEXT('2D SPACE',''
  ) );
#1588 = ORIENTED_EDGE('',*,*,#1537,.F.);
#1589 = ORIENTED_EDGE('',*,*,#1590,.F.);
#1590 = EDGE_CURVE('',#1538,#1538,#1591,.T.);
#1591 = SURFACE_CURVE('',#1592,(#1597,#1604),.PCURVE_S1.);
#1592 = CIRCLE('',#1593,1.3);
#1593 = AXIS2_PLACEMENT_3D('',#1594,#1595,#1596);
#1594 = CARTESIAN_POINT('',(116.54922678357,68.7,30.2));
#1595 = DIRECTION('',(0.,1.,-0.));
#1596 = DIRECTION('',(-1.,0.,0.));
#1597 = PCURVE('',#1548,#1598);
#1598 = DEFINITIONAL_REPRESENTATION('',(#1599),#1603);
#1599 = LINE('',#1600,#1601);
#1600 = CARTESIAN_POINT('',(-0.,0.));
#1601 = VECTOR('',#1602,1.);
#1602 = DIRECTION('',(-1.,0.));
#1603 = ( GEOMETRIC_REPRESENTATION_CONTEXT(2) 
PARAMETRIC_REPRESENTATION_CONTEXT() REPRESENTATION_CONTEXT('2D SPACE',''
  ) );
#1604 = PCURVE('',#126,#1605);
#1605 = DEFINITIONAL_REPRESENTATION('',(#1606),#1610);
#1606 = CIRCLE('',#1607,1.3);
#1607 = AXIS2_PLACEMENT_2D('',#1608,#1609);
#1608 = CARTESIAN_POINT('',(-26.54922678357,-55.55));
#1609 = DIRECTION('',(1.,0.));
#1610 = ( GEOMETRIC_REPRESENTATION_CONTEXT(2) 
PARAMETRIC_REPRESENTATION_CONTEXT() REPRESENTATION_CONTEXT('2D SPACE',''
  ) );
#1611 = ADVANCED_FACE('',(#1612),#1626,.F.);
#1612 = FACE_BOUND('',#1613,.T.);
#1613 = EDGE_LOOP('',(#1614,#1644,#1666,#1667));
#1614 = ORIENTED_EDGE('',*,*,#1615,.T.);
#1615 = EDGE_CURVE('',#1616,#1618,#1620,.T.);
#1616 = VERTEX_POINT('',#1617);
#1617 = CARTESIAN_POINT('',(111.09230484541,68.7,27.8));
#1618 = VERTEX_POINT('',#1619);
#1619 = CARTESIAN_POINT('',(111.09230484541,71.7,27.8));
#1620 = SEAM_CURVE('',#1621,(#1625,#1637),.PCURVE_S1.);
#1621 = LINE('',#1622,#1623);
#1622 = CARTESIAN_POINT('',(111.09230484541,68.7,27.8));
#1623 = VECTOR('',#1624,1.);
#1624 = DIRECTION('',(0.,1.,-0.));
#1625 = PCURVE('',#1626,#1631);
#1626 = CYLINDRICAL_SURFACE('',#1627,1.3);
#1627 = AXIS2_PLACEMENT_3D('',#1628,#1629,#1630);
#1628 = CARTESIAN_POINT('',(112.39230484541,68.7,27.8));
#1629 = DIRECTION('',(-0.,-1.,0.));
#1630 = DIRECTION('',(-1.,0.,0.));
#1631 = DEFINITIONAL_REPRESENTATION('',(#1632),#1636);
#1632 = LINE('',#1633,#1634);
#1633 = CARTESIAN_POINT('',(-0.,0.));
#1634 = VECTOR('',#1635,1.);
#1635 = DIRECTION('',(-0.,-1.));
#1636 = ( GEOMETRIC_REPRESENTATION_CONTEXT(2) 
PARAMETRIC_REPRESENTATION_CONTEXT() REPRESENTATION_CONTEXT('2D SPACE',''
  ) );
#1637 = PCURVE('',#1626,#1638);
#1638 = DEFINITIONAL_REPRESENTATION('',(#1639),#1643);
#1639 = LINE('',#1640,#1641);
#1640 = CARTESIAN_POINT('',(-6.28318530718,0.));
#1641 = VECTOR('',#1642,1.);
#1642 = DIRECTION('',(-0.,-1.));
#1643 = ( GEOMETRIC_REPRESENTATION_CONTEXT(2) 
PARAMETRIC_REPRESENTATION_CONTEXT() REPRESENTATION_CONTEXT('2D SPACE',''
  ) );
#1644 = ORIENTED_EDGE('',*,*,#1645,.T.);
#1645 = EDGE_CURVE('',#1618,#1618,#1646,.T.);
#1646 = SURFACE_CURVE('',#1647,(#1652,#1659),.PCURVE_S1.);
#1647 = CIRCLE('',#1648,1.3);
#1648 = AXIS2_PLACEMENT_3D('',#1649,#1650,#1651);
#1649 = CARTESIAN_POINT('',(112.39230484541,71.7,27.8));
#1650 = DIRECTION('',(0.,1.,-0.));
#1651 = DIRECTION('',(-1.,0.,0.));
#1652 = PCURVE('',#1626,#1653);
#1653 = DEFINITIONAL_REPRESENTATION('',(#1654),#1658);
#1654 = LINE('',#1655,#1656);
#1655 = CARTESIAN_POINT('',(-0.,-3.));
#1656 = VECTOR('',#1657,1.);
#1657 = DIRECTION('',(-1.,0.));
#1658 = ( GEOMETRIC_REPRESENTATION_CONTEXT(2) 
PARAMETRIC_REPRESENTATION_CONTEXT() REPRESENTATION_CONTEXT('2D SPACE',''
  ) );
#1659 = PCURVE('',#72,#1660);
#1660 = DEFINITIONAL_REPRESENTATION('',(#1661),#1665);
#1661 = CIRCLE('',#1662,1.3);
#1662 = AXIS2_PLACEMENT_2D('',#1663,#1664);
#1663 = CARTESIAN_POINT('',(-22.39230484541,-57.95));
#1664 = DIRECTION('',(1.,0.));
#1665 = ( GEOMETRIC_REPRESENTATION_CONTEXT(2) 
PARAMETRIC_REPRESENTATION_CONTEXT() REPRESENTATION_CONTEXT('2D SPACE',''
  ) );
#1666 = ORIENTED_EDGE('',*,*,#1615,.F.);
#1667 = ORIENTED_EDGE('',*,*,#1668,.F.);
#1668 = EDGE_CURVE('',#1616,#1616,#1669,.T.);
#1669 = SURFACE_CURVE('',#1670,(#1675,#1682),.PCURVE_S1.);
#1670 = CIRCLE('',#1671,1.3);
#1671 = AXIS2_PLACEMENT_3D('',#1672,#1673,#1674);
#1672 = CARTESIAN_POINT('',(112.39230484541,68.7,27.8));
#1673 = DIRECTION('',(0.,1.,-0.));
#1674 = DIRECTION('',(-1.,0.,0.));
#1675 = PCURVE('',#1626,#1676);
#1676 = DEFINITIONAL_REPRESENTATION('',(#1677),#1681);
#1677 = LINE('',#1678,#1679);
#1678 = CARTESIAN_POINT('',(-0.,0.));
#1679 = VECTOR('',#1680,1.);
#1680 = DIRECTION('',(-1.,0.));
#1681 = ( GEOMETRIC_REPRESENTATION_CONTEXT(2) 
PARAMETRIC_REPRESENTATION_CONTEXT() REPRESENTATION_CONTEXT('2D SPACE',''
  ) );
#1682 = PCURVE('',#126,#1683);
#1683 = DEFINITIONAL_REPRESENTATION('',(#1684),#1688);
#1684 = CIRCLE('',#1685,1.3);
#1685 = AXIS2_PLACEMENT_2D('',#1686,#1687);
#1686 = CARTESIAN_POINT('',(-22.39230484541,-57.95));
#1687 = DIRECTION('',(1.,0.));
#1688 = ( GEOMETRIC_REPRESENTATION_CONTEXT(2) 
PARAMETRIC_REPRESENTATION_CONTEXT() REPRESENTATION_CONTEXT('2D SPACE',''
  ) );
#1689 = ADVANCED_FACE('',(#1690),#1704,.F.);
#1690 = FACE_BOUND('',#1691,.T.);
#1691 = EDGE_LOOP('',(#1692,#1722,#1744,#1745));
#1692 = ORIENTED_EDGE('',*,*,#1693,.T.);
#1693 = EDGE_CURVE('',#1694,#1696,#1698,.T.);
#1694 = VERTEX_POINT('',#1695);
#1695 = CARTESIAN_POINT('',(119.40614872174,68.7,32.6));
#1696 = VERTEX_POINT('',#1697);
#1697 = CARTESIAN_POINT('',(119.40614872174,71.7,32.6));
#1698 = SEAM_CURVE('',#1699,(#1703,#1715),.PCURVE_S1.);
#1699 = LINE('',#1700,#1701);
#1700 = CARTESIAN_POINT('',(119.40614872174,68.7,32.6));
#1701 = VECTOR('',#1702,1.);
#1702 = DIRECTION('',(0.,1.,-0.));
#1703 = PCURVE('',#1704,#1709);
#1704 = CYLINDRICAL_SURFACE('',#1705,1.3);
#1705 = AXIS2_PLACEMENT_3D('',#1706,#1707,#1708);
#1706 = CARTESIAN_POINT('',(120.70614872174,68.7,32.6));
#1707 = DIRECTION('',(-0.,-1.,0.));
#1708 = DIRECTION('',(-1.,0.,0.));
#1709 = DEFINITIONAL_REPRESENTATION('',(#1710),#1714);
#1710 = LINE('',#1711,#1712);
#1711 = CARTESIAN_POINT('',(-0.,0.));
#1712 = VECTOR('',#1713,1.);
#1713 = DIRECTION('',(-0.,-1.));
#1714 = ( GEOMETRIC_REPRESENTATION_CONTEXT(2) 
PARAMETRIC_REPRESENTATION_CONTEXT() REPRESENTATION_CONTEXT('2D SPACE',''
  ) );
#1715 = PCURVE('',#1704,#1716);
#1716 = DEFINITIONAL_REPRESENTATION('',(#1717),#1721);
#1717 = LINE('',#1718,#1719);
#1718 = CARTESIAN_POINT('',(-6.28318530718,0.));
#1719 = VECTOR('',#1720,1.);
#1720 = DIRECTION('',(-0.,-1.));
#1721 = ( GEOMETRIC_REPRESENTATION_CONTEXT(2) 
PARAMETRIC_REPRESENTATION_CONTEXT() REPRESENTATION_CONTEXT('2D SPACE',''
  ) );
#1722 = ORIENTED_EDGE('',*,*,#1723,.T.);
#1723 = EDGE_CURVE('',#1696,#1696,#1724,.T.);
#1724 = SURFACE_CURVE('',#1725,(#1730,#1737),.PCURVE_S1.);
#1725 = CIRCLE('',#1726,1.3);
#1726 = AXIS2_PLACEMENT_3D('',#1727,#1728,#1729);
#1727 = CARTESIAN_POINT('',(120.70614872174,71.7,32.6));
#1728 = DIRECTION('',(0.,1.,-0.));
#1729 = DIRECTION('',(-1.,0.,0.));
#1730 = PCURVE('',#1704,#1731);
#1731 = DEFINITIONAL_REPRESENTATION('',(#1732),#1736);
#1732 = LINE('',#1733,#1734);
#1733 = CARTESIAN_POINT('',(-0.,-3.));
#1734 = VECTOR('',#1735,1.);
#1735 = DIRECTION('',(-1.,0.));
#1736 = ( GEOMETRIC_REPRESENTATION_CONTEXT(2) 
PARAMETRIC_REPRESENTATION_CONTEXT() REPRESENTATION_CONTEXT('2D SPACE',''
  ) );
#1737 = PCURVE('',#72,#1738);
#1738 = DEFINITIONAL_REPRESENTATION('',(#1739),#1743);
#1739 = CIRCLE('',#1740,1.3);
#1740 = AXIS2_PLACEMENT_2D('',#1741,#1742);
#1741 = CARTESIAN_POINT('',(-30.70614872174,-53.15));
#1742 = DIRECTION('',(1.,0.));
#1743 = ( GEOMETRIC_REPRESENTATION_CONTEXT(2) 
PARAMETRIC_REPRESENTATION_CONTEXT() REPRESENTATION_CONTEXT('2D SPACE',''
  ) );
#1744 = ORIENTED_EDGE('',*,*,#1693,.F.);
#1745 = ORIENTED_EDGE('',*,*,#1746,.F.);
#1746 = EDGE_CURVE('',#1694,#1694,#1747,.T.);
#1747 = SURFACE_CURVE('',#1748,(#1753,#1760),.PCURVE_S1.);
#1748 = CIRCLE('',#1749,1.3);
#1749 = AXIS2_PLACEMENT_3D('',#1750,#1751,#1752);
#1750 = CARTESIAN_POINT('',(120.70614872174,68.7,32.6));
#1751 = DIRECTION('',(0.,1.,-0.));
#1752 = DIRECTION('',(-1.,0.,0.));
#1753 = PCURVE('',#1704,#1754);
#1754 = DEFINITIONAL_REPRESENTATION('',(#1755),#1759);
#1755 = LINE('',#1756,#1757);
#1756 = CARTESIAN_POINT('',(-0.,0.));
#1757 = VECTOR('',#1758,1.);
#1758 = DIRECTION('',(-1.,0.));
#1759 = ( GEOMETRIC_REPRESENTATION_CONTEXT(2) 
PARAMETRIC_REPRESENTATION_CONTEXT() REPRESENTATION_CONTEXT('2D SPACE',''
  ) );
#1760 = PCURVE('',#126,#1761);
#1761 = DEFINITIONAL_REPRESENTATION('',(#1762),#1766);
#1762 = CIRCLE('',#1763,1.3);
#1763 = AXIS2_PLACEMENT_2D('',#1764,#1765);
#1764 = CARTESIAN_POINT('',(-30.70614872174,-53.15));
#1765 = DIRECTION('',(1.,0.));
#1766 = ( GEOMETRIC_REPRESENTATION_CONTEXT(2) 
PARAMETRIC_REPRESENTATION_CONTEXT() REPRESENTATION_CONTEXT('2D SPACE',''
  ) );
#1767 = ADVANCED_FACE('',(#1768),#1782,.F.);
#1768 = FACE_BOUND('',#1769,.T.);
#1769 = EDGE_LOOP('',(#1770,#1800,#1822,#1823));
#1770 = ORIENTED_EDGE('',*,*,#1771,.T.);
#1771 = EDGE_CURVE('',#1772,#1774,#1776,.T.);
#1772 = VERTEX_POINT('',#1773);
#1773 = CARTESIAN_POINT('',(115.24922678357,68.7,35.));
#1774 = VERTEX_POINT('',#1775);
#1775 = CARTESIAN_POINT('',(115.24922678357,71.7,35.));
#1776 = SEAM_CURVE('',#1777,(#1781,#1793),.PCURVE_S1.);
#1777 = LINE('',#1778,#1779);
#1778 = CARTESIAN_POINT('',(115.24922678357,68.7,35.));
#1779 = VECTOR('',#1780,1.);
#1780 = DIRECTION('',(0.,1.,-0.));
#1781 = PCURVE('',#1782,#1787);
#1782 = CYLINDRICAL_SURFACE('',#1783,1.3);
#1783 = AXIS2_PLACEMENT_3D('',#1784,#1785,#1786);
#1784 = CARTESIAN_POINT('',(116.54922678357,68.7,35.));
#1785 = DIRECTION('',(-0.,-1.,0.));
#1786 = DIRECTION('',(-1.,0.,0.));
#1787 = DEFINITIONAL_REPRESENTATION('',(#1788),#1792);
#1788 = LINE('',#1789,#1790);
#1789 = CARTESIAN_POINT('',(-0.,0.));
#1790 = VECTOR('',#1791,1.);
#1791 = DIRECTION('',(-0.,-1.));
#1792 = ( GEOMETRIC_REPRESENTATION_CONTEXT(2) 
PARAMETRIC_REPRESENTATION_CONTEXT() REPRESENTATION_CONTEXT('2D SPACE',''
  ) );
#1793 = PCURVE('',#1782,#1794);
#1794 = DEFINITIONAL_REPRESENTATION('',(#1795),#1799);
#1795 = LINE('',#1796,#1797);
#1796 = CARTESIAN_POINT('',(-6.28318530718,0.));
#1797 = VECTOR('',#1798,1.);
#1798 = DIRECTION('',(-0.,-1.));
#1799 = ( GEOMETRIC_REPRESENTATION_CONTEXT(2) 
PARAMETRIC_REPRESENTATION_CONTEXT() REPRESENTATION_CONTEXT('2D SPACE',''
  ) );
#1800 = ORIENTED_EDGE('',*,*,#1801,.T.);
#1801 = EDGE_CURVE('',#1774,#1774,#1802,.T.);
#1802 = SURFACE_CURVE('',#1803,(#1808,#1815),.PCURVE_S1.);
#1803 = CIRCLE('',#1804,1.3);
#1804 = AXIS2_PLACEMENT_3D('',#1805,#1806,#1807);
#1805 = CARTESIAN_POINT('',(116.54922678357,71.7,35.));
#1806 = DIRECTION('',(0.,1.,-0.));
#1807 = DIRECTION('',(-1.,0.,0.));
#1808 = PCURVE('',#1782,#1809);
#1809 = DEFINITIONAL_REPRESENTATION('',(#1810),#1814);
#1810 = LINE('',#1811,#1812);
#1811 = CARTESIAN_POINT('',(-0.,-3.));
#1812 = VECTOR('',#1813,1.);
#1813 = DIRECTION('',(-1.,0.));
#1814 = ( GEOMETRIC_REPRESENTATION_CONTEXT(2) 
PARAMETRIC_REPRESENTATION_CONTEXT() REPRESENTATION_CONTEXT('2D SPACE',''
  ) );
#1815 = PCURVE('',#72,#1816);
#1816 = DEFINITIONAL_REPRESENTATION('',(#1817),#1821);
#1817 = CIRCLE('',#1818,1.3);
#1818 = AXIS2_PLACEMENT_2D('',#1819,#1820);
#1819 = CARTESIAN_POINT('',(-26.54922678357,-50.75));
#1820 = DIRECTION('',(1.,0.));
#1821 = ( GEOMETRIC_REPRESENTATION_CONTEXT(2) 
PARAMETRIC_REPRESENTATION_CONTEXT() REPRESENTATION_CONTEXT('2D SPACE',''
  ) );
#1822 = ORIENTED_EDGE('',*,*,#1771,.F.);
#1823 = ORIENTED_EDGE('',*,*,#1824,.F.);
#1824 = EDGE_CURVE('',#1772,#1772,#1825,.T.);
#1825 = SURFACE_CURVE('',#1826,(#1831,#1838),.PCURVE_S1.);
#1826 = CIRCLE('',#1827,1.3);
#1827 = AXIS2_PLACEMENT_3D('',#1828,#1829,#1830);
#1828 = CARTESIAN_POINT('',(116.54922678357,68.7,35.));
#1829 = DIRECTION('',(0.,1.,-0.));
#1830 = DIRECTION('',(-1.,0.,0.));
#1831 = PCURVE('',#1782,#1832);
#1832 = DEFINITIONAL_REPRESENTATION('',(#1833),#1837);
#1833 = LINE('',#1834,#1835);
#1834 = CARTESIAN_POINT('',(-0.,0.));
#1835 = VECTOR('',#1836,1.);
#1836 = DIRECTION('',(-1.,0.));
#1837 = ( GEOMETRIC_REPRESENTATION_CONTEXT(2) 
PARAMETRIC_REPRESENTATION_CONTEXT() REPRESENTATION_CONTEXT('2D SPACE',''
  ) );
#1838 = PCURVE('',#126,#1839);
#1839 = DEFINITIONAL_REPRESENTATION('',(#1840),#1844);
#1840 = CIRCLE('',#1841,1.3);
#1841 = AXIS2_PLACEMENT_2D('',#1842,#1843);
#1842 = CARTESIAN_POINT('',(-26.54922678357,-50.75));
#1843 = DIRECTION('',(1.,0.));
#1844 = ( GEOMETRIC_REPRESENTATION_CONTEXT(2) 
PARAMETRIC_REPRESENTATION_CONTEXT() REPRESENTATION_CONTEXT('2D SPACE',''
  ) );
#1845 = ADVANCED_FACE('',(#1846),#1860,.F.);
#1846 = FACE_BOUND('',#1847,.T.);
#1847 = EDGE_LOOP('',(#1848,#1878,#1900,#1901));
#1848 = ORIENTED_EDGE('',*,*,#1849,.T.);
#1849 = EDGE_CURVE('',#1850,#1852,#1854,.T.);
#1850 = VERTEX_POINT('',#1851);
#1851 = CARTESIAN_POINT('',(111.09230484541,68.7,32.6));
#1852 = VERTEX_POINT('',#1853);
#1853 = CARTESIAN_POINT('',(111.09230484541,71.7,32.6));
#1854 = SEAM_CURVE('',#1855,(#1859,#1871),.PCURVE_S1.);
#1855 = LINE('',#1856,#1857);
#1856 = CARTESIAN_POINT('',(111.09230484541,68.7,32.6));
#1857 = VECTOR('',#1858,1.);
#1858 = DIRECTION('',(0.,1.,-0.));
#1859 = PCURVE('',#1860,#1865);
#1860 = CYLINDRICAL_SURFACE('',#1861,1.3);
#1861 = AXIS2_PLACEMENT_3D('',#1862,#1863,#1864);
#1862 = CARTESIAN_POINT('',(112.39230484541,68.7,32.6));
#1863 = DIRECTION('',(-0.,-1.,0.));
#1864 = DIRECTION('',(-1.,0.,0.));
#1865 = DEFINITIONAL_REPRESENTATION('',(#1866),#1870);
#1866 = LINE('',#1867,#1868);
#1867 = CARTESIAN_POINT('',(-0.,0.));
#1868 = VECTOR('',#1869,1.);
#1869 = DIRECTION('',(-0.,-1.));
#1870 = ( GEOMETRIC_REPRESENTATION_CONTEXT(2) 
PARAMETRIC_REPRESENTATION_CONTEXT() REPRESENTATION_CONTEXT('2D SPACE',''
  ) );
#1871 = PCURVE('',#1860,#1872);
#1872 = DEFINITIONAL_REPRESENTATION('',(#1873),#1877);
#1873 = LINE('',#1874,#1875);
#1874 = CARTESIAN_POINT('',(-6.28318530718,0.));
#1875 = VECTOR('',#1876,1.);
#1876 = DIRECTION('',(-0.,-1.));
#1877 = ( GEOMETRIC_REPRESENTATION_CONTEXT(2) 
PARAMETRIC_REPRESENTATION_CONTEXT() REPRESENTATION_CONTEXT('2D SPACE',''
  ) );
#1878 = ORIENTED_EDGE('',*,*,#1879,.T.);
#1879 = EDGE_CURVE('',#1852,#1852,#1880,.T.);
#1880 = SURFACE_CURVE('',#1881,(#1886,#1893),.PCURVE_S1.);
#1881 = CIRCLE('',#1882,1.3);
#1882 = AXIS2_PLACEMENT_3D('',#1883,#1884,#1885);
#1883 = CARTESIAN_POINT('',(112.39230484541,71.7,32.6));
#1884 = DIRECTION('',(0.,1.,-0.));
#1885 = DIRECTION('',(-1.,0.,0.));
#1886 = PCURVE('',#1860,#1887);
#1887 = DEFINITIONAL_REPRESENTATION('',(#1888),#1892);
#1888 = LINE('',#1889,#1890);
#1889 = CARTESIAN_POINT('',(-0.,-3.));
#1890 = VECTOR('',#1891,1.);
#1891 = DIRECTION('',(-1.,0.));
#1892 = ( GEOMETRIC_REPRESENTATION_CONTEXT(2) 
PARAMETRIC_REPRESENTATION_CONTEXT() REPRESENTATION_CONTEXT('2D SPACE',''
  ) );
#1893 = PCURVE('',#72,#1894);
#1894 = DEFINITIONAL_REPRESENTATION('',(#1895),#1899);
#1895 = CIRCLE('',#1896,1.3);
#1896 = AXIS2_PLACEMENT_2D('',#1897,#1898);
#1897 = CARTESIAN_POINT('',(-22.39230484541,-53.15));
#1898 = DIRECTION('',(1.,0.));
#1899 = ( GEOMETRIC_REPRESENTATION_CONTEXT(2) 
PARAMETRIC_REPRESENTATION_CONTEXT() REPRESENTATION_CONTEXT('2D SPACE',''
  ) );
#1900 = ORIENTED_EDGE('',*,*,#1849,.F.);
#1901 = ORIENTED_EDGE('',*,*,#1902,.F.);
#1902 = EDGE_CURVE('',#1850,#1850,#1903,.T.);
#1903 = SURFACE_CURVE('',#1904,(#1909,#1916),.PCURVE_S1.);
#1904 = CIRCLE('',#1905,1.3);
#1905 = AXIS2_PLACEMENT_3D('',#1906,#1907,#1908);
#1906 = CARTESIAN_POINT('',(112.39230484541,68.7,32.6));
#1907 = DIRECTION('',(0.,1.,-0.));
#1908 = DIRECTION('',(-1.,0.,0.));
#1909 = PCURVE('',#1860,#1910);
#1910 = DEFINITIONAL_REPRESENTATION('',(#1911),#1915);
#1911 = LINE('',#1912,#1913);
#1912 = CARTESIAN_POINT('',(-0.,0.));
#1913 = VECTOR('',#1914,1.);
#1914 = DIRECTION('',(-1.,0.));
#1915 = ( GEOMETRIC_REPRESENTATION_CONTEXT(2) 
PARAMETRIC_REPRESENTATION_CONTEXT() REPRESENTATION_CONTEXT('2D SPACE',''
  ) );
#1916 = PCURVE('',#126,#1917);
#1917 = DEFINITIONAL_REPRESENTATION('',(#1918),#1922);
#1918 = CIRCLE('',#1919,1.3);
#1919 = AXIS2_PLACEMENT_2D('',#1920,#1921);
#1920 = CARTESIAN_POINT('',(-22.39230484541,-53.15));
#1921 = DIRECTION('',(1.,0.));
#1922 = ( GEOMETRIC_REPRESENTATION_CONTEXT(2) 
PARAMETRIC_REPRESENTATION_CONTEXT() REPRESENTATION_CONTEXT('2D SPACE',''
  ) );
#1923 = ADVANCED_FACE('',(#1924),#1938,.F.);
#1924 = FACE_BOUND('',#1925,.T.);
#1925 = EDGE_LOOP('',(#1926,#1956,#1978,#1979));
#1926 = ORIENTED_EDGE('',*,*,#1927,.T.);
#1927 = EDGE_CURVE('',#1928,#1930,#1932,.T.);
#1928 = VERTEX_POINT('',#1929);
#1929 = CARTESIAN_POINT('',(119.40614872174,68.7,37.4));
#1930 = VERTEX_POINT('',#1931);
#1931 = CARTESIAN_POINT('',(119.40614872174,71.7,37.4));
#1932 = SEAM_CURVE('',#1933,(#1937,#1949),.PCURVE_S1.);
#1933 = LINE('',#1934,#1935);
#1934 = CARTESIAN_POINT('',(119.40614872174,68.7,37.4));
#1935 = VECTOR('',#1936,1.);
#1936 = DIRECTION('',(0.,1.,-0.));
#1937 = PCURVE('',#1938,#1943);
#1938 = CYLINDRICAL_SURFACE('',#1939,1.3);
#1939 = AXIS2_PLACEMENT_3D('',#1940,#1941,#1942);
#1940 = CARTESIAN_POINT('',(120.70614872174,68.7,37.4));
#1941 = DIRECTION('',(-0.,-1.,0.));
#1942 = DIRECTION('',(-1.,0.,0.));
#1943 = DEFINITIONAL_REPRESENTATION('',(#1944),#1948);
#1944 = LINE('',#1945,#1946);
#1945 = CARTESIAN_POINT('',(-0.,0.));
#1946 = VECTOR('',#1947,1.);
#1947 = DIRECTION('',(-0.,-1.));
#1948 = ( GEOMETRIC_REPRESENTATION_CONTEXT(2) 
PARAMETRIC_REPRESENTATION_CONTEXT() REPRESENTATION_CONTEXT('2D SPACE',''
  ) );
#1949 = PCURVE('',#1938,#1950);
#1950 = DEFINITIONAL_REPRESENTATION('',(#1951),#1955);
#1951 = LINE('',#1952,#1953);
#1952 = CARTESIAN_POINT('',(-6.28318530718,0.));
#1953 = VECTOR('',#1954,1.);
#1954 = DIRECTION('',(-0.,-1.));
#1955 = ( GEOMETRIC_REPRESENTATION_CONTEXT(2) 
PARAMETRIC_REPRESENTATION_CONTEXT() REPRESENTATION_CONTEXT('2D SPACE',''
  ) );
#1956 = ORIENTED_EDGE('',*,*,#1957,.T.);
#1957 = EDGE_CURVE('',#1930,#1930,#1958,.T.);
#1958 = SURFACE_CURVE('',#1959,(#1964,#1971),.PCURVE_S1.);
#1959 = CIRCLE('',#1960,1.3);
#1960 = AXIS2_PLACEMENT_3D('',#1961,#1962,#1963);
#1961 = CARTESIAN_POINT('',(120.70614872174,71.7,37.4));
#1962 = DIRECTION('',(0.,1.,-0.));
#1963 = DIRECTION('',(-1.,0.,0.));
#1964 = PCURVE('',#1938,#1965);
#1965 = DEFINITIONAL_REPRESENTATION('',(#1966),#1970);
#1966 = LINE('',#1967,#1968);
#1967 = CARTESIAN_POINT('',(-0.,-3.));
#1968 = VECTOR('',#1969,1.);
#1969 = DIRECTION('',(-1.,0.));
#1970 = ( GEOMETRIC_REPRESENTATION_CONTEXT(2) 
PARAMETRIC_REPRESENTATION_CONTEXT() REPRESENTATION_CONTEXT('2D SPACE',''
  ) );
#1971 = PCURVE('',#72,#1972);
#1972 = DEFINITIONAL_REPRESENTATION('',(#1973),#1977);
#1973 = CIRCLE('',#1974,1.3);
#1974 = AXIS2_PLACEMENT_2D('',#1975,#1976);
#1975 = CARTESIAN_POINT('',(-30.70614872174,-48.35));
#1976 = DIRECTION('',(1.,0.));
#1977 = ( GEOMETRIC_REPRESENTATION_CONTEXT(2) 
PARAMETRIC_REPRESENTATION_CONTEXT() REPRESENTATION_CONTEXT('2D SPACE',''
  ) );
#1978 = ORIENTED_EDGE('',*,*,#1927,.F.);
#1979 = ORIENTED_EDGE('',*,*,#1980,.F.);
#1980 = EDGE_CURVE('',#1928,#1928,#1981,.T.);
#1981 = SURFACE_CURVE('',#1982,(#1987,#1994),.PCURVE_S1.);
#1982 = CIRCLE('',#1983,1.3);
#1983 = AXIS2_PLACEMENT_3D('',#1984,#1985,#1986);
#1984 = CARTESIAN_POINT('',(120.70614872174,68.7,37.4));
#1985 = DIRECTION('',(0.,1.,-0.));
#1986 = DIRECTION('',(-1.,0.,0.));
#1987 = PCURVE('',#1938,#1988);
#1988 = DEFINITIONAL_REPRESENTATION('',(#1989),#1993);
#1989 = LINE('',#1990,#1991);
#1990 = CARTESIAN_POINT('',(-0.,0.));
#1991 = VECTOR('',#1992,1.);
#1992 = DIRECTION('',(-1.,0.));
#1993 = ( GEOMETRIC_REPRESENTATION_CONTEXT(2) 
PARAMETRIC_REPRESENTATION_CONTEXT() REPRESENTATION_CONTEXT('2D SPACE',''
  ) );
#1994 = PCURVE('',#126,#1995);
#1995 = DEFINITIONAL_REPRESENTATION('',(#1996),#2000);
#1996 = CIRCLE('',#1997,1.3);
#1997 = AXIS2_PLACEMENT_2D('',#1998,#1999);
#1998 = CARTESIAN_POINT('',(-30.70614872174,-48.35));
#1999 = DIRECTION('',(1.,0.));
#2000 = ( GEOMETRIC_REPRESENTATION_CONTEXT(2) 
PARAMETRIC_REPRESENTATION_CONTEXT() REPRESENTATION_CONTEXT('2D SPACE',''
  ) );
#2001 = ADVANCED_FACE('',(#2002),#2016,.F.);
#2002 = FACE_BOUND('',#2003,.T.);
#2003 = EDGE_LOOP('',(#2004,#2034,#2056,#2057));
#2004 = ORIENTED_EDGE('',*,*,#2005,.T.);
#2005 = EDGE_CURVE('',#2006,#2008,#2010,.T.);
#2006 = VERTEX_POINT('',#2007);
#2007 = CARTESIAN_POINT('',(115.24922678357,68.7,39.8));
#2008 = VERTEX_POINT('',#2009);
#2009 = CARTESIAN_POINT('',(115.24922678357,71.7,39.8));
#2010 = SEAM_CURVE('',#2011,(#2015,#2027),.PCURVE_S1.);
#2011 = LINE('',#2012,#2013);
#2012 = CARTESIAN_POINT('',(115.24922678357,68.7,39.8));
#2013 = VECTOR('',#2014,1.);
#2014 = DIRECTION('',(0.,1.,-0.));
#2015 = PCURVE('',#2016,#2021);
#2016 = CYLINDRICAL_SURFACE('',#2017,1.3);
#2017 = AXIS2_PLACEMENT_3D('',#2018,#2019,#2020);
#2018 = CARTESIAN_POINT('',(116.54922678357,68.7,39.8));
#2019 = DIRECTION('',(-0.,-1.,0.));
#2020 = DIRECTION('',(-1.,0.,0.));
#2021 = DEFINITIONAL_REPRESENTATION('',(#2022),#2026);
#2022 = LINE('',#2023,#2024);
#2023 = CARTESIAN_POINT('',(-0.,0.));
#2024 = VECTOR('',#2025,1.);
#2025 = DIRECTION('',(-0.,-1.));
#2026 = ( GEOMETRIC_REPRESENTATION_CONTEXT(2) 
PARAMETRIC_REPRESENTATION_CONTEXT() REPRESENTATION_CONTEXT('2D SPACE',''
  ) );
#2027 = PCURVE('',#2016,#2028);
#2028 = DEFINITIONAL_REPRESENTATION('',(#2029),#2033);
#2029 = LINE('',#2030,#2031);
#2030 = CARTESIAN_POINT('',(-6.28318530718,0.));
#2031 = VECTOR('',#2032,1.);
#2032 = DIRECTION('',(-0.,-1.));
#2033 = ( GEOMETRIC_REPRESENTATION_CONTEXT(2) 
PARAMETRIC_REPRESENTATION_CONTEXT() REPRESENTATION_CONTEXT('2D SPACE',''
  ) );
#2034 = ORIENTED_EDGE('',*,*,#2035,.T.);
#2035 = EDGE_CURVE('',#2008,#2008,#2036,.T.);
#2036 = SURFACE_CURVE('',#2037,(#2042,#2049),.PCURVE_S1.);
#2037 = CIRCLE('',#2038,1.3);
#2038 = AXIS2_PLACEMENT_3D('',#2039,#2040,#2041);
#2039 = CARTESIAN_POINT('',(116.54922678357,71.7,39.8));
#2040 = DIRECTION('',(0.,1.,-0.));
#2041 = DIRECTION('',(-1.,0.,0.));
#2042 = PCURVE('',#2016,#2043);
#2043 = DEFINITIONAL_REPRESENTATION('',(#2044),#2048);
#2044 = LINE('',#2045,#2046);
#2045 = CARTESIAN_POINT('',(-0.,-3.));
#2046 = VECTOR('',#2047,1.);
#2047 = DIRECTION('',(-1.,0.));
#2048 = ( GEOMETRIC_REPRESENTATION_CONTEXT(2) 
PARAMETRIC_REPRESENTATION_CONTEXT() REPRESENTATION_CONTEXT('2D SPACE',''
  ) );
#2049 = PCURVE('',#72,#2050);
#2050 = DEFINITIONAL_REPRESENTATION('',(#2051),#2055);
#2051 = CIRCLE('',#2052,1.3);
#2052 = AXIS2_PLACEMENT_2D('',#2053,#2054);
#2053 = CARTESIAN_POINT('',(-26.54922678357,-45.95));
#2054 = DIRECTION('',(1.,0.));
#2055 = ( GEOMETRIC_REPRESENTATION_CONTEXT(2) 
PARAMETRIC_REPRESENTATION_CONTEXT() REPRESENTATION_CONTEXT('2D SPACE',''
  ) );
#2056 = ORIENTED_EDGE('',*,*,#2005,.F.);
#2057 = ORIENTED_EDGE('',*,*,#2058,.F.);
#2058 = EDGE_CURVE('',#2006,#2006,#2059,.T.);
#2059 = SURFACE_CURVE('',#2060,(#2065,#2072),.PCURVE_S1.);
#2060 = CIRCLE('',#2061,1.3);
#2061 = AXIS2_PLACEMENT_3D('',#2062,#2063,#2064);
#2062 = CARTESIAN_POINT('',(116.54922678357,68.7,39.8));
#2063 = DIRECTION('',(0.,1.,-0.));
#2064 = DIRECTION('',(-1.,0.,0.));
#2065 = PCURVE('',#2016,#2066);
#2066 = DEFINITIONAL_REPRESENTATION('',(#2067),#2071);
#2067 = LINE('',#2068,#2069);
#2068 = CARTESIAN_POINT('',(-0.,0.));
#2069 = VECTOR('',#2070,1.);
#2070 = DIRECTION('',(-1.,0.));
#2071 = ( GEOMETRIC_REPRESENTATION_CONTEXT(2) 
PARAMETRIC_REPRESENTATION_CONTEXT() REPRESENTATION_CONTEXT('2D SPACE',''
  ) );
#2072 = PCURVE('',#126,#2073);
#2073 = DEFINITIONAL_REPRESENTATION('',(#2074),#2078);
#2074 = CIRCLE('',#2075,1.3);
#2075 = AXIS2_PLACEMENT_2D('',#2076,#2077);
#2076 = CARTESIAN_POINT('',(-26.54922678357,-45.95));
#2077 = DIRECTION('',(1.,0.));
#2078 = ( GEOMETRIC_REPRESENTATION_CONTEXT(2) 
PARAMETRIC_REPRESENTATION_CONTEXT() REPRESENTATION_CONTEXT('2D SPACE',''
  ) );
#2079 = ADVANCED_FACE('',(#2080),#2094,.F.);
#2080 = FACE_BOUND('',#2081,.T.);
#2081 = EDGE_LOOP('',(#2082,#2112,#2134,#2135));
#2082 = ORIENTED_EDGE('',*,*,#2083,.T.);
#2083 = EDGE_CURVE('',#2084,#2086,#2088,.T.);
#2084 = VERTEX_POINT('',#2085);
#2085 = CARTESIAN_POINT('',(111.09230484541,68.7,37.4));
#2086 = VERTEX_POINT('',#2087);
#2087 = CARTESIAN_POINT('',(111.09230484541,71.7,37.4));
#2088 = SEAM_CURVE('',#2089,(#2093,#2105),.PCURVE_S1.);
#2089 = LINE('',#2090,#2091);
#2090 = CARTESIAN_POINT('',(111.09230484541,68.7,37.4));
#2091 = VECTOR('',#2092,1.);
#2092 = DIRECTION('',(0.,1.,-0.));
#2093 = PCURVE('',#2094,#2099);
#2094 = CYLINDRICAL_SURFACE('',#2095,1.3);
#2095 = AXIS2_PLACEMENT_3D('',#2096,#2097,#2098);
#2096 = CARTESIAN_POINT('',(112.39230484541,68.7,37.4));
#2097 = DIRECTION('',(-0.,-1.,0.));
#2098 = DIRECTION('',(-1.,0.,0.));
#2099 = DEFINITIONAL_REPRESENTATION('',(#2100),#2104);
#2100 = LINE('',#2101,#2102);
#2101 = CARTESIAN_POINT('',(-0.,0.));
#2102 = VECTOR('',#2103,1.);
#2103 = DIRECTION('',(-0.,-1.));
#2104 = ( GEOMETRIC_REPRESENTATION_CONTEXT(2) 
PARAMETRIC_REPRESENTATION_CONTEXT() REPRESENTATION_CONTEXT('2D SPACE',''
  ) );
#2105 = PCURVE('',#2094,#2106);
#2106 = DEFINITIONAL_REPRESENTATION('',(#2107),#2111);
#2107 = LINE('',#2108,#2109);
#2108 = CARTESIAN_POINT('',(-6.28318530718,0.));
#2109 = VECTOR('',#2110,1.);
#2110 = DIRECTION('',(-0.,-1.));
#2111 = ( GEOMETRIC_REPRESENTATION_CONTEXT(2) 
PARAMETRIC_REPRESENTATION_CONTEXT() REPRESENTATION_CONTEXT('2D SPACE',''
  ) );
#2112 = ORIENTED_EDGE('',*,*,#2113,.T.);
#2113 = EDGE_CURVE('',#2086,#2086,#2114,.T.);
#2114 = SURFACE_CURVE('',#2115,(#2120,#2127),.PCURVE_S1.);
#2115 = CIRCLE('',#2116,1.3);
#2116 = AXIS2_PLACEMENT_3D('',#2117,#2118,#2119);
#2117 = CARTESIAN_POINT('',(112.39230484541,71.7,37.4));
#2118 = DIRECTION('',(0.,1.,-0.));
#2119 = DIRECTION('',(-1.,0.,0.));
#2120 = PCURVE('',#2094,#2121);
#2121 = DEFINITIONAL_REPRESENTATION('',(#2122),#2126);
#2122 = LINE('',#2123,#2124);
#2123 = CARTESIAN_POINT('',(-0.,-3.));
#2124 = VECTOR('',#2125,1.);
#2125 = DIRECTION('',(-1.,0.));
#2126 = ( GEOMETRIC_REPRESENTATION_CONTEXT(2) 
PARAMETRIC_REPRESENTATION_CONTEXT() REPRESENTATION_CONTEXT('2D SPACE',''
  ) );
#2127 = PCURVE('',#72,#2128);
#2128 = DEFINITIONAL_REPRESENTATION('',(#2129),#2133);
#2129 = CIRCLE('',#2130,1.3);
#2130 = AXIS2_PLACEMENT_2D('',#2131,#2132);
#2131 = CARTESIAN_POINT('',(-22.39230484541,-48.35));
#2132 = DIRECTION('',(1.,0.));
#2133 = ( GEOMETRIC_REPRESENTATION_CONTEXT(2) 
PARAMETRIC_REPRESENTATION_CONTEXT() REPRESENTATION_CONTEXT('2D SPACE',''
  ) );
#2134 = ORIENTED_EDGE('',*,*,#2083,.F.);
#2135 = ORIENTED_EDGE('',*,*,#2136,.F.);
#2136 = EDGE_CURVE('',#2084,#2084,#2137,.T.);
#2137 = SURFACE_CURVE('',#2138,(#2143,#2150),.PCURVE_S1.);
#2138 = CIRCLE('',#2139,1.3);
#2139 = AXIS2_PLACEMENT_3D('',#2140,#2141,#2142);
#2140 = CARTESIAN_POINT('',(112.39230484541,68.7,37.4));
#2141 = DIRECTION('',(0.,1.,-0.));
#2142 = DIRECTION('',(-1.,0.,0.));
#2143 = PCURVE('',#2094,#2144);
#2144 = DEFINITIONAL_REPRESENTATION('',(#2145),#2149);
#2145 = LINE('',#2146,#2147);
#2146 = CARTESIAN_POINT('',(-0.,0.));
#2147 = VECTOR('',#2148,1.);
#2148 = DIRECTION('',(-1.,0.));
#2149 = ( GEOMETRIC_REPRESENTATION_CONTEXT(2) 
PARAMETRIC_REPRESENTATION_CONTEXT() REPRESENTATION_CONTEXT('2D SPACE',''
  ) );
#2150 = PCURVE('',#126,#2151);
#2151 = DEFINITIONAL_REPRESENTATION('',(#2152),#2156);
#2152 = CIRCLE('',#2153,1.3);
#2153 = AXIS2_PLACEMENT_2D('',#2154,#2155);
#2154 = CARTESIAN_POINT('',(-22.39230484541,-48.35));
#2155 = DIRECTION('',(1.,0.));
#2156 = ( GEOMETRIC_REPRESENTATION_CONTEXT(2) 
PARAMETRIC_REPRESENTATION_CONTEXT() REPRESENTATION_CONTEXT('2D SPACE',''
  ) );
#2157 = ADVANCED_FACE('',(#2158),#2172,.F.);
#2158 = FACE_BOUND('',#2159,.T.);
#2159 = EDGE_LOOP('',(#2160,#2190,#2212,#2213));
#2160 = ORIENTED_EDGE('',*,*,#2161,.T.);
#2161 = EDGE_CURVE('',#2162,#2164,#2166,.T.);
#2162 = VERTEX_POINT('',#2163);
#2163 = CARTESIAN_POINT('',(119.40614872174,68.7,42.2));
#2164 = VERTEX_POINT('',#2165);
#2165 = CARTESIAN_POINT('',(119.40614872174,71.7,42.2));
#2166 = SEAM_CURVE('',#2167,(#2171,#2183),.PCURVE_S1.);
#2167 = LINE('',#2168,#2169);
#2168 = CARTESIAN_POINT('',(119.40614872174,68.7,42.2));
#2169 = VECTOR('',#2170,1.);
#2170 = DIRECTION('',(0.,1.,-0.));
#2171 = PCURVE('',#2172,#2177);
#2172 = CYLINDRICAL_SURFACE('',#2173,1.3);
#2173 = AXIS2_PLACEMENT_3D('',#2174,#2175,#2176);
#2174 = CARTESIAN_POINT('',(120.70614872174,68.7,42.2));
#2175 = DIRECTION('',(-0.,-1.,0.));
#2176 = DIRECTION('',(-1.,0.,0.));
#2177 = DEFINITIONAL_REPRESENTATION('',(#2178),#2182);
#2178 = LINE('',#2179,#2180);
#2179 = CARTESIAN_POINT('',(-0.,0.));
#2180 = VECTOR('',#2181,1.);
#2181 = DIRECTION('',(-0.,-1.));
#2182 = ( GEOMETRIC_REPRESENTATION_CONTEXT(2) 
PARAMETRIC_REPRESENTATION_CONTEXT() REPRESENTATION_CONTEXT('2D SPACE',''
  ) );
#2183 = PCURVE('',#2172,#2184);
#2184 = DEFINITIONAL_REPRESENTATION('',(#2185),#2189);
#2185 = LINE('',#2186,#2187);
#2186 = CARTESIAN_POINT('',(-6.28318530718,0.));
#2187 = VECTOR('',#2188,1.);
#2188 = DIRECTION('',(-0.,-1.));
#2189 = ( GEOMETRIC_REPRESENTATION_CONTEXT(2) 
PARAMETRIC_REPRESENTATION_CONTEXT() REPRESENTATION_CONTEXT('2D SPACE',''
  ) );
#2190 = ORIENTED_EDGE('',*,*,#2191,.T.);
#2191 = EDGE_CURVE('',#2164,#2164,#2192,.T.);
#2192 = SURFACE_CURVE('',#2193,(#2198,#2205),.PCURVE_S1.);
#2193 = CIRCLE('',#2194,1.3);
#2194 = AXIS2_PLACEMENT_3D('',#2195,#2196,#2197);
#2195 = CARTESIAN_POINT('',(120.70614872174,71.7,42.2));
#2196 = DIRECTION('',(0.,1.,-0.));
#2197 = DIRECTION('',(-1.,0.,0.));
#2198 = PCURVE('',#2172,#2199);
#2199 = DEFINITIONAL_REPRESENTATION('',(#2200),#2204);
#2200 = LINE('',#2201,#2202);
#2201 = CARTESIAN_POINT('',(-0.,-3.));
#2202 = VECTOR('',#2203,1.);
#2203 = DIRECTION('',(-1.,0.));
#2204 = ( GEOMETRIC_REPRESENTATION_CONTEXT(2) 
PARAMETRIC_REPRESENTATION_CONTEXT() REPRESENTATION_CONTEXT('2D SPACE',''
  ) );
#2205 = PCURVE('',#72,#2206);
#2206 = DEFINITIONAL_REPRESENTATION('',(#2207),#2211);
#2207 = CIRCLE('',#2208,1.3);
#2208 = AXIS2_PLACEMENT_2D('',#2209,#2210);
#2209 = CARTESIAN_POINT('',(-30.70614872174,-43.55));
#2210 = DIRECTION('',(1.,0.));
#2211 = ( GEOMETRIC_REPRESENTATION_CONTEXT(2) 
PARAMETRIC_REPRESENTATION_CONTEXT() REPRESENTATION_CONTEXT('2D SPACE',''
  ) );
#2212 = ORIENTED_EDGE('',*,*,#2161,.F.);
#2213 = ORIENTED_EDGE('',*,*,#2214,.F.);
#2214 = EDGE_CURVE('',#2162,#2162,#2215,.T.);
#2215 = SURFACE_CURVE('',#2216,(#2221,#2228),.PCURVE_S1.);
#2216 = CIRCLE('',#2217,1.3);
#2217 = AXIS2_PLACEMENT_3D('',#2218,#2219,#2220);
#2218 = CARTESIAN_POINT('',(120.70614872174,68.7,42.2));
#2219 = DIRECTION('',(0.,1.,-0.));
#2220 = DIRECTION('',(-1.,0.,0.));
#2221 = PCURVE('',#2172,#2222);
#2222 = DEFINITIONAL_REPRESENTATION('',(#2223),#2227);
#2223 = LINE('',#2224,#2225);
#2224 = CARTESIAN_POINT('',(-0.,0.));
#2225 = VECTOR('',#2226,1.);
#2226 = DIRECTION('',(-1.,0.));
#2227 = ( GEOMETRIC_REPRESENTATION_CONTEXT(2) 
PARAMETRIC_REPRESENTATION_CONTEXT() REPRESENTATION_CONTEXT('2D SPACE',''
  ) );
#2228 = PCURVE('',#126,#2229);
#2229 = DEFINITIONAL_REPRESENTATION('',(#2230),#2234);
#2230 = CIRCLE('',#2231,1.3);
#2231 = AXIS2_PLACEMENT_2D('',#2232,#2233);
#2232 = CARTESIAN_POINT('',(-30.70614872174,-43.55));
#2233 = DIRECTION('',(1.,0.));
#2234 = ( GEOMETRIC_REPRESENTATION_CONTEXT(2) 
PARAMETRIC_REPRESENTATION_CONTEXT() REPRESENTATION_CONTEXT('2D SPACE',''
  ) );
#2235 = ADVANCED_FACE('',(#2236),#2250,.F.);
#2236 = FACE_BOUND('',#2237,.T.);
#2237 = EDGE_LOOP('',(#2238,#2268,#2290,#2291));
#2238 = ORIENTED_EDGE('',*,*,#2239,.T.);
#2239 = EDGE_CURVE('',#2240,#2242,#2244,.T.);
#2240 = VERTEX_POINT('',#2241);
#2241 = CARTESIAN_POINT('',(115.24922678357,68.7,44.6));
#2242 = VERTEX_POINT('',#2243);
#2243 = CARTESIAN_POINT('',(115.24922678357,71.7,44.6));
#2244 = SEAM_CURVE('',#2245,(#2249,#2261),.PCURVE_S1.);
#2245 = LINE('',#2246,#2247);
#2246 = CARTESIAN_POINT('',(115.24922678357,68.7,44.6));
#2247 = VECTOR('',#2248,1.);
#2248 = DIRECTION('',(0.,1.,-0.));
#2249 = PCURVE('',#2250,#2255);
#2250 = CYLINDRICAL_SURFACE('',#2251,1.3);
#2251 = AXIS2_PLACEMENT_3D('',#2252,#2253,#2254);
#2252 = CARTESIAN_POINT('',(116.54922678357,68.7,44.6));
#2253 = DIRECTION('',(-0.,-1.,0.));
#2254 = DIRECTION('',(-1.,0.,0.));
#2255 = DEFINITIONAL_REPRESENTATION('',(#2256),#2260);
#2256 = LINE('',#2257,#2258);
#2257 = CARTESIAN_POINT('',(-0.,0.));
#2258 = VECTOR('',#2259,1.);
#2259 = DIRECTION('',(-0.,-1.));
#2260 = ( GEOMETRIC_REPRESENTATION_CONTEXT(2) 
PARAMETRIC_REPRESENTATION_CONTEXT() REPRESENTATION_CONTEXT('2D SPACE',''
  ) );
#2261 = PCURVE('',#2250,#2262);
#2262 = DEFINITIONAL_REPRESENTATION('',(#2263),#2267);
#2263 = LINE('',#2264,#2265);
#2264 = CARTESIAN_POINT('',(-6.28318530718,0.));
#2265 = VECTOR('',#2266,1.);
#2266 = DIRECTION('',(-0.,-1.));
#2267 = ( GEOMETRIC_REPRESENTATION_CONTEXT(2) 
PARAMETRIC_REPRESENTATION_CONTEXT() REPRESENTATION_CONTEXT('2D SPACE',''
  ) );
#2268 = ORIENTED_EDGE('',*,*,#2269,.T.);
#2269 = EDGE_CURVE('',#2242,#2242,#2270,.T.);
#2270 = SURFACE_CURVE('',#2271,(#2276,#2283),.PCURVE_S1.);
#2271 = CIRCLE('',#2272,1.3);
#2272 = AXIS2_PLACEMENT_3D('',#2273,#2274,#2275);
#2273 = CARTESIAN_POINT('',(116.54922678357,71.7,44.6));
#2274 = DIRECTION('',(0.,1.,-0.));
#2275 = DIRECTION('',(-1.,0.,0.));
#2276 = PCURVE('',#2250,#2277);
#2277 = DEFINITIONAL_REPRESENTATION('',(#2278),#2282);
#2278 = LINE('',#2279,#2280);
#2279 = CARTESIAN_POINT('',(-0.,-3.));
#2280 = VECTOR('',#2281,1.);
#2281 = DIRECTION('',(-1.,0.));
#2282 = ( GEOMETRIC_REPRESENTATION_CONTEXT(2) 
PARAMETRIC_REPRESENTATION_CONTEXT() REPRESENTATION_CONTEXT('2D SPACE',''
  ) );
#2283 = PCURVE('',#72,#2284);
#2284 = DEFINITIONAL_REPRESENTATION('',(#2285),#2289);
#2285 = CIRCLE('',#2286,1.3);
#2286 = AXIS2_PLACEMENT_2D('',#2287,#2288);
#2287 = CARTESIAN_POINT('',(-26.54922678357,-41.15));
#2288 = DIRECTION('',(1.,0.));
#2289 = ( GEOMETRIC_REPRESENTATION_CONTEXT(2) 
PARAMETRIC_REPRESENTATION_CONTEXT() REPRESENTATION_CONTEXT('2D SPACE',''
  ) );
#2290 = ORIENTED_EDGE('',*,*,#2239,.F.);
#2291 = ORIENTED_EDGE('',*,*,#2292,.F.);
#2292 = EDGE_CURVE('',#2240,#2240,#2293,.T.);
#2293 = SURFACE_CURVE('',#2294,(#2299,#2306),.PCURVE_S1.);
#2294 = CIRCLE('',#2295,1.3);
#2295 = AXIS2_PLACEMENT_3D('',#2296,#2297,#2298);
#2296 = CARTESIAN_POINT('',(116.54922678357,68.7,44.6));
#2297 = DIRECTION('',(0.,1.,-0.));
#2298 = DIRECTION('',(-1.,0.,0.));
#2299 = PCURVE('',#2250,#2300);
#2300 = DEFINITIONAL_REPRESENTATION('',(#2301),#2305);
#2301 = LINE('',#2302,#2303);
#2302 = CARTESIAN_POINT('',(-0.,0.));
#2303 = VECTOR('',#2304,1.);
#2304 = DIRECTION('',(-1.,0.));
#2305 = ( GEOMETRIC_REPRESENTATION_CONTEXT(2) 
PARAMETRIC_REPRESENTATION_CONTEXT() REPRESENTATION_CONTEXT('2D SPACE',''
  ) );
#2306 = PCURVE('',#126,#2307);
#2307 = DEFINITIONAL_REPRESENTATION('',(#2308),#2312);
#2308 = CIRCLE('',#2309,1.3);
#2309 = AXIS2_PLACEMENT_2D('',#2310,#2311);
#2310 = CARTESIAN_POINT('',(-26.54922678357,-41.15));
#2311 = DIRECTION('',(1.,0.));
#2312 = ( GEOMETRIC_REPRESENTATION_CONTEXT(2) 
PARAMETRIC_REPRESENTATION_CONTEXT() REPRESENTATION_CONTEXT('2D SPACE',''
  ) );
#2313 = ADVANCED_FACE('',(#2314),#2328,.F.);
#2314 = FACE_BOUND('',#2315,.T.);
#2315 = EDGE_LOOP('',(#2316,#2346,#2368,#2369));
#2316 = ORIENTED_EDGE('',*,*,#2317,.T.);
#2317 = EDGE_CURVE('',#2318,#2320,#2322,.T.);
#2318 = VERTEX_POINT('',#2319);
#2319 = CARTESIAN_POINT('',(111.09230484541,68.7,42.2));
#2320 = VERTEX_POINT('',#2321);
#2321 = CARTESIAN_POINT('',(111.09230484541,71.7,42.2));
#2322 = SEAM_CURVE('',#2323,(#2327,#2339),.PCURVE_S1.);
#2323 = LINE('',#2324,#2325);
#2324 = CARTESIAN_POINT('',(111.09230484541,68.7,42.2));
#2325 = VECTOR('',#2326,1.);
#2326 = DIRECTION('',(0.,1.,-0.));
#2327 = PCURVE('',#2328,#2333);
#2328 = CYLINDRICAL_SURFACE('',#2329,1.3);
#2329 = AXIS2_PLACEMENT_3D('',#2330,#2331,#2332);
#2330 = CARTESIAN_POINT('',(112.39230484541,68.7,42.2));
#2331 = DIRECTION('',(-0.,-1.,0.));
#2332 = DIRECTION('',(-1.,0.,0.));
#2333 = DEFINITIONAL_REPRESENTATION('',(#2334),#2338);
#2334 = LINE('',#2335,#2336);
#2335 = CARTESIAN_POINT('',(-0.,0.));
#2336 = VECTOR('',#2337,1.);
#2337 = DIRECTION('',(-0.,-1.));
#2338 = ( GEOMETRIC_REPRESENTATION_CONTEXT(2) 
PARAMETRIC_REPRESENTATION_CONTEXT() REPRESENTATION_CONTEXT('2D SPACE',''
  ) );
#2339 = PCURVE('',#2328,#2340);
#2340 = DEFINITIONAL_REPRESENTATION('',(#2341),#2345);
#2341 = LINE('',#2342,#2343);
#2342 = CARTESIAN_POINT('',(-6.28318530718,0.));
#2343 = VECTOR('',#2344,1.);
#2344 = DIRECTION('',(-0.,-1.));
#2345 = ( GEOMETRIC_REPRESENTATION_CONTEXT(2) 
PARAMETRIC_REPRESENTATION_CONTEXT() REPRESENTATION_CONTEXT('2D SPACE',''
  ) );
#2346 = ORIENTED_EDGE('',*,*,#2347,.T.);
#2347 = EDGE_CURVE('',#2320,#2320,#2348,.T.);
#2348 = SURFACE_CURVE('',#2349,(#2354,#2361),.PCURVE_S1.);
#2349 = CIRCLE('',#2350,1.3);
#2350 = AXIS2_PLACEMENT_3D('',#2351,#2352,#2353);
#2351 = CARTESIAN_POINT('',(112.39230484541,71.7,42.2));
#2352 = DIRECTION('',(0.,1.,-0.));
#2353 = DIRECTION('',(-1.,0.,0.));
#2354 = PCURVE('',#2328,#2355);
#2355 = DEFINITIONAL_REPRESENTATION('',(#2356),#2360);
#2356 = LINE('',#2357,#2358);
#2357 = CARTESIAN_POINT('',(-0.,-3.));
#2358 = VECTOR('',#2359,1.);
#2359 = DIRECTION('',(-1.,0.));
#2360 = ( GEOMETRIC_REPRESENTATION_CONTEXT(2) 
PARAMETRIC_REPRESENTATION_CONTEXT() REPRESENTATION_CONTEXT('2D SPACE',''
  ) );
#2361 = PCURVE('',#72,#2362);
#2362 = DEFINITIONAL_REPRESENTATION('',(#2363),#2367);
#2363 = CIRCLE('',#2364,1.3);
#2364 = AXIS2_PLACEMENT_2D('',#2365,#2366);
#2365 = CARTESIAN_POINT('',(-22.39230484541,-43.55));
#2366 = DIRECTION('',(1.,0.));
#2367 = ( GEOMETRIC_REPRESENTATION_CONTEXT(2) 
PARAMETRIC_REPRESENTATION_CONTEXT() REPRESENTATION_CONTEXT('2D SPACE',''
  ) );
#2368 = ORIENTED_EDGE('',*,*,#2317,.F.);
#2369 = ORIENTED_EDGE('',*,*,#2370,.F.);
#2370 = EDGE_CURVE('',#2318,#2318,#2371,.T.);
#2371 = SURFACE_CURVE('',#2372,(#2377,#2384),.PCURVE_S1.);
#2372 = CIRCLE('',#2373,1.3);
#2373 = AXIS2_PLACEMENT_3D('',#2374,#2375,#2376);
#2374 = CARTESIAN_POINT('',(112.39230484541,68.7,42.2));
#2375 = DIRECTION('',(0.,1.,-0.));
#2376 = DIRECTION('',(-1.,0.,0.));
#2377 = PCURVE('',#2328,#2378);
#2378 = DEFINITIONAL_REPRESENTATION('',(#2379),#2383);
#2379 = LINE('',#2380,#2381);
#2380 = CARTESIAN_POINT('',(-0.,0.));
#2381 = VECTOR('',#2382,1.);
#2382 = DIRECTION('',(-1.,0.));
#2383 = ( GEOMETRIC_REPRESENTATION_CONTEXT(2) 
PARAMETRIC_REPRESENTATION_CONTEXT() REPRESENTATION_CONTEXT('2D SPACE',''
  ) );
#2384 = PCURVE('',#126,#2385);
#2385 = DEFINITIONAL_REPRESENTATION('',(#2386),#2390);
#2386 = CIRCLE('',#2387,1.3);
#2387 = AXIS2_PLACEMENT_2D('',#2388,#2389);
#2388 = CARTESIAN_POINT('',(-22.39230484541,-43.55));
#2389 = DIRECTION('',(1.,0.));
#2390 = ( GEOMETRIC_REPRESENTATION_CONTEXT(2) 
PARAMETRIC_REPRESENTATION_CONTEXT() REPRESENTATION_CONTEXT('2D SPACE',''
  ) );
#2391 = ADVANCED_FACE('',(#2392),#2406,.F.);
#2392 = FACE_BOUND('',#2393,.T.);
#2393 = EDGE_LOOP('',(#2394,#2424,#2446,#2447));
#2394 = ORIENTED_EDGE('',*,*,#2395,.T.);
#2395 = EDGE_CURVE('',#2396,#2398,#2400,.T.);
#2396 = VERTEX_POINT('',#2397);
#2397 = CARTESIAN_POINT('',(106.93538290724,68.7,30.2));
#2398 = VERTEX_POINT('',#2399);
#2399 = CARTESIAN_POINT('',(106.93538290724,71.7,30.2));
#2400 = SEAM_CURVE('',#2401,(#2405,#2417),.PCURVE_S1.);
#2401 = LINE('',#2402,#2403);
#2402 = CARTESIAN_POINT('',(106.93538290724,68.7,30.2));
#2403 = VECTOR('',#2404,1.);
#2404 = DIRECTION('',(0.,1.,-0.));
#2405 = PCURVE('',#2406,#2411);
#2406 = CYLINDRICAL_SURFACE('',#2407,1.3);
#2407 = AXIS2_PLACEMENT_3D('',#2408,#2409,#2410);
#2408 = CARTESIAN_POINT('',(108.23538290724,68.7,30.2));
#2409 = DIRECTION('',(-0.,-1.,0.));
#2410 = DIRECTION('',(-1.,0.,0.));
#2411 = DEFINITIONAL_REPRESENTATION('',(#2412),#2416);
#2412 = LINE('',#2413,#2414);
#2413 = CARTESIAN_POINT('',(-0.,0.));
#2414 = VECTOR('',#2415,1.);
#2415 = DIRECTION('',(-0.,-1.));
#2416 = ( GEOMETRIC_REPRESENTATION_CONTEXT(2) 
PARAMETRIC_REPRESENTATION_CONTEXT() REPRESENTATION_CONTEXT('2D SPACE',''
  ) );
#2417 = PCURVE('',#2406,#2418);
#2418 = DEFINITIONAL_REPRESENTATION('',(#2419),#2423);
#2419 = LINE('',#2420,#2421);
#2420 = CARTESIAN_POINT('',(-6.28318530718,0.));
#2421 = VECTOR('',#2422,1.);
#2422 = DIRECTION('',(-0.,-1.));
#2423 = ( GEOMETRIC_REPRESENTATION_CONTEXT(2) 
PARAMETRIC_REPRESENTATION_CONTEXT() REPRESENTATION_CONTEXT('2D SPACE',''
  ) );
#2424 = ORIENTED_EDGE('',*,*,#2425,.T.);
#2425 = EDGE_CURVE('',#2398,#2398,#2426,.T.);
#2426 = SURFACE_CURVE('',#2427,(#2432,#2439),.PCURVE_S1.);
#2427 = CIRCLE('',#2428,1.3);
#2428 = AXIS2_PLACEMENT_3D('',#2429,#2430,#2431);
#2429 = CARTESIAN_POINT('',(108.23538290724,71.7,30.2));
#2430 = DIRECTION('',(0.,1.,-0.));
#2431 = DIRECTION('',(-1.,0.,0.));
#2432 = PCURVE('',#2406,#2433);
#2433 = DEFINITIONAL_REPRESENTATION('',(#2434),#2438);
#2434 = LINE('',#2435,#2436);
#2435 = CARTESIAN_POINT('',(-0.,-3.));
#2436 = VECTOR('',#2437,1.);
#2437 = DIRECTION('',(-1.,0.));
#2438 = ( GEOMETRIC_REPRESENTATION_CONTEXT(2) 
PARAMETRIC_REPRESENTATION_CONTEXT() REPRESENTATION_CONTEXT('2D SPACE',''
  ) );
#2439 = PCURVE('',#72,#2440);
#2440 = DEFINITIONAL_REPRESENTATION('',(#2441),#2445);
#2441 = CIRCLE('',#2442,1.3);
#2442 = AXIS2_PLACEMENT_2D('',#2443,#2444);
#2443 = CARTESIAN_POINT('',(-18.23538290724,-55.55));
#2444 = DIRECTION('',(1.,0.));
#2445 = ( GEOMETRIC_REPRESENTATION_CONTEXT(2) 
PARAMETRIC_REPRESENTATION_CONTEXT() REPRESENTATION_CONTEXT('2D SPACE',''
  ) );
#2446 = ORIENTED_EDGE('',*,*,#2395,.F.);
#2447 = ORIENTED_EDGE('',*,*,#2448,.F.);
#2448 = EDGE_CURVE('',#2396,#2396,#2449,.T.);
#2449 = SURFACE_CURVE('',#2450,(#2455,#2462),.PCURVE_S1.);
#2450 = CIRCLE('',#2451,1.3);
#2451 = AXIS2_PLACEMENT_3D('',#2452,#2453,#2454);
#2452 = CARTESIAN_POINT('',(108.23538290724,68.7,30.2));
#2453 = DIRECTION('',(0.,1.,-0.));
#2454 = DIRECTION('',(-1.,0.,0.));
#2455 = PCURVE('',#2406,#2456);
#2456 = DEFINITIONAL_REPRESENTATION('',(#2457),#2461);
#2457 = LINE('',#2458,#2459);
#2458 = CARTESIAN_POINT('',(-0.,0.));
#2459 = VECTOR('',#2460,1.);
#2460 = DIRECTION('',(-1.,0.));
#2461 = ( GEOMETRIC_REPRESENTATION_CONTEXT(2) 
PARAMETRIC_REPRESENTATION_CONTEXT() REPRESENTATION_CONTEXT('2D SPACE',''
  ) );
#2462 = PCURVE('',#126,#2463);
#2463 = DEFINITIONAL_REPRESENTATION('',(#2464),#2468);
#2464 = CIRCLE('',#2465,1.3);
#2465 = AXIS2_PLACEMENT_2D('',#2466,#2467);
#2466 = CARTESIAN_POINT('',(-18.23538290724,-55.55));
#2467 = DIRECTION('',(1.,0.));
#2468 = ( GEOMETRIC_REPRESENTATION_CONTEXT(2) 
PARAMETRIC_REPRESENTATION_CONTEXT() REPRESENTATION_CONTEXT('2D SPACE',''
  ) );
#2469 = ADVANCED_FACE('',(#2470),#2484,.F.);
#2470 = FACE_BOUND('',#2471,.T.);
#2471 = EDGE_LOOP('',(#2472,#2502,#2524,#2525));
#2472 = ORIENTED_EDGE('',*,*,#2473,.T.);
#2473 = EDGE_CURVE('',#2474,#2476,#2478,.T.);
#2474 = VERTEX_POINT('',#2475);
#2475 = CARTESIAN_POINT('',(102.77846096908,68.7,27.8));
#2476 = VERTEX_POINT('',#2477);
#2477 = CARTESIAN_POINT('',(102.77846096908,71.7,27.8));
#2478 = SEAM_CURVE('',#2479,(#2483,#2495),.PCURVE_S1.);
#2479 = LINE('',#2480,#2481);
#2480 = CARTESIAN_POINT('',(102.77846096908,68.7,27.8));
#2481 = VECTOR('',#2482,1.);
#2482 = DIRECTION('',(0.,1.,-0.));
#2483 = PCURVE('',#2484,#2489);
#2484 = CYLINDRICAL_SURFACE('',#2485,1.3);
#2485 = AXIS2_PLACEMENT_3D('',#2486,#2487,#2488);
#2486 = CARTESIAN_POINT('',(104.07846096908,68.7,27.8));
#2487 = DIRECTION('',(-0.,-1.,0.));
#2488 = DIRECTION('',(-1.,0.,0.));
#2489 = DEFINITIONAL_REPRESENTATION('',(#2490),#2494);
#2490 = LINE('',#2491,#2492);
#2491 = CARTESIAN_POINT('',(-0.,0.));
#2492 = VECTOR('',#2493,1.);
#2493 = DIRECTION('',(-0.,-1.));
#2494 = ( GEOMETRIC_REPRESENTATION_CONTEXT(2) 
PARAMETRIC_REPRESENTATION_CONTEXT() REPRESENTATION_CONTEXT('2D SPACE',''
  ) );
#2495 = PCURVE('',#2484,#2496);
#2496 = DEFINITIONAL_REPRESENTATION('',(#2497),#2501);
#2497 = LINE('',#2498,#2499);
#2498 = CARTESIAN_POINT('',(-6.28318530718,0.));
#2499 = VECTOR('',#2500,1.);
#2500 = DIRECTION('',(-0.,-1.));
#2501 = ( GEOMETRIC_REPRESENTATION_CONTEXT(2) 
PARAMETRIC_REPRESENTATION_CONTEXT() REPRESENTATION_CONTEXT('2D SPACE',''
  ) );
#2502 = ORIENTED_EDGE('',*,*,#2503,.T.);
#2503 = EDGE_CURVE('',#2476,#2476,#2504,.T.);
#2504 = SURFACE_CURVE('',#2505,(#2510,#2517),.PCURVE_S1.);
#2505 = CIRCLE('',#2506,1.3);
#2506 = AXIS2_PLACEMENT_3D('',#2507,#2508,#2509);
#2507 = CARTESIAN_POINT('',(104.07846096908,71.7,27.8));
#2508 = DIRECTION('',(0.,1.,-0.));
#2509 = DIRECTION('',(-1.,0.,0.));
#2510 = PCURVE('',#2484,#2511);
#2511 = DEFINITIONAL_REPRESENTATION('',(#2512),#2516);
#2512 = LINE('',#2513,#2514);
#2513 = CARTESIAN_POINT('',(-0.,-3.));
#2514 = VECTOR('',#2515,1.);
#2515 = DIRECTION('',(-1.,0.));
#2516 = ( GEOMETRIC_REPRESENTATION_CONTEXT(2) 
PARAMETRIC_REPRESENTATION_CONTEXT() REPRESENTATION_CONTEXT('2D SPACE',''
  ) );
#2517 = PCURVE('',#72,#2518);
#2518 = DEFINITIONAL_REPRESENTATION('',(#2519),#2523);
#2519 = CIRCLE('',#2520,1.3);
#2520 = AXIS2_PLACEMENT_2D('',#2521,#2522);
#2521 = CARTESIAN_POINT('',(-14.07846096908,-57.95));
#2522 = DIRECTION('',(1.,0.));
#2523 = ( GEOMETRIC_REPRESENTATION_CONTEXT(2) 
PARAMETRIC_REPRESENTATION_CONTEXT() REPRESENTATION_CONTEXT('2D SPACE',''
  ) );
#2524 = ORIENTED_EDGE('',*,*,#2473,.F.);
#2525 = ORIENTED_EDGE('',*,*,#2526,.F.);
#2526 = EDGE_CURVE('',#2474,#2474,#2527,.T.);
#2527 = SURFACE_CURVE('',#2528,(#2533,#2540),.PCURVE_S1.);
#2528 = CIRCLE('',#2529,1.3);
#2529 = AXIS2_PLACEMENT_3D('',#2530,#2531,#2532);
#2530 = CARTESIAN_POINT('',(104.07846096908,68.7,27.8));
#2531 = DIRECTION('',(0.,1.,-0.));
#2532 = DIRECTION('',(-1.,0.,0.));
#2533 = PCURVE('',#2484,#2534);
#2534 = DEFINITIONAL_REPRESENTATION('',(#2535),#2539);
#2535 = LINE('',#2536,#2537);
#2536 = CARTESIAN_POINT('',(-0.,0.));
#2537 = VECTOR('',#2538,1.);
#2538 = DIRECTION('',(-1.,0.));
#2539 = ( GEOMETRIC_REPRESENTATION_CONTEXT(2) 
PARAMETRIC_REPRESENTATION_CONTEXT() REPRESENTATION_CONTEXT('2D SPACE',''
  ) );
#2540 = PCURVE('',#126,#2541);
#2541 = DEFINITIONAL_REPRESENTATION('',(#2542),#2546);
#2542 = CIRCLE('',#2543,1.3);
#2543 = AXIS2_PLACEMENT_2D('',#2544,#2545);
#2544 = CARTESIAN_POINT('',(-14.07846096908,-57.95));
#2545 = DIRECTION('',(1.,0.));
#2546 = ( GEOMETRIC_REPRESENTATION_CONTEXT(2) 
PARAMETRIC_REPRESENTATION_CONTEXT() REPRESENTATION_CONTEXT('2D SPACE',''
  ) );
#2547 = ADVANCED_FACE('',(#2548),#2562,.F.);
#2548 = FACE_BOUND('',#2549,.T.);
#2549 = EDGE_LOOP('',(#2550,#2580,#2602,#2603));
#2550 = ORIENTED_EDGE('',*,*,#2551,.T.);
#2551 = EDGE_CURVE('',#2552,#2554,#2556,.T.);
#2552 = VERTEX_POINT('',#2553);
#2553 = CARTESIAN_POINT('',(106.93538290724,68.7,35.));
#2554 = VERTEX_POINT('',#2555);
#2555 = CARTESIAN_POINT('',(106.93538290724,71.7,35.));
#2556 = SEAM_CURVE('',#2557,(#2561,#2573),.PCURVE_S1.);
#2557 = LINE('',#2558,#2559);
#2558 = CARTESIAN_POINT('',(106.93538290724,68.7,35.));
#2559 = VECTOR('',#2560,1.);
#2560 = DIRECTION('',(0.,1.,-0.));
#2561 = PCURVE('',#2562,#2567);
#2562 = CYLINDRICAL_SURFACE('',#2563,1.3);
#2563 = AXIS2_PLACEMENT_3D('',#2564,#2565,#2566);
#2564 = CARTESIAN_POINT('',(108.23538290724,68.7,35.));
#2565 = DIRECTION('',(-0.,-1.,0.));
#2566 = DIRECTION('',(-1.,0.,0.));
#2567 = DEFINITIONAL_REPRESENTATION('',(#2568),#2572);
#2568 = LINE('',#2569,#2570);
#2569 = CARTESIAN_POINT('',(-0.,0.));
#2570 = VECTOR('',#2571,1.);
#2571 = DIRECTION('',(-0.,-1.));
#2572 = ( GEOMETRIC_REPRESENTATION_CONTEXT(2) 
PARAMETRIC_REPRESENTATION_CONTEXT() REPRESENTATION_CONTEXT('2D SPACE',''
  ) );
#2573 = PCURVE('',#2562,#2574);
#2574 = DEFINITIONAL_REPRESENTATION('',(#2575),#2579);
#2575 = LINE('',#2576,#2577);
#2576 = CARTESIAN_POINT('',(-6.28318530718,0.));
#2577 = VECTOR('',#2578,1.);
#2578 = DIRECTION('',(-0.,-1.));
#2579 = ( GEOMETRIC_REPRESENTATION_CONTEXT(2) 
PARAMETRIC_REPRESENTATION_CONTEXT() REPRESENTATION_CONTEXT('2D SPACE',''
  ) );
#2580 = ORIENTED_EDGE('',*,*,#2581,.T.);
#2581 = EDGE_CURVE('',#2554,#2554,#2582,.T.);
#2582 = SURFACE_CURVE('',#2583,(#2588,#2595),.PCURVE_S1.);
#2583 = CIRCLE('',#2584,1.3);
#2584 = AXIS2_PLACEMENT_3D('',#2585,#2586,#2587);
#2585 = CARTESIAN_POINT('',(108.23538290724,71.7,35.));
#2586 = DIRECTION('',(0.,1.,-0.));
#2587 = DIRECTION('',(-1.,0.,0.));
#2588 = PCURVE('',#2562,#2589);
#2589 = DEFINITIONAL_REPRESENTATION('',(#2590),#2594);
#2590 = LINE('',#2591,#2592);
#2591 = CARTESIAN_POINT('',(-0.,-3.));
#2592 = VECTOR('',#2593,1.);
#2593 = DIRECTION('',(-1.,0.));
#2594 = ( GEOMETRIC_REPRESENTATION_CONTEXT(2) 
PARAMETRIC_REPRESENTATION_CONTEXT() REPRESENTATION_CONTEXT('2D SPACE',''
  ) );
#2595 = PCURVE('',#72,#2596);
#2596 = DEFINITIONAL_REPRESENTATION('',(#2597),#2601);
#2597 = CIRCLE('',#2598,1.3);
#2598 = AXIS2_PLACEMENT_2D('',#2599,#2600);
#2599 = CARTESIAN_POINT('',(-18.23538290724,-50.75));
#2600 = DIRECTION('',(1.,0.));
#2601 = ( GEOMETRIC_REPRESENTATION_CONTEXT(2) 
PARAMETRIC_REPRESENTATION_CONTEXT() REPRESENTATION_CONTEXT('2D SPACE',''
  ) );
#2602 = ORIENTED_EDGE('',*,*,#2551,.F.);
#2603 = ORIENTED_EDGE('',*,*,#2604,.F.);
#2604 = EDGE_CURVE('',#2552,#2552,#2605,.T.);
#2605 = SURFACE_CURVE('',#2606,(#2611,#2618),.PCURVE_S1.);
#2606 = CIRCLE('',#2607,1.3);
#2607 = AXIS2_PLACEMENT_3D('',#2608,#2609,#2610);
#2608 = CARTESIAN_POINT('',(108.23538290724,68.7,35.));
#2609 = DIRECTION('',(0.,1.,-0.));
#2610 = DIRECTION('',(-1.,0.,0.));
#2611 = PCURVE('',#2562,#2612);
#2612 = DEFINITIONAL_REPRESENTATION('',(#2613),#2617);
#2613 = LINE('',#2614,#2615);
#2614 = CARTESIAN_POINT('',(-0.,0.));
#2615 = VECTOR('',#2616,1.);
#2616 = DIRECTION('',(-1.,0.));
#2617 = ( GEOMETRIC_REPRESENTATION_CONTEXT(2) 
PARAMETRIC_REPRESENTATION_CONTEXT() REPRESENTATION_CONTEXT('2D SPACE',''
  ) );
#2618 = PCURVE('',#126,#2619);
#2619 = DEFINITIONAL_REPRESENTATION('',(#2620),#2624);
#2620 = CIRCLE('',#2621,1.3);
#2621 = AXIS2_PLACEMENT_2D('',#2622,#2623);
#2622 = CARTESIAN_POINT('',(-18.23538290724,-50.75));
#2623 = DIRECTION('',(1.,0.));
#2624 = ( GEOMETRIC_REPRESENTATION_CONTEXT(2) 
PARAMETRIC_REPRESENTATION_CONTEXT() REPRESENTATION_CONTEXT('2D SPACE',''
  ) );
#2625 = ADVANCED_FACE('',(#2626),#2640,.F.);
#2626 = FACE_BOUND('',#2627,.T.);
#2627 = EDGE_LOOP('',(#2628,#2658,#2680,#2681));
#2628 = ORIENTED_EDGE('',*,*,#2629,.T.);
#2629 = EDGE_CURVE('',#2630,#2632,#2634,.T.);
#2630 = VERTEX_POINT('',#2631);
#2631 = CARTESIAN_POINT('',(102.77846096908,68.7,32.6));
#2632 = VERTEX_POINT('',#2633);
#2633 = CARTESIAN_POINT('',(102.77846096908,71.7,32.6));
#2634 = SEAM_CURVE('',#2635,(#2639,#2651),.PCURVE_S1.);
#2635 = LINE('',#2636,#2637);
#2636 = CARTESIAN_POINT('',(102.77846096908,68.7,32.6));
#2637 = VECTOR('',#2638,1.);
#2638 = DIRECTION('',(0.,1.,-0.));
#2639 = PCURVE('',#2640,#2645);
#2640 = CYLINDRICAL_SURFACE('',#2641,1.3);
#2641 = AXIS2_PLACEMENT_3D('',#2642,#2643,#2644);
#2642 = CARTESIAN_POINT('',(104.07846096908,68.7,32.6));
#2643 = DIRECTION('',(-0.,-1.,0.));
#2644 = DIRECTION('',(-1.,0.,0.));
#2645 = DEFINITIONAL_REPRESENTATION('',(#2646),#2650);
#2646 = LINE('',#2647,#2648);
#2647 = CARTESIAN_POINT('',(-0.,0.));
#2648 = VECTOR('',#2649,1.);
#2649 = DIRECTION('',(-0.,-1.));
#2650 = ( GEOMETRIC_REPRESENTATION_CONTEXT(2) 
PARAMETRIC_REPRESENTATION_CONTEXT() REPRESENTATION_CONTEXT('2D SPACE',''
  ) );
#2651 = PCURVE('',#2640,#2652);
#2652 = DEFINITIONAL_REPRESENTATION('',(#2653),#2657);
#2653 = LINE('',#2654,#2655);
#2654 = CARTESIAN_POINT('',(-6.28318530718,0.));
#2655 = VECTOR('',#2656,1.);
#2656 = DIRECTION('',(-0.,-1.));
#2657 = ( GEOMETRIC_REPRESENTATION_CONTEXT(2) 
PARAMETRIC_REPRESENTATION_CONTEXT() REPRESENTATION_CONTEXT('2D SPACE',''
  ) );
#2658 = ORIENTED_EDGE('',*,*,#2659,.T.);
#2659 = EDGE_CURVE('',#2632,#2632,#2660,.T.);
#2660 = SURFACE_CURVE('',#2661,(#2666,#2673),.PCURVE_S1.);
#2661 = CIRCLE('',#2662,1.3);
#2662 = AXIS2_PLACEMENT_3D('',#2663,#2664,#2665);
#2663 = CARTESIAN_POINT('',(104.07846096908,71.7,32.6));
#2664 = DIRECTION('',(0.,1.,-0.));
#2665 = DIRECTION('',(-1.,0.,0.));
#2666 = PCURVE('',#2640,#2667);
#2667 = DEFINITIONAL_REPRESENTATION('',(#2668),#2672);
#2668 = LINE('',#2669,#2670);
#2669 = CARTESIAN_POINT('',(-0.,-3.));
#2670 = VECTOR('',#2671,1.);
#2671 = DIRECTION('',(-1.,0.));
#2672 = ( GEOMETRIC_REPRESENTATION_CONTEXT(2) 
PARAMETRIC_REPRESENTATION_CONTEXT() REPRESENTATION_CONTEXT('2D SPACE',''
  ) );
#2673 = PCURVE('',#72,#2674);
#2674 = DEFINITIONAL_REPRESENTATION('',(#2675),#2679);
#2675 = CIRCLE('',#2676,1.3);
#2676 = AXIS2_PLACEMENT_2D('',#2677,#2678);
#2677 = CARTESIAN_POINT('',(-14.07846096908,-53.15));
#2678 = DIRECTION('',(1.,0.));
#2679 = ( GEOMETRIC_REPRESENTATION_CONTEXT(2) 
PARAMETRIC_REPRESENTATION_CONTEXT() REPRESENTATION_CONTEXT('2D SPACE',''
  ) );
#2680 = ORIENTED_EDGE('',*,*,#2629,.F.);
#2681 = ORIENTED_EDGE('',*,*,#2682,.F.);
#2682 = EDGE_CURVE('',#2630,#2630,#2683,.T.);
#2683 = SURFACE_CURVE('',#2684,(#2689,#2696),.PCURVE_S1.);
#2684 = CIRCLE('',#2685,1.3);
#2685 = AXIS2_PLACEMENT_3D('',#2686,#2687,#2688);
#2686 = CARTESIAN_POINT('',(104.07846096908,68.7,32.6));
#2687 = DIRECTION('',(0.,1.,-0.));
#2688 = DIRECTION('',(-1.,0.,0.));
#2689 = PCURVE('',#2640,#2690);
#2690 = DEFINITIONAL_REPRESENTATION('',(#2691),#2695);
#2691 = LINE('',#2692,#2693);
#2692 = CARTESIAN_POINT('',(-0.,0.));
#2693 = VECTOR('',#2694,1.);
#2694 = DIRECTION('',(-1.,0.));
#2695 = ( GEOMETRIC_REPRESENTATION_CONTEXT(2) 
PARAMETRIC_REPRESENTATION_CONTEXT() REPRESENTATION_CONTEXT('2D SPACE',''
  ) );
#2696 = PCURVE('',#126,#2697);
#2697 = DEFINITIONAL_REPRESENTATION('',(#2698),#2702);
#2698 = CIRCLE('',#2699,1.3);
#2699 = AXIS2_PLACEMENT_2D('',#2700,#2701);
#2700 = CARTESIAN_POINT('',(-14.07846096908,-53.15));
#2701 = DIRECTION('',(1.,0.));
#2702 = ( GEOMETRIC_REPRESENTATION_CONTEXT(2) 
PARAMETRIC_REPRESENTATION_CONTEXT() REPRESENTATION_CONTEXT('2D SPACE',''
  ) );
#2703 = ADVANCED_FACE('',(#2704),#2718,.F.);
#2704 = FACE_BOUND('',#2705,.T.);
#2705 = EDGE_LOOP('',(#2706,#2736,#2758,#2759));
#2706 = ORIENTED_EDGE('',*,*,#2707,.T.);
#2707 = EDGE_CURVE('',#2708,#2710,#2712,.T.);
#2708 = VERTEX_POINT('',#2709);
#2709 = CARTESIAN_POINT('',(94.464617092752,68.7,27.8));
#2710 = VERTEX_POINT('',#2711);
#2711 = CARTESIAN_POINT('',(94.464617092752,71.7,27.8));
#2712 = SEAM_CURVE('',#2713,(#2717,#2729),.PCURVE_S1.);
#2713 = LINE('',#2714,#2715);
#2714 = CARTESIAN_POINT('',(94.464617092752,68.7,27.8));
#2715 = VECTOR('',#2716,1.);
#2716 = DIRECTION('',(0.,1.,-0.));
#2717 = PCURVE('',#2718,#2723);
#2718 = CYLINDRICAL_SURFACE('',#2719,1.3);
#2719 = AXIS2_PLACEMENT_3D('',#2720,#2721,#2722);
#2720 = CARTESIAN_POINT('',(95.764617092752,68.7,27.8));
#2721 = DIRECTION('',(-0.,-1.,0.));
#2722 = DIRECTION('',(-1.,0.,0.));
#2723 = DEFINITIONAL_REPRESENTATION('',(#2724),#2728);
#2724 = LINE('',#2725,#2726);
#2725 = CARTESIAN_POINT('',(-0.,0.));
#2726 = VECTOR('',#2727,1.);
#2727 = DIRECTION('',(-0.,-1.));
#2728 = ( GEOMETRIC_REPRESENTATION_CONTEXT(2) 
PARAMETRIC_REPRESENTATION_CONTEXT() REPRESENTATION_CONTEXT('2D SPACE',''
  ) );
#2729 = PCURVE('',#2718,#2730);
#2730 = DEFINITIONAL_REPRESENTATION('',(#2731),#2735);
#2731 = LINE('',#2732,#2733);
#2732 = CARTESIAN_POINT('',(-6.28318530718,0.));
#2733 = VECTOR('',#2734,1.);
#2734 = DIRECTION('',(-0.,-1.));
#2735 = ( GEOMETRIC_REPRESENTATION_CONTEXT(2) 
PARAMETRIC_REPRESENTATION_CONTEXT() REPRESENTATION_CONTEXT('2D SPACE',''
  ) );
#2736 = ORIENTED_EDGE('',*,*,#2737,.T.);
#2737 = EDGE_CURVE('',#2710,#2710,#2738,.T.);
#2738 = SURFACE_CURVE('',#2739,(#2744,#2751),.PCURVE_S1.);
#2739 = CIRCLE('',#2740,1.3);
#2740 = AXIS2_PLACEMENT_3D('',#2741,#2742,#2743);
#2741 = CARTESIAN_POINT('',(95.764617092752,71.7,27.8));
#2742 = DIRECTION('',(0.,1.,-0.));
#2743 = DIRECTION('',(-1.,0.,0.));
#2744 = PCURVE('',#2718,#2745);
#2745 = DEFINITIONAL_REPRESENTATION('',(#2746),#2750);
#2746 = LINE('',#2747,#2748);
#2747 = CARTESIAN_POINT('',(-0.,-3.));
#2748 = VECTOR('',#2749,1.);
#2749 = DIRECTION('',(-1.,0.));
#2750 = ( GEOMETRIC_REPRESENTATION_CONTEXT(2) 
PARAMETRIC_REPRESENTATION_CONTEXT() REPRESENTATION_CONTEXT('2D SPACE',''
  ) );
#2751 = PCURVE('',#72,#2752);
#2752 = DEFINITIONAL_REPRESENTATION('',(#2753),#2757);
#2753 = CIRCLE('',#2754,1.3);
#2754 = AXIS2_PLACEMENT_2D('',#2755,#2756);
#2755 = CARTESIAN_POINT('',(-5.764617092752,-57.95));
#2756 = DIRECTION('',(1.,0.));
#2757 = ( GEOMETRIC_REPRESENTATION_CONTEXT(2) 
PARAMETRIC_REPRESENTATION_CONTEXT() REPRESENTATION_CONTEXT('2D SPACE',''
  ) );
#2758 = ORIENTED_EDGE('',*,*,#2707,.F.);
#2759 = ORIENTED_EDGE('',*,*,#2760,.F.);
#2760 = EDGE_CURVE('',#2708,#2708,#2761,.T.);
#2761 = SURFACE_CURVE('',#2762,(#2767,#2774),.PCURVE_S1.);
#2762 = CIRCLE('',#2763,1.3);
#2763 = AXIS2_PLACEMENT_3D('',#2764,#2765,#2766);
#2764 = CARTESIAN_POINT('',(95.764617092752,68.7,27.8));
#2765 = DIRECTION('',(0.,1.,-0.));
#2766 = DIRECTION('',(-1.,0.,0.));
#2767 = PCURVE('',#2718,#2768);
#2768 = DEFINITIONAL_REPRESENTATION('',(#2769),#2773);
#2769 = LINE('',#2770,#2771);
#2770 = CARTESIAN_POINT('',(-0.,0.));
#2771 = VECTOR('',#2772,1.);
#2772 = DIRECTION('',(-1.,0.));
#2773 = ( GEOMETRIC_REPRESENTATION_CONTEXT(2) 
PARAMETRIC_REPRESENTATION_CONTEXT() REPRESENTATION_CONTEXT('2D SPACE',''
  ) );
#2774 = PCURVE('',#126,#2775);
#2775 = DEFINITIONAL_REPRESENTATION('',(#2776),#2780);
#2776 = CIRCLE('',#2777,1.3);
#2777 = AXIS2_PLACEMENT_2D('',#2778,#2779);
#2778 = CARTESIAN_POINT('',(-5.764617092752,-57.95));
#2779 = DIRECTION('',(1.,0.));
#2780 = ( GEOMETRIC_REPRESENTATION_CONTEXT(2) 
PARAMETRIC_REPRESENTATION_CONTEXT() REPRESENTATION_CONTEXT('2D SPACE',''
  ) );
#2781 = ADVANCED_FACE('',(#2782),#2796,.F.);
#2782 = FACE_BOUND('',#2783,.T.);
#2783 = EDGE_LOOP('',(#2784,#2814,#2836,#2837));
#2784 = ORIENTED_EDGE('',*,*,#2785,.T.);
#2785 = EDGE_CURVE('',#2786,#2788,#2790,.T.);
#2786 = VERTEX_POINT('',#2787);
#2787 = CARTESIAN_POINT('',(98.621539030917,68.7,30.2));
#2788 = VERTEX_POINT('',#2789);
#2789 = CARTESIAN_POINT('',(98.621539030917,71.7,30.2));
#2790 = SEAM_CURVE('',#2791,(#2795,#2807),.PCURVE_S1.);
#2791 = LINE('',#2792,#2793);
#2792 = CARTESIAN_POINT('',(98.621539030917,68.7,30.2));
#2793 = VECTOR('',#2794,1.);
#2794 = DIRECTION('',(0.,1.,-0.));
#2795 = PCURVE('',#2796,#2801);
#2796 = CYLINDRICAL_SURFACE('',#2797,1.3);
#2797 = AXIS2_PLACEMENT_3D('',#2798,#2799,#2800);
#2798 = CARTESIAN_POINT('',(99.921539030917,68.7,30.2));
#2799 = DIRECTION('',(-0.,-1.,0.));
#2800 = DIRECTION('',(-1.,0.,0.));
#2801 = DEFINITIONAL_REPRESENTATION('',(#2802),#2806);
#2802 = LINE('',#2803,#2804);
#2803 = CARTESIAN_POINT('',(-0.,0.));
#2804 = VECTOR('',#2805,1.);
#2805 = DIRECTION('',(-0.,-1.));
#2806 = ( GEOMETRIC_REPRESENTATION_CONTEXT(2) 
PARAMETRIC_REPRESENTATION_CONTEXT() REPRESENTATION_CONTEXT('2D SPACE',''
  ) );
#2807 = PCURVE('',#2796,#2808);
#2808 = DEFINITIONAL_REPRESENTATION('',(#2809),#2813);
#2809 = LINE('',#2810,#2811);
#2810 = CARTESIAN_POINT('',(-6.28318530718,0.));
#2811 = VECTOR('',#2812,1.);
#2812 = DIRECTION('',(-0.,-1.));
#2813 = ( GEOMETRIC_REPRESENTATION_CONTEXT(2) 
PARAMETRIC_REPRESENTATION_CONTEXT() REPRESENTATION_CONTEXT('2D SPACE',''
  ) );
#2814 = ORIENTED_EDGE('',*,*,#2815,.T.);
#2815 = EDGE_CURVE('',#2788,#2788,#2816,.T.);
#2816 = SURFACE_CURVE('',#2817,(#2822,#2829),.PCURVE_S1.);
#2817 = CIRCLE('',#2818,1.3);
#2818 = AXIS2_PLACEMENT_3D('',#2819,#2820,#2821);
#2819 = CARTESIAN_POINT('',(99.921539030917,71.7,30.2));
#2820 = DIRECTION('',(0.,1.,-0.));
#2821 = DIRECTION('',(-1.,0.,0.));
#2822 = PCURVE('',#2796,#2823);
#2823 = DEFINITIONAL_REPRESENTATION('',(#2824),#2828);
#2824 = LINE('',#2825,#2826);
#2825 = CARTESIAN_POINT('',(-0.,-3.));
#2826 = VECTOR('',#2827,1.);
#2827 = DIRECTION('',(-1.,0.));
#2828 = ( GEOMETRIC_REPRESENTATION_CONTEXT(2) 
PARAMETRIC_REPRESENTATION_CONTEXT() REPRESENTATION_CONTEXT('2D SPACE',''
  ) );
#2829 = PCURVE('',#72,#2830);
#2830 = DEFINITIONAL_REPRESENTATION('',(#2831),#2835);
#2831 = CIRCLE('',#2832,1.3);
#2832 = AXIS2_PLACEMENT_2D('',#2833,#2834);
#2833 = CARTESIAN_POINT('',(-9.921539030917,-55.55));
#2834 = DIRECTION('',(1.,0.));
#2835 = ( GEOMETRIC_REPRESENTATION_CONTEXT(2) 
PARAMETRIC_REPRESENTATION_CONTEXT() REPRESENTATION_CONTEXT('2D SPACE',''
  ) );
#2836 = ORIENTED_EDGE('',*,*,#2785,.F.);
#2837 = ORIENTED_EDGE('',*,*,#2838,.F.);
#2838 = EDGE_CURVE('',#2786,#2786,#2839,.T.);
#2839 = SURFACE_CURVE('',#2840,(#2845,#2852),.PCURVE_S1.);
#2840 = CIRCLE('',#2841,1.3);
#2841 = AXIS2_PLACEMENT_3D('',#2842,#2843,#2844);
#2842 = CARTESIAN_POINT('',(99.921539030917,68.7,30.2));
#2843 = DIRECTION('',(0.,1.,-0.));
#2844 = DIRECTION('',(-1.,0.,0.));
#2845 = PCURVE('',#2796,#2846);
#2846 = DEFINITIONAL_REPRESENTATION('',(#2847),#2851);
#2847 = LINE('',#2848,#2849);
#2848 = CARTESIAN_POINT('',(-0.,0.));
#2849 = VECTOR('',#2850,1.);
#2850 = DIRECTION('',(-1.,0.));
#2851 = ( GEOMETRIC_REPRESENTATION_CONTEXT(2) 
PARAMETRIC_REPRESENTATION_CONTEXT() REPRESENTATION_CONTEXT('2D SPACE',''
  ) );
#2852 = PCURVE('',#126,#2853);
#2853 = DEFINITIONAL_REPRESENTATION('',(#2854),#2858);
#2854 = CIRCLE('',#2855,1.3);
#2855 = AXIS2_PLACEMENT_2D('',#2856,#2857);
#2856 = CARTESIAN_POINT('',(-9.921539030917,-55.55));
#2857 = DIRECTION('',(1.,0.));
#2858 = ( GEOMETRIC_REPRESENTATION_CONTEXT(2) 
PARAMETRIC_REPRESENTATION_CONTEXT() REPRESENTATION_CONTEXT('2D SPACE',''
  ) );
#2859 = ADVANCED_FACE('',(#2860),#2874,.F.);
#2860 = FACE_BOUND('',#2861,.T.);
#2861 = EDGE_LOOP('',(#2862,#2892,#2914,#2915));
#2862 = ORIENTED_EDGE('',*,*,#2863,.T.);
#2863 = EDGE_CURVE('',#2864,#2866,#2868,.T.);
#2864 = VERTEX_POINT('',#2865);
#2865 = CARTESIAN_POINT('',(90.307695154587,68.7,30.2));
#2866 = VERTEX_POINT('',#2867);
#2867 = CARTESIAN_POINT('',(90.307695154587,71.7,30.2));
#2868 = SEAM_CURVE('',#2869,(#2873,#2885),.PCURVE_S1.);
#2869 = LINE('',#2870,#2871);
#2870 = CARTESIAN_POINT('',(90.307695154587,68.7,30.2));
#2871 = VECTOR('',#2872,1.);
#2872 = DIRECTION('',(0.,1.,-0.));
#2873 = PCURVE('',#2874,#2879);
#2874 = CYLINDRICAL_SURFACE('',#2875,1.3);
#2875 = AXIS2_PLACEMENT_3D('',#2876,#2877,#2878);
#2876 = CARTESIAN_POINT('',(91.607695154587,68.7,30.2));
#2877 = DIRECTION('',(-0.,-1.,0.));
#2878 = DIRECTION('',(-1.,0.,0.));
#2879 = DEFINITIONAL_REPRESENTATION('',(#2880),#2884);
#2880 = LINE('',#2881,#2882);
#2881 = CARTESIAN_POINT('',(-0.,0.));
#2882 = VECTOR('',#2883,1.);
#2883 = DIRECTION('',(-0.,-1.));
#2884 = ( GEOMETRIC_REPRESENTATION_CONTEXT(2) 
PARAMETRIC_REPRESENTATION_CONTEXT() REPRESENTATION_CONTEXT('2D SPACE',''
  ) );
#2885 = PCURVE('',#2874,#2886);
#2886 = DEFINITIONAL_REPRESENTATION('',(#2887),#2891);
#2887 = LINE('',#2888,#2889);
#2888 = CARTESIAN_POINT('',(-6.28318530718,0.));
#2889 = VECTOR('',#2890,1.);
#2890 = DIRECTION('',(-0.,-1.));
#2891 = ( GEOMETRIC_REPRESENTATION_CONTEXT(2) 
PARAMETRIC_REPRESENTATION_CONTEXT() REPRESENTATION_CONTEXT('2D SPACE',''
  ) );
#2892 = ORIENTED_EDGE('',*,*,#2893,.T.);
#2893 = EDGE_CURVE('',#2866,#2866,#2894,.T.);
#2894 = SURFACE_CURVE('',#2895,(#2900,#2907),.PCURVE_S1.);
#2895 = CIRCLE('',#2896,1.3);
#2896 = AXIS2_PLACEMENT_3D('',#2897,#2898,#2899);
#2897 = CARTESIAN_POINT('',(91.607695154587,71.7,30.2));
#2898 = DIRECTION('',(0.,1.,-0.));
#2899 = DIRECTION('',(-1.,0.,0.));
#2900 = PCURVE('',#2874,#2901);
#2901 = DEFINITIONAL_REPRESENTATION('',(#2902),#2906);
#2902 = LINE('',#2903,#2904);
#2903 = CARTESIAN_POINT('',(-0.,-3.));
#2904 = VECTOR('',#2905,1.);
#2905 = DIRECTION('',(-1.,0.));
#2906 = ( GEOMETRIC_REPRESENTATION_CONTEXT(2) 
PARAMETRIC_REPRESENTATION_CONTEXT() REPRESENTATION_CONTEXT('2D SPACE',''
  ) );
#2907 = PCURVE('',#72,#2908);
#2908 = DEFINITIONAL_REPRESENTATION('',(#2909),#2913);
#2909 = CIRCLE('',#2910,1.3);
#2910 = AXIS2_PLACEMENT_2D('',#2911,#2912);
#2911 = CARTESIAN_POINT('',(-1.607695154587,-55.55));
#2912 = DIRECTION('',(1.,0.));
#2913 = ( GEOMETRIC_REPRESENTATION_CONTEXT(2) 
PARAMETRIC_REPRESENTATION_CONTEXT() REPRESENTATION_CONTEXT('2D SPACE',''
  ) );
#2914 = ORIENTED_EDGE('',*,*,#2863,.F.);
#2915 = ORIENTED_EDGE('',*,*,#2916,.F.);
#2916 = EDGE_CURVE('',#2864,#2864,#2917,.T.);
#2917 = SURFACE_CURVE('',#2918,(#2923,#2930),.PCURVE_S1.);
#2918 = CIRCLE('',#2919,1.3);
#2919 = AXIS2_PLACEMENT_3D('',#2920,#2921,#2922);
#2920 = CARTESIAN_POINT('',(91.607695154587,68.7,30.2));
#2921 = DIRECTION('',(0.,1.,-0.));
#2922 = DIRECTION('',(-1.,0.,0.));
#2923 = PCURVE('',#2874,#2924);
#2924 = DEFINITIONAL_REPRESENTATION('',(#2925),#2929);
#2925 = LINE('',#2926,#2927);
#2926 = CARTESIAN_POINT('',(-0.,0.));
#2927 = VECTOR('',#2928,1.);
#2928 = DIRECTION('',(-1.,0.));
#2929 = ( GEOMETRIC_REPRESENTATION_CONTEXT(2) 
PARAMETRIC_REPRESENTATION_CONTEXT() REPRESENTATION_CONTEXT('2D SPACE',''
  ) );
#2930 = PCURVE('',#126,#2931);
#2931 = DEFINITIONAL_REPRESENTATION('',(#2932),#2936);
#2932 = CIRCLE('',#2933,1.3);
#2933 = AXIS2_PLACEMENT_2D('',#2934,#2935);
#2934 = CARTESIAN_POINT('',(-1.607695154587,-55.55));
#2935 = DIRECTION('',(1.,0.));
#2936 = ( GEOMETRIC_REPRESENTATION_CONTEXT(2) 
PARAMETRIC_REPRESENTATION_CONTEXT() REPRESENTATION_CONTEXT('2D SPACE',''
  ) );
#2937 = ADVANCED_FACE('',(#2938),#2952,.F.);
#2938 = FACE_BOUND('',#2939,.T.);
#2939 = EDGE_LOOP('',(#2940,#2970,#2992,#2993));
#2940 = ORIENTED_EDGE('',*,*,#2941,.T.);
#2941 = EDGE_CURVE('',#2942,#2944,#2946,.T.);
#2942 = VERTEX_POINT('',#2943);
#2943 = CARTESIAN_POINT('',(94.464617092752,68.7,32.6));
#2944 = VERTEX_POINT('',#2945);
#2945 = CARTESIAN_POINT('',(94.464617092752,71.7,32.6));
#2946 = SEAM_CURVE('',#2947,(#2951,#2963),.PCURVE_S1.);
#2947 = LINE('',#2948,#2949);
#2948 = CARTESIAN_POINT('',(94.464617092752,68.7,32.6));
#2949 = VECTOR('',#2950,1.);
#2950 = DIRECTION('',(0.,1.,-0.));
#2951 = PCURVE('',#2952,#2957);
#2952 = CYLINDRICAL_SURFACE('',#2953,1.3);
#2953 = AXIS2_PLACEMENT_3D('',#2954,#2955,#2956);
#2954 = CARTESIAN_POINT('',(95.764617092752,68.7,32.6));
#2955 = DIRECTION('',(-0.,-1.,0.));
#2956 = DIRECTION('',(-1.,0.,0.));
#2957 = DEFINITIONAL_REPRESENTATION('',(#2958),#2962);
#2958 = LINE('',#2959,#2960);
#2959 = CARTESIAN_POINT('',(-0.,0.));
#2960 = VECTOR('',#2961,1.);
#2961 = DIRECTION('',(-0.,-1.));
#2962 = ( GEOMETRIC_REPRESENTATION_CONTEXT(2) 
PARAMETRIC_REPRESENTATION_CONTEXT() REPRESENTATION_CONTEXT('2D SPACE',''
  ) );
#2963 = PCURVE('',#2952,#2964);
#2964 = DEFINITIONAL_REPRESENTATION('',(#2965),#2969);
#2965 = LINE('',#2966,#2967);
#2966 = CARTESIAN_POINT('',(-6.28318530718,0.));
#2967 = VECTOR('',#2968,1.);
#2968 = DIRECTION('',(-0.,-1.));
#2969 = ( GEOMETRIC_REPRESENTATION_CONTEXT(2) 
PARAMETRIC_REPRESENTATION_CONTEXT() REPRESENTATION_CONTEXT('2D SPACE',''
  ) );
#2970 = ORIENTED_EDGE('',*,*,#2971,.T.);
#2971 = EDGE_CURVE('',#2944,#2944,#2972,.T.);
#2972 = SURFACE_CURVE('',#2973,(#2978,#2985),.PCURVE_S1.);
#2973 = CIRCLE('',#2974,1.3);
#2974 = AXIS2_PLACEMENT_3D('',#2975,#2976,#2977);
#2975 = CARTESIAN_POINT('',(95.764617092752,71.7,32.6));
#2976 = DIRECTION('',(0.,1.,-0.));
#2977 = DIRECTION('',(-1.,0.,0.));
#2978 = PCURVE('',#2952,#2979);
#2979 = DEFINITIONAL_REPRESENTATION('',(#2980),#2984);
#2980 = LINE('',#2981,#2982);
#2981 = CARTESIAN_POINT('',(-0.,-3.));
#2982 = VECTOR('',#2983,1.);
#2983 = DIRECTION('',(-1.,0.));
#2984 = ( GEOMETRIC_REPRESENTATION_CONTEXT(2) 
PARAMETRIC_REPRESENTATION_CONTEXT() REPRESENTATION_CONTEXT('2D SPACE',''
  ) );
#2985 = PCURVE('',#72,#2986);
#2986 = DEFINITIONAL_REPRESENTATION('',(#2987),#2991);
#2987 = CIRCLE('',#2988,1.3);
#2988 = AXIS2_PLACEMENT_2D('',#2989,#2990);
#2989 = CARTESIAN_POINT('',(-5.764617092752,-53.15));
#2990 = DIRECTION('',(1.,0.));
#2991 = ( GEOMETRIC_REPRESENTATION_CONTEXT(2) 
PARAMETRIC_REPRESENTATION_CONTEXT() REPRESENTATION_CONTEXT('2D SPACE',''
  ) );
#2992 = ORIENTED_EDGE('',*,*,#2941,.F.);
#2993 = ORIENTED_EDGE('',*,*,#2994,.F.);
#2994 = EDGE_CURVE('',#2942,#2942,#2995,.T.);
#2995 = SURFACE_CURVE('',#2996,(#3001,#3008),.PCURVE_S1.);
#2996 = CIRCLE('',#2997,1.3);
#2997 = AXIS2_PLACEMENT_3D('',#2998,#2999,#3000);
#2998 = CARTESIAN_POINT('',(95.764617092752,68.7,32.6));
#2999 = DIRECTION('',(0.,1.,-0.));
#3000 = DIRECTION('',(-1.,0.,0.));
#3001 = PCURVE('',#2952,#3002);
#3002 = DEFINITIONAL_REPRESENTATION('',(#3003),#3007);
#3003 = LINE('',#3004,#3005);
#3004 = CARTESIAN_POINT('',(-0.,0.));
#3005 = VECTOR('',#3006,1.);
#3006 = DIRECTION('',(-1.,0.));
#3007 = ( GEOMETRIC_REPRESENTATION_CONTEXT(2) 
PARAMETRIC_REPRESENTATION_CONTEXT() REPRESENTATION_CONTEXT('2D SPACE',''
  ) );
#3008 = PCURVE('',#126,#3009);
#3009 = DEFINITIONAL_REPRESENTATION('',(#3010),#3014);
#3010 = CIRCLE('',#3011,1.3);
#3011 = AXIS2_PLACEMENT_2D('',#3012,#3013);
#3012 = CARTESIAN_POINT('',(-5.764617092752,-53.15));
#3013 = DIRECTION('',(1.,0.));
#3014 = ( GEOMETRIC_REPRESENTATION_CONTEXT(2) 
PARAMETRIC_REPRESENTATION_CONTEXT() REPRESENTATION_CONTEXT('2D SPACE',''
  ) );
#3015 = ADVANCED_FACE('',(#3016),#3030,.F.);
#3016 = FACE_BOUND('',#3017,.T.);
#3017 = EDGE_LOOP('',(#3018,#3048,#3070,#3071));
#3018 = ORIENTED_EDGE('',*,*,#3019,.T.);
#3019 = EDGE_CURVE('',#3020,#3022,#3024,.T.);
#3020 = VERTEX_POINT('',#3021);
#3021 = CARTESIAN_POINT('',(98.621539030917,68.7,35.));
#3022 = VERTEX_POINT('',#3023);
#3023 = CARTESIAN_POINT('',(98.621539030917,71.7,35.));
#3024 = SEAM_CURVE('',#3025,(#3029,#3041),.PCURVE_S1.);
#3025 = LINE('',#3026,#3027);
#3026 = CARTESIAN_POINT('',(98.621539030917,68.7,35.));
#3027 = VECTOR('',#3028,1.);
#3028 = DIRECTION('',(0.,1.,-0.));
#3029 = PCURVE('',#3030,#3035);
#3030 = CYLINDRICAL_SURFACE('',#3031,1.3);
#3031 = AXIS2_PLACEMENT_3D('',#3032,#3033,#3034);
#3032 = CARTESIAN_POINT('',(99.921539030917,68.7,35.));
#3033 = DIRECTION('',(-0.,-1.,0.));
#3034 = DIRECTION('',(-1.,0.,0.));
#3035 = DEFINITIONAL_REPRESENTATION('',(#3036),#3040);
#3036 = LINE('',#3037,#3038);
#3037 = CARTESIAN_POINT('',(-0.,0.));
#3038 = VECTOR('',#3039,1.);
#3039 = DIRECTION('',(-0.,-1.));
#3040 = ( GEOMETRIC_REPRESENTATION_CONTEXT(2) 
PARAMETRIC_REPRESENTATION_CONTEXT() REPRESENTATION_CONTEXT('2D SPACE',''
  ) );
#3041 = PCURVE('',#3030,#3042);
#3042 = DEFINITIONAL_REPRESENTATION('',(#3043),#3047);
#3043 = LINE('',#3044,#3045);
#3044 = CARTESIAN_POINT('',(-6.28318530718,0.));
#3045 = VECTOR('',#3046,1.);
#3046 = DIRECTION('',(-0.,-1.));
#3047 = ( GEOMETRIC_REPRESENTATION_CONTEXT(2) 
PARAMETRIC_REPRESENTATION_CONTEXT() REPRESENTATION_CONTEXT('2D SPACE',''
  ) );
#3048 = ORIENTED_EDGE('',*,*,#3049,.T.);
#3049 = EDGE_CURVE('',#3022,#3022,#3050,.T.);
#3050 = SURFACE_CURVE('',#3051,(#3056,#3063),.PCURVE_S1.);
#3051 = CIRCLE('',#3052,1.3);
#3052 = AXIS2_PLACEMENT_3D('',#3053,#3054,#3055);
#3053 = CARTESIAN_POINT('',(99.921539030917,71.7,35.));
#3054 = DIRECTION('',(0.,1.,-0.));
#3055 = DIRECTION('',(-1.,0.,0.));
#3056 = PCURVE('',#3030,#3057);
#3057 = DEFINITIONAL_REPRESENTATION('',(#3058),#3062);
#3058 = LINE('',#3059,#3060);
#3059 = CARTESIAN_POINT('',(-0.,-3.));
#3060 = VECTOR('',#3061,1.);
#3061 = DIRECTION('',(-1.,0.));
#3062 = ( GEOMETRIC_REPRESENTATION_CONTEXT(2) 
PARAMETRIC_REPRESENTATION_CONTEXT() REPRESENTATION_CONTEXT('2D SPACE',''
  ) );
#3063 = PCURVE('',#72,#3064);
#3064 = DEFINITIONAL_REPRESENTATION('',(#3065),#3069);
#3065 = CIRCLE('',#3066,1.3);
#3066 = AXIS2_PLACEMENT_2D('',#3067,#3068);
#3067 = CARTESIAN_POINT('',(-9.921539030917,-50.75));
#3068 = DIRECTION('',(1.,0.));
#3069 = ( GEOMETRIC_REPRESENTATION_CONTEXT(2) 
PARAMETRIC_REPRESENTATION_CONTEXT() REPRESENTATION_CONTEXT('2D SPACE',''
  ) );
#3070 = ORIENTED_EDGE('',*,*,#3019,.F.);
#3071 = ORIENTED_EDGE('',*,*,#3072,.F.);
#3072 = EDGE_CURVE('',#3020,#3020,#3073,.T.);
#3073 = SURFACE_CURVE('',#3074,(#3079,#3086),.PCURVE_S1.);
#3074 = CIRCLE('',#3075,1.3);
#3075 = AXIS2_PLACEMENT_3D('',#3076,#3077,#3078);
#3076 = CARTESIAN_POINT('',(99.921539030917,68.7,35.));
#3077 = DIRECTION('',(0.,1.,-0.));
#3078 = DIRECTION('',(-1.,0.,0.));
#3079 = PCURVE('',#3030,#3080);
#3080 = DEFINITIONAL_REPRESENTATION('',(#3081),#3085);
#3081 = LINE('',#3082,#3083);
#3082 = CARTESIAN_POINT('',(-0.,0.));
#3083 = VECTOR('',#3084,1.);
#3084 = DIRECTION('',(-1.,0.));
#3085 = ( GEOMETRIC_REPRESENTATION_CONTEXT(2) 
PARAMETRIC_REPRESENTATION_CONTEXT() REPRESENTATION_CONTEXT('2D SPACE',''
  ) );
#3086 = PCURVE('',#126,#3087);
#3087 = DEFINITIONAL_REPRESENTATION('',(#3088),#3092);
#3088 = CIRCLE('',#3089,1.3);
#3089 = AXIS2_PLACEMENT_2D('',#3090,#3091);
#3090 = CARTESIAN_POINT('',(-9.921539030917,-50.75));
#3091 = DIRECTION('',(1.,0.));
#3092 = ( GEOMETRIC_REPRESENTATION_CONTEXT(2) 
PARAMETRIC_REPRESENTATION_CONTEXT() REPRESENTATION_CONTEXT('2D SPACE',''
  ) );
#3093 = ADVANCED_FACE('',(#3094),#3108,.F.);
#3094 = FACE_BOUND('',#3095,.T.);
#3095 = EDGE_LOOP('',(#3096,#3126,#3148,#3149));
#3096 = ORIENTED_EDGE('',*,*,#3097,.T.);
#3097 = EDGE_CURVE('',#3098,#3100,#3102,.T.);
#3098 = VERTEX_POINT('',#3099);
#3099 = CARTESIAN_POINT('',(90.307695154587,68.7,35.));
#3100 = VERTEX_POINT('',#3101);
#3101 = CARTESIAN_POINT('',(90.307695154587,71.7,35.));
#3102 = SEAM_CURVE('',#3103,(#3107,#3119),.PCURVE_S1.);
#3103 = LINE('',#3104,#3105);
#3104 = CARTESIAN_POINT('',(90.307695154587,68.7,35.));
#3105 = VECTOR('',#3106,1.);
#3106 = DIRECTION('',(0.,1.,-0.));
#3107 = PCURVE('',#3108,#3113);
#3108 = CYLINDRICAL_SURFACE('',#3109,1.3);
#3109 = AXIS2_PLACEMENT_3D('',#3110,#3111,#3112);
#3110 = CARTESIAN_POINT('',(91.607695154587,68.7,35.));
#3111 = DIRECTION('',(-0.,-1.,0.));
#3112 = DIRECTION('',(-1.,0.,0.));
#3113 = DEFINITIONAL_REPRESENTATION('',(#3114),#3118);
#3114 = LINE('',#3115,#3116);
#3115 = CARTESIAN_POINT('',(-0.,0.));
#3116 = VECTOR('',#3117,1.);
#3117 = DIRECTION('',(-0.,-1.));
#3118 = ( GEOMETRIC_REPRESENTATION_CONTEXT(2) 
PARAMETRIC_REPRESENTATION_CONTEXT() REPRESENTATION_CONTEXT('2D SPACE',''
  ) );
#3119 = PCURVE('',#3108,#3120);
#3120 = DEFINITIONAL_REPRESENTATION('',(#3121),#3125);
#3121 = LINE('',#3122,#3123);
#3122 = CARTESIAN_POINT('',(-6.28318530718,0.));
#3123 = VECTOR('',#3124,1.);
#3124 = DIRECTION('',(-0.,-1.));
#3125 = ( GEOMETRIC_REPRESENTATION_CONTEXT(2) 
PARAMETRIC_REPRESENTATION_CONTEXT() REPRESENTATION_CONTEXT('2D SPACE',''
  ) );
#3126 = ORIENTED_EDGE('',*,*,#3127,.T.);
#3127 = EDGE_CURVE('',#3100,#3100,#3128,.T.);
#3128 = SURFACE_CURVE('',#3129,(#3134,#3141),.PCURVE_S1.);
#3129 = CIRCLE('',#3130,1.3);
#3130 = AXIS2_PLACEMENT_3D('',#3131,#3132,#3133);
#3131 = CARTESIAN_POINT('',(91.607695154587,71.7,35.));
#3132 = DIRECTION('',(0.,1.,-0.));
#3133 = DIRECTION('',(-1.,0.,0.));
#3134 = PCURVE('',#3108,#3135);
#3135 = DEFINITIONAL_REPRESENTATION('',(#3136),#3140);
#3136 = LINE('',#3137,#3138);
#3137 = CARTESIAN_POINT('',(-0.,-3.));
#3138 = VECTOR('',#3139,1.);
#3139 = DIRECTION('',(-1.,0.));
#3140 = ( GEOMETRIC_REPRESENTATION_CONTEXT(2) 
PARAMETRIC_REPRESENTATION_CONTEXT() REPRESENTATION_CONTEXT('2D SPACE',''
  ) );
#3141 = PCURVE('',#72,#3142);
#3142 = DEFINITIONAL_REPRESENTATION('',(#3143),#3147);
#3143 = CIRCLE('',#3144,1.3);
#3144 = AXIS2_PLACEMENT_2D('',#3145,#3146);
#3145 = CARTESIAN_POINT('',(-1.607695154587,-50.75));
#3146 = DIRECTION('',(1.,0.));
#3147 = ( GEOMETRIC_REPRESENTATION_CONTEXT(2) 
PARAMETRIC_REPRESENTATION_CONTEXT() REPRESENTATION_CONTEXT('2D SPACE',''
  ) );
#3148 = ORIENTED_EDGE('',*,*,#3097,.F.);
#3149 = ORIENTED_EDGE('',*,*,#3150,.F.);
#3150 = EDGE_CURVE('',#3098,#3098,#3151,.T.);
#3151 = SURFACE_CURVE('',#3152,(#3157,#3164),.PCURVE_S1.);
#3152 = CIRCLE('',#3153,1.3);
#3153 = AXIS2_PLACEMENT_3D('',#3154,#3155,#3156);
#3154 = CARTESIAN_POINT('',(91.607695154587,68.7,35.));
#3155 = DIRECTION('',(0.,1.,-0.));
#3156 = DIRECTION('',(-1.,0.,0.));
#3157 = PCURVE('',#3108,#3158);
#3158 = DEFINITIONAL_REPRESENTATION('',(#3159),#3163);
#3159 = LINE('',#3160,#3161);
#3160 = CARTESIAN_POINT('',(-0.,0.));
#3161 = VECTOR('',#3162,1.);
#3162 = DIRECTION('',(-1.,0.));
#3163 = ( GEOMETRIC_REPRESENTATION_CONTEXT(2) 
PARAMETRIC_REPRESENTATION_CONTEXT() REPRESENTATION_CONTEXT('2D SPACE',''
  ) );
#3164 = PCURVE('',#126,#3165);
#3165 = DEFINITIONAL_REPRESENTATION('',(#3166),#3170);
#3166 = CIRCLE('',#3167,1.3);
#3167 = AXIS2_PLACEMENT_2D('',#3168,#3169);
#3168 = CARTESIAN_POINT('',(-1.607695154587,-50.75));
#3169 = DIRECTION('',(1.,0.));
#3170 = ( GEOMETRIC_REPRESENTATION_CONTEXT(2) 
PARAMETRIC_REPRESENTATION_CONTEXT() REPRESENTATION_CONTEXT('2D SPACE',''
  ) );
#3171 = ADVANCED_FACE('',(#3172),#3186,.F.);
#3172 = FACE_BOUND('',#3173,.T.);
#3173 = EDGE_LOOP('',(#3174,#3204,#3226,#3227));
#3174 = ORIENTED_EDGE('',*,*,#3175,.T.);
#3175 = EDGE_CURVE('',#3176,#3178,#3180,.T.);
#3176 = VERTEX_POINT('',#3177);
#3177 = CARTESIAN_POINT('',(106.93538290724,68.7,39.8));
#3178 = VERTEX_POINT('',#3179);
#3179 = CARTESIAN_POINT('',(106.93538290724,71.7,39.8));
#3180 = SEAM_CURVE('',#3181,(#3185,#3197),.PCURVE_S1.);
#3181 = LINE('',#3182,#3183);
#3182 = CARTESIAN_POINT('',(106.93538290724,68.7,39.8));
#3183 = VECTOR('',#3184,1.);
#3184 = DIRECTION('',(0.,1.,-0.));
#3185 = PCURVE('',#3186,#3191);
#3186 = CYLINDRICAL_SURFACE('',#3187,1.3);
#3187 = AXIS2_PLACEMENT_3D('',#3188,#3189,#3190);
#3188 = CARTESIAN_POINT('',(108.23538290724,68.7,39.8));
#3189 = DIRECTION('',(-0.,-1.,0.));
#3190 = DIRECTION('',(-1.,0.,0.));
#3191 = DEFINITIONAL_REPRESENTATION('',(#3192),#3196);
#3192 = LINE('',#3193,#3194);
#3193 = CARTESIAN_POINT('',(-0.,0.));
#3194 = VECTOR('',#3195,1.);
#3195 = DIRECTION('',(-0.,-1.));
#3196 = ( GEOMETRIC_REPRESENTATION_CONTEXT(2) 
PARAMETRIC_REPRESENTATION_CONTEXT() REPRESENTATION_CONTEXT('2D SPACE',''
  ) );
#3197 = PCURVE('',#3186,#3198);
#3198 = DEFINITIONAL_REPRESENTATION('',(#3199),#3203);
#3199 = LINE('',#3200,#3201);
#3200 = CARTESIAN_POINT('',(-6.28318530718,0.));
#3201 = VECTOR('',#3202,1.);
#3202 = DIRECTION('',(-0.,-1.));
#3203 = ( GEOMETRIC_REPRESENTATION_CONTEXT(2) 
PARAMETRIC_REPRESENTATION_CONTEXT() REPRESENTATION_CONTEXT('2D SPACE',''
  ) );
#3204 = ORIENTED_EDGE('',*,*,#3205,.T.);
#3205 = EDGE_CURVE('',#3178,#3178,#3206,.T.);
#3206 = SURFACE_CURVE('',#3207,(#3212,#3219),.PCURVE_S1.);
#3207 = CIRCLE('',#3208,1.3);
#3208 = AXIS2_PLACEMENT_3D('',#3209,#3210,#3211);
#3209 = CARTESIAN_POINT('',(108.23538290724,71.7,39.8));
#3210 = DIRECTION('',(0.,1.,-0.));
#3211 = DIRECTION('',(-1.,0.,0.));
#3212 = PCURVE('',#3186,#3213);
#3213 = DEFINITIONAL_REPRESENTATION('',(#3214),#3218);
#3214 = LINE('',#3215,#3216);
#3215 = CARTESIAN_POINT('',(-0.,-3.));
#3216 = VECTOR('',#3217,1.);
#3217 = DIRECTION('',(-1.,0.));
#3218 = ( GEOMETRIC_REPRESENTATION_CONTEXT(2) 
PARAMETRIC_REPRESENTATION_CONTEXT() REPRESENTATION_CONTEXT('2D SPACE',''
  ) );
#3219 = PCURVE('',#72,#3220);
#3220 = DEFINITIONAL_REPRESENTATION('',(#3221),#3225);
#3221 = CIRCLE('',#3222,1.3);
#3222 = AXIS2_PLACEMENT_2D('',#3223,#3224);
#3223 = CARTESIAN_POINT('',(-18.23538290724,-45.95));
#3224 = DIRECTION('',(1.,0.));
#3225 = ( GEOMETRIC_REPRESENTATION_CONTEXT(2) 
PARAMETRIC_REPRESENTATION_CONTEXT() REPRESENTATION_CONTEXT('2D SPACE',''
  ) );
#3226 = ORIENTED_EDGE('',*,*,#3175,.F.);
#3227 = ORIENTED_EDGE('',*,*,#3228,.F.);
#3228 = EDGE_CURVE('',#3176,#3176,#3229,.T.);
#3229 = SURFACE_CURVE('',#3230,(#3235,#3242),.PCURVE_S1.);
#3230 = CIRCLE('',#3231,1.3);
#3231 = AXIS2_PLACEMENT_3D('',#3232,#3233,#3234);
#3232 = CARTESIAN_POINT('',(108.23538290724,68.7,39.8));
#3233 = DIRECTION('',(0.,1.,-0.));
#3234 = DIRECTION('',(-1.,0.,0.));
#3235 = PCURVE('',#3186,#3236);
#3236 = DEFINITIONAL_REPRESENTATION('',(#3237),#3241);
#3237 = LINE('',#3238,#3239);
#3238 = CARTESIAN_POINT('',(-0.,0.));
#3239 = VECTOR('',#3240,1.);
#3240 = DIRECTION('',(-1.,0.));
#3241 = ( GEOMETRIC_REPRESENTATION_CONTEXT(2) 
PARAMETRIC_REPRESENTATION_CONTEXT() REPRESENTATION_CONTEXT('2D SPACE',''
  ) );
#3242 = PCURVE('',#126,#3243);
#3243 = DEFINITIONAL_REPRESENTATION('',(#3244),#3248);
#3244 = CIRCLE('',#3245,1.3);
#3245 = AXIS2_PLACEMENT_2D('',#3246,#3247);
#3246 = CARTESIAN_POINT('',(-18.23538290724,-45.95));
#3247 = DIRECTION('',(1.,0.));
#3248 = ( GEOMETRIC_REPRESENTATION_CONTEXT(2) 
PARAMETRIC_REPRESENTATION_CONTEXT() REPRESENTATION_CONTEXT('2D SPACE',''
  ) );
#3249 = ADVANCED_FACE('',(#3250),#3264,.F.);
#3250 = FACE_BOUND('',#3251,.T.);
#3251 = EDGE_LOOP('',(#3252,#3282,#3304,#3305));
#3252 = ORIENTED_EDGE('',*,*,#3253,.T.);
#3253 = EDGE_CURVE('',#3254,#3256,#3258,.T.);
#3254 = VERTEX_POINT('',#3255);
#3255 = CARTESIAN_POINT('',(102.77846096908,68.7,37.4));
#3256 = VERTEX_POINT('',#3257);
#3257 = CARTESIAN_POINT('',(102.77846096908,71.7,37.4));
#3258 = SEAM_CURVE('',#3259,(#3263,#3275),.PCURVE_S1.);
#3259 = LINE('',#3260,#3261);
#3260 = CARTESIAN_POINT('',(102.77846096908,68.7,37.4));
#3261 = VECTOR('',#3262,1.);
#3262 = DIRECTION('',(0.,1.,-0.));
#3263 = PCURVE('',#3264,#3269);
#3264 = CYLINDRICAL_SURFACE('',#3265,1.3);
#3265 = AXIS2_PLACEMENT_3D('',#3266,#3267,#3268);
#3266 = CARTESIAN_POINT('',(104.07846096908,68.7,37.4));
#3267 = DIRECTION('',(-0.,-1.,0.));
#3268 = DIRECTION('',(-1.,0.,0.));
#3269 = DEFINITIONAL_REPRESENTATION('',(#3270),#3274);
#3270 = LINE('',#3271,#3272);
#3271 = CARTESIAN_POINT('',(-0.,0.));
#3272 = VECTOR('',#3273,1.);
#3273 = DIRECTION('',(-0.,-1.));
#3274 = ( GEOMETRIC_REPRESENTATION_CONTEXT(2) 
PARAMETRIC_REPRESENTATION_CONTEXT() REPRESENTATION_CONTEXT('2D SPACE',''
  ) );
#3275 = PCURVE('',#3264,#3276);
#3276 = DEFINITIONAL_REPRESENTATION('',(#3277),#3281);
#3277 = LINE('',#3278,#3279);
#3278 = CARTESIAN_POINT('',(-6.28318530718,0.));
#3279 = VECTOR('',#3280,1.);
#3280 = DIRECTION('',(-0.,-1.));
#3281 = ( GEOMETRIC_REPRESENTATION_CONTEXT(2) 
PARAMETRIC_REPRESENTATION_CONTEXT() REPRESENTATION_CONTEXT('2D SPACE',''
  ) );
#3282 = ORIENTED_EDGE('',*,*,#3283,.T.);
#3283 = EDGE_CURVE('',#3256,#3256,#3284,.T.);
#3284 = SURFACE_CURVE('',#3285,(#3290,#3297),.PCURVE_S1.);
#3285 = CIRCLE('',#3286,1.3);
#3286 = AXIS2_PLACEMENT_3D('',#3287,#3288,#3289);
#3287 = CARTESIAN_POINT('',(104.07846096908,71.7,37.4));
#3288 = DIRECTION('',(0.,1.,-0.));
#3289 = DIRECTION('',(-1.,0.,0.));
#3290 = PCURVE('',#3264,#3291);
#3291 = DEFINITIONAL_REPRESENTATION('',(#3292),#3296);
#3292 = LINE('',#3293,#3294);
#3293 = CARTESIAN_POINT('',(-0.,-3.));
#3294 = VECTOR('',#3295,1.);
#3295 = DIRECTION('',(-1.,0.));
#3296 = ( GEOMETRIC_REPRESENTATION_CONTEXT(2) 
PARAMETRIC_REPRESENTATION_CONTEXT() REPRESENTATION_CONTEXT('2D SPACE',''
  ) );
#3297 = PCURVE('',#72,#3298);
#3298 = DEFINITIONAL_REPRESENTATION('',(#3299),#3303);
#3299 = CIRCLE('',#3300,1.3);
#3300 = AXIS2_PLACEMENT_2D('',#3301,#3302);
#3301 = CARTESIAN_POINT('',(-14.07846096908,-48.35));
#3302 = DIRECTION('',(1.,0.));
#3303 = ( GEOMETRIC_REPRESENTATION_CONTEXT(2) 
PARAMETRIC_REPRESENTATION_CONTEXT() REPRESENTATION_CONTEXT('2D SPACE',''
  ) );
#3304 = ORIENTED_EDGE('',*,*,#3253,.F.);
#3305 = ORIENTED_EDGE('',*,*,#3306,.F.);
#3306 = EDGE_CURVE('',#3254,#3254,#3307,.T.);
#3307 = SURFACE_CURVE('',#3308,(#3313,#3320),.PCURVE_S1.);
#3308 = CIRCLE('',#3309,1.3);
#3309 = AXIS2_PLACEMENT_3D('',#3310,#3311,#3312);
#3310 = CARTESIAN_POINT('',(104.07846096908,68.7,37.4));
#3311 = DIRECTION('',(0.,1.,-0.));
#3312 = DIRECTION('',(-1.,0.,0.));
#3313 = PCURVE('',#3264,#3314);
#3314 = DEFINITIONAL_REPRESENTATION('',(#3315),#3319);
#3315 = LINE('',#3316,#3317);
#3316 = CARTESIAN_POINT('',(-0.,0.));
#3317 = VECTOR('',#3318,1.);
#3318 = DIRECTION('',(-1.,0.));
#3319 = ( GEOMETRIC_REPRESENTATION_CONTEXT(2) 
PARAMETRIC_REPRESENTATION_CONTEXT() REPRESENTATION_CONTEXT('2D SPACE',''
  ) );
#3320 = PCURVE('',#126,#3321);
#3321 = DEFINITIONAL_REPRESENTATION('',(#3322),#3326);
#3322 = CIRCLE('',#3323,1.3);
#3323 = AXIS2_PLACEMENT_2D('',#3324,#3325);
#3324 = CARTESIAN_POINT('',(-14.07846096908,-48.35));
#3325 = DIRECTION('',(1.,0.));
#3326 = ( GEOMETRIC_REPRESENTATION_CONTEXT(2) 
PARAMETRIC_REPRESENTATION_CONTEXT() REPRESENTATION_CONTEXT('2D SPACE',''
  ) );
#3327 = ADVANCED_FACE('',(#3328),#3342,.F.);
#3328 = FACE_BOUND('',#3329,.T.);
#3329 = EDGE_LOOP('',(#3330,#3360,#3382,#3383));
#3330 = ORIENTED_EDGE('',*,*,#3331,.T.);
#3331 = EDGE_CURVE('',#3332,#3334,#3336,.T.);
#3332 = VERTEX_POINT('',#3333);
#3333 = CARTESIAN_POINT('',(106.93538290724,68.7,44.6));
#3334 = VERTEX_POINT('',#3335);
#3335 = CARTESIAN_POINT('',(106.93538290724,71.7,44.6));
#3336 = SEAM_CURVE('',#3337,(#3341,#3353),.PCURVE_S1.);
#3337 = LINE('',#3338,#3339);
#3338 = CARTESIAN_POINT('',(106.93538290724,68.7,44.6));
#3339 = VECTOR('',#3340,1.);
#3340 = DIRECTION('',(0.,1.,-0.));
#3341 = PCURVE('',#3342,#3347);
#3342 = CYLINDRICAL_SURFACE('',#3343,1.3);
#3343 = AXIS2_PLACEMENT_3D('',#3344,#3345,#3346);
#3344 = CARTESIAN_POINT('',(108.23538290724,68.7,44.6));
#3345 = DIRECTION('',(-0.,-1.,0.));
#3346 = DIRECTION('',(-1.,0.,0.));
#3347 = DEFINITIONAL_REPRESENTATION('',(#3348),#3352);
#3348 = LINE('',#3349,#3350);
#3349 = CARTESIAN_POINT('',(-0.,0.));
#3350 = VECTOR('',#3351,1.);
#3351 = DIRECTION('',(-0.,-1.));
#3352 = ( GEOMETRIC_REPRESENTATION_CONTEXT(2) 
PARAMETRIC_REPRESENTATION_CONTEXT() REPRESENTATION_CONTEXT('2D SPACE',''
  ) );
#3353 = PCURVE('',#3342,#3354);
#3354 = DEFINITIONAL_REPRESENTATION('',(#3355),#3359);
#3355 = LINE('',#3356,#3357);
#3356 = CARTESIAN_POINT('',(-6.28318530718,0.));
#3357 = VECTOR('',#3358,1.);
#3358 = DIRECTION('',(-0.,-1.));
#3359 = ( GEOMETRIC_REPRESENTATION_CONTEXT(2) 
PARAMETRIC_REPRESENTATION_CONTEXT() REPRESENTATION_CONTEXT('2D SPACE',''
  ) );
#3360 = ORIENTED_EDGE('',*,*,#3361,.T.);
#3361 = EDGE_CURVE('',#3334,#3334,#3362,.T.);
#3362 = SURFACE_CURVE('',#3363,(#3368,#3375),.PCURVE_S1.);
#3363 = CIRCLE('',#3364,1.3);
#3364 = AXIS2_PLACEMENT_3D('',#3365,#3366,#3367);
#3365 = CARTESIAN_POINT('',(108.23538290724,71.7,44.6));
#3366 = DIRECTION('',(0.,1.,-0.));
#3367 = DIRECTION('',(-1.,0.,0.));
#3368 = PCURVE('',#3342,#3369);
#3369 = DEFINITIONAL_REPRESENTATION('',(#3370),#3374);
#3370 = LINE('',#3371,#3372);
#3371 = CARTESIAN_POINT('',(-0.,-3.));
#3372 = VECTOR('',#3373,1.);
#3373 = DIRECTION('',(-1.,0.));
#3374 = ( GEOMETRIC_REPRESENTATION_CONTEXT(2) 
PARAMETRIC_REPRESENTATION_CONTEXT() REPRESENTATION_CONTEXT('2D SPACE',''
  ) );
#3375 = PCURVE('',#72,#3376);
#3376 = DEFINITIONAL_REPRESENTATION('',(#3377),#3381);
#3377 = CIRCLE('',#3378,1.3);
#3378 = AXIS2_PLACEMENT_2D('',#3379,#3380);
#3379 = CARTESIAN_POINT('',(-18.23538290724,-41.15));
#3380 = DIRECTION('',(1.,0.));
#3381 = ( GEOMETRIC_REPRESENTATION_CONTEXT(2) 
PARAMETRIC_REPRESENTATION_CONTEXT() REPRESENTATION_CONTEXT('2D SPACE',''
  ) );
#3382 = ORIENTED_EDGE('',*,*,#3331,.F.);
#3383 = ORIENTED_EDGE('',*,*,#3384,.F.);
#3384 = EDGE_CURVE('',#3332,#3332,#3385,.T.);
#3385 = SURFACE_CURVE('',#3386,(#3391,#3398),.PCURVE_S1.);
#3386 = CIRCLE('',#3387,1.3);
#3387 = AXIS2_PLACEMENT_3D('',#3388,#3389,#3390);
#3388 = CARTESIAN_POINT('',(108.23538290724,68.7,44.6));
#3389 = DIRECTION('',(0.,1.,-0.));
#3390 = DIRECTION('',(-1.,0.,0.));
#3391 = PCURVE('',#3342,#3392);
#3392 = DEFINITIONAL_REPRESENTATION('',(#3393),#3397);
#3393 = LINE('',#3394,#3395);
#3394 = CARTESIAN_POINT('',(-0.,0.));
#3395 = VECTOR('',#3396,1.);
#3396 = DIRECTION('',(-1.,0.));
#3397 = ( GEOMETRIC_REPRESENTATION_CONTEXT(2) 
PARAMETRIC_REPRESENTATION_CONTEXT() REPRESENTATION_CONTEXT('2D SPACE',''
  ) );
#3398 = PCURVE('',#126,#3399);
#3399 = DEFINITIONAL_REPRESENTATION('',(#3400),#3404);
#3400 = CIRCLE('',#3401,1.3);
#3401 = AXIS2_PLACEMENT_2D('',#3402,#3403);
#3402 = CARTESIAN_POINT('',(-18.23538290724,-41.15));
#3403 = DIRECTION('',(1.,0.));
#3404 = ( GEOMETRIC_REPRESENTATION_CONTEXT(2) 
PARAMETRIC_REPRESENTATION_CONTEXT() REPRESENTATION_CONTEXT('2D SPACE',''
  ) );
#3405 = ADVANCED_FACE('',(#3406),#3420,.F.);
#3406 = FACE_BOUND('',#3407,.T.);
#3407 = EDGE_LOOP('',(#3408,#3438,#3460,#3461));
#3408 = ORIENTED_EDGE('',*,*,#3409,.T.);
#3409 = EDGE_CURVE('',#3410,#3412,#3414,.T.);
#3410 = VERTEX_POINT('',#3411);
#3411 = CARTESIAN_POINT('',(102.77846096908,68.7,42.2));
#3412 = VERTEX_POINT('',#3413);
#3413 = CARTESIAN_POINT('',(102.77846096908,71.7,42.2));
#3414 = SEAM_CURVE('',#3415,(#3419,#3431),.PCURVE_S1.);
#3415 = LINE('',#3416,#3417);
#3416 = CARTESIAN_POINT('',(102.77846096908,68.7,42.2));
#3417 = VECTOR('',#3418,1.);
#3418 = DIRECTION('',(0.,1.,-0.));
#3419 = PCURVE('',#3420,#3425);
#3420 = CYLINDRICAL_SURFACE('',#3421,1.3);
#3421 = AXIS2_PLACEMENT_3D('',#3422,#3423,#3424);
#3422 = CARTESIAN_POINT('',(104.07846096908,68.7,42.2));
#3423 = DIRECTION('',(-0.,-1.,0.));
#3424 = DIRECTION('',(-1.,0.,0.));
#3425 = DEFINITIONAL_REPRESENTATION('',(#3426),#3430);
#3426 = LINE('',#3427,#3428);
#3427 = CARTESIAN_POINT('',(-0.,0.));
#3428 = VECTOR('',#3429,1.);
#3429 = DIRECTION('',(-0.,-1.));
#3430 = ( GEOMETRIC_REPRESENTATION_CONTEXT(2) 
PARAMETRIC_REPRESENTATION_CONTEXT() REPRESENTATION_CONTEXT('2D SPACE',''
  ) );
#3431 = PCURVE('',#3420,#3432);
#3432 = DEFINITIONAL_REPRESENTATION('',(#3433),#3437);
#3433 = LINE('',#3434,#3435);
#3434 = CARTESIAN_POINT('',(-6.28318530718,0.));
#3435 = VECTOR('',#3436,1.);
#3436 = DIRECTION('',(-0.,-1.));
#3437 = ( GEOMETRIC_REPRESENTATION_CONTEXT(2) 
PARAMETRIC_REPRESENTATION_CONTEXT() REPRESENTATION_CONTEXT('2D SPACE',''
  ) );
#3438 = ORIENTED_EDGE('',*,*,#3439,.T.);
#3439 = EDGE_CURVE('',#3412,#3412,#3440,.T.);
#3440 = SURFACE_CURVE('',#3441,(#3446,#3453),.PCURVE_S1.);
#3441 = CIRCLE('',#3442,1.3);
#3442 = AXIS2_PLACEMENT_3D('',#3443,#3444,#3445);
#3443 = CARTESIAN_POINT('',(104.07846096908,71.7,42.2));
#3444 = DIRECTION('',(0.,1.,-0.));
#3445 = DIRECTION('',(-1.,0.,0.));
#3446 = PCURVE('',#3420,#3447);
#3447 = DEFINITIONAL_REPRESENTATION('',(#3448),#3452);
#3448 = LINE('',#3449,#3450);
#3449 = CARTESIAN_POINT('',(-0.,-3.));
#3450 = VECTOR('',#3451,1.);
#3451 = DIRECTION('',(-1.,0.));
#3452 = ( GEOMETRIC_REPRESENTATION_CONTEXT(2) 
PARAMETRIC_REPRESENTATION_CONTEXT() REPRESENTATION_CONTEXT('2D SPACE',''
  ) );
#3453 = PCURVE('',#72,#3454);
#3454 = DEFINITIONAL_REPRESENTATION('',(#3455),#3459);
#3455 = CIRCLE('',#3456,1.3);
#3456 = AXIS2_PLACEMENT_2D('',#3457,#3458);
#3457 = CARTESIAN_POINT('',(-14.07846096908,-43.55));
#3458 = DIRECTION('',(1.,0.));
#3459 = ( GEOMETRIC_REPRESENTATION_CONTEXT(2) 
PARAMETRIC_REPRESENTATION_CONTEXT() REPRESENTATION_CONTEXT('2D SPACE',''
  ) );
#3460 = ORIENTED_EDGE('',*,*,#3409,.F.);
#3461 = ORIENTED_EDGE('',*,*,#3462,.F.);
#3462 = EDGE_CURVE('',#3410,#3410,#3463,.T.);
#3463 = SURFACE_CURVE('',#3464,(#3469,#3476),.PCURVE_S1.);
#3464 = CIRCLE('',#3465,1.3);
#3465 = AXIS2_PLACEMENT_3D('',#3466,#3467,#3468);
#3466 = CARTESIAN_POINT('',(104.07846096908,68.7,42.2));
#3467 = DIRECTION('',(0.,1.,-0.));
#3468 = DIRECTION('',(-1.,0.,0.));
#3469 = PCURVE('',#3420,#3470);
#3470 = DEFINITIONAL_REPRESENTATION('',(#3471),#3475);
#3471 = LINE('',#3472,#3473);
#3472 = CARTESIAN_POINT('',(-0.,0.));
#3473 = VECTOR('',#3474,1.);
#3474 = DIRECTION('',(-1.,0.));
#3475 = ( GEOMETRIC_REPRESENTATION_CONTEXT(2) 
PARAMETRIC_REPRESENTATION_CONTEXT() REPRESENTATION_CONTEXT('2D SPACE',''
  ) );
#3476 = PCURVE('',#126,#3477);
#3477 = DEFINITIONAL_REPRESENTATION('',(#3478),#3482);
#3478 = CIRCLE('',#3479,1.3);
#3479 = AXIS2_PLACEMENT_2D('',#3480,#3481);
#3480 = CARTESIAN_POINT('',(-14.07846096908,-43.55));
#3481 = DIRECTION('',(1.,0.));
#3482 = ( GEOMETRIC_REPRESENTATION_CONTEXT(2) 
PARAMETRIC_REPRESENTATION_CONTEXT() REPRESENTATION_CONTEXT('2D SPACE',''
  ) );
#3483 = ADVANCED_FACE('',(#3484),#3498,.F.);
#3484 = FACE_BOUND('',#3485,.T.);
#3485 = EDGE_LOOP('',(#3486,#3516,#3538,#3539));
#3486 = ORIENTED_EDGE('',*,*,#3487,.T.);
#3487 = EDGE_CURVE('',#3488,#3490,#3492,.T.);
#3488 = VERTEX_POINT('',#3489);
#3489 = CARTESIAN_POINT('',(94.464617092752,68.7,37.4));
#3490 = VERTEX_POINT('',#3491);
#3491 = CARTESIAN_POINT('',(94.464617092752,71.7,37.4));
#3492 = SEAM_CURVE('',#3493,(#3497,#3509),.PCURVE_S1.);
#3493 = LINE('',#3494,#3495);
#3494 = CARTESIAN_POINT('',(94.464617092752,68.7,37.4));
#3495 = VECTOR('',#3496,1.);
#3496 = DIRECTION('',(0.,1.,-0.));
#3497 = PCURVE('',#3498,#3503);
#3498 = CYLINDRICAL_SURFACE('',#3499,1.3);
#3499 = AXIS2_PLACEMENT_3D('',#3500,#3501,#3502);
#3500 = CARTESIAN_POINT('',(95.764617092752,68.7,37.4));
#3501 = DIRECTION('',(-0.,-1.,0.));
#3502 = DIRECTION('',(-1.,0.,0.));
#3503 = DEFINITIONAL_REPRESENTATION('',(#3504),#3508);
#3504 = LINE('',#3505,#3506);
#3505 = CARTESIAN_POINT('',(-0.,0.));
#3506 = VECTOR('',#3507,1.);
#3507 = DIRECTION('',(-0.,-1.));
#3508 = ( GEOMETRIC_REPRESENTATION_CONTEXT(2) 
PARAMETRIC_REPRESENTATION_CONTEXT() REPRESENTATION_CONTEXT('2D SPACE',''
  ) );
#3509 = PCURVE('',#3498,#3510);
#3510 = DEFINITIONAL_REPRESENTATION('',(#3511),#3515);
#3511 = LINE('',#3512,#3513);
#3512 = CARTESIAN_POINT('',(-6.28318530718,0.));
#3513 = VECTOR('',#3514,1.);
#3514 = DIRECTION('',(-0.,-1.));
#3515 = ( GEOMETRIC_REPRESENTATION_CONTEXT(2) 
PARAMETRIC_REPRESENTATION_CONTEXT() REPRESENTATION_CONTEXT('2D SPACE',''
  ) );
#3516 = ORIENTED_EDGE('',*,*,#3517,.T.);
#3517 = EDGE_CURVE('',#3490,#3490,#3518,.T.);
#3518 = SURFACE_CURVE('',#3519,(#3524,#3531),.PCURVE_S1.);
#3519 = CIRCLE('',#3520,1.3);
#3520 = AXIS2_PLACEMENT_3D('',#3521,#3522,#3523);
#3521 = CARTESIAN_POINT('',(95.764617092752,71.7,37.4));
#3522 = DIRECTION('',(0.,1.,-0.));
#3523 = DIRECTION('',(-1.,0.,0.));
#3524 = PCURVE('',#3498,#3525);
#3525 = DEFINITIONAL_REPRESENTATION('',(#3526),#3530);
#3526 = LINE('',#3527,#3528);
#3527 = CARTESIAN_POINT('',(-0.,-3.));
#3528 = VECTOR('',#3529,1.);
#3529 = DIRECTION('',(-1.,0.));
#3530 = ( GEOMETRIC_REPRESENTATION_CONTEXT(2) 
PARAMETRIC_REPRESENTATION_CONTEXT() REPRESENTATION_CONTEXT('2D SPACE',''
  ) );
#3531 = PCURVE('',#72,#3532);
#3532 = DEFINITIONAL_REPRESENTATION('',(#3533),#3537);
#3533 = CIRCLE('',#3534,1.3);
#3534 = AXIS2_PLACEMENT_2D('',#3535,#3536);
#3535 = CARTESIAN_POINT('',(-5.764617092752,-48.35));
#3536 = DIRECTION('',(1.,0.));
#3537 = ( GEOMETRIC_REPRESENTATION_CONTEXT(2) 
PARAMETRIC_REPRESENTATION_CONTEXT() REPRESENTATION_CONTEXT('2D SPACE',''
  ) );
#3538 = ORIENTED_EDGE('',*,*,#3487,.F.);
#3539 = ORIENTED_EDGE('',*,*,#3540,.F.);
#3540 = EDGE_CURVE('',#3488,#3488,#3541,.T.);
#3541 = SURFACE_CURVE('',#3542,(#3547,#3554),.PCURVE_S1.);
#3542 = CIRCLE('',#3543,1.3);
#3543 = AXIS2_PLACEMENT_3D('',#3544,#3545,#3546);
#3544 = CARTESIAN_POINT('',(95.764617092752,68.7,37.4));
#3545 = DIRECTION('',(0.,1.,-0.));
#3546 = DIRECTION('',(-1.,0.,0.));
#3547 = PCURVE('',#3498,#3548);
#3548 = DEFINITIONAL_REPRESENTATION('',(#3549),#3553);
#3549 = LINE('',#3550,#3551);
#3550 = CARTESIAN_POINT('',(-0.,0.));
#3551 = VECTOR('',#3552,1.);
#3552 = DIRECTION('',(-1.,0.));
#3553 = ( GEOMETRIC_REPRESENTATION_CONTEXT(2) 
PARAMETRIC_REPRESENTATION_CONTEXT() REPRESENTATION_CONTEXT('2D SPACE',''
  ) );
#3554 = PCURVE('',#126,#3555);
#3555 = DEFINITIONAL_REPRESENTATION('',(#3556),#3560);
#3556 = CIRCLE('',#3557,1.3);
#3557 = AXIS2_PLACEMENT_2D('',#3558,#3559);
#3558 = CARTESIAN_POINT('',(-5.764617092752,-48.35));
#3559 = DIRECTION('',(1.,0.));
#3560 = ( GEOMETRIC_REPRESENTATION_CONTEXT(2) 
PARAMETRIC_REPRESENTATION_CONTEXT() REPRESENTATION_CONTEXT('2D SPACE',''
  ) );
#3561 = ADVANCED_FACE('',(#3562),#3576,.F.);
#3562 = FACE_BOUND('',#3563,.T.);
#3563 = EDGE_LOOP('',(#3564,#3594,#3616,#3617));
#3564 = ORIENTED_EDGE('',*,*,#3565,.T.);
#3565 = EDGE_CURVE('',#3566,#3568,#3570,.T.);
#3566 = VERTEX_POINT('',#3567);
#3567 = CARTESIAN_POINT('',(98.621539030917,68.7,39.8));
#3568 = VERTEX_POINT('',#3569);
#3569 = CARTESIAN_POINT('',(98.621539030917,71.7,39.8));
#3570 = SEAM_CURVE('',#3571,(#3575,#3587),.PCURVE_S1.);
#3571 = LINE('',#3572,#3573);
#3572 = CARTESIAN_POINT('',(98.621539030917,68.7,39.8));
#3573 = VECTOR('',#3574,1.);
#3574 = DIRECTION('',(0.,1.,-0.));
#3575 = PCURVE('',#3576,#3581);
#3576 = CYLINDRICAL_SURFACE('',#3577,1.3);
#3577 = AXIS2_PLACEMENT_3D('',#3578,#3579,#3580);
#3578 = CARTESIAN_POINT('',(99.921539030917,68.7,39.8));
#3579 = DIRECTION('',(-0.,-1.,0.));
#3580 = DIRECTION('',(-1.,0.,0.));
#3581 = DEFINITIONAL_REPRESENTATION('',(#3582),#3586);
#3582 = LINE('',#3583,#3584);
#3583 = CARTESIAN_POINT('',(-0.,0.));
#3584 = VECTOR('',#3585,1.);
#3585 = DIRECTION('',(-0.,-1.));
#3586 = ( GEOMETRIC_REPRESENTATION_CONTEXT(2) 
PARAMETRIC_REPRESENTATION_CONTEXT() REPRESENTATION_CONTEXT('2D SPACE',''
  ) );
#3587 = PCURVE('',#3576,#3588);
#3588 = DEFINITIONAL_REPRESENTATION('',(#3589),#3593);
#3589 = LINE('',#3590,#3591);
#3590 = CARTESIAN_POINT('',(-6.28318530718,0.));
#3591 = VECTOR('',#3592,1.);
#3592 = DIRECTION('',(-0.,-1.));
#3593 = ( GEOMETRIC_REPRESENTATION_CONTEXT(2) 
PARAMETRIC_REPRESENTATION_CONTEXT() REPRESENTATION_CONTEXT('2D SPACE',''
  ) );
#3594 = ORIENTED_EDGE('',*,*,#3595,.T.);
#3595 = EDGE_CURVE('',#3568,#3568,#3596,.T.);
#3596 = SURFACE_CURVE('',#3597,(#3602,#3609),.PCURVE_S1.);
#3597 = CIRCLE('',#3598,1.3);
#3598 = AXIS2_PLACEMENT_3D('',#3599,#3600,#3601);
#3599 = CARTESIAN_POINT('',(99.921539030917,71.7,39.8));
#3600 = DIRECTION('',(0.,1.,-0.));
#3601 = DIRECTION('',(-1.,0.,0.));
#3602 = PCURVE('',#3576,#3603);
#3603 = DEFINITIONAL_REPRESENTATION('',(#3604),#3608);
#3604 = LINE('',#3605,#3606);
#3605 = CARTESIAN_POINT('',(-0.,-3.));
#3606 = VECTOR('',#3607,1.);
#3607 = DIRECTION('',(-1.,0.));
#3608 = ( GEOMETRIC_REPRESENTATION_CONTEXT(2) 
PARAMETRIC_REPRESENTATION_CONTEXT() REPRESENTATION_CONTEXT('2D SPACE',''
  ) );
#3609 = PCURVE('',#72,#3610);
#3610 = DEFINITIONAL_REPRESENTATION('',(#3611),#3615);
#3611 = CIRCLE('',#3612,1.3);
#3612 = AXIS2_PLACEMENT_2D('',#3613,#3614);
#3613 = CARTESIAN_POINT('',(-9.921539030917,-45.95));
#3614 = DIRECTION('',(1.,0.));
#3615 = ( GEOMETRIC_REPRESENTATION_CONTEXT(2) 
PARAMETRIC_REPRESENTATION_CONTEXT() REPRESENTATION_CONTEXT('2D SPACE',''
  ) );
#3616 = ORIENTED_EDGE('',*,*,#3565,.F.);
#3617 = ORIENTED_EDGE('',*,*,#3618,.F.);
#3618 = EDGE_CURVE('',#3566,#3566,#3619,.T.);
#3619 = SURFACE_CURVE('',#3620,(#3625,#3632),.PCURVE_S1.);
#3620 = CIRCLE('',#3621,1.3);
#3621 = AXIS2_PLACEMENT_3D('',#3622,#3623,#3624);
#3622 = CARTESIAN_POINT('',(99.921539030917,68.7,39.8));
#3623 = DIRECTION('',(0.,1.,-0.));
#3624 = DIRECTION('',(-1.,0.,0.));
#3625 = PCURVE('',#3576,#3626);
#3626 = DEFINITIONAL_REPRESENTATION('',(#3627),#3631);
#3627 = LINE('',#3628,#3629);
#3628 = CARTESIAN_POINT('',(-0.,0.));
#3629 = VECTOR('',#3630,1.);
#3630 = DIRECTION('',(-1.,0.));
#3631 = ( GEOMETRIC_REPRESENTATION_CONTEXT(2) 
PARAMETRIC_REPRESENTATION_CONTEXT() REPRESENTATION_CONTEXT('2D SPACE',''
  ) );
#3632 = PCURVE('',#126,#3633);
#3633 = DEFINITIONAL_REPRESENTATION('',(#3634),#3638);
#3634 = CIRCLE('',#3635,1.3);
#3635 = AXIS2_PLACEMENT_2D('',#3636,#3637);
#3636 = CARTESIAN_POINT('',(-9.921539030917,-45.95));
#3637 = DIRECTION('',(1.,0.));
#3638 = ( GEOMETRIC_REPRESENTATION_CONTEXT(2) 
PARAMETRIC_REPRESENTATION_CONTEXT() REPRESENTATION_CONTEXT('2D SPACE',''
  ) );
#3639 = ADVANCED_FACE('',(#3640),#3654,.F.);
#3640 = FACE_BOUND('',#3641,.T.);
#3641 = EDGE_LOOP('',(#3642,#3672,#3694,#3695));
#3642 = ORIENTED_EDGE('',*,*,#3643,.T.);
#3643 = EDGE_CURVE('',#3644,#3646,#3648,.T.);
#3644 = VERTEX_POINT('',#3645);
#3645 = CARTESIAN_POINT('',(90.307695154587,68.7,39.8));
#3646 = VERTEX_POINT('',#3647);
#3647 = CARTESIAN_POINT('',(90.307695154587,71.7,39.8));
#3648 = SEAM_CURVE('',#3649,(#3653,#3665),.PCURVE_S1.);
#3649 = LINE('',#3650,#3651);
#3650 = CARTESIAN_POINT('',(90.307695154587,68.7,39.8));
#3651 = VECTOR('',#3652,1.);
#3652 = DIRECTION('',(0.,1.,-0.));
#3653 = PCURVE('',#3654,#3659);
#3654 = CYLINDRICAL_SURFACE('',#3655,1.3);
#3655 = AXIS2_PLACEMENT_3D('',#3656,#3657,#3658);
#3656 = CARTESIAN_POINT('',(91.607695154587,68.7,39.8));
#3657 = DIRECTION('',(-0.,-1.,0.));
#3658 = DIRECTION('',(-1.,0.,0.));
#3659 = DEFINITIONAL_REPRESENTATION('',(#3660),#3664);
#3660 = LINE('',#3661,#3662);
#3661 = CARTESIAN_POINT('',(-0.,0.));
#3662 = VECTOR('',#3663,1.);
#3663 = DIRECTION('',(-0.,-1.));
#3664 = ( GEOMETRIC_REPRESENTATION_CONTEXT(2) 
PARAMETRIC_REPRESENTATION_CONTEXT() REPRESENTATION_CONTEXT('2D SPACE',''
  ) );
#3665 = PCURVE('',#3654,#3666);
#3666 = DEFINITIONAL_REPRESENTATION('',(#3667),#3671);
#3667 = LINE('',#3668,#3669);
#3668 = CARTESIAN_POINT('',(-6.28318530718,0.));
#3669 = VECTOR('',#3670,1.);
#3670 = DIRECTION('',(-0.,-1.));
#3671 = ( GEOMETRIC_REPRESENTATION_CONTEXT(2) 
PARAMETRIC_REPRESENTATION_CONTEXT() REPRESENTATION_CONTEXT('2D SPACE',''
  ) );
#3672 = ORIENTED_EDGE('',*,*,#3673,.T.);
#3673 = EDGE_CURVE('',#3646,#3646,#3674,.T.);
#3674 = SURFACE_CURVE('',#3675,(#3680,#3687),.PCURVE_S1.);
#3675 = CIRCLE('',#3676,1.3);
#3676 = AXIS2_PLACEMENT_3D('',#3677,#3678,#3679);
#3677 = CARTESIAN_POINT('',(91.607695154587,71.7,39.8));
#3678 = DIRECTION('',(0.,1.,-0.));
#3679 = DIRECTION('',(-1.,0.,0.));
#3680 = PCURVE('',#3654,#3681);
#3681 = DEFINITIONAL_REPRESENTATION('',(#3682),#3686);
#3682 = LINE('',#3683,#3684);
#3683 = CARTESIAN_POINT('',(-0.,-3.));
#3684 = VECTOR('',#3685,1.);
#3685 = DIRECTION('',(-1.,0.));
#3686 = ( GEOMETRIC_REPRESENTATION_CONTEXT(2) 
PARAMETRIC_REPRESENTATION_CONTEXT() REPRESENTATION_CONTEXT('2D SPACE',''
  ) );
#3687 = PCURVE('',#72,#3688);
#3688 = DEFINITIONAL_REPRESENTATION('',(#3689),#3693);
#3689 = CIRCLE('',#3690,1.3);
#3690 = AXIS2_PLACEMENT_2D('',#3691,#3692);
#3691 = CARTESIAN_POINT('',(-1.607695154587,-45.95));
#3692 = DIRECTION('',(1.,0.));
#3693 = ( GEOMETRIC_REPRESENTATION_CONTEXT(2) 
PARAMETRIC_REPRESENTATION_CONTEXT() REPRESENTATION_CONTEXT('2D SPACE',''
  ) );
#3694 = ORIENTED_EDGE('',*,*,#3643,.F.);
#3695 = ORIENTED_EDGE('',*,*,#3696,.F.);
#3696 = EDGE_CURVE('',#3644,#3644,#3697,.T.);
#3697 = SURFACE_CURVE('',#3698,(#3703,#3710),.PCURVE_S1.);
#3698 = CIRCLE('',#3699,1.3);
#3699 = AXIS2_PLACEMENT_3D('',#3700,#3701,#3702);
#3700 = CARTESIAN_POINT('',(91.607695154587,68.7,39.8));
#3701 = DIRECTION('',(0.,1.,-0.));
#3702 = DIRECTION('',(-1.,0.,0.));
#3703 = PCURVE('',#3654,#3704);
#3704 = DEFINITIONAL_REPRESENTATION('',(#3705),#3709);
#3705 = LINE('',#3706,#3707);
#3706 = CARTESIAN_POINT('',(-0.,0.));
#3707 = VECTOR('',#3708,1.);
#3708 = DIRECTION('',(-1.,0.));
#3709 = ( GEOMETRIC_REPRESENTATION_CONTEXT(2) 
PARAMETRIC_REPRESENTATION_CONTEXT() REPRESENTATION_CONTEXT('2D SPACE',''
  ) );
#3710 = PCURVE('',#126,#3711);
#3711 = DEFINITIONAL_REPRESENTATION('',(#3712),#3716);
#3712 = CIRCLE('',#3713,1.3);
#3713 = AXIS2_PLACEMENT_2D('',#3714,#3715);
#3714 = CARTESIAN_POINT('',(-1.607695154587,-45.95));
#3715 = DIRECTION('',(1.,0.));
#3716 = ( GEOMETRIC_REPRESENTATION_CONTEXT(2) 
PARAMETRIC_REPRESENTATION_CONTEXT() REPRESENTATION_CONTEXT('2D SPACE',''
  ) );
#3717 = ADVANCED_FACE('',(#3718),#3732,.F.);
#3718 = FACE_BOUND('',#3719,.T.);
#3719 = EDGE_LOOP('',(#3720,#3750,#3772,#3773));
#3720 = ORIENTED_EDGE('',*,*,#3721,.T.);
#3721 = EDGE_CURVE('',#3722,#3724,#3726,.T.);
#3722 = VERTEX_POINT('',#3723);
#3723 = CARTESIAN_POINT('',(94.464617092752,68.7,42.2));
#3724 = VERTEX_POINT('',#3725);
#3725 = CARTESIAN_POINT('',(94.464617092752,71.7,42.2));
#3726 = SEAM_CURVE('',#3727,(#3731,#3743),.PCURVE_S1.);
#3727 = LINE('',#3728,#3729);
#3728 = CARTESIAN_POINT('',(94.464617092752,68.7,42.2));
#3729 = VECTOR('',#3730,1.);
#3730 = DIRECTION('',(0.,1.,-0.));
#3731 = PCURVE('',#3732,#3737);
#3732 = CYLINDRICAL_SURFACE('',#3733,1.3);
#3733 = AXIS2_PLACEMENT_3D('',#3734,#3735,#3736);
#3734 = CARTESIAN_POINT('',(95.764617092752,68.7,42.2));
#3735 = DIRECTION('',(-0.,-1.,0.));
#3736 = DIRECTION('',(-1.,0.,0.));
#3737 = DEFINITIONAL_REPRESENTATION('',(#3738),#3742);
#3738 = LINE('',#3739,#3740);
#3739 = CARTESIAN_POINT('',(-0.,0.));
#3740 = VECTOR('',#3741,1.);
#3741 = DIRECTION('',(-0.,-1.));
#3742 = ( GEOMETRIC_REPRESENTATION_CONTEXT(2) 
PARAMETRIC_REPRESENTATION_CONTEXT() REPRESENTATION_CONTEXT('2D SPACE',''
  ) );
#3743 = PCURVE('',#3732,#3744);
#3744 = DEFINITIONAL_REPRESENTATION('',(#3745),#3749);
#3745 = LINE('',#3746,#3747);
#3746 = CARTESIAN_POINT('',(-6.28318530718,0.));
#3747 = VECTOR('',#3748,1.);
#3748 = DIRECTION('',(-0.,-1.));
#3749 = ( GEOMETRIC_REPRESENTATION_CONTEXT(2) 
PARAMETRIC_REPRESENTATION_CONTEXT() REPRESENTATION_CONTEXT('2D SPACE',''
  ) );
#3750 = ORIENTED_EDGE('',*,*,#3751,.T.);
#3751 = EDGE_CURVE('',#3724,#3724,#3752,.T.);
#3752 = SURFACE_CURVE('',#3753,(#3758,#3765),.PCURVE_S1.);
#3753 = CIRCLE('',#3754,1.3);
#3754 = AXIS2_PLACEMENT_3D('',#3755,#3756,#3757);
#3755 = CARTESIAN_POINT('',(95.764617092752,71.7,42.2));
#3756 = DIRECTION('',(0.,1.,-0.));
#3757 = DIRECTION('',(-1.,0.,0.));
#3758 = PCURVE('',#3732,#3759);
#3759 = DEFINITIONAL_REPRESENTATION('',(#3760),#3764);
#3760 = LINE('',#3761,#3762);
#3761 = CARTESIAN_POINT('',(-0.,-3.));
#3762 = VECTOR('',#3763,1.);
#3763 = DIRECTION('',(-1.,0.));
#3764 = ( GEOMETRIC_REPRESENTATION_CONTEXT(2) 
PARAMETRIC_REPRESENTATION_CONTEXT() REPRESENTATION_CONTEXT('2D SPACE',''
  ) );
#3765 = PCURVE('',#72,#3766);
#3766 = DEFINITIONAL_REPRESENTATION('',(#3767),#3771);
#3767 = CIRCLE('',#3768,1.3);
#3768 = AXIS2_PLACEMENT_2D('',#3769,#3770);
#3769 = CARTESIAN_POINT('',(-5.764617092752,-43.55));
#3770 = DIRECTION('',(1.,0.));
#3771 = ( GEOMETRIC_REPRESENTATION_CONTEXT(2) 
PARAMETRIC_REPRESENTATION_CONTEXT() REPRESENTATION_CONTEXT('2D SPACE',''
  ) );
#3772 = ORIENTED_EDGE('',*,*,#3721,.F.);
#3773 = ORIENTED_EDGE('',*,*,#3774,.F.);
#3774 = EDGE_CURVE('',#3722,#3722,#3775,.T.);
#3775 = SURFACE_CURVE('',#3776,(#3781,#3788),.PCURVE_S1.);
#3776 = CIRCLE('',#3777,1.3);
#3777 = AXIS2_PLACEMENT_3D('',#3778,#3779,#3780);
#3778 = CARTESIAN_POINT('',(95.764617092752,68.7,42.2));
#3779 = DIRECTION('',(0.,1.,-0.));
#3780 = DIRECTION('',(-1.,0.,0.));
#3781 = PCURVE('',#3732,#3782);
#3782 = DEFINITIONAL_REPRESENTATION('',(#3783),#3787);
#3783 = LINE('',#3784,#3785);
#3784 = CARTESIAN_POINT('',(-0.,0.));
#3785 = VECTOR('',#3786,1.);
#3786 = DIRECTION('',(-1.,0.));
#3787 = ( GEOMETRIC_REPRESENTATION_CONTEXT(2) 
PARAMETRIC_REPRESENTATION_CONTEXT() REPRESENTATION_CONTEXT('2D SPACE',''
  ) );
#3788 = PCURVE('',#126,#3789);
#3789 = DEFINITIONAL_REPRESENTATION('',(#3790),#3794);
#3790 = CIRCLE('',#3791,1.3);
#3791 = AXIS2_PLACEMENT_2D('',#3792,#3793);
#3792 = CARTESIAN_POINT('',(-5.764617092752,-43.55));
#3793 = DIRECTION('',(1.,0.));
#3794 = ( GEOMETRIC_REPRESENTATION_CONTEXT(2) 
PARAMETRIC_REPRESENTATION_CONTEXT() REPRESENTATION_CONTEXT('2D SPACE',''
  ) );
#3795 = ADVANCED_FACE('',(#3796),#3810,.F.);
#3796 = FACE_BOUND('',#3797,.T.);
#3797 = EDGE_LOOP('',(#3798,#3828,#3850,#3851));
#3798 = ORIENTED_EDGE('',*,*,#3799,.T.);
#3799 = EDGE_CURVE('',#3800,#3802,#3804,.T.);
#3800 = VERTEX_POINT('',#3801);
#3801 = CARTESIAN_POINT('',(98.621539030917,68.7,44.6));
#3802 = VERTEX_POINT('',#3803);
#3803 = CARTESIAN_POINT('',(98.621539030917,71.7,44.6));
#3804 = SEAM_CURVE('',#3805,(#3809,#3821),.PCURVE_S1.);
#3805 = LINE('',#3806,#3807);
#3806 = CARTESIAN_POINT('',(98.621539030917,68.7,44.6));
#3807 = VECTOR('',#3808,1.);
#3808 = DIRECTION('',(0.,1.,-0.));
#3809 = PCURVE('',#3810,#3815);
#3810 = CYLINDRICAL_SURFACE('',#3811,1.3);
#3811 = AXIS2_PLACEMENT_3D('',#3812,#3813,#3814);
#3812 = CARTESIAN_POINT('',(99.921539030917,68.7,44.6));
#3813 = DIRECTION('',(-0.,-1.,0.));
#3814 = DIRECTION('',(-1.,0.,0.));
#3815 = DEFINITIONAL_REPRESENTATION('',(#3816),#3820);
#3816 = LINE('',#3817,#3818);
#3817 = CARTESIAN_POINT('',(-0.,0.));
#3818 = VECTOR('',#3819,1.);
#3819 = DIRECTION('',(-0.,-1.));
#3820 = ( GEOMETRIC_REPRESENTATION_CONTEXT(2) 
PARAMETRIC_REPRESENTATION_CONTEXT() REPRESENTATION_CONTEXT('2D SPACE',''
  ) );
#3821 = PCURVE('',#3810,#3822);
#3822 = DEFINITIONAL_REPRESENTATION('',(#3823),#3827);
#3823 = LINE('',#3824,#3825);
#3824 = CARTESIAN_POINT('',(-6.28318530718,0.));
#3825 = VECTOR('',#3826,1.);
#3826 = DIRECTION('',(-0.,-1.));
#3827 = ( GEOMETRIC_REPRESENTATION_CONTEXT(2) 
PARAMETRIC_REPRESENTATION_CONTEXT() REPRESENTATION_CONTEXT('2D SPACE',''
  ) );
#3828 = ORIENTED_EDGE('',*,*,#3829,.T.);
#3829 = EDGE_CURVE('',#3802,#3802,#3830,.T.);
#3830 = SURFACE_CURVE('',#3831,(#3836,#3843),.PCURVE_S1.);
#3831 = CIRCLE('',#3832,1.3);
#3832 = AXIS2_PLACEMENT_3D('',#3833,#3834,#3835);
#3833 = CARTESIAN_POINT('',(99.921539030917,71.7,44.6));
#3834 = DIRECTION('',(0.,1.,-0.));
#3835 = DIRECTION('',(-1.,0.,0.));
#3836 = PCURVE('',#3810,#3837);
#3837 = DEFINITIONAL_REPRESENTATION('',(#3838),#3842);
#3838 = LINE('',#3839,#3840);
#3839 = CARTESIAN_POINT('',(-0.,-3.));
#3840 = VECTOR('',#3841,1.);
#3841 = DIRECTION('',(-1.,0.));
#3842 = ( GEOMETRIC_REPRESENTATION_CONTEXT(2) 
PARAMETRIC_REPRESENTATION_CONTEXT() REPRESENTATION_CONTEXT('2D SPACE',''
  ) );
#3843 = PCURVE('',#72,#3844);
#3844 = DEFINITIONAL_REPRESENTATION('',(#3845),#3849);
#3845 = CIRCLE('',#3846,1.3);
#3846 = AXIS2_PLACEMENT_2D('',#3847,#3848);
#3847 = CARTESIAN_POINT('',(-9.921539030917,-41.15));
#3848 = DIRECTION('',(1.,0.));
#3849 = ( GEOMETRIC_REPRESENTATION_CONTEXT(2) 
PARAMETRIC_REPRESENTATION_CONTEXT() REPRESENTATION_CONTEXT('2D SPACE',''
  ) );
#3850 = ORIENTED_EDGE('',*,*,#3799,.F.);
#3851 = ORIENTED_EDGE('',*,*,#3852,.F.);
#3852 = EDGE_CURVE('',#3800,#3800,#3853,.T.);
#3853 = SURFACE_CURVE('',#3854,(#3859,#3866),.PCURVE_S1.);
#3854 = CIRCLE('',#3855,1.3);
#3855 = AXIS2_PLACEMENT_3D('',#3856,#3857,#3858);
#3856 = CARTESIAN_POINT('',(99.921539030917,68.7,44.6));
#3857 = DIRECTION('',(0.,1.,-0.));
#3858 = DIRECTION('',(-1.,0.,0.));
#3859 = PCURVE('',#3810,#3860);
#3860 = DEFINITIONAL_REPRESENTATION('',(#3861),#3865);
#3861 = LINE('',#3862,#3863);
#3862 = CARTESIAN_POINT('',(-0.,0.));
#3863 = VECTOR('',#3864,1.);
#3864 = DIRECTION('',(-1.,0.));
#3865 = ( GEOMETRIC_REPRESENTATION_CONTEXT(2) 
PARAMETRIC_REPRESENTATION_CONTEXT() REPRESENTATION_CONTEXT('2D SPACE',''
  ) );
#3866 = PCURVE('',#126,#3867);
#3867 = DEFINITIONAL_REPRESENTATION('',(#3868),#3872);
#3868 = CIRCLE('',#3869,1.3);
#3869 = AXIS2_PLACEMENT_2D('',#3870,#3871);
#3870 = CARTESIAN_POINT('',(-9.921539030917,-41.15));
#3871 = DIRECTION('',(1.,0.));
#3872 = ( GEOMETRIC_REPRESENTATION_CONTEXT(2) 
PARAMETRIC_REPRESENTATION_CONTEXT() REPRESENTATION_CONTEXT('2D SPACE',''
  ) );
#3873 = ADVANCED_FACE('',(#3874),#3888,.F.);
#3874 = FACE_BOUND('',#3875,.T.);
#3875 = EDGE_LOOP('',(#3876,#3906,#3928,#3929));
#3876 = ORIENTED_EDGE('',*,*,#3877,.T.);
#3877 = EDGE_CURVE('',#3878,#3880,#3882,.T.);
#3878 = VERTEX_POINT('',#3879);
#3879 = CARTESIAN_POINT('',(90.307695154587,68.7,44.6));
#3880 = VERTEX_POINT('',#3881);
#3881 = CARTESIAN_POINT('',(90.307695154587,71.7,44.6));
#3882 = SEAM_CURVE('',#3883,(#3887,#3899),.PCURVE_S1.);
#3883 = LINE('',#3884,#3885);
#3884 = CARTESIAN_POINT('',(90.307695154587,68.7,44.6));
#3885 = VECTOR('',#3886,1.);
#3886 = DIRECTION('',(0.,1.,-0.));
#3887 = PCURVE('',#3888,#3893);
#3888 = CYLINDRICAL_SURFACE('',#3889,1.3);
#3889 = AXIS2_PLACEMENT_3D('',#3890,#3891,#3892);
#3890 = CARTESIAN_POINT('',(91.607695154587,68.7,44.6));
#3891 = DIRECTION('',(-0.,-1.,0.));
#3892 = DIRECTION('',(-1.,0.,0.));
#3893 = DEFINITIONAL_REPRESENTATION('',(#3894),#3898);
#3894 = LINE('',#3895,#3896);
#3895 = CARTESIAN_POINT('',(-0.,0.));
#3896 = VECTOR('',#3897,1.);
#3897 = DIRECTION('',(-0.,-1.));
#3898 = ( GEOMETRIC_REPRESENTATION_CONTEXT(2) 
PARAMETRIC_REPRESENTATION_CONTEXT() REPRESENTATION_CONTEXT('2D SPACE',''
  ) );
#3899 = PCURVE('',#3888,#3900);
#3900 = DEFINITIONAL_REPRESENTATION('',(#3901),#3905);
#3901 = LINE('',#3902,#3903);
#3902 = CARTESIAN_POINT('',(-6.28318530718,0.));
#3903 = VECTOR('',#3904,1.);
#3904 = DIRECTION('',(-0.,-1.));
#3905 = ( GEOMETRIC_REPRESENTATION_CONTEXT(2) 
PARAMETRIC_REPRESENTATION_CONTEXT() REPRESENTATION_CONTEXT('2D SPACE',''
  ) );
#3906 = ORIENTED_EDGE('',*,*,#3907,.T.);
#3907 = EDGE_CURVE('',#3880,#3880,#3908,.T.);
#3908 = SURFACE_CURVE('',#3909,(#3914,#3921),.PCURVE_S1.);
#3909 = CIRCLE('',#3910,1.3);
#3910 = AXIS2_PLACEMENT_3D('',#3911,#3912,#3913);
#3911 = CARTESIAN_POINT('',(91.607695154587,71.7,44.6));
#3912 = DIRECTION('',(0.,1.,-0.));
#3913 = DIRECTION('',(-1.,0.,0.));
#3914 = PCURVE('',#3888,#3915);
#3915 = DEFINITIONAL_REPRESENTATION('',(#3916),#3920);
#3916 = LINE('',#3917,#3918);
#3917 = CARTESIAN_POINT('',(-0.,-3.));
#3918 = VECTOR('',#3919,1.);
#3919 = DIRECTION('',(-1.,0.));
#3920 = ( GEOMETRIC_REPRESENTATION_CONTEXT(2) 
PARAMETRIC_REPRESENTATION_CONTEXT() REPRESENTATION_CONTEXT('2D SPACE',''
  ) );
#3921 = PCURVE('',#72,#3922);
#3922 = DEFINITIONAL_REPRESENTATION('',(#3923),#3927);
#3923 = CIRCLE('',#3924,1.3);
#3924 = AXIS2_PLACEMENT_2D('',#3925,#3926);
#3925 = CARTESIAN_POINT('',(-1.607695154587,-41.15));
#3926 = DIRECTION('',(1.,0.));
#3927 = ( GEOMETRIC_REPRESENTATION_CONTEXT(2) 
PARAMETRIC_REPRESENTATION_CONTEXT() REPRESENTATION_CONTEXT('2D SPACE',''
  ) );
#3928 = ORIENTED_EDGE('',*,*,#3877,.F.);
#3929 = ORIENTED_EDGE('',*,*,#3930,.F.);
#3930 = EDGE_CURVE('',#3878,#3878,#3931,.T.);
#3931 = SURFACE_CURVE('',#3932,(#3937,#3944),.PCURVE_S1.);
#3932 = CIRCLE('',#3933,1.3);
#3933 = AXIS2_PLACEMENT_3D('',#3934,#3935,#3936);
#3934 = CARTESIAN_POINT('',(91.607695154587,68.7,44.6));
#3935 = DIRECTION('',(0.,1.,-0.));
#3936 = DIRECTION('',(-1.,0.,0.));
#3937 = PCURVE('',#3888,#3938);
#3938 = DEFINITIONAL_REPRESENTATION('',(#3939),#3943);
#3939 = LINE('',#3940,#3941);
#3940 = CARTESIAN_POINT('',(-0.,0.));
#3941 = VECTOR('',#3942,1.);
#3942 = DIRECTION('',(-1.,0.));
#3943 = ( GEOMETRIC_REPRESENTATION_CONTEXT(2) 
PARAMETRIC_REPRESENTATION_CONTEXT() REPRESENTATION_CONTEXT('2D SPACE',''
  ) );
#3944 = PCURVE('',#126,#3945);
#3945 = DEFINITIONAL_REPRESENTATION('',(#3946),#3950);
#3946 = CIRCLE('',#3947,1.3);
#3947 = AXIS2_PLACEMENT_2D('',#3948,#3949);
#3948 = CARTESIAN_POINT('',(-1.607695154587,-41.15));
#3949 = DIRECTION('',(1.,0.));
#3950 = ( GEOMETRIC_REPRESENTATION_CONTEXT(2) 
PARAMETRIC_REPRESENTATION_CONTEXT() REPRESENTATION_CONTEXT('2D SPACE',''
  ) );
#3951 = ADVANCED_FACE('',(#3952),#3966,.F.);
#3952 = FACE_BOUND('',#3953,.T.);
#3953 = EDGE_LOOP('',(#3954,#3984,#4006,#4007));
#3954 = ORIENTED_EDGE('',*,*,#3955,.T.);
#3955 = EDGE_CURVE('',#3956,#3958,#3960,.T.);
#3956 = VERTEX_POINT('',#3957);
#3957 = CARTESIAN_POINT('',(119.40614872174,68.7,47.));
#3958 = VERTEX_POINT('',#3959);
#3959 = CARTESIAN_POINT('',(119.40614872174,71.7,47.));
#3960 = SEAM_CURVE('',#3961,(#3965,#3977),.PCURVE_S1.);
#3961 = LINE('',#3962,#3963);
#3962 = CARTESIAN_POINT('',(119.40614872174,68.7,47.));
#3963 = VECTOR('',#3964,1.);
#3964 = DIRECTION('',(0.,1.,-0.));
#3965 = PCURVE('',#3966,#3971);
#3966 = CYLINDRICAL_SURFACE('',#3967,1.3);
#3967 = AXIS2_PLACEMENT_3D('',#3968,#3969,#3970);
#3968 = CARTESIAN_POINT('',(120.70614872174,68.7,47.));
#3969 = DIRECTION('',(-0.,-1.,0.));
#3970 = DIRECTION('',(-1.,0.,0.));
#3971 = DEFINITIONAL_REPRESENTATION('',(#3972),#3976);
#3972 = LINE('',#3973,#3974);
#3973 = CARTESIAN_POINT('',(-0.,0.));
#3974 = VECTOR('',#3975,1.);
#3975 = DIRECTION('',(-0.,-1.));
#3976 = ( GEOMETRIC_REPRESENTATION_CONTEXT(2) 
PARAMETRIC_REPRESENTATION_CONTEXT() REPRESENTATION_CONTEXT('2D SPACE',''
  ) );
#3977 = PCURVE('',#3966,#3978);
#3978 = DEFINITIONAL_REPRESENTATION('',(#3979),#3983);
#3979 = LINE('',#3980,#3981);
#3980 = CARTESIAN_POINT('',(-6.28318530718,0.));
#3981 = VECTOR('',#3982,1.);
#3982 = DIRECTION('',(-0.,-1.));
#3983 = ( GEOMETRIC_REPRESENTATION_CONTEXT(2) 
PARAMETRIC_REPRESENTATION_CONTEXT() REPRESENTATION_CONTEXT('2D SPACE',''
  ) );
#3984 = ORIENTED_EDGE('',*,*,#3985,.T.);
#3985 = EDGE_CURVE('',#3958,#3958,#3986,.T.);
#3986 = SURFACE_CURVE('',#3987,(#3992,#3999),.PCURVE_S1.);
#3987 = CIRCLE('',#3988,1.3);
#3988 = AXIS2_PLACEMENT_3D('',#3989,#3990,#3991);
#3989 = CARTESIAN_POINT('',(120.70614872174,71.7,47.));
#3990 = DIRECTION('',(0.,1.,-0.));
#3991 = DIRECTION('',(-1.,0.,0.));
#3992 = PCURVE('',#3966,#3993);
#3993 = DEFINITIONAL_REPRESENTATION('',(#3994),#3998);
#3994 = LINE('',#3995,#3996);
#3995 = CARTESIAN_POINT('',(-0.,-3.));
#3996 = VECTOR('',#3997,1.);
#3997 = DIRECTION('',(-1.,0.));
#3998 = ( GEOMETRIC_REPRESENTATION_CONTEXT(2) 
PARAMETRIC_REPRESENTATION_CONTEXT() REPRESENTATION_CONTEXT('2D SPACE',''
  ) );
#3999 = PCURVE('',#72,#4000);
#4000 = DEFINITIONAL_REPRESENTATION('',(#4001),#4005);
#4001 = CIRCLE('',#4002,1.3);
#4002 = AXIS2_PLACEMENT_2D('',#4003,#4004);
#4003 = CARTESIAN_POINT('',(-30.70614872174,-38.75));
#4004 = DIRECTION('',(1.,0.));
#4005 = ( GEOMETRIC_REPRESENTATION_CONTEXT(2) 
PARAMETRIC_REPRESENTATION_CONTEXT() REPRESENTATION_CONTEXT('2D SPACE',''
  ) );
#4006 = ORIENTED_EDGE('',*,*,#3955,.F.);
#4007 = ORIENTED_EDGE('',*,*,#4008,.F.);
#4008 = EDGE_CURVE('',#3956,#3956,#4009,.T.);
#4009 = SURFACE_CURVE('',#4010,(#4015,#4022),.PCURVE_S1.);
#4010 = CIRCLE('',#4011,1.3);
#4011 = AXIS2_PLACEMENT_3D('',#4012,#4013,#4014);
#4012 = CARTESIAN_POINT('',(120.70614872174,68.7,47.));
#4013 = DIRECTION('',(0.,1.,-0.));
#4014 = DIRECTION('',(-1.,0.,0.));
#4015 = PCURVE('',#3966,#4016);
#4016 = DEFINITIONAL_REPRESENTATION('',(#4017),#4021);
#4017 = LINE('',#4018,#4019);
#4018 = CARTESIAN_POINT('',(-0.,0.));
#4019 = VECTOR('',#4020,1.);
#4020 = DIRECTION('',(-1.,0.));
#4021 = ( GEOMETRIC_REPRESENTATION_CONTEXT(2) 
PARAMETRIC_REPRESENTATION_CONTEXT() REPRESENTATION_CONTEXT('2D SPACE',''
  ) );
#4022 = PCURVE('',#126,#4023);
#4023 = DEFINITIONAL_REPRESENTATION('',(#4024),#4028);
#4024 = CIRCLE('',#4025,1.3);
#4025 = AXIS2_PLACEMENT_2D('',#4026,#4027);
#4026 = CARTESIAN_POINT('',(-30.70614872174,-38.75));
#4027 = DIRECTION('',(1.,0.));
#4028 = ( GEOMETRIC_REPRESENTATION_CONTEXT(2) 
PARAMETRIC_REPRESENTATION_CONTEXT() REPRESENTATION_CONTEXT('2D SPACE',''
  ) );
#4029 = ADVANCED_FACE('',(#4030),#4044,.F.);
#4030 = FACE_BOUND('',#4031,.T.);
#4031 = EDGE_LOOP('',(#4032,#4062,#4084,#4085));
#4032 = ORIENTED_EDGE('',*,*,#4033,.T.);
#4033 = EDGE_CURVE('',#4034,#4036,#4038,.T.);
#4034 = VERTEX_POINT('',#4035);
#4035 = CARTESIAN_POINT('',(115.24922678357,68.7,49.4));
#4036 = VERTEX_POINT('',#4037);
#4037 = CARTESIAN_POINT('',(115.24922678357,71.7,49.4));
#4038 = SEAM_CURVE('',#4039,(#4043,#4055),.PCURVE_S1.);
#4039 = LINE('',#4040,#4041);
#4040 = CARTESIAN_POINT('',(115.24922678357,68.7,49.4));
#4041 = VECTOR('',#4042,1.);
#4042 = DIRECTION('',(0.,1.,-0.));
#4043 = PCURVE('',#4044,#4049);
#4044 = CYLINDRICAL_SURFACE('',#4045,1.3);
#4045 = AXIS2_PLACEMENT_3D('',#4046,#4047,#4048);
#4046 = CARTESIAN_POINT('',(116.54922678357,68.7,49.4));
#4047 = DIRECTION('',(-0.,-1.,0.));
#4048 = DIRECTION('',(-1.,0.,0.));
#4049 = DEFINITIONAL_REPRESENTATION('',(#4050),#4054);
#4050 = LINE('',#4051,#4052);
#4051 = CARTESIAN_POINT('',(-0.,0.));
#4052 = VECTOR('',#4053,1.);
#4053 = DIRECTION('',(-0.,-1.));
#4054 = ( GEOMETRIC_REPRESENTATION_CONTEXT(2) 
PARAMETRIC_REPRESENTATION_CONTEXT() REPRESENTATION_CONTEXT('2D SPACE',''
  ) );
#4055 = PCURVE('',#4044,#4056);
#4056 = DEFINITIONAL_REPRESENTATION('',(#4057),#4061);
#4057 = LINE('',#4058,#4059);
#4058 = CARTESIAN_POINT('',(-6.28318530718,0.));
#4059 = VECTOR('',#4060,1.);
#4060 = DIRECTION('',(-0.,-1.));
#4061 = ( GEOMETRIC_REPRESENTATION_CONTEXT(2) 
PARAMETRIC_REPRESENTATION_CONTEXT() REPRESENTATION_CONTEXT('2D SPACE',''
  ) );
#4062 = ORIENTED_EDGE('',*,*,#4063,.T.);
#4063 = EDGE_CURVE('',#4036,#4036,#4064,.T.);
#4064 = SURFACE_CURVE('',#4065,(#4070,#4077),.PCURVE_S1.);
#4065 = CIRCLE('',#4066,1.3);
#4066 = AXIS2_PLACEMENT_3D('',#4067,#4068,#4069);
#4067 = CARTESIAN_POINT('',(116.54922678357,71.7,49.4));
#4068 = DIRECTION('',(0.,1.,-0.));
#4069 = DIRECTION('',(-1.,0.,0.));
#4070 = PCURVE('',#4044,#4071);
#4071 = DEFINITIONAL_REPRESENTATION('',(#4072),#4076);
#4072 = LINE('',#4073,#4074);
#4073 = CARTESIAN_POINT('',(-0.,-3.));
#4074 = VECTOR('',#4075,1.);
#4075 = DIRECTION('',(-1.,0.));
#4076 = ( GEOMETRIC_REPRESENTATION_CONTEXT(2) 
PARAMETRIC_REPRESENTATION_CONTEXT() REPRESENTATION_CONTEXT('2D SPACE',''
  ) );
#4077 = PCURVE('',#72,#4078);
#4078 = DEFINITIONAL_REPRESENTATION('',(#4079),#4083);
#4079 = CIRCLE('',#4080,1.3);
#4080 = AXIS2_PLACEMENT_2D('',#4081,#4082);
#4081 = CARTESIAN_POINT('',(-26.54922678357,-36.35));
#4082 = DIRECTION('',(1.,0.));
#4083 = ( GEOMETRIC_REPRESENTATION_CONTEXT(2) 
PARAMETRIC_REPRESENTATION_CONTEXT() REPRESENTATION_CONTEXT('2D SPACE',''
  ) );
#4084 = ORIENTED_EDGE('',*,*,#4033,.F.);
#4085 = ORIENTED_EDGE('',*,*,#4086,.F.);
#4086 = EDGE_CURVE('',#4034,#4034,#4087,.T.);
#4087 = SURFACE_CURVE('',#4088,(#4093,#4100),.PCURVE_S1.);
#4088 = CIRCLE('',#4089,1.3);
#4089 = AXIS2_PLACEMENT_3D('',#4090,#4091,#4092);
#4090 = CARTESIAN_POINT('',(116.54922678357,68.7,49.4));
#4091 = DIRECTION('',(0.,1.,-0.));
#4092 = DIRECTION('',(-1.,0.,0.));
#4093 = PCURVE('',#4044,#4094);
#4094 = DEFINITIONAL_REPRESENTATION('',(#4095),#4099);
#4095 = LINE('',#4096,#4097);
#4096 = CARTESIAN_POINT('',(-0.,0.));
#4097 = VECTOR('',#4098,1.);
#4098 = DIRECTION('',(-1.,0.));
#4099 = ( GEOMETRIC_REPRESENTATION_CONTEXT(2) 
PARAMETRIC_REPRESENTATION_CONTEXT() REPRESENTATION_CONTEXT('2D SPACE',''
  ) );
#4100 = PCURVE('',#126,#4101);
#4101 = DEFINITIONAL_REPRESENTATION('',(#4102),#4106);
#4102 = CIRCLE('',#4103,1.3);
#4103 = AXIS2_PLACEMENT_2D('',#4104,#4105);
#4104 = CARTESIAN_POINT('',(-26.54922678357,-36.35));
#4105 = DIRECTION('',(1.,0.));
#4106 = ( GEOMETRIC_REPRESENTATION_CONTEXT(2) 
PARAMETRIC_REPRESENTATION_CONTEXT() REPRESENTATION_CONTEXT('2D SPACE',''
  ) );
#4107 = ADVANCED_FACE('',(#4108),#4122,.F.);
#4108 = FACE_BOUND('',#4109,.T.);
#4109 = EDGE_LOOP('',(#4110,#4140,#4162,#4163));
#4110 = ORIENTED_EDGE('',*,*,#4111,.T.);
#4111 = EDGE_CURVE('',#4112,#4114,#4116,.T.);
#4112 = VERTEX_POINT('',#4113);
#4113 = CARTESIAN_POINT('',(111.09230484541,68.7,47.));
#4114 = VERTEX_POINT('',#4115);
#4115 = CARTESIAN_POINT('',(111.09230484541,71.7,47.));
#4116 = SEAM_CURVE('',#4117,(#4121,#4133),.PCURVE_S1.);
#4117 = LINE('',#4118,#4119);
#4118 = CARTESIAN_POINT('',(111.09230484541,68.7,47.));
#4119 = VECTOR('',#4120,1.);
#4120 = DIRECTION('',(0.,1.,-0.));
#4121 = PCURVE('',#4122,#4127);
#4122 = CYLINDRICAL_SURFACE('',#4123,1.3);
#4123 = AXIS2_PLACEMENT_3D('',#4124,#4125,#4126);
#4124 = CARTESIAN_POINT('',(112.39230484541,68.7,47.));
#4125 = DIRECTION('',(-0.,-1.,0.));
#4126 = DIRECTION('',(-1.,0.,0.));
#4127 = DEFINITIONAL_REPRESENTATION('',(#4128),#4132);
#4128 = LINE('',#4129,#4130);
#4129 = CARTESIAN_POINT('',(-0.,0.));
#4130 = VECTOR('',#4131,1.);
#4131 = DIRECTION('',(-0.,-1.));
#4132 = ( GEOMETRIC_REPRESENTATION_CONTEXT(2) 
PARAMETRIC_REPRESENTATION_CONTEXT() REPRESENTATION_CONTEXT('2D SPACE',''
  ) );
#4133 = PCURVE('',#4122,#4134);
#4134 = DEFINITIONAL_REPRESENTATION('',(#4135),#4139);
#4135 = LINE('',#4136,#4137);
#4136 = CARTESIAN_POINT('',(-6.28318530718,0.));
#4137 = VECTOR('',#4138,1.);
#4138 = DIRECTION('',(-0.,-1.));
#4139 = ( GEOMETRIC_REPRESENTATION_CONTEXT(2) 
PARAMETRIC_REPRESENTATION_CONTEXT() REPRESENTATION_CONTEXT('2D SPACE',''
  ) );
#4140 = ORIENTED_EDGE('',*,*,#4141,.T.);
#4141 = EDGE_CURVE('',#4114,#4114,#4142,.T.);
#4142 = SURFACE_CURVE('',#4143,(#4148,#4155),.PCURVE_S1.);
#4143 = CIRCLE('',#4144,1.3);
#4144 = AXIS2_PLACEMENT_3D('',#4145,#4146,#4147);
#4145 = CARTESIAN_POINT('',(112.39230484541,71.7,47.));
#4146 = DIRECTION('',(0.,1.,-0.));
#4147 = DIRECTION('',(-1.,0.,0.));
#4148 = PCURVE('',#4122,#4149);
#4149 = DEFINITIONAL_REPRESENTATION('',(#4150),#4154);
#4150 = LINE('',#4151,#4152);
#4151 = CARTESIAN_POINT('',(-0.,-3.));
#4152 = VECTOR('',#4153,1.);
#4153 = DIRECTION('',(-1.,0.));
#4154 = ( GEOMETRIC_REPRESENTATION_CONTEXT(2) 
PARAMETRIC_REPRESENTATION_CONTEXT() REPRESENTATION_CONTEXT('2D SPACE',''
  ) );
#4155 = PCURVE('',#72,#4156);
#4156 = DEFINITIONAL_REPRESENTATION('',(#4157),#4161);
#4157 = CIRCLE('',#4158,1.3);
#4158 = AXIS2_PLACEMENT_2D('',#4159,#4160);
#4159 = CARTESIAN_POINT('',(-22.39230484541,-38.75));
#4160 = DIRECTION('',(1.,0.));
#4161 = ( GEOMETRIC_REPRESENTATION_CONTEXT(2) 
PARAMETRIC_REPRESENTATION_CONTEXT() REPRESENTATION_CONTEXT('2D SPACE',''
  ) );
#4162 = ORIENTED_EDGE('',*,*,#4111,.F.);
#4163 = ORIENTED_EDGE('',*,*,#4164,.F.);
#4164 = EDGE_CURVE('',#4112,#4112,#4165,.T.);
#4165 = SURFACE_CURVE('',#4166,(#4171,#4178),.PCURVE_S1.);
#4166 = CIRCLE('',#4167,1.3);
#4167 = AXIS2_PLACEMENT_3D('',#4168,#4169,#4170);
#4168 = CARTESIAN_POINT('',(112.39230484541,68.7,47.));
#4169 = DIRECTION('',(0.,1.,-0.));
#4170 = DIRECTION('',(-1.,0.,0.));
#4171 = PCURVE('',#4122,#4172);
#4172 = DEFINITIONAL_REPRESENTATION('',(#4173),#4177);
#4173 = LINE('',#4174,#4175);
#4174 = CARTESIAN_POINT('',(-0.,0.));
#4175 = VECTOR('',#4176,1.);
#4176 = DIRECTION('',(-1.,0.));
#4177 = ( GEOMETRIC_REPRESENTATION_CONTEXT(2) 
PARAMETRIC_REPRESENTATION_CONTEXT() REPRESENTATION_CONTEXT('2D SPACE',''
  ) );
#4178 = PCURVE('',#126,#4179);
#4179 = DEFINITIONAL_REPRESENTATION('',(#4180),#4184);
#4180 = CIRCLE('',#4181,1.3);
#4181 = AXIS2_PLACEMENT_2D('',#4182,#4183);
#4182 = CARTESIAN_POINT('',(-22.39230484541,-38.75));
#4183 = DIRECTION('',(1.,0.));
#4184 = ( GEOMETRIC_REPRESENTATION_CONTEXT(2) 
PARAMETRIC_REPRESENTATION_CONTEXT() REPRESENTATION_CONTEXT('2D SPACE',''
  ) );
#4185 = ADVANCED_FACE('',(#4186),#4200,.F.);
#4186 = FACE_BOUND('',#4187,.T.);
#4187 = EDGE_LOOP('',(#4188,#4218,#4240,#4241));
#4188 = ORIENTED_EDGE('',*,*,#4189,.T.);
#4189 = EDGE_CURVE('',#4190,#4192,#4194,.T.);
#4190 = VERTEX_POINT('',#4191);
#4191 = CARTESIAN_POINT('',(119.40614872174,68.7,51.8));
#4192 = VERTEX_POINT('',#4193);
#4193 = CARTESIAN_POINT('',(119.40614872174,71.7,51.8));
#4194 = SEAM_CURVE('',#4195,(#4199,#4211),.PCURVE_S1.);
#4195 = LINE('',#4196,#4197);
#4196 = CARTESIAN_POINT('',(119.40614872174,68.7,51.8));
#4197 = VECTOR('',#4198,1.);
#4198 = DIRECTION('',(0.,1.,-0.));
#4199 = PCURVE('',#4200,#4205);
#4200 = CYLINDRICAL_SURFACE('',#4201,1.3);
#4201 = AXIS2_PLACEMENT_3D('',#4202,#4203,#4204);
#4202 = CARTESIAN_POINT('',(120.70614872174,68.7,51.8));
#4203 = DIRECTION('',(-0.,-1.,0.));
#4204 = DIRECTION('',(-1.,0.,0.));
#4205 = DEFINITIONAL_REPRESENTATION('',(#4206),#4210);
#4206 = LINE('',#4207,#4208);
#4207 = CARTESIAN_POINT('',(-0.,0.));
#4208 = VECTOR('',#4209,1.);
#4209 = DIRECTION('',(-0.,-1.));
#4210 = ( GEOMETRIC_REPRESENTATION_CONTEXT(2) 
PARAMETRIC_REPRESENTATION_CONTEXT() REPRESENTATION_CONTEXT('2D SPACE',''
  ) );
#4211 = PCURVE('',#4200,#4212);
#4212 = DEFINITIONAL_REPRESENTATION('',(#4213),#4217);
#4213 = LINE('',#4214,#4215);
#4214 = CARTESIAN_POINT('',(-6.28318530718,0.));
#4215 = VECTOR('',#4216,1.);
#4216 = DIRECTION('',(-0.,-1.));
#4217 = ( GEOMETRIC_REPRESENTATION_CONTEXT(2) 
PARAMETRIC_REPRESENTATION_CONTEXT() REPRESENTATION_CONTEXT('2D SPACE',''
  ) );
#4218 = ORIENTED_EDGE('',*,*,#4219,.T.);
#4219 = EDGE_CURVE('',#4192,#4192,#4220,.T.);
#4220 = SURFACE_CURVE('',#4221,(#4226,#4233),.PCURVE_S1.);
#4221 = CIRCLE('',#4222,1.3);
#4222 = AXIS2_PLACEMENT_3D('',#4223,#4224,#4225);
#4223 = CARTESIAN_POINT('',(120.70614872174,71.7,51.8));
#4224 = DIRECTION('',(0.,1.,-0.));
#4225 = DIRECTION('',(-1.,0.,0.));
#4226 = PCURVE('',#4200,#4227);
#4227 = DEFINITIONAL_REPRESENTATION('',(#4228),#4232);
#4228 = LINE('',#4229,#4230);
#4229 = CARTESIAN_POINT('',(-0.,-3.));
#4230 = VECTOR('',#4231,1.);
#4231 = DIRECTION('',(-1.,0.));
#4232 = ( GEOMETRIC_REPRESENTATION_CONTEXT(2) 
PARAMETRIC_REPRESENTATION_CONTEXT() REPRESENTATION_CONTEXT('2D SPACE',''
  ) );
#4233 = PCURVE('',#72,#4234);
#4234 = DEFINITIONAL_REPRESENTATION('',(#4235),#4239);
#4235 = CIRCLE('',#4236,1.3);
#4236 = AXIS2_PLACEMENT_2D('',#4237,#4238);
#4237 = CARTESIAN_POINT('',(-30.70614872174,-33.95));
#4238 = DIRECTION('',(1.,0.));
#4239 = ( GEOMETRIC_REPRESENTATION_CONTEXT(2) 
PARAMETRIC_REPRESENTATION_CONTEXT() REPRESENTATION_CONTEXT('2D SPACE',''
  ) );
#4240 = ORIENTED_EDGE('',*,*,#4189,.F.);
#4241 = ORIENTED_EDGE('',*,*,#4242,.F.);
#4242 = EDGE_CURVE('',#4190,#4190,#4243,.T.);
#4243 = SURFACE_CURVE('',#4244,(#4249,#4256),.PCURVE_S1.);
#4244 = CIRCLE('',#4245,1.3);
#4245 = AXIS2_PLACEMENT_3D('',#4246,#4247,#4248);
#4246 = CARTESIAN_POINT('',(120.70614872174,68.7,51.8));
#4247 = DIRECTION('',(0.,1.,-0.));
#4248 = DIRECTION('',(-1.,0.,0.));
#4249 = PCURVE('',#4200,#4250);
#4250 = DEFINITIONAL_REPRESENTATION('',(#4251),#4255);
#4251 = LINE('',#4252,#4253);
#4252 = CARTESIAN_POINT('',(-0.,0.));
#4253 = VECTOR('',#4254,1.);
#4254 = DIRECTION('',(-1.,0.));
#4255 = ( GEOMETRIC_REPRESENTATION_CONTEXT(2) 
PARAMETRIC_REPRESENTATION_CONTEXT() REPRESENTATION_CONTEXT('2D SPACE',''
  ) );
#4256 = PCURVE('',#126,#4257);
#4257 = DEFINITIONAL_REPRESENTATION('',(#4258),#4262);
#4258 = CIRCLE('',#4259,1.3);
#4259 = AXIS2_PLACEMENT_2D('',#4260,#4261);
#4260 = CARTESIAN_POINT('',(-30.70614872174,-33.95));
#4261 = DIRECTION('',(1.,0.));
#4262 = ( GEOMETRIC_REPRESENTATION_CONTEXT(2) 
PARAMETRIC_REPRESENTATION_CONTEXT() REPRESENTATION_CONTEXT('2D SPACE',''
  ) );
#4263 = ADVANCED_FACE('',(#4264),#4278,.F.);
#4264 = FACE_BOUND('',#4265,.T.);
#4265 = EDGE_LOOP('',(#4266,#4296,#4318,#4319));
#4266 = ORIENTED_EDGE('',*,*,#4267,.T.);
#4267 = EDGE_CURVE('',#4268,#4270,#4272,.T.);
#4268 = VERTEX_POINT('',#4269);
#4269 = CARTESIAN_POINT('',(115.24922678357,68.7,54.2));
#4270 = VERTEX_POINT('',#4271);
#4271 = CARTESIAN_POINT('',(115.24922678357,71.7,54.2));
#4272 = SEAM_CURVE('',#4273,(#4277,#4289),.PCURVE_S1.);
#4273 = LINE('',#4274,#4275);
#4274 = CARTESIAN_POINT('',(115.24922678357,68.7,54.2));
#4275 = VECTOR('',#4276,1.);
#4276 = DIRECTION('',(0.,1.,-0.));
#4277 = PCURVE('',#4278,#4283);
#4278 = CYLINDRICAL_SURFACE('',#4279,1.3);
#4279 = AXIS2_PLACEMENT_3D('',#4280,#4281,#4282);
#4280 = CARTESIAN_POINT('',(116.54922678357,68.7,54.2));
#4281 = DIRECTION('',(-0.,-1.,0.));
#4282 = DIRECTION('',(-1.,0.,0.));
#4283 = DEFINITIONAL_REPRESENTATION('',(#4284),#4288);
#4284 = LINE('',#4285,#4286);
#4285 = CARTESIAN_POINT('',(-0.,0.));
#4286 = VECTOR('',#4287,1.);
#4287 = DIRECTION('',(-0.,-1.));
#4288 = ( GEOMETRIC_REPRESENTATION_CONTEXT(2) 
PARAMETRIC_REPRESENTATION_CONTEXT() REPRESENTATION_CONTEXT('2D SPACE',''
  ) );
#4289 = PCURVE('',#4278,#4290);
#4290 = DEFINITIONAL_REPRESENTATION('',(#4291),#4295);
#4291 = LINE('',#4292,#4293);
#4292 = CARTESIAN_POINT('',(-6.28318530718,0.));
#4293 = VECTOR('',#4294,1.);
#4294 = DIRECTION('',(-0.,-1.));
#4295 = ( GEOMETRIC_REPRESENTATION_CONTEXT(2) 
PARAMETRIC_REPRESENTATION_CONTEXT() REPRESENTATION_CONTEXT('2D SPACE',''
  ) );
#4296 = ORIENTED_EDGE('',*,*,#4297,.T.);
#4297 = EDGE_CURVE('',#4270,#4270,#4298,.T.);
#4298 = SURFACE_CURVE('',#4299,(#4304,#4311),.PCURVE_S1.);
#4299 = CIRCLE('',#4300,1.3);
#4300 = AXIS2_PLACEMENT_3D('',#4301,#4302,#4303);
#4301 = CARTESIAN_POINT('',(116.54922678357,71.7,54.2));
#4302 = DIRECTION('',(0.,1.,-0.));
#4303 = DIRECTION('',(-1.,0.,0.));
#4304 = PCURVE('',#4278,#4305);
#4305 = DEFINITIONAL_REPRESENTATION('',(#4306),#4310);
#4306 = LINE('',#4307,#4308);
#4307 = CARTESIAN_POINT('',(-0.,-3.));
#4308 = VECTOR('',#4309,1.);
#4309 = DIRECTION('',(-1.,0.));
#4310 = ( GEOMETRIC_REPRESENTATION_CONTEXT(2) 
PARAMETRIC_REPRESENTATION_CONTEXT() REPRESENTATION_CONTEXT('2D SPACE',''
  ) );
#4311 = PCURVE('',#72,#4312);
#4312 = DEFINITIONAL_REPRESENTATION('',(#4313),#4317);
#4313 = CIRCLE('',#4314,1.3);
#4314 = AXIS2_PLACEMENT_2D('',#4315,#4316);
#4315 = CARTESIAN_POINT('',(-26.54922678357,-31.55));
#4316 = DIRECTION('',(1.,0.));
#4317 = ( GEOMETRIC_REPRESENTATION_CONTEXT(2) 
PARAMETRIC_REPRESENTATION_CONTEXT() REPRESENTATION_CONTEXT('2D SPACE',''
  ) );
#4318 = ORIENTED_EDGE('',*,*,#4267,.F.);
#4319 = ORIENTED_EDGE('',*,*,#4320,.F.);
#4320 = EDGE_CURVE('',#4268,#4268,#4321,.T.);
#4321 = SURFACE_CURVE('',#4322,(#4327,#4334),.PCURVE_S1.);
#4322 = CIRCLE('',#4323,1.3);
#4323 = AXIS2_PLACEMENT_3D('',#4324,#4325,#4326);
#4324 = CARTESIAN_POINT('',(116.54922678357,68.7,54.2));
#4325 = DIRECTION('',(0.,1.,-0.));
#4326 = DIRECTION('',(-1.,0.,0.));
#4327 = PCURVE('',#4278,#4328);
#4328 = DEFINITIONAL_REPRESENTATION('',(#4329),#4333);
#4329 = LINE('',#4330,#4331);
#4330 = CARTESIAN_POINT('',(-0.,0.));
#4331 = VECTOR('',#4332,1.);
#4332 = DIRECTION('',(-1.,0.));
#4333 = ( GEOMETRIC_REPRESENTATION_CONTEXT(2) 
PARAMETRIC_REPRESENTATION_CONTEXT() REPRESENTATION_CONTEXT('2D SPACE',''
  ) );
#4334 = PCURVE('',#126,#4335);
#4335 = DEFINITIONAL_REPRESENTATION('',(#4336),#4340);
#4336 = CIRCLE('',#4337,1.3);
#4337 = AXIS2_PLACEMENT_2D('',#4338,#4339);
#4338 = CARTESIAN_POINT('',(-26.54922678357,-31.55));
#4339 = DIRECTION('',(1.,0.));
#4340 = ( GEOMETRIC_REPRESENTATION_CONTEXT(2) 
PARAMETRIC_REPRESENTATION_CONTEXT() REPRESENTATION_CONTEXT('2D SPACE',''
  ) );
#4341 = ADVANCED_FACE('',(#4342),#4356,.F.);
#4342 = FACE_BOUND('',#4343,.T.);
#4343 = EDGE_LOOP('',(#4344,#4374,#4396,#4397));
#4344 = ORIENTED_EDGE('',*,*,#4345,.T.);
#4345 = EDGE_CURVE('',#4346,#4348,#4350,.T.);
#4346 = VERTEX_POINT('',#4347);
#4347 = CARTESIAN_POINT('',(111.09230484541,68.7,51.8));
#4348 = VERTEX_POINT('',#4349);
#4349 = CARTESIAN_POINT('',(111.09230484541,71.7,51.8));
#4350 = SEAM_CURVE('',#4351,(#4355,#4367),.PCURVE_S1.);
#4351 = LINE('',#4352,#4353);
#4352 = CARTESIAN_POINT('',(111.09230484541,68.7,51.8));
#4353 = VECTOR('',#4354,1.);
#4354 = DIRECTION('',(0.,1.,-0.));
#4355 = PCURVE('',#4356,#4361);
#4356 = CYLINDRICAL_SURFACE('',#4357,1.3);
#4357 = AXIS2_PLACEMENT_3D('',#4358,#4359,#4360);
#4358 = CARTESIAN_POINT('',(112.39230484541,68.7,51.8));
#4359 = DIRECTION('',(-0.,-1.,0.));
#4360 = DIRECTION('',(-1.,0.,0.));
#4361 = DEFINITIONAL_REPRESENTATION('',(#4362),#4366);
#4362 = LINE('',#4363,#4364);
#4363 = CARTESIAN_POINT('',(-0.,0.));
#4364 = VECTOR('',#4365,1.);
#4365 = DIRECTION('',(-0.,-1.));
#4366 = ( GEOMETRIC_REPRESENTATION_CONTEXT(2) 
PARAMETRIC_REPRESENTATION_CONTEXT() REPRESENTATION_CONTEXT('2D SPACE',''
  ) );
#4367 = PCURVE('',#4356,#4368);
#4368 = DEFINITIONAL_REPRESENTATION('',(#4369),#4373);
#4369 = LINE('',#4370,#4371);
#4370 = CARTESIAN_POINT('',(-6.28318530718,0.));
#4371 = VECTOR('',#4372,1.);
#4372 = DIRECTION('',(-0.,-1.));
#4373 = ( GEOMETRIC_REPRESENTATION_CONTEXT(2) 
PARAMETRIC_REPRESENTATION_CONTEXT() REPRESENTATION_CONTEXT('2D SPACE',''
  ) );
#4374 = ORIENTED_EDGE('',*,*,#4375,.T.);
#4375 = EDGE_CURVE('',#4348,#4348,#4376,.T.);
#4376 = SURFACE_CURVE('',#4377,(#4382,#4389),.PCURVE_S1.);
#4377 = CIRCLE('',#4378,1.3);
#4378 = AXIS2_PLACEMENT_3D('',#4379,#4380,#4381);
#4379 = CARTESIAN_POINT('',(112.39230484541,71.7,51.8));
#4380 = DIRECTION('',(0.,1.,-0.));
#4381 = DIRECTION('',(-1.,0.,0.));
#4382 = PCURVE('',#4356,#4383);
#4383 = DEFINITIONAL_REPRESENTATION('',(#4384),#4388);
#4384 = LINE('',#4385,#4386);
#4385 = CARTESIAN_POINT('',(-0.,-3.));
#4386 = VECTOR('',#4387,1.);
#4387 = DIRECTION('',(-1.,0.));
#4388 = ( GEOMETRIC_REPRESENTATION_CONTEXT(2) 
PARAMETRIC_REPRESENTATION_CONTEXT() REPRESENTATION_CONTEXT('2D SPACE',''
  ) );
#4389 = PCURVE('',#72,#4390);
#4390 = DEFINITIONAL_REPRESENTATION('',(#4391),#4395);
#4391 = CIRCLE('',#4392,1.3);
#4392 = AXIS2_PLACEMENT_2D('',#4393,#4394);
#4393 = CARTESIAN_POINT('',(-22.39230484541,-33.95));
#4394 = DIRECTION('',(1.,0.));
#4395 = ( GEOMETRIC_REPRESENTATION_CONTEXT(2) 
PARAMETRIC_REPRESENTATION_CONTEXT() REPRESENTATION_CONTEXT('2D SPACE',''
  ) );
#4396 = ORIENTED_EDGE('',*,*,#4345,.F.);
#4397 = ORIENTED_EDGE('',*,*,#4398,.F.);
#4398 = EDGE_CURVE('',#4346,#4346,#4399,.T.);
#4399 = SURFACE_CURVE('',#4400,(#4405,#4412),.PCURVE_S1.);
#4400 = CIRCLE('',#4401,1.3);
#4401 = AXIS2_PLACEMENT_3D('',#4402,#4403,#4404);
#4402 = CARTESIAN_POINT('',(112.39230484541,68.7,51.8));
#4403 = DIRECTION('',(0.,1.,-0.));
#4404 = DIRECTION('',(-1.,0.,0.));
#4405 = PCURVE('',#4356,#4406);
#4406 = DEFINITIONAL_REPRESENTATION('',(#4407),#4411);
#4407 = LINE('',#4408,#4409);
#4408 = CARTESIAN_POINT('',(-0.,0.));
#4409 = VECTOR('',#4410,1.);
#4410 = DIRECTION('',(-1.,0.));
#4411 = ( GEOMETRIC_REPRESENTATION_CONTEXT(2) 
PARAMETRIC_REPRESENTATION_CONTEXT() REPRESENTATION_CONTEXT('2D SPACE',''
  ) );
#4412 = PCURVE('',#126,#4413);
#4413 = DEFINITIONAL_REPRESENTATION('',(#4414),#4418);
#4414 = CIRCLE('',#4415,1.3);
#4415 = AXIS2_PLACEMENT_2D('',#4416,#4417);
#4416 = CARTESIAN_POINT('',(-22.39230484541,-33.95));
#4417 = DIRECTION('',(1.,0.));
#4418 = ( GEOMETRIC_REPRESENTATION_CONTEXT(2) 
PARAMETRIC_REPRESENTATION_CONTEXT() REPRESENTATION_CONTEXT('2D SPACE',''
  ) );
#4419 = ADVANCED_FACE('',(#4420),#4434,.F.);
#4420 = FACE_BOUND('',#4421,.T.);
#4421 = EDGE_LOOP('',(#4422,#4452,#4474,#4475));
#4422 = ORIENTED_EDGE('',*,*,#4423,.T.);
#4423 = EDGE_CURVE('',#4424,#4426,#4428,.T.);
#4424 = VERTEX_POINT('',#4425);
#4425 = CARTESIAN_POINT('',(119.40614872174,68.7,56.6));
#4426 = VERTEX_POINT('',#4427);
#4427 = CARTESIAN_POINT('',(119.40614872174,71.7,56.6));
#4428 = SEAM_CURVE('',#4429,(#4433,#4445),.PCURVE_S1.);
#4429 = LINE('',#4430,#4431);
#4430 = CARTESIAN_POINT('',(119.40614872174,68.7,56.6));
#4431 = VECTOR('',#4432,1.);
#4432 = DIRECTION('',(0.,1.,-0.));
#4433 = PCURVE('',#4434,#4439);
#4434 = CYLINDRICAL_SURFACE('',#4435,1.3);
#4435 = AXIS2_PLACEMENT_3D('',#4436,#4437,#4438);
#4436 = CARTESIAN_POINT('',(120.70614872174,68.7,56.6));
#4437 = DIRECTION('',(-0.,-1.,0.));
#4438 = DIRECTION('',(-1.,0.,0.));
#4439 = DEFINITIONAL_REPRESENTATION('',(#4440),#4444);
#4440 = LINE('',#4441,#4442);
#4441 = CARTESIAN_POINT('',(-0.,0.));
#4442 = VECTOR('',#4443,1.);
#4443 = DIRECTION('',(-0.,-1.));
#4444 = ( GEOMETRIC_REPRESENTATION_CONTEXT(2) 
PARAMETRIC_REPRESENTATION_CONTEXT() REPRESENTATION_CONTEXT('2D SPACE',''
  ) );
#4445 = PCURVE('',#4434,#4446);
#4446 = DEFINITIONAL_REPRESENTATION('',(#4447),#4451);
#4447 = LINE('',#4448,#4449);
#4448 = CARTESIAN_POINT('',(-6.28318530718,0.));
#4449 = VECTOR('',#4450,1.);
#4450 = DIRECTION('',(-0.,-1.));
#4451 = ( GEOMETRIC_REPRESENTATION_CONTEXT(2) 
PARAMETRIC_REPRESENTATION_CONTEXT() REPRESENTATION_CONTEXT('2D SPACE',''
  ) );
#4452 = ORIENTED_EDGE('',*,*,#4453,.T.);
#4453 = EDGE_CURVE('',#4426,#4426,#4454,.T.);
#4454 = SURFACE_CURVE('',#4455,(#4460,#4467),.PCURVE_S1.);
#4455 = CIRCLE('',#4456,1.3);
#4456 = AXIS2_PLACEMENT_3D('',#4457,#4458,#4459);
#4457 = CARTESIAN_POINT('',(120.70614872174,71.7,56.6));
#4458 = DIRECTION('',(0.,1.,-0.));
#4459 = DIRECTION('',(-1.,0.,0.));
#4460 = PCURVE('',#4434,#4461);
#4461 = DEFINITIONAL_REPRESENTATION('',(#4462),#4466);
#4462 = LINE('',#4463,#4464);
#4463 = CARTESIAN_POINT('',(-0.,-3.));
#4464 = VECTOR('',#4465,1.);
#4465 = DIRECTION('',(-1.,0.));
#4466 = ( GEOMETRIC_REPRESENTATION_CONTEXT(2) 
PARAMETRIC_REPRESENTATION_CONTEXT() REPRESENTATION_CONTEXT('2D SPACE',''
  ) );
#4467 = PCURVE('',#72,#4468);
#4468 = DEFINITIONAL_REPRESENTATION('',(#4469),#4473);
#4469 = CIRCLE('',#4470,1.3);
#4470 = AXIS2_PLACEMENT_2D('',#4471,#4472);
#4471 = CARTESIAN_POINT('',(-30.70614872174,-29.15));
#4472 = DIRECTION('',(1.,0.));
#4473 = ( GEOMETRIC_REPRESENTATION_CONTEXT(2) 
PARAMETRIC_REPRESENTATION_CONTEXT() REPRESENTATION_CONTEXT('2D SPACE',''
  ) );
#4474 = ORIENTED_EDGE('',*,*,#4423,.F.);
#4475 = ORIENTED_EDGE('',*,*,#4476,.F.);
#4476 = EDGE_CURVE('',#4424,#4424,#4477,.T.);
#4477 = SURFACE_CURVE('',#4478,(#4483,#4490),.PCURVE_S1.);
#4478 = CIRCLE('',#4479,1.3);
#4479 = AXIS2_PLACEMENT_3D('',#4480,#4481,#4482);
#4480 = CARTESIAN_POINT('',(120.70614872174,68.7,56.6));
#4481 = DIRECTION('',(0.,1.,-0.));
#4482 = DIRECTION('',(-1.,0.,0.));
#4483 = PCURVE('',#4434,#4484);
#4484 = DEFINITIONAL_REPRESENTATION('',(#4485),#4489);
#4485 = LINE('',#4486,#4487);
#4486 = CARTESIAN_POINT('',(-0.,0.));
#4487 = VECTOR('',#4488,1.);
#4488 = DIRECTION('',(-1.,0.));
#4489 = ( GEOMETRIC_REPRESENTATION_CONTEXT(2) 
PARAMETRIC_REPRESENTATION_CONTEXT() REPRESENTATION_CONTEXT('2D SPACE',''
  ) );
#4490 = PCURVE('',#126,#4491);
#4491 = DEFINITIONAL_REPRESENTATION('',(#4492),#4496);
#4492 = CIRCLE('',#4493,1.3);
#4493 = AXIS2_PLACEMENT_2D('',#4494,#4495);
#4494 = CARTESIAN_POINT('',(-30.70614872174,-29.15));
#4495 = DIRECTION('',(1.,0.));
#4496 = ( GEOMETRIC_REPRESENTATION_CONTEXT(2) 
PARAMETRIC_REPRESENTATION_CONTEXT() REPRESENTATION_CONTEXT('2D SPACE',''
  ) );
#4497 = ADVANCED_FACE('',(#4498),#4512,.F.);
#4498 = FACE_BOUND('',#4499,.T.);
#4499 = EDGE_LOOP('',(#4500,#4530,#4552,#4553));
#4500 = ORIENTED_EDGE('',*,*,#4501,.T.);
#4501 = EDGE_CURVE('',#4502,#4504,#4506,.T.);
#4502 = VERTEX_POINT('',#4503);
#4503 = CARTESIAN_POINT('',(115.24922678357,68.7,59.));
#4504 = VERTEX_POINT('',#4505);
#4505 = CARTESIAN_POINT('',(115.24922678357,71.7,59.));
#4506 = SEAM_CURVE('',#4507,(#4511,#4523),.PCURVE_S1.);
#4507 = LINE('',#4508,#4509);
#4508 = CARTESIAN_POINT('',(115.24922678357,68.7,59.));
#4509 = VECTOR('',#4510,1.);
#4510 = DIRECTION('',(0.,1.,-0.));
#4511 = PCURVE('',#4512,#4517);
#4512 = CYLINDRICAL_SURFACE('',#4513,1.3);
#4513 = AXIS2_PLACEMENT_3D('',#4514,#4515,#4516);
#4514 = CARTESIAN_POINT('',(116.54922678357,68.7,59.));
#4515 = DIRECTION('',(-0.,-1.,0.));
#4516 = DIRECTION('',(-1.,0.,0.));
#4517 = DEFINITIONAL_REPRESENTATION('',(#4518),#4522);
#4518 = LINE('',#4519,#4520);
#4519 = CARTESIAN_POINT('',(-0.,0.));
#4520 = VECTOR('',#4521,1.);
#4521 = DIRECTION('',(-0.,-1.));
#4522 = ( GEOMETRIC_REPRESENTATION_CONTEXT(2) 
PARAMETRIC_REPRESENTATION_CONTEXT() REPRESENTATION_CONTEXT('2D SPACE',''
  ) );
#4523 = PCURVE('',#4512,#4524);
#4524 = DEFINITIONAL_REPRESENTATION('',(#4525),#4529);
#4525 = LINE('',#4526,#4527);
#4526 = CARTESIAN_POINT('',(-6.28318530718,0.));
#4527 = VECTOR('',#4528,1.);
#4528 = DIRECTION('',(-0.,-1.));
#4529 = ( GEOMETRIC_REPRESENTATION_CONTEXT(2) 
PARAMETRIC_REPRESENTATION_CONTEXT() REPRESENTATION_CONTEXT('2D SPACE',''
  ) );
#4530 = ORIENTED_EDGE('',*,*,#4531,.T.);
#4531 = EDGE_CURVE('',#4504,#4504,#4532,.T.);
#4532 = SURFACE_CURVE('',#4533,(#4538,#4545),.PCURVE_S1.);
#4533 = CIRCLE('',#4534,1.3);
#4534 = AXIS2_PLACEMENT_3D('',#4535,#4536,#4537);
#4535 = CARTESIAN_POINT('',(116.54922678357,71.7,59.));
#4536 = DIRECTION('',(0.,1.,-0.));
#4537 = DIRECTION('',(-1.,0.,0.));
#4538 = PCURVE('',#4512,#4539);
#4539 = DEFINITIONAL_REPRESENTATION('',(#4540),#4544);
#4540 = LINE('',#4541,#4542);
#4541 = CARTESIAN_POINT('',(-0.,-3.));
#4542 = VECTOR('',#4543,1.);
#4543 = DIRECTION('',(-1.,0.));
#4544 = ( GEOMETRIC_REPRESENTATION_CONTEXT(2) 
PARAMETRIC_REPRESENTATION_CONTEXT() REPRESENTATION_CONTEXT('2D SPACE',''
  ) );
#4545 = PCURVE('',#72,#4546);
#4546 = DEFINITIONAL_REPRESENTATION('',(#4547),#4551);
#4547 = CIRCLE('',#4548,1.3);
#4548 = AXIS2_PLACEMENT_2D('',#4549,#4550);
#4549 = CARTESIAN_POINT('',(-26.54922678357,-26.75));
#4550 = DIRECTION('',(1.,0.));
#4551 = ( GEOMETRIC_REPRESENTATION_CONTEXT(2) 
PARAMETRIC_REPRESENTATION_CONTEXT() REPRESENTATION_CONTEXT('2D SPACE',''
  ) );
#4552 = ORIENTED_EDGE('',*,*,#4501,.F.);
#4553 = ORIENTED_EDGE('',*,*,#4554,.F.);
#4554 = EDGE_CURVE('',#4502,#4502,#4555,.T.);
#4555 = SURFACE_CURVE('',#4556,(#4561,#4568),.PCURVE_S1.);
#4556 = CIRCLE('',#4557,1.3);
#4557 = AXIS2_PLACEMENT_3D('',#4558,#4559,#4560);
#4558 = CARTESIAN_POINT('',(116.54922678357,68.7,59.));
#4559 = DIRECTION('',(0.,1.,-0.));
#4560 = DIRECTION('',(-1.,0.,0.));
#4561 = PCURVE('',#4512,#4562);
#4562 = DEFINITIONAL_REPRESENTATION('',(#4563),#4567);
#4563 = LINE('',#4564,#4565);
#4564 = CARTESIAN_POINT('',(-0.,0.));
#4565 = VECTOR('',#4566,1.);
#4566 = DIRECTION('',(-1.,0.));
#4567 = ( GEOMETRIC_REPRESENTATION_CONTEXT(2) 
PARAMETRIC_REPRESENTATION_CONTEXT() REPRESENTATION_CONTEXT('2D SPACE',''
  ) );
#4568 = PCURVE('',#126,#4569);
#4569 = DEFINITIONAL_REPRESENTATION('',(#4570),#4574);
#4570 = CIRCLE('',#4571,1.3);
#4571 = AXIS2_PLACEMENT_2D('',#4572,#4573);
#4572 = CARTESIAN_POINT('',(-26.54922678357,-26.75));
#4573 = DIRECTION('',(1.,0.));
#4574 = ( GEOMETRIC_REPRESENTATION_CONTEXT(2) 
PARAMETRIC_REPRESENTATION_CONTEXT() REPRESENTATION_CONTEXT('2D SPACE',''
  ) );
#4575 = ADVANCED_FACE('',(#4576),#4590,.F.);
#4576 = FACE_BOUND('',#4577,.T.);
#4577 = EDGE_LOOP('',(#4578,#4608,#4630,#4631));
#4578 = ORIENTED_EDGE('',*,*,#4579,.T.);
#4579 = EDGE_CURVE('',#4580,#4582,#4584,.T.);
#4580 = VERTEX_POINT('',#4581);
#4581 = CARTESIAN_POINT('',(111.09230484541,68.7,56.6));
#4582 = VERTEX_POINT('',#4583);
#4583 = CARTESIAN_POINT('',(111.09230484541,71.7,56.6));
#4584 = SEAM_CURVE('',#4585,(#4589,#4601),.PCURVE_S1.);
#4585 = LINE('',#4586,#4587);
#4586 = CARTESIAN_POINT('',(111.09230484541,68.7,56.6));
#4587 = VECTOR('',#4588,1.);
#4588 = DIRECTION('',(0.,1.,-0.));
#4589 = PCURVE('',#4590,#4595);
#4590 = CYLINDRICAL_SURFACE('',#4591,1.3);
#4591 = AXIS2_PLACEMENT_3D('',#4592,#4593,#4594);
#4592 = CARTESIAN_POINT('',(112.39230484541,68.7,56.6));
#4593 = DIRECTION('',(-0.,-1.,0.));
#4594 = DIRECTION('',(-1.,0.,0.));
#4595 = DEFINITIONAL_REPRESENTATION('',(#4596),#4600);
#4596 = LINE('',#4597,#4598);
#4597 = CARTESIAN_POINT('',(-0.,0.));
#4598 = VECTOR('',#4599,1.);
#4599 = DIRECTION('',(-0.,-1.));
#4600 = ( GEOMETRIC_REPRESENTATION_CONTEXT(2) 
PARAMETRIC_REPRESENTATION_CONTEXT() REPRESENTATION_CONTEXT('2D SPACE',''
  ) );
#4601 = PCURVE('',#4590,#4602);
#4602 = DEFINITIONAL_REPRESENTATION('',(#4603),#4607);
#4603 = LINE('',#4604,#4605);
#4604 = CARTESIAN_POINT('',(-6.28318530718,0.));
#4605 = VECTOR('',#4606,1.);
#4606 = DIRECTION('',(-0.,-1.));
#4607 = ( GEOMETRIC_REPRESENTATION_CONTEXT(2) 
PARAMETRIC_REPRESENTATION_CONTEXT() REPRESENTATION_CONTEXT('2D SPACE',''
  ) );
#4608 = ORIENTED_EDGE('',*,*,#4609,.T.);
#4609 = EDGE_CURVE('',#4582,#4582,#4610,.T.);
#4610 = SURFACE_CURVE('',#4611,(#4616,#4623),.PCURVE_S1.);
#4611 = CIRCLE('',#4612,1.3);
#4612 = AXIS2_PLACEMENT_3D('',#4613,#4614,#4615);
#4613 = CARTESIAN_POINT('',(112.39230484541,71.7,56.6));
#4614 = DIRECTION('',(0.,1.,-0.));
#4615 = DIRECTION('',(-1.,0.,0.));
#4616 = PCURVE('',#4590,#4617);
#4617 = DEFINITIONAL_REPRESENTATION('',(#4618),#4622);
#4618 = LINE('',#4619,#4620);
#4619 = CARTESIAN_POINT('',(-0.,-3.));
#4620 = VECTOR('',#4621,1.);
#4621 = DIRECTION('',(-1.,0.));
#4622 = ( GEOMETRIC_REPRESENTATION_CONTEXT(2) 
PARAMETRIC_REPRESENTATION_CONTEXT() REPRESENTATION_CONTEXT('2D SPACE',''
  ) );
#4623 = PCURVE('',#72,#4624);
#4624 = DEFINITIONAL_REPRESENTATION('',(#4625),#4629);
#4625 = CIRCLE('',#4626,1.3);
#4626 = AXIS2_PLACEMENT_2D('',#4627,#4628);
#4627 = CARTESIAN_POINT('',(-22.39230484541,-29.15));
#4628 = DIRECTION('',(1.,0.));
#4629 = ( GEOMETRIC_REPRESENTATION_CONTEXT(2) 
PARAMETRIC_REPRESENTATION_CONTEXT() REPRESENTATION_CONTEXT('2D SPACE',''
  ) );
#4630 = ORIENTED_EDGE('',*,*,#4579,.F.);
#4631 = ORIENTED_EDGE('',*,*,#4632,.F.);
#4632 = EDGE_CURVE('',#4580,#4580,#4633,.T.);
#4633 = SURFACE_CURVE('',#4634,(#4639,#4646),.PCURVE_S1.);
#4634 = CIRCLE('',#4635,1.3);
#4635 = AXIS2_PLACEMENT_3D('',#4636,#4637,#4638);
#4636 = CARTESIAN_POINT('',(112.39230484541,68.7,56.6));
#4637 = DIRECTION('',(0.,1.,-0.));
#4638 = DIRECTION('',(-1.,0.,0.));
#4639 = PCURVE('',#4590,#4640);
#4640 = DEFINITIONAL_REPRESENTATION('',(#4641),#4645);
#4641 = LINE('',#4642,#4643);
#4642 = CARTESIAN_POINT('',(-0.,0.));
#4643 = VECTOR('',#4644,1.);
#4644 = DIRECTION('',(-1.,0.));
#4645 = ( GEOMETRIC_REPRESENTATION_CONTEXT(2) 
PARAMETRIC_REPRESENTATION_CONTEXT() REPRESENTATION_CONTEXT('2D SPACE',''
  ) );
#4646 = PCURVE('',#126,#4647);
#4647 = DEFINITIONAL_REPRESENTATION('',(#4648),#4652);
#4648 = CIRCLE('',#4649,1.3);
#4649 = AXIS2_PLACEMENT_2D('',#4650,#4651);
#4650 = CARTESIAN_POINT('',(-22.39230484541,-29.15));
#4651 = DIRECTION('',(1.,0.));
#4652 = ( GEOMETRIC_REPRESENTATION_CONTEXT(2) 
PARAMETRIC_REPRESENTATION_CONTEXT() REPRESENTATION_CONTEXT('2D SPACE',''
  ) );
#4653 = ADVANCED_FACE('',(#4654),#4668,.F.);
#4654 = FACE_BOUND('',#4655,.T.);
#4655 = EDGE_LOOP('',(#4656,#4686,#4708,#4709));
#4656 = ORIENTED_EDGE('',*,*,#4657,.T.);
#4657 = EDGE_CURVE('',#4658,#4660,#4662,.T.);
#4658 = VERTEX_POINT('',#4659);
#4659 = CARTESIAN_POINT('',(106.93538290724,68.7,49.4));
#4660 = VERTEX_POINT('',#4661);
#4661 = CARTESIAN_POINT('',(106.93538290724,71.7,49.4));
#4662 = SEAM_CURVE('',#4663,(#4667,#4679),.PCURVE_S1.);
#4663 = LINE('',#4664,#4665);
#4664 = CARTESIAN_POINT('',(106.93538290724,68.7,49.4));
#4665 = VECTOR('',#4666,1.);
#4666 = DIRECTION('',(0.,1.,-0.));
#4667 = PCURVE('',#4668,#4673);
#4668 = CYLINDRICAL_SURFACE('',#4669,1.3);
#4669 = AXIS2_PLACEMENT_3D('',#4670,#4671,#4672);
#4670 = CARTESIAN_POINT('',(108.23538290724,68.7,49.4));
#4671 = DIRECTION('',(-0.,-1.,0.));
#4672 = DIRECTION('',(-1.,0.,0.));
#4673 = DEFINITIONAL_REPRESENTATION('',(#4674),#4678);
#4674 = LINE('',#4675,#4676);
#4675 = CARTESIAN_POINT('',(-0.,0.));
#4676 = VECTOR('',#4677,1.);
#4677 = DIRECTION('',(-0.,-1.));
#4678 = ( GEOMETRIC_REPRESENTATION_CONTEXT(2) 
PARAMETRIC_REPRESENTATION_CONTEXT() REPRESENTATION_CONTEXT('2D SPACE',''
  ) );
#4679 = PCURVE('',#4668,#4680);
#4680 = DEFINITIONAL_REPRESENTATION('',(#4681),#4685);
#4681 = LINE('',#4682,#4683);
#4682 = CARTESIAN_POINT('',(-6.28318530718,0.));
#4683 = VECTOR('',#4684,1.);
#4684 = DIRECTION('',(-0.,-1.));
#4685 = ( GEOMETRIC_REPRESENTATION_CONTEXT(2) 
PARAMETRIC_REPRESENTATION_CONTEXT() REPRESENTATION_CONTEXT('2D SPACE',''
  ) );
#4686 = ORIENTED_EDGE('',*,*,#4687,.T.);
#4687 = EDGE_CURVE('',#4660,#4660,#4688,.T.);
#4688 = SURFACE_CURVE('',#4689,(#4694,#4701),.PCURVE_S1.);
#4689 = CIRCLE('',#4690,1.3);
#4690 = AXIS2_PLACEMENT_3D('',#4691,#4692,#4693);
#4691 = CARTESIAN_POINT('',(108.23538290724,71.7,49.4));
#4692 = DIRECTION('',(0.,1.,-0.));
#4693 = DIRECTION('',(-1.,0.,0.));
#4694 = PCURVE('',#4668,#4695);
#4695 = DEFINITIONAL_REPRESENTATION('',(#4696),#4700);
#4696 = LINE('',#4697,#4698);
#4697 = CARTESIAN_POINT('',(-0.,-3.));
#4698 = VECTOR('',#4699,1.);
#4699 = DIRECTION('',(-1.,0.));
#4700 = ( GEOMETRIC_REPRESENTATION_CONTEXT(2) 
PARAMETRIC_REPRESENTATION_CONTEXT() REPRESENTATION_CONTEXT('2D SPACE',''
  ) );
#4701 = PCURVE('',#72,#4702);
#4702 = DEFINITIONAL_REPRESENTATION('',(#4703),#4707);
#4703 = CIRCLE('',#4704,1.3);
#4704 = AXIS2_PLACEMENT_2D('',#4705,#4706);
#4705 = CARTESIAN_POINT('',(-18.23538290724,-36.35));
#4706 = DIRECTION('',(1.,0.));
#4707 = ( GEOMETRIC_REPRESENTATION_CONTEXT(2) 
PARAMETRIC_REPRESENTATION_CONTEXT() REPRESENTATION_CONTEXT('2D SPACE',''
  ) );
#4708 = ORIENTED_EDGE('',*,*,#4657,.F.);
#4709 = ORIENTED_EDGE('',*,*,#4710,.F.);
#4710 = EDGE_CURVE('',#4658,#4658,#4711,.T.);
#4711 = SURFACE_CURVE('',#4712,(#4717,#4724),.PCURVE_S1.);
#4712 = CIRCLE('',#4713,1.3);
#4713 = AXIS2_PLACEMENT_3D('',#4714,#4715,#4716);
#4714 = CARTESIAN_POINT('',(108.23538290724,68.7,49.4));
#4715 = DIRECTION('',(0.,1.,-0.));
#4716 = DIRECTION('',(-1.,0.,0.));
#4717 = PCURVE('',#4668,#4718);
#4718 = DEFINITIONAL_REPRESENTATION('',(#4719),#4723);
#4719 = LINE('',#4720,#4721);
#4720 = CARTESIAN_POINT('',(-0.,0.));
#4721 = VECTOR('',#4722,1.);
#4722 = DIRECTION('',(-1.,0.));
#4723 = ( GEOMETRIC_REPRESENTATION_CONTEXT(2) 
PARAMETRIC_REPRESENTATION_CONTEXT() REPRESENTATION_CONTEXT('2D SPACE',''
  ) );
#4724 = PCURVE('',#126,#4725);
#4725 = DEFINITIONAL_REPRESENTATION('',(#4726),#4730);
#4726 = CIRCLE('',#4727,1.3);
#4727 = AXIS2_PLACEMENT_2D('',#4728,#4729);
#4728 = CARTESIAN_POINT('',(-18.23538290724,-36.35));
#4729 = DIRECTION('',(1.,0.));
#4730 = ( GEOMETRIC_REPRESENTATION_CONTEXT(2) 
PARAMETRIC_REPRESENTATION_CONTEXT() REPRESENTATION_CONTEXT('2D SPACE',''
  ) );
#4731 = ADVANCED_FACE('',(#4732),#4746,.F.);
#4732 = FACE_BOUND('',#4733,.T.);
#4733 = EDGE_LOOP('',(#4734,#4764,#4786,#4787));
#4734 = ORIENTED_EDGE('',*,*,#4735,.T.);
#4735 = EDGE_CURVE('',#4736,#4738,#4740,.T.);
#4736 = VERTEX_POINT('',#4737);
#4737 = CARTESIAN_POINT('',(102.77846096908,68.7,47.));
#4738 = VERTEX_POINT('',#4739);
#4739 = CARTESIAN_POINT('',(102.77846096908,71.7,47.));
#4740 = SEAM_CURVE('',#4741,(#4745,#4757),.PCURVE_S1.);
#4741 = LINE('',#4742,#4743);
#4742 = CARTESIAN_POINT('',(102.77846096908,68.7,47.));
#4743 = VECTOR('',#4744,1.);
#4744 = DIRECTION('',(0.,1.,-0.));
#4745 = PCURVE('',#4746,#4751);
#4746 = CYLINDRICAL_SURFACE('',#4747,1.3);
#4747 = AXIS2_PLACEMENT_3D('',#4748,#4749,#4750);
#4748 = CARTESIAN_POINT('',(104.07846096908,68.7,47.));
#4749 = DIRECTION('',(-0.,-1.,0.));
#4750 = DIRECTION('',(-1.,0.,0.));
#4751 = DEFINITIONAL_REPRESENTATION('',(#4752),#4756);
#4752 = LINE('',#4753,#4754);
#4753 = CARTESIAN_POINT('',(-0.,0.));
#4754 = VECTOR('',#4755,1.);
#4755 = DIRECTION('',(-0.,-1.));
#4756 = ( GEOMETRIC_REPRESENTATION_CONTEXT(2) 
PARAMETRIC_REPRESENTATION_CONTEXT() REPRESENTATION_CONTEXT('2D SPACE',''
  ) );
#4757 = PCURVE('',#4746,#4758);
#4758 = DEFINITIONAL_REPRESENTATION('',(#4759),#4763);
#4759 = LINE('',#4760,#4761);
#4760 = CARTESIAN_POINT('',(-6.28318530718,0.));
#4761 = VECTOR('',#4762,1.);
#4762 = DIRECTION('',(-0.,-1.));
#4763 = ( GEOMETRIC_REPRESENTATION_CONTEXT(2) 
PARAMETRIC_REPRESENTATION_CONTEXT() REPRESENTATION_CONTEXT('2D SPACE',''
  ) );
#4764 = ORIENTED_EDGE('',*,*,#4765,.T.);
#4765 = EDGE_CURVE('',#4738,#4738,#4766,.T.);
#4766 = SURFACE_CURVE('',#4767,(#4772,#4779),.PCURVE_S1.);
#4767 = CIRCLE('',#4768,1.3);
#4768 = AXIS2_PLACEMENT_3D('',#4769,#4770,#4771);
#4769 = CARTESIAN_POINT('',(104.07846096908,71.7,47.));
#4770 = DIRECTION('',(0.,1.,-0.));
#4771 = DIRECTION('',(-1.,0.,0.));
#4772 = PCURVE('',#4746,#4773);
#4773 = DEFINITIONAL_REPRESENTATION('',(#4774),#4778);
#4774 = LINE('',#4775,#4776);
#4775 = CARTESIAN_POINT('',(-0.,-3.));
#4776 = VECTOR('',#4777,1.);
#4777 = DIRECTION('',(-1.,0.));
#4778 = ( GEOMETRIC_REPRESENTATION_CONTEXT(2) 
PARAMETRIC_REPRESENTATION_CONTEXT() REPRESENTATION_CONTEXT('2D SPACE',''
  ) );
#4779 = PCURVE('',#72,#4780);
#4780 = DEFINITIONAL_REPRESENTATION('',(#4781),#4785);
#4781 = CIRCLE('',#4782,1.3);
#4782 = AXIS2_PLACEMENT_2D('',#4783,#4784);
#4783 = CARTESIAN_POINT('',(-14.07846096908,-38.75));
#4784 = DIRECTION('',(1.,0.));
#4785 = ( GEOMETRIC_REPRESENTATION_CONTEXT(2) 
PARAMETRIC_REPRESENTATION_CONTEXT() REPRESENTATION_CONTEXT('2D SPACE',''
  ) );
#4786 = ORIENTED_EDGE('',*,*,#4735,.F.);
#4787 = ORIENTED_EDGE('',*,*,#4788,.F.);
#4788 = EDGE_CURVE('',#4736,#4736,#4789,.T.);
#4789 = SURFACE_CURVE('',#4790,(#4795,#4802),.PCURVE_S1.);
#4790 = CIRCLE('',#4791,1.3);
#4791 = AXIS2_PLACEMENT_3D('',#4792,#4793,#4794);
#4792 = CARTESIAN_POINT('',(104.07846096908,68.7,47.));
#4793 = DIRECTION('',(0.,1.,-0.));
#4794 = DIRECTION('',(-1.,0.,0.));
#4795 = PCURVE('',#4746,#4796);
#4796 = DEFINITIONAL_REPRESENTATION('',(#4797),#4801);
#4797 = LINE('',#4798,#4799);
#4798 = CARTESIAN_POINT('',(-0.,0.));
#4799 = VECTOR('',#4800,1.);
#4800 = DIRECTION('',(-1.,0.));
#4801 = ( GEOMETRIC_REPRESENTATION_CONTEXT(2) 
PARAMETRIC_REPRESENTATION_CONTEXT() REPRESENTATION_CONTEXT('2D SPACE',''
  ) );
#4802 = PCURVE('',#126,#4803);
#4803 = DEFINITIONAL_REPRESENTATION('',(#4804),#4808);
#4804 = CIRCLE('',#4805,1.3);
#4805 = AXIS2_PLACEMENT_2D('',#4806,#4807);
#4806 = CARTESIAN_POINT('',(-14.07846096908,-38.75));
#4807 = DIRECTION('',(1.,0.));
#4808 = ( GEOMETRIC_REPRESENTATION_CONTEXT(2) 
PARAMETRIC_REPRESENTATION_CONTEXT() REPRESENTATION_CONTEXT('2D SPACE',''
  ) );
#4809 = ADVANCED_FACE('',(#4810),#4824,.F.);
#4810 = FACE_BOUND('',#4811,.T.);
#4811 = EDGE_LOOP('',(#4812,#4842,#4864,#4865));
#4812 = ORIENTED_EDGE('',*,*,#4813,.T.);
#4813 = EDGE_CURVE('',#4814,#4816,#4818,.T.);
#4814 = VERTEX_POINT('',#4815);
#4815 = CARTESIAN_POINT('',(106.93538290724,68.7,54.2));
#4816 = VERTEX_POINT('',#4817);
#4817 = CARTESIAN_POINT('',(106.93538290724,71.7,54.2));
#4818 = SEAM_CURVE('',#4819,(#4823,#4835),.PCURVE_S1.);
#4819 = LINE('',#4820,#4821);
#4820 = CARTESIAN_POINT('',(106.93538290724,68.7,54.2));
#4821 = VECTOR('',#4822,1.);
#4822 = DIRECTION('',(0.,1.,-0.));
#4823 = PCURVE('',#4824,#4829);
#4824 = CYLINDRICAL_SURFACE('',#4825,1.3);
#4825 = AXIS2_PLACEMENT_3D('',#4826,#4827,#4828);
#4826 = CARTESIAN_POINT('',(108.23538290724,68.7,54.2));
#4827 = DIRECTION('',(-0.,-1.,0.));
#4828 = DIRECTION('',(-1.,0.,0.));
#4829 = DEFINITIONAL_REPRESENTATION('',(#4830),#4834);
#4830 = LINE('',#4831,#4832);
#4831 = CARTESIAN_POINT('',(-0.,0.));
#4832 = VECTOR('',#4833,1.);
#4833 = DIRECTION('',(-0.,-1.));
#4834 = ( GEOMETRIC_REPRESENTATION_CONTEXT(2) 
PARAMETRIC_REPRESENTATION_CONTEXT() REPRESENTATION_CONTEXT('2D SPACE',''
  ) );
#4835 = PCURVE('',#4824,#4836);
#4836 = DEFINITIONAL_REPRESENTATION('',(#4837),#4841);
#4837 = LINE('',#4838,#4839);
#4838 = CARTESIAN_POINT('',(-6.28318530718,0.));
#4839 = VECTOR('',#4840,1.);
#4840 = DIRECTION('',(-0.,-1.));
#4841 = ( GEOMETRIC_REPRESENTATION_CONTEXT(2) 
PARAMETRIC_REPRESENTATION_CONTEXT() REPRESENTATION_CONTEXT('2D SPACE',''
  ) );
#4842 = ORIENTED_EDGE('',*,*,#4843,.T.);
#4843 = EDGE_CURVE('',#4816,#4816,#4844,.T.);
#4844 = SURFACE_CURVE('',#4845,(#4850,#4857),.PCURVE_S1.);
#4845 = CIRCLE('',#4846,1.3);
#4846 = AXIS2_PLACEMENT_3D('',#4847,#4848,#4849);
#4847 = CARTESIAN_POINT('',(108.23538290724,71.7,54.2));
#4848 = DIRECTION('',(0.,1.,-0.));
#4849 = DIRECTION('',(-1.,0.,0.));
#4850 = PCURVE('',#4824,#4851);
#4851 = DEFINITIONAL_REPRESENTATION('',(#4852),#4856);
#4852 = LINE('',#4853,#4854);
#4853 = CARTESIAN_POINT('',(-0.,-3.));
#4854 = VECTOR('',#4855,1.);
#4855 = DIRECTION('',(-1.,0.));
#4856 = ( GEOMETRIC_REPRESENTATION_CONTEXT(2) 
PARAMETRIC_REPRESENTATION_CONTEXT() REPRESENTATION_CONTEXT('2D SPACE',''
  ) );
#4857 = PCURVE('',#72,#4858);
#4858 = DEFINITIONAL_REPRESENTATION('',(#4859),#4863);
#4859 = CIRCLE('',#4860,1.3);
#4860 = AXIS2_PLACEMENT_2D('',#4861,#4862);
#4861 = CARTESIAN_POINT('',(-18.23538290724,-31.55));
#4862 = DIRECTION('',(1.,0.));
#4863 = ( GEOMETRIC_REPRESENTATION_CONTEXT(2) 
PARAMETRIC_REPRESENTATION_CONTEXT() REPRESENTATION_CONTEXT('2D SPACE',''
  ) );
#4864 = ORIENTED_EDGE('',*,*,#4813,.F.);
#4865 = ORIENTED_EDGE('',*,*,#4866,.F.);
#4866 = EDGE_CURVE('',#4814,#4814,#4867,.T.);
#4867 = SURFACE_CURVE('',#4868,(#4873,#4880),.PCURVE_S1.);
#4868 = CIRCLE('',#4869,1.3);
#4869 = AXIS2_PLACEMENT_3D('',#4870,#4871,#4872);
#4870 = CARTESIAN_POINT('',(108.23538290724,68.7,54.2));
#4871 = DIRECTION('',(0.,1.,-0.));
#4872 = DIRECTION('',(-1.,0.,0.));
#4873 = PCURVE('',#4824,#4874);
#4874 = DEFINITIONAL_REPRESENTATION('',(#4875),#4879);
#4875 = LINE('',#4876,#4877);
#4876 = CARTESIAN_POINT('',(-0.,0.));
#4877 = VECTOR('',#4878,1.);
#4878 = DIRECTION('',(-1.,0.));
#4879 = ( GEOMETRIC_REPRESENTATION_CONTEXT(2) 
PARAMETRIC_REPRESENTATION_CONTEXT() REPRESENTATION_CONTEXT('2D SPACE',''
  ) );
#4880 = PCURVE('',#126,#4881);
#4881 = DEFINITIONAL_REPRESENTATION('',(#4882),#4886);
#4882 = CIRCLE('',#4883,1.3);
#4883 = AXIS2_PLACEMENT_2D('',#4884,#4885);
#4884 = CARTESIAN_POINT('',(-18.23538290724,-31.55));
#4885 = DIRECTION('',(1.,0.));
#4886 = ( GEOMETRIC_REPRESENTATION_CONTEXT(2) 
PARAMETRIC_REPRESENTATION_CONTEXT() REPRESENTATION_CONTEXT('2D SPACE',''
  ) );
#4887 = ADVANCED_FACE('',(#4888),#4902,.F.);
#4888 = FACE_BOUND('',#4889,.T.);
#4889 = EDGE_LOOP('',(#4890,#4920,#4942,#4943));
#4890 = ORIENTED_EDGE('',*,*,#4891,.T.);
#4891 = EDGE_CURVE('',#4892,#4894,#4896,.T.);
#4892 = VERTEX_POINT('',#4893);
#4893 = CARTESIAN_POINT('',(102.77846096908,68.7,51.8));
#4894 = VERTEX_POINT('',#4895);
#4895 = CARTESIAN_POINT('',(102.77846096908,71.7,51.8));
#4896 = SEAM_CURVE('',#4897,(#4901,#4913),.PCURVE_S1.);
#4897 = LINE('',#4898,#4899);
#4898 = CARTESIAN_POINT('',(102.77846096908,68.7,51.8));
#4899 = VECTOR('',#4900,1.);
#4900 = DIRECTION('',(0.,1.,-0.));
#4901 = PCURVE('',#4902,#4907);
#4902 = CYLINDRICAL_SURFACE('',#4903,1.3);
#4903 = AXIS2_PLACEMENT_3D('',#4904,#4905,#4906);
#4904 = CARTESIAN_POINT('',(104.07846096908,68.7,51.8));
#4905 = DIRECTION('',(-0.,-1.,0.));
#4906 = DIRECTION('',(-1.,0.,0.));
#4907 = DEFINITIONAL_REPRESENTATION('',(#4908),#4912);
#4908 = LINE('',#4909,#4910);
#4909 = CARTESIAN_POINT('',(-0.,0.));
#4910 = VECTOR('',#4911,1.);
#4911 = DIRECTION('',(-0.,-1.));
#4912 = ( GEOMETRIC_REPRESENTATION_CONTEXT(2) 
PARAMETRIC_REPRESENTATION_CONTEXT() REPRESENTATION_CONTEXT('2D SPACE',''
  ) );
#4913 = PCURVE('',#4902,#4914);
#4914 = DEFINITIONAL_REPRESENTATION('',(#4915),#4919);
#4915 = LINE('',#4916,#4917);
#4916 = CARTESIAN_POINT('',(-6.28318530718,0.));
#4917 = VECTOR('',#4918,1.);
#4918 = DIRECTION('',(-0.,-1.));
#4919 = ( GEOMETRIC_REPRESENTATION_CONTEXT(2) 
PARAMETRIC_REPRESENTATION_CONTEXT() REPRESENTATION_CONTEXT('2D SPACE',''
  ) );
#4920 = ORIENTED_EDGE('',*,*,#4921,.T.);
#4921 = EDGE_CURVE('',#4894,#4894,#4922,.T.);
#4922 = SURFACE_CURVE('',#4923,(#4928,#4935),.PCURVE_S1.);
#4923 = CIRCLE('',#4924,1.3);
#4924 = AXIS2_PLACEMENT_3D('',#4925,#4926,#4927);
#4925 = CARTESIAN_POINT('',(104.07846096908,71.7,51.8));
#4926 = DIRECTION('',(0.,1.,-0.));
#4927 = DIRECTION('',(-1.,0.,0.));
#4928 = PCURVE('',#4902,#4929);
#4929 = DEFINITIONAL_REPRESENTATION('',(#4930),#4934);
#4930 = LINE('',#4931,#4932);
#4931 = CARTESIAN_POINT('',(-0.,-3.));
#4932 = VECTOR('',#4933,1.);
#4933 = DIRECTION('',(-1.,0.));
#4934 = ( GEOMETRIC_REPRESENTATION_CONTEXT(2) 
PARAMETRIC_REPRESENTATION_CONTEXT() REPRESENTATION_CONTEXT('2D SPACE',''
  ) );
#4935 = PCURVE('',#72,#4936);
#4936 = DEFINITIONAL_REPRESENTATION('',(#4937),#4941);
#4937 = CIRCLE('',#4938,1.3);
#4938 = AXIS2_PLACEMENT_2D('',#4939,#4940);
#4939 = CARTESIAN_POINT('',(-14.07846096908,-33.95));
#4940 = DIRECTION('',(1.,0.));
#4941 = ( GEOMETRIC_REPRESENTATION_CONTEXT(2) 
PARAMETRIC_REPRESENTATION_CONTEXT() REPRESENTATION_CONTEXT('2D SPACE',''
  ) );
#4942 = ORIENTED_EDGE('',*,*,#4891,.F.);
#4943 = ORIENTED_EDGE('',*,*,#4944,.F.);
#4944 = EDGE_CURVE('',#4892,#4892,#4945,.T.);
#4945 = SURFACE_CURVE('',#4946,(#4951,#4958),.PCURVE_S1.);
#4946 = CIRCLE('',#4947,1.3);
#4947 = AXIS2_PLACEMENT_3D('',#4948,#4949,#4950);
#4948 = CARTESIAN_POINT('',(104.07846096908,68.7,51.8));
#4949 = DIRECTION('',(0.,1.,-0.));
#4950 = DIRECTION('',(-1.,0.,0.));
#4951 = PCURVE('',#4902,#4952);
#4952 = DEFINITIONAL_REPRESENTATION('',(#4953),#4957);
#4953 = LINE('',#4954,#4955);
#4954 = CARTESIAN_POINT('',(-0.,0.));
#4955 = VECTOR('',#4956,1.);
#4956 = DIRECTION('',(-1.,0.));
#4957 = ( GEOMETRIC_REPRESENTATION_CONTEXT(2) 
PARAMETRIC_REPRESENTATION_CONTEXT() REPRESENTATION_CONTEXT('2D SPACE',''
  ) );
#4958 = PCURVE('',#126,#4959);
#4959 = DEFINITIONAL_REPRESENTATION('',(#4960),#4964);
#4960 = CIRCLE('',#4961,1.3);
#4961 = AXIS2_PLACEMENT_2D('',#4962,#4963);
#4962 = CARTESIAN_POINT('',(-14.07846096908,-33.95));
#4963 = DIRECTION('',(1.,0.));
#4964 = ( GEOMETRIC_REPRESENTATION_CONTEXT(2) 
PARAMETRIC_REPRESENTATION_CONTEXT() REPRESENTATION_CONTEXT('2D SPACE',''
  ) );
#4965 = ADVANCED_FACE('',(#4966),#4980,.F.);
#4966 = FACE_BOUND('',#4967,.T.);
#4967 = EDGE_LOOP('',(#4968,#4998,#5020,#5021));
#4968 = ORIENTED_EDGE('',*,*,#4969,.T.);
#4969 = EDGE_CURVE('',#4970,#4972,#4974,.T.);
#4970 = VERTEX_POINT('',#4971);
#4971 = CARTESIAN_POINT('',(94.464617092752,68.7,47.));
#4972 = VERTEX_POINT('',#4973);
#4973 = CARTESIAN_POINT('',(94.464617092752,71.7,47.));
#4974 = SEAM_CURVE('',#4975,(#4979,#4991),.PCURVE_S1.);
#4975 = LINE('',#4976,#4977);
#4976 = CARTESIAN_POINT('',(94.464617092752,68.7,47.));
#4977 = VECTOR('',#4978,1.);
#4978 = DIRECTION('',(0.,1.,-0.));
#4979 = PCURVE('',#4980,#4985);
#4980 = CYLINDRICAL_SURFACE('',#4981,1.3);
#4981 = AXIS2_PLACEMENT_3D('',#4982,#4983,#4984);
#4982 = CARTESIAN_POINT('',(95.764617092752,68.7,47.));
#4983 = DIRECTION('',(-0.,-1.,0.));
#4984 = DIRECTION('',(-1.,0.,0.));
#4985 = DEFINITIONAL_REPRESENTATION('',(#4986),#4990);
#4986 = LINE('',#4987,#4988);
#4987 = CARTESIAN_POINT('',(-0.,0.));
#4988 = VECTOR('',#4989,1.);
#4989 = DIRECTION('',(-0.,-1.));
#4990 = ( GEOMETRIC_REPRESENTATION_CONTEXT(2) 
PARAMETRIC_REPRESENTATION_CONTEXT() REPRESENTATION_CONTEXT('2D SPACE',''
  ) );
#4991 = PCURVE('',#4980,#4992);
#4992 = DEFINITIONAL_REPRESENTATION('',(#4993),#4997);
#4993 = LINE('',#4994,#4995);
#4994 = CARTESIAN_POINT('',(-6.28318530718,0.));
#4995 = VECTOR('',#4996,1.);
#4996 = DIRECTION('',(-0.,-1.));
#4997 = ( GEOMETRIC_REPRESENTATION_CONTEXT(2) 
PARAMETRIC_REPRESENTATION_CONTEXT() REPRESENTATION_CONTEXT('2D SPACE',''
  ) );
#4998 = ORIENTED_EDGE('',*,*,#4999,.T.);
#4999 = EDGE_CURVE('',#4972,#4972,#5000,.T.);
#5000 = SURFACE_CURVE('',#5001,(#5006,#5013),.PCURVE_S1.);
#5001 = CIRCLE('',#5002,1.3);
#5002 = AXIS2_PLACEMENT_3D('',#5003,#5004,#5005);
#5003 = CARTESIAN_POINT('',(95.764617092752,71.7,47.));
#5004 = DIRECTION('',(0.,1.,-0.));
#5005 = DIRECTION('',(-1.,0.,0.));
#5006 = PCURVE('',#4980,#5007);
#5007 = DEFINITIONAL_REPRESENTATION('',(#5008),#5012);
#5008 = LINE('',#5009,#5010);
#5009 = CARTESIAN_POINT('',(-0.,-3.));
#5010 = VECTOR('',#5011,1.);
#5011 = DIRECTION('',(-1.,0.));
#5012 = ( GEOMETRIC_REPRESENTATION_CONTEXT(2) 
PARAMETRIC_REPRESENTATION_CONTEXT() REPRESENTATION_CONTEXT('2D SPACE',''
  ) );
#5013 = PCURVE('',#72,#5014);
#5014 = DEFINITIONAL_REPRESENTATION('',(#5015),#5019);
#5015 = CIRCLE('',#5016,1.3);
#5016 = AXIS2_PLACEMENT_2D('',#5017,#5018);
#5017 = CARTESIAN_POINT('',(-5.764617092752,-38.75));
#5018 = DIRECTION('',(1.,0.));
#5019 = ( GEOMETRIC_REPRESENTATION_CONTEXT(2) 
PARAMETRIC_REPRESENTATION_CONTEXT() REPRESENTATION_CONTEXT('2D SPACE',''
  ) );
#5020 = ORIENTED_EDGE('',*,*,#4969,.F.);
#5021 = ORIENTED_EDGE('',*,*,#5022,.F.);
#5022 = EDGE_CURVE('',#4970,#4970,#5023,.T.);
#5023 = SURFACE_CURVE('',#5024,(#5029,#5036),.PCURVE_S1.);
#5024 = CIRCLE('',#5025,1.3);
#5025 = AXIS2_PLACEMENT_3D('',#5026,#5027,#5028);
#5026 = CARTESIAN_POINT('',(95.764617092752,68.7,47.));
#5027 = DIRECTION('',(0.,1.,-0.));
#5028 = DIRECTION('',(-1.,0.,0.));
#5029 = PCURVE('',#4980,#5030);
#5030 = DEFINITIONAL_REPRESENTATION('',(#5031),#5035);
#5031 = LINE('',#5032,#5033);
#5032 = CARTESIAN_POINT('',(-0.,0.));
#5033 = VECTOR('',#5034,1.);
#5034 = DIRECTION('',(-1.,0.));
#5035 = ( GEOMETRIC_REPRESENTATION_CONTEXT(2) 
PARAMETRIC_REPRESENTATION_CONTEXT() REPRESENTATION_CONTEXT('2D SPACE',''
  ) );
#5036 = PCURVE('',#126,#5037);
#5037 = DEFINITIONAL_REPRESENTATION('',(#5038),#5042);
#5038 = CIRCLE('',#5039,1.3);
#5039 = AXIS2_PLACEMENT_2D('',#5040,#5041);
#5040 = CARTESIAN_POINT('',(-5.764617092752,-38.75));
#5041 = DIRECTION('',(1.,0.));
#5042 = ( GEOMETRIC_REPRESENTATION_CONTEXT(2) 
PARAMETRIC_REPRESENTATION_CONTEXT() REPRESENTATION_CONTEXT('2D SPACE',''
  ) );
#5043 = ADVANCED_FACE('',(#5044),#5058,.F.);
#5044 = FACE_BOUND('',#5045,.T.);
#5045 = EDGE_LOOP('',(#5046,#5076,#5098,#5099));
#5046 = ORIENTED_EDGE('',*,*,#5047,.T.);
#5047 = EDGE_CURVE('',#5048,#5050,#5052,.T.);
#5048 = VERTEX_POINT('',#5049);
#5049 = CARTESIAN_POINT('',(98.621539030917,68.7,49.4));
#5050 = VERTEX_POINT('',#5051);
#5051 = CARTESIAN_POINT('',(98.621539030917,71.7,49.4));
#5052 = SEAM_CURVE('',#5053,(#5057,#5069),.PCURVE_S1.);
#5053 = LINE('',#5054,#5055);
#5054 = CARTESIAN_POINT('',(98.621539030917,68.7,49.4));
#5055 = VECTOR('',#5056,1.);
#5056 = DIRECTION('',(0.,1.,-0.));
#5057 = PCURVE('',#5058,#5063);
#5058 = CYLINDRICAL_SURFACE('',#5059,1.3);
#5059 = AXIS2_PLACEMENT_3D('',#5060,#5061,#5062);
#5060 = CARTESIAN_POINT('',(99.921539030917,68.7,49.4));
#5061 = DIRECTION('',(-0.,-1.,0.));
#5062 = DIRECTION('',(-1.,0.,0.));
#5063 = DEFINITIONAL_REPRESENTATION('',(#5064),#5068);
#5064 = LINE('',#5065,#5066);
#5065 = CARTESIAN_POINT('',(-0.,0.));
#5066 = VECTOR('',#5067,1.);
#5067 = DIRECTION('',(-0.,-1.));
#5068 = ( GEOMETRIC_REPRESENTATION_CONTEXT(2) 
PARAMETRIC_REPRESENTATION_CONTEXT() REPRESENTATION_CONTEXT('2D SPACE',''
  ) );
#5069 = PCURVE('',#5058,#5070);
#5070 = DEFINITIONAL_REPRESENTATION('',(#5071),#5075);
#5071 = LINE('',#5072,#5073);
#5072 = CARTESIAN_POINT('',(-6.28318530718,0.));
#5073 = VECTOR('',#5074,1.);
#5074 = DIRECTION('',(-0.,-1.));
#5075 = ( GEOMETRIC_REPRESENTATION_CONTEXT(2) 
PARAMETRIC_REPRESENTATION_CONTEXT() REPRESENTATION_CONTEXT('2D SPACE',''
  ) );
#5076 = ORIENTED_EDGE('',*,*,#5077,.T.);
#5077 = EDGE_CURVE('',#5050,#5050,#5078,.T.);
#5078 = SURFACE_CURVE('',#5079,(#5084,#5091),.PCURVE_S1.);
#5079 = CIRCLE('',#5080,1.3);
#5080 = AXIS2_PLACEMENT_3D('',#5081,#5082,#5083);
#5081 = CARTESIAN_POINT('',(99.921539030917,71.7,49.4));
#5082 = DIRECTION('',(0.,1.,-0.));
#5083 = DIRECTION('',(-1.,0.,0.));
#5084 = PCURVE('',#5058,#5085);
#5085 = DEFINITIONAL_REPRESENTATION('',(#5086),#5090);
#5086 = LINE('',#5087,#5088);
#5087 = CARTESIAN_POINT('',(-0.,-3.));
#5088 = VECTOR('',#5089,1.);
#5089 = DIRECTION('',(-1.,0.));
#5090 = ( GEOMETRIC_REPRESENTATION_CONTEXT(2) 
PARAMETRIC_REPRESENTATION_CONTEXT() REPRESENTATION_CONTEXT('2D SPACE',''
  ) );
#5091 = PCURVE('',#72,#5092);
#5092 = DEFINITIONAL_REPRESENTATION('',(#5093),#5097);
#5093 = CIRCLE('',#5094,1.3);
#5094 = AXIS2_PLACEMENT_2D('',#5095,#5096);
#5095 = CARTESIAN_POINT('',(-9.921539030917,-36.35));
#5096 = DIRECTION('',(1.,0.));
#5097 = ( GEOMETRIC_REPRESENTATION_CONTEXT(2) 
PARAMETRIC_REPRESENTATION_CONTEXT() REPRESENTATION_CONTEXT('2D SPACE',''
  ) );
#5098 = ORIENTED_EDGE('',*,*,#5047,.F.);
#5099 = ORIENTED_EDGE('',*,*,#5100,.F.);
#5100 = EDGE_CURVE('',#5048,#5048,#5101,.T.);
#5101 = SURFACE_CURVE('',#5102,(#5107,#5114),.PCURVE_S1.);
#5102 = CIRCLE('',#5103,1.3);
#5103 = AXIS2_PLACEMENT_3D('',#5104,#5105,#5106);
#5104 = CARTESIAN_POINT('',(99.921539030917,68.7,49.4));
#5105 = DIRECTION('',(0.,1.,-0.));
#5106 = DIRECTION('',(-1.,0.,0.));
#5107 = PCURVE('',#5058,#5108);
#5108 = DEFINITIONAL_REPRESENTATION('',(#5109),#5113);
#5109 = LINE('',#5110,#5111);
#5110 = CARTESIAN_POINT('',(-0.,0.));
#5111 = VECTOR('',#5112,1.);
#5112 = DIRECTION('',(-1.,0.));
#5113 = ( GEOMETRIC_REPRESENTATION_CONTEXT(2) 
PARAMETRIC_REPRESENTATION_CONTEXT() REPRESENTATION_CONTEXT('2D SPACE',''
  ) );
#5114 = PCURVE('',#126,#5115);
#5115 = DEFINITIONAL_REPRESENTATION('',(#5116),#5120);
#5116 = CIRCLE('',#5117,1.3);
#5117 = AXIS2_PLACEMENT_2D('',#5118,#5119);
#5118 = CARTESIAN_POINT('',(-9.921539030917,-36.35));
#5119 = DIRECTION('',(1.,0.));
#5120 = ( GEOMETRIC_REPRESENTATION_CONTEXT(2) 
PARAMETRIC_REPRESENTATION_CONTEXT() REPRESENTATION_CONTEXT('2D SPACE',''
  ) );
#5121 = ADVANCED_FACE('',(#5122),#5136,.F.);
#5122 = FACE_BOUND('',#5123,.T.);
#5123 = EDGE_LOOP('',(#5124,#5154,#5176,#5177));
#5124 = ORIENTED_EDGE('',*,*,#5125,.T.);
#5125 = EDGE_CURVE('',#5126,#5128,#5130,.T.);
#5126 = VERTEX_POINT('',#5127);
#5127 = CARTESIAN_POINT('',(90.307695154587,68.7,49.4));
#5128 = VERTEX_POINT('',#5129);
#5129 = CARTESIAN_POINT('',(90.307695154587,71.7,49.4));
#5130 = SEAM_CURVE('',#5131,(#5135,#5147),.PCURVE_S1.);
#5131 = LINE('',#5132,#5133);
#5132 = CARTESIAN_POINT('',(90.307695154587,68.7,49.4));
#5133 = VECTOR('',#5134,1.);
#5134 = DIRECTION('',(0.,1.,-0.));
#5135 = PCURVE('',#5136,#5141);
#5136 = CYLINDRICAL_SURFACE('',#5137,1.3);
#5137 = AXIS2_PLACEMENT_3D('',#5138,#5139,#5140);
#5138 = CARTESIAN_POINT('',(91.607695154587,68.7,49.4));
#5139 = DIRECTION('',(-0.,-1.,0.));
#5140 = DIRECTION('',(-1.,0.,0.));
#5141 = DEFINITIONAL_REPRESENTATION('',(#5142),#5146);
#5142 = LINE('',#5143,#5144);
#5143 = CARTESIAN_POINT('',(-0.,0.));
#5144 = VECTOR('',#5145,1.);
#5145 = DIRECTION('',(-0.,-1.));
#5146 = ( GEOMETRIC_REPRESENTATION_CONTEXT(2) 
PARAMETRIC_REPRESENTATION_CONTEXT() REPRESENTATION_CONTEXT('2D SPACE',''
  ) );
#5147 = PCURVE('',#5136,#5148);
#5148 = DEFINITIONAL_REPRESENTATION('',(#5149),#5153);
#5149 = LINE('',#5150,#5151);
#5150 = CARTESIAN_POINT('',(-6.28318530718,0.));
#5151 = VECTOR('',#5152,1.);
#5152 = DIRECTION('',(-0.,-1.));
#5153 = ( GEOMETRIC_REPRESENTATION_CONTEXT(2) 
PARAMETRIC_REPRESENTATION_CONTEXT() REPRESENTATION_CONTEXT('2D SPACE',''
  ) );
#5154 = ORIENTED_EDGE('',*,*,#5155,.T.);
#5155 = EDGE_CURVE('',#5128,#5128,#5156,.T.);
#5156 = SURFACE_CURVE('',#5157,(#5162,#5169),.PCURVE_S1.);
#5157 = CIRCLE('',#5158,1.3);
#5158 = AXIS2_PLACEMENT_3D('',#5159,#5160,#5161);
#5159 = CARTESIAN_POINT('',(91.607695154587,71.7,49.4));
#5160 = DIRECTION('',(0.,1.,-0.));
#5161 = DIRECTION('',(-1.,0.,0.));
#5162 = PCURVE('',#5136,#5163);
#5163 = DEFINITIONAL_REPRESENTATION('',(#5164),#5168);
#5164 = LINE('',#5165,#5166);
#5165 = CARTESIAN_POINT('',(-0.,-3.));
#5166 = VECTOR('',#5167,1.);
#5167 = DIRECTION('',(-1.,0.));
#5168 = ( GEOMETRIC_REPRESENTATION_CONTEXT(2) 
PARAMETRIC_REPRESENTATION_CONTEXT() REPRESENTATION_CONTEXT('2D SPACE',''
  ) );
#5169 = PCURVE('',#72,#5170);
#5170 = DEFINITIONAL_REPRESENTATION('',(#5171),#5175);
#5171 = CIRCLE('',#5172,1.3);
#5172 = AXIS2_PLACEMENT_2D('',#5173,#5174);
#5173 = CARTESIAN_POINT('',(-1.607695154587,-36.35));
#5174 = DIRECTION('',(1.,0.));
#5175 = ( GEOMETRIC_REPRESENTATION_CONTEXT(2) 
PARAMETRIC_REPRESENTATION_CONTEXT() REPRESENTATION_CONTEXT('2D SPACE',''
  ) );
#5176 = ORIENTED_EDGE('',*,*,#5125,.F.);
#5177 = ORIENTED_EDGE('',*,*,#5178,.F.);
#5178 = EDGE_CURVE('',#5126,#5126,#5179,.T.);
#5179 = SURFACE_CURVE('',#5180,(#5185,#5192),.PCURVE_S1.);
#5180 = CIRCLE('',#5181,1.3);
#5181 = AXIS2_PLACEMENT_3D('',#5182,#5183,#5184);
#5182 = CARTESIAN_POINT('',(91.607695154587,68.7,49.4));
#5183 = DIRECTION('',(0.,1.,-0.));
#5184 = DIRECTION('',(-1.,0.,0.));
#5185 = PCURVE('',#5136,#5186);
#5186 = DEFINITIONAL_REPRESENTATION('',(#5187),#5191);
#5187 = LINE('',#5188,#5189);
#5188 = CARTESIAN_POINT('',(-0.,0.));
#5189 = VECTOR('',#5190,1.);
#5190 = DIRECTION('',(-1.,0.));
#5191 = ( GEOMETRIC_REPRESENTATION_CONTEXT(2) 
PARAMETRIC_REPRESENTATION_CONTEXT() REPRESENTATION_CONTEXT('2D SPACE',''
  ) );
#5192 = PCURVE('',#126,#5193);
#5193 = DEFINITIONAL_REPRESENTATION('',(#5194),#5198);
#5194 = CIRCLE('',#5195,1.3);
#5195 = AXIS2_PLACEMENT_2D('',#5196,#5197);
#5196 = CARTESIAN_POINT('',(-1.607695154587,-36.35));
#5197 = DIRECTION('',(1.,0.));
#5198 = ( GEOMETRIC_REPRESENTATION_CONTEXT(2) 
PARAMETRIC_REPRESENTATION_CONTEXT() REPRESENTATION_CONTEXT('2D SPACE',''
  ) );
#5199 = ADVANCED_FACE('',(#5200),#5214,.F.);
#5200 = FACE_BOUND('',#5201,.T.);
#5201 = EDGE_LOOP('',(#5202,#5232,#5254,#5255));
#5202 = ORIENTED_EDGE('',*,*,#5203,.T.);
#5203 = EDGE_CURVE('',#5204,#5206,#5208,.T.);
#5204 = VERTEX_POINT('',#5205);
#5205 = CARTESIAN_POINT('',(94.464617092752,68.7,51.8));
#5206 = VERTEX_POINT('',#5207);
#5207 = CARTESIAN_POINT('',(94.464617092752,71.7,51.8));
#5208 = SEAM_CURVE('',#5209,(#5213,#5225),.PCURVE_S1.);
#5209 = LINE('',#5210,#5211);
#5210 = CARTESIAN_POINT('',(94.464617092752,68.7,51.8));
#5211 = VECTOR('',#5212,1.);
#5212 = DIRECTION('',(0.,1.,-0.));
#5213 = PCURVE('',#5214,#5219);
#5214 = CYLINDRICAL_SURFACE('',#5215,1.3);
#5215 = AXIS2_PLACEMENT_3D('',#5216,#5217,#5218);
#5216 = CARTESIAN_POINT('',(95.764617092752,68.7,51.8));
#5217 = DIRECTION('',(-0.,-1.,0.));
#5218 = DIRECTION('',(-1.,0.,0.));
#5219 = DEFINITIONAL_REPRESENTATION('',(#5220),#5224);
#5220 = LINE('',#5221,#5222);
#5221 = CARTESIAN_POINT('',(-0.,0.));
#5222 = VECTOR('',#5223,1.);
#5223 = DIRECTION('',(-0.,-1.));
#5224 = ( GEOMETRIC_REPRESENTATION_CONTEXT(2) 
PARAMETRIC_REPRESENTATION_CONTEXT() REPRESENTATION_CONTEXT('2D SPACE',''
  ) );
#5225 = PCURVE('',#5214,#5226);
#5226 = DEFINITIONAL_REPRESENTATION('',(#5227),#5231);
#5227 = LINE('',#5228,#5229);
#5228 = CARTESIAN_POINT('',(-6.28318530718,0.));
#5229 = VECTOR('',#5230,1.);
#5230 = DIRECTION('',(-0.,-1.));
#5231 = ( GEOMETRIC_REPRESENTATION_CONTEXT(2) 
PARAMETRIC_REPRESENTATION_CONTEXT() REPRESENTATION_CONTEXT('2D SPACE',''
  ) );
#5232 = ORIENTED_EDGE('',*,*,#5233,.T.);
#5233 = EDGE_CURVE('',#5206,#5206,#5234,.T.);
#5234 = SURFACE_CURVE('',#5235,(#5240,#5247),.PCURVE_S1.);
#5235 = CIRCLE('',#5236,1.3);
#5236 = AXIS2_PLACEMENT_3D('',#5237,#5238,#5239);
#5237 = CARTESIAN_POINT('',(95.764617092752,71.7,51.8));
#5238 = DIRECTION('',(0.,1.,-0.));
#5239 = DIRECTION('',(-1.,0.,0.));
#5240 = PCURVE('',#5214,#5241);
#5241 = DEFINITIONAL_REPRESENTATION('',(#5242),#5246);
#5242 = LINE('',#5243,#5244);
#5243 = CARTESIAN_POINT('',(-0.,-3.));
#5244 = VECTOR('',#5245,1.);
#5245 = DIRECTION('',(-1.,0.));
#5246 = ( GEOMETRIC_REPRESENTATION_CONTEXT(2) 
PARAMETRIC_REPRESENTATION_CONTEXT() REPRESENTATION_CONTEXT('2D SPACE',''
  ) );
#5247 = PCURVE('',#72,#5248);
#5248 = DEFINITIONAL_REPRESENTATION('',(#5249),#5253);
#5249 = CIRCLE('',#5250,1.3);
#5250 = AXIS2_PLACEMENT_2D('',#5251,#5252);
#5251 = CARTESIAN_POINT('',(-5.764617092752,-33.95));
#5252 = DIRECTION('',(1.,0.));
#5253 = ( GEOMETRIC_REPRESENTATION_CONTEXT(2) 
PARAMETRIC_REPRESENTATION_CONTEXT() REPRESENTATION_CONTEXT('2D SPACE',''
  ) );
#5254 = ORIENTED_EDGE('',*,*,#5203,.F.);
#5255 = ORIENTED_EDGE('',*,*,#5256,.F.);
#5256 = EDGE_CURVE('',#5204,#5204,#5257,.T.);
#5257 = SURFACE_CURVE('',#5258,(#5263,#5270),.PCURVE_S1.);
#5258 = CIRCLE('',#5259,1.3);
#5259 = AXIS2_PLACEMENT_3D('',#5260,#5261,#5262);
#5260 = CARTESIAN_POINT('',(95.764617092752,68.7,51.8));
#5261 = DIRECTION('',(0.,1.,-0.));
#5262 = DIRECTION('',(-1.,0.,0.));
#5263 = PCURVE('',#5214,#5264);
#5264 = DEFINITIONAL_REPRESENTATION('',(#5265),#5269);
#5265 = LINE('',#5266,#5267);
#5266 = CARTESIAN_POINT('',(-0.,0.));
#5267 = VECTOR('',#5268,1.);
#5268 = DIRECTION('',(-1.,0.));
#5269 = ( GEOMETRIC_REPRESENTATION_CONTEXT(2) 
PARAMETRIC_REPRESENTATION_CONTEXT() REPRESENTATION_CONTEXT('2D SPACE',''
  ) );
#5270 = PCURVE('',#126,#5271);
#5271 = DEFINITIONAL_REPRESENTATION('',(#5272),#5276);
#5272 = CIRCLE('',#5273,1.3);
#5273 = AXIS2_PLACEMENT_2D('',#5274,#5275);
#5274 = CARTESIAN_POINT('',(-5.764617092752,-33.95));
#5275 = DIRECTION('',(1.,0.));
#5276 = ( GEOMETRIC_REPRESENTATION_CONTEXT(2) 
PARAMETRIC_REPRESENTATION_CONTEXT() REPRESENTATION_CONTEXT('2D SPACE',''
  ) );
#5277 = ADVANCED_FACE('',(#5278),#5292,.F.);
#5278 = FACE_BOUND('',#5279,.T.);
#5279 = EDGE_LOOP('',(#5280,#5310,#5332,#5333));
#5280 = ORIENTED_EDGE('',*,*,#5281,.T.);
#5281 = EDGE_CURVE('',#5282,#5284,#5286,.T.);
#5282 = VERTEX_POINT('',#5283);
#5283 = CARTESIAN_POINT('',(98.621539030917,68.7,54.2));
#5284 = VERTEX_POINT('',#5285);
#5285 = CARTESIAN_POINT('',(98.621539030917,71.7,54.2));
#5286 = SEAM_CURVE('',#5287,(#5291,#5303),.PCURVE_S1.);
#5287 = LINE('',#5288,#5289);
#5288 = CARTESIAN_POINT('',(98.621539030917,68.7,54.2));
#5289 = VECTOR('',#5290,1.);
#5290 = DIRECTION('',(0.,1.,-0.));
#5291 = PCURVE('',#5292,#5297);
#5292 = CYLINDRICAL_SURFACE('',#5293,1.3);
#5293 = AXIS2_PLACEMENT_3D('',#5294,#5295,#5296);
#5294 = CARTESIAN_POINT('',(99.921539030917,68.7,54.2));
#5295 = DIRECTION('',(-0.,-1.,0.));
#5296 = DIRECTION('',(-1.,0.,0.));
#5297 = DEFINITIONAL_REPRESENTATION('',(#5298),#5302);
#5298 = LINE('',#5299,#5300);
#5299 = CARTESIAN_POINT('',(-0.,0.));
#5300 = VECTOR('',#5301,1.);
#5301 = DIRECTION('',(-0.,-1.));
#5302 = ( GEOMETRIC_REPRESENTATION_CONTEXT(2) 
PARAMETRIC_REPRESENTATION_CONTEXT() REPRESENTATION_CONTEXT('2D SPACE',''
  ) );
#5303 = PCURVE('',#5292,#5304);
#5304 = DEFINITIONAL_REPRESENTATION('',(#5305),#5309);
#5305 = LINE('',#5306,#5307);
#5306 = CARTESIAN_POINT('',(-6.28318530718,0.));
#5307 = VECTOR('',#5308,1.);
#5308 = DIRECTION('',(-0.,-1.));
#5309 = ( GEOMETRIC_REPRESENTATION_CONTEXT(2) 
PARAMETRIC_REPRESENTATION_CONTEXT() REPRESENTATION_CONTEXT('2D SPACE',''
  ) );
#5310 = ORIENTED_EDGE('',*,*,#5311,.T.);
#5311 = EDGE_CURVE('',#5284,#5284,#5312,.T.);
#5312 = SURFACE_CURVE('',#5313,(#5318,#5325),.PCURVE_S1.);
#5313 = CIRCLE('',#5314,1.3);
#5314 = AXIS2_PLACEMENT_3D('',#5315,#5316,#5317);
#5315 = CARTESIAN_POINT('',(99.921539030917,71.7,54.2));
#5316 = DIRECTION('',(0.,1.,-0.));
#5317 = DIRECTION('',(-1.,0.,0.));
#5318 = PCURVE('',#5292,#5319);
#5319 = DEFINITIONAL_REPRESENTATION('',(#5320),#5324);
#5320 = LINE('',#5321,#5322);
#5321 = CARTESIAN_POINT('',(-0.,-3.));
#5322 = VECTOR('',#5323,1.);
#5323 = DIRECTION('',(-1.,0.));
#5324 = ( GEOMETRIC_REPRESENTATION_CONTEXT(2) 
PARAMETRIC_REPRESENTATION_CONTEXT() REPRESENTATION_CONTEXT('2D SPACE',''
  ) );
#5325 = PCURVE('',#72,#5326);
#5326 = DEFINITIONAL_REPRESENTATION('',(#5327),#5331);
#5327 = CIRCLE('',#5328,1.3);
#5328 = AXIS2_PLACEMENT_2D('',#5329,#5330);
#5329 = CARTESIAN_POINT('',(-9.921539030917,-31.55));
#5330 = DIRECTION('',(1.,0.));
#5331 = ( GEOMETRIC_REPRESENTATION_CONTEXT(2) 
PARAMETRIC_REPRESENTATION_CONTEXT() REPRESENTATION_CONTEXT('2D SPACE',''
  ) );
#5332 = ORIENTED_EDGE('',*,*,#5281,.F.);
#5333 = ORIENTED_EDGE('',*,*,#5334,.F.);
#5334 = EDGE_CURVE('',#5282,#5282,#5335,.T.);
#5335 = SURFACE_CURVE('',#5336,(#5341,#5348),.PCURVE_S1.);
#5336 = CIRCLE('',#5337,1.3);
#5337 = AXIS2_PLACEMENT_3D('',#5338,#5339,#5340);
#5338 = CARTESIAN_POINT('',(99.921539030917,68.7,54.2));
#5339 = DIRECTION('',(0.,1.,-0.));
#5340 = DIRECTION('',(-1.,0.,0.));
#5341 = PCURVE('',#5292,#5342);
#5342 = DEFINITIONAL_REPRESENTATION('',(#5343),#5347);
#5343 = LINE('',#5344,#5345);
#5344 = CARTESIAN_POINT('',(-0.,0.));
#5345 = VECTOR('',#5346,1.);
#5346 = DIRECTION('',(-1.,0.));
#5347 = ( GEOMETRIC_REPRESENTATION_CONTEXT(2) 
PARAMETRIC_REPRESENTATION_CONTEXT() REPRESENTATION_CONTEXT('2D SPACE',''
  ) );
#5348 = PCURVE('',#126,#5349);
#5349 = DEFINITIONAL_REPRESENTATION('',(#5350),#5354);
#5350 = CIRCLE('',#5351,1.3);
#5351 = AXIS2_PLACEMENT_2D('',#5352,#5353);
#5352 = CARTESIAN_POINT('',(-9.921539030917,-31.55));
#5353 = DIRECTION('',(1.,0.));
#5354 = ( GEOMETRIC_REPRESENTATION_CONTEXT(2) 
PARAMETRIC_REPRESENTATION_CONTEXT() REPRESENTATION_CONTEXT('2D SPACE',''
  ) );
#5355 = ADVANCED_FACE('',(#5356),#5370,.F.);
#5356 = FACE_BOUND('',#5357,.T.);
#5357 = EDGE_LOOP('',(#5358,#5388,#5410,#5411));
#5358 = ORIENTED_EDGE('',*,*,#5359,.T.);
#5359 = EDGE_CURVE('',#5360,#5362,#5364,.T.);
#5360 = VERTEX_POINT('',#5361);
#5361 = CARTESIAN_POINT('',(90.307695154587,68.7,54.2));
#5362 = VERTEX_POINT('',#5363);
#5363 = CARTESIAN_POINT('',(90.307695154587,71.7,54.2));
#5364 = SEAM_CURVE('',#5365,(#5369,#5381),.PCURVE_S1.);
#5365 = LINE('',#5366,#5367);
#5366 = CARTESIAN_POINT('',(90.307695154587,68.7,54.2));
#5367 = VECTOR('',#5368,1.);
#5368 = DIRECTION('',(0.,1.,-0.));
#5369 = PCURVE('',#5370,#5375);
#5370 = CYLINDRICAL_SURFACE('',#5371,1.3);
#5371 = AXIS2_PLACEMENT_3D('',#5372,#5373,#5374);
#5372 = CARTESIAN_POINT('',(91.607695154587,68.7,54.2));
#5373 = DIRECTION('',(-0.,-1.,0.));
#5374 = DIRECTION('',(-1.,0.,0.));
#5375 = DEFINITIONAL_REPRESENTATION('',(#5376),#5380);
#5376 = LINE('',#5377,#5378);
#5377 = CARTESIAN_POINT('',(-0.,0.));
#5378 = VECTOR('',#5379,1.);
#5379 = DIRECTION('',(-0.,-1.));
#5380 = ( GEOMETRIC_REPRESENTATION_CONTEXT(2) 
PARAMETRIC_REPRESENTATION_CONTEXT() REPRESENTATION_CONTEXT('2D SPACE',''
  ) );
#5381 = PCURVE('',#5370,#5382);
#5382 = DEFINITIONAL_REPRESENTATION('',(#5383),#5387);
#5383 = LINE('',#5384,#5385);
#5384 = CARTESIAN_POINT('',(-6.28318530718,0.));
#5385 = VECTOR('',#5386,1.);
#5386 = DIRECTION('',(-0.,-1.));
#5387 = ( GEOMETRIC_REPRESENTATION_CONTEXT(2) 
PARAMETRIC_REPRESENTATION_CONTEXT() REPRESENTATION_CONTEXT('2D SPACE',''
  ) );
#5388 = ORIENTED_EDGE('',*,*,#5389,.T.);
#5389 = EDGE_CURVE('',#5362,#5362,#5390,.T.);
#5390 = SURFACE_CURVE('',#5391,(#5396,#5403),.PCURVE_S1.);
#5391 = CIRCLE('',#5392,1.3);
#5392 = AXIS2_PLACEMENT_3D('',#5393,#5394,#5395);
#5393 = CARTESIAN_POINT('',(91.607695154587,71.7,54.2));
#5394 = DIRECTION('',(0.,1.,-0.));
#5395 = DIRECTION('',(-1.,0.,0.));
#5396 = PCURVE('',#5370,#5397);
#5397 = DEFINITIONAL_REPRESENTATION('',(#5398),#5402);
#5398 = LINE('',#5399,#5400);
#5399 = CARTESIAN_POINT('',(-0.,-3.));
#5400 = VECTOR('',#5401,1.);
#5401 = DIRECTION('',(-1.,0.));
#5402 = ( GEOMETRIC_REPRESENTATION_CONTEXT(2) 
PARAMETRIC_REPRESENTATION_CONTEXT() REPRESENTATION_CONTEXT('2D SPACE',''
  ) );
#5403 = PCURVE('',#72,#5404);
#5404 = DEFINITIONAL_REPRESENTATION('',(#5405),#5409);
#5405 = CIRCLE('',#5406,1.3);
#5406 = AXIS2_PLACEMENT_2D('',#5407,#5408);
#5407 = CARTESIAN_POINT('',(-1.607695154587,-31.55));
#5408 = DIRECTION('',(1.,0.));
#5409 = ( GEOMETRIC_REPRESENTATION_CONTEXT(2) 
PARAMETRIC_REPRESENTATION_CONTEXT() REPRESENTATION_CONTEXT('2D SPACE',''
  ) );
#5410 = ORIENTED_EDGE('',*,*,#5359,.F.);
#5411 = ORIENTED_EDGE('',*,*,#5412,.F.);
#5412 = EDGE_CURVE('',#5360,#5360,#5413,.T.);
#5413 = SURFACE_CURVE('',#5414,(#5419,#5426),.PCURVE_S1.);
#5414 = CIRCLE('',#5415,1.3);
#5415 = AXIS2_PLACEMENT_3D('',#5416,#5417,#5418);
#5416 = CARTESIAN_POINT('',(91.607695154587,68.7,54.2));
#5417 = DIRECTION('',(0.,1.,-0.));
#5418 = DIRECTION('',(-1.,0.,0.));
#5419 = PCURVE('',#5370,#5420);
#5420 = DEFINITIONAL_REPRESENTATION('',(#5421),#5425);
#5421 = LINE('',#5422,#5423);
#5422 = CARTESIAN_POINT('',(-0.,0.));
#5423 = VECTOR('',#5424,1.);
#5424 = DIRECTION('',(-1.,0.));
#5425 = ( GEOMETRIC_REPRESENTATION_CONTEXT(2) 
PARAMETRIC_REPRESENTATION_CONTEXT() REPRESENTATION_CONTEXT('2D SPACE',''
  ) );
#5426 = PCURVE('',#126,#5427);
#5427 = DEFINITIONAL_REPRESENTATION('',(#5428),#5432);
#5428 = CIRCLE('',#5429,1.3);
#5429 = AXIS2_PLACEMENT_2D('',#5430,#5431);
#5430 = CARTESIAN_POINT('',(-1.607695154587,-31.55));
#5431 = DIRECTION('',(1.,0.));
#5432 = ( GEOMETRIC_REPRESENTATION_CONTEXT(2) 
PARAMETRIC_REPRESENTATION_CONTEXT() REPRESENTATION_CONTEXT('2D SPACE',''
  ) );
#5433 = ADVANCED_FACE('',(#5434),#5448,.F.);
#5434 = FACE_BOUND('',#5435,.T.);
#5435 = EDGE_LOOP('',(#5436,#5466,#5488,#5489));
#5436 = ORIENTED_EDGE('',*,*,#5437,.T.);
#5437 = EDGE_CURVE('',#5438,#5440,#5442,.T.);
#5438 = VERTEX_POINT('',#5439);
#5439 = CARTESIAN_POINT('',(106.93538290724,68.7,59.));
#5440 = VERTEX_POINT('',#5441);
#5441 = CARTESIAN_POINT('',(106.93538290724,71.7,59.));
#5442 = SEAM_CURVE('',#5443,(#5447,#5459),.PCURVE_S1.);
#5443 = LINE('',#5444,#5445);
#5444 = CARTESIAN_POINT('',(106.93538290724,68.7,59.));
#5445 = VECTOR('',#5446,1.);
#5446 = DIRECTION('',(0.,1.,-0.));
#5447 = PCURVE('',#5448,#5453);
#5448 = CYLINDRICAL_SURFACE('',#5449,1.3);
#5449 = AXIS2_PLACEMENT_3D('',#5450,#5451,#5452);
#5450 = CARTESIAN_POINT('',(108.23538290724,68.7,59.));
#5451 = DIRECTION('',(-0.,-1.,0.));
#5452 = DIRECTION('',(-1.,0.,0.));
#5453 = DEFINITIONAL_REPRESENTATION('',(#5454),#5458);
#5454 = LINE('',#5455,#5456);
#5455 = CARTESIAN_POINT('',(-0.,0.));
#5456 = VECTOR('',#5457,1.);
#5457 = DIRECTION('',(-0.,-1.));
#5458 = ( GEOMETRIC_REPRESENTATION_CONTEXT(2) 
PARAMETRIC_REPRESENTATION_CONTEXT() REPRESENTATION_CONTEXT('2D SPACE',''
  ) );
#5459 = PCURVE('',#5448,#5460);
#5460 = DEFINITIONAL_REPRESENTATION('',(#5461),#5465);
#5461 = LINE('',#5462,#5463);
#5462 = CARTESIAN_POINT('',(-6.28318530718,0.));
#5463 = VECTOR('',#5464,1.);
#5464 = DIRECTION('',(-0.,-1.));
#5465 = ( GEOMETRIC_REPRESENTATION_CONTEXT(2) 
PARAMETRIC_REPRESENTATION_CONTEXT() REPRESENTATION_CONTEXT('2D SPACE',''
  ) );
#5466 = ORIENTED_EDGE('',*,*,#5467,.T.);
#5467 = EDGE_CURVE('',#5440,#5440,#5468,.T.);
#5468 = SURFACE_CURVE('',#5469,(#5474,#5481),.PCURVE_S1.);
#5469 = CIRCLE('',#5470,1.3);
#5470 = AXIS2_PLACEMENT_3D('',#5471,#5472,#5473);
#5471 = CARTESIAN_POINT('',(108.23538290724,71.7,59.));
#5472 = DIRECTION('',(0.,1.,-0.));
#5473 = DIRECTION('',(-1.,0.,0.));
#5474 = PCURVE('',#5448,#5475);
#5475 = DEFINITIONAL_REPRESENTATION('',(#5476),#5480);
#5476 = LINE('',#5477,#5478);
#5477 = CARTESIAN_POINT('',(-0.,-3.));
#5478 = VECTOR('',#5479,1.);
#5479 = DIRECTION('',(-1.,0.));
#5480 = ( GEOMETRIC_REPRESENTATION_CONTEXT(2) 
PARAMETRIC_REPRESENTATION_CONTEXT() REPRESENTATION_CONTEXT('2D SPACE',''
  ) );
#5481 = PCURVE('',#72,#5482);
#5482 = DEFINITIONAL_REPRESENTATION('',(#5483),#5487);
#5483 = CIRCLE('',#5484,1.3);
#5484 = AXIS2_PLACEMENT_2D('',#5485,#5486);
#5485 = CARTESIAN_POINT('',(-18.23538290724,-26.75));
#5486 = DIRECTION('',(1.,0.));
#5487 = ( GEOMETRIC_REPRESENTATION_CONTEXT(2) 
PARAMETRIC_REPRESENTATION_CONTEXT() REPRESENTATION_CONTEXT('2D SPACE',''
  ) );
#5488 = ORIENTED_EDGE('',*,*,#5437,.F.);
#5489 = ORIENTED_EDGE('',*,*,#5490,.F.);
#5490 = EDGE_CURVE('',#5438,#5438,#5491,.T.);
#5491 = SURFACE_CURVE('',#5492,(#5497,#5504),.PCURVE_S1.);
#5492 = CIRCLE('',#5493,1.3);
#5493 = AXIS2_PLACEMENT_3D('',#5494,#5495,#5496);
#5494 = CARTESIAN_POINT('',(108.23538290724,68.7,59.));
#5495 = DIRECTION('',(0.,1.,-0.));
#5496 = DIRECTION('',(-1.,0.,0.));
#5497 = PCURVE('',#5448,#5498);
#5498 = DEFINITIONAL_REPRESENTATION('',(#5499),#5503);
#5499 = LINE('',#5500,#5501);
#5500 = CARTESIAN_POINT('',(-0.,0.));
#5501 = VECTOR('',#5502,1.);
#5502 = DIRECTION('',(-1.,0.));
#5503 = ( GEOMETRIC_REPRESENTATION_CONTEXT(2) 
PARAMETRIC_REPRESENTATION_CONTEXT() REPRESENTATION_CONTEXT('2D SPACE',''
  ) );
#5504 = PCURVE('',#126,#5505);
#5505 = DEFINITIONAL_REPRESENTATION('',(#5506),#5510);
#5506 = CIRCLE('',#5507,1.3);
#5507 = AXIS2_PLACEMENT_2D('',#5508,#5509);
#5508 = CARTESIAN_POINT('',(-18.23538290724,-26.75));
#5509 = DIRECTION('',(1.,0.));
#5510 = ( GEOMETRIC_REPRESENTATION_CONTEXT(2) 
PARAMETRIC_REPRESENTATION_CONTEXT() REPRESENTATION_CONTEXT('2D SPACE',''
  ) );
#5511 = ADVANCED_FACE('',(#5512),#5526,.F.);
#5512 = FACE_BOUND('',#5513,.T.);
#5513 = EDGE_LOOP('',(#5514,#5544,#5566,#5567));
#5514 = ORIENTED_EDGE('',*,*,#5515,.T.);
#5515 = EDGE_CURVE('',#5516,#5518,#5520,.T.);
#5516 = VERTEX_POINT('',#5517);
#5517 = CARTESIAN_POINT('',(102.77846096908,68.7,56.6));
#5518 = VERTEX_POINT('',#5519);
#5519 = CARTESIAN_POINT('',(102.77846096908,71.7,56.6));
#5520 = SEAM_CURVE('',#5521,(#5525,#5537),.PCURVE_S1.);
#5521 = LINE('',#5522,#5523);
#5522 = CARTESIAN_POINT('',(102.77846096908,68.7,56.6));
#5523 = VECTOR('',#5524,1.);
#5524 = DIRECTION('',(0.,1.,-0.));
#5525 = PCURVE('',#5526,#5531);
#5526 = CYLINDRICAL_SURFACE('',#5527,1.3);
#5527 = AXIS2_PLACEMENT_3D('',#5528,#5529,#5530);
#5528 = CARTESIAN_POINT('',(104.07846096908,68.7,56.6));
#5529 = DIRECTION('',(-0.,-1.,0.));
#5530 = DIRECTION('',(-1.,0.,0.));
#5531 = DEFINITIONAL_REPRESENTATION('',(#5532),#5536);
#5532 = LINE('',#5533,#5534);
#5533 = CARTESIAN_POINT('',(-0.,0.));
#5534 = VECTOR('',#5535,1.);
#5535 = DIRECTION('',(-0.,-1.));
#5536 = ( GEOMETRIC_REPRESENTATION_CONTEXT(2) 
PARAMETRIC_REPRESENTATION_CONTEXT() REPRESENTATION_CONTEXT('2D SPACE',''
  ) );
#5537 = PCURVE('',#5526,#5538);
#5538 = DEFINITIONAL_REPRESENTATION('',(#5539),#5543);
#5539 = LINE('',#5540,#5541);
#5540 = CARTESIAN_POINT('',(-6.28318530718,0.));
#5541 = VECTOR('',#5542,1.);
#5542 = DIRECTION('',(-0.,-1.));
#5543 = ( GEOMETRIC_REPRESENTATION_CONTEXT(2) 
PARAMETRIC_REPRESENTATION_CONTEXT() REPRESENTATION_CONTEXT('2D SPACE',''
  ) );
#5544 = ORIENTED_EDGE('',*,*,#5545,.T.);
#5545 = EDGE_CURVE('',#5518,#5518,#5546,.T.);
#5546 = SURFACE_CURVE('',#5547,(#5552,#5559),.PCURVE_S1.);
#5547 = CIRCLE('',#5548,1.3);
#5548 = AXIS2_PLACEMENT_3D('',#5549,#5550,#5551);
#5549 = CARTESIAN_POINT('',(104.07846096908,71.7,56.6));
#5550 = DIRECTION('',(0.,1.,-0.));
#5551 = DIRECTION('',(-1.,0.,0.));
#5552 = PCURVE('',#5526,#5553);
#5553 = DEFINITIONAL_REPRESENTATION('',(#5554),#5558);
#5554 = LINE('',#5555,#5556);
#5555 = CARTESIAN_POINT('',(-0.,-3.));
#5556 = VECTOR('',#5557,1.);
#5557 = DIRECTION('',(-1.,0.));
#5558 = ( GEOMETRIC_REPRESENTATION_CONTEXT(2) 
PARAMETRIC_REPRESENTATION_CONTEXT() REPRESENTATION_CONTEXT('2D SPACE',''
  ) );
#5559 = PCURVE('',#72,#5560);
#5560 = DEFINITIONAL_REPRESENTATION('',(#5561),#5565);
#5561 = CIRCLE('',#5562,1.3);
#5562 = AXIS2_PLACEMENT_2D('',#5563,#5564);
#5563 = CARTESIAN_POINT('',(-14.07846096908,-29.15));
#5564 = DIRECTION('',(1.,0.));
#5565 = ( GEOMETRIC_REPRESENTATION_CONTEXT(2) 
PARAMETRIC_REPRESENTATION_CONTEXT() REPRESENTATION_CONTEXT('2D SPACE',''
  ) );
#5566 = ORIENTED_EDGE('',*,*,#5515,.F.);
#5567 = ORIENTED_EDGE('',*,*,#5568,.F.);
#5568 = EDGE_CURVE('',#5516,#5516,#5569,.T.);
#5569 = SURFACE_CURVE('',#5570,(#5575,#5582),.PCURVE_S1.);
#5570 = CIRCLE('',#5571,1.3);
#5571 = AXIS2_PLACEMENT_3D('',#5572,#5573,#5574);
#5572 = CARTESIAN_POINT('',(104.07846096908,68.7,56.6));
#5573 = DIRECTION('',(0.,1.,-0.));
#5574 = DIRECTION('',(-1.,0.,0.));
#5575 = PCURVE('',#5526,#5576);
#5576 = DEFINITIONAL_REPRESENTATION('',(#5577),#5581);
#5577 = LINE('',#5578,#5579);
#5578 = CARTESIAN_POINT('',(-0.,0.));
#5579 = VECTOR('',#5580,1.);
#5580 = DIRECTION('',(-1.,0.));
#5581 = ( GEOMETRIC_REPRESENTATION_CONTEXT(2) 
PARAMETRIC_REPRESENTATION_CONTEXT() REPRESENTATION_CONTEXT('2D SPACE',''
  ) );
#5582 = PCURVE('',#126,#5583);
#5583 = DEFINITIONAL_REPRESENTATION('',(#5584),#5588);
#5584 = CIRCLE('',#5585,1.3);
#5585 = AXIS2_PLACEMENT_2D('',#5586,#5587);
#5586 = CARTESIAN_POINT('',(-14.07846096908,-29.15));
#5587 = DIRECTION('',(1.,0.));
#5588 = ( GEOMETRIC_REPRESENTATION_CONTEXT(2) 
PARAMETRIC_REPRESENTATION_CONTEXT() REPRESENTATION_CONTEXT('2D SPACE',''
  ) );
#5589 = ADVANCED_FACE('',(#5590),#5604,.F.);
#5590 = FACE_BOUND('',#5591,.T.);
#5591 = EDGE_LOOP('',(#5592,#5622,#5644,#5645));
#5592 = ORIENTED_EDGE('',*,*,#5593,.T.);
#5593 = EDGE_CURVE('',#5594,#5596,#5598,.T.);
#5594 = VERTEX_POINT('',#5595);
#5595 = CARTESIAN_POINT('',(94.464617092752,68.7,56.6));
#5596 = VERTEX_POINT('',#5597);
#5597 = CARTESIAN_POINT('',(94.464617092752,71.7,56.6));
#5598 = SEAM_CURVE('',#5599,(#5603,#5615),.PCURVE_S1.);
#5599 = LINE('',#5600,#5601);
#5600 = CARTESIAN_POINT('',(94.464617092752,68.7,56.6));
#5601 = VECTOR('',#5602,1.);
#5602 = DIRECTION('',(0.,1.,-0.));
#5603 = PCURVE('',#5604,#5609);
#5604 = CYLINDRICAL_SURFACE('',#5605,1.3);
#5605 = AXIS2_PLACEMENT_3D('',#5606,#5607,#5608);
#5606 = CARTESIAN_POINT('',(95.764617092752,68.7,56.6));
#5607 = DIRECTION('',(-0.,-1.,0.));
#5608 = DIRECTION('',(-1.,0.,0.));
#5609 = DEFINITIONAL_REPRESENTATION('',(#5610),#5614);
#5610 = LINE('',#5611,#5612);
#5611 = CARTESIAN_POINT('',(-0.,0.));
#5612 = VECTOR('',#5613,1.);
#5613 = DIRECTION('',(-0.,-1.));
#5614 = ( GEOMETRIC_REPRESENTATION_CONTEXT(2) 
PARAMETRIC_REPRESENTATION_CONTEXT() REPRESENTATION_CONTEXT('2D SPACE',''
  ) );
#5615 = PCURVE('',#5604,#5616);
#5616 = DEFINITIONAL_REPRESENTATION('',(#5617),#5621);
#5617 = LINE('',#5618,#5619);
#5618 = CARTESIAN_POINT('',(-6.28318530718,0.));
#5619 = VECTOR('',#5620,1.);
#5620 = DIRECTION('',(-0.,-1.));
#5621 = ( GEOMETRIC_REPRESENTATION_CONTEXT(2) 
PARAMETRIC_REPRESENTATION_CONTEXT() REPRESENTATION_CONTEXT('2D SPACE',''
  ) );
#5622 = ORIENTED_EDGE('',*,*,#5623,.T.);
#5623 = EDGE_CURVE('',#5596,#5596,#5624,.T.);
#5624 = SURFACE_CURVE('',#5625,(#5630,#5637),.PCURVE_S1.);
#5625 = CIRCLE('',#5626,1.3);
#5626 = AXIS2_PLACEMENT_3D('',#5627,#5628,#5629);
#5627 = CARTESIAN_POINT('',(95.764617092752,71.7,56.6));
#5628 = DIRECTION('',(0.,1.,-0.));
#5629 = DIRECTION('',(-1.,0.,0.));
#5630 = PCURVE('',#5604,#5631);
#5631 = DEFINITIONAL_REPRESENTATION('',(#5632),#5636);
#5632 = LINE('',#5633,#5634);
#5633 = CARTESIAN_POINT('',(-0.,-3.));
#5634 = VECTOR('',#5635,1.);
#5635 = DIRECTION('',(-1.,0.));
#5636 = ( GEOMETRIC_REPRESENTATION_CONTEXT(2) 
PARAMETRIC_REPRESENTATION_CONTEXT() REPRESENTATION_CONTEXT('2D SPACE',''
  ) );
#5637 = PCURVE('',#72,#5638);
#5638 = DEFINITIONAL_REPRESENTATION('',(#5639),#5643);
#5639 = CIRCLE('',#5640,1.3);
#5640 = AXIS2_PLACEMENT_2D('',#5641,#5642);
#5641 = CARTESIAN_POINT('',(-5.764617092752,-29.15));
#5642 = DIRECTION('',(1.,0.));
#5643 = ( GEOMETRIC_REPRESENTATION_CONTEXT(2) 
PARAMETRIC_REPRESENTATION_CONTEXT() REPRESENTATION_CONTEXT('2D SPACE',''
  ) );
#5644 = ORIENTED_EDGE('',*,*,#5593,.F.);
#5645 = ORIENTED_EDGE('',*,*,#5646,.F.);
#5646 = EDGE_CURVE('',#5594,#5594,#5647,.T.);
#5647 = SURFACE_CURVE('',#5648,(#5653,#5660),.PCURVE_S1.);
#5648 = CIRCLE('',#5649,1.3);
#5649 = AXIS2_PLACEMENT_3D('',#5650,#5651,#5652);
#5650 = CARTESIAN_POINT('',(95.764617092752,68.7,56.6));
#5651 = DIRECTION('',(0.,1.,-0.));
#5652 = DIRECTION('',(-1.,0.,0.));
#5653 = PCURVE('',#5604,#5654);
#5654 = DEFINITIONAL_REPRESENTATION('',(#5655),#5659);
#5655 = LINE('',#5656,#5657);
#5656 = CARTESIAN_POINT('',(-0.,0.));
#5657 = VECTOR('',#5658,1.);
#5658 = DIRECTION('',(-1.,0.));
#5659 = ( GEOMETRIC_REPRESENTATION_CONTEXT(2) 
PARAMETRIC_REPRESENTATION_CONTEXT() REPRESENTATION_CONTEXT('2D SPACE',''
  ) );
#5660 = PCURVE('',#126,#5661);
#5661 = DEFINITIONAL_REPRESENTATION('',(#5662),#5666);
#5662 = CIRCLE('',#5663,1.3);
#5663 = AXIS2_PLACEMENT_2D('',#5664,#5665);
#5664 = CARTESIAN_POINT('',(-5.764617092752,-29.15));
#5665 = DIRECTION('',(1.,0.));
#5666 = ( GEOMETRIC_REPRESENTATION_CONTEXT(2) 
PARAMETRIC_REPRESENTATION_CONTEXT() REPRESENTATION_CONTEXT('2D SPACE',''
  ) );
#5667 = ADVANCED_FACE('',(#5668),#5682,.F.);
#5668 = FACE_BOUND('',#5669,.T.);
#5669 = EDGE_LOOP('',(#5670,#5700,#5722,#5723));
#5670 = ORIENTED_EDGE('',*,*,#5671,.T.);
#5671 = EDGE_CURVE('',#5672,#5674,#5676,.T.);
#5672 = VERTEX_POINT('',#5673);
#5673 = CARTESIAN_POINT('',(98.621539030917,68.7,59.));
#5674 = VERTEX_POINT('',#5675);
#5675 = CARTESIAN_POINT('',(98.621539030917,71.7,59.));
#5676 = SEAM_CURVE('',#5677,(#5681,#5693),.PCURVE_S1.);
#5677 = LINE('',#5678,#5679);
#5678 = CARTESIAN_POINT('',(98.621539030917,68.7,59.));
#5679 = VECTOR('',#5680,1.);
#5680 = DIRECTION('',(0.,1.,-0.));
#5681 = PCURVE('',#5682,#5687);
#5682 = CYLINDRICAL_SURFACE('',#5683,1.3);
#5683 = AXIS2_PLACEMENT_3D('',#5684,#5685,#5686);
#5684 = CARTESIAN_POINT('',(99.921539030917,68.7,59.));
#5685 = DIRECTION('',(-0.,-1.,0.));
#5686 = DIRECTION('',(-1.,0.,0.));
#5687 = DEFINITIONAL_REPRESENTATION('',(#5688),#5692);
#5688 = LINE('',#5689,#5690);
#5689 = CARTESIAN_POINT('',(-0.,0.));
#5690 = VECTOR('',#5691,1.);
#5691 = DIRECTION('',(-0.,-1.));
#5692 = ( GEOMETRIC_REPRESENTATION_CONTEXT(2) 
PARAMETRIC_REPRESENTATION_CONTEXT() REPRESENTATION_CONTEXT('2D SPACE',''
  ) );
#5693 = PCURVE('',#5682,#5694);
#5694 = DEFINITIONAL_REPRESENTATION('',(#5695),#5699);
#5695 = LINE('',#5696,#5697);
#5696 = CARTESIAN_POINT('',(-6.28318530718,0.));
#5697 = VECTOR('',#5698,1.);
#5698 = DIRECTION('',(-0.,-1.));
#5699 = ( GEOMETRIC_REPRESENTATION_CONTEXT(2) 
PARAMETRIC_REPRESENTATION_CONTEXT() REPRESENTATION_CONTEXT('2D SPACE',''
  ) );
#5700 = ORIENTED_EDGE('',*,*,#5701,.T.);
#5701 = EDGE_CURVE('',#5674,#5674,#5702,.T.);
#5702 = SURFACE_CURVE('',#5703,(#5708,#5715),.PCURVE_S1.);
#5703 = CIRCLE('',#5704,1.3);
#5704 = AXIS2_PLACEMENT_3D('',#5705,#5706,#5707);
#5705 = CARTESIAN_POINT('',(99.921539030917,71.7,59.));
#5706 = DIRECTION('',(0.,1.,-0.));
#5707 = DIRECTION('',(-1.,0.,0.));
#5708 = PCURVE('',#5682,#5709);
#5709 = DEFINITIONAL_REPRESENTATION('',(#5710),#5714);
#5710 = LINE('',#5711,#5712);
#5711 = CARTESIAN_POINT('',(-0.,-3.));
#5712 = VECTOR('',#5713,1.);
#5713 = DIRECTION('',(-1.,0.));
#5714 = ( GEOMETRIC_REPRESENTATION_CONTEXT(2) 
PARAMETRIC_REPRESENTATION_CONTEXT() REPRESENTATION_CONTEXT('2D SPACE',''
  ) );
#5715 = PCURVE('',#72,#5716);
#5716 = DEFINITIONAL_REPRESENTATION('',(#5717),#5721);
#5717 = CIRCLE('',#5718,1.3);
#5718 = AXIS2_PLACEMENT_2D('',#5719,#5720);
#5719 = CARTESIAN_POINT('',(-9.921539030917,-26.75));
#5720 = DIRECTION('',(1.,0.));
#5721 = ( GEOMETRIC_REPRESENTATION_CONTEXT(2) 
PARAMETRIC_REPRESENTATION_CONTEXT() REPRESENTATION_CONTEXT('2D SPACE',''
  ) );
#5722 = ORIENTED_EDGE('',*,*,#5671,.F.);
#5723 = ORIENTED_EDGE('',*,*,#5724,.F.);
#5724 = EDGE_CURVE('',#5672,#5672,#5725,.T.);
#5725 = SURFACE_CURVE('',#5726,(#5731,#5738),.PCURVE_S1.);
#5726 = CIRCLE('',#5727,1.3);
#5727 = AXIS2_PLACEMENT_3D('',#5728,#5729,#5730);
#5728 = CARTESIAN_POINT('',(99.921539030917,68.7,59.));
#5729 = DIRECTION('',(0.,1.,-0.));
#5730 = DIRECTION('',(-1.,0.,0.));
#5731 = PCURVE('',#5682,#5732);
#5732 = DEFINITIONAL_REPRESENTATION('',(#5733),#5737);
#5733 = LINE('',#5734,#5735);
#5734 = CARTESIAN_POINT('',(-0.,0.));
#5735 = VECTOR('',#5736,1.);
#5736 = DIRECTION('',(-1.,0.));
#5737 = ( GEOMETRIC_REPRESENTATION_CONTEXT(2) 
PARAMETRIC_REPRESENTATION_CONTEXT() REPRESENTATION_CONTEXT('2D SPACE',''
  ) );
#5738 = PCURVE('',#126,#5739);
#5739 = DEFINITIONAL_REPRESENTATION('',(#5740),#5744);
#5740 = CIRCLE('',#5741,1.3);
#5741 = AXIS2_PLACEMENT_2D('',#5742,#5743);
#5742 = CARTESIAN_POINT('',(-9.921539030917,-26.75));
#5743 = DIRECTION('',(1.,0.));
#5744 = ( GEOMETRIC_REPRESENTATION_CONTEXT(2) 
PARAMETRIC_REPRESENTATION_CONTEXT() REPRESENTATION_CONTEXT('2D SPACE',''
  ) );
#5745 = ADVANCED_FACE('',(#5746),#5760,.F.);
#5746 = FACE_BOUND('',#5747,.T.);
#5747 = EDGE_LOOP('',(#5748,#5778,#5800,#5801));
#5748 = ORIENTED_EDGE('',*,*,#5749,.T.);
#5749 = EDGE_CURVE('',#5750,#5752,#5754,.T.);
#5750 = VERTEX_POINT('',#5751);
#5751 = CARTESIAN_POINT('',(90.307695154587,68.7,59.));
#5752 = VERTEX_POINT('',#5753);
#5753 = CARTESIAN_POINT('',(90.307695154587,71.7,59.));
#5754 = SEAM_CURVE('',#5755,(#5759,#5771),.PCURVE_S1.);
#5755 = LINE('',#5756,#5757);
#5756 = CARTESIAN_POINT('',(90.307695154587,68.7,59.));
#5757 = VECTOR('',#5758,1.);
#5758 = DIRECTION('',(0.,1.,-0.));
#5759 = PCURVE('',#5760,#5765);
#5760 = CYLINDRICAL_SURFACE('',#5761,1.3);
#5761 = AXIS2_PLACEMENT_3D('',#5762,#5763,#5764);
#5762 = CARTESIAN_POINT('',(91.607695154587,68.7,59.));
#5763 = DIRECTION('',(-0.,-1.,0.));
#5764 = DIRECTION('',(-1.,0.,0.));
#5765 = DEFINITIONAL_REPRESENTATION('',(#5766),#5770);
#5766 = LINE('',#5767,#5768);
#5767 = CARTESIAN_POINT('',(-0.,0.));
#5768 = VECTOR('',#5769,1.);
#5769 = DIRECTION('',(-0.,-1.));
#5770 = ( GEOMETRIC_REPRESENTATION_CONTEXT(2) 
PARAMETRIC_REPRESENTATION_CONTEXT() REPRESENTATION_CONTEXT('2D SPACE',''
  ) );
#5771 = PCURVE('',#5760,#5772);
#5772 = DEFINITIONAL_REPRESENTATION('',(#5773),#5777);
#5773 = LINE('',#5774,#5775);
#5774 = CARTESIAN_POINT('',(-6.28318530718,0.));
#5775 = VECTOR('',#5776,1.);
#5776 = DIRECTION('',(-0.,-1.));
#5777 = ( GEOMETRIC_REPRESENTATION_CONTEXT(2) 
PARAMETRIC_REPRESENTATION_CONTEXT() REPRESENTATION_CONTEXT('2D SPACE',''
  ) );
#5778 = ORIENTED_EDGE('',*,*,#5779,.T.);
#5779 = EDGE_CURVE('',#5752,#5752,#5780,.T.);
#5780 = SURFACE_CURVE('',#5781,(#5786,#5793),.PCURVE_S1.);
#5781 = CIRCLE('',#5782,1.3);
#5782 = AXIS2_PLACEMENT_3D('',#5783,#5784,#5785);
#5783 = CARTESIAN_POINT('',(91.607695154587,71.7,59.));
#5784 = DIRECTION('',(0.,1.,-0.));
#5785 = DIRECTION('',(-1.,0.,0.));
#5786 = PCURVE('',#5760,#5787);
#5787 = DEFINITIONAL_REPRESENTATION('',(#5788),#5792);
#5788 = LINE('',#5789,#5790);
#5789 = CARTESIAN_POINT('',(-0.,-3.));
#5790 = VECTOR('',#5791,1.);
#5791 = DIRECTION('',(-1.,0.));
#5792 = ( GEOMETRIC_REPRESENTATION_CONTEXT(2) 
PARAMETRIC_REPRESENTATION_CONTEXT() REPRESENTATION_CONTEXT('2D SPACE',''
  ) );
#5793 = PCURVE('',#72,#5794);
#5794 = DEFINITIONAL_REPRESENTATION('',(#5795),#5799);
#5795 = CIRCLE('',#5796,1.3);
#5796 = AXIS2_PLACEMENT_2D('',#5797,#5798);
#5797 = CARTESIAN_POINT('',(-1.607695154587,-26.75));
#5798 = DIRECTION('',(1.,0.));
#5799 = ( GEOMETRIC_REPRESENTATION_CONTEXT(2) 
PARAMETRIC_REPRESENTATION_CONTEXT() REPRESENTATION_CONTEXT('2D SPACE',''
  ) );
#5800 = ORIENTED_EDGE('',*,*,#5749,.F.);
#5801 = ORIENTED_EDGE('',*,*,#5802,.F.);
#5802 = EDGE_CURVE('',#5750,#5750,#5803,.T.);
#5803 = SURFACE_CURVE('',#5804,(#5809,#5816),.PCURVE_S1.);
#5804 = CIRCLE('',#5805,1.3);
#5805 = AXIS2_PLACEMENT_3D('',#5806,#5807,#5808);
#5806 = CARTESIAN_POINT('',(91.607695154587,68.7,59.));
#5807 = DIRECTION('',(0.,1.,-0.));
#5808 = DIRECTION('',(-1.,0.,0.));
#5809 = PCURVE('',#5760,#5810);
#5810 = DEFINITIONAL_REPRESENTATION('',(#5811),#5815);
#5811 = LINE('',#5812,#5813);
#5812 = CARTESIAN_POINT('',(-0.,0.));
#5813 = VECTOR('',#5814,1.);
#5814 = DIRECTION('',(-1.,0.));
#5815 = ( GEOMETRIC_REPRESENTATION_CONTEXT(2) 
PARAMETRIC_REPRESENTATION_CONTEXT() REPRESENTATION_CONTEXT('2D SPACE',''
  ) );
#5816 = PCURVE('',#126,#5817);
#5817 = DEFINITIONAL_REPRESENTATION('',(#5818),#5822);
#5818 = CIRCLE('',#5819,1.3);
#5819 = AXIS2_PLACEMENT_2D('',#5820,#5821);
#5820 = CARTESIAN_POINT('',(-1.607695154587,-26.75));
#5821 = DIRECTION('',(1.,0.));
#5822 = ( GEOMETRIC_REPRESENTATION_CONTEXT(2) 
PARAMETRIC_REPRESENTATION_CONTEXT() REPRESENTATION_CONTEXT('2D SPACE',''
  ) );
#5823 = ADVANCED_FACE('',(#5824),#5838,.F.);
#5824 = FACE_BOUND('',#5825,.T.);
#5825 = EDGE_LOOP('',(#5826,#5856,#5878,#5879));
#5826 = ORIENTED_EDGE('',*,*,#5827,.T.);
#5827 = EDGE_CURVE('',#5828,#5830,#5832,.T.);
#5828 = VERTEX_POINT('',#5829);
#5829 = CARTESIAN_POINT('',(128.15,68.7,68.5));
#5830 = VERTEX_POINT('',#5831);
#5831 = CARTESIAN_POINT('',(128.15,71.7,68.5));
#5832 = SEAM_CURVE('',#5833,(#5837,#5849),.PCURVE_S1.);
#5833 = LINE('',#5834,#5835);
#5834 = CARTESIAN_POINT('',(128.15,68.7,68.5));
#5835 = VECTOR('',#5836,1.);
#5836 = DIRECTION('',(0.,1.,-0.));
#5837 = PCURVE('',#5838,#5843);
#5838 = CYLINDRICAL_SURFACE('',#5839,1.35);
#5839 = AXIS2_PLACEMENT_3D('',#5840,#5841,#5842);
#5840 = CARTESIAN_POINT('',(129.5,68.7,68.5));
#5841 = DIRECTION('',(-0.,-1.,0.));
#5842 = DIRECTION('',(-1.,0.,0.));
#5843 = DEFINITIONAL_REPRESENTATION('',(#5844),#5848);
#5844 = LINE('',#5845,#5846);
#5845 = CARTESIAN_POINT('',(-0.,0.));
#5846 = VECTOR('',#5847,1.);
#5847 = DIRECTION('',(-0.,-1.));
#5848 = ( GEOMETRIC_REPRESENTATION_CONTEXT(2) 
PARAMETRIC_REPRESENTATION_CONTEXT() REPRESENTATION_CONTEXT('2D SPACE',''
  ) );
#5849 = PCURVE('',#5838,#5850);
#5850 = DEFINITIONAL_REPRESENTATION('',(#5851),#5855);
#5851 = LINE('',#5852,#5853);
#5852 = CARTESIAN_POINT('',(-6.28318530718,0.));
#5853 = VECTOR('',#5854,1.);
#5854 = DIRECTION('',(-0.,-1.));
#5855 = ( GEOMETRIC_REPRESENTATION_CONTEXT(2) 
PARAMETRIC_REPRESENTATION_CONTEXT() REPRESENTATION_CONTEXT('2D SPACE',''
  ) );
#5856 = ORIENTED_EDGE('',*,*,#5857,.T.);
#5857 = EDGE_CURVE('',#5830,#5830,#5858,.T.);
#5858 = SURFACE_CURVE('',#5859,(#5864,#5871),.PCURVE_S1.);
#5859 = CIRCLE('',#5860,1.35);
#5860 = AXIS2_PLACEMENT_3D('',#5861,#5862,#5863);
#5861 = CARTESIAN_POINT('',(129.5,71.7,68.5));
#5862 = DIRECTION('',(0.,1.,-0.));
#5863 = DIRECTION('',(-1.,0.,0.));
#5864 = PCURVE('',#5838,#5865);
#5865 = DEFINITIONAL_REPRESENTATION('',(#5866),#5870);
#5866 = LINE('',#5867,#5868);
#5867 = CARTESIAN_POINT('',(-0.,-3.));
#5868 = VECTOR('',#5869,1.);
#5869 = DIRECTION('',(-1.,0.));
#5870 = ( GEOMETRIC_REPRESENTATION_CONTEXT(2) 
PARAMETRIC_REPRESENTATION_CONTEXT() REPRESENTATION_CONTEXT('2D SPACE',''
  ) );
#5871 = PCURVE('',#72,#5872);
#5872 = DEFINITIONAL_REPRESENTATION('',(#5873),#5877);
#5873 = CIRCLE('',#5874,1.35);
#5874 = AXIS2_PLACEMENT_2D('',#5875,#5876);
#5875 = CARTESIAN_POINT('',(-39.5,-17.25));
#5876 = DIRECTION('',(1.,0.));
#5877 = ( GEOMETRIC_REPRESENTATION_CONTEXT(2) 
PARAMETRIC_REPRESENTATION_CONTEXT() REPRESENTATION_CONTEXT('2D SPACE',''
  ) );
#5878 = ORIENTED_EDGE('',*,*,#5827,.F.);
#5879 = ORIENTED_EDGE('',*,*,#5880,.F.);
#5880 = EDGE_CURVE('',#5828,#5828,#5881,.T.);
#5881 = SURFACE_CURVE('',#5882,(#5887,#5894),.PCURVE_S1.);
#5882 = CIRCLE('',#5883,1.35);
#5883 = AXIS2_PLACEMENT_3D('',#5884,#5885,#5886);
#5884 = CARTESIAN_POINT('',(129.5,68.7,68.5));
#5885 = DIRECTION('',(0.,1.,-0.));
#5886 = DIRECTION('',(-1.,0.,0.));
#5887 = PCURVE('',#5838,#5888);
#5888 = DEFINITIONAL_REPRESENTATION('',(#5889),#5893);
#5889 = LINE('',#5890,#5891);
#5890 = CARTESIAN_POINT('',(-0.,0.));
#5891 = VECTOR('',#5892,1.);
#5892 = DIRECTION('',(-1.,0.));
#5893 = ( GEOMETRIC_REPRESENTATION_CONTEXT(2) 
PARAMETRIC_REPRESENTATION_CONTEXT() REPRESENTATION_CONTEXT('2D SPACE',''
  ) );
#5894 = PCURVE('',#126,#5895);
#5895 = DEFINITIONAL_REPRESENTATION('',(#5896),#5900);
#5896 = CIRCLE('',#5897,1.35);
#5897 = AXIS2_PLACEMENT_2D('',#5898,#5899);
#5898 = CARTESIAN_POINT('',(-39.5,-17.25));
#5899 = DIRECTION('',(1.,0.));
#5900 = ( GEOMETRIC_REPRESENTATION_CONTEXT(2) 
PARAMETRIC_REPRESENTATION_CONTEXT() REPRESENTATION_CONTEXT('2D SPACE',''
  ) );
#5901 = ADVANCED_FACE('',(#5902),#5916,.F.);
#5902 = FACE_BOUND('',#5903,.T.);
#5903 = EDGE_LOOP('',(#5904,#5934,#5956,#5957));
#5904 = ORIENTED_EDGE('',*,*,#5905,.T.);
#5905 = EDGE_CURVE('',#5906,#5908,#5910,.T.);
#5906 = VERTEX_POINT('',#5907);
#5907 = CARTESIAN_POINT('',(128.15,68.7,82.5));
#5908 = VERTEX_POINT('',#5909);
#5909 = CARTESIAN_POINT('',(128.15,71.7,82.5));
#5910 = SEAM_CURVE('',#5911,(#5915,#5927),.PCURVE_S1.);
#5911 = LINE('',#5912,#5913);
#5912 = CARTESIAN_POINT('',(128.15,68.7,82.5));
#5913 = VECTOR('',#5914,1.);
#5914 = DIRECTION('',(0.,1.,-0.));
#5915 = PCURVE('',#5916,#5921);
#5916 = CYLINDRICAL_SURFACE('',#5917,1.35);
#5917 = AXIS2_PLACEMENT_3D('',#5918,#5919,#5920);
#5918 = CARTESIAN_POINT('',(129.5,68.7,82.5));
#5919 = DIRECTION('',(-0.,-1.,0.));
#5920 = DIRECTION('',(-1.,0.,0.));
#5921 = DEFINITIONAL_REPRESENTATION('',(#5922),#5926);
#5922 = LINE('',#5923,#5924);
#5923 = CARTESIAN_POINT('',(-0.,0.));
#5924 = VECTOR('',#5925,1.);
#5925 = DIRECTION('',(-0.,-1.));
#5926 = ( GEOMETRIC_REPRESENTATION_CONTEXT(2) 
PARAMETRIC_REPRESENTATION_CONTEXT() REPRESENTATION_CONTEXT('2D SPACE',''
  ) );
#5927 = PCURVE('',#5916,#5928);
#5928 = DEFINITIONAL_REPRESENTATION('',(#5929),#5933);
#5929 = LINE('',#5930,#5931);
#5930 = CARTESIAN_POINT('',(-6.28318530718,0.));
#5931 = VECTOR('',#5932,1.);
#5932 = DIRECTION('',(-0.,-1.));
#5933 = ( GEOMETRIC_REPRESENTATION_CONTEXT(2) 
PARAMETRIC_REPRESENTATION_CONTEXT() REPRESENTATION_CONTEXT('2D SPACE',''
  ) );
#5934 = ORIENTED_EDGE('',*,*,#5935,.T.);
#5935 = EDGE_CURVE('',#5908,#5908,#5936,.T.);
#5936 = SURFACE_CURVE('',#5937,(#5942,#5949),.PCURVE_S1.);
#5937 = CIRCLE('',#5938,1.35);
#5938 = AXIS2_PLACEMENT_3D('',#5939,#5940,#5941);
#5939 = CARTESIAN_POINT('',(129.5,71.7,82.5));
#5940 = DIRECTION('',(0.,1.,-0.));
#5941 = DIRECTION('',(-1.,0.,0.));
#5942 = PCURVE('',#5916,#5943);
#5943 = DEFINITIONAL_REPRESENTATION('',(#5944),#5948);
#5944 = LINE('',#5945,#5946);
#5945 = CARTESIAN_POINT('',(-0.,-3.));
#5946 = VECTOR('',#5947,1.);
#5947 = DIRECTION('',(-1.,0.));
#5948 = ( GEOMETRIC_REPRESENTATION_CONTEXT(2) 
PARAMETRIC_REPRESENTATION_CONTEXT() REPRESENTATION_CONTEXT('2D SPACE',''
  ) );
#5949 = PCURVE('',#72,#5950);
#5950 = DEFINITIONAL_REPRESENTATION('',(#5951),#5955);
#5951 = CIRCLE('',#5952,1.35);
#5952 = AXIS2_PLACEMENT_2D('',#5953,#5954);
#5953 = CARTESIAN_POINT('',(-39.5,-3.25));
#5954 = DIRECTION('',(1.,0.));
#5955 = ( GEOMETRIC_REPRESENTATION_CONTEXT(2) 
PARAMETRIC_REPRESENTATION_CONTEXT() REPRESENTATION_CONTEXT('2D SPACE',''
  ) );
#5956 = ORIENTED_EDGE('',*,*,#5905,.F.);
#5957 = ORIENTED_EDGE('',*,*,#5958,.F.);
#5958 = EDGE_CURVE('',#5906,#5906,#5959,.T.);
#5959 = SURFACE_CURVE('',#5960,(#5965,#5972),.PCURVE_S1.);
#5960 = CIRCLE('',#5961,1.35);
#5961 = AXIS2_PLACEMENT_3D('',#5962,#5963,#5964);
#5962 = CARTESIAN_POINT('',(129.5,68.7,82.5));
#5963 = DIRECTION('',(0.,1.,-0.));
#5964 = DIRECTION('',(-1.,0.,0.));
#5965 = PCURVE('',#5916,#5966);
#5966 = DEFINITIONAL_REPRESENTATION('',(#5967),#5971);
#5967 = LINE('',#5968,#5969);
#5968 = CARTESIAN_POINT('',(-0.,0.));
#5969 = VECTOR('',#5970,1.);
#5970 = DIRECTION('',(-1.,0.));
#5971 = ( GEOMETRIC_REPRESENTATION_CONTEXT(2) 
PARAMETRIC_REPRESENTATION_CONTEXT() REPRESENTATION_CONTEXT('2D SPACE',''
  ) );
#5972 = PCURVE('',#126,#5973);
#5973 = DEFINITIONAL_REPRESENTATION('',(#5974),#5978);
#5974 = CIRCLE('',#5975,1.35);
#5975 = AXIS2_PLACEMENT_2D('',#5976,#5977);
#5976 = CARTESIAN_POINT('',(-39.5,-3.25));
#5977 = DIRECTION('',(1.,0.));
#5978 = ( GEOMETRIC_REPRESENTATION_CONTEXT(2) 
PARAMETRIC_REPRESENTATION_CONTEXT() REPRESENTATION_CONTEXT('2D SPACE',''
  ) );
#5979 = ADVANCED_FACE('',(#5980),#5994,.F.);
#5980 = FACE_BOUND('',#5981,.T.);
#5981 = EDGE_LOOP('',(#5982,#6012,#6034,#6035));
#5982 = ORIENTED_EDGE('',*,*,#5983,.T.);
#5983 = EDGE_CURVE('',#5984,#5986,#5988,.T.);
#5984 = VERTEX_POINT('',#5985);
#5985 = CARTESIAN_POINT('',(86.150773216421,68.7,23.));
#5986 = VERTEX_POINT('',#5987);
#5987 = CARTESIAN_POINT('',(86.150773216421,71.7,23.));
#5988 = SEAM_CURVE('',#5989,(#5993,#6005),.PCURVE_S1.);
#5989 = LINE('',#5990,#5991);
#5990 = CARTESIAN_POINT('',(86.150773216421,68.7,23.));
#5991 = VECTOR('',#5992,1.);
#5992 = DIRECTION('',(0.,1.,-0.));
#5993 = PCURVE('',#5994,#5999);
#5994 = CYLINDRICAL_SURFACE('',#5995,1.3);
#5995 = AXIS2_PLACEMENT_3D('',#5996,#5997,#5998);
#5996 = CARTESIAN_POINT('',(87.450773216421,68.7,23.));
#5997 = DIRECTION('',(-0.,-1.,0.));
#5998 = DIRECTION('',(-1.,0.,0.));
#5999 = DEFINITIONAL_REPRESENTATION('',(#6000),#6004);
#6000 = LINE('',#6001,#6002);
#6001 = CARTESIAN_POINT('',(-0.,0.));
#6002 = VECTOR('',#6003,1.);
#6003 = DIRECTION('',(-0.,-1.));
#6004 = ( GEOMETRIC_REPRESENTATION_CONTEXT(2) 
PARAMETRIC_REPRESENTATION_CONTEXT() REPRESENTATION_CONTEXT('2D SPACE',''
  ) );
#6005 = PCURVE('',#5994,#6006);
#6006 = DEFINITIONAL_REPRESENTATION('',(#6007),#6011);
#6007 = LINE('',#6008,#6009);
#6008 = CARTESIAN_POINT('',(-6.28318530718,0.));
#6009 = VECTOR('',#6010,1.);
#6010 = DIRECTION('',(-0.,-1.));
#6011 = ( GEOMETRIC_REPRESENTATION_CONTEXT(2) 
PARAMETRIC_REPRESENTATION_CONTEXT() REPRESENTATION_CONTEXT('2D SPACE',''
  ) );
#6012 = ORIENTED_EDGE('',*,*,#6013,.T.);
#6013 = EDGE_CURVE('',#5986,#5986,#6014,.T.);
#6014 = SURFACE_CURVE('',#6015,(#6020,#6027),.PCURVE_S1.);
#6015 = CIRCLE('',#6016,1.3);
#6016 = AXIS2_PLACEMENT_3D('',#6017,#6018,#6019);
#6017 = CARTESIAN_POINT('',(87.450773216421,71.7,23.));
#6018 = DIRECTION('',(0.,1.,-0.));
#6019 = DIRECTION('',(-1.,0.,0.));
#6020 = PCURVE('',#5994,#6021);
#6021 = DEFINITIONAL_REPRESENTATION('',(#6022),#6026);
#6022 = LINE('',#6023,#6024);
#6023 = CARTESIAN_POINT('',(-0.,-3.));
#6024 = VECTOR('',#6025,1.);
#6025 = DIRECTION('',(-1.,0.));
#6026 = ( GEOMETRIC_REPRESENTATION_CONTEXT(2) 
PARAMETRIC_REPRESENTATION_CONTEXT() REPRESENTATION_CONTEXT('2D SPACE',''
  ) );
#6027 = PCURVE('',#72,#6028);
#6028 = DEFINITIONAL_REPRESENTATION('',(#6029),#6033);
#6029 = CIRCLE('',#6030,1.3);
#6030 = AXIS2_PLACEMENT_2D('',#6031,#6032);
#6031 = CARTESIAN_POINT('',(2.549226783579,-62.75));
#6032 = DIRECTION('',(1.,0.));
#6033 = ( GEOMETRIC_REPRESENTATION_CONTEXT(2) 
PARAMETRIC_REPRESENTATION_CONTEXT() REPRESENTATION_CONTEXT('2D SPACE',''
  ) );
#6034 = ORIENTED_EDGE('',*,*,#5983,.F.);
#6035 = ORIENTED_EDGE('',*,*,#6036,.F.);
#6036 = EDGE_CURVE('',#5984,#5984,#6037,.T.);
#6037 = SURFACE_CURVE('',#6038,(#6043,#6050),.PCURVE_S1.);
#6038 = CIRCLE('',#6039,1.3);
#6039 = AXIS2_PLACEMENT_3D('',#6040,#6041,#6042);
#6040 = CARTESIAN_POINT('',(87.450773216421,68.7,23.));
#6041 = DIRECTION('',(0.,1.,-0.));
#6042 = DIRECTION('',(-1.,0.,0.));
#6043 = PCURVE('',#5994,#6044);
#6044 = DEFINITIONAL_REPRESENTATION('',(#6045),#6049);
#6045 = LINE('',#6046,#6047);
#6046 = CARTESIAN_POINT('',(-0.,0.));
#6047 = VECTOR('',#6048,1.);
#6048 = DIRECTION('',(-1.,0.));
#6049 = ( GEOMETRIC_REPRESENTATION_CONTEXT(2) 
PARAMETRIC_REPRESENTATION_CONTEXT() REPRESENTATION_CONTEXT('2D SPACE',''
  ) );
#6050 = PCURVE('',#126,#6051);
#6051 = DEFINITIONAL_REPRESENTATION('',(#6052),#6056);
#6052 = CIRCLE('',#6053,1.3);
#6053 = AXIS2_PLACEMENT_2D('',#6054,#6055);
#6054 = CARTESIAN_POINT('',(2.549226783579,-62.75));
#6055 = DIRECTION('',(1.,0.));
#6056 = ( GEOMETRIC_REPRESENTATION_CONTEXT(2) 
PARAMETRIC_REPRESENTATION_CONTEXT() REPRESENTATION_CONTEXT('2D SPACE',''
  ) );
#6057 = ADVANCED_FACE('',(#6058),#6072,.F.);
#6058 = FACE_BOUND('',#6059,.T.);
#6059 = EDGE_LOOP('',(#6060,#6090,#6112,#6113));
#6060 = ORIENTED_EDGE('',*,*,#6061,.T.);
#6061 = EDGE_CURVE('',#6062,#6064,#6066,.T.);
#6062 = VERTEX_POINT('',#6063);
#6063 = CARTESIAN_POINT('',(81.993851278256,68.7,25.4));
#6064 = VERTEX_POINT('',#6065);
#6065 = CARTESIAN_POINT('',(81.993851278256,71.7,25.4));
#6066 = SEAM_CURVE('',#6067,(#6071,#6083),.PCURVE_S1.);
#6067 = LINE('',#6068,#6069);
#6068 = CARTESIAN_POINT('',(81.993851278256,68.7,25.4));
#6069 = VECTOR('',#6070,1.);
#6070 = DIRECTION('',(0.,1.,-0.));
#6071 = PCURVE('',#6072,#6077);
#6072 = CYLINDRICAL_SURFACE('',#6073,1.3);
#6073 = AXIS2_PLACEMENT_3D('',#6074,#6075,#6076);
#6074 = CARTESIAN_POINT('',(83.293851278256,68.7,25.4));
#6075 = DIRECTION('',(-0.,-1.,0.));
#6076 = DIRECTION('',(-1.,0.,0.));
#6077 = DEFINITIONAL_REPRESENTATION('',(#6078),#6082);
#6078 = LINE('',#6079,#6080);
#6079 = CARTESIAN_POINT('',(-0.,0.));
#6080 = VECTOR('',#6081,1.);
#6081 = DIRECTION('',(-0.,-1.));
#6082 = ( GEOMETRIC_REPRESENTATION_CONTEXT(2) 
PARAMETRIC_REPRESENTATION_CONTEXT() REPRESENTATION_CONTEXT('2D SPACE',''
  ) );
#6083 = PCURVE('',#6072,#6084);
#6084 = DEFINITIONAL_REPRESENTATION('',(#6085),#6089);
#6085 = LINE('',#6086,#6087);
#6086 = CARTESIAN_POINT('',(-6.28318530718,0.));
#6087 = VECTOR('',#6088,1.);
#6088 = DIRECTION('',(-0.,-1.));
#6089 = ( GEOMETRIC_REPRESENTATION_CONTEXT(2) 
PARAMETRIC_REPRESENTATION_CONTEXT() REPRESENTATION_CONTEXT('2D SPACE',''
  ) );
#6090 = ORIENTED_EDGE('',*,*,#6091,.T.);
#6091 = EDGE_CURVE('',#6064,#6064,#6092,.T.);
#6092 = SURFACE_CURVE('',#6093,(#6098,#6105),.PCURVE_S1.);
#6093 = CIRCLE('',#6094,1.3);
#6094 = AXIS2_PLACEMENT_3D('',#6095,#6096,#6097);
#6095 = CARTESIAN_POINT('',(83.293851278256,71.7,25.4));
#6096 = DIRECTION('',(0.,1.,-0.));
#6097 = DIRECTION('',(-1.,0.,0.));
#6098 = PCURVE('',#6072,#6099);
#6099 = DEFINITIONAL_REPRESENTATION('',(#6100),#6104);
#6100 = LINE('',#6101,#6102);
#6101 = CARTESIAN_POINT('',(-0.,-3.));
#6102 = VECTOR('',#6103,1.);
#6103 = DIRECTION('',(-1.,0.));
#6104 = ( GEOMETRIC_REPRESENTATION_CONTEXT(2) 
PARAMETRIC_REPRESENTATION_CONTEXT() REPRESENTATION_CONTEXT('2D SPACE',''
  ) );
#6105 = PCURVE('',#72,#6106);
#6106 = DEFINITIONAL_REPRESENTATION('',(#6107),#6111);
#6107 = CIRCLE('',#6108,1.3);
#6108 = AXIS2_PLACEMENT_2D('',#6109,#6110);
#6109 = CARTESIAN_POINT('',(6.706148721744,-60.35));
#6110 = DIRECTION('',(1.,0.));
#6111 = ( GEOMETRIC_REPRESENTATION_CONTEXT(2) 
PARAMETRIC_REPRESENTATION_CONTEXT() REPRESENTATION_CONTEXT('2D SPACE',''
  ) );
#6112 = ORIENTED_EDGE('',*,*,#6061,.F.);
#6113 = ORIENTED_EDGE('',*,*,#6114,.F.);
#6114 = EDGE_CURVE('',#6062,#6062,#6115,.T.);
#6115 = SURFACE_CURVE('',#6116,(#6121,#6128),.PCURVE_S1.);
#6116 = CIRCLE('',#6117,1.3);
#6117 = AXIS2_PLACEMENT_3D('',#6118,#6119,#6120);
#6118 = CARTESIAN_POINT('',(83.293851278256,68.7,25.4));
#6119 = DIRECTION('',(0.,1.,-0.));
#6120 = DIRECTION('',(-1.,0.,0.));
#6121 = PCURVE('',#6072,#6122);
#6122 = DEFINITIONAL_REPRESENTATION('',(#6123),#6127);
#6123 = LINE('',#6124,#6125);
#6124 = CARTESIAN_POINT('',(-0.,0.));
#6125 = VECTOR('',#6126,1.);
#6126 = DIRECTION('',(-1.,0.));
#6127 = ( GEOMETRIC_REPRESENTATION_CONTEXT(2) 
PARAMETRIC_REPRESENTATION_CONTEXT() REPRESENTATION_CONTEXT('2D SPACE',''
  ) );
#6128 = PCURVE('',#126,#6129);
#6129 = DEFINITIONAL_REPRESENTATION('',(#6130),#6134);
#6130 = CIRCLE('',#6131,1.3);
#6131 = AXIS2_PLACEMENT_2D('',#6132,#6133);
#6132 = CARTESIAN_POINT('',(6.706148721744,-60.35));
#6133 = DIRECTION('',(1.,0.));
#6134 = ( GEOMETRIC_REPRESENTATION_CONTEXT(2) 
PARAMETRIC_REPRESENTATION_CONTEXT() REPRESENTATION_CONTEXT('2D SPACE',''
  ) );
#6135 = ADVANCED_FACE('',(#6136),#6150,.F.);
#6136 = FACE_BOUND('',#6137,.T.);
#6137 = EDGE_LOOP('',(#6138,#6168,#6190,#6191));
#6138 = ORIENTED_EDGE('',*,*,#6139,.T.);
#6139 = EDGE_CURVE('',#6140,#6142,#6144,.T.);
#6140 = VERTEX_POINT('',#6141);
#6141 = CARTESIAN_POINT('',(70.15,68.7,19.5));
#6142 = VERTEX_POINT('',#6143);
#6143 = CARTESIAN_POINT('',(70.15,71.7,19.5));
#6144 = SEAM_CURVE('',#6145,(#6149,#6161),.PCURVE_S1.);
#6145 = LINE('',#6146,#6147);
#6146 = CARTESIAN_POINT('',(70.15,68.7,19.5));
#6147 = VECTOR('',#6148,1.);
#6148 = DIRECTION('',(0.,1.,-0.));
#6149 = PCURVE('',#6150,#6155);
#6150 = CYLINDRICAL_SURFACE('',#6151,1.35);
#6151 = AXIS2_PLACEMENT_3D('',#6152,#6153,#6154);
#6152 = CARTESIAN_POINT('',(71.5,68.7,19.5));
#6153 = DIRECTION('',(-0.,-1.,0.));
#6154 = DIRECTION('',(-1.,0.,0.));
#6155 = DEFINITIONAL_REPRESENTATION('',(#6156),#6160);
#6156 = LINE('',#6157,#6158);
#6157 = CARTESIAN_POINT('',(-0.,0.));
#6158 = VECTOR('',#6159,1.);
#6159 = DIRECTION('',(-0.,-1.));
#6160 = ( GEOMETRIC_REPRESENTATION_CONTEXT(2) 
PARAMETRIC_REPRESENTATION_CONTEXT() REPRESENTATION_CONTEXT('2D SPACE',''
  ) );
#6161 = PCURVE('',#6150,#6162);
#6162 = DEFINITIONAL_REPRESENTATION('',(#6163),#6167);
#6163 = LINE('',#6164,#6165);
#6164 = CARTESIAN_POINT('',(-6.28318530718,0.));
#6165 = VECTOR('',#6166,1.);
#6166 = DIRECTION('',(-0.,-1.));
#6167 = ( GEOMETRIC_REPRESENTATION_CONTEXT(2) 
PARAMETRIC_REPRESENTATION_CONTEXT() REPRESENTATION_CONTEXT('2D SPACE',''
  ) );
#6168 = ORIENTED_EDGE('',*,*,#6169,.T.);
#6169 = EDGE_CURVE('',#6142,#6142,#6170,.T.);
#6170 = SURFACE_CURVE('',#6171,(#6176,#6183),.PCURVE_S1.);
#6171 = CIRCLE('',#6172,1.35);
#6172 = AXIS2_PLACEMENT_3D('',#6173,#6174,#6175);
#6173 = CARTESIAN_POINT('',(71.5,71.7,19.5));
#6174 = DIRECTION('',(0.,1.,-0.));
#6175 = DIRECTION('',(-1.,0.,0.));
#6176 = PCURVE('',#6150,#6177);
#6177 = DEFINITIONAL_REPRESENTATION('',(#6178),#6182);
#6178 = LINE('',#6179,#6180);
#6179 = CARTESIAN_POINT('',(-0.,-3.));
#6180 = VECTOR('',#6181,1.);
#6181 = DIRECTION('',(-1.,0.));
#6182 = ( GEOMETRIC_REPRESENTATION_CONTEXT(2) 
PARAMETRIC_REPRESENTATION_CONTEXT() REPRESENTATION_CONTEXT('2D SPACE',''
  ) );
#6183 = PCURVE('',#72,#6184);
#6184 = DEFINITIONAL_REPRESENTATION('',(#6185),#6189);
#6185 = CIRCLE('',#6186,1.35);
#6186 = AXIS2_PLACEMENT_2D('',#6187,#6188);
#6187 = CARTESIAN_POINT('',(18.5,-66.25));
#6188 = DIRECTION('',(1.,0.));
#6189 = ( GEOMETRIC_REPRESENTATION_CONTEXT(2) 
PARAMETRIC_REPRESENTATION_CONTEXT() REPRESENTATION_CONTEXT('2D SPACE',''
  ) );
#6190 = ORIENTED_EDGE('',*,*,#6139,.F.);
#6191 = ORIENTED_EDGE('',*,*,#6192,.F.);
#6192 = EDGE_CURVE('',#6140,#6140,#6193,.T.);
#6193 = SURFACE_CURVE('',#6194,(#6199,#6206),.PCURVE_S1.);
#6194 = CIRCLE('',#6195,1.35);
#6195 = AXIS2_PLACEMENT_3D('',#6196,#6197,#6198);
#6196 = CARTESIAN_POINT('',(71.5,68.7,19.5));
#6197 = DIRECTION('',(0.,1.,-0.));
#6198 = DIRECTION('',(-1.,0.,0.));
#6199 = PCURVE('',#6150,#6200);
#6200 = DEFINITIONAL_REPRESENTATION('',(#6201),#6205);
#6201 = LINE('',#6202,#6203);
#6202 = CARTESIAN_POINT('',(-0.,0.));
#6203 = VECTOR('',#6204,1.);
#6204 = DIRECTION('',(-1.,0.));
#6205 = ( GEOMETRIC_REPRESENTATION_CONTEXT(2) 
PARAMETRIC_REPRESENTATION_CONTEXT() REPRESENTATION_CONTEXT('2D SPACE',''
  ) );
#6206 = PCURVE('',#126,#6207);
#6207 = DEFINITIONAL_REPRESENTATION('',(#6208),#6212);
#6208 = CIRCLE('',#6209,1.35);
#6209 = AXIS2_PLACEMENT_2D('',#6210,#6211);
#6210 = CARTESIAN_POINT('',(18.5,-66.25));
#6211 = DIRECTION('',(1.,0.));
#6212 = ( GEOMETRIC_REPRESENTATION_CONTEXT(2) 
PARAMETRIC_REPRESENTATION_CONTEXT() REPRESENTATION_CONTEXT('2D SPACE',''
  ) );
#6213 = ADVANCED_FACE('',(#6214),#6228,.F.);
#6214 = FACE_BOUND('',#6215,.T.);
#6215 = EDGE_LOOP('',(#6216,#6246,#6268,#6269));
#6216 = ORIENTED_EDGE('',*,*,#6217,.T.);
#6217 = EDGE_CURVE('',#6218,#6220,#6222,.T.);
#6218 = VERTEX_POINT('',#6219);
#6219 = CARTESIAN_POINT('',(65.,68.7,7.));
#6220 = VERTEX_POINT('',#6221);
#6221 = CARTESIAN_POINT('',(65.,71.7,7.));
#6222 = SEAM_CURVE('',#6223,(#6227,#6239),.PCURVE_S1.);
#6223 = LINE('',#6224,#6225);
#6224 = CARTESIAN_POINT('',(65.,68.7,7.));
#6225 = VECTOR('',#6226,1.);
#6226 = DIRECTION('',(0.,1.,-0.));
#6227 = PCURVE('',#6228,#6233);
#6228 = CYLINDRICAL_SURFACE('',#6229,1.7);
#6229 = AXIS2_PLACEMENT_3D('',#6230,#6231,#6232);
#6230 = CARTESIAN_POINT('',(66.7,68.7,7.));
#6231 = DIRECTION('',(-0.,-1.,0.));
#6232 = DIRECTION('',(-1.,0.,0.));
#6233 = DEFINITIONAL_REPRESENTATION('',(#6234),#6238);
#6234 = LINE('',#6235,#6236);
#6235 = CARTESIAN_POINT('',(-0.,0.));
#6236 = VECTOR('',#6237,1.);
#6237 = DIRECTION('',(-0.,-1.));
#6238 = ( GEOMETRIC_REPRESENTATION_CONTEXT(2) 
PARAMETRIC_REPRESENTATION_CONTEXT() REPRESENTATION_CONTEXT('2D SPACE',''
  ) );
#6239 = PCURVE('',#6228,#6240);
#6240 = DEFINITIONAL_REPRESENTATION('',(#6241),#6245);
#6241 = LINE('',#6242,#6243);
#6242 = CARTESIAN_POINT('',(-6.28318530718,0.));
#6243 = VECTOR('',#6244,1.);
#6244 = DIRECTION('',(-0.,-1.));
#6245 = ( GEOMETRIC_REPRESENTATION_CONTEXT(2) 
PARAMETRIC_REPRESENTATION_CONTEXT() REPRESENTATION_CONTEXT('2D SPACE',''
  ) );
#6246 = ORIENTED_EDGE('',*,*,#6247,.T.);
#6247 = EDGE_CURVE('',#6220,#6220,#6248,.T.);
#6248 = SURFACE_CURVE('',#6249,(#6254,#6261),.PCURVE_S1.);
#6249 = CIRCLE('',#6250,1.7);
#6250 = AXIS2_PLACEMENT_3D('',#6251,#6252,#6253);
#6251 = CARTESIAN_POINT('',(66.7,71.7,7.));
#6252 = DIRECTION('',(0.,1.,-0.));
#6253 = DIRECTION('',(-1.,0.,0.));
#6254 = PCURVE('',#6228,#6255);
#6255 = DEFINITIONAL_REPRESENTATION('',(#6256),#6260);
#6256 = LINE('',#6257,#6258);
#6257 = CARTESIAN_POINT('',(-0.,-3.));
#6258 = VECTOR('',#6259,1.);
#6259 = DIRECTION('',(-1.,0.));
#6260 = ( GEOMETRIC_REPRESENTATION_CONTEXT(2) 
PARAMETRIC_REPRESENTATION_CONTEXT() REPRESENTATION_CONTEXT('2D SPACE',''
  ) );
#6261 = PCURVE('',#72,#6262);
#6262 = DEFINITIONAL_REPRESENTATION('',(#6263),#6267);
#6263 = CIRCLE('',#6264,1.7);
#6264 = AXIS2_PLACEMENT_2D('',#6265,#6266);
#6265 = CARTESIAN_POINT('',(23.3,-78.75));
#6266 = DIRECTION('',(1.,0.));
#6267 = ( GEOMETRIC_REPRESENTATION_CONTEXT(2) 
PARAMETRIC_REPRESENTATION_CONTEXT() REPRESENTATION_CONTEXT('2D SPACE',''
  ) );
#6268 = ORIENTED_EDGE('',*,*,#6217,.F.);
#6269 = ORIENTED_EDGE('',*,*,#6270,.F.);
#6270 = EDGE_CURVE('',#6218,#6218,#6271,.T.);
#6271 = SURFACE_CURVE('',#6272,(#6277,#6284),.PCURVE_S1.);
#6272 = CIRCLE('',#6273,1.7);
#6273 = AXIS2_PLACEMENT_3D('',#6274,#6275,#6276);
#6274 = CARTESIAN_POINT('',(66.7,68.7,7.));
#6275 = DIRECTION('',(0.,1.,-0.));
#6276 = DIRECTION('',(-1.,0.,0.));
#6277 = PCURVE('',#6228,#6278);
#6278 = DEFINITIONAL_REPRESENTATION('',(#6279),#6283);
#6279 = LINE('',#6280,#6281);
#6280 = CARTESIAN_POINT('',(-0.,0.));
#6281 = VECTOR('',#6282,1.);
#6282 = DIRECTION('',(-1.,0.));
#6283 = ( GEOMETRIC_REPRESENTATION_CONTEXT(2) 
PARAMETRIC_REPRESENTATION_CONTEXT() REPRESENTATION_CONTEXT('2D SPACE',''
  ) );
#6284 = PCURVE('',#126,#6285);
#6285 = DEFINITIONAL_REPRESENTATION('',(#6286),#6290);
#6286 = CIRCLE('',#6287,1.7);
#6287 = AXIS2_PLACEMENT_2D('',#6288,#6289);
#6288 = CARTESIAN_POINT('',(23.3,-78.75));
#6289 = DIRECTION('',(1.,0.));
#6290 = ( GEOMETRIC_REPRESENTATION_CONTEXT(2) 
PARAMETRIC_REPRESENTATION_CONTEXT() REPRESENTATION_CONTEXT('2D SPACE',''
  ) );
#6291 = ADVANCED_FACE('',(#6292),#6306,.F.);
#6292 = FACE_BOUND('',#6293,.T.);
#6293 = EDGE_LOOP('',(#6294,#6324,#6346,#6347));
#6294 = ORIENTED_EDGE('',*,*,#6295,.T.);
#6295 = EDGE_CURVE('',#6296,#6298,#6300,.T.);
#6296 = VERTEX_POINT('',#6297);
#6297 = CARTESIAN_POINT('',(86.150773216421,68.7,27.8));
#6298 = VERTEX_POINT('',#6299);
#6299 = CARTESIAN_POINT('',(86.150773216421,71.7,27.8));
#6300 = SEAM_CURVE('',#6301,(#6305,#6317),.PCURVE_S1.);
#6301 = LINE('',#6302,#6303);
#6302 = CARTESIAN_POINT('',(86.150773216421,68.7,27.8));
#6303 = VECTOR('',#6304,1.);
#6304 = DIRECTION('',(0.,1.,-0.));
#6305 = PCURVE('',#6306,#6311);
#6306 = CYLINDRICAL_SURFACE('',#6307,1.3);
#6307 = AXIS2_PLACEMENT_3D('',#6308,#6309,#6310);
#6308 = CARTESIAN_POINT('',(87.450773216421,68.7,27.8));
#6309 = DIRECTION('',(-0.,-1.,0.));
#6310 = DIRECTION('',(-1.,0.,0.));
#6311 = DEFINITIONAL_REPRESENTATION('',(#6312),#6316);
#6312 = LINE('',#6313,#6314);
#6313 = CARTESIAN_POINT('',(-0.,0.));
#6314 = VECTOR('',#6315,1.);
#6315 = DIRECTION('',(-0.,-1.));
#6316 = ( GEOMETRIC_REPRESENTATION_CONTEXT(2) 
PARAMETRIC_REPRESENTATION_CONTEXT() REPRESENTATION_CONTEXT('2D SPACE',''
  ) );
#6317 = PCURVE('',#6306,#6318);
#6318 = DEFINITIONAL_REPRESENTATION('',(#6319),#6323);
#6319 = LINE('',#6320,#6321);
#6320 = CARTESIAN_POINT('',(-6.28318530718,0.));
#6321 = VECTOR('',#6322,1.);
#6322 = DIRECTION('',(-0.,-1.));
#6323 = ( GEOMETRIC_REPRESENTATION_CONTEXT(2) 
PARAMETRIC_REPRESENTATION_CONTEXT() REPRESENTATION_CONTEXT('2D SPACE',''
  ) );
#6324 = ORIENTED_EDGE('',*,*,#6325,.T.);
#6325 = EDGE_CURVE('',#6298,#6298,#6326,.T.);
#6326 = SURFACE_CURVE('',#6327,(#6332,#6339),.PCURVE_S1.);
#6327 = CIRCLE('',#6328,1.3);
#6328 = AXIS2_PLACEMENT_3D('',#6329,#6330,#6331);
#6329 = CARTESIAN_POINT('',(87.450773216421,71.7,27.8));
#6330 = DIRECTION('',(0.,1.,-0.));
#6331 = DIRECTION('',(-1.,0.,0.));
#6332 = PCURVE('',#6306,#6333);
#6333 = DEFINITIONAL_REPRESENTATION('',(#6334),#6338);
#6334 = LINE('',#6335,#6336);
#6335 = CARTESIAN_POINT('',(-0.,-3.));
#6336 = VECTOR('',#6337,1.);
#6337 = DIRECTION('',(-1.,0.));
#6338 = ( GEOMETRIC_REPRESENTATION_CONTEXT(2) 
PARAMETRIC_REPRESENTATION_CONTEXT() REPRESENTATION_CONTEXT('2D SPACE',''
  ) );
#6339 = PCURVE('',#72,#6340);
#6340 = DEFINITIONAL_REPRESENTATION('',(#6341),#6345);
#6341 = CIRCLE('',#6342,1.3);
#6342 = AXIS2_PLACEMENT_2D('',#6343,#6344);
#6343 = CARTESIAN_POINT('',(2.549226783579,-57.95));
#6344 = DIRECTION('',(1.,0.));
#6345 = ( GEOMETRIC_REPRESENTATION_CONTEXT(2) 
PARAMETRIC_REPRESENTATION_CONTEXT() REPRESENTATION_CONTEXT('2D SPACE',''
  ) );
#6346 = ORIENTED_EDGE('',*,*,#6295,.F.);
#6347 = ORIENTED_EDGE('',*,*,#6348,.F.);
#6348 = EDGE_CURVE('',#6296,#6296,#6349,.T.);
#6349 = SURFACE_CURVE('',#6350,(#6355,#6362),.PCURVE_S1.);
#6350 = CIRCLE('',#6351,1.3);
#6351 = AXIS2_PLACEMENT_3D('',#6352,#6353,#6354);
#6352 = CARTESIAN_POINT('',(87.450773216421,68.7,27.8));
#6353 = DIRECTION('',(0.,1.,-0.));
#6354 = DIRECTION('',(-1.,0.,0.));
#6355 = PCURVE('',#6306,#6356);
#6356 = DEFINITIONAL_REPRESENTATION('',(#6357),#6361);
#6357 = LINE('',#6358,#6359);
#6358 = CARTESIAN_POINT('',(-0.,0.));
#6359 = VECTOR('',#6360,1.);
#6360 = DIRECTION('',(-1.,0.));
#6361 = ( GEOMETRIC_REPRESENTATION_CONTEXT(2) 
PARAMETRIC_REPRESENTATION_CONTEXT() REPRESENTATION_CONTEXT('2D SPACE',''
  ) );
#6362 = PCURVE('',#126,#6363);
#6363 = DEFINITIONAL_REPRESENTATION('',(#6364),#6368);
#6364 = CIRCLE('',#6365,1.3);
#6365 = AXIS2_PLACEMENT_2D('',#6366,#6367);
#6366 = CARTESIAN_POINT('',(2.549226783579,-57.95));
#6367 = DIRECTION('',(1.,0.));
#6368 = ( GEOMETRIC_REPRESENTATION_CONTEXT(2) 
PARAMETRIC_REPRESENTATION_CONTEXT() REPRESENTATION_CONTEXT('2D SPACE',''
  ) );
#6369 = ADVANCED_FACE('',(#6370),#6384,.F.);
#6370 = FACE_BOUND('',#6371,.T.);
#6371 = EDGE_LOOP('',(#6372,#6402,#6424,#6425));
#6372 = ORIENTED_EDGE('',*,*,#6373,.T.);
#6373 = EDGE_CURVE('',#6374,#6376,#6378,.T.);
#6374 = VERTEX_POINT('',#6375);
#6375 = CARTESIAN_POINT('',(81.993851278256,68.7,30.2));
#6376 = VERTEX_POINT('',#6377);
#6377 = CARTESIAN_POINT('',(81.993851278256,71.7,30.2));
#6378 = SEAM_CURVE('',#6379,(#6383,#6395),.PCURVE_S1.);
#6379 = LINE('',#6380,#6381);
#6380 = CARTESIAN_POINT('',(81.993851278256,68.7,30.2));
#6381 = VECTOR('',#6382,1.);
#6382 = DIRECTION('',(0.,1.,-0.));
#6383 = PCURVE('',#6384,#6389);
#6384 = CYLINDRICAL_SURFACE('',#6385,1.3);
#6385 = AXIS2_PLACEMENT_3D('',#6386,#6387,#6388);
#6386 = CARTESIAN_POINT('',(83.293851278256,68.7,30.2));
#6387 = DIRECTION('',(-0.,-1.,0.));
#6388 = DIRECTION('',(-1.,0.,0.));
#6389 = DEFINITIONAL_REPRESENTATION('',(#6390),#6394);
#6390 = LINE('',#6391,#6392);
#6391 = CARTESIAN_POINT('',(-0.,0.));
#6392 = VECTOR('',#6393,1.);
#6393 = DIRECTION('',(-0.,-1.));
#6394 = ( GEOMETRIC_REPRESENTATION_CONTEXT(2) 
PARAMETRIC_REPRESENTATION_CONTEXT() REPRESENTATION_CONTEXT('2D SPACE',''
  ) );
#6395 = PCURVE('',#6384,#6396);
#6396 = DEFINITIONAL_REPRESENTATION('',(#6397),#6401);
#6397 = LINE('',#6398,#6399);
#6398 = CARTESIAN_POINT('',(-6.28318530718,0.));
#6399 = VECTOR('',#6400,1.);
#6400 = DIRECTION('',(-0.,-1.));
#6401 = ( GEOMETRIC_REPRESENTATION_CONTEXT(2) 
PARAMETRIC_REPRESENTATION_CONTEXT() REPRESENTATION_CONTEXT('2D SPACE',''
  ) );
#6402 = ORIENTED_EDGE('',*,*,#6403,.T.);
#6403 = EDGE_CURVE('',#6376,#6376,#6404,.T.);
#6404 = SURFACE_CURVE('',#6405,(#6410,#6417),.PCURVE_S1.);
#6405 = CIRCLE('',#6406,1.3);
#6406 = AXIS2_PLACEMENT_3D('',#6407,#6408,#6409);
#6407 = CARTESIAN_POINT('',(83.293851278256,71.7,30.2));
#6408 = DIRECTION('',(0.,1.,-0.));
#6409 = DIRECTION('',(-1.,0.,0.));
#6410 = PCURVE('',#6384,#6411);
#6411 = DEFINITIONAL_REPRESENTATION('',(#6412),#6416);
#6412 = LINE('',#6413,#6414);
#6413 = CARTESIAN_POINT('',(-0.,-3.));
#6414 = VECTOR('',#6415,1.);
#6415 = DIRECTION('',(-1.,0.));
#6416 = ( GEOMETRIC_REPRESENTATION_CONTEXT(2) 
PARAMETRIC_REPRESENTATION_CONTEXT() REPRESENTATION_CONTEXT('2D SPACE',''
  ) );
#6417 = PCURVE('',#72,#6418);
#6418 = DEFINITIONAL_REPRESENTATION('',(#6419),#6423);
#6419 = CIRCLE('',#6420,1.3);
#6420 = AXIS2_PLACEMENT_2D('',#6421,#6422);
#6421 = CARTESIAN_POINT('',(6.706148721744,-55.55));
#6422 = DIRECTION('',(1.,0.));
#6423 = ( GEOMETRIC_REPRESENTATION_CONTEXT(2) 
PARAMETRIC_REPRESENTATION_CONTEXT() REPRESENTATION_CONTEXT('2D SPACE',''
  ) );
#6424 = ORIENTED_EDGE('',*,*,#6373,.F.);
#6425 = ORIENTED_EDGE('',*,*,#6426,.F.);
#6426 = EDGE_CURVE('',#6374,#6374,#6427,.T.);
#6427 = SURFACE_CURVE('',#6428,(#6433,#6440),.PCURVE_S1.);
#6428 = CIRCLE('',#6429,1.3);
#6429 = AXIS2_PLACEMENT_3D('',#6430,#6431,#6432);
#6430 = CARTESIAN_POINT('',(83.293851278256,68.7,30.2));
#6431 = DIRECTION('',(0.,1.,-0.));
#6432 = DIRECTION('',(-1.,0.,0.));
#6433 = PCURVE('',#6384,#6434);
#6434 = DEFINITIONAL_REPRESENTATION('',(#6435),#6439);
#6435 = LINE('',#6436,#6437);
#6436 = CARTESIAN_POINT('',(-0.,0.));
#6437 = VECTOR('',#6438,1.);
#6438 = DIRECTION('',(-1.,0.));
#6439 = ( GEOMETRIC_REPRESENTATION_CONTEXT(2) 
PARAMETRIC_REPRESENTATION_CONTEXT() REPRESENTATION_CONTEXT('2D SPACE',''
  ) );
#6440 = PCURVE('',#126,#6441);
#6441 = DEFINITIONAL_REPRESENTATION('',(#6442),#6446);
#6442 = CIRCLE('',#6443,1.3);
#6443 = AXIS2_PLACEMENT_2D('',#6444,#6445);
#6444 = CARTESIAN_POINT('',(6.706148721744,-55.55));
#6445 = DIRECTION('',(1.,0.));
#6446 = ( GEOMETRIC_REPRESENTATION_CONTEXT(2) 
PARAMETRIC_REPRESENTATION_CONTEXT() REPRESENTATION_CONTEXT('2D SPACE',''
  ) );
#6447 = ADVANCED_FACE('',(#6448),#6462,.F.);
#6448 = FACE_BOUND('',#6449,.T.);
#6449 = EDGE_LOOP('',(#6450,#6480,#6502,#6503));
#6450 = ORIENTED_EDGE('',*,*,#6451,.T.);
#6451 = EDGE_CURVE('',#6452,#6454,#6456,.T.);
#6452 = VERTEX_POINT('',#6453);
#6453 = CARTESIAN_POINT('',(86.150773216421,68.7,32.6));
#6454 = VERTEX_POINT('',#6455);
#6455 = CARTESIAN_POINT('',(86.150773216421,71.7,32.6));
#6456 = SEAM_CURVE('',#6457,(#6461,#6473),.PCURVE_S1.);
#6457 = LINE('',#6458,#6459);
#6458 = CARTESIAN_POINT('',(86.150773216421,68.7,32.6));
#6459 = VECTOR('',#6460,1.);
#6460 = DIRECTION('',(0.,1.,-0.));
#6461 = PCURVE('',#6462,#6467);
#6462 = CYLINDRICAL_SURFACE('',#6463,1.3);
#6463 = AXIS2_PLACEMENT_3D('',#6464,#6465,#6466);
#6464 = CARTESIAN_POINT('',(87.450773216421,68.7,32.6));
#6465 = DIRECTION('',(-0.,-1.,0.));
#6466 = DIRECTION('',(-1.,0.,0.));
#6467 = DEFINITIONAL_REPRESENTATION('',(#6468),#6472);
#6468 = LINE('',#6469,#6470);
#6469 = CARTESIAN_POINT('',(-0.,0.));
#6470 = VECTOR('',#6471,1.);
#6471 = DIRECTION('',(-0.,-1.));
#6472 = ( GEOMETRIC_REPRESENTATION_CONTEXT(2) 
PARAMETRIC_REPRESENTATION_CONTEXT() REPRESENTATION_CONTEXT('2D SPACE',''
  ) );
#6473 = PCURVE('',#6462,#6474);
#6474 = DEFINITIONAL_REPRESENTATION('',(#6475),#6479);
#6475 = LINE('',#6476,#6477);
#6476 = CARTESIAN_POINT('',(-6.28318530718,0.));
#6477 = VECTOR('',#6478,1.);
#6478 = DIRECTION('',(-0.,-1.));
#6479 = ( GEOMETRIC_REPRESENTATION_CONTEXT(2) 
PARAMETRIC_REPRESENTATION_CONTEXT() REPRESENTATION_CONTEXT('2D SPACE',''
  ) );
#6480 = ORIENTED_EDGE('',*,*,#6481,.T.);
#6481 = EDGE_CURVE('',#6454,#6454,#6482,.T.);
#6482 = SURFACE_CURVE('',#6483,(#6488,#6495),.PCURVE_S1.);
#6483 = CIRCLE('',#6484,1.3);
#6484 = AXIS2_PLACEMENT_3D('',#6485,#6486,#6487);
#6485 = CARTESIAN_POINT('',(87.450773216421,71.7,32.6));
#6486 = DIRECTION('',(0.,1.,-0.));
#6487 = DIRECTION('',(-1.,0.,0.));
#6488 = PCURVE('',#6462,#6489);
#6489 = DEFINITIONAL_REPRESENTATION('',(#6490),#6494);
#6490 = LINE('',#6491,#6492);
#6491 = CARTESIAN_POINT('',(-0.,-3.));
#6492 = VECTOR('',#6493,1.);
#6493 = DIRECTION('',(-1.,0.));
#6494 = ( GEOMETRIC_REPRESENTATION_CONTEXT(2) 
PARAMETRIC_REPRESENTATION_CONTEXT() REPRESENTATION_CONTEXT('2D SPACE',''
  ) );
#6495 = PCURVE('',#72,#6496);
#6496 = DEFINITIONAL_REPRESENTATION('',(#6497),#6501);
#6497 = CIRCLE('',#6498,1.3);
#6498 = AXIS2_PLACEMENT_2D('',#6499,#6500);
#6499 = CARTESIAN_POINT('',(2.549226783579,-53.15));
#6500 = DIRECTION('',(1.,0.));
#6501 = ( GEOMETRIC_REPRESENTATION_CONTEXT(2) 
PARAMETRIC_REPRESENTATION_CONTEXT() REPRESENTATION_CONTEXT('2D SPACE',''
  ) );
#6502 = ORIENTED_EDGE('',*,*,#6451,.F.);
#6503 = ORIENTED_EDGE('',*,*,#6504,.F.);
#6504 = EDGE_CURVE('',#6452,#6452,#6505,.T.);
#6505 = SURFACE_CURVE('',#6506,(#6511,#6518),.PCURVE_S1.);
#6506 = CIRCLE('',#6507,1.3);
#6507 = AXIS2_PLACEMENT_3D('',#6508,#6509,#6510);
#6508 = CARTESIAN_POINT('',(87.450773216421,68.7,32.6));
#6509 = DIRECTION('',(0.,1.,-0.));
#6510 = DIRECTION('',(-1.,0.,0.));
#6511 = PCURVE('',#6462,#6512);
#6512 = DEFINITIONAL_REPRESENTATION('',(#6513),#6517);
#6513 = LINE('',#6514,#6515);
#6514 = CARTESIAN_POINT('',(-0.,0.));
#6515 = VECTOR('',#6516,1.);
#6516 = DIRECTION('',(-1.,0.));
#6517 = ( GEOMETRIC_REPRESENTATION_CONTEXT(2) 
PARAMETRIC_REPRESENTATION_CONTEXT() REPRESENTATION_CONTEXT('2D SPACE',''
  ) );
#6518 = PCURVE('',#126,#6519);
#6519 = DEFINITIONAL_REPRESENTATION('',(#6520),#6524);
#6520 = CIRCLE('',#6521,1.3);
#6521 = AXIS2_PLACEMENT_2D('',#6522,#6523);
#6522 = CARTESIAN_POINT('',(2.549226783579,-53.15));
#6523 = DIRECTION('',(1.,0.));
#6524 = ( GEOMETRIC_REPRESENTATION_CONTEXT(2) 
PARAMETRIC_REPRESENTATION_CONTEXT() REPRESENTATION_CONTEXT('2D SPACE',''
  ) );
#6525 = ADVANCED_FACE('',(#6526),#6540,.F.);
#6526 = FACE_BOUND('',#6527,.T.);
#6527 = EDGE_LOOP('',(#6528,#6558,#6580,#6581));
#6528 = ORIENTED_EDGE('',*,*,#6529,.T.);
#6529 = EDGE_CURVE('',#6530,#6532,#6534,.T.);
#6530 = VERTEX_POINT('',#6531);
#6531 = CARTESIAN_POINT('',(81.993851278256,68.7,35.));
#6532 = VERTEX_POINT('',#6533);
#6533 = CARTESIAN_POINT('',(81.993851278256,71.7,35.));
#6534 = SEAM_CURVE('',#6535,(#6539,#6551),.PCURVE_S1.);
#6535 = LINE('',#6536,#6537);
#6536 = CARTESIAN_POINT('',(81.993851278256,68.7,35.));
#6537 = VECTOR('',#6538,1.);
#6538 = DIRECTION('',(0.,1.,-0.));
#6539 = PCURVE('',#6540,#6545);
#6540 = CYLINDRICAL_SURFACE('',#6541,1.3);
#6541 = AXIS2_PLACEMENT_3D('',#6542,#6543,#6544);
#6542 = CARTESIAN_POINT('',(83.293851278256,68.7,35.));
#6543 = DIRECTION('',(-0.,-1.,0.));
#6544 = DIRECTION('',(-1.,0.,0.));
#6545 = DEFINITIONAL_REPRESENTATION('',(#6546),#6550);
#6546 = LINE('',#6547,#6548);
#6547 = CARTESIAN_POINT('',(-0.,0.));
#6548 = VECTOR('',#6549,1.);
#6549 = DIRECTION('',(-0.,-1.));
#6550 = ( GEOMETRIC_REPRESENTATION_CONTEXT(2) 
PARAMETRIC_REPRESENTATION_CONTEXT() REPRESENTATION_CONTEXT('2D SPACE',''
  ) );
#6551 = PCURVE('',#6540,#6552);
#6552 = DEFINITIONAL_REPRESENTATION('',(#6553),#6557);
#6553 = LINE('',#6554,#6555);
#6554 = CARTESIAN_POINT('',(-6.28318530718,0.));
#6555 = VECTOR('',#6556,1.);
#6556 = DIRECTION('',(-0.,-1.));
#6557 = ( GEOMETRIC_REPRESENTATION_CONTEXT(2) 
PARAMETRIC_REPRESENTATION_CONTEXT() REPRESENTATION_CONTEXT('2D SPACE',''
  ) );
#6558 = ORIENTED_EDGE('',*,*,#6559,.T.);
#6559 = EDGE_CURVE('',#6532,#6532,#6560,.T.);
#6560 = SURFACE_CURVE('',#6561,(#6566,#6573),.PCURVE_S1.);
#6561 = CIRCLE('',#6562,1.3);
#6562 = AXIS2_PLACEMENT_3D('',#6563,#6564,#6565);
#6563 = CARTESIAN_POINT('',(83.293851278256,71.7,35.));
#6564 = DIRECTION('',(0.,1.,-0.));
#6565 = DIRECTION('',(-1.,0.,0.));
#6566 = PCURVE('',#6540,#6567);
#6567 = DEFINITIONAL_REPRESENTATION('',(#6568),#6572);
#6568 = LINE('',#6569,#6570);
#6569 = CARTESIAN_POINT('',(-0.,-3.));
#6570 = VECTOR('',#6571,1.);
#6571 = DIRECTION('',(-1.,0.));
#6572 = ( GEOMETRIC_REPRESENTATION_CONTEXT(2) 
PARAMETRIC_REPRESENTATION_CONTEXT() REPRESENTATION_CONTEXT('2D SPACE',''
  ) );
#6573 = PCURVE('',#72,#6574);
#6574 = DEFINITIONAL_REPRESENTATION('',(#6575),#6579);
#6575 = CIRCLE('',#6576,1.3);
#6576 = AXIS2_PLACEMENT_2D('',#6577,#6578);
#6577 = CARTESIAN_POINT('',(6.706148721744,-50.75));
#6578 = DIRECTION('',(1.,0.));
#6579 = ( GEOMETRIC_REPRESENTATION_CONTEXT(2) 
PARAMETRIC_REPRESENTATION_CONTEXT() REPRESENTATION_CONTEXT('2D SPACE',''
  ) );
#6580 = ORIENTED_EDGE('',*,*,#6529,.F.);
#6581 = ORIENTED_EDGE('',*,*,#6582,.F.);
#6582 = EDGE_CURVE('',#6530,#6530,#6583,.T.);
#6583 = SURFACE_CURVE('',#6584,(#6589,#6596),.PCURVE_S1.);
#6584 = CIRCLE('',#6585,1.3);
#6585 = AXIS2_PLACEMENT_3D('',#6586,#6587,#6588);
#6586 = CARTESIAN_POINT('',(83.293851278256,68.7,35.));
#6587 = DIRECTION('',(0.,1.,-0.));
#6588 = DIRECTION('',(-1.,0.,0.));
#6589 = PCURVE('',#6540,#6590);
#6590 = DEFINITIONAL_REPRESENTATION('',(#6591),#6595);
#6591 = LINE('',#6592,#6593);
#6592 = CARTESIAN_POINT('',(-0.,0.));
#6593 = VECTOR('',#6594,1.);
#6594 = DIRECTION('',(-1.,0.));
#6595 = ( GEOMETRIC_REPRESENTATION_CONTEXT(2) 
PARAMETRIC_REPRESENTATION_CONTEXT() REPRESENTATION_CONTEXT('2D SPACE',''
  ) );
#6596 = PCURVE('',#126,#6597);
#6597 = DEFINITIONAL_REPRESENTATION('',(#6598),#6602);
#6598 = CIRCLE('',#6599,1.3);
#6599 = AXIS2_PLACEMENT_2D('',#6600,#6601);
#6600 = CARTESIAN_POINT('',(6.706148721744,-50.75));
#6601 = DIRECTION('',(1.,0.));
#6602 = ( GEOMETRIC_REPRESENTATION_CONTEXT(2) 
PARAMETRIC_REPRESENTATION_CONTEXT() REPRESENTATION_CONTEXT('2D SPACE',''
  ) );
#6603 = ADVANCED_FACE('',(#6604),#6618,.F.);
#6604 = FACE_BOUND('',#6605,.T.);
#6605 = EDGE_LOOP('',(#6606,#6636,#6658,#6659));
#6606 = ORIENTED_EDGE('',*,*,#6607,.T.);
#6607 = EDGE_CURVE('',#6608,#6610,#6612,.T.);
#6608 = VERTEX_POINT('',#6609);
#6609 = CARTESIAN_POINT('',(86.150773216421,68.7,37.4));
#6610 = VERTEX_POINT('',#6611);
#6611 = CARTESIAN_POINT('',(86.150773216421,71.7,37.4));
#6612 = SEAM_CURVE('',#6613,(#6617,#6629),.PCURVE_S1.);
#6613 = LINE('',#6614,#6615);
#6614 = CARTESIAN_POINT('',(86.150773216421,68.7,37.4));
#6615 = VECTOR('',#6616,1.);
#6616 = DIRECTION('',(0.,1.,-0.));
#6617 = PCURVE('',#6618,#6623);
#6618 = CYLINDRICAL_SURFACE('',#6619,1.3);
#6619 = AXIS2_PLACEMENT_3D('',#6620,#6621,#6622);
#6620 = CARTESIAN_POINT('',(87.450773216421,68.7,37.4));
#6621 = DIRECTION('',(-0.,-1.,0.));
#6622 = DIRECTION('',(-1.,0.,0.));
#6623 = DEFINITIONAL_REPRESENTATION('',(#6624),#6628);
#6624 = LINE('',#6625,#6626);
#6625 = CARTESIAN_POINT('',(-0.,0.));
#6626 = VECTOR('',#6627,1.);
#6627 = DIRECTION('',(-0.,-1.));
#6628 = ( GEOMETRIC_REPRESENTATION_CONTEXT(2) 
PARAMETRIC_REPRESENTATION_CONTEXT() REPRESENTATION_CONTEXT('2D SPACE',''
  ) );
#6629 = PCURVE('',#6618,#6630);
#6630 = DEFINITIONAL_REPRESENTATION('',(#6631),#6635);
#6631 = LINE('',#6632,#6633);
#6632 = CARTESIAN_POINT('',(-6.28318530718,0.));
#6633 = VECTOR('',#6634,1.);
#6634 = DIRECTION('',(-0.,-1.));
#6635 = ( GEOMETRIC_REPRESENTATION_CONTEXT(2) 
PARAMETRIC_REPRESENTATION_CONTEXT() REPRESENTATION_CONTEXT('2D SPACE',''
  ) );
#6636 = ORIENTED_EDGE('',*,*,#6637,.T.);
#6637 = EDGE_CURVE('',#6610,#6610,#6638,.T.);
#6638 = SURFACE_CURVE('',#6639,(#6644,#6651),.PCURVE_S1.);
#6639 = CIRCLE('',#6640,1.3);
#6640 = AXIS2_PLACEMENT_3D('',#6641,#6642,#6643);
#6641 = CARTESIAN_POINT('',(87.450773216421,71.7,37.4));
#6642 = DIRECTION('',(0.,1.,-0.));
#6643 = DIRECTION('',(-1.,0.,0.));
#6644 = PCURVE('',#6618,#6645);
#6645 = DEFINITIONAL_REPRESENTATION('',(#6646),#6650);
#6646 = LINE('',#6647,#6648);
#6647 = CARTESIAN_POINT('',(-0.,-3.));
#6648 = VECTOR('',#6649,1.);
#6649 = DIRECTION('',(-1.,0.));
#6650 = ( GEOMETRIC_REPRESENTATION_CONTEXT(2) 
PARAMETRIC_REPRESENTATION_CONTEXT() REPRESENTATION_CONTEXT('2D SPACE',''
  ) );
#6651 = PCURVE('',#72,#6652);
#6652 = DEFINITIONAL_REPRESENTATION('',(#6653),#6657);
#6653 = CIRCLE('',#6654,1.3);
#6654 = AXIS2_PLACEMENT_2D('',#6655,#6656);
#6655 = CARTESIAN_POINT('',(2.549226783579,-48.35));
#6656 = DIRECTION('',(1.,0.));
#6657 = ( GEOMETRIC_REPRESENTATION_CONTEXT(2) 
PARAMETRIC_REPRESENTATION_CONTEXT() REPRESENTATION_CONTEXT('2D SPACE',''
  ) );
#6658 = ORIENTED_EDGE('',*,*,#6607,.F.);
#6659 = ORIENTED_EDGE('',*,*,#6660,.F.);
#6660 = EDGE_CURVE('',#6608,#6608,#6661,.T.);
#6661 = SURFACE_CURVE('',#6662,(#6667,#6674),.PCURVE_S1.);
#6662 = CIRCLE('',#6663,1.3);
#6663 = AXIS2_PLACEMENT_3D('',#6664,#6665,#6666);
#6664 = CARTESIAN_POINT('',(87.450773216421,68.7,37.4));
#6665 = DIRECTION('',(0.,1.,-0.));
#6666 = DIRECTION('',(-1.,0.,0.));
#6667 = PCURVE('',#6618,#6668);
#6668 = DEFINITIONAL_REPRESENTATION('',(#6669),#6673);
#6669 = LINE('',#6670,#6671);
#6670 = CARTESIAN_POINT('',(-0.,0.));
#6671 = VECTOR('',#6672,1.);
#6672 = DIRECTION('',(-1.,0.));
#6673 = ( GEOMETRIC_REPRESENTATION_CONTEXT(2) 
PARAMETRIC_REPRESENTATION_CONTEXT() REPRESENTATION_CONTEXT('2D SPACE',''
  ) );
#6674 = PCURVE('',#126,#6675);
#6675 = DEFINITIONAL_REPRESENTATION('',(#6676),#6680);
#6676 = CIRCLE('',#6677,1.3);
#6677 = AXIS2_PLACEMENT_2D('',#6678,#6679);
#6678 = CARTESIAN_POINT('',(2.549226783579,-48.35));
#6679 = DIRECTION('',(1.,0.));
#6680 = ( GEOMETRIC_REPRESENTATION_CONTEXT(2) 
PARAMETRIC_REPRESENTATION_CONTEXT() REPRESENTATION_CONTEXT('2D SPACE',''
  ) );
#6681 = ADVANCED_FACE('',(#6682),#6696,.F.);
#6682 = FACE_BOUND('',#6683,.T.);
#6683 = EDGE_LOOP('',(#6684,#6714,#6736,#6737));
#6684 = ORIENTED_EDGE('',*,*,#6685,.T.);
#6685 = EDGE_CURVE('',#6686,#6688,#6690,.T.);
#6686 = VERTEX_POINT('',#6687);
#6687 = CARTESIAN_POINT('',(81.993851278256,68.7,39.8));
#6688 = VERTEX_POINT('',#6689);
#6689 = CARTESIAN_POINT('',(81.993851278256,71.7,39.8));
#6690 = SEAM_CURVE('',#6691,(#6695,#6707),.PCURVE_S1.);
#6691 = LINE('',#6692,#6693);
#6692 = CARTESIAN_POINT('',(81.993851278256,68.7,39.8));
#6693 = VECTOR('',#6694,1.);
#6694 = DIRECTION('',(0.,1.,-0.));
#6695 = PCURVE('',#6696,#6701);
#6696 = CYLINDRICAL_SURFACE('',#6697,1.3);
#6697 = AXIS2_PLACEMENT_3D('',#6698,#6699,#6700);
#6698 = CARTESIAN_POINT('',(83.293851278256,68.7,39.8));
#6699 = DIRECTION('',(-0.,-1.,0.));
#6700 = DIRECTION('',(-1.,0.,0.));
#6701 = DEFINITIONAL_REPRESENTATION('',(#6702),#6706);
#6702 = LINE('',#6703,#6704);
#6703 = CARTESIAN_POINT('',(-0.,0.));
#6704 = VECTOR('',#6705,1.);
#6705 = DIRECTION('',(-0.,-1.));
#6706 = ( GEOMETRIC_REPRESENTATION_CONTEXT(2) 
PARAMETRIC_REPRESENTATION_CONTEXT() REPRESENTATION_CONTEXT('2D SPACE',''
  ) );
#6707 = PCURVE('',#6696,#6708);
#6708 = DEFINITIONAL_REPRESENTATION('',(#6709),#6713);
#6709 = LINE('',#6710,#6711);
#6710 = CARTESIAN_POINT('',(-6.28318530718,0.));
#6711 = VECTOR('',#6712,1.);
#6712 = DIRECTION('',(-0.,-1.));
#6713 = ( GEOMETRIC_REPRESENTATION_CONTEXT(2) 
PARAMETRIC_REPRESENTATION_CONTEXT() REPRESENTATION_CONTEXT('2D SPACE',''
  ) );
#6714 = ORIENTED_EDGE('',*,*,#6715,.T.);
#6715 = EDGE_CURVE('',#6688,#6688,#6716,.T.);
#6716 = SURFACE_CURVE('',#6717,(#6722,#6729),.PCURVE_S1.);
#6717 = CIRCLE('',#6718,1.3);
#6718 = AXIS2_PLACEMENT_3D('',#6719,#6720,#6721);
#6719 = CARTESIAN_POINT('',(83.293851278256,71.7,39.8));
#6720 = DIRECTION('',(0.,1.,-0.));
#6721 = DIRECTION('',(-1.,0.,0.));
#6722 = PCURVE('',#6696,#6723);
#6723 = DEFINITIONAL_REPRESENTATION('',(#6724),#6728);
#6724 = LINE('',#6725,#6726);
#6725 = CARTESIAN_POINT('',(-0.,-3.));
#6726 = VECTOR('',#6727,1.);
#6727 = DIRECTION('',(-1.,0.));
#6728 = ( GEOMETRIC_REPRESENTATION_CONTEXT(2) 
PARAMETRIC_REPRESENTATION_CONTEXT() REPRESENTATION_CONTEXT('2D SPACE',''
  ) );
#6729 = PCURVE('',#72,#6730);
#6730 = DEFINITIONAL_REPRESENTATION('',(#6731),#6735);
#6731 = CIRCLE('',#6732,1.3);
#6732 = AXIS2_PLACEMENT_2D('',#6733,#6734);
#6733 = CARTESIAN_POINT('',(6.706148721744,-45.95));
#6734 = DIRECTION('',(1.,0.));
#6735 = ( GEOMETRIC_REPRESENTATION_CONTEXT(2) 
PARAMETRIC_REPRESENTATION_CONTEXT() REPRESENTATION_CONTEXT('2D SPACE',''
  ) );
#6736 = ORIENTED_EDGE('',*,*,#6685,.F.);
#6737 = ORIENTED_EDGE('',*,*,#6738,.F.);
#6738 = EDGE_CURVE('',#6686,#6686,#6739,.T.);
#6739 = SURFACE_CURVE('',#6740,(#6745,#6752),.PCURVE_S1.);
#6740 = CIRCLE('',#6741,1.3);
#6741 = AXIS2_PLACEMENT_3D('',#6742,#6743,#6744);
#6742 = CARTESIAN_POINT('',(83.293851278256,68.7,39.8));
#6743 = DIRECTION('',(0.,1.,-0.));
#6744 = DIRECTION('',(-1.,0.,0.));
#6745 = PCURVE('',#6696,#6746);
#6746 = DEFINITIONAL_REPRESENTATION('',(#6747),#6751);
#6747 = LINE('',#6748,#6749);
#6748 = CARTESIAN_POINT('',(-0.,0.));
#6749 = VECTOR('',#6750,1.);
#6750 = DIRECTION('',(-1.,0.));
#6751 = ( GEOMETRIC_REPRESENTATION_CONTEXT(2) 
PARAMETRIC_REPRESENTATION_CONTEXT() REPRESENTATION_CONTEXT('2D SPACE',''
  ) );
#6752 = PCURVE('',#126,#6753);
#6753 = DEFINITIONAL_REPRESENTATION('',(#6754),#6758);
#6754 = CIRCLE('',#6755,1.3);
#6755 = AXIS2_PLACEMENT_2D('',#6756,#6757);
#6756 = CARTESIAN_POINT('',(6.706148721744,-45.95));
#6757 = DIRECTION('',(1.,0.));
#6758 = ( GEOMETRIC_REPRESENTATION_CONTEXT(2) 
PARAMETRIC_REPRESENTATION_CONTEXT() REPRESENTATION_CONTEXT('2D SPACE',''
  ) );
#6759 = ADVANCED_FACE('',(#6760),#6774,.F.);
#6760 = FACE_BOUND('',#6761,.T.);
#6761 = EDGE_LOOP('',(#6762,#6792,#6814,#6815));
#6762 = ORIENTED_EDGE('',*,*,#6763,.T.);
#6763 = EDGE_CURVE('',#6764,#6766,#6768,.T.);
#6764 = VERTEX_POINT('',#6765);
#6765 = CARTESIAN_POINT('',(86.150773216421,68.7,42.2));
#6766 = VERTEX_POINT('',#6767);
#6767 = CARTESIAN_POINT('',(86.150773216421,71.7,42.2));
#6768 = SEAM_CURVE('',#6769,(#6773,#6785),.PCURVE_S1.);
#6769 = LINE('',#6770,#6771);
#6770 = CARTESIAN_POINT('',(86.150773216421,68.7,42.2));
#6771 = VECTOR('',#6772,1.);
#6772 = DIRECTION('',(0.,1.,-0.));
#6773 = PCURVE('',#6774,#6779);
#6774 = CYLINDRICAL_SURFACE('',#6775,1.3);
#6775 = AXIS2_PLACEMENT_3D('',#6776,#6777,#6778);
#6776 = CARTESIAN_POINT('',(87.450773216421,68.7,42.2));
#6777 = DIRECTION('',(-0.,-1.,0.));
#6778 = DIRECTION('',(-1.,0.,0.));
#6779 = DEFINITIONAL_REPRESENTATION('',(#6780),#6784);
#6780 = LINE('',#6781,#6782);
#6781 = CARTESIAN_POINT('',(-0.,0.));
#6782 = VECTOR('',#6783,1.);
#6783 = DIRECTION('',(-0.,-1.));
#6784 = ( GEOMETRIC_REPRESENTATION_CONTEXT(2) 
PARAMETRIC_REPRESENTATION_CONTEXT() REPRESENTATION_CONTEXT('2D SPACE',''
  ) );
#6785 = PCURVE('',#6774,#6786);
#6786 = DEFINITIONAL_REPRESENTATION('',(#6787),#6791);
#6787 = LINE('',#6788,#6789);
#6788 = CARTESIAN_POINT('',(-6.28318530718,0.));
#6789 = VECTOR('',#6790,1.);
#6790 = DIRECTION('',(-0.,-1.));
#6791 = ( GEOMETRIC_REPRESENTATION_CONTEXT(2) 
PARAMETRIC_REPRESENTATION_CONTEXT() REPRESENTATION_CONTEXT('2D SPACE',''
  ) );
#6792 = ORIENTED_EDGE('',*,*,#6793,.T.);
#6793 = EDGE_CURVE('',#6766,#6766,#6794,.T.);
#6794 = SURFACE_CURVE('',#6795,(#6800,#6807),.PCURVE_S1.);
#6795 = CIRCLE('',#6796,1.3);
#6796 = AXIS2_PLACEMENT_3D('',#6797,#6798,#6799);
#6797 = CARTESIAN_POINT('',(87.450773216421,71.7,42.2));
#6798 = DIRECTION('',(0.,1.,-0.));
#6799 = DIRECTION('',(-1.,0.,0.));
#6800 = PCURVE('',#6774,#6801);
#6801 = DEFINITIONAL_REPRESENTATION('',(#6802),#6806);
#6802 = LINE('',#6803,#6804);
#6803 = CARTESIAN_POINT('',(-0.,-3.));
#6804 = VECTOR('',#6805,1.);
#6805 = DIRECTION('',(-1.,0.));
#6806 = ( GEOMETRIC_REPRESENTATION_CONTEXT(2) 
PARAMETRIC_REPRESENTATION_CONTEXT() REPRESENTATION_CONTEXT('2D SPACE',''
  ) );
#6807 = PCURVE('',#72,#6808);
#6808 = DEFINITIONAL_REPRESENTATION('',(#6809),#6813);
#6809 = CIRCLE('',#6810,1.3);
#6810 = AXIS2_PLACEMENT_2D('',#6811,#6812);
#6811 = CARTESIAN_POINT('',(2.549226783579,-43.55));
#6812 = DIRECTION('',(1.,0.));
#6813 = ( GEOMETRIC_REPRESENTATION_CONTEXT(2) 
PARAMETRIC_REPRESENTATION_CONTEXT() REPRESENTATION_CONTEXT('2D SPACE',''
  ) );
#6814 = ORIENTED_EDGE('',*,*,#6763,.F.);
#6815 = ORIENTED_EDGE('',*,*,#6816,.F.);
#6816 = EDGE_CURVE('',#6764,#6764,#6817,.T.);
#6817 = SURFACE_CURVE('',#6818,(#6823,#6830),.PCURVE_S1.);
#6818 = CIRCLE('',#6819,1.3);
#6819 = AXIS2_PLACEMENT_3D('',#6820,#6821,#6822);
#6820 = CARTESIAN_POINT('',(87.450773216421,68.7,42.2));
#6821 = DIRECTION('',(0.,1.,-0.));
#6822 = DIRECTION('',(-1.,0.,0.));
#6823 = PCURVE('',#6774,#6824);
#6824 = DEFINITIONAL_REPRESENTATION('',(#6825),#6829);
#6825 = LINE('',#6826,#6827);
#6826 = CARTESIAN_POINT('',(-0.,0.));
#6827 = VECTOR('',#6828,1.);
#6828 = DIRECTION('',(-1.,0.));
#6829 = ( GEOMETRIC_REPRESENTATION_CONTEXT(2) 
PARAMETRIC_REPRESENTATION_CONTEXT() REPRESENTATION_CONTEXT('2D SPACE',''
  ) );
#6830 = PCURVE('',#126,#6831);
#6831 = DEFINITIONAL_REPRESENTATION('',(#6832),#6836);
#6832 = CIRCLE('',#6833,1.3);
#6833 = AXIS2_PLACEMENT_2D('',#6834,#6835);
#6834 = CARTESIAN_POINT('',(2.549226783579,-43.55));
#6835 = DIRECTION('',(1.,0.));
#6836 = ( GEOMETRIC_REPRESENTATION_CONTEXT(2) 
PARAMETRIC_REPRESENTATION_CONTEXT() REPRESENTATION_CONTEXT('2D SPACE',''
  ) );
#6837 = ADVANCED_FACE('',(#6838),#6852,.F.);
#6838 = FACE_BOUND('',#6839,.T.);
#6839 = EDGE_LOOP('',(#6840,#6870,#6892,#6893));
#6840 = ORIENTED_EDGE('',*,*,#6841,.T.);
#6841 = EDGE_CURVE('',#6842,#6844,#6846,.T.);
#6842 = VERTEX_POINT('',#6843);
#6843 = CARTESIAN_POINT('',(81.993851278256,68.7,44.6));
#6844 = VERTEX_POINT('',#6845);
#6845 = CARTESIAN_POINT('',(81.993851278256,71.7,44.6));
#6846 = SEAM_CURVE('',#6847,(#6851,#6863),.PCURVE_S1.);
#6847 = LINE('',#6848,#6849);
#6848 = CARTESIAN_POINT('',(81.993851278256,68.7,44.6));
#6849 = VECTOR('',#6850,1.);
#6850 = DIRECTION('',(0.,1.,-0.));
#6851 = PCURVE('',#6852,#6857);
#6852 = CYLINDRICAL_SURFACE('',#6853,1.3);
#6853 = AXIS2_PLACEMENT_3D('',#6854,#6855,#6856);
#6854 = CARTESIAN_POINT('',(83.293851278256,68.7,44.6));
#6855 = DIRECTION('',(-0.,-1.,0.));
#6856 = DIRECTION('',(-1.,0.,0.));
#6857 = DEFINITIONAL_REPRESENTATION('',(#6858),#6862);
#6858 = LINE('',#6859,#6860);
#6859 = CARTESIAN_POINT('',(-0.,0.));
#6860 = VECTOR('',#6861,1.);
#6861 = DIRECTION('',(-0.,-1.));
#6862 = ( GEOMETRIC_REPRESENTATION_CONTEXT(2) 
PARAMETRIC_REPRESENTATION_CONTEXT() REPRESENTATION_CONTEXT('2D SPACE',''
  ) );
#6863 = PCURVE('',#6852,#6864);
#6864 = DEFINITIONAL_REPRESENTATION('',(#6865),#6869);
#6865 = LINE('',#6866,#6867);
#6866 = CARTESIAN_POINT('',(-6.28318530718,0.));
#6867 = VECTOR('',#6868,1.);
#6868 = DIRECTION('',(-0.,-1.));
#6869 = ( GEOMETRIC_REPRESENTATION_CONTEXT(2) 
PARAMETRIC_REPRESENTATION_CONTEXT() REPRESENTATION_CONTEXT('2D SPACE',''
  ) );
#6870 = ORIENTED_EDGE('',*,*,#6871,.T.);
#6871 = EDGE_CURVE('',#6844,#6844,#6872,.T.);
#6872 = SURFACE_CURVE('',#6873,(#6878,#6885),.PCURVE_S1.);
#6873 = CIRCLE('',#6874,1.3);
#6874 = AXIS2_PLACEMENT_3D('',#6875,#6876,#6877);
#6875 = CARTESIAN_POINT('',(83.293851278256,71.7,44.6));
#6876 = DIRECTION('',(0.,1.,-0.));
#6877 = DIRECTION('',(-1.,0.,0.));
#6878 = PCURVE('',#6852,#6879);
#6879 = DEFINITIONAL_REPRESENTATION('',(#6880),#6884);
#6880 = LINE('',#6881,#6882);
#6881 = CARTESIAN_POINT('',(-0.,-3.));
#6882 = VECTOR('',#6883,1.);
#6883 = DIRECTION('',(-1.,0.));
#6884 = ( GEOMETRIC_REPRESENTATION_CONTEXT(2) 
PARAMETRIC_REPRESENTATION_CONTEXT() REPRESENTATION_CONTEXT('2D SPACE',''
  ) );
#6885 = PCURVE('',#72,#6886);
#6886 = DEFINITIONAL_REPRESENTATION('',(#6887),#6891);
#6887 = CIRCLE('',#6888,1.3);
#6888 = AXIS2_PLACEMENT_2D('',#6889,#6890);
#6889 = CARTESIAN_POINT('',(6.706148721744,-41.15));
#6890 = DIRECTION('',(1.,0.));
#6891 = ( GEOMETRIC_REPRESENTATION_CONTEXT(2) 
PARAMETRIC_REPRESENTATION_CONTEXT() REPRESENTATION_CONTEXT('2D SPACE',''
  ) );
#6892 = ORIENTED_EDGE('',*,*,#6841,.F.);
#6893 = ORIENTED_EDGE('',*,*,#6894,.F.);
#6894 = EDGE_CURVE('',#6842,#6842,#6895,.T.);
#6895 = SURFACE_CURVE('',#6896,(#6901,#6908),.PCURVE_S1.);
#6896 = CIRCLE('',#6897,1.3);
#6897 = AXIS2_PLACEMENT_3D('',#6898,#6899,#6900);
#6898 = CARTESIAN_POINT('',(83.293851278256,68.7,44.6));
#6899 = DIRECTION('',(0.,1.,-0.));
#6900 = DIRECTION('',(-1.,0.,0.));
#6901 = PCURVE('',#6852,#6902);
#6902 = DEFINITIONAL_REPRESENTATION('',(#6903),#6907);
#6903 = LINE('',#6904,#6905);
#6904 = CARTESIAN_POINT('',(-0.,0.));
#6905 = VECTOR('',#6906,1.);
#6906 = DIRECTION('',(-1.,0.));
#6907 = ( GEOMETRIC_REPRESENTATION_CONTEXT(2) 
PARAMETRIC_REPRESENTATION_CONTEXT() REPRESENTATION_CONTEXT('2D SPACE',''
  ) );
#6908 = PCURVE('',#126,#6909);
#6909 = DEFINITIONAL_REPRESENTATION('',(#6910),#6914);
#6910 = CIRCLE('',#6911,1.3);
#6911 = AXIS2_PLACEMENT_2D('',#6912,#6913);
#6912 = CARTESIAN_POINT('',(6.706148721744,-41.15));
#6913 = DIRECTION('',(1.,0.));
#6914 = ( GEOMETRIC_REPRESENTATION_CONTEXT(2) 
PARAMETRIC_REPRESENTATION_CONTEXT() REPRESENTATION_CONTEXT('2D SPACE',''
  ) );
#6915 = ADVANCED_FACE('',(#6916),#6930,.F.);
#6916 = FACE_BOUND('',#6917,.T.);
#6917 = EDGE_LOOP('',(#6918,#6948,#6970,#6971));
#6918 = ORIENTED_EDGE('',*,*,#6919,.T.);
#6919 = EDGE_CURVE('',#6920,#6922,#6924,.T.);
#6920 = VERTEX_POINT('',#6921);
#6921 = CARTESIAN_POINT('',(86.150773216421,68.7,47.));
#6922 = VERTEX_POINT('',#6923);
#6923 = CARTESIAN_POINT('',(86.150773216421,71.7,47.));
#6924 = SEAM_CURVE('',#6925,(#6929,#6941),.PCURVE_S1.);
#6925 = LINE('',#6926,#6927);
#6926 = CARTESIAN_POINT('',(86.150773216421,68.7,47.));
#6927 = VECTOR('',#6928,1.);
#6928 = DIRECTION('',(0.,1.,-0.));
#6929 = PCURVE('',#6930,#6935);
#6930 = CYLINDRICAL_SURFACE('',#6931,1.3);
#6931 = AXIS2_PLACEMENT_3D('',#6932,#6933,#6934);
#6932 = CARTESIAN_POINT('',(87.450773216421,68.7,47.));
#6933 = DIRECTION('',(-0.,-1.,0.));
#6934 = DIRECTION('',(-1.,0.,0.));
#6935 = DEFINITIONAL_REPRESENTATION('',(#6936),#6940);
#6936 = LINE('',#6937,#6938);
#6937 = CARTESIAN_POINT('',(-0.,0.));
#6938 = VECTOR('',#6939,1.);
#6939 = DIRECTION('',(-0.,-1.));
#6940 = ( GEOMETRIC_REPRESENTATION_CONTEXT(2) 
PARAMETRIC_REPRESENTATION_CONTEXT() REPRESENTATION_CONTEXT('2D SPACE',''
  ) );
#6941 = PCURVE('',#6930,#6942);
#6942 = DEFINITIONAL_REPRESENTATION('',(#6943),#6947);
#6943 = LINE('',#6944,#6945);
#6944 = CARTESIAN_POINT('',(-6.28318530718,0.));
#6945 = VECTOR('',#6946,1.);
#6946 = DIRECTION('',(-0.,-1.));
#6947 = ( GEOMETRIC_REPRESENTATION_CONTEXT(2) 
PARAMETRIC_REPRESENTATION_CONTEXT() REPRESENTATION_CONTEXT('2D SPACE',''
  ) );
#6948 = ORIENTED_EDGE('',*,*,#6949,.T.);
#6949 = EDGE_CURVE('',#6922,#6922,#6950,.T.);
#6950 = SURFACE_CURVE('',#6951,(#6956,#6963),.PCURVE_S1.);
#6951 = CIRCLE('',#6952,1.3);
#6952 = AXIS2_PLACEMENT_3D('',#6953,#6954,#6955);
#6953 = CARTESIAN_POINT('',(87.450773216421,71.7,47.));
#6954 = DIRECTION('',(0.,1.,-0.));
#6955 = DIRECTION('',(-1.,0.,0.));
#6956 = PCURVE('',#6930,#6957);
#6957 = DEFINITIONAL_REPRESENTATION('',(#6958),#6962);
#6958 = LINE('',#6959,#6960);
#6959 = CARTESIAN_POINT('',(-0.,-3.));
#6960 = VECTOR('',#6961,1.);
#6961 = DIRECTION('',(-1.,0.));
#6962 = ( GEOMETRIC_REPRESENTATION_CONTEXT(2) 
PARAMETRIC_REPRESENTATION_CONTEXT() REPRESENTATION_CONTEXT('2D SPACE',''
  ) );
#6963 = PCURVE('',#72,#6964);
#6964 = DEFINITIONAL_REPRESENTATION('',(#6965),#6969);
#6965 = CIRCLE('',#6966,1.3);
#6966 = AXIS2_PLACEMENT_2D('',#6967,#6968);
#6967 = CARTESIAN_POINT('',(2.549226783579,-38.75));
#6968 = DIRECTION('',(1.,0.));
#6969 = ( GEOMETRIC_REPRESENTATION_CONTEXT(2) 
PARAMETRIC_REPRESENTATION_CONTEXT() REPRESENTATION_CONTEXT('2D SPACE',''
  ) );
#6970 = ORIENTED_EDGE('',*,*,#6919,.F.);
#6971 = ORIENTED_EDGE('',*,*,#6972,.F.);
#6972 = EDGE_CURVE('',#6920,#6920,#6973,.T.);
#6973 = SURFACE_CURVE('',#6974,(#6979,#6986),.PCURVE_S1.);
#6974 = CIRCLE('',#6975,1.3);
#6975 = AXIS2_PLACEMENT_3D('',#6976,#6977,#6978);
#6976 = CARTESIAN_POINT('',(87.450773216421,68.7,47.));
#6977 = DIRECTION('',(0.,1.,-0.));
#6978 = DIRECTION('',(-1.,0.,0.));
#6979 = PCURVE('',#6930,#6980);
#6980 = DEFINITIONAL_REPRESENTATION('',(#6981),#6985);
#6981 = LINE('',#6982,#6983);
#6982 = CARTESIAN_POINT('',(-0.,0.));
#6983 = VECTOR('',#6984,1.);
#6984 = DIRECTION('',(-1.,0.));
#6985 = ( GEOMETRIC_REPRESENTATION_CONTEXT(2) 
PARAMETRIC_REPRESENTATION_CONTEXT() REPRESENTATION_CONTEXT('2D SPACE',''
  ) );
#6986 = PCURVE('',#126,#6987);
#6987 = DEFINITIONAL_REPRESENTATION('',(#6988),#6992);
#6988 = CIRCLE('',#6989,1.3);
#6989 = AXIS2_PLACEMENT_2D('',#6990,#6991);
#6990 = CARTESIAN_POINT('',(2.549226783579,-38.75));
#6991 = DIRECTION('',(1.,0.));
#6992 = ( GEOMETRIC_REPRESENTATION_CONTEXT(2) 
PARAMETRIC_REPRESENTATION_CONTEXT() REPRESENTATION_CONTEXT('2D SPACE',''
  ) );
#6993 = ADVANCED_FACE('',(#6994),#7008,.F.);
#6994 = FACE_BOUND('',#6995,.T.);
#6995 = EDGE_LOOP('',(#6996,#7026,#7048,#7049));
#6996 = ORIENTED_EDGE('',*,*,#6997,.T.);
#6997 = EDGE_CURVE('',#6998,#7000,#7002,.T.);
#6998 = VERTEX_POINT('',#6999);
#6999 = CARTESIAN_POINT('',(81.993851278256,68.7,49.4));
#7000 = VERTEX_POINT('',#7001);
#7001 = CARTESIAN_POINT('',(81.993851278256,71.7,49.4));
#7002 = SEAM_CURVE('',#7003,(#7007,#7019),.PCURVE_S1.);
#7003 = LINE('',#7004,#7005);
#7004 = CARTESIAN_POINT('',(81.993851278256,68.7,49.4));
#7005 = VECTOR('',#7006,1.);
#7006 = DIRECTION('',(0.,1.,-0.));
#7007 = PCURVE('',#7008,#7013);
#7008 = CYLINDRICAL_SURFACE('',#7009,1.3);
#7009 = AXIS2_PLACEMENT_3D('',#7010,#7011,#7012);
#7010 = CARTESIAN_POINT('',(83.293851278256,68.7,49.4));
#7011 = DIRECTION('',(-0.,-1.,0.));
#7012 = DIRECTION('',(-1.,0.,0.));
#7013 = DEFINITIONAL_REPRESENTATION('',(#7014),#7018);
#7014 = LINE('',#7015,#7016);
#7015 = CARTESIAN_POINT('',(-0.,0.));
#7016 = VECTOR('',#7017,1.);
#7017 = DIRECTION('',(-0.,-1.));
#7018 = ( GEOMETRIC_REPRESENTATION_CONTEXT(2) 
PARAMETRIC_REPRESENTATION_CONTEXT() REPRESENTATION_CONTEXT('2D SPACE',''
  ) );
#7019 = PCURVE('',#7008,#7020);
#7020 = DEFINITIONAL_REPRESENTATION('',(#7021),#7025);
#7021 = LINE('',#7022,#7023);
#7022 = CARTESIAN_POINT('',(-6.28318530718,0.));
#7023 = VECTOR('',#7024,1.);
#7024 = DIRECTION('',(-0.,-1.));
#7025 = ( GEOMETRIC_REPRESENTATION_CONTEXT(2) 
PARAMETRIC_REPRESENTATION_CONTEXT() REPRESENTATION_CONTEXT('2D SPACE',''
  ) );
#7026 = ORIENTED_EDGE('',*,*,#7027,.T.);
#7027 = EDGE_CURVE('',#7000,#7000,#7028,.T.);
#7028 = SURFACE_CURVE('',#7029,(#7034,#7041),.PCURVE_S1.);
#7029 = CIRCLE('',#7030,1.3);
#7030 = AXIS2_PLACEMENT_3D('',#7031,#7032,#7033);
#7031 = CARTESIAN_POINT('',(83.293851278256,71.7,49.4));
#7032 = DIRECTION('',(0.,1.,-0.));
#7033 = DIRECTION('',(-1.,0.,0.));
#7034 = PCURVE('',#7008,#7035);
#7035 = DEFINITIONAL_REPRESENTATION('',(#7036),#7040);
#7036 = LINE('',#7037,#7038);
#7037 = CARTESIAN_POINT('',(-0.,-3.));
#7038 = VECTOR('',#7039,1.);
#7039 = DIRECTION('',(-1.,0.));
#7040 = ( GEOMETRIC_REPRESENTATION_CONTEXT(2) 
PARAMETRIC_REPRESENTATION_CONTEXT() REPRESENTATION_CONTEXT('2D SPACE',''
  ) );
#7041 = PCURVE('',#72,#7042);
#7042 = DEFINITIONAL_REPRESENTATION('',(#7043),#7047);
#7043 = CIRCLE('',#7044,1.3);
#7044 = AXIS2_PLACEMENT_2D('',#7045,#7046);
#7045 = CARTESIAN_POINT('',(6.706148721744,-36.35));
#7046 = DIRECTION('',(1.,0.));
#7047 = ( GEOMETRIC_REPRESENTATION_CONTEXT(2) 
PARAMETRIC_REPRESENTATION_CONTEXT() REPRESENTATION_CONTEXT('2D SPACE',''
  ) );
#7048 = ORIENTED_EDGE('',*,*,#6997,.F.);
#7049 = ORIENTED_EDGE('',*,*,#7050,.F.);
#7050 = EDGE_CURVE('',#6998,#6998,#7051,.T.);
#7051 = SURFACE_CURVE('',#7052,(#7057,#7064),.PCURVE_S1.);
#7052 = CIRCLE('',#7053,1.3);
#7053 = AXIS2_PLACEMENT_3D('',#7054,#7055,#7056);
#7054 = CARTESIAN_POINT('',(83.293851278256,68.7,49.4));
#7055 = DIRECTION('',(0.,1.,-0.));
#7056 = DIRECTION('',(-1.,0.,0.));
#7057 = PCURVE('',#7008,#7058);
#7058 = DEFINITIONAL_REPRESENTATION('',(#7059),#7063);
#7059 = LINE('',#7060,#7061);
#7060 = CARTESIAN_POINT('',(-0.,0.));
#7061 = VECTOR('',#7062,1.);
#7062 = DIRECTION('',(-1.,0.));
#7063 = ( GEOMETRIC_REPRESENTATION_CONTEXT(2) 
PARAMETRIC_REPRESENTATION_CONTEXT() REPRESENTATION_CONTEXT('2D SPACE',''
  ) );
#7064 = PCURVE('',#126,#7065);
#7065 = DEFINITIONAL_REPRESENTATION('',(#7066),#7070);
#7066 = CIRCLE('',#7067,1.3);
#7067 = AXIS2_PLACEMENT_2D('',#7068,#7069);
#7068 = CARTESIAN_POINT('',(6.706148721744,-36.35));
#7069 = DIRECTION('',(1.,0.));
#7070 = ( GEOMETRIC_REPRESENTATION_CONTEXT(2) 
PARAMETRIC_REPRESENTATION_CONTEXT() REPRESENTATION_CONTEXT('2D SPACE',''
  ) );
#7071 = ADVANCED_FACE('',(#7072),#7086,.F.);
#7072 = FACE_BOUND('',#7073,.T.);
#7073 = EDGE_LOOP('',(#7074,#7104,#7126,#7127));
#7074 = ORIENTED_EDGE('',*,*,#7075,.T.);
#7075 = EDGE_CURVE('',#7076,#7078,#7080,.T.);
#7076 = VERTEX_POINT('',#7077);
#7077 = CARTESIAN_POINT('',(86.150773216421,68.7,51.8));
#7078 = VERTEX_POINT('',#7079);
#7079 = CARTESIAN_POINT('',(86.150773216421,71.7,51.8));
#7080 = SEAM_CURVE('',#7081,(#7085,#7097),.PCURVE_S1.);
#7081 = LINE('',#7082,#7083);
#7082 = CARTESIAN_POINT('',(86.150773216421,68.7,51.8));
#7083 = VECTOR('',#7084,1.);
#7084 = DIRECTION('',(0.,1.,-0.));
#7085 = PCURVE('',#7086,#7091);
#7086 = CYLINDRICAL_SURFACE('',#7087,1.3);
#7087 = AXIS2_PLACEMENT_3D('',#7088,#7089,#7090);
#7088 = CARTESIAN_POINT('',(87.450773216421,68.7,51.8));
#7089 = DIRECTION('',(-0.,-1.,0.));
#7090 = DIRECTION('',(-1.,0.,0.));
#7091 = DEFINITIONAL_REPRESENTATION('',(#7092),#7096);
#7092 = LINE('',#7093,#7094);
#7093 = CARTESIAN_POINT('',(-0.,0.));
#7094 = VECTOR('',#7095,1.);
#7095 = DIRECTION('',(-0.,-1.));
#7096 = ( GEOMETRIC_REPRESENTATION_CONTEXT(2) 
PARAMETRIC_REPRESENTATION_CONTEXT() REPRESENTATION_CONTEXT('2D SPACE',''
  ) );
#7097 = PCURVE('',#7086,#7098);
#7098 = DEFINITIONAL_REPRESENTATION('',(#7099),#7103);
#7099 = LINE('',#7100,#7101);
#7100 = CARTESIAN_POINT('',(-6.28318530718,0.));
#7101 = VECTOR('',#7102,1.);
#7102 = DIRECTION('',(-0.,-1.));
#7103 = ( GEOMETRIC_REPRESENTATION_CONTEXT(2) 
PARAMETRIC_REPRESENTATION_CONTEXT() REPRESENTATION_CONTEXT('2D SPACE',''
  ) );
#7104 = ORIENTED_EDGE('',*,*,#7105,.T.);
#7105 = EDGE_CURVE('',#7078,#7078,#7106,.T.);
#7106 = SURFACE_CURVE('',#7107,(#7112,#7119),.PCURVE_S1.);
#7107 = CIRCLE('',#7108,1.3);
#7108 = AXIS2_PLACEMENT_3D('',#7109,#7110,#7111);
#7109 = CARTESIAN_POINT('',(87.450773216421,71.7,51.8));
#7110 = DIRECTION('',(0.,1.,-0.));
#7111 = DIRECTION('',(-1.,0.,0.));
#7112 = PCURVE('',#7086,#7113);
#7113 = DEFINITIONAL_REPRESENTATION('',(#7114),#7118);
#7114 = LINE('',#7115,#7116);
#7115 = CARTESIAN_POINT('',(-0.,-3.));
#7116 = VECTOR('',#7117,1.);
#7117 = DIRECTION('',(-1.,0.));
#7118 = ( GEOMETRIC_REPRESENTATION_CONTEXT(2) 
PARAMETRIC_REPRESENTATION_CONTEXT() REPRESENTATION_CONTEXT('2D SPACE',''
  ) );
#7119 = PCURVE('',#72,#7120);
#7120 = DEFINITIONAL_REPRESENTATION('',(#7121),#7125);
#7121 = CIRCLE('',#7122,1.3);
#7122 = AXIS2_PLACEMENT_2D('',#7123,#7124);
#7123 = CARTESIAN_POINT('',(2.549226783579,-33.95));
#7124 = DIRECTION('',(1.,0.));
#7125 = ( GEOMETRIC_REPRESENTATION_CONTEXT(2) 
PARAMETRIC_REPRESENTATION_CONTEXT() REPRESENTATION_CONTEXT('2D SPACE',''
  ) );
#7126 = ORIENTED_EDGE('',*,*,#7075,.F.);
#7127 = ORIENTED_EDGE('',*,*,#7128,.F.);
#7128 = EDGE_CURVE('',#7076,#7076,#7129,.T.);
#7129 = SURFACE_CURVE('',#7130,(#7135,#7142),.PCURVE_S1.);
#7130 = CIRCLE('',#7131,1.3);
#7131 = AXIS2_PLACEMENT_3D('',#7132,#7133,#7134);
#7132 = CARTESIAN_POINT('',(87.450773216421,68.7,51.8));
#7133 = DIRECTION('',(0.,1.,-0.));
#7134 = DIRECTION('',(-1.,0.,0.));
#7135 = PCURVE('',#7086,#7136);
#7136 = DEFINITIONAL_REPRESENTATION('',(#7137),#7141);
#7137 = LINE('',#7138,#7139);
#7138 = CARTESIAN_POINT('',(-0.,0.));
#7139 = VECTOR('',#7140,1.);
#7140 = DIRECTION('',(-1.,0.));
#7141 = ( GEOMETRIC_REPRESENTATION_CONTEXT(2) 
PARAMETRIC_REPRESENTATION_CONTEXT() REPRESENTATION_CONTEXT('2D SPACE',''
  ) );
#7142 = PCURVE('',#126,#7143);
#7143 = DEFINITIONAL_REPRESENTATION('',(#7144),#7148);
#7144 = CIRCLE('',#7145,1.3);
#7145 = AXIS2_PLACEMENT_2D('',#7146,#7147);
#7146 = CARTESIAN_POINT('',(2.549226783579,-33.95));
#7147 = DIRECTION('',(1.,0.));
#7148 = ( GEOMETRIC_REPRESENTATION_CONTEXT(2) 
PARAMETRIC_REPRESENTATION_CONTEXT() REPRESENTATION_CONTEXT('2D SPACE',''
  ) );
#7149 = ADVANCED_FACE('',(#7150),#7164,.F.);
#7150 = FACE_BOUND('',#7151,.T.);
#7151 = EDGE_LOOP('',(#7152,#7182,#7204,#7205));
#7152 = ORIENTED_EDGE('',*,*,#7153,.T.);
#7153 = EDGE_CURVE('',#7154,#7156,#7158,.T.);
#7154 = VERTEX_POINT('',#7155);
#7155 = CARTESIAN_POINT('',(81.993851278256,68.7,54.2));
#7156 = VERTEX_POINT('',#7157);
#7157 = CARTESIAN_POINT('',(81.993851278256,71.7,54.2));
#7158 = SEAM_CURVE('',#7159,(#7163,#7175),.PCURVE_S1.);
#7159 = LINE('',#7160,#7161);
#7160 = CARTESIAN_POINT('',(81.993851278256,68.7,54.2));
#7161 = VECTOR('',#7162,1.);
#7162 = DIRECTION('',(0.,1.,-0.));
#7163 = PCURVE('',#7164,#7169);
#7164 = CYLINDRICAL_SURFACE('',#7165,1.3);
#7165 = AXIS2_PLACEMENT_3D('',#7166,#7167,#7168);
#7166 = CARTESIAN_POINT('',(83.293851278256,68.7,54.2));
#7167 = DIRECTION('',(-0.,-1.,0.));
#7168 = DIRECTION('',(-1.,0.,0.));
#7169 = DEFINITIONAL_REPRESENTATION('',(#7170),#7174);
#7170 = LINE('',#7171,#7172);
#7171 = CARTESIAN_POINT('',(-0.,0.));
#7172 = VECTOR('',#7173,1.);
#7173 = DIRECTION('',(-0.,-1.));
#7174 = ( GEOMETRIC_REPRESENTATION_CONTEXT(2) 
PARAMETRIC_REPRESENTATION_CONTEXT() REPRESENTATION_CONTEXT('2D SPACE',''
  ) );
#7175 = PCURVE('',#7164,#7176);
#7176 = DEFINITIONAL_REPRESENTATION('',(#7177),#7181);
#7177 = LINE('',#7178,#7179);
#7178 = CARTESIAN_POINT('',(-6.28318530718,0.));
#7179 = VECTOR('',#7180,1.);
#7180 = DIRECTION('',(-0.,-1.));
#7181 = ( GEOMETRIC_REPRESENTATION_CONTEXT(2) 
PARAMETRIC_REPRESENTATION_CONTEXT() REPRESENTATION_CONTEXT('2D SPACE',''
  ) );
#7182 = ORIENTED_EDGE('',*,*,#7183,.T.);
#7183 = EDGE_CURVE('',#7156,#7156,#7184,.T.);
#7184 = SURFACE_CURVE('',#7185,(#7190,#7197),.PCURVE_S1.);
#7185 = CIRCLE('',#7186,1.3);
#7186 = AXIS2_PLACEMENT_3D('',#7187,#7188,#7189);
#7187 = CARTESIAN_POINT('',(83.293851278256,71.7,54.2));
#7188 = DIRECTION('',(0.,1.,-0.));
#7189 = DIRECTION('',(-1.,0.,0.));
#7190 = PCURVE('',#7164,#7191);
#7191 = DEFINITIONAL_REPRESENTATION('',(#7192),#7196);
#7192 = LINE('',#7193,#7194);
#7193 = CARTESIAN_POINT('',(-0.,-3.));
#7194 = VECTOR('',#7195,1.);
#7195 = DIRECTION('',(-1.,0.));
#7196 = ( GEOMETRIC_REPRESENTATION_CONTEXT(2) 
PARAMETRIC_REPRESENTATION_CONTEXT() REPRESENTATION_CONTEXT('2D SPACE',''
  ) );
#7197 = PCURVE('',#72,#7198);
#7198 = DEFINITIONAL_REPRESENTATION('',(#7199),#7203);
#7199 = CIRCLE('',#7200,1.3);
#7200 = AXIS2_PLACEMENT_2D('',#7201,#7202);
#7201 = CARTESIAN_POINT('',(6.706148721744,-31.55));
#7202 = DIRECTION('',(1.,0.));
#7203 = ( GEOMETRIC_REPRESENTATION_CONTEXT(2) 
PARAMETRIC_REPRESENTATION_CONTEXT() REPRESENTATION_CONTEXT('2D SPACE',''
  ) );
#7204 = ORIENTED_EDGE('',*,*,#7153,.F.);
#7205 = ORIENTED_EDGE('',*,*,#7206,.F.);
#7206 = EDGE_CURVE('',#7154,#7154,#7207,.T.);
#7207 = SURFACE_CURVE('',#7208,(#7213,#7220),.PCURVE_S1.);
#7208 = CIRCLE('',#7209,1.3);
#7209 = AXIS2_PLACEMENT_3D('',#7210,#7211,#7212);
#7210 = CARTESIAN_POINT('',(83.293851278256,68.7,54.2));
#7211 = DIRECTION('',(0.,1.,-0.));
#7212 = DIRECTION('',(-1.,0.,0.));
#7213 = PCURVE('',#7164,#7214);
#7214 = DEFINITIONAL_REPRESENTATION('',(#7215),#7219);
#7215 = LINE('',#7216,#7217);
#7216 = CARTESIAN_POINT('',(-0.,0.));
#7217 = VECTOR('',#7218,1.);
#7218 = DIRECTION('',(-1.,0.));
#7219 = ( GEOMETRIC_REPRESENTATION_CONTEXT(2) 
PARAMETRIC_REPRESENTATION_CONTEXT() REPRESENTATION_CONTEXT('2D SPACE',''
  ) );
#7220 = PCURVE('',#126,#7221);
#7221 = DEFINITIONAL_REPRESENTATION('',(#7222),#7226);
#7222 = CIRCLE('',#7223,1.3);
#7223 = AXIS2_PLACEMENT_2D('',#7224,#7225);
#7224 = CARTESIAN_POINT('',(6.706148721744,-31.55));
#7225 = DIRECTION('',(1.,0.));
#7226 = ( GEOMETRIC_REPRESENTATION_CONTEXT(2) 
PARAMETRIC_REPRESENTATION_CONTEXT() REPRESENTATION_CONTEXT('2D SPACE',''
  ) );
#7227 = ADVANCED_FACE('',(#7228),#7242,.F.);
#7228 = FACE_BOUND('',#7229,.T.);
#7229 = EDGE_LOOP('',(#7230,#7260,#7282,#7283));
#7230 = ORIENTED_EDGE('',*,*,#7231,.T.);
#7231 = EDGE_CURVE('',#7232,#7234,#7236,.T.);
#7232 = VERTEX_POINT('',#7233);
#7233 = CARTESIAN_POINT('',(86.150773216421,68.7,56.6));
#7234 = VERTEX_POINT('',#7235);
#7235 = CARTESIAN_POINT('',(86.150773216421,71.7,56.6));
#7236 = SEAM_CURVE('',#7237,(#7241,#7253),.PCURVE_S1.);
#7237 = LINE('',#7238,#7239);
#7238 = CARTESIAN_POINT('',(86.150773216421,68.7,56.6));
#7239 = VECTOR('',#7240,1.);
#7240 = DIRECTION('',(0.,1.,-0.));
#7241 = PCURVE('',#7242,#7247);
#7242 = CYLINDRICAL_SURFACE('',#7243,1.3);
#7243 = AXIS2_PLACEMENT_3D('',#7244,#7245,#7246);
#7244 = CARTESIAN_POINT('',(87.450773216421,68.7,56.6));
#7245 = DIRECTION('',(-0.,-1.,0.));
#7246 = DIRECTION('',(-1.,0.,0.));
#7247 = DEFINITIONAL_REPRESENTATION('',(#7248),#7252);
#7248 = LINE('',#7249,#7250);
#7249 = CARTESIAN_POINT('',(-0.,0.));
#7250 = VECTOR('',#7251,1.);
#7251 = DIRECTION('',(-0.,-1.));
#7252 = ( GEOMETRIC_REPRESENTATION_CONTEXT(2) 
PARAMETRIC_REPRESENTATION_CONTEXT() REPRESENTATION_CONTEXT('2D SPACE',''
  ) );
#7253 = PCURVE('',#7242,#7254);
#7254 = DEFINITIONAL_REPRESENTATION('',(#7255),#7259);
#7255 = LINE('',#7256,#7257);
#7256 = CARTESIAN_POINT('',(-6.28318530718,0.));
#7257 = VECTOR('',#7258,1.);
#7258 = DIRECTION('',(-0.,-1.));
#7259 = ( GEOMETRIC_REPRESENTATION_CONTEXT(2) 
PARAMETRIC_REPRESENTATION_CONTEXT() REPRESENTATION_CONTEXT('2D SPACE',''
  ) );
#7260 = ORIENTED_EDGE('',*,*,#7261,.T.);
#7261 = EDGE_CURVE('',#7234,#7234,#7262,.T.);
#7262 = SURFACE_CURVE('',#7263,(#7268,#7275),.PCURVE_S1.);
#7263 = CIRCLE('',#7264,1.3);
#7264 = AXIS2_PLACEMENT_3D('',#7265,#7266,#7267);
#7265 = CARTESIAN_POINT('',(87.450773216421,71.7,56.6));
#7266 = DIRECTION('',(0.,1.,-0.));
#7267 = DIRECTION('',(-1.,0.,0.));
#7268 = PCURVE('',#7242,#7269);
#7269 = DEFINITIONAL_REPRESENTATION('',(#7270),#7274);
#7270 = LINE('',#7271,#7272);
#7271 = CARTESIAN_POINT('',(-0.,-3.));
#7272 = VECTOR('',#7273,1.);
#7273 = DIRECTION('',(-1.,0.));
#7274 = ( GEOMETRIC_REPRESENTATION_CONTEXT(2) 
PARAMETRIC_REPRESENTATION_CONTEXT() REPRESENTATION_CONTEXT('2D SPACE',''
  ) );
#7275 = PCURVE('',#72,#7276);
#7276 = DEFINITIONAL_REPRESENTATION('',(#7277),#7281);
#7277 = CIRCLE('',#7278,1.3);
#7278 = AXIS2_PLACEMENT_2D('',#7279,#7280);
#7279 = CARTESIAN_POINT('',(2.549226783579,-29.15));
#7280 = DIRECTION('',(1.,0.));
#7281 = ( GEOMETRIC_REPRESENTATION_CONTEXT(2) 
PARAMETRIC_REPRESENTATION_CONTEXT() REPRESENTATION_CONTEXT('2D SPACE',''
  ) );
#7282 = ORIENTED_EDGE('',*,*,#7231,.F.);
#7283 = ORIENTED_EDGE('',*,*,#7284,.F.);
#7284 = EDGE_CURVE('',#7232,#7232,#7285,.T.);
#7285 = SURFACE_CURVE('',#7286,(#7291,#7298),.PCURVE_S1.);
#7286 = CIRCLE('',#7287,1.3);
#7287 = AXIS2_PLACEMENT_3D('',#7288,#7289,#7290);
#7288 = CARTESIAN_POINT('',(87.450773216421,68.7,56.6));
#7289 = DIRECTION('',(0.,1.,-0.));
#7290 = DIRECTION('',(-1.,0.,0.));
#7291 = PCURVE('',#7242,#7292);
#7292 = DEFINITIONAL_REPRESENTATION('',(#7293),#7297);
#7293 = LINE('',#7294,#7295);
#7294 = CARTESIAN_POINT('',(-0.,0.));
#7295 = VECTOR('',#7296,1.);
#7296 = DIRECTION('',(-1.,0.));
#7297 = ( GEOMETRIC_REPRESENTATION_CONTEXT(2) 
PARAMETRIC_REPRESENTATION_CONTEXT() REPRESENTATION_CONTEXT('2D SPACE',''
  ) );
#7298 = PCURVE('',#126,#7299);
#7299 = DEFINITIONAL_REPRESENTATION('',(#7300),#7304);
#7300 = CIRCLE('',#7301,1.3);
#7301 = AXIS2_PLACEMENT_2D('',#7302,#7303);
#7302 = CARTESIAN_POINT('',(2.549226783579,-29.15));
#7303 = DIRECTION('',(1.,0.));
#7304 = ( GEOMETRIC_REPRESENTATION_CONTEXT(2) 
PARAMETRIC_REPRESENTATION_CONTEXT() REPRESENTATION_CONTEXT('2D SPACE',''
  ) );
#7305 = ADVANCED_FACE('',(#7306),#7320,.F.);
#7306 = FACE_BOUND('',#7307,.T.);
#7307 = EDGE_LOOP('',(#7308,#7338,#7360,#7361));
#7308 = ORIENTED_EDGE('',*,*,#7309,.T.);
#7309 = EDGE_CURVE('',#7310,#7312,#7314,.T.);
#7310 = VERTEX_POINT('',#7311);
#7311 = CARTESIAN_POINT('',(81.993851278256,68.7,59.));
#7312 = VERTEX_POINT('',#7313);
#7313 = CARTESIAN_POINT('',(81.993851278256,71.7,59.));
#7314 = SEAM_CURVE('',#7315,(#7319,#7331),.PCURVE_S1.);
#7315 = LINE('',#7316,#7317);
#7316 = CARTESIAN_POINT('',(81.993851278256,68.7,59.));
#7317 = VECTOR('',#7318,1.);
#7318 = DIRECTION('',(0.,1.,-0.));
#7319 = PCURVE('',#7320,#7325);
#7320 = CYLINDRICAL_SURFACE('',#7321,1.3);
#7321 = AXIS2_PLACEMENT_3D('',#7322,#7323,#7324);
#7322 = CARTESIAN_POINT('',(83.293851278256,68.7,59.));
#7323 = DIRECTION('',(-0.,-1.,0.));
#7324 = DIRECTION('',(-1.,0.,0.));
#7325 = DEFINITIONAL_REPRESENTATION('',(#7326),#7330);
#7326 = LINE('',#7327,#7328);
#7327 = CARTESIAN_POINT('',(-0.,0.));
#7328 = VECTOR('',#7329,1.);
#7329 = DIRECTION('',(-0.,-1.));
#7330 = ( GEOMETRIC_REPRESENTATION_CONTEXT(2) 
PARAMETRIC_REPRESENTATION_CONTEXT() REPRESENTATION_CONTEXT('2D SPACE',''
  ) );
#7331 = PCURVE('',#7320,#7332);
#7332 = DEFINITIONAL_REPRESENTATION('',(#7333),#7337);
#7333 = LINE('',#7334,#7335);
#7334 = CARTESIAN_POINT('',(-6.28318530718,0.));
#7335 = VECTOR('',#7336,1.);
#7336 = DIRECTION('',(-0.,-1.));
#7337 = ( GEOMETRIC_REPRESENTATION_CONTEXT(2) 
PARAMETRIC_REPRESENTATION_CONTEXT() REPRESENTATION_CONTEXT('2D SPACE',''
  ) );
#7338 = ORIENTED_EDGE('',*,*,#7339,.T.);
#7339 = EDGE_CURVE('',#7312,#7312,#7340,.T.);
#7340 = SURFACE_CURVE('',#7341,(#7346,#7353),.PCURVE_S1.);
#7341 = CIRCLE('',#7342,1.3);
#7342 = AXIS2_PLACEMENT_3D('',#7343,#7344,#7345);
#7343 = CARTESIAN_POINT('',(83.293851278256,71.7,59.));
#7344 = DIRECTION('',(0.,1.,-0.));
#7345 = DIRECTION('',(-1.,0.,0.));
#7346 = PCURVE('',#7320,#7347);
#7347 = DEFINITIONAL_REPRESENTATION('',(#7348),#7352);
#7348 = LINE('',#7349,#7350);
#7349 = CARTESIAN_POINT('',(-0.,-3.));
#7350 = VECTOR('',#7351,1.);
#7351 = DIRECTION('',(-1.,0.));
#7352 = ( GEOMETRIC_REPRESENTATION_CONTEXT(2) 
PARAMETRIC_REPRESENTATION_CONTEXT() REPRESENTATION_CONTEXT('2D SPACE',''
  ) );
#7353 = PCURVE('',#72,#7354);
#7354 = DEFINITIONAL_REPRESENTATION('',(#7355),#7359);
#7355 = CIRCLE('',#7356,1.3);
#7356 = AXIS2_PLACEMENT_2D('',#7357,#7358);
#7357 = CARTESIAN_POINT('',(6.706148721744,-26.75));
#7358 = DIRECTION('',(1.,0.));
#7359 = ( GEOMETRIC_REPRESENTATION_CONTEXT(2) 
PARAMETRIC_REPRESENTATION_CONTEXT() REPRESENTATION_CONTEXT('2D SPACE',''
  ) );
#7360 = ORIENTED_EDGE('',*,*,#7309,.F.);
#7361 = ORIENTED_EDGE('',*,*,#7362,.F.);
#7362 = EDGE_CURVE('',#7310,#7310,#7363,.T.);
#7363 = SURFACE_CURVE('',#7364,(#7369,#7376),.PCURVE_S1.);
#7364 = CIRCLE('',#7365,1.3);
#7365 = AXIS2_PLACEMENT_3D('',#7366,#7367,#7368);
#7366 = CARTESIAN_POINT('',(83.293851278256,68.7,59.));
#7367 = DIRECTION('',(0.,1.,-0.));
#7368 = DIRECTION('',(-1.,0.,0.));
#7369 = PCURVE('',#7320,#7370);
#7370 = DEFINITIONAL_REPRESENTATION('',(#7371),#7375);
#7371 = LINE('',#7372,#7373);
#7372 = CARTESIAN_POINT('',(-0.,0.));
#7373 = VECTOR('',#7374,1.);
#7374 = DIRECTION('',(-1.,0.));
#7375 = ( GEOMETRIC_REPRESENTATION_CONTEXT(2) 
PARAMETRIC_REPRESENTATION_CONTEXT() REPRESENTATION_CONTEXT('2D SPACE',''
  ) );
#7376 = PCURVE('',#126,#7377);
#7377 = DEFINITIONAL_REPRESENTATION('',(#7378),#7382);
#7378 = CIRCLE('',#7379,1.3);
#7379 = AXIS2_PLACEMENT_2D('',#7380,#7381);
#7380 = CARTESIAN_POINT('',(6.706148721744,-26.75));
#7381 = DIRECTION('',(1.,0.));
#7382 = ( GEOMETRIC_REPRESENTATION_CONTEXT(2) 
PARAMETRIC_REPRESENTATION_CONTEXT() REPRESENTATION_CONTEXT('2D SPACE',''
  ) );
#7383 = ADVANCED_FACE('',(#7384),#7398,.F.);
#7384 = FACE_BOUND('',#7385,.T.);
#7385 = EDGE_LOOP('',(#7386,#7416,#7438,#7439));
#7386 = ORIENTED_EDGE('',*,*,#7387,.T.);
#7387 = EDGE_CURVE('',#7388,#7390,#7392,.T.);
#7388 = VERTEX_POINT('',#7389);
#7389 = CARTESIAN_POINT('',(70.15,68.7,68.5));
#7390 = VERTEX_POINT('',#7391);
#7391 = CARTESIAN_POINT('',(70.15,71.7,68.5));
#7392 = SEAM_CURVE('',#7393,(#7397,#7409),.PCURVE_S1.);
#7393 = LINE('',#7394,#7395);
#7394 = CARTESIAN_POINT('',(70.15,68.7,68.5));
#7395 = VECTOR('',#7396,1.);
#7396 = DIRECTION('',(0.,1.,-0.));
#7397 = PCURVE('',#7398,#7403);
#7398 = CYLINDRICAL_SURFACE('',#7399,1.35);
#7399 = AXIS2_PLACEMENT_3D('',#7400,#7401,#7402);
#7400 = CARTESIAN_POINT('',(71.5,68.7,68.5));
#7401 = DIRECTION('',(-0.,-1.,0.));
#7402 = DIRECTION('',(-1.,0.,0.));
#7403 = DEFINITIONAL_REPRESENTATION('',(#7404),#7408);
#7404 = LINE('',#7405,#7406);
#7405 = CARTESIAN_POINT('',(-0.,0.));
#7406 = VECTOR('',#7407,1.);
#7407 = DIRECTION('',(-0.,-1.));
#7408 = ( GEOMETRIC_REPRESENTATION_CONTEXT(2) 
PARAMETRIC_REPRESENTATION_CONTEXT() REPRESENTATION_CONTEXT('2D SPACE',''
  ) );
#7409 = PCURVE('',#7398,#7410);
#7410 = DEFINITIONAL_REPRESENTATION('',(#7411),#7415);
#7411 = LINE('',#7412,#7413);
#7412 = CARTESIAN_POINT('',(-6.28318530718,0.));
#7413 = VECTOR('',#7414,1.);
#7414 = DIRECTION('',(-0.,-1.));
#7415 = ( GEOMETRIC_REPRESENTATION_CONTEXT(2) 
PARAMETRIC_REPRESENTATION_CONTEXT() REPRESENTATION_CONTEXT('2D SPACE',''
  ) );
#7416 = ORIENTED_EDGE('',*,*,#7417,.T.);
#7417 = EDGE_CURVE('',#7390,#7390,#7418,.T.);
#7418 = SURFACE_CURVE('',#7419,(#7424,#7431),.PCURVE_S1.);
#7419 = CIRCLE('',#7420,1.35);
#7420 = AXIS2_PLACEMENT_3D('',#7421,#7422,#7423);
#7421 = CARTESIAN_POINT('',(71.5,71.7,68.5));
#7422 = DIRECTION('',(0.,1.,-0.));
#7423 = DIRECTION('',(-1.,0.,0.));
#7424 = PCURVE('',#7398,#7425);
#7425 = DEFINITIONAL_REPRESENTATION('',(#7426),#7430);
#7426 = LINE('',#7427,#7428);
#7427 = CARTESIAN_POINT('',(-0.,-3.));
#7428 = VECTOR('',#7429,1.);
#7429 = DIRECTION('',(-1.,0.));
#7430 = ( GEOMETRIC_REPRESENTATION_CONTEXT(2) 
PARAMETRIC_REPRESENTATION_CONTEXT() REPRESENTATION_CONTEXT('2D SPACE',''
  ) );
#7431 = PCURVE('',#72,#7432);
#7432 = DEFINITIONAL_REPRESENTATION('',(#7433),#7437);
#7433 = CIRCLE('',#7434,1.35);
#7434 = AXIS2_PLACEMENT_2D('',#7435,#7436);
#7435 = CARTESIAN_POINT('',(18.5,-17.25));
#7436 = DIRECTION('',(1.,0.));
#7437 = ( GEOMETRIC_REPRESENTATION_CONTEXT(2) 
PARAMETRIC_REPRESENTATION_CONTEXT() REPRESENTATION_CONTEXT('2D SPACE',''
  ) );
#7438 = ORIENTED_EDGE('',*,*,#7387,.F.);
#7439 = ORIENTED_EDGE('',*,*,#7440,.F.);
#7440 = EDGE_CURVE('',#7388,#7388,#7441,.T.);
#7441 = SURFACE_CURVE('',#7442,(#7447,#7454),.PCURVE_S1.);
#7442 = CIRCLE('',#7443,1.35);
#7443 = AXIS2_PLACEMENT_3D('',#7444,#7445,#7446);
#7444 = CARTESIAN_POINT('',(71.5,68.7,68.5));
#7445 = DIRECTION('',(0.,1.,-0.));
#7446 = DIRECTION('',(-1.,0.,0.));
#7447 = PCURVE('',#7398,#7448);
#7448 = DEFINITIONAL_REPRESENTATION('',(#7449),#7453);
#7449 = LINE('',#7450,#7451);
#7450 = CARTESIAN_POINT('',(-0.,0.));
#7451 = VECTOR('',#7452,1.);
#7452 = DIRECTION('',(-1.,0.));
#7453 = ( GEOMETRIC_REPRESENTATION_CONTEXT(2) 
PARAMETRIC_REPRESENTATION_CONTEXT() REPRESENTATION_CONTEXT('2D SPACE',''
  ) );
#7454 = PCURVE('',#126,#7455);
#7455 = DEFINITIONAL_REPRESENTATION('',(#7456),#7460);
#7456 = CIRCLE('',#7457,1.35);
#7457 = AXIS2_PLACEMENT_2D('',#7458,#7459);
#7458 = CARTESIAN_POINT('',(18.5,-17.25));
#7459 = DIRECTION('',(1.,0.));
#7460 = ( GEOMETRIC_REPRESENTATION_CONTEXT(2) 
PARAMETRIC_REPRESENTATION_CONTEXT() REPRESENTATION_CONTEXT('2D SPACE',''
  ) );
#7461 = ADVANCED_FACE('',(#7462),#7476,.F.);
#7462 = FACE_BOUND('',#7463,.T.);
#7463 = EDGE_LOOP('',(#7464,#7494,#7516,#7517));
#7464 = ORIENTED_EDGE('',*,*,#7465,.T.);
#7465 = EDGE_CURVE('',#7466,#7468,#7470,.T.);
#7466 = VERTEX_POINT('',#7467);
#7467 = CARTESIAN_POINT('',(70.15,68.7,82.5));
#7468 = VERTEX_POINT('',#7469);
#7469 = CARTESIAN_POINT('',(70.15,71.7,82.5));
#7470 = SEAM_CURVE('',#7471,(#7475,#7487),.PCURVE_S1.);
#7471 = LINE('',#7472,#7473);
#7472 = CARTESIAN_POINT('',(70.15,68.7,82.5));
#7473 = VECTOR('',#7474,1.);
#7474 = DIRECTION('',(0.,1.,-0.));
#7475 = PCURVE('',#7476,#7481);
#7476 = CYLINDRICAL_SURFACE('',#7477,1.35);
#7477 = AXIS2_PLACEMENT_3D('',#7478,#7479,#7480);
#7478 = CARTESIAN_POINT('',(71.5,68.7,82.5));
#7479 = DIRECTION('',(-0.,-1.,0.));
#7480 = DIRECTION('',(-1.,0.,0.));
#7481 = DEFINITIONAL_REPRESENTATION('',(#7482),#7486);
#7482 = LINE('',#7483,#7484);
#7483 = CARTESIAN_POINT('',(-0.,0.));
#7484 = VECTOR('',#7485,1.);
#7485 = DIRECTION('',(-0.,-1.));
#7486 = ( GEOMETRIC_REPRESENTATION_CONTEXT(2) 
PARAMETRIC_REPRESENTATION_CONTEXT() REPRESENTATION_CONTEXT('2D SPACE',''
  ) );
#7487 = PCURVE('',#7476,#7488);
#7488 = DEFINITIONAL_REPRESENTATION('',(#7489),#7493);
#7489 = LINE('',#7490,#7491);
#7490 = CARTESIAN_POINT('',(-6.28318530718,0.));
#7491 = VECTOR('',#7492,1.);
#7492 = DIRECTION('',(-0.,-1.));
#7493 = ( GEOMETRIC_REPRESENTATION_CONTEXT(2) 
PARAMETRIC_REPRESENTATION_CONTEXT() REPRESENTATION_CONTEXT('2D SPACE',''
  ) );
#7494 = ORIENTED_EDGE('',*,*,#7495,.T.);
#7495 = EDGE_CURVE('',#7468,#7468,#7496,.T.);
#7496 = SURFACE_CURVE('',#7497,(#7502,#7509),.PCURVE_S1.);
#7497 = CIRCLE('',#7498,1.35);
#7498 = AXIS2_PLACEMENT_3D('',#7499,#7500,#7501);
#7499 = CARTESIAN_POINT('',(71.5,71.7,82.5));
#7500 = DIRECTION('',(0.,1.,-0.));
#7501 = DIRECTION('',(-1.,0.,0.));
#7502 = PCURVE('',#7476,#7503);
#7503 = DEFINITIONAL_REPRESENTATION('',(#7504),#7508);
#7504 = LINE('',#7505,#7506);
#7505 = CARTESIAN_POINT('',(-0.,-3.));
#7506 = VECTOR('',#7507,1.);
#7507 = DIRECTION('',(-1.,0.));
#7508 = ( GEOMETRIC_REPRESENTATION_CONTEXT(2) 
PARAMETRIC_REPRESENTATION_CONTEXT() REPRESENTATION_CONTEXT('2D SPACE',''
  ) );
#7509 = PCURVE('',#72,#7510);
#7510 = DEFINITIONAL_REPRESENTATION('',(#7511),#7515);
#7511 = CIRCLE('',#7512,1.35);
#7512 = AXIS2_PLACEMENT_2D('',#7513,#7514);
#7513 = CARTESIAN_POINT('',(18.5,-3.25));
#7514 = DIRECTION('',(1.,0.));
#7515 = ( GEOMETRIC_REPRESENTATION_CONTEXT(2) 
PARAMETRIC_REPRESENTATION_CONTEXT() REPRESENTATION_CONTEXT('2D SPACE',''
  ) );
#7516 = ORIENTED_EDGE('',*,*,#7465,.F.);
#7517 = ORIENTED_EDGE('',*,*,#7518,.F.);
#7518 = EDGE_CURVE('',#7466,#7466,#7519,.T.);
#7519 = SURFACE_CURVE('',#7520,(#7525,#7532),.PCURVE_S1.);
#7520 = CIRCLE('',#7521,1.35);
#7521 = AXIS2_PLACEMENT_3D('',#7522,#7523,#7524);
#7522 = CARTESIAN_POINT('',(71.5,68.7,82.5));
#7523 = DIRECTION('',(0.,1.,-0.));
#7524 = DIRECTION('',(-1.,0.,0.));
#7525 = PCURVE('',#7476,#7526);
#7526 = DEFINITIONAL_REPRESENTATION('',(#7527),#7531);
#7527 = LINE('',#7528,#7529);
#7528 = CARTESIAN_POINT('',(-0.,0.));
#7529 = VECTOR('',#7530,1.);
#7530 = DIRECTION('',(-1.,0.));
#7531 = ( GEOMETRIC_REPRESENTATION_CONTEXT(2) 
PARAMETRIC_REPRESENTATION_CONTEXT() REPRESENTATION_CONTEXT('2D SPACE',''
  ) );
#7532 = PCURVE('',#126,#7533);
#7533 = DEFINITIONAL_REPRESENTATION('',(#7534),#7538);
#7534 = CIRCLE('',#7535,1.35);
#7535 = AXIS2_PLACEMENT_2D('',#7536,#7537);
#7536 = CARTESIAN_POINT('',(18.5,-3.25));
#7537 = DIRECTION('',(1.,0.));
#7538 = ( GEOMETRIC_REPRESENTATION_CONTEXT(2) 
PARAMETRIC_REPRESENTATION_CONTEXT() REPRESENTATION_CONTEXT('2D SPACE',''
  ) );
#7539 = ADVANCED_FACE('',(#7540),#7554,.F.);
#7540 = FACE_BOUND('',#7541,.T.);
#7541 = EDGE_LOOP('',(#7542,#7572,#7594,#7595));
#7542 = ORIENTED_EDGE('',*,*,#7543,.T.);
#7543 = EDGE_CURVE('',#7544,#7546,#7548,.T.);
#7544 = VERTEX_POINT('',#7545);
#7545 = CARTESIAN_POINT('',(140.37691453624,68.7,96.4));
#7546 = VERTEX_POINT('',#7547);
#7547 = CARTESIAN_POINT('',(140.37691453624,71.7,96.4));
#7548 = SEAM_CURVE('',#7549,(#7553,#7565),.PCURVE_S1.);
#7549 = LINE('',#7550,#7551);
#7550 = CARTESIAN_POINT('',(140.37691453624,68.7,96.4));
#7551 = VECTOR('',#7552,1.);
#7552 = DIRECTION('',(0.,1.,-0.));
#7553 = PCURVE('',#7554,#7559);
#7554 = CYLINDRICAL_SURFACE('',#7555,1.3);
#7555 = AXIS2_PLACEMENT_3D('',#7556,#7557,#7558);
#7556 = CARTESIAN_POINT('',(141.67691453624,68.7,96.4));
#7557 = DIRECTION('',(-0.,-1.,0.));
#7558 = DIRECTION('',(-1.,0.,0.));
#7559 = DEFINITIONAL_REPRESENTATION('',(#7560),#7564);
#7560 = LINE('',#7561,#7562);
#7561 = CARTESIAN_POINT('',(-0.,0.));
#7562 = VECTOR('',#7563,1.);
#7563 = DIRECTION('',(-0.,-1.));
#7564 = ( GEOMETRIC_REPRESENTATION_CONTEXT(2) 
PARAMETRIC_REPRESENTATION_CONTEXT() REPRESENTATION_CONTEXT('2D SPACE',''
  ) );
#7565 = PCURVE('',#7554,#7566);
#7566 = DEFINITIONAL_REPRESENTATION('',(#7567),#7571);
#7567 = LINE('',#7568,#7569);
#7568 = CARTESIAN_POINT('',(-6.28318530718,0.));
#7569 = VECTOR('',#7570,1.);
#7570 = DIRECTION('',(-0.,-1.));
#7571 = ( GEOMETRIC_REPRESENTATION_CONTEXT(2) 
PARAMETRIC_REPRESENTATION_CONTEXT() REPRESENTATION_CONTEXT('2D SPACE',''
  ) );
#7572 = ORIENTED_EDGE('',*,*,#7573,.T.);
#7573 = EDGE_CURVE('',#7546,#7546,#7574,.T.);
#7574 = SURFACE_CURVE('',#7575,(#7580,#7587),.PCURVE_S1.);
#7575 = CIRCLE('',#7576,1.3);
#7576 = AXIS2_PLACEMENT_3D('',#7577,#7578,#7579);
#7577 = CARTESIAN_POINT('',(141.67691453624,71.7,96.4));
#7578 = DIRECTION('',(0.,1.,-0.));
#7579 = DIRECTION('',(-1.,0.,0.));
#7580 = PCURVE('',#7554,#7581);
#7581 = DEFINITIONAL_REPRESENTATION('',(#7582),#7586);
#7582 = LINE('',#7583,#7584);
#7583 = CARTESIAN_POINT('',(-0.,-3.));
#7584 = VECTOR('',#7585,1.);
#7585 = DIRECTION('',(-1.,0.));
#7586 = ( GEOMETRIC_REPRESENTATION_CONTEXT(2) 
PARAMETRIC_REPRESENTATION_CONTEXT() REPRESENTATION_CONTEXT('2D SPACE',''
  ) );
#7587 = PCURVE('',#72,#7588);
#7588 = DEFINITIONAL_REPRESENTATION('',(#7589),#7593);
#7589 = CIRCLE('',#7590,1.3);
#7590 = AXIS2_PLACEMENT_2D('',#7591,#7592);
#7591 = CARTESIAN_POINT('',(-51.67691453624,10.65));
#7592 = DIRECTION('',(1.,0.));
#7593 = ( GEOMETRIC_REPRESENTATION_CONTEXT(2) 
PARAMETRIC_REPRESENTATION_CONTEXT() REPRESENTATION_CONTEXT('2D SPACE',''
  ) );
#7594 = ORIENTED_EDGE('',*,*,#7543,.F.);
#7595 = ORIENTED_EDGE('',*,*,#7596,.F.);
#7596 = EDGE_CURVE('',#7544,#7544,#7597,.T.);
#7597 = SURFACE_CURVE('',#7598,(#7603,#7610),.PCURVE_S1.);
#7598 = CIRCLE('',#7599,1.3);
#7599 = AXIS2_PLACEMENT_3D('',#7600,#7601,#7602);
#7600 = CARTESIAN_POINT('',(141.67691453624,68.7,96.4));
#7601 = DIRECTION('',(0.,1.,-0.));
#7602 = DIRECTION('',(-1.,0.,0.));
#7603 = PCURVE('',#7554,#7604);
#7604 = DEFINITIONAL_REPRESENTATION('',(#7605),#7609);
#7605 = LINE('',#7606,#7607);
#7606 = CARTESIAN_POINT('',(-0.,0.));
#7607 = VECTOR('',#7608,1.);
#7608 = DIRECTION('',(-1.,0.));
#7609 = ( GEOMETRIC_REPRESENTATION_CONTEXT(2) 
PARAMETRIC_REPRESENTATION_CONTEXT() REPRESENTATION_CONTEXT('2D SPACE',''
  ) );
#7610 = PCURVE('',#126,#7611);
#7611 = DEFINITIONAL_REPRESENTATION('',(#7612),#7616);
#7612 = CIRCLE('',#7613,1.3);
#7613 = AXIS2_PLACEMENT_2D('',#7614,#7615);
#7614 = CARTESIAN_POINT('',(-51.67691453624,10.65));
#7615 = DIRECTION('',(1.,0.));
#7616 = ( GEOMETRIC_REPRESENTATION_CONTEXT(2) 
PARAMETRIC_REPRESENTATION_CONTEXT() REPRESENTATION_CONTEXT('2D SPACE',''
  ) );
#7617 = ADVANCED_FACE('',(#7618),#7632,.F.);
#7618 = FACE_BOUND('',#7619,.T.);
#7619 = EDGE_LOOP('',(#7620,#7650,#7672,#7673));
#7620 = ORIENTED_EDGE('',*,*,#7621,.T.);
#7621 = EDGE_CURVE('',#7622,#7624,#7626,.T.);
#7622 = VERTEX_POINT('',#7623);
#7623 = CARTESIAN_POINT('',(132.0630706599,68.7,96.4));
#7624 = VERTEX_POINT('',#7625);
#7625 = CARTESIAN_POINT('',(132.0630706599,71.7,96.4));
#7626 = SEAM_CURVE('',#7627,(#7631,#7643),.PCURVE_S1.);
#7627 = LINE('',#7628,#7629);
#7628 = CARTESIAN_POINT('',(132.0630706599,68.7,96.4));
#7629 = VECTOR('',#7630,1.);
#7630 = DIRECTION('',(0.,1.,-0.));
#7631 = PCURVE('',#7632,#7637);
#7632 = CYLINDRICAL_SURFACE('',#7633,1.3);
#7633 = AXIS2_PLACEMENT_3D('',#7634,#7635,#7636);
#7634 = CARTESIAN_POINT('',(133.3630706599,68.7,96.4));
#7635 = DIRECTION('',(-0.,-1.,0.));
#7636 = DIRECTION('',(-1.,0.,0.));
#7637 = DEFINITIONAL_REPRESENTATION('',(#7638),#7642);
#7638 = LINE('',#7639,#7640);
#7639 = CARTESIAN_POINT('',(-0.,0.));
#7640 = VECTOR('',#7641,1.);
#7641 = DIRECTION('',(-0.,-1.));
#7642 = ( GEOMETRIC_REPRESENTATION_CONTEXT(2) 
PARAMETRIC_REPRESENTATION_CONTEXT() REPRESENTATION_CONTEXT('2D SPACE',''
  ) );
#7643 = PCURVE('',#7632,#7644);
#7644 = DEFINITIONAL_REPRESENTATION('',(#7645),#7649);
#7645 = LINE('',#7646,#7647);
#7646 = CARTESIAN_POINT('',(-6.28318530718,0.));
#7647 = VECTOR('',#7648,1.);
#7648 = DIRECTION('',(-0.,-1.));
#7649 = ( GEOMETRIC_REPRESENTATION_CONTEXT(2) 
PARAMETRIC_REPRESENTATION_CONTEXT() REPRESENTATION_CONTEXT('2D SPACE',''
  ) );
#7650 = ORIENTED_EDGE('',*,*,#7651,.T.);
#7651 = EDGE_CURVE('',#7624,#7624,#7652,.T.);
#7652 = SURFACE_CURVE('',#7653,(#7658,#7665),.PCURVE_S1.);
#7653 = CIRCLE('',#7654,1.3);
#7654 = AXIS2_PLACEMENT_3D('',#7655,#7656,#7657);
#7655 = CARTESIAN_POINT('',(133.3630706599,71.7,96.4));
#7656 = DIRECTION('',(0.,1.,-0.));
#7657 = DIRECTION('',(-1.,0.,0.));
#7658 = PCURVE('',#7632,#7659);
#7659 = DEFINITIONAL_REPRESENTATION('',(#7660),#7664);
#7660 = LINE('',#7661,#7662);
#7661 = CARTESIAN_POINT('',(-0.,-3.));
#7662 = VECTOR('',#7663,1.);
#7663 = DIRECTION('',(-1.,0.));
#7664 = ( GEOMETRIC_REPRESENTATION_CONTEXT(2) 
PARAMETRIC_REPRESENTATION_CONTEXT() REPRESENTATION_CONTEXT('2D SPACE',''
  ) );
#7665 = PCURVE('',#72,#7666);
#7666 = DEFINITIONAL_REPRESENTATION('',(#7667),#7671);
#7667 = CIRCLE('',#7668,1.3);
#7668 = AXIS2_PLACEMENT_2D('',#7669,#7670);
#7669 = CARTESIAN_POINT('',(-43.3630706599,10.65));
#7670 = DIRECTION('',(1.,0.));
#7671 = ( GEOMETRIC_REPRESENTATION_CONTEXT(2) 
PARAMETRIC_REPRESENTATION_CONTEXT() REPRESENTATION_CONTEXT('2D SPACE',''
  ) );
#7672 = ORIENTED_EDGE('',*,*,#7621,.F.);
#7673 = ORIENTED_EDGE('',*,*,#7674,.F.);
#7674 = EDGE_CURVE('',#7622,#7622,#7675,.T.);
#7675 = SURFACE_CURVE('',#7676,(#7681,#7688),.PCURVE_S1.);
#7676 = CIRCLE('',#7677,1.3);
#7677 = AXIS2_PLACEMENT_3D('',#7678,#7679,#7680);
#7678 = CARTESIAN_POINT('',(133.3630706599,68.7,96.4));
#7679 = DIRECTION('',(0.,1.,-0.));
#7680 = DIRECTION('',(-1.,0.,0.));
#7681 = PCURVE('',#7632,#7682);
#7682 = DEFINITIONAL_REPRESENTATION('',(#7683),#7687);
#7683 = LINE('',#7684,#7685);
#7684 = CARTESIAN_POINT('',(-0.,0.));
#7685 = VECTOR('',#7686,1.);
#7686 = DIRECTION('',(-1.,0.));
#7687 = ( GEOMETRIC_REPRESENTATION_CONTEXT(2) 
PARAMETRIC_REPRESENTATION_CONTEXT() REPRESENTATION_CONTEXT('2D SPACE',''
  ) );
#7688 = PCURVE('',#126,#7689);
#7689 = DEFINITIONAL_REPRESENTATION('',(#7690),#7694);
#7690 = CIRCLE('',#7691,1.3);
#7691 = AXIS2_PLACEMENT_2D('',#7692,#7693);
#7692 = CARTESIAN_POINT('',(-43.3630706599,10.65));
#7693 = DIRECTION('',(1.,0.));
#7694 = ( GEOMETRIC_REPRESENTATION_CONTEXT(2) 
PARAMETRIC_REPRESENTATION_CONTEXT() REPRESENTATION_CONTEXT('2D SPACE',''
  ) );
#7695 = ADVANCED_FACE('',(#7696),#7710,.F.);
#7696 = FACE_BOUND('',#7697,.T.);
#7697 = EDGE_LOOP('',(#7698,#7728,#7750,#7751));
#7698 = ORIENTED_EDGE('',*,*,#7699,.T.);
#7699 = EDGE_CURVE('',#7700,#7702,#7704,.T.);
#7700 = VERTEX_POINT('',#7701);
#7701 = CARTESIAN_POINT('',(136.21999259807,68.7,98.8));
#7702 = VERTEX_POINT('',#7703);
#7703 = CARTESIAN_POINT('',(136.21999259807,71.7,98.8));
#7704 = SEAM_CURVE('',#7705,(#7709,#7721),.PCURVE_S1.);
#7705 = LINE('',#7706,#7707);
#7706 = CARTESIAN_POINT('',(136.21999259807,68.7,98.8));
#7707 = VECTOR('',#7708,1.);
#7708 = DIRECTION('',(0.,1.,-0.));
#7709 = PCURVE('',#7710,#7715);
#7710 = CYLINDRICAL_SURFACE('',#7711,1.3);
#7711 = AXIS2_PLACEMENT_3D('',#7712,#7713,#7714);
#7712 = CARTESIAN_POINT('',(137.51999259807,68.7,98.8));
#7713 = DIRECTION('',(-0.,-1.,0.));
#7714 = DIRECTION('',(-1.,0.,0.));
#7715 = DEFINITIONAL_REPRESENTATION('',(#7716),#7720);
#7716 = LINE('',#7717,#7718);
#7717 = CARTESIAN_POINT('',(-0.,0.));
#7718 = VECTOR('',#7719,1.);
#7719 = DIRECTION('',(-0.,-1.));
#7720 = ( GEOMETRIC_REPRESENTATION_CONTEXT(2) 
PARAMETRIC_REPRESENTATION_CONTEXT() REPRESENTATION_CONTEXT('2D SPACE',''
  ) );
#7721 = PCURVE('',#7710,#7722);
#7722 = DEFINITIONAL_REPRESENTATION('',(#7723),#7727);
#7723 = LINE('',#7724,#7725);
#7724 = CARTESIAN_POINT('',(-6.28318530718,0.));
#7725 = VECTOR('',#7726,1.);
#7726 = DIRECTION('',(-0.,-1.));
#7727 = ( GEOMETRIC_REPRESENTATION_CONTEXT(2) 
PARAMETRIC_REPRESENTATION_CONTEXT() REPRESENTATION_CONTEXT('2D SPACE',''
  ) );
#7728 = ORIENTED_EDGE('',*,*,#7729,.T.);
#7729 = EDGE_CURVE('',#7702,#7702,#7730,.T.);
#7730 = SURFACE_CURVE('',#7731,(#7736,#7743),.PCURVE_S1.);
#7731 = CIRCLE('',#7732,1.3);
#7732 = AXIS2_PLACEMENT_3D('',#7733,#7734,#7735);
#7733 = CARTESIAN_POINT('',(137.51999259807,71.7,98.8));
#7734 = DIRECTION('',(0.,1.,-0.));
#7735 = DIRECTION('',(-1.,0.,0.));
#7736 = PCURVE('',#7710,#7737);
#7737 = DEFINITIONAL_REPRESENTATION('',(#7738),#7742);
#7738 = LINE('',#7739,#7740);
#7739 = CARTESIAN_POINT('',(-0.,-3.));
#7740 = VECTOR('',#7741,1.);
#7741 = DIRECTION('',(-1.,0.));
#7742 = ( GEOMETRIC_REPRESENTATION_CONTEXT(2) 
PARAMETRIC_REPRESENTATION_CONTEXT() REPRESENTATION_CONTEXT('2D SPACE',''
  ) );
#7743 = PCURVE('',#72,#7744);
#7744 = DEFINITIONAL_REPRESENTATION('',(#7745),#7749);
#7745 = CIRCLE('',#7746,1.3);
#7746 = AXIS2_PLACEMENT_2D('',#7747,#7748);
#7747 = CARTESIAN_POINT('',(-47.51999259807,13.05));
#7748 = DIRECTION('',(1.,0.));
#7749 = ( GEOMETRIC_REPRESENTATION_CONTEXT(2) 
PARAMETRIC_REPRESENTATION_CONTEXT() REPRESENTATION_CONTEXT('2D SPACE',''
  ) );
#7750 = ORIENTED_EDGE('',*,*,#7699,.F.);
#7751 = ORIENTED_EDGE('',*,*,#7752,.F.);
#7752 = EDGE_CURVE('',#7700,#7700,#7753,.T.);
#7753 = SURFACE_CURVE('',#7754,(#7759,#7766),.PCURVE_S1.);
#7754 = CIRCLE('',#7755,1.3);
#7755 = AXIS2_PLACEMENT_3D('',#7756,#7757,#7758);
#7756 = CARTESIAN_POINT('',(137.51999259807,68.7,98.8));
#7757 = DIRECTION('',(0.,1.,-0.));
#7758 = DIRECTION('',(-1.,0.,0.));
#7759 = PCURVE('',#7710,#7760);
#7760 = DEFINITIONAL_REPRESENTATION('',(#7761),#7765);
#7761 = LINE('',#7762,#7763);
#7762 = CARTESIAN_POINT('',(-0.,0.));
#7763 = VECTOR('',#7764,1.);
#7764 = DIRECTION('',(-1.,0.));
#7765 = ( GEOMETRIC_REPRESENTATION_CONTEXT(2) 
PARAMETRIC_REPRESENTATION_CONTEXT() REPRESENTATION_CONTEXT('2D SPACE',''
  ) );
#7766 = PCURVE('',#126,#7767);
#7767 = DEFINITIONAL_REPRESENTATION('',(#7768),#7772);
#7768 = CIRCLE('',#7769,1.3);
#7769 = AXIS2_PLACEMENT_2D('',#7770,#7771);
#7770 = CARTESIAN_POINT('',(-47.51999259807,13.05));
#7771 = DIRECTION('',(1.,0.));
#7772 = ( GEOMETRIC_REPRESENTATION_CONTEXT(2) 
PARAMETRIC_REPRESENTATION_CONTEXT() REPRESENTATION_CONTEXT('2D SPACE',''
  ) );
#7773 = ADVANCED_FACE('',(#7774),#7788,.F.);
#7774 = FACE_BOUND('',#7775,.T.);
#7775 = EDGE_LOOP('',(#7776,#7806,#7828,#7829));
#7776 = ORIENTED_EDGE('',*,*,#7777,.T.);
#7777 = EDGE_CURVE('',#7778,#7780,#7782,.T.);
#7778 = VERTEX_POINT('',#7779);
#7779 = CARTESIAN_POINT('',(140.37691453624,68.7,101.2));
#7780 = VERTEX_POINT('',#7781);
#7781 = CARTESIAN_POINT('',(140.37691453624,71.7,101.2));
#7782 = SEAM_CURVE('',#7783,(#7787,#7799),.PCURVE_S1.);
#7783 = LINE('',#7784,#7785);
#7784 = CARTESIAN_POINT('',(140.37691453624,68.7,101.2));
#7785 = VECTOR('',#7786,1.);
#7786 = DIRECTION('',(0.,1.,-0.));
#7787 = PCURVE('',#7788,#7793);
#7788 = CYLINDRICAL_SURFACE('',#7789,1.3);
#7789 = AXIS2_PLACEMENT_3D('',#7790,#7791,#7792);
#7790 = CARTESIAN_POINT('',(141.67691453624,68.7,101.2));
#7791 = DIRECTION('',(-0.,-1.,0.));
#7792 = DIRECTION('',(-1.,0.,0.));
#7793 = DEFINITIONAL_REPRESENTATION('',(#7794),#7798);
#7794 = LINE('',#7795,#7796);
#7795 = CARTESIAN_POINT('',(-0.,0.));
#7796 = VECTOR('',#7797,1.);
#7797 = DIRECTION('',(-0.,-1.));
#7798 = ( GEOMETRIC_REPRESENTATION_CONTEXT(2) 
PARAMETRIC_REPRESENTATION_CONTEXT() REPRESENTATION_CONTEXT('2D SPACE',''
  ) );
#7799 = PCURVE('',#7788,#7800);
#7800 = DEFINITIONAL_REPRESENTATION('',(#7801),#7805);
#7801 = LINE('',#7802,#7803);
#7802 = CARTESIAN_POINT('',(-6.28318530718,0.));
#7803 = VECTOR('',#7804,1.);
#7804 = DIRECTION('',(-0.,-1.));
#7805 = ( GEOMETRIC_REPRESENTATION_CONTEXT(2) 
PARAMETRIC_REPRESENTATION_CONTEXT() REPRESENTATION_CONTEXT('2D SPACE',''
  ) );
#7806 = ORIENTED_EDGE('',*,*,#7807,.T.);
#7807 = EDGE_CURVE('',#7780,#7780,#7808,.T.);
#7808 = SURFACE_CURVE('',#7809,(#7814,#7821),.PCURVE_S1.);
#7809 = CIRCLE('',#7810,1.3);
#7810 = AXIS2_PLACEMENT_3D('',#7811,#7812,#7813);
#7811 = CARTESIAN_POINT('',(141.67691453624,71.7,101.2));
#7812 = DIRECTION('',(0.,1.,-0.));
#7813 = DIRECTION('',(-1.,0.,0.));
#7814 = PCURVE('',#7788,#7815);
#7815 = DEFINITIONAL_REPRESENTATION('',(#7816),#7820);
#7816 = LINE('',#7817,#7818);
#7817 = CARTESIAN_POINT('',(-0.,-3.));
#7818 = VECTOR('',#7819,1.);
#7819 = DIRECTION('',(-1.,0.));
#7820 = ( GEOMETRIC_REPRESENTATION_CONTEXT(2) 
PARAMETRIC_REPRESENTATION_CONTEXT() REPRESENTATION_CONTEXT('2D SPACE',''
  ) );
#7821 = PCURVE('',#72,#7822);
#7822 = DEFINITIONAL_REPRESENTATION('',(#7823),#7827);
#7823 = CIRCLE('',#7824,1.3);
#7824 = AXIS2_PLACEMENT_2D('',#7825,#7826);
#7825 = CARTESIAN_POINT('',(-51.67691453624,15.45));
#7826 = DIRECTION('',(1.,0.));
#7827 = ( GEOMETRIC_REPRESENTATION_CONTEXT(2) 
PARAMETRIC_REPRESENTATION_CONTEXT() REPRESENTATION_CONTEXT('2D SPACE',''
  ) );
#7828 = ORIENTED_EDGE('',*,*,#7777,.F.);
#7829 = ORIENTED_EDGE('',*,*,#7830,.F.);
#7830 = EDGE_CURVE('',#7778,#7778,#7831,.T.);
#7831 = SURFACE_CURVE('',#7832,(#7837,#7844),.PCURVE_S1.);
#7832 = CIRCLE('',#7833,1.3);
#7833 = AXIS2_PLACEMENT_3D('',#7834,#7835,#7836);
#7834 = CARTESIAN_POINT('',(141.67691453624,68.7,101.2));
#7835 = DIRECTION('',(0.,1.,-0.));
#7836 = DIRECTION('',(-1.,0.,0.));
#7837 = PCURVE('',#7788,#7838);
#7838 = DEFINITIONAL_REPRESENTATION('',(#7839),#7843);
#7839 = LINE('',#7840,#7841);
#7840 = CARTESIAN_POINT('',(-0.,0.));
#7841 = VECTOR('',#7842,1.);
#7842 = DIRECTION('',(-1.,0.));
#7843 = ( GEOMETRIC_REPRESENTATION_CONTEXT(2) 
PARAMETRIC_REPRESENTATION_CONTEXT() REPRESENTATION_CONTEXT('2D SPACE',''
  ) );
#7844 = PCURVE('',#126,#7845);
#7845 = DEFINITIONAL_REPRESENTATION('',(#7846),#7850);
#7846 = CIRCLE('',#7847,1.3);
#7847 = AXIS2_PLACEMENT_2D('',#7848,#7849);
#7848 = CARTESIAN_POINT('',(-51.67691453624,15.45));
#7849 = DIRECTION('',(1.,0.));
#7850 = ( GEOMETRIC_REPRESENTATION_CONTEXT(2) 
PARAMETRIC_REPRESENTATION_CONTEXT() REPRESENTATION_CONTEXT('2D SPACE',''
  ) );
#7851 = ADVANCED_FACE('',(#7852),#7866,.F.);
#7852 = FACE_BOUND('',#7853,.T.);
#7853 = EDGE_LOOP('',(#7854,#7884,#7906,#7907));
#7854 = ORIENTED_EDGE('',*,*,#7855,.T.);
#7855 = EDGE_CURVE('',#7856,#7858,#7860,.T.);
#7856 = VERTEX_POINT('',#7857);
#7857 = CARTESIAN_POINT('',(132.0630706599,68.7,101.2));
#7858 = VERTEX_POINT('',#7859);
#7859 = CARTESIAN_POINT('',(132.0630706599,71.7,101.2));
#7860 = SEAM_CURVE('',#7861,(#7865,#7877),.PCURVE_S1.);
#7861 = LINE('',#7862,#7863);
#7862 = CARTESIAN_POINT('',(132.0630706599,68.7,101.2));
#7863 = VECTOR('',#7864,1.);
#7864 = DIRECTION('',(0.,1.,-0.));
#7865 = PCURVE('',#7866,#7871);
#7866 = CYLINDRICAL_SURFACE('',#7867,1.3);
#7867 = AXIS2_PLACEMENT_3D('',#7868,#7869,#7870);
#7868 = CARTESIAN_POINT('',(133.3630706599,68.7,101.2));
#7869 = DIRECTION('',(-0.,-1.,0.));
#7870 = DIRECTION('',(-1.,0.,0.));
#7871 = DEFINITIONAL_REPRESENTATION('',(#7872),#7876);
#7872 = LINE('',#7873,#7874);
#7873 = CARTESIAN_POINT('',(-0.,0.));
#7874 = VECTOR('',#7875,1.);
#7875 = DIRECTION('',(-0.,-1.));
#7876 = ( GEOMETRIC_REPRESENTATION_CONTEXT(2) 
PARAMETRIC_REPRESENTATION_CONTEXT() REPRESENTATION_CONTEXT('2D SPACE',''
  ) );
#7877 = PCURVE('',#7866,#7878);
#7878 = DEFINITIONAL_REPRESENTATION('',(#7879),#7883);
#7879 = LINE('',#7880,#7881);
#7880 = CARTESIAN_POINT('',(-6.28318530718,0.));
#7881 = VECTOR('',#7882,1.);
#7882 = DIRECTION('',(-0.,-1.));
#7883 = ( GEOMETRIC_REPRESENTATION_CONTEXT(2) 
PARAMETRIC_REPRESENTATION_CONTEXT() REPRESENTATION_CONTEXT('2D SPACE',''
  ) );
#7884 = ORIENTED_EDGE('',*,*,#7885,.T.);
#7885 = EDGE_CURVE('',#7858,#7858,#7886,.T.);
#7886 = SURFACE_CURVE('',#7887,(#7892,#7899),.PCURVE_S1.);
#7887 = CIRCLE('',#7888,1.3);
#7888 = AXIS2_PLACEMENT_3D('',#7889,#7890,#7891);
#7889 = CARTESIAN_POINT('',(133.3630706599,71.7,101.2));
#7890 = DIRECTION('',(0.,1.,-0.));
#7891 = DIRECTION('',(-1.,0.,0.));
#7892 = PCURVE('',#7866,#7893);
#7893 = DEFINITIONAL_REPRESENTATION('',(#7894),#7898);
#7894 = LINE('',#7895,#7896);
#7895 = CARTESIAN_POINT('',(-0.,-3.));
#7896 = VECTOR('',#7897,1.);
#7897 = DIRECTION('',(-1.,0.));
#7898 = ( GEOMETRIC_REPRESENTATION_CONTEXT(2) 
PARAMETRIC_REPRESENTATION_CONTEXT() REPRESENTATION_CONTEXT('2D SPACE',''
  ) );
#7899 = PCURVE('',#72,#7900);
#7900 = DEFINITIONAL_REPRESENTATION('',(#7901),#7905);
#7901 = CIRCLE('',#7902,1.3);
#7902 = AXIS2_PLACEMENT_2D('',#7903,#7904);
#7903 = CARTESIAN_POINT('',(-43.3630706599,15.45));
#7904 = DIRECTION('',(1.,0.));
#7905 = ( GEOMETRIC_REPRESENTATION_CONTEXT(2) 
PARAMETRIC_REPRESENTATION_CONTEXT() REPRESENTATION_CONTEXT('2D SPACE',''
  ) );
#7906 = ORIENTED_EDGE('',*,*,#7855,.F.);
#7907 = ORIENTED_EDGE('',*,*,#7908,.F.);
#7908 = EDGE_CURVE('',#7856,#7856,#7909,.T.);
#7909 = SURFACE_CURVE('',#7910,(#7915,#7922),.PCURVE_S1.);
#7910 = CIRCLE('',#7911,1.3);
#7911 = AXIS2_PLACEMENT_3D('',#7912,#7913,#7914);
#7912 = CARTESIAN_POINT('',(133.3630706599,68.7,101.2));
#7913 = DIRECTION('',(0.,1.,-0.));
#7914 = DIRECTION('',(-1.,0.,0.));
#7915 = PCURVE('',#7866,#7916);
#7916 = DEFINITIONAL_REPRESENTATION('',(#7917),#7921);
#7917 = LINE('',#7918,#7919);
#7918 = CARTESIAN_POINT('',(-0.,0.));
#7919 = VECTOR('',#7920,1.);
#7920 = DIRECTION('',(-1.,0.));
#7921 = ( GEOMETRIC_REPRESENTATION_CONTEXT(2) 
PARAMETRIC_REPRESENTATION_CONTEXT() REPRESENTATION_CONTEXT('2D SPACE',''
  ) );
#7922 = PCURVE('',#126,#7923);
#7923 = DEFINITIONAL_REPRESENTATION('',(#7924),#7928);
#7924 = CIRCLE('',#7925,1.3);
#7925 = AXIS2_PLACEMENT_2D('',#7926,#7927);
#7926 = CARTESIAN_POINT('',(-43.3630706599,15.45));
#7927 = DIRECTION('',(1.,0.));
#7928 = ( GEOMETRIC_REPRESENTATION_CONTEXT(2) 
PARAMETRIC_REPRESENTATION_CONTEXT() REPRESENTATION_CONTEXT('2D SPACE',''
  ) );
#7929 = ADVANCED_FACE('',(#7930),#7944,.F.);
#7930 = FACE_BOUND('',#7931,.T.);
#7931 = EDGE_LOOP('',(#7932,#7962,#7984,#7985));
#7932 = ORIENTED_EDGE('',*,*,#7933,.T.);
#7933 = EDGE_CURVE('',#7934,#7936,#7938,.T.);
#7934 = VERTEX_POINT('',#7935);
#7935 = CARTESIAN_POINT('',(136.21999259807,68.7,103.6));
#7936 = VERTEX_POINT('',#7937);
#7937 = CARTESIAN_POINT('',(136.21999259807,71.7,103.6));
#7938 = SEAM_CURVE('',#7939,(#7943,#7955),.PCURVE_S1.);
#7939 = LINE('',#7940,#7941);
#7940 = CARTESIAN_POINT('',(136.21999259807,68.7,103.6));
#7941 = VECTOR('',#7942,1.);
#7942 = DIRECTION('',(0.,1.,-0.));
#7943 = PCURVE('',#7944,#7949);
#7944 = CYLINDRICAL_SURFACE('',#7945,1.3);
#7945 = AXIS2_PLACEMENT_3D('',#7946,#7947,#7948);
#7946 = CARTESIAN_POINT('',(137.51999259807,68.7,103.6));
#7947 = DIRECTION('',(-0.,-1.,0.));
#7948 = DIRECTION('',(-1.,0.,0.));
#7949 = DEFINITIONAL_REPRESENTATION('',(#7950),#7954);
#7950 = LINE('',#7951,#7952);
#7951 = CARTESIAN_POINT('',(-0.,0.));
#7952 = VECTOR('',#7953,1.);
#7953 = DIRECTION('',(-0.,-1.));
#7954 = ( GEOMETRIC_REPRESENTATION_CONTEXT(2) 
PARAMETRIC_REPRESENTATION_CONTEXT() REPRESENTATION_CONTEXT('2D SPACE',''
  ) );
#7955 = PCURVE('',#7944,#7956);
#7956 = DEFINITIONAL_REPRESENTATION('',(#7957),#7961);
#7957 = LINE('',#7958,#7959);
#7958 = CARTESIAN_POINT('',(-6.28318530718,0.));
#7959 = VECTOR('',#7960,1.);
#7960 = DIRECTION('',(-0.,-1.));
#7961 = ( GEOMETRIC_REPRESENTATION_CONTEXT(2) 
PARAMETRIC_REPRESENTATION_CONTEXT() REPRESENTATION_CONTEXT('2D SPACE',''
  ) );
#7962 = ORIENTED_EDGE('',*,*,#7963,.T.);
#7963 = EDGE_CURVE('',#7936,#7936,#7964,.T.);
#7964 = SURFACE_CURVE('',#7965,(#7970,#7977),.PCURVE_S1.);
#7965 = CIRCLE('',#7966,1.3);
#7966 = AXIS2_PLACEMENT_3D('',#7967,#7968,#7969);
#7967 = CARTESIAN_POINT('',(137.51999259807,71.7,103.6));
#7968 = DIRECTION('',(0.,1.,-0.));
#7969 = DIRECTION('',(-1.,0.,0.));
#7970 = PCURVE('',#7944,#7971);
#7971 = DEFINITIONAL_REPRESENTATION('',(#7972),#7976);
#7972 = LINE('',#7973,#7974);
#7973 = CARTESIAN_POINT('',(-0.,-3.));
#7974 = VECTOR('',#7975,1.);
#7975 = DIRECTION('',(-1.,0.));
#7976 = ( GEOMETRIC_REPRESENTATION_CONTEXT(2) 
PARAMETRIC_REPRESENTATION_CONTEXT() REPRESENTATION_CONTEXT('2D SPACE',''
  ) );
#7977 = PCURVE('',#72,#7978);
#7978 = DEFINITIONAL_REPRESENTATION('',(#7979),#7983);
#7979 = CIRCLE('',#7980,1.3);
#7980 = AXIS2_PLACEMENT_2D('',#7981,#7982);
#7981 = CARTESIAN_POINT('',(-47.51999259807,17.85));
#7982 = DIRECTION('',(1.,0.));
#7983 = ( GEOMETRIC_REPRESENTATION_CONTEXT(2) 
PARAMETRIC_REPRESENTATION_CONTEXT() REPRESENTATION_CONTEXT('2D SPACE',''
  ) );
#7984 = ORIENTED_EDGE('',*,*,#7933,.F.);
#7985 = ORIENTED_EDGE('',*,*,#7986,.F.);
#7986 = EDGE_CURVE('',#7934,#7934,#7987,.T.);
#7987 = SURFACE_CURVE('',#7988,(#7993,#8000),.PCURVE_S1.);
#7988 = CIRCLE('',#7989,1.3);
#7989 = AXIS2_PLACEMENT_3D('',#7990,#7991,#7992);
#7990 = CARTESIAN_POINT('',(137.51999259807,68.7,103.6));
#7991 = DIRECTION('',(0.,1.,-0.));
#7992 = DIRECTION('',(-1.,0.,0.));
#7993 = PCURVE('',#7944,#7994);
#7994 = DEFINITIONAL_REPRESENTATION('',(#7995),#7999);
#7995 = LINE('',#7996,#7997);
#7996 = CARTESIAN_POINT('',(-0.,0.));
#7997 = VECTOR('',#7998,1.);
#7998 = DIRECTION('',(-1.,0.));
#7999 = ( GEOMETRIC_REPRESENTATION_CONTEXT(2) 
PARAMETRIC_REPRESENTATION_CONTEXT() REPRESENTATION_CONTEXT('2D SPACE',''
  ) );
#8000 = PCURVE('',#126,#8001);
#8001 = DEFINITIONAL_REPRESENTATION('',(#8002),#8006);
#8002 = CIRCLE('',#8003,1.3);
#8003 = AXIS2_PLACEMENT_2D('',#8004,#8005);
#8004 = CARTESIAN_POINT('',(-47.51999259807,17.85));
#8005 = DIRECTION('',(1.,0.));
#8006 = ( GEOMETRIC_REPRESENTATION_CONTEXT(2) 
PARAMETRIC_REPRESENTATION_CONTEXT() REPRESENTATION_CONTEXT('2D SPACE',''
  ) );
#8007 = ADVANCED_FACE('',(#8008),#8022,.F.);
#8008 = FACE_BOUND('',#8009,.T.);
#8009 = EDGE_LOOP('',(#8010,#8040,#8062,#8063));
#8010 = ORIENTED_EDGE('',*,*,#8011,.T.);
#8011 = EDGE_CURVE('',#8012,#8014,#8016,.T.);
#8012 = VERTEX_POINT('',#8013);
#8013 = CARTESIAN_POINT('',(140.37691453624,68.7,106.));
#8014 = VERTEX_POINT('',#8015);
#8015 = CARTESIAN_POINT('',(140.37691453624,71.7,106.));
#8016 = SEAM_CURVE('',#8017,(#8021,#8033),.PCURVE_S1.);
#8017 = LINE('',#8018,#8019);
#8018 = CARTESIAN_POINT('',(140.37691453624,68.7,106.));
#8019 = VECTOR('',#8020,1.);
#8020 = DIRECTION('',(0.,1.,-0.));
#8021 = PCURVE('',#8022,#8027);
#8022 = CYLINDRICAL_SURFACE('',#8023,1.3);
#8023 = AXIS2_PLACEMENT_3D('',#8024,#8025,#8026);
#8024 = CARTESIAN_POINT('',(141.67691453624,68.7,106.));
#8025 = DIRECTION('',(-0.,-1.,0.));
#8026 = DIRECTION('',(-1.,0.,0.));
#8027 = DEFINITIONAL_REPRESENTATION('',(#8028),#8032);
#8028 = LINE('',#8029,#8030);
#8029 = CARTESIAN_POINT('',(-0.,0.));
#8030 = VECTOR('',#8031,1.);
#8031 = DIRECTION('',(-0.,-1.));
#8032 = ( GEOMETRIC_REPRESENTATION_CONTEXT(2) 
PARAMETRIC_REPRESENTATION_CONTEXT() REPRESENTATION_CONTEXT('2D SPACE',''
  ) );
#8033 = PCURVE('',#8022,#8034);
#8034 = DEFINITIONAL_REPRESENTATION('',(#8035),#8039);
#8035 = LINE('',#8036,#8037);
#8036 = CARTESIAN_POINT('',(-6.28318530718,0.));
#8037 = VECTOR('',#8038,1.);
#8038 = DIRECTION('',(-0.,-1.));
#8039 = ( GEOMETRIC_REPRESENTATION_CONTEXT(2) 
PARAMETRIC_REPRESENTATION_CONTEXT() REPRESENTATION_CONTEXT('2D SPACE',''
  ) );
#8040 = ORIENTED_EDGE('',*,*,#8041,.T.);
#8041 = EDGE_CURVE('',#8014,#8014,#8042,.T.);
#8042 = SURFACE_CURVE('',#8043,(#8048,#8055),.PCURVE_S1.);
#8043 = CIRCLE('',#8044,1.3);
#8044 = AXIS2_PLACEMENT_3D('',#8045,#8046,#8047);
#8045 = CARTESIAN_POINT('',(141.67691453624,71.7,106.));
#8046 = DIRECTION('',(0.,1.,-0.));
#8047 = DIRECTION('',(-1.,0.,0.));
#8048 = PCURVE('',#8022,#8049);
#8049 = DEFINITIONAL_REPRESENTATION('',(#8050),#8054);
#8050 = LINE('',#8051,#8052);
#8051 = CARTESIAN_POINT('',(-0.,-3.));
#8052 = VECTOR('',#8053,1.);
#8053 = DIRECTION('',(-1.,0.));
#8054 = ( GEOMETRIC_REPRESENTATION_CONTEXT(2) 
PARAMETRIC_REPRESENTATION_CONTEXT() REPRESENTATION_CONTEXT('2D SPACE',''
  ) );
#8055 = PCURVE('',#72,#8056);
#8056 = DEFINITIONAL_REPRESENTATION('',(#8057),#8061);
#8057 = CIRCLE('',#8058,1.3);
#8058 = AXIS2_PLACEMENT_2D('',#8059,#8060);
#8059 = CARTESIAN_POINT('',(-51.67691453624,20.25));
#8060 = DIRECTION('',(1.,0.));
#8061 = ( GEOMETRIC_REPRESENTATION_CONTEXT(2) 
PARAMETRIC_REPRESENTATION_CONTEXT() REPRESENTATION_CONTEXT('2D SPACE',''
  ) );
#8062 = ORIENTED_EDGE('',*,*,#8011,.F.);
#8063 = ORIENTED_EDGE('',*,*,#8064,.F.);
#8064 = EDGE_CURVE('',#8012,#8012,#8065,.T.);
#8065 = SURFACE_CURVE('',#8066,(#8071,#8078),.PCURVE_S1.);
#8066 = CIRCLE('',#8067,1.3);
#8067 = AXIS2_PLACEMENT_3D('',#8068,#8069,#8070);
#8068 = CARTESIAN_POINT('',(141.67691453624,68.7,106.));
#8069 = DIRECTION('',(0.,1.,-0.));
#8070 = DIRECTION('',(-1.,0.,0.));
#8071 = PCURVE('',#8022,#8072);
#8072 = DEFINITIONAL_REPRESENTATION('',(#8073),#8077);
#8073 = LINE('',#8074,#8075);
#8074 = CARTESIAN_POINT('',(-0.,0.));
#8075 = VECTOR('',#8076,1.);
#8076 = DIRECTION('',(-1.,0.));
#8077 = ( GEOMETRIC_REPRESENTATION_CONTEXT(2) 
PARAMETRIC_REPRESENTATION_CONTEXT() REPRESENTATION_CONTEXT('2D SPACE',''
  ) );
#8078 = PCURVE('',#126,#8079);
#8079 = DEFINITIONAL_REPRESENTATION('',(#8080),#8084);
#8080 = CIRCLE('',#8081,1.3);
#8081 = AXIS2_PLACEMENT_2D('',#8082,#8083);
#8082 = CARTESIAN_POINT('',(-51.67691453624,20.25));
#8083 = DIRECTION('',(1.,0.));
#8084 = ( GEOMETRIC_REPRESENTATION_CONTEXT(2) 
PARAMETRIC_REPRESENTATION_CONTEXT() REPRESENTATION_CONTEXT('2D SPACE',''
  ) );
#8085 = ADVANCED_FACE('',(#8086),#8100,.F.);
#8086 = FACE_BOUND('',#8087,.T.);
#8087 = EDGE_LOOP('',(#8088,#8118,#8140,#8141));
#8088 = ORIENTED_EDGE('',*,*,#8089,.T.);
#8089 = EDGE_CURVE('',#8090,#8092,#8094,.T.);
#8090 = VERTEX_POINT('',#8091);
#8091 = CARTESIAN_POINT('',(140.37691453624,68.7,110.8));
#8092 = VERTEX_POINT('',#8093);
#8093 = CARTESIAN_POINT('',(140.37691453624,71.7,110.8));
#8094 = SEAM_CURVE('',#8095,(#8099,#8111),.PCURVE_S1.);
#8095 = LINE('',#8096,#8097);
#8096 = CARTESIAN_POINT('',(140.37691453624,68.7,110.8));
#8097 = VECTOR('',#8098,1.);
#8098 = DIRECTION('',(0.,1.,-0.));
#8099 = PCURVE('',#8100,#8105);
#8100 = CYLINDRICAL_SURFACE('',#8101,1.3);
#8101 = AXIS2_PLACEMENT_3D('',#8102,#8103,#8104);
#8102 = CARTESIAN_POINT('',(141.67691453624,68.7,110.8));
#8103 = DIRECTION('',(-0.,-1.,0.));
#8104 = DIRECTION('',(-1.,0.,0.));
#8105 = DEFINITIONAL_REPRESENTATION('',(#8106),#8110);
#8106 = LINE('',#8107,#8108);
#8107 = CARTESIAN_POINT('',(-0.,0.));
#8108 = VECTOR('',#8109,1.);
#8109 = DIRECTION('',(-0.,-1.));
#8110 = ( GEOMETRIC_REPRESENTATION_CONTEXT(2) 
PARAMETRIC_REPRESENTATION_CONTEXT() REPRESENTATION_CONTEXT('2D SPACE',''
  ) );
#8111 = PCURVE('',#8100,#8112);
#8112 = DEFINITIONAL_REPRESENTATION('',(#8113),#8117);
#8113 = LINE('',#8114,#8115);
#8114 = CARTESIAN_POINT('',(-6.28318530718,0.));
#8115 = VECTOR('',#8116,1.);
#8116 = DIRECTION('',(-0.,-1.));
#8117 = ( GEOMETRIC_REPRESENTATION_CONTEXT(2) 
PARAMETRIC_REPRESENTATION_CONTEXT() REPRESENTATION_CONTEXT('2D SPACE',''
  ) );
#8118 = ORIENTED_EDGE('',*,*,#8119,.T.);
#8119 = EDGE_CURVE('',#8092,#8092,#8120,.T.);
#8120 = SURFACE_CURVE('',#8121,(#8126,#8133),.PCURVE_S1.);
#8121 = CIRCLE('',#8122,1.3);
#8122 = AXIS2_PLACEMENT_3D('',#8123,#8124,#8125);
#8123 = CARTESIAN_POINT('',(141.67691453624,71.7,110.8));
#8124 = DIRECTION('',(0.,1.,-0.));
#8125 = DIRECTION('',(-1.,0.,0.));
#8126 = PCURVE('',#8100,#8127);
#8127 = DEFINITIONAL_REPRESENTATION('',(#8128),#8132);
#8128 = LINE('',#8129,#8130);
#8129 = CARTESIAN_POINT('',(-0.,-3.));
#8130 = VECTOR('',#8131,1.);
#8131 = DIRECTION('',(-1.,0.));
#8132 = ( GEOMETRIC_REPRESENTATION_CONTEXT(2) 
PARAMETRIC_REPRESENTATION_CONTEXT() REPRESENTATION_CONTEXT('2D SPACE',''
  ) );
#8133 = PCURVE('',#72,#8134);
#8134 = DEFINITIONAL_REPRESENTATION('',(#8135),#8139);
#8135 = CIRCLE('',#8136,1.3);
#8136 = AXIS2_PLACEMENT_2D('',#8137,#8138);
#8137 = CARTESIAN_POINT('',(-51.67691453624,25.05));
#8138 = DIRECTION('',(1.,0.));
#8139 = ( GEOMETRIC_REPRESENTATION_CONTEXT(2) 
PARAMETRIC_REPRESENTATION_CONTEXT() REPRESENTATION_CONTEXT('2D SPACE',''
  ) );
#8140 = ORIENTED_EDGE('',*,*,#8089,.F.);
#8141 = ORIENTED_EDGE('',*,*,#8142,.F.);
#8142 = EDGE_CURVE('',#8090,#8090,#8143,.T.);
#8143 = SURFACE_CURVE('',#8144,(#8149,#8156),.PCURVE_S1.);
#8144 = CIRCLE('',#8145,1.3);
#8145 = AXIS2_PLACEMENT_3D('',#8146,#8147,#8148);
#8146 = CARTESIAN_POINT('',(141.67691453624,68.7,110.8));
#8147 = DIRECTION('',(0.,1.,-0.));
#8148 = DIRECTION('',(-1.,0.,0.));
#8149 = PCURVE('',#8100,#8150);
#8150 = DEFINITIONAL_REPRESENTATION('',(#8151),#8155);
#8151 = LINE('',#8152,#8153);
#8152 = CARTESIAN_POINT('',(-0.,0.));
#8153 = VECTOR('',#8154,1.);
#8154 = DIRECTION('',(-1.,0.));
#8155 = ( GEOMETRIC_REPRESENTATION_CONTEXT(2) 
PARAMETRIC_REPRESENTATION_CONTEXT() REPRESENTATION_CONTEXT('2D SPACE',''
  ) );
#8156 = PCURVE('',#126,#8157);
#8157 = DEFINITIONAL_REPRESENTATION('',(#8158),#8162);
#8158 = CIRCLE('',#8159,1.3);
#8159 = AXIS2_PLACEMENT_2D('',#8160,#8161);
#8160 = CARTESIAN_POINT('',(-51.67691453624,25.05));
#8161 = DIRECTION('',(1.,0.));
#8162 = ( GEOMETRIC_REPRESENTATION_CONTEXT(2) 
PARAMETRIC_REPRESENTATION_CONTEXT() REPRESENTATION_CONTEXT('2D SPACE',''
  ) );
#8163 = ADVANCED_FACE('',(#8164),#8178,.F.);
#8164 = FACE_BOUND('',#8165,.T.);
#8165 = EDGE_LOOP('',(#8166,#8196,#8218,#8219));
#8166 = ORIENTED_EDGE('',*,*,#8167,.T.);
#8167 = EDGE_CURVE('',#8168,#8170,#8172,.T.);
#8168 = VERTEX_POINT('',#8169);
#8169 = CARTESIAN_POINT('',(132.0630706599,68.7,106.));
#8170 = VERTEX_POINT('',#8171);
#8171 = CARTESIAN_POINT('',(132.0630706599,71.7,106.));
#8172 = SEAM_CURVE('',#8173,(#8177,#8189),.PCURVE_S1.);
#8173 = LINE('',#8174,#8175);
#8174 = CARTESIAN_POINT('',(132.0630706599,68.7,106.));
#8175 = VECTOR('',#8176,1.);
#8176 = DIRECTION('',(0.,1.,-0.));
#8177 = PCURVE('',#8178,#8183);
#8178 = CYLINDRICAL_SURFACE('',#8179,1.3);
#8179 = AXIS2_PLACEMENT_3D('',#8180,#8181,#8182);
#8180 = CARTESIAN_POINT('',(133.3630706599,68.7,106.));
#8181 = DIRECTION('',(-0.,-1.,0.));
#8182 = DIRECTION('',(-1.,0.,0.));
#8183 = DEFINITIONAL_REPRESENTATION('',(#8184),#8188);
#8184 = LINE('',#8185,#8186);
#8185 = CARTESIAN_POINT('',(-0.,0.));
#8186 = VECTOR('',#8187,1.);
#8187 = DIRECTION('',(-0.,-1.));
#8188 = ( GEOMETRIC_REPRESENTATION_CONTEXT(2) 
PARAMETRIC_REPRESENTATION_CONTEXT() REPRESENTATION_CONTEXT('2D SPACE',''
  ) );
#8189 = PCURVE('',#8178,#8190);
#8190 = DEFINITIONAL_REPRESENTATION('',(#8191),#8195);
#8191 = LINE('',#8192,#8193);
#8192 = CARTESIAN_POINT('',(-6.28318530718,0.));
#8193 = VECTOR('',#8194,1.);
#8194 = DIRECTION('',(-0.,-1.));
#8195 = ( GEOMETRIC_REPRESENTATION_CONTEXT(2) 
PARAMETRIC_REPRESENTATION_CONTEXT() REPRESENTATION_CONTEXT('2D SPACE',''
  ) );
#8196 = ORIENTED_EDGE('',*,*,#8197,.T.);
#8197 = EDGE_CURVE('',#8170,#8170,#8198,.T.);
#8198 = SURFACE_CURVE('',#8199,(#8204,#8211),.PCURVE_S1.);
#8199 = CIRCLE('',#8200,1.3);
#8200 = AXIS2_PLACEMENT_3D('',#8201,#8202,#8203);
#8201 = CARTESIAN_POINT('',(133.3630706599,71.7,106.));
#8202 = DIRECTION('',(0.,1.,-0.));
#8203 = DIRECTION('',(-1.,0.,0.));
#8204 = PCURVE('',#8178,#8205);
#8205 = DEFINITIONAL_REPRESENTATION('',(#8206),#8210);
#8206 = LINE('',#8207,#8208);
#8207 = CARTESIAN_POINT('',(-0.,-3.));
#8208 = VECTOR('',#8209,1.);
#8209 = DIRECTION('',(-1.,0.));
#8210 = ( GEOMETRIC_REPRESENTATION_CONTEXT(2) 
PARAMETRIC_REPRESENTATION_CONTEXT() REPRESENTATION_CONTEXT('2D SPACE',''
  ) );
#8211 = PCURVE('',#72,#8212);
#8212 = DEFINITIONAL_REPRESENTATION('',(#8213),#8217);
#8213 = CIRCLE('',#8214,1.3);
#8214 = AXIS2_PLACEMENT_2D('',#8215,#8216);
#8215 = CARTESIAN_POINT('',(-43.3630706599,20.25));
#8216 = DIRECTION('',(1.,0.));
#8217 = ( GEOMETRIC_REPRESENTATION_CONTEXT(2) 
PARAMETRIC_REPRESENTATION_CONTEXT() REPRESENTATION_CONTEXT('2D SPACE',''
  ) );
#8218 = ORIENTED_EDGE('',*,*,#8167,.F.);
#8219 = ORIENTED_EDGE('',*,*,#8220,.F.);
#8220 = EDGE_CURVE('',#8168,#8168,#8221,.T.);
#8221 = SURFACE_CURVE('',#8222,(#8227,#8234),.PCURVE_S1.);
#8222 = CIRCLE('',#8223,1.3);
#8223 = AXIS2_PLACEMENT_3D('',#8224,#8225,#8226);
#8224 = CARTESIAN_POINT('',(133.3630706599,68.7,106.));
#8225 = DIRECTION('',(0.,1.,-0.));
#8226 = DIRECTION('',(-1.,0.,0.));
#8227 = PCURVE('',#8178,#8228);
#8228 = DEFINITIONAL_REPRESENTATION('',(#8229),#8233);
#8229 = LINE('',#8230,#8231);
#8230 = CARTESIAN_POINT('',(-0.,0.));
#8231 = VECTOR('',#8232,1.);
#8232 = DIRECTION('',(-1.,0.));
#8233 = ( GEOMETRIC_REPRESENTATION_CONTEXT(2) 
PARAMETRIC_REPRESENTATION_CONTEXT() REPRESENTATION_CONTEXT('2D SPACE',''
  ) );
#8234 = PCURVE('',#126,#8235);
#8235 = DEFINITIONAL_REPRESENTATION('',(#8236),#8240);
#8236 = CIRCLE('',#8237,1.3);
#8237 = AXIS2_PLACEMENT_2D('',#8238,#8239);
#8238 = CARTESIAN_POINT('',(-43.3630706599,20.25));
#8239 = DIRECTION('',(1.,0.));
#8240 = ( GEOMETRIC_REPRESENTATION_CONTEXT(2) 
PARAMETRIC_REPRESENTATION_CONTEXT() REPRESENTATION_CONTEXT('2D SPACE',''
  ) );
#8241 = ADVANCED_FACE('',(#8242),#8256,.F.);
#8242 = FACE_BOUND('',#8243,.T.);
#8243 = EDGE_LOOP('',(#8244,#8274,#8296,#8297));
#8244 = ORIENTED_EDGE('',*,*,#8245,.T.);
#8245 = EDGE_CURVE('',#8246,#8248,#8250,.T.);
#8246 = VERTEX_POINT('',#8247);
#8247 = CARTESIAN_POINT('',(136.21999259807,68.7,108.4));
#8248 = VERTEX_POINT('',#8249);
#8249 = CARTESIAN_POINT('',(136.21999259807,71.7,108.4));
#8250 = SEAM_CURVE('',#8251,(#8255,#8267),.PCURVE_S1.);
#8251 = LINE('',#8252,#8253);
#8252 = CARTESIAN_POINT('',(136.21999259807,68.7,108.4));
#8253 = VECTOR('',#8254,1.);
#8254 = DIRECTION('',(0.,1.,-0.));
#8255 = PCURVE('',#8256,#8261);
#8256 = CYLINDRICAL_SURFACE('',#8257,1.3);
#8257 = AXIS2_PLACEMENT_3D('',#8258,#8259,#8260);
#8258 = CARTESIAN_POINT('',(137.51999259807,68.7,108.4));
#8259 = DIRECTION('',(-0.,-1.,0.));
#8260 = DIRECTION('',(-1.,0.,0.));
#8261 = DEFINITIONAL_REPRESENTATION('',(#8262),#8266);
#8262 = LINE('',#8263,#8264);
#8263 = CARTESIAN_POINT('',(-0.,0.));
#8264 = VECTOR('',#8265,1.);
#8265 = DIRECTION('',(-0.,-1.));
#8266 = ( GEOMETRIC_REPRESENTATION_CONTEXT(2) 
PARAMETRIC_REPRESENTATION_CONTEXT() REPRESENTATION_CONTEXT('2D SPACE',''
  ) );
#8267 = PCURVE('',#8256,#8268);
#8268 = DEFINITIONAL_REPRESENTATION('',(#8269),#8273);
#8269 = LINE('',#8270,#8271);
#8270 = CARTESIAN_POINT('',(-6.28318530718,0.));
#8271 = VECTOR('',#8272,1.);
#8272 = DIRECTION('',(-0.,-1.));
#8273 = ( GEOMETRIC_REPRESENTATION_CONTEXT(2) 
PARAMETRIC_REPRESENTATION_CONTEXT() REPRESENTATION_CONTEXT('2D SPACE',''
  ) );
#8274 = ORIENTED_EDGE('',*,*,#8275,.T.);
#8275 = EDGE_CURVE('',#8248,#8248,#8276,.T.);
#8276 = SURFACE_CURVE('',#8277,(#8282,#8289),.PCURVE_S1.);
#8277 = CIRCLE('',#8278,1.3);
#8278 = AXIS2_PLACEMENT_3D('',#8279,#8280,#8281);
#8279 = CARTESIAN_POINT('',(137.51999259807,71.7,108.4));
#8280 = DIRECTION('',(0.,1.,-0.));
#8281 = DIRECTION('',(-1.,0.,0.));
#8282 = PCURVE('',#8256,#8283);
#8283 = DEFINITIONAL_REPRESENTATION('',(#8284),#8288);
#8284 = LINE('',#8285,#8286);
#8285 = CARTESIAN_POINT('',(-0.,-3.));
#8286 = VECTOR('',#8287,1.);
#8287 = DIRECTION('',(-1.,0.));
#8288 = ( GEOMETRIC_REPRESENTATION_CONTEXT(2) 
PARAMETRIC_REPRESENTATION_CONTEXT() REPRESENTATION_CONTEXT('2D SPACE',''
  ) );
#8289 = PCURVE('',#72,#8290);
#8290 = DEFINITIONAL_REPRESENTATION('',(#8291),#8295);
#8291 = CIRCLE('',#8292,1.3);
#8292 = AXIS2_PLACEMENT_2D('',#8293,#8294);
#8293 = CARTESIAN_POINT('',(-47.51999259807,22.65));
#8294 = DIRECTION('',(1.,0.));
#8295 = ( GEOMETRIC_REPRESENTATION_CONTEXT(2) 
PARAMETRIC_REPRESENTATION_CONTEXT() REPRESENTATION_CONTEXT('2D SPACE',''
  ) );
#8296 = ORIENTED_EDGE('',*,*,#8245,.F.);
#8297 = ORIENTED_EDGE('',*,*,#8298,.F.);
#8298 = EDGE_CURVE('',#8246,#8246,#8299,.T.);
#8299 = SURFACE_CURVE('',#8300,(#8305,#8312),.PCURVE_S1.);
#8300 = CIRCLE('',#8301,1.3);
#8301 = AXIS2_PLACEMENT_3D('',#8302,#8303,#8304);
#8302 = CARTESIAN_POINT('',(137.51999259807,68.7,108.4));
#8303 = DIRECTION('',(0.,1.,-0.));
#8304 = DIRECTION('',(-1.,0.,0.));
#8305 = PCURVE('',#8256,#8306);
#8306 = DEFINITIONAL_REPRESENTATION('',(#8307),#8311);
#8307 = LINE('',#8308,#8309);
#8308 = CARTESIAN_POINT('',(-0.,0.));
#8309 = VECTOR('',#8310,1.);
#8310 = DIRECTION('',(-1.,0.));
#8311 = ( GEOMETRIC_REPRESENTATION_CONTEXT(2) 
PARAMETRIC_REPRESENTATION_CONTEXT() REPRESENTATION_CONTEXT('2D SPACE',''
  ) );
#8312 = PCURVE('',#126,#8313);
#8313 = DEFINITIONAL_REPRESENTATION('',(#8314),#8318);
#8314 = CIRCLE('',#8315,1.3);
#8315 = AXIS2_PLACEMENT_2D('',#8316,#8317);
#8316 = CARTESIAN_POINT('',(-47.51999259807,22.65));
#8317 = DIRECTION('',(1.,0.));
#8318 = ( GEOMETRIC_REPRESENTATION_CONTEXT(2) 
PARAMETRIC_REPRESENTATION_CONTEXT() REPRESENTATION_CONTEXT('2D SPACE',''
  ) );
#8319 = ADVANCED_FACE('',(#8320),#8334,.F.);
#8320 = FACE_BOUND('',#8321,.T.);
#8321 = EDGE_LOOP('',(#8322,#8352,#8374,#8375));
#8322 = ORIENTED_EDGE('',*,*,#8323,.T.);
#8323 = EDGE_CURVE('',#8324,#8326,#8328,.T.);
#8324 = VERTEX_POINT('',#8325);
#8325 = CARTESIAN_POINT('',(132.0630706599,68.7,110.8));
#8326 = VERTEX_POINT('',#8327);
#8327 = CARTESIAN_POINT('',(132.0630706599,71.7,110.8));
#8328 = SEAM_CURVE('',#8329,(#8333,#8345),.PCURVE_S1.);
#8329 = LINE('',#8330,#8331);
#8330 = CARTESIAN_POINT('',(132.0630706599,68.7,110.8));
#8331 = VECTOR('',#8332,1.);
#8332 = DIRECTION('',(0.,1.,-0.));
#8333 = PCURVE('',#8334,#8339);
#8334 = CYLINDRICAL_SURFACE('',#8335,1.3);
#8335 = AXIS2_PLACEMENT_3D('',#8336,#8337,#8338);
#8336 = CARTESIAN_POINT('',(133.3630706599,68.7,110.8));
#8337 = DIRECTION('',(-0.,-1.,0.));
#8338 = DIRECTION('',(-1.,0.,0.));
#8339 = DEFINITIONAL_REPRESENTATION('',(#8340),#8344);
#8340 = LINE('',#8341,#8342);
#8341 = CARTESIAN_POINT('',(-0.,0.));
#8342 = VECTOR('',#8343,1.);
#8343 = DIRECTION('',(-0.,-1.));
#8344 = ( GEOMETRIC_REPRESENTATION_CONTEXT(2) 
PARAMETRIC_REPRESENTATION_CONTEXT() REPRESENTATION_CONTEXT('2D SPACE',''
  ) );
#8345 = PCURVE('',#8334,#8346);
#8346 = DEFINITIONAL_REPRESENTATION('',(#8347),#8351);
#8347 = LINE('',#8348,#8349);
#8348 = CARTESIAN_POINT('',(-6.28318530718,0.));
#8349 = VECTOR('',#8350,1.);
#8350 = DIRECTION('',(-0.,-1.));
#8351 = ( GEOMETRIC_REPRESENTATION_CONTEXT(2) 
PARAMETRIC_REPRESENTATION_CONTEXT() REPRESENTATION_CONTEXT('2D SPACE',''
  ) );
#8352 = ORIENTED_EDGE('',*,*,#8353,.T.);
#8353 = EDGE_CURVE('',#8326,#8326,#8354,.T.);
#8354 = SURFACE_CURVE('',#8355,(#8360,#8367),.PCURVE_S1.);
#8355 = CIRCLE('',#8356,1.3);
#8356 = AXIS2_PLACEMENT_3D('',#8357,#8358,#8359);
#8357 = CARTESIAN_POINT('',(133.3630706599,71.7,110.8));
#8358 = DIRECTION('',(0.,1.,-0.));
#8359 = DIRECTION('',(-1.,0.,0.));
#8360 = PCURVE('',#8334,#8361);
#8361 = DEFINITIONAL_REPRESENTATION('',(#8362),#8366);
#8362 = LINE('',#8363,#8364);
#8363 = CARTESIAN_POINT('',(-0.,-3.));
#8364 = VECTOR('',#8365,1.);
#8365 = DIRECTION('',(-1.,0.));
#8366 = ( GEOMETRIC_REPRESENTATION_CONTEXT(2) 
PARAMETRIC_REPRESENTATION_CONTEXT() REPRESENTATION_CONTEXT('2D SPACE',''
  ) );
#8367 = PCURVE('',#72,#8368);
#8368 = DEFINITIONAL_REPRESENTATION('',(#8369),#8373);
#8369 = CIRCLE('',#8370,1.3);
#8370 = AXIS2_PLACEMENT_2D('',#8371,#8372);
#8371 = CARTESIAN_POINT('',(-43.3630706599,25.05));
#8372 = DIRECTION('',(1.,0.));
#8373 = ( GEOMETRIC_REPRESENTATION_CONTEXT(2) 
PARAMETRIC_REPRESENTATION_CONTEXT() REPRESENTATION_CONTEXT('2D SPACE',''
  ) );
#8374 = ORIENTED_EDGE('',*,*,#8323,.F.);
#8375 = ORIENTED_EDGE('',*,*,#8376,.F.);
#8376 = EDGE_CURVE('',#8324,#8324,#8377,.T.);
#8377 = SURFACE_CURVE('',#8378,(#8383,#8390),.PCURVE_S1.);
#8378 = CIRCLE('',#8379,1.3);
#8379 = AXIS2_PLACEMENT_3D('',#8380,#8381,#8382);
#8380 = CARTESIAN_POINT('',(133.3630706599,68.7,110.8));
#8381 = DIRECTION('',(0.,1.,-0.));
#8382 = DIRECTION('',(-1.,0.,0.));
#8383 = PCURVE('',#8334,#8384);
#8384 = DEFINITIONAL_REPRESENTATION('',(#8385),#8389);
#8385 = LINE('',#8386,#8387);
#8386 = CARTESIAN_POINT('',(-0.,0.));
#8387 = VECTOR('',#8388,1.);
#8388 = DIRECTION('',(-1.,0.));
#8389 = ( GEOMETRIC_REPRESENTATION_CONTEXT(2) 
PARAMETRIC_REPRESENTATION_CONTEXT() REPRESENTATION_CONTEXT('2D SPACE',''
  ) );
#8390 = PCURVE('',#126,#8391);
#8391 = DEFINITIONAL_REPRESENTATION('',(#8392),#8396);
#8392 = CIRCLE('',#8393,1.3);
#8393 = AXIS2_PLACEMENT_2D('',#8394,#8395);
#8394 = CARTESIAN_POINT('',(-43.3630706599,25.05));
#8395 = DIRECTION('',(1.,0.));
#8396 = ( GEOMETRIC_REPRESENTATION_CONTEXT(2) 
PARAMETRIC_REPRESENTATION_CONTEXT() REPRESENTATION_CONTEXT('2D SPACE',''
  ) );
#8397 = ADVANCED_FACE('',(#8398),#8412,.F.);
#8398 = FACE_BOUND('',#8399,.T.);
#8399 = EDGE_LOOP('',(#8400,#8430,#8452,#8453));
#8400 = ORIENTED_EDGE('',*,*,#8401,.T.);
#8401 = EDGE_CURVE('',#8402,#8404,#8406,.T.);
#8402 = VERTEX_POINT('',#8403);
#8403 = CARTESIAN_POINT('',(140.37691453624,68.7,115.6));
#8404 = VERTEX_POINT('',#8405);
#8405 = CARTESIAN_POINT('',(140.37691453624,71.7,115.6));
#8406 = SEAM_CURVE('',#8407,(#8411,#8423),.PCURVE_S1.);
#8407 = LINE('',#8408,#8409);
#8408 = CARTESIAN_POINT('',(140.37691453624,68.7,115.6));
#8409 = VECTOR('',#8410,1.);
#8410 = DIRECTION('',(0.,1.,-0.));
#8411 = PCURVE('',#8412,#8417);
#8412 = CYLINDRICAL_SURFACE('',#8413,1.3);
#8413 = AXIS2_PLACEMENT_3D('',#8414,#8415,#8416);
#8414 = CARTESIAN_POINT('',(141.67691453624,68.7,115.6));
#8415 = DIRECTION('',(-0.,-1.,0.));
#8416 = DIRECTION('',(-1.,0.,0.));
#8417 = DEFINITIONAL_REPRESENTATION('',(#8418),#8422);
#8418 = LINE('',#8419,#8420);
#8419 = CARTESIAN_POINT('',(-0.,0.));
#8420 = VECTOR('',#8421,1.);
#8421 = DIRECTION('',(-0.,-1.));
#8422 = ( GEOMETRIC_REPRESENTATION_CONTEXT(2) 
PARAMETRIC_REPRESENTATION_CONTEXT() REPRESENTATION_CONTEXT('2D SPACE',''
  ) );
#8423 = PCURVE('',#8412,#8424);
#8424 = DEFINITIONAL_REPRESENTATION('',(#8425),#8429);
#8425 = LINE('',#8426,#8427);
#8426 = CARTESIAN_POINT('',(-6.28318530718,0.));
#8427 = VECTOR('',#8428,1.);
#8428 = DIRECTION('',(-0.,-1.));
#8429 = ( GEOMETRIC_REPRESENTATION_CONTEXT(2) 
PARAMETRIC_REPRESENTATION_CONTEXT() REPRESENTATION_CONTEXT('2D SPACE',''
  ) );
#8430 = ORIENTED_EDGE('',*,*,#8431,.T.);
#8431 = EDGE_CURVE('',#8404,#8404,#8432,.T.);
#8432 = SURFACE_CURVE('',#8433,(#8438,#8445),.PCURVE_S1.);
#8433 = CIRCLE('',#8434,1.3);
#8434 = AXIS2_PLACEMENT_3D('',#8435,#8436,#8437);
#8435 = CARTESIAN_POINT('',(141.67691453624,71.7,115.6));
#8436 = DIRECTION('',(0.,1.,-0.));
#8437 = DIRECTION('',(-1.,0.,0.));
#8438 = PCURVE('',#8412,#8439);
#8439 = DEFINITIONAL_REPRESENTATION('',(#8440),#8444);
#8440 = LINE('',#8441,#8442);
#8441 = CARTESIAN_POINT('',(-0.,-3.));
#8442 = VECTOR('',#8443,1.);
#8443 = DIRECTION('',(-1.,0.));
#8444 = ( GEOMETRIC_REPRESENTATION_CONTEXT(2) 
PARAMETRIC_REPRESENTATION_CONTEXT() REPRESENTATION_CONTEXT('2D SPACE',''
  ) );
#8445 = PCURVE('',#72,#8446);
#8446 = DEFINITIONAL_REPRESENTATION('',(#8447),#8451);
#8447 = CIRCLE('',#8448,1.3);
#8448 = AXIS2_PLACEMENT_2D('',#8449,#8450);
#8449 = CARTESIAN_POINT('',(-51.67691453624,29.85));
#8450 = DIRECTION('',(1.,0.));
#8451 = ( GEOMETRIC_REPRESENTATION_CONTEXT(2) 
PARAMETRIC_REPRESENTATION_CONTEXT() REPRESENTATION_CONTEXT('2D SPACE',''
  ) );
#8452 = ORIENTED_EDGE('',*,*,#8401,.F.);
#8453 = ORIENTED_EDGE('',*,*,#8454,.F.);
#8454 = EDGE_CURVE('',#8402,#8402,#8455,.T.);
#8455 = SURFACE_CURVE('',#8456,(#8461,#8468),.PCURVE_S1.);
#8456 = CIRCLE('',#8457,1.3);
#8457 = AXIS2_PLACEMENT_3D('',#8458,#8459,#8460);
#8458 = CARTESIAN_POINT('',(141.67691453624,68.7,115.6));
#8459 = DIRECTION('',(0.,1.,-0.));
#8460 = DIRECTION('',(-1.,0.,0.));
#8461 = PCURVE('',#8412,#8462);
#8462 = DEFINITIONAL_REPRESENTATION('',(#8463),#8467);
#8463 = LINE('',#8464,#8465);
#8464 = CARTESIAN_POINT('',(-0.,0.));
#8465 = VECTOR('',#8466,1.);
#8466 = DIRECTION('',(-1.,0.));
#8467 = ( GEOMETRIC_REPRESENTATION_CONTEXT(2) 
PARAMETRIC_REPRESENTATION_CONTEXT() REPRESENTATION_CONTEXT('2D SPACE',''
  ) );
#8468 = PCURVE('',#126,#8469);
#8469 = DEFINITIONAL_REPRESENTATION('',(#8470),#8474);
#8470 = CIRCLE('',#8471,1.3);
#8471 = AXIS2_PLACEMENT_2D('',#8472,#8473);
#8472 = CARTESIAN_POINT('',(-51.67691453624,29.85));
#8473 = DIRECTION('',(1.,0.));
#8474 = ( GEOMETRIC_REPRESENTATION_CONTEXT(2) 
PARAMETRIC_REPRESENTATION_CONTEXT() REPRESENTATION_CONTEXT('2D SPACE',''
  ) );
#8475 = ADVANCED_FACE('',(#8476),#8490,.F.);
#8476 = FACE_BOUND('',#8477,.T.);
#8477 = EDGE_LOOP('',(#8478,#8508,#8530,#8531));
#8478 = ORIENTED_EDGE('',*,*,#8479,.T.);
#8479 = EDGE_CURVE('',#8480,#8482,#8484,.T.);
#8480 = VERTEX_POINT('',#8481);
#8481 = CARTESIAN_POINT('',(136.21999259807,68.7,113.2));
#8482 = VERTEX_POINT('',#8483);
#8483 = CARTESIAN_POINT('',(136.21999259807,71.7,113.2));
#8484 = SEAM_CURVE('',#8485,(#8489,#8501),.PCURVE_S1.);
#8485 = LINE('',#8486,#8487);
#8486 = CARTESIAN_POINT('',(136.21999259807,68.7,113.2));
#8487 = VECTOR('',#8488,1.);
#8488 = DIRECTION('',(0.,1.,-0.));
#8489 = PCURVE('',#8490,#8495);
#8490 = CYLINDRICAL_SURFACE('',#8491,1.3);
#8491 = AXIS2_PLACEMENT_3D('',#8492,#8493,#8494);
#8492 = CARTESIAN_POINT('',(137.51999259807,68.7,113.2));
#8493 = DIRECTION('',(-0.,-1.,0.));
#8494 = DIRECTION('',(-1.,0.,0.));
#8495 = DEFINITIONAL_REPRESENTATION('',(#8496),#8500);
#8496 = LINE('',#8497,#8498);
#8497 = CARTESIAN_POINT('',(-0.,0.));
#8498 = VECTOR('',#8499,1.);
#8499 = DIRECTION('',(-0.,-1.));
#8500 = ( GEOMETRIC_REPRESENTATION_CONTEXT(2) 
PARAMETRIC_REPRESENTATION_CONTEXT() REPRESENTATION_CONTEXT('2D SPACE',''
  ) );
#8501 = PCURVE('',#8490,#8502);
#8502 = DEFINITIONAL_REPRESENTATION('',(#8503),#8507);
#8503 = LINE('',#8504,#8505);
#8504 = CARTESIAN_POINT('',(-6.28318530718,0.));
#8505 = VECTOR('',#8506,1.);
#8506 = DIRECTION('',(-0.,-1.));
#8507 = ( GEOMETRIC_REPRESENTATION_CONTEXT(2) 
PARAMETRIC_REPRESENTATION_CONTEXT() REPRESENTATION_CONTEXT('2D SPACE',''
  ) );
#8508 = ORIENTED_EDGE('',*,*,#8509,.T.);
#8509 = EDGE_CURVE('',#8482,#8482,#8510,.T.);
#8510 = SURFACE_CURVE('',#8511,(#8516,#8523),.PCURVE_S1.);
#8511 = CIRCLE('',#8512,1.3);
#8512 = AXIS2_PLACEMENT_3D('',#8513,#8514,#8515);
#8513 = CARTESIAN_POINT('',(137.51999259807,71.7,113.2));
#8514 = DIRECTION('',(0.,1.,-0.));
#8515 = DIRECTION('',(-1.,0.,0.));
#8516 = PCURVE('',#8490,#8517);
#8517 = DEFINITIONAL_REPRESENTATION('',(#8518),#8522);
#8518 = LINE('',#8519,#8520);
#8519 = CARTESIAN_POINT('',(-0.,-3.));
#8520 = VECTOR('',#8521,1.);
#8521 = DIRECTION('',(-1.,0.));
#8522 = ( GEOMETRIC_REPRESENTATION_CONTEXT(2) 
PARAMETRIC_REPRESENTATION_CONTEXT() REPRESENTATION_CONTEXT('2D SPACE',''
  ) );
#8523 = PCURVE('',#72,#8524);
#8524 = DEFINITIONAL_REPRESENTATION('',(#8525),#8529);
#8525 = CIRCLE('',#8526,1.3);
#8526 = AXIS2_PLACEMENT_2D('',#8527,#8528);
#8527 = CARTESIAN_POINT('',(-47.51999259807,27.45));
#8528 = DIRECTION('',(1.,0.));
#8529 = ( GEOMETRIC_REPRESENTATION_CONTEXT(2) 
PARAMETRIC_REPRESENTATION_CONTEXT() REPRESENTATION_CONTEXT('2D SPACE',''
  ) );
#8530 = ORIENTED_EDGE('',*,*,#8479,.F.);
#8531 = ORIENTED_EDGE('',*,*,#8532,.F.);
#8532 = EDGE_CURVE('',#8480,#8480,#8533,.T.);
#8533 = SURFACE_CURVE('',#8534,(#8539,#8546),.PCURVE_S1.);
#8534 = CIRCLE('',#8535,1.3);
#8535 = AXIS2_PLACEMENT_3D('',#8536,#8537,#8538);
#8536 = CARTESIAN_POINT('',(137.51999259807,68.7,113.2));
#8537 = DIRECTION('',(0.,1.,-0.));
#8538 = DIRECTION('',(-1.,0.,0.));
#8539 = PCURVE('',#8490,#8540);
#8540 = DEFINITIONAL_REPRESENTATION('',(#8541),#8545);
#8541 = LINE('',#8542,#8543);
#8542 = CARTESIAN_POINT('',(-0.,0.));
#8543 = VECTOR('',#8544,1.);
#8544 = DIRECTION('',(-1.,0.));
#8545 = ( GEOMETRIC_REPRESENTATION_CONTEXT(2) 
PARAMETRIC_REPRESENTATION_CONTEXT() REPRESENTATION_CONTEXT('2D SPACE',''
  ) );
#8546 = PCURVE('',#126,#8547);
#8547 = DEFINITIONAL_REPRESENTATION('',(#8548),#8552);
#8548 = CIRCLE('',#8549,1.3);
#8549 = AXIS2_PLACEMENT_2D('',#8550,#8551);
#8550 = CARTESIAN_POINT('',(-47.51999259807,27.45));
#8551 = DIRECTION('',(1.,0.));
#8552 = ( GEOMETRIC_REPRESENTATION_CONTEXT(2) 
PARAMETRIC_REPRESENTATION_CONTEXT() REPRESENTATION_CONTEXT('2D SPACE',''
  ) );
#8553 = ADVANCED_FACE('',(#8554),#8568,.F.);
#8554 = FACE_BOUND('',#8555,.T.);
#8555 = EDGE_LOOP('',(#8556,#8586,#8608,#8609));
#8556 = ORIENTED_EDGE('',*,*,#8557,.T.);
#8557 = EDGE_CURVE('',#8558,#8560,#8562,.T.);
#8558 = VERTEX_POINT('',#8559);
#8559 = CARTESIAN_POINT('',(132.0630706599,68.7,115.6));
#8560 = VERTEX_POINT('',#8561);
#8561 = CARTESIAN_POINT('',(132.0630706599,71.7,115.6));
#8562 = SEAM_CURVE('',#8563,(#8567,#8579),.PCURVE_S1.);
#8563 = LINE('',#8564,#8565);
#8564 = CARTESIAN_POINT('',(132.0630706599,68.7,115.6));
#8565 = VECTOR('',#8566,1.);
#8566 = DIRECTION('',(0.,1.,-0.));
#8567 = PCURVE('',#8568,#8573);
#8568 = CYLINDRICAL_SURFACE('',#8569,1.3);
#8569 = AXIS2_PLACEMENT_3D('',#8570,#8571,#8572);
#8570 = CARTESIAN_POINT('',(133.3630706599,68.7,115.6));
#8571 = DIRECTION('',(-0.,-1.,0.));
#8572 = DIRECTION('',(-1.,0.,0.));
#8573 = DEFINITIONAL_REPRESENTATION('',(#8574),#8578);
#8574 = LINE('',#8575,#8576);
#8575 = CARTESIAN_POINT('',(-0.,0.));
#8576 = VECTOR('',#8577,1.);
#8577 = DIRECTION('',(-0.,-1.));
#8578 = ( GEOMETRIC_REPRESENTATION_CONTEXT(2) 
PARAMETRIC_REPRESENTATION_CONTEXT() REPRESENTATION_CONTEXT('2D SPACE',''
  ) );
#8579 = PCURVE('',#8568,#8580);
#8580 = DEFINITIONAL_REPRESENTATION('',(#8581),#8585);
#8581 = LINE('',#8582,#8583);
#8582 = CARTESIAN_POINT('',(-6.28318530718,0.));
#8583 = VECTOR('',#8584,1.);
#8584 = DIRECTION('',(-0.,-1.));
#8585 = ( GEOMETRIC_REPRESENTATION_CONTEXT(2) 
PARAMETRIC_REPRESENTATION_CONTEXT() REPRESENTATION_CONTEXT('2D SPACE',''
  ) );
#8586 = ORIENTED_EDGE('',*,*,#8587,.T.);
#8587 = EDGE_CURVE('',#8560,#8560,#8588,.T.);
#8588 = SURFACE_CURVE('',#8589,(#8594,#8601),.PCURVE_S1.);
#8589 = CIRCLE('',#8590,1.3);
#8590 = AXIS2_PLACEMENT_3D('',#8591,#8592,#8593);
#8591 = CARTESIAN_POINT('',(133.3630706599,71.7,115.6));
#8592 = DIRECTION('',(0.,1.,-0.));
#8593 = DIRECTION('',(-1.,0.,0.));
#8594 = PCURVE('',#8568,#8595);
#8595 = DEFINITIONAL_REPRESENTATION('',(#8596),#8600);
#8596 = LINE('',#8597,#8598);
#8597 = CARTESIAN_POINT('',(-0.,-3.));
#8598 = VECTOR('',#8599,1.);
#8599 = DIRECTION('',(-1.,0.));
#8600 = ( GEOMETRIC_REPRESENTATION_CONTEXT(2) 
PARAMETRIC_REPRESENTATION_CONTEXT() REPRESENTATION_CONTEXT('2D SPACE',''
  ) );
#8601 = PCURVE('',#72,#8602);
#8602 = DEFINITIONAL_REPRESENTATION('',(#8603),#8607);
#8603 = CIRCLE('',#8604,1.3);
#8604 = AXIS2_PLACEMENT_2D('',#8605,#8606);
#8605 = CARTESIAN_POINT('',(-43.3630706599,29.85));
#8606 = DIRECTION('',(1.,0.));
#8607 = ( GEOMETRIC_REPRESENTATION_CONTEXT(2) 
PARAMETRIC_REPRESENTATION_CONTEXT() REPRESENTATION_CONTEXT('2D SPACE',''
  ) );
#8608 = ORIENTED_EDGE('',*,*,#8557,.F.);
#8609 = ORIENTED_EDGE('',*,*,#8610,.F.);
#8610 = EDGE_CURVE('',#8558,#8558,#8611,.T.);
#8611 = SURFACE_CURVE('',#8612,(#8617,#8624),.PCURVE_S1.);
#8612 = CIRCLE('',#8613,1.3);
#8613 = AXIS2_PLACEMENT_3D('',#8614,#8615,#8616);
#8614 = CARTESIAN_POINT('',(133.3630706599,68.7,115.6));
#8615 = DIRECTION('',(0.,1.,-0.));
#8616 = DIRECTION('',(-1.,0.,0.));
#8617 = PCURVE('',#8568,#8618);
#8618 = DEFINITIONAL_REPRESENTATION('',(#8619),#8623);
#8619 = LINE('',#8620,#8621);
#8620 = CARTESIAN_POINT('',(-0.,0.));
#8621 = VECTOR('',#8622,1.);
#8622 = DIRECTION('',(-1.,0.));
#8623 = ( GEOMETRIC_REPRESENTATION_CONTEXT(2) 
PARAMETRIC_REPRESENTATION_CONTEXT() REPRESENTATION_CONTEXT('2D SPACE',''
  ) );
#8624 = PCURVE('',#126,#8625);
#8625 = DEFINITIONAL_REPRESENTATION('',(#8626),#8630);
#8626 = CIRCLE('',#8627,1.3);
#8627 = AXIS2_PLACEMENT_2D('',#8628,#8629);
#8628 = CARTESIAN_POINT('',(-43.3630706599,29.85));
#8629 = DIRECTION('',(1.,0.));
#8630 = ( GEOMETRIC_REPRESENTATION_CONTEXT(2) 
PARAMETRIC_REPRESENTATION_CONTEXT() REPRESENTATION_CONTEXT('2D SPACE',''
  ) );
#8631 = ADVANCED_FACE('',(#8632),#8646,.F.);
#8632 = FACE_BOUND('',#8633,.T.);
#8633 = EDGE_LOOP('',(#8634,#8664,#8686,#8687));
#8634 = ORIENTED_EDGE('',*,*,#8635,.T.);
#8635 = EDGE_CURVE('',#8636,#8638,#8640,.T.);
#8636 = VERTEX_POINT('',#8637);
#8637 = CARTESIAN_POINT('',(140.37691453624,68.7,120.4));
#8638 = VERTEX_POINT('',#8639);
#8639 = CARTESIAN_POINT('',(140.37691453624,71.7,120.4));
#8640 = SEAM_CURVE('',#8641,(#8645,#8657),.PCURVE_S1.);
#8641 = LINE('',#8642,#8643);
#8642 = CARTESIAN_POINT('',(140.37691453624,68.7,120.4));
#8643 = VECTOR('',#8644,1.);
#8644 = DIRECTION('',(0.,1.,-0.));
#8645 = PCURVE('',#8646,#8651);
#8646 = CYLINDRICAL_SURFACE('',#8647,1.3);
#8647 = AXIS2_PLACEMENT_3D('',#8648,#8649,#8650);
#8648 = CARTESIAN_POINT('',(141.67691453624,68.7,120.4));
#8649 = DIRECTION('',(-0.,-1.,0.));
#8650 = DIRECTION('',(-1.,0.,0.));
#8651 = DEFINITIONAL_REPRESENTATION('',(#8652),#8656);
#8652 = LINE('',#8653,#8654);
#8653 = CARTESIAN_POINT('',(-0.,0.));
#8654 = VECTOR('',#8655,1.);
#8655 = DIRECTION('',(-0.,-1.));
#8656 = ( GEOMETRIC_REPRESENTATION_CONTEXT(2) 
PARAMETRIC_REPRESENTATION_CONTEXT() REPRESENTATION_CONTEXT('2D SPACE',''
  ) );
#8657 = PCURVE('',#8646,#8658);
#8658 = DEFINITIONAL_REPRESENTATION('',(#8659),#8663);
#8659 = LINE('',#8660,#8661);
#8660 = CARTESIAN_POINT('',(-6.28318530718,0.));
#8661 = VECTOR('',#8662,1.);
#8662 = DIRECTION('',(-0.,-1.));
#8663 = ( GEOMETRIC_REPRESENTATION_CONTEXT(2) 
PARAMETRIC_REPRESENTATION_CONTEXT() REPRESENTATION_CONTEXT('2D SPACE',''
  ) );
#8664 = ORIENTED_EDGE('',*,*,#8665,.T.);
#8665 = EDGE_CURVE('',#8638,#8638,#8666,.T.);
#8666 = SURFACE_CURVE('',#8667,(#8672,#8679),.PCURVE_S1.);
#8667 = CIRCLE('',#8668,1.3);
#8668 = AXIS2_PLACEMENT_3D('',#8669,#8670,#8671);
#8669 = CARTESIAN_POINT('',(141.67691453624,71.7,120.4));
#8670 = DIRECTION('',(0.,1.,-0.));
#8671 = DIRECTION('',(-1.,0.,0.));
#8672 = PCURVE('',#8646,#8673);
#8673 = DEFINITIONAL_REPRESENTATION('',(#8674),#8678);
#8674 = LINE('',#8675,#8676);
#8675 = CARTESIAN_POINT('',(-0.,-3.));
#8676 = VECTOR('',#8677,1.);
#8677 = DIRECTION('',(-1.,0.));
#8678 = ( GEOMETRIC_REPRESENTATION_CONTEXT(2) 
PARAMETRIC_REPRESENTATION_CONTEXT() REPRESENTATION_CONTEXT('2D SPACE',''
  ) );
#8679 = PCURVE('',#72,#8680);
#8680 = DEFINITIONAL_REPRESENTATION('',(#8681),#8685);
#8681 = CIRCLE('',#8682,1.3);
#8682 = AXIS2_PLACEMENT_2D('',#8683,#8684);
#8683 = CARTESIAN_POINT('',(-51.67691453624,34.65));
#8684 = DIRECTION('',(1.,0.));
#8685 = ( GEOMETRIC_REPRESENTATION_CONTEXT(2) 
PARAMETRIC_REPRESENTATION_CONTEXT() REPRESENTATION_CONTEXT('2D SPACE',''
  ) );
#8686 = ORIENTED_EDGE('',*,*,#8635,.F.);
#8687 = ORIENTED_EDGE('',*,*,#8688,.F.);
#8688 = EDGE_CURVE('',#8636,#8636,#8689,.T.);
#8689 = SURFACE_CURVE('',#8690,(#8695,#8702),.PCURVE_S1.);
#8690 = CIRCLE('',#8691,1.3);
#8691 = AXIS2_PLACEMENT_3D('',#8692,#8693,#8694);
#8692 = CARTESIAN_POINT('',(141.67691453624,68.7,120.4));
#8693 = DIRECTION('',(0.,1.,-0.));
#8694 = DIRECTION('',(-1.,0.,0.));
#8695 = PCURVE('',#8646,#8696);
#8696 = DEFINITIONAL_REPRESENTATION('',(#8697),#8701);
#8697 = LINE('',#8698,#8699);
#8698 = CARTESIAN_POINT('',(-0.,0.));
#8699 = VECTOR('',#8700,1.);
#8700 = DIRECTION('',(-1.,0.));
#8701 = ( GEOMETRIC_REPRESENTATION_CONTEXT(2) 
PARAMETRIC_REPRESENTATION_CONTEXT() REPRESENTATION_CONTEXT('2D SPACE',''
  ) );
#8702 = PCURVE('',#126,#8703);
#8703 = DEFINITIONAL_REPRESENTATION('',(#8704),#8708);
#8704 = CIRCLE('',#8705,1.3);
#8705 = AXIS2_PLACEMENT_2D('',#8706,#8707);
#8706 = CARTESIAN_POINT('',(-51.67691453624,34.65));
#8707 = DIRECTION('',(1.,0.));
#8708 = ( GEOMETRIC_REPRESENTATION_CONTEXT(2) 
PARAMETRIC_REPRESENTATION_CONTEXT() REPRESENTATION_CONTEXT('2D SPACE',''
  ) );
#8709 = ADVANCED_FACE('',(#8710),#8724,.F.);
#8710 = FACE_BOUND('',#8711,.T.);
#8711 = EDGE_LOOP('',(#8712,#8742,#8764,#8765));
#8712 = ORIENTED_EDGE('',*,*,#8713,.T.);
#8713 = EDGE_CURVE('',#8714,#8716,#8718,.T.);
#8714 = VERTEX_POINT('',#8715);
#8715 = CARTESIAN_POINT('',(136.21999259807,68.7,118.));
#8716 = VERTEX_POINT('',#8717);
#8717 = CARTESIAN_POINT('',(136.21999259807,71.7,118.));
#8718 = SEAM_CURVE('',#8719,(#8723,#8735),.PCURVE_S1.);
#8719 = LINE('',#8720,#8721);
#8720 = CARTESIAN_POINT('',(136.21999259807,68.7,118.));
#8721 = VECTOR('',#8722,1.);
#8722 = DIRECTION('',(0.,1.,-0.));
#8723 = PCURVE('',#8724,#8729);
#8724 = CYLINDRICAL_SURFACE('',#8725,1.3);
#8725 = AXIS2_PLACEMENT_3D('',#8726,#8727,#8728);
#8726 = CARTESIAN_POINT('',(137.51999259807,68.7,118.));
#8727 = DIRECTION('',(-0.,-1.,0.));
#8728 = DIRECTION('',(-1.,0.,0.));
#8729 = DEFINITIONAL_REPRESENTATION('',(#8730),#8734);
#8730 = LINE('',#8731,#8732);
#8731 = CARTESIAN_POINT('',(-0.,0.));
#8732 = VECTOR('',#8733,1.);
#8733 = DIRECTION('',(-0.,-1.));
#8734 = ( GEOMETRIC_REPRESENTATION_CONTEXT(2) 
PARAMETRIC_REPRESENTATION_CONTEXT() REPRESENTATION_CONTEXT('2D SPACE',''
  ) );
#8735 = PCURVE('',#8724,#8736);
#8736 = DEFINITIONAL_REPRESENTATION('',(#8737),#8741);
#8737 = LINE('',#8738,#8739);
#8738 = CARTESIAN_POINT('',(-6.28318530718,0.));
#8739 = VECTOR('',#8740,1.);
#8740 = DIRECTION('',(-0.,-1.));
#8741 = ( GEOMETRIC_REPRESENTATION_CONTEXT(2) 
PARAMETRIC_REPRESENTATION_CONTEXT() REPRESENTATION_CONTEXT('2D SPACE',''
  ) );
#8742 = ORIENTED_EDGE('',*,*,#8743,.T.);
#8743 = EDGE_CURVE('',#8716,#8716,#8744,.T.);
#8744 = SURFACE_CURVE('',#8745,(#8750,#8757),.PCURVE_S1.);
#8745 = CIRCLE('',#8746,1.3);
#8746 = AXIS2_PLACEMENT_3D('',#8747,#8748,#8749);
#8747 = CARTESIAN_POINT('',(137.51999259807,71.7,118.));
#8748 = DIRECTION('',(0.,1.,-0.));
#8749 = DIRECTION('',(-1.,0.,0.));
#8750 = PCURVE('',#8724,#8751);
#8751 = DEFINITIONAL_REPRESENTATION('',(#8752),#8756);
#8752 = LINE('',#8753,#8754);
#8753 = CARTESIAN_POINT('',(-0.,-3.));
#8754 = VECTOR('',#8755,1.);
#8755 = DIRECTION('',(-1.,0.));
#8756 = ( GEOMETRIC_REPRESENTATION_CONTEXT(2) 
PARAMETRIC_REPRESENTATION_CONTEXT() REPRESENTATION_CONTEXT('2D SPACE',''
  ) );
#8757 = PCURVE('',#72,#8758);
#8758 = DEFINITIONAL_REPRESENTATION('',(#8759),#8763);
#8759 = CIRCLE('',#8760,1.3);
#8760 = AXIS2_PLACEMENT_2D('',#8761,#8762);
#8761 = CARTESIAN_POINT('',(-47.51999259807,32.25));
#8762 = DIRECTION('',(1.,0.));
#8763 = ( GEOMETRIC_REPRESENTATION_CONTEXT(2) 
PARAMETRIC_REPRESENTATION_CONTEXT() REPRESENTATION_CONTEXT('2D SPACE',''
  ) );
#8764 = ORIENTED_EDGE('',*,*,#8713,.F.);
#8765 = ORIENTED_EDGE('',*,*,#8766,.F.);
#8766 = EDGE_CURVE('',#8714,#8714,#8767,.T.);
#8767 = SURFACE_CURVE('',#8768,(#8773,#8780),.PCURVE_S1.);
#8768 = CIRCLE('',#8769,1.3);
#8769 = AXIS2_PLACEMENT_3D('',#8770,#8771,#8772);
#8770 = CARTESIAN_POINT('',(137.51999259807,68.7,118.));
#8771 = DIRECTION('',(0.,1.,-0.));
#8772 = DIRECTION('',(-1.,0.,0.));
#8773 = PCURVE('',#8724,#8774);
#8774 = DEFINITIONAL_REPRESENTATION('',(#8775),#8779);
#8775 = LINE('',#8776,#8777);
#8776 = CARTESIAN_POINT('',(-0.,0.));
#8777 = VECTOR('',#8778,1.);
#8778 = DIRECTION('',(-1.,0.));
#8779 = ( GEOMETRIC_REPRESENTATION_CONTEXT(2) 
PARAMETRIC_REPRESENTATION_CONTEXT() REPRESENTATION_CONTEXT('2D SPACE',''
  ) );
#8780 = PCURVE('',#126,#8781);
#8781 = DEFINITIONAL_REPRESENTATION('',(#8782),#8786);
#8782 = CIRCLE('',#8783,1.3);
#8783 = AXIS2_PLACEMENT_2D('',#8784,#8785);
#8784 = CARTESIAN_POINT('',(-47.51999259807,32.25));
#8785 = DIRECTION('',(1.,0.));
#8786 = ( GEOMETRIC_REPRESENTATION_CONTEXT(2) 
PARAMETRIC_REPRESENTATION_CONTEXT() REPRESENTATION_CONTEXT('2D SPACE',''
  ) );
#8787 = ADVANCED_FACE('',(#8788),#8802,.F.);
#8788 = FACE_BOUND('',#8789,.T.);
#8789 = EDGE_LOOP('',(#8790,#8820,#8842,#8843));
#8790 = ORIENTED_EDGE('',*,*,#8791,.T.);
#8791 = EDGE_CURVE('',#8792,#8794,#8796,.T.);
#8792 = VERTEX_POINT('',#8793);
#8793 = CARTESIAN_POINT('',(132.0630706599,68.7,120.4));
#8794 = VERTEX_POINT('',#8795);
#8795 = CARTESIAN_POINT('',(132.0630706599,71.7,120.4));
#8796 = SEAM_CURVE('',#8797,(#8801,#8813),.PCURVE_S1.);
#8797 = LINE('',#8798,#8799);
#8798 = CARTESIAN_POINT('',(132.0630706599,68.7,120.4));
#8799 = VECTOR('',#8800,1.);
#8800 = DIRECTION('',(0.,1.,-0.));
#8801 = PCURVE('',#8802,#8807);
#8802 = CYLINDRICAL_SURFACE('',#8803,1.3);
#8803 = AXIS2_PLACEMENT_3D('',#8804,#8805,#8806);
#8804 = CARTESIAN_POINT('',(133.3630706599,68.7,120.4));
#8805 = DIRECTION('',(-0.,-1.,0.));
#8806 = DIRECTION('',(-1.,0.,0.));
#8807 = DEFINITIONAL_REPRESENTATION('',(#8808),#8812);
#8808 = LINE('',#8809,#8810);
#8809 = CARTESIAN_POINT('',(-0.,0.));
#8810 = VECTOR('',#8811,1.);
#8811 = DIRECTION('',(-0.,-1.));
#8812 = ( GEOMETRIC_REPRESENTATION_CONTEXT(2) 
PARAMETRIC_REPRESENTATION_CONTEXT() REPRESENTATION_CONTEXT('2D SPACE',''
  ) );
#8813 = PCURVE('',#8802,#8814);
#8814 = DEFINITIONAL_REPRESENTATION('',(#8815),#8819);
#8815 = LINE('',#8816,#8817);
#8816 = CARTESIAN_POINT('',(-6.28318530718,0.));
#8817 = VECTOR('',#8818,1.);
#8818 = DIRECTION('',(-0.,-1.));
#8819 = ( GEOMETRIC_REPRESENTATION_CONTEXT(2) 
PARAMETRIC_REPRESENTATION_CONTEXT() REPRESENTATION_CONTEXT('2D SPACE',''
  ) );
#8820 = ORIENTED_EDGE('',*,*,#8821,.T.);
#8821 = EDGE_CURVE('',#8794,#8794,#8822,.T.);
#8822 = SURFACE_CURVE('',#8823,(#8828,#8835),.PCURVE_S1.);
#8823 = CIRCLE('',#8824,1.3);
#8824 = AXIS2_PLACEMENT_3D('',#8825,#8826,#8827);
#8825 = CARTESIAN_POINT('',(133.3630706599,71.7,120.4));
#8826 = DIRECTION('',(0.,1.,-0.));
#8827 = DIRECTION('',(-1.,0.,0.));
#8828 = PCURVE('',#8802,#8829);
#8829 = DEFINITIONAL_REPRESENTATION('',(#8830),#8834);
#8830 = LINE('',#8831,#8832);
#8831 = CARTESIAN_POINT('',(-0.,-3.));
#8832 = VECTOR('',#8833,1.);
#8833 = DIRECTION('',(-1.,0.));
#8834 = ( GEOMETRIC_REPRESENTATION_CONTEXT(2) 
PARAMETRIC_REPRESENTATION_CONTEXT() REPRESENTATION_CONTEXT('2D SPACE',''
  ) );
#8835 = PCURVE('',#72,#8836);
#8836 = DEFINITIONAL_REPRESENTATION('',(#8837),#8841);
#8837 = CIRCLE('',#8838,1.3);
#8838 = AXIS2_PLACEMENT_2D('',#8839,#8840);
#8839 = CARTESIAN_POINT('',(-43.3630706599,34.65));
#8840 = DIRECTION('',(1.,0.));
#8841 = ( GEOMETRIC_REPRESENTATION_CONTEXT(2) 
PARAMETRIC_REPRESENTATION_CONTEXT() REPRESENTATION_CONTEXT('2D SPACE',''
  ) );
#8842 = ORIENTED_EDGE('',*,*,#8791,.F.);
#8843 = ORIENTED_EDGE('',*,*,#8844,.F.);
#8844 = EDGE_CURVE('',#8792,#8792,#8845,.T.);
#8845 = SURFACE_CURVE('',#8846,(#8851,#8858),.PCURVE_S1.);
#8846 = CIRCLE('',#8847,1.3);
#8847 = AXIS2_PLACEMENT_3D('',#8848,#8849,#8850);
#8848 = CARTESIAN_POINT('',(133.3630706599,68.7,120.4));
#8849 = DIRECTION('',(0.,1.,-0.));
#8850 = DIRECTION('',(-1.,0.,0.));
#8851 = PCURVE('',#8802,#8852);
#8852 = DEFINITIONAL_REPRESENTATION('',(#8853),#8857);
#8853 = LINE('',#8854,#8855);
#8854 = CARTESIAN_POINT('',(-0.,0.));
#8855 = VECTOR('',#8856,1.);
#8856 = DIRECTION('',(-1.,0.));
#8857 = ( GEOMETRIC_REPRESENTATION_CONTEXT(2) 
PARAMETRIC_REPRESENTATION_CONTEXT() REPRESENTATION_CONTEXT('2D SPACE',''
  ) );
#8858 = PCURVE('',#126,#8859);
#8859 = DEFINITIONAL_REPRESENTATION('',(#8860),#8864);
#8860 = CIRCLE('',#8861,1.3);
#8861 = AXIS2_PLACEMENT_2D('',#8862,#8863);
#8862 = CARTESIAN_POINT('',(-43.3630706599,34.65));
#8863 = DIRECTION('',(1.,0.));
#8864 = ( GEOMETRIC_REPRESENTATION_CONTEXT(2) 
PARAMETRIC_REPRESENTATION_CONTEXT() REPRESENTATION_CONTEXT('2D SPACE',''
  ) );
#8865 = ADVANCED_FACE('',(#8866),#8880,.F.);
#8866 = FACE_BOUND('',#8867,.T.);
#8867 = EDGE_LOOP('',(#8868,#8898,#8920,#8921));
#8868 = ORIENTED_EDGE('',*,*,#8869,.T.);
#8869 = EDGE_CURVE('',#8870,#8872,#8874,.T.);
#8870 = VERTEX_POINT('',#8871);
#8871 = CARTESIAN_POINT('',(140.37691453624,68.7,125.2));
#8872 = VERTEX_POINT('',#8873);
#8873 = CARTESIAN_POINT('',(140.37691453624,71.7,125.2));
#8874 = SEAM_CURVE('',#8875,(#8879,#8891),.PCURVE_S1.);
#8875 = LINE('',#8876,#8877);
#8876 = CARTESIAN_POINT('',(140.37691453624,68.7,125.2));
#8877 = VECTOR('',#8878,1.);
#8878 = DIRECTION('',(0.,1.,-0.));
#8879 = PCURVE('',#8880,#8885);
#8880 = CYLINDRICAL_SURFACE('',#8881,1.3);
#8881 = AXIS2_PLACEMENT_3D('',#8882,#8883,#8884);
#8882 = CARTESIAN_POINT('',(141.67691453624,68.7,125.2));
#8883 = DIRECTION('',(-0.,-1.,0.));
#8884 = DIRECTION('',(-1.,0.,0.));
#8885 = DEFINITIONAL_REPRESENTATION('',(#8886),#8890);
#8886 = LINE('',#8887,#8888);
#8887 = CARTESIAN_POINT('',(-0.,0.));
#8888 = VECTOR('',#8889,1.);
#8889 = DIRECTION('',(-0.,-1.));
#8890 = ( GEOMETRIC_REPRESENTATION_CONTEXT(2) 
PARAMETRIC_REPRESENTATION_CONTEXT() REPRESENTATION_CONTEXT('2D SPACE',''
  ) );
#8891 = PCURVE('',#8880,#8892);
#8892 = DEFINITIONAL_REPRESENTATION('',(#8893),#8897);
#8893 = LINE('',#8894,#8895);
#8894 = CARTESIAN_POINT('',(-6.28318530718,0.));
#8895 = VECTOR('',#8896,1.);
#8896 = DIRECTION('',(-0.,-1.));
#8897 = ( GEOMETRIC_REPRESENTATION_CONTEXT(2) 
PARAMETRIC_REPRESENTATION_CONTEXT() REPRESENTATION_CONTEXT('2D SPACE',''
  ) );
#8898 = ORIENTED_EDGE('',*,*,#8899,.T.);
#8899 = EDGE_CURVE('',#8872,#8872,#8900,.T.);
#8900 = SURFACE_CURVE('',#8901,(#8906,#8913),.PCURVE_S1.);
#8901 = CIRCLE('',#8902,1.3);
#8902 = AXIS2_PLACEMENT_3D('',#8903,#8904,#8905);
#8903 = CARTESIAN_POINT('',(141.67691453624,71.7,125.2));
#8904 = DIRECTION('',(0.,1.,-0.));
#8905 = DIRECTION('',(-1.,0.,0.));
#8906 = PCURVE('',#8880,#8907);
#8907 = DEFINITIONAL_REPRESENTATION('',(#8908),#8912);
#8908 = LINE('',#8909,#8910);
#8909 = CARTESIAN_POINT('',(-0.,-3.));
#8910 = VECTOR('',#8911,1.);
#8911 = DIRECTION('',(-1.,0.));
#8912 = ( GEOMETRIC_REPRESENTATION_CONTEXT(2) 
PARAMETRIC_REPRESENTATION_CONTEXT() REPRESENTATION_CONTEXT('2D SPACE',''
  ) );
#8913 = PCURVE('',#72,#8914);
#8914 = DEFINITIONAL_REPRESENTATION('',(#8915),#8919);
#8915 = CIRCLE('',#8916,1.3);
#8916 = AXIS2_PLACEMENT_2D('',#8917,#8918);
#8917 = CARTESIAN_POINT('',(-51.67691453624,39.45));
#8918 = DIRECTION('',(1.,0.));
#8919 = ( GEOMETRIC_REPRESENTATION_CONTEXT(2) 
PARAMETRIC_REPRESENTATION_CONTEXT() REPRESENTATION_CONTEXT('2D SPACE',''
  ) );
#8920 = ORIENTED_EDGE('',*,*,#8869,.F.);
#8921 = ORIENTED_EDGE('',*,*,#8922,.F.);
#8922 = EDGE_CURVE('',#8870,#8870,#8923,.T.);
#8923 = SURFACE_CURVE('',#8924,(#8929,#8936),.PCURVE_S1.);
#8924 = CIRCLE('',#8925,1.3);
#8925 = AXIS2_PLACEMENT_3D('',#8926,#8927,#8928);
#8926 = CARTESIAN_POINT('',(141.67691453624,68.7,125.2));
#8927 = DIRECTION('',(0.,1.,-0.));
#8928 = DIRECTION('',(-1.,0.,0.));
#8929 = PCURVE('',#8880,#8930);
#8930 = DEFINITIONAL_REPRESENTATION('',(#8931),#8935);
#8931 = LINE('',#8932,#8933);
#8932 = CARTESIAN_POINT('',(-0.,0.));
#8933 = VECTOR('',#8934,1.);
#8934 = DIRECTION('',(-1.,0.));
#8935 = ( GEOMETRIC_REPRESENTATION_CONTEXT(2) 
PARAMETRIC_REPRESENTATION_CONTEXT() REPRESENTATION_CONTEXT('2D SPACE',''
  ) );
#8936 = PCURVE('',#126,#8937);
#8937 = DEFINITIONAL_REPRESENTATION('',(#8938),#8942);
#8938 = CIRCLE('',#8939,1.3);
#8939 = AXIS2_PLACEMENT_2D('',#8940,#8941);
#8940 = CARTESIAN_POINT('',(-51.67691453624,39.45));
#8941 = DIRECTION('',(1.,0.));
#8942 = ( GEOMETRIC_REPRESENTATION_CONTEXT(2) 
PARAMETRIC_REPRESENTATION_CONTEXT() REPRESENTATION_CONTEXT('2D SPACE',''
  ) );
#8943 = ADVANCED_FACE('',(#8944),#8958,.F.);
#8944 = FACE_BOUND('',#8945,.T.);
#8945 = EDGE_LOOP('',(#8946,#8976,#8998,#8999));
#8946 = ORIENTED_EDGE('',*,*,#8947,.T.);
#8947 = EDGE_CURVE('',#8948,#8950,#8952,.T.);
#8948 = VERTEX_POINT('',#8949);
#8949 = CARTESIAN_POINT('',(136.21999259807,68.7,122.8));
#8950 = VERTEX_POINT('',#8951);
#8951 = CARTESIAN_POINT('',(136.21999259807,71.7,122.8));
#8952 = SEAM_CURVE('',#8953,(#8957,#8969),.PCURVE_S1.);
#8953 = LINE('',#8954,#8955);
#8954 = CARTESIAN_POINT('',(136.21999259807,68.7,122.8));
#8955 = VECTOR('',#8956,1.);
#8956 = DIRECTION('',(0.,1.,-0.));
#8957 = PCURVE('',#8958,#8963);
#8958 = CYLINDRICAL_SURFACE('',#8959,1.3);
#8959 = AXIS2_PLACEMENT_3D('',#8960,#8961,#8962);
#8960 = CARTESIAN_POINT('',(137.51999259807,68.7,122.8));
#8961 = DIRECTION('',(-0.,-1.,0.));
#8962 = DIRECTION('',(-1.,0.,0.));
#8963 = DEFINITIONAL_REPRESENTATION('',(#8964),#8968);
#8964 = LINE('',#8965,#8966);
#8965 = CARTESIAN_POINT('',(-0.,0.));
#8966 = VECTOR('',#8967,1.);
#8967 = DIRECTION('',(-0.,-1.));
#8968 = ( GEOMETRIC_REPRESENTATION_CONTEXT(2) 
PARAMETRIC_REPRESENTATION_CONTEXT() REPRESENTATION_CONTEXT('2D SPACE',''
  ) );
#8969 = PCURVE('',#8958,#8970);
#8970 = DEFINITIONAL_REPRESENTATION('',(#8971),#8975);
#8971 = LINE('',#8972,#8973);
#8972 = CARTESIAN_POINT('',(-6.28318530718,0.));
#8973 = VECTOR('',#8974,1.);
#8974 = DIRECTION('',(-0.,-1.));
#8975 = ( GEOMETRIC_REPRESENTATION_CONTEXT(2) 
PARAMETRIC_REPRESENTATION_CONTEXT() REPRESENTATION_CONTEXT('2D SPACE',''
  ) );
#8976 = ORIENTED_EDGE('',*,*,#8977,.T.);
#8977 = EDGE_CURVE('',#8950,#8950,#8978,.T.);
#8978 = SURFACE_CURVE('',#8979,(#8984,#8991),.PCURVE_S1.);
#8979 = CIRCLE('',#8980,1.3);
#8980 = AXIS2_PLACEMENT_3D('',#8981,#8982,#8983);
#8981 = CARTESIAN_POINT('',(137.51999259807,71.7,122.8));
#8982 = DIRECTION('',(0.,1.,-0.));
#8983 = DIRECTION('',(-1.,0.,0.));
#8984 = PCURVE('',#8958,#8985);
#8985 = DEFINITIONAL_REPRESENTATION('',(#8986),#8990);
#8986 = LINE('',#8987,#8988);
#8987 = CARTESIAN_POINT('',(-0.,-3.));
#8988 = VECTOR('',#8989,1.);
#8989 = DIRECTION('',(-1.,0.));
#8990 = ( GEOMETRIC_REPRESENTATION_CONTEXT(2) 
PARAMETRIC_REPRESENTATION_CONTEXT() REPRESENTATION_CONTEXT('2D SPACE',''
  ) );
#8991 = PCURVE('',#72,#8992);
#8992 = DEFINITIONAL_REPRESENTATION('',(#8993),#8997);
#8993 = CIRCLE('',#8994,1.3);
#8994 = AXIS2_PLACEMENT_2D('',#8995,#8996);
#8995 = CARTESIAN_POINT('',(-47.51999259807,37.05));
#8996 = DIRECTION('',(1.,0.));
#8997 = ( GEOMETRIC_REPRESENTATION_CONTEXT(2) 
PARAMETRIC_REPRESENTATION_CONTEXT() REPRESENTATION_CONTEXT('2D SPACE',''
  ) );
#8998 = ORIENTED_EDGE('',*,*,#8947,.F.);
#8999 = ORIENTED_EDGE('',*,*,#9000,.F.);
#9000 = EDGE_CURVE('',#8948,#8948,#9001,.T.);
#9001 = SURFACE_CURVE('',#9002,(#9007,#9014),.PCURVE_S1.);
#9002 = CIRCLE('',#9003,1.3);
#9003 = AXIS2_PLACEMENT_3D('',#9004,#9005,#9006);
#9004 = CARTESIAN_POINT('',(137.51999259807,68.7,122.8));
#9005 = DIRECTION('',(0.,1.,-0.));
#9006 = DIRECTION('',(-1.,0.,0.));
#9007 = PCURVE('',#8958,#9008);
#9008 = DEFINITIONAL_REPRESENTATION('',(#9009),#9013);
#9009 = LINE('',#9010,#9011);
#9010 = CARTESIAN_POINT('',(-0.,0.));
#9011 = VECTOR('',#9012,1.);
#9012 = DIRECTION('',(-1.,0.));
#9013 = ( GEOMETRIC_REPRESENTATION_CONTEXT(2) 
PARAMETRIC_REPRESENTATION_CONTEXT() REPRESENTATION_CONTEXT('2D SPACE',''
  ) );
#9014 = PCURVE('',#126,#9015);
#9015 = DEFINITIONAL_REPRESENTATION('',(#9016),#9020);
#9016 = CIRCLE('',#9017,1.3);
#9017 = AXIS2_PLACEMENT_2D('',#9018,#9019);
#9018 = CARTESIAN_POINT('',(-47.51999259807,37.05));
#9019 = DIRECTION('',(1.,0.));
#9020 = ( GEOMETRIC_REPRESENTATION_CONTEXT(2) 
PARAMETRIC_REPRESENTATION_CONTEXT() REPRESENTATION_CONTEXT('2D SPACE',''
  ) );
#9021 = ADVANCED_FACE('',(#9022),#9036,.F.);
#9022 = FACE_BOUND('',#9023,.T.);
#9023 = EDGE_LOOP('',(#9024,#9054,#9076,#9077));
#9024 = ORIENTED_EDGE('',*,*,#9025,.T.);
#9025 = EDGE_CURVE('',#9026,#9028,#9030,.T.);
#9026 = VERTEX_POINT('',#9027);
#9027 = CARTESIAN_POINT('',(132.0630706599,68.7,125.2));
#9028 = VERTEX_POINT('',#9029);
#9029 = CARTESIAN_POINT('',(132.0630706599,71.7,125.2));
#9030 = SEAM_CURVE('',#9031,(#9035,#9047),.PCURVE_S1.);
#9031 = LINE('',#9032,#9033);
#9032 = CARTESIAN_POINT('',(132.0630706599,68.7,125.2));
#9033 = VECTOR('',#9034,1.);
#9034 = DIRECTION('',(0.,1.,-0.));
#9035 = PCURVE('',#9036,#9041);
#9036 = CYLINDRICAL_SURFACE('',#9037,1.3);
#9037 = AXIS2_PLACEMENT_3D('',#9038,#9039,#9040);
#9038 = CARTESIAN_POINT('',(133.3630706599,68.7,125.2));
#9039 = DIRECTION('',(-0.,-1.,0.));
#9040 = DIRECTION('',(-1.,0.,0.));
#9041 = DEFINITIONAL_REPRESENTATION('',(#9042),#9046);
#9042 = LINE('',#9043,#9044);
#9043 = CARTESIAN_POINT('',(-0.,0.));
#9044 = VECTOR('',#9045,1.);
#9045 = DIRECTION('',(-0.,-1.));
#9046 = ( GEOMETRIC_REPRESENTATION_CONTEXT(2) 
PARAMETRIC_REPRESENTATION_CONTEXT() REPRESENTATION_CONTEXT('2D SPACE',''
  ) );
#9047 = PCURVE('',#9036,#9048);
#9048 = DEFINITIONAL_REPRESENTATION('',(#9049),#9053);
#9049 = LINE('',#9050,#9051);
#9050 = CARTESIAN_POINT('',(-6.28318530718,0.));
#9051 = VECTOR('',#9052,1.);
#9052 = DIRECTION('',(-0.,-1.));
#9053 = ( GEOMETRIC_REPRESENTATION_CONTEXT(2) 
PARAMETRIC_REPRESENTATION_CONTEXT() REPRESENTATION_CONTEXT('2D SPACE',''
  ) );
#9054 = ORIENTED_EDGE('',*,*,#9055,.T.);
#9055 = EDGE_CURVE('',#9028,#9028,#9056,.T.);
#9056 = SURFACE_CURVE('',#9057,(#9062,#9069),.PCURVE_S1.);
#9057 = CIRCLE('',#9058,1.3);
#9058 = AXIS2_PLACEMENT_3D('',#9059,#9060,#9061);
#9059 = CARTESIAN_POINT('',(133.3630706599,71.7,125.2));
#9060 = DIRECTION('',(0.,1.,-0.));
#9061 = DIRECTION('',(-1.,0.,0.));
#9062 = PCURVE('',#9036,#9063);
#9063 = DEFINITIONAL_REPRESENTATION('',(#9064),#9068);
#9064 = LINE('',#9065,#9066);
#9065 = CARTESIAN_POINT('',(-0.,-3.));
#9066 = VECTOR('',#9067,1.);
#9067 = DIRECTION('',(-1.,0.));
#9068 = ( GEOMETRIC_REPRESENTATION_CONTEXT(2) 
PARAMETRIC_REPRESENTATION_CONTEXT() REPRESENTATION_CONTEXT('2D SPACE',''
  ) );
#9069 = PCURVE('',#72,#9070);
#9070 = DEFINITIONAL_REPRESENTATION('',(#9071),#9075);
#9071 = CIRCLE('',#9072,1.3);
#9072 = AXIS2_PLACEMENT_2D('',#9073,#9074);
#9073 = CARTESIAN_POINT('',(-43.3630706599,39.45));
#9074 = DIRECTION('',(1.,0.));
#9075 = ( GEOMETRIC_REPRESENTATION_CONTEXT(2) 
PARAMETRIC_REPRESENTATION_CONTEXT() REPRESENTATION_CONTEXT('2D SPACE',''
  ) );
#9076 = ORIENTED_EDGE('',*,*,#9025,.F.);
#9077 = ORIENTED_EDGE('',*,*,#9078,.F.);
#9078 = EDGE_CURVE('',#9026,#9026,#9079,.T.);
#9079 = SURFACE_CURVE('',#9080,(#9085,#9092),.PCURVE_S1.);
#9080 = CIRCLE('',#9081,1.3);
#9081 = AXIS2_PLACEMENT_3D('',#9082,#9083,#9084);
#9082 = CARTESIAN_POINT('',(133.3630706599,68.7,125.2));
#9083 = DIRECTION('',(0.,1.,-0.));
#9084 = DIRECTION('',(-1.,0.,0.));
#9085 = PCURVE('',#9036,#9086);
#9086 = DEFINITIONAL_REPRESENTATION('',(#9087),#9091);
#9087 = LINE('',#9088,#9089);
#9088 = CARTESIAN_POINT('',(-0.,0.));
#9089 = VECTOR('',#9090,1.);
#9090 = DIRECTION('',(-1.,0.));
#9091 = ( GEOMETRIC_REPRESENTATION_CONTEXT(2) 
PARAMETRIC_REPRESENTATION_CONTEXT() REPRESENTATION_CONTEXT('2D SPACE',''
  ) );
#9092 = PCURVE('',#126,#9093);
#9093 = DEFINITIONAL_REPRESENTATION('',(#9094),#9098);
#9094 = CIRCLE('',#9095,1.3);
#9095 = AXIS2_PLACEMENT_2D('',#9096,#9097);
#9096 = CARTESIAN_POINT('',(-43.3630706599,39.45));
#9097 = DIRECTION('',(1.,0.));
#9098 = ( GEOMETRIC_REPRESENTATION_CONTEXT(2) 
PARAMETRIC_REPRESENTATION_CONTEXT() REPRESENTATION_CONTEXT('2D SPACE',''
  ) );
#9099 = ADVANCED_FACE('',(#9100),#9114,.F.);
#9100 = FACE_BOUND('',#9101,.T.);
#9101 = EDGE_LOOP('',(#9102,#9132,#9154,#9155));
#9102 = ORIENTED_EDGE('',*,*,#9103,.T.);
#9103 = EDGE_CURVE('',#9104,#9106,#9108,.T.);
#9104 = VERTEX_POINT('',#9105);
#9105 = CARTESIAN_POINT('',(127.90614872174,68.7,98.8));
#9106 = VERTEX_POINT('',#9107);
#9107 = CARTESIAN_POINT('',(127.90614872174,71.7,98.8));
#9108 = SEAM_CURVE('',#9109,(#9113,#9125),.PCURVE_S1.);
#9109 = LINE('',#9110,#9111);
#9110 = CARTESIAN_POINT('',(127.90614872174,68.7,98.8));
#9111 = VECTOR('',#9112,1.);
#9112 = DIRECTION('',(0.,1.,-0.));
#9113 = PCURVE('',#9114,#9119);
#9114 = CYLINDRICAL_SURFACE('',#9115,1.3);
#9115 = AXIS2_PLACEMENT_3D('',#9116,#9117,#9118);
#9116 = CARTESIAN_POINT('',(129.20614872174,68.7,98.8));
#9117 = DIRECTION('',(-0.,-1.,0.));
#9118 = DIRECTION('',(-1.,0.,0.));
#9119 = DEFINITIONAL_REPRESENTATION('',(#9120),#9124);
#9120 = LINE('',#9121,#9122);
#9121 = CARTESIAN_POINT('',(-0.,0.));
#9122 = VECTOR('',#9123,1.);
#9123 = DIRECTION('',(-0.,-1.));
#9124 = ( GEOMETRIC_REPRESENTATION_CONTEXT(2) 
PARAMETRIC_REPRESENTATION_CONTEXT() REPRESENTATION_CONTEXT('2D SPACE',''
  ) );
#9125 = PCURVE('',#9114,#9126);
#9126 = DEFINITIONAL_REPRESENTATION('',(#9127),#9131);
#9127 = LINE('',#9128,#9129);
#9128 = CARTESIAN_POINT('',(-6.28318530718,0.));
#9129 = VECTOR('',#9130,1.);
#9130 = DIRECTION('',(-0.,-1.));
#9131 = ( GEOMETRIC_REPRESENTATION_CONTEXT(2) 
PARAMETRIC_REPRESENTATION_CONTEXT() REPRESENTATION_CONTEXT('2D SPACE',''
  ) );
#9132 = ORIENTED_EDGE('',*,*,#9133,.T.);
#9133 = EDGE_CURVE('',#9106,#9106,#9134,.T.);
#9134 = SURFACE_CURVE('',#9135,(#9140,#9147),.PCURVE_S1.);
#9135 = CIRCLE('',#9136,1.3);
#9136 = AXIS2_PLACEMENT_3D('',#9137,#9138,#9139);
#9137 = CARTESIAN_POINT('',(129.20614872174,71.7,98.8));
#9138 = DIRECTION('',(0.,1.,-0.));
#9139 = DIRECTION('',(-1.,0.,0.));
#9140 = PCURVE('',#9114,#9141);
#9141 = DEFINITIONAL_REPRESENTATION('',(#9142),#9146);
#9142 = LINE('',#9143,#9144);
#9143 = CARTESIAN_POINT('',(-0.,-3.));
#9144 = VECTOR('',#9145,1.);
#9145 = DIRECTION('',(-1.,0.));
#9146 = ( GEOMETRIC_REPRESENTATION_CONTEXT(2) 
PARAMETRIC_REPRESENTATION_CONTEXT() REPRESENTATION_CONTEXT('2D SPACE',''
  ) );
#9147 = PCURVE('',#72,#9148);
#9148 = DEFINITIONAL_REPRESENTATION('',(#9149),#9153);
#9149 = CIRCLE('',#9150,1.3);
#9150 = AXIS2_PLACEMENT_2D('',#9151,#9152);
#9151 = CARTESIAN_POINT('',(-39.20614872174,13.05));
#9152 = DIRECTION('',(1.,0.));
#9153 = ( GEOMETRIC_REPRESENTATION_CONTEXT(2) 
PARAMETRIC_REPRESENTATION_CONTEXT() REPRESENTATION_CONTEXT('2D SPACE',''
  ) );
#9154 = ORIENTED_EDGE('',*,*,#9103,.F.);
#9155 = ORIENTED_EDGE('',*,*,#9156,.F.);
#9156 = EDGE_CURVE('',#9104,#9104,#9157,.T.);
#9157 = SURFACE_CURVE('',#9158,(#9163,#9170),.PCURVE_S1.);
#9158 = CIRCLE('',#9159,1.3);
#9159 = AXIS2_PLACEMENT_3D('',#9160,#9161,#9162);
#9160 = CARTESIAN_POINT('',(129.20614872174,68.7,98.8));
#9161 = DIRECTION('',(0.,1.,-0.));
#9162 = DIRECTION('',(-1.,0.,0.));
#9163 = PCURVE('',#9114,#9164);
#9164 = DEFINITIONAL_REPRESENTATION('',(#9165),#9169);
#9165 = LINE('',#9166,#9167);
#9166 = CARTESIAN_POINT('',(-0.,0.));
#9167 = VECTOR('',#9168,1.);
#9168 = DIRECTION('',(-1.,0.));
#9169 = ( GEOMETRIC_REPRESENTATION_CONTEXT(2) 
PARAMETRIC_REPRESENTATION_CONTEXT() REPRESENTATION_CONTEXT('2D SPACE',''
  ) );
#9170 = PCURVE('',#126,#9171);
#9171 = DEFINITIONAL_REPRESENTATION('',(#9172),#9176);
#9172 = CIRCLE('',#9173,1.3);
#9173 = AXIS2_PLACEMENT_2D('',#9174,#9175);
#9174 = CARTESIAN_POINT('',(-39.20614872174,13.05));
#9175 = DIRECTION('',(1.,0.));
#9176 = ( GEOMETRIC_REPRESENTATION_CONTEXT(2) 
PARAMETRIC_REPRESENTATION_CONTEXT() REPRESENTATION_CONTEXT('2D SPACE',''
  ) );
#9177 = ADVANCED_FACE('',(#9178),#9192,.F.);
#9178 = FACE_BOUND('',#9179,.T.);
#9179 = EDGE_LOOP('',(#9180,#9210,#9232,#9233));
#9180 = ORIENTED_EDGE('',*,*,#9181,.T.);
#9181 = EDGE_CURVE('',#9182,#9184,#9186,.T.);
#9182 = VERTEX_POINT('',#9183);
#9183 = CARTESIAN_POINT('',(123.74922678357,68.7,96.4));
#9184 = VERTEX_POINT('',#9185);
#9185 = CARTESIAN_POINT('',(123.74922678357,71.7,96.4));
#9186 = SEAM_CURVE('',#9187,(#9191,#9203),.PCURVE_S1.);
#9187 = LINE('',#9188,#9189);
#9188 = CARTESIAN_POINT('',(123.74922678357,68.7,96.4));
#9189 = VECTOR('',#9190,1.);
#9190 = DIRECTION('',(0.,1.,-0.));
#9191 = PCURVE('',#9192,#9197);
#9192 = CYLINDRICAL_SURFACE('',#9193,1.3);
#9193 = AXIS2_PLACEMENT_3D('',#9194,#9195,#9196);
#9194 = CARTESIAN_POINT('',(125.04922678357,68.7,96.4));
#9195 = DIRECTION('',(-0.,-1.,0.));
#9196 = DIRECTION('',(-1.,0.,0.));
#9197 = DEFINITIONAL_REPRESENTATION('',(#9198),#9202);
#9198 = LINE('',#9199,#9200);
#9199 = CARTESIAN_POINT('',(-0.,0.));
#9200 = VECTOR('',#9201,1.);
#9201 = DIRECTION('',(-0.,-1.));
#9202 = ( GEOMETRIC_REPRESENTATION_CONTEXT(2) 
PARAMETRIC_REPRESENTATION_CONTEXT() REPRESENTATION_CONTEXT('2D SPACE',''
  ) );
#9203 = PCURVE('',#9192,#9204);
#9204 = DEFINITIONAL_REPRESENTATION('',(#9205),#9209);
#9205 = LINE('',#9206,#9207);
#9206 = CARTESIAN_POINT('',(-6.28318530718,0.));
#9207 = VECTOR('',#9208,1.);
#9208 = DIRECTION('',(-0.,-1.));
#9209 = ( GEOMETRIC_REPRESENTATION_CONTEXT(2) 
PARAMETRIC_REPRESENTATION_CONTEXT() REPRESENTATION_CONTEXT('2D SPACE',''
  ) );
#9210 = ORIENTED_EDGE('',*,*,#9211,.T.);
#9211 = EDGE_CURVE('',#9184,#9184,#9212,.T.);
#9212 = SURFACE_CURVE('',#9213,(#9218,#9225),.PCURVE_S1.);
#9213 = CIRCLE('',#9214,1.3);
#9214 = AXIS2_PLACEMENT_3D('',#9215,#9216,#9217);
#9215 = CARTESIAN_POINT('',(125.04922678357,71.7,96.4));
#9216 = DIRECTION('',(0.,1.,-0.));
#9217 = DIRECTION('',(-1.,0.,0.));
#9218 = PCURVE('',#9192,#9219);
#9219 = DEFINITIONAL_REPRESENTATION('',(#9220),#9224);
#9220 = LINE('',#9221,#9222);
#9221 = CARTESIAN_POINT('',(-0.,-3.));
#9222 = VECTOR('',#9223,1.);
#9223 = DIRECTION('',(-1.,0.));
#9224 = ( GEOMETRIC_REPRESENTATION_CONTEXT(2) 
PARAMETRIC_REPRESENTATION_CONTEXT() REPRESENTATION_CONTEXT('2D SPACE',''
  ) );
#9225 = PCURVE('',#72,#9226);
#9226 = DEFINITIONAL_REPRESENTATION('',(#9227),#9231);
#9227 = CIRCLE('',#9228,1.3);
#9228 = AXIS2_PLACEMENT_2D('',#9229,#9230);
#9229 = CARTESIAN_POINT('',(-35.04922678357,10.65));
#9230 = DIRECTION('',(1.,0.));
#9231 = ( GEOMETRIC_REPRESENTATION_CONTEXT(2) 
PARAMETRIC_REPRESENTATION_CONTEXT() REPRESENTATION_CONTEXT('2D SPACE',''
  ) );
#9232 = ORIENTED_EDGE('',*,*,#9181,.F.);
#9233 = ORIENTED_EDGE('',*,*,#9234,.F.);
#9234 = EDGE_CURVE('',#9182,#9182,#9235,.T.);
#9235 = SURFACE_CURVE('',#9236,(#9241,#9248),.PCURVE_S1.);
#9236 = CIRCLE('',#9237,1.3);
#9237 = AXIS2_PLACEMENT_3D('',#9238,#9239,#9240);
#9238 = CARTESIAN_POINT('',(125.04922678357,68.7,96.4));
#9239 = DIRECTION('',(0.,1.,-0.));
#9240 = DIRECTION('',(-1.,0.,0.));
#9241 = PCURVE('',#9192,#9242);
#9242 = DEFINITIONAL_REPRESENTATION('',(#9243),#9247);
#9243 = LINE('',#9244,#9245);
#9244 = CARTESIAN_POINT('',(-0.,0.));
#9245 = VECTOR('',#9246,1.);
#9246 = DIRECTION('',(-1.,0.));
#9247 = ( GEOMETRIC_REPRESENTATION_CONTEXT(2) 
PARAMETRIC_REPRESENTATION_CONTEXT() REPRESENTATION_CONTEXT('2D SPACE',''
  ) );
#9248 = PCURVE('',#126,#9249);
#9249 = DEFINITIONAL_REPRESENTATION('',(#9250),#9254);
#9250 = CIRCLE('',#9251,1.3);
#9251 = AXIS2_PLACEMENT_2D('',#9252,#9253);
#9252 = CARTESIAN_POINT('',(-35.04922678357,10.65));
#9253 = DIRECTION('',(1.,0.));
#9254 = ( GEOMETRIC_REPRESENTATION_CONTEXT(2) 
PARAMETRIC_REPRESENTATION_CONTEXT() REPRESENTATION_CONTEXT('2D SPACE',''
  ) );
#9255 = ADVANCED_FACE('',(#9256),#9270,.F.);
#9256 = FACE_BOUND('',#9257,.T.);
#9257 = EDGE_LOOP('',(#9258,#9288,#9310,#9311));
#9258 = ORIENTED_EDGE('',*,*,#9259,.T.);
#9259 = EDGE_CURVE('',#9260,#9262,#9264,.T.);
#9260 = VERTEX_POINT('',#9261);
#9261 = CARTESIAN_POINT('',(127.90614872174,68.7,103.6));
#9262 = VERTEX_POINT('',#9263);
#9263 = CARTESIAN_POINT('',(127.90614872174,71.7,103.6));
#9264 = SEAM_CURVE('',#9265,(#9269,#9281),.PCURVE_S1.);
#9265 = LINE('',#9266,#9267);
#9266 = CARTESIAN_POINT('',(127.90614872174,68.7,103.6));
#9267 = VECTOR('',#9268,1.);
#9268 = DIRECTION('',(0.,1.,-0.));
#9269 = PCURVE('',#9270,#9275);
#9270 = CYLINDRICAL_SURFACE('',#9271,1.3);
#9271 = AXIS2_PLACEMENT_3D('',#9272,#9273,#9274);
#9272 = CARTESIAN_POINT('',(129.20614872174,68.7,103.6));
#9273 = DIRECTION('',(-0.,-1.,0.));
#9274 = DIRECTION('',(-1.,0.,0.));
#9275 = DEFINITIONAL_REPRESENTATION('',(#9276),#9280);
#9276 = LINE('',#9277,#9278);
#9277 = CARTESIAN_POINT('',(-0.,0.));
#9278 = VECTOR('',#9279,1.);
#9279 = DIRECTION('',(-0.,-1.));
#9280 = ( GEOMETRIC_REPRESENTATION_CONTEXT(2) 
PARAMETRIC_REPRESENTATION_CONTEXT() REPRESENTATION_CONTEXT('2D SPACE',''
  ) );
#9281 = PCURVE('',#9270,#9282);
#9282 = DEFINITIONAL_REPRESENTATION('',(#9283),#9287);
#9283 = LINE('',#9284,#9285);
#9284 = CARTESIAN_POINT('',(-6.28318530718,0.));
#9285 = VECTOR('',#9286,1.);
#9286 = DIRECTION('',(-0.,-1.));
#9287 = ( GEOMETRIC_REPRESENTATION_CONTEXT(2) 
PARAMETRIC_REPRESENTATION_CONTEXT() REPRESENTATION_CONTEXT('2D SPACE',''
  ) );
#9288 = ORIENTED_EDGE('',*,*,#9289,.T.);
#9289 = EDGE_CURVE('',#9262,#9262,#9290,.T.);
#9290 = SURFACE_CURVE('',#9291,(#9296,#9303),.PCURVE_S1.);
#9291 = CIRCLE('',#9292,1.3);
#9292 = AXIS2_PLACEMENT_3D('',#9293,#9294,#9295);
#9293 = CARTESIAN_POINT('',(129.20614872174,71.7,103.6));
#9294 = DIRECTION('',(0.,1.,-0.));
#9295 = DIRECTION('',(-1.,0.,0.));
#9296 = PCURVE('',#9270,#9297);
#9297 = DEFINITIONAL_REPRESENTATION('',(#9298),#9302);
#9298 = LINE('',#9299,#9300);
#9299 = CARTESIAN_POINT('',(-0.,-3.));
#9300 = VECTOR('',#9301,1.);
#9301 = DIRECTION('',(-1.,0.));
#9302 = ( GEOMETRIC_REPRESENTATION_CONTEXT(2) 
PARAMETRIC_REPRESENTATION_CONTEXT() REPRESENTATION_CONTEXT('2D SPACE',''
  ) );
#9303 = PCURVE('',#72,#9304);
#9304 = DEFINITIONAL_REPRESENTATION('',(#9305),#9309);
#9305 = CIRCLE('',#9306,1.3);
#9306 = AXIS2_PLACEMENT_2D('',#9307,#9308);
#9307 = CARTESIAN_POINT('',(-39.20614872174,17.85));
#9308 = DIRECTION('',(1.,0.));
#9309 = ( GEOMETRIC_REPRESENTATION_CONTEXT(2) 
PARAMETRIC_REPRESENTATION_CONTEXT() REPRESENTATION_CONTEXT('2D SPACE',''
  ) );
#9310 = ORIENTED_EDGE('',*,*,#9259,.F.);
#9311 = ORIENTED_EDGE('',*,*,#9312,.F.);
#9312 = EDGE_CURVE('',#9260,#9260,#9313,.T.);
#9313 = SURFACE_CURVE('',#9314,(#9319,#9326),.PCURVE_S1.);
#9314 = CIRCLE('',#9315,1.3);
#9315 = AXIS2_PLACEMENT_3D('',#9316,#9317,#9318);
#9316 = CARTESIAN_POINT('',(129.20614872174,68.7,103.6));
#9317 = DIRECTION('',(0.,1.,-0.));
#9318 = DIRECTION('',(-1.,0.,0.));
#9319 = PCURVE('',#9270,#9320);
#9320 = DEFINITIONAL_REPRESENTATION('',(#9321),#9325);
#9321 = LINE('',#9322,#9323);
#9322 = CARTESIAN_POINT('',(-0.,0.));
#9323 = VECTOR('',#9324,1.);
#9324 = DIRECTION('',(-1.,0.));
#9325 = ( GEOMETRIC_REPRESENTATION_CONTEXT(2) 
PARAMETRIC_REPRESENTATION_CONTEXT() REPRESENTATION_CONTEXT('2D SPACE',''
  ) );
#9326 = PCURVE('',#126,#9327);
#9327 = DEFINITIONAL_REPRESENTATION('',(#9328),#9332);
#9328 = CIRCLE('',#9329,1.3);
#9329 = AXIS2_PLACEMENT_2D('',#9330,#9331);
#9330 = CARTESIAN_POINT('',(-39.20614872174,17.85));
#9331 = DIRECTION('',(1.,0.));
#9332 = ( GEOMETRIC_REPRESENTATION_CONTEXT(2) 
PARAMETRIC_REPRESENTATION_CONTEXT() REPRESENTATION_CONTEXT('2D SPACE',''
  ) );
#9333 = ADVANCED_FACE('',(#9334),#9348,.F.);
#9334 = FACE_BOUND('',#9335,.T.);
#9335 = EDGE_LOOP('',(#9336,#9366,#9388,#9389));
#9336 = ORIENTED_EDGE('',*,*,#9337,.T.);
#9337 = EDGE_CURVE('',#9338,#9340,#9342,.T.);
#9338 = VERTEX_POINT('',#9339);
#9339 = CARTESIAN_POINT('',(123.74922678357,68.7,101.2));
#9340 = VERTEX_POINT('',#9341);
#9341 = CARTESIAN_POINT('',(123.74922678357,71.7,101.2));
#9342 = SEAM_CURVE('',#9343,(#9347,#9359),.PCURVE_S1.);
#9343 = LINE('',#9344,#9345);
#9344 = CARTESIAN_POINT('',(123.74922678357,68.7,101.2));
#9345 = VECTOR('',#9346,1.);
#9346 = DIRECTION('',(0.,1.,-0.));
#9347 = PCURVE('',#9348,#9353);
#9348 = CYLINDRICAL_SURFACE('',#9349,1.3);
#9349 = AXIS2_PLACEMENT_3D('',#9350,#9351,#9352);
#9350 = CARTESIAN_POINT('',(125.04922678357,68.7,101.2));
#9351 = DIRECTION('',(-0.,-1.,0.));
#9352 = DIRECTION('',(-1.,0.,0.));
#9353 = DEFINITIONAL_REPRESENTATION('',(#9354),#9358);
#9354 = LINE('',#9355,#9356);
#9355 = CARTESIAN_POINT('',(-0.,0.));
#9356 = VECTOR('',#9357,1.);
#9357 = DIRECTION('',(-0.,-1.));
#9358 = ( GEOMETRIC_REPRESENTATION_CONTEXT(2) 
PARAMETRIC_REPRESENTATION_CONTEXT() REPRESENTATION_CONTEXT('2D SPACE',''
  ) );
#9359 = PCURVE('',#9348,#9360);
#9360 = DEFINITIONAL_REPRESENTATION('',(#9361),#9365);
#9361 = LINE('',#9362,#9363);
#9362 = CARTESIAN_POINT('',(-6.28318530718,0.));
#9363 = VECTOR('',#9364,1.);
#9364 = DIRECTION('',(-0.,-1.));
#9365 = ( GEOMETRIC_REPRESENTATION_CONTEXT(2) 
PARAMETRIC_REPRESENTATION_CONTEXT() REPRESENTATION_CONTEXT('2D SPACE',''
  ) );
#9366 = ORIENTED_EDGE('',*,*,#9367,.T.);
#9367 = EDGE_CURVE('',#9340,#9340,#9368,.T.);
#9368 = SURFACE_CURVE('',#9369,(#9374,#9381),.PCURVE_S1.);
#9369 = CIRCLE('',#9370,1.3);
#9370 = AXIS2_PLACEMENT_3D('',#9371,#9372,#9373);
#9371 = CARTESIAN_POINT('',(125.04922678357,71.7,101.2));
#9372 = DIRECTION('',(0.,1.,-0.));
#9373 = DIRECTION('',(-1.,0.,0.));
#9374 = PCURVE('',#9348,#9375);
#9375 = DEFINITIONAL_REPRESENTATION('',(#9376),#9380);
#9376 = LINE('',#9377,#9378);
#9377 = CARTESIAN_POINT('',(-0.,-3.));
#9378 = VECTOR('',#9379,1.);
#9379 = DIRECTION('',(-1.,0.));
#9380 = ( GEOMETRIC_REPRESENTATION_CONTEXT(2) 
PARAMETRIC_REPRESENTATION_CONTEXT() REPRESENTATION_CONTEXT('2D SPACE',''
  ) );
#9381 = PCURVE('',#72,#9382);
#9382 = DEFINITIONAL_REPRESENTATION('',(#9383),#9387);
#9383 = CIRCLE('',#9384,1.3);
#9384 = AXIS2_PLACEMENT_2D('',#9385,#9386);
#9385 = CARTESIAN_POINT('',(-35.04922678357,15.45));
#9386 = DIRECTION('',(1.,0.));
#9387 = ( GEOMETRIC_REPRESENTATION_CONTEXT(2) 
PARAMETRIC_REPRESENTATION_CONTEXT() REPRESENTATION_CONTEXT('2D SPACE',''
  ) );
#9388 = ORIENTED_EDGE('',*,*,#9337,.F.);
#9389 = ORIENTED_EDGE('',*,*,#9390,.F.);
#9390 = EDGE_CURVE('',#9338,#9338,#9391,.T.);
#9391 = SURFACE_CURVE('',#9392,(#9397,#9404),.PCURVE_S1.);
#9392 = CIRCLE('',#9393,1.3);
#9393 = AXIS2_PLACEMENT_3D('',#9394,#9395,#9396);
#9394 = CARTESIAN_POINT('',(125.04922678357,68.7,101.2));
#9395 = DIRECTION('',(0.,1.,-0.));
#9396 = DIRECTION('',(-1.,0.,0.));
#9397 = PCURVE('',#9348,#9398);
#9398 = DEFINITIONAL_REPRESENTATION('',(#9399),#9403);
#9399 = LINE('',#9400,#9401);
#9400 = CARTESIAN_POINT('',(-0.,0.));
#9401 = VECTOR('',#9402,1.);
#9402 = DIRECTION('',(-1.,0.));
#9403 = ( GEOMETRIC_REPRESENTATION_CONTEXT(2) 
PARAMETRIC_REPRESENTATION_CONTEXT() REPRESENTATION_CONTEXT('2D SPACE',''
  ) );
#9404 = PCURVE('',#126,#9405);
#9405 = DEFINITIONAL_REPRESENTATION('',(#9406),#9410);
#9406 = CIRCLE('',#9407,1.3);
#9407 = AXIS2_PLACEMENT_2D('',#9408,#9409);
#9408 = CARTESIAN_POINT('',(-35.04922678357,15.45));
#9409 = DIRECTION('',(1.,0.));
#9410 = ( GEOMETRIC_REPRESENTATION_CONTEXT(2) 
PARAMETRIC_REPRESENTATION_CONTEXT() REPRESENTATION_CONTEXT('2D SPACE',''
  ) );
#9411 = ADVANCED_FACE('',(#9412),#9426,.F.);
#9412 = FACE_BOUND('',#9413,.T.);
#9413 = EDGE_LOOP('',(#9414,#9444,#9466,#9467));
#9414 = ORIENTED_EDGE('',*,*,#9415,.T.);
#9415 = EDGE_CURVE('',#9416,#9418,#9420,.T.);
#9416 = VERTEX_POINT('',#9417);
#9417 = CARTESIAN_POINT('',(115.43538290724,68.7,96.4));
#9418 = VERTEX_POINT('',#9419);
#9419 = CARTESIAN_POINT('',(115.43538290724,71.7,96.4));
#9420 = SEAM_CURVE('',#9421,(#9425,#9437),.PCURVE_S1.);
#9421 = LINE('',#9422,#9423);
#9422 = CARTESIAN_POINT('',(115.43538290724,68.7,96.4));
#9423 = VECTOR('',#9424,1.);
#9424 = DIRECTION('',(0.,1.,-0.));
#9425 = PCURVE('',#9426,#9431);
#9426 = CYLINDRICAL_SURFACE('',#9427,1.3);
#9427 = AXIS2_PLACEMENT_3D('',#9428,#9429,#9430);
#9428 = CARTESIAN_POINT('',(116.73538290724,68.7,96.4));
#9429 = DIRECTION('',(-0.,-1.,0.));
#9430 = DIRECTION('',(-1.,0.,0.));
#9431 = DEFINITIONAL_REPRESENTATION('',(#9432),#9436);
#9432 = LINE('',#9433,#9434);
#9433 = CARTESIAN_POINT('',(-0.,0.));
#9434 = VECTOR('',#9435,1.);
#9435 = DIRECTION('',(-0.,-1.));
#9436 = ( GEOMETRIC_REPRESENTATION_CONTEXT(2) 
PARAMETRIC_REPRESENTATION_CONTEXT() REPRESENTATION_CONTEXT('2D SPACE',''
  ) );
#9437 = PCURVE('',#9426,#9438);
#9438 = DEFINITIONAL_REPRESENTATION('',(#9439),#9443);
#9439 = LINE('',#9440,#9441);
#9440 = CARTESIAN_POINT('',(-6.28318530718,0.));
#9441 = VECTOR('',#9442,1.);
#9442 = DIRECTION('',(-0.,-1.));
#9443 = ( GEOMETRIC_REPRESENTATION_CONTEXT(2) 
PARAMETRIC_REPRESENTATION_CONTEXT() REPRESENTATION_CONTEXT('2D SPACE',''
  ) );
#9444 = ORIENTED_EDGE('',*,*,#9445,.T.);
#9445 = EDGE_CURVE('',#9418,#9418,#9446,.T.);
#9446 = SURFACE_CURVE('',#9447,(#9452,#9459),.PCURVE_S1.);
#9447 = CIRCLE('',#9448,1.3);
#9448 = AXIS2_PLACEMENT_3D('',#9449,#9450,#9451);
#9449 = CARTESIAN_POINT('',(116.73538290724,71.7,96.4));
#9450 = DIRECTION('',(0.,1.,-0.));
#9451 = DIRECTION('',(-1.,0.,0.));
#9452 = PCURVE('',#9426,#9453);
#9453 = DEFINITIONAL_REPRESENTATION('',(#9454),#9458);
#9454 = LINE('',#9455,#9456);
#9455 = CARTESIAN_POINT('',(-0.,-3.));
#9456 = VECTOR('',#9457,1.);
#9457 = DIRECTION('',(-1.,0.));
#9458 = ( GEOMETRIC_REPRESENTATION_CONTEXT(2) 
PARAMETRIC_REPRESENTATION_CONTEXT() REPRESENTATION_CONTEXT('2D SPACE',''
  ) );
#9459 = PCURVE('',#72,#9460);
#9460 = DEFINITIONAL_REPRESENTATION('',(#9461),#9465);
#9461 = CIRCLE('',#9462,1.3);
#9462 = AXIS2_PLACEMENT_2D('',#9463,#9464);
#9463 = CARTESIAN_POINT('',(-26.73538290724,10.65));
#9464 = DIRECTION('',(1.,0.));
#9465 = ( GEOMETRIC_REPRESENTATION_CONTEXT(2) 
PARAMETRIC_REPRESENTATION_CONTEXT() REPRESENTATION_CONTEXT('2D SPACE',''
  ) );
#9466 = ORIENTED_EDGE('',*,*,#9415,.F.);
#9467 = ORIENTED_EDGE('',*,*,#9468,.F.);
#9468 = EDGE_CURVE('',#9416,#9416,#9469,.T.);
#9469 = SURFACE_CURVE('',#9470,(#9475,#9482),.PCURVE_S1.);
#9470 = CIRCLE('',#9471,1.3);
#9471 = AXIS2_PLACEMENT_3D('',#9472,#9473,#9474);
#9472 = CARTESIAN_POINT('',(116.73538290724,68.7,96.4));
#9473 = DIRECTION('',(0.,1.,-0.));
#9474 = DIRECTION('',(-1.,0.,0.));
#9475 = PCURVE('',#9426,#9476);
#9476 = DEFINITIONAL_REPRESENTATION('',(#9477),#9481);
#9477 = LINE('',#9478,#9479);
#9478 = CARTESIAN_POINT('',(-0.,0.));
#9479 = VECTOR('',#9480,1.);
#9480 = DIRECTION('',(-1.,0.));
#9481 = ( GEOMETRIC_REPRESENTATION_CONTEXT(2) 
PARAMETRIC_REPRESENTATION_CONTEXT() REPRESENTATION_CONTEXT('2D SPACE',''
  ) );
#9482 = PCURVE('',#126,#9483);
#9483 = DEFINITIONAL_REPRESENTATION('',(#9484),#9488);
#9484 = CIRCLE('',#9485,1.3);
#9485 = AXIS2_PLACEMENT_2D('',#9486,#9487);
#9486 = CARTESIAN_POINT('',(-26.73538290724,10.65));
#9487 = DIRECTION('',(1.,0.));
#9488 = ( GEOMETRIC_REPRESENTATION_CONTEXT(2) 
PARAMETRIC_REPRESENTATION_CONTEXT() REPRESENTATION_CONTEXT('2D SPACE',''
  ) );
#9489 = ADVANCED_FACE('',(#9490),#9504,.F.);
#9490 = FACE_BOUND('',#9491,.T.);
#9491 = EDGE_LOOP('',(#9492,#9522,#9544,#9545));
#9492 = ORIENTED_EDGE('',*,*,#9493,.T.);
#9493 = EDGE_CURVE('',#9494,#9496,#9498,.T.);
#9494 = VERTEX_POINT('',#9495);
#9495 = CARTESIAN_POINT('',(119.59230484541,68.7,98.8));
#9496 = VERTEX_POINT('',#9497);
#9497 = CARTESIAN_POINT('',(119.59230484541,71.7,98.8));
#9498 = SEAM_CURVE('',#9499,(#9503,#9515),.PCURVE_S1.);
#9499 = LINE('',#9500,#9501);
#9500 = CARTESIAN_POINT('',(119.59230484541,68.7,98.8));
#9501 = VECTOR('',#9502,1.);
#9502 = DIRECTION('',(0.,1.,-0.));
#9503 = PCURVE('',#9504,#9509);
#9504 = CYLINDRICAL_SURFACE('',#9505,1.3);
#9505 = AXIS2_PLACEMENT_3D('',#9506,#9507,#9508);
#9506 = CARTESIAN_POINT('',(120.89230484541,68.7,98.8));
#9507 = DIRECTION('',(-0.,-1.,0.));
#9508 = DIRECTION('',(-1.,0.,0.));
#9509 = DEFINITIONAL_REPRESENTATION('',(#9510),#9514);
#9510 = LINE('',#9511,#9512);
#9511 = CARTESIAN_POINT('',(-0.,0.));
#9512 = VECTOR('',#9513,1.);
#9513 = DIRECTION('',(-0.,-1.));
#9514 = ( GEOMETRIC_REPRESENTATION_CONTEXT(2) 
PARAMETRIC_REPRESENTATION_CONTEXT() REPRESENTATION_CONTEXT('2D SPACE',''
  ) );
#9515 = PCURVE('',#9504,#9516);
#9516 = DEFINITIONAL_REPRESENTATION('',(#9517),#9521);
#9517 = LINE('',#9518,#9519);
#9518 = CARTESIAN_POINT('',(-6.28318530718,0.));
#9519 = VECTOR('',#9520,1.);
#9520 = DIRECTION('',(-0.,-1.));
#9521 = ( GEOMETRIC_REPRESENTATION_CONTEXT(2) 
PARAMETRIC_REPRESENTATION_CONTEXT() REPRESENTATION_CONTEXT('2D SPACE',''
  ) );
#9522 = ORIENTED_EDGE('',*,*,#9523,.T.);
#9523 = EDGE_CURVE('',#9496,#9496,#9524,.T.);
#9524 = SURFACE_CURVE('',#9525,(#9530,#9537),.PCURVE_S1.);
#9525 = CIRCLE('',#9526,1.3);
#9526 = AXIS2_PLACEMENT_3D('',#9527,#9528,#9529);
#9527 = CARTESIAN_POINT('',(120.89230484541,71.7,98.8));
#9528 = DIRECTION('',(0.,1.,-0.));
#9529 = DIRECTION('',(-1.,0.,0.));
#9530 = PCURVE('',#9504,#9531);
#9531 = DEFINITIONAL_REPRESENTATION('',(#9532),#9536);
#9532 = LINE('',#9533,#9534);
#9533 = CARTESIAN_POINT('',(-0.,-3.));
#9534 = VECTOR('',#9535,1.);
#9535 = DIRECTION('',(-1.,0.));
#9536 = ( GEOMETRIC_REPRESENTATION_CONTEXT(2) 
PARAMETRIC_REPRESENTATION_CONTEXT() REPRESENTATION_CONTEXT('2D SPACE',''
  ) );
#9537 = PCURVE('',#72,#9538);
#9538 = DEFINITIONAL_REPRESENTATION('',(#9539),#9543);
#9539 = CIRCLE('',#9540,1.3);
#9540 = AXIS2_PLACEMENT_2D('',#9541,#9542);
#9541 = CARTESIAN_POINT('',(-30.89230484541,13.05));
#9542 = DIRECTION('',(1.,0.));
#9543 = ( GEOMETRIC_REPRESENTATION_CONTEXT(2) 
PARAMETRIC_REPRESENTATION_CONTEXT() REPRESENTATION_CONTEXT('2D SPACE',''
  ) );
#9544 = ORIENTED_EDGE('',*,*,#9493,.F.);
#9545 = ORIENTED_EDGE('',*,*,#9546,.F.);
#9546 = EDGE_CURVE('',#9494,#9494,#9547,.T.);
#9547 = SURFACE_CURVE('',#9548,(#9553,#9560),.PCURVE_S1.);
#9548 = CIRCLE('',#9549,1.3);
#9549 = AXIS2_PLACEMENT_3D('',#9550,#9551,#9552);
#9550 = CARTESIAN_POINT('',(120.89230484541,68.7,98.8));
#9551 = DIRECTION('',(0.,1.,-0.));
#9552 = DIRECTION('',(-1.,0.,0.));
#9553 = PCURVE('',#9504,#9554);
#9554 = DEFINITIONAL_REPRESENTATION('',(#9555),#9559);
#9555 = LINE('',#9556,#9557);
#9556 = CARTESIAN_POINT('',(-0.,0.));
#9557 = VECTOR('',#9558,1.);
#9558 = DIRECTION('',(-1.,0.));
#9559 = ( GEOMETRIC_REPRESENTATION_CONTEXT(2) 
PARAMETRIC_REPRESENTATION_CONTEXT() REPRESENTATION_CONTEXT('2D SPACE',''
  ) );
#9560 = PCURVE('',#126,#9561);
#9561 = DEFINITIONAL_REPRESENTATION('',(#9562),#9566);
#9562 = CIRCLE('',#9563,1.3);
#9563 = AXIS2_PLACEMENT_2D('',#9564,#9565);
#9564 = CARTESIAN_POINT('',(-30.89230484541,13.05));
#9565 = DIRECTION('',(1.,0.));
#9566 = ( GEOMETRIC_REPRESENTATION_CONTEXT(2) 
PARAMETRIC_REPRESENTATION_CONTEXT() REPRESENTATION_CONTEXT('2D SPACE',''
  ) );
#9567 = ADVANCED_FACE('',(#9568),#9582,.F.);
#9568 = FACE_BOUND('',#9569,.T.);
#9569 = EDGE_LOOP('',(#9570,#9600,#9622,#9623));
#9570 = ORIENTED_EDGE('',*,*,#9571,.T.);
#9571 = EDGE_CURVE('',#9572,#9574,#9576,.T.);
#9572 = VERTEX_POINT('',#9573);
#9573 = CARTESIAN_POINT('',(111.27846096908,68.7,98.8));
#9574 = VERTEX_POINT('',#9575);
#9575 = CARTESIAN_POINT('',(111.27846096908,71.7,98.8));
#9576 = SEAM_CURVE('',#9577,(#9581,#9593),.PCURVE_S1.);
#9577 = LINE('',#9578,#9579);
#9578 = CARTESIAN_POINT('',(111.27846096908,68.7,98.8));
#9579 = VECTOR('',#9580,1.);
#9580 = DIRECTION('',(0.,1.,-0.));
#9581 = PCURVE('',#9582,#9587);
#9582 = CYLINDRICAL_SURFACE('',#9583,1.3);
#9583 = AXIS2_PLACEMENT_3D('',#9584,#9585,#9586);
#9584 = CARTESIAN_POINT('',(112.57846096908,68.7,98.8));
#9585 = DIRECTION('',(-0.,-1.,0.));
#9586 = DIRECTION('',(-1.,0.,0.));
#9587 = DEFINITIONAL_REPRESENTATION('',(#9588),#9592);
#9588 = LINE('',#9589,#9590);
#9589 = CARTESIAN_POINT('',(-0.,0.));
#9590 = VECTOR('',#9591,1.);
#9591 = DIRECTION('',(-0.,-1.));
#9592 = ( GEOMETRIC_REPRESENTATION_CONTEXT(2) 
PARAMETRIC_REPRESENTATION_CONTEXT() REPRESENTATION_CONTEXT('2D SPACE',''
  ) );
#9593 = PCURVE('',#9582,#9594);
#9594 = DEFINITIONAL_REPRESENTATION('',(#9595),#9599);
#9595 = LINE('',#9596,#9597);
#9596 = CARTESIAN_POINT('',(-6.28318530718,0.));
#9597 = VECTOR('',#9598,1.);
#9598 = DIRECTION('',(-0.,-1.));
#9599 = ( GEOMETRIC_REPRESENTATION_CONTEXT(2) 
PARAMETRIC_REPRESENTATION_CONTEXT() REPRESENTATION_CONTEXT('2D SPACE',''
  ) );
#9600 = ORIENTED_EDGE('',*,*,#9601,.T.);
#9601 = EDGE_CURVE('',#9574,#9574,#9602,.T.);
#9602 = SURFACE_CURVE('',#9603,(#9608,#9615),.PCURVE_S1.);
#9603 = CIRCLE('',#9604,1.3);
#9604 = AXIS2_PLACEMENT_3D('',#9605,#9606,#9607);
#9605 = CARTESIAN_POINT('',(112.57846096908,71.7,98.8));
#9606 = DIRECTION('',(0.,1.,-0.));
#9607 = DIRECTION('',(-1.,0.,0.));
#9608 = PCURVE('',#9582,#9609);
#9609 = DEFINITIONAL_REPRESENTATION('',(#9610),#9614);
#9610 = LINE('',#9611,#9612);
#9611 = CARTESIAN_POINT('',(-0.,-3.));
#9612 = VECTOR('',#9613,1.);
#9613 = DIRECTION('',(-1.,0.));
#9614 = ( GEOMETRIC_REPRESENTATION_CONTEXT(2) 
PARAMETRIC_REPRESENTATION_CONTEXT() REPRESENTATION_CONTEXT('2D SPACE',''
  ) );
#9615 = PCURVE('',#72,#9616);
#9616 = DEFINITIONAL_REPRESENTATION('',(#9617),#9621);
#9617 = CIRCLE('',#9618,1.3);
#9618 = AXIS2_PLACEMENT_2D('',#9619,#9620);
#9619 = CARTESIAN_POINT('',(-22.57846096908,13.05));
#9620 = DIRECTION('',(1.,0.));
#9621 = ( GEOMETRIC_REPRESENTATION_CONTEXT(2) 
PARAMETRIC_REPRESENTATION_CONTEXT() REPRESENTATION_CONTEXT('2D SPACE',''
  ) );
#9622 = ORIENTED_EDGE('',*,*,#9571,.F.);
#9623 = ORIENTED_EDGE('',*,*,#9624,.F.);
#9624 = EDGE_CURVE('',#9572,#9572,#9625,.T.);
#9625 = SURFACE_CURVE('',#9626,(#9631,#9638),.PCURVE_S1.);
#9626 = CIRCLE('',#9627,1.3);
#9627 = AXIS2_PLACEMENT_3D('',#9628,#9629,#9630);
#9628 = CARTESIAN_POINT('',(112.57846096908,68.7,98.8));
#9629 = DIRECTION('',(0.,1.,-0.));
#9630 = DIRECTION('',(-1.,0.,0.));
#9631 = PCURVE('',#9582,#9632);
#9632 = DEFINITIONAL_REPRESENTATION('',(#9633),#9637);
#9633 = LINE('',#9634,#9635);
#9634 = CARTESIAN_POINT('',(-0.,0.));
#9635 = VECTOR('',#9636,1.);
#9636 = DIRECTION('',(-1.,0.));
#9637 = ( GEOMETRIC_REPRESENTATION_CONTEXT(2) 
PARAMETRIC_REPRESENTATION_CONTEXT() REPRESENTATION_CONTEXT('2D SPACE',''
  ) );
#9638 = PCURVE('',#126,#9639);
#9639 = DEFINITIONAL_REPRESENTATION('',(#9640),#9644);
#9640 = CIRCLE('',#9641,1.3);
#9641 = AXIS2_PLACEMENT_2D('',#9642,#9643);
#9642 = CARTESIAN_POINT('',(-22.57846096908,13.05));
#9643 = DIRECTION('',(1.,0.));
#9644 = ( GEOMETRIC_REPRESENTATION_CONTEXT(2) 
PARAMETRIC_REPRESENTATION_CONTEXT() REPRESENTATION_CONTEXT('2D SPACE',''
  ) );
#9645 = ADVANCED_FACE('',(#9646),#9660,.F.);
#9646 = FACE_BOUND('',#9647,.T.);
#9647 = EDGE_LOOP('',(#9648,#9678,#9700,#9701));
#9648 = ORIENTED_EDGE('',*,*,#9649,.T.);
#9649 = EDGE_CURVE('',#9650,#9652,#9654,.T.);
#9650 = VERTEX_POINT('',#9651);
#9651 = CARTESIAN_POINT('',(115.43538290724,68.7,101.2));
#9652 = VERTEX_POINT('',#9653);
#9653 = CARTESIAN_POINT('',(115.43538290724,71.7,101.2));
#9654 = SEAM_CURVE('',#9655,(#9659,#9671),.PCURVE_S1.);
#9655 = LINE('',#9656,#9657);
#9656 = CARTESIAN_POINT('',(115.43538290724,68.7,101.2));
#9657 = VECTOR('',#9658,1.);
#9658 = DIRECTION('',(0.,1.,-0.));
#9659 = PCURVE('',#9660,#9665);
#9660 = CYLINDRICAL_SURFACE('',#9661,1.3);
#9661 = AXIS2_PLACEMENT_3D('',#9662,#9663,#9664);
#9662 = CARTESIAN_POINT('',(116.73538290724,68.7,101.2));
#9663 = DIRECTION('',(-0.,-1.,0.));
#9664 = DIRECTION('',(-1.,0.,0.));
#9665 = DEFINITIONAL_REPRESENTATION('',(#9666),#9670);
#9666 = LINE('',#9667,#9668);
#9667 = CARTESIAN_POINT('',(-0.,0.));
#9668 = VECTOR('',#9669,1.);
#9669 = DIRECTION('',(-0.,-1.));
#9670 = ( GEOMETRIC_REPRESENTATION_CONTEXT(2) 
PARAMETRIC_REPRESENTATION_CONTEXT() REPRESENTATION_CONTEXT('2D SPACE',''
  ) );
#9671 = PCURVE('',#9660,#9672);
#9672 = DEFINITIONAL_REPRESENTATION('',(#9673),#9677);
#9673 = LINE('',#9674,#9675);
#9674 = CARTESIAN_POINT('',(-6.28318530718,0.));
#9675 = VECTOR('',#9676,1.);
#9676 = DIRECTION('',(-0.,-1.));
#9677 = ( GEOMETRIC_REPRESENTATION_CONTEXT(2) 
PARAMETRIC_REPRESENTATION_CONTEXT() REPRESENTATION_CONTEXT('2D SPACE',''
  ) );
#9678 = ORIENTED_EDGE('',*,*,#9679,.T.);
#9679 = EDGE_CURVE('',#9652,#9652,#9680,.T.);
#9680 = SURFACE_CURVE('',#9681,(#9686,#9693),.PCURVE_S1.);
#9681 = CIRCLE('',#9682,1.3);
#9682 = AXIS2_PLACEMENT_3D('',#9683,#9684,#9685);
#9683 = CARTESIAN_POINT('',(116.73538290724,71.7,101.2));
#9684 = DIRECTION('',(0.,1.,-0.));
#9685 = DIRECTION('',(-1.,0.,0.));
#9686 = PCURVE('',#9660,#9687);
#9687 = DEFINITIONAL_REPRESENTATION('',(#9688),#9692);
#9688 = LINE('',#9689,#9690);
#9689 = CARTESIAN_POINT('',(-0.,-3.));
#9690 = VECTOR('',#9691,1.);
#9691 = DIRECTION('',(-1.,0.));
#9692 = ( GEOMETRIC_REPRESENTATION_CONTEXT(2) 
PARAMETRIC_REPRESENTATION_CONTEXT() REPRESENTATION_CONTEXT('2D SPACE',''
  ) );
#9693 = PCURVE('',#72,#9694);
#9694 = DEFINITIONAL_REPRESENTATION('',(#9695),#9699);
#9695 = CIRCLE('',#9696,1.3);
#9696 = AXIS2_PLACEMENT_2D('',#9697,#9698);
#9697 = CARTESIAN_POINT('',(-26.73538290724,15.45));
#9698 = DIRECTION('',(1.,0.));
#9699 = ( GEOMETRIC_REPRESENTATION_CONTEXT(2) 
PARAMETRIC_REPRESENTATION_CONTEXT() REPRESENTATION_CONTEXT('2D SPACE',''
  ) );
#9700 = ORIENTED_EDGE('',*,*,#9649,.F.);
#9701 = ORIENTED_EDGE('',*,*,#9702,.F.);
#9702 = EDGE_CURVE('',#9650,#9650,#9703,.T.);
#9703 = SURFACE_CURVE('',#9704,(#9709,#9716),.PCURVE_S1.);
#9704 = CIRCLE('',#9705,1.3);
#9705 = AXIS2_PLACEMENT_3D('',#9706,#9707,#9708);
#9706 = CARTESIAN_POINT('',(116.73538290724,68.7,101.2));
#9707 = DIRECTION('',(0.,1.,-0.));
#9708 = DIRECTION('',(-1.,0.,0.));
#9709 = PCURVE('',#9660,#9710);
#9710 = DEFINITIONAL_REPRESENTATION('',(#9711),#9715);
#9711 = LINE('',#9712,#9713);
#9712 = CARTESIAN_POINT('',(-0.,0.));
#9713 = VECTOR('',#9714,1.);
#9714 = DIRECTION('',(-1.,0.));
#9715 = ( GEOMETRIC_REPRESENTATION_CONTEXT(2) 
PARAMETRIC_REPRESENTATION_CONTEXT() REPRESENTATION_CONTEXT('2D SPACE',''
  ) );
#9716 = PCURVE('',#126,#9717);
#9717 = DEFINITIONAL_REPRESENTATION('',(#9718),#9722);
#9718 = CIRCLE('',#9719,1.3);
#9719 = AXIS2_PLACEMENT_2D('',#9720,#9721);
#9720 = CARTESIAN_POINT('',(-26.73538290724,15.45));
#9721 = DIRECTION('',(1.,0.));
#9722 = ( GEOMETRIC_REPRESENTATION_CONTEXT(2) 
PARAMETRIC_REPRESENTATION_CONTEXT() REPRESENTATION_CONTEXT('2D SPACE',''
  ) );
#9723 = ADVANCED_FACE('',(#9724),#9738,.F.);
#9724 = FACE_BOUND('',#9725,.T.);
#9725 = EDGE_LOOP('',(#9726,#9756,#9778,#9779));
#9726 = ORIENTED_EDGE('',*,*,#9727,.T.);
#9727 = EDGE_CURVE('',#9728,#9730,#9732,.T.);
#9728 = VERTEX_POINT('',#9729);
#9729 = CARTESIAN_POINT('',(119.59230484541,68.7,103.6));
#9730 = VERTEX_POINT('',#9731);
#9731 = CARTESIAN_POINT('',(119.59230484541,71.7,103.6));
#9732 = SEAM_CURVE('',#9733,(#9737,#9749),.PCURVE_S1.);
#9733 = LINE('',#9734,#9735);
#9734 = CARTESIAN_POINT('',(119.59230484541,68.7,103.6));
#9735 = VECTOR('',#9736,1.);
#9736 = DIRECTION('',(0.,1.,-0.));
#9737 = PCURVE('',#9738,#9743);
#9738 = CYLINDRICAL_SURFACE('',#9739,1.3);
#9739 = AXIS2_PLACEMENT_3D('',#9740,#9741,#9742);
#9740 = CARTESIAN_POINT('',(120.89230484541,68.7,103.6));
#9741 = DIRECTION('',(-0.,-1.,0.));
#9742 = DIRECTION('',(-1.,0.,0.));
#9743 = DEFINITIONAL_REPRESENTATION('',(#9744),#9748);
#9744 = LINE('',#9745,#9746);
#9745 = CARTESIAN_POINT('',(-0.,0.));
#9746 = VECTOR('',#9747,1.);
#9747 = DIRECTION('',(-0.,-1.));
#9748 = ( GEOMETRIC_REPRESENTATION_CONTEXT(2) 
PARAMETRIC_REPRESENTATION_CONTEXT() REPRESENTATION_CONTEXT('2D SPACE',''
  ) );
#9749 = PCURVE('',#9738,#9750);
#9750 = DEFINITIONAL_REPRESENTATION('',(#9751),#9755);
#9751 = LINE('',#9752,#9753);
#9752 = CARTESIAN_POINT('',(-6.28318530718,0.));
#9753 = VECTOR('',#9754,1.);
#9754 = DIRECTION('',(-0.,-1.));
#9755 = ( GEOMETRIC_REPRESENTATION_CONTEXT(2) 
PARAMETRIC_REPRESENTATION_CONTEXT() REPRESENTATION_CONTEXT('2D SPACE',''
  ) );
#9756 = ORIENTED_EDGE('',*,*,#9757,.T.);
#9757 = EDGE_CURVE('',#9730,#9730,#9758,.T.);
#9758 = SURFACE_CURVE('',#9759,(#9764,#9771),.PCURVE_S1.);
#9759 = CIRCLE('',#9760,1.3);
#9760 = AXIS2_PLACEMENT_3D('',#9761,#9762,#9763);
#9761 = CARTESIAN_POINT('',(120.89230484541,71.7,103.6));
#9762 = DIRECTION('',(0.,1.,-0.));
#9763 = DIRECTION('',(-1.,0.,0.));
#9764 = PCURVE('',#9738,#9765);
#9765 = DEFINITIONAL_REPRESENTATION('',(#9766),#9770);
#9766 = LINE('',#9767,#9768);
#9767 = CARTESIAN_POINT('',(-0.,-3.));
#9768 = VECTOR('',#9769,1.);
#9769 = DIRECTION('',(-1.,0.));
#9770 = ( GEOMETRIC_REPRESENTATION_CONTEXT(2) 
PARAMETRIC_REPRESENTATION_CONTEXT() REPRESENTATION_CONTEXT('2D SPACE',''
  ) );
#9771 = PCURVE('',#72,#9772);
#9772 = DEFINITIONAL_REPRESENTATION('',(#9773),#9777);
#9773 = CIRCLE('',#9774,1.3);
#9774 = AXIS2_PLACEMENT_2D('',#9775,#9776);
#9775 = CARTESIAN_POINT('',(-30.89230484541,17.85));
#9776 = DIRECTION('',(1.,0.));
#9777 = ( GEOMETRIC_REPRESENTATION_CONTEXT(2) 
PARAMETRIC_REPRESENTATION_CONTEXT() REPRESENTATION_CONTEXT('2D SPACE',''
  ) );
#9778 = ORIENTED_EDGE('',*,*,#9727,.F.);
#9779 = ORIENTED_EDGE('',*,*,#9780,.F.);
#9780 = EDGE_CURVE('',#9728,#9728,#9781,.T.);
#9781 = SURFACE_CURVE('',#9782,(#9787,#9794),.PCURVE_S1.);
#9782 = CIRCLE('',#9783,1.3);
#9783 = AXIS2_PLACEMENT_3D('',#9784,#9785,#9786);
#9784 = CARTESIAN_POINT('',(120.89230484541,68.7,103.6));
#9785 = DIRECTION('',(0.,1.,-0.));
#9786 = DIRECTION('',(-1.,0.,0.));
#9787 = PCURVE('',#9738,#9788);
#9788 = DEFINITIONAL_REPRESENTATION('',(#9789),#9793);
#9789 = LINE('',#9790,#9791);
#9790 = CARTESIAN_POINT('',(-0.,0.));
#9791 = VECTOR('',#9792,1.);
#9792 = DIRECTION('',(-1.,0.));
#9793 = ( GEOMETRIC_REPRESENTATION_CONTEXT(2) 
PARAMETRIC_REPRESENTATION_CONTEXT() REPRESENTATION_CONTEXT('2D SPACE',''
  ) );
#9794 = PCURVE('',#126,#9795);
#9795 = DEFINITIONAL_REPRESENTATION('',(#9796),#9800);
#9796 = CIRCLE('',#9797,1.3);
#9797 = AXIS2_PLACEMENT_2D('',#9798,#9799);
#9798 = CARTESIAN_POINT('',(-30.89230484541,17.85));
#9799 = DIRECTION('',(1.,0.));
#9800 = ( GEOMETRIC_REPRESENTATION_CONTEXT(2) 
PARAMETRIC_REPRESENTATION_CONTEXT() REPRESENTATION_CONTEXT('2D SPACE',''
  ) );
#9801 = ADVANCED_FACE('',(#9802),#9816,.F.);
#9802 = FACE_BOUND('',#9803,.T.);
#9803 = EDGE_LOOP('',(#9804,#9834,#9856,#9857));
#9804 = ORIENTED_EDGE('',*,*,#9805,.T.);
#9805 = EDGE_CURVE('',#9806,#9808,#9810,.T.);
#9806 = VERTEX_POINT('',#9807);
#9807 = CARTESIAN_POINT('',(111.27846096908,68.7,103.6));
#9808 = VERTEX_POINT('',#9809);
#9809 = CARTESIAN_POINT('',(111.27846096908,71.7,103.6));
#9810 = SEAM_CURVE('',#9811,(#9815,#9827),.PCURVE_S1.);
#9811 = LINE('',#9812,#9813);
#9812 = CARTESIAN_POINT('',(111.27846096908,68.7,103.6));
#9813 = VECTOR('',#9814,1.);
#9814 = DIRECTION('',(0.,1.,-0.));
#9815 = PCURVE('',#9816,#9821);
#9816 = CYLINDRICAL_SURFACE('',#9817,1.3);
#9817 = AXIS2_PLACEMENT_3D('',#9818,#9819,#9820);
#9818 = CARTESIAN_POINT('',(112.57846096908,68.7,103.6));
#9819 = DIRECTION('',(-0.,-1.,0.));
#9820 = DIRECTION('',(-1.,0.,0.));
#9821 = DEFINITIONAL_REPRESENTATION('',(#9822),#9826);
#9822 = LINE('',#9823,#9824);
#9823 = CARTESIAN_POINT('',(-0.,0.));
#9824 = VECTOR('',#9825,1.);
#9825 = DIRECTION('',(-0.,-1.));
#9826 = ( GEOMETRIC_REPRESENTATION_CONTEXT(2) 
PARAMETRIC_REPRESENTATION_CONTEXT() REPRESENTATION_CONTEXT('2D SPACE',''
  ) );
#9827 = PCURVE('',#9816,#9828);
#9828 = DEFINITIONAL_REPRESENTATION('',(#9829),#9833);
#9829 = LINE('',#9830,#9831);
#9830 = CARTESIAN_POINT('',(-6.28318530718,0.));
#9831 = VECTOR('',#9832,1.);
#9832 = DIRECTION('',(-0.,-1.));
#9833 = ( GEOMETRIC_REPRESENTATION_CONTEXT(2) 
PARAMETRIC_REPRESENTATION_CONTEXT() REPRESENTATION_CONTEXT('2D SPACE',''
  ) );
#9834 = ORIENTED_EDGE('',*,*,#9835,.T.);
#9835 = EDGE_CURVE('',#9808,#9808,#9836,.T.);
#9836 = SURFACE_CURVE('',#9837,(#9842,#9849),.PCURVE_S1.);
#9837 = CIRCLE('',#9838,1.3);
#9838 = AXIS2_PLACEMENT_3D('',#9839,#9840,#9841);
#9839 = CARTESIAN_POINT('',(112.57846096908,71.7,103.6));
#9840 = DIRECTION('',(0.,1.,-0.));
#9841 = DIRECTION('',(-1.,0.,0.));
#9842 = PCURVE('',#9816,#9843);
#9843 = DEFINITIONAL_REPRESENTATION('',(#9844),#9848);
#9844 = LINE('',#9845,#9846);
#9845 = CARTESIAN_POINT('',(-0.,-3.));
#9846 = VECTOR('',#9847,1.);
#9847 = DIRECTION('',(-1.,0.));
#9848 = ( GEOMETRIC_REPRESENTATION_CONTEXT(2) 
PARAMETRIC_REPRESENTATION_CONTEXT() REPRESENTATION_CONTEXT('2D SPACE',''
  ) );
#9849 = PCURVE('',#72,#9850);
#9850 = DEFINITIONAL_REPRESENTATION('',(#9851),#9855);
#9851 = CIRCLE('',#9852,1.3);
#9852 = AXIS2_PLACEMENT_2D('',#9853,#9854);
#9853 = CARTESIAN_POINT('',(-22.57846096908,17.85));
#9854 = DIRECTION('',(1.,0.));
#9855 = ( GEOMETRIC_REPRESENTATION_CONTEXT(2) 
PARAMETRIC_REPRESENTATION_CONTEXT() REPRESENTATION_CONTEXT('2D SPACE',''
  ) );
#9856 = ORIENTED_EDGE('',*,*,#9805,.F.);
#9857 = ORIENTED_EDGE('',*,*,#9858,.F.);
#9858 = EDGE_CURVE('',#9806,#9806,#9859,.T.);
#9859 = SURFACE_CURVE('',#9860,(#9865,#9872),.PCURVE_S1.);
#9860 = CIRCLE('',#9861,1.3);
#9861 = AXIS2_PLACEMENT_3D('',#9862,#9863,#9864);
#9862 = CARTESIAN_POINT('',(112.57846096908,68.7,103.6));
#9863 = DIRECTION('',(0.,1.,-0.));
#9864 = DIRECTION('',(-1.,0.,0.));
#9865 = PCURVE('',#9816,#9866);
#9866 = DEFINITIONAL_REPRESENTATION('',(#9867),#9871);
#9867 = LINE('',#9868,#9869);
#9868 = CARTESIAN_POINT('',(-0.,0.));
#9869 = VECTOR('',#9870,1.);
#9870 = DIRECTION('',(-1.,0.));
#9871 = ( GEOMETRIC_REPRESENTATION_CONTEXT(2) 
PARAMETRIC_REPRESENTATION_CONTEXT() REPRESENTATION_CONTEXT('2D SPACE',''
  ) );
#9872 = PCURVE('',#126,#9873);
#9873 = DEFINITIONAL_REPRESENTATION('',(#9874),#9878);
#9874 = CIRCLE('',#9875,1.3);
#9875 = AXIS2_PLACEMENT_2D('',#9876,#9877);
#9876 = CARTESIAN_POINT('',(-22.57846096908,17.85));
#9877 = DIRECTION('',(1.,0.));
#9878 = ( GEOMETRIC_REPRESENTATION_CONTEXT(2) 
PARAMETRIC_REPRESENTATION_CONTEXT() REPRESENTATION_CONTEXT('2D SPACE',''
  ) );
#9879 = ADVANCED_FACE('',(#9880),#9894,.F.);
#9880 = FACE_BOUND('',#9881,.T.);
#9881 = EDGE_LOOP('',(#9882,#9912,#9934,#9935));
#9882 = ORIENTED_EDGE('',*,*,#9883,.T.);
#9883 = EDGE_CURVE('',#9884,#9886,#9888,.T.);
#9884 = VERTEX_POINT('',#9885);
#9885 = CARTESIAN_POINT('',(107.12153903091,68.7,96.4));
#9886 = VERTEX_POINT('',#9887);
#9887 = CARTESIAN_POINT('',(107.12153903091,71.7,96.4));
#9888 = SEAM_CURVE('',#9889,(#9893,#9905),.PCURVE_S1.);
#9889 = LINE('',#9890,#9891);
#9890 = CARTESIAN_POINT('',(107.12153903091,68.7,96.4));
#9891 = VECTOR('',#9892,1.);
#9892 = DIRECTION('',(0.,1.,-0.));
#9893 = PCURVE('',#9894,#9899);
#9894 = CYLINDRICAL_SURFACE('',#9895,1.3);
#9895 = AXIS2_PLACEMENT_3D('',#9896,#9897,#9898);
#9896 = CARTESIAN_POINT('',(108.42153903091,68.7,96.4));
#9897 = DIRECTION('',(-0.,-1.,0.));
#9898 = DIRECTION('',(-1.,0.,0.));
#9899 = DEFINITIONAL_REPRESENTATION('',(#9900),#9904);
#9900 = LINE('',#9901,#9902);
#9901 = CARTESIAN_POINT('',(-0.,0.));
#9902 = VECTOR('',#9903,1.);
#9903 = DIRECTION('',(-0.,-1.));
#9904 = ( GEOMETRIC_REPRESENTATION_CONTEXT(2) 
PARAMETRIC_REPRESENTATION_CONTEXT() REPRESENTATION_CONTEXT('2D SPACE',''
  ) );
#9905 = PCURVE('',#9894,#9906);
#9906 = DEFINITIONAL_REPRESENTATION('',(#9907),#9911);
#9907 = LINE('',#9908,#9909);
#9908 = CARTESIAN_POINT('',(-6.28318530718,0.));
#9909 = VECTOR('',#9910,1.);
#9910 = DIRECTION('',(-0.,-1.));
#9911 = ( GEOMETRIC_REPRESENTATION_CONTEXT(2) 
PARAMETRIC_REPRESENTATION_CONTEXT() REPRESENTATION_CONTEXT('2D SPACE',''
  ) );
#9912 = ORIENTED_EDGE('',*,*,#9913,.T.);
#9913 = EDGE_CURVE('',#9886,#9886,#9914,.T.);
#9914 = SURFACE_CURVE('',#9915,(#9920,#9927),.PCURVE_S1.);
#9915 = CIRCLE('',#9916,1.3);
#9916 = AXIS2_PLACEMENT_3D('',#9917,#9918,#9919);
#9917 = CARTESIAN_POINT('',(108.42153903091,71.7,96.4));
#9918 = DIRECTION('',(0.,1.,-0.));
#9919 = DIRECTION('',(-1.,0.,0.));
#9920 = PCURVE('',#9894,#9921);
#9921 = DEFINITIONAL_REPRESENTATION('',(#9922),#9926);
#9922 = LINE('',#9923,#9924);
#9923 = CARTESIAN_POINT('',(-0.,-3.));
#9924 = VECTOR('',#9925,1.);
#9925 = DIRECTION('',(-1.,0.));
#9926 = ( GEOMETRIC_REPRESENTATION_CONTEXT(2) 
PARAMETRIC_REPRESENTATION_CONTEXT() REPRESENTATION_CONTEXT('2D SPACE',''
  ) );
#9927 = PCURVE('',#72,#9928);
#9928 = DEFINITIONAL_REPRESENTATION('',(#9929),#9933);
#9929 = CIRCLE('',#9930,1.3);
#9930 = AXIS2_PLACEMENT_2D('',#9931,#9932);
#9931 = CARTESIAN_POINT('',(-18.42153903091,10.65));
#9932 = DIRECTION('',(1.,0.));
#9933 = ( GEOMETRIC_REPRESENTATION_CONTEXT(2) 
PARAMETRIC_REPRESENTATION_CONTEXT() REPRESENTATION_CONTEXT('2D SPACE',''
  ) );
#9934 = ORIENTED_EDGE('',*,*,#9883,.F.);
#9935 = ORIENTED_EDGE('',*,*,#9936,.F.);
#9936 = EDGE_CURVE('',#9884,#9884,#9937,.T.);
#9937 = SURFACE_CURVE('',#9938,(#9943,#9950),.PCURVE_S1.);
#9938 = CIRCLE('',#9939,1.3);
#9939 = AXIS2_PLACEMENT_3D('',#9940,#9941,#9942);
#9940 = CARTESIAN_POINT('',(108.42153903091,68.7,96.4));
#9941 = DIRECTION('',(0.,1.,-0.));
#9942 = DIRECTION('',(-1.,0.,0.));
#9943 = PCURVE('',#9894,#9944);
#9944 = DEFINITIONAL_REPRESENTATION('',(#9945),#9949);
#9945 = LINE('',#9946,#9947);
#9946 = CARTESIAN_POINT('',(-0.,0.));
#9947 = VECTOR('',#9948,1.);
#9948 = DIRECTION('',(-1.,0.));
#9949 = ( GEOMETRIC_REPRESENTATION_CONTEXT(2) 
PARAMETRIC_REPRESENTATION_CONTEXT() REPRESENTATION_CONTEXT('2D SPACE',''
  ) );
#9950 = PCURVE('',#126,#9951);
#9951 = DEFINITIONAL_REPRESENTATION('',(#9952),#9956);
#9952 = CIRCLE('',#9953,1.3);
#9953 = AXIS2_PLACEMENT_2D('',#9954,#9955);
#9954 = CARTESIAN_POINT('',(-18.42153903091,10.65));
#9955 = DIRECTION('',(1.,0.));
#9956 = ( GEOMETRIC_REPRESENTATION_CONTEXT(2) 
PARAMETRIC_REPRESENTATION_CONTEXT() REPRESENTATION_CONTEXT('2D SPACE',''
  ) );
#9957 = ADVANCED_FACE('',(#9958),#9972,.F.);
#9958 = FACE_BOUND('',#9959,.T.);
#9959 = EDGE_LOOP('',(#9960,#9990,#10012,#10013));
#9960 = ORIENTED_EDGE('',*,*,#9961,.T.);
#9961 = EDGE_CURVE('',#9962,#9964,#9966,.T.);
#9962 = VERTEX_POINT('',#9963);
#9963 = CARTESIAN_POINT('',(102.96461709275,68.7,98.8));
#9964 = VERTEX_POINT('',#9965);
#9965 = CARTESIAN_POINT('',(102.96461709275,71.7,98.8));
#9966 = SEAM_CURVE('',#9967,(#9971,#9983),.PCURVE_S1.);
#9967 = LINE('',#9968,#9969);
#9968 = CARTESIAN_POINT('',(102.96461709275,68.7,98.8));
#9969 = VECTOR('',#9970,1.);
#9970 = DIRECTION('',(0.,1.,-0.));
#9971 = PCURVE('',#9972,#9977);
#9972 = CYLINDRICAL_SURFACE('',#9973,1.3);
#9973 = AXIS2_PLACEMENT_3D('',#9974,#9975,#9976);
#9974 = CARTESIAN_POINT('',(104.26461709275,68.7,98.8));
#9975 = DIRECTION('',(-0.,-1.,0.));
#9976 = DIRECTION('',(-1.,0.,0.));
#9977 = DEFINITIONAL_REPRESENTATION('',(#9978),#9982);
#9978 = LINE('',#9979,#9980);
#9979 = CARTESIAN_POINT('',(-0.,0.));
#9980 = VECTOR('',#9981,1.);
#9981 = DIRECTION('',(-0.,-1.));
#9982 = ( GEOMETRIC_REPRESENTATION_CONTEXT(2) 
PARAMETRIC_REPRESENTATION_CONTEXT() REPRESENTATION_CONTEXT('2D SPACE',''
  ) );
#9983 = PCURVE('',#9972,#9984);
#9984 = DEFINITIONAL_REPRESENTATION('',(#9985),#9989);
#9985 = LINE('',#9986,#9987);
#9986 = CARTESIAN_POINT('',(-6.28318530718,0.));
#9987 = VECTOR('',#9988,1.);
#9988 = DIRECTION('',(-0.,-1.));
#9989 = ( GEOMETRIC_REPRESENTATION_CONTEXT(2) 
PARAMETRIC_REPRESENTATION_CONTEXT() REPRESENTATION_CONTEXT('2D SPACE',''
  ) );
#9990 = ORIENTED_EDGE('',*,*,#9991,.T.);
#9991 = EDGE_CURVE('',#9964,#9964,#9992,.T.);
#9992 = SURFACE_CURVE('',#9993,(#9998,#10005),.PCURVE_S1.);
#9993 = CIRCLE('',#9994,1.3);
#9994 = AXIS2_PLACEMENT_3D('',#9995,#9996,#9997);
#9995 = CARTESIAN_POINT('',(104.26461709275,71.7,98.8));
#9996 = DIRECTION('',(0.,1.,-0.));
#9997 = DIRECTION('',(-1.,0.,0.));
#9998 = PCURVE('',#9972,#9999);
#9999 = DEFINITIONAL_REPRESENTATION('',(#10000),#10004);
#10000 = LINE('',#10001,#10002);
#10001 = CARTESIAN_POINT('',(-0.,-3.));
#10002 = VECTOR('',#10003,1.);
#10003 = DIRECTION('',(-1.,0.));
#10004 = ( GEOMETRIC_REPRESENTATION_CONTEXT(2) 
PARAMETRIC_REPRESENTATION_CONTEXT() REPRESENTATION_CONTEXT('2D SPACE',''
  ) );
#10005 = PCURVE('',#72,#10006);
#10006 = DEFINITIONAL_REPRESENTATION('',(#10007),#10011);
#10007 = CIRCLE('',#10008,1.3);
#10008 = AXIS2_PLACEMENT_2D('',#10009,#10010);
#10009 = CARTESIAN_POINT('',(-14.26461709275,13.05));
#10010 = DIRECTION('',(1.,0.));
#10011 = ( GEOMETRIC_REPRESENTATION_CONTEXT(2) 
PARAMETRIC_REPRESENTATION_CONTEXT() REPRESENTATION_CONTEXT('2D SPACE',''
  ) );
#10012 = ORIENTED_EDGE('',*,*,#9961,.F.);
#10013 = ORIENTED_EDGE('',*,*,#10014,.F.);
#10014 = EDGE_CURVE('',#9962,#9962,#10015,.T.);
#10015 = SURFACE_CURVE('',#10016,(#10021,#10028),.PCURVE_S1.);
#10016 = CIRCLE('',#10017,1.3);
#10017 = AXIS2_PLACEMENT_3D('',#10018,#10019,#10020);
#10018 = CARTESIAN_POINT('',(104.26461709275,68.7,98.8));
#10019 = DIRECTION('',(0.,1.,-0.));
#10020 = DIRECTION('',(-1.,0.,0.));
#10021 = PCURVE('',#9972,#10022);
#10022 = DEFINITIONAL_REPRESENTATION('',(#10023),#10027);
#10023 = LINE('',#10024,#10025);
#10024 = CARTESIAN_POINT('',(-0.,0.));
#10025 = VECTOR('',#10026,1.);
#10026 = DIRECTION('',(-1.,0.));
#10027 = ( GEOMETRIC_REPRESENTATION_CONTEXT(2) 
PARAMETRIC_REPRESENTATION_CONTEXT() REPRESENTATION_CONTEXT('2D SPACE',''
  ) );
#10028 = PCURVE('',#126,#10029);
#10029 = DEFINITIONAL_REPRESENTATION('',(#10030),#10034);
#10030 = CIRCLE('',#10031,1.3);
#10031 = AXIS2_PLACEMENT_2D('',#10032,#10033);
#10032 = CARTESIAN_POINT('',(-14.26461709275,13.05));
#10033 = DIRECTION('',(1.,0.));
#10034 = ( GEOMETRIC_REPRESENTATION_CONTEXT(2) 
PARAMETRIC_REPRESENTATION_CONTEXT() REPRESENTATION_CONTEXT('2D SPACE',''
  ) );
#10035 = ADVANCED_FACE('',(#10036),#10050,.F.);
#10036 = FACE_BOUND('',#10037,.T.);
#10037 = EDGE_LOOP('',(#10038,#10068,#10090,#10091));
#10038 = ORIENTED_EDGE('',*,*,#10039,.T.);
#10039 = EDGE_CURVE('',#10040,#10042,#10044,.T.);
#10040 = VERTEX_POINT('',#10041);
#10041 = CARTESIAN_POINT('',(107.12153903091,68.7,101.2));
#10042 = VERTEX_POINT('',#10043);
#10043 = CARTESIAN_POINT('',(107.12153903091,71.7,101.2));
#10044 = SEAM_CURVE('',#10045,(#10049,#10061),.PCURVE_S1.);
#10045 = LINE('',#10046,#10047);
#10046 = CARTESIAN_POINT('',(107.12153903091,68.7,101.2));
#10047 = VECTOR('',#10048,1.);
#10048 = DIRECTION('',(0.,1.,-0.));
#10049 = PCURVE('',#10050,#10055);
#10050 = CYLINDRICAL_SURFACE('',#10051,1.3);
#10051 = AXIS2_PLACEMENT_3D('',#10052,#10053,#10054);
#10052 = CARTESIAN_POINT('',(108.42153903091,68.7,101.2));
#10053 = DIRECTION('',(-0.,-1.,0.));
#10054 = DIRECTION('',(-1.,0.,0.));
#10055 = DEFINITIONAL_REPRESENTATION('',(#10056),#10060);
#10056 = LINE('',#10057,#10058);
#10057 = CARTESIAN_POINT('',(-0.,0.));
#10058 = VECTOR('',#10059,1.);
#10059 = DIRECTION('',(-0.,-1.));
#10060 = ( GEOMETRIC_REPRESENTATION_CONTEXT(2) 
PARAMETRIC_REPRESENTATION_CONTEXT() REPRESENTATION_CONTEXT('2D SPACE',''
  ) );
#10061 = PCURVE('',#10050,#10062);
#10062 = DEFINITIONAL_REPRESENTATION('',(#10063),#10067);
#10063 = LINE('',#10064,#10065);
#10064 = CARTESIAN_POINT('',(-6.28318530718,0.));
#10065 = VECTOR('',#10066,1.);
#10066 = DIRECTION('',(-0.,-1.));
#10067 = ( GEOMETRIC_REPRESENTATION_CONTEXT(2) 
PARAMETRIC_REPRESENTATION_CONTEXT() REPRESENTATION_CONTEXT('2D SPACE',''
  ) );
#10068 = ORIENTED_EDGE('',*,*,#10069,.T.);
#10069 = EDGE_CURVE('',#10042,#10042,#10070,.T.);
#10070 = SURFACE_CURVE('',#10071,(#10076,#10083),.PCURVE_S1.);
#10071 = CIRCLE('',#10072,1.3);
#10072 = AXIS2_PLACEMENT_3D('',#10073,#10074,#10075);
#10073 = CARTESIAN_POINT('',(108.42153903091,71.7,101.2));
#10074 = DIRECTION('',(0.,1.,-0.));
#10075 = DIRECTION('',(-1.,0.,0.));
#10076 = PCURVE('',#10050,#10077);
#10077 = DEFINITIONAL_REPRESENTATION('',(#10078),#10082);
#10078 = LINE('',#10079,#10080);
#10079 = CARTESIAN_POINT('',(-0.,-3.));
#10080 = VECTOR('',#10081,1.);
#10081 = DIRECTION('',(-1.,0.));
#10082 = ( GEOMETRIC_REPRESENTATION_CONTEXT(2) 
PARAMETRIC_REPRESENTATION_CONTEXT() REPRESENTATION_CONTEXT('2D SPACE',''
  ) );
#10083 = PCURVE('',#72,#10084);
#10084 = DEFINITIONAL_REPRESENTATION('',(#10085),#10089);
#10085 = CIRCLE('',#10086,1.3);
#10086 = AXIS2_PLACEMENT_2D('',#10087,#10088);
#10087 = CARTESIAN_POINT('',(-18.42153903091,15.45));
#10088 = DIRECTION('',(1.,0.));
#10089 = ( GEOMETRIC_REPRESENTATION_CONTEXT(2) 
PARAMETRIC_REPRESENTATION_CONTEXT() REPRESENTATION_CONTEXT('2D SPACE',''
  ) );
#10090 = ORIENTED_EDGE('',*,*,#10039,.F.);
#10091 = ORIENTED_EDGE('',*,*,#10092,.F.);
#10092 = EDGE_CURVE('',#10040,#10040,#10093,.T.);
#10093 = SURFACE_CURVE('',#10094,(#10099,#10106),.PCURVE_S1.);
#10094 = CIRCLE('',#10095,1.3);
#10095 = AXIS2_PLACEMENT_3D('',#10096,#10097,#10098);
#10096 = CARTESIAN_POINT('',(108.42153903091,68.7,101.2));
#10097 = DIRECTION('',(0.,1.,-0.));
#10098 = DIRECTION('',(-1.,0.,0.));
#10099 = PCURVE('',#10050,#10100);
#10100 = DEFINITIONAL_REPRESENTATION('',(#10101),#10105);
#10101 = LINE('',#10102,#10103);
#10102 = CARTESIAN_POINT('',(-0.,0.));
#10103 = VECTOR('',#10104,1.);
#10104 = DIRECTION('',(-1.,0.));
#10105 = ( GEOMETRIC_REPRESENTATION_CONTEXT(2) 
PARAMETRIC_REPRESENTATION_CONTEXT() REPRESENTATION_CONTEXT('2D SPACE',''
  ) );
#10106 = PCURVE('',#126,#10107);
#10107 = DEFINITIONAL_REPRESENTATION('',(#10108),#10112);
#10108 = CIRCLE('',#10109,1.3);
#10109 = AXIS2_PLACEMENT_2D('',#10110,#10111);
#10110 = CARTESIAN_POINT('',(-18.42153903091,15.45));
#10111 = DIRECTION('',(1.,0.));
#10112 = ( GEOMETRIC_REPRESENTATION_CONTEXT(2) 
PARAMETRIC_REPRESENTATION_CONTEXT() REPRESENTATION_CONTEXT('2D SPACE',''
  ) );
#10113 = ADVANCED_FACE('',(#10114),#10128,.F.);
#10114 = FACE_BOUND('',#10115,.T.);
#10115 = EDGE_LOOP('',(#10116,#10146,#10168,#10169));
#10116 = ORIENTED_EDGE('',*,*,#10117,.T.);
#10117 = EDGE_CURVE('',#10118,#10120,#10122,.T.);
#10118 = VERTEX_POINT('',#10119);
#10119 = CARTESIAN_POINT('',(102.96461709275,68.7,103.6));
#10120 = VERTEX_POINT('',#10121);
#10121 = CARTESIAN_POINT('',(102.96461709275,71.7,103.6));
#10122 = SEAM_CURVE('',#10123,(#10127,#10139),.PCURVE_S1.);
#10123 = LINE('',#10124,#10125);
#10124 = CARTESIAN_POINT('',(102.96461709275,68.7,103.6));
#10125 = VECTOR('',#10126,1.);
#10126 = DIRECTION('',(0.,1.,-0.));
#10127 = PCURVE('',#10128,#10133);
#10128 = CYLINDRICAL_SURFACE('',#10129,1.3);
#10129 = AXIS2_PLACEMENT_3D('',#10130,#10131,#10132);
#10130 = CARTESIAN_POINT('',(104.26461709275,68.7,103.6));
#10131 = DIRECTION('',(-0.,-1.,0.));
#10132 = DIRECTION('',(-1.,0.,0.));
#10133 = DEFINITIONAL_REPRESENTATION('',(#10134),#10138);
#10134 = LINE('',#10135,#10136);
#10135 = CARTESIAN_POINT('',(-0.,0.));
#10136 = VECTOR('',#10137,1.);
#10137 = DIRECTION('',(-0.,-1.));
#10138 = ( GEOMETRIC_REPRESENTATION_CONTEXT(2) 
PARAMETRIC_REPRESENTATION_CONTEXT() REPRESENTATION_CONTEXT('2D SPACE',''
  ) );
#10139 = PCURVE('',#10128,#10140);
#10140 = DEFINITIONAL_REPRESENTATION('',(#10141),#10145);
#10141 = LINE('',#10142,#10143);
#10142 = CARTESIAN_POINT('',(-6.28318530718,0.));
#10143 = VECTOR('',#10144,1.);
#10144 = DIRECTION('',(-0.,-1.));
#10145 = ( GEOMETRIC_REPRESENTATION_CONTEXT(2) 
PARAMETRIC_REPRESENTATION_CONTEXT() REPRESENTATION_CONTEXT('2D SPACE',''
  ) );
#10146 = ORIENTED_EDGE('',*,*,#10147,.T.);
#10147 = EDGE_CURVE('',#10120,#10120,#10148,.T.);
#10148 = SURFACE_CURVE('',#10149,(#10154,#10161),.PCURVE_S1.);
#10149 = CIRCLE('',#10150,1.3);
#10150 = AXIS2_PLACEMENT_3D('',#10151,#10152,#10153);
#10151 = CARTESIAN_POINT('',(104.26461709275,71.7,103.6));
#10152 = DIRECTION('',(0.,1.,-0.));
#10153 = DIRECTION('',(-1.,0.,0.));
#10154 = PCURVE('',#10128,#10155);
#10155 = DEFINITIONAL_REPRESENTATION('',(#10156),#10160);
#10156 = LINE('',#10157,#10158);
#10157 = CARTESIAN_POINT('',(-0.,-3.));
#10158 = VECTOR('',#10159,1.);
#10159 = DIRECTION('',(-1.,0.));
#10160 = ( GEOMETRIC_REPRESENTATION_CONTEXT(2) 
PARAMETRIC_REPRESENTATION_CONTEXT() REPRESENTATION_CONTEXT('2D SPACE',''
  ) );
#10161 = PCURVE('',#72,#10162);
#10162 = DEFINITIONAL_REPRESENTATION('',(#10163),#10167);
#10163 = CIRCLE('',#10164,1.3);
#10164 = AXIS2_PLACEMENT_2D('',#10165,#10166);
#10165 = CARTESIAN_POINT('',(-14.26461709275,17.85));
#10166 = DIRECTION('',(1.,0.));
#10167 = ( GEOMETRIC_REPRESENTATION_CONTEXT(2) 
PARAMETRIC_REPRESENTATION_CONTEXT() REPRESENTATION_CONTEXT('2D SPACE',''
  ) );
#10168 = ORIENTED_EDGE('',*,*,#10117,.F.);
#10169 = ORIENTED_EDGE('',*,*,#10170,.F.);
#10170 = EDGE_CURVE('',#10118,#10118,#10171,.T.);
#10171 = SURFACE_CURVE('',#10172,(#10177,#10184),.PCURVE_S1.);
#10172 = CIRCLE('',#10173,1.3);
#10173 = AXIS2_PLACEMENT_3D('',#10174,#10175,#10176);
#10174 = CARTESIAN_POINT('',(104.26461709275,68.7,103.6));
#10175 = DIRECTION('',(0.,1.,-0.));
#10176 = DIRECTION('',(-1.,0.,0.));
#10177 = PCURVE('',#10128,#10178);
#10178 = DEFINITIONAL_REPRESENTATION('',(#10179),#10183);
#10179 = LINE('',#10180,#10181);
#10180 = CARTESIAN_POINT('',(-0.,0.));
#10181 = VECTOR('',#10182,1.);
#10182 = DIRECTION('',(-1.,0.));
#10183 = ( GEOMETRIC_REPRESENTATION_CONTEXT(2) 
PARAMETRIC_REPRESENTATION_CONTEXT() REPRESENTATION_CONTEXT('2D SPACE',''
  ) );
#10184 = PCURVE('',#126,#10185);
#10185 = DEFINITIONAL_REPRESENTATION('',(#10186),#10190);
#10186 = CIRCLE('',#10187,1.3);
#10187 = AXIS2_PLACEMENT_2D('',#10188,#10189);
#10188 = CARTESIAN_POINT('',(-14.26461709275,17.85));
#10189 = DIRECTION('',(1.,0.));
#10190 = ( GEOMETRIC_REPRESENTATION_CONTEXT(2) 
PARAMETRIC_REPRESENTATION_CONTEXT() REPRESENTATION_CONTEXT('2D SPACE',''
  ) );
#10191 = ADVANCED_FACE('',(#10192),#10206,.F.);
#10192 = FACE_BOUND('',#10193,.T.);
#10193 = EDGE_LOOP('',(#10194,#10224,#10246,#10247));
#10194 = ORIENTED_EDGE('',*,*,#10195,.T.);
#10195 = EDGE_CURVE('',#10196,#10198,#10200,.T.);
#10196 = VERTEX_POINT('',#10197);
#10197 = CARTESIAN_POINT('',(98.807695154587,68.7,96.4));
#10198 = VERTEX_POINT('',#10199);
#10199 = CARTESIAN_POINT('',(98.807695154587,71.7,96.4));
#10200 = SEAM_CURVE('',#10201,(#10205,#10217),.PCURVE_S1.);
#10201 = LINE('',#10202,#10203);
#10202 = CARTESIAN_POINT('',(98.807695154587,68.7,96.4));
#10203 = VECTOR('',#10204,1.);
#10204 = DIRECTION('',(0.,1.,-0.));
#10205 = PCURVE('',#10206,#10211);
#10206 = CYLINDRICAL_SURFACE('',#10207,1.3);
#10207 = AXIS2_PLACEMENT_3D('',#10208,#10209,#10210);
#10208 = CARTESIAN_POINT('',(100.10769515458,68.7,96.4));
#10209 = DIRECTION('',(-0.,-1.,0.));
#10210 = DIRECTION('',(-1.,0.,0.));
#10211 = DEFINITIONAL_REPRESENTATION('',(#10212),#10216);
#10212 = LINE('',#10213,#10214);
#10213 = CARTESIAN_POINT('',(-0.,0.));
#10214 = VECTOR('',#10215,1.);
#10215 = DIRECTION('',(-0.,-1.));
#10216 = ( GEOMETRIC_REPRESENTATION_CONTEXT(2) 
PARAMETRIC_REPRESENTATION_CONTEXT() REPRESENTATION_CONTEXT('2D SPACE',''
  ) );
#10217 = PCURVE('',#10206,#10218);
#10218 = DEFINITIONAL_REPRESENTATION('',(#10219),#10223);
#10219 = LINE('',#10220,#10221);
#10220 = CARTESIAN_POINT('',(-6.28318530718,0.));
#10221 = VECTOR('',#10222,1.);
#10222 = DIRECTION('',(-0.,-1.));
#10223 = ( GEOMETRIC_REPRESENTATION_CONTEXT(2) 
PARAMETRIC_REPRESENTATION_CONTEXT() REPRESENTATION_CONTEXT('2D SPACE',''
  ) );
#10224 = ORIENTED_EDGE('',*,*,#10225,.T.);
#10225 = EDGE_CURVE('',#10198,#10198,#10226,.T.);
#10226 = SURFACE_CURVE('',#10227,(#10232,#10239),.PCURVE_S1.);
#10227 = CIRCLE('',#10228,1.3);
#10228 = AXIS2_PLACEMENT_3D('',#10229,#10230,#10231);
#10229 = CARTESIAN_POINT('',(100.10769515458,71.7,96.4));
#10230 = DIRECTION('',(0.,1.,-0.));
#10231 = DIRECTION('',(-1.,0.,0.));
#10232 = PCURVE('',#10206,#10233);
#10233 = DEFINITIONAL_REPRESENTATION('',(#10234),#10238);
#10234 = LINE('',#10235,#10236);
#10235 = CARTESIAN_POINT('',(-0.,-3.));
#10236 = VECTOR('',#10237,1.);
#10237 = DIRECTION('',(-1.,0.));
#10238 = ( GEOMETRIC_REPRESENTATION_CONTEXT(2) 
PARAMETRIC_REPRESENTATION_CONTEXT() REPRESENTATION_CONTEXT('2D SPACE',''
  ) );
#10239 = PCURVE('',#72,#10240);
#10240 = DEFINITIONAL_REPRESENTATION('',(#10241),#10245);
#10241 = CIRCLE('',#10242,1.3);
#10242 = AXIS2_PLACEMENT_2D('',#10243,#10244);
#10243 = CARTESIAN_POINT('',(-10.10769515458,10.65));
#10244 = DIRECTION('',(1.,0.));
#10245 = ( GEOMETRIC_REPRESENTATION_CONTEXT(2) 
PARAMETRIC_REPRESENTATION_CONTEXT() REPRESENTATION_CONTEXT('2D SPACE',''
  ) );
#10246 = ORIENTED_EDGE('',*,*,#10195,.F.);
#10247 = ORIENTED_EDGE('',*,*,#10248,.F.);
#10248 = EDGE_CURVE('',#10196,#10196,#10249,.T.);
#10249 = SURFACE_CURVE('',#10250,(#10255,#10262),.PCURVE_S1.);
#10250 = CIRCLE('',#10251,1.3);
#10251 = AXIS2_PLACEMENT_3D('',#10252,#10253,#10254);
#10252 = CARTESIAN_POINT('',(100.10769515458,68.7,96.4));
#10253 = DIRECTION('',(0.,1.,-0.));
#10254 = DIRECTION('',(-1.,0.,0.));
#10255 = PCURVE('',#10206,#10256);
#10256 = DEFINITIONAL_REPRESENTATION('',(#10257),#10261);
#10257 = LINE('',#10258,#10259);
#10258 = CARTESIAN_POINT('',(-0.,0.));
#10259 = VECTOR('',#10260,1.);
#10260 = DIRECTION('',(-1.,0.));
#10261 = ( GEOMETRIC_REPRESENTATION_CONTEXT(2) 
PARAMETRIC_REPRESENTATION_CONTEXT() REPRESENTATION_CONTEXT('2D SPACE',''
  ) );
#10262 = PCURVE('',#126,#10263);
#10263 = DEFINITIONAL_REPRESENTATION('',(#10264),#10268);
#10264 = CIRCLE('',#10265,1.3);
#10265 = AXIS2_PLACEMENT_2D('',#10266,#10267);
#10266 = CARTESIAN_POINT('',(-10.10769515458,10.65));
#10267 = DIRECTION('',(1.,0.));
#10268 = ( GEOMETRIC_REPRESENTATION_CONTEXT(2) 
PARAMETRIC_REPRESENTATION_CONTEXT() REPRESENTATION_CONTEXT('2D SPACE',''
  ) );
#10269 = ADVANCED_FACE('',(#10270),#10284,.F.);
#10270 = FACE_BOUND('',#10271,.T.);
#10271 = EDGE_LOOP('',(#10272,#10302,#10324,#10325));
#10272 = ORIENTED_EDGE('',*,*,#10273,.T.);
#10273 = EDGE_CURVE('',#10274,#10276,#10278,.T.);
#10274 = VERTEX_POINT('',#10275);
#10275 = CARTESIAN_POINT('',(94.650773216421,68.7,98.8));
#10276 = VERTEX_POINT('',#10277);
#10277 = CARTESIAN_POINT('',(94.650773216421,71.7,98.8));
#10278 = SEAM_CURVE('',#10279,(#10283,#10295),.PCURVE_S1.);
#10279 = LINE('',#10280,#10281);
#10280 = CARTESIAN_POINT('',(94.650773216421,68.7,98.8));
#10281 = VECTOR('',#10282,1.);
#10282 = DIRECTION('',(0.,1.,-0.));
#10283 = PCURVE('',#10284,#10289);
#10284 = CYLINDRICAL_SURFACE('',#10285,1.3);
#10285 = AXIS2_PLACEMENT_3D('',#10286,#10287,#10288);
#10286 = CARTESIAN_POINT('',(95.950773216421,68.7,98.8));
#10287 = DIRECTION('',(-0.,-1.,0.));
#10288 = DIRECTION('',(-1.,0.,0.));
#10289 = DEFINITIONAL_REPRESENTATION('',(#10290),#10294);
#10290 = LINE('',#10291,#10292);
#10291 = CARTESIAN_POINT('',(-0.,0.));
#10292 = VECTOR('',#10293,1.);
#10293 = DIRECTION('',(-0.,-1.));
#10294 = ( GEOMETRIC_REPRESENTATION_CONTEXT(2) 
PARAMETRIC_REPRESENTATION_CONTEXT() REPRESENTATION_CONTEXT('2D SPACE',''
  ) );
#10295 = PCURVE('',#10284,#10296);
#10296 = DEFINITIONAL_REPRESENTATION('',(#10297),#10301);
#10297 = LINE('',#10298,#10299);
#10298 = CARTESIAN_POINT('',(-6.28318530718,0.));
#10299 = VECTOR('',#10300,1.);
#10300 = DIRECTION('',(-0.,-1.));
#10301 = ( GEOMETRIC_REPRESENTATION_CONTEXT(2) 
PARAMETRIC_REPRESENTATION_CONTEXT() REPRESENTATION_CONTEXT('2D SPACE',''
  ) );
#10302 = ORIENTED_EDGE('',*,*,#10303,.T.);
#10303 = EDGE_CURVE('',#10276,#10276,#10304,.T.);
#10304 = SURFACE_CURVE('',#10305,(#10310,#10317),.PCURVE_S1.);
#10305 = CIRCLE('',#10306,1.3);
#10306 = AXIS2_PLACEMENT_3D('',#10307,#10308,#10309);
#10307 = CARTESIAN_POINT('',(95.950773216421,71.7,98.8));
#10308 = DIRECTION('',(0.,1.,-0.));
#10309 = DIRECTION('',(-1.,0.,0.));
#10310 = PCURVE('',#10284,#10311);
#10311 = DEFINITIONAL_REPRESENTATION('',(#10312),#10316);
#10312 = LINE('',#10313,#10314);
#10313 = CARTESIAN_POINT('',(-0.,-3.));
#10314 = VECTOR('',#10315,1.);
#10315 = DIRECTION('',(-1.,0.));
#10316 = ( GEOMETRIC_REPRESENTATION_CONTEXT(2) 
PARAMETRIC_REPRESENTATION_CONTEXT() REPRESENTATION_CONTEXT('2D SPACE',''
  ) );
#10317 = PCURVE('',#72,#10318);
#10318 = DEFINITIONAL_REPRESENTATION('',(#10319),#10323);
#10319 = CIRCLE('',#10320,1.3);
#10320 = AXIS2_PLACEMENT_2D('',#10321,#10322);
#10321 = CARTESIAN_POINT('',(-5.950773216421,13.05));
#10322 = DIRECTION('',(1.,0.));
#10323 = ( GEOMETRIC_REPRESENTATION_CONTEXT(2) 
PARAMETRIC_REPRESENTATION_CONTEXT() REPRESENTATION_CONTEXT('2D SPACE',''
  ) );
#10324 = ORIENTED_EDGE('',*,*,#10273,.F.);
#10325 = ORIENTED_EDGE('',*,*,#10326,.F.);
#10326 = EDGE_CURVE('',#10274,#10274,#10327,.T.);
#10327 = SURFACE_CURVE('',#10328,(#10333,#10340),.PCURVE_S1.);
#10328 = CIRCLE('',#10329,1.3);
#10329 = AXIS2_PLACEMENT_3D('',#10330,#10331,#10332);
#10330 = CARTESIAN_POINT('',(95.950773216421,68.7,98.8));
#10331 = DIRECTION('',(0.,1.,-0.));
#10332 = DIRECTION('',(-1.,0.,0.));
#10333 = PCURVE('',#10284,#10334);
#10334 = DEFINITIONAL_REPRESENTATION('',(#10335),#10339);
#10335 = LINE('',#10336,#10337);
#10336 = CARTESIAN_POINT('',(-0.,0.));
#10337 = VECTOR('',#10338,1.);
#10338 = DIRECTION('',(-1.,0.));
#10339 = ( GEOMETRIC_REPRESENTATION_CONTEXT(2) 
PARAMETRIC_REPRESENTATION_CONTEXT() REPRESENTATION_CONTEXT('2D SPACE',''
  ) );
#10340 = PCURVE('',#126,#10341);
#10341 = DEFINITIONAL_REPRESENTATION('',(#10342),#10346);
#10342 = CIRCLE('',#10343,1.3);
#10343 = AXIS2_PLACEMENT_2D('',#10344,#10345);
#10344 = CARTESIAN_POINT('',(-5.950773216421,13.05));
#10345 = DIRECTION('',(1.,0.));
#10346 = ( GEOMETRIC_REPRESENTATION_CONTEXT(2) 
PARAMETRIC_REPRESENTATION_CONTEXT() REPRESENTATION_CONTEXT('2D SPACE',''
  ) );
#10347 = ADVANCED_FACE('',(#10348),#10362,.F.);
#10348 = FACE_BOUND('',#10349,.T.);
#10349 = EDGE_LOOP('',(#10350,#10380,#10402,#10403));
#10350 = ORIENTED_EDGE('',*,*,#10351,.T.);
#10351 = EDGE_CURVE('',#10352,#10354,#10356,.T.);
#10352 = VERTEX_POINT('',#10353);
#10353 = CARTESIAN_POINT('',(90.493851278256,68.7,96.4));
#10354 = VERTEX_POINT('',#10355);
#10355 = CARTESIAN_POINT('',(90.493851278256,71.7,96.4));
#10356 = SEAM_CURVE('',#10357,(#10361,#10373),.PCURVE_S1.);
#10357 = LINE('',#10358,#10359);
#10358 = CARTESIAN_POINT('',(90.493851278256,68.7,96.4));
#10359 = VECTOR('',#10360,1.);
#10360 = DIRECTION('',(0.,1.,-0.));
#10361 = PCURVE('',#10362,#10367);
#10362 = CYLINDRICAL_SURFACE('',#10363,1.3);
#10363 = AXIS2_PLACEMENT_3D('',#10364,#10365,#10366);
#10364 = CARTESIAN_POINT('',(91.793851278256,68.7,96.4));
#10365 = DIRECTION('',(-0.,-1.,0.));
#10366 = DIRECTION('',(-1.,0.,0.));
#10367 = DEFINITIONAL_REPRESENTATION('',(#10368),#10372);
#10368 = LINE('',#10369,#10370);
#10369 = CARTESIAN_POINT('',(-0.,0.));
#10370 = VECTOR('',#10371,1.);
#10371 = DIRECTION('',(-0.,-1.));
#10372 = ( GEOMETRIC_REPRESENTATION_CONTEXT(2) 
PARAMETRIC_REPRESENTATION_CONTEXT() REPRESENTATION_CONTEXT('2D SPACE',''
  ) );
#10373 = PCURVE('',#10362,#10374);
#10374 = DEFINITIONAL_REPRESENTATION('',(#10375),#10379);
#10375 = LINE('',#10376,#10377);
#10376 = CARTESIAN_POINT('',(-6.28318530718,0.));
#10377 = VECTOR('',#10378,1.);
#10378 = DIRECTION('',(-0.,-1.));
#10379 = ( GEOMETRIC_REPRESENTATION_CONTEXT(2) 
PARAMETRIC_REPRESENTATION_CONTEXT() REPRESENTATION_CONTEXT('2D SPACE',''
  ) );
#10380 = ORIENTED_EDGE('',*,*,#10381,.T.);
#10381 = EDGE_CURVE('',#10354,#10354,#10382,.T.);
#10382 = SURFACE_CURVE('',#10383,(#10388,#10395),.PCURVE_S1.);
#10383 = CIRCLE('',#10384,1.3);
#10384 = AXIS2_PLACEMENT_3D('',#10385,#10386,#10387);
#10385 = CARTESIAN_POINT('',(91.793851278256,71.7,96.4));
#10386 = DIRECTION('',(0.,1.,-0.));
#10387 = DIRECTION('',(-1.,0.,0.));
#10388 = PCURVE('',#10362,#10389);
#10389 = DEFINITIONAL_REPRESENTATION('',(#10390),#10394);
#10390 = LINE('',#10391,#10392);
#10391 = CARTESIAN_POINT('',(-0.,-3.));
#10392 = VECTOR('',#10393,1.);
#10393 = DIRECTION('',(-1.,0.));
#10394 = ( GEOMETRIC_REPRESENTATION_CONTEXT(2) 
PARAMETRIC_REPRESENTATION_CONTEXT() REPRESENTATION_CONTEXT('2D SPACE',''
  ) );
#10395 = PCURVE('',#72,#10396);
#10396 = DEFINITIONAL_REPRESENTATION('',(#10397),#10401);
#10397 = CIRCLE('',#10398,1.3);
#10398 = AXIS2_PLACEMENT_2D('',#10399,#10400);
#10399 = CARTESIAN_POINT('',(-1.793851278256,10.65));
#10400 = DIRECTION('',(1.,0.));
#10401 = ( GEOMETRIC_REPRESENTATION_CONTEXT(2) 
PARAMETRIC_REPRESENTATION_CONTEXT() REPRESENTATION_CONTEXT('2D SPACE',''
  ) );
#10402 = ORIENTED_EDGE('',*,*,#10351,.F.);
#10403 = ORIENTED_EDGE('',*,*,#10404,.F.);
#10404 = EDGE_CURVE('',#10352,#10352,#10405,.T.);
#10405 = SURFACE_CURVE('',#10406,(#10411,#10418),.PCURVE_S1.);
#10406 = CIRCLE('',#10407,1.3);
#10407 = AXIS2_PLACEMENT_3D('',#10408,#10409,#10410);
#10408 = CARTESIAN_POINT('',(91.793851278256,68.7,96.4));
#10409 = DIRECTION('',(0.,1.,-0.));
#10410 = DIRECTION('',(-1.,0.,0.));
#10411 = PCURVE('',#10362,#10412);
#10412 = DEFINITIONAL_REPRESENTATION('',(#10413),#10417);
#10413 = LINE('',#10414,#10415);
#10414 = CARTESIAN_POINT('',(-0.,0.));
#10415 = VECTOR('',#10416,1.);
#10416 = DIRECTION('',(-1.,0.));
#10417 = ( GEOMETRIC_REPRESENTATION_CONTEXT(2) 
PARAMETRIC_REPRESENTATION_CONTEXT() REPRESENTATION_CONTEXT('2D SPACE',''
  ) );
#10418 = PCURVE('',#126,#10419);
#10419 = DEFINITIONAL_REPRESENTATION('',(#10420),#10424);
#10420 = CIRCLE('',#10421,1.3);
#10421 = AXIS2_PLACEMENT_2D('',#10422,#10423);
#10422 = CARTESIAN_POINT('',(-1.793851278256,10.65));
#10423 = DIRECTION('',(1.,0.));
#10424 = ( GEOMETRIC_REPRESENTATION_CONTEXT(2) 
PARAMETRIC_REPRESENTATION_CONTEXT() REPRESENTATION_CONTEXT('2D SPACE',''
  ) );
#10425 = ADVANCED_FACE('',(#10426),#10440,.F.);
#10426 = FACE_BOUND('',#10427,.T.);
#10427 = EDGE_LOOP('',(#10428,#10458,#10480,#10481));
#10428 = ORIENTED_EDGE('',*,*,#10429,.T.);
#10429 = EDGE_CURVE('',#10430,#10432,#10434,.T.);
#10430 = VERTEX_POINT('',#10431);
#10431 = CARTESIAN_POINT('',(98.807695154587,68.7,101.2));
#10432 = VERTEX_POINT('',#10433);
#10433 = CARTESIAN_POINT('',(98.807695154587,71.7,101.2));
#10434 = SEAM_CURVE('',#10435,(#10439,#10451),.PCURVE_S1.);
#10435 = LINE('',#10436,#10437);
#10436 = CARTESIAN_POINT('',(98.807695154587,68.7,101.2));
#10437 = VECTOR('',#10438,1.);
#10438 = DIRECTION('',(0.,1.,-0.));
#10439 = PCURVE('',#10440,#10445);
#10440 = CYLINDRICAL_SURFACE('',#10441,1.3);
#10441 = AXIS2_PLACEMENT_3D('',#10442,#10443,#10444);
#10442 = CARTESIAN_POINT('',(100.10769515458,68.7,101.2));
#10443 = DIRECTION('',(-0.,-1.,0.));
#10444 = DIRECTION('',(-1.,0.,0.));
#10445 = DEFINITIONAL_REPRESENTATION('',(#10446),#10450);
#10446 = LINE('',#10447,#10448);
#10447 = CARTESIAN_POINT('',(-0.,0.));
#10448 = VECTOR('',#10449,1.);
#10449 = DIRECTION('',(-0.,-1.));
#10450 = ( GEOMETRIC_REPRESENTATION_CONTEXT(2) 
PARAMETRIC_REPRESENTATION_CONTEXT() REPRESENTATION_CONTEXT('2D SPACE',''
  ) );
#10451 = PCURVE('',#10440,#10452);
#10452 = DEFINITIONAL_REPRESENTATION('',(#10453),#10457);
#10453 = LINE('',#10454,#10455);
#10454 = CARTESIAN_POINT('',(-6.28318530718,0.));
#10455 = VECTOR('',#10456,1.);
#10456 = DIRECTION('',(-0.,-1.));
#10457 = ( GEOMETRIC_REPRESENTATION_CONTEXT(2) 
PARAMETRIC_REPRESENTATION_CONTEXT() REPRESENTATION_CONTEXT('2D SPACE',''
  ) );
#10458 = ORIENTED_EDGE('',*,*,#10459,.T.);
#10459 = EDGE_CURVE('',#10432,#10432,#10460,.T.);
#10460 = SURFACE_CURVE('',#10461,(#10466,#10473),.PCURVE_S1.);
#10461 = CIRCLE('',#10462,1.3);
#10462 = AXIS2_PLACEMENT_3D('',#10463,#10464,#10465);
#10463 = CARTESIAN_POINT('',(100.10769515458,71.7,101.2));
#10464 = DIRECTION('',(0.,1.,-0.));
#10465 = DIRECTION('',(-1.,0.,0.));
#10466 = PCURVE('',#10440,#10467);
#10467 = DEFINITIONAL_REPRESENTATION('',(#10468),#10472);
#10468 = LINE('',#10469,#10470);
#10469 = CARTESIAN_POINT('',(-0.,-3.));
#10470 = VECTOR('',#10471,1.);
#10471 = DIRECTION('',(-1.,0.));
#10472 = ( GEOMETRIC_REPRESENTATION_CONTEXT(2) 
PARAMETRIC_REPRESENTATION_CONTEXT() REPRESENTATION_CONTEXT('2D SPACE',''
  ) );
#10473 = PCURVE('',#72,#10474);
#10474 = DEFINITIONAL_REPRESENTATION('',(#10475),#10479);
#10475 = CIRCLE('',#10476,1.3);
#10476 = AXIS2_PLACEMENT_2D('',#10477,#10478);
#10477 = CARTESIAN_POINT('',(-10.10769515458,15.45));
#10478 = DIRECTION('',(1.,0.));
#10479 = ( GEOMETRIC_REPRESENTATION_CONTEXT(2) 
PARAMETRIC_REPRESENTATION_CONTEXT() REPRESENTATION_CONTEXT('2D SPACE',''
  ) );
#10480 = ORIENTED_EDGE('',*,*,#10429,.F.);
#10481 = ORIENTED_EDGE('',*,*,#10482,.F.);
#10482 = EDGE_CURVE('',#10430,#10430,#10483,.T.);
#10483 = SURFACE_CURVE('',#10484,(#10489,#10496),.PCURVE_S1.);
#10484 = CIRCLE('',#10485,1.3);
#10485 = AXIS2_PLACEMENT_3D('',#10486,#10487,#10488);
#10486 = CARTESIAN_POINT('',(100.10769515458,68.7,101.2));
#10487 = DIRECTION('',(0.,1.,-0.));
#10488 = DIRECTION('',(-1.,0.,0.));
#10489 = PCURVE('',#10440,#10490);
#10490 = DEFINITIONAL_REPRESENTATION('',(#10491),#10495);
#10491 = LINE('',#10492,#10493);
#10492 = CARTESIAN_POINT('',(-0.,0.));
#10493 = VECTOR('',#10494,1.);
#10494 = DIRECTION('',(-1.,0.));
#10495 = ( GEOMETRIC_REPRESENTATION_CONTEXT(2) 
PARAMETRIC_REPRESENTATION_CONTEXT() REPRESENTATION_CONTEXT('2D SPACE',''
  ) );
#10496 = PCURVE('',#126,#10497);
#10497 = DEFINITIONAL_REPRESENTATION('',(#10498),#10502);
#10498 = CIRCLE('',#10499,1.3);
#10499 = AXIS2_PLACEMENT_2D('',#10500,#10501);
#10500 = CARTESIAN_POINT('',(-10.10769515458,15.45));
#10501 = DIRECTION('',(1.,0.));
#10502 = ( GEOMETRIC_REPRESENTATION_CONTEXT(2) 
PARAMETRIC_REPRESENTATION_CONTEXT() REPRESENTATION_CONTEXT('2D SPACE',''
  ) );
#10503 = ADVANCED_FACE('',(#10504),#10518,.F.);
#10504 = FACE_BOUND('',#10505,.T.);
#10505 = EDGE_LOOP('',(#10506,#10536,#10558,#10559));
#10506 = ORIENTED_EDGE('',*,*,#10507,.T.);
#10507 = EDGE_CURVE('',#10508,#10510,#10512,.T.);
#10508 = VERTEX_POINT('',#10509);
#10509 = CARTESIAN_POINT('',(94.650773216421,68.7,103.6));
#10510 = VERTEX_POINT('',#10511);
#10511 = CARTESIAN_POINT('',(94.650773216421,71.7,103.6));
#10512 = SEAM_CURVE('',#10513,(#10517,#10529),.PCURVE_S1.);
#10513 = LINE('',#10514,#10515);
#10514 = CARTESIAN_POINT('',(94.650773216421,68.7,103.6));
#10515 = VECTOR('',#10516,1.);
#10516 = DIRECTION('',(0.,1.,-0.));
#10517 = PCURVE('',#10518,#10523);
#10518 = CYLINDRICAL_SURFACE('',#10519,1.3);
#10519 = AXIS2_PLACEMENT_3D('',#10520,#10521,#10522);
#10520 = CARTESIAN_POINT('',(95.950773216421,68.7,103.6));
#10521 = DIRECTION('',(-0.,-1.,0.));
#10522 = DIRECTION('',(-1.,0.,0.));
#10523 = DEFINITIONAL_REPRESENTATION('',(#10524),#10528);
#10524 = LINE('',#10525,#10526);
#10525 = CARTESIAN_POINT('',(-0.,0.));
#10526 = VECTOR('',#10527,1.);
#10527 = DIRECTION('',(-0.,-1.));
#10528 = ( GEOMETRIC_REPRESENTATION_CONTEXT(2) 
PARAMETRIC_REPRESENTATION_CONTEXT() REPRESENTATION_CONTEXT('2D SPACE',''
  ) );
#10529 = PCURVE('',#10518,#10530);
#10530 = DEFINITIONAL_REPRESENTATION('',(#10531),#10535);
#10531 = LINE('',#10532,#10533);
#10532 = CARTESIAN_POINT('',(-6.28318530718,0.));
#10533 = VECTOR('',#10534,1.);
#10534 = DIRECTION('',(-0.,-1.));
#10535 = ( GEOMETRIC_REPRESENTATION_CONTEXT(2) 
PARAMETRIC_REPRESENTATION_CONTEXT() REPRESENTATION_CONTEXT('2D SPACE',''
  ) );
#10536 = ORIENTED_EDGE('',*,*,#10537,.T.);
#10537 = EDGE_CURVE('',#10510,#10510,#10538,.T.);
#10538 = SURFACE_CURVE('',#10539,(#10544,#10551),.PCURVE_S1.);
#10539 = CIRCLE('',#10540,1.3);
#10540 = AXIS2_PLACEMENT_3D('',#10541,#10542,#10543);
#10541 = CARTESIAN_POINT('',(95.950773216421,71.7,103.6));
#10542 = DIRECTION('',(0.,1.,-0.));
#10543 = DIRECTION('',(-1.,0.,0.));
#10544 = PCURVE('',#10518,#10545);
#10545 = DEFINITIONAL_REPRESENTATION('',(#10546),#10550);
#10546 = LINE('',#10547,#10548);
#10547 = CARTESIAN_POINT('',(-0.,-3.));
#10548 = VECTOR('',#10549,1.);
#10549 = DIRECTION('',(-1.,0.));
#10550 = ( GEOMETRIC_REPRESENTATION_CONTEXT(2) 
PARAMETRIC_REPRESENTATION_CONTEXT() REPRESENTATION_CONTEXT('2D SPACE',''
  ) );
#10551 = PCURVE('',#72,#10552);
#10552 = DEFINITIONAL_REPRESENTATION('',(#10553),#10557);
#10553 = CIRCLE('',#10554,1.3);
#10554 = AXIS2_PLACEMENT_2D('',#10555,#10556);
#10555 = CARTESIAN_POINT('',(-5.950773216421,17.85));
#10556 = DIRECTION('',(1.,0.));
#10557 = ( GEOMETRIC_REPRESENTATION_CONTEXT(2) 
PARAMETRIC_REPRESENTATION_CONTEXT() REPRESENTATION_CONTEXT('2D SPACE',''
  ) );
#10558 = ORIENTED_EDGE('',*,*,#10507,.F.);
#10559 = ORIENTED_EDGE('',*,*,#10560,.F.);
#10560 = EDGE_CURVE('',#10508,#10508,#10561,.T.);
#10561 = SURFACE_CURVE('',#10562,(#10567,#10574),.PCURVE_S1.);
#10562 = CIRCLE('',#10563,1.3);
#10563 = AXIS2_PLACEMENT_3D('',#10564,#10565,#10566);
#10564 = CARTESIAN_POINT('',(95.950773216421,68.7,103.6));
#10565 = DIRECTION('',(0.,1.,-0.));
#10566 = DIRECTION('',(-1.,0.,0.));
#10567 = PCURVE('',#10518,#10568);
#10568 = DEFINITIONAL_REPRESENTATION('',(#10569),#10573);
#10569 = LINE('',#10570,#10571);
#10570 = CARTESIAN_POINT('',(-0.,0.));
#10571 = VECTOR('',#10572,1.);
#10572 = DIRECTION('',(-1.,0.));
#10573 = ( GEOMETRIC_REPRESENTATION_CONTEXT(2) 
PARAMETRIC_REPRESENTATION_CONTEXT() REPRESENTATION_CONTEXT('2D SPACE',''
  ) );
#10574 = PCURVE('',#126,#10575);
#10575 = DEFINITIONAL_REPRESENTATION('',(#10576),#10580);
#10576 = CIRCLE('',#10577,1.3);
#10577 = AXIS2_PLACEMENT_2D('',#10578,#10579);
#10578 = CARTESIAN_POINT('',(-5.950773216421,17.85));
#10579 = DIRECTION('',(1.,0.));
#10580 = ( GEOMETRIC_REPRESENTATION_CONTEXT(2) 
PARAMETRIC_REPRESENTATION_CONTEXT() REPRESENTATION_CONTEXT('2D SPACE',''
  ) );
#10581 = ADVANCED_FACE('',(#10582),#10596,.F.);
#10582 = FACE_BOUND('',#10583,.T.);
#10583 = EDGE_LOOP('',(#10584,#10614,#10636,#10637));
#10584 = ORIENTED_EDGE('',*,*,#10585,.T.);
#10585 = EDGE_CURVE('',#10586,#10588,#10590,.T.);
#10586 = VERTEX_POINT('',#10587);
#10587 = CARTESIAN_POINT('',(90.493851278256,68.7,101.2));
#10588 = VERTEX_POINT('',#10589);
#10589 = CARTESIAN_POINT('',(90.493851278256,71.7,101.2));
#10590 = SEAM_CURVE('',#10591,(#10595,#10607),.PCURVE_S1.);
#10591 = LINE('',#10592,#10593);
#10592 = CARTESIAN_POINT('',(90.493851278256,68.7,101.2));
#10593 = VECTOR('',#10594,1.);
#10594 = DIRECTION('',(0.,1.,-0.));
#10595 = PCURVE('',#10596,#10601);
#10596 = CYLINDRICAL_SURFACE('',#10597,1.3);
#10597 = AXIS2_PLACEMENT_3D('',#10598,#10599,#10600);
#10598 = CARTESIAN_POINT('',(91.793851278256,68.7,101.2));
#10599 = DIRECTION('',(-0.,-1.,0.));
#10600 = DIRECTION('',(-1.,0.,0.));
#10601 = DEFINITIONAL_REPRESENTATION('',(#10602),#10606);
#10602 = LINE('',#10603,#10604);
#10603 = CARTESIAN_POINT('',(-0.,0.));
#10604 = VECTOR('',#10605,1.);
#10605 = DIRECTION('',(-0.,-1.));
#10606 = ( GEOMETRIC_REPRESENTATION_CONTEXT(2) 
PARAMETRIC_REPRESENTATION_CONTEXT() REPRESENTATION_CONTEXT('2D SPACE',''
  ) );
#10607 = PCURVE('',#10596,#10608);
#10608 = DEFINITIONAL_REPRESENTATION('',(#10609),#10613);
#10609 = LINE('',#10610,#10611);
#10610 = CARTESIAN_POINT('',(-6.28318530718,0.));
#10611 = VECTOR('',#10612,1.);
#10612 = DIRECTION('',(-0.,-1.));
#10613 = ( GEOMETRIC_REPRESENTATION_CONTEXT(2) 
PARAMETRIC_REPRESENTATION_CONTEXT() REPRESENTATION_CONTEXT('2D SPACE',''
  ) );
#10614 = ORIENTED_EDGE('',*,*,#10615,.T.);
#10615 = EDGE_CURVE('',#10588,#10588,#10616,.T.);
#10616 = SURFACE_CURVE('',#10617,(#10622,#10629),.PCURVE_S1.);
#10617 = CIRCLE('',#10618,1.3);
#10618 = AXIS2_PLACEMENT_3D('',#10619,#10620,#10621);
#10619 = CARTESIAN_POINT('',(91.793851278256,71.7,101.2));
#10620 = DIRECTION('',(0.,1.,-0.));
#10621 = DIRECTION('',(-1.,0.,0.));
#10622 = PCURVE('',#10596,#10623);
#10623 = DEFINITIONAL_REPRESENTATION('',(#10624),#10628);
#10624 = LINE('',#10625,#10626);
#10625 = CARTESIAN_POINT('',(-0.,-3.));
#10626 = VECTOR('',#10627,1.);
#10627 = DIRECTION('',(-1.,0.));
#10628 = ( GEOMETRIC_REPRESENTATION_CONTEXT(2) 
PARAMETRIC_REPRESENTATION_CONTEXT() REPRESENTATION_CONTEXT('2D SPACE',''
  ) );
#10629 = PCURVE('',#72,#10630);
#10630 = DEFINITIONAL_REPRESENTATION('',(#10631),#10635);
#10631 = CIRCLE('',#10632,1.3);
#10632 = AXIS2_PLACEMENT_2D('',#10633,#10634);
#10633 = CARTESIAN_POINT('',(-1.793851278256,15.45));
#10634 = DIRECTION('',(1.,0.));
#10635 = ( GEOMETRIC_REPRESENTATION_CONTEXT(2) 
PARAMETRIC_REPRESENTATION_CONTEXT() REPRESENTATION_CONTEXT('2D SPACE',''
  ) );
#10636 = ORIENTED_EDGE('',*,*,#10585,.F.);
#10637 = ORIENTED_EDGE('',*,*,#10638,.F.);
#10638 = EDGE_CURVE('',#10586,#10586,#10639,.T.);
#10639 = SURFACE_CURVE('',#10640,(#10645,#10652),.PCURVE_S1.);
#10640 = CIRCLE('',#10641,1.3);
#10641 = AXIS2_PLACEMENT_3D('',#10642,#10643,#10644);
#10642 = CARTESIAN_POINT('',(91.793851278256,68.7,101.2));
#10643 = DIRECTION('',(0.,1.,-0.));
#10644 = DIRECTION('',(-1.,0.,0.));
#10645 = PCURVE('',#10596,#10646);
#10646 = DEFINITIONAL_REPRESENTATION('',(#10647),#10651);
#10647 = LINE('',#10648,#10649);
#10648 = CARTESIAN_POINT('',(-0.,0.));
#10649 = VECTOR('',#10650,1.);
#10650 = DIRECTION('',(-1.,0.));
#10651 = ( GEOMETRIC_REPRESENTATION_CONTEXT(2) 
PARAMETRIC_REPRESENTATION_CONTEXT() REPRESENTATION_CONTEXT('2D SPACE',''
  ) );
#10652 = PCURVE('',#126,#10653);
#10653 = DEFINITIONAL_REPRESENTATION('',(#10654),#10658);
#10654 = CIRCLE('',#10655,1.3);
#10655 = AXIS2_PLACEMENT_2D('',#10656,#10657);
#10656 = CARTESIAN_POINT('',(-1.793851278256,15.45));
#10657 = DIRECTION('',(1.,0.));
#10658 = ( GEOMETRIC_REPRESENTATION_CONTEXT(2) 
PARAMETRIC_REPRESENTATION_CONTEXT() REPRESENTATION_CONTEXT('2D SPACE',''
  ) );
#10659 = ADVANCED_FACE('',(#10660),#10674,.F.);
#10660 = FACE_BOUND('',#10661,.T.);
#10661 = EDGE_LOOP('',(#10662,#10692,#10714,#10715));
#10662 = ORIENTED_EDGE('',*,*,#10663,.T.);
#10663 = EDGE_CURVE('',#10664,#10666,#10668,.T.);
#10664 = VERTEX_POINT('',#10665);
#10665 = CARTESIAN_POINT('',(127.90614872174,68.7,108.4));
#10666 = VERTEX_POINT('',#10667);
#10667 = CARTESIAN_POINT('',(127.90614872174,71.7,108.4));
#10668 = SEAM_CURVE('',#10669,(#10673,#10685),.PCURVE_S1.);
#10669 = LINE('',#10670,#10671);
#10670 = CARTESIAN_POINT('',(127.90614872174,68.7,108.4));
#10671 = VECTOR('',#10672,1.);
#10672 = DIRECTION('',(0.,1.,-0.));
#10673 = PCURVE('',#10674,#10679);
#10674 = CYLINDRICAL_SURFACE('',#10675,1.3);
#10675 = AXIS2_PLACEMENT_3D('',#10676,#10677,#10678);
#10676 = CARTESIAN_POINT('',(129.20614872174,68.7,108.4));
#10677 = DIRECTION('',(-0.,-1.,0.));
#10678 = DIRECTION('',(-1.,0.,0.));
#10679 = DEFINITIONAL_REPRESENTATION('',(#10680),#10684);
#10680 = LINE('',#10681,#10682);
#10681 = CARTESIAN_POINT('',(-0.,0.));
#10682 = VECTOR('',#10683,1.);
#10683 = DIRECTION('',(-0.,-1.));
#10684 = ( GEOMETRIC_REPRESENTATION_CONTEXT(2) 
PARAMETRIC_REPRESENTATION_CONTEXT() REPRESENTATION_CONTEXT('2D SPACE',''
  ) );
#10685 = PCURVE('',#10674,#10686);
#10686 = DEFINITIONAL_REPRESENTATION('',(#10687),#10691);
#10687 = LINE('',#10688,#10689);
#10688 = CARTESIAN_POINT('',(-6.28318530718,0.));
#10689 = VECTOR('',#10690,1.);
#10690 = DIRECTION('',(-0.,-1.));
#10691 = ( GEOMETRIC_REPRESENTATION_CONTEXT(2) 
PARAMETRIC_REPRESENTATION_CONTEXT() REPRESENTATION_CONTEXT('2D SPACE',''
  ) );
#10692 = ORIENTED_EDGE('',*,*,#10693,.T.);
#10693 = EDGE_CURVE('',#10666,#10666,#10694,.T.);
#10694 = SURFACE_CURVE('',#10695,(#10700,#10707),.PCURVE_S1.);
#10695 = CIRCLE('',#10696,1.3);
#10696 = AXIS2_PLACEMENT_3D('',#10697,#10698,#10699);
#10697 = CARTESIAN_POINT('',(129.20614872174,71.7,108.4));
#10698 = DIRECTION('',(0.,1.,-0.));
#10699 = DIRECTION('',(-1.,0.,0.));
#10700 = PCURVE('',#10674,#10701);
#10701 = DEFINITIONAL_REPRESENTATION('',(#10702),#10706);
#10702 = LINE('',#10703,#10704);
#10703 = CARTESIAN_POINT('',(-0.,-3.));
#10704 = VECTOR('',#10705,1.);
#10705 = DIRECTION('',(-1.,0.));
#10706 = ( GEOMETRIC_REPRESENTATION_CONTEXT(2) 
PARAMETRIC_REPRESENTATION_CONTEXT() REPRESENTATION_CONTEXT('2D SPACE',''
  ) );
#10707 = PCURVE('',#72,#10708);
#10708 = DEFINITIONAL_REPRESENTATION('',(#10709),#10713);
#10709 = CIRCLE('',#10710,1.3);
#10710 = AXIS2_PLACEMENT_2D('',#10711,#10712);
#10711 = CARTESIAN_POINT('',(-39.20614872174,22.65));
#10712 = DIRECTION('',(1.,0.));
#10713 = ( GEOMETRIC_REPRESENTATION_CONTEXT(2) 
PARAMETRIC_REPRESENTATION_CONTEXT() REPRESENTATION_CONTEXT('2D SPACE',''
  ) );
#10714 = ORIENTED_EDGE('',*,*,#10663,.F.);
#10715 = ORIENTED_EDGE('',*,*,#10716,.F.);
#10716 = EDGE_CURVE('',#10664,#10664,#10717,.T.);
#10717 = SURFACE_CURVE('',#10718,(#10723,#10730),.PCURVE_S1.);
#10718 = CIRCLE('',#10719,1.3);
#10719 = AXIS2_PLACEMENT_3D('',#10720,#10721,#10722);
#10720 = CARTESIAN_POINT('',(129.20614872174,68.7,108.4));
#10721 = DIRECTION('',(0.,1.,-0.));
#10722 = DIRECTION('',(-1.,0.,0.));
#10723 = PCURVE('',#10674,#10724);
#10724 = DEFINITIONAL_REPRESENTATION('',(#10725),#10729);
#10725 = LINE('',#10726,#10727);
#10726 = CARTESIAN_POINT('',(-0.,0.));
#10727 = VECTOR('',#10728,1.);
#10728 = DIRECTION('',(-1.,0.));
#10729 = ( GEOMETRIC_REPRESENTATION_CONTEXT(2) 
PARAMETRIC_REPRESENTATION_CONTEXT() REPRESENTATION_CONTEXT('2D SPACE',''
  ) );
#10730 = PCURVE('',#126,#10731);
#10731 = DEFINITIONAL_REPRESENTATION('',(#10732),#10736);
#10732 = CIRCLE('',#10733,1.3);
#10733 = AXIS2_PLACEMENT_2D('',#10734,#10735);
#10734 = CARTESIAN_POINT('',(-39.20614872174,22.65));
#10735 = DIRECTION('',(1.,0.));
#10736 = ( GEOMETRIC_REPRESENTATION_CONTEXT(2) 
PARAMETRIC_REPRESENTATION_CONTEXT() REPRESENTATION_CONTEXT('2D SPACE',''
  ) );
#10737 = ADVANCED_FACE('',(#10738),#10752,.F.);
#10738 = FACE_BOUND('',#10739,.T.);
#10739 = EDGE_LOOP('',(#10740,#10770,#10792,#10793));
#10740 = ORIENTED_EDGE('',*,*,#10741,.T.);
#10741 = EDGE_CURVE('',#10742,#10744,#10746,.T.);
#10742 = VERTEX_POINT('',#10743);
#10743 = CARTESIAN_POINT('',(123.74922678357,68.7,106.));
#10744 = VERTEX_POINT('',#10745);
#10745 = CARTESIAN_POINT('',(123.74922678357,71.7,106.));
#10746 = SEAM_CURVE('',#10747,(#10751,#10763),.PCURVE_S1.);
#10747 = LINE('',#10748,#10749);
#10748 = CARTESIAN_POINT('',(123.74922678357,68.7,106.));
#10749 = VECTOR('',#10750,1.);
#10750 = DIRECTION('',(0.,1.,-0.));
#10751 = PCURVE('',#10752,#10757);
#10752 = CYLINDRICAL_SURFACE('',#10753,1.3);
#10753 = AXIS2_PLACEMENT_3D('',#10754,#10755,#10756);
#10754 = CARTESIAN_POINT('',(125.04922678357,68.7,106.));
#10755 = DIRECTION('',(-0.,-1.,0.));
#10756 = DIRECTION('',(-1.,0.,0.));
#10757 = DEFINITIONAL_REPRESENTATION('',(#10758),#10762);
#10758 = LINE('',#10759,#10760);
#10759 = CARTESIAN_POINT('',(-0.,0.));
#10760 = VECTOR('',#10761,1.);
#10761 = DIRECTION('',(-0.,-1.));
#10762 = ( GEOMETRIC_REPRESENTATION_CONTEXT(2) 
PARAMETRIC_REPRESENTATION_CONTEXT() REPRESENTATION_CONTEXT('2D SPACE',''
  ) );
#10763 = PCURVE('',#10752,#10764);
#10764 = DEFINITIONAL_REPRESENTATION('',(#10765),#10769);
#10765 = LINE('',#10766,#10767);
#10766 = CARTESIAN_POINT('',(-6.28318530718,0.));
#10767 = VECTOR('',#10768,1.);
#10768 = DIRECTION('',(-0.,-1.));
#10769 = ( GEOMETRIC_REPRESENTATION_CONTEXT(2) 
PARAMETRIC_REPRESENTATION_CONTEXT() REPRESENTATION_CONTEXT('2D SPACE',''
  ) );
#10770 = ORIENTED_EDGE('',*,*,#10771,.T.);
#10771 = EDGE_CURVE('',#10744,#10744,#10772,.T.);
#10772 = SURFACE_CURVE('',#10773,(#10778,#10785),.PCURVE_S1.);
#10773 = CIRCLE('',#10774,1.3);
#10774 = AXIS2_PLACEMENT_3D('',#10775,#10776,#10777);
#10775 = CARTESIAN_POINT('',(125.04922678357,71.7,106.));
#10776 = DIRECTION('',(0.,1.,-0.));
#10777 = DIRECTION('',(-1.,0.,0.));
#10778 = PCURVE('',#10752,#10779);
#10779 = DEFINITIONAL_REPRESENTATION('',(#10780),#10784);
#10780 = LINE('',#10781,#10782);
#10781 = CARTESIAN_POINT('',(-0.,-3.));
#10782 = VECTOR('',#10783,1.);
#10783 = DIRECTION('',(-1.,0.));
#10784 = ( GEOMETRIC_REPRESENTATION_CONTEXT(2) 
PARAMETRIC_REPRESENTATION_CONTEXT() REPRESENTATION_CONTEXT('2D SPACE',''
  ) );
#10785 = PCURVE('',#72,#10786);
#10786 = DEFINITIONAL_REPRESENTATION('',(#10787),#10791);
#10787 = CIRCLE('',#10788,1.3);
#10788 = AXIS2_PLACEMENT_2D('',#10789,#10790);
#10789 = CARTESIAN_POINT('',(-35.04922678357,20.25));
#10790 = DIRECTION('',(1.,0.));
#10791 = ( GEOMETRIC_REPRESENTATION_CONTEXT(2) 
PARAMETRIC_REPRESENTATION_CONTEXT() REPRESENTATION_CONTEXT('2D SPACE',''
  ) );
#10792 = ORIENTED_EDGE('',*,*,#10741,.F.);
#10793 = ORIENTED_EDGE('',*,*,#10794,.F.);
#10794 = EDGE_CURVE('',#10742,#10742,#10795,.T.);
#10795 = SURFACE_CURVE('',#10796,(#10801,#10808),.PCURVE_S1.);
#10796 = CIRCLE('',#10797,1.3);
#10797 = AXIS2_PLACEMENT_3D('',#10798,#10799,#10800);
#10798 = CARTESIAN_POINT('',(125.04922678357,68.7,106.));
#10799 = DIRECTION('',(0.,1.,-0.));
#10800 = DIRECTION('',(-1.,0.,0.));
#10801 = PCURVE('',#10752,#10802);
#10802 = DEFINITIONAL_REPRESENTATION('',(#10803),#10807);
#10803 = LINE('',#10804,#10805);
#10804 = CARTESIAN_POINT('',(-0.,0.));
#10805 = VECTOR('',#10806,1.);
#10806 = DIRECTION('',(-1.,0.));
#10807 = ( GEOMETRIC_REPRESENTATION_CONTEXT(2) 
PARAMETRIC_REPRESENTATION_CONTEXT() REPRESENTATION_CONTEXT('2D SPACE',''
  ) );
#10808 = PCURVE('',#126,#10809);
#10809 = DEFINITIONAL_REPRESENTATION('',(#10810),#10814);
#10810 = CIRCLE('',#10811,1.3);
#10811 = AXIS2_PLACEMENT_2D('',#10812,#10813);
#10812 = CARTESIAN_POINT('',(-35.04922678357,20.25));
#10813 = DIRECTION('',(1.,0.));
#10814 = ( GEOMETRIC_REPRESENTATION_CONTEXT(2) 
PARAMETRIC_REPRESENTATION_CONTEXT() REPRESENTATION_CONTEXT('2D SPACE',''
  ) );
#10815 = ADVANCED_FACE('',(#10816),#10830,.F.);
#10816 = FACE_BOUND('',#10817,.T.);
#10817 = EDGE_LOOP('',(#10818,#10848,#10870,#10871));
#10818 = ORIENTED_EDGE('',*,*,#10819,.T.);
#10819 = EDGE_CURVE('',#10820,#10822,#10824,.T.);
#10820 = VERTEX_POINT('',#10821);
#10821 = CARTESIAN_POINT('',(123.74922678357,68.7,110.8));
#10822 = VERTEX_POINT('',#10823);
#10823 = CARTESIAN_POINT('',(123.74922678357,71.7,110.8));
#10824 = SEAM_CURVE('',#10825,(#10829,#10841),.PCURVE_S1.);
#10825 = LINE('',#10826,#10827);
#10826 = CARTESIAN_POINT('',(123.74922678357,68.7,110.8));
#10827 = VECTOR('',#10828,1.);
#10828 = DIRECTION('',(0.,1.,-0.));
#10829 = PCURVE('',#10830,#10835);
#10830 = CYLINDRICAL_SURFACE('',#10831,1.3);
#10831 = AXIS2_PLACEMENT_3D('',#10832,#10833,#10834);
#10832 = CARTESIAN_POINT('',(125.04922678357,68.7,110.8));
#10833 = DIRECTION('',(-0.,-1.,0.));
#10834 = DIRECTION('',(-1.,0.,0.));
#10835 = DEFINITIONAL_REPRESENTATION('',(#10836),#10840);
#10836 = LINE('',#10837,#10838);
#10837 = CARTESIAN_POINT('',(-0.,0.));
#10838 = VECTOR('',#10839,1.);
#10839 = DIRECTION('',(-0.,-1.));
#10840 = ( GEOMETRIC_REPRESENTATION_CONTEXT(2) 
PARAMETRIC_REPRESENTATION_CONTEXT() REPRESENTATION_CONTEXT('2D SPACE',''
  ) );
#10841 = PCURVE('',#10830,#10842);
#10842 = DEFINITIONAL_REPRESENTATION('',(#10843),#10847);
#10843 = LINE('',#10844,#10845);
#10844 = CARTESIAN_POINT('',(-6.28318530718,0.));
#10845 = VECTOR('',#10846,1.);
#10846 = DIRECTION('',(-0.,-1.));
#10847 = ( GEOMETRIC_REPRESENTATION_CONTEXT(2) 
PARAMETRIC_REPRESENTATION_CONTEXT() REPRESENTATION_CONTEXT('2D SPACE',''
  ) );
#10848 = ORIENTED_EDGE('',*,*,#10849,.T.);
#10849 = EDGE_CURVE('',#10822,#10822,#10850,.T.);
#10850 = SURFACE_CURVE('',#10851,(#10856,#10863),.PCURVE_S1.);
#10851 = CIRCLE('',#10852,1.3);
#10852 = AXIS2_PLACEMENT_3D('',#10853,#10854,#10855);
#10853 = CARTESIAN_POINT('',(125.04922678357,71.7,110.8));
#10854 = DIRECTION('',(0.,1.,-0.));
#10855 = DIRECTION('',(-1.,0.,0.));
#10856 = PCURVE('',#10830,#10857);
#10857 = DEFINITIONAL_REPRESENTATION('',(#10858),#10862);
#10858 = LINE('',#10859,#10860);
#10859 = CARTESIAN_POINT('',(-0.,-3.));
#10860 = VECTOR('',#10861,1.);
#10861 = DIRECTION('',(-1.,0.));
#10862 = ( GEOMETRIC_REPRESENTATION_CONTEXT(2) 
PARAMETRIC_REPRESENTATION_CONTEXT() REPRESENTATION_CONTEXT('2D SPACE',''
  ) );
#10863 = PCURVE('',#72,#10864);
#10864 = DEFINITIONAL_REPRESENTATION('',(#10865),#10869);
#10865 = CIRCLE('',#10866,1.3);
#10866 = AXIS2_PLACEMENT_2D('',#10867,#10868);
#10867 = CARTESIAN_POINT('',(-35.04922678357,25.05));
#10868 = DIRECTION('',(1.,0.));
#10869 = ( GEOMETRIC_REPRESENTATION_CONTEXT(2) 
PARAMETRIC_REPRESENTATION_CONTEXT() REPRESENTATION_CONTEXT('2D SPACE',''
  ) );
#10870 = ORIENTED_EDGE('',*,*,#10819,.F.);
#10871 = ORIENTED_EDGE('',*,*,#10872,.F.);
#10872 = EDGE_CURVE('',#10820,#10820,#10873,.T.);
#10873 = SURFACE_CURVE('',#10874,(#10879,#10886),.PCURVE_S1.);
#10874 = CIRCLE('',#10875,1.3);
#10875 = AXIS2_PLACEMENT_3D('',#10876,#10877,#10878);
#10876 = CARTESIAN_POINT('',(125.04922678357,68.7,110.8));
#10877 = DIRECTION('',(0.,1.,-0.));
#10878 = DIRECTION('',(-1.,0.,0.));
#10879 = PCURVE('',#10830,#10880);
#10880 = DEFINITIONAL_REPRESENTATION('',(#10881),#10885);
#10881 = LINE('',#10882,#10883);
#10882 = CARTESIAN_POINT('',(-0.,0.));
#10883 = VECTOR('',#10884,1.);
#10884 = DIRECTION('',(-1.,0.));
#10885 = ( GEOMETRIC_REPRESENTATION_CONTEXT(2) 
PARAMETRIC_REPRESENTATION_CONTEXT() REPRESENTATION_CONTEXT('2D SPACE',''
  ) );
#10886 = PCURVE('',#126,#10887);
#10887 = DEFINITIONAL_REPRESENTATION('',(#10888),#10892);
#10888 = CIRCLE('',#10889,1.3);
#10889 = AXIS2_PLACEMENT_2D('',#10890,#10891);
#10890 = CARTESIAN_POINT('',(-35.04922678357,25.05));
#10891 = DIRECTION('',(1.,0.));
#10892 = ( GEOMETRIC_REPRESENTATION_CONTEXT(2) 
PARAMETRIC_REPRESENTATION_CONTEXT() REPRESENTATION_CONTEXT('2D SPACE',''
  ) );
#10893 = ADVANCED_FACE('',(#10894),#10908,.F.);
#10894 = FACE_BOUND('',#10895,.T.);
#10895 = EDGE_LOOP('',(#10896,#10926,#10948,#10949));
#10896 = ORIENTED_EDGE('',*,*,#10897,.T.);
#10897 = EDGE_CURVE('',#10898,#10900,#10902,.T.);
#10898 = VERTEX_POINT('',#10899);
#10899 = CARTESIAN_POINT('',(127.90614872174,68.7,113.2));
#10900 = VERTEX_POINT('',#10901);
#10901 = CARTESIAN_POINT('',(127.90614872174,71.7,113.2));
#10902 = SEAM_CURVE('',#10903,(#10907,#10919),.PCURVE_S1.);
#10903 = LINE('',#10904,#10905);
#10904 = CARTESIAN_POINT('',(127.90614872174,68.7,113.2));
#10905 = VECTOR('',#10906,1.);
#10906 = DIRECTION('',(0.,1.,-0.));
#10907 = PCURVE('',#10908,#10913);
#10908 = CYLINDRICAL_SURFACE('',#10909,1.3);
#10909 = AXIS2_PLACEMENT_3D('',#10910,#10911,#10912);
#10910 = CARTESIAN_POINT('',(129.20614872174,68.7,113.2));
#10911 = DIRECTION('',(-0.,-1.,0.));
#10912 = DIRECTION('',(-1.,0.,0.));
#10913 = DEFINITIONAL_REPRESENTATION('',(#10914),#10918);
#10914 = LINE('',#10915,#10916);
#10915 = CARTESIAN_POINT('',(-0.,0.));
#10916 = VECTOR('',#10917,1.);
#10917 = DIRECTION('',(-0.,-1.));
#10918 = ( GEOMETRIC_REPRESENTATION_CONTEXT(2) 
PARAMETRIC_REPRESENTATION_CONTEXT() REPRESENTATION_CONTEXT('2D SPACE',''
  ) );
#10919 = PCURVE('',#10908,#10920);
#10920 = DEFINITIONAL_REPRESENTATION('',(#10921),#10925);
#10921 = LINE('',#10922,#10923);
#10922 = CARTESIAN_POINT('',(-6.28318530718,0.));
#10923 = VECTOR('',#10924,1.);
#10924 = DIRECTION('',(-0.,-1.));
#10925 = ( GEOMETRIC_REPRESENTATION_CONTEXT(2) 
PARAMETRIC_REPRESENTATION_CONTEXT() REPRESENTATION_CONTEXT('2D SPACE',''
  ) );
#10926 = ORIENTED_EDGE('',*,*,#10927,.T.);
#10927 = EDGE_CURVE('',#10900,#10900,#10928,.T.);
#10928 = SURFACE_CURVE('',#10929,(#10934,#10941),.PCURVE_S1.);
#10929 = CIRCLE('',#10930,1.3);
#10930 = AXIS2_PLACEMENT_3D('',#10931,#10932,#10933);
#10931 = CARTESIAN_POINT('',(129.20614872174,71.7,113.2));
#10932 = DIRECTION('',(0.,1.,-0.));
#10933 = DIRECTION('',(-1.,0.,0.));
#10934 = PCURVE('',#10908,#10935);
#10935 = DEFINITIONAL_REPRESENTATION('',(#10936),#10940);
#10936 = LINE('',#10937,#10938);
#10937 = CARTESIAN_POINT('',(-0.,-3.));
#10938 = VECTOR('',#10939,1.);
#10939 = DIRECTION('',(-1.,0.));
#10940 = ( GEOMETRIC_REPRESENTATION_CONTEXT(2) 
PARAMETRIC_REPRESENTATION_CONTEXT() REPRESENTATION_CONTEXT('2D SPACE',''
  ) );
#10941 = PCURVE('',#72,#10942);
#10942 = DEFINITIONAL_REPRESENTATION('',(#10943),#10947);
#10943 = CIRCLE('',#10944,1.3);
#10944 = AXIS2_PLACEMENT_2D('',#10945,#10946);
#10945 = CARTESIAN_POINT('',(-39.20614872174,27.45));
#10946 = DIRECTION('',(1.,0.));
#10947 = ( GEOMETRIC_REPRESENTATION_CONTEXT(2) 
PARAMETRIC_REPRESENTATION_CONTEXT() REPRESENTATION_CONTEXT('2D SPACE',''
  ) );
#10948 = ORIENTED_EDGE('',*,*,#10897,.F.);
#10949 = ORIENTED_EDGE('',*,*,#10950,.F.);
#10950 = EDGE_CURVE('',#10898,#10898,#10951,.T.);
#10951 = SURFACE_CURVE('',#10952,(#10957,#10964),.PCURVE_S1.);
#10952 = CIRCLE('',#10953,1.3);
#10953 = AXIS2_PLACEMENT_3D('',#10954,#10955,#10956);
#10954 = CARTESIAN_POINT('',(129.20614872174,68.7,113.2));
#10955 = DIRECTION('',(0.,1.,-0.));
#10956 = DIRECTION('',(-1.,0.,0.));
#10957 = PCURVE('',#10908,#10958);
#10958 = DEFINITIONAL_REPRESENTATION('',(#10959),#10963);
#10959 = LINE('',#10960,#10961);
#10960 = CARTESIAN_POINT('',(-0.,0.));
#10961 = VECTOR('',#10962,1.);
#10962 = DIRECTION('',(-1.,0.));
#10963 = ( GEOMETRIC_REPRESENTATION_CONTEXT(2) 
PARAMETRIC_REPRESENTATION_CONTEXT() REPRESENTATION_CONTEXT('2D SPACE',''
  ) );
#10964 = PCURVE('',#126,#10965);
#10965 = DEFINITIONAL_REPRESENTATION('',(#10966),#10970);
#10966 = CIRCLE('',#10967,1.3);
#10967 = AXIS2_PLACEMENT_2D('',#10968,#10969);
#10968 = CARTESIAN_POINT('',(-39.20614872174,27.45));
#10969 = DIRECTION('',(1.,0.));
#10970 = ( GEOMETRIC_REPRESENTATION_CONTEXT(2) 
PARAMETRIC_REPRESENTATION_CONTEXT() REPRESENTATION_CONTEXT('2D SPACE',''
  ) );
#10971 = ADVANCED_FACE('',(#10972),#10986,.F.);
#10972 = FACE_BOUND('',#10973,.T.);
#10973 = EDGE_LOOP('',(#10974,#11004,#11026,#11027));
#10974 = ORIENTED_EDGE('',*,*,#10975,.T.);
#10975 = EDGE_CURVE('',#10976,#10978,#10980,.T.);
#10976 = VERTEX_POINT('',#10977);
#10977 = CARTESIAN_POINT('',(123.74922678357,68.7,115.6));
#10978 = VERTEX_POINT('',#10979);
#10979 = CARTESIAN_POINT('',(123.74922678357,71.7,115.6));
#10980 = SEAM_CURVE('',#10981,(#10985,#10997),.PCURVE_S1.);
#10981 = LINE('',#10982,#10983);
#10982 = CARTESIAN_POINT('',(123.74922678357,68.7,115.6));
#10983 = VECTOR('',#10984,1.);
#10984 = DIRECTION('',(0.,1.,-0.));
#10985 = PCURVE('',#10986,#10991);
#10986 = CYLINDRICAL_SURFACE('',#10987,1.3);
#10987 = AXIS2_PLACEMENT_3D('',#10988,#10989,#10990);
#10988 = CARTESIAN_POINT('',(125.04922678357,68.7,115.6));
#10989 = DIRECTION('',(-0.,-1.,0.));
#10990 = DIRECTION('',(-1.,0.,0.));
#10991 = DEFINITIONAL_REPRESENTATION('',(#10992),#10996);
#10992 = LINE('',#10993,#10994);
#10993 = CARTESIAN_POINT('',(-0.,0.));
#10994 = VECTOR('',#10995,1.);
#10995 = DIRECTION('',(-0.,-1.));
#10996 = ( GEOMETRIC_REPRESENTATION_CONTEXT(2) 
PARAMETRIC_REPRESENTATION_CONTEXT() REPRESENTATION_CONTEXT('2D SPACE',''
  ) );
#10997 = PCURVE('',#10986,#10998);
#10998 = DEFINITIONAL_REPRESENTATION('',(#10999),#11003);
#10999 = LINE('',#11000,#11001);
#11000 = CARTESIAN_POINT('',(-6.28318530718,0.));
#11001 = VECTOR('',#11002,1.);
#11002 = DIRECTION('',(-0.,-1.));
#11003 = ( GEOMETRIC_REPRESENTATION_CONTEXT(2) 
PARAMETRIC_REPRESENTATION_CONTEXT() REPRESENTATION_CONTEXT('2D SPACE',''
  ) );
#11004 = ORIENTED_EDGE('',*,*,#11005,.T.);
#11005 = EDGE_CURVE('',#10978,#10978,#11006,.T.);
#11006 = SURFACE_CURVE('',#11007,(#11012,#11019),.PCURVE_S1.);
#11007 = CIRCLE('',#11008,1.3);
#11008 = AXIS2_PLACEMENT_3D('',#11009,#11010,#11011);
#11009 = CARTESIAN_POINT('',(125.04922678357,71.7,115.6));
#11010 = DIRECTION('',(0.,1.,-0.));
#11011 = DIRECTION('',(-1.,0.,0.));
#11012 = PCURVE('',#10986,#11013);
#11013 = DEFINITIONAL_REPRESENTATION('',(#11014),#11018);
#11014 = LINE('',#11015,#11016);
#11015 = CARTESIAN_POINT('',(-0.,-3.));
#11016 = VECTOR('',#11017,1.);
#11017 = DIRECTION('',(-1.,0.));
#11018 = ( GEOMETRIC_REPRESENTATION_CONTEXT(2) 
PARAMETRIC_REPRESENTATION_CONTEXT() REPRESENTATION_CONTEXT('2D SPACE',''
  ) );
#11019 = PCURVE('',#72,#11020);
#11020 = DEFINITIONAL_REPRESENTATION('',(#11021),#11025);
#11021 = CIRCLE('',#11022,1.3);
#11022 = AXIS2_PLACEMENT_2D('',#11023,#11024);
#11023 = CARTESIAN_POINT('',(-35.04922678357,29.85));
#11024 = DIRECTION('',(1.,0.));
#11025 = ( GEOMETRIC_REPRESENTATION_CONTEXT(2) 
PARAMETRIC_REPRESENTATION_CONTEXT() REPRESENTATION_CONTEXT('2D SPACE',''
  ) );
#11026 = ORIENTED_EDGE('',*,*,#10975,.F.);
#11027 = ORIENTED_EDGE('',*,*,#11028,.F.);
#11028 = EDGE_CURVE('',#10976,#10976,#11029,.T.);
#11029 = SURFACE_CURVE('',#11030,(#11035,#11042),.PCURVE_S1.);
#11030 = CIRCLE('',#11031,1.3);
#11031 = AXIS2_PLACEMENT_3D('',#11032,#11033,#11034);
#11032 = CARTESIAN_POINT('',(125.04922678357,68.7,115.6));
#11033 = DIRECTION('',(0.,1.,-0.));
#11034 = DIRECTION('',(-1.,0.,0.));
#11035 = PCURVE('',#10986,#11036);
#11036 = DEFINITIONAL_REPRESENTATION('',(#11037),#11041);
#11037 = LINE('',#11038,#11039);
#11038 = CARTESIAN_POINT('',(-0.,0.));
#11039 = VECTOR('',#11040,1.);
#11040 = DIRECTION('',(-1.,0.));
#11041 = ( GEOMETRIC_REPRESENTATION_CONTEXT(2) 
PARAMETRIC_REPRESENTATION_CONTEXT() REPRESENTATION_CONTEXT('2D SPACE',''
  ) );
#11042 = PCURVE('',#126,#11043);
#11043 = DEFINITIONAL_REPRESENTATION('',(#11044),#11048);
#11044 = CIRCLE('',#11045,1.3);
#11045 = AXIS2_PLACEMENT_2D('',#11046,#11047);
#11046 = CARTESIAN_POINT('',(-35.04922678357,29.85));
#11047 = DIRECTION('',(1.,0.));
#11048 = ( GEOMETRIC_REPRESENTATION_CONTEXT(2) 
PARAMETRIC_REPRESENTATION_CONTEXT() REPRESENTATION_CONTEXT('2D SPACE',''
  ) );
#11049 = ADVANCED_FACE('',(#11050),#11064,.F.);
#11050 = FACE_BOUND('',#11051,.T.);
#11051 = EDGE_LOOP('',(#11052,#11082,#11104,#11105));
#11052 = ORIENTED_EDGE('',*,*,#11053,.T.);
#11053 = EDGE_CURVE('',#11054,#11056,#11058,.T.);
#11054 = VERTEX_POINT('',#11055);
#11055 = CARTESIAN_POINT('',(115.43538290724,68.7,106.));
#11056 = VERTEX_POINT('',#11057);
#11057 = CARTESIAN_POINT('',(115.43538290724,71.7,106.));
#11058 = SEAM_CURVE('',#11059,(#11063,#11075),.PCURVE_S1.);
#11059 = LINE('',#11060,#11061);
#11060 = CARTESIAN_POINT('',(115.43538290724,68.7,106.));
#11061 = VECTOR('',#11062,1.);
#11062 = DIRECTION('',(0.,1.,-0.));
#11063 = PCURVE('',#11064,#11069);
#11064 = CYLINDRICAL_SURFACE('',#11065,1.3);
#11065 = AXIS2_PLACEMENT_3D('',#11066,#11067,#11068);
#11066 = CARTESIAN_POINT('',(116.73538290724,68.7,106.));
#11067 = DIRECTION('',(-0.,-1.,0.));
#11068 = DIRECTION('',(-1.,0.,0.));
#11069 = DEFINITIONAL_REPRESENTATION('',(#11070),#11074);
#11070 = LINE('',#11071,#11072);
#11071 = CARTESIAN_POINT('',(-0.,0.));
#11072 = VECTOR('',#11073,1.);
#11073 = DIRECTION('',(-0.,-1.));
#11074 = ( GEOMETRIC_REPRESENTATION_CONTEXT(2) 
PARAMETRIC_REPRESENTATION_CONTEXT() REPRESENTATION_CONTEXT('2D SPACE',''
  ) );
#11075 = PCURVE('',#11064,#11076);
#11076 = DEFINITIONAL_REPRESENTATION('',(#11077),#11081);
#11077 = LINE('',#11078,#11079);
#11078 = CARTESIAN_POINT('',(-6.28318530718,0.));
#11079 = VECTOR('',#11080,1.);
#11080 = DIRECTION('',(-0.,-1.));
#11081 = ( GEOMETRIC_REPRESENTATION_CONTEXT(2) 
PARAMETRIC_REPRESENTATION_CONTEXT() REPRESENTATION_CONTEXT('2D SPACE',''
  ) );
#11082 = ORIENTED_EDGE('',*,*,#11083,.T.);
#11083 = EDGE_CURVE('',#11056,#11056,#11084,.T.);
#11084 = SURFACE_CURVE('',#11085,(#11090,#11097),.PCURVE_S1.);
#11085 = CIRCLE('',#11086,1.3);
#11086 = AXIS2_PLACEMENT_3D('',#11087,#11088,#11089);
#11087 = CARTESIAN_POINT('',(116.73538290724,71.7,106.));
#11088 = DIRECTION('',(0.,1.,-0.));
#11089 = DIRECTION('',(-1.,0.,0.));
#11090 = PCURVE('',#11064,#11091);
#11091 = DEFINITIONAL_REPRESENTATION('',(#11092),#11096);
#11092 = LINE('',#11093,#11094);
#11093 = CARTESIAN_POINT('',(-0.,-3.));
#11094 = VECTOR('',#11095,1.);
#11095 = DIRECTION('',(-1.,0.));
#11096 = ( GEOMETRIC_REPRESENTATION_CONTEXT(2) 
PARAMETRIC_REPRESENTATION_CONTEXT() REPRESENTATION_CONTEXT('2D SPACE',''
  ) );
#11097 = PCURVE('',#72,#11098);
#11098 = DEFINITIONAL_REPRESENTATION('',(#11099),#11103);
#11099 = CIRCLE('',#11100,1.3);
#11100 = AXIS2_PLACEMENT_2D('',#11101,#11102);
#11101 = CARTESIAN_POINT('',(-26.73538290724,20.25));
#11102 = DIRECTION('',(1.,0.));
#11103 = ( GEOMETRIC_REPRESENTATION_CONTEXT(2) 
PARAMETRIC_REPRESENTATION_CONTEXT() REPRESENTATION_CONTEXT('2D SPACE',''
  ) );
#11104 = ORIENTED_EDGE('',*,*,#11053,.F.);
#11105 = ORIENTED_EDGE('',*,*,#11106,.F.);
#11106 = EDGE_CURVE('',#11054,#11054,#11107,.T.);
#11107 = SURFACE_CURVE('',#11108,(#11113,#11120),.PCURVE_S1.);
#11108 = CIRCLE('',#11109,1.3);
#11109 = AXIS2_PLACEMENT_3D('',#11110,#11111,#11112);
#11110 = CARTESIAN_POINT('',(116.73538290724,68.7,106.));
#11111 = DIRECTION('',(0.,1.,-0.));
#11112 = DIRECTION('',(-1.,0.,0.));
#11113 = PCURVE('',#11064,#11114);
#11114 = DEFINITIONAL_REPRESENTATION('',(#11115),#11119);
#11115 = LINE('',#11116,#11117);
#11116 = CARTESIAN_POINT('',(-0.,0.));
#11117 = VECTOR('',#11118,1.);
#11118 = DIRECTION('',(-1.,0.));
#11119 = ( GEOMETRIC_REPRESENTATION_CONTEXT(2) 
PARAMETRIC_REPRESENTATION_CONTEXT() REPRESENTATION_CONTEXT('2D SPACE',''
  ) );
#11120 = PCURVE('',#126,#11121);
#11121 = DEFINITIONAL_REPRESENTATION('',(#11122),#11126);
#11122 = CIRCLE('',#11123,1.3);
#11123 = AXIS2_PLACEMENT_2D('',#11124,#11125);
#11124 = CARTESIAN_POINT('',(-26.73538290724,20.25));
#11125 = DIRECTION('',(1.,0.));
#11126 = ( GEOMETRIC_REPRESENTATION_CONTEXT(2) 
PARAMETRIC_REPRESENTATION_CONTEXT() REPRESENTATION_CONTEXT('2D SPACE',''
  ) );
#11127 = ADVANCED_FACE('',(#11128),#11142,.F.);
#11128 = FACE_BOUND('',#11129,.T.);
#11129 = EDGE_LOOP('',(#11130,#11160,#11182,#11183));
#11130 = ORIENTED_EDGE('',*,*,#11131,.T.);
#11131 = EDGE_CURVE('',#11132,#11134,#11136,.T.);
#11132 = VERTEX_POINT('',#11133);
#11133 = CARTESIAN_POINT('',(119.59230484541,68.7,108.4));
#11134 = VERTEX_POINT('',#11135);
#11135 = CARTESIAN_POINT('',(119.59230484541,71.7,108.4));
#11136 = SEAM_CURVE('',#11137,(#11141,#11153),.PCURVE_S1.);
#11137 = LINE('',#11138,#11139);
#11138 = CARTESIAN_POINT('',(119.59230484541,68.7,108.4));
#11139 = VECTOR('',#11140,1.);
#11140 = DIRECTION('',(0.,1.,-0.));
#11141 = PCURVE('',#11142,#11147);
#11142 = CYLINDRICAL_SURFACE('',#11143,1.3);
#11143 = AXIS2_PLACEMENT_3D('',#11144,#11145,#11146);
#11144 = CARTESIAN_POINT('',(120.89230484541,68.7,108.4));
#11145 = DIRECTION('',(-0.,-1.,0.));
#11146 = DIRECTION('',(-1.,0.,0.));
#11147 = DEFINITIONAL_REPRESENTATION('',(#11148),#11152);
#11148 = LINE('',#11149,#11150);
#11149 = CARTESIAN_POINT('',(-0.,0.));
#11150 = VECTOR('',#11151,1.);
#11151 = DIRECTION('',(-0.,-1.));
#11152 = ( GEOMETRIC_REPRESENTATION_CONTEXT(2) 
PARAMETRIC_REPRESENTATION_CONTEXT() REPRESENTATION_CONTEXT('2D SPACE',''
  ) );
#11153 = PCURVE('',#11142,#11154);
#11154 = DEFINITIONAL_REPRESENTATION('',(#11155),#11159);
#11155 = LINE('',#11156,#11157);
#11156 = CARTESIAN_POINT('',(-6.28318530718,0.));
#11157 = VECTOR('',#11158,1.);
#11158 = DIRECTION('',(-0.,-1.));
#11159 = ( GEOMETRIC_REPRESENTATION_CONTEXT(2) 
PARAMETRIC_REPRESENTATION_CONTEXT() REPRESENTATION_CONTEXT('2D SPACE',''
  ) );
#11160 = ORIENTED_EDGE('',*,*,#11161,.T.);
#11161 = EDGE_CURVE('',#11134,#11134,#11162,.T.);
#11162 = SURFACE_CURVE('',#11163,(#11168,#11175),.PCURVE_S1.);
#11163 = CIRCLE('',#11164,1.3);
#11164 = AXIS2_PLACEMENT_3D('',#11165,#11166,#11167);
#11165 = CARTESIAN_POINT('',(120.89230484541,71.7,108.4));
#11166 = DIRECTION('',(0.,1.,-0.));
#11167 = DIRECTION('',(-1.,0.,0.));
#11168 = PCURVE('',#11142,#11169);
#11169 = DEFINITIONAL_REPRESENTATION('',(#11170),#11174);
#11170 = LINE('',#11171,#11172);
#11171 = CARTESIAN_POINT('',(-0.,-3.));
#11172 = VECTOR('',#11173,1.);
#11173 = DIRECTION('',(-1.,0.));
#11174 = ( GEOMETRIC_REPRESENTATION_CONTEXT(2) 
PARAMETRIC_REPRESENTATION_CONTEXT() REPRESENTATION_CONTEXT('2D SPACE',''
  ) );
#11175 = PCURVE('',#72,#11176);
#11176 = DEFINITIONAL_REPRESENTATION('',(#11177),#11181);
#11177 = CIRCLE('',#11178,1.3);
#11178 = AXIS2_PLACEMENT_2D('',#11179,#11180);
#11179 = CARTESIAN_POINT('',(-30.89230484541,22.65));
#11180 = DIRECTION('',(1.,0.));
#11181 = ( GEOMETRIC_REPRESENTATION_CONTEXT(2) 
PARAMETRIC_REPRESENTATION_CONTEXT() REPRESENTATION_CONTEXT('2D SPACE',''
  ) );
#11182 = ORIENTED_EDGE('',*,*,#11131,.F.);
#11183 = ORIENTED_EDGE('',*,*,#11184,.F.);
#11184 = EDGE_CURVE('',#11132,#11132,#11185,.T.);
#11185 = SURFACE_CURVE('',#11186,(#11191,#11198),.PCURVE_S1.);
#11186 = CIRCLE('',#11187,1.3);
#11187 = AXIS2_PLACEMENT_3D('',#11188,#11189,#11190);
#11188 = CARTESIAN_POINT('',(120.89230484541,68.7,108.4));
#11189 = DIRECTION('',(0.,1.,-0.));
#11190 = DIRECTION('',(-1.,0.,0.));
#11191 = PCURVE('',#11142,#11192);
#11192 = DEFINITIONAL_REPRESENTATION('',(#11193),#11197);
#11193 = LINE('',#11194,#11195);
#11194 = CARTESIAN_POINT('',(-0.,0.));
#11195 = VECTOR('',#11196,1.);
#11196 = DIRECTION('',(-1.,0.));
#11197 = ( GEOMETRIC_REPRESENTATION_CONTEXT(2) 
PARAMETRIC_REPRESENTATION_CONTEXT() REPRESENTATION_CONTEXT('2D SPACE',''
  ) );
#11198 = PCURVE('',#126,#11199);
#11199 = DEFINITIONAL_REPRESENTATION('',(#11200),#11204);
#11200 = CIRCLE('',#11201,1.3);
#11201 = AXIS2_PLACEMENT_2D('',#11202,#11203);
#11202 = CARTESIAN_POINT('',(-30.89230484541,22.65));
#11203 = DIRECTION('',(1.,0.));
#11204 = ( GEOMETRIC_REPRESENTATION_CONTEXT(2) 
PARAMETRIC_REPRESENTATION_CONTEXT() REPRESENTATION_CONTEXT('2D SPACE',''
  ) );
#11205 = ADVANCED_FACE('',(#11206),#11220,.F.);
#11206 = FACE_BOUND('',#11207,.T.);
#11207 = EDGE_LOOP('',(#11208,#11238,#11260,#11261));
#11208 = ORIENTED_EDGE('',*,*,#11209,.T.);
#11209 = EDGE_CURVE('',#11210,#11212,#11214,.T.);
#11210 = VERTEX_POINT('',#11211);
#11211 = CARTESIAN_POINT('',(115.43538290724,68.7,110.8));
#11212 = VERTEX_POINT('',#11213);
#11213 = CARTESIAN_POINT('',(115.43538290724,71.7,110.8));
#11214 = SEAM_CURVE('',#11215,(#11219,#11231),.PCURVE_S1.);
#11215 = LINE('',#11216,#11217);
#11216 = CARTESIAN_POINT('',(115.43538290724,68.7,110.8));
#11217 = VECTOR('',#11218,1.);
#11218 = DIRECTION('',(0.,1.,-0.));
#11219 = PCURVE('',#11220,#11225);
#11220 = CYLINDRICAL_SURFACE('',#11221,1.3);
#11221 = AXIS2_PLACEMENT_3D('',#11222,#11223,#11224);
#11222 = CARTESIAN_POINT('',(116.73538290724,68.7,110.8));
#11223 = DIRECTION('',(-0.,-1.,0.));
#11224 = DIRECTION('',(-1.,0.,0.));
#11225 = DEFINITIONAL_REPRESENTATION('',(#11226),#11230);
#11226 = LINE('',#11227,#11228);
#11227 = CARTESIAN_POINT('',(-0.,0.));
#11228 = VECTOR('',#11229,1.);
#11229 = DIRECTION('',(-0.,-1.));
#11230 = ( GEOMETRIC_REPRESENTATION_CONTEXT(2) 
PARAMETRIC_REPRESENTATION_CONTEXT() REPRESENTATION_CONTEXT('2D SPACE',''
  ) );
#11231 = PCURVE('',#11220,#11232);
#11232 = DEFINITIONAL_REPRESENTATION('',(#11233),#11237);
#11233 = LINE('',#11234,#11235);
#11234 = CARTESIAN_POINT('',(-6.28318530718,0.));
#11235 = VECTOR('',#11236,1.);
#11236 = DIRECTION('',(-0.,-1.));
#11237 = ( GEOMETRIC_REPRESENTATION_CONTEXT(2) 
PARAMETRIC_REPRESENTATION_CONTEXT() REPRESENTATION_CONTEXT('2D SPACE',''
  ) );
#11238 = ORIENTED_EDGE('',*,*,#11239,.T.);
#11239 = EDGE_CURVE('',#11212,#11212,#11240,.T.);
#11240 = SURFACE_CURVE('',#11241,(#11246,#11253),.PCURVE_S1.);
#11241 = CIRCLE('',#11242,1.3);
#11242 = AXIS2_PLACEMENT_3D('',#11243,#11244,#11245);
#11243 = CARTESIAN_POINT('',(116.73538290724,71.7,110.8));
#11244 = DIRECTION('',(0.,1.,-0.));
#11245 = DIRECTION('',(-1.,0.,0.));
#11246 = PCURVE('',#11220,#11247);
#11247 = DEFINITIONAL_REPRESENTATION('',(#11248),#11252);
#11248 = LINE('',#11249,#11250);
#11249 = CARTESIAN_POINT('',(-0.,-3.));
#11250 = VECTOR('',#11251,1.);
#11251 = DIRECTION('',(-1.,0.));
#11252 = ( GEOMETRIC_REPRESENTATION_CONTEXT(2) 
PARAMETRIC_REPRESENTATION_CONTEXT() REPRESENTATION_CONTEXT('2D SPACE',''
  ) );
#11253 = PCURVE('',#72,#11254);
#11254 = DEFINITIONAL_REPRESENTATION('',(#11255),#11259);
#11255 = CIRCLE('',#11256,1.3);
#11256 = AXIS2_PLACEMENT_2D('',#11257,#11258);
#11257 = CARTESIAN_POINT('',(-26.73538290724,25.05));
#11258 = DIRECTION('',(1.,0.));
#11259 = ( GEOMETRIC_REPRESENTATION_CONTEXT(2) 
PARAMETRIC_REPRESENTATION_CONTEXT() REPRESENTATION_CONTEXT('2D SPACE',''
  ) );
#11260 = ORIENTED_EDGE('',*,*,#11209,.F.);
#11261 = ORIENTED_EDGE('',*,*,#11262,.F.);
#11262 = EDGE_CURVE('',#11210,#11210,#11263,.T.);
#11263 = SURFACE_CURVE('',#11264,(#11269,#11276),.PCURVE_S1.);
#11264 = CIRCLE('',#11265,1.3);
#11265 = AXIS2_PLACEMENT_3D('',#11266,#11267,#11268);
#11266 = CARTESIAN_POINT('',(116.73538290724,68.7,110.8));
#11267 = DIRECTION('',(0.,1.,-0.));
#11268 = DIRECTION('',(-1.,0.,0.));
#11269 = PCURVE('',#11220,#11270);
#11270 = DEFINITIONAL_REPRESENTATION('',(#11271),#11275);
#11271 = LINE('',#11272,#11273);
#11272 = CARTESIAN_POINT('',(-0.,0.));
#11273 = VECTOR('',#11274,1.);
#11274 = DIRECTION('',(-1.,0.));
#11275 = ( GEOMETRIC_REPRESENTATION_CONTEXT(2) 
PARAMETRIC_REPRESENTATION_CONTEXT() REPRESENTATION_CONTEXT('2D SPACE',''
  ) );
#11276 = PCURVE('',#126,#11277);
#11277 = DEFINITIONAL_REPRESENTATION('',(#11278),#11282);
#11278 = CIRCLE('',#11279,1.3);
#11279 = AXIS2_PLACEMENT_2D('',#11280,#11281);
#11280 = CARTESIAN_POINT('',(-26.73538290724,25.05));
#11281 = DIRECTION('',(1.,0.));
#11282 = ( GEOMETRIC_REPRESENTATION_CONTEXT(2) 
PARAMETRIC_REPRESENTATION_CONTEXT() REPRESENTATION_CONTEXT('2D SPACE',''
  ) );
#11283 = ADVANCED_FACE('',(#11284),#11298,.F.);
#11284 = FACE_BOUND('',#11285,.T.);
#11285 = EDGE_LOOP('',(#11286,#11316,#11338,#11339));
#11286 = ORIENTED_EDGE('',*,*,#11287,.T.);
#11287 = EDGE_CURVE('',#11288,#11290,#11292,.T.);
#11288 = VERTEX_POINT('',#11289);
#11289 = CARTESIAN_POINT('',(111.27846096908,68.7,108.4));
#11290 = VERTEX_POINT('',#11291);
#11291 = CARTESIAN_POINT('',(111.27846096908,71.7,108.4));
#11292 = SEAM_CURVE('',#11293,(#11297,#11309),.PCURVE_S1.);
#11293 = LINE('',#11294,#11295);
#11294 = CARTESIAN_POINT('',(111.27846096908,68.7,108.4));
#11295 = VECTOR('',#11296,1.);
#11296 = DIRECTION('',(0.,1.,-0.));
#11297 = PCURVE('',#11298,#11303);
#11298 = CYLINDRICAL_SURFACE('',#11299,1.3);
#11299 = AXIS2_PLACEMENT_3D('',#11300,#11301,#11302);
#11300 = CARTESIAN_POINT('',(112.57846096908,68.7,108.4));
#11301 = DIRECTION('',(-0.,-1.,0.));
#11302 = DIRECTION('',(-1.,0.,0.));
#11303 = DEFINITIONAL_REPRESENTATION('',(#11304),#11308);
#11304 = LINE('',#11305,#11306);
#11305 = CARTESIAN_POINT('',(-0.,0.));
#11306 = VECTOR('',#11307,1.);
#11307 = DIRECTION('',(-0.,-1.));
#11308 = ( GEOMETRIC_REPRESENTATION_CONTEXT(2) 
PARAMETRIC_REPRESENTATION_CONTEXT() REPRESENTATION_CONTEXT('2D SPACE',''
  ) );
#11309 = PCURVE('',#11298,#11310);
#11310 = DEFINITIONAL_REPRESENTATION('',(#11311),#11315);
#11311 = LINE('',#11312,#11313);
#11312 = CARTESIAN_POINT('',(-6.28318530718,0.));
#11313 = VECTOR('',#11314,1.);
#11314 = DIRECTION('',(-0.,-1.));
#11315 = ( GEOMETRIC_REPRESENTATION_CONTEXT(2) 
PARAMETRIC_REPRESENTATION_CONTEXT() REPRESENTATION_CONTEXT('2D SPACE',''
  ) );
#11316 = ORIENTED_EDGE('',*,*,#11317,.T.);
#11317 = EDGE_CURVE('',#11290,#11290,#11318,.T.);
#11318 = SURFACE_CURVE('',#11319,(#11324,#11331),.PCURVE_S1.);
#11319 = CIRCLE('',#11320,1.3);
#11320 = AXIS2_PLACEMENT_3D('',#11321,#11322,#11323);
#11321 = CARTESIAN_POINT('',(112.57846096908,71.7,108.4));
#11322 = DIRECTION('',(0.,1.,-0.));
#11323 = DIRECTION('',(-1.,0.,0.));
#11324 = PCURVE('',#11298,#11325);
#11325 = DEFINITIONAL_REPRESENTATION('',(#11326),#11330);
#11326 = LINE('',#11327,#11328);
#11327 = CARTESIAN_POINT('',(-0.,-3.));
#11328 = VECTOR('',#11329,1.);
#11329 = DIRECTION('',(-1.,0.));
#11330 = ( GEOMETRIC_REPRESENTATION_CONTEXT(2) 
PARAMETRIC_REPRESENTATION_CONTEXT() REPRESENTATION_CONTEXT('2D SPACE',''
  ) );
#11331 = PCURVE('',#72,#11332);
#11332 = DEFINITIONAL_REPRESENTATION('',(#11333),#11337);
#11333 = CIRCLE('',#11334,1.3);
#11334 = AXIS2_PLACEMENT_2D('',#11335,#11336);
#11335 = CARTESIAN_POINT('',(-22.57846096908,22.65));
#11336 = DIRECTION('',(1.,0.));
#11337 = ( GEOMETRIC_REPRESENTATION_CONTEXT(2) 
PARAMETRIC_REPRESENTATION_CONTEXT() REPRESENTATION_CONTEXT('2D SPACE',''
  ) );
#11338 = ORIENTED_EDGE('',*,*,#11287,.F.);
#11339 = ORIENTED_EDGE('',*,*,#11340,.F.);
#11340 = EDGE_CURVE('',#11288,#11288,#11341,.T.);
#11341 = SURFACE_CURVE('',#11342,(#11347,#11354),.PCURVE_S1.);
#11342 = CIRCLE('',#11343,1.3);
#11343 = AXIS2_PLACEMENT_3D('',#11344,#11345,#11346);
#11344 = CARTESIAN_POINT('',(112.57846096908,68.7,108.4));
#11345 = DIRECTION('',(0.,1.,-0.));
#11346 = DIRECTION('',(-1.,0.,0.));
#11347 = PCURVE('',#11298,#11348);
#11348 = DEFINITIONAL_REPRESENTATION('',(#11349),#11353);
#11349 = LINE('',#11350,#11351);
#11350 = CARTESIAN_POINT('',(-0.,0.));
#11351 = VECTOR('',#11352,1.);
#11352 = DIRECTION('',(-1.,0.));
#11353 = ( GEOMETRIC_REPRESENTATION_CONTEXT(2) 
PARAMETRIC_REPRESENTATION_CONTEXT() REPRESENTATION_CONTEXT('2D SPACE',''
  ) );
#11354 = PCURVE('',#126,#11355);
#11355 = DEFINITIONAL_REPRESENTATION('',(#11356),#11360);
#11356 = CIRCLE('',#11357,1.3);
#11357 = AXIS2_PLACEMENT_2D('',#11358,#11359);
#11358 = CARTESIAN_POINT('',(-22.57846096908,22.65));
#11359 = DIRECTION('',(1.,0.));
#11360 = ( GEOMETRIC_REPRESENTATION_CONTEXT(2) 
PARAMETRIC_REPRESENTATION_CONTEXT() REPRESENTATION_CONTEXT('2D SPACE',''
  ) );
#11361 = ADVANCED_FACE('',(#11362),#11376,.F.);
#11362 = FACE_BOUND('',#11363,.T.);
#11363 = EDGE_LOOP('',(#11364,#11394,#11416,#11417));
#11364 = ORIENTED_EDGE('',*,*,#11365,.T.);
#11365 = EDGE_CURVE('',#11366,#11368,#11370,.T.);
#11366 = VERTEX_POINT('',#11367);
#11367 = CARTESIAN_POINT('',(119.59230484541,68.7,113.2));
#11368 = VERTEX_POINT('',#11369);
#11369 = CARTESIAN_POINT('',(119.59230484541,71.7,113.2));
#11370 = SEAM_CURVE('',#11371,(#11375,#11387),.PCURVE_S1.);
#11371 = LINE('',#11372,#11373);
#11372 = CARTESIAN_POINT('',(119.59230484541,68.7,113.2));
#11373 = VECTOR('',#11374,1.);
#11374 = DIRECTION('',(0.,1.,-0.));
#11375 = PCURVE('',#11376,#11381);
#11376 = CYLINDRICAL_SURFACE('',#11377,1.3);
#11377 = AXIS2_PLACEMENT_3D('',#11378,#11379,#11380);
#11378 = CARTESIAN_POINT('',(120.89230484541,68.7,113.2));
#11379 = DIRECTION('',(-0.,-1.,0.));
#11380 = DIRECTION('',(-1.,0.,0.));
#11381 = DEFINITIONAL_REPRESENTATION('',(#11382),#11386);
#11382 = LINE('',#11383,#11384);
#11383 = CARTESIAN_POINT('',(-0.,0.));
#11384 = VECTOR('',#11385,1.);
#11385 = DIRECTION('',(-0.,-1.));
#11386 = ( GEOMETRIC_REPRESENTATION_CONTEXT(2) 
PARAMETRIC_REPRESENTATION_CONTEXT() REPRESENTATION_CONTEXT('2D SPACE',''
  ) );
#11387 = PCURVE('',#11376,#11388);
#11388 = DEFINITIONAL_REPRESENTATION('',(#11389),#11393);
#11389 = LINE('',#11390,#11391);
#11390 = CARTESIAN_POINT('',(-6.28318530718,0.));
#11391 = VECTOR('',#11392,1.);
#11392 = DIRECTION('',(-0.,-1.));
#11393 = ( GEOMETRIC_REPRESENTATION_CONTEXT(2) 
PARAMETRIC_REPRESENTATION_CONTEXT() REPRESENTATION_CONTEXT('2D SPACE',''
  ) );
#11394 = ORIENTED_EDGE('',*,*,#11395,.T.);
#11395 = EDGE_CURVE('',#11368,#11368,#11396,.T.);
#11396 = SURFACE_CURVE('',#11397,(#11402,#11409),.PCURVE_S1.);
#11397 = CIRCLE('',#11398,1.3);
#11398 = AXIS2_PLACEMENT_3D('',#11399,#11400,#11401);
#11399 = CARTESIAN_POINT('',(120.89230484541,71.7,113.2));
#11400 = DIRECTION('',(0.,1.,-0.));
#11401 = DIRECTION('',(-1.,0.,0.));
#11402 = PCURVE('',#11376,#11403);
#11403 = DEFINITIONAL_REPRESENTATION('',(#11404),#11408);
#11404 = LINE('',#11405,#11406);
#11405 = CARTESIAN_POINT('',(-0.,-3.));
#11406 = VECTOR('',#11407,1.);
#11407 = DIRECTION('',(-1.,0.));
#11408 = ( GEOMETRIC_REPRESENTATION_CONTEXT(2) 
PARAMETRIC_REPRESENTATION_CONTEXT() REPRESENTATION_CONTEXT('2D SPACE',''
  ) );
#11409 = PCURVE('',#72,#11410);
#11410 = DEFINITIONAL_REPRESENTATION('',(#11411),#11415);
#11411 = CIRCLE('',#11412,1.3);
#11412 = AXIS2_PLACEMENT_2D('',#11413,#11414);
#11413 = CARTESIAN_POINT('',(-30.89230484541,27.45));
#11414 = DIRECTION('',(1.,0.));
#11415 = ( GEOMETRIC_REPRESENTATION_CONTEXT(2) 
PARAMETRIC_REPRESENTATION_CONTEXT() REPRESENTATION_CONTEXT('2D SPACE',''
  ) );
#11416 = ORIENTED_EDGE('',*,*,#11365,.F.);
#11417 = ORIENTED_EDGE('',*,*,#11418,.F.);
#11418 = EDGE_CURVE('',#11366,#11366,#11419,.T.);
#11419 = SURFACE_CURVE('',#11420,(#11425,#11432),.PCURVE_S1.);
#11420 = CIRCLE('',#11421,1.3);
#11421 = AXIS2_PLACEMENT_3D('',#11422,#11423,#11424);
#11422 = CARTESIAN_POINT('',(120.89230484541,68.7,113.2));
#11423 = DIRECTION('',(0.,1.,-0.));
#11424 = DIRECTION('',(-1.,0.,0.));
#11425 = PCURVE('',#11376,#11426);
#11426 = DEFINITIONAL_REPRESENTATION('',(#11427),#11431);
#11427 = LINE('',#11428,#11429);
#11428 = CARTESIAN_POINT('',(-0.,0.));
#11429 = VECTOR('',#11430,1.);
#11430 = DIRECTION('',(-1.,0.));
#11431 = ( GEOMETRIC_REPRESENTATION_CONTEXT(2) 
PARAMETRIC_REPRESENTATION_CONTEXT() REPRESENTATION_CONTEXT('2D SPACE',''
  ) );
#11432 = PCURVE('',#126,#11433);
#11433 = DEFINITIONAL_REPRESENTATION('',(#11434),#11438);
#11434 = CIRCLE('',#11435,1.3);
#11435 = AXIS2_PLACEMENT_2D('',#11436,#11437);
#11436 = CARTESIAN_POINT('',(-30.89230484541,27.45));
#11437 = DIRECTION('',(1.,0.));
#11438 = ( GEOMETRIC_REPRESENTATION_CONTEXT(2) 
PARAMETRIC_REPRESENTATION_CONTEXT() REPRESENTATION_CONTEXT('2D SPACE',''
  ) );
#11439 = ADVANCED_FACE('',(#11440),#11454,.F.);
#11440 = FACE_BOUND('',#11441,.T.);
#11441 = EDGE_LOOP('',(#11442,#11472,#11494,#11495));
#11442 = ORIENTED_EDGE('',*,*,#11443,.T.);
#11443 = EDGE_CURVE('',#11444,#11446,#11448,.T.);
#11444 = VERTEX_POINT('',#11445);
#11445 = CARTESIAN_POINT('',(115.43538290724,68.7,115.6));
#11446 = VERTEX_POINT('',#11447);
#11447 = CARTESIAN_POINT('',(115.43538290724,71.7,115.6));
#11448 = SEAM_CURVE('',#11449,(#11453,#11465),.PCURVE_S1.);
#11449 = LINE('',#11450,#11451);
#11450 = CARTESIAN_POINT('',(115.43538290724,68.7,115.6));
#11451 = VECTOR('',#11452,1.);
#11452 = DIRECTION('',(0.,1.,-0.));
#11453 = PCURVE('',#11454,#11459);
#11454 = CYLINDRICAL_SURFACE('',#11455,1.3);
#11455 = AXIS2_PLACEMENT_3D('',#11456,#11457,#11458);
#11456 = CARTESIAN_POINT('',(116.73538290724,68.7,115.6));
#11457 = DIRECTION('',(-0.,-1.,0.));
#11458 = DIRECTION('',(-1.,0.,0.));
#11459 = DEFINITIONAL_REPRESENTATION('',(#11460),#11464);
#11460 = LINE('',#11461,#11462);
#11461 = CARTESIAN_POINT('',(-0.,0.));
#11462 = VECTOR('',#11463,1.);
#11463 = DIRECTION('',(-0.,-1.));
#11464 = ( GEOMETRIC_REPRESENTATION_CONTEXT(2) 
PARAMETRIC_REPRESENTATION_CONTEXT() REPRESENTATION_CONTEXT('2D SPACE',''
  ) );
#11465 = PCURVE('',#11454,#11466);
#11466 = DEFINITIONAL_REPRESENTATION('',(#11467),#11471);
#11467 = LINE('',#11468,#11469);
#11468 = CARTESIAN_POINT('',(-6.28318530718,0.));
#11469 = VECTOR('',#11470,1.);
#11470 = DIRECTION('',(-0.,-1.));
#11471 = ( GEOMETRIC_REPRESENTATION_CONTEXT(2) 
PARAMETRIC_REPRESENTATION_CONTEXT() REPRESENTATION_CONTEXT('2D SPACE',''
  ) );
#11472 = ORIENTED_EDGE('',*,*,#11473,.T.);
#11473 = EDGE_CURVE('',#11446,#11446,#11474,.T.);
#11474 = SURFACE_CURVE('',#11475,(#11480,#11487),.PCURVE_S1.);
#11475 = CIRCLE('',#11476,1.3);
#11476 = AXIS2_PLACEMENT_3D('',#11477,#11478,#11479);
#11477 = CARTESIAN_POINT('',(116.73538290724,71.7,115.6));
#11478 = DIRECTION('',(0.,1.,-0.));
#11479 = DIRECTION('',(-1.,0.,0.));
#11480 = PCURVE('',#11454,#11481);
#11481 = DEFINITIONAL_REPRESENTATION('',(#11482),#11486);
#11482 = LINE('',#11483,#11484);
#11483 = CARTESIAN_POINT('',(-0.,-3.));
#11484 = VECTOR('',#11485,1.);
#11485 = DIRECTION('',(-1.,0.));
#11486 = ( GEOMETRIC_REPRESENTATION_CONTEXT(2) 
PARAMETRIC_REPRESENTATION_CONTEXT() REPRESENTATION_CONTEXT('2D SPACE',''
  ) );
#11487 = PCURVE('',#72,#11488);
#11488 = DEFINITIONAL_REPRESENTATION('',(#11489),#11493);
#11489 = CIRCLE('',#11490,1.3);
#11490 = AXIS2_PLACEMENT_2D('',#11491,#11492);
#11491 = CARTESIAN_POINT('',(-26.73538290724,29.85));
#11492 = DIRECTION('',(1.,0.));
#11493 = ( GEOMETRIC_REPRESENTATION_CONTEXT(2) 
PARAMETRIC_REPRESENTATION_CONTEXT() REPRESENTATION_CONTEXT('2D SPACE',''
  ) );
#11494 = ORIENTED_EDGE('',*,*,#11443,.F.);
#11495 = ORIENTED_EDGE('',*,*,#11496,.F.);
#11496 = EDGE_CURVE('',#11444,#11444,#11497,.T.);
#11497 = SURFACE_CURVE('',#11498,(#11503,#11510),.PCURVE_S1.);
#11498 = CIRCLE('',#11499,1.3);
#11499 = AXIS2_PLACEMENT_3D('',#11500,#11501,#11502);
#11500 = CARTESIAN_POINT('',(116.73538290724,68.7,115.6));
#11501 = DIRECTION('',(0.,1.,-0.));
#11502 = DIRECTION('',(-1.,0.,0.));
#11503 = PCURVE('',#11454,#11504);
#11504 = DEFINITIONAL_REPRESENTATION('',(#11505),#11509);
#11505 = LINE('',#11506,#11507);
#11506 = CARTESIAN_POINT('',(-0.,0.));
#11507 = VECTOR('',#11508,1.);
#11508 = DIRECTION('',(-1.,0.));
#11509 = ( GEOMETRIC_REPRESENTATION_CONTEXT(2) 
PARAMETRIC_REPRESENTATION_CONTEXT() REPRESENTATION_CONTEXT('2D SPACE',''
  ) );
#11510 = PCURVE('',#126,#11511);
#11511 = DEFINITIONAL_REPRESENTATION('',(#11512),#11516);
#11512 = CIRCLE('',#11513,1.3);
#11513 = AXIS2_PLACEMENT_2D('',#11514,#11515);
#11514 = CARTESIAN_POINT('',(-26.73538290724,29.85));
#11515 = DIRECTION('',(1.,0.));
#11516 = ( GEOMETRIC_REPRESENTATION_CONTEXT(2) 
PARAMETRIC_REPRESENTATION_CONTEXT() REPRESENTATION_CONTEXT('2D SPACE',''
  ) );
#11517 = ADVANCED_FACE('',(#11518),#11532,.F.);
#11518 = FACE_BOUND('',#11519,.T.);
#11519 = EDGE_LOOP('',(#11520,#11550,#11572,#11573));
#11520 = ORIENTED_EDGE('',*,*,#11521,.T.);
#11521 = EDGE_CURVE('',#11522,#11524,#11526,.T.);
#11522 = VERTEX_POINT('',#11523);
#11523 = CARTESIAN_POINT('',(111.27846096908,68.7,113.2));
#11524 = VERTEX_POINT('',#11525);
#11525 = CARTESIAN_POINT('',(111.27846096908,71.7,113.2));
#11526 = SEAM_CURVE('',#11527,(#11531,#11543),.PCURVE_S1.);
#11527 = LINE('',#11528,#11529);
#11528 = CARTESIAN_POINT('',(111.27846096908,68.7,113.2));
#11529 = VECTOR('',#11530,1.);
#11530 = DIRECTION('',(0.,1.,-0.));
#11531 = PCURVE('',#11532,#11537);
#11532 = CYLINDRICAL_SURFACE('',#11533,1.3);
#11533 = AXIS2_PLACEMENT_3D('',#11534,#11535,#11536);
#11534 = CARTESIAN_POINT('',(112.57846096908,68.7,113.2));
#11535 = DIRECTION('',(-0.,-1.,0.));
#11536 = DIRECTION('',(-1.,0.,0.));
#11537 = DEFINITIONAL_REPRESENTATION('',(#11538),#11542);
#11538 = LINE('',#11539,#11540);
#11539 = CARTESIAN_POINT('',(-0.,0.));
#11540 = VECTOR('',#11541,1.);
#11541 = DIRECTION('',(-0.,-1.));
#11542 = ( GEOMETRIC_REPRESENTATION_CONTEXT(2) 
PARAMETRIC_REPRESENTATION_CONTEXT() REPRESENTATION_CONTEXT('2D SPACE',''
  ) );
#11543 = PCURVE('',#11532,#11544);
#11544 = DEFINITIONAL_REPRESENTATION('',(#11545),#11549);
#11545 = LINE('',#11546,#11547);
#11546 = CARTESIAN_POINT('',(-6.28318530718,0.));
#11547 = VECTOR('',#11548,1.);
#11548 = DIRECTION('',(-0.,-1.));
#11549 = ( GEOMETRIC_REPRESENTATION_CONTEXT(2) 
PARAMETRIC_REPRESENTATION_CONTEXT() REPRESENTATION_CONTEXT('2D SPACE',''
  ) );
#11550 = ORIENTED_EDGE('',*,*,#11551,.T.);
#11551 = EDGE_CURVE('',#11524,#11524,#11552,.T.);
#11552 = SURFACE_CURVE('',#11553,(#11558,#11565),.PCURVE_S1.);
#11553 = CIRCLE('',#11554,1.3);
#11554 = AXIS2_PLACEMENT_3D('',#11555,#11556,#11557);
#11555 = CARTESIAN_POINT('',(112.57846096908,71.7,113.2));
#11556 = DIRECTION('',(0.,1.,-0.));
#11557 = DIRECTION('',(-1.,0.,0.));
#11558 = PCURVE('',#11532,#11559);
#11559 = DEFINITIONAL_REPRESENTATION('',(#11560),#11564);
#11560 = LINE('',#11561,#11562);
#11561 = CARTESIAN_POINT('',(-0.,-3.));
#11562 = VECTOR('',#11563,1.);
#11563 = DIRECTION('',(-1.,0.));
#11564 = ( GEOMETRIC_REPRESENTATION_CONTEXT(2) 
PARAMETRIC_REPRESENTATION_CONTEXT() REPRESENTATION_CONTEXT('2D SPACE',''
  ) );
#11565 = PCURVE('',#72,#11566);
#11566 = DEFINITIONAL_REPRESENTATION('',(#11567),#11571);
#11567 = CIRCLE('',#11568,1.3);
#11568 = AXIS2_PLACEMENT_2D('',#11569,#11570);
#11569 = CARTESIAN_POINT('',(-22.57846096908,27.45));
#11570 = DIRECTION('',(1.,0.));
#11571 = ( GEOMETRIC_REPRESENTATION_CONTEXT(2) 
PARAMETRIC_REPRESENTATION_CONTEXT() REPRESENTATION_CONTEXT('2D SPACE',''
  ) );
#11572 = ORIENTED_EDGE('',*,*,#11521,.F.);
#11573 = ORIENTED_EDGE('',*,*,#11574,.F.);
#11574 = EDGE_CURVE('',#11522,#11522,#11575,.T.);
#11575 = SURFACE_CURVE('',#11576,(#11581,#11588),.PCURVE_S1.);
#11576 = CIRCLE('',#11577,1.3);
#11577 = AXIS2_PLACEMENT_3D('',#11578,#11579,#11580);
#11578 = CARTESIAN_POINT('',(112.57846096908,68.7,113.2));
#11579 = DIRECTION('',(0.,1.,-0.));
#11580 = DIRECTION('',(-1.,0.,0.));
#11581 = PCURVE('',#11532,#11582);
#11582 = DEFINITIONAL_REPRESENTATION('',(#11583),#11587);
#11583 = LINE('',#11584,#11585);
#11584 = CARTESIAN_POINT('',(-0.,0.));
#11585 = VECTOR('',#11586,1.);
#11586 = DIRECTION('',(-1.,0.));
#11587 = ( GEOMETRIC_REPRESENTATION_CONTEXT(2) 
PARAMETRIC_REPRESENTATION_CONTEXT() REPRESENTATION_CONTEXT('2D SPACE',''
  ) );
#11588 = PCURVE('',#126,#11589);
#11589 = DEFINITIONAL_REPRESENTATION('',(#11590),#11594);
#11590 = CIRCLE('',#11591,1.3);
#11591 = AXIS2_PLACEMENT_2D('',#11592,#11593);
#11592 = CARTESIAN_POINT('',(-22.57846096908,27.45));
#11593 = DIRECTION('',(1.,0.));
#11594 = ( GEOMETRIC_REPRESENTATION_CONTEXT(2) 
PARAMETRIC_REPRESENTATION_CONTEXT() REPRESENTATION_CONTEXT('2D SPACE',''
  ) );
#11595 = ADVANCED_FACE('',(#11596),#11610,.F.);
#11596 = FACE_BOUND('',#11597,.T.);
#11597 = EDGE_LOOP('',(#11598,#11628,#11650,#11651));
#11598 = ORIENTED_EDGE('',*,*,#11599,.T.);
#11599 = EDGE_CURVE('',#11600,#11602,#11604,.T.);
#11600 = VERTEX_POINT('',#11601);
#11601 = CARTESIAN_POINT('',(127.90614872174,68.7,118.));
#11602 = VERTEX_POINT('',#11603);
#11603 = CARTESIAN_POINT('',(127.90614872174,71.7,118.));
#11604 = SEAM_CURVE('',#11605,(#11609,#11621),.PCURVE_S1.);
#11605 = LINE('',#11606,#11607);
#11606 = CARTESIAN_POINT('',(127.90614872174,68.7,118.));
#11607 = VECTOR('',#11608,1.);
#11608 = DIRECTION('',(0.,1.,-0.));
#11609 = PCURVE('',#11610,#11615);
#11610 = CYLINDRICAL_SURFACE('',#11611,1.3);
#11611 = AXIS2_PLACEMENT_3D('',#11612,#11613,#11614);
#11612 = CARTESIAN_POINT('',(129.20614872174,68.7,118.));
#11613 = DIRECTION('',(-0.,-1.,0.));
#11614 = DIRECTION('',(-1.,0.,0.));
#11615 = DEFINITIONAL_REPRESENTATION('',(#11616),#11620);
#11616 = LINE('',#11617,#11618);
#11617 = CARTESIAN_POINT('',(-0.,0.));
#11618 = VECTOR('',#11619,1.);
#11619 = DIRECTION('',(-0.,-1.));
#11620 = ( GEOMETRIC_REPRESENTATION_CONTEXT(2) 
PARAMETRIC_REPRESENTATION_CONTEXT() REPRESENTATION_CONTEXT('2D SPACE',''
  ) );
#11621 = PCURVE('',#11610,#11622);
#11622 = DEFINITIONAL_REPRESENTATION('',(#11623),#11627);
#11623 = LINE('',#11624,#11625);
#11624 = CARTESIAN_POINT('',(-6.28318530718,0.));
#11625 = VECTOR('',#11626,1.);
#11626 = DIRECTION('',(-0.,-1.));
#11627 = ( GEOMETRIC_REPRESENTATION_CONTEXT(2) 
PARAMETRIC_REPRESENTATION_CONTEXT() REPRESENTATION_CONTEXT('2D SPACE',''
  ) );
#11628 = ORIENTED_EDGE('',*,*,#11629,.T.);
#11629 = EDGE_CURVE('',#11602,#11602,#11630,.T.);
#11630 = SURFACE_CURVE('',#11631,(#11636,#11643),.PCURVE_S1.);
#11631 = CIRCLE('',#11632,1.3);
#11632 = AXIS2_PLACEMENT_3D('',#11633,#11634,#11635);
#11633 = CARTESIAN_POINT('',(129.20614872174,71.7,118.));
#11634 = DIRECTION('',(0.,1.,-0.));
#11635 = DIRECTION('',(-1.,0.,0.));
#11636 = PCURVE('',#11610,#11637);
#11637 = DEFINITIONAL_REPRESENTATION('',(#11638),#11642);
#11638 = LINE('',#11639,#11640);
#11639 = CARTESIAN_POINT('',(-0.,-3.));
#11640 = VECTOR('',#11641,1.);
#11641 = DIRECTION('',(-1.,0.));
#11642 = ( GEOMETRIC_REPRESENTATION_CONTEXT(2) 
PARAMETRIC_REPRESENTATION_CONTEXT() REPRESENTATION_CONTEXT('2D SPACE',''
  ) );
#11643 = PCURVE('',#72,#11644);
#11644 = DEFINITIONAL_REPRESENTATION('',(#11645),#11649);
#11645 = CIRCLE('',#11646,1.3);
#11646 = AXIS2_PLACEMENT_2D('',#11647,#11648);
#11647 = CARTESIAN_POINT('',(-39.20614872174,32.25));
#11648 = DIRECTION('',(1.,0.));
#11649 = ( GEOMETRIC_REPRESENTATION_CONTEXT(2) 
PARAMETRIC_REPRESENTATION_CONTEXT() REPRESENTATION_CONTEXT('2D SPACE',''
  ) );
#11650 = ORIENTED_EDGE('',*,*,#11599,.F.);
#11651 = ORIENTED_EDGE('',*,*,#11652,.F.);
#11652 = EDGE_CURVE('',#11600,#11600,#11653,.T.);
#11653 = SURFACE_CURVE('',#11654,(#11659,#11666),.PCURVE_S1.);
#11654 = CIRCLE('',#11655,1.3);
#11655 = AXIS2_PLACEMENT_3D('',#11656,#11657,#11658);
#11656 = CARTESIAN_POINT('',(129.20614872174,68.7,118.));
#11657 = DIRECTION('',(0.,1.,-0.));
#11658 = DIRECTION('',(-1.,0.,0.));
#11659 = PCURVE('',#11610,#11660);
#11660 = DEFINITIONAL_REPRESENTATION('',(#11661),#11665);
#11661 = LINE('',#11662,#11663);
#11662 = CARTESIAN_POINT('',(-0.,0.));
#11663 = VECTOR('',#11664,1.);
#11664 = DIRECTION('',(-1.,0.));
#11665 = ( GEOMETRIC_REPRESENTATION_CONTEXT(2) 
PARAMETRIC_REPRESENTATION_CONTEXT() REPRESENTATION_CONTEXT('2D SPACE',''
  ) );
#11666 = PCURVE('',#126,#11667);
#11667 = DEFINITIONAL_REPRESENTATION('',(#11668),#11672);
#11668 = CIRCLE('',#11669,1.3);
#11669 = AXIS2_PLACEMENT_2D('',#11670,#11671);
#11670 = CARTESIAN_POINT('',(-39.20614872174,32.25));
#11671 = DIRECTION('',(1.,0.));
#11672 = ( GEOMETRIC_REPRESENTATION_CONTEXT(2) 
PARAMETRIC_REPRESENTATION_CONTEXT() REPRESENTATION_CONTEXT('2D SPACE',''
  ) );
#11673 = ADVANCED_FACE('',(#11674),#11688,.F.);
#11674 = FACE_BOUND('',#11675,.T.);
#11675 = EDGE_LOOP('',(#11676,#11706,#11728,#11729));
#11676 = ORIENTED_EDGE('',*,*,#11677,.T.);
#11677 = EDGE_CURVE('',#11678,#11680,#11682,.T.);
#11678 = VERTEX_POINT('',#11679);
#11679 = CARTESIAN_POINT('',(123.74922678357,68.7,120.4));
#11680 = VERTEX_POINT('',#11681);
#11681 = CARTESIAN_POINT('',(123.74922678357,71.7,120.4));
#11682 = SEAM_CURVE('',#11683,(#11687,#11699),.PCURVE_S1.);
#11683 = LINE('',#11684,#11685);
#11684 = CARTESIAN_POINT('',(123.74922678357,68.7,120.4));
#11685 = VECTOR('',#11686,1.);
#11686 = DIRECTION('',(0.,1.,-0.));
#11687 = PCURVE('',#11688,#11693);
#11688 = CYLINDRICAL_SURFACE('',#11689,1.3);
#11689 = AXIS2_PLACEMENT_3D('',#11690,#11691,#11692);
#11690 = CARTESIAN_POINT('',(125.04922678357,68.7,120.4));
#11691 = DIRECTION('',(-0.,-1.,0.));
#11692 = DIRECTION('',(-1.,0.,0.));
#11693 = DEFINITIONAL_REPRESENTATION('',(#11694),#11698);
#11694 = LINE('',#11695,#11696);
#11695 = CARTESIAN_POINT('',(-0.,0.));
#11696 = VECTOR('',#11697,1.);
#11697 = DIRECTION('',(-0.,-1.));
#11698 = ( GEOMETRIC_REPRESENTATION_CONTEXT(2) 
PARAMETRIC_REPRESENTATION_CONTEXT() REPRESENTATION_CONTEXT('2D SPACE',''
  ) );
#11699 = PCURVE('',#11688,#11700);
#11700 = DEFINITIONAL_REPRESENTATION('',(#11701),#11705);
#11701 = LINE('',#11702,#11703);
#11702 = CARTESIAN_POINT('',(-6.28318530718,0.));
#11703 = VECTOR('',#11704,1.);
#11704 = DIRECTION('',(-0.,-1.));
#11705 = ( GEOMETRIC_REPRESENTATION_CONTEXT(2) 
PARAMETRIC_REPRESENTATION_CONTEXT() REPRESENTATION_CONTEXT('2D SPACE',''
  ) );
#11706 = ORIENTED_EDGE('',*,*,#11707,.T.);
#11707 = EDGE_CURVE('',#11680,#11680,#11708,.T.);
#11708 = SURFACE_CURVE('',#11709,(#11714,#11721),.PCURVE_S1.);
#11709 = CIRCLE('',#11710,1.3);
#11710 = AXIS2_PLACEMENT_3D('',#11711,#11712,#11713);
#11711 = CARTESIAN_POINT('',(125.04922678357,71.7,120.4));
#11712 = DIRECTION('',(0.,1.,-0.));
#11713 = DIRECTION('',(-1.,0.,0.));
#11714 = PCURVE('',#11688,#11715);
#11715 = DEFINITIONAL_REPRESENTATION('',(#11716),#11720);
#11716 = LINE('',#11717,#11718);
#11717 = CARTESIAN_POINT('',(-0.,-3.));
#11718 = VECTOR('',#11719,1.);
#11719 = DIRECTION('',(-1.,0.));
#11720 = ( GEOMETRIC_REPRESENTATION_CONTEXT(2) 
PARAMETRIC_REPRESENTATION_CONTEXT() REPRESENTATION_CONTEXT('2D SPACE',''
  ) );
#11721 = PCURVE('',#72,#11722);
#11722 = DEFINITIONAL_REPRESENTATION('',(#11723),#11727);
#11723 = CIRCLE('',#11724,1.3);
#11724 = AXIS2_PLACEMENT_2D('',#11725,#11726);
#11725 = CARTESIAN_POINT('',(-35.04922678357,34.65));
#11726 = DIRECTION('',(1.,0.));
#11727 = ( GEOMETRIC_REPRESENTATION_CONTEXT(2) 
PARAMETRIC_REPRESENTATION_CONTEXT() REPRESENTATION_CONTEXT('2D SPACE',''
  ) );
#11728 = ORIENTED_EDGE('',*,*,#11677,.F.);
#11729 = ORIENTED_EDGE('',*,*,#11730,.F.);
#11730 = EDGE_CURVE('',#11678,#11678,#11731,.T.);
#11731 = SURFACE_CURVE('',#11732,(#11737,#11744),.PCURVE_S1.);
#11732 = CIRCLE('',#11733,1.3);
#11733 = AXIS2_PLACEMENT_3D('',#11734,#11735,#11736);
#11734 = CARTESIAN_POINT('',(125.04922678357,68.7,120.4));
#11735 = DIRECTION('',(0.,1.,-0.));
#11736 = DIRECTION('',(-1.,0.,0.));
#11737 = PCURVE('',#11688,#11738);
#11738 = DEFINITIONAL_REPRESENTATION('',(#11739),#11743);
#11739 = LINE('',#11740,#11741);
#11740 = CARTESIAN_POINT('',(-0.,0.));
#11741 = VECTOR('',#11742,1.);
#11742 = DIRECTION('',(-1.,0.));
#11743 = ( GEOMETRIC_REPRESENTATION_CONTEXT(2) 
PARAMETRIC_REPRESENTATION_CONTEXT() REPRESENTATION_CONTEXT('2D SPACE',''
  ) );
#11744 = PCURVE('',#126,#11745);
#11745 = DEFINITIONAL_REPRESENTATION('',(#11746),#11750);
#11746 = CIRCLE('',#11747,1.3);
#11747 = AXIS2_PLACEMENT_2D('',#11748,#11749);
#11748 = CARTESIAN_POINT('',(-35.04922678357,34.65));
#11749 = DIRECTION('',(1.,0.));
#11750 = ( GEOMETRIC_REPRESENTATION_CONTEXT(2) 
PARAMETRIC_REPRESENTATION_CONTEXT() REPRESENTATION_CONTEXT('2D SPACE',''
  ) );
#11751 = ADVANCED_FACE('',(#11752),#11766,.F.);
#11752 = FACE_BOUND('',#11753,.T.);
#11753 = EDGE_LOOP('',(#11754,#11784,#11806,#11807));
#11754 = ORIENTED_EDGE('',*,*,#11755,.T.);
#11755 = EDGE_CURVE('',#11756,#11758,#11760,.T.);
#11756 = VERTEX_POINT('',#11757);
#11757 = CARTESIAN_POINT('',(127.90614872174,68.7,122.8));
#11758 = VERTEX_POINT('',#11759);
#11759 = CARTESIAN_POINT('',(127.90614872174,71.7,122.8));
#11760 = SEAM_CURVE('',#11761,(#11765,#11777),.PCURVE_S1.);
#11761 = LINE('',#11762,#11763);
#11762 = CARTESIAN_POINT('',(127.90614872174,68.7,122.8));
#11763 = VECTOR('',#11764,1.);
#11764 = DIRECTION('',(0.,1.,-0.));
#11765 = PCURVE('',#11766,#11771);
#11766 = CYLINDRICAL_SURFACE('',#11767,1.3);
#11767 = AXIS2_PLACEMENT_3D('',#11768,#11769,#11770);
#11768 = CARTESIAN_POINT('',(129.20614872174,68.7,122.8));
#11769 = DIRECTION('',(-0.,-1.,0.));
#11770 = DIRECTION('',(-1.,0.,0.));
#11771 = DEFINITIONAL_REPRESENTATION('',(#11772),#11776);
#11772 = LINE('',#11773,#11774);
#11773 = CARTESIAN_POINT('',(-0.,0.));
#11774 = VECTOR('',#11775,1.);
#11775 = DIRECTION('',(-0.,-1.));
#11776 = ( GEOMETRIC_REPRESENTATION_CONTEXT(2) 
PARAMETRIC_REPRESENTATION_CONTEXT() REPRESENTATION_CONTEXT('2D SPACE',''
  ) );
#11777 = PCURVE('',#11766,#11778);
#11778 = DEFINITIONAL_REPRESENTATION('',(#11779),#11783);
#11779 = LINE('',#11780,#11781);
#11780 = CARTESIAN_POINT('',(-6.28318530718,0.));
#11781 = VECTOR('',#11782,1.);
#11782 = DIRECTION('',(-0.,-1.));
#11783 = ( GEOMETRIC_REPRESENTATION_CONTEXT(2) 
PARAMETRIC_REPRESENTATION_CONTEXT() REPRESENTATION_CONTEXT('2D SPACE',''
  ) );
#11784 = ORIENTED_EDGE('',*,*,#11785,.T.);
#11785 = EDGE_CURVE('',#11758,#11758,#11786,.T.);
#11786 = SURFACE_CURVE('',#11787,(#11792,#11799),.PCURVE_S1.);
#11787 = CIRCLE('',#11788,1.3);
#11788 = AXIS2_PLACEMENT_3D('',#11789,#11790,#11791);
#11789 = CARTESIAN_POINT('',(129.20614872174,71.7,122.8));
#11790 = DIRECTION('',(0.,1.,-0.));
#11791 = DIRECTION('',(-1.,0.,0.));
#11792 = PCURVE('',#11766,#11793);
#11793 = DEFINITIONAL_REPRESENTATION('',(#11794),#11798);
#11794 = LINE('',#11795,#11796);
#11795 = CARTESIAN_POINT('',(-0.,-3.));
#11796 = VECTOR('',#11797,1.);
#11797 = DIRECTION('',(-1.,0.));
#11798 = ( GEOMETRIC_REPRESENTATION_CONTEXT(2) 
PARAMETRIC_REPRESENTATION_CONTEXT() REPRESENTATION_CONTEXT('2D SPACE',''
  ) );
#11799 = PCURVE('',#72,#11800);
#11800 = DEFINITIONAL_REPRESENTATION('',(#11801),#11805);
#11801 = CIRCLE('',#11802,1.3);
#11802 = AXIS2_PLACEMENT_2D('',#11803,#11804);
#11803 = CARTESIAN_POINT('',(-39.20614872174,37.05));
#11804 = DIRECTION('',(1.,0.));
#11805 = ( GEOMETRIC_REPRESENTATION_CONTEXT(2) 
PARAMETRIC_REPRESENTATION_CONTEXT() REPRESENTATION_CONTEXT('2D SPACE',''
  ) );
#11806 = ORIENTED_EDGE('',*,*,#11755,.F.);
#11807 = ORIENTED_EDGE('',*,*,#11808,.F.);
#11808 = EDGE_CURVE('',#11756,#11756,#11809,.T.);
#11809 = SURFACE_CURVE('',#11810,(#11815,#11822),.PCURVE_S1.);
#11810 = CIRCLE('',#11811,1.3);
#11811 = AXIS2_PLACEMENT_3D('',#11812,#11813,#11814);
#11812 = CARTESIAN_POINT('',(129.20614872174,68.7,122.8));
#11813 = DIRECTION('',(0.,1.,-0.));
#11814 = DIRECTION('',(-1.,0.,0.));
#11815 = PCURVE('',#11766,#11816);
#11816 = DEFINITIONAL_REPRESENTATION('',(#11817),#11821);
#11817 = LINE('',#11818,#11819);
#11818 = CARTESIAN_POINT('',(-0.,0.));
#11819 = VECTOR('',#11820,1.);
#11820 = DIRECTION('',(-1.,0.));
#11821 = ( GEOMETRIC_REPRESENTATION_CONTEXT(2) 
PARAMETRIC_REPRESENTATION_CONTEXT() REPRESENTATION_CONTEXT('2D SPACE',''
  ) );
#11822 = PCURVE('',#126,#11823);
#11823 = DEFINITIONAL_REPRESENTATION('',(#11824),#11828);
#11824 = CIRCLE('',#11825,1.3);
#11825 = AXIS2_PLACEMENT_2D('',#11826,#11827);
#11826 = CARTESIAN_POINT('',(-39.20614872174,37.05));
#11827 = DIRECTION('',(1.,0.));
#11828 = ( GEOMETRIC_REPRESENTATION_CONTEXT(2) 
PARAMETRIC_REPRESENTATION_CONTEXT() REPRESENTATION_CONTEXT('2D SPACE',''
  ) );
#11829 = ADVANCED_FACE('',(#11830),#11844,.F.);
#11830 = FACE_BOUND('',#11831,.T.);
#11831 = EDGE_LOOP('',(#11832,#11862,#11884,#11885));
#11832 = ORIENTED_EDGE('',*,*,#11833,.T.);
#11833 = EDGE_CURVE('',#11834,#11836,#11838,.T.);
#11834 = VERTEX_POINT('',#11835);
#11835 = CARTESIAN_POINT('',(123.74922678357,68.7,125.2));
#11836 = VERTEX_POINT('',#11837);
#11837 = CARTESIAN_POINT('',(123.74922678357,71.7,125.2));
#11838 = SEAM_CURVE('',#11839,(#11843,#11855),.PCURVE_S1.);
#11839 = LINE('',#11840,#11841);
#11840 = CARTESIAN_POINT('',(123.74922678357,68.7,125.2));
#11841 = VECTOR('',#11842,1.);
#11842 = DIRECTION('',(0.,1.,-0.));
#11843 = PCURVE('',#11844,#11849);
#11844 = CYLINDRICAL_SURFACE('',#11845,1.3);
#11845 = AXIS2_PLACEMENT_3D('',#11846,#11847,#11848);
#11846 = CARTESIAN_POINT('',(125.04922678357,68.7,125.2));
#11847 = DIRECTION('',(-0.,-1.,0.));
#11848 = DIRECTION('',(-1.,0.,0.));
#11849 = DEFINITIONAL_REPRESENTATION('',(#11850),#11854);
#11850 = LINE('',#11851,#11852);
#11851 = CARTESIAN_POINT('',(-0.,0.));
#11852 = VECTOR('',#11853,1.);
#11853 = DIRECTION('',(-0.,-1.));
#11854 = ( GEOMETRIC_REPRESENTATION_CONTEXT(2) 
PARAMETRIC_REPRESENTATION_CONTEXT() REPRESENTATION_CONTEXT('2D SPACE',''
  ) );
#11855 = PCURVE('',#11844,#11856);
#11856 = DEFINITIONAL_REPRESENTATION('',(#11857),#11861);
#11857 = LINE('',#11858,#11859);
#11858 = CARTESIAN_POINT('',(-6.28318530718,0.));
#11859 = VECTOR('',#11860,1.);
#11860 = DIRECTION('',(-0.,-1.));
#11861 = ( GEOMETRIC_REPRESENTATION_CONTEXT(2) 
PARAMETRIC_REPRESENTATION_CONTEXT() REPRESENTATION_CONTEXT('2D SPACE',''
  ) );
#11862 = ORIENTED_EDGE('',*,*,#11863,.T.);
#11863 = EDGE_CURVE('',#11836,#11836,#11864,.T.);
#11864 = SURFACE_CURVE('',#11865,(#11870,#11877),.PCURVE_S1.);
#11865 = CIRCLE('',#11866,1.3);
#11866 = AXIS2_PLACEMENT_3D('',#11867,#11868,#11869);
#11867 = CARTESIAN_POINT('',(125.04922678357,71.7,125.2));
#11868 = DIRECTION('',(0.,1.,-0.));
#11869 = DIRECTION('',(-1.,0.,0.));
#11870 = PCURVE('',#11844,#11871);
#11871 = DEFINITIONAL_REPRESENTATION('',(#11872),#11876);
#11872 = LINE('',#11873,#11874);
#11873 = CARTESIAN_POINT('',(-0.,-3.));
#11874 = VECTOR('',#11875,1.);
#11875 = DIRECTION('',(-1.,0.));
#11876 = ( GEOMETRIC_REPRESENTATION_CONTEXT(2) 
PARAMETRIC_REPRESENTATION_CONTEXT() REPRESENTATION_CONTEXT('2D SPACE',''
  ) );
#11877 = PCURVE('',#72,#11878);
#11878 = DEFINITIONAL_REPRESENTATION('',(#11879),#11883);
#11879 = CIRCLE('',#11880,1.3);
#11880 = AXIS2_PLACEMENT_2D('',#11881,#11882);
#11881 = CARTESIAN_POINT('',(-35.04922678357,39.45));
#11882 = DIRECTION('',(1.,0.));
#11883 = ( GEOMETRIC_REPRESENTATION_CONTEXT(2) 
PARAMETRIC_REPRESENTATION_CONTEXT() REPRESENTATION_CONTEXT('2D SPACE',''
  ) );
#11884 = ORIENTED_EDGE('',*,*,#11833,.F.);
#11885 = ORIENTED_EDGE('',*,*,#11886,.F.);
#11886 = EDGE_CURVE('',#11834,#11834,#11887,.T.);
#11887 = SURFACE_CURVE('',#11888,(#11893,#11900),.PCURVE_S1.);
#11888 = CIRCLE('',#11889,1.3);
#11889 = AXIS2_PLACEMENT_3D('',#11890,#11891,#11892);
#11890 = CARTESIAN_POINT('',(125.04922678357,68.7,125.2));
#11891 = DIRECTION('',(0.,1.,-0.));
#11892 = DIRECTION('',(-1.,0.,0.));
#11893 = PCURVE('',#11844,#11894);
#11894 = DEFINITIONAL_REPRESENTATION('',(#11895),#11899);
#11895 = LINE('',#11896,#11897);
#11896 = CARTESIAN_POINT('',(-0.,0.));
#11897 = VECTOR('',#11898,1.);
#11898 = DIRECTION('',(-1.,0.));
#11899 = ( GEOMETRIC_REPRESENTATION_CONTEXT(2) 
PARAMETRIC_REPRESENTATION_CONTEXT() REPRESENTATION_CONTEXT('2D SPACE',''
  ) );
#11900 = PCURVE('',#126,#11901);
#11901 = DEFINITIONAL_REPRESENTATION('',(#11902),#11906);
#11902 = CIRCLE('',#11903,1.3);
#11903 = AXIS2_PLACEMENT_2D('',#11904,#11905);
#11904 = CARTESIAN_POINT('',(-35.04922678357,39.45));
#11905 = DIRECTION('',(1.,0.));
#11906 = ( GEOMETRIC_REPRESENTATION_CONTEXT(2) 
PARAMETRIC_REPRESENTATION_CONTEXT() REPRESENTATION_CONTEXT('2D SPACE',''
  ) );
#11907 = ADVANCED_FACE('',(#11908),#11922,.F.);
#11908 = FACE_BOUND('',#11909,.T.);
#11909 = EDGE_LOOP('',(#11910,#11940,#11962,#11963));
#11910 = ORIENTED_EDGE('',*,*,#11911,.T.);
#11911 = EDGE_CURVE('',#11912,#11914,#11916,.T.);
#11912 = VERTEX_POINT('',#11913);
#11913 = CARTESIAN_POINT('',(119.59230484541,68.7,118.));
#11914 = VERTEX_POINT('',#11915);
#11915 = CARTESIAN_POINT('',(119.59230484541,71.7,118.));
#11916 = SEAM_CURVE('',#11917,(#11921,#11933),.PCURVE_S1.);
#11917 = LINE('',#11918,#11919);
#11918 = CARTESIAN_POINT('',(119.59230484541,68.7,118.));
#11919 = VECTOR('',#11920,1.);
#11920 = DIRECTION('',(0.,1.,-0.));
#11921 = PCURVE('',#11922,#11927);
#11922 = CYLINDRICAL_SURFACE('',#11923,1.3);
#11923 = AXIS2_PLACEMENT_3D('',#11924,#11925,#11926);
#11924 = CARTESIAN_POINT('',(120.89230484541,68.7,118.));
#11925 = DIRECTION('',(-0.,-1.,0.));
#11926 = DIRECTION('',(-1.,0.,0.));
#11927 = DEFINITIONAL_REPRESENTATION('',(#11928),#11932);
#11928 = LINE('',#11929,#11930);
#11929 = CARTESIAN_POINT('',(-0.,0.));
#11930 = VECTOR('',#11931,1.);
#11931 = DIRECTION('',(-0.,-1.));
#11932 = ( GEOMETRIC_REPRESENTATION_CONTEXT(2) 
PARAMETRIC_REPRESENTATION_CONTEXT() REPRESENTATION_CONTEXT('2D SPACE',''
  ) );
#11933 = PCURVE('',#11922,#11934);
#11934 = DEFINITIONAL_REPRESENTATION('',(#11935),#11939);
#11935 = LINE('',#11936,#11937);
#11936 = CARTESIAN_POINT('',(-6.28318530718,0.));
#11937 = VECTOR('',#11938,1.);
#11938 = DIRECTION('',(-0.,-1.));
#11939 = ( GEOMETRIC_REPRESENTATION_CONTEXT(2) 
PARAMETRIC_REPRESENTATION_CONTEXT() REPRESENTATION_CONTEXT('2D SPACE',''
  ) );
#11940 = ORIENTED_EDGE('',*,*,#11941,.T.);
#11941 = EDGE_CURVE('',#11914,#11914,#11942,.T.);
#11942 = SURFACE_CURVE('',#11943,(#11948,#11955),.PCURVE_S1.);
#11943 = CIRCLE('',#11944,1.3);
#11944 = AXIS2_PLACEMENT_3D('',#11945,#11946,#11947);
#11945 = CARTESIAN_POINT('',(120.89230484541,71.7,118.));
#11946 = DIRECTION('',(0.,1.,-0.));
#11947 = DIRECTION('',(-1.,0.,0.));
#11948 = PCURVE('',#11922,#11949);
#11949 = DEFINITIONAL_REPRESENTATION('',(#11950),#11954);
#11950 = LINE('',#11951,#11952);
#11951 = CARTESIAN_POINT('',(-0.,-3.));
#11952 = VECTOR('',#11953,1.);
#11953 = DIRECTION('',(-1.,0.));
#11954 = ( GEOMETRIC_REPRESENTATION_CONTEXT(2) 
PARAMETRIC_REPRESENTATION_CONTEXT() REPRESENTATION_CONTEXT('2D SPACE',''
  ) );
#11955 = PCURVE('',#72,#11956);
#11956 = DEFINITIONAL_REPRESENTATION('',(#11957),#11961);
#11957 = CIRCLE('',#11958,1.3);
#11958 = AXIS2_PLACEMENT_2D('',#11959,#11960);
#11959 = CARTESIAN_POINT('',(-30.89230484541,32.25));
#11960 = DIRECTION('',(1.,0.));
#11961 = ( GEOMETRIC_REPRESENTATION_CONTEXT(2) 
PARAMETRIC_REPRESENTATION_CONTEXT() REPRESENTATION_CONTEXT('2D SPACE',''
  ) );
#11962 = ORIENTED_EDGE('',*,*,#11911,.F.);
#11963 = ORIENTED_EDGE('',*,*,#11964,.F.);
#11964 = EDGE_CURVE('',#11912,#11912,#11965,.T.);
#11965 = SURFACE_CURVE('',#11966,(#11971,#11978),.PCURVE_S1.);
#11966 = CIRCLE('',#11967,1.3);
#11967 = AXIS2_PLACEMENT_3D('',#11968,#11969,#11970);
#11968 = CARTESIAN_POINT('',(120.89230484541,68.7,118.));
#11969 = DIRECTION('',(0.,1.,-0.));
#11970 = DIRECTION('',(-1.,0.,0.));
#11971 = PCURVE('',#11922,#11972);
#11972 = DEFINITIONAL_REPRESENTATION('',(#11973),#11977);
#11973 = LINE('',#11974,#11975);
#11974 = CARTESIAN_POINT('',(-0.,0.));
#11975 = VECTOR('',#11976,1.);
#11976 = DIRECTION('',(-1.,0.));
#11977 = ( GEOMETRIC_REPRESENTATION_CONTEXT(2) 
PARAMETRIC_REPRESENTATION_CONTEXT() REPRESENTATION_CONTEXT('2D SPACE',''
  ) );
#11978 = PCURVE('',#126,#11979);
#11979 = DEFINITIONAL_REPRESENTATION('',(#11980),#11984);
#11980 = CIRCLE('',#11981,1.3);
#11981 = AXIS2_PLACEMENT_2D('',#11982,#11983);
#11982 = CARTESIAN_POINT('',(-30.89230484541,32.25));
#11983 = DIRECTION('',(1.,0.));
#11984 = ( GEOMETRIC_REPRESENTATION_CONTEXT(2) 
PARAMETRIC_REPRESENTATION_CONTEXT() REPRESENTATION_CONTEXT('2D SPACE',''
  ) );
#11985 = ADVANCED_FACE('',(#11986),#12000,.F.);
#11986 = FACE_BOUND('',#11987,.T.);
#11987 = EDGE_LOOP('',(#11988,#12018,#12040,#12041));
#11988 = ORIENTED_EDGE('',*,*,#11989,.T.);
#11989 = EDGE_CURVE('',#11990,#11992,#11994,.T.);
#11990 = VERTEX_POINT('',#11991);
#11991 = CARTESIAN_POINT('',(115.43538290724,68.7,120.4));
#11992 = VERTEX_POINT('',#11993);
#11993 = CARTESIAN_POINT('',(115.43538290724,71.7,120.4));
#11994 = SEAM_CURVE('',#11995,(#11999,#12011),.PCURVE_S1.);
#11995 = LINE('',#11996,#11997);
#11996 = CARTESIAN_POINT('',(115.43538290724,68.7,120.4));
#11997 = VECTOR('',#11998,1.);
#11998 = DIRECTION('',(0.,1.,-0.));
#11999 = PCURVE('',#12000,#12005);
#12000 = CYLINDRICAL_SURFACE('',#12001,1.3);
#12001 = AXIS2_PLACEMENT_3D('',#12002,#12003,#12004);
#12002 = CARTESIAN_POINT('',(116.73538290724,68.7,120.4));
#12003 = DIRECTION('',(-0.,-1.,0.));
#12004 = DIRECTION('',(-1.,0.,0.));
#12005 = DEFINITIONAL_REPRESENTATION('',(#12006),#12010);
#12006 = LINE('',#12007,#12008);
#12007 = CARTESIAN_POINT('',(-0.,0.));
#12008 = VECTOR('',#12009,1.);
#12009 = DIRECTION('',(-0.,-1.));
#12010 = ( GEOMETRIC_REPRESENTATION_CONTEXT(2) 
PARAMETRIC_REPRESENTATION_CONTEXT() REPRESENTATION_CONTEXT('2D SPACE',''
  ) );
#12011 = PCURVE('',#12000,#12012);
#12012 = DEFINITIONAL_REPRESENTATION('',(#12013),#12017);
#12013 = LINE('',#12014,#12015);
#12014 = CARTESIAN_POINT('',(-6.28318530718,0.));
#12015 = VECTOR('',#12016,1.);
#12016 = DIRECTION('',(-0.,-1.));
#12017 = ( GEOMETRIC_REPRESENTATION_CONTEXT(2) 
PARAMETRIC_REPRESENTATION_CONTEXT() REPRESENTATION_CONTEXT('2D SPACE',''
  ) );
#12018 = ORIENTED_EDGE('',*,*,#12019,.T.);
#12019 = EDGE_CURVE('',#11992,#11992,#12020,.T.);
#12020 = SURFACE_CURVE('',#12021,(#12026,#12033),.PCURVE_S1.);
#12021 = CIRCLE('',#12022,1.3);
#12022 = AXIS2_PLACEMENT_3D('',#12023,#12024,#12025);
#12023 = CARTESIAN_POINT('',(116.73538290724,71.7,120.4));
#12024 = DIRECTION('',(0.,1.,-0.));
#12025 = DIRECTION('',(-1.,0.,0.));
#12026 = PCURVE('',#12000,#12027);
#12027 = DEFINITIONAL_REPRESENTATION('',(#12028),#12032);
#12028 = LINE('',#12029,#12030);
#12029 = CARTESIAN_POINT('',(-0.,-3.));
#12030 = VECTOR('',#12031,1.);
#12031 = DIRECTION('',(-1.,0.));
#12032 = ( GEOMETRIC_REPRESENTATION_CONTEXT(2) 
PARAMETRIC_REPRESENTATION_CONTEXT() REPRESENTATION_CONTEXT('2D SPACE',''
  ) );
#12033 = PCURVE('',#72,#12034);
#12034 = DEFINITIONAL_REPRESENTATION('',(#12035),#12039);
#12035 = CIRCLE('',#12036,1.3);
#12036 = AXIS2_PLACEMENT_2D('',#12037,#12038);
#12037 = CARTESIAN_POINT('',(-26.73538290724,34.65));
#12038 = DIRECTION('',(1.,0.));
#12039 = ( GEOMETRIC_REPRESENTATION_CONTEXT(2) 
PARAMETRIC_REPRESENTATION_CONTEXT() REPRESENTATION_CONTEXT('2D SPACE',''
  ) );
#12040 = ORIENTED_EDGE('',*,*,#11989,.F.);
#12041 = ORIENTED_EDGE('',*,*,#12042,.F.);
#12042 = EDGE_CURVE('',#11990,#11990,#12043,.T.);
#12043 = SURFACE_CURVE('',#12044,(#12049,#12056),.PCURVE_S1.);
#12044 = CIRCLE('',#12045,1.3);
#12045 = AXIS2_PLACEMENT_3D('',#12046,#12047,#12048);
#12046 = CARTESIAN_POINT('',(116.73538290724,68.7,120.4));
#12047 = DIRECTION('',(0.,1.,-0.));
#12048 = DIRECTION('',(-1.,0.,0.));
#12049 = PCURVE('',#12000,#12050);
#12050 = DEFINITIONAL_REPRESENTATION('',(#12051),#12055);
#12051 = LINE('',#12052,#12053);
#12052 = CARTESIAN_POINT('',(-0.,0.));
#12053 = VECTOR('',#12054,1.);
#12054 = DIRECTION('',(-1.,0.));
#12055 = ( GEOMETRIC_REPRESENTATION_CONTEXT(2) 
PARAMETRIC_REPRESENTATION_CONTEXT() REPRESENTATION_CONTEXT('2D SPACE',''
  ) );
#12056 = PCURVE('',#126,#12057);
#12057 = DEFINITIONAL_REPRESENTATION('',(#12058),#12062);
#12058 = CIRCLE('',#12059,1.3);
#12059 = AXIS2_PLACEMENT_2D('',#12060,#12061);
#12060 = CARTESIAN_POINT('',(-26.73538290724,34.65));
#12061 = DIRECTION('',(1.,0.));
#12062 = ( GEOMETRIC_REPRESENTATION_CONTEXT(2) 
PARAMETRIC_REPRESENTATION_CONTEXT() REPRESENTATION_CONTEXT('2D SPACE',''
  ) );
#12063 = ADVANCED_FACE('',(#12064),#12078,.F.);
#12064 = FACE_BOUND('',#12065,.T.);
#12065 = EDGE_LOOP('',(#12066,#12096,#12118,#12119));
#12066 = ORIENTED_EDGE('',*,*,#12067,.T.);
#12067 = EDGE_CURVE('',#12068,#12070,#12072,.T.);
#12068 = VERTEX_POINT('',#12069);
#12069 = CARTESIAN_POINT('',(111.27846096908,68.7,118.));
#12070 = VERTEX_POINT('',#12071);
#12071 = CARTESIAN_POINT('',(111.27846096908,71.7,118.));
#12072 = SEAM_CURVE('',#12073,(#12077,#12089),.PCURVE_S1.);
#12073 = LINE('',#12074,#12075);
#12074 = CARTESIAN_POINT('',(111.27846096908,68.7,118.));
#12075 = VECTOR('',#12076,1.);
#12076 = DIRECTION('',(0.,1.,-0.));
#12077 = PCURVE('',#12078,#12083);
#12078 = CYLINDRICAL_SURFACE('',#12079,1.3);
#12079 = AXIS2_PLACEMENT_3D('',#12080,#12081,#12082);
#12080 = CARTESIAN_POINT('',(112.57846096908,68.7,118.));
#12081 = DIRECTION('',(-0.,-1.,0.));
#12082 = DIRECTION('',(-1.,0.,0.));
#12083 = DEFINITIONAL_REPRESENTATION('',(#12084),#12088);
#12084 = LINE('',#12085,#12086);
#12085 = CARTESIAN_POINT('',(-0.,0.));
#12086 = VECTOR('',#12087,1.);
#12087 = DIRECTION('',(-0.,-1.));
#12088 = ( GEOMETRIC_REPRESENTATION_CONTEXT(2) 
PARAMETRIC_REPRESENTATION_CONTEXT() REPRESENTATION_CONTEXT('2D SPACE',''
  ) );
#12089 = PCURVE('',#12078,#12090);
#12090 = DEFINITIONAL_REPRESENTATION('',(#12091),#12095);
#12091 = LINE('',#12092,#12093);
#12092 = CARTESIAN_POINT('',(-6.28318530718,0.));
#12093 = VECTOR('',#12094,1.);
#12094 = DIRECTION('',(-0.,-1.));
#12095 = ( GEOMETRIC_REPRESENTATION_CONTEXT(2) 
PARAMETRIC_REPRESENTATION_CONTEXT() REPRESENTATION_CONTEXT('2D SPACE',''
  ) );
#12096 = ORIENTED_EDGE('',*,*,#12097,.T.);
#12097 = EDGE_CURVE('',#12070,#12070,#12098,.T.);
#12098 = SURFACE_CURVE('',#12099,(#12104,#12111),.PCURVE_S1.);
#12099 = CIRCLE('',#12100,1.3);
#12100 = AXIS2_PLACEMENT_3D('',#12101,#12102,#12103);
#12101 = CARTESIAN_POINT('',(112.57846096908,71.7,118.));
#12102 = DIRECTION('',(0.,1.,-0.));
#12103 = DIRECTION('',(-1.,0.,0.));
#12104 = PCURVE('',#12078,#12105);
#12105 = DEFINITIONAL_REPRESENTATION('',(#12106),#12110);
#12106 = LINE('',#12107,#12108);
#12107 = CARTESIAN_POINT('',(-0.,-3.));
#12108 = VECTOR('',#12109,1.);
#12109 = DIRECTION('',(-1.,0.));
#12110 = ( GEOMETRIC_REPRESENTATION_CONTEXT(2) 
PARAMETRIC_REPRESENTATION_CONTEXT() REPRESENTATION_CONTEXT('2D SPACE',''
  ) );
#12111 = PCURVE('',#72,#12112);
#12112 = DEFINITIONAL_REPRESENTATION('',(#12113),#12117);
#12113 = CIRCLE('',#12114,1.3);
#12114 = AXIS2_PLACEMENT_2D('',#12115,#12116);
#12115 = CARTESIAN_POINT('',(-22.57846096908,32.25));
#12116 = DIRECTION('',(1.,0.));
#12117 = ( GEOMETRIC_REPRESENTATION_CONTEXT(2) 
PARAMETRIC_REPRESENTATION_CONTEXT() REPRESENTATION_CONTEXT('2D SPACE',''
  ) );
#12118 = ORIENTED_EDGE('',*,*,#12067,.F.);
#12119 = ORIENTED_EDGE('',*,*,#12120,.F.);
#12120 = EDGE_CURVE('',#12068,#12068,#12121,.T.);
#12121 = SURFACE_CURVE('',#12122,(#12127,#12134),.PCURVE_S1.);
#12122 = CIRCLE('',#12123,1.3);
#12123 = AXIS2_PLACEMENT_3D('',#12124,#12125,#12126);
#12124 = CARTESIAN_POINT('',(112.57846096908,68.7,118.));
#12125 = DIRECTION('',(0.,1.,-0.));
#12126 = DIRECTION('',(-1.,0.,0.));
#12127 = PCURVE('',#12078,#12128);
#12128 = DEFINITIONAL_REPRESENTATION('',(#12129),#12133);
#12129 = LINE('',#12130,#12131);
#12130 = CARTESIAN_POINT('',(-0.,0.));
#12131 = VECTOR('',#12132,1.);
#12132 = DIRECTION('',(-1.,0.));
#12133 = ( GEOMETRIC_REPRESENTATION_CONTEXT(2) 
PARAMETRIC_REPRESENTATION_CONTEXT() REPRESENTATION_CONTEXT('2D SPACE',''
  ) );
#12134 = PCURVE('',#126,#12135);
#12135 = DEFINITIONAL_REPRESENTATION('',(#12136),#12140);
#12136 = CIRCLE('',#12137,1.3);
#12137 = AXIS2_PLACEMENT_2D('',#12138,#12139);
#12138 = CARTESIAN_POINT('',(-22.57846096908,32.25));
#12139 = DIRECTION('',(1.,0.));
#12140 = ( GEOMETRIC_REPRESENTATION_CONTEXT(2) 
PARAMETRIC_REPRESENTATION_CONTEXT() REPRESENTATION_CONTEXT('2D SPACE',''
  ) );
#12141 = ADVANCED_FACE('',(#12142),#12156,.F.);
#12142 = FACE_BOUND('',#12143,.T.);
#12143 = EDGE_LOOP('',(#12144,#12174,#12196,#12197));
#12144 = ORIENTED_EDGE('',*,*,#12145,.T.);
#12145 = EDGE_CURVE('',#12146,#12148,#12150,.T.);
#12146 = VERTEX_POINT('',#12147);
#12147 = CARTESIAN_POINT('',(119.59230484541,68.7,122.8));
#12148 = VERTEX_POINT('',#12149);
#12149 = CARTESIAN_POINT('',(119.59230484541,71.7,122.8));
#12150 = SEAM_CURVE('',#12151,(#12155,#12167),.PCURVE_S1.);
#12151 = LINE('',#12152,#12153);
#12152 = CARTESIAN_POINT('',(119.59230484541,68.7,122.8));
#12153 = VECTOR('',#12154,1.);
#12154 = DIRECTION('',(0.,1.,-0.));
#12155 = PCURVE('',#12156,#12161);
#12156 = CYLINDRICAL_SURFACE('',#12157,1.3);
#12157 = AXIS2_PLACEMENT_3D('',#12158,#12159,#12160);
#12158 = CARTESIAN_POINT('',(120.89230484541,68.7,122.8));
#12159 = DIRECTION('',(-0.,-1.,0.));
#12160 = DIRECTION('',(-1.,0.,0.));
#12161 = DEFINITIONAL_REPRESENTATION('',(#12162),#12166);
#12162 = LINE('',#12163,#12164);
#12163 = CARTESIAN_POINT('',(-0.,0.));
#12164 = VECTOR('',#12165,1.);
#12165 = DIRECTION('',(-0.,-1.));
#12166 = ( GEOMETRIC_REPRESENTATION_CONTEXT(2) 
PARAMETRIC_REPRESENTATION_CONTEXT() REPRESENTATION_CONTEXT('2D SPACE',''
  ) );
#12167 = PCURVE('',#12156,#12168);
#12168 = DEFINITIONAL_REPRESENTATION('',(#12169),#12173);
#12169 = LINE('',#12170,#12171);
#12170 = CARTESIAN_POINT('',(-6.28318530718,0.));
#12171 = VECTOR('',#12172,1.);
#12172 = DIRECTION('',(-0.,-1.));
#12173 = ( GEOMETRIC_REPRESENTATION_CONTEXT(2) 
PARAMETRIC_REPRESENTATION_CONTEXT() REPRESENTATION_CONTEXT('2D SPACE',''
  ) );
#12174 = ORIENTED_EDGE('',*,*,#12175,.T.);
#12175 = EDGE_CURVE('',#12148,#12148,#12176,.T.);
#12176 = SURFACE_CURVE('',#12177,(#12182,#12189),.PCURVE_S1.);
#12177 = CIRCLE('',#12178,1.3);
#12178 = AXIS2_PLACEMENT_3D('',#12179,#12180,#12181);
#12179 = CARTESIAN_POINT('',(120.89230484541,71.7,122.8));
#12180 = DIRECTION('',(0.,1.,-0.));
#12181 = DIRECTION('',(-1.,0.,0.));
#12182 = PCURVE('',#12156,#12183);
#12183 = DEFINITIONAL_REPRESENTATION('',(#12184),#12188);
#12184 = LINE('',#12185,#12186);
#12185 = CARTESIAN_POINT('',(-0.,-3.));
#12186 = VECTOR('',#12187,1.);
#12187 = DIRECTION('',(-1.,0.));
#12188 = ( GEOMETRIC_REPRESENTATION_CONTEXT(2) 
PARAMETRIC_REPRESENTATION_CONTEXT() REPRESENTATION_CONTEXT('2D SPACE',''
  ) );
#12189 = PCURVE('',#72,#12190);
#12190 = DEFINITIONAL_REPRESENTATION('',(#12191),#12195);
#12191 = CIRCLE('',#12192,1.3);
#12192 = AXIS2_PLACEMENT_2D('',#12193,#12194);
#12193 = CARTESIAN_POINT('',(-30.89230484541,37.05));
#12194 = DIRECTION('',(1.,0.));
#12195 = ( GEOMETRIC_REPRESENTATION_CONTEXT(2) 
PARAMETRIC_REPRESENTATION_CONTEXT() REPRESENTATION_CONTEXT('2D SPACE',''
  ) );
#12196 = ORIENTED_EDGE('',*,*,#12145,.F.);
#12197 = ORIENTED_EDGE('',*,*,#12198,.F.);
#12198 = EDGE_CURVE('',#12146,#12146,#12199,.T.);
#12199 = SURFACE_CURVE('',#12200,(#12205,#12212),.PCURVE_S1.);
#12200 = CIRCLE('',#12201,1.3);
#12201 = AXIS2_PLACEMENT_3D('',#12202,#12203,#12204);
#12202 = CARTESIAN_POINT('',(120.89230484541,68.7,122.8));
#12203 = DIRECTION('',(0.,1.,-0.));
#12204 = DIRECTION('',(-1.,0.,0.));
#12205 = PCURVE('',#12156,#12206);
#12206 = DEFINITIONAL_REPRESENTATION('',(#12207),#12211);
#12207 = LINE('',#12208,#12209);
#12208 = CARTESIAN_POINT('',(-0.,0.));
#12209 = VECTOR('',#12210,1.);
#12210 = DIRECTION('',(-1.,0.));
#12211 = ( GEOMETRIC_REPRESENTATION_CONTEXT(2) 
PARAMETRIC_REPRESENTATION_CONTEXT() REPRESENTATION_CONTEXT('2D SPACE',''
  ) );
#12212 = PCURVE('',#126,#12213);
#12213 = DEFINITIONAL_REPRESENTATION('',(#12214),#12218);
#12214 = CIRCLE('',#12215,1.3);
#12215 = AXIS2_PLACEMENT_2D('',#12216,#12217);
#12216 = CARTESIAN_POINT('',(-30.89230484541,37.05));
#12217 = DIRECTION('',(1.,0.));
#12218 = ( GEOMETRIC_REPRESENTATION_CONTEXT(2) 
PARAMETRIC_REPRESENTATION_CONTEXT() REPRESENTATION_CONTEXT('2D SPACE',''
  ) );
#12219 = ADVANCED_FACE('',(#12220),#12234,.F.);
#12220 = FACE_BOUND('',#12221,.T.);
#12221 = EDGE_LOOP('',(#12222,#12252,#12274,#12275));
#12222 = ORIENTED_EDGE('',*,*,#12223,.T.);
#12223 = EDGE_CURVE('',#12224,#12226,#12228,.T.);
#12224 = VERTEX_POINT('',#12225);
#12225 = CARTESIAN_POINT('',(115.43538290724,68.7,125.2));
#12226 = VERTEX_POINT('',#12227);
#12227 = CARTESIAN_POINT('',(115.43538290724,71.7,125.2));
#12228 = SEAM_CURVE('',#12229,(#12233,#12245),.PCURVE_S1.);
#12229 = LINE('',#12230,#12231);
#12230 = CARTESIAN_POINT('',(115.43538290724,68.7,125.2));
#12231 = VECTOR('',#12232,1.);
#12232 = DIRECTION('',(0.,1.,-0.));
#12233 = PCURVE('',#12234,#12239);
#12234 = CYLINDRICAL_SURFACE('',#12235,1.3);
#12235 = AXIS2_PLACEMENT_3D('',#12236,#12237,#12238);
#12236 = CARTESIAN_POINT('',(116.73538290724,68.7,125.2));
#12237 = DIRECTION('',(-0.,-1.,0.));
#12238 = DIRECTION('',(-1.,0.,0.));
#12239 = DEFINITIONAL_REPRESENTATION('',(#12240),#12244);
#12240 = LINE('',#12241,#12242);
#12241 = CARTESIAN_POINT('',(-0.,0.));
#12242 = VECTOR('',#12243,1.);
#12243 = DIRECTION('',(-0.,-1.));
#12244 = ( GEOMETRIC_REPRESENTATION_CONTEXT(2) 
PARAMETRIC_REPRESENTATION_CONTEXT() REPRESENTATION_CONTEXT('2D SPACE',''
  ) );
#12245 = PCURVE('',#12234,#12246);
#12246 = DEFINITIONAL_REPRESENTATION('',(#12247),#12251);
#12247 = LINE('',#12248,#12249);
#12248 = CARTESIAN_POINT('',(-6.28318530718,0.));
#12249 = VECTOR('',#12250,1.);
#12250 = DIRECTION('',(-0.,-1.));
#12251 = ( GEOMETRIC_REPRESENTATION_CONTEXT(2) 
PARAMETRIC_REPRESENTATION_CONTEXT() REPRESENTATION_CONTEXT('2D SPACE',''
  ) );
#12252 = ORIENTED_EDGE('',*,*,#12253,.T.);
#12253 = EDGE_CURVE('',#12226,#12226,#12254,.T.);
#12254 = SURFACE_CURVE('',#12255,(#12260,#12267),.PCURVE_S1.);
#12255 = CIRCLE('',#12256,1.3);
#12256 = AXIS2_PLACEMENT_3D('',#12257,#12258,#12259);
#12257 = CARTESIAN_POINT('',(116.73538290724,71.7,125.2));
#12258 = DIRECTION('',(0.,1.,-0.));
#12259 = DIRECTION('',(-1.,0.,0.));
#12260 = PCURVE('',#12234,#12261);
#12261 = DEFINITIONAL_REPRESENTATION('',(#12262),#12266);
#12262 = LINE('',#12263,#12264);
#12263 = CARTESIAN_POINT('',(-0.,-3.));
#12264 = VECTOR('',#12265,1.);
#12265 = DIRECTION('',(-1.,0.));
#12266 = ( GEOMETRIC_REPRESENTATION_CONTEXT(2) 
PARAMETRIC_REPRESENTATION_CONTEXT() REPRESENTATION_CONTEXT('2D SPACE',''
  ) );
#12267 = PCURVE('',#72,#12268);
#12268 = DEFINITIONAL_REPRESENTATION('',(#12269),#12273);
#12269 = CIRCLE('',#12270,1.3);
#12270 = AXIS2_PLACEMENT_2D('',#12271,#12272);
#12271 = CARTESIAN_POINT('',(-26.73538290724,39.45));
#12272 = DIRECTION('',(1.,0.));
#12273 = ( GEOMETRIC_REPRESENTATION_CONTEXT(2) 
PARAMETRIC_REPRESENTATION_CONTEXT() REPRESENTATION_CONTEXT('2D SPACE',''
  ) );
#12274 = ORIENTED_EDGE('',*,*,#12223,.F.);
#12275 = ORIENTED_EDGE('',*,*,#12276,.F.);
#12276 = EDGE_CURVE('',#12224,#12224,#12277,.T.);
#12277 = SURFACE_CURVE('',#12278,(#12283,#12290),.PCURVE_S1.);
#12278 = CIRCLE('',#12279,1.3);
#12279 = AXIS2_PLACEMENT_3D('',#12280,#12281,#12282);
#12280 = CARTESIAN_POINT('',(116.73538290724,68.7,125.2));
#12281 = DIRECTION('',(0.,1.,-0.));
#12282 = DIRECTION('',(-1.,0.,0.));
#12283 = PCURVE('',#12234,#12284);
#12284 = DEFINITIONAL_REPRESENTATION('',(#12285),#12289);
#12285 = LINE('',#12286,#12287);
#12286 = CARTESIAN_POINT('',(-0.,0.));
#12287 = VECTOR('',#12288,1.);
#12288 = DIRECTION('',(-1.,0.));
#12289 = ( GEOMETRIC_REPRESENTATION_CONTEXT(2) 
PARAMETRIC_REPRESENTATION_CONTEXT() REPRESENTATION_CONTEXT('2D SPACE',''
  ) );
#12290 = PCURVE('',#126,#12291);
#12291 = DEFINITIONAL_REPRESENTATION('',(#12292),#12296);
#12292 = CIRCLE('',#12293,1.3);
#12293 = AXIS2_PLACEMENT_2D('',#12294,#12295);
#12294 = CARTESIAN_POINT('',(-26.73538290724,39.45));
#12295 = DIRECTION('',(1.,0.));
#12296 = ( GEOMETRIC_REPRESENTATION_CONTEXT(2) 
PARAMETRIC_REPRESENTATION_CONTEXT() REPRESENTATION_CONTEXT('2D SPACE',''
  ) );
#12297 = ADVANCED_FACE('',(#12298),#12312,.F.);
#12298 = FACE_BOUND('',#12299,.T.);
#12299 = EDGE_LOOP('',(#12300,#12330,#12352,#12353));
#12300 = ORIENTED_EDGE('',*,*,#12301,.T.);
#12301 = EDGE_CURVE('',#12302,#12304,#12306,.T.);
#12302 = VERTEX_POINT('',#12303);
#12303 = CARTESIAN_POINT('',(111.27846096908,68.7,122.8));
#12304 = VERTEX_POINT('',#12305);
#12305 = CARTESIAN_POINT('',(111.27846096908,71.7,122.8));
#12306 = SEAM_CURVE('',#12307,(#12311,#12323),.PCURVE_S1.);
#12307 = LINE('',#12308,#12309);
#12308 = CARTESIAN_POINT('',(111.27846096908,68.7,122.8));
#12309 = VECTOR('',#12310,1.);
#12310 = DIRECTION('',(0.,1.,-0.));
#12311 = PCURVE('',#12312,#12317);
#12312 = CYLINDRICAL_SURFACE('',#12313,1.3);
#12313 = AXIS2_PLACEMENT_3D('',#12314,#12315,#12316);
#12314 = CARTESIAN_POINT('',(112.57846096908,68.7,122.8));
#12315 = DIRECTION('',(-0.,-1.,0.));
#12316 = DIRECTION('',(-1.,0.,0.));
#12317 = DEFINITIONAL_REPRESENTATION('',(#12318),#12322);
#12318 = LINE('',#12319,#12320);
#12319 = CARTESIAN_POINT('',(-0.,0.));
#12320 = VECTOR('',#12321,1.);
#12321 = DIRECTION('',(-0.,-1.));
#12322 = ( GEOMETRIC_REPRESENTATION_CONTEXT(2) 
PARAMETRIC_REPRESENTATION_CONTEXT() REPRESENTATION_CONTEXT('2D SPACE',''
  ) );
#12323 = PCURVE('',#12312,#12324);
#12324 = DEFINITIONAL_REPRESENTATION('',(#12325),#12329);
#12325 = LINE('',#12326,#12327);
#12326 = CARTESIAN_POINT('',(-6.28318530718,0.));
#12327 = VECTOR('',#12328,1.);
#12328 = DIRECTION('',(-0.,-1.));
#12329 = ( GEOMETRIC_REPRESENTATION_CONTEXT(2) 
PARAMETRIC_REPRESENTATION_CONTEXT() REPRESENTATION_CONTEXT('2D SPACE',''
  ) );
#12330 = ORIENTED_EDGE('',*,*,#12331,.T.);
#12331 = EDGE_CURVE('',#12304,#12304,#12332,.T.);
#12332 = SURFACE_CURVE('',#12333,(#12338,#12345),.PCURVE_S1.);
#12333 = CIRCLE('',#12334,1.3);
#12334 = AXIS2_PLACEMENT_3D('',#12335,#12336,#12337);
#12335 = CARTESIAN_POINT('',(112.57846096908,71.7,122.8));
#12336 = DIRECTION('',(0.,1.,-0.));
#12337 = DIRECTION('',(-1.,0.,0.));
#12338 = PCURVE('',#12312,#12339);
#12339 = DEFINITIONAL_REPRESENTATION('',(#12340),#12344);
#12340 = LINE('',#12341,#12342);
#12341 = CARTESIAN_POINT('',(-0.,-3.));
#12342 = VECTOR('',#12343,1.);
#12343 = DIRECTION('',(-1.,0.));
#12344 = ( GEOMETRIC_REPRESENTATION_CONTEXT(2) 
PARAMETRIC_REPRESENTATION_CONTEXT() REPRESENTATION_CONTEXT('2D SPACE',''
  ) );
#12345 = PCURVE('',#72,#12346);
#12346 = DEFINITIONAL_REPRESENTATION('',(#12347),#12351);
#12347 = CIRCLE('',#12348,1.3);
#12348 = AXIS2_PLACEMENT_2D('',#12349,#12350);
#12349 = CARTESIAN_POINT('',(-22.57846096908,37.05));
#12350 = DIRECTION('',(1.,0.));
#12351 = ( GEOMETRIC_REPRESENTATION_CONTEXT(2) 
PARAMETRIC_REPRESENTATION_CONTEXT() REPRESENTATION_CONTEXT('2D SPACE',''
  ) );
#12352 = ORIENTED_EDGE('',*,*,#12301,.F.);
#12353 = ORIENTED_EDGE('',*,*,#12354,.F.);
#12354 = EDGE_CURVE('',#12302,#12302,#12355,.T.);
#12355 = SURFACE_CURVE('',#12356,(#12361,#12368),.PCURVE_S1.);
#12356 = CIRCLE('',#12357,1.3);
#12357 = AXIS2_PLACEMENT_3D('',#12358,#12359,#12360);
#12358 = CARTESIAN_POINT('',(112.57846096908,68.7,122.8));
#12359 = DIRECTION('',(0.,1.,-0.));
#12360 = DIRECTION('',(-1.,0.,0.));
#12361 = PCURVE('',#12312,#12362);
#12362 = DEFINITIONAL_REPRESENTATION('',(#12363),#12367);
#12363 = LINE('',#12364,#12365);
#12364 = CARTESIAN_POINT('',(-0.,0.));
#12365 = VECTOR('',#12366,1.);
#12366 = DIRECTION('',(-1.,0.));
#12367 = ( GEOMETRIC_REPRESENTATION_CONTEXT(2) 
PARAMETRIC_REPRESENTATION_CONTEXT() REPRESENTATION_CONTEXT('2D SPACE',''
  ) );
#12368 = PCURVE('',#126,#12369);
#12369 = DEFINITIONAL_REPRESENTATION('',(#12370),#12374);
#12370 = CIRCLE('',#12371,1.3);
#12371 = AXIS2_PLACEMENT_2D('',#12372,#12373);
#12372 = CARTESIAN_POINT('',(-22.57846096908,37.05));
#12373 = DIRECTION('',(1.,0.));
#12374 = ( GEOMETRIC_REPRESENTATION_CONTEXT(2) 
PARAMETRIC_REPRESENTATION_CONTEXT() REPRESENTATION_CONTEXT('2D SPACE',''
  ) );
#12375 = ADVANCED_FACE('',(#12376),#12390,.F.);
#12376 = FACE_BOUND('',#12377,.T.);
#12377 = EDGE_LOOP('',(#12378,#12408,#12430,#12431));
#12378 = ORIENTED_EDGE('',*,*,#12379,.T.);
#12379 = EDGE_CURVE('',#12380,#12382,#12384,.T.);
#12380 = VERTEX_POINT('',#12381);
#12381 = CARTESIAN_POINT('',(107.12153903091,68.7,106.));
#12382 = VERTEX_POINT('',#12383);
#12383 = CARTESIAN_POINT('',(107.12153903091,71.7,106.));
#12384 = SEAM_CURVE('',#12385,(#12389,#12401),.PCURVE_S1.);
#12385 = LINE('',#12386,#12387);
#12386 = CARTESIAN_POINT('',(107.12153903091,68.7,106.));
#12387 = VECTOR('',#12388,1.);
#12388 = DIRECTION('',(0.,1.,-0.));
#12389 = PCURVE('',#12390,#12395);
#12390 = CYLINDRICAL_SURFACE('',#12391,1.3);
#12391 = AXIS2_PLACEMENT_3D('',#12392,#12393,#12394);
#12392 = CARTESIAN_POINT('',(108.42153903091,68.7,106.));
#12393 = DIRECTION('',(-0.,-1.,0.));
#12394 = DIRECTION('',(-1.,0.,0.));
#12395 = DEFINITIONAL_REPRESENTATION('',(#12396),#12400);
#12396 = LINE('',#12397,#12398);
#12397 = CARTESIAN_POINT('',(-0.,0.));
#12398 = VECTOR('',#12399,1.);
#12399 = DIRECTION('',(-0.,-1.));
#12400 = ( GEOMETRIC_REPRESENTATION_CONTEXT(2) 
PARAMETRIC_REPRESENTATION_CONTEXT() REPRESENTATION_CONTEXT('2D SPACE',''
  ) );
#12401 = PCURVE('',#12390,#12402);
#12402 = DEFINITIONAL_REPRESENTATION('',(#12403),#12407);
#12403 = LINE('',#12404,#12405);
#12404 = CARTESIAN_POINT('',(-6.28318530718,0.));
#12405 = VECTOR('',#12406,1.);
#12406 = DIRECTION('',(-0.,-1.));
#12407 = ( GEOMETRIC_REPRESENTATION_CONTEXT(2) 
PARAMETRIC_REPRESENTATION_CONTEXT() REPRESENTATION_CONTEXT('2D SPACE',''
  ) );
#12408 = ORIENTED_EDGE('',*,*,#12409,.T.);
#12409 = EDGE_CURVE('',#12382,#12382,#12410,.T.);
#12410 = SURFACE_CURVE('',#12411,(#12416,#12423),.PCURVE_S1.);
#12411 = CIRCLE('',#12412,1.3);
#12412 = AXIS2_PLACEMENT_3D('',#12413,#12414,#12415);
#12413 = CARTESIAN_POINT('',(108.42153903091,71.7,106.));
#12414 = DIRECTION('',(0.,1.,-0.));
#12415 = DIRECTION('',(-1.,0.,0.));
#12416 = PCURVE('',#12390,#12417);
#12417 = DEFINITIONAL_REPRESENTATION('',(#12418),#12422);
#12418 = LINE('',#12419,#12420);
#12419 = CARTESIAN_POINT('',(-0.,-3.));
#12420 = VECTOR('',#12421,1.);
#12421 = DIRECTION('',(-1.,0.));
#12422 = ( GEOMETRIC_REPRESENTATION_CONTEXT(2) 
PARAMETRIC_REPRESENTATION_CONTEXT() REPRESENTATION_CONTEXT('2D SPACE',''
  ) );
#12423 = PCURVE('',#72,#12424);
#12424 = DEFINITIONAL_REPRESENTATION('',(#12425),#12429);
#12425 = CIRCLE('',#12426,1.3);
#12426 = AXIS2_PLACEMENT_2D('',#12427,#12428);
#12427 = CARTESIAN_POINT('',(-18.42153903091,20.25));
#12428 = DIRECTION('',(1.,0.));
#12429 = ( GEOMETRIC_REPRESENTATION_CONTEXT(2) 
PARAMETRIC_REPRESENTATION_CONTEXT() REPRESENTATION_CONTEXT('2D SPACE',''
  ) );
#12430 = ORIENTED_EDGE('',*,*,#12379,.F.);
#12431 = ORIENTED_EDGE('',*,*,#12432,.F.);
#12432 = EDGE_CURVE('',#12380,#12380,#12433,.T.);
#12433 = SURFACE_CURVE('',#12434,(#12439,#12446),.PCURVE_S1.);
#12434 = CIRCLE('',#12435,1.3);
#12435 = AXIS2_PLACEMENT_3D('',#12436,#12437,#12438);
#12436 = CARTESIAN_POINT('',(108.42153903091,68.7,106.));
#12437 = DIRECTION('',(0.,1.,-0.));
#12438 = DIRECTION('',(-1.,0.,0.));
#12439 = PCURVE('',#12390,#12440);
#12440 = DEFINITIONAL_REPRESENTATION('',(#12441),#12445);
#12441 = LINE('',#12442,#12443);
#12442 = CARTESIAN_POINT('',(-0.,0.));
#12443 = VECTOR('',#12444,1.);
#12444 = DIRECTION('',(-1.,0.));
#12445 = ( GEOMETRIC_REPRESENTATION_CONTEXT(2) 
PARAMETRIC_REPRESENTATION_CONTEXT() REPRESENTATION_CONTEXT('2D SPACE',''
  ) );
#12446 = PCURVE('',#126,#12447);
#12447 = DEFINITIONAL_REPRESENTATION('',(#12448),#12452);
#12448 = CIRCLE('',#12449,1.3);
#12449 = AXIS2_PLACEMENT_2D('',#12450,#12451);
#12450 = CARTESIAN_POINT('',(-18.42153903091,20.25));
#12451 = DIRECTION('',(1.,0.));
#12452 = ( GEOMETRIC_REPRESENTATION_CONTEXT(2) 
PARAMETRIC_REPRESENTATION_CONTEXT() REPRESENTATION_CONTEXT('2D SPACE',''
  ) );
#12453 = ADVANCED_FACE('',(#12454),#12468,.F.);
#12454 = FACE_BOUND('',#12455,.T.);
#12455 = EDGE_LOOP('',(#12456,#12486,#12508,#12509));
#12456 = ORIENTED_EDGE('',*,*,#12457,.T.);
#12457 = EDGE_CURVE('',#12458,#12460,#12462,.T.);
#12458 = VERTEX_POINT('',#12459);
#12459 = CARTESIAN_POINT('',(107.12153903091,68.7,110.8));
#12460 = VERTEX_POINT('',#12461);
#12461 = CARTESIAN_POINT('',(107.12153903091,71.7,110.8));
#12462 = SEAM_CURVE('',#12463,(#12467,#12479),.PCURVE_S1.);
#12463 = LINE('',#12464,#12465);
#12464 = CARTESIAN_POINT('',(107.12153903091,68.7,110.8));
#12465 = VECTOR('',#12466,1.);
#12466 = DIRECTION('',(0.,1.,-0.));
#12467 = PCURVE('',#12468,#12473);
#12468 = CYLINDRICAL_SURFACE('',#12469,1.3);
#12469 = AXIS2_PLACEMENT_3D('',#12470,#12471,#12472);
#12470 = CARTESIAN_POINT('',(108.42153903091,68.7,110.8));
#12471 = DIRECTION('',(-0.,-1.,0.));
#12472 = DIRECTION('',(-1.,0.,0.));
#12473 = DEFINITIONAL_REPRESENTATION('',(#12474),#12478);
#12474 = LINE('',#12475,#12476);
#12475 = CARTESIAN_POINT('',(-0.,0.));
#12476 = VECTOR('',#12477,1.);
#12477 = DIRECTION('',(-0.,-1.));
#12478 = ( GEOMETRIC_REPRESENTATION_CONTEXT(2) 
PARAMETRIC_REPRESENTATION_CONTEXT() REPRESENTATION_CONTEXT('2D SPACE',''
  ) );
#12479 = PCURVE('',#12468,#12480);
#12480 = DEFINITIONAL_REPRESENTATION('',(#12481),#12485);
#12481 = LINE('',#12482,#12483);
#12482 = CARTESIAN_POINT('',(-6.28318530718,0.));
#12483 = VECTOR('',#12484,1.);
#12484 = DIRECTION('',(-0.,-1.));
#12485 = ( GEOMETRIC_REPRESENTATION_CONTEXT(2) 
PARAMETRIC_REPRESENTATION_CONTEXT() REPRESENTATION_CONTEXT('2D SPACE',''
  ) );
#12486 = ORIENTED_EDGE('',*,*,#12487,.T.);
#12487 = EDGE_CURVE('',#12460,#12460,#12488,.T.);
#12488 = SURFACE_CURVE('',#12489,(#12494,#12501),.PCURVE_S1.);
#12489 = CIRCLE('',#12490,1.3);
#12490 = AXIS2_PLACEMENT_3D('',#12491,#12492,#12493);
#12491 = CARTESIAN_POINT('',(108.42153903091,71.7,110.8));
#12492 = DIRECTION('',(0.,1.,-0.));
#12493 = DIRECTION('',(-1.,0.,0.));
#12494 = PCURVE('',#12468,#12495);
#12495 = DEFINITIONAL_REPRESENTATION('',(#12496),#12500);
#12496 = LINE('',#12497,#12498);
#12497 = CARTESIAN_POINT('',(-0.,-3.));
#12498 = VECTOR('',#12499,1.);
#12499 = DIRECTION('',(-1.,0.));
#12500 = ( GEOMETRIC_REPRESENTATION_CONTEXT(2) 
PARAMETRIC_REPRESENTATION_CONTEXT() REPRESENTATION_CONTEXT('2D SPACE',''
  ) );
#12501 = PCURVE('',#72,#12502);
#12502 = DEFINITIONAL_REPRESENTATION('',(#12503),#12507);
#12503 = CIRCLE('',#12504,1.3);
#12504 = AXIS2_PLACEMENT_2D('',#12505,#12506);
#12505 = CARTESIAN_POINT('',(-18.42153903091,25.05));
#12506 = DIRECTION('',(1.,0.));
#12507 = ( GEOMETRIC_REPRESENTATION_CONTEXT(2) 
PARAMETRIC_REPRESENTATION_CONTEXT() REPRESENTATION_CONTEXT('2D SPACE',''
  ) );
#12508 = ORIENTED_EDGE('',*,*,#12457,.F.);
#12509 = ORIENTED_EDGE('',*,*,#12510,.F.);
#12510 = EDGE_CURVE('',#12458,#12458,#12511,.T.);
#12511 = SURFACE_CURVE('',#12512,(#12517,#12524),.PCURVE_S1.);
#12512 = CIRCLE('',#12513,1.3);
#12513 = AXIS2_PLACEMENT_3D('',#12514,#12515,#12516);
#12514 = CARTESIAN_POINT('',(108.42153903091,68.7,110.8));
#12515 = DIRECTION('',(0.,1.,-0.));
#12516 = DIRECTION('',(-1.,0.,0.));
#12517 = PCURVE('',#12468,#12518);
#12518 = DEFINITIONAL_REPRESENTATION('',(#12519),#12523);
#12519 = LINE('',#12520,#12521);
#12520 = CARTESIAN_POINT('',(-0.,0.));
#12521 = VECTOR('',#12522,1.);
#12522 = DIRECTION('',(-1.,0.));
#12523 = ( GEOMETRIC_REPRESENTATION_CONTEXT(2) 
PARAMETRIC_REPRESENTATION_CONTEXT() REPRESENTATION_CONTEXT('2D SPACE',''
  ) );
#12524 = PCURVE('',#126,#12525);
#12525 = DEFINITIONAL_REPRESENTATION('',(#12526),#12530);
#12526 = CIRCLE('',#12527,1.3);
#12527 = AXIS2_PLACEMENT_2D('',#12528,#12529);
#12528 = CARTESIAN_POINT('',(-18.42153903091,25.05));
#12529 = DIRECTION('',(1.,0.));
#12530 = ( GEOMETRIC_REPRESENTATION_CONTEXT(2) 
PARAMETRIC_REPRESENTATION_CONTEXT() REPRESENTATION_CONTEXT('2D SPACE',''
  ) );
#12531 = ADVANCED_FACE('',(#12532),#12546,.F.);
#12532 = FACE_BOUND('',#12533,.T.);
#12533 = EDGE_LOOP('',(#12534,#12564,#12586,#12587));
#12534 = ORIENTED_EDGE('',*,*,#12535,.T.);
#12535 = EDGE_CURVE('',#12536,#12538,#12540,.T.);
#12536 = VERTEX_POINT('',#12537);
#12537 = CARTESIAN_POINT('',(102.96461709275,68.7,108.4));
#12538 = VERTEX_POINT('',#12539);
#12539 = CARTESIAN_POINT('',(102.96461709275,71.7,108.4));
#12540 = SEAM_CURVE('',#12541,(#12545,#12557),.PCURVE_S1.);
#12541 = LINE('',#12542,#12543);
#12542 = CARTESIAN_POINT('',(102.96461709275,68.7,108.4));
#12543 = VECTOR('',#12544,1.);
#12544 = DIRECTION('',(0.,1.,-0.));
#12545 = PCURVE('',#12546,#12551);
#12546 = CYLINDRICAL_SURFACE('',#12547,1.3);
#12547 = AXIS2_PLACEMENT_3D('',#12548,#12549,#12550);
#12548 = CARTESIAN_POINT('',(104.26461709275,68.7,108.4));
#12549 = DIRECTION('',(-0.,-1.,0.));
#12550 = DIRECTION('',(-1.,0.,0.));
#12551 = DEFINITIONAL_REPRESENTATION('',(#12552),#12556);
#12552 = LINE('',#12553,#12554);
#12553 = CARTESIAN_POINT('',(-0.,0.));
#12554 = VECTOR('',#12555,1.);
#12555 = DIRECTION('',(-0.,-1.));
#12556 = ( GEOMETRIC_REPRESENTATION_CONTEXT(2) 
PARAMETRIC_REPRESENTATION_CONTEXT() REPRESENTATION_CONTEXT('2D SPACE',''
  ) );
#12557 = PCURVE('',#12546,#12558);
#12558 = DEFINITIONAL_REPRESENTATION('',(#12559),#12563);
#12559 = LINE('',#12560,#12561);
#12560 = CARTESIAN_POINT('',(-6.28318530718,0.));
#12561 = VECTOR('',#12562,1.);
#12562 = DIRECTION('',(-0.,-1.));
#12563 = ( GEOMETRIC_REPRESENTATION_CONTEXT(2) 
PARAMETRIC_REPRESENTATION_CONTEXT() REPRESENTATION_CONTEXT('2D SPACE',''
  ) );
#12564 = ORIENTED_EDGE('',*,*,#12565,.T.);
#12565 = EDGE_CURVE('',#12538,#12538,#12566,.T.);
#12566 = SURFACE_CURVE('',#12567,(#12572,#12579),.PCURVE_S1.);
#12567 = CIRCLE('',#12568,1.3);
#12568 = AXIS2_PLACEMENT_3D('',#12569,#12570,#12571);
#12569 = CARTESIAN_POINT('',(104.26461709275,71.7,108.4));
#12570 = DIRECTION('',(0.,1.,-0.));
#12571 = DIRECTION('',(-1.,0.,0.));
#12572 = PCURVE('',#12546,#12573);
#12573 = DEFINITIONAL_REPRESENTATION('',(#12574),#12578);
#12574 = LINE('',#12575,#12576);
#12575 = CARTESIAN_POINT('',(-0.,-3.));
#12576 = VECTOR('',#12577,1.);
#12577 = DIRECTION('',(-1.,0.));
#12578 = ( GEOMETRIC_REPRESENTATION_CONTEXT(2) 
PARAMETRIC_REPRESENTATION_CONTEXT() REPRESENTATION_CONTEXT('2D SPACE',''
  ) );
#12579 = PCURVE('',#72,#12580);
#12580 = DEFINITIONAL_REPRESENTATION('',(#12581),#12585);
#12581 = CIRCLE('',#12582,1.3);
#12582 = AXIS2_PLACEMENT_2D('',#12583,#12584);
#12583 = CARTESIAN_POINT('',(-14.26461709275,22.65));
#12584 = DIRECTION('',(1.,0.));
#12585 = ( GEOMETRIC_REPRESENTATION_CONTEXT(2) 
PARAMETRIC_REPRESENTATION_CONTEXT() REPRESENTATION_CONTEXT('2D SPACE',''
  ) );
#12586 = ORIENTED_EDGE('',*,*,#12535,.F.);
#12587 = ORIENTED_EDGE('',*,*,#12588,.F.);
#12588 = EDGE_CURVE('',#12536,#12536,#12589,.T.);
#12589 = SURFACE_CURVE('',#12590,(#12595,#12602),.PCURVE_S1.);
#12590 = CIRCLE('',#12591,1.3);
#12591 = AXIS2_PLACEMENT_3D('',#12592,#12593,#12594);
#12592 = CARTESIAN_POINT('',(104.26461709275,68.7,108.4));
#12593 = DIRECTION('',(0.,1.,-0.));
#12594 = DIRECTION('',(-1.,0.,0.));
#12595 = PCURVE('',#12546,#12596);
#12596 = DEFINITIONAL_REPRESENTATION('',(#12597),#12601);
#12597 = LINE('',#12598,#12599);
#12598 = CARTESIAN_POINT('',(-0.,0.));
#12599 = VECTOR('',#12600,1.);
#12600 = DIRECTION('',(-1.,0.));
#12601 = ( GEOMETRIC_REPRESENTATION_CONTEXT(2) 
PARAMETRIC_REPRESENTATION_CONTEXT() REPRESENTATION_CONTEXT('2D SPACE',''
  ) );
#12602 = PCURVE('',#126,#12603);
#12603 = DEFINITIONAL_REPRESENTATION('',(#12604),#12608);
#12604 = CIRCLE('',#12605,1.3);
#12605 = AXIS2_PLACEMENT_2D('',#12606,#12607);
#12606 = CARTESIAN_POINT('',(-14.26461709275,22.65));
#12607 = DIRECTION('',(1.,0.));
#12608 = ( GEOMETRIC_REPRESENTATION_CONTEXT(2) 
PARAMETRIC_REPRESENTATION_CONTEXT() REPRESENTATION_CONTEXT('2D SPACE',''
  ) );
#12609 = ADVANCED_FACE('',(#12610),#12624,.F.);
#12610 = FACE_BOUND('',#12611,.T.);
#12611 = EDGE_LOOP('',(#12612,#12642,#12664,#12665));
#12612 = ORIENTED_EDGE('',*,*,#12613,.T.);
#12613 = EDGE_CURVE('',#12614,#12616,#12618,.T.);
#12614 = VERTEX_POINT('',#12615);
#12615 = CARTESIAN_POINT('',(107.12153903091,68.7,115.6));
#12616 = VERTEX_POINT('',#12617);
#12617 = CARTESIAN_POINT('',(107.12153903091,71.7,115.6));
#12618 = SEAM_CURVE('',#12619,(#12623,#12635),.PCURVE_S1.);
#12619 = LINE('',#12620,#12621);
#12620 = CARTESIAN_POINT('',(107.12153903091,68.7,115.6));
#12621 = VECTOR('',#12622,1.);
#12622 = DIRECTION('',(0.,1.,-0.));
#12623 = PCURVE('',#12624,#12629);
#12624 = CYLINDRICAL_SURFACE('',#12625,1.3);
#12625 = AXIS2_PLACEMENT_3D('',#12626,#12627,#12628);
#12626 = CARTESIAN_POINT('',(108.42153903091,68.7,115.6));
#12627 = DIRECTION('',(-0.,-1.,0.));
#12628 = DIRECTION('',(-1.,0.,0.));
#12629 = DEFINITIONAL_REPRESENTATION('',(#12630),#12634);
#12630 = LINE('',#12631,#12632);
#12631 = CARTESIAN_POINT('',(-0.,0.));
#12632 = VECTOR('',#12633,1.);
#12633 = DIRECTION('',(-0.,-1.));
#12634 = ( GEOMETRIC_REPRESENTATION_CONTEXT(2) 
PARAMETRIC_REPRESENTATION_CONTEXT() REPRESENTATION_CONTEXT('2D SPACE',''
  ) );
#12635 = PCURVE('',#12624,#12636);
#12636 = DEFINITIONAL_REPRESENTATION('',(#12637),#12641);
#12637 = LINE('',#12638,#12639);
#12638 = CARTESIAN_POINT('',(-6.28318530718,0.));
#12639 = VECTOR('',#12640,1.);
#12640 = DIRECTION('',(-0.,-1.));
#12641 = ( GEOMETRIC_REPRESENTATION_CONTEXT(2) 
PARAMETRIC_REPRESENTATION_CONTEXT() REPRESENTATION_CONTEXT('2D SPACE',''
  ) );
#12642 = ORIENTED_EDGE('',*,*,#12643,.T.);
#12643 = EDGE_CURVE('',#12616,#12616,#12644,.T.);
#12644 = SURFACE_CURVE('',#12645,(#12650,#12657),.PCURVE_S1.);
#12645 = CIRCLE('',#12646,1.3);
#12646 = AXIS2_PLACEMENT_3D('',#12647,#12648,#12649);
#12647 = CARTESIAN_POINT('',(108.42153903091,71.7,115.6));
#12648 = DIRECTION('',(0.,1.,-0.));
#12649 = DIRECTION('',(-1.,0.,0.));
#12650 = PCURVE('',#12624,#12651);
#12651 = DEFINITIONAL_REPRESENTATION('',(#12652),#12656);
#12652 = LINE('',#12653,#12654);
#12653 = CARTESIAN_POINT('',(-0.,-3.));
#12654 = VECTOR('',#12655,1.);
#12655 = DIRECTION('',(-1.,0.));
#12656 = ( GEOMETRIC_REPRESENTATION_CONTEXT(2) 
PARAMETRIC_REPRESENTATION_CONTEXT() REPRESENTATION_CONTEXT('2D SPACE',''
  ) );
#12657 = PCURVE('',#72,#12658);
#12658 = DEFINITIONAL_REPRESENTATION('',(#12659),#12663);
#12659 = CIRCLE('',#12660,1.3);
#12660 = AXIS2_PLACEMENT_2D('',#12661,#12662);
#12661 = CARTESIAN_POINT('',(-18.42153903091,29.85));
#12662 = DIRECTION('',(1.,0.));
#12663 = ( GEOMETRIC_REPRESENTATION_CONTEXT(2) 
PARAMETRIC_REPRESENTATION_CONTEXT() REPRESENTATION_CONTEXT('2D SPACE',''
  ) );
#12664 = ORIENTED_EDGE('',*,*,#12613,.F.);
#12665 = ORIENTED_EDGE('',*,*,#12666,.F.);
#12666 = EDGE_CURVE('',#12614,#12614,#12667,.T.);
#12667 = SURFACE_CURVE('',#12668,(#12673,#12680),.PCURVE_S1.);
#12668 = CIRCLE('',#12669,1.3);
#12669 = AXIS2_PLACEMENT_3D('',#12670,#12671,#12672);
#12670 = CARTESIAN_POINT('',(108.42153903091,68.7,115.6));
#12671 = DIRECTION('',(0.,1.,-0.));
#12672 = DIRECTION('',(-1.,0.,0.));
#12673 = PCURVE('',#12624,#12674);
#12674 = DEFINITIONAL_REPRESENTATION('',(#12675),#12679);
#12675 = LINE('',#12676,#12677);
#12676 = CARTESIAN_POINT('',(-0.,0.));
#12677 = VECTOR('',#12678,1.);
#12678 = DIRECTION('',(-1.,0.));
#12679 = ( GEOMETRIC_REPRESENTATION_CONTEXT(2) 
PARAMETRIC_REPRESENTATION_CONTEXT() REPRESENTATION_CONTEXT('2D SPACE',''
  ) );
#12680 = PCURVE('',#126,#12681);
#12681 = DEFINITIONAL_REPRESENTATION('',(#12682),#12686);
#12682 = CIRCLE('',#12683,1.3);
#12683 = AXIS2_PLACEMENT_2D('',#12684,#12685);
#12684 = CARTESIAN_POINT('',(-18.42153903091,29.85));
#12685 = DIRECTION('',(1.,0.));
#12686 = ( GEOMETRIC_REPRESENTATION_CONTEXT(2) 
PARAMETRIC_REPRESENTATION_CONTEXT() REPRESENTATION_CONTEXT('2D SPACE',''
  ) );
#12687 = ADVANCED_FACE('',(#12688),#12702,.F.);
#12688 = FACE_BOUND('',#12689,.T.);
#12689 = EDGE_LOOP('',(#12690,#12720,#12742,#12743));
#12690 = ORIENTED_EDGE('',*,*,#12691,.T.);
#12691 = EDGE_CURVE('',#12692,#12694,#12696,.T.);
#12692 = VERTEX_POINT('',#12693);
#12693 = CARTESIAN_POINT('',(102.96461709275,68.7,113.2));
#12694 = VERTEX_POINT('',#12695);
#12695 = CARTESIAN_POINT('',(102.96461709275,71.7,113.2));
#12696 = SEAM_CURVE('',#12697,(#12701,#12713),.PCURVE_S1.);
#12697 = LINE('',#12698,#12699);
#12698 = CARTESIAN_POINT('',(102.96461709275,68.7,113.2));
#12699 = VECTOR('',#12700,1.);
#12700 = DIRECTION('',(0.,1.,-0.));
#12701 = PCURVE('',#12702,#12707);
#12702 = CYLINDRICAL_SURFACE('',#12703,1.3);
#12703 = AXIS2_PLACEMENT_3D('',#12704,#12705,#12706);
#12704 = CARTESIAN_POINT('',(104.26461709275,68.7,113.2));
#12705 = DIRECTION('',(-0.,-1.,0.));
#12706 = DIRECTION('',(-1.,0.,0.));
#12707 = DEFINITIONAL_REPRESENTATION('',(#12708),#12712);
#12708 = LINE('',#12709,#12710);
#12709 = CARTESIAN_POINT('',(-0.,0.));
#12710 = VECTOR('',#12711,1.);
#12711 = DIRECTION('',(-0.,-1.));
#12712 = ( GEOMETRIC_REPRESENTATION_CONTEXT(2) 
PARAMETRIC_REPRESENTATION_CONTEXT() REPRESENTATION_CONTEXT('2D SPACE',''
  ) );
#12713 = PCURVE('',#12702,#12714);
#12714 = DEFINITIONAL_REPRESENTATION('',(#12715),#12719);
#12715 = LINE('',#12716,#12717);
#12716 = CARTESIAN_POINT('',(-6.28318530718,0.));
#12717 = VECTOR('',#12718,1.);
#12718 = DIRECTION('',(-0.,-1.));
#12719 = ( GEOMETRIC_REPRESENTATION_CONTEXT(2) 
PARAMETRIC_REPRESENTATION_CONTEXT() REPRESENTATION_CONTEXT('2D SPACE',''
  ) );
#12720 = ORIENTED_EDGE('',*,*,#12721,.T.);
#12721 = EDGE_CURVE('',#12694,#12694,#12722,.T.);
#12722 = SURFACE_CURVE('',#12723,(#12728,#12735),.PCURVE_S1.);
#12723 = CIRCLE('',#12724,1.3);
#12724 = AXIS2_PLACEMENT_3D('',#12725,#12726,#12727);
#12725 = CARTESIAN_POINT('',(104.26461709275,71.7,113.2));
#12726 = DIRECTION('',(0.,1.,-0.));
#12727 = DIRECTION('',(-1.,0.,0.));
#12728 = PCURVE('',#12702,#12729);
#12729 = DEFINITIONAL_REPRESENTATION('',(#12730),#12734);
#12730 = LINE('',#12731,#12732);
#12731 = CARTESIAN_POINT('',(-0.,-3.));
#12732 = VECTOR('',#12733,1.);
#12733 = DIRECTION('',(-1.,0.));
#12734 = ( GEOMETRIC_REPRESENTATION_CONTEXT(2) 
PARAMETRIC_REPRESENTATION_CONTEXT() REPRESENTATION_CONTEXT('2D SPACE',''
  ) );
#12735 = PCURVE('',#72,#12736);
#12736 = DEFINITIONAL_REPRESENTATION('',(#12737),#12741);
#12737 = CIRCLE('',#12738,1.3);
#12738 = AXIS2_PLACEMENT_2D('',#12739,#12740);
#12739 = CARTESIAN_POINT('',(-14.26461709275,27.45));
#12740 = DIRECTION('',(1.,0.));
#12741 = ( GEOMETRIC_REPRESENTATION_CONTEXT(2) 
PARAMETRIC_REPRESENTATION_CONTEXT() REPRESENTATION_CONTEXT('2D SPACE',''
  ) );
#12742 = ORIENTED_EDGE('',*,*,#12691,.F.);
#12743 = ORIENTED_EDGE('',*,*,#12744,.F.);
#12744 = EDGE_CURVE('',#12692,#12692,#12745,.T.);
#12745 = SURFACE_CURVE('',#12746,(#12751,#12758),.PCURVE_S1.);
#12746 = CIRCLE('',#12747,1.3);
#12747 = AXIS2_PLACEMENT_3D('',#12748,#12749,#12750);
#12748 = CARTESIAN_POINT('',(104.26461709275,68.7,113.2));
#12749 = DIRECTION('',(0.,1.,-0.));
#12750 = DIRECTION('',(-1.,0.,0.));
#12751 = PCURVE('',#12702,#12752);
#12752 = DEFINITIONAL_REPRESENTATION('',(#12753),#12757);
#12753 = LINE('',#12754,#12755);
#12754 = CARTESIAN_POINT('',(-0.,0.));
#12755 = VECTOR('',#12756,1.);
#12756 = DIRECTION('',(-1.,0.));
#12757 = ( GEOMETRIC_REPRESENTATION_CONTEXT(2) 
PARAMETRIC_REPRESENTATION_CONTEXT() REPRESENTATION_CONTEXT('2D SPACE',''
  ) );
#12758 = PCURVE('',#126,#12759);
#12759 = DEFINITIONAL_REPRESENTATION('',(#12760),#12764);
#12760 = CIRCLE('',#12761,1.3);
#12761 = AXIS2_PLACEMENT_2D('',#12762,#12763);
#12762 = CARTESIAN_POINT('',(-14.26461709275,27.45));
#12763 = DIRECTION('',(1.,0.));
#12764 = ( GEOMETRIC_REPRESENTATION_CONTEXT(2) 
PARAMETRIC_REPRESENTATION_CONTEXT() REPRESENTATION_CONTEXT('2D SPACE',''
  ) );
#12765 = ADVANCED_FACE('',(#12766),#12780,.F.);
#12766 = FACE_BOUND('',#12767,.T.);
#12767 = EDGE_LOOP('',(#12768,#12798,#12820,#12821));
#12768 = ORIENTED_EDGE('',*,*,#12769,.T.);
#12769 = EDGE_CURVE('',#12770,#12772,#12774,.T.);
#12770 = VERTEX_POINT('',#12771);
#12771 = CARTESIAN_POINT('',(98.807695154587,68.7,106.));
#12772 = VERTEX_POINT('',#12773);
#12773 = CARTESIAN_POINT('',(98.807695154587,71.7,106.));
#12774 = SEAM_CURVE('',#12775,(#12779,#12791),.PCURVE_S1.);
#12775 = LINE('',#12776,#12777);
#12776 = CARTESIAN_POINT('',(98.807695154587,68.7,106.));
#12777 = VECTOR('',#12778,1.);
#12778 = DIRECTION('',(0.,1.,-0.));
#12779 = PCURVE('',#12780,#12785);
#12780 = CYLINDRICAL_SURFACE('',#12781,1.3);
#12781 = AXIS2_PLACEMENT_3D('',#12782,#12783,#12784);
#12782 = CARTESIAN_POINT('',(100.10769515458,68.7,106.));
#12783 = DIRECTION('',(-0.,-1.,0.));
#12784 = DIRECTION('',(-1.,0.,0.));
#12785 = DEFINITIONAL_REPRESENTATION('',(#12786),#12790);
#12786 = LINE('',#12787,#12788);
#12787 = CARTESIAN_POINT('',(-0.,0.));
#12788 = VECTOR('',#12789,1.);
#12789 = DIRECTION('',(-0.,-1.));
#12790 = ( GEOMETRIC_REPRESENTATION_CONTEXT(2) 
PARAMETRIC_REPRESENTATION_CONTEXT() REPRESENTATION_CONTEXT('2D SPACE',''
  ) );
#12791 = PCURVE('',#12780,#12792);
#12792 = DEFINITIONAL_REPRESENTATION('',(#12793),#12797);
#12793 = LINE('',#12794,#12795);
#12794 = CARTESIAN_POINT('',(-6.28318530718,0.));
#12795 = VECTOR('',#12796,1.);
#12796 = DIRECTION('',(-0.,-1.));
#12797 = ( GEOMETRIC_REPRESENTATION_CONTEXT(2) 
PARAMETRIC_REPRESENTATION_CONTEXT() REPRESENTATION_CONTEXT('2D SPACE',''
  ) );
#12798 = ORIENTED_EDGE('',*,*,#12799,.T.);
#12799 = EDGE_CURVE('',#12772,#12772,#12800,.T.);
#12800 = SURFACE_CURVE('',#12801,(#12806,#12813),.PCURVE_S1.);
#12801 = CIRCLE('',#12802,1.3);
#12802 = AXIS2_PLACEMENT_3D('',#12803,#12804,#12805);
#12803 = CARTESIAN_POINT('',(100.10769515458,71.7,106.));
#12804 = DIRECTION('',(0.,1.,-0.));
#12805 = DIRECTION('',(-1.,0.,0.));
#12806 = PCURVE('',#12780,#12807);
#12807 = DEFINITIONAL_REPRESENTATION('',(#12808),#12812);
#12808 = LINE('',#12809,#12810);
#12809 = CARTESIAN_POINT('',(-0.,-3.));
#12810 = VECTOR('',#12811,1.);
#12811 = DIRECTION('',(-1.,0.));
#12812 = ( GEOMETRIC_REPRESENTATION_CONTEXT(2) 
PARAMETRIC_REPRESENTATION_CONTEXT() REPRESENTATION_CONTEXT('2D SPACE',''
  ) );
#12813 = PCURVE('',#72,#12814);
#12814 = DEFINITIONAL_REPRESENTATION('',(#12815),#12819);
#12815 = CIRCLE('',#12816,1.3);
#12816 = AXIS2_PLACEMENT_2D('',#12817,#12818);
#12817 = CARTESIAN_POINT('',(-10.10769515458,20.25));
#12818 = DIRECTION('',(1.,0.));
#12819 = ( GEOMETRIC_REPRESENTATION_CONTEXT(2) 
PARAMETRIC_REPRESENTATION_CONTEXT() REPRESENTATION_CONTEXT('2D SPACE',''
  ) );
#12820 = ORIENTED_EDGE('',*,*,#12769,.F.);
#12821 = ORIENTED_EDGE('',*,*,#12822,.F.);
#12822 = EDGE_CURVE('',#12770,#12770,#12823,.T.);
#12823 = SURFACE_CURVE('',#12824,(#12829,#12836),.PCURVE_S1.);
#12824 = CIRCLE('',#12825,1.3);
#12825 = AXIS2_PLACEMENT_3D('',#12826,#12827,#12828);
#12826 = CARTESIAN_POINT('',(100.10769515458,68.7,106.));
#12827 = DIRECTION('',(0.,1.,-0.));
#12828 = DIRECTION('',(-1.,0.,0.));
#12829 = PCURVE('',#12780,#12830);
#12830 = DEFINITIONAL_REPRESENTATION('',(#12831),#12835);
#12831 = LINE('',#12832,#12833);
#12832 = CARTESIAN_POINT('',(-0.,0.));
#12833 = VECTOR('',#12834,1.);
#12834 = DIRECTION('',(-1.,0.));
#12835 = ( GEOMETRIC_REPRESENTATION_CONTEXT(2) 
PARAMETRIC_REPRESENTATION_CONTEXT() REPRESENTATION_CONTEXT('2D SPACE',''
  ) );
#12836 = PCURVE('',#126,#12837);
#12837 = DEFINITIONAL_REPRESENTATION('',(#12838),#12842);
#12838 = CIRCLE('',#12839,1.3);
#12839 = AXIS2_PLACEMENT_2D('',#12840,#12841);
#12840 = CARTESIAN_POINT('',(-10.10769515458,20.25));
#12841 = DIRECTION('',(1.,0.));
#12842 = ( GEOMETRIC_REPRESENTATION_CONTEXT(2) 
PARAMETRIC_REPRESENTATION_CONTEXT() REPRESENTATION_CONTEXT('2D SPACE',''
  ) );
#12843 = ADVANCED_FACE('',(#12844),#12858,.F.);
#12844 = FACE_BOUND('',#12845,.T.);
#12845 = EDGE_LOOP('',(#12846,#12876,#12898,#12899));
#12846 = ORIENTED_EDGE('',*,*,#12847,.T.);
#12847 = EDGE_CURVE('',#12848,#12850,#12852,.T.);
#12848 = VERTEX_POINT('',#12849);
#12849 = CARTESIAN_POINT('',(98.807695154587,68.7,110.8));
#12850 = VERTEX_POINT('',#12851);
#12851 = CARTESIAN_POINT('',(98.807695154587,71.7,110.8));
#12852 = SEAM_CURVE('',#12853,(#12857,#12869),.PCURVE_S1.);
#12853 = LINE('',#12854,#12855);
#12854 = CARTESIAN_POINT('',(98.807695154587,68.7,110.8));
#12855 = VECTOR('',#12856,1.);
#12856 = DIRECTION('',(0.,1.,-0.));
#12857 = PCURVE('',#12858,#12863);
#12858 = CYLINDRICAL_SURFACE('',#12859,1.3);
#12859 = AXIS2_PLACEMENT_3D('',#12860,#12861,#12862);
#12860 = CARTESIAN_POINT('',(100.10769515458,68.7,110.8));
#12861 = DIRECTION('',(-0.,-1.,0.));
#12862 = DIRECTION('',(-1.,0.,0.));
#12863 = DEFINITIONAL_REPRESENTATION('',(#12864),#12868);
#12864 = LINE('',#12865,#12866);
#12865 = CARTESIAN_POINT('',(-0.,0.));
#12866 = VECTOR('',#12867,1.);
#12867 = DIRECTION('',(-0.,-1.));
#12868 = ( GEOMETRIC_REPRESENTATION_CONTEXT(2) 
PARAMETRIC_REPRESENTATION_CONTEXT() REPRESENTATION_CONTEXT('2D SPACE',''
  ) );
#12869 = PCURVE('',#12858,#12870);
#12870 = DEFINITIONAL_REPRESENTATION('',(#12871),#12875);
#12871 = LINE('',#12872,#12873);
#12872 = CARTESIAN_POINT('',(-6.28318530718,0.));
#12873 = VECTOR('',#12874,1.);
#12874 = DIRECTION('',(-0.,-1.));
#12875 = ( GEOMETRIC_REPRESENTATION_CONTEXT(2) 
PARAMETRIC_REPRESENTATION_CONTEXT() REPRESENTATION_CONTEXT('2D SPACE',''
  ) );
#12876 = ORIENTED_EDGE('',*,*,#12877,.T.);
#12877 = EDGE_CURVE('',#12850,#12850,#12878,.T.);
#12878 = SURFACE_CURVE('',#12879,(#12884,#12891),.PCURVE_S1.);
#12879 = CIRCLE('',#12880,1.3);
#12880 = AXIS2_PLACEMENT_3D('',#12881,#12882,#12883);
#12881 = CARTESIAN_POINT('',(100.10769515458,71.7,110.8));
#12882 = DIRECTION('',(0.,1.,-0.));
#12883 = DIRECTION('',(-1.,0.,0.));
#12884 = PCURVE('',#12858,#12885);
#12885 = DEFINITIONAL_REPRESENTATION('',(#12886),#12890);
#12886 = LINE('',#12887,#12888);
#12887 = CARTESIAN_POINT('',(-0.,-3.));
#12888 = VECTOR('',#12889,1.);
#12889 = DIRECTION('',(-1.,0.));
#12890 = ( GEOMETRIC_REPRESENTATION_CONTEXT(2) 
PARAMETRIC_REPRESENTATION_CONTEXT() REPRESENTATION_CONTEXT('2D SPACE',''
  ) );
#12891 = PCURVE('',#72,#12892);
#12892 = DEFINITIONAL_REPRESENTATION('',(#12893),#12897);
#12893 = CIRCLE('',#12894,1.3);
#12894 = AXIS2_PLACEMENT_2D('',#12895,#12896);
#12895 = CARTESIAN_POINT('',(-10.10769515458,25.05));
#12896 = DIRECTION('',(1.,0.));
#12897 = ( GEOMETRIC_REPRESENTATION_CONTEXT(2) 
PARAMETRIC_REPRESENTATION_CONTEXT() REPRESENTATION_CONTEXT('2D SPACE',''
  ) );
#12898 = ORIENTED_EDGE('',*,*,#12847,.F.);
#12899 = ORIENTED_EDGE('',*,*,#12900,.F.);
#12900 = EDGE_CURVE('',#12848,#12848,#12901,.T.);
#12901 = SURFACE_CURVE('',#12902,(#12907,#12914),.PCURVE_S1.);
#12902 = CIRCLE('',#12903,1.3);
#12903 = AXIS2_PLACEMENT_3D('',#12904,#12905,#12906);
#12904 = CARTESIAN_POINT('',(100.10769515458,68.7,110.8));
#12905 = DIRECTION('',(0.,1.,-0.));
#12906 = DIRECTION('',(-1.,0.,0.));
#12907 = PCURVE('',#12858,#12908);
#12908 = DEFINITIONAL_REPRESENTATION('',(#12909),#12913);
#12909 = LINE('',#12910,#12911);
#12910 = CARTESIAN_POINT('',(-0.,0.));
#12911 = VECTOR('',#12912,1.);
#12912 = DIRECTION('',(-1.,0.));
#12913 = ( GEOMETRIC_REPRESENTATION_CONTEXT(2) 
PARAMETRIC_REPRESENTATION_CONTEXT() REPRESENTATION_CONTEXT('2D SPACE',''
  ) );
#12914 = PCURVE('',#126,#12915);
#12915 = DEFINITIONAL_REPRESENTATION('',(#12916),#12920);
#12916 = CIRCLE('',#12917,1.3);
#12917 = AXIS2_PLACEMENT_2D('',#12918,#12919);
#12918 = CARTESIAN_POINT('',(-10.10769515458,25.05));
#12919 = DIRECTION('',(1.,0.));
#12920 = ( GEOMETRIC_REPRESENTATION_CONTEXT(2) 
PARAMETRIC_REPRESENTATION_CONTEXT() REPRESENTATION_CONTEXT('2D SPACE',''
  ) );
#12921 = ADVANCED_FACE('',(#12922),#12936,.F.);
#12922 = FACE_BOUND('',#12923,.T.);
#12923 = EDGE_LOOP('',(#12924,#12954,#12976,#12977));
#12924 = ORIENTED_EDGE('',*,*,#12925,.T.);
#12925 = EDGE_CURVE('',#12926,#12928,#12930,.T.);
#12926 = VERTEX_POINT('',#12927);
#12927 = CARTESIAN_POINT('',(94.650773216421,68.7,108.4));
#12928 = VERTEX_POINT('',#12929);
#12929 = CARTESIAN_POINT('',(94.650773216421,71.7,108.4));
#12930 = SEAM_CURVE('',#12931,(#12935,#12947),.PCURVE_S1.);
#12931 = LINE('',#12932,#12933);
#12932 = CARTESIAN_POINT('',(94.650773216421,68.7,108.4));
#12933 = VECTOR('',#12934,1.);
#12934 = DIRECTION('',(0.,1.,-0.));
#12935 = PCURVE('',#12936,#12941);
#12936 = CYLINDRICAL_SURFACE('',#12937,1.3);
#12937 = AXIS2_PLACEMENT_3D('',#12938,#12939,#12940);
#12938 = CARTESIAN_POINT('',(95.950773216421,68.7,108.4));
#12939 = DIRECTION('',(-0.,-1.,0.));
#12940 = DIRECTION('',(-1.,0.,0.));
#12941 = DEFINITIONAL_REPRESENTATION('',(#12942),#12946);
#12942 = LINE('',#12943,#12944);
#12943 = CARTESIAN_POINT('',(-0.,0.));
#12944 = VECTOR('',#12945,1.);
#12945 = DIRECTION('',(-0.,-1.));
#12946 = ( GEOMETRIC_REPRESENTATION_CONTEXT(2) 
PARAMETRIC_REPRESENTATION_CONTEXT() REPRESENTATION_CONTEXT('2D SPACE',''
  ) );
#12947 = PCURVE('',#12936,#12948);
#12948 = DEFINITIONAL_REPRESENTATION('',(#12949),#12953);
#12949 = LINE('',#12950,#12951);
#12950 = CARTESIAN_POINT('',(-6.28318530718,0.));
#12951 = VECTOR('',#12952,1.);
#12952 = DIRECTION('',(-0.,-1.));
#12953 = ( GEOMETRIC_REPRESENTATION_CONTEXT(2) 
PARAMETRIC_REPRESENTATION_CONTEXT() REPRESENTATION_CONTEXT('2D SPACE',''
  ) );
#12954 = ORIENTED_EDGE('',*,*,#12955,.T.);
#12955 = EDGE_CURVE('',#12928,#12928,#12956,.T.);
#12956 = SURFACE_CURVE('',#12957,(#12962,#12969),.PCURVE_S1.);
#12957 = CIRCLE('',#12958,1.3);
#12958 = AXIS2_PLACEMENT_3D('',#12959,#12960,#12961);
#12959 = CARTESIAN_POINT('',(95.950773216421,71.7,108.4));
#12960 = DIRECTION('',(0.,1.,-0.));
#12961 = DIRECTION('',(-1.,0.,0.));
#12962 = PCURVE('',#12936,#12963);
#12963 = DEFINITIONAL_REPRESENTATION('',(#12964),#12968);
#12964 = LINE('',#12965,#12966);
#12965 = CARTESIAN_POINT('',(-0.,-3.));
#12966 = VECTOR('',#12967,1.);
#12967 = DIRECTION('',(-1.,0.));
#12968 = ( GEOMETRIC_REPRESENTATION_CONTEXT(2) 
PARAMETRIC_REPRESENTATION_CONTEXT() REPRESENTATION_CONTEXT('2D SPACE',''
  ) );
#12969 = PCURVE('',#72,#12970);
#12970 = DEFINITIONAL_REPRESENTATION('',(#12971),#12975);
#12971 = CIRCLE('',#12972,1.3);
#12972 = AXIS2_PLACEMENT_2D('',#12973,#12974);
#12973 = CARTESIAN_POINT('',(-5.950773216421,22.65));
#12974 = DIRECTION('',(1.,0.));
#12975 = ( GEOMETRIC_REPRESENTATION_CONTEXT(2) 
PARAMETRIC_REPRESENTATION_CONTEXT() REPRESENTATION_CONTEXT('2D SPACE',''
  ) );
#12976 = ORIENTED_EDGE('',*,*,#12925,.F.);
#12977 = ORIENTED_EDGE('',*,*,#12978,.F.);
#12978 = EDGE_CURVE('',#12926,#12926,#12979,.T.);
#12979 = SURFACE_CURVE('',#12980,(#12985,#12992),.PCURVE_S1.);
#12980 = CIRCLE('',#12981,1.3);
#12981 = AXIS2_PLACEMENT_3D('',#12982,#12983,#12984);
#12982 = CARTESIAN_POINT('',(95.950773216421,68.7,108.4));
#12983 = DIRECTION('',(0.,1.,-0.));
#12984 = DIRECTION('',(-1.,0.,0.));
#12985 = PCURVE('',#12936,#12986);
#12986 = DEFINITIONAL_REPRESENTATION('',(#12987),#12991);
#12987 = LINE('',#12988,#12989);
#12988 = CARTESIAN_POINT('',(-0.,0.));
#12989 = VECTOR('',#12990,1.);
#12990 = DIRECTION('',(-1.,0.));
#12991 = ( GEOMETRIC_REPRESENTATION_CONTEXT(2) 
PARAMETRIC_REPRESENTATION_CONTEXT() REPRESENTATION_CONTEXT('2D SPACE',''
  ) );
#12992 = PCURVE('',#126,#12993);
#12993 = DEFINITIONAL_REPRESENTATION('',(#12994),#12998);
#12994 = CIRCLE('',#12995,1.3);
#12995 = AXIS2_PLACEMENT_2D('',#12996,#12997);
#12996 = CARTESIAN_POINT('',(-5.950773216421,22.65));
#12997 = DIRECTION('',(1.,0.));
#12998 = ( GEOMETRIC_REPRESENTATION_CONTEXT(2) 
PARAMETRIC_REPRESENTATION_CONTEXT() REPRESENTATION_CONTEXT('2D SPACE',''
  ) );
#12999 = ADVANCED_FACE('',(#13000),#13014,.F.);
#13000 = FACE_BOUND('',#13001,.T.);
#13001 = EDGE_LOOP('',(#13002,#13032,#13054,#13055));
#13002 = ORIENTED_EDGE('',*,*,#13003,.T.);
#13003 = EDGE_CURVE('',#13004,#13006,#13008,.T.);
#13004 = VERTEX_POINT('',#13005);
#13005 = CARTESIAN_POINT('',(90.493851278256,68.7,106.));
#13006 = VERTEX_POINT('',#13007);
#13007 = CARTESIAN_POINT('',(90.493851278256,71.7,106.));
#13008 = SEAM_CURVE('',#13009,(#13013,#13025),.PCURVE_S1.);
#13009 = LINE('',#13010,#13011);
#13010 = CARTESIAN_POINT('',(90.493851278256,68.7,106.));
#13011 = VECTOR('',#13012,1.);
#13012 = DIRECTION('',(0.,1.,-0.));
#13013 = PCURVE('',#13014,#13019);
#13014 = CYLINDRICAL_SURFACE('',#13015,1.3);
#13015 = AXIS2_PLACEMENT_3D('',#13016,#13017,#13018);
#13016 = CARTESIAN_POINT('',(91.793851278256,68.7,106.));
#13017 = DIRECTION('',(-0.,-1.,0.));
#13018 = DIRECTION('',(-1.,0.,0.));
#13019 = DEFINITIONAL_REPRESENTATION('',(#13020),#13024);
#13020 = LINE('',#13021,#13022);
#13021 = CARTESIAN_POINT('',(-0.,0.));
#13022 = VECTOR('',#13023,1.);
#13023 = DIRECTION('',(-0.,-1.));
#13024 = ( GEOMETRIC_REPRESENTATION_CONTEXT(2) 
PARAMETRIC_REPRESENTATION_CONTEXT() REPRESENTATION_CONTEXT('2D SPACE',''
  ) );
#13025 = PCURVE('',#13014,#13026);
#13026 = DEFINITIONAL_REPRESENTATION('',(#13027),#13031);
#13027 = LINE('',#13028,#13029);
#13028 = CARTESIAN_POINT('',(-6.28318530718,0.));
#13029 = VECTOR('',#13030,1.);
#13030 = DIRECTION('',(-0.,-1.));
#13031 = ( GEOMETRIC_REPRESENTATION_CONTEXT(2) 
PARAMETRIC_REPRESENTATION_CONTEXT() REPRESENTATION_CONTEXT('2D SPACE',''
  ) );
#13032 = ORIENTED_EDGE('',*,*,#13033,.T.);
#13033 = EDGE_CURVE('',#13006,#13006,#13034,.T.);
#13034 = SURFACE_CURVE('',#13035,(#13040,#13047),.PCURVE_S1.);
#13035 = CIRCLE('',#13036,1.3);
#13036 = AXIS2_PLACEMENT_3D('',#13037,#13038,#13039);
#13037 = CARTESIAN_POINT('',(91.793851278256,71.7,106.));
#13038 = DIRECTION('',(0.,1.,-0.));
#13039 = DIRECTION('',(-1.,0.,0.));
#13040 = PCURVE('',#13014,#13041);
#13041 = DEFINITIONAL_REPRESENTATION('',(#13042),#13046);
#13042 = LINE('',#13043,#13044);
#13043 = CARTESIAN_POINT('',(-0.,-3.));
#13044 = VECTOR('',#13045,1.);
#13045 = DIRECTION('',(-1.,0.));
#13046 = ( GEOMETRIC_REPRESENTATION_CONTEXT(2) 
PARAMETRIC_REPRESENTATION_CONTEXT() REPRESENTATION_CONTEXT('2D SPACE',''
  ) );
#13047 = PCURVE('',#72,#13048);
#13048 = DEFINITIONAL_REPRESENTATION('',(#13049),#13053);
#13049 = CIRCLE('',#13050,1.3);
#13050 = AXIS2_PLACEMENT_2D('',#13051,#13052);
#13051 = CARTESIAN_POINT('',(-1.793851278256,20.25));
#13052 = DIRECTION('',(1.,0.));
#13053 = ( GEOMETRIC_REPRESENTATION_CONTEXT(2) 
PARAMETRIC_REPRESENTATION_CONTEXT() REPRESENTATION_CONTEXT('2D SPACE',''
  ) );
#13054 = ORIENTED_EDGE('',*,*,#13003,.F.);
#13055 = ORIENTED_EDGE('',*,*,#13056,.F.);
#13056 = EDGE_CURVE('',#13004,#13004,#13057,.T.);
#13057 = SURFACE_CURVE('',#13058,(#13063,#13070),.PCURVE_S1.);
#13058 = CIRCLE('',#13059,1.3);
#13059 = AXIS2_PLACEMENT_3D('',#13060,#13061,#13062);
#13060 = CARTESIAN_POINT('',(91.793851278256,68.7,106.));
#13061 = DIRECTION('',(0.,1.,-0.));
#13062 = DIRECTION('',(-1.,0.,0.));
#13063 = PCURVE('',#13014,#13064);
#13064 = DEFINITIONAL_REPRESENTATION('',(#13065),#13069);
#13065 = LINE('',#13066,#13067);
#13066 = CARTESIAN_POINT('',(-0.,0.));
#13067 = VECTOR('',#13068,1.);
#13068 = DIRECTION('',(-1.,0.));
#13069 = ( GEOMETRIC_REPRESENTATION_CONTEXT(2) 
PARAMETRIC_REPRESENTATION_CONTEXT() REPRESENTATION_CONTEXT('2D SPACE',''
  ) );
#13070 = PCURVE('',#126,#13071);
#13071 = DEFINITIONAL_REPRESENTATION('',(#13072),#13076);
#13072 = CIRCLE('',#13073,1.3);
#13073 = AXIS2_PLACEMENT_2D('',#13074,#13075);
#13074 = CARTESIAN_POINT('',(-1.793851278256,20.25));
#13075 = DIRECTION('',(1.,0.));
#13076 = ( GEOMETRIC_REPRESENTATION_CONTEXT(2) 
PARAMETRIC_REPRESENTATION_CONTEXT() REPRESENTATION_CONTEXT('2D SPACE',''
  ) );
#13077 = ADVANCED_FACE('',(#13078),#13092,.F.);
#13078 = FACE_BOUND('',#13079,.T.);
#13079 = EDGE_LOOP('',(#13080,#13110,#13132,#13133));
#13080 = ORIENTED_EDGE('',*,*,#13081,.T.);
#13081 = EDGE_CURVE('',#13082,#13084,#13086,.T.);
#13082 = VERTEX_POINT('',#13083);
#13083 = CARTESIAN_POINT('',(90.493851278256,68.7,110.8));
#13084 = VERTEX_POINT('',#13085);
#13085 = CARTESIAN_POINT('',(90.493851278256,71.7,110.8));
#13086 = SEAM_CURVE('',#13087,(#13091,#13103),.PCURVE_S1.);
#13087 = LINE('',#13088,#13089);
#13088 = CARTESIAN_POINT('',(90.493851278256,68.7,110.8));
#13089 = VECTOR('',#13090,1.);
#13090 = DIRECTION('',(0.,1.,-0.));
#13091 = PCURVE('',#13092,#13097);
#13092 = CYLINDRICAL_SURFACE('',#13093,1.3);
#13093 = AXIS2_PLACEMENT_3D('',#13094,#13095,#13096);
#13094 = CARTESIAN_POINT('',(91.793851278256,68.7,110.8));
#13095 = DIRECTION('',(-0.,-1.,0.));
#13096 = DIRECTION('',(-1.,0.,0.));
#13097 = DEFINITIONAL_REPRESENTATION('',(#13098),#13102);
#13098 = LINE('',#13099,#13100);
#13099 = CARTESIAN_POINT('',(-0.,0.));
#13100 = VECTOR('',#13101,1.);
#13101 = DIRECTION('',(-0.,-1.));
#13102 = ( GEOMETRIC_REPRESENTATION_CONTEXT(2) 
PARAMETRIC_REPRESENTATION_CONTEXT() REPRESENTATION_CONTEXT('2D SPACE',''
  ) );
#13103 = PCURVE('',#13092,#13104);
#13104 = DEFINITIONAL_REPRESENTATION('',(#13105),#13109);
#13105 = LINE('',#13106,#13107);
#13106 = CARTESIAN_POINT('',(-6.28318530718,0.));
#13107 = VECTOR('',#13108,1.);
#13108 = DIRECTION('',(-0.,-1.));
#13109 = ( GEOMETRIC_REPRESENTATION_CONTEXT(2) 
PARAMETRIC_REPRESENTATION_CONTEXT() REPRESENTATION_CONTEXT('2D SPACE',''
  ) );
#13110 = ORIENTED_EDGE('',*,*,#13111,.T.);
#13111 = EDGE_CURVE('',#13084,#13084,#13112,.T.);
#13112 = SURFACE_CURVE('',#13113,(#13118,#13125),.PCURVE_S1.);
#13113 = CIRCLE('',#13114,1.3);
#13114 = AXIS2_PLACEMENT_3D('',#13115,#13116,#13117);
#13115 = CARTESIAN_POINT('',(91.793851278256,71.7,110.8));
#13116 = DIRECTION('',(0.,1.,-0.));
#13117 = DIRECTION('',(-1.,0.,0.));
#13118 = PCURVE('',#13092,#13119);
#13119 = DEFINITIONAL_REPRESENTATION('',(#13120),#13124);
#13120 = LINE('',#13121,#13122);
#13121 = CARTESIAN_POINT('',(-0.,-3.));
#13122 = VECTOR('',#13123,1.);
#13123 = DIRECTION('',(-1.,0.));
#13124 = ( GEOMETRIC_REPRESENTATION_CONTEXT(2) 
PARAMETRIC_REPRESENTATION_CONTEXT() REPRESENTATION_CONTEXT('2D SPACE',''
  ) );
#13125 = PCURVE('',#72,#13126);
#13126 = DEFINITIONAL_REPRESENTATION('',(#13127),#13131);
#13127 = CIRCLE('',#13128,1.3);
#13128 = AXIS2_PLACEMENT_2D('',#13129,#13130);
#13129 = CARTESIAN_POINT('',(-1.793851278256,25.05));
#13130 = DIRECTION('',(1.,0.));
#13131 = ( GEOMETRIC_REPRESENTATION_CONTEXT(2) 
PARAMETRIC_REPRESENTATION_CONTEXT() REPRESENTATION_CONTEXT('2D SPACE',''
  ) );
#13132 = ORIENTED_EDGE('',*,*,#13081,.F.);
#13133 = ORIENTED_EDGE('',*,*,#13134,.F.);
#13134 = EDGE_CURVE('',#13082,#13082,#13135,.T.);
#13135 = SURFACE_CURVE('',#13136,(#13141,#13148),.PCURVE_S1.);
#13136 = CIRCLE('',#13137,1.3);
#13137 = AXIS2_PLACEMENT_3D('',#13138,#13139,#13140);
#13138 = CARTESIAN_POINT('',(91.793851278256,68.7,110.8));
#13139 = DIRECTION('',(0.,1.,-0.));
#13140 = DIRECTION('',(-1.,0.,0.));
#13141 = PCURVE('',#13092,#13142);
#13142 = DEFINITIONAL_REPRESENTATION('',(#13143),#13147);
#13143 = LINE('',#13144,#13145);
#13144 = CARTESIAN_POINT('',(-0.,0.));
#13145 = VECTOR('',#13146,1.);
#13146 = DIRECTION('',(-1.,0.));
#13147 = ( GEOMETRIC_REPRESENTATION_CONTEXT(2) 
PARAMETRIC_REPRESENTATION_CONTEXT() REPRESENTATION_CONTEXT('2D SPACE',''
  ) );
#13148 = PCURVE('',#126,#13149);
#13149 = DEFINITIONAL_REPRESENTATION('',(#13150),#13154);
#13150 = CIRCLE('',#13151,1.3);
#13151 = AXIS2_PLACEMENT_2D('',#13152,#13153);
#13152 = CARTESIAN_POINT('',(-1.793851278256,25.05));
#13153 = DIRECTION('',(1.,0.));
#13154 = ( GEOMETRIC_REPRESENTATION_CONTEXT(2) 
PARAMETRIC_REPRESENTATION_CONTEXT() REPRESENTATION_CONTEXT('2D SPACE',''
  ) );
#13155 = ADVANCED_FACE('',(#13156),#13170,.F.);
#13156 = FACE_BOUND('',#13157,.T.);
#13157 = EDGE_LOOP('',(#13158,#13188,#13210,#13211));
#13158 = ORIENTED_EDGE('',*,*,#13159,.T.);
#13159 = EDGE_CURVE('',#13160,#13162,#13164,.T.);
#13160 = VERTEX_POINT('',#13161);
#13161 = CARTESIAN_POINT('',(94.650773216421,68.7,113.2));
#13162 = VERTEX_POINT('',#13163);
#13163 = CARTESIAN_POINT('',(94.650773216421,71.7,113.2));
#13164 = SEAM_CURVE('',#13165,(#13169,#13181),.PCURVE_S1.);
#13165 = LINE('',#13166,#13167);
#13166 = CARTESIAN_POINT('',(94.650773216421,68.7,113.2));
#13167 = VECTOR('',#13168,1.);
#13168 = DIRECTION('',(0.,1.,-0.));
#13169 = PCURVE('',#13170,#13175);
#13170 = CYLINDRICAL_SURFACE('',#13171,1.3);
#13171 = AXIS2_PLACEMENT_3D('',#13172,#13173,#13174);
#13172 = CARTESIAN_POINT('',(95.950773216421,68.7,113.2));
#13173 = DIRECTION('',(-0.,-1.,0.));
#13174 = DIRECTION('',(-1.,0.,0.));
#13175 = DEFINITIONAL_REPRESENTATION('',(#13176),#13180);
#13176 = LINE('',#13177,#13178);
#13177 = CARTESIAN_POINT('',(-0.,0.));
#13178 = VECTOR('',#13179,1.);
#13179 = DIRECTION('',(-0.,-1.));
#13180 = ( GEOMETRIC_REPRESENTATION_CONTEXT(2) 
PARAMETRIC_REPRESENTATION_CONTEXT() REPRESENTATION_CONTEXT('2D SPACE',''
  ) );
#13181 = PCURVE('',#13170,#13182);
#13182 = DEFINITIONAL_REPRESENTATION('',(#13183),#13187);
#13183 = LINE('',#13184,#13185);
#13184 = CARTESIAN_POINT('',(-6.28318530718,0.));
#13185 = VECTOR('',#13186,1.);
#13186 = DIRECTION('',(-0.,-1.));
#13187 = ( GEOMETRIC_REPRESENTATION_CONTEXT(2) 
PARAMETRIC_REPRESENTATION_CONTEXT() REPRESENTATION_CONTEXT('2D SPACE',''
  ) );
#13188 = ORIENTED_EDGE('',*,*,#13189,.T.);
#13189 = EDGE_CURVE('',#13162,#13162,#13190,.T.);
#13190 = SURFACE_CURVE('',#13191,(#13196,#13203),.PCURVE_S1.);
#13191 = CIRCLE('',#13192,1.3);
#13192 = AXIS2_PLACEMENT_3D('',#13193,#13194,#13195);
#13193 = CARTESIAN_POINT('',(95.950773216421,71.7,113.2));
#13194 = DIRECTION('',(0.,1.,-0.));
#13195 = DIRECTION('',(-1.,0.,0.));
#13196 = PCURVE('',#13170,#13197);
#13197 = DEFINITIONAL_REPRESENTATION('',(#13198),#13202);
#13198 = LINE('',#13199,#13200);
#13199 = CARTESIAN_POINT('',(-0.,-3.));
#13200 = VECTOR('',#13201,1.);
#13201 = DIRECTION('',(-1.,0.));
#13202 = ( GEOMETRIC_REPRESENTATION_CONTEXT(2) 
PARAMETRIC_REPRESENTATION_CONTEXT() REPRESENTATION_CONTEXT('2D SPACE',''
  ) );
#13203 = PCURVE('',#72,#13204);
#13204 = DEFINITIONAL_REPRESENTATION('',(#13205),#13209);
#13205 = CIRCLE('',#13206,1.3);
#13206 = AXIS2_PLACEMENT_2D('',#13207,#13208);
#13207 = CARTESIAN_POINT('',(-5.950773216421,27.45));
#13208 = DIRECTION('',(1.,0.));
#13209 = ( GEOMETRIC_REPRESENTATION_CONTEXT(2) 
PARAMETRIC_REPRESENTATION_CONTEXT() REPRESENTATION_CONTEXT('2D SPACE',''
  ) );
#13210 = ORIENTED_EDGE('',*,*,#13159,.F.);
#13211 = ORIENTED_EDGE('',*,*,#13212,.F.);
#13212 = EDGE_CURVE('',#13160,#13160,#13213,.T.);
#13213 = SURFACE_CURVE('',#13214,(#13219,#13226),.PCURVE_S1.);
#13214 = CIRCLE('',#13215,1.3);
#13215 = AXIS2_PLACEMENT_3D('',#13216,#13217,#13218);
#13216 = CARTESIAN_POINT('',(95.950773216421,68.7,113.2));
#13217 = DIRECTION('',(0.,1.,-0.));
#13218 = DIRECTION('',(-1.,0.,0.));
#13219 = PCURVE('',#13170,#13220);
#13220 = DEFINITIONAL_REPRESENTATION('',(#13221),#13225);
#13221 = LINE('',#13222,#13223);
#13222 = CARTESIAN_POINT('',(-0.,0.));
#13223 = VECTOR('',#13224,1.);
#13224 = DIRECTION('',(-1.,0.));
#13225 = ( GEOMETRIC_REPRESENTATION_CONTEXT(2) 
PARAMETRIC_REPRESENTATION_CONTEXT() REPRESENTATION_CONTEXT('2D SPACE',''
  ) );
#13226 = PCURVE('',#126,#13227);
#13227 = DEFINITIONAL_REPRESENTATION('',(#13228),#13232);
#13228 = CIRCLE('',#13229,1.3);
#13229 = AXIS2_PLACEMENT_2D('',#13230,#13231);
#13230 = CARTESIAN_POINT('',(-5.950773216421,27.45));
#13231 = DIRECTION('',(1.,0.));
#13232 = ( GEOMETRIC_REPRESENTATION_CONTEXT(2) 
PARAMETRIC_REPRESENTATION_CONTEXT() REPRESENTATION_CONTEXT('2D SPACE',''
  ) );
#13233 = ADVANCED_FACE('',(#13234),#13248,.F.);
#13234 = FACE_BOUND('',#13235,.T.);
#13235 = EDGE_LOOP('',(#13236,#13266,#13288,#13289));
#13236 = ORIENTED_EDGE('',*,*,#13237,.T.);
#13237 = EDGE_CURVE('',#13238,#13240,#13242,.T.);
#13238 = VERTEX_POINT('',#13239);
#13239 = CARTESIAN_POINT('',(98.807695154587,68.7,115.6));
#13240 = VERTEX_POINT('',#13241);
#13241 = CARTESIAN_POINT('',(98.807695154587,71.7,115.6));
#13242 = SEAM_CURVE('',#13243,(#13247,#13259),.PCURVE_S1.);
#13243 = LINE('',#13244,#13245);
#13244 = CARTESIAN_POINT('',(98.807695154587,68.7,115.6));
#13245 = VECTOR('',#13246,1.);
#13246 = DIRECTION('',(0.,1.,-0.));
#13247 = PCURVE('',#13248,#13253);
#13248 = CYLINDRICAL_SURFACE('',#13249,1.3);
#13249 = AXIS2_PLACEMENT_3D('',#13250,#13251,#13252);
#13250 = CARTESIAN_POINT('',(100.10769515458,68.7,115.6));
#13251 = DIRECTION('',(-0.,-1.,0.));
#13252 = DIRECTION('',(-1.,0.,0.));
#13253 = DEFINITIONAL_REPRESENTATION('',(#13254),#13258);
#13254 = LINE('',#13255,#13256);
#13255 = CARTESIAN_POINT('',(-0.,0.));
#13256 = VECTOR('',#13257,1.);
#13257 = DIRECTION('',(-0.,-1.));
#13258 = ( GEOMETRIC_REPRESENTATION_CONTEXT(2) 
PARAMETRIC_REPRESENTATION_CONTEXT() REPRESENTATION_CONTEXT('2D SPACE',''
  ) );
#13259 = PCURVE('',#13248,#13260);
#13260 = DEFINITIONAL_REPRESENTATION('',(#13261),#13265);
#13261 = LINE('',#13262,#13263);
#13262 = CARTESIAN_POINT('',(-6.28318530718,0.));
#13263 = VECTOR('',#13264,1.);
#13264 = DIRECTION('',(-0.,-1.));
#13265 = ( GEOMETRIC_REPRESENTATION_CONTEXT(2) 
PARAMETRIC_REPRESENTATION_CONTEXT() REPRESENTATION_CONTEXT('2D SPACE',''
  ) );
#13266 = ORIENTED_EDGE('',*,*,#13267,.T.);
#13267 = EDGE_CURVE('',#13240,#13240,#13268,.T.);
#13268 = SURFACE_CURVE('',#13269,(#13274,#13281),.PCURVE_S1.);
#13269 = CIRCLE('',#13270,1.3);
#13270 = AXIS2_PLACEMENT_3D('',#13271,#13272,#13273);
#13271 = CARTESIAN_POINT('',(100.10769515458,71.7,115.6));
#13272 = DIRECTION('',(0.,1.,-0.));
#13273 = DIRECTION('',(-1.,0.,0.));
#13274 = PCURVE('',#13248,#13275);
#13275 = DEFINITIONAL_REPRESENTATION('',(#13276),#13280);
#13276 = LINE('',#13277,#13278);
#13277 = CARTESIAN_POINT('',(-0.,-3.));
#13278 = VECTOR('',#13279,1.);
#13279 = DIRECTION('',(-1.,0.));
#13280 = ( GEOMETRIC_REPRESENTATION_CONTEXT(2) 
PARAMETRIC_REPRESENTATION_CONTEXT() REPRESENTATION_CONTEXT('2D SPACE',''
  ) );
#13281 = PCURVE('',#72,#13282);
#13282 = DEFINITIONAL_REPRESENTATION('',(#13283),#13287);
#13283 = CIRCLE('',#13284,1.3);
#13284 = AXIS2_PLACEMENT_2D('',#13285,#13286);
#13285 = CARTESIAN_POINT('',(-10.10769515458,29.85));
#13286 = DIRECTION('',(1.,0.));
#13287 = ( GEOMETRIC_REPRESENTATION_CONTEXT(2) 
PARAMETRIC_REPRESENTATION_CONTEXT() REPRESENTATION_CONTEXT('2D SPACE',''
  ) );
#13288 = ORIENTED_EDGE('',*,*,#13237,.F.);
#13289 = ORIENTED_EDGE('',*,*,#13290,.F.);
#13290 = EDGE_CURVE('',#13238,#13238,#13291,.T.);
#13291 = SURFACE_CURVE('',#13292,(#13297,#13304),.PCURVE_S1.);
#13292 = CIRCLE('',#13293,1.3);
#13293 = AXIS2_PLACEMENT_3D('',#13294,#13295,#13296);
#13294 = CARTESIAN_POINT('',(100.10769515458,68.7,115.6));
#13295 = DIRECTION('',(0.,1.,-0.));
#13296 = DIRECTION('',(-1.,0.,0.));
#13297 = PCURVE('',#13248,#13298);
#13298 = DEFINITIONAL_REPRESENTATION('',(#13299),#13303);
#13299 = LINE('',#13300,#13301);
#13300 = CARTESIAN_POINT('',(-0.,0.));
#13301 = VECTOR('',#13302,1.);
#13302 = DIRECTION('',(-1.,0.));
#13303 = ( GEOMETRIC_REPRESENTATION_CONTEXT(2) 
PARAMETRIC_REPRESENTATION_CONTEXT() REPRESENTATION_CONTEXT('2D SPACE',''
  ) );
#13304 = PCURVE('',#126,#13305);
#13305 = DEFINITIONAL_REPRESENTATION('',(#13306),#13310);
#13306 = CIRCLE('',#13307,1.3);
#13307 = AXIS2_PLACEMENT_2D('',#13308,#13309);
#13308 = CARTESIAN_POINT('',(-10.10769515458,29.85));
#13309 = DIRECTION('',(1.,0.));
#13310 = ( GEOMETRIC_REPRESENTATION_CONTEXT(2) 
PARAMETRIC_REPRESENTATION_CONTEXT() REPRESENTATION_CONTEXT('2D SPACE',''
  ) );
#13311 = ADVANCED_FACE('',(#13312),#13326,.F.);
#13312 = FACE_BOUND('',#13313,.T.);
#13313 = EDGE_LOOP('',(#13314,#13344,#13366,#13367));
#13314 = ORIENTED_EDGE('',*,*,#13315,.T.);
#13315 = EDGE_CURVE('',#13316,#13318,#13320,.T.);
#13316 = VERTEX_POINT('',#13317);
#13317 = CARTESIAN_POINT('',(90.493851278256,68.7,115.6));
#13318 = VERTEX_POINT('',#13319);
#13319 = CARTESIAN_POINT('',(90.493851278256,71.7,115.6));
#13320 = SEAM_CURVE('',#13321,(#13325,#13337),.PCURVE_S1.);
#13321 = LINE('',#13322,#13323);
#13322 = CARTESIAN_POINT('',(90.493851278256,68.7,115.6));
#13323 = VECTOR('',#13324,1.);
#13324 = DIRECTION('',(0.,1.,-0.));
#13325 = PCURVE('',#13326,#13331);
#13326 = CYLINDRICAL_SURFACE('',#13327,1.3);
#13327 = AXIS2_PLACEMENT_3D('',#13328,#13329,#13330);
#13328 = CARTESIAN_POINT('',(91.793851278256,68.7,115.6));
#13329 = DIRECTION('',(-0.,-1.,0.));
#13330 = DIRECTION('',(-1.,0.,0.));
#13331 = DEFINITIONAL_REPRESENTATION('',(#13332),#13336);
#13332 = LINE('',#13333,#13334);
#13333 = CARTESIAN_POINT('',(-0.,0.));
#13334 = VECTOR('',#13335,1.);
#13335 = DIRECTION('',(-0.,-1.));
#13336 = ( GEOMETRIC_REPRESENTATION_CONTEXT(2) 
PARAMETRIC_REPRESENTATION_CONTEXT() REPRESENTATION_CONTEXT('2D SPACE',''
  ) );
#13337 = PCURVE('',#13326,#13338);
#13338 = DEFINITIONAL_REPRESENTATION('',(#13339),#13343);
#13339 = LINE('',#13340,#13341);
#13340 = CARTESIAN_POINT('',(-6.28318530718,0.));
#13341 = VECTOR('',#13342,1.);
#13342 = DIRECTION('',(-0.,-1.));
#13343 = ( GEOMETRIC_REPRESENTATION_CONTEXT(2) 
PARAMETRIC_REPRESENTATION_CONTEXT() REPRESENTATION_CONTEXT('2D SPACE',''
  ) );
#13344 = ORIENTED_EDGE('',*,*,#13345,.T.);
#13345 = EDGE_CURVE('',#13318,#13318,#13346,.T.);
#13346 = SURFACE_CURVE('',#13347,(#13352,#13359),.PCURVE_S1.);
#13347 = CIRCLE('',#13348,1.3);
#13348 = AXIS2_PLACEMENT_3D('',#13349,#13350,#13351);
#13349 = CARTESIAN_POINT('',(91.793851278256,71.7,115.6));
#13350 = DIRECTION('',(0.,1.,-0.));
#13351 = DIRECTION('',(-1.,0.,0.));
#13352 = PCURVE('',#13326,#13353);
#13353 = DEFINITIONAL_REPRESENTATION('',(#13354),#13358);
#13354 = LINE('',#13355,#13356);
#13355 = CARTESIAN_POINT('',(-0.,-3.));
#13356 = VECTOR('',#13357,1.);
#13357 = DIRECTION('',(-1.,0.));
#13358 = ( GEOMETRIC_REPRESENTATION_CONTEXT(2) 
PARAMETRIC_REPRESENTATION_CONTEXT() REPRESENTATION_CONTEXT('2D SPACE',''
  ) );
#13359 = PCURVE('',#72,#13360);
#13360 = DEFINITIONAL_REPRESENTATION('',(#13361),#13365);
#13361 = CIRCLE('',#13362,1.3);
#13362 = AXIS2_PLACEMENT_2D('',#13363,#13364);
#13363 = CARTESIAN_POINT('',(-1.793851278256,29.85));
#13364 = DIRECTION('',(1.,0.));
#13365 = ( GEOMETRIC_REPRESENTATION_CONTEXT(2) 
PARAMETRIC_REPRESENTATION_CONTEXT() REPRESENTATION_CONTEXT('2D SPACE',''
  ) );
#13366 = ORIENTED_EDGE('',*,*,#13315,.F.);
#13367 = ORIENTED_EDGE('',*,*,#13368,.F.);
#13368 = EDGE_CURVE('',#13316,#13316,#13369,.T.);
#13369 = SURFACE_CURVE('',#13370,(#13375,#13382),.PCURVE_S1.);
#13370 = CIRCLE('',#13371,1.3);
#13371 = AXIS2_PLACEMENT_3D('',#13372,#13373,#13374);
#13372 = CARTESIAN_POINT('',(91.793851278256,68.7,115.6));
#13373 = DIRECTION('',(0.,1.,-0.));
#13374 = DIRECTION('',(-1.,0.,0.));
#13375 = PCURVE('',#13326,#13376);
#13376 = DEFINITIONAL_REPRESENTATION('',(#13377),#13381);
#13377 = LINE('',#13378,#13379);
#13378 = CARTESIAN_POINT('',(-0.,0.));
#13379 = VECTOR('',#13380,1.);
#13380 = DIRECTION('',(-1.,0.));
#13381 = ( GEOMETRIC_REPRESENTATION_CONTEXT(2) 
PARAMETRIC_REPRESENTATION_CONTEXT() REPRESENTATION_CONTEXT('2D SPACE',''
  ) );
#13382 = PCURVE('',#126,#13383);
#13383 = DEFINITIONAL_REPRESENTATION('',(#13384),#13388);
#13384 = CIRCLE('',#13385,1.3);
#13385 = AXIS2_PLACEMENT_2D('',#13386,#13387);
#13386 = CARTESIAN_POINT('',(-1.793851278256,29.85));
#13387 = DIRECTION('',(1.,0.));
#13388 = ( GEOMETRIC_REPRESENTATION_CONTEXT(2) 
PARAMETRIC_REPRESENTATION_CONTEXT() REPRESENTATION_CONTEXT('2D SPACE',''
  ) );
#13389 = ADVANCED_FACE('',(#13390),#13404,.F.);
#13390 = FACE_BOUND('',#13391,.T.);
#13391 = EDGE_LOOP('',(#13392,#13422,#13444,#13445));
#13392 = ORIENTED_EDGE('',*,*,#13393,.T.);
#13393 = EDGE_CURVE('',#13394,#13396,#13398,.T.);
#13394 = VERTEX_POINT('',#13395);
#13395 = CARTESIAN_POINT('',(107.12153903091,68.7,120.4));
#13396 = VERTEX_POINT('',#13397);
#13397 = CARTESIAN_POINT('',(107.12153903091,71.7,120.4));
#13398 = SEAM_CURVE('',#13399,(#13403,#13415),.PCURVE_S1.);
#13399 = LINE('',#13400,#13401);
#13400 = CARTESIAN_POINT('',(107.12153903091,68.7,120.4));
#13401 = VECTOR('',#13402,1.);
#13402 = DIRECTION('',(0.,1.,-0.));
#13403 = PCURVE('',#13404,#13409);
#13404 = CYLINDRICAL_SURFACE('',#13405,1.3);
#13405 = AXIS2_PLACEMENT_3D('',#13406,#13407,#13408);
#13406 = CARTESIAN_POINT('',(108.42153903091,68.7,120.4));
#13407 = DIRECTION('',(-0.,-1.,0.));
#13408 = DIRECTION('',(-1.,0.,0.));
#13409 = DEFINITIONAL_REPRESENTATION('',(#13410),#13414);
#13410 = LINE('',#13411,#13412);
#13411 = CARTESIAN_POINT('',(-0.,0.));
#13412 = VECTOR('',#13413,1.);
#13413 = DIRECTION('',(-0.,-1.));
#13414 = ( GEOMETRIC_REPRESENTATION_CONTEXT(2) 
PARAMETRIC_REPRESENTATION_CONTEXT() REPRESENTATION_CONTEXT('2D SPACE',''
  ) );
#13415 = PCURVE('',#13404,#13416);
#13416 = DEFINITIONAL_REPRESENTATION('',(#13417),#13421);
#13417 = LINE('',#13418,#13419);
#13418 = CARTESIAN_POINT('',(-6.28318530718,0.));
#13419 = VECTOR('',#13420,1.);
#13420 = DIRECTION('',(-0.,-1.));
#13421 = ( GEOMETRIC_REPRESENTATION_CONTEXT(2) 
PARAMETRIC_REPRESENTATION_CONTEXT() REPRESENTATION_CONTEXT('2D SPACE',''
  ) );
#13422 = ORIENTED_EDGE('',*,*,#13423,.T.);
#13423 = EDGE_CURVE('',#13396,#13396,#13424,.T.);
#13424 = SURFACE_CURVE('',#13425,(#13430,#13437),.PCURVE_S1.);
#13425 = CIRCLE('',#13426,1.3);
#13426 = AXIS2_PLACEMENT_3D('',#13427,#13428,#13429);
#13427 = CARTESIAN_POINT('',(108.42153903091,71.7,120.4));
#13428 = DIRECTION('',(0.,1.,-0.));
#13429 = DIRECTION('',(-1.,0.,0.));
#13430 = PCURVE('',#13404,#13431);
#13431 = DEFINITIONAL_REPRESENTATION('',(#13432),#13436);
#13432 = LINE('',#13433,#13434);
#13433 = CARTESIAN_POINT('',(-0.,-3.));
#13434 = VECTOR('',#13435,1.);
#13435 = DIRECTION('',(-1.,0.));
#13436 = ( GEOMETRIC_REPRESENTATION_CONTEXT(2) 
PARAMETRIC_REPRESENTATION_CONTEXT() REPRESENTATION_CONTEXT('2D SPACE',''
  ) );
#13437 = PCURVE('',#72,#13438);
#13438 = DEFINITIONAL_REPRESENTATION('',(#13439),#13443);
#13439 = CIRCLE('',#13440,1.3);
#13440 = AXIS2_PLACEMENT_2D('',#13441,#13442);
#13441 = CARTESIAN_POINT('',(-18.42153903091,34.65));
#13442 = DIRECTION('',(1.,0.));
#13443 = ( GEOMETRIC_REPRESENTATION_CONTEXT(2) 
PARAMETRIC_REPRESENTATION_CONTEXT() REPRESENTATION_CONTEXT('2D SPACE',''
  ) );
#13444 = ORIENTED_EDGE('',*,*,#13393,.F.);
#13445 = ORIENTED_EDGE('',*,*,#13446,.F.);
#13446 = EDGE_CURVE('',#13394,#13394,#13447,.T.);
#13447 = SURFACE_CURVE('',#13448,(#13453,#13460),.PCURVE_S1.);
#13448 = CIRCLE('',#13449,1.3);
#13449 = AXIS2_PLACEMENT_3D('',#13450,#13451,#13452);
#13450 = CARTESIAN_POINT('',(108.42153903091,68.7,120.4));
#13451 = DIRECTION('',(0.,1.,-0.));
#13452 = DIRECTION('',(-1.,0.,0.));
#13453 = PCURVE('',#13404,#13454);
#13454 = DEFINITIONAL_REPRESENTATION('',(#13455),#13459);
#13455 = LINE('',#13456,#13457);
#13456 = CARTESIAN_POINT('',(-0.,0.));
#13457 = VECTOR('',#13458,1.);
#13458 = DIRECTION('',(-1.,0.));
#13459 = ( GEOMETRIC_REPRESENTATION_CONTEXT(2) 
PARAMETRIC_REPRESENTATION_CONTEXT() REPRESENTATION_CONTEXT('2D SPACE',''
  ) );
#13460 = PCURVE('',#126,#13461);
#13461 = DEFINITIONAL_REPRESENTATION('',(#13462),#13466);
#13462 = CIRCLE('',#13463,1.3);
#13463 = AXIS2_PLACEMENT_2D('',#13464,#13465);
#13464 = CARTESIAN_POINT('',(-18.42153903091,34.65));
#13465 = DIRECTION('',(1.,0.));
#13466 = ( GEOMETRIC_REPRESENTATION_CONTEXT(2) 
PARAMETRIC_REPRESENTATION_CONTEXT() REPRESENTATION_CONTEXT('2D SPACE',''
  ) );
#13467 = ADVANCED_FACE('',(#13468),#13482,.F.);
#13468 = FACE_BOUND('',#13469,.T.);
#13469 = EDGE_LOOP('',(#13470,#13500,#13522,#13523));
#13470 = ORIENTED_EDGE('',*,*,#13471,.T.);
#13471 = EDGE_CURVE('',#13472,#13474,#13476,.T.);
#13472 = VERTEX_POINT('',#13473);
#13473 = CARTESIAN_POINT('',(102.96461709275,68.7,118.));
#13474 = VERTEX_POINT('',#13475);
#13475 = CARTESIAN_POINT('',(102.96461709275,71.7,118.));
#13476 = SEAM_CURVE('',#13477,(#13481,#13493),.PCURVE_S1.);
#13477 = LINE('',#13478,#13479);
#13478 = CARTESIAN_POINT('',(102.96461709275,68.7,118.));
#13479 = VECTOR('',#13480,1.);
#13480 = DIRECTION('',(0.,1.,-0.));
#13481 = PCURVE('',#13482,#13487);
#13482 = CYLINDRICAL_SURFACE('',#13483,1.3);
#13483 = AXIS2_PLACEMENT_3D('',#13484,#13485,#13486);
#13484 = CARTESIAN_POINT('',(104.26461709275,68.7,118.));
#13485 = DIRECTION('',(-0.,-1.,0.));
#13486 = DIRECTION('',(-1.,0.,0.));
#13487 = DEFINITIONAL_REPRESENTATION('',(#13488),#13492);
#13488 = LINE('',#13489,#13490);
#13489 = CARTESIAN_POINT('',(-0.,0.));
#13490 = VECTOR('',#13491,1.);
#13491 = DIRECTION('',(-0.,-1.));
#13492 = ( GEOMETRIC_REPRESENTATION_CONTEXT(2) 
PARAMETRIC_REPRESENTATION_CONTEXT() REPRESENTATION_CONTEXT('2D SPACE',''
  ) );
#13493 = PCURVE('',#13482,#13494);
#13494 = DEFINITIONAL_REPRESENTATION('',(#13495),#13499);
#13495 = LINE('',#13496,#13497);
#13496 = CARTESIAN_POINT('',(-6.28318530718,0.));
#13497 = VECTOR('',#13498,1.);
#13498 = DIRECTION('',(-0.,-1.));
#13499 = ( GEOMETRIC_REPRESENTATION_CONTEXT(2) 
PARAMETRIC_REPRESENTATION_CONTEXT() REPRESENTATION_CONTEXT('2D SPACE',''
  ) );
#13500 = ORIENTED_EDGE('',*,*,#13501,.T.);
#13501 = EDGE_CURVE('',#13474,#13474,#13502,.T.);
#13502 = SURFACE_CURVE('',#13503,(#13508,#13515),.PCURVE_S1.);
#13503 = CIRCLE('',#13504,1.3);
#13504 = AXIS2_PLACEMENT_3D('',#13505,#13506,#13507);
#13505 = CARTESIAN_POINT('',(104.26461709275,71.7,118.));
#13506 = DIRECTION('',(0.,1.,-0.));
#13507 = DIRECTION('',(-1.,0.,0.));
#13508 = PCURVE('',#13482,#13509);
#13509 = DEFINITIONAL_REPRESENTATION('',(#13510),#13514);
#13510 = LINE('',#13511,#13512);
#13511 = CARTESIAN_POINT('',(-0.,-3.));
#13512 = VECTOR('',#13513,1.);
#13513 = DIRECTION('',(-1.,0.));
#13514 = ( GEOMETRIC_REPRESENTATION_CONTEXT(2) 
PARAMETRIC_REPRESENTATION_CONTEXT() REPRESENTATION_CONTEXT('2D SPACE',''
  ) );
#13515 = PCURVE('',#72,#13516);
#13516 = DEFINITIONAL_REPRESENTATION('',(#13517),#13521);
#13517 = CIRCLE('',#13518,1.3);
#13518 = AXIS2_PLACEMENT_2D('',#13519,#13520);
#13519 = CARTESIAN_POINT('',(-14.26461709275,32.25));
#13520 = DIRECTION('',(1.,0.));
#13521 = ( GEOMETRIC_REPRESENTATION_CONTEXT(2) 
PARAMETRIC_REPRESENTATION_CONTEXT() REPRESENTATION_CONTEXT('2D SPACE',''
  ) );
#13522 = ORIENTED_EDGE('',*,*,#13471,.F.);
#13523 = ORIENTED_EDGE('',*,*,#13524,.F.);
#13524 = EDGE_CURVE('',#13472,#13472,#13525,.T.);
#13525 = SURFACE_CURVE('',#13526,(#13531,#13538),.PCURVE_S1.);
#13526 = CIRCLE('',#13527,1.3);
#13527 = AXIS2_PLACEMENT_3D('',#13528,#13529,#13530);
#13528 = CARTESIAN_POINT('',(104.26461709275,68.7,118.));
#13529 = DIRECTION('',(0.,1.,-0.));
#13530 = DIRECTION('',(-1.,0.,0.));
#13531 = PCURVE('',#13482,#13532);
#13532 = DEFINITIONAL_REPRESENTATION('',(#13533),#13537);
#13533 = LINE('',#13534,#13535);
#13534 = CARTESIAN_POINT('',(-0.,0.));
#13535 = VECTOR('',#13536,1.);
#13536 = DIRECTION('',(-1.,0.));
#13537 = ( GEOMETRIC_REPRESENTATION_CONTEXT(2) 
PARAMETRIC_REPRESENTATION_CONTEXT() REPRESENTATION_CONTEXT('2D SPACE',''
  ) );
#13538 = PCURVE('',#126,#13539);
#13539 = DEFINITIONAL_REPRESENTATION('',(#13540),#13544);
#13540 = CIRCLE('',#13541,1.3);
#13541 = AXIS2_PLACEMENT_2D('',#13542,#13543);
#13542 = CARTESIAN_POINT('',(-14.26461709275,32.25));
#13543 = DIRECTION('',(1.,0.));
#13544 = ( GEOMETRIC_REPRESENTATION_CONTEXT(2) 
PARAMETRIC_REPRESENTATION_CONTEXT() REPRESENTATION_CONTEXT('2D SPACE',''
  ) );
#13545 = ADVANCED_FACE('',(#13546),#13560,.F.);
#13546 = FACE_BOUND('',#13547,.T.);
#13547 = EDGE_LOOP('',(#13548,#13578,#13600,#13601));
#13548 = ORIENTED_EDGE('',*,*,#13549,.T.);
#13549 = EDGE_CURVE('',#13550,#13552,#13554,.T.);
#13550 = VERTEX_POINT('',#13551);
#13551 = CARTESIAN_POINT('',(107.12153903091,68.7,125.2));
#13552 = VERTEX_POINT('',#13553);
#13553 = CARTESIAN_POINT('',(107.12153903091,71.7,125.2));
#13554 = SEAM_CURVE('',#13555,(#13559,#13571),.PCURVE_S1.);
#13555 = LINE('',#13556,#13557);
#13556 = CARTESIAN_POINT('',(107.12153903091,68.7,125.2));
#13557 = VECTOR('',#13558,1.);
#13558 = DIRECTION('',(0.,1.,-0.));
#13559 = PCURVE('',#13560,#13565);
#13560 = CYLINDRICAL_SURFACE('',#13561,1.3);
#13561 = AXIS2_PLACEMENT_3D('',#13562,#13563,#13564);
#13562 = CARTESIAN_POINT('',(108.42153903091,68.7,125.2));
#13563 = DIRECTION('',(-0.,-1.,0.));
#13564 = DIRECTION('',(-1.,0.,0.));
#13565 = DEFINITIONAL_REPRESENTATION('',(#13566),#13570);
#13566 = LINE('',#13567,#13568);
#13567 = CARTESIAN_POINT('',(-0.,0.));
#13568 = VECTOR('',#13569,1.);
#13569 = DIRECTION('',(-0.,-1.));
#13570 = ( GEOMETRIC_REPRESENTATION_CONTEXT(2) 
PARAMETRIC_REPRESENTATION_CONTEXT() REPRESENTATION_CONTEXT('2D SPACE',''
  ) );
#13571 = PCURVE('',#13560,#13572);
#13572 = DEFINITIONAL_REPRESENTATION('',(#13573),#13577);
#13573 = LINE('',#13574,#13575);
#13574 = CARTESIAN_POINT('',(-6.28318530718,0.));
#13575 = VECTOR('',#13576,1.);
#13576 = DIRECTION('',(-0.,-1.));
#13577 = ( GEOMETRIC_REPRESENTATION_CONTEXT(2) 
PARAMETRIC_REPRESENTATION_CONTEXT() REPRESENTATION_CONTEXT('2D SPACE',''
  ) );
#13578 = ORIENTED_EDGE('',*,*,#13579,.T.);
#13579 = EDGE_CURVE('',#13552,#13552,#13580,.T.);
#13580 = SURFACE_CURVE('',#13581,(#13586,#13593),.PCURVE_S1.);
#13581 = CIRCLE('',#13582,1.3);
#13582 = AXIS2_PLACEMENT_3D('',#13583,#13584,#13585);
#13583 = CARTESIAN_POINT('',(108.42153903091,71.7,125.2));
#13584 = DIRECTION('',(0.,1.,-0.));
#13585 = DIRECTION('',(-1.,0.,0.));
#13586 = PCURVE('',#13560,#13587);
#13587 = DEFINITIONAL_REPRESENTATION('',(#13588),#13592);
#13588 = LINE('',#13589,#13590);
#13589 = CARTESIAN_POINT('',(-0.,-3.));
#13590 = VECTOR('',#13591,1.);
#13591 = DIRECTION('',(-1.,0.));
#13592 = ( GEOMETRIC_REPRESENTATION_CONTEXT(2) 
PARAMETRIC_REPRESENTATION_CONTEXT() REPRESENTATION_CONTEXT('2D SPACE',''
  ) );
#13593 = PCURVE('',#72,#13594);
#13594 = DEFINITIONAL_REPRESENTATION('',(#13595),#13599);
#13595 = CIRCLE('',#13596,1.3);
#13596 = AXIS2_PLACEMENT_2D('',#13597,#13598);
#13597 = CARTESIAN_POINT('',(-18.42153903091,39.45));
#13598 = DIRECTION('',(1.,0.));
#13599 = ( GEOMETRIC_REPRESENTATION_CONTEXT(2) 
PARAMETRIC_REPRESENTATION_CONTEXT() REPRESENTATION_CONTEXT('2D SPACE',''
  ) );
#13600 = ORIENTED_EDGE('',*,*,#13549,.F.);
#13601 = ORIENTED_EDGE('',*,*,#13602,.F.);
#13602 = EDGE_CURVE('',#13550,#13550,#13603,.T.);
#13603 = SURFACE_CURVE('',#13604,(#13609,#13616),.PCURVE_S1.);
#13604 = CIRCLE('',#13605,1.3);
#13605 = AXIS2_PLACEMENT_3D('',#13606,#13607,#13608);
#13606 = CARTESIAN_POINT('',(108.42153903091,68.7,125.2));
#13607 = DIRECTION('',(0.,1.,-0.));
#13608 = DIRECTION('',(-1.,0.,0.));
#13609 = PCURVE('',#13560,#13610);
#13610 = DEFINITIONAL_REPRESENTATION('',(#13611),#13615);
#13611 = LINE('',#13612,#13613);
#13612 = CARTESIAN_POINT('',(-0.,0.));
#13613 = VECTOR('',#13614,1.);
#13614 = DIRECTION('',(-1.,0.));
#13615 = ( GEOMETRIC_REPRESENTATION_CONTEXT(2) 
PARAMETRIC_REPRESENTATION_CONTEXT() REPRESENTATION_CONTEXT('2D SPACE',''
  ) );
#13616 = PCURVE('',#126,#13617);
#13617 = DEFINITIONAL_REPRESENTATION('',(#13618),#13622);
#13618 = CIRCLE('',#13619,1.3);
#13619 = AXIS2_PLACEMENT_2D('',#13620,#13621);
#13620 = CARTESIAN_POINT('',(-18.42153903091,39.45));
#13621 = DIRECTION('',(1.,0.));
#13622 = ( GEOMETRIC_REPRESENTATION_CONTEXT(2) 
PARAMETRIC_REPRESENTATION_CONTEXT() REPRESENTATION_CONTEXT('2D SPACE',''
  ) );
#13623 = ADVANCED_FACE('',(#13624),#13638,.F.);
#13624 = FACE_BOUND('',#13625,.T.);
#13625 = EDGE_LOOP('',(#13626,#13656,#13678,#13679));
#13626 = ORIENTED_EDGE('',*,*,#13627,.T.);
#13627 = EDGE_CURVE('',#13628,#13630,#13632,.T.);
#13628 = VERTEX_POINT('',#13629);
#13629 = CARTESIAN_POINT('',(102.96461709275,68.7,122.8));
#13630 = VERTEX_POINT('',#13631);
#13631 = CARTESIAN_POINT('',(102.96461709275,71.7,122.8));
#13632 = SEAM_CURVE('',#13633,(#13637,#13649),.PCURVE_S1.);
#13633 = LINE('',#13634,#13635);
#13634 = CARTESIAN_POINT('',(102.96461709275,68.7,122.8));
#13635 = VECTOR('',#13636,1.);
#13636 = DIRECTION('',(0.,1.,-0.));
#13637 = PCURVE('',#13638,#13643);
#13638 = CYLINDRICAL_SURFACE('',#13639,1.3);
#13639 = AXIS2_PLACEMENT_3D('',#13640,#13641,#13642);
#13640 = CARTESIAN_POINT('',(104.26461709275,68.7,122.8));
#13641 = DIRECTION('',(-0.,-1.,0.));
#13642 = DIRECTION('',(-1.,0.,0.));
#13643 = DEFINITIONAL_REPRESENTATION('',(#13644),#13648);
#13644 = LINE('',#13645,#13646);
#13645 = CARTESIAN_POINT('',(-0.,0.));
#13646 = VECTOR('',#13647,1.);
#13647 = DIRECTION('',(-0.,-1.));
#13648 = ( GEOMETRIC_REPRESENTATION_CONTEXT(2) 
PARAMETRIC_REPRESENTATION_CONTEXT() REPRESENTATION_CONTEXT('2D SPACE',''
  ) );
#13649 = PCURVE('',#13638,#13650);
#13650 = DEFINITIONAL_REPRESENTATION('',(#13651),#13655);
#13651 = LINE('',#13652,#13653);
#13652 = CARTESIAN_POINT('',(-6.28318530718,0.));
#13653 = VECTOR('',#13654,1.);
#13654 = DIRECTION('',(-0.,-1.));
#13655 = ( GEOMETRIC_REPRESENTATION_CONTEXT(2) 
PARAMETRIC_REPRESENTATION_CONTEXT() REPRESENTATION_CONTEXT('2D SPACE',''
  ) );
#13656 = ORIENTED_EDGE('',*,*,#13657,.T.);
#13657 = EDGE_CURVE('',#13630,#13630,#13658,.T.);
#13658 = SURFACE_CURVE('',#13659,(#13664,#13671),.PCURVE_S1.);
#13659 = CIRCLE('',#13660,1.3);
#13660 = AXIS2_PLACEMENT_3D('',#13661,#13662,#13663);
#13661 = CARTESIAN_POINT('',(104.26461709275,71.7,122.8));
#13662 = DIRECTION('',(0.,1.,-0.));
#13663 = DIRECTION('',(-1.,0.,0.));
#13664 = PCURVE('',#13638,#13665);
#13665 = DEFINITIONAL_REPRESENTATION('',(#13666),#13670);
#13666 = LINE('',#13667,#13668);
#13667 = CARTESIAN_POINT('',(-0.,-3.));
#13668 = VECTOR('',#13669,1.);
#13669 = DIRECTION('',(-1.,0.));
#13670 = ( GEOMETRIC_REPRESENTATION_CONTEXT(2) 
PARAMETRIC_REPRESENTATION_CONTEXT() REPRESENTATION_CONTEXT('2D SPACE',''
  ) );
#13671 = PCURVE('',#72,#13672);
#13672 = DEFINITIONAL_REPRESENTATION('',(#13673),#13677);
#13673 = CIRCLE('',#13674,1.3);
#13674 = AXIS2_PLACEMENT_2D('',#13675,#13676);
#13675 = CARTESIAN_POINT('',(-14.26461709275,37.05));
#13676 = DIRECTION('',(1.,0.));
#13677 = ( GEOMETRIC_REPRESENTATION_CONTEXT(2) 
PARAMETRIC_REPRESENTATION_CONTEXT() REPRESENTATION_CONTEXT('2D SPACE',''
  ) );
#13678 = ORIENTED_EDGE('',*,*,#13627,.F.);
#13679 = ORIENTED_EDGE('',*,*,#13680,.F.);
#13680 = EDGE_CURVE('',#13628,#13628,#13681,.T.);
#13681 = SURFACE_CURVE('',#13682,(#13687,#13694),.PCURVE_S1.);
#13682 = CIRCLE('',#13683,1.3);
#13683 = AXIS2_PLACEMENT_3D('',#13684,#13685,#13686);
#13684 = CARTESIAN_POINT('',(104.26461709275,68.7,122.8));
#13685 = DIRECTION('',(0.,1.,-0.));
#13686 = DIRECTION('',(-1.,0.,0.));
#13687 = PCURVE('',#13638,#13688);
#13688 = DEFINITIONAL_REPRESENTATION('',(#13689),#13693);
#13689 = LINE('',#13690,#13691);
#13690 = CARTESIAN_POINT('',(-0.,0.));
#13691 = VECTOR('',#13692,1.);
#13692 = DIRECTION('',(-1.,0.));
#13693 = ( GEOMETRIC_REPRESENTATION_CONTEXT(2) 
PARAMETRIC_REPRESENTATION_CONTEXT() REPRESENTATION_CONTEXT('2D SPACE',''
  ) );
#13694 = PCURVE('',#126,#13695);
#13695 = DEFINITIONAL_REPRESENTATION('',(#13696),#13700);
#13696 = CIRCLE('',#13697,1.3);
#13697 = AXIS2_PLACEMENT_2D('',#13698,#13699);
#13698 = CARTESIAN_POINT('',(-14.26461709275,37.05));
#13699 = DIRECTION('',(1.,0.));
#13700 = ( GEOMETRIC_REPRESENTATION_CONTEXT(2) 
PARAMETRIC_REPRESENTATION_CONTEXT() REPRESENTATION_CONTEXT('2D SPACE',''
  ) );
#13701 = ADVANCED_FACE('',(#13702),#13716,.F.);
#13702 = FACE_BOUND('',#13703,.T.);
#13703 = EDGE_LOOP('',(#13704,#13734,#13756,#13757));
#13704 = ORIENTED_EDGE('',*,*,#13705,.T.);
#13705 = EDGE_CURVE('',#13706,#13708,#13710,.T.);
#13706 = VERTEX_POINT('',#13707);
#13707 = CARTESIAN_POINT('',(94.650773216421,68.7,118.));
#13708 = VERTEX_POINT('',#13709);
#13709 = CARTESIAN_POINT('',(94.650773216421,71.7,118.));
#13710 = SEAM_CURVE('',#13711,(#13715,#13727),.PCURVE_S1.);
#13711 = LINE('',#13712,#13713);
#13712 = CARTESIAN_POINT('',(94.650773216421,68.7,118.));
#13713 = VECTOR('',#13714,1.);
#13714 = DIRECTION('',(0.,1.,-0.));
#13715 = PCURVE('',#13716,#13721);
#13716 = CYLINDRICAL_SURFACE('',#13717,1.3);
#13717 = AXIS2_PLACEMENT_3D('',#13718,#13719,#13720);
#13718 = CARTESIAN_POINT('',(95.950773216421,68.7,118.));
#13719 = DIRECTION('',(-0.,-1.,0.));
#13720 = DIRECTION('',(-1.,0.,0.));
#13721 = DEFINITIONAL_REPRESENTATION('',(#13722),#13726);
#13722 = LINE('',#13723,#13724);
#13723 = CARTESIAN_POINT('',(-0.,0.));
#13724 = VECTOR('',#13725,1.);
#13725 = DIRECTION('',(-0.,-1.));
#13726 = ( GEOMETRIC_REPRESENTATION_CONTEXT(2) 
PARAMETRIC_REPRESENTATION_CONTEXT() REPRESENTATION_CONTEXT('2D SPACE',''
  ) );
#13727 = PCURVE('',#13716,#13728);
#13728 = DEFINITIONAL_REPRESENTATION('',(#13729),#13733);
#13729 = LINE('',#13730,#13731);
#13730 = CARTESIAN_POINT('',(-6.28318530718,0.));
#13731 = VECTOR('',#13732,1.);
#13732 = DIRECTION('',(-0.,-1.));
#13733 = ( GEOMETRIC_REPRESENTATION_CONTEXT(2) 
PARAMETRIC_REPRESENTATION_CONTEXT() REPRESENTATION_CONTEXT('2D SPACE',''
  ) );
#13734 = ORIENTED_EDGE('',*,*,#13735,.T.);
#13735 = EDGE_CURVE('',#13708,#13708,#13736,.T.);
#13736 = SURFACE_CURVE('',#13737,(#13742,#13749),.PCURVE_S1.);
#13737 = CIRCLE('',#13738,1.3);
#13738 = AXIS2_PLACEMENT_3D('',#13739,#13740,#13741);
#13739 = CARTESIAN_POINT('',(95.950773216421,71.7,118.));
#13740 = DIRECTION('',(0.,1.,-0.));
#13741 = DIRECTION('',(-1.,0.,0.));
#13742 = PCURVE('',#13716,#13743);
#13743 = DEFINITIONAL_REPRESENTATION('',(#13744),#13748);
#13744 = LINE('',#13745,#13746);
#13745 = CARTESIAN_POINT('',(-0.,-3.));
#13746 = VECTOR('',#13747,1.);
#13747 = DIRECTION('',(-1.,0.));
#13748 = ( GEOMETRIC_REPRESENTATION_CONTEXT(2) 
PARAMETRIC_REPRESENTATION_CONTEXT() REPRESENTATION_CONTEXT('2D SPACE',''
  ) );
#13749 = PCURVE('',#72,#13750);
#13750 = DEFINITIONAL_REPRESENTATION('',(#13751),#13755);
#13751 = CIRCLE('',#13752,1.3);
#13752 = AXIS2_PLACEMENT_2D('',#13753,#13754);
#13753 = CARTESIAN_POINT('',(-5.950773216421,32.25));
#13754 = DIRECTION('',(1.,0.));
#13755 = ( GEOMETRIC_REPRESENTATION_CONTEXT(2) 
PARAMETRIC_REPRESENTATION_CONTEXT() REPRESENTATION_CONTEXT('2D SPACE',''
  ) );
#13756 = ORIENTED_EDGE('',*,*,#13705,.F.);
#13757 = ORIENTED_EDGE('',*,*,#13758,.F.);
#13758 = EDGE_CURVE('',#13706,#13706,#13759,.T.);
#13759 = SURFACE_CURVE('',#13760,(#13765,#13772),.PCURVE_S1.);
#13760 = CIRCLE('',#13761,1.3);
#13761 = AXIS2_PLACEMENT_3D('',#13762,#13763,#13764);
#13762 = CARTESIAN_POINT('',(95.950773216421,68.7,118.));
#13763 = DIRECTION('',(0.,1.,-0.));
#13764 = DIRECTION('',(-1.,0.,0.));
#13765 = PCURVE('',#13716,#13766);
#13766 = DEFINITIONAL_REPRESENTATION('',(#13767),#13771);
#13767 = LINE('',#13768,#13769);
#13768 = CARTESIAN_POINT('',(-0.,0.));
#13769 = VECTOR('',#13770,1.);
#13770 = DIRECTION('',(-1.,0.));
#13771 = ( GEOMETRIC_REPRESENTATION_CONTEXT(2) 
PARAMETRIC_REPRESENTATION_CONTEXT() REPRESENTATION_CONTEXT('2D SPACE',''
  ) );
#13772 = PCURVE('',#126,#13773);
#13773 = DEFINITIONAL_REPRESENTATION('',(#13774),#13778);
#13774 = CIRCLE('',#13775,1.3);
#13775 = AXIS2_PLACEMENT_2D('',#13776,#13777);
#13776 = CARTESIAN_POINT('',(-5.950773216421,32.25));
#13777 = DIRECTION('',(1.,0.));
#13778 = ( GEOMETRIC_REPRESENTATION_CONTEXT(2) 
PARAMETRIC_REPRESENTATION_CONTEXT() REPRESENTATION_CONTEXT('2D SPACE',''
  ) );
#13779 = ADVANCED_FACE('',(#13780),#13794,.F.);
#13780 = FACE_BOUND('',#13781,.T.);
#13781 = EDGE_LOOP('',(#13782,#13812,#13834,#13835));
#13782 = ORIENTED_EDGE('',*,*,#13783,.T.);
#13783 = EDGE_CURVE('',#13784,#13786,#13788,.T.);
#13784 = VERTEX_POINT('',#13785);
#13785 = CARTESIAN_POINT('',(98.807695154587,68.7,120.4));
#13786 = VERTEX_POINT('',#13787);
#13787 = CARTESIAN_POINT('',(98.807695154587,71.7,120.4));
#13788 = SEAM_CURVE('',#13789,(#13793,#13805),.PCURVE_S1.);
#13789 = LINE('',#13790,#13791);
#13790 = CARTESIAN_POINT('',(98.807695154587,68.7,120.4));
#13791 = VECTOR('',#13792,1.);
#13792 = DIRECTION('',(0.,1.,-0.));
#13793 = PCURVE('',#13794,#13799);
#13794 = CYLINDRICAL_SURFACE('',#13795,1.3);
#13795 = AXIS2_PLACEMENT_3D('',#13796,#13797,#13798);
#13796 = CARTESIAN_POINT('',(100.10769515458,68.7,120.4));
#13797 = DIRECTION('',(-0.,-1.,0.));
#13798 = DIRECTION('',(-1.,0.,0.));
#13799 = DEFINITIONAL_REPRESENTATION('',(#13800),#13804);
#13800 = LINE('',#13801,#13802);
#13801 = CARTESIAN_POINT('',(-0.,0.));
#13802 = VECTOR('',#13803,1.);
#13803 = DIRECTION('',(-0.,-1.));
#13804 = ( GEOMETRIC_REPRESENTATION_CONTEXT(2) 
PARAMETRIC_REPRESENTATION_CONTEXT() REPRESENTATION_CONTEXT('2D SPACE',''
  ) );
#13805 = PCURVE('',#13794,#13806);
#13806 = DEFINITIONAL_REPRESENTATION('',(#13807),#13811);
#13807 = LINE('',#13808,#13809);
#13808 = CARTESIAN_POINT('',(-6.28318530718,0.));
#13809 = VECTOR('',#13810,1.);
#13810 = DIRECTION('',(-0.,-1.));
#13811 = ( GEOMETRIC_REPRESENTATION_CONTEXT(2) 
PARAMETRIC_REPRESENTATION_CONTEXT() REPRESENTATION_CONTEXT('2D SPACE',''
  ) );
#13812 = ORIENTED_EDGE('',*,*,#13813,.T.);
#13813 = EDGE_CURVE('',#13786,#13786,#13814,.T.);
#13814 = SURFACE_CURVE('',#13815,(#13820,#13827),.PCURVE_S1.);
#13815 = CIRCLE('',#13816,1.3);
#13816 = AXIS2_PLACEMENT_3D('',#13817,#13818,#13819);
#13817 = CARTESIAN_POINT('',(100.10769515458,71.7,120.4));
#13818 = DIRECTION('',(0.,1.,-0.));
#13819 = DIRECTION('',(-1.,0.,0.));
#13820 = PCURVE('',#13794,#13821);
#13821 = DEFINITIONAL_REPRESENTATION('',(#13822),#13826);
#13822 = LINE('',#13823,#13824);
#13823 = CARTESIAN_POINT('',(-0.,-3.));
#13824 = VECTOR('',#13825,1.);
#13825 = DIRECTION('',(-1.,0.));
#13826 = ( GEOMETRIC_REPRESENTATION_CONTEXT(2) 
PARAMETRIC_REPRESENTATION_CONTEXT() REPRESENTATION_CONTEXT('2D SPACE',''
  ) );
#13827 = PCURVE('',#72,#13828);
#13828 = DEFINITIONAL_REPRESENTATION('',(#13829),#13833);
#13829 = CIRCLE('',#13830,1.3);
#13830 = AXIS2_PLACEMENT_2D('',#13831,#13832);
#13831 = CARTESIAN_POINT('',(-10.10769515458,34.65));
#13832 = DIRECTION('',(1.,0.));
#13833 = ( GEOMETRIC_REPRESENTATION_CONTEXT(2) 
PARAMETRIC_REPRESENTATION_CONTEXT() REPRESENTATION_CONTEXT('2D SPACE',''
  ) );
#13834 = ORIENTED_EDGE('',*,*,#13783,.F.);
#13835 = ORIENTED_EDGE('',*,*,#13836,.F.);
#13836 = EDGE_CURVE('',#13784,#13784,#13837,.T.);
#13837 = SURFACE_CURVE('',#13838,(#13843,#13850),.PCURVE_S1.);
#13838 = CIRCLE('',#13839,1.3);
#13839 = AXIS2_PLACEMENT_3D('',#13840,#13841,#13842);
#13840 = CARTESIAN_POINT('',(100.10769515458,68.7,120.4));
#13841 = DIRECTION('',(0.,1.,-0.));
#13842 = DIRECTION('',(-1.,0.,0.));
#13843 = PCURVE('',#13794,#13844);
#13844 = DEFINITIONAL_REPRESENTATION('',(#13845),#13849);
#13845 = LINE('',#13846,#13847);
#13846 = CARTESIAN_POINT('',(-0.,0.));
#13847 = VECTOR('',#13848,1.);
#13848 = DIRECTION('',(-1.,0.));
#13849 = ( GEOMETRIC_REPRESENTATION_CONTEXT(2) 
PARAMETRIC_REPRESENTATION_CONTEXT() REPRESENTATION_CONTEXT('2D SPACE',''
  ) );
#13850 = PCURVE('',#126,#13851);
#13851 = DEFINITIONAL_REPRESENTATION('',(#13852),#13856);
#13852 = CIRCLE('',#13853,1.3);
#13853 = AXIS2_PLACEMENT_2D('',#13854,#13855);
#13854 = CARTESIAN_POINT('',(-10.10769515458,34.65));
#13855 = DIRECTION('',(1.,0.));
#13856 = ( GEOMETRIC_REPRESENTATION_CONTEXT(2) 
PARAMETRIC_REPRESENTATION_CONTEXT() REPRESENTATION_CONTEXT('2D SPACE',''
  ) );
#13857 = ADVANCED_FACE('',(#13858),#13872,.F.);
#13858 = FACE_BOUND('',#13859,.T.);
#13859 = EDGE_LOOP('',(#13860,#13890,#13912,#13913));
#13860 = ORIENTED_EDGE('',*,*,#13861,.T.);
#13861 = EDGE_CURVE('',#13862,#13864,#13866,.T.);
#13862 = VERTEX_POINT('',#13863);
#13863 = CARTESIAN_POINT('',(90.493851278256,68.7,120.4));
#13864 = VERTEX_POINT('',#13865);
#13865 = CARTESIAN_POINT('',(90.493851278256,71.7,120.4));
#13866 = SEAM_CURVE('',#13867,(#13871,#13883),.PCURVE_S1.);
#13867 = LINE('',#13868,#13869);
#13868 = CARTESIAN_POINT('',(90.493851278256,68.7,120.4));
#13869 = VECTOR('',#13870,1.);
#13870 = DIRECTION('',(0.,1.,-0.));
#13871 = PCURVE('',#13872,#13877);
#13872 = CYLINDRICAL_SURFACE('',#13873,1.3);
#13873 = AXIS2_PLACEMENT_3D('',#13874,#13875,#13876);
#13874 = CARTESIAN_POINT('',(91.793851278256,68.7,120.4));
#13875 = DIRECTION('',(-0.,-1.,0.));
#13876 = DIRECTION('',(-1.,0.,0.));
#13877 = DEFINITIONAL_REPRESENTATION('',(#13878),#13882);
#13878 = LINE('',#13879,#13880);
#13879 = CARTESIAN_POINT('',(-0.,0.));
#13880 = VECTOR('',#13881,1.);
#13881 = DIRECTION('',(-0.,-1.));
#13882 = ( GEOMETRIC_REPRESENTATION_CONTEXT(2) 
PARAMETRIC_REPRESENTATION_CONTEXT() REPRESENTATION_CONTEXT('2D SPACE',''
  ) );
#13883 = PCURVE('',#13872,#13884);
#13884 = DEFINITIONAL_REPRESENTATION('',(#13885),#13889);
#13885 = LINE('',#13886,#13887);
#13886 = CARTESIAN_POINT('',(-6.28318530718,0.));
#13887 = VECTOR('',#13888,1.);
#13888 = DIRECTION('',(-0.,-1.));
#13889 = ( GEOMETRIC_REPRESENTATION_CONTEXT(2) 
PARAMETRIC_REPRESENTATION_CONTEXT() REPRESENTATION_CONTEXT('2D SPACE',''
  ) );
#13890 = ORIENTED_EDGE('',*,*,#13891,.T.);
#13891 = EDGE_CURVE('',#13864,#13864,#13892,.T.);
#13892 = SURFACE_CURVE('',#13893,(#13898,#13905),.PCURVE_S1.);
#13893 = CIRCLE('',#13894,1.3);
#13894 = AXIS2_PLACEMENT_3D('',#13895,#13896,#13897);
#13895 = CARTESIAN_POINT('',(91.793851278256,71.7,120.4));
#13896 = DIRECTION('',(0.,1.,-0.));
#13897 = DIRECTION('',(-1.,0.,0.));
#13898 = PCURVE('',#13872,#13899);
#13899 = DEFINITIONAL_REPRESENTATION('',(#13900),#13904);
#13900 = LINE('',#13901,#13902);
#13901 = CARTESIAN_POINT('',(-0.,-3.));
#13902 = VECTOR('',#13903,1.);
#13903 = DIRECTION('',(-1.,0.));
#13904 = ( GEOMETRIC_REPRESENTATION_CONTEXT(2) 
PARAMETRIC_REPRESENTATION_CONTEXT() REPRESENTATION_CONTEXT('2D SPACE',''
  ) );
#13905 = PCURVE('',#72,#13906);
#13906 = DEFINITIONAL_REPRESENTATION('',(#13907),#13911);
#13907 = CIRCLE('',#13908,1.3);
#13908 = AXIS2_PLACEMENT_2D('',#13909,#13910);
#13909 = CARTESIAN_POINT('',(-1.793851278256,34.65));
#13910 = DIRECTION('',(1.,0.));
#13911 = ( GEOMETRIC_REPRESENTATION_CONTEXT(2) 
PARAMETRIC_REPRESENTATION_CONTEXT() REPRESENTATION_CONTEXT('2D SPACE',''
  ) );
#13912 = ORIENTED_EDGE('',*,*,#13861,.F.);
#13913 = ORIENTED_EDGE('',*,*,#13914,.F.);
#13914 = EDGE_CURVE('',#13862,#13862,#13915,.T.);
#13915 = SURFACE_CURVE('',#13916,(#13921,#13928),.PCURVE_S1.);
#13916 = CIRCLE('',#13917,1.3);
#13917 = AXIS2_PLACEMENT_3D('',#13918,#13919,#13920);
#13918 = CARTESIAN_POINT('',(91.793851278256,68.7,120.4));
#13919 = DIRECTION('',(0.,1.,-0.));
#13920 = DIRECTION('',(-1.,0.,0.));
#13921 = PCURVE('',#13872,#13922);
#13922 = DEFINITIONAL_REPRESENTATION('',(#13923),#13927);
#13923 = LINE('',#13924,#13925);
#13924 = CARTESIAN_POINT('',(-0.,0.));
#13925 = VECTOR('',#13926,1.);
#13926 = DIRECTION('',(-1.,0.));
#13927 = ( GEOMETRIC_REPRESENTATION_CONTEXT(2) 
PARAMETRIC_REPRESENTATION_CONTEXT() REPRESENTATION_CONTEXT('2D SPACE',''
  ) );
#13928 = PCURVE('',#126,#13929);
#13929 = DEFINITIONAL_REPRESENTATION('',(#13930),#13934);
#13930 = CIRCLE('',#13931,1.3);
#13931 = AXIS2_PLACEMENT_2D('',#13932,#13933);
#13932 = CARTESIAN_POINT('',(-1.793851278256,34.65));
#13933 = DIRECTION('',(1.,0.));
#13934 = ( GEOMETRIC_REPRESENTATION_CONTEXT(2) 
PARAMETRIC_REPRESENTATION_CONTEXT() REPRESENTATION_CONTEXT('2D SPACE',''
  ) );
#13935 = ADVANCED_FACE('',(#13936),#13950,.F.);
#13936 = FACE_BOUND('',#13937,.T.);
#13937 = EDGE_LOOP('',(#13938,#13968,#13990,#13991));
#13938 = ORIENTED_EDGE('',*,*,#13939,.T.);
#13939 = EDGE_CURVE('',#13940,#13942,#13944,.T.);
#13940 = VERTEX_POINT('',#13941);
#13941 = CARTESIAN_POINT('',(94.650773216421,68.7,122.8));
#13942 = VERTEX_POINT('',#13943);
#13943 = CARTESIAN_POINT('',(94.650773216421,71.7,122.8));
#13944 = SEAM_CURVE('',#13945,(#13949,#13961),.PCURVE_S1.);
#13945 = LINE('',#13946,#13947);
#13946 = CARTESIAN_POINT('',(94.650773216421,68.7,122.8));
#13947 = VECTOR('',#13948,1.);
#13948 = DIRECTION('',(0.,1.,-0.));
#13949 = PCURVE('',#13950,#13955);
#13950 = CYLINDRICAL_SURFACE('',#13951,1.3);
#13951 = AXIS2_PLACEMENT_3D('',#13952,#13953,#13954);
#13952 = CARTESIAN_POINT('',(95.950773216421,68.7,122.8));
#13953 = DIRECTION('',(-0.,-1.,0.));
#13954 = DIRECTION('',(-1.,0.,0.));
#13955 = DEFINITIONAL_REPRESENTATION('',(#13956),#13960);
#13956 = LINE('',#13957,#13958);
#13957 = CARTESIAN_POINT('',(-0.,0.));
#13958 = VECTOR('',#13959,1.);
#13959 = DIRECTION('',(-0.,-1.));
#13960 = ( GEOMETRIC_REPRESENTATION_CONTEXT(2) 
PARAMETRIC_REPRESENTATION_CONTEXT() REPRESENTATION_CONTEXT('2D SPACE',''
  ) );
#13961 = PCURVE('',#13950,#13962);
#13962 = DEFINITIONAL_REPRESENTATION('',(#13963),#13967);
#13963 = LINE('',#13964,#13965);
#13964 = CARTESIAN_POINT('',(-6.28318530718,0.));
#13965 = VECTOR('',#13966,1.);
#13966 = DIRECTION('',(-0.,-1.));
#13967 = ( GEOMETRIC_REPRESENTATION_CONTEXT(2) 
PARAMETRIC_REPRESENTATION_CONTEXT() REPRESENTATION_CONTEXT('2D SPACE',''
  ) );
#13968 = ORIENTED_EDGE('',*,*,#13969,.T.);
#13969 = EDGE_CURVE('',#13942,#13942,#13970,.T.);
#13970 = SURFACE_CURVE('',#13971,(#13976,#13983),.PCURVE_S1.);
#13971 = CIRCLE('',#13972,1.3);
#13972 = AXIS2_PLACEMENT_3D('',#13973,#13974,#13975);
#13973 = CARTESIAN_POINT('',(95.950773216421,71.7,122.8));
#13974 = DIRECTION('',(0.,1.,-0.));
#13975 = DIRECTION('',(-1.,0.,0.));
#13976 = PCURVE('',#13950,#13977);
#13977 = DEFINITIONAL_REPRESENTATION('',(#13978),#13982);
#13978 = LINE('',#13979,#13980);
#13979 = CARTESIAN_POINT('',(-0.,-3.));
#13980 = VECTOR('',#13981,1.);
#13981 = DIRECTION('',(-1.,0.));
#13982 = ( GEOMETRIC_REPRESENTATION_CONTEXT(2) 
PARAMETRIC_REPRESENTATION_CONTEXT() REPRESENTATION_CONTEXT('2D SPACE',''
  ) );
#13983 = PCURVE('',#72,#13984);
#13984 = DEFINITIONAL_REPRESENTATION('',(#13985),#13989);
#13985 = CIRCLE('',#13986,1.3);
#13986 = AXIS2_PLACEMENT_2D('',#13987,#13988);
#13987 = CARTESIAN_POINT('',(-5.950773216421,37.05));
#13988 = DIRECTION('',(1.,0.));
#13989 = ( GEOMETRIC_REPRESENTATION_CONTEXT(2) 
PARAMETRIC_REPRESENTATION_CONTEXT() REPRESENTATION_CONTEXT('2D SPACE',''
  ) );
#13990 = ORIENTED_EDGE('',*,*,#13939,.F.);
#13991 = ORIENTED_EDGE('',*,*,#13992,.F.);
#13992 = EDGE_CURVE('',#13940,#13940,#13993,.T.);
#13993 = SURFACE_CURVE('',#13994,(#13999,#14006),.PCURVE_S1.);
#13994 = CIRCLE('',#13995,1.3);
#13995 = AXIS2_PLACEMENT_3D('',#13996,#13997,#13998);
#13996 = CARTESIAN_POINT('',(95.950773216421,68.7,122.8));
#13997 = DIRECTION('',(0.,1.,-0.));
#13998 = DIRECTION('',(-1.,0.,0.));
#13999 = PCURVE('',#13950,#14000);
#14000 = DEFINITIONAL_REPRESENTATION('',(#14001),#14005);
#14001 = LINE('',#14002,#14003);
#14002 = CARTESIAN_POINT('',(-0.,0.));
#14003 = VECTOR('',#14004,1.);
#14004 = DIRECTION('',(-1.,0.));
#14005 = ( GEOMETRIC_REPRESENTATION_CONTEXT(2) 
PARAMETRIC_REPRESENTATION_CONTEXT() REPRESENTATION_CONTEXT('2D SPACE',''
  ) );
#14006 = PCURVE('',#126,#14007);
#14007 = DEFINITIONAL_REPRESENTATION('',(#14008),#14012);
#14008 = CIRCLE('',#14009,1.3);
#14009 = AXIS2_PLACEMENT_2D('',#14010,#14011);
#14010 = CARTESIAN_POINT('',(-5.950773216421,37.05));
#14011 = DIRECTION('',(1.,0.));
#14012 = ( GEOMETRIC_REPRESENTATION_CONTEXT(2) 
PARAMETRIC_REPRESENTATION_CONTEXT() REPRESENTATION_CONTEXT('2D SPACE',''
  ) );
#14013 = ADVANCED_FACE('',(#14014),#14028,.F.);
#14014 = FACE_BOUND('',#14015,.T.);
#14015 = EDGE_LOOP('',(#14016,#14046,#14068,#14069));
#14016 = ORIENTED_EDGE('',*,*,#14017,.T.);
#14017 = EDGE_CURVE('',#14018,#14020,#14022,.T.);
#14018 = VERTEX_POINT('',#14019);
#14019 = CARTESIAN_POINT('',(98.807695154587,68.7,125.2));
#14020 = VERTEX_POINT('',#14021);
#14021 = CARTESIAN_POINT('',(98.807695154587,71.7,125.2));
#14022 = SEAM_CURVE('',#14023,(#14027,#14039),.PCURVE_S1.);
#14023 = LINE('',#14024,#14025);
#14024 = CARTESIAN_POINT('',(98.807695154587,68.7,125.2));
#14025 = VECTOR('',#14026,1.);
#14026 = DIRECTION('',(0.,1.,-0.));
#14027 = PCURVE('',#14028,#14033);
#14028 = CYLINDRICAL_SURFACE('',#14029,1.3);
#14029 = AXIS2_PLACEMENT_3D('',#14030,#14031,#14032);
#14030 = CARTESIAN_POINT('',(100.10769515458,68.7,125.2));
#14031 = DIRECTION('',(-0.,-1.,0.));
#14032 = DIRECTION('',(-1.,0.,0.));
#14033 = DEFINITIONAL_REPRESENTATION('',(#14034),#14038);
#14034 = LINE('',#14035,#14036);
#14035 = CARTESIAN_POINT('',(-0.,0.));
#14036 = VECTOR('',#14037,1.);
#14037 = DIRECTION('',(-0.,-1.));
#14038 = ( GEOMETRIC_REPRESENTATION_CONTEXT(2) 
PARAMETRIC_REPRESENTATION_CONTEXT() REPRESENTATION_CONTEXT('2D SPACE',''
  ) );
#14039 = PCURVE('',#14028,#14040);
#14040 = DEFINITIONAL_REPRESENTATION('',(#14041),#14045);
#14041 = LINE('',#14042,#14043);
#14042 = CARTESIAN_POINT('',(-6.28318530718,0.));
#14043 = VECTOR('',#14044,1.);
#14044 = DIRECTION('',(-0.,-1.));
#14045 = ( GEOMETRIC_REPRESENTATION_CONTEXT(2) 
PARAMETRIC_REPRESENTATION_CONTEXT() REPRESENTATION_CONTEXT('2D SPACE',''
  ) );
#14046 = ORIENTED_EDGE('',*,*,#14047,.T.);
#14047 = EDGE_CURVE('',#14020,#14020,#14048,.T.);
#14048 = SURFACE_CURVE('',#14049,(#14054,#14061),.PCURVE_S1.);
#14049 = CIRCLE('',#14050,1.3);
#14050 = AXIS2_PLACEMENT_3D('',#14051,#14052,#14053);
#14051 = CARTESIAN_POINT('',(100.10769515458,71.7,125.2));
#14052 = DIRECTION('',(0.,1.,-0.));
#14053 = DIRECTION('',(-1.,0.,0.));
#14054 = PCURVE('',#14028,#14055);
#14055 = DEFINITIONAL_REPRESENTATION('',(#14056),#14060);
#14056 = LINE('',#14057,#14058);
#14057 = CARTESIAN_POINT('',(-0.,-3.));
#14058 = VECTOR('',#14059,1.);
#14059 = DIRECTION('',(-1.,0.));
#14060 = ( GEOMETRIC_REPRESENTATION_CONTEXT(2) 
PARAMETRIC_REPRESENTATION_CONTEXT() REPRESENTATION_CONTEXT('2D SPACE',''
  ) );
#14061 = PCURVE('',#72,#14062);
#14062 = DEFINITIONAL_REPRESENTATION('',(#14063),#14067);
#14063 = CIRCLE('',#14064,1.3);
#14064 = AXIS2_PLACEMENT_2D('',#14065,#14066);
#14065 = CARTESIAN_POINT('',(-10.10769515458,39.45));
#14066 = DIRECTION('',(1.,0.));
#14067 = ( GEOMETRIC_REPRESENTATION_CONTEXT(2) 
PARAMETRIC_REPRESENTATION_CONTEXT() REPRESENTATION_CONTEXT('2D SPACE',''
  ) );
#14068 = ORIENTED_EDGE('',*,*,#14017,.F.);
#14069 = ORIENTED_EDGE('',*,*,#14070,.F.);
#14070 = EDGE_CURVE('',#14018,#14018,#14071,.T.);
#14071 = SURFACE_CURVE('',#14072,(#14077,#14084),.PCURVE_S1.);
#14072 = CIRCLE('',#14073,1.3);
#14073 = AXIS2_PLACEMENT_3D('',#14074,#14075,#14076);
#14074 = CARTESIAN_POINT('',(100.10769515458,68.7,125.2));
#14075 = DIRECTION('',(0.,1.,-0.));
#14076 = DIRECTION('',(-1.,0.,0.));
#14077 = PCURVE('',#14028,#14078);
#14078 = DEFINITIONAL_REPRESENTATION('',(#14079),#14083);
#14079 = LINE('',#14080,#14081);
#14080 = CARTESIAN_POINT('',(-0.,0.));
#14081 = VECTOR('',#14082,1.);
#14082 = DIRECTION('',(-1.,0.));
#14083 = ( GEOMETRIC_REPRESENTATION_CONTEXT(2) 
PARAMETRIC_REPRESENTATION_CONTEXT() REPRESENTATION_CONTEXT('2D SPACE',''
  ) );
#14084 = PCURVE('',#126,#14085);
#14085 = DEFINITIONAL_REPRESENTATION('',(#14086),#14090);
#14086 = CIRCLE('',#14087,1.3);
#14087 = AXIS2_PLACEMENT_2D('',#14088,#14089);
#14088 = CARTESIAN_POINT('',(-10.10769515458,39.45));
#14089 = DIRECTION('',(1.,0.));
#14090 = ( GEOMETRIC_REPRESENTATION_CONTEXT(2) 
PARAMETRIC_REPRESENTATION_CONTEXT() REPRESENTATION_CONTEXT('2D SPACE',''
  ) );
#14091 = ADVANCED_FACE('',(#14092),#14106,.F.);
#14092 = FACE_BOUND('',#14093,.T.);
#14093 = EDGE_LOOP('',(#14094,#14124,#14146,#14147));
#14094 = ORIENTED_EDGE('',*,*,#14095,.T.);
#14095 = EDGE_CURVE('',#14096,#14098,#14100,.T.);
#14096 = VERTEX_POINT('',#14097);
#14097 = CARTESIAN_POINT('',(90.493851278256,68.7,125.2));
#14098 = VERTEX_POINT('',#14099);
#14099 = CARTESIAN_POINT('',(90.493851278256,71.7,125.2));
#14100 = SEAM_CURVE('',#14101,(#14105,#14117),.PCURVE_S1.);
#14101 = LINE('',#14102,#14103);
#14102 = CARTESIAN_POINT('',(90.493851278256,68.7,125.2));
#14103 = VECTOR('',#14104,1.);
#14104 = DIRECTION('',(0.,1.,-0.));
#14105 = PCURVE('',#14106,#14111);
#14106 = CYLINDRICAL_SURFACE('',#14107,1.3);
#14107 = AXIS2_PLACEMENT_3D('',#14108,#14109,#14110);
#14108 = CARTESIAN_POINT('',(91.793851278256,68.7,125.2));
#14109 = DIRECTION('',(-0.,-1.,0.));
#14110 = DIRECTION('',(-1.,0.,0.));
#14111 = DEFINITIONAL_REPRESENTATION('',(#14112),#14116);
#14112 = LINE('',#14113,#14114);
#14113 = CARTESIAN_POINT('',(-0.,0.));
#14114 = VECTOR('',#14115,1.);
#14115 = DIRECTION('',(-0.,-1.));
#14116 = ( GEOMETRIC_REPRESENTATION_CONTEXT(2) 
PARAMETRIC_REPRESENTATION_CONTEXT() REPRESENTATION_CONTEXT('2D SPACE',''
  ) );
#14117 = PCURVE('',#14106,#14118);
#14118 = DEFINITIONAL_REPRESENTATION('',(#14119),#14123);
#14119 = LINE('',#14120,#14121);
#14120 = CARTESIAN_POINT('',(-6.28318530718,0.));
#14121 = VECTOR('',#14122,1.);
#14122 = DIRECTION('',(-0.,-1.));
#14123 = ( GEOMETRIC_REPRESENTATION_CONTEXT(2) 
PARAMETRIC_REPRESENTATION_CONTEXT() REPRESENTATION_CONTEXT('2D SPACE',''
  ) );
#14124 = ORIENTED_EDGE('',*,*,#14125,.T.);
#14125 = EDGE_CURVE('',#14098,#14098,#14126,.T.);
#14126 = SURFACE_CURVE('',#14127,(#14132,#14139),.PCURVE_S1.);
#14127 = CIRCLE('',#14128,1.3);
#14128 = AXIS2_PLACEMENT_3D('',#14129,#14130,#14131);
#14129 = CARTESIAN_POINT('',(91.793851278256,71.7,125.2));
#14130 = DIRECTION('',(0.,1.,-0.));
#14131 = DIRECTION('',(-1.,0.,0.));
#14132 = PCURVE('',#14106,#14133);
#14133 = DEFINITIONAL_REPRESENTATION('',(#14134),#14138);
#14134 = LINE('',#14135,#14136);
#14135 = CARTESIAN_POINT('',(-0.,-3.));
#14136 = VECTOR('',#14137,1.);
#14137 = DIRECTION('',(-1.,0.));
#14138 = ( GEOMETRIC_REPRESENTATION_CONTEXT(2) 
PARAMETRIC_REPRESENTATION_CONTEXT() REPRESENTATION_CONTEXT('2D SPACE',''
  ) );
#14139 = PCURVE('',#72,#14140);
#14140 = DEFINITIONAL_REPRESENTATION('',(#14141),#14145);
#14141 = CIRCLE('',#14142,1.3);
#14142 = AXIS2_PLACEMENT_2D('',#14143,#14144);
#14143 = CARTESIAN_POINT('',(-1.793851278256,39.45));
#14144 = DIRECTION('',(1.,0.));
#14145 = ( GEOMETRIC_REPRESENTATION_CONTEXT(2) 
PARAMETRIC_REPRESENTATION_CONTEXT() REPRESENTATION_CONTEXT('2D SPACE',''
  ) );
#14146 = ORIENTED_EDGE('',*,*,#14095,.F.);
#14147 = ORIENTED_EDGE('',*,*,#14148,.F.);
#14148 = EDGE_CURVE('',#14096,#14096,#14149,.T.);
#14149 = SURFACE_CURVE('',#14150,(#14155,#14162),.PCURVE_S1.);
#14150 = CIRCLE('',#14151,1.3);
#14151 = AXIS2_PLACEMENT_3D('',#14152,#14153,#14154);
#14152 = CARTESIAN_POINT('',(91.793851278256,68.7,125.2));
#14153 = DIRECTION('',(0.,1.,-0.));
#14154 = DIRECTION('',(-1.,0.,0.));
#14155 = PCURVE('',#14106,#14156);
#14156 = DEFINITIONAL_REPRESENTATION('',(#14157),#14161);
#14157 = LINE('',#14158,#14159);
#14158 = CARTESIAN_POINT('',(-0.,0.));
#14159 = VECTOR('',#14160,1.);
#14160 = DIRECTION('',(-1.,0.));
#14161 = ( GEOMETRIC_REPRESENTATION_CONTEXT(2) 
PARAMETRIC_REPRESENTATION_CONTEXT() REPRESENTATION_CONTEXT('2D SPACE',''
  ) );
#14162 = PCURVE('',#126,#14163);
#14163 = DEFINITIONAL_REPRESENTATION('',(#14164),#14168);
#14164 = CIRCLE('',#14165,1.3);
#14165 = AXIS2_PLACEMENT_2D('',#14166,#14167);
#14166 = CARTESIAN_POINT('',(-1.793851278256,39.45));
#14167 = DIRECTION('',(1.,0.));
#14168 = ( GEOMETRIC_REPRESENTATION_CONTEXT(2) 
PARAMETRIC_REPRESENTATION_CONTEXT() REPRESENTATION_CONTEXT('2D SPACE',''
  ) );
#14169 = ADVANCED_FACE('',(#14170),#14184,.F.);
#14170 = FACE_BOUND('',#14171,.T.);
#14171 = EDGE_LOOP('',(#14172,#14202,#14224,#14225));
#14172 = ORIENTED_EDGE('',*,*,#14173,.T.);
#14173 = EDGE_CURVE('',#14174,#14176,#14178,.T.);
#14174 = VERTEX_POINT('',#14175);
#14175 = CARTESIAN_POINT('',(136.21999259807,68.7,127.6));
#14176 = VERTEX_POINT('',#14177);
#14177 = CARTESIAN_POINT('',(136.21999259807,71.7,127.6));
#14178 = SEAM_CURVE('',#14179,(#14183,#14195),.PCURVE_S1.);
#14179 = LINE('',#14180,#14181);
#14180 = CARTESIAN_POINT('',(136.21999259807,68.7,127.6));
#14181 = VECTOR('',#14182,1.);
#14182 = DIRECTION('',(0.,1.,-0.));
#14183 = PCURVE('',#14184,#14189);
#14184 = CYLINDRICAL_SURFACE('',#14185,1.3);
#14185 = AXIS2_PLACEMENT_3D('',#14186,#14187,#14188);
#14186 = CARTESIAN_POINT('',(137.51999259807,68.7,127.6));
#14187 = DIRECTION('',(-0.,-1.,0.));
#14188 = DIRECTION('',(-1.,0.,0.));
#14189 = DEFINITIONAL_REPRESENTATION('',(#14190),#14194);
#14190 = LINE('',#14191,#14192);
#14191 = CARTESIAN_POINT('',(-0.,0.));
#14192 = VECTOR('',#14193,1.);
#14193 = DIRECTION('',(-0.,-1.));
#14194 = ( GEOMETRIC_REPRESENTATION_CONTEXT(2) 
PARAMETRIC_REPRESENTATION_CONTEXT() REPRESENTATION_CONTEXT('2D SPACE',''
  ) );
#14195 = PCURVE('',#14184,#14196);
#14196 = DEFINITIONAL_REPRESENTATION('',(#14197),#14201);
#14197 = LINE('',#14198,#14199);
#14198 = CARTESIAN_POINT('',(-6.28318530718,0.));
#14199 = VECTOR('',#14200,1.);
#14200 = DIRECTION('',(-0.,-1.));
#14201 = ( GEOMETRIC_REPRESENTATION_CONTEXT(2) 
PARAMETRIC_REPRESENTATION_CONTEXT() REPRESENTATION_CONTEXT('2D SPACE',''
  ) );
#14202 = ORIENTED_EDGE('',*,*,#14203,.T.);
#14203 = EDGE_CURVE('',#14176,#14176,#14204,.T.);
#14204 = SURFACE_CURVE('',#14205,(#14210,#14217),.PCURVE_S1.);
#14205 = CIRCLE('',#14206,1.3);
#14206 = AXIS2_PLACEMENT_3D('',#14207,#14208,#14209);
#14207 = CARTESIAN_POINT('',(137.51999259807,71.7,127.6));
#14208 = DIRECTION('',(0.,1.,-0.));
#14209 = DIRECTION('',(-1.,0.,0.));
#14210 = PCURVE('',#14184,#14211);
#14211 = DEFINITIONAL_REPRESENTATION('',(#14212),#14216);
#14212 = LINE('',#14213,#14214);
#14213 = CARTESIAN_POINT('',(-0.,-3.));
#14214 = VECTOR('',#14215,1.);
#14215 = DIRECTION('',(-1.,0.));
#14216 = ( GEOMETRIC_REPRESENTATION_CONTEXT(2) 
PARAMETRIC_REPRESENTATION_CONTEXT() REPRESENTATION_CONTEXT('2D SPACE',''
  ) );
#14217 = PCURVE('',#72,#14218);
#14218 = DEFINITIONAL_REPRESENTATION('',(#14219),#14223);
#14219 = CIRCLE('',#14220,1.3);
#14220 = AXIS2_PLACEMENT_2D('',#14221,#14222);
#14221 = CARTESIAN_POINT('',(-47.51999259807,41.85));
#14222 = DIRECTION('',(1.,0.));
#14223 = ( GEOMETRIC_REPRESENTATION_CONTEXT(2) 
PARAMETRIC_REPRESENTATION_CONTEXT() REPRESENTATION_CONTEXT('2D SPACE',''
  ) );
#14224 = ORIENTED_EDGE('',*,*,#14173,.F.);
#14225 = ORIENTED_EDGE('',*,*,#14226,.F.);
#14226 = EDGE_CURVE('',#14174,#14174,#14227,.T.);
#14227 = SURFACE_CURVE('',#14228,(#14233,#14240),.PCURVE_S1.);
#14228 = CIRCLE('',#14229,1.3);
#14229 = AXIS2_PLACEMENT_3D('',#14230,#14231,#14232);
#14230 = CARTESIAN_POINT('',(137.51999259807,68.7,127.6));
#14231 = DIRECTION('',(0.,1.,-0.));
#14232 = DIRECTION('',(-1.,0.,0.));
#14233 = PCURVE('',#14184,#14234);
#14234 = DEFINITIONAL_REPRESENTATION('',(#14235),#14239);
#14235 = LINE('',#14236,#14237);
#14236 = CARTESIAN_POINT('',(-0.,0.));
#14237 = VECTOR('',#14238,1.);
#14238 = DIRECTION('',(-1.,0.));
#14239 = ( GEOMETRIC_REPRESENTATION_CONTEXT(2) 
PARAMETRIC_REPRESENTATION_CONTEXT() REPRESENTATION_CONTEXT('2D SPACE',''
  ) );
#14240 = PCURVE('',#126,#14241);
#14241 = DEFINITIONAL_REPRESENTATION('',(#14242),#14246);
#14242 = CIRCLE('',#14243,1.3);
#14243 = AXIS2_PLACEMENT_2D('',#14244,#14245);
#14244 = CARTESIAN_POINT('',(-47.51999259807,41.85));
#14245 = DIRECTION('',(1.,0.));
#14246 = ( GEOMETRIC_REPRESENTATION_CONTEXT(2) 
PARAMETRIC_REPRESENTATION_CONTEXT() REPRESENTATION_CONTEXT('2D SPACE',''
  ) );
#14247 = ADVANCED_FACE('',(#14248),#14262,.F.);
#14248 = FACE_BOUND('',#14249,.T.);
#14249 = EDGE_LOOP('',(#14250,#14280,#14302,#14303));
#14250 = ORIENTED_EDGE('',*,*,#14251,.T.);
#14251 = EDGE_CURVE('',#14252,#14254,#14256,.T.);
#14252 = VERTEX_POINT('',#14253);
#14253 = CARTESIAN_POINT('',(169.4,68.7,148.));
#14254 = VERTEX_POINT('',#14255);
#14255 = CARTESIAN_POINT('',(169.4,71.7,148.));
#14256 = SEAM_CURVE('',#14257,(#14261,#14273),.PCURVE_S1.);
#14257 = LINE('',#14258,#14259);
#14258 = CARTESIAN_POINT('',(169.4,68.7,148.));
#14259 = VECTOR('',#14260,1.);
#14260 = DIRECTION('',(0.,1.,-0.));
#14261 = PCURVE('',#14262,#14267);
#14262 = CYLINDRICAL_SURFACE('',#14263,1.6);
#14263 = AXIS2_PLACEMENT_3D('',#14264,#14265,#14266);
#14264 = CARTESIAN_POINT('',(171.,68.7,148.));
#14265 = DIRECTION('',(-0.,-1.,0.));
#14266 = DIRECTION('',(-1.,0.,0.));
#14267 = DEFINITIONAL_REPRESENTATION('',(#14268),#14272);
#14268 = LINE('',#14269,#14270);
#14269 = CARTESIAN_POINT('',(-0.,0.));
#14270 = VECTOR('',#14271,1.);
#14271 = DIRECTION('',(-0.,-1.));
#14272 = ( GEOMETRIC_REPRESENTATION_CONTEXT(2) 
PARAMETRIC_REPRESENTATION_CONTEXT() REPRESENTATION_CONTEXT('2D SPACE',''
  ) );
#14273 = PCURVE('',#14262,#14274);
#14274 = DEFINITIONAL_REPRESENTATION('',(#14275),#14279);
#14275 = LINE('',#14276,#14277);
#14276 = CARTESIAN_POINT('',(-6.28318530718,0.));
#14277 = VECTOR('',#14278,1.);
#14278 = DIRECTION('',(-0.,-1.));
#14279 = ( GEOMETRIC_REPRESENTATION_CONTEXT(2) 
PARAMETRIC_REPRESENTATION_CONTEXT() REPRESENTATION_CONTEXT('2D SPACE',''
  ) );
#14280 = ORIENTED_EDGE('',*,*,#14281,.T.);
#14281 = EDGE_CURVE('',#14254,#14254,#14282,.T.);
#14282 = SURFACE_CURVE('',#14283,(#14288,#14295),.PCURVE_S1.);
#14283 = CIRCLE('',#14284,1.6);
#14284 = AXIS2_PLACEMENT_3D('',#14285,#14286,#14287);
#14285 = CARTESIAN_POINT('',(171.,71.7,148.));
#14286 = DIRECTION('',(0.,1.,-0.));
#14287 = DIRECTION('',(-1.,0.,0.));
#14288 = PCURVE('',#14262,#14289);
#14289 = DEFINITIONAL_REPRESENTATION('',(#14290),#14294);
#14290 = LINE('',#14291,#14292);
#14291 = CARTESIAN_POINT('',(-0.,-3.));
#14292 = VECTOR('',#14293,1.);
#14293 = DIRECTION('',(-1.,0.));
#14294 = ( GEOMETRIC_REPRESENTATION_CONTEXT(2) 
PARAMETRIC_REPRESENTATION_CONTEXT() REPRESENTATION_CONTEXT('2D SPACE',''
  ) );
#14295 = PCURVE('',#72,#14296);
#14296 = DEFINITIONAL_REPRESENTATION('',(#14297),#14301);
#14297 = CIRCLE('',#14298,1.6);
#14298 = AXIS2_PLACEMENT_2D('',#14299,#14300);
#14299 = CARTESIAN_POINT('',(-81.,62.25));
#14300 = DIRECTION('',(1.,0.));
#14301 = ( GEOMETRIC_REPRESENTATION_CONTEXT(2) 
PARAMETRIC_REPRESENTATION_CONTEXT() REPRESENTATION_CONTEXT('2D SPACE',''
  ) );
#14302 = ORIENTED_EDGE('',*,*,#14251,.F.);
#14303 = ORIENTED_EDGE('',*,*,#14304,.F.);
#14304 = EDGE_CURVE('',#14252,#14252,#14305,.T.);
#14305 = SURFACE_CURVE('',#14306,(#14311,#14318),.PCURVE_S1.);
#14306 = CIRCLE('',#14307,1.6);
#14307 = AXIS2_PLACEMENT_3D('',#14308,#14309,#14310);
#14308 = CARTESIAN_POINT('',(171.,68.7,148.));
#14309 = DIRECTION('',(0.,1.,-0.));
#14310 = DIRECTION('',(-1.,0.,0.));
#14311 = PCURVE('',#14262,#14312);
#14312 = DEFINITIONAL_REPRESENTATION('',(#14313),#14317);
#14313 = LINE('',#14314,#14315);
#14314 = CARTESIAN_POINT('',(-0.,0.));
#14315 = VECTOR('',#14316,1.);
#14316 = DIRECTION('',(-1.,0.));
#14317 = ( GEOMETRIC_REPRESENTATION_CONTEXT(2) 
PARAMETRIC_REPRESENTATION_CONTEXT() REPRESENTATION_CONTEXT('2D SPACE',''
  ) );
#14318 = PCURVE('',#126,#14319);
#14319 = DEFINITIONAL_REPRESENTATION('',(#14320),#14324);
#14320 = CIRCLE('',#14321,1.6);
#14321 = AXIS2_PLACEMENT_2D('',#14322,#14323);
#14322 = CARTESIAN_POINT('',(-81.,62.25));
#14323 = DIRECTION('',(1.,0.));
#14324 = ( GEOMETRIC_REPRESENTATION_CONTEXT(2) 
PARAMETRIC_REPRESENTATION_CONTEXT() REPRESENTATION_CONTEXT('2D SPACE',''
  ) );
#14325 = ADVANCED_FACE('',(#14326),#14340,.F.);
#14326 = FACE_BOUND('',#14327,.F.);
#14327 = EDGE_LOOP('',(#14328,#14363,#14391,#14419));
#14328 = ORIENTED_EDGE('',*,*,#14329,.T.);
#14329 = EDGE_CURVE('',#14330,#14332,#14334,.T.);
#14330 = VERTEX_POINT('',#14331);
#14331 = CARTESIAN_POINT('',(163.45,68.7,141.));
#14332 = VERTEX_POINT('',#14333);
#14333 = CARTESIAN_POINT('',(163.45,71.7,141.));
#14334 = SURFACE_CURVE('',#14335,(#14339,#14351),.PCURVE_S1.);
#14335 = LINE('',#14336,#14337);
#14336 = CARTESIAN_POINT('',(163.45,68.7,141.));
#14337 = VECTOR('',#14338,1.);
#14338 = DIRECTION('',(0.,1.,-0.));
#14339 = PCURVE('',#14340,#14345);
#14340 = CYLINDRICAL_SURFACE('',#14341,0.8);
#14341 = AXIS2_PLACEMENT_3D('',#14342,#14343,#14344);
#14342 = CARTESIAN_POINT('',(163.45,68.7,141.8));
#14343 = DIRECTION('',(0.,-1.,0.));
#14344 = DIRECTION('',(1.,0.,0.));
#14345 = DEFINITIONAL_REPRESENTATION('',(#14346),#14350);
#14346 = LINE('',#14347,#14348);
#14347 = CARTESIAN_POINT('',(4.712388980385,0.));
#14348 = VECTOR('',#14349,1.);
#14349 = DIRECTION('',(0.,-1.));
#14350 = ( GEOMETRIC_REPRESENTATION_CONTEXT(2) 
PARAMETRIC_REPRESENTATION_CONTEXT() REPRESENTATION_CONTEXT('2D SPACE',''
  ) );
#14351 = PCURVE('',#14352,#14357);
#14352 = PLANE('',#14353);
#14353 = AXIS2_PLACEMENT_3D('',#14354,#14355,#14356);
#14354 = CARTESIAN_POINT('',(163.45,68.7,141.));
#14355 = DIRECTION('',(0.,0.,1.));
#14356 = DIRECTION('',(-1.,0.,0.));
#14357 = DEFINITIONAL_REPRESENTATION('',(#14358),#14362);
#14358 = LINE('',#14359,#14360);
#14359 = CARTESIAN_POINT('',(0.,0.));
#14360 = VECTOR('',#14361,1.);
#14361 = DIRECTION('',(0.,-1.));
#14362 = ( GEOMETRIC_REPRESENTATION_CONTEXT(2) 
PARAMETRIC_REPRESENTATION_CONTEXT() REPRESENTATION_CONTEXT('2D SPACE',''
  ) );
#14363 = ORIENTED_EDGE('',*,*,#14364,.T.);
#14364 = EDGE_CURVE('',#14332,#14365,#14367,.T.);
#14365 = VERTEX_POINT('',#14366);
#14366 = CARTESIAN_POINT('',(164.25,71.7,141.8));
#14367 = SURFACE_CURVE('',#14368,(#14373,#14380),.PCURVE_S1.);
#14368 = CIRCLE('',#14369,0.8);
#14369 = AXIS2_PLACEMENT_3D('',#14370,#14371,#14372);
#14370 = CARTESIAN_POINT('',(163.45,71.7,141.8));
#14371 = DIRECTION('',(0.,-1.,0.));
#14372 = DIRECTION('',(1.,0.,0.));
#14373 = PCURVE('',#14340,#14374);
#14374 = DEFINITIONAL_REPRESENTATION('',(#14375),#14379);
#14375 = LINE('',#14376,#14377);
#14376 = CARTESIAN_POINT('',(0.,-3.));
#14377 = VECTOR('',#14378,1.);
#14378 = DIRECTION('',(1.,0.));
#14379 = ( GEOMETRIC_REPRESENTATION_CONTEXT(2) 
PARAMETRIC_REPRESENTATION_CONTEXT() REPRESENTATION_CONTEXT('2D SPACE',''
  ) );
#14380 = PCURVE('',#72,#14381);
#14381 = DEFINITIONAL_REPRESENTATION('',(#14382),#14390);
#14382 = ( BOUNDED_CURVE() B_SPLINE_CURVE(2,(#14383,#14384,#14385,#14386
    ,#14387,#14388,#14389),.UNSPECIFIED.,.T.,.F.) 
B_SPLINE_CURVE_WITH_KNOTS((1,2,2,2,2,1),(-2.094395102393,0.,
    2.094395102393,4.188790204786,6.28318530718,8.377580409573),
.UNSPECIFIED.) CURVE() GEOMETRIC_REPRESENTATION_ITEM() 
RATIONAL_B_SPLINE_CURVE((1.,0.5,1.,0.5,1.,0.5,1.)) REPRESENTATION_ITEM(
  '') );
#14383 = CARTESIAN_POINT('',(-74.25,56.05));
#14384 = CARTESIAN_POINT('',(-74.25,57.435640646055));
#14385 = CARTESIAN_POINT('',(-73.05,56.742820323028));
#14386 = CARTESIAN_POINT('',(-71.85,56.05));
#14387 = CARTESIAN_POINT('',(-73.05,55.357179676972));
#14388 = CARTESIAN_POINT('',(-74.25,54.664359353945));
#14389 = CARTESIAN_POINT('',(-74.25,56.05));
#14390 = ( GEOMETRIC_REPRESENTATION_CONTEXT(2) 
PARAMETRIC_REPRESENTATION_CONTEXT() REPRESENTATION_CONTEXT('2D SPACE',''
  ) );
#14391 = ORIENTED_EDGE('',*,*,#14392,.F.);
#14392 = EDGE_CURVE('',#14393,#14365,#14395,.T.);
#14393 = VERTEX_POINT('',#14394);
#14394 = CARTESIAN_POINT('',(164.25,68.7,141.8));
#14395 = SURFACE_CURVE('',#14396,(#14400,#14407),.PCURVE_S1.);
#14396 = LINE('',#14397,#14398);
#14397 = CARTESIAN_POINT('',(164.25,68.7,141.8));
#14398 = VECTOR('',#14399,1.);
#14399 = DIRECTION('',(0.,1.,-0.));
#14400 = PCURVE('',#14340,#14401);
#14401 = DEFINITIONAL_REPRESENTATION('',(#14402),#14406);
#14402 = LINE('',#14403,#14404);
#14403 = CARTESIAN_POINT('',(6.28318530718,0.));
#14404 = VECTOR('',#14405,1.);
#14405 = DIRECTION('',(0.,-1.));
#14406 = ( GEOMETRIC_REPRESENTATION_CONTEXT(2) 
PARAMETRIC_REPRESENTATION_CONTEXT() REPRESENTATION_CONTEXT('2D SPACE',''
  ) );
#14407 = PCURVE('',#14408,#14413);
#14408 = PLANE('',#14409);
#14409 = AXIS2_PLACEMENT_3D('',#14410,#14411,#14412);
#14410 = CARTESIAN_POINT('',(164.25,68.7,141.8));
#14411 = DIRECTION('',(1.,-0.,0.));
#14412 = DIRECTION('',(0.,0.,1.));
#14413 = DEFINITIONAL_REPRESENTATION('',(#14414),#14418);
#14414 = LINE('',#14415,#14416);
#14415 = CARTESIAN_POINT('',(0.,0.));
#14416 = VECTOR('',#14417,1.);
#14417 = DIRECTION('',(0.,-1.));
#14418 = ( GEOMETRIC_REPRESENTATION_CONTEXT(2) 
PARAMETRIC_REPRESENTATION_CONTEXT() REPRESENTATION_CONTEXT('2D SPACE',''
  ) );
#14419 = ORIENTED_EDGE('',*,*,#14420,.F.);
#14420 = EDGE_CURVE('',#14330,#14393,#14421,.T.);
#14421 = SURFACE_CURVE('',#14422,(#14427,#14434),.PCURVE_S1.);
#14422 = CIRCLE('',#14423,0.8);
#14423 = AXIS2_PLACEMENT_3D('',#14424,#14425,#14426);
#14424 = CARTESIAN_POINT('',(163.45,68.7,141.8));
#14425 = DIRECTION('',(0.,-1.,0.));
#14426 = DIRECTION('',(1.,0.,0.));
#14427 = PCURVE('',#14340,#14428);
#14428 = DEFINITIONAL_REPRESENTATION('',(#14429),#14433);
#14429 = LINE('',#14430,#14431);
#14430 = CARTESIAN_POINT('',(0.,0.));
#14431 = VECTOR('',#14432,1.);
#14432 = DIRECTION('',(1.,0.));
#14433 = ( GEOMETRIC_REPRESENTATION_CONTEXT(2) 
PARAMETRIC_REPRESENTATION_CONTEXT() REPRESENTATION_CONTEXT('2D SPACE',''
  ) );
#14434 = PCURVE('',#126,#14435);
#14435 = DEFINITIONAL_REPRESENTATION('',(#14436),#14444);
#14436 = ( BOUNDED_CURVE() B_SPLINE_CURVE(2,(#14437,#14438,#14439,#14440
    ,#14441,#14442,#14443),.UNSPECIFIED.,.T.,.F.) 
B_SPLINE_CURVE_WITH_KNOTS((1,2,2,2,2,1),(-2.094395102393,0.,
    2.094395102393,4.188790204786,6.28318530718,8.377580409573),
.UNSPECIFIED.) CURVE() GEOMETRIC_REPRESENTATION_ITEM() 
RATIONAL_B_SPLINE_CURVE((1.,0.5,1.,0.5,1.,0.5,1.)) REPRESENTATION_ITEM(
  '') );
#14437 = CARTESIAN_POINT('',(-74.25,56.05));
#14438 = CARTESIAN_POINT('',(-74.25,57.435640646055));
#14439 = CARTESIAN_POINT('',(-73.05,56.742820323028));
#14440 = CARTESIAN_POINT('',(-71.85,56.05));
#14441 = CARTESIAN_POINT('',(-73.05,55.357179676972));
#14442 = CARTESIAN_POINT('',(-74.25,54.664359353945));
#14443 = CARTESIAN_POINT('',(-74.25,56.05));
#14444 = ( GEOMETRIC_REPRESENTATION_CONTEXT(2) 
PARAMETRIC_REPRESENTATION_CONTEXT() REPRESENTATION_CONTEXT('2D SPACE',''
  ) );
#14445 = ADVANCED_FACE('',(#14446),#14352,.T.);
#14446 = FACE_BOUND('',#14447,.T.);
#14447 = EDGE_LOOP('',(#14448,#14449,#14472,#14500));
#14448 = ORIENTED_EDGE('',*,*,#14329,.T.);
#14449 = ORIENTED_EDGE('',*,*,#14450,.T.);
#14450 = EDGE_CURVE('',#14332,#14451,#14453,.T.);
#14451 = VERTEX_POINT('',#14452);
#14452 = CARTESIAN_POINT('',(148.55,71.7,141.));
#14453 = SURFACE_CURVE('',#14454,(#14458,#14465),.PCURVE_S1.);
#14454 = LINE('',#14455,#14456);
#14455 = CARTESIAN_POINT('',(156.,71.7,141.));
#14456 = VECTOR('',#14457,1.);
#14457 = DIRECTION('',(-1.,0.,0.));
#14458 = PCURVE('',#14352,#14459);
#14459 = DEFINITIONAL_REPRESENTATION('',(#14460),#14464);
#14460 = LINE('',#14461,#14462);
#14461 = CARTESIAN_POINT('',(7.45,-3.));
#14462 = VECTOR('',#14463,1.);
#14463 = DIRECTION('',(1.,0.));
#14464 = ( GEOMETRIC_REPRESENTATION_CONTEXT(2) 
PARAMETRIC_REPRESENTATION_CONTEXT() REPRESENTATION_CONTEXT('2D SPACE',''
  ) );
#14465 = PCURVE('',#72,#14466);
#14466 = DEFINITIONAL_REPRESENTATION('',(#14467),#14471);
#14467 = LINE('',#14468,#14469);
#14468 = CARTESIAN_POINT('',(-66.,55.25));
#14469 = VECTOR('',#14470,1.);
#14470 = DIRECTION('',(1.,0.));
#14471 = ( GEOMETRIC_REPRESENTATION_CONTEXT(2) 
PARAMETRIC_REPRESENTATION_CONTEXT() REPRESENTATION_CONTEXT('2D SPACE',''
  ) );
#14472 = ORIENTED_EDGE('',*,*,#14473,.F.);
#14473 = EDGE_CURVE('',#14474,#14451,#14476,.T.);
#14474 = VERTEX_POINT('',#14475);
#14475 = CARTESIAN_POINT('',(148.55,68.7,141.));
#14476 = SURFACE_CURVE('',#14477,(#14481,#14488),.PCURVE_S1.);
#14477 = LINE('',#14478,#14479);
#14478 = CARTESIAN_POINT('',(148.55,68.7,141.));
#14479 = VECTOR('',#14480,1.);
#14480 = DIRECTION('',(0.,1.,-0.));
#14481 = PCURVE('',#14352,#14482);
#14482 = DEFINITIONAL_REPRESENTATION('',(#14483),#14487);
#14483 = LINE('',#14484,#14485);
#14484 = CARTESIAN_POINT('',(14.9,0.));
#14485 = VECTOR('',#14486,1.);
#14486 = DIRECTION('',(0.,-1.));
#14487 = ( GEOMETRIC_REPRESENTATION_CONTEXT(2) 
PARAMETRIC_REPRESENTATION_CONTEXT() REPRESENTATION_CONTEXT('2D SPACE',''
  ) );
#14488 = PCURVE('',#14489,#14494);
#14489 = CYLINDRICAL_SURFACE('',#14490,0.8);
#14490 = AXIS2_PLACEMENT_3D('',#14491,#14492,#14493);
#14491 = CARTESIAN_POINT('',(148.55,68.7,141.8));
#14492 = DIRECTION('',(0.,-1.,0.));
#14493 = DIRECTION('',(1.,0.,0.));
#14494 = DEFINITIONAL_REPRESENTATION('',(#14495),#14499);
#14495 = LINE('',#14496,#14497);
#14496 = CARTESIAN_POINT('',(4.712388980385,0.));
#14497 = VECTOR('',#14498,1.);
#14498 = DIRECTION('',(0.,-1.));
#14499 = ( GEOMETRIC_REPRESENTATION_CONTEXT(2) 
PARAMETRIC_REPRESENTATION_CONTEXT() REPRESENTATION_CONTEXT('2D SPACE',''
  ) );
#14500 = ORIENTED_EDGE('',*,*,#14501,.F.);
#14501 = EDGE_CURVE('',#14330,#14474,#14502,.T.);
#14502 = SURFACE_CURVE('',#14503,(#14507,#14514),.PCURVE_S1.);
#14503 = LINE('',#14504,#14505);
#14504 = CARTESIAN_POINT('',(156.,68.7,141.));
#14505 = VECTOR('',#14506,1.);
#14506 = DIRECTION('',(-1.,0.,0.));
#14507 = PCURVE('',#14352,#14508);
#14508 = DEFINITIONAL_REPRESENTATION('',(#14509),#14513);
#14509 = LINE('',#14510,#14511);
#14510 = CARTESIAN_POINT('',(7.45,0.));
#14511 = VECTOR('',#14512,1.);
#14512 = DIRECTION('',(1.,0.));
#14513 = ( GEOMETRIC_REPRESENTATION_CONTEXT(2) 
PARAMETRIC_REPRESENTATION_CONTEXT() REPRESENTATION_CONTEXT('2D SPACE',''
  ) );
#14514 = PCURVE('',#126,#14515);
#14515 = DEFINITIONAL_REPRESENTATION('',(#14516),#14520);
#14516 = LINE('',#14517,#14518);
#14517 = CARTESIAN_POINT('',(-66.,55.25));
#14518 = VECTOR('',#14519,1.);
#14519 = DIRECTION('',(1.,0.));
#14520 = ( GEOMETRIC_REPRESENTATION_CONTEXT(2) 
PARAMETRIC_REPRESENTATION_CONTEXT() REPRESENTATION_CONTEXT('2D SPACE',''
  ) );
#14521 = ADVANCED_FACE('',(#14522),#14408,.F.);
#14522 = FACE_BOUND('',#14523,.F.);
#14523 = EDGE_LOOP('',(#14524,#14525,#14548,#14576));
#14524 = ORIENTED_EDGE('',*,*,#14392,.T.);
#14525 = ORIENTED_EDGE('',*,*,#14526,.T.);
#14526 = EDGE_CURVE('',#14365,#14527,#14529,.T.);
#14527 = VERTEX_POINT('',#14528);
#14528 = CARTESIAN_POINT('',(164.25,71.7,154.2));
#14529 = SURFACE_CURVE('',#14530,(#14534,#14541),.PCURVE_S1.);
#14530 = LINE('',#14531,#14532);
#14531 = CARTESIAN_POINT('',(164.25,71.7,148.));
#14532 = VECTOR('',#14533,1.);
#14533 = DIRECTION('',(0.,0.,1.));
#14534 = PCURVE('',#14408,#14535);
#14535 = DEFINITIONAL_REPRESENTATION('',(#14536),#14540);
#14536 = LINE('',#14537,#14538);
#14537 = CARTESIAN_POINT('',(6.2,-3.));
#14538 = VECTOR('',#14539,1.);
#14539 = DIRECTION('',(1.,0.));
#14540 = ( GEOMETRIC_REPRESENTATION_CONTEXT(2) 
PARAMETRIC_REPRESENTATION_CONTEXT() REPRESENTATION_CONTEXT('2D SPACE',''
  ) );
#14541 = PCURVE('',#72,#14542);
#14542 = DEFINITIONAL_REPRESENTATION('',(#14543),#14547);
#14543 = LINE('',#14544,#14545);
#14544 = CARTESIAN_POINT('',(-74.25,62.25));
#14545 = VECTOR('',#14546,1.);
#14546 = DIRECTION('',(0.,1.));
#14547 = ( GEOMETRIC_REPRESENTATION_CONTEXT(2) 
PARAMETRIC_REPRESENTATION_CONTEXT() REPRESENTATION_CONTEXT('2D SPACE',''
  ) );
#14548 = ORIENTED_EDGE('',*,*,#14549,.F.);
#14549 = EDGE_CURVE('',#14550,#14527,#14552,.T.);
#14550 = VERTEX_POINT('',#14551);
#14551 = CARTESIAN_POINT('',(164.25,68.7,154.2));
#14552 = SURFACE_CURVE('',#14553,(#14557,#14564),.PCURVE_S1.);
#14553 = LINE('',#14554,#14555);
#14554 = CARTESIAN_POINT('',(164.25,68.7,154.2));
#14555 = VECTOR('',#14556,1.);
#14556 = DIRECTION('',(0.,1.,-0.));
#14557 = PCURVE('',#14408,#14558);
#14558 = DEFINITIONAL_REPRESENTATION('',(#14559),#14563);
#14559 = LINE('',#14560,#14561);
#14560 = CARTESIAN_POINT('',(12.4,0.));
#14561 = VECTOR('',#14562,1.);
#14562 = DIRECTION('',(0.,-1.));
#14563 = ( GEOMETRIC_REPRESENTATION_CONTEXT(2) 
PARAMETRIC_REPRESENTATION_CONTEXT() REPRESENTATION_CONTEXT('2D SPACE',''
  ) );
#14564 = PCURVE('',#14565,#14570);
#14565 = CYLINDRICAL_SURFACE('',#14566,0.8);
#14566 = AXIS2_PLACEMENT_3D('',#14567,#14568,#14569);
#14567 = CARTESIAN_POINT('',(163.45,68.7,154.2));
#14568 = DIRECTION('',(0.,-1.,0.));
#14569 = DIRECTION('',(1.,0.,0.));
#14570 = DEFINITIONAL_REPRESENTATION('',(#14571),#14575);
#14571 = LINE('',#14572,#14573);
#14572 = CARTESIAN_POINT('',(0.,0.));
#14573 = VECTOR('',#14574,1.);
#14574 = DIRECTION('',(0.,-1.));
#14575 = ( GEOMETRIC_REPRESENTATION_CONTEXT(2) 
PARAMETRIC_REPRESENTATION_CONTEXT() REPRESENTATION_CONTEXT('2D SPACE',''
  ) );
#14576 = ORIENTED_EDGE('',*,*,#14577,.F.);
#14577 = EDGE_CURVE('',#14393,#14550,#14578,.T.);
#14578 = SURFACE_CURVE('',#14579,(#14583,#14590),.PCURVE_S1.);
#14579 = LINE('',#14580,#14581);
#14580 = CARTESIAN_POINT('',(164.25,68.7,148.));
#14581 = VECTOR('',#14582,1.);
#14582 = DIRECTION('',(0.,0.,1.));
#14583 = PCURVE('',#14408,#14584);
#14584 = DEFINITIONAL_REPRESENTATION('',(#14585),#14589);
#14585 = LINE('',#14586,#14587);
#14586 = CARTESIAN_POINT('',(6.2,0.));
#14587 = VECTOR('',#14588,1.);
#14588 = DIRECTION('',(1.,0.));
#14589 = ( GEOMETRIC_REPRESENTATION_CONTEXT(2) 
PARAMETRIC_REPRESENTATION_CONTEXT() REPRESENTATION_CONTEXT('2D SPACE',''
  ) );
#14590 = PCURVE('',#126,#14591);
#14591 = DEFINITIONAL_REPRESENTATION('',(#14592),#14596);
#14592 = LINE('',#14593,#14594);
#14593 = CARTESIAN_POINT('',(-74.25,62.25));
#14594 = VECTOR('',#14595,1.);
#14595 = DIRECTION('',(0.,1.));
#14596 = ( GEOMETRIC_REPRESENTATION_CONTEXT(2) 
PARAMETRIC_REPRESENTATION_CONTEXT() REPRESENTATION_CONTEXT('2D SPACE',''
  ) );
#14597 = ADVANCED_FACE('',(#14598),#14489,.F.);
#14598 = FACE_BOUND('',#14599,.F.);
#14599 = EDGE_LOOP('',(#14600,#14630,#14656,#14657));
#14600 = ORIENTED_EDGE('',*,*,#14601,.T.);
#14601 = EDGE_CURVE('',#14602,#14604,#14606,.T.);
#14602 = VERTEX_POINT('',#14603);
#14603 = CARTESIAN_POINT('',(147.75,68.7,141.8));
#14604 = VERTEX_POINT('',#14605);
#14605 = CARTESIAN_POINT('',(147.75,71.7,141.8));
#14606 = SURFACE_CURVE('',#14607,(#14611,#14618),.PCURVE_S1.);
#14607 = LINE('',#14608,#14609);
#14608 = CARTESIAN_POINT('',(147.75,68.7,141.8));
#14609 = VECTOR('',#14610,1.);
#14610 = DIRECTION('',(0.,1.,-0.));
#14611 = PCURVE('',#14489,#14612);
#14612 = DEFINITIONAL_REPRESENTATION('',(#14613),#14617);
#14613 = LINE('',#14614,#14615);
#14614 = CARTESIAN_POINT('',(3.14159265359,0.));
#14615 = VECTOR('',#14616,1.);
#14616 = DIRECTION('',(0.,-1.));
#14617 = ( GEOMETRIC_REPRESENTATION_CONTEXT(2) 
PARAMETRIC_REPRESENTATION_CONTEXT() REPRESENTATION_CONTEXT('2D SPACE',''
  ) );
#14618 = PCURVE('',#14619,#14624);
#14619 = PLANE('',#14620);
#14620 = AXIS2_PLACEMENT_3D('',#14621,#14622,#14623);
#14621 = CARTESIAN_POINT('',(147.75,68.7,141.8));
#14622 = DIRECTION('',(1.,-0.,0.));
#14623 = DIRECTION('',(0.,0.,1.));
#14624 = DEFINITIONAL_REPRESENTATION('',(#14625),#14629);
#14625 = LINE('',#14626,#14627);
#14626 = CARTESIAN_POINT('',(0.,0.));
#14627 = VECTOR('',#14628,1.);
#14628 = DIRECTION('',(0.,-1.));
#14629 = ( GEOMETRIC_REPRESENTATION_CONTEXT(2) 
PARAMETRIC_REPRESENTATION_CONTEXT() REPRESENTATION_CONTEXT('2D SPACE',''
  ) );
#14630 = ORIENTED_EDGE('',*,*,#14631,.T.);
#14631 = EDGE_CURVE('',#14604,#14451,#14632,.T.);
#14632 = SURFACE_CURVE('',#14633,(#14638,#14645),.PCURVE_S1.);
#14633 = CIRCLE('',#14634,0.8);
#14634 = AXIS2_PLACEMENT_3D('',#14635,#14636,#14637);
#14635 = CARTESIAN_POINT('',(148.55,71.7,141.8));
#14636 = DIRECTION('',(0.,-1.,0.));
#14637 = DIRECTION('',(1.,0.,0.));
#14638 = PCURVE('',#14489,#14639);
#14639 = DEFINITIONAL_REPRESENTATION('',(#14640),#14644);
#14640 = LINE('',#14641,#14642);
#14641 = CARTESIAN_POINT('',(0.,-3.));
#14642 = VECTOR('',#14643,1.);
#14643 = DIRECTION('',(1.,0.));
#14644 = ( GEOMETRIC_REPRESENTATION_CONTEXT(2) 
PARAMETRIC_REPRESENTATION_CONTEXT() REPRESENTATION_CONTEXT('2D SPACE',''
  ) );
#14645 = PCURVE('',#72,#14646);
#14646 = DEFINITIONAL_REPRESENTATION('',(#14647),#14655);
#14647 = ( BOUNDED_CURVE() B_SPLINE_CURVE(2,(#14648,#14649,#14650,#14651
    ,#14652,#14653,#14654),.UNSPECIFIED.,.T.,.F.) 
B_SPLINE_CURVE_WITH_KNOTS((1,2,2,2,2,1),(-2.094395102393,0.,
    2.094395102393,4.188790204786,6.28318530718,8.377580409573),
.UNSPECIFIED.) CURVE() GEOMETRIC_REPRESENTATION_ITEM() 
RATIONAL_B_SPLINE_CURVE((1.,0.5,1.,0.5,1.,0.5,1.)) REPRESENTATION_ITEM(
  '') );
#14648 = CARTESIAN_POINT('',(-59.35,56.05));
#14649 = CARTESIAN_POINT('',(-59.35,57.435640646055));
#14650 = CARTESIAN_POINT('',(-58.15,56.742820323028));
#14651 = CARTESIAN_POINT('',(-56.95,56.05));
#14652 = CARTESIAN_POINT('',(-58.15,55.357179676972));
#14653 = CARTESIAN_POINT('',(-59.35,54.664359353945));
#14654 = CARTESIAN_POINT('',(-59.35,56.05));
#14655 = ( GEOMETRIC_REPRESENTATION_CONTEXT(2) 
PARAMETRIC_REPRESENTATION_CONTEXT() REPRESENTATION_CONTEXT('2D SPACE',''
  ) );
#14656 = ORIENTED_EDGE('',*,*,#14473,.F.);
#14657 = ORIENTED_EDGE('',*,*,#14658,.F.);
#14658 = EDGE_CURVE('',#14602,#14474,#14659,.T.);
#14659 = SURFACE_CURVE('',#14660,(#14665,#14672),.PCURVE_S1.);
#14660 = CIRCLE('',#14661,0.8);
#14661 = AXIS2_PLACEMENT_3D('',#14662,#14663,#14664);
#14662 = CARTESIAN_POINT('',(148.55,68.7,141.8));
#14663 = DIRECTION('',(0.,-1.,0.));
#14664 = DIRECTION('',(1.,0.,0.));
#14665 = PCURVE('',#14489,#14666);
#14666 = DEFINITIONAL_REPRESENTATION('',(#14667),#14671);
#14667 = LINE('',#14668,#14669);
#14668 = CARTESIAN_POINT('',(0.,0.));
#14669 = VECTOR('',#14670,1.);
#14670 = DIRECTION('',(1.,0.));
#14671 = ( GEOMETRIC_REPRESENTATION_CONTEXT(2) 
PARAMETRIC_REPRESENTATION_CONTEXT() REPRESENTATION_CONTEXT('2D SPACE',''
  ) );
#14672 = PCURVE('',#126,#14673);
#14673 = DEFINITIONAL_REPRESENTATION('',(#14674),#14682);
#14674 = ( BOUNDED_CURVE() B_SPLINE_CURVE(2,(#14675,#14676,#14677,#14678
    ,#14679,#14680,#14681),.UNSPECIFIED.,.T.,.F.) 
B_SPLINE_CURVE_WITH_KNOTS((1,2,2,2,2,1),(-2.094395102393,0.,
    2.094395102393,4.188790204786,6.28318530718,8.377580409573),
.UNSPECIFIED.) CURVE() GEOMETRIC_REPRESENTATION_ITEM() 
RATIONAL_B_SPLINE_CURVE((1.,0.5,1.,0.5,1.,0.5,1.)) REPRESENTATION_ITEM(
  '') );
#14675 = CARTESIAN_POINT('',(-59.35,56.05));
#14676 = CARTESIAN_POINT('',(-59.35,57.435640646055));
#14677 = CARTESIAN_POINT('',(-58.15,56.742820323028));
#14678 = CARTESIAN_POINT('',(-56.95,56.05));
#14679 = CARTESIAN_POINT('',(-58.15,55.357179676972));
#14680 = CARTESIAN_POINT('',(-59.35,54.664359353945));
#14681 = CARTESIAN_POINT('',(-59.35,56.05));
#14682 = ( GEOMETRIC_REPRESENTATION_CONTEXT(2) 
PARAMETRIC_REPRESENTATION_CONTEXT() REPRESENTATION_CONTEXT('2D SPACE',''
  ) );
#14683 = ADVANCED_FACE('',(#14684),#14565,.F.);
#14684 = FACE_BOUND('',#14685,.F.);
#14685 = EDGE_LOOP('',(#14686,#14687,#14715,#14743));
#14686 = ORIENTED_EDGE('',*,*,#14549,.T.);
#14687 = ORIENTED_EDGE('',*,*,#14688,.T.);
#14688 = EDGE_CURVE('',#14527,#14689,#14691,.T.);
#14689 = VERTEX_POINT('',#14690);
#14690 = CARTESIAN_POINT('',(163.45,71.7,155.));
#14691 = SURFACE_CURVE('',#14692,(#14697,#14704),.PCURVE_S1.);
#14692 = CIRCLE('',#14693,0.8);
#14693 = AXIS2_PLACEMENT_3D('',#14694,#14695,#14696);
#14694 = CARTESIAN_POINT('',(163.45,71.7,154.2));
#14695 = DIRECTION('',(0.,-1.,0.));
#14696 = DIRECTION('',(1.,0.,0.));
#14697 = PCURVE('',#14565,#14698);
#14698 = DEFINITIONAL_REPRESENTATION('',(#14699),#14703);
#14699 = LINE('',#14700,#14701);
#14700 = CARTESIAN_POINT('',(0.,-3.));
#14701 = VECTOR('',#14702,1.);
#14702 = DIRECTION('',(1.,0.));
#14703 = ( GEOMETRIC_REPRESENTATION_CONTEXT(2) 
PARAMETRIC_REPRESENTATION_CONTEXT() REPRESENTATION_CONTEXT('2D SPACE',''
  ) );
#14704 = PCURVE('',#72,#14705);
#14705 = DEFINITIONAL_REPRESENTATION('',(#14706),#14714);
#14706 = ( BOUNDED_CURVE() B_SPLINE_CURVE(2,(#14707,#14708,#14709,#14710
    ,#14711,#14712,#14713),.UNSPECIFIED.,.T.,.F.) 
B_SPLINE_CURVE_WITH_KNOTS((1,2,2,2,2,1),(-2.094395102393,0.,
    2.094395102393,4.188790204786,6.28318530718,8.377580409573),
.UNSPECIFIED.) CURVE() GEOMETRIC_REPRESENTATION_ITEM() 
RATIONAL_B_SPLINE_CURVE((1.,0.5,1.,0.5,1.,0.5,1.)) REPRESENTATION_ITEM(
  '') );
#14707 = CARTESIAN_POINT('',(-74.25,68.45));
#14708 = CARTESIAN_POINT('',(-74.25,69.835640646055));
#14709 = CARTESIAN_POINT('',(-73.05,69.142820323028));
#14710 = CARTESIAN_POINT('',(-71.85,68.45));
#14711 = CARTESIAN_POINT('',(-73.05,67.757179676972));
#14712 = CARTESIAN_POINT('',(-74.25,67.064359353945));
#14713 = CARTESIAN_POINT('',(-74.25,68.45));
#14714 = ( GEOMETRIC_REPRESENTATION_CONTEXT(2) 
PARAMETRIC_REPRESENTATION_CONTEXT() REPRESENTATION_CONTEXT('2D SPACE',''
  ) );
#14715 = ORIENTED_EDGE('',*,*,#14716,.F.);
#14716 = EDGE_CURVE('',#14717,#14689,#14719,.T.);
#14717 = VERTEX_POINT('',#14718);
#14718 = CARTESIAN_POINT('',(163.45,68.7,155.));
#14719 = SURFACE_CURVE('',#14720,(#14724,#14731),.PCURVE_S1.);
#14720 = LINE('',#14721,#14722);
#14721 = CARTESIAN_POINT('',(163.45,68.7,155.));
#14722 = VECTOR('',#14723,1.);
#14723 = DIRECTION('',(0.,1.,-0.));
#14724 = PCURVE('',#14565,#14725);
#14725 = DEFINITIONAL_REPRESENTATION('',(#14726),#14730);
#14726 = LINE('',#14727,#14728);
#14727 = CARTESIAN_POINT('',(1.570796326795,0.));
#14728 = VECTOR('',#14729,1.);
#14729 = DIRECTION('',(0.,-1.));
#14730 = ( GEOMETRIC_REPRESENTATION_CONTEXT(2) 
PARAMETRIC_REPRESENTATION_CONTEXT() REPRESENTATION_CONTEXT('2D SPACE',''
  ) );
#14731 = PCURVE('',#14732,#14737);
#14732 = PLANE('',#14733);
#14733 = AXIS2_PLACEMENT_3D('',#14734,#14735,#14736);
#14734 = CARTESIAN_POINT('',(163.45,68.7,155.));
#14735 = DIRECTION('',(0.,0.,1.));
#14736 = DIRECTION('',(-1.,0.,0.));
#14737 = DEFINITIONAL_REPRESENTATION('',(#14738),#14742);
#14738 = LINE('',#14739,#14740);
#14739 = CARTESIAN_POINT('',(0.,0.));
#14740 = VECTOR('',#14741,1.);
#14741 = DIRECTION('',(0.,-1.));
#14742 = ( GEOMETRIC_REPRESENTATION_CONTEXT(2) 
PARAMETRIC_REPRESENTATION_CONTEXT() REPRESENTATION_CONTEXT('2D SPACE',''
  ) );
#14743 = ORIENTED_EDGE('',*,*,#14744,.F.);
#14744 = EDGE_CURVE('',#14550,#14717,#14745,.T.);
#14745 = SURFACE_CURVE('',#14746,(#14751,#14758),.PCURVE_S1.);
#14746 = CIRCLE('',#14747,0.8);
#14747 = AXIS2_PLACEMENT_3D('',#14748,#14749,#14750);
#14748 = CARTESIAN_POINT('',(163.45,68.7,154.2));
#14749 = DIRECTION('',(0.,-1.,0.));
#14750 = DIRECTION('',(1.,0.,0.));
#14751 = PCURVE('',#14565,#14752);
#14752 = DEFINITIONAL_REPRESENTATION('',(#14753),#14757);
#14753 = LINE('',#14754,#14755);
#14754 = CARTESIAN_POINT('',(0.,0.));
#14755 = VECTOR('',#14756,1.);
#14756 = DIRECTION('',(1.,0.));
#14757 = ( GEOMETRIC_REPRESENTATION_CONTEXT(2) 
PARAMETRIC_REPRESENTATION_CONTEXT() REPRESENTATION_CONTEXT('2D SPACE',''
  ) );
#14758 = PCURVE('',#126,#14759);
#14759 = DEFINITIONAL_REPRESENTATION('',(#14760),#14768);
#14760 = ( BOUNDED_CURVE() B_SPLINE_CURVE(2,(#14761,#14762,#14763,#14764
    ,#14765,#14766,#14767),.UNSPECIFIED.,.T.,.F.) 
B_SPLINE_CURVE_WITH_KNOTS((1,2,2,2,2,1),(-2.094395102393,0.,
    2.094395102393,4.188790204786,6.28318530718,8.377580409573),
.UNSPECIFIED.) CURVE() GEOMETRIC_REPRESENTATION_ITEM() 
RATIONAL_B_SPLINE_CURVE((1.,0.5,1.,0.5,1.,0.5,1.)) REPRESENTATION_ITEM(
  '') );
#14761 = CARTESIAN_POINT('',(-74.25,68.45));
#14762 = CARTESIAN_POINT('',(-74.25,69.835640646055));
#14763 = CARTESIAN_POINT('',(-73.05,69.142820323028));
#14764 = CARTESIAN_POINT('',(-71.85,68.45));
#14765 = CARTESIAN_POINT('',(-73.05,67.757179676972));
#14766 = CARTESIAN_POINT('',(-74.25,67.064359353945));
#14767 = CARTESIAN_POINT('',(-74.25,68.45));
#14768 = ( GEOMETRIC_REPRESENTATION_CONTEXT(2) 
PARAMETRIC_REPRESENTATION_CONTEXT() REPRESENTATION_CONTEXT('2D SPACE',''
  ) );
#14769 = ADVANCED_FACE('',(#14770),#14619,.T.);
#14770 = FACE_BOUND('',#14771,.T.);
#14771 = EDGE_LOOP('',(#14772,#14773,#14796,#14824));
#14772 = ORIENTED_EDGE('',*,*,#14601,.T.);
#14773 = ORIENTED_EDGE('',*,*,#14774,.T.);
#14774 = EDGE_CURVE('',#14604,#14775,#14777,.T.);
#14775 = VERTEX_POINT('',#14776);
#14776 = CARTESIAN_POINT('',(147.75,71.7,154.2));
#14777 = SURFACE_CURVE('',#14778,(#14782,#14789),.PCURVE_S1.);
#14778 = LINE('',#14779,#14780);
#14779 = CARTESIAN_POINT('',(147.75,71.7,148.));
#14780 = VECTOR('',#14781,1.);
#14781 = DIRECTION('',(0.,0.,1.));
#14782 = PCURVE('',#14619,#14783);
#14783 = DEFINITIONAL_REPRESENTATION('',(#14784),#14788);
#14784 = LINE('',#14785,#14786);
#14785 = CARTESIAN_POINT('',(6.2,-3.));
#14786 = VECTOR('',#14787,1.);
#14787 = DIRECTION('',(1.,0.));
#14788 = ( GEOMETRIC_REPRESENTATION_CONTEXT(2) 
PARAMETRIC_REPRESENTATION_CONTEXT() REPRESENTATION_CONTEXT('2D SPACE',''
  ) );
#14789 = PCURVE('',#72,#14790);
#14790 = DEFINITIONAL_REPRESENTATION('',(#14791),#14795);
#14791 = LINE('',#14792,#14793);
#14792 = CARTESIAN_POINT('',(-57.75,62.25));
#14793 = VECTOR('',#14794,1.);
#14794 = DIRECTION('',(0.,1.));
#14795 = ( GEOMETRIC_REPRESENTATION_CONTEXT(2) 
PARAMETRIC_REPRESENTATION_CONTEXT() REPRESENTATION_CONTEXT('2D SPACE',''
  ) );
#14796 = ORIENTED_EDGE('',*,*,#14797,.F.);
#14797 = EDGE_CURVE('',#14798,#14775,#14800,.T.);
#14798 = VERTEX_POINT('',#14799);
#14799 = CARTESIAN_POINT('',(147.75,68.7,154.2));
#14800 = SURFACE_CURVE('',#14801,(#14805,#14812),.PCURVE_S1.);
#14801 = LINE('',#14802,#14803);
#14802 = CARTESIAN_POINT('',(147.75,68.7,154.2));
#14803 = VECTOR('',#14804,1.);
#14804 = DIRECTION('',(0.,1.,-0.));
#14805 = PCURVE('',#14619,#14806);
#14806 = DEFINITIONAL_REPRESENTATION('',(#14807),#14811);
#14807 = LINE('',#14808,#14809);
#14808 = CARTESIAN_POINT('',(12.4,0.));
#14809 = VECTOR('',#14810,1.);
#14810 = DIRECTION('',(0.,-1.));
#14811 = ( GEOMETRIC_REPRESENTATION_CONTEXT(2) 
PARAMETRIC_REPRESENTATION_CONTEXT() REPRESENTATION_CONTEXT('2D SPACE',''
  ) );
#14812 = PCURVE('',#14813,#14818);
#14813 = CYLINDRICAL_SURFACE('',#14814,0.8);
#14814 = AXIS2_PLACEMENT_3D('',#14815,#14816,#14817);
#14815 = CARTESIAN_POINT('',(148.55,68.7,154.2));
#14816 = DIRECTION('',(0.,-1.,0.));
#14817 = DIRECTION('',(1.,0.,0.));
#14818 = DEFINITIONAL_REPRESENTATION('',(#14819),#14823);
#14819 = LINE('',#14820,#14821);
#14820 = CARTESIAN_POINT('',(3.14159265359,0.));
#14821 = VECTOR('',#14822,1.);
#14822 = DIRECTION('',(0.,-1.));
#14823 = ( GEOMETRIC_REPRESENTATION_CONTEXT(2) 
PARAMETRIC_REPRESENTATION_CONTEXT() REPRESENTATION_CONTEXT('2D SPACE',''
  ) );
#14824 = ORIENTED_EDGE('',*,*,#14825,.F.);
#14825 = EDGE_CURVE('',#14602,#14798,#14826,.T.);
#14826 = SURFACE_CURVE('',#14827,(#14831,#14838),.PCURVE_S1.);
#14827 = LINE('',#14828,#14829);
#14828 = CARTESIAN_POINT('',(147.75,68.7,148.));
#14829 = VECTOR('',#14830,1.);
#14830 = DIRECTION('',(0.,0.,1.));
#14831 = PCURVE('',#14619,#14832);
#14832 = DEFINITIONAL_REPRESENTATION('',(#14833),#14837);
#14833 = LINE('',#14834,#14835);
#14834 = CARTESIAN_POINT('',(6.2,0.));
#14835 = VECTOR('',#14836,1.);
#14836 = DIRECTION('',(1.,0.));
#14837 = ( GEOMETRIC_REPRESENTATION_CONTEXT(2) 
PARAMETRIC_REPRESENTATION_CONTEXT() REPRESENTATION_CONTEXT('2D SPACE',''
  ) );
#14838 = PCURVE('',#126,#14839);
#14839 = DEFINITIONAL_REPRESENTATION('',(#14840),#14844);
#14840 = LINE('',#14841,#14842);
#14841 = CARTESIAN_POINT('',(-57.75,62.25));
#14842 = VECTOR('',#14843,1.);
#14843 = DIRECTION('',(0.,1.));
#14844 = ( GEOMETRIC_REPRESENTATION_CONTEXT(2) 
PARAMETRIC_REPRESENTATION_CONTEXT() REPRESENTATION_CONTEXT('2D SPACE',''
  ) );
#14845 = ADVANCED_FACE('',(#14846),#14732,.F.);
#14846 = FACE_BOUND('',#14847,.F.);
#14847 = EDGE_LOOP('',(#14848,#14849,#14872,#14895));
#14848 = ORIENTED_EDGE('',*,*,#14716,.T.);
#14849 = ORIENTED_EDGE('',*,*,#14850,.T.);
#14850 = EDGE_CURVE('',#14689,#14851,#14853,.T.);
#14851 = VERTEX_POINT('',#14852);
#14852 = CARTESIAN_POINT('',(148.55,71.7,155.));
#14853 = SURFACE_CURVE('',#14854,(#14858,#14865),.PCURVE_S1.);
#14854 = LINE('',#14855,#14856);
#14855 = CARTESIAN_POINT('',(156.,71.7,155.));
#14856 = VECTOR('',#14857,1.);
#14857 = DIRECTION('',(-1.,0.,0.));
#14858 = PCURVE('',#14732,#14859);
#14859 = DEFINITIONAL_REPRESENTATION('',(#14860),#14864);
#14860 = LINE('',#14861,#14862);
#14861 = CARTESIAN_POINT('',(7.45,-3.));
#14862 = VECTOR('',#14863,1.);
#14863 = DIRECTION('',(1.,0.));
#14864 = ( GEOMETRIC_REPRESENTATION_CONTEXT(2) 
PARAMETRIC_REPRESENTATION_CONTEXT() REPRESENTATION_CONTEXT('2D SPACE',''
  ) );
#14865 = PCURVE('',#72,#14866);
#14866 = DEFINITIONAL_REPRESENTATION('',(#14867),#14871);
#14867 = LINE('',#14868,#14869);
#14868 = CARTESIAN_POINT('',(-66.,69.25));
#14869 = VECTOR('',#14870,1.);
#14870 = DIRECTION('',(1.,0.));
#14871 = ( GEOMETRIC_REPRESENTATION_CONTEXT(2) 
PARAMETRIC_REPRESENTATION_CONTEXT() REPRESENTATION_CONTEXT('2D SPACE',''
  ) );
#14872 = ORIENTED_EDGE('',*,*,#14873,.F.);
#14873 = EDGE_CURVE('',#14874,#14851,#14876,.T.);
#14874 = VERTEX_POINT('',#14875);
#14875 = CARTESIAN_POINT('',(148.55,68.7,155.));
#14876 = SURFACE_CURVE('',#14877,(#14881,#14888),.PCURVE_S1.);
#14877 = LINE('',#14878,#14879);
#14878 = CARTESIAN_POINT('',(148.55,68.7,155.));
#14879 = VECTOR('',#14880,1.);
#14880 = DIRECTION('',(0.,1.,-0.));
#14881 = PCURVE('',#14732,#14882);
#14882 = DEFINITIONAL_REPRESENTATION('',(#14883),#14887);
#14883 = LINE('',#14884,#14885);
#14884 = CARTESIAN_POINT('',(14.9,0.));
#14885 = VECTOR('',#14886,1.);
#14886 = DIRECTION('',(0.,-1.));
#14887 = ( GEOMETRIC_REPRESENTATION_CONTEXT(2) 
PARAMETRIC_REPRESENTATION_CONTEXT() REPRESENTATION_CONTEXT('2D SPACE',''
  ) );
#14888 = PCURVE('',#14813,#14889);
#14889 = DEFINITIONAL_REPRESENTATION('',(#14890),#14894);
#14890 = LINE('',#14891,#14892);
#14891 = CARTESIAN_POINT('',(1.570796326795,0.));
#14892 = VECTOR('',#14893,1.);
#14893 = DIRECTION('',(0.,-1.));
#14894 = ( GEOMETRIC_REPRESENTATION_CONTEXT(2) 
PARAMETRIC_REPRESENTATION_CONTEXT() REPRESENTATION_CONTEXT('2D SPACE',''
  ) );
#14895 = ORIENTED_EDGE('',*,*,#14896,.F.);
#14896 = EDGE_CURVE('',#14717,#14874,#14897,.T.);
#14897 = SURFACE_CURVE('',#14898,(#14902,#14909),.PCURVE_S1.);
#14898 = LINE('',#14899,#14900);
#14899 = CARTESIAN_POINT('',(156.,68.7,155.));
#14900 = VECTOR('',#14901,1.);
#14901 = DIRECTION('',(-1.,0.,0.));
#14902 = PCURVE('',#14732,#14903);
#14903 = DEFINITIONAL_REPRESENTATION('',(#14904),#14908);
#14904 = LINE('',#14905,#14906);
#14905 = CARTESIAN_POINT('',(7.45,0.));
#14906 = VECTOR('',#14907,1.);
#14907 = DIRECTION('',(1.,0.));
#14908 = ( GEOMETRIC_REPRESENTATION_CONTEXT(2) 
PARAMETRIC_REPRESENTATION_CONTEXT() REPRESENTATION_CONTEXT('2D SPACE',''
  ) );
#14909 = PCURVE('',#126,#14910);
#14910 = DEFINITIONAL_REPRESENTATION('',(#14911),#14915);
#14911 = LINE('',#14912,#14913);
#14912 = CARTESIAN_POINT('',(-66.,69.25));
#14913 = VECTOR('',#14914,1.);
#14914 = DIRECTION('',(1.,0.));
#14915 = ( GEOMETRIC_REPRESENTATION_CONTEXT(2) 
PARAMETRIC_REPRESENTATION_CONTEXT() REPRESENTATION_CONTEXT('2D SPACE',''
  ) );
#14916 = ADVANCED_FACE('',(#14917),#14813,.F.);
#14917 = FACE_BOUND('',#14918,.F.);
#14918 = EDGE_LOOP('',(#14919,#14920,#14946,#14947));
#14919 = ORIENTED_EDGE('',*,*,#14873,.T.);
#14920 = ORIENTED_EDGE('',*,*,#14921,.T.);
#14921 = EDGE_CURVE('',#14851,#14775,#14922,.T.);
#14922 = SURFACE_CURVE('',#14923,(#14928,#14935),.PCURVE_S1.);
#14923 = CIRCLE('',#14924,0.8);
#14924 = AXIS2_PLACEMENT_3D('',#14925,#14926,#14927);
#14925 = CARTESIAN_POINT('',(148.55,71.7,154.2));
#14926 = DIRECTION('',(0.,-1.,0.));
#14927 = DIRECTION('',(1.,0.,0.));
#14928 = PCURVE('',#14813,#14929);
#14929 = DEFINITIONAL_REPRESENTATION('',(#14930),#14934);
#14930 = LINE('',#14931,#14932);
#14931 = CARTESIAN_POINT('',(0.,-3.));
#14932 = VECTOR('',#14933,1.);
#14933 = DIRECTION('',(1.,0.));
#14934 = ( GEOMETRIC_REPRESENTATION_CONTEXT(2) 
PARAMETRIC_REPRESENTATION_CONTEXT() REPRESENTATION_CONTEXT('2D SPACE',''
  ) );
#14935 = PCURVE('',#72,#14936);
#14936 = DEFINITIONAL_REPRESENTATION('',(#14937),#14945);
#14937 = ( BOUNDED_CURVE() B_SPLINE_CURVE(2,(#14938,#14939,#14940,#14941
    ,#14942,#14943,#14944),.UNSPECIFIED.,.T.,.F.) 
B_SPLINE_CURVE_WITH_KNOTS((1,2,2,2,2,1),(-2.094395102393,0.,
    2.094395102393,4.188790204786,6.28318530718,8.377580409573),
.UNSPECIFIED.) CURVE() GEOMETRIC_REPRESENTATION_ITEM() 
RATIONAL_B_SPLINE_CURVE((1.,0.5,1.,0.5,1.,0.5,1.)) REPRESENTATION_ITEM(
  '') );
#14938 = CARTESIAN_POINT('',(-59.35,68.45));
#14939 = CARTESIAN_POINT('',(-59.35,69.835640646055));
#14940 = CARTESIAN_POINT('',(-58.15,69.142820323028));
#14941 = CARTESIAN_POINT('',(-56.95,68.45));
#14942 = CARTESIAN_POINT('',(-58.15,67.757179676972));
#14943 = CARTESIAN_POINT('',(-59.35,67.064359353945));
#14944 = CARTESIAN_POINT('',(-59.35,68.45));
#14945 = ( GEOMETRIC_REPRESENTATION_CONTEXT(2) 
PARAMETRIC_REPRESENTATION_CONTEXT() REPRESENTATION_CONTEXT('2D SPACE',''
  ) );
#14946 = ORIENTED_EDGE('',*,*,#14797,.F.);
#14947 = ORIENTED_EDGE('',*,*,#14948,.F.);
#14948 = EDGE_CURVE('',#14874,#14798,#14949,.T.);
#14949 = SURFACE_CURVE('',#14950,(#14955,#14962),.PCURVE_S1.);
#14950 = CIRCLE('',#14951,0.8);
#14951 = AXIS2_PLACEMENT_3D('',#14952,#14953,#14954);
#14952 = CARTESIAN_POINT('',(148.55,68.7,154.2));
#14953 = DIRECTION('',(0.,-1.,0.));
#14954 = DIRECTION('',(1.,0.,0.));
#14955 = PCURVE('',#14813,#14956);
#14956 = DEFINITIONAL_REPRESENTATION('',(#14957),#14961);
#14957 = LINE('',#14958,#14959);
#14958 = CARTESIAN_POINT('',(0.,0.));
#14959 = VECTOR('',#14960,1.);
#14960 = DIRECTION('',(1.,0.));
#14961 = ( GEOMETRIC_REPRESENTATION_CONTEXT(2) 
PARAMETRIC_REPRESENTATION_CONTEXT() REPRESENTATION_CONTEXT('2D SPACE',''
  ) );
#14962 = PCURVE('',#126,#14963);
#14963 = DEFINITIONAL_REPRESENTATION('',(#14964),#14972);
#14964 = ( BOUNDED_CURVE() B_SPLINE_CURVE(2,(#14965,#14966,#14967,#14968
    ,#14969,#14970,#14971),.UNSPECIFIED.,.T.,.F.) 
B_SPLINE_CURVE_WITH_KNOTS((1,2,2,2,2,1),(-2.094395102393,0.,
    2.094395102393,4.188790204786,6.28318530718,8.377580409573),
.UNSPECIFIED.) CURVE() GEOMETRIC_REPRESENTATION_ITEM() 
RATIONAL_B_SPLINE_CURVE((1.,0.5,1.,0.5,1.,0.5,1.)) REPRESENTATION_ITEM(
  '') );
#14965 = CARTESIAN_POINT('',(-59.35,68.45));
#14966 = CARTESIAN_POINT('',(-59.35,69.835640646055));
#14967 = CARTESIAN_POINT('',(-58.15,69.142820323028));
#14968 = CARTESIAN_POINT('',(-56.95,68.45));
#14969 = CARTESIAN_POINT('',(-58.15,67.757179676972));
#14970 = CARTESIAN_POINT('',(-59.35,67.064359353945));
#14971 = CARTESIAN_POINT('',(-59.35,68.45));
#14972 = ( GEOMETRIC_REPRESENTATION_CONTEXT(2) 
PARAMETRIC_REPRESENTATION_CONTEXT() REPRESENTATION_CONTEXT('2D SPACE',''
  ) );
#14973 = ADVANCED_FACE('',(#14974),#14988,.F.);
#14974 = FACE_BOUND('',#14975,.T.);
#14975 = EDGE_LOOP('',(#14976,#15006,#15028,#15029));
#14976 = ORIENTED_EDGE('',*,*,#14977,.T.);
#14977 = EDGE_CURVE('',#14978,#14980,#14982,.T.);
#14978 = VERTEX_POINT('',#14979);
#14979 = CARTESIAN_POINT('',(171.3,68.7,164.5));
#14980 = VERTEX_POINT('',#14981);
#14981 = CARTESIAN_POINT('',(171.3,71.7,164.5));
#14982 = SEAM_CURVE('',#14983,(#14987,#14999),.PCURVE_S1.);
#14983 = LINE('',#14984,#14985);
#14984 = CARTESIAN_POINT('',(171.3,68.7,164.5));
#14985 = VECTOR('',#14986,1.);
#14986 = DIRECTION('',(0.,1.,-0.));
#14987 = PCURVE('',#14988,#14993);
#14988 = CYLINDRICAL_SURFACE('',#14989,1.7);
#14989 = AXIS2_PLACEMENT_3D('',#14990,#14991,#14992);
#14990 = CARTESIAN_POINT('',(173.,68.7,164.5));
#14991 = DIRECTION('',(-0.,-1.,0.));
#14992 = DIRECTION('',(-1.,0.,0.));
#14993 = DEFINITIONAL_REPRESENTATION('',(#14994),#14998);
#14994 = LINE('',#14995,#14996);
#14995 = CARTESIAN_POINT('',(-0.,0.));
#14996 = VECTOR('',#14997,1.);
#14997 = DIRECTION('',(-0.,-1.));
#14998 = ( GEOMETRIC_REPRESENTATION_CONTEXT(2) 
PARAMETRIC_REPRESENTATION_CONTEXT() REPRESENTATION_CONTEXT('2D SPACE',''
  ) );
#14999 = PCURVE('',#14988,#15000);
#15000 = DEFINITIONAL_REPRESENTATION('',(#15001),#15005);
#15001 = LINE('',#15002,#15003);
#15002 = CARTESIAN_POINT('',(-6.28318530718,0.));
#15003 = VECTOR('',#15004,1.);
#15004 = DIRECTION('',(-0.,-1.));
#15005 = ( GEOMETRIC_REPRESENTATION_CONTEXT(2) 
PARAMETRIC_REPRESENTATION_CONTEXT() REPRESENTATION_CONTEXT('2D SPACE',''
  ) );
#15006 = ORIENTED_EDGE('',*,*,#15007,.T.);
#15007 = EDGE_CURVE('',#14980,#14980,#15008,.T.);
#15008 = SURFACE_CURVE('',#15009,(#15014,#15021),.PCURVE_S1.);
#15009 = CIRCLE('',#15010,1.7);
#15010 = AXIS2_PLACEMENT_3D('',#15011,#15012,#15013);
#15011 = CARTESIAN_POINT('',(173.,71.7,164.5));
#15012 = DIRECTION('',(0.,1.,-0.));
#15013 = DIRECTION('',(-1.,0.,0.));
#15014 = PCURVE('',#14988,#15015);
#15015 = DEFINITIONAL_REPRESENTATION('',(#15016),#15020);
#15016 = LINE('',#15017,#15018);
#15017 = CARTESIAN_POINT('',(-0.,-3.));
#15018 = VECTOR('',#15019,1.);
#15019 = DIRECTION('',(-1.,0.));
#15020 = ( GEOMETRIC_REPRESENTATION_CONTEXT(2) 
PARAMETRIC_REPRESENTATION_CONTEXT() REPRESENTATION_CONTEXT('2D SPACE',''
  ) );
#15021 = PCURVE('',#72,#15022);
#15022 = DEFINITIONAL_REPRESENTATION('',(#15023),#15027);
#15023 = CIRCLE('',#15024,1.7);
#15024 = AXIS2_PLACEMENT_2D('',#15025,#15026);
#15025 = CARTESIAN_POINT('',(-83.,78.75));
#15026 = DIRECTION('',(1.,0.));
#15027 = ( GEOMETRIC_REPRESENTATION_CONTEXT(2) 
PARAMETRIC_REPRESENTATION_CONTEXT() REPRESENTATION_CONTEXT('2D SPACE',''
  ) );
#15028 = ORIENTED_EDGE('',*,*,#14977,.F.);
#15029 = ORIENTED_EDGE('',*,*,#15030,.F.);
#15030 = EDGE_CURVE('',#14978,#14978,#15031,.T.);
#15031 = SURFACE_CURVE('',#15032,(#15037,#15044),.PCURVE_S1.);
#15032 = CIRCLE('',#15033,1.7);
#15033 = AXIS2_PLACEMENT_3D('',#15034,#15035,#15036);
#15034 = CARTESIAN_POINT('',(173.,68.7,164.5));
#15035 = DIRECTION('',(0.,1.,-0.));
#15036 = DIRECTION('',(-1.,0.,0.));
#15037 = PCURVE('',#14988,#15038);
#15038 = DEFINITIONAL_REPRESENTATION('',(#15039),#15043);
#15039 = LINE('',#15040,#15041);
#15040 = CARTESIAN_POINT('',(-0.,0.));
#15041 = VECTOR('',#15042,1.);
#15042 = DIRECTION('',(-1.,0.));
#15043 = ( GEOMETRIC_REPRESENTATION_CONTEXT(2) 
PARAMETRIC_REPRESENTATION_CONTEXT() REPRESENTATION_CONTEXT('2D SPACE',''
  ) );
#15044 = PCURVE('',#126,#15045);
#15045 = DEFINITIONAL_REPRESENTATION('',(#15046),#15050);
#15046 = CIRCLE('',#15047,1.7);
#15047 = AXIS2_PLACEMENT_2D('',#15048,#15049);
#15048 = CARTESIAN_POINT('',(-83.,78.75));
#15049 = DIRECTION('',(1.,0.));
#15050 = ( GEOMETRIC_REPRESENTATION_CONTEXT(2) 
PARAMETRIC_REPRESENTATION_CONTEXT() REPRESENTATION_CONTEXT('2D SPACE',''
  ) );
#15051 = ADVANCED_FACE('',(#15052),#15066,.F.);
#15052 = FACE_BOUND('',#15053,.T.);
#15053 = EDGE_LOOP('',(#15054,#15084,#15106,#15107));
#15054 = ORIENTED_EDGE('',*,*,#15055,.T.);
#15055 = EDGE_CURVE('',#15056,#15058,#15060,.T.);
#15056 = VERTEX_POINT('',#15057);
#15057 = CARTESIAN_POINT('',(127.90614872174,68.7,127.6));
#15058 = VERTEX_POINT('',#15059);
#15059 = CARTESIAN_POINT('',(127.90614872174,71.7,127.6));
#15060 = SEAM_CURVE('',#15061,(#15065,#15077),.PCURVE_S1.);
#15061 = LINE('',#15062,#15063);
#15062 = CARTESIAN_POINT('',(127.90614872174,68.7,127.6));
#15063 = VECTOR('',#15064,1.);
#15064 = DIRECTION('',(0.,1.,-0.));
#15065 = PCURVE('',#15066,#15071);
#15066 = CYLINDRICAL_SURFACE('',#15067,1.3);
#15067 = AXIS2_PLACEMENT_3D('',#15068,#15069,#15070);
#15068 = CARTESIAN_POINT('',(129.20614872174,68.7,127.6));
#15069 = DIRECTION('',(-0.,-1.,0.));
#15070 = DIRECTION('',(-1.,0.,0.));
#15071 = DEFINITIONAL_REPRESENTATION('',(#15072),#15076);
#15072 = LINE('',#15073,#15074);
#15073 = CARTESIAN_POINT('',(-0.,0.));
#15074 = VECTOR('',#15075,1.);
#15075 = DIRECTION('',(-0.,-1.));
#15076 = ( GEOMETRIC_REPRESENTATION_CONTEXT(2) 
PARAMETRIC_REPRESENTATION_CONTEXT() REPRESENTATION_CONTEXT('2D SPACE',''
  ) );
#15077 = PCURVE('',#15066,#15078);
#15078 = DEFINITIONAL_REPRESENTATION('',(#15079),#15083);
#15079 = LINE('',#15080,#15081);
#15080 = CARTESIAN_POINT('',(-6.28318530718,0.));
#15081 = VECTOR('',#15082,1.);
#15082 = DIRECTION('',(-0.,-1.));
#15083 = ( GEOMETRIC_REPRESENTATION_CONTEXT(2) 
PARAMETRIC_REPRESENTATION_CONTEXT() REPRESENTATION_CONTEXT('2D SPACE',''
  ) );
#15084 = ORIENTED_EDGE('',*,*,#15085,.T.);
#15085 = EDGE_CURVE('',#15058,#15058,#15086,.T.);
#15086 = SURFACE_CURVE('',#15087,(#15092,#15099),.PCURVE_S1.);
#15087 = CIRCLE('',#15088,1.3);
#15088 = AXIS2_PLACEMENT_3D('',#15089,#15090,#15091);
#15089 = CARTESIAN_POINT('',(129.20614872174,71.7,127.6));
#15090 = DIRECTION('',(0.,1.,-0.));
#15091 = DIRECTION('',(-1.,0.,0.));
#15092 = PCURVE('',#15066,#15093);
#15093 = DEFINITIONAL_REPRESENTATION('',(#15094),#15098);
#15094 = LINE('',#15095,#15096);
#15095 = CARTESIAN_POINT('',(-0.,-3.));
#15096 = VECTOR('',#15097,1.);
#15097 = DIRECTION('',(-1.,0.));
#15098 = ( GEOMETRIC_REPRESENTATION_CONTEXT(2) 
PARAMETRIC_REPRESENTATION_CONTEXT() REPRESENTATION_CONTEXT('2D SPACE',''
  ) );
#15099 = PCURVE('',#72,#15100);
#15100 = DEFINITIONAL_REPRESENTATION('',(#15101),#15105);
#15101 = CIRCLE('',#15102,1.3);
#15102 = AXIS2_PLACEMENT_2D('',#15103,#15104);
#15103 = CARTESIAN_POINT('',(-39.20614872174,41.85));
#15104 = DIRECTION('',(1.,0.));
#15105 = ( GEOMETRIC_REPRESENTATION_CONTEXT(2) 
PARAMETRIC_REPRESENTATION_CONTEXT() REPRESENTATION_CONTEXT('2D SPACE',''
  ) );
#15106 = ORIENTED_EDGE('',*,*,#15055,.F.);
#15107 = ORIENTED_EDGE('',*,*,#15108,.F.);
#15108 = EDGE_CURVE('',#15056,#15056,#15109,.T.);
#15109 = SURFACE_CURVE('',#15110,(#15115,#15122),.PCURVE_S1.);
#15110 = CIRCLE('',#15111,1.3);
#15111 = AXIS2_PLACEMENT_3D('',#15112,#15113,#15114);
#15112 = CARTESIAN_POINT('',(129.20614872174,68.7,127.6));
#15113 = DIRECTION('',(0.,1.,-0.));
#15114 = DIRECTION('',(-1.,0.,0.));
#15115 = PCURVE('',#15066,#15116);
#15116 = DEFINITIONAL_REPRESENTATION('',(#15117),#15121);
#15117 = LINE('',#15118,#15119);
#15118 = CARTESIAN_POINT('',(-0.,0.));
#15119 = VECTOR('',#15120,1.);
#15120 = DIRECTION('',(-1.,0.));
#15121 = ( GEOMETRIC_REPRESENTATION_CONTEXT(2) 
PARAMETRIC_REPRESENTATION_CONTEXT() REPRESENTATION_CONTEXT('2D SPACE',''
  ) );
#15122 = PCURVE('',#126,#15123);
#15123 = DEFINITIONAL_REPRESENTATION('',(#15124),#15128);
#15124 = CIRCLE('',#15125,1.3);
#15125 = AXIS2_PLACEMENT_2D('',#15126,#15127);
#15126 = CARTESIAN_POINT('',(-39.20614872174,41.85));
#15127 = DIRECTION('',(1.,0.));
#15128 = ( GEOMETRIC_REPRESENTATION_CONTEXT(2) 
PARAMETRIC_REPRESENTATION_CONTEXT() REPRESENTATION_CONTEXT('2D SPACE',''
  ) );
#15129 = ADVANCED_FACE('',(#15130),#15144,.F.);
#15130 = FACE_BOUND('',#15131,.T.);
#15131 = EDGE_LOOP('',(#15132,#15162,#15184,#15185));
#15132 = ORIENTED_EDGE('',*,*,#15133,.T.);
#15133 = EDGE_CURVE('',#15134,#15136,#15138,.T.);
#15134 = VERTEX_POINT('',#15135);
#15135 = CARTESIAN_POINT('',(128.15,68.7,131.5));
#15136 = VERTEX_POINT('',#15137);
#15137 = CARTESIAN_POINT('',(128.15,71.7,131.5));
#15138 = SEAM_CURVE('',#15139,(#15143,#15155),.PCURVE_S1.);
#15139 = LINE('',#15140,#15141);
#15140 = CARTESIAN_POINT('',(128.15,68.7,131.5));
#15141 = VECTOR('',#15142,1.);
#15142 = DIRECTION('',(0.,1.,-0.));
#15143 = PCURVE('',#15144,#15149);
#15144 = CYLINDRICAL_SURFACE('',#15145,1.35);
#15145 = AXIS2_PLACEMENT_3D('',#15146,#15147,#15148);
#15146 = CARTESIAN_POINT('',(129.5,68.7,131.5));
#15147 = DIRECTION('',(-0.,-1.,0.));
#15148 = DIRECTION('',(-1.,0.,0.));
#15149 = DEFINITIONAL_REPRESENTATION('',(#15150),#15154);
#15150 = LINE('',#15151,#15152);
#15151 = CARTESIAN_POINT('',(-0.,0.));
#15152 = VECTOR('',#15153,1.);
#15153 = DIRECTION('',(-0.,-1.));
#15154 = ( GEOMETRIC_REPRESENTATION_CONTEXT(2) 
PARAMETRIC_REPRESENTATION_CONTEXT() REPRESENTATION_CONTEXT('2D SPACE',''
  ) );
#15155 = PCURVE('',#15144,#15156);
#15156 = DEFINITIONAL_REPRESENTATION('',(#15157),#15161);
#15157 = LINE('',#15158,#15159);
#15158 = CARTESIAN_POINT('',(-6.28318530718,0.));
#15159 = VECTOR('',#15160,1.);
#15160 = DIRECTION('',(-0.,-1.));
#15161 = ( GEOMETRIC_REPRESENTATION_CONTEXT(2) 
PARAMETRIC_REPRESENTATION_CONTEXT() REPRESENTATION_CONTEXT('2D SPACE',''
  ) );
#15162 = ORIENTED_EDGE('',*,*,#15163,.T.);
#15163 = EDGE_CURVE('',#15136,#15136,#15164,.T.);
#15164 = SURFACE_CURVE('',#15165,(#15170,#15177),.PCURVE_S1.);
#15165 = CIRCLE('',#15166,1.35);
#15166 = AXIS2_PLACEMENT_3D('',#15167,#15168,#15169);
#15167 = CARTESIAN_POINT('',(129.5,71.7,131.5));
#15168 = DIRECTION('',(0.,1.,-0.));
#15169 = DIRECTION('',(-1.,0.,0.));
#15170 = PCURVE('',#15144,#15171);
#15171 = DEFINITIONAL_REPRESENTATION('',(#15172),#15176);
#15172 = LINE('',#15173,#15174);
#15173 = CARTESIAN_POINT('',(-0.,-3.));
#15174 = VECTOR('',#15175,1.);
#15175 = DIRECTION('',(-1.,0.));
#15176 = ( GEOMETRIC_REPRESENTATION_CONTEXT(2) 
PARAMETRIC_REPRESENTATION_CONTEXT() REPRESENTATION_CONTEXT('2D SPACE',''
  ) );
#15177 = PCURVE('',#72,#15178);
#15178 = DEFINITIONAL_REPRESENTATION('',(#15179),#15183);
#15179 = CIRCLE('',#15180,1.35);
#15180 = AXIS2_PLACEMENT_2D('',#15181,#15182);
#15181 = CARTESIAN_POINT('',(-39.5,45.75));
#15182 = DIRECTION('',(1.,0.));
#15183 = ( GEOMETRIC_REPRESENTATION_CONTEXT(2) 
PARAMETRIC_REPRESENTATION_CONTEXT() REPRESENTATION_CONTEXT('2D SPACE',''
  ) );
#15184 = ORIENTED_EDGE('',*,*,#15133,.F.);
#15185 = ORIENTED_EDGE('',*,*,#15186,.F.);
#15186 = EDGE_CURVE('',#15134,#15134,#15187,.T.);
#15187 = SURFACE_CURVE('',#15188,(#15193,#15200),.PCURVE_S1.);
#15188 = CIRCLE('',#15189,1.35);
#15189 = AXIS2_PLACEMENT_3D('',#15190,#15191,#15192);
#15190 = CARTESIAN_POINT('',(129.5,68.7,131.5));
#15191 = DIRECTION('',(0.,1.,-0.));
#15192 = DIRECTION('',(-1.,0.,0.));
#15193 = PCURVE('',#15144,#15194);
#15194 = DEFINITIONAL_REPRESENTATION('',(#15195),#15199);
#15195 = LINE('',#15196,#15197);
#15196 = CARTESIAN_POINT('',(-0.,0.));
#15197 = VECTOR('',#15198,1.);
#15198 = DIRECTION('',(-1.,0.));
#15199 = ( GEOMETRIC_REPRESENTATION_CONTEXT(2) 
PARAMETRIC_REPRESENTATION_CONTEXT() REPRESENTATION_CONTEXT('2D SPACE',''
  ) );
#15200 = PCURVE('',#126,#15201);
#15201 = DEFINITIONAL_REPRESENTATION('',(#15202),#15206);
#15202 = CIRCLE('',#15203,1.35);
#15203 = AXIS2_PLACEMENT_2D('',#15204,#15205);
#15204 = CARTESIAN_POINT('',(-39.5,45.75));
#15205 = DIRECTION('',(1.,0.));
#15206 = ( GEOMETRIC_REPRESENTATION_CONTEXT(2) 
PARAMETRIC_REPRESENTATION_CONTEXT() REPRESENTATION_CONTEXT('2D SPACE',''
  ) );
#15207 = ADVANCED_FACE('',(#15208),#15222,.F.);
#15208 = FACE_BOUND('',#15209,.T.);
#15209 = EDGE_LOOP('',(#15210,#15240,#15262,#15263));
#15210 = ORIENTED_EDGE('',*,*,#15211,.T.);
#15211 = EDGE_CURVE('',#15212,#15214,#15216,.T.);
#15212 = VERTEX_POINT('',#15213);
#15213 = CARTESIAN_POINT('',(119.59230484541,68.7,127.6));
#15214 = VERTEX_POINT('',#15215);
#15215 = CARTESIAN_POINT('',(119.59230484541,71.7,127.6));
#15216 = SEAM_CURVE('',#15217,(#15221,#15233),.PCURVE_S1.);
#15217 = LINE('',#15218,#15219);
#15218 = CARTESIAN_POINT('',(119.59230484541,68.7,127.6));
#15219 = VECTOR('',#15220,1.);
#15220 = DIRECTION('',(0.,1.,-0.));
#15221 = PCURVE('',#15222,#15227);
#15222 = CYLINDRICAL_SURFACE('',#15223,1.3);
#15223 = AXIS2_PLACEMENT_3D('',#15224,#15225,#15226);
#15224 = CARTESIAN_POINT('',(120.89230484541,68.7,127.6));
#15225 = DIRECTION('',(-0.,-1.,0.));
#15226 = DIRECTION('',(-1.,0.,0.));
#15227 = DEFINITIONAL_REPRESENTATION('',(#15228),#15232);
#15228 = LINE('',#15229,#15230);
#15229 = CARTESIAN_POINT('',(-0.,0.));
#15230 = VECTOR('',#15231,1.);
#15231 = DIRECTION('',(-0.,-1.));
#15232 = ( GEOMETRIC_REPRESENTATION_CONTEXT(2) 
PARAMETRIC_REPRESENTATION_CONTEXT() REPRESENTATION_CONTEXT('2D SPACE',''
  ) );
#15233 = PCURVE('',#15222,#15234);
#15234 = DEFINITIONAL_REPRESENTATION('',(#15235),#15239);
#15235 = LINE('',#15236,#15237);
#15236 = CARTESIAN_POINT('',(-6.28318530718,0.));
#15237 = VECTOR('',#15238,1.);
#15238 = DIRECTION('',(-0.,-1.));
#15239 = ( GEOMETRIC_REPRESENTATION_CONTEXT(2) 
PARAMETRIC_REPRESENTATION_CONTEXT() REPRESENTATION_CONTEXT('2D SPACE',''
  ) );
#15240 = ORIENTED_EDGE('',*,*,#15241,.T.);
#15241 = EDGE_CURVE('',#15214,#15214,#15242,.T.);
#15242 = SURFACE_CURVE('',#15243,(#15248,#15255),.PCURVE_S1.);
#15243 = CIRCLE('',#15244,1.3);
#15244 = AXIS2_PLACEMENT_3D('',#15245,#15246,#15247);
#15245 = CARTESIAN_POINT('',(120.89230484541,71.7,127.6));
#15246 = DIRECTION('',(0.,1.,-0.));
#15247 = DIRECTION('',(-1.,0.,0.));
#15248 = PCURVE('',#15222,#15249);
#15249 = DEFINITIONAL_REPRESENTATION('',(#15250),#15254);
#15250 = LINE('',#15251,#15252);
#15251 = CARTESIAN_POINT('',(-0.,-3.));
#15252 = VECTOR('',#15253,1.);
#15253 = DIRECTION('',(-1.,0.));
#15254 = ( GEOMETRIC_REPRESENTATION_CONTEXT(2) 
PARAMETRIC_REPRESENTATION_CONTEXT() REPRESENTATION_CONTEXT('2D SPACE',''
  ) );
#15255 = PCURVE('',#72,#15256);
#15256 = DEFINITIONAL_REPRESENTATION('',(#15257),#15261);
#15257 = CIRCLE('',#15258,1.3);
#15258 = AXIS2_PLACEMENT_2D('',#15259,#15260);
#15259 = CARTESIAN_POINT('',(-30.89230484541,41.85));
#15260 = DIRECTION('',(1.,0.));
#15261 = ( GEOMETRIC_REPRESENTATION_CONTEXT(2) 
PARAMETRIC_REPRESENTATION_CONTEXT() REPRESENTATION_CONTEXT('2D SPACE',''
  ) );
#15262 = ORIENTED_EDGE('',*,*,#15211,.F.);
#15263 = ORIENTED_EDGE('',*,*,#15264,.F.);
#15264 = EDGE_CURVE('',#15212,#15212,#15265,.T.);
#15265 = SURFACE_CURVE('',#15266,(#15271,#15278),.PCURVE_S1.);
#15266 = CIRCLE('',#15267,1.3);
#15267 = AXIS2_PLACEMENT_3D('',#15268,#15269,#15270);
#15268 = CARTESIAN_POINT('',(120.89230484541,68.7,127.6));
#15269 = DIRECTION('',(0.,1.,-0.));
#15270 = DIRECTION('',(-1.,0.,0.));
#15271 = PCURVE('',#15222,#15272);
#15272 = DEFINITIONAL_REPRESENTATION('',(#15273),#15277);
#15273 = LINE('',#15274,#15275);
#15274 = CARTESIAN_POINT('',(-0.,0.));
#15275 = VECTOR('',#15276,1.);
#15276 = DIRECTION('',(-1.,0.));
#15277 = ( GEOMETRIC_REPRESENTATION_CONTEXT(2) 
PARAMETRIC_REPRESENTATION_CONTEXT() REPRESENTATION_CONTEXT('2D SPACE',''
  ) );
#15278 = PCURVE('',#126,#15279);
#15279 = DEFINITIONAL_REPRESENTATION('',(#15280),#15284);
#15280 = CIRCLE('',#15281,1.3);
#15281 = AXIS2_PLACEMENT_2D('',#15282,#15283);
#15282 = CARTESIAN_POINT('',(-30.89230484541,41.85));
#15283 = DIRECTION('',(1.,0.));
#15284 = ( GEOMETRIC_REPRESENTATION_CONTEXT(2) 
PARAMETRIC_REPRESENTATION_CONTEXT() REPRESENTATION_CONTEXT('2D SPACE',''
  ) );
#15285 = ADVANCED_FACE('',(#15286),#15300,.F.);
#15286 = FACE_BOUND('',#15287,.T.);
#15287 = EDGE_LOOP('',(#15288,#15318,#15340,#15341));
#15288 = ORIENTED_EDGE('',*,*,#15289,.T.);
#15289 = EDGE_CURVE('',#15290,#15292,#15294,.T.);
#15290 = VERTEX_POINT('',#15291);
#15291 = CARTESIAN_POINT('',(111.27846096908,68.7,127.6));
#15292 = VERTEX_POINT('',#15293);
#15293 = CARTESIAN_POINT('',(111.27846096908,71.7,127.6));
#15294 = SEAM_CURVE('',#15295,(#15299,#15311),.PCURVE_S1.);
#15295 = LINE('',#15296,#15297);
#15296 = CARTESIAN_POINT('',(111.27846096908,68.7,127.6));
#15297 = VECTOR('',#15298,1.);
#15298 = DIRECTION('',(0.,1.,-0.));
#15299 = PCURVE('',#15300,#15305);
#15300 = CYLINDRICAL_SURFACE('',#15301,1.3);
#15301 = AXIS2_PLACEMENT_3D('',#15302,#15303,#15304);
#15302 = CARTESIAN_POINT('',(112.57846096908,68.7,127.6));
#15303 = DIRECTION('',(-0.,-1.,0.));
#15304 = DIRECTION('',(-1.,0.,0.));
#15305 = DEFINITIONAL_REPRESENTATION('',(#15306),#15310);
#15306 = LINE('',#15307,#15308);
#15307 = CARTESIAN_POINT('',(-0.,0.));
#15308 = VECTOR('',#15309,1.);
#15309 = DIRECTION('',(-0.,-1.));
#15310 = ( GEOMETRIC_REPRESENTATION_CONTEXT(2) 
PARAMETRIC_REPRESENTATION_CONTEXT() REPRESENTATION_CONTEXT('2D SPACE',''
  ) );
#15311 = PCURVE('',#15300,#15312);
#15312 = DEFINITIONAL_REPRESENTATION('',(#15313),#15317);
#15313 = LINE('',#15314,#15315);
#15314 = CARTESIAN_POINT('',(-6.28318530718,0.));
#15315 = VECTOR('',#15316,1.);
#15316 = DIRECTION('',(-0.,-1.));
#15317 = ( GEOMETRIC_REPRESENTATION_CONTEXT(2) 
PARAMETRIC_REPRESENTATION_CONTEXT() REPRESENTATION_CONTEXT('2D SPACE',''
  ) );
#15318 = ORIENTED_EDGE('',*,*,#15319,.T.);
#15319 = EDGE_CURVE('',#15292,#15292,#15320,.T.);
#15320 = SURFACE_CURVE('',#15321,(#15326,#15333),.PCURVE_S1.);
#15321 = CIRCLE('',#15322,1.3);
#15322 = AXIS2_PLACEMENT_3D('',#15323,#15324,#15325);
#15323 = CARTESIAN_POINT('',(112.57846096908,71.7,127.6));
#15324 = DIRECTION('',(0.,1.,-0.));
#15325 = DIRECTION('',(-1.,0.,0.));
#15326 = PCURVE('',#15300,#15327);
#15327 = DEFINITIONAL_REPRESENTATION('',(#15328),#15332);
#15328 = LINE('',#15329,#15330);
#15329 = CARTESIAN_POINT('',(-0.,-3.));
#15330 = VECTOR('',#15331,1.);
#15331 = DIRECTION('',(-1.,0.));
#15332 = ( GEOMETRIC_REPRESENTATION_CONTEXT(2) 
PARAMETRIC_REPRESENTATION_CONTEXT() REPRESENTATION_CONTEXT('2D SPACE',''
  ) );
#15333 = PCURVE('',#72,#15334);
#15334 = DEFINITIONAL_REPRESENTATION('',(#15335),#15339);
#15335 = CIRCLE('',#15336,1.3);
#15336 = AXIS2_PLACEMENT_2D('',#15337,#15338);
#15337 = CARTESIAN_POINT('',(-22.57846096908,41.85));
#15338 = DIRECTION('',(1.,0.));
#15339 = ( GEOMETRIC_REPRESENTATION_CONTEXT(2) 
PARAMETRIC_REPRESENTATION_CONTEXT() REPRESENTATION_CONTEXT('2D SPACE',''
  ) );
#15340 = ORIENTED_EDGE('',*,*,#15289,.F.);
#15341 = ORIENTED_EDGE('',*,*,#15342,.F.);
#15342 = EDGE_CURVE('',#15290,#15290,#15343,.T.);
#15343 = SURFACE_CURVE('',#15344,(#15349,#15356),.PCURVE_S1.);
#15344 = CIRCLE('',#15345,1.3);
#15345 = AXIS2_PLACEMENT_3D('',#15346,#15347,#15348);
#15346 = CARTESIAN_POINT('',(112.57846096908,68.7,127.6));
#15347 = DIRECTION('',(0.,1.,-0.));
#15348 = DIRECTION('',(-1.,0.,0.));
#15349 = PCURVE('',#15300,#15350);
#15350 = DEFINITIONAL_REPRESENTATION('',(#15351),#15355);
#15351 = LINE('',#15352,#15353);
#15352 = CARTESIAN_POINT('',(-0.,0.));
#15353 = VECTOR('',#15354,1.);
#15354 = DIRECTION('',(-1.,0.));
#15355 = ( GEOMETRIC_REPRESENTATION_CONTEXT(2) 
PARAMETRIC_REPRESENTATION_CONTEXT() REPRESENTATION_CONTEXT('2D SPACE',''
  ) );
#15356 = PCURVE('',#126,#15357);
#15357 = DEFINITIONAL_REPRESENTATION('',(#15358),#15362);
#15358 = CIRCLE('',#15359,1.3);
#15359 = AXIS2_PLACEMENT_2D('',#15360,#15361);
#15360 = CARTESIAN_POINT('',(-22.57846096908,41.85));
#15361 = DIRECTION('',(1.,0.));
#15362 = ( GEOMETRIC_REPRESENTATION_CONTEXT(2) 
PARAMETRIC_REPRESENTATION_CONTEXT() REPRESENTATION_CONTEXT('2D SPACE',''
  ) );
#15363 = ADVANCED_FACE('',(#15364),#15378,.F.);
#15364 = FACE_BOUND('',#15365,.T.);
#15365 = EDGE_LOOP('',(#15366,#15396,#15418,#15419));
#15366 = ORIENTED_EDGE('',*,*,#15367,.T.);
#15367 = EDGE_CURVE('',#15368,#15370,#15372,.T.);
#15368 = VERTEX_POINT('',#15369);
#15369 = CARTESIAN_POINT('',(102.96461709275,68.7,127.6));
#15370 = VERTEX_POINT('',#15371);
#15371 = CARTESIAN_POINT('',(102.96461709275,71.7,127.6));
#15372 = SEAM_CURVE('',#15373,(#15377,#15389),.PCURVE_S1.);
#15373 = LINE('',#15374,#15375);
#15374 = CARTESIAN_POINT('',(102.96461709275,68.7,127.6));
#15375 = VECTOR('',#15376,1.);
#15376 = DIRECTION('',(0.,1.,-0.));
#15377 = PCURVE('',#15378,#15383);
#15378 = CYLINDRICAL_SURFACE('',#15379,1.3);
#15379 = AXIS2_PLACEMENT_3D('',#15380,#15381,#15382);
#15380 = CARTESIAN_POINT('',(104.26461709275,68.7,127.6));
#15381 = DIRECTION('',(-0.,-1.,0.));
#15382 = DIRECTION('',(-1.,0.,0.));
#15383 = DEFINITIONAL_REPRESENTATION('',(#15384),#15388);
#15384 = LINE('',#15385,#15386);
#15385 = CARTESIAN_POINT('',(-0.,0.));
#15386 = VECTOR('',#15387,1.);
#15387 = DIRECTION('',(-0.,-1.));
#15388 = ( GEOMETRIC_REPRESENTATION_CONTEXT(2) 
PARAMETRIC_REPRESENTATION_CONTEXT() REPRESENTATION_CONTEXT('2D SPACE',''
  ) );
#15389 = PCURVE('',#15378,#15390);
#15390 = DEFINITIONAL_REPRESENTATION('',(#15391),#15395);
#15391 = LINE('',#15392,#15393);
#15392 = CARTESIAN_POINT('',(-6.28318530718,0.));
#15393 = VECTOR('',#15394,1.);
#15394 = DIRECTION('',(-0.,-1.));
#15395 = ( GEOMETRIC_REPRESENTATION_CONTEXT(2) 
PARAMETRIC_REPRESENTATION_CONTEXT() REPRESENTATION_CONTEXT('2D SPACE',''
  ) );
#15396 = ORIENTED_EDGE('',*,*,#15397,.T.);
#15397 = EDGE_CURVE('',#15370,#15370,#15398,.T.);
#15398 = SURFACE_CURVE('',#15399,(#15404,#15411),.PCURVE_S1.);
#15399 = CIRCLE('',#15400,1.3);
#15400 = AXIS2_PLACEMENT_3D('',#15401,#15402,#15403);
#15401 = CARTESIAN_POINT('',(104.26461709275,71.7,127.6));
#15402 = DIRECTION('',(0.,1.,-0.));
#15403 = DIRECTION('',(-1.,0.,0.));
#15404 = PCURVE('',#15378,#15405);
#15405 = DEFINITIONAL_REPRESENTATION('',(#15406),#15410);
#15406 = LINE('',#15407,#15408);
#15407 = CARTESIAN_POINT('',(-0.,-3.));
#15408 = VECTOR('',#15409,1.);
#15409 = DIRECTION('',(-1.,0.));
#15410 = ( GEOMETRIC_REPRESENTATION_CONTEXT(2) 
PARAMETRIC_REPRESENTATION_CONTEXT() REPRESENTATION_CONTEXT('2D SPACE',''
  ) );
#15411 = PCURVE('',#72,#15412);
#15412 = DEFINITIONAL_REPRESENTATION('',(#15413),#15417);
#15413 = CIRCLE('',#15414,1.3);
#15414 = AXIS2_PLACEMENT_2D('',#15415,#15416);
#15415 = CARTESIAN_POINT('',(-14.26461709275,41.85));
#15416 = DIRECTION('',(1.,0.));
#15417 = ( GEOMETRIC_REPRESENTATION_CONTEXT(2) 
PARAMETRIC_REPRESENTATION_CONTEXT() REPRESENTATION_CONTEXT('2D SPACE',''
  ) );
#15418 = ORIENTED_EDGE('',*,*,#15367,.F.);
#15419 = ORIENTED_EDGE('',*,*,#15420,.F.);
#15420 = EDGE_CURVE('',#15368,#15368,#15421,.T.);
#15421 = SURFACE_CURVE('',#15422,(#15427,#15434),.PCURVE_S1.);
#15422 = CIRCLE('',#15423,1.3);
#15423 = AXIS2_PLACEMENT_3D('',#15424,#15425,#15426);
#15424 = CARTESIAN_POINT('',(104.26461709275,68.7,127.6));
#15425 = DIRECTION('',(0.,1.,-0.));
#15426 = DIRECTION('',(-1.,0.,0.));
#15427 = PCURVE('',#15378,#15428);
#15428 = DEFINITIONAL_REPRESENTATION('',(#15429),#15433);
#15429 = LINE('',#15430,#15431);
#15430 = CARTESIAN_POINT('',(-0.,0.));
#15431 = VECTOR('',#15432,1.);
#15432 = DIRECTION('',(-1.,0.));
#15433 = ( GEOMETRIC_REPRESENTATION_CONTEXT(2) 
PARAMETRIC_REPRESENTATION_CONTEXT() REPRESENTATION_CONTEXT('2D SPACE',''
  ) );
#15434 = PCURVE('',#126,#15435);
#15435 = DEFINITIONAL_REPRESENTATION('',(#15436),#15440);
#15436 = CIRCLE('',#15437,1.3);
#15437 = AXIS2_PLACEMENT_2D('',#15438,#15439);
#15438 = CARTESIAN_POINT('',(-14.26461709275,41.85));
#15439 = DIRECTION('',(1.,0.));
#15440 = ( GEOMETRIC_REPRESENTATION_CONTEXT(2) 
PARAMETRIC_REPRESENTATION_CONTEXT() REPRESENTATION_CONTEXT('2D SPACE',''
  ) );
#15441 = ADVANCED_FACE('',(#15442),#15456,.F.);
#15442 = FACE_BOUND('',#15443,.T.);
#15443 = EDGE_LOOP('',(#15444,#15474,#15496,#15497));
#15444 = ORIENTED_EDGE('',*,*,#15445,.T.);
#15445 = EDGE_CURVE('',#15446,#15448,#15450,.T.);
#15446 = VERTEX_POINT('',#15447);
#15447 = CARTESIAN_POINT('',(94.650773216421,68.7,127.6));
#15448 = VERTEX_POINT('',#15449);
#15449 = CARTESIAN_POINT('',(94.650773216421,71.7,127.6));
#15450 = SEAM_CURVE('',#15451,(#15455,#15467),.PCURVE_S1.);
#15451 = LINE('',#15452,#15453);
#15452 = CARTESIAN_POINT('',(94.650773216421,68.7,127.6));
#15453 = VECTOR('',#15454,1.);
#15454 = DIRECTION('',(0.,1.,-0.));
#15455 = PCURVE('',#15456,#15461);
#15456 = CYLINDRICAL_SURFACE('',#15457,1.3);
#15457 = AXIS2_PLACEMENT_3D('',#15458,#15459,#15460);
#15458 = CARTESIAN_POINT('',(95.950773216421,68.7,127.6));
#15459 = DIRECTION('',(-0.,-1.,0.));
#15460 = DIRECTION('',(-1.,0.,0.));
#15461 = DEFINITIONAL_REPRESENTATION('',(#15462),#15466);
#15462 = LINE('',#15463,#15464);
#15463 = CARTESIAN_POINT('',(-0.,0.));
#15464 = VECTOR('',#15465,1.);
#15465 = DIRECTION('',(-0.,-1.));
#15466 = ( GEOMETRIC_REPRESENTATION_CONTEXT(2) 
PARAMETRIC_REPRESENTATION_CONTEXT() REPRESENTATION_CONTEXT('2D SPACE',''
  ) );
#15467 = PCURVE('',#15456,#15468);
#15468 = DEFINITIONAL_REPRESENTATION('',(#15469),#15473);
#15469 = LINE('',#15470,#15471);
#15470 = CARTESIAN_POINT('',(-6.28318530718,0.));
#15471 = VECTOR('',#15472,1.);
#15472 = DIRECTION('',(-0.,-1.));
#15473 = ( GEOMETRIC_REPRESENTATION_CONTEXT(2) 
PARAMETRIC_REPRESENTATION_CONTEXT() REPRESENTATION_CONTEXT('2D SPACE',''
  ) );
#15474 = ORIENTED_EDGE('',*,*,#15475,.T.);
#15475 = EDGE_CURVE('',#15448,#15448,#15476,.T.);
#15476 = SURFACE_CURVE('',#15477,(#15482,#15489),.PCURVE_S1.);
#15477 = CIRCLE('',#15478,1.3);
#15478 = AXIS2_PLACEMENT_3D('',#15479,#15480,#15481);
#15479 = CARTESIAN_POINT('',(95.950773216421,71.7,127.6));
#15480 = DIRECTION('',(0.,1.,-0.));
#15481 = DIRECTION('',(-1.,0.,0.));
#15482 = PCURVE('',#15456,#15483);
#15483 = DEFINITIONAL_REPRESENTATION('',(#15484),#15488);
#15484 = LINE('',#15485,#15486);
#15485 = CARTESIAN_POINT('',(-0.,-3.));
#15486 = VECTOR('',#15487,1.);
#15487 = DIRECTION('',(-1.,0.));
#15488 = ( GEOMETRIC_REPRESENTATION_CONTEXT(2) 
PARAMETRIC_REPRESENTATION_CONTEXT() REPRESENTATION_CONTEXT('2D SPACE',''
  ) );
#15489 = PCURVE('',#72,#15490);
#15490 = DEFINITIONAL_REPRESENTATION('',(#15491),#15495);
#15491 = CIRCLE('',#15492,1.3);
#15492 = AXIS2_PLACEMENT_2D('',#15493,#15494);
#15493 = CARTESIAN_POINT('',(-5.950773216421,41.85));
#15494 = DIRECTION('',(1.,0.));
#15495 = ( GEOMETRIC_REPRESENTATION_CONTEXT(2) 
PARAMETRIC_REPRESENTATION_CONTEXT() REPRESENTATION_CONTEXT('2D SPACE',''
  ) );
#15496 = ORIENTED_EDGE('',*,*,#15445,.F.);
#15497 = ORIENTED_EDGE('',*,*,#15498,.F.);
#15498 = EDGE_CURVE('',#15446,#15446,#15499,.T.);
#15499 = SURFACE_CURVE('',#15500,(#15505,#15512),.PCURVE_S1.);
#15500 = CIRCLE('',#15501,1.3);
#15501 = AXIS2_PLACEMENT_3D('',#15502,#15503,#15504);
#15502 = CARTESIAN_POINT('',(95.950773216421,68.7,127.6));
#15503 = DIRECTION('',(0.,1.,-0.));
#15504 = DIRECTION('',(-1.,0.,0.));
#15505 = PCURVE('',#15456,#15506);
#15506 = DEFINITIONAL_REPRESENTATION('',(#15507),#15511);
#15507 = LINE('',#15508,#15509);
#15508 = CARTESIAN_POINT('',(-0.,0.));
#15509 = VECTOR('',#15510,1.);
#15510 = DIRECTION('',(-1.,0.));
#15511 = ( GEOMETRIC_REPRESENTATION_CONTEXT(2) 
PARAMETRIC_REPRESENTATION_CONTEXT() REPRESENTATION_CONTEXT('2D SPACE',''
  ) );
#15512 = PCURVE('',#126,#15513);
#15513 = DEFINITIONAL_REPRESENTATION('',(#15514),#15518);
#15514 = CIRCLE('',#15515,1.3);
#15515 = AXIS2_PLACEMENT_2D('',#15516,#15517);
#15516 = CARTESIAN_POINT('',(-5.950773216421,41.85));
#15517 = DIRECTION('',(1.,0.));
#15518 = ( GEOMETRIC_REPRESENTATION_CONTEXT(2) 
PARAMETRIC_REPRESENTATION_CONTEXT() REPRESENTATION_CONTEXT('2D SPACE',''
  ) );
#15519 = ADVANCED_FACE('',(#15520),#15534,.T.);
#15520 = FACE_BOUND('',#15521,.T.);
#15521 = EDGE_LOOP('',(#15522,#15557,#15580,#15608));
#15522 = ORIENTED_EDGE('',*,*,#15523,.T.);
#15523 = EDGE_CURVE('',#15524,#15526,#15528,.T.);
#15524 = VERTEX_POINT('',#15525);
#15525 = CARTESIAN_POINT('',(141.25,68.7,141.85));
#15526 = VERTEX_POINT('',#15527);
#15527 = CARTESIAN_POINT('',(141.25,71.7,141.85));
#15528 = SURFACE_CURVE('',#15529,(#15533,#15545),.PCURVE_S1.);
#15529 = LINE('',#15530,#15531);
#15530 = CARTESIAN_POINT('',(141.25,68.7,141.85));
#15531 = VECTOR('',#15532,1.);
#15532 = DIRECTION('',(0.,1.,-0.));
#15533 = PCURVE('',#15534,#15539);
#15534 = PLANE('',#15535);
#15535 = AXIS2_PLACEMENT_3D('',#15536,#15537,#15538);
#15536 = CARTESIAN_POINT('',(141.25,68.7,141.85));
#15537 = DIRECTION('',(0.,0.,1.));
#15538 = DIRECTION('',(-1.,0.,0.));
#15539 = DEFINITIONAL_REPRESENTATION('',(#15540),#15544);
#15540 = LINE('',#15541,#15542);
#15541 = CARTESIAN_POINT('',(0.,0.));
#15542 = VECTOR('',#15543,1.);
#15543 = DIRECTION('',(0.,-1.));
#15544 = ( GEOMETRIC_REPRESENTATION_CONTEXT(2) 
PARAMETRIC_REPRESENTATION_CONTEXT() REPRESENTATION_CONTEXT('2D SPACE',''
  ) );
#15545 = PCURVE('',#15546,#15551);
#15546 = CYLINDRICAL_SURFACE('',#15547,1.);
#15547 = AXIS2_PLACEMENT_3D('',#15548,#15549,#15550);
#15548 = CARTESIAN_POINT('',(141.25,68.7,142.85));
#15549 = DIRECTION('',(0.,-1.,0.));
#15550 = DIRECTION('',(1.,0.,0.));
#15551 = DEFINITIONAL_REPRESENTATION('',(#15552),#15556);
#15552 = LINE('',#15553,#15554);
#15553 = CARTESIAN_POINT('',(4.712388980385,0.));
#15554 = VECTOR('',#15555,1.);
#15555 = DIRECTION('',(0.,-1.));
#15556 = ( GEOMETRIC_REPRESENTATION_CONTEXT(2) 
PARAMETRIC_REPRESENTATION_CONTEXT() REPRESENTATION_CONTEXT('2D SPACE',''
  ) );
#15557 = ORIENTED_EDGE('',*,*,#15558,.T.);
#15558 = EDGE_CURVE('',#15526,#15559,#15561,.T.);
#15559 = VERTEX_POINT('',#15560);
#15560 = CARTESIAN_POINT('',(116.75,71.7,141.85));
#15561 = SURFACE_CURVE('',#15562,(#15566,#15573),.PCURVE_S1.);
#15562 = LINE('',#15563,#15564);
#15563 = CARTESIAN_POINT('',(129.,71.7,141.85));
#15564 = VECTOR('',#15565,1.);
#15565 = DIRECTION('',(-1.,0.,0.));
#15566 = PCURVE('',#15534,#15567);
#15567 = DEFINITIONAL_REPRESENTATION('',(#15568),#15572);
#15568 = LINE('',#15569,#15570);
#15569 = CARTESIAN_POINT('',(12.25,-3.));
#15570 = VECTOR('',#15571,1.);
#15571 = DIRECTION('',(1.,0.));
#15572 = ( GEOMETRIC_REPRESENTATION_CONTEXT(2) 
PARAMETRIC_REPRESENTATION_CONTEXT() REPRESENTATION_CONTEXT('2D SPACE',''
  ) );
#15573 = PCURVE('',#72,#15574);
#15574 = DEFINITIONAL_REPRESENTATION('',(#15575),#15579);
#15575 = LINE('',#15576,#15577);
#15576 = CARTESIAN_POINT('',(-39.,56.1));
#15577 = VECTOR('',#15578,1.);
#15578 = DIRECTION('',(1.,0.));
#15579 = ( GEOMETRIC_REPRESENTATION_CONTEXT(2) 
PARAMETRIC_REPRESENTATION_CONTEXT() REPRESENTATION_CONTEXT('2D SPACE',''
  ) );
#15580 = ORIENTED_EDGE('',*,*,#15581,.F.);
#15581 = EDGE_CURVE('',#15582,#15559,#15584,.T.);
#15582 = VERTEX_POINT('',#15583);
#15583 = CARTESIAN_POINT('',(116.75,68.7,141.85));
#15584 = SURFACE_CURVE('',#15585,(#15589,#15596),.PCURVE_S1.);
#15585 = LINE('',#15586,#15587);
#15586 = CARTESIAN_POINT('',(116.75,68.7,141.85));
#15587 = VECTOR('',#15588,1.);
#15588 = DIRECTION('',(0.,1.,-0.));
#15589 = PCURVE('',#15534,#15590);
#15590 = DEFINITIONAL_REPRESENTATION('',(#15591),#15595);
#15591 = LINE('',#15592,#15593);
#15592 = CARTESIAN_POINT('',(24.5,0.));
#15593 = VECTOR('',#15594,1.);
#15594 = DIRECTION('',(0.,-1.));
#15595 = ( GEOMETRIC_REPRESENTATION_CONTEXT(2) 
PARAMETRIC_REPRESENTATION_CONTEXT() REPRESENTATION_CONTEXT('2D SPACE',''
  ) );
#15596 = PCURVE('',#15597,#15602);
#15597 = CYLINDRICAL_SURFACE('',#15598,1.);
#15598 = AXIS2_PLACEMENT_3D('',#15599,#15600,#15601);
#15599 = CARTESIAN_POINT('',(116.75,68.7,142.85));
#15600 = DIRECTION('',(0.,-1.,0.));
#15601 = DIRECTION('',(1.,0.,0.));
#15602 = DEFINITIONAL_REPRESENTATION('',(#15603),#15607);
#15603 = LINE('',#15604,#15605);
#15604 = CARTESIAN_POINT('',(4.712388980385,0.));
#15605 = VECTOR('',#15606,1.);
#15606 = DIRECTION('',(0.,-1.));
#15607 = ( GEOMETRIC_REPRESENTATION_CONTEXT(2) 
PARAMETRIC_REPRESENTATION_CONTEXT() REPRESENTATION_CONTEXT('2D SPACE',''
  ) );
#15608 = ORIENTED_EDGE('',*,*,#15609,.F.);
#15609 = EDGE_CURVE('',#15524,#15582,#15610,.T.);
#15610 = SURFACE_CURVE('',#15611,(#15615,#15622),.PCURVE_S1.);
#15611 = LINE('',#15612,#15613);
#15612 = CARTESIAN_POINT('',(129.,68.7,141.85));
#15613 = VECTOR('',#15614,1.);
#15614 = DIRECTION('',(-1.,0.,0.));
#15615 = PCURVE('',#15534,#15616);
#15616 = DEFINITIONAL_REPRESENTATION('',(#15617),#15621);
#15617 = LINE('',#15618,#15619);
#15618 = CARTESIAN_POINT('',(12.25,0.));
#15619 = VECTOR('',#15620,1.);
#15620 = DIRECTION('',(1.,0.));
#15621 = ( GEOMETRIC_REPRESENTATION_CONTEXT(2) 
PARAMETRIC_REPRESENTATION_CONTEXT() REPRESENTATION_CONTEXT('2D SPACE',''
  ) );
#15622 = PCURVE('',#126,#15623);
#15623 = DEFINITIONAL_REPRESENTATION('',(#15624),#15628);
#15624 = LINE('',#15625,#15626);
#15625 = CARTESIAN_POINT('',(-39.,56.1));
#15626 = VECTOR('',#15627,1.);
#15627 = DIRECTION('',(1.,0.));
#15628 = ( GEOMETRIC_REPRESENTATION_CONTEXT(2) 
PARAMETRIC_REPRESENTATION_CONTEXT() REPRESENTATION_CONTEXT('2D SPACE',''
  ) );
#15629 = ADVANCED_FACE('',(#15630),#15546,.F.);
#15630 = FACE_BOUND('',#15631,.F.);
#15631 = EDGE_LOOP('',(#15632,#15633,#15661,#15689));
#15632 = ORIENTED_EDGE('',*,*,#15523,.T.);
#15633 = ORIENTED_EDGE('',*,*,#15634,.T.);
#15634 = EDGE_CURVE('',#15526,#15635,#15637,.T.);
#15635 = VERTEX_POINT('',#15636);
#15636 = CARTESIAN_POINT('',(142.25,71.7,142.85));
#15637 = SURFACE_CURVE('',#15638,(#15643,#15650),.PCURVE_S1.);
#15638 = CIRCLE('',#15639,1.);
#15639 = AXIS2_PLACEMENT_3D('',#15640,#15641,#15642);
#15640 = CARTESIAN_POINT('',(141.25,71.7,142.85));
#15641 = DIRECTION('',(0.,-1.,0.));
#15642 = DIRECTION('',(1.,0.,0.));
#15643 = PCURVE('',#15546,#15644);
#15644 = DEFINITIONAL_REPRESENTATION('',(#15645),#15649);
#15645 = LINE('',#15646,#15647);
#15646 = CARTESIAN_POINT('',(0.,-3.));
#15647 = VECTOR('',#15648,1.);
#15648 = DIRECTION('',(1.,0.));
#15649 = ( GEOMETRIC_REPRESENTATION_CONTEXT(2) 
PARAMETRIC_REPRESENTATION_CONTEXT() REPRESENTATION_CONTEXT('2D SPACE',''
  ) );
#15650 = PCURVE('',#72,#15651);
#15651 = DEFINITIONAL_REPRESENTATION('',(#15652),#15660);
#15652 = ( BOUNDED_CURVE() B_SPLINE_CURVE(2,(#15653,#15654,#15655,#15656
    ,#15657,#15658,#15659),.UNSPECIFIED.,.T.,.F.) 
B_SPLINE_CURVE_WITH_KNOTS((1,2,2,2,2,1),(-2.094395102393,0.,
    2.094395102393,4.188790204786,6.28318530718,8.377580409573),
.UNSPECIFIED.) CURVE() GEOMETRIC_REPRESENTATION_ITEM() 
RATIONAL_B_SPLINE_CURVE((1.,0.5,1.,0.5,1.,0.5,1.)) REPRESENTATION_ITEM(
  '') );
#15653 = CARTESIAN_POINT('',(-52.25,57.1));
#15654 = CARTESIAN_POINT('',(-52.25,58.832050807569));
#15655 = CARTESIAN_POINT('',(-50.75,57.966025403784));
#15656 = CARTESIAN_POINT('',(-49.25,57.1));
#15657 = CARTESIAN_POINT('',(-50.75,56.233974596216));
#15658 = CARTESIAN_POINT('',(-52.25,55.367949192431));
#15659 = CARTESIAN_POINT('',(-52.25,57.1));
#15660 = ( GEOMETRIC_REPRESENTATION_CONTEXT(2) 
PARAMETRIC_REPRESENTATION_CONTEXT() REPRESENTATION_CONTEXT('2D SPACE',''
  ) );
#15661 = ORIENTED_EDGE('',*,*,#15662,.F.);
#15662 = EDGE_CURVE('',#15663,#15635,#15665,.T.);
#15663 = VERTEX_POINT('',#15664);
#15664 = CARTESIAN_POINT('',(142.25,68.7,142.85));
#15665 = SURFACE_CURVE('',#15666,(#15670,#15677),.PCURVE_S1.);
#15666 = LINE('',#15667,#15668);
#15667 = CARTESIAN_POINT('',(142.25,68.7,142.85));
#15668 = VECTOR('',#15669,1.);
#15669 = DIRECTION('',(0.,1.,-0.));
#15670 = PCURVE('',#15546,#15671);
#15671 = DEFINITIONAL_REPRESENTATION('',(#15672),#15676);
#15672 = LINE('',#15673,#15674);
#15673 = CARTESIAN_POINT('',(6.28318530718,0.));
#15674 = VECTOR('',#15675,1.);
#15675 = DIRECTION('',(0.,-1.));
#15676 = ( GEOMETRIC_REPRESENTATION_CONTEXT(2) 
PARAMETRIC_REPRESENTATION_CONTEXT() REPRESENTATION_CONTEXT('2D SPACE',''
  ) );
#15677 = PCURVE('',#15678,#15683);
#15678 = PLANE('',#15679);
#15679 = AXIS2_PLACEMENT_3D('',#15680,#15681,#15682);
#15680 = CARTESIAN_POINT('',(142.25,68.7,142.85));
#15681 = DIRECTION('',(1.,-0.,0.));
#15682 = DIRECTION('',(0.,0.,1.));
#15683 = DEFINITIONAL_REPRESENTATION('',(#15684),#15688);
#15684 = LINE('',#15685,#15686);
#15685 = CARTESIAN_POINT('',(0.,0.));
#15686 = VECTOR('',#15687,1.);
#15687 = DIRECTION('',(0.,-1.));
#15688 = ( GEOMETRIC_REPRESENTATION_CONTEXT(2) 
PARAMETRIC_REPRESENTATION_CONTEXT() REPRESENTATION_CONTEXT('2D SPACE',''
  ) );
#15689 = ORIENTED_EDGE('',*,*,#15690,.F.);
#15690 = EDGE_CURVE('',#15524,#15663,#15691,.T.);
#15691 = SURFACE_CURVE('',#15692,(#15697,#15704),.PCURVE_S1.);
#15692 = CIRCLE('',#15693,1.);
#15693 = AXIS2_PLACEMENT_3D('',#15694,#15695,#15696);
#15694 = CARTESIAN_POINT('',(141.25,68.7,142.85));
#15695 = DIRECTION('',(0.,-1.,0.));
#15696 = DIRECTION('',(1.,0.,0.));
#15697 = PCURVE('',#15546,#15698);
#15698 = DEFINITIONAL_REPRESENTATION('',(#15699),#15703);
#15699 = LINE('',#15700,#15701);
#15700 = CARTESIAN_POINT('',(0.,0.));
#15701 = VECTOR('',#15702,1.);
#15702 = DIRECTION('',(1.,0.));
#15703 = ( GEOMETRIC_REPRESENTATION_CONTEXT(2) 
PARAMETRIC_REPRESENTATION_CONTEXT() REPRESENTATION_CONTEXT('2D SPACE',''
  ) );
#15704 = PCURVE('',#126,#15705);
#15705 = DEFINITIONAL_REPRESENTATION('',(#15706),#15714);
#15706 = ( BOUNDED_CURVE() B_SPLINE_CURVE(2,(#15707,#15708,#15709,#15710
    ,#15711,#15712,#15713),.UNSPECIFIED.,.T.,.F.) 
B_SPLINE_CURVE_WITH_KNOTS((1,2,2,2,2,1),(-2.094395102393,0.,
    2.094395102393,4.188790204786,6.28318530718,8.377580409573),
.UNSPECIFIED.) CURVE() GEOMETRIC_REPRESENTATION_ITEM() 
RATIONAL_B_SPLINE_CURVE((1.,0.5,1.,0.5,1.,0.5,1.)) REPRESENTATION_ITEM(
  '') );
#15707 = CARTESIAN_POINT('',(-52.25,57.1));
#15708 = CARTESIAN_POINT('',(-52.25,58.832050807569));
#15709 = CARTESIAN_POINT('',(-50.75,57.966025403784));
#15710 = CARTESIAN_POINT('',(-49.25,57.1));
#15711 = CARTESIAN_POINT('',(-50.75,56.233974596216));
#15712 = CARTESIAN_POINT('',(-52.25,55.367949192431));
#15713 = CARTESIAN_POINT('',(-52.25,57.1));
#15714 = ( GEOMETRIC_REPRESENTATION_CONTEXT(2) 
PARAMETRIC_REPRESENTATION_CONTEXT() REPRESENTATION_CONTEXT('2D SPACE',''
  ) );
#15715 = ADVANCED_FACE('',(#15716),#15597,.F.);
#15716 = FACE_BOUND('',#15717,.F.);
#15717 = EDGE_LOOP('',(#15718,#15748,#15774,#15775));
#15718 = ORIENTED_EDGE('',*,*,#15719,.T.);
#15719 = EDGE_CURVE('',#15720,#15722,#15724,.T.);
#15720 = VERTEX_POINT('',#15721);
#15721 = CARTESIAN_POINT('',(115.75,68.7,142.85));
#15722 = VERTEX_POINT('',#15723);
#15723 = CARTESIAN_POINT('',(115.75,71.7,142.85));
#15724 = SURFACE_CURVE('',#15725,(#15729,#15736),.PCURVE_S1.);
#15725 = LINE('',#15726,#15727);
#15726 = CARTESIAN_POINT('',(115.75,68.7,142.85));
#15727 = VECTOR('',#15728,1.);
#15728 = DIRECTION('',(0.,1.,-0.));
#15729 = PCURVE('',#15597,#15730);
#15730 = DEFINITIONAL_REPRESENTATION('',(#15731),#15735);
#15731 = LINE('',#15732,#15733);
#15732 = CARTESIAN_POINT('',(3.14159265359,0.));
#15733 = VECTOR('',#15734,1.);
#15734 = DIRECTION('',(0.,-1.));
#15735 = ( GEOMETRIC_REPRESENTATION_CONTEXT(2) 
PARAMETRIC_REPRESENTATION_CONTEXT() REPRESENTATION_CONTEXT('2D SPACE',''
  ) );
#15736 = PCURVE('',#15737,#15742);
#15737 = PLANE('',#15738);
#15738 = AXIS2_PLACEMENT_3D('',#15739,#15740,#15741);
#15739 = CARTESIAN_POINT('',(115.75,68.7,142.85));
#15740 = DIRECTION('',(1.,-0.,0.));
#15741 = DIRECTION('',(0.,0.,1.));
#15742 = DEFINITIONAL_REPRESENTATION('',(#15743),#15747);
#15743 = LINE('',#15744,#15745);
#15744 = CARTESIAN_POINT('',(0.,0.));
#15745 = VECTOR('',#15746,1.);
#15746 = DIRECTION('',(0.,-1.));
#15747 = ( GEOMETRIC_REPRESENTATION_CONTEXT(2) 
PARAMETRIC_REPRESENTATION_CONTEXT() REPRESENTATION_CONTEXT('2D SPACE',''
  ) );
#15748 = ORIENTED_EDGE('',*,*,#15749,.T.);
#15749 = EDGE_CURVE('',#15722,#15559,#15750,.T.);
#15750 = SURFACE_CURVE('',#15751,(#15756,#15763),.PCURVE_S1.);
#15751 = CIRCLE('',#15752,1.);
#15752 = AXIS2_PLACEMENT_3D('',#15753,#15754,#15755);
#15753 = CARTESIAN_POINT('',(116.75,71.7,142.85));
#15754 = DIRECTION('',(0.,-1.,0.));
#15755 = DIRECTION('',(1.,0.,0.));
#15756 = PCURVE('',#15597,#15757);
#15757 = DEFINITIONAL_REPRESENTATION('',(#15758),#15762);
#15758 = LINE('',#15759,#15760);
#15759 = CARTESIAN_POINT('',(0.,-3.));
#15760 = VECTOR('',#15761,1.);
#15761 = DIRECTION('',(1.,0.));
#15762 = ( GEOMETRIC_REPRESENTATION_CONTEXT(2) 
PARAMETRIC_REPRESENTATION_CONTEXT() REPRESENTATION_CONTEXT('2D SPACE',''
  ) );
#15763 = PCURVE('',#72,#15764);
#15764 = DEFINITIONAL_REPRESENTATION('',(#15765),#15773);
#15765 = ( BOUNDED_CURVE() B_SPLINE_CURVE(2,(#15766,#15767,#15768,#15769
    ,#15770,#15771,#15772),.UNSPECIFIED.,.T.,.F.) 
B_SPLINE_CURVE_WITH_KNOTS((1,2,2,2,2,1),(-2.094395102393,0.,
    2.094395102393,4.188790204786,6.28318530718,8.377580409573),
.UNSPECIFIED.) CURVE() GEOMETRIC_REPRESENTATION_ITEM() 
RATIONAL_B_SPLINE_CURVE((1.,0.5,1.,0.5,1.,0.5,1.)) REPRESENTATION_ITEM(
  '') );
#15766 = CARTESIAN_POINT('',(-27.75,57.1));
#15767 = CARTESIAN_POINT('',(-27.75,58.832050807569));
#15768 = CARTESIAN_POINT('',(-26.25,57.966025403784));
#15769 = CARTESIAN_POINT('',(-24.75,57.1));
#15770 = CARTESIAN_POINT('',(-26.25,56.233974596216));
#15771 = CARTESIAN_POINT('',(-27.75,55.367949192431));
#15772 = CARTESIAN_POINT('',(-27.75,57.1));
#15773 = ( GEOMETRIC_REPRESENTATION_CONTEXT(2) 
PARAMETRIC_REPRESENTATION_CONTEXT() REPRESENTATION_CONTEXT('2D SPACE',''
  ) );
#15774 = ORIENTED_EDGE('',*,*,#15581,.F.);
#15775 = ORIENTED_EDGE('',*,*,#15776,.F.);
#15776 = EDGE_CURVE('',#15720,#15582,#15777,.T.);
#15777 = SURFACE_CURVE('',#15778,(#15783,#15790),.PCURVE_S1.);
#15778 = CIRCLE('',#15779,1.);
#15779 = AXIS2_PLACEMENT_3D('',#15780,#15781,#15782);
#15780 = CARTESIAN_POINT('',(116.75,68.7,142.85));
#15781 = DIRECTION('',(0.,-1.,0.));
#15782 = DIRECTION('',(1.,0.,0.));
#15783 = PCURVE('',#15597,#15784);
#15784 = DEFINITIONAL_REPRESENTATION('',(#15785),#15789);
#15785 = LINE('',#15786,#15787);
#15786 = CARTESIAN_POINT('',(0.,0.));
#15787 = VECTOR('',#15788,1.);
#15788 = DIRECTION('',(1.,0.));
#15789 = ( GEOMETRIC_REPRESENTATION_CONTEXT(2) 
PARAMETRIC_REPRESENTATION_CONTEXT() REPRESENTATION_CONTEXT('2D SPACE',''
  ) );
#15790 = PCURVE('',#126,#15791);
#15791 = DEFINITIONAL_REPRESENTATION('',(#15792),#15800);
#15792 = ( BOUNDED_CURVE() B_SPLINE_CURVE(2,(#15793,#15794,#15795,#15796
    ,#15797,#15798,#15799),.UNSPECIFIED.,.T.,.F.) 
B_SPLINE_CURVE_WITH_KNOTS((1,2,2,2,2,1),(-2.094395102393,0.,
    2.094395102393,4.188790204786,6.28318530718,8.377580409573),
.UNSPECIFIED.) CURVE() GEOMETRIC_REPRESENTATION_ITEM() 
RATIONAL_B_SPLINE_CURVE((1.,0.5,1.,0.5,1.,0.5,1.)) REPRESENTATION_ITEM(
  '') );
#15793 = CARTESIAN_POINT('',(-27.75,57.1));
#15794 = CARTESIAN_POINT('',(-27.75,58.832050807569));
#15795 = CARTESIAN_POINT('',(-26.25,57.966025403784));
#15796 = CARTESIAN_POINT('',(-24.75,57.1));
#15797 = CARTESIAN_POINT('',(-26.25,56.233974596216));
#15798 = CARTESIAN_POINT('',(-27.75,55.367949192431));
#15799 = CARTESIAN_POINT('',(-27.75,57.1));
#15800 = ( GEOMETRIC_REPRESENTATION_CONTEXT(2) 
PARAMETRIC_REPRESENTATION_CONTEXT() REPRESENTATION_CONTEXT('2D SPACE',''
  ) );
#15801 = ADVANCED_FACE('',(#15802),#15678,.F.);
#15802 = FACE_BOUND('',#15803,.F.);
#15803 = EDGE_LOOP('',(#15804,#15805,#15828,#15856));
#15804 = ORIENTED_EDGE('',*,*,#15662,.T.);
#15805 = ORIENTED_EDGE('',*,*,#15806,.T.);
#15806 = EDGE_CURVE('',#15635,#15807,#15809,.T.);
#15807 = VERTEX_POINT('',#15808);
#15808 = CARTESIAN_POINT('',(142.25,71.7,147.00125078222));
#15809 = SURFACE_CURVE('',#15810,(#15814,#15821),.PCURVE_S1.);
#15810 = LINE('',#15811,#15812);
#15811 = CARTESIAN_POINT('',(142.25,71.7,148.));
#15812 = VECTOR('',#15813,1.);
#15813 = DIRECTION('',(0.,0.,1.));
#15814 = PCURVE('',#15678,#15815);
#15815 = DEFINITIONAL_REPRESENTATION('',(#15816),#15820);
#15816 = LINE('',#15817,#15818);
#15817 = CARTESIAN_POINT('',(5.15,-3.));
#15818 = VECTOR('',#15819,1.);
#15819 = DIRECTION('',(1.,0.));
#15820 = ( GEOMETRIC_REPRESENTATION_CONTEXT(2) 
PARAMETRIC_REPRESENTATION_CONTEXT() REPRESENTATION_CONTEXT('2D SPACE',''
  ) );
#15821 = PCURVE('',#72,#15822);
#15822 = DEFINITIONAL_REPRESENTATION('',(#15823),#15827);
#15823 = LINE('',#15824,#15825);
#15824 = CARTESIAN_POINT('',(-52.25,62.25));
#15825 = VECTOR('',#15826,1.);
#15826 = DIRECTION('',(0.,1.));
#15827 = ( GEOMETRIC_REPRESENTATION_CONTEXT(2) 
PARAMETRIC_REPRESENTATION_CONTEXT() REPRESENTATION_CONTEXT('2D SPACE',''
  ) );
#15828 = ORIENTED_EDGE('',*,*,#15829,.F.);
#15829 = EDGE_CURVE('',#15830,#15807,#15832,.T.);
#15830 = VERTEX_POINT('',#15831);
#15831 = CARTESIAN_POINT('',(142.25,68.7,147.00125078222));
#15832 = SURFACE_CURVE('',#15833,(#15837,#15844),.PCURVE_S1.);
#15833 = LINE('',#15834,#15835);
#15834 = CARTESIAN_POINT('',(142.25,68.7,147.00125078222));
#15835 = VECTOR('',#15836,1.);
#15836 = DIRECTION('',(0.,1.,-0.));
#15837 = PCURVE('',#15678,#15838);
#15838 = DEFINITIONAL_REPRESENTATION('',(#15839),#15843);
#15839 = LINE('',#15840,#15841);
#15840 = CARTESIAN_POINT('',(4.151250782228,0.));
#15841 = VECTOR('',#15842,1.);
#15842 = DIRECTION('',(0.,-1.));
#15843 = ( GEOMETRIC_REPRESENTATION_CONTEXT(2) 
PARAMETRIC_REPRESENTATION_CONTEXT() REPRESENTATION_CONTEXT('2D SPACE',''
  ) );
#15844 = PCURVE('',#15845,#15850);
#15845 = CYLINDRICAL_SURFACE('',#15846,1.6);
#15846 = AXIS2_PLACEMENT_3D('',#15847,#15848,#15849);
#15847 = CARTESIAN_POINT('',(141.,68.7,148.));
#15848 = DIRECTION('',(-0.,-1.,0.));
#15849 = DIRECTION('',(-1.,0.,0.));
#15850 = DEFINITIONAL_REPRESENTATION('',(#15851),#15855);
#15851 = LINE('',#15852,#15853);
#15852 = CARTESIAN_POINT('',(-3.815723160257,0.));
#15853 = VECTOR('',#15854,1.);
#15854 = DIRECTION('',(-0.,-1.));
#15855 = ( GEOMETRIC_REPRESENTATION_CONTEXT(2) 
PARAMETRIC_REPRESENTATION_CONTEXT() REPRESENTATION_CONTEXT('2D SPACE',''
  ) );
#15856 = ORIENTED_EDGE('',*,*,#15857,.F.);
#15857 = EDGE_CURVE('',#15663,#15830,#15858,.T.);
#15858 = SURFACE_CURVE('',#15859,(#15863,#15870),.PCURVE_S1.);
#15859 = LINE('',#15860,#15861);
#15860 = CARTESIAN_POINT('',(142.25,68.7,148.));
#15861 = VECTOR('',#15862,1.);
#15862 = DIRECTION('',(0.,0.,1.));
#15863 = PCURVE('',#15678,#15864);
#15864 = DEFINITIONAL_REPRESENTATION('',(#15865),#15869);
#15865 = LINE('',#15866,#15867);
#15866 = CARTESIAN_POINT('',(5.15,0.));
#15867 = VECTOR('',#15868,1.);
#15868 = DIRECTION('',(1.,0.));
#15869 = ( GEOMETRIC_REPRESENTATION_CONTEXT(2) 
PARAMETRIC_REPRESENTATION_CONTEXT() REPRESENTATION_CONTEXT('2D SPACE',''
  ) );
#15870 = PCURVE('',#126,#15871);
#15871 = DEFINITIONAL_REPRESENTATION('',(#15872),#15876);
#15872 = LINE('',#15873,#15874);
#15873 = CARTESIAN_POINT('',(-52.25,62.25));
#15874 = VECTOR('',#15875,1.);
#15875 = DIRECTION('',(0.,1.));
#15876 = ( GEOMETRIC_REPRESENTATION_CONTEXT(2) 
PARAMETRIC_REPRESENTATION_CONTEXT() REPRESENTATION_CONTEXT('2D SPACE',''
  ) );
#15877 = ADVANCED_FACE('',(#15878),#15737,.T.);
#15878 = FACE_BOUND('',#15879,.T.);
#15879 = EDGE_LOOP('',(#15880,#15881,#15904,#15932));
#15880 = ORIENTED_EDGE('',*,*,#15719,.T.);
#15881 = ORIENTED_EDGE('',*,*,#15882,.T.);
#15882 = EDGE_CURVE('',#15722,#15883,#15885,.T.);
#15883 = VERTEX_POINT('',#15884);
#15884 = CARTESIAN_POINT('',(115.75,71.7,153.15));
#15885 = SURFACE_CURVE('',#15886,(#15890,#15897),.PCURVE_S1.);
#15886 = LINE('',#15887,#15888);
#15887 = CARTESIAN_POINT('',(115.75,71.7,148.));
#15888 = VECTOR('',#15889,1.);
#15889 = DIRECTION('',(0.,0.,1.));
#15890 = PCURVE('',#15737,#15891);
#15891 = DEFINITIONAL_REPRESENTATION('',(#15892),#15896);
#15892 = LINE('',#15893,#15894);
#15893 = CARTESIAN_POINT('',(5.15,-3.));
#15894 = VECTOR('',#15895,1.);
#15895 = DIRECTION('',(1.,0.));
#15896 = ( GEOMETRIC_REPRESENTATION_CONTEXT(2) 
PARAMETRIC_REPRESENTATION_CONTEXT() REPRESENTATION_CONTEXT('2D SPACE',''
  ) );
#15897 = PCURVE('',#72,#15898);
#15898 = DEFINITIONAL_REPRESENTATION('',(#15899),#15903);
#15899 = LINE('',#15900,#15901);
#15900 = CARTESIAN_POINT('',(-25.75,62.25));
#15901 = VECTOR('',#15902,1.);
#15902 = DIRECTION('',(0.,1.));
#15903 = ( GEOMETRIC_REPRESENTATION_CONTEXT(2) 
PARAMETRIC_REPRESENTATION_CONTEXT() REPRESENTATION_CONTEXT('2D SPACE',''
  ) );
#15904 = ORIENTED_EDGE('',*,*,#15905,.F.);
#15905 = EDGE_CURVE('',#15906,#15883,#15908,.T.);
#15906 = VERTEX_POINT('',#15907);
#15907 = CARTESIAN_POINT('',(115.75,68.7,153.15));
#15908 = SURFACE_CURVE('',#15909,(#15913,#15920),.PCURVE_S1.);
#15909 = LINE('',#15910,#15911);
#15910 = CARTESIAN_POINT('',(115.75,68.7,153.15));
#15911 = VECTOR('',#15912,1.);
#15912 = DIRECTION('',(0.,1.,-0.));
#15913 = PCURVE('',#15737,#15914);
#15914 = DEFINITIONAL_REPRESENTATION('',(#15915),#15919);
#15915 = LINE('',#15916,#15917);
#15916 = CARTESIAN_POINT('',(10.3,0.));
#15917 = VECTOR('',#15918,1.);
#15918 = DIRECTION('',(0.,-1.));
#15919 = ( GEOMETRIC_REPRESENTATION_CONTEXT(2) 
PARAMETRIC_REPRESENTATION_CONTEXT() REPRESENTATION_CONTEXT('2D SPACE',''
  ) );
#15920 = PCURVE('',#15921,#15926);
#15921 = CYLINDRICAL_SURFACE('',#15922,1.);
#15922 = AXIS2_PLACEMENT_3D('',#15923,#15924,#15925);
#15923 = CARTESIAN_POINT('',(116.75,68.7,153.15));
#15924 = DIRECTION('',(0.,-1.,0.));
#15925 = DIRECTION('',(1.,0.,0.));
#15926 = DEFINITIONAL_REPRESENTATION('',(#15927),#15931);
#15927 = LINE('',#15928,#15929);
#15928 = CARTESIAN_POINT('',(3.14159265359,0.));
#15929 = VECTOR('',#15930,1.);
#15930 = DIRECTION('',(0.,-1.));
#15931 = ( GEOMETRIC_REPRESENTATION_CONTEXT(2) 
PARAMETRIC_REPRESENTATION_CONTEXT() REPRESENTATION_CONTEXT('2D SPACE',''
  ) );
#15932 = ORIENTED_EDGE('',*,*,#15933,.F.);
#15933 = EDGE_CURVE('',#15720,#15906,#15934,.T.);
#15934 = SURFACE_CURVE('',#15935,(#15939,#15946),.PCURVE_S1.);
#15935 = LINE('',#15936,#15937);
#15936 = CARTESIAN_POINT('',(115.75,68.7,148.));
#15937 = VECTOR('',#15938,1.);
#15938 = DIRECTION('',(0.,0.,1.));
#15939 = PCURVE('',#15737,#15940);
#15940 = DEFINITIONAL_REPRESENTATION('',(#15941),#15945);
#15941 = LINE('',#15942,#15943);
#15942 = CARTESIAN_POINT('',(5.15,0.));
#15943 = VECTOR('',#15944,1.);
#15944 = DIRECTION('',(1.,0.));
#15945 = ( GEOMETRIC_REPRESENTATION_CONTEXT(2) 
PARAMETRIC_REPRESENTATION_CONTEXT() REPRESENTATION_CONTEXT('2D SPACE',''
  ) );
#15946 = PCURVE('',#126,#15947);
#15947 = DEFINITIONAL_REPRESENTATION('',(#15948),#15952);
#15948 = LINE('',#15949,#15950);
#15949 = CARTESIAN_POINT('',(-25.75,62.25));
#15950 = VECTOR('',#15951,1.);
#15951 = DIRECTION('',(0.,1.));
#15952 = ( GEOMETRIC_REPRESENTATION_CONTEXT(2) 
PARAMETRIC_REPRESENTATION_CONTEXT() REPRESENTATION_CONTEXT('2D SPACE',''
  ) );
#15953 = ADVANCED_FACE('',(#15954),#15845,.F.);
#15954 = FACE_BOUND('',#15955,.T.);
#15955 = EDGE_LOOP('',(#15956,#15986,#16008,#16009));
#15956 = ORIENTED_EDGE('',*,*,#15957,.T.);
#15957 = EDGE_CURVE('',#15958,#15960,#15962,.T.);
#15958 = VERTEX_POINT('',#15959);
#15959 = CARTESIAN_POINT('',(142.25,68.7,148.99874921777));
#15960 = VERTEX_POINT('',#15961);
#15961 = CARTESIAN_POINT('',(142.25,71.7,148.99874921777));
#15962 = SURFACE_CURVE('',#15963,(#15967,#15974),.PCURVE_S1.);
#15963 = LINE('',#15964,#15965);
#15964 = CARTESIAN_POINT('',(142.25,68.7,148.99874921777));
#15965 = VECTOR('',#15966,1.);
#15966 = DIRECTION('',(0.,1.,-0.));
#15967 = PCURVE('',#15845,#15968);
#15968 = DEFINITIONAL_REPRESENTATION('',(#15969),#15973);
#15969 = LINE('',#15970,#15971);
#15970 = CARTESIAN_POINT('',(-2.467462146922,0.));
#15971 = VECTOR('',#15972,1.);
#15972 = DIRECTION('',(-0.,-1.));
#15973 = ( GEOMETRIC_REPRESENTATION_CONTEXT(2) 
PARAMETRIC_REPRESENTATION_CONTEXT() REPRESENTATION_CONTEXT('2D SPACE',''
  ) );
#15974 = PCURVE('',#15975,#15980);
#15975 = PLANE('',#15976);
#15976 = AXIS2_PLACEMENT_3D('',#15977,#15978,#15979);
#15977 = CARTESIAN_POINT('',(142.25,68.7,148.99874921777));
#15978 = DIRECTION('',(1.,-0.,0.));
#15979 = DIRECTION('',(0.,0.,1.));
#15980 = DEFINITIONAL_REPRESENTATION('',(#15981),#15985);
#15981 = LINE('',#15982,#15983);
#15982 = CARTESIAN_POINT('',(0.,0.));
#15983 = VECTOR('',#15984,1.);
#15984 = DIRECTION('',(0.,-1.));
#15985 = ( GEOMETRIC_REPRESENTATION_CONTEXT(2) 
PARAMETRIC_REPRESENTATION_CONTEXT() REPRESENTATION_CONTEXT('2D SPACE',''
  ) );
#15986 = ORIENTED_EDGE('',*,*,#15987,.T.);
#15987 = EDGE_CURVE('',#15960,#15807,#15988,.T.);
#15988 = SURFACE_CURVE('',#15989,(#15994,#16001),.PCURVE_S1.);
#15989 = CIRCLE('',#15990,1.6);
#15990 = AXIS2_PLACEMENT_3D('',#15991,#15992,#15993);
#15991 = CARTESIAN_POINT('',(141.,71.7,148.));
#15992 = DIRECTION('',(0.,1.,-0.));
#15993 = DIRECTION('',(-1.,0.,0.));
#15994 = PCURVE('',#15845,#15995);
#15995 = DEFINITIONAL_REPRESENTATION('',(#15996),#16000);
#15996 = LINE('',#15997,#15998);
#15997 = CARTESIAN_POINT('',(-0.,-3.));
#15998 = VECTOR('',#15999,1.);
#15999 = DIRECTION('',(-1.,0.));
#16000 = ( GEOMETRIC_REPRESENTATION_CONTEXT(2) 
PARAMETRIC_REPRESENTATION_CONTEXT() REPRESENTATION_CONTEXT('2D SPACE',''
  ) );
#16001 = PCURVE('',#72,#16002);
#16002 = DEFINITIONAL_REPRESENTATION('',(#16003),#16007);
#16003 = CIRCLE('',#16004,1.6);
#16004 = AXIS2_PLACEMENT_2D('',#16005,#16006);
#16005 = CARTESIAN_POINT('',(-51.,62.25));
#16006 = DIRECTION('',(1.,0.));
#16007 = ( GEOMETRIC_REPRESENTATION_CONTEXT(2) 
PARAMETRIC_REPRESENTATION_CONTEXT() REPRESENTATION_CONTEXT('2D SPACE',''
  ) );
#16008 = ORIENTED_EDGE('',*,*,#15829,.F.);
#16009 = ORIENTED_EDGE('',*,*,#16010,.F.);
#16010 = EDGE_CURVE('',#15958,#15830,#16011,.T.);
#16011 = SURFACE_CURVE('',#16012,(#16017,#16024),.PCURVE_S1.);
#16012 = CIRCLE('',#16013,1.6);
#16013 = AXIS2_PLACEMENT_3D('',#16014,#16015,#16016);
#16014 = CARTESIAN_POINT('',(141.,68.7,148.));
#16015 = DIRECTION('',(0.,1.,-0.));
#16016 = DIRECTION('',(-1.,0.,0.));
#16017 = PCURVE('',#15845,#16018);
#16018 = DEFINITIONAL_REPRESENTATION('',(#16019),#16023);
#16019 = LINE('',#16020,#16021);
#16020 = CARTESIAN_POINT('',(-0.,0.));
#16021 = VECTOR('',#16022,1.);
#16022 = DIRECTION('',(-1.,0.));
#16023 = ( GEOMETRIC_REPRESENTATION_CONTEXT(2) 
PARAMETRIC_REPRESENTATION_CONTEXT() REPRESENTATION_CONTEXT('2D SPACE',''
  ) );
#16024 = PCURVE('',#126,#16025);
#16025 = DEFINITIONAL_REPRESENTATION('',(#16026),#16030);
#16026 = CIRCLE('',#16027,1.6);
#16027 = AXIS2_PLACEMENT_2D('',#16028,#16029);
#16028 = CARTESIAN_POINT('',(-51.,62.25));
#16029 = DIRECTION('',(1.,0.));
#16030 = ( GEOMETRIC_REPRESENTATION_CONTEXT(2) 
PARAMETRIC_REPRESENTATION_CONTEXT() REPRESENTATION_CONTEXT('2D SPACE',''
  ) );
#16031 = ADVANCED_FACE('',(#16032),#15921,.F.);
#16032 = FACE_BOUND('',#16033,.F.);
#16033 = EDGE_LOOP('',(#16034,#16064,#16090,#16091));
#16034 = ORIENTED_EDGE('',*,*,#16035,.T.);
#16035 = EDGE_CURVE('',#16036,#16038,#16040,.T.);
#16036 = VERTEX_POINT('',#16037);
#16037 = CARTESIAN_POINT('',(116.75,68.7,154.15));
#16038 = VERTEX_POINT('',#16039);
#16039 = CARTESIAN_POINT('',(116.75,71.7,154.15));
#16040 = SURFACE_CURVE('',#16041,(#16045,#16052),.PCURVE_S1.);
#16041 = LINE('',#16042,#16043);
#16042 = CARTESIAN_POINT('',(116.75,68.7,154.15));
#16043 = VECTOR('',#16044,1.);
#16044 = DIRECTION('',(0.,1.,-0.));
#16045 = PCURVE('',#15921,#16046);
#16046 = DEFINITIONAL_REPRESENTATION('',(#16047),#16051);
#16047 = LINE('',#16048,#16049);
#16048 = CARTESIAN_POINT('',(1.570796326795,0.));
#16049 = VECTOR('',#16050,1.);
#16050 = DIRECTION('',(0.,-1.));
#16051 = ( GEOMETRIC_REPRESENTATION_CONTEXT(2) 
PARAMETRIC_REPRESENTATION_CONTEXT() REPRESENTATION_CONTEXT('2D SPACE',''
  ) );
#16052 = PCURVE('',#16053,#16058);
#16053 = PLANE('',#16054);
#16054 = AXIS2_PLACEMENT_3D('',#16055,#16056,#16057);
#16055 = CARTESIAN_POINT('',(141.25,68.7,154.15));
#16056 = DIRECTION('',(0.,0.,1.));
#16057 = DIRECTION('',(-1.,0.,0.));
#16058 = DEFINITIONAL_REPRESENTATION('',(#16059),#16063);
#16059 = LINE('',#16060,#16061);
#16060 = CARTESIAN_POINT('',(24.5,0.));
#16061 = VECTOR('',#16062,1.);
#16062 = DIRECTION('',(0.,-1.));
#16063 = ( GEOMETRIC_REPRESENTATION_CONTEXT(2) 
PARAMETRIC_REPRESENTATION_CONTEXT() REPRESENTATION_CONTEXT('2D SPACE',''
  ) );
#16064 = ORIENTED_EDGE('',*,*,#16065,.T.);
#16065 = EDGE_CURVE('',#16038,#15883,#16066,.T.);
#16066 = SURFACE_CURVE('',#16067,(#16072,#16079),.PCURVE_S1.);
#16067 = CIRCLE('',#16068,1.);
#16068 = AXIS2_PLACEMENT_3D('',#16069,#16070,#16071);
#16069 = CARTESIAN_POINT('',(116.75,71.7,153.15));
#16070 = DIRECTION('',(0.,-1.,0.));
#16071 = DIRECTION('',(1.,0.,0.));
#16072 = PCURVE('',#15921,#16073);
#16073 = DEFINITIONAL_REPRESENTATION('',(#16074),#16078);
#16074 = LINE('',#16075,#16076);
#16075 = CARTESIAN_POINT('',(0.,-3.));
#16076 = VECTOR('',#16077,1.);
#16077 = DIRECTION('',(1.,0.));
#16078 = ( GEOMETRIC_REPRESENTATION_CONTEXT(2) 
PARAMETRIC_REPRESENTATION_CONTEXT() REPRESENTATION_CONTEXT('2D SPACE',''
  ) );
#16079 = PCURVE('',#72,#16080);
#16080 = DEFINITIONAL_REPRESENTATION('',(#16081),#16089);
#16081 = ( BOUNDED_CURVE() B_SPLINE_CURVE(2,(#16082,#16083,#16084,#16085
    ,#16086,#16087,#16088),.UNSPECIFIED.,.T.,.F.) 
B_SPLINE_CURVE_WITH_KNOTS((1,2,2,2,2,1),(-2.094395102393,0.,
    2.094395102393,4.188790204786,6.28318530718,8.377580409573),
.UNSPECIFIED.) CURVE() GEOMETRIC_REPRESENTATION_ITEM() 
RATIONAL_B_SPLINE_CURVE((1.,0.5,1.,0.5,1.,0.5,1.)) REPRESENTATION_ITEM(
  '') );
#16082 = CARTESIAN_POINT('',(-27.75,67.4));
#16083 = CARTESIAN_POINT('',(-27.75,69.132050807569));
#16084 = CARTESIAN_POINT('',(-26.25,68.266025403784));
#16085 = CARTESIAN_POINT('',(-24.75,67.4));
#16086 = CARTESIAN_POINT('',(-26.25,66.533974596216));
#16087 = CARTESIAN_POINT('',(-27.75,65.667949192431));
#16088 = CARTESIAN_POINT('',(-27.75,67.4));
#16089 = ( GEOMETRIC_REPRESENTATION_CONTEXT(2) 
PARAMETRIC_REPRESENTATION_CONTEXT() REPRESENTATION_CONTEXT('2D SPACE',''
  ) );
#16090 = ORIENTED_EDGE('',*,*,#15905,.F.);
#16091 = ORIENTED_EDGE('',*,*,#16092,.F.);
#16092 = EDGE_CURVE('',#16036,#15906,#16093,.T.);
#16093 = SURFACE_CURVE('',#16094,(#16099,#16106),.PCURVE_S1.);
#16094 = CIRCLE('',#16095,1.);
#16095 = AXIS2_PLACEMENT_3D('',#16096,#16097,#16098);
#16096 = CARTESIAN_POINT('',(116.75,68.7,153.15));
#16097 = DIRECTION('',(0.,-1.,0.));
#16098 = DIRECTION('',(1.,0.,0.));
#16099 = PCURVE('',#15921,#16100);
#16100 = DEFINITIONAL_REPRESENTATION('',(#16101),#16105);
#16101 = LINE('',#16102,#16103);
#16102 = CARTESIAN_POINT('',(0.,0.));
#16103 = VECTOR('',#16104,1.);
#16104 = DIRECTION('',(1.,0.));
#16105 = ( GEOMETRIC_REPRESENTATION_CONTEXT(2) 
PARAMETRIC_REPRESENTATION_CONTEXT() REPRESENTATION_CONTEXT('2D SPACE',''
  ) );
#16106 = PCURVE('',#126,#16107);
#16107 = DEFINITIONAL_REPRESENTATION('',(#16108),#16116);
#16108 = ( BOUNDED_CURVE() B_SPLINE_CURVE(2,(#16109,#16110,#16111,#16112
    ,#16113,#16114,#16115),.UNSPECIFIED.,.T.,.F.) 
B_SPLINE_CURVE_WITH_KNOTS((1,2,2,2,2,1),(-2.094395102393,0.,
    2.094395102393,4.188790204786,6.28318530718,8.377580409573),
.UNSPECIFIED.) CURVE() GEOMETRIC_REPRESENTATION_ITEM() 
RATIONAL_B_SPLINE_CURVE((1.,0.5,1.,0.5,1.,0.5,1.)) REPRESENTATION_ITEM(
  '') );
#16109 = CARTESIAN_POINT('',(-27.75,67.4));
#16110 = CARTESIAN_POINT('',(-27.75,69.132050807569));
#16111 = CARTESIAN_POINT('',(-26.25,68.266025403784));
#16112 = CARTESIAN_POINT('',(-24.75,67.4));
#16113 = CARTESIAN_POINT('',(-26.25,66.533974596216));
#16114 = CARTESIAN_POINT('',(-27.75,65.667949192431));
#16115 = CARTESIAN_POINT('',(-27.75,67.4));
#16116 = ( GEOMETRIC_REPRESENTATION_CONTEXT(2) 
PARAMETRIC_REPRESENTATION_CONTEXT() REPRESENTATION_CONTEXT('2D SPACE',''
  ) );
#16117 = ADVANCED_FACE('',(#16118),#15975,.F.);
#16118 = FACE_BOUND('',#16119,.F.);
#16119 = EDGE_LOOP('',(#16120,#16121,#16144,#16172));
#16120 = ORIENTED_EDGE('',*,*,#15957,.T.);
#16121 = ORIENTED_EDGE('',*,*,#16122,.T.);
#16122 = EDGE_CURVE('',#15960,#16123,#16125,.T.);
#16123 = VERTEX_POINT('',#16124);
#16124 = CARTESIAN_POINT('',(142.25,71.7,153.15));
#16125 = SURFACE_CURVE('',#16126,(#16130,#16137),.PCURVE_S1.);
#16126 = LINE('',#16127,#16128);
#16127 = CARTESIAN_POINT('',(142.25,71.7,148.));
#16128 = VECTOR('',#16129,1.);
#16129 = DIRECTION('',(0.,0.,1.));
#16130 = PCURVE('',#15975,#16131);
#16131 = DEFINITIONAL_REPRESENTATION('',(#16132),#16136);
#16132 = LINE('',#16133,#16134);
#16133 = CARTESIAN_POINT('',(-0.998749217772,-3.));
#16134 = VECTOR('',#16135,1.);
#16135 = DIRECTION('',(1.,0.));
#16136 = ( GEOMETRIC_REPRESENTATION_CONTEXT(2) 
PARAMETRIC_REPRESENTATION_CONTEXT() REPRESENTATION_CONTEXT('2D SPACE',''
  ) );
#16137 = PCURVE('',#72,#16138);
#16138 = DEFINITIONAL_REPRESENTATION('',(#16139),#16143);
#16139 = LINE('',#16140,#16141);
#16140 = CARTESIAN_POINT('',(-52.25,62.25));
#16141 = VECTOR('',#16142,1.);
#16142 = DIRECTION('',(0.,1.));
#16143 = ( GEOMETRIC_REPRESENTATION_CONTEXT(2) 
PARAMETRIC_REPRESENTATION_CONTEXT() REPRESENTATION_CONTEXT('2D SPACE',''
  ) );
#16144 = ORIENTED_EDGE('',*,*,#16145,.F.);
#16145 = EDGE_CURVE('',#16146,#16123,#16148,.T.);
#16146 = VERTEX_POINT('',#16147);
#16147 = CARTESIAN_POINT('',(142.25,68.7,153.15));
#16148 = SURFACE_CURVE('',#16149,(#16153,#16160),.PCURVE_S1.);
#16149 = LINE('',#16150,#16151);
#16150 = CARTESIAN_POINT('',(142.25,68.7,153.15));
#16151 = VECTOR('',#16152,1.);
#16152 = DIRECTION('',(0.,1.,-0.));
#16153 = PCURVE('',#15975,#16154);
#16154 = DEFINITIONAL_REPRESENTATION('',(#16155),#16159);
#16155 = LINE('',#16156,#16157);
#16156 = CARTESIAN_POINT('',(4.151250782228,0.));
#16157 = VECTOR('',#16158,1.);
#16158 = DIRECTION('',(0.,-1.));
#16159 = ( GEOMETRIC_REPRESENTATION_CONTEXT(2) 
PARAMETRIC_REPRESENTATION_CONTEXT() REPRESENTATION_CONTEXT('2D SPACE',''
  ) );
#16160 = PCURVE('',#16161,#16166);
#16161 = CYLINDRICAL_SURFACE('',#16162,1.);
#16162 = AXIS2_PLACEMENT_3D('',#16163,#16164,#16165);
#16163 = CARTESIAN_POINT('',(141.25,68.7,153.15));
#16164 = DIRECTION('',(0.,-1.,0.));
#16165 = DIRECTION('',(1.,0.,0.));
#16166 = DEFINITIONAL_REPRESENTATION('',(#16167),#16171);
#16167 = LINE('',#16168,#16169);
#16168 = CARTESIAN_POINT('',(0.,0.));
#16169 = VECTOR('',#16170,1.);
#16170 = DIRECTION('',(0.,-1.));
#16171 = ( GEOMETRIC_REPRESENTATION_CONTEXT(2) 
PARAMETRIC_REPRESENTATION_CONTEXT() REPRESENTATION_CONTEXT('2D SPACE',''
  ) );
#16172 = ORIENTED_EDGE('',*,*,#16173,.F.);
#16173 = EDGE_CURVE('',#15958,#16146,#16174,.T.);
#16174 = SURFACE_CURVE('',#16175,(#16179,#16186),.PCURVE_S1.);
#16175 = LINE('',#16176,#16177);
#16176 = CARTESIAN_POINT('',(142.25,68.7,148.));
#16177 = VECTOR('',#16178,1.);
#16178 = DIRECTION('',(0.,0.,1.));
#16179 = PCURVE('',#15975,#16180);
#16180 = DEFINITIONAL_REPRESENTATION('',(#16181),#16185);
#16181 = LINE('',#16182,#16183);
#16182 = CARTESIAN_POINT('',(-0.998749217772,-0.));
#16183 = VECTOR('',#16184,1.);
#16184 = DIRECTION('',(1.,0.));
#16185 = ( GEOMETRIC_REPRESENTATION_CONTEXT(2) 
PARAMETRIC_REPRESENTATION_CONTEXT() REPRESENTATION_CONTEXT('2D SPACE',''
  ) );
#16186 = PCURVE('',#126,#16187);
#16187 = DEFINITIONAL_REPRESENTATION('',(#16188),#16192);
#16188 = LINE('',#16189,#16190);
#16189 = CARTESIAN_POINT('',(-52.25,62.25));
#16190 = VECTOR('',#16191,1.);
#16191 = DIRECTION('',(0.,1.));
#16192 = ( GEOMETRIC_REPRESENTATION_CONTEXT(2) 
PARAMETRIC_REPRESENTATION_CONTEXT() REPRESENTATION_CONTEXT('2D SPACE',''
  ) );
#16193 = ADVANCED_FACE('',(#16194),#16053,.F.);
#16194 = FACE_BOUND('',#16195,.F.);
#16195 = EDGE_LOOP('',(#16196,#16221,#16242,#16243));
#16196 = ORIENTED_EDGE('',*,*,#16197,.T.);
#16197 = EDGE_CURVE('',#16198,#16200,#16202,.T.);
#16198 = VERTEX_POINT('',#16199);
#16199 = CARTESIAN_POINT('',(141.25,68.7,154.15));
#16200 = VERTEX_POINT('',#16201);
#16201 = CARTESIAN_POINT('',(141.25,71.7,154.15));
#16202 = SURFACE_CURVE('',#16203,(#16207,#16214),.PCURVE_S1.);
#16203 = LINE('',#16204,#16205);
#16204 = CARTESIAN_POINT('',(141.25,68.7,154.15));
#16205 = VECTOR('',#16206,1.);
#16206 = DIRECTION('',(0.,1.,-0.));
#16207 = PCURVE('',#16053,#16208);
#16208 = DEFINITIONAL_REPRESENTATION('',(#16209),#16213);
#16209 = LINE('',#16210,#16211);
#16210 = CARTESIAN_POINT('',(0.,0.));
#16211 = VECTOR('',#16212,1.);
#16212 = DIRECTION('',(0.,-1.));
#16213 = ( GEOMETRIC_REPRESENTATION_CONTEXT(2) 
PARAMETRIC_REPRESENTATION_CONTEXT() REPRESENTATION_CONTEXT('2D SPACE',''
  ) );
#16214 = PCURVE('',#16161,#16215);
#16215 = DEFINITIONAL_REPRESENTATION('',(#16216),#16220);
#16216 = LINE('',#16217,#16218);
#16217 = CARTESIAN_POINT('',(1.570796326795,0.));
#16218 = VECTOR('',#16219,1.);
#16219 = DIRECTION('',(0.,-1.));
#16220 = ( GEOMETRIC_REPRESENTATION_CONTEXT(2) 
PARAMETRIC_REPRESENTATION_CONTEXT() REPRESENTATION_CONTEXT('2D SPACE',''
  ) );
#16221 = ORIENTED_EDGE('',*,*,#16222,.T.);
#16222 = EDGE_CURVE('',#16200,#16038,#16223,.T.);
#16223 = SURFACE_CURVE('',#16224,(#16228,#16235),.PCURVE_S1.);
#16224 = LINE('',#16225,#16226);
#16225 = CARTESIAN_POINT('',(129.,71.7,154.15));
#16226 = VECTOR('',#16227,1.);
#16227 = DIRECTION('',(-1.,0.,0.));
#16228 = PCURVE('',#16053,#16229);
#16229 = DEFINITIONAL_REPRESENTATION('',(#16230),#16234);
#16230 = LINE('',#16231,#16232);
#16231 = CARTESIAN_POINT('',(12.25,-3.));
#16232 = VECTOR('',#16233,1.);
#16233 = DIRECTION('',(1.,0.));
#16234 = ( GEOMETRIC_REPRESENTATION_CONTEXT(2) 
PARAMETRIC_REPRESENTATION_CONTEXT() REPRESENTATION_CONTEXT('2D SPACE',''
  ) );
#16235 = PCURVE('',#72,#16236);
#16236 = DEFINITIONAL_REPRESENTATION('',(#16237),#16241);
#16237 = LINE('',#16238,#16239);
#16238 = CARTESIAN_POINT('',(-39.,68.4));
#16239 = VECTOR('',#16240,1.);
#16240 = DIRECTION('',(1.,0.));
#16241 = ( GEOMETRIC_REPRESENTATION_CONTEXT(2) 
PARAMETRIC_REPRESENTATION_CONTEXT() REPRESENTATION_CONTEXT('2D SPACE',''
  ) );
#16242 = ORIENTED_EDGE('',*,*,#16035,.F.);
#16243 = ORIENTED_EDGE('',*,*,#16244,.F.);
#16244 = EDGE_CURVE('',#16198,#16036,#16245,.T.);
#16245 = SURFACE_CURVE('',#16246,(#16250,#16257),.PCURVE_S1.);
#16246 = LINE('',#16247,#16248);
#16247 = CARTESIAN_POINT('',(129.,68.7,154.15));
#16248 = VECTOR('',#16249,1.);
#16249 = DIRECTION('',(-1.,0.,0.));
#16250 = PCURVE('',#16053,#16251);
#16251 = DEFINITIONAL_REPRESENTATION('',(#16252),#16256);
#16252 = LINE('',#16253,#16254);
#16253 = CARTESIAN_POINT('',(12.25,0.));
#16254 = VECTOR('',#16255,1.);
#16255 = DIRECTION('',(1.,0.));
#16256 = ( GEOMETRIC_REPRESENTATION_CONTEXT(2) 
PARAMETRIC_REPRESENTATION_CONTEXT() REPRESENTATION_CONTEXT('2D SPACE',''
  ) );
#16257 = PCURVE('',#126,#16258);
#16258 = DEFINITIONAL_REPRESENTATION('',(#16259),#16263);
#16259 = LINE('',#16260,#16261);
#16260 = CARTESIAN_POINT('',(-39.,68.4));
#16261 = VECTOR('',#16262,1.);
#16262 = DIRECTION('',(1.,0.));
#16263 = ( GEOMETRIC_REPRESENTATION_CONTEXT(2) 
PARAMETRIC_REPRESENTATION_CONTEXT() REPRESENTATION_CONTEXT('2D SPACE',''
  ) );
#16264 = ADVANCED_FACE('',(#16265),#16161,.F.);
#16265 = FACE_BOUND('',#16266,.F.);
#16266 = EDGE_LOOP('',(#16267,#16268,#16294,#16295));
#16267 = ORIENTED_EDGE('',*,*,#16145,.T.);
#16268 = ORIENTED_EDGE('',*,*,#16269,.T.);
#16269 = EDGE_CURVE('',#16123,#16200,#16270,.T.);
#16270 = SURFACE_CURVE('',#16271,(#16276,#16283),.PCURVE_S1.);
#16271 = CIRCLE('',#16272,1.);
#16272 = AXIS2_PLACEMENT_3D('',#16273,#16274,#16275);
#16273 = CARTESIAN_POINT('',(141.25,71.7,153.15));
#16274 = DIRECTION('',(0.,-1.,0.));
#16275 = DIRECTION('',(1.,0.,0.));
#16276 = PCURVE('',#16161,#16277);
#16277 = DEFINITIONAL_REPRESENTATION('',(#16278),#16282);
#16278 = LINE('',#16279,#16280);
#16279 = CARTESIAN_POINT('',(0.,-3.));
#16280 = VECTOR('',#16281,1.);
#16281 = DIRECTION('',(1.,0.));
#16282 = ( GEOMETRIC_REPRESENTATION_CONTEXT(2) 
PARAMETRIC_REPRESENTATION_CONTEXT() REPRESENTATION_CONTEXT('2D SPACE',''
  ) );
#16283 = PCURVE('',#72,#16284);
#16284 = DEFINITIONAL_REPRESENTATION('',(#16285),#16293);
#16285 = ( BOUNDED_CURVE() B_SPLINE_CURVE(2,(#16286,#16287,#16288,#16289
    ,#16290,#16291,#16292),.UNSPECIFIED.,.T.,.F.) 
B_SPLINE_CURVE_WITH_KNOTS((1,2,2,2,2,1),(-2.094395102393,0.,
    2.094395102393,4.188790204786,6.28318530718,8.377580409573),
.UNSPECIFIED.) CURVE() GEOMETRIC_REPRESENTATION_ITEM() 
RATIONAL_B_SPLINE_CURVE((1.,0.5,1.,0.5,1.,0.5,1.)) REPRESENTATION_ITEM(
  '') );
#16286 = CARTESIAN_POINT('',(-52.25,67.4));
#16287 = CARTESIAN_POINT('',(-52.25,69.132050807569));
#16288 = CARTESIAN_POINT('',(-50.75,68.266025403784));
#16289 = CARTESIAN_POINT('',(-49.25,67.4));
#16290 = CARTESIAN_POINT('',(-50.75,66.533974596216));
#16291 = CARTESIAN_POINT('',(-52.25,65.667949192431));
#16292 = CARTESIAN_POINT('',(-52.25,67.4));
#16293 = ( GEOMETRIC_REPRESENTATION_CONTEXT(2) 
PARAMETRIC_REPRESENTATION_CONTEXT() REPRESENTATION_CONTEXT('2D SPACE',''
  ) );
#16294 = ORIENTED_EDGE('',*,*,#16197,.F.);
#16295 = ORIENTED_EDGE('',*,*,#16296,.F.);
#16296 = EDGE_CURVE('',#16146,#16198,#16297,.T.);
#16297 = SURFACE_CURVE('',#16298,(#16303,#16310),.PCURVE_S1.);
#16298 = CIRCLE('',#16299,1.);
#16299 = AXIS2_PLACEMENT_3D('',#16300,#16301,#16302);
#16300 = CARTESIAN_POINT('',(141.25,68.7,153.15));
#16301 = DIRECTION('',(0.,-1.,0.));
#16302 = DIRECTION('',(1.,0.,0.));
#16303 = PCURVE('',#16161,#16304);
#16304 = DEFINITIONAL_REPRESENTATION('',(#16305),#16309);
#16305 = LINE('',#16306,#16307);
#16306 = CARTESIAN_POINT('',(0.,0.));
#16307 = VECTOR('',#16308,1.);
#16308 = DIRECTION('',(1.,0.));
#16309 = ( GEOMETRIC_REPRESENTATION_CONTEXT(2) 
PARAMETRIC_REPRESENTATION_CONTEXT() REPRESENTATION_CONTEXT('2D SPACE',''
  ) );
#16310 = PCURVE('',#126,#16311);
#16311 = DEFINITIONAL_REPRESENTATION('',(#16312),#16320);
#16312 = ( BOUNDED_CURVE() B_SPLINE_CURVE(2,(#16313,#16314,#16315,#16316
    ,#16317,#16318,#16319),.UNSPECIFIED.,.T.,.F.) 
B_SPLINE_CURVE_WITH_KNOTS((1,2,2,2,2,1),(-2.094395102393,0.,
    2.094395102393,4.188790204786,6.28318530718,8.377580409573),
.UNSPECIFIED.) CURVE() GEOMETRIC_REPRESENTATION_ITEM() 
RATIONAL_B_SPLINE_CURVE((1.,0.5,1.,0.5,1.,0.5,1.)) REPRESENTATION_ITEM(
  '') );
#16313 = CARTESIAN_POINT('',(-52.25,67.4));
#16314 = CARTESIAN_POINT('',(-52.25,69.132050807569));
#16315 = CARTESIAN_POINT('',(-50.75,68.266025403784));
#16316 = CARTESIAN_POINT('',(-49.25,67.4));
#16317 = CARTESIAN_POINT('',(-50.75,66.533974596216));
#16318 = CARTESIAN_POINT('',(-52.25,65.667949192431));
#16319 = CARTESIAN_POINT('',(-52.25,67.4));
#16320 = ( GEOMETRIC_REPRESENTATION_CONTEXT(2) 
PARAMETRIC_REPRESENTATION_CONTEXT() REPRESENTATION_CONTEXT('2D SPACE',''
  ) );
#16321 = ADVANCED_FACE('',(#16322),#16336,.F.);
#16322 = FACE_BOUND('',#16323,.T.);
#16323 = EDGE_LOOP('',(#16324,#16354,#16376,#16377));
#16324 = ORIENTED_EDGE('',*,*,#16325,.T.);
#16325 = EDGE_CURVE('',#16326,#16328,#16330,.T.);
#16326 = VERTEX_POINT('',#16327);
#16327 = CARTESIAN_POINT('',(99.9,68.7,148.));
#16328 = VERTEX_POINT('',#16329);
#16329 = CARTESIAN_POINT('',(99.9,71.7,148.));
#16330 = SEAM_CURVE('',#16331,(#16335,#16347),.PCURVE_S1.);
#16331 = LINE('',#16332,#16333);
#16332 = CARTESIAN_POINT('',(99.9,68.7,148.));
#16333 = VECTOR('',#16334,1.);
#16334 = DIRECTION('',(0.,1.,-0.));
#16335 = PCURVE('',#16336,#16341);
#16336 = CYLINDRICAL_SURFACE('',#16337,6.1);
#16337 = AXIS2_PLACEMENT_3D('',#16338,#16339,#16340);
#16338 = CARTESIAN_POINT('',(106.,68.7,148.));
#16339 = DIRECTION('',(-0.,-1.,0.));
#16340 = DIRECTION('',(-1.,0.,0.));
#16341 = DEFINITIONAL_REPRESENTATION('',(#16342),#16346);
#16342 = LINE('',#16343,#16344);
#16343 = CARTESIAN_POINT('',(-0.,0.));
#16344 = VECTOR('',#16345,1.);
#16345 = DIRECTION('',(-0.,-1.));
#16346 = ( GEOMETRIC_REPRESENTATION_CONTEXT(2) 
PARAMETRIC_REPRESENTATION_CONTEXT() REPRESENTATION_CONTEXT('2D SPACE',''
  ) );
#16347 = PCURVE('',#16336,#16348);
#16348 = DEFINITIONAL_REPRESENTATION('',(#16349),#16353);
#16349 = LINE('',#16350,#16351);
#16350 = CARTESIAN_POINT('',(-6.28318530718,0.));
#16351 = VECTOR('',#16352,1.);
#16352 = DIRECTION('',(-0.,-1.));
#16353 = ( GEOMETRIC_REPRESENTATION_CONTEXT(2) 
PARAMETRIC_REPRESENTATION_CONTEXT() REPRESENTATION_CONTEXT('2D SPACE',''
  ) );
#16354 = ORIENTED_EDGE('',*,*,#16355,.T.);
#16355 = EDGE_CURVE('',#16328,#16328,#16356,.T.);
#16356 = SURFACE_CURVE('',#16357,(#16362,#16369),.PCURVE_S1.);
#16357 = CIRCLE('',#16358,6.1);
#16358 = AXIS2_PLACEMENT_3D('',#16359,#16360,#16361);
#16359 = CARTESIAN_POINT('',(106.,71.7,148.));
#16360 = DIRECTION('',(0.,1.,-0.));
#16361 = DIRECTION('',(-1.,0.,0.));
#16362 = PCURVE('',#16336,#16363);
#16363 = DEFINITIONAL_REPRESENTATION('',(#16364),#16368);
#16364 = LINE('',#16365,#16366);
#16365 = CARTESIAN_POINT('',(-0.,-3.));
#16366 = VECTOR('',#16367,1.);
#16367 = DIRECTION('',(-1.,0.));
#16368 = ( GEOMETRIC_REPRESENTATION_CONTEXT(2) 
PARAMETRIC_REPRESENTATION_CONTEXT() REPRESENTATION_CONTEXT('2D SPACE',''
  ) );
#16369 = PCURVE('',#72,#16370);
#16370 = DEFINITIONAL_REPRESENTATION('',(#16371),#16375);
#16371 = CIRCLE('',#16372,6.1);
#16372 = AXIS2_PLACEMENT_2D('',#16373,#16374);
#16373 = CARTESIAN_POINT('',(-16.,62.25));
#16374 = DIRECTION('',(1.,0.));
#16375 = ( GEOMETRIC_REPRESENTATION_CONTEXT(2) 
PARAMETRIC_REPRESENTATION_CONTEXT() REPRESENTATION_CONTEXT('2D SPACE',''
  ) );
#16376 = ORIENTED_EDGE('',*,*,#16325,.F.);
#16377 = ORIENTED_EDGE('',*,*,#16378,.F.);
#16378 = EDGE_CURVE('',#16326,#16326,#16379,.T.);
#16379 = SURFACE_CURVE('',#16380,(#16385,#16392),.PCURVE_S1.);
#16380 = CIRCLE('',#16381,6.1);
#16381 = AXIS2_PLACEMENT_3D('',#16382,#16383,#16384);
#16382 = CARTESIAN_POINT('',(106.,68.7,148.));
#16383 = DIRECTION('',(0.,1.,-0.));
#16384 = DIRECTION('',(-1.,0.,0.));
#16385 = PCURVE('',#16336,#16386);
#16386 = DEFINITIONAL_REPRESENTATION('',(#16387),#16391);
#16387 = LINE('',#16388,#16389);
#16388 = CARTESIAN_POINT('',(-0.,0.));
#16389 = VECTOR('',#16390,1.);
#16390 = DIRECTION('',(-1.,0.));
#16391 = ( GEOMETRIC_REPRESENTATION_CONTEXT(2) 
PARAMETRIC_REPRESENTATION_CONTEXT() REPRESENTATION_CONTEXT('2D SPACE',''
  ) );
#16392 = PCURVE('',#126,#16393);
#16393 = DEFINITIONAL_REPRESENTATION('',(#16394),#16398);
#16394 = CIRCLE('',#16395,6.1);
#16395 = AXIS2_PLACEMENT_2D('',#16396,#16397);
#16396 = CARTESIAN_POINT('',(-16.,62.25));
#16397 = DIRECTION('',(1.,0.));
#16398 = ( GEOMETRIC_REPRESENTATION_CONTEXT(2) 
PARAMETRIC_REPRESENTATION_CONTEXT() REPRESENTATION_CONTEXT('2D SPACE',''
  ) );
#16399 = ADVANCED_FACE('',(#16400),#16414,.F.);
#16400 = FACE_BOUND('',#16401,.T.);
#16401 = EDGE_LOOP('',(#16402,#16432,#16454,#16455));
#16402 = ORIENTED_EDGE('',*,*,#16403,.T.);
#16403 = EDGE_CURVE('',#16404,#16406,#16408,.T.);
#16404 = VERTEX_POINT('',#16405);
#16405 = CARTESIAN_POINT('',(86.336929340091,68.7,98.8));
#16406 = VERTEX_POINT('',#16407);
#16407 = CARTESIAN_POINT('',(86.336929340091,71.7,98.8));
#16408 = SEAM_CURVE('',#16409,(#16413,#16425),.PCURVE_S1.);
#16409 = LINE('',#16410,#16411);
#16410 = CARTESIAN_POINT('',(86.336929340091,68.7,98.8));
#16411 = VECTOR('',#16412,1.);
#16412 = DIRECTION('',(0.,1.,-0.));
#16413 = PCURVE('',#16414,#16419);
#16414 = CYLINDRICAL_SURFACE('',#16415,1.3);
#16415 = AXIS2_PLACEMENT_3D('',#16416,#16417,#16418);
#16416 = CARTESIAN_POINT('',(87.636929340091,68.7,98.8));
#16417 = DIRECTION('',(-0.,-1.,0.));
#16418 = DIRECTION('',(-1.,0.,0.));
#16419 = DEFINITIONAL_REPRESENTATION('',(#16420),#16424);
#16420 = LINE('',#16421,#16422);
#16421 = CARTESIAN_POINT('',(-0.,0.));
#16422 = VECTOR('',#16423,1.);
#16423 = DIRECTION('',(-0.,-1.));
#16424 = ( GEOMETRIC_REPRESENTATION_CONTEXT(2) 
PARAMETRIC_REPRESENTATION_CONTEXT() REPRESENTATION_CONTEXT('2D SPACE',''
  ) );
#16425 = PCURVE('',#16414,#16426);
#16426 = DEFINITIONAL_REPRESENTATION('',(#16427),#16431);
#16427 = LINE('',#16428,#16429);
#16428 = CARTESIAN_POINT('',(-6.28318530718,0.));
#16429 = VECTOR('',#16430,1.);
#16430 = DIRECTION('',(-0.,-1.));
#16431 = ( GEOMETRIC_REPRESENTATION_CONTEXT(2) 
PARAMETRIC_REPRESENTATION_CONTEXT() REPRESENTATION_CONTEXT('2D SPACE',''
  ) );
#16432 = ORIENTED_EDGE('',*,*,#16433,.T.);
#16433 = EDGE_CURVE('',#16406,#16406,#16434,.T.);
#16434 = SURFACE_CURVE('',#16435,(#16440,#16447),.PCURVE_S1.);
#16435 = CIRCLE('',#16436,1.3);
#16436 = AXIS2_PLACEMENT_3D('',#16437,#16438,#16439);
#16437 = CARTESIAN_POINT('',(87.636929340091,71.7,98.8));
#16438 = DIRECTION('',(0.,1.,-0.));
#16439 = DIRECTION('',(-1.,0.,0.));
#16440 = PCURVE('',#16414,#16441);
#16441 = DEFINITIONAL_REPRESENTATION('',(#16442),#16446);
#16442 = LINE('',#16443,#16444);
#16443 = CARTESIAN_POINT('',(-0.,-3.));
#16444 = VECTOR('',#16445,1.);
#16445 = DIRECTION('',(-1.,0.));
#16446 = ( GEOMETRIC_REPRESENTATION_CONTEXT(2) 
PARAMETRIC_REPRESENTATION_CONTEXT() REPRESENTATION_CONTEXT('2D SPACE',''
  ) );
#16447 = PCURVE('',#72,#16448);
#16448 = DEFINITIONAL_REPRESENTATION('',(#16449),#16453);
#16449 = CIRCLE('',#16450,1.3);
#16450 = AXIS2_PLACEMENT_2D('',#16451,#16452);
#16451 = CARTESIAN_POINT('',(2.363070659909,13.05));
#16452 = DIRECTION('',(1.,0.));
#16453 = ( GEOMETRIC_REPRESENTATION_CONTEXT(2) 
PARAMETRIC_REPRESENTATION_CONTEXT() REPRESENTATION_CONTEXT('2D SPACE',''
  ) );
#16454 = ORIENTED_EDGE('',*,*,#16403,.F.);
#16455 = ORIENTED_EDGE('',*,*,#16456,.F.);
#16456 = EDGE_CURVE('',#16404,#16404,#16457,.T.);
#16457 = SURFACE_CURVE('',#16458,(#16463,#16470),.PCURVE_S1.);
#16458 = CIRCLE('',#16459,1.3);
#16459 = AXIS2_PLACEMENT_3D('',#16460,#16461,#16462);
#16460 = CARTESIAN_POINT('',(87.636929340091,68.7,98.8));
#16461 = DIRECTION('',(0.,1.,-0.));
#16462 = DIRECTION('',(-1.,0.,0.));
#16463 = PCURVE('',#16414,#16464);
#16464 = DEFINITIONAL_REPRESENTATION('',(#16465),#16469);
#16465 = LINE('',#16466,#16467);
#16466 = CARTESIAN_POINT('',(-0.,0.));
#16467 = VECTOR('',#16468,1.);
#16468 = DIRECTION('',(-1.,0.));
#16469 = ( GEOMETRIC_REPRESENTATION_CONTEXT(2) 
PARAMETRIC_REPRESENTATION_CONTEXT() REPRESENTATION_CONTEXT('2D SPACE',''
  ) );
#16470 = PCURVE('',#126,#16471);
#16471 = DEFINITIONAL_REPRESENTATION('',(#16472),#16476);
#16472 = CIRCLE('',#16473,1.3);
#16473 = AXIS2_PLACEMENT_2D('',#16474,#16475);
#16474 = CARTESIAN_POINT('',(2.363070659909,13.05));
#16475 = DIRECTION('',(1.,0.));
#16476 = ( GEOMETRIC_REPRESENTATION_CONTEXT(2) 
PARAMETRIC_REPRESENTATION_CONTEXT() REPRESENTATION_CONTEXT('2D SPACE',''
  ) );
#16477 = ADVANCED_FACE('',(#16478),#16492,.F.);
#16478 = FACE_BOUND('',#16479,.T.);
#16479 = EDGE_LOOP('',(#16480,#16510,#16532,#16533));
#16480 = ORIENTED_EDGE('',*,*,#16481,.T.);
#16481 = EDGE_CURVE('',#16482,#16484,#16486,.T.);
#16482 = VERTEX_POINT('',#16483);
#16483 = CARTESIAN_POINT('',(82.180007401926,68.7,96.4));
#16484 = VERTEX_POINT('',#16485);
#16485 = CARTESIAN_POINT('',(82.180007401926,71.7,96.4));
#16486 = SEAM_CURVE('',#16487,(#16491,#16503),.PCURVE_S1.);
#16487 = LINE('',#16488,#16489);
#16488 = CARTESIAN_POINT('',(82.180007401926,68.7,96.4));
#16489 = VECTOR('',#16490,1.);
#16490 = DIRECTION('',(0.,1.,-0.));
#16491 = PCURVE('',#16492,#16497);
#16492 = CYLINDRICAL_SURFACE('',#16493,1.3);
#16493 = AXIS2_PLACEMENT_3D('',#16494,#16495,#16496);
#16494 = CARTESIAN_POINT('',(83.480007401926,68.7,96.4));
#16495 = DIRECTION('',(-0.,-1.,0.));
#16496 = DIRECTION('',(-1.,0.,0.));
#16497 = DEFINITIONAL_REPRESENTATION('',(#16498),#16502);
#16498 = LINE('',#16499,#16500);
#16499 = CARTESIAN_POINT('',(-0.,0.));
#16500 = VECTOR('',#16501,1.);
#16501 = DIRECTION('',(-0.,-1.));
#16502 = ( GEOMETRIC_REPRESENTATION_CONTEXT(2) 
PARAMETRIC_REPRESENTATION_CONTEXT() REPRESENTATION_CONTEXT('2D SPACE',''
  ) );
#16503 = PCURVE('',#16492,#16504);
#16504 = DEFINITIONAL_REPRESENTATION('',(#16505),#16509);
#16505 = LINE('',#16506,#16507);
#16506 = CARTESIAN_POINT('',(-6.28318530718,0.));
#16507 = VECTOR('',#16508,1.);
#16508 = DIRECTION('',(-0.,-1.));
#16509 = ( GEOMETRIC_REPRESENTATION_CONTEXT(2) 
PARAMETRIC_REPRESENTATION_CONTEXT() REPRESENTATION_CONTEXT('2D SPACE',''
  ) );
#16510 = ORIENTED_EDGE('',*,*,#16511,.T.);
#16511 = EDGE_CURVE('',#16484,#16484,#16512,.T.);
#16512 = SURFACE_CURVE('',#16513,(#16518,#16525),.PCURVE_S1.);
#16513 = CIRCLE('',#16514,1.3);
#16514 = AXIS2_PLACEMENT_3D('',#16515,#16516,#16517);
#16515 = CARTESIAN_POINT('',(83.480007401926,71.7,96.4));
#16516 = DIRECTION('',(0.,1.,-0.));
#16517 = DIRECTION('',(-1.,0.,0.));
#16518 = PCURVE('',#16492,#16519);
#16519 = DEFINITIONAL_REPRESENTATION('',(#16520),#16524);
#16520 = LINE('',#16521,#16522);
#16521 = CARTESIAN_POINT('',(-0.,-3.));
#16522 = VECTOR('',#16523,1.);
#16523 = DIRECTION('',(-1.,0.));
#16524 = ( GEOMETRIC_REPRESENTATION_CONTEXT(2) 
PARAMETRIC_REPRESENTATION_CONTEXT() REPRESENTATION_CONTEXT('2D SPACE',''
  ) );
#16525 = PCURVE('',#72,#16526);
#16526 = DEFINITIONAL_REPRESENTATION('',(#16527),#16531);
#16527 = CIRCLE('',#16528,1.3);
#16528 = AXIS2_PLACEMENT_2D('',#16529,#16530);
#16529 = CARTESIAN_POINT('',(6.519992598074,10.65));
#16530 = DIRECTION('',(1.,0.));
#16531 = ( GEOMETRIC_REPRESENTATION_CONTEXT(2) 
PARAMETRIC_REPRESENTATION_CONTEXT() REPRESENTATION_CONTEXT('2D SPACE',''
  ) );
#16532 = ORIENTED_EDGE('',*,*,#16481,.F.);
#16533 = ORIENTED_EDGE('',*,*,#16534,.F.);
#16534 = EDGE_CURVE('',#16482,#16482,#16535,.T.);
#16535 = SURFACE_CURVE('',#16536,(#16541,#16548),.PCURVE_S1.);
#16536 = CIRCLE('',#16537,1.3);
#16537 = AXIS2_PLACEMENT_3D('',#16538,#16539,#16540);
#16538 = CARTESIAN_POINT('',(83.480007401926,68.7,96.4));
#16539 = DIRECTION('',(0.,1.,-0.));
#16540 = DIRECTION('',(-1.,0.,0.));
#16541 = PCURVE('',#16492,#16542);
#16542 = DEFINITIONAL_REPRESENTATION('',(#16543),#16547);
#16543 = LINE('',#16544,#16545);
#16544 = CARTESIAN_POINT('',(-0.,0.));
#16545 = VECTOR('',#16546,1.);
#16546 = DIRECTION('',(-1.,0.));
#16547 = ( GEOMETRIC_REPRESENTATION_CONTEXT(2) 
PARAMETRIC_REPRESENTATION_CONTEXT() REPRESENTATION_CONTEXT('2D SPACE',''
  ) );
#16548 = PCURVE('',#126,#16549);
#16549 = DEFINITIONAL_REPRESENTATION('',(#16550),#16554);
#16550 = CIRCLE('',#16551,1.3);
#16551 = AXIS2_PLACEMENT_2D('',#16552,#16553);
#16552 = CARTESIAN_POINT('',(6.519992598074,10.65));
#16553 = DIRECTION('',(1.,0.));
#16554 = ( GEOMETRIC_REPRESENTATION_CONTEXT(2) 
PARAMETRIC_REPRESENTATION_CONTEXT() REPRESENTATION_CONTEXT('2D SPACE',''
  ) );
#16555 = ADVANCED_FACE('',(#16556),#16570,.F.);
#16556 = FACE_BOUND('',#16557,.T.);
#16557 = EDGE_LOOP('',(#16558,#16588,#16610,#16611));
#16558 = ORIENTED_EDGE('',*,*,#16559,.T.);
#16559 = EDGE_CURVE('',#16560,#16562,#16564,.T.);
#16560 = VERTEX_POINT('',#16561);
#16561 = CARTESIAN_POINT('',(86.336929340091,68.7,103.6));
#16562 = VERTEX_POINT('',#16563);
#16563 = CARTESIAN_POINT('',(86.336929340091,71.7,103.6));
#16564 = SEAM_CURVE('',#16565,(#16569,#16581),.PCURVE_S1.);
#16565 = LINE('',#16566,#16567);
#16566 = CARTESIAN_POINT('',(86.336929340091,68.7,103.6));
#16567 = VECTOR('',#16568,1.);
#16568 = DIRECTION('',(0.,1.,-0.));
#16569 = PCURVE('',#16570,#16575);
#16570 = CYLINDRICAL_SURFACE('',#16571,1.3);
#16571 = AXIS2_PLACEMENT_3D('',#16572,#16573,#16574);
#16572 = CARTESIAN_POINT('',(87.636929340091,68.7,103.6));
#16573 = DIRECTION('',(-0.,-1.,0.));
#16574 = DIRECTION('',(-1.,0.,0.));
#16575 = DEFINITIONAL_REPRESENTATION('',(#16576),#16580);
#16576 = LINE('',#16577,#16578);
#16577 = CARTESIAN_POINT('',(-0.,0.));
#16578 = VECTOR('',#16579,1.);
#16579 = DIRECTION('',(-0.,-1.));
#16580 = ( GEOMETRIC_REPRESENTATION_CONTEXT(2) 
PARAMETRIC_REPRESENTATION_CONTEXT() REPRESENTATION_CONTEXT('2D SPACE',''
  ) );
#16581 = PCURVE('',#16570,#16582);
#16582 = DEFINITIONAL_REPRESENTATION('',(#16583),#16587);
#16583 = LINE('',#16584,#16585);
#16584 = CARTESIAN_POINT('',(-6.28318530718,0.));
#16585 = VECTOR('',#16586,1.);
#16586 = DIRECTION('',(-0.,-1.));
#16587 = ( GEOMETRIC_REPRESENTATION_CONTEXT(2) 
PARAMETRIC_REPRESENTATION_CONTEXT() REPRESENTATION_CONTEXT('2D SPACE',''
  ) );
#16588 = ORIENTED_EDGE('',*,*,#16589,.T.);
#16589 = EDGE_CURVE('',#16562,#16562,#16590,.T.);
#16590 = SURFACE_CURVE('',#16591,(#16596,#16603),.PCURVE_S1.);
#16591 = CIRCLE('',#16592,1.3);
#16592 = AXIS2_PLACEMENT_3D('',#16593,#16594,#16595);
#16593 = CARTESIAN_POINT('',(87.636929340091,71.7,103.6));
#16594 = DIRECTION('',(0.,1.,-0.));
#16595 = DIRECTION('',(-1.,0.,0.));
#16596 = PCURVE('',#16570,#16597);
#16597 = DEFINITIONAL_REPRESENTATION('',(#16598),#16602);
#16598 = LINE('',#16599,#16600);
#16599 = CARTESIAN_POINT('',(-0.,-3.));
#16600 = VECTOR('',#16601,1.);
#16601 = DIRECTION('',(-1.,0.));
#16602 = ( GEOMETRIC_REPRESENTATION_CONTEXT(2) 
PARAMETRIC_REPRESENTATION_CONTEXT() REPRESENTATION_CONTEXT('2D SPACE',''
  ) );
#16603 = PCURVE('',#72,#16604);
#16604 = DEFINITIONAL_REPRESENTATION('',(#16605),#16609);
#16605 = CIRCLE('',#16606,1.3);
#16606 = AXIS2_PLACEMENT_2D('',#16607,#16608);
#16607 = CARTESIAN_POINT('',(2.363070659909,17.85));
#16608 = DIRECTION('',(1.,0.));
#16609 = ( GEOMETRIC_REPRESENTATION_CONTEXT(2) 
PARAMETRIC_REPRESENTATION_CONTEXT() REPRESENTATION_CONTEXT('2D SPACE',''
  ) );
#16610 = ORIENTED_EDGE('',*,*,#16559,.F.);
#16611 = ORIENTED_EDGE('',*,*,#16612,.F.);
#16612 = EDGE_CURVE('',#16560,#16560,#16613,.T.);
#16613 = SURFACE_CURVE('',#16614,(#16619,#16626),.PCURVE_S1.);
#16614 = CIRCLE('',#16615,1.3);
#16615 = AXIS2_PLACEMENT_3D('',#16616,#16617,#16618);
#16616 = CARTESIAN_POINT('',(87.636929340091,68.7,103.6));
#16617 = DIRECTION('',(0.,1.,-0.));
#16618 = DIRECTION('',(-1.,0.,0.));
#16619 = PCURVE('',#16570,#16620);
#16620 = DEFINITIONAL_REPRESENTATION('',(#16621),#16625);
#16621 = LINE('',#16622,#16623);
#16622 = CARTESIAN_POINT('',(-0.,0.));
#16623 = VECTOR('',#16624,1.);
#16624 = DIRECTION('',(-1.,0.));
#16625 = ( GEOMETRIC_REPRESENTATION_CONTEXT(2) 
PARAMETRIC_REPRESENTATION_CONTEXT() REPRESENTATION_CONTEXT('2D SPACE',''
  ) );
#16626 = PCURVE('',#126,#16627);
#16627 = DEFINITIONAL_REPRESENTATION('',(#16628),#16632);
#16628 = CIRCLE('',#16629,1.3);
#16629 = AXIS2_PLACEMENT_2D('',#16630,#16631);
#16630 = CARTESIAN_POINT('',(2.363070659909,17.85));
#16631 = DIRECTION('',(1.,0.));
#16632 = ( GEOMETRIC_REPRESENTATION_CONTEXT(2) 
PARAMETRIC_REPRESENTATION_CONTEXT() REPRESENTATION_CONTEXT('2D SPACE',''
  ) );
#16633 = ADVANCED_FACE('',(#16634),#16648,.F.);
#16634 = FACE_BOUND('',#16635,.T.);
#16635 = EDGE_LOOP('',(#16636,#16666,#16688,#16689));
#16636 = ORIENTED_EDGE('',*,*,#16637,.T.);
#16637 = EDGE_CURVE('',#16638,#16640,#16642,.T.);
#16638 = VERTEX_POINT('',#16639);
#16639 = CARTESIAN_POINT('',(82.180007401926,68.7,101.2));
#16640 = VERTEX_POINT('',#16641);
#16641 = CARTESIAN_POINT('',(82.180007401926,71.7,101.2));
#16642 = SEAM_CURVE('',#16643,(#16647,#16659),.PCURVE_S1.);
#16643 = LINE('',#16644,#16645);
#16644 = CARTESIAN_POINT('',(82.180007401926,68.7,101.2));
#16645 = VECTOR('',#16646,1.);
#16646 = DIRECTION('',(0.,1.,-0.));
#16647 = PCURVE('',#16648,#16653);
#16648 = CYLINDRICAL_SURFACE('',#16649,1.3);
#16649 = AXIS2_PLACEMENT_3D('',#16650,#16651,#16652);
#16650 = CARTESIAN_POINT('',(83.480007401926,68.7,101.2));
#16651 = DIRECTION('',(-0.,-1.,0.));
#16652 = DIRECTION('',(-1.,0.,0.));
#16653 = DEFINITIONAL_REPRESENTATION('',(#16654),#16658);
#16654 = LINE('',#16655,#16656);
#16655 = CARTESIAN_POINT('',(-0.,0.));
#16656 = VECTOR('',#16657,1.);
#16657 = DIRECTION('',(-0.,-1.));
#16658 = ( GEOMETRIC_REPRESENTATION_CONTEXT(2) 
PARAMETRIC_REPRESENTATION_CONTEXT() REPRESENTATION_CONTEXT('2D SPACE',''
  ) );
#16659 = PCURVE('',#16648,#16660);
#16660 = DEFINITIONAL_REPRESENTATION('',(#16661),#16665);
#16661 = LINE('',#16662,#16663);
#16662 = CARTESIAN_POINT('',(-6.28318530718,0.));
#16663 = VECTOR('',#16664,1.);
#16664 = DIRECTION('',(-0.,-1.));
#16665 = ( GEOMETRIC_REPRESENTATION_CONTEXT(2) 
PARAMETRIC_REPRESENTATION_CONTEXT() REPRESENTATION_CONTEXT('2D SPACE',''
  ) );
#16666 = ORIENTED_EDGE('',*,*,#16667,.T.);
#16667 = EDGE_CURVE('',#16640,#16640,#16668,.T.);
#16668 = SURFACE_CURVE('',#16669,(#16674,#16681),.PCURVE_S1.);
#16669 = CIRCLE('',#16670,1.3);
#16670 = AXIS2_PLACEMENT_3D('',#16671,#16672,#16673);
#16671 = CARTESIAN_POINT('',(83.480007401926,71.7,101.2));
#16672 = DIRECTION('',(0.,1.,-0.));
#16673 = DIRECTION('',(-1.,0.,0.));
#16674 = PCURVE('',#16648,#16675);
#16675 = DEFINITIONAL_REPRESENTATION('',(#16676),#16680);
#16676 = LINE('',#16677,#16678);
#16677 = CARTESIAN_POINT('',(-0.,-3.));
#16678 = VECTOR('',#16679,1.);
#16679 = DIRECTION('',(-1.,0.));
#16680 = ( GEOMETRIC_REPRESENTATION_CONTEXT(2) 
PARAMETRIC_REPRESENTATION_CONTEXT() REPRESENTATION_CONTEXT('2D SPACE',''
  ) );
#16681 = PCURVE('',#72,#16682);
#16682 = DEFINITIONAL_REPRESENTATION('',(#16683),#16687);
#16683 = CIRCLE('',#16684,1.3);
#16684 = AXIS2_PLACEMENT_2D('',#16685,#16686);
#16685 = CARTESIAN_POINT('',(6.519992598074,15.45));
#16686 = DIRECTION('',(1.,0.));
#16687 = ( GEOMETRIC_REPRESENTATION_CONTEXT(2) 
PARAMETRIC_REPRESENTATION_CONTEXT() REPRESENTATION_CONTEXT('2D SPACE',''
  ) );
#16688 = ORIENTED_EDGE('',*,*,#16637,.F.);
#16689 = ORIENTED_EDGE('',*,*,#16690,.F.);
#16690 = EDGE_CURVE('',#16638,#16638,#16691,.T.);
#16691 = SURFACE_CURVE('',#16692,(#16697,#16704),.PCURVE_S1.);
#16692 = CIRCLE('',#16693,1.3);
#16693 = AXIS2_PLACEMENT_3D('',#16694,#16695,#16696);
#16694 = CARTESIAN_POINT('',(83.480007401926,68.7,101.2));
#16695 = DIRECTION('',(0.,1.,-0.));
#16696 = DIRECTION('',(-1.,0.,0.));
#16697 = PCURVE('',#16648,#16698);
#16698 = DEFINITIONAL_REPRESENTATION('',(#16699),#16703);
#16699 = LINE('',#16700,#16701);
#16700 = CARTESIAN_POINT('',(-0.,0.));
#16701 = VECTOR('',#16702,1.);
#16702 = DIRECTION('',(-1.,0.));
#16703 = ( GEOMETRIC_REPRESENTATION_CONTEXT(2) 
PARAMETRIC_REPRESENTATION_CONTEXT() REPRESENTATION_CONTEXT('2D SPACE',''
  ) );
#16704 = PCURVE('',#126,#16705);
#16705 = DEFINITIONAL_REPRESENTATION('',(#16706),#16710);
#16706 = CIRCLE('',#16707,1.3);
#16707 = AXIS2_PLACEMENT_2D('',#16708,#16709);
#16708 = CARTESIAN_POINT('',(6.519992598074,15.45));
#16709 = DIRECTION('',(1.,0.));
#16710 = ( GEOMETRIC_REPRESENTATION_CONTEXT(2) 
PARAMETRIC_REPRESENTATION_CONTEXT() REPRESENTATION_CONTEXT('2D SPACE',''
  ) );
#16711 = ADVANCED_FACE('',(#16712),#16726,.F.);
#16712 = FACE_BOUND('',#16713,.T.);
#16713 = EDGE_LOOP('',(#16714,#16744,#16766,#16767));
#16714 = ORIENTED_EDGE('',*,*,#16715,.T.);
#16715 = EDGE_CURVE('',#16716,#16718,#16720,.T.);
#16716 = VERTEX_POINT('',#16717);
#16717 = CARTESIAN_POINT('',(78.02308546376,68.7,98.8));
#16718 = VERTEX_POINT('',#16719);
#16719 = CARTESIAN_POINT('',(78.02308546376,71.7,98.8));
#16720 = SEAM_CURVE('',#16721,(#16725,#16737),.PCURVE_S1.);
#16721 = LINE('',#16722,#16723);
#16722 = CARTESIAN_POINT('',(78.02308546376,68.7,98.8));
#16723 = VECTOR('',#16724,1.);
#16724 = DIRECTION('',(0.,1.,-0.));
#16725 = PCURVE('',#16726,#16731);
#16726 = CYLINDRICAL_SURFACE('',#16727,1.3);
#16727 = AXIS2_PLACEMENT_3D('',#16728,#16729,#16730);
#16728 = CARTESIAN_POINT('',(79.32308546376,68.7,98.8));
#16729 = DIRECTION('',(-0.,-1.,0.));
#16730 = DIRECTION('',(-1.,0.,0.));
#16731 = DEFINITIONAL_REPRESENTATION('',(#16732),#16736);
#16732 = LINE('',#16733,#16734);
#16733 = CARTESIAN_POINT('',(-0.,0.));
#16734 = VECTOR('',#16735,1.);
#16735 = DIRECTION('',(-0.,-1.));
#16736 = ( GEOMETRIC_REPRESENTATION_CONTEXT(2) 
PARAMETRIC_REPRESENTATION_CONTEXT() REPRESENTATION_CONTEXT('2D SPACE',''
  ) );
#16737 = PCURVE('',#16726,#16738);
#16738 = DEFINITIONAL_REPRESENTATION('',(#16739),#16743);
#16739 = LINE('',#16740,#16741);
#16740 = CARTESIAN_POINT('',(-6.28318530718,0.));
#16741 = VECTOR('',#16742,1.);
#16742 = DIRECTION('',(-0.,-1.));
#16743 = ( GEOMETRIC_REPRESENTATION_CONTEXT(2) 
PARAMETRIC_REPRESENTATION_CONTEXT() REPRESENTATION_CONTEXT('2D SPACE',''
  ) );
#16744 = ORIENTED_EDGE('',*,*,#16745,.T.);
#16745 = EDGE_CURVE('',#16718,#16718,#16746,.T.);
#16746 = SURFACE_CURVE('',#16747,(#16752,#16759),.PCURVE_S1.);
#16747 = CIRCLE('',#16748,1.3);
#16748 = AXIS2_PLACEMENT_3D('',#16749,#16750,#16751);
#16749 = CARTESIAN_POINT('',(79.32308546376,71.7,98.8));
#16750 = DIRECTION('',(0.,1.,-0.));
#16751 = DIRECTION('',(-1.,0.,0.));
#16752 = PCURVE('',#16726,#16753);
#16753 = DEFINITIONAL_REPRESENTATION('',(#16754),#16758);
#16754 = LINE('',#16755,#16756);
#16755 = CARTESIAN_POINT('',(-0.,-3.));
#16756 = VECTOR('',#16757,1.);
#16757 = DIRECTION('',(-1.,0.));
#16758 = ( GEOMETRIC_REPRESENTATION_CONTEXT(2) 
PARAMETRIC_REPRESENTATION_CONTEXT() REPRESENTATION_CONTEXT('2D SPACE',''
  ) );
#16759 = PCURVE('',#72,#16760);
#16760 = DEFINITIONAL_REPRESENTATION('',(#16761),#16765);
#16761 = CIRCLE('',#16762,1.3);
#16762 = AXIS2_PLACEMENT_2D('',#16763,#16764);
#16763 = CARTESIAN_POINT('',(10.67691453624,13.05));
#16764 = DIRECTION('',(1.,0.));
#16765 = ( GEOMETRIC_REPRESENTATION_CONTEXT(2) 
PARAMETRIC_REPRESENTATION_CONTEXT() REPRESENTATION_CONTEXT('2D SPACE',''
  ) );
#16766 = ORIENTED_EDGE('',*,*,#16715,.F.);
#16767 = ORIENTED_EDGE('',*,*,#16768,.F.);
#16768 = EDGE_CURVE('',#16716,#16716,#16769,.T.);
#16769 = SURFACE_CURVE('',#16770,(#16775,#16782),.PCURVE_S1.);
#16770 = CIRCLE('',#16771,1.3);
#16771 = AXIS2_PLACEMENT_3D('',#16772,#16773,#16774);
#16772 = CARTESIAN_POINT('',(79.32308546376,68.7,98.8));
#16773 = DIRECTION('',(0.,1.,-0.));
#16774 = DIRECTION('',(-1.,0.,0.));
#16775 = PCURVE('',#16726,#16776);
#16776 = DEFINITIONAL_REPRESENTATION('',(#16777),#16781);
#16777 = LINE('',#16778,#16779);
#16778 = CARTESIAN_POINT('',(-0.,0.));
#16779 = VECTOR('',#16780,1.);
#16780 = DIRECTION('',(-1.,0.));
#16781 = ( GEOMETRIC_REPRESENTATION_CONTEXT(2) 
PARAMETRIC_REPRESENTATION_CONTEXT() REPRESENTATION_CONTEXT('2D SPACE',''
  ) );
#16782 = PCURVE('',#126,#16783);
#16783 = DEFINITIONAL_REPRESENTATION('',(#16784),#16788);
#16784 = CIRCLE('',#16785,1.3);
#16785 = AXIS2_PLACEMENT_2D('',#16786,#16787);
#16786 = CARTESIAN_POINT('',(10.67691453624,13.05));
#16787 = DIRECTION('',(1.,0.));
#16788 = ( GEOMETRIC_REPRESENTATION_CONTEXT(2) 
PARAMETRIC_REPRESENTATION_CONTEXT() REPRESENTATION_CONTEXT('2D SPACE',''
  ) );
#16789 = ADVANCED_FACE('',(#16790),#16804,.F.);
#16790 = FACE_BOUND('',#16791,.T.);
#16791 = EDGE_LOOP('',(#16792,#16822,#16844,#16845));
#16792 = ORIENTED_EDGE('',*,*,#16793,.T.);
#16793 = EDGE_CURVE('',#16794,#16796,#16798,.T.);
#16794 = VERTEX_POINT('',#16795);
#16795 = CARTESIAN_POINT('',(78.02308546376,68.7,103.6));
#16796 = VERTEX_POINT('',#16797);
#16797 = CARTESIAN_POINT('',(78.02308546376,71.7,103.6));
#16798 = SEAM_CURVE('',#16799,(#16803,#16815),.PCURVE_S1.);
#16799 = LINE('',#16800,#16801);
#16800 = CARTESIAN_POINT('',(78.02308546376,68.7,103.6));
#16801 = VECTOR('',#16802,1.);
#16802 = DIRECTION('',(0.,1.,-0.));
#16803 = PCURVE('',#16804,#16809);
#16804 = CYLINDRICAL_SURFACE('',#16805,1.3);
#16805 = AXIS2_PLACEMENT_3D('',#16806,#16807,#16808);
#16806 = CARTESIAN_POINT('',(79.32308546376,68.7,103.6));
#16807 = DIRECTION('',(-0.,-1.,0.));
#16808 = DIRECTION('',(-1.,0.,0.));
#16809 = DEFINITIONAL_REPRESENTATION('',(#16810),#16814);
#16810 = LINE('',#16811,#16812);
#16811 = CARTESIAN_POINT('',(-0.,0.));
#16812 = VECTOR('',#16813,1.);
#16813 = DIRECTION('',(-0.,-1.));
#16814 = ( GEOMETRIC_REPRESENTATION_CONTEXT(2) 
PARAMETRIC_REPRESENTATION_CONTEXT() REPRESENTATION_CONTEXT('2D SPACE',''
  ) );
#16815 = PCURVE('',#16804,#16816);
#16816 = DEFINITIONAL_REPRESENTATION('',(#16817),#16821);
#16817 = LINE('',#16818,#16819);
#16818 = CARTESIAN_POINT('',(-6.28318530718,0.));
#16819 = VECTOR('',#16820,1.);
#16820 = DIRECTION('',(-0.,-1.));
#16821 = ( GEOMETRIC_REPRESENTATION_CONTEXT(2) 
PARAMETRIC_REPRESENTATION_CONTEXT() REPRESENTATION_CONTEXT('2D SPACE',''
  ) );
#16822 = ORIENTED_EDGE('',*,*,#16823,.T.);
#16823 = EDGE_CURVE('',#16796,#16796,#16824,.T.);
#16824 = SURFACE_CURVE('',#16825,(#16830,#16837),.PCURVE_S1.);
#16825 = CIRCLE('',#16826,1.3);
#16826 = AXIS2_PLACEMENT_3D('',#16827,#16828,#16829);
#16827 = CARTESIAN_POINT('',(79.32308546376,71.7,103.6));
#16828 = DIRECTION('',(0.,1.,-0.));
#16829 = DIRECTION('',(-1.,0.,0.));
#16830 = PCURVE('',#16804,#16831);
#16831 = DEFINITIONAL_REPRESENTATION('',(#16832),#16836);
#16832 = LINE('',#16833,#16834);
#16833 = CARTESIAN_POINT('',(-0.,-3.));
#16834 = VECTOR('',#16835,1.);
#16835 = DIRECTION('',(-1.,0.));
#16836 = ( GEOMETRIC_REPRESENTATION_CONTEXT(2) 
PARAMETRIC_REPRESENTATION_CONTEXT() REPRESENTATION_CONTEXT('2D SPACE',''
  ) );
#16837 = PCURVE('',#72,#16838);
#16838 = DEFINITIONAL_REPRESENTATION('',(#16839),#16843);
#16839 = CIRCLE('',#16840,1.3);
#16840 = AXIS2_PLACEMENT_2D('',#16841,#16842);
#16841 = CARTESIAN_POINT('',(10.67691453624,17.85));
#16842 = DIRECTION('',(1.,0.));
#16843 = ( GEOMETRIC_REPRESENTATION_CONTEXT(2) 
PARAMETRIC_REPRESENTATION_CONTEXT() REPRESENTATION_CONTEXT('2D SPACE',''
  ) );
#16844 = ORIENTED_EDGE('',*,*,#16793,.F.);
#16845 = ORIENTED_EDGE('',*,*,#16846,.F.);
#16846 = EDGE_CURVE('',#16794,#16794,#16847,.T.);
#16847 = SURFACE_CURVE('',#16848,(#16853,#16860),.PCURVE_S1.);
#16848 = CIRCLE('',#16849,1.3);
#16849 = AXIS2_PLACEMENT_3D('',#16850,#16851,#16852);
#16850 = CARTESIAN_POINT('',(79.32308546376,68.7,103.6));
#16851 = DIRECTION('',(0.,1.,-0.));
#16852 = DIRECTION('',(-1.,0.,0.));
#16853 = PCURVE('',#16804,#16854);
#16854 = DEFINITIONAL_REPRESENTATION('',(#16855),#16859);
#16855 = LINE('',#16856,#16857);
#16856 = CARTESIAN_POINT('',(-0.,0.));
#16857 = VECTOR('',#16858,1.);
#16858 = DIRECTION('',(-1.,0.));
#16859 = ( GEOMETRIC_REPRESENTATION_CONTEXT(2) 
PARAMETRIC_REPRESENTATION_CONTEXT() REPRESENTATION_CONTEXT('2D SPACE',''
  ) );
#16860 = PCURVE('',#126,#16861);
#16861 = DEFINITIONAL_REPRESENTATION('',(#16862),#16866);
#16862 = CIRCLE('',#16863,1.3);
#16863 = AXIS2_PLACEMENT_2D('',#16864,#16865);
#16864 = CARTESIAN_POINT('',(10.67691453624,17.85));
#16865 = DIRECTION('',(1.,0.));
#16866 = ( GEOMETRIC_REPRESENTATION_CONTEXT(2) 
PARAMETRIC_REPRESENTATION_CONTEXT() REPRESENTATION_CONTEXT('2D SPACE',''
  ) );
#16867 = ADVANCED_FACE('',(#16868),#16882,.F.);
#16868 = FACE_BOUND('',#16869,.T.);
#16869 = EDGE_LOOP('',(#16870,#16900,#16922,#16923));
#16870 = ORIENTED_EDGE('',*,*,#16871,.T.);
#16871 = EDGE_CURVE('',#16872,#16874,#16876,.T.);
#16872 = VERTEX_POINT('',#16873);
#16873 = CARTESIAN_POINT('',(86.336929340091,68.7,108.4));
#16874 = VERTEX_POINT('',#16875);
#16875 = CARTESIAN_POINT('',(86.336929340091,71.7,108.4));
#16876 = SEAM_CURVE('',#16877,(#16881,#16893),.PCURVE_S1.);
#16877 = LINE('',#16878,#16879);
#16878 = CARTESIAN_POINT('',(86.336929340091,68.7,108.4));
#16879 = VECTOR('',#16880,1.);
#16880 = DIRECTION('',(0.,1.,-0.));
#16881 = PCURVE('',#16882,#16887);
#16882 = CYLINDRICAL_SURFACE('',#16883,1.3);
#16883 = AXIS2_PLACEMENT_3D('',#16884,#16885,#16886);
#16884 = CARTESIAN_POINT('',(87.636929340091,68.7,108.4));
#16885 = DIRECTION('',(-0.,-1.,0.));
#16886 = DIRECTION('',(-1.,0.,0.));
#16887 = DEFINITIONAL_REPRESENTATION('',(#16888),#16892);
#16888 = LINE('',#16889,#16890);
#16889 = CARTESIAN_POINT('',(-0.,0.));
#16890 = VECTOR('',#16891,1.);
#16891 = DIRECTION('',(-0.,-1.));
#16892 = ( GEOMETRIC_REPRESENTATION_CONTEXT(2) 
PARAMETRIC_REPRESENTATION_CONTEXT() REPRESENTATION_CONTEXT('2D SPACE',''
  ) );
#16893 = PCURVE('',#16882,#16894);
#16894 = DEFINITIONAL_REPRESENTATION('',(#16895),#16899);
#16895 = LINE('',#16896,#16897);
#16896 = CARTESIAN_POINT('',(-6.28318530718,0.));
#16897 = VECTOR('',#16898,1.);
#16898 = DIRECTION('',(-0.,-1.));
#16899 = ( GEOMETRIC_REPRESENTATION_CONTEXT(2) 
PARAMETRIC_REPRESENTATION_CONTEXT() REPRESENTATION_CONTEXT('2D SPACE',''
  ) );
#16900 = ORIENTED_EDGE('',*,*,#16901,.T.);
#16901 = EDGE_CURVE('',#16874,#16874,#16902,.T.);
#16902 = SURFACE_CURVE('',#16903,(#16908,#16915),.PCURVE_S1.);
#16903 = CIRCLE('',#16904,1.3);
#16904 = AXIS2_PLACEMENT_3D('',#16905,#16906,#16907);
#16905 = CARTESIAN_POINT('',(87.636929340091,71.7,108.4));
#16906 = DIRECTION('',(0.,1.,-0.));
#16907 = DIRECTION('',(-1.,0.,0.));
#16908 = PCURVE('',#16882,#16909);
#16909 = DEFINITIONAL_REPRESENTATION('',(#16910),#16914);
#16910 = LINE('',#16911,#16912);
#16911 = CARTESIAN_POINT('',(-0.,-3.));
#16912 = VECTOR('',#16913,1.);
#16913 = DIRECTION('',(-1.,0.));
#16914 = ( GEOMETRIC_REPRESENTATION_CONTEXT(2) 
PARAMETRIC_REPRESENTATION_CONTEXT() REPRESENTATION_CONTEXT('2D SPACE',''
  ) );
#16915 = PCURVE('',#72,#16916);
#16916 = DEFINITIONAL_REPRESENTATION('',(#16917),#16921);
#16917 = CIRCLE('',#16918,1.3);
#16918 = AXIS2_PLACEMENT_2D('',#16919,#16920);
#16919 = CARTESIAN_POINT('',(2.363070659909,22.65));
#16920 = DIRECTION('',(1.,0.));
#16921 = ( GEOMETRIC_REPRESENTATION_CONTEXT(2) 
PARAMETRIC_REPRESENTATION_CONTEXT() REPRESENTATION_CONTEXT('2D SPACE',''
  ) );
#16922 = ORIENTED_EDGE('',*,*,#16871,.F.);
#16923 = ORIENTED_EDGE('',*,*,#16924,.F.);
#16924 = EDGE_CURVE('',#16872,#16872,#16925,.T.);
#16925 = SURFACE_CURVE('',#16926,(#16931,#16938),.PCURVE_S1.);
#16926 = CIRCLE('',#16927,1.3);
#16927 = AXIS2_PLACEMENT_3D('',#16928,#16929,#16930);
#16928 = CARTESIAN_POINT('',(87.636929340091,68.7,108.4));
#16929 = DIRECTION('',(0.,1.,-0.));
#16930 = DIRECTION('',(-1.,0.,0.));
#16931 = PCURVE('',#16882,#16932);
#16932 = DEFINITIONAL_REPRESENTATION('',(#16933),#16937);
#16933 = LINE('',#16934,#16935);
#16934 = CARTESIAN_POINT('',(-0.,0.));
#16935 = VECTOR('',#16936,1.);
#16936 = DIRECTION('',(-1.,0.));
#16937 = ( GEOMETRIC_REPRESENTATION_CONTEXT(2) 
PARAMETRIC_REPRESENTATION_CONTEXT() REPRESENTATION_CONTEXT('2D SPACE',''
  ) );
#16938 = PCURVE('',#126,#16939);
#16939 = DEFINITIONAL_REPRESENTATION('',(#16940),#16944);
#16940 = CIRCLE('',#16941,1.3);
#16941 = AXIS2_PLACEMENT_2D('',#16942,#16943);
#16942 = CARTESIAN_POINT('',(2.363070659909,22.65));
#16943 = DIRECTION('',(1.,0.));
#16944 = ( GEOMETRIC_REPRESENTATION_CONTEXT(2) 
PARAMETRIC_REPRESENTATION_CONTEXT() REPRESENTATION_CONTEXT('2D SPACE',''
  ) );
#16945 = ADVANCED_FACE('',(#16946),#16960,.F.);
#16946 = FACE_BOUND('',#16947,.T.);
#16947 = EDGE_LOOP('',(#16948,#16978,#17000,#17001));
#16948 = ORIENTED_EDGE('',*,*,#16949,.T.);
#16949 = EDGE_CURVE('',#16950,#16952,#16954,.T.);
#16950 = VERTEX_POINT('',#16951);
#16951 = CARTESIAN_POINT('',(82.180007401926,68.7,106.));
#16952 = VERTEX_POINT('',#16953);
#16953 = CARTESIAN_POINT('',(82.180007401926,71.7,106.));
#16954 = SEAM_CURVE('',#16955,(#16959,#16971),.PCURVE_S1.);
#16955 = LINE('',#16956,#16957);
#16956 = CARTESIAN_POINT('',(82.180007401926,68.7,106.));
#16957 = VECTOR('',#16958,1.);
#16958 = DIRECTION('',(0.,1.,-0.));
#16959 = PCURVE('',#16960,#16965);
#16960 = CYLINDRICAL_SURFACE('',#16961,1.3);
#16961 = AXIS2_PLACEMENT_3D('',#16962,#16963,#16964);
#16962 = CARTESIAN_POINT('',(83.480007401926,68.7,106.));
#16963 = DIRECTION('',(-0.,-1.,0.));
#16964 = DIRECTION('',(-1.,0.,0.));
#16965 = DEFINITIONAL_REPRESENTATION('',(#16966),#16970);
#16966 = LINE('',#16967,#16968);
#16967 = CARTESIAN_POINT('',(-0.,0.));
#16968 = VECTOR('',#16969,1.);
#16969 = DIRECTION('',(-0.,-1.));
#16970 = ( GEOMETRIC_REPRESENTATION_CONTEXT(2) 
PARAMETRIC_REPRESENTATION_CONTEXT() REPRESENTATION_CONTEXT('2D SPACE',''
  ) );
#16971 = PCURVE('',#16960,#16972);
#16972 = DEFINITIONAL_REPRESENTATION('',(#16973),#16977);
#16973 = LINE('',#16974,#16975);
#16974 = CARTESIAN_POINT('',(-6.28318530718,0.));
#16975 = VECTOR('',#16976,1.);
#16976 = DIRECTION('',(-0.,-1.));
#16977 = ( GEOMETRIC_REPRESENTATION_CONTEXT(2) 
PARAMETRIC_REPRESENTATION_CONTEXT() REPRESENTATION_CONTEXT('2D SPACE',''
  ) );
#16978 = ORIENTED_EDGE('',*,*,#16979,.T.);
#16979 = EDGE_CURVE('',#16952,#16952,#16980,.T.);
#16980 = SURFACE_CURVE('',#16981,(#16986,#16993),.PCURVE_S1.);
#16981 = CIRCLE('',#16982,1.3);
#16982 = AXIS2_PLACEMENT_3D('',#16983,#16984,#16985);
#16983 = CARTESIAN_POINT('',(83.480007401926,71.7,106.));
#16984 = DIRECTION('',(0.,1.,-0.));
#16985 = DIRECTION('',(-1.,0.,0.));
#16986 = PCURVE('',#16960,#16987);
#16987 = DEFINITIONAL_REPRESENTATION('',(#16988),#16992);
#16988 = LINE('',#16989,#16990);
#16989 = CARTESIAN_POINT('',(-0.,-3.));
#16990 = VECTOR('',#16991,1.);
#16991 = DIRECTION('',(-1.,0.));
#16992 = ( GEOMETRIC_REPRESENTATION_CONTEXT(2) 
PARAMETRIC_REPRESENTATION_CONTEXT() REPRESENTATION_CONTEXT('2D SPACE',''
  ) );
#16993 = PCURVE('',#72,#16994);
#16994 = DEFINITIONAL_REPRESENTATION('',(#16995),#16999);
#16995 = CIRCLE('',#16996,1.3);
#16996 = AXIS2_PLACEMENT_2D('',#16997,#16998);
#16997 = CARTESIAN_POINT('',(6.519992598074,20.25));
#16998 = DIRECTION('',(1.,0.));
#16999 = ( GEOMETRIC_REPRESENTATION_CONTEXT(2) 
PARAMETRIC_REPRESENTATION_CONTEXT() REPRESENTATION_CONTEXT('2D SPACE',''
  ) );
#17000 = ORIENTED_EDGE('',*,*,#16949,.F.);
#17001 = ORIENTED_EDGE('',*,*,#17002,.F.);
#17002 = EDGE_CURVE('',#16950,#16950,#17003,.T.);
#17003 = SURFACE_CURVE('',#17004,(#17009,#17016),.PCURVE_S1.);
#17004 = CIRCLE('',#17005,1.3);
#17005 = AXIS2_PLACEMENT_3D('',#17006,#17007,#17008);
#17006 = CARTESIAN_POINT('',(83.480007401926,68.7,106.));
#17007 = DIRECTION('',(0.,1.,-0.));
#17008 = DIRECTION('',(-1.,0.,0.));
#17009 = PCURVE('',#16960,#17010);
#17010 = DEFINITIONAL_REPRESENTATION('',(#17011),#17015);
#17011 = LINE('',#17012,#17013);
#17012 = CARTESIAN_POINT('',(-0.,0.));
#17013 = VECTOR('',#17014,1.);
#17014 = DIRECTION('',(-1.,0.));
#17015 = ( GEOMETRIC_REPRESENTATION_CONTEXT(2) 
PARAMETRIC_REPRESENTATION_CONTEXT() REPRESENTATION_CONTEXT('2D SPACE',''
  ) );
#17016 = PCURVE('',#126,#17017);
#17017 = DEFINITIONAL_REPRESENTATION('',(#17018),#17022);
#17018 = CIRCLE('',#17019,1.3);
#17019 = AXIS2_PLACEMENT_2D('',#17020,#17021);
#17020 = CARTESIAN_POINT('',(6.519992598074,20.25));
#17021 = DIRECTION('',(1.,0.));
#17022 = ( GEOMETRIC_REPRESENTATION_CONTEXT(2) 
PARAMETRIC_REPRESENTATION_CONTEXT() REPRESENTATION_CONTEXT('2D SPACE',''
  ) );
#17023 = ADVANCED_FACE('',(#17024),#17038,.F.);
#17024 = FACE_BOUND('',#17025,.T.);
#17025 = EDGE_LOOP('',(#17026,#17056,#17078,#17079));
#17026 = ORIENTED_EDGE('',*,*,#17027,.T.);
#17027 = EDGE_CURVE('',#17028,#17030,#17032,.T.);
#17028 = VERTEX_POINT('',#17029);
#17029 = CARTESIAN_POINT('',(82.180007401926,68.7,110.8));
#17030 = VERTEX_POINT('',#17031);
#17031 = CARTESIAN_POINT('',(82.180007401926,71.7,110.8));
#17032 = SEAM_CURVE('',#17033,(#17037,#17049),.PCURVE_S1.);
#17033 = LINE('',#17034,#17035);
#17034 = CARTESIAN_POINT('',(82.180007401926,68.7,110.8));
#17035 = VECTOR('',#17036,1.);
#17036 = DIRECTION('',(0.,1.,-0.));
#17037 = PCURVE('',#17038,#17043);
#17038 = CYLINDRICAL_SURFACE('',#17039,1.3);
#17039 = AXIS2_PLACEMENT_3D('',#17040,#17041,#17042);
#17040 = CARTESIAN_POINT('',(83.480007401926,68.7,110.8));
#17041 = DIRECTION('',(-0.,-1.,0.));
#17042 = DIRECTION('',(-1.,0.,0.));
#17043 = DEFINITIONAL_REPRESENTATION('',(#17044),#17048);
#17044 = LINE('',#17045,#17046);
#17045 = CARTESIAN_POINT('',(-0.,0.));
#17046 = VECTOR('',#17047,1.);
#17047 = DIRECTION('',(-0.,-1.));
#17048 = ( GEOMETRIC_REPRESENTATION_CONTEXT(2) 
PARAMETRIC_REPRESENTATION_CONTEXT() REPRESENTATION_CONTEXT('2D SPACE',''
  ) );
#17049 = PCURVE('',#17038,#17050);
#17050 = DEFINITIONAL_REPRESENTATION('',(#17051),#17055);
#17051 = LINE('',#17052,#17053);
#17052 = CARTESIAN_POINT('',(-6.28318530718,0.));
#17053 = VECTOR('',#17054,1.);
#17054 = DIRECTION('',(-0.,-1.));
#17055 = ( GEOMETRIC_REPRESENTATION_CONTEXT(2) 
PARAMETRIC_REPRESENTATION_CONTEXT() REPRESENTATION_CONTEXT('2D SPACE',''
  ) );
#17056 = ORIENTED_EDGE('',*,*,#17057,.T.);
#17057 = EDGE_CURVE('',#17030,#17030,#17058,.T.);
#17058 = SURFACE_CURVE('',#17059,(#17064,#17071),.PCURVE_S1.);
#17059 = CIRCLE('',#17060,1.3);
#17060 = AXIS2_PLACEMENT_3D('',#17061,#17062,#17063);
#17061 = CARTESIAN_POINT('',(83.480007401926,71.7,110.8));
#17062 = DIRECTION('',(0.,1.,-0.));
#17063 = DIRECTION('',(-1.,0.,0.));
#17064 = PCURVE('',#17038,#17065);
#17065 = DEFINITIONAL_REPRESENTATION('',(#17066),#17070);
#17066 = LINE('',#17067,#17068);
#17067 = CARTESIAN_POINT('',(-0.,-3.));
#17068 = VECTOR('',#17069,1.);
#17069 = DIRECTION('',(-1.,0.));
#17070 = ( GEOMETRIC_REPRESENTATION_CONTEXT(2) 
PARAMETRIC_REPRESENTATION_CONTEXT() REPRESENTATION_CONTEXT('2D SPACE',''
  ) );
#17071 = PCURVE('',#72,#17072);
#17072 = DEFINITIONAL_REPRESENTATION('',(#17073),#17077);
#17073 = CIRCLE('',#17074,1.3);
#17074 = AXIS2_PLACEMENT_2D('',#17075,#17076);
#17075 = CARTESIAN_POINT('',(6.519992598074,25.05));
#17076 = DIRECTION('',(1.,0.));
#17077 = ( GEOMETRIC_REPRESENTATION_CONTEXT(2) 
PARAMETRIC_REPRESENTATION_CONTEXT() REPRESENTATION_CONTEXT('2D SPACE',''
  ) );
#17078 = ORIENTED_EDGE('',*,*,#17027,.F.);
#17079 = ORIENTED_EDGE('',*,*,#17080,.F.);
#17080 = EDGE_CURVE('',#17028,#17028,#17081,.T.);
#17081 = SURFACE_CURVE('',#17082,(#17087,#17094),.PCURVE_S1.);
#17082 = CIRCLE('',#17083,1.3);
#17083 = AXIS2_PLACEMENT_3D('',#17084,#17085,#17086);
#17084 = CARTESIAN_POINT('',(83.480007401926,68.7,110.8));
#17085 = DIRECTION('',(0.,1.,-0.));
#17086 = DIRECTION('',(-1.,0.,0.));
#17087 = PCURVE('',#17038,#17088);
#17088 = DEFINITIONAL_REPRESENTATION('',(#17089),#17093);
#17089 = LINE('',#17090,#17091);
#17090 = CARTESIAN_POINT('',(-0.,0.));
#17091 = VECTOR('',#17092,1.);
#17092 = DIRECTION('',(-1.,0.));
#17093 = ( GEOMETRIC_REPRESENTATION_CONTEXT(2) 
PARAMETRIC_REPRESENTATION_CONTEXT() REPRESENTATION_CONTEXT('2D SPACE',''
  ) );
#17094 = PCURVE('',#126,#17095);
#17095 = DEFINITIONAL_REPRESENTATION('',(#17096),#17100);
#17096 = CIRCLE('',#17097,1.3);
#17097 = AXIS2_PLACEMENT_2D('',#17098,#17099);
#17098 = CARTESIAN_POINT('',(6.519992598074,25.05));
#17099 = DIRECTION('',(1.,0.));
#17100 = ( GEOMETRIC_REPRESENTATION_CONTEXT(2) 
PARAMETRIC_REPRESENTATION_CONTEXT() REPRESENTATION_CONTEXT('2D SPACE',''
  ) );
#17101 = ADVANCED_FACE('',(#17102),#17116,.F.);
#17102 = FACE_BOUND('',#17103,.T.);
#17103 = EDGE_LOOP('',(#17104,#17134,#17156,#17157));
#17104 = ORIENTED_EDGE('',*,*,#17105,.T.);
#17105 = EDGE_CURVE('',#17106,#17108,#17110,.T.);
#17106 = VERTEX_POINT('',#17107);
#17107 = CARTESIAN_POINT('',(86.336929340091,68.7,113.2));
#17108 = VERTEX_POINT('',#17109);
#17109 = CARTESIAN_POINT('',(86.336929340091,71.7,113.2));
#17110 = SEAM_CURVE('',#17111,(#17115,#17127),.PCURVE_S1.);
#17111 = LINE('',#17112,#17113);
#17112 = CARTESIAN_POINT('',(86.336929340091,68.7,113.2));
#17113 = VECTOR('',#17114,1.);
#17114 = DIRECTION('',(0.,1.,-0.));
#17115 = PCURVE('',#17116,#17121);
#17116 = CYLINDRICAL_SURFACE('',#17117,1.3);
#17117 = AXIS2_PLACEMENT_3D('',#17118,#17119,#17120);
#17118 = CARTESIAN_POINT('',(87.636929340091,68.7,113.2));
#17119 = DIRECTION('',(-0.,-1.,0.));
#17120 = DIRECTION('',(-1.,0.,0.));
#17121 = DEFINITIONAL_REPRESENTATION('',(#17122),#17126);
#17122 = LINE('',#17123,#17124);
#17123 = CARTESIAN_POINT('',(-0.,0.));
#17124 = VECTOR('',#17125,1.);
#17125 = DIRECTION('',(-0.,-1.));
#17126 = ( GEOMETRIC_REPRESENTATION_CONTEXT(2) 
PARAMETRIC_REPRESENTATION_CONTEXT() REPRESENTATION_CONTEXT('2D SPACE',''
  ) );
#17127 = PCURVE('',#17116,#17128);
#17128 = DEFINITIONAL_REPRESENTATION('',(#17129),#17133);
#17129 = LINE('',#17130,#17131);
#17130 = CARTESIAN_POINT('',(-6.28318530718,0.));
#17131 = VECTOR('',#17132,1.);
#17132 = DIRECTION('',(-0.,-1.));
#17133 = ( GEOMETRIC_REPRESENTATION_CONTEXT(2) 
PARAMETRIC_REPRESENTATION_CONTEXT() REPRESENTATION_CONTEXT('2D SPACE',''
  ) );
#17134 = ORIENTED_EDGE('',*,*,#17135,.T.);
#17135 = EDGE_CURVE('',#17108,#17108,#17136,.T.);
#17136 = SURFACE_CURVE('',#17137,(#17142,#17149),.PCURVE_S1.);
#17137 = CIRCLE('',#17138,1.3);
#17138 = AXIS2_PLACEMENT_3D('',#17139,#17140,#17141);
#17139 = CARTESIAN_POINT('',(87.636929340091,71.7,113.2));
#17140 = DIRECTION('',(0.,1.,-0.));
#17141 = DIRECTION('',(-1.,0.,0.));
#17142 = PCURVE('',#17116,#17143);
#17143 = DEFINITIONAL_REPRESENTATION('',(#17144),#17148);
#17144 = LINE('',#17145,#17146);
#17145 = CARTESIAN_POINT('',(-0.,-3.));
#17146 = VECTOR('',#17147,1.);
#17147 = DIRECTION('',(-1.,0.));
#17148 = ( GEOMETRIC_REPRESENTATION_CONTEXT(2) 
PARAMETRIC_REPRESENTATION_CONTEXT() REPRESENTATION_CONTEXT('2D SPACE',''
  ) );
#17149 = PCURVE('',#72,#17150);
#17150 = DEFINITIONAL_REPRESENTATION('',(#17151),#17155);
#17151 = CIRCLE('',#17152,1.3);
#17152 = AXIS2_PLACEMENT_2D('',#17153,#17154);
#17153 = CARTESIAN_POINT('',(2.363070659909,27.45));
#17154 = DIRECTION('',(1.,0.));
#17155 = ( GEOMETRIC_REPRESENTATION_CONTEXT(2) 
PARAMETRIC_REPRESENTATION_CONTEXT() REPRESENTATION_CONTEXT('2D SPACE',''
  ) );
#17156 = ORIENTED_EDGE('',*,*,#17105,.F.);
#17157 = ORIENTED_EDGE('',*,*,#17158,.F.);
#17158 = EDGE_CURVE('',#17106,#17106,#17159,.T.);
#17159 = SURFACE_CURVE('',#17160,(#17165,#17172),.PCURVE_S1.);
#17160 = CIRCLE('',#17161,1.3);
#17161 = AXIS2_PLACEMENT_3D('',#17162,#17163,#17164);
#17162 = CARTESIAN_POINT('',(87.636929340091,68.7,113.2));
#17163 = DIRECTION('',(0.,1.,-0.));
#17164 = DIRECTION('',(-1.,0.,0.));
#17165 = PCURVE('',#17116,#17166);
#17166 = DEFINITIONAL_REPRESENTATION('',(#17167),#17171);
#17167 = LINE('',#17168,#17169);
#17168 = CARTESIAN_POINT('',(-0.,0.));
#17169 = VECTOR('',#17170,1.);
#17170 = DIRECTION('',(-1.,0.));
#17171 = ( GEOMETRIC_REPRESENTATION_CONTEXT(2) 
PARAMETRIC_REPRESENTATION_CONTEXT() REPRESENTATION_CONTEXT('2D SPACE',''
  ) );
#17172 = PCURVE('',#126,#17173);
#17173 = DEFINITIONAL_REPRESENTATION('',(#17174),#17178);
#17174 = CIRCLE('',#17175,1.3);
#17175 = AXIS2_PLACEMENT_2D('',#17176,#17177);
#17176 = CARTESIAN_POINT('',(2.363070659909,27.45));
#17177 = DIRECTION('',(1.,0.));
#17178 = ( GEOMETRIC_REPRESENTATION_CONTEXT(2) 
PARAMETRIC_REPRESENTATION_CONTEXT() REPRESENTATION_CONTEXT('2D SPACE',''
  ) );
#17179 = ADVANCED_FACE('',(#17180),#17194,.F.);
#17180 = FACE_BOUND('',#17181,.T.);
#17181 = EDGE_LOOP('',(#17182,#17212,#17234,#17235));
#17182 = ORIENTED_EDGE('',*,*,#17183,.T.);
#17183 = EDGE_CURVE('',#17184,#17186,#17188,.T.);
#17184 = VERTEX_POINT('',#17185);
#17185 = CARTESIAN_POINT('',(82.180007401926,68.7,115.6));
#17186 = VERTEX_POINT('',#17187);
#17187 = CARTESIAN_POINT('',(82.180007401926,71.7,115.6));
#17188 = SEAM_CURVE('',#17189,(#17193,#17205),.PCURVE_S1.);
#17189 = LINE('',#17190,#17191);
#17190 = CARTESIAN_POINT('',(82.180007401926,68.7,115.6));
#17191 = VECTOR('',#17192,1.);
#17192 = DIRECTION('',(0.,1.,-0.));
#17193 = PCURVE('',#17194,#17199);
#17194 = CYLINDRICAL_SURFACE('',#17195,1.3);
#17195 = AXIS2_PLACEMENT_3D('',#17196,#17197,#17198);
#17196 = CARTESIAN_POINT('',(83.480007401926,68.7,115.6));
#17197 = DIRECTION('',(-0.,-1.,0.));
#17198 = DIRECTION('',(-1.,0.,0.));
#17199 = DEFINITIONAL_REPRESENTATION('',(#17200),#17204);
#17200 = LINE('',#17201,#17202);
#17201 = CARTESIAN_POINT('',(-0.,0.));
#17202 = VECTOR('',#17203,1.);
#17203 = DIRECTION('',(-0.,-1.));
#17204 = ( GEOMETRIC_REPRESENTATION_CONTEXT(2) 
PARAMETRIC_REPRESENTATION_CONTEXT() REPRESENTATION_CONTEXT('2D SPACE',''
  ) );
#17205 = PCURVE('',#17194,#17206);
#17206 = DEFINITIONAL_REPRESENTATION('',(#17207),#17211);
#17207 = LINE('',#17208,#17209);
#17208 = CARTESIAN_POINT('',(-6.28318530718,0.));
#17209 = VECTOR('',#17210,1.);
#17210 = DIRECTION('',(-0.,-1.));
#17211 = ( GEOMETRIC_REPRESENTATION_CONTEXT(2) 
PARAMETRIC_REPRESENTATION_CONTEXT() REPRESENTATION_CONTEXT('2D SPACE',''
  ) );
#17212 = ORIENTED_EDGE('',*,*,#17213,.T.);
#17213 = EDGE_CURVE('',#17186,#17186,#17214,.T.);
#17214 = SURFACE_CURVE('',#17215,(#17220,#17227),.PCURVE_S1.);
#17215 = CIRCLE('',#17216,1.3);
#17216 = AXIS2_PLACEMENT_3D('',#17217,#17218,#17219);
#17217 = CARTESIAN_POINT('',(83.480007401926,71.7,115.6));
#17218 = DIRECTION('',(0.,1.,-0.));
#17219 = DIRECTION('',(-1.,0.,0.));
#17220 = PCURVE('',#17194,#17221);
#17221 = DEFINITIONAL_REPRESENTATION('',(#17222),#17226);
#17222 = LINE('',#17223,#17224);
#17223 = CARTESIAN_POINT('',(-0.,-3.));
#17224 = VECTOR('',#17225,1.);
#17225 = DIRECTION('',(-1.,0.));
#17226 = ( GEOMETRIC_REPRESENTATION_CONTEXT(2) 
PARAMETRIC_REPRESENTATION_CONTEXT() REPRESENTATION_CONTEXT('2D SPACE',''
  ) );
#17227 = PCURVE('',#72,#17228);
#17228 = DEFINITIONAL_REPRESENTATION('',(#17229),#17233);
#17229 = CIRCLE('',#17230,1.3);
#17230 = AXIS2_PLACEMENT_2D('',#17231,#17232);
#17231 = CARTESIAN_POINT('',(6.519992598074,29.85));
#17232 = DIRECTION('',(1.,0.));
#17233 = ( GEOMETRIC_REPRESENTATION_CONTEXT(2) 
PARAMETRIC_REPRESENTATION_CONTEXT() REPRESENTATION_CONTEXT('2D SPACE',''
  ) );
#17234 = ORIENTED_EDGE('',*,*,#17183,.F.);
#17235 = ORIENTED_EDGE('',*,*,#17236,.F.);
#17236 = EDGE_CURVE('',#17184,#17184,#17237,.T.);
#17237 = SURFACE_CURVE('',#17238,(#17243,#17250),.PCURVE_S1.);
#17238 = CIRCLE('',#17239,1.3);
#17239 = AXIS2_PLACEMENT_3D('',#17240,#17241,#17242);
#17240 = CARTESIAN_POINT('',(83.480007401926,68.7,115.6));
#17241 = DIRECTION('',(0.,1.,-0.));
#17242 = DIRECTION('',(-1.,0.,0.));
#17243 = PCURVE('',#17194,#17244);
#17244 = DEFINITIONAL_REPRESENTATION('',(#17245),#17249);
#17245 = LINE('',#17246,#17247);
#17246 = CARTESIAN_POINT('',(-0.,0.));
#17247 = VECTOR('',#17248,1.);
#17248 = DIRECTION('',(-1.,0.));
#17249 = ( GEOMETRIC_REPRESENTATION_CONTEXT(2) 
PARAMETRIC_REPRESENTATION_CONTEXT() REPRESENTATION_CONTEXT('2D SPACE',''
  ) );
#17250 = PCURVE('',#126,#17251);
#17251 = DEFINITIONAL_REPRESENTATION('',(#17252),#17256);
#17252 = CIRCLE('',#17253,1.3);
#17253 = AXIS2_PLACEMENT_2D('',#17254,#17255);
#17254 = CARTESIAN_POINT('',(6.519992598074,29.85));
#17255 = DIRECTION('',(1.,0.));
#17256 = ( GEOMETRIC_REPRESENTATION_CONTEXT(2) 
PARAMETRIC_REPRESENTATION_CONTEXT() REPRESENTATION_CONTEXT('2D SPACE',''
  ) );
#17257 = ADVANCED_FACE('',(#17258),#17272,.F.);
#17258 = FACE_BOUND('',#17259,.T.);
#17259 = EDGE_LOOP('',(#17260,#17290,#17312,#17313));
#17260 = ORIENTED_EDGE('',*,*,#17261,.T.);
#17261 = EDGE_CURVE('',#17262,#17264,#17266,.T.);
#17262 = VERTEX_POINT('',#17263);
#17263 = CARTESIAN_POINT('',(78.02308546376,68.7,108.4));
#17264 = VERTEX_POINT('',#17265);
#17265 = CARTESIAN_POINT('',(78.02308546376,71.7,108.4));
#17266 = SEAM_CURVE('',#17267,(#17271,#17283),.PCURVE_S1.);
#17267 = LINE('',#17268,#17269);
#17268 = CARTESIAN_POINT('',(78.02308546376,68.7,108.4));
#17269 = VECTOR('',#17270,1.);
#17270 = DIRECTION('',(0.,1.,-0.));
#17271 = PCURVE('',#17272,#17277);
#17272 = CYLINDRICAL_SURFACE('',#17273,1.3);
#17273 = AXIS2_PLACEMENT_3D('',#17274,#17275,#17276);
#17274 = CARTESIAN_POINT('',(79.32308546376,68.7,108.4));
#17275 = DIRECTION('',(-0.,-1.,0.));
#17276 = DIRECTION('',(-1.,0.,0.));
#17277 = DEFINITIONAL_REPRESENTATION('',(#17278),#17282);
#17278 = LINE('',#17279,#17280);
#17279 = CARTESIAN_POINT('',(-0.,0.));
#17280 = VECTOR('',#17281,1.);
#17281 = DIRECTION('',(-0.,-1.));
#17282 = ( GEOMETRIC_REPRESENTATION_CONTEXT(2) 
PARAMETRIC_REPRESENTATION_CONTEXT() REPRESENTATION_CONTEXT('2D SPACE',''
  ) );
#17283 = PCURVE('',#17272,#17284);
#17284 = DEFINITIONAL_REPRESENTATION('',(#17285),#17289);
#17285 = LINE('',#17286,#17287);
#17286 = CARTESIAN_POINT('',(-6.28318530718,0.));
#17287 = VECTOR('',#17288,1.);
#17288 = DIRECTION('',(-0.,-1.));
#17289 = ( GEOMETRIC_REPRESENTATION_CONTEXT(2) 
PARAMETRIC_REPRESENTATION_CONTEXT() REPRESENTATION_CONTEXT('2D SPACE',''
  ) );
#17290 = ORIENTED_EDGE('',*,*,#17291,.T.);
#17291 = EDGE_CURVE('',#17264,#17264,#17292,.T.);
#17292 = SURFACE_CURVE('',#17293,(#17298,#17305),.PCURVE_S1.);
#17293 = CIRCLE('',#17294,1.3);
#17294 = AXIS2_PLACEMENT_3D('',#17295,#17296,#17297);
#17295 = CARTESIAN_POINT('',(79.32308546376,71.7,108.4));
#17296 = DIRECTION('',(0.,1.,-0.));
#17297 = DIRECTION('',(-1.,0.,0.));
#17298 = PCURVE('',#17272,#17299);
#17299 = DEFINITIONAL_REPRESENTATION('',(#17300),#17304);
#17300 = LINE('',#17301,#17302);
#17301 = CARTESIAN_POINT('',(-0.,-3.));
#17302 = VECTOR('',#17303,1.);
#17303 = DIRECTION('',(-1.,0.));
#17304 = ( GEOMETRIC_REPRESENTATION_CONTEXT(2) 
PARAMETRIC_REPRESENTATION_CONTEXT() REPRESENTATION_CONTEXT('2D SPACE',''
  ) );
#17305 = PCURVE('',#72,#17306);
#17306 = DEFINITIONAL_REPRESENTATION('',(#17307),#17311);
#17307 = CIRCLE('',#17308,1.3);
#17308 = AXIS2_PLACEMENT_2D('',#17309,#17310);
#17309 = CARTESIAN_POINT('',(10.67691453624,22.65));
#17310 = DIRECTION('',(1.,0.));
#17311 = ( GEOMETRIC_REPRESENTATION_CONTEXT(2) 
PARAMETRIC_REPRESENTATION_CONTEXT() REPRESENTATION_CONTEXT('2D SPACE',''
  ) );
#17312 = ORIENTED_EDGE('',*,*,#17261,.F.);
#17313 = ORIENTED_EDGE('',*,*,#17314,.F.);
#17314 = EDGE_CURVE('',#17262,#17262,#17315,.T.);
#17315 = SURFACE_CURVE('',#17316,(#17321,#17328),.PCURVE_S1.);
#17316 = CIRCLE('',#17317,1.3);
#17317 = AXIS2_PLACEMENT_3D('',#17318,#17319,#17320);
#17318 = CARTESIAN_POINT('',(79.32308546376,68.7,108.4));
#17319 = DIRECTION('',(0.,1.,-0.));
#17320 = DIRECTION('',(-1.,0.,0.));
#17321 = PCURVE('',#17272,#17322);
#17322 = DEFINITIONAL_REPRESENTATION('',(#17323),#17327);
#17323 = LINE('',#17324,#17325);
#17324 = CARTESIAN_POINT('',(-0.,0.));
#17325 = VECTOR('',#17326,1.);
#17326 = DIRECTION('',(-1.,0.));
#17327 = ( GEOMETRIC_REPRESENTATION_CONTEXT(2) 
PARAMETRIC_REPRESENTATION_CONTEXT() REPRESENTATION_CONTEXT('2D SPACE',''
  ) );
#17328 = PCURVE('',#126,#17329);
#17329 = DEFINITIONAL_REPRESENTATION('',(#17330),#17334);
#17330 = CIRCLE('',#17331,1.3);
#17331 = AXIS2_PLACEMENT_2D('',#17332,#17333);
#17332 = CARTESIAN_POINT('',(10.67691453624,22.65));
#17333 = DIRECTION('',(1.,0.));
#17334 = ( GEOMETRIC_REPRESENTATION_CONTEXT(2) 
PARAMETRIC_REPRESENTATION_CONTEXT() REPRESENTATION_CONTEXT('2D SPACE',''
  ) );
#17335 = ADVANCED_FACE('',(#17336),#17350,.F.);
#17336 = FACE_BOUND('',#17337,.T.);
#17337 = EDGE_LOOP('',(#17338,#17368,#17390,#17391));
#17338 = ORIENTED_EDGE('',*,*,#17339,.T.);
#17339 = EDGE_CURVE('',#17340,#17342,#17344,.T.);
#17340 = VERTEX_POINT('',#17341);
#17341 = CARTESIAN_POINT('',(78.02308546376,68.7,113.2));
#17342 = VERTEX_POINT('',#17343);
#17343 = CARTESIAN_POINT('',(78.02308546376,71.7,113.2));
#17344 = SEAM_CURVE('',#17345,(#17349,#17361),.PCURVE_S1.);
#17345 = LINE('',#17346,#17347);
#17346 = CARTESIAN_POINT('',(78.02308546376,68.7,113.2));
#17347 = VECTOR('',#17348,1.);
#17348 = DIRECTION('',(0.,1.,-0.));
#17349 = PCURVE('',#17350,#17355);
#17350 = CYLINDRICAL_SURFACE('',#17351,1.3);
#17351 = AXIS2_PLACEMENT_3D('',#17352,#17353,#17354);
#17352 = CARTESIAN_POINT('',(79.32308546376,68.7,113.2));
#17353 = DIRECTION('',(-0.,-1.,0.));
#17354 = DIRECTION('',(-1.,0.,0.));
#17355 = DEFINITIONAL_REPRESENTATION('',(#17356),#17360);
#17356 = LINE('',#17357,#17358);
#17357 = CARTESIAN_POINT('',(-0.,0.));
#17358 = VECTOR('',#17359,1.);
#17359 = DIRECTION('',(-0.,-1.));
#17360 = ( GEOMETRIC_REPRESENTATION_CONTEXT(2) 
PARAMETRIC_REPRESENTATION_CONTEXT() REPRESENTATION_CONTEXT('2D SPACE',''
  ) );
#17361 = PCURVE('',#17350,#17362);
#17362 = DEFINITIONAL_REPRESENTATION('',(#17363),#17367);
#17363 = LINE('',#17364,#17365);
#17364 = CARTESIAN_POINT('',(-6.28318530718,0.));
#17365 = VECTOR('',#17366,1.);
#17366 = DIRECTION('',(-0.,-1.));
#17367 = ( GEOMETRIC_REPRESENTATION_CONTEXT(2) 
PARAMETRIC_REPRESENTATION_CONTEXT() REPRESENTATION_CONTEXT('2D SPACE',''
  ) );
#17368 = ORIENTED_EDGE('',*,*,#17369,.T.);
#17369 = EDGE_CURVE('',#17342,#17342,#17370,.T.);
#17370 = SURFACE_CURVE('',#17371,(#17376,#17383),.PCURVE_S1.);
#17371 = CIRCLE('',#17372,1.3);
#17372 = AXIS2_PLACEMENT_3D('',#17373,#17374,#17375);
#17373 = CARTESIAN_POINT('',(79.32308546376,71.7,113.2));
#17374 = DIRECTION('',(0.,1.,-0.));
#17375 = DIRECTION('',(-1.,0.,0.));
#17376 = PCURVE('',#17350,#17377);
#17377 = DEFINITIONAL_REPRESENTATION('',(#17378),#17382);
#17378 = LINE('',#17379,#17380);
#17379 = CARTESIAN_POINT('',(-0.,-3.));
#17380 = VECTOR('',#17381,1.);
#17381 = DIRECTION('',(-1.,0.));
#17382 = ( GEOMETRIC_REPRESENTATION_CONTEXT(2) 
PARAMETRIC_REPRESENTATION_CONTEXT() REPRESENTATION_CONTEXT('2D SPACE',''
  ) );
#17383 = PCURVE('',#72,#17384);
#17384 = DEFINITIONAL_REPRESENTATION('',(#17385),#17389);
#17385 = CIRCLE('',#17386,1.3);
#17386 = AXIS2_PLACEMENT_2D('',#17387,#17388);
#17387 = CARTESIAN_POINT('',(10.67691453624,27.45));
#17388 = DIRECTION('',(1.,0.));
#17389 = ( GEOMETRIC_REPRESENTATION_CONTEXT(2) 
PARAMETRIC_REPRESENTATION_CONTEXT() REPRESENTATION_CONTEXT('2D SPACE',''
  ) );
#17390 = ORIENTED_EDGE('',*,*,#17339,.F.);
#17391 = ORIENTED_EDGE('',*,*,#17392,.F.);
#17392 = EDGE_CURVE('',#17340,#17340,#17393,.T.);
#17393 = SURFACE_CURVE('',#17394,(#17399,#17406),.PCURVE_S1.);
#17394 = CIRCLE('',#17395,1.3);
#17395 = AXIS2_PLACEMENT_3D('',#17396,#17397,#17398);
#17396 = CARTESIAN_POINT('',(79.32308546376,68.7,113.2));
#17397 = DIRECTION('',(0.,1.,-0.));
#17398 = DIRECTION('',(-1.,0.,0.));
#17399 = PCURVE('',#17350,#17400);
#17400 = DEFINITIONAL_REPRESENTATION('',(#17401),#17405);
#17401 = LINE('',#17402,#17403);
#17402 = CARTESIAN_POINT('',(-0.,0.));
#17403 = VECTOR('',#17404,1.);
#17404 = DIRECTION('',(-1.,0.));
#17405 = ( GEOMETRIC_REPRESENTATION_CONTEXT(2) 
PARAMETRIC_REPRESENTATION_CONTEXT() REPRESENTATION_CONTEXT('2D SPACE',''
  ) );
#17406 = PCURVE('',#126,#17407);
#17407 = DEFINITIONAL_REPRESENTATION('',(#17408),#17412);
#17408 = CIRCLE('',#17409,1.3);
#17409 = AXIS2_PLACEMENT_2D('',#17410,#17411);
#17410 = CARTESIAN_POINT('',(10.67691453624,27.45));
#17411 = DIRECTION('',(1.,0.));
#17412 = ( GEOMETRIC_REPRESENTATION_CONTEXT(2) 
PARAMETRIC_REPRESENTATION_CONTEXT() REPRESENTATION_CONTEXT('2D SPACE',''
  ) );
#17413 = ADVANCED_FACE('',(#17414),#17428,.F.);
#17414 = FACE_BOUND('',#17415,.T.);
#17415 = EDGE_LOOP('',(#17416,#17446,#17468,#17469));
#17416 = ORIENTED_EDGE('',*,*,#17417,.T.);
#17417 = EDGE_CURVE('',#17418,#17420,#17422,.T.);
#17418 = VERTEX_POINT('',#17419);
#17419 = CARTESIAN_POINT('',(86.336929340091,68.7,118.));
#17420 = VERTEX_POINT('',#17421);
#17421 = CARTESIAN_POINT('',(86.336929340091,71.7,118.));
#17422 = SEAM_CURVE('',#17423,(#17427,#17439),.PCURVE_S1.);
#17423 = LINE('',#17424,#17425);
#17424 = CARTESIAN_POINT('',(86.336929340091,68.7,118.));
#17425 = VECTOR('',#17426,1.);
#17426 = DIRECTION('',(0.,1.,-0.));
#17427 = PCURVE('',#17428,#17433);
#17428 = CYLINDRICAL_SURFACE('',#17429,1.3);
#17429 = AXIS2_PLACEMENT_3D('',#17430,#17431,#17432);
#17430 = CARTESIAN_POINT('',(87.636929340091,68.7,118.));
#17431 = DIRECTION('',(-0.,-1.,0.));
#17432 = DIRECTION('',(-1.,0.,0.));
#17433 = DEFINITIONAL_REPRESENTATION('',(#17434),#17438);
#17434 = LINE('',#17435,#17436);
#17435 = CARTESIAN_POINT('',(-0.,0.));
#17436 = VECTOR('',#17437,1.);
#17437 = DIRECTION('',(-0.,-1.));
#17438 = ( GEOMETRIC_REPRESENTATION_CONTEXT(2) 
PARAMETRIC_REPRESENTATION_CONTEXT() REPRESENTATION_CONTEXT('2D SPACE',''
  ) );
#17439 = PCURVE('',#17428,#17440);
#17440 = DEFINITIONAL_REPRESENTATION('',(#17441),#17445);
#17441 = LINE('',#17442,#17443);
#17442 = CARTESIAN_POINT('',(-6.28318530718,0.));
#17443 = VECTOR('',#17444,1.);
#17444 = DIRECTION('',(-0.,-1.));
#17445 = ( GEOMETRIC_REPRESENTATION_CONTEXT(2) 
PARAMETRIC_REPRESENTATION_CONTEXT() REPRESENTATION_CONTEXT('2D SPACE',''
  ) );
#17446 = ORIENTED_EDGE('',*,*,#17447,.T.);
#17447 = EDGE_CURVE('',#17420,#17420,#17448,.T.);
#17448 = SURFACE_CURVE('',#17449,(#17454,#17461),.PCURVE_S1.);
#17449 = CIRCLE('',#17450,1.3);
#17450 = AXIS2_PLACEMENT_3D('',#17451,#17452,#17453);
#17451 = CARTESIAN_POINT('',(87.636929340091,71.7,118.));
#17452 = DIRECTION('',(0.,1.,-0.));
#17453 = DIRECTION('',(-1.,0.,0.));
#17454 = PCURVE('',#17428,#17455);
#17455 = DEFINITIONAL_REPRESENTATION('',(#17456),#17460);
#17456 = LINE('',#17457,#17458);
#17457 = CARTESIAN_POINT('',(-0.,-3.));
#17458 = VECTOR('',#17459,1.);
#17459 = DIRECTION('',(-1.,0.));
#17460 = ( GEOMETRIC_REPRESENTATION_CONTEXT(2) 
PARAMETRIC_REPRESENTATION_CONTEXT() REPRESENTATION_CONTEXT('2D SPACE',''
  ) );
#17461 = PCURVE('',#72,#17462);
#17462 = DEFINITIONAL_REPRESENTATION('',(#17463),#17467);
#17463 = CIRCLE('',#17464,1.3);
#17464 = AXIS2_PLACEMENT_2D('',#17465,#17466);
#17465 = CARTESIAN_POINT('',(2.363070659909,32.25));
#17466 = DIRECTION('',(1.,0.));
#17467 = ( GEOMETRIC_REPRESENTATION_CONTEXT(2) 
PARAMETRIC_REPRESENTATION_CONTEXT() REPRESENTATION_CONTEXT('2D SPACE',''
  ) );
#17468 = ORIENTED_EDGE('',*,*,#17417,.F.);
#17469 = ORIENTED_EDGE('',*,*,#17470,.F.);
#17470 = EDGE_CURVE('',#17418,#17418,#17471,.T.);
#17471 = SURFACE_CURVE('',#17472,(#17477,#17484),.PCURVE_S1.);
#17472 = CIRCLE('',#17473,1.3);
#17473 = AXIS2_PLACEMENT_3D('',#17474,#17475,#17476);
#17474 = CARTESIAN_POINT('',(87.636929340091,68.7,118.));
#17475 = DIRECTION('',(0.,1.,-0.));
#17476 = DIRECTION('',(-1.,0.,0.));
#17477 = PCURVE('',#17428,#17478);
#17478 = DEFINITIONAL_REPRESENTATION('',(#17479),#17483);
#17479 = LINE('',#17480,#17481);
#17480 = CARTESIAN_POINT('',(-0.,0.));
#17481 = VECTOR('',#17482,1.);
#17482 = DIRECTION('',(-1.,0.));
#17483 = ( GEOMETRIC_REPRESENTATION_CONTEXT(2) 
PARAMETRIC_REPRESENTATION_CONTEXT() REPRESENTATION_CONTEXT('2D SPACE',''
  ) );
#17484 = PCURVE('',#126,#17485);
#17485 = DEFINITIONAL_REPRESENTATION('',(#17486),#17490);
#17486 = CIRCLE('',#17487,1.3);
#17487 = AXIS2_PLACEMENT_2D('',#17488,#17489);
#17488 = CARTESIAN_POINT('',(2.363070659909,32.25));
#17489 = DIRECTION('',(1.,0.));
#17490 = ( GEOMETRIC_REPRESENTATION_CONTEXT(2) 
PARAMETRIC_REPRESENTATION_CONTEXT() REPRESENTATION_CONTEXT('2D SPACE',''
  ) );
#17491 = ADVANCED_FACE('',(#17492),#17506,.F.);
#17492 = FACE_BOUND('',#17493,.T.);
#17493 = EDGE_LOOP('',(#17494,#17524,#17546,#17547));
#17494 = ORIENTED_EDGE('',*,*,#17495,.T.);
#17495 = EDGE_CURVE('',#17496,#17498,#17500,.T.);
#17496 = VERTEX_POINT('',#17497);
#17497 = CARTESIAN_POINT('',(82.180007401926,68.7,120.4));
#17498 = VERTEX_POINT('',#17499);
#17499 = CARTESIAN_POINT('',(82.180007401926,71.7,120.4));
#17500 = SEAM_CURVE('',#17501,(#17505,#17517),.PCURVE_S1.);
#17501 = LINE('',#17502,#17503);
#17502 = CARTESIAN_POINT('',(82.180007401926,68.7,120.4));
#17503 = VECTOR('',#17504,1.);
#17504 = DIRECTION('',(0.,1.,-0.));
#17505 = PCURVE('',#17506,#17511);
#17506 = CYLINDRICAL_SURFACE('',#17507,1.3);
#17507 = AXIS2_PLACEMENT_3D('',#17508,#17509,#17510);
#17508 = CARTESIAN_POINT('',(83.480007401926,68.7,120.4));
#17509 = DIRECTION('',(-0.,-1.,0.));
#17510 = DIRECTION('',(-1.,0.,0.));
#17511 = DEFINITIONAL_REPRESENTATION('',(#17512),#17516);
#17512 = LINE('',#17513,#17514);
#17513 = CARTESIAN_POINT('',(-0.,0.));
#17514 = VECTOR('',#17515,1.);
#17515 = DIRECTION('',(-0.,-1.));
#17516 = ( GEOMETRIC_REPRESENTATION_CONTEXT(2) 
PARAMETRIC_REPRESENTATION_CONTEXT() REPRESENTATION_CONTEXT('2D SPACE',''
  ) );
#17517 = PCURVE('',#17506,#17518);
#17518 = DEFINITIONAL_REPRESENTATION('',(#17519),#17523);
#17519 = LINE('',#17520,#17521);
#17520 = CARTESIAN_POINT('',(-6.28318530718,0.));
#17521 = VECTOR('',#17522,1.);
#17522 = DIRECTION('',(-0.,-1.));
#17523 = ( GEOMETRIC_REPRESENTATION_CONTEXT(2) 
PARAMETRIC_REPRESENTATION_CONTEXT() REPRESENTATION_CONTEXT('2D SPACE',''
  ) );
#17524 = ORIENTED_EDGE('',*,*,#17525,.T.);
#17525 = EDGE_CURVE('',#17498,#17498,#17526,.T.);
#17526 = SURFACE_CURVE('',#17527,(#17532,#17539),.PCURVE_S1.);
#17527 = CIRCLE('',#17528,1.3);
#17528 = AXIS2_PLACEMENT_3D('',#17529,#17530,#17531);
#17529 = CARTESIAN_POINT('',(83.480007401926,71.7,120.4));
#17530 = DIRECTION('',(0.,1.,-0.));
#17531 = DIRECTION('',(-1.,0.,0.));
#17532 = PCURVE('',#17506,#17533);
#17533 = DEFINITIONAL_REPRESENTATION('',(#17534),#17538);
#17534 = LINE('',#17535,#17536);
#17535 = CARTESIAN_POINT('',(-0.,-3.));
#17536 = VECTOR('',#17537,1.);
#17537 = DIRECTION('',(-1.,0.));
#17538 = ( GEOMETRIC_REPRESENTATION_CONTEXT(2) 
PARAMETRIC_REPRESENTATION_CONTEXT() REPRESENTATION_CONTEXT('2D SPACE',''
  ) );
#17539 = PCURVE('',#72,#17540);
#17540 = DEFINITIONAL_REPRESENTATION('',(#17541),#17545);
#17541 = CIRCLE('',#17542,1.3);
#17542 = AXIS2_PLACEMENT_2D('',#17543,#17544);
#17543 = CARTESIAN_POINT('',(6.519992598074,34.65));
#17544 = DIRECTION('',(1.,0.));
#17545 = ( GEOMETRIC_REPRESENTATION_CONTEXT(2) 
PARAMETRIC_REPRESENTATION_CONTEXT() REPRESENTATION_CONTEXT('2D SPACE',''
  ) );
#17546 = ORIENTED_EDGE('',*,*,#17495,.F.);
#17547 = ORIENTED_EDGE('',*,*,#17548,.F.);
#17548 = EDGE_CURVE('',#17496,#17496,#17549,.T.);
#17549 = SURFACE_CURVE('',#17550,(#17555,#17562),.PCURVE_S1.);
#17550 = CIRCLE('',#17551,1.3);
#17551 = AXIS2_PLACEMENT_3D('',#17552,#17553,#17554);
#17552 = CARTESIAN_POINT('',(83.480007401926,68.7,120.4));
#17553 = DIRECTION('',(0.,1.,-0.));
#17554 = DIRECTION('',(-1.,0.,0.));
#17555 = PCURVE('',#17506,#17556);
#17556 = DEFINITIONAL_REPRESENTATION('',(#17557),#17561);
#17557 = LINE('',#17558,#17559);
#17558 = CARTESIAN_POINT('',(-0.,0.));
#17559 = VECTOR('',#17560,1.);
#17560 = DIRECTION('',(-1.,0.));
#17561 = ( GEOMETRIC_REPRESENTATION_CONTEXT(2) 
PARAMETRIC_REPRESENTATION_CONTEXT() REPRESENTATION_CONTEXT('2D SPACE',''
  ) );
#17562 = PCURVE('',#126,#17563);
#17563 = DEFINITIONAL_REPRESENTATION('',(#17564),#17568);
#17564 = CIRCLE('',#17565,1.3);
#17565 = AXIS2_PLACEMENT_2D('',#17566,#17567);
#17566 = CARTESIAN_POINT('',(6.519992598074,34.65));
#17567 = DIRECTION('',(1.,0.));
#17568 = ( GEOMETRIC_REPRESENTATION_CONTEXT(2) 
PARAMETRIC_REPRESENTATION_CONTEXT() REPRESENTATION_CONTEXT('2D SPACE',''
  ) );
#17569 = ADVANCED_FACE('',(#17570),#17584,.F.);
#17570 = FACE_BOUND('',#17571,.T.);
#17571 = EDGE_LOOP('',(#17572,#17602,#17624,#17625));
#17572 = ORIENTED_EDGE('',*,*,#17573,.T.);
#17573 = EDGE_CURVE('',#17574,#17576,#17578,.T.);
#17574 = VERTEX_POINT('',#17575);
#17575 = CARTESIAN_POINT('',(86.336929340091,68.7,122.8));
#17576 = VERTEX_POINT('',#17577);
#17577 = CARTESIAN_POINT('',(86.336929340091,71.7,122.8));
#17578 = SEAM_CURVE('',#17579,(#17583,#17595),.PCURVE_S1.);
#17579 = LINE('',#17580,#17581);
#17580 = CARTESIAN_POINT('',(86.336929340091,68.7,122.8));
#17581 = VECTOR('',#17582,1.);
#17582 = DIRECTION('',(0.,1.,-0.));
#17583 = PCURVE('',#17584,#17589);
#17584 = CYLINDRICAL_SURFACE('',#17585,1.3);
#17585 = AXIS2_PLACEMENT_3D('',#17586,#17587,#17588);
#17586 = CARTESIAN_POINT('',(87.636929340091,68.7,122.8));
#17587 = DIRECTION('',(-0.,-1.,0.));
#17588 = DIRECTION('',(-1.,0.,0.));
#17589 = DEFINITIONAL_REPRESENTATION('',(#17590),#17594);
#17590 = LINE('',#17591,#17592);
#17591 = CARTESIAN_POINT('',(-0.,0.));
#17592 = VECTOR('',#17593,1.);
#17593 = DIRECTION('',(-0.,-1.));
#17594 = ( GEOMETRIC_REPRESENTATION_CONTEXT(2) 
PARAMETRIC_REPRESENTATION_CONTEXT() REPRESENTATION_CONTEXT('2D SPACE',''
  ) );
#17595 = PCURVE('',#17584,#17596);
#17596 = DEFINITIONAL_REPRESENTATION('',(#17597),#17601);
#17597 = LINE('',#17598,#17599);
#17598 = CARTESIAN_POINT('',(-6.28318530718,0.));
#17599 = VECTOR('',#17600,1.);
#17600 = DIRECTION('',(-0.,-1.));
#17601 = ( GEOMETRIC_REPRESENTATION_CONTEXT(2) 
PARAMETRIC_REPRESENTATION_CONTEXT() REPRESENTATION_CONTEXT('2D SPACE',''
  ) );
#17602 = ORIENTED_EDGE('',*,*,#17603,.T.);
#17603 = EDGE_CURVE('',#17576,#17576,#17604,.T.);
#17604 = SURFACE_CURVE('',#17605,(#17610,#17617),.PCURVE_S1.);
#17605 = CIRCLE('',#17606,1.3);
#17606 = AXIS2_PLACEMENT_3D('',#17607,#17608,#17609);
#17607 = CARTESIAN_POINT('',(87.636929340091,71.7,122.8));
#17608 = DIRECTION('',(0.,1.,-0.));
#17609 = DIRECTION('',(-1.,0.,0.));
#17610 = PCURVE('',#17584,#17611);
#17611 = DEFINITIONAL_REPRESENTATION('',(#17612),#17616);
#17612 = LINE('',#17613,#17614);
#17613 = CARTESIAN_POINT('',(-0.,-3.));
#17614 = VECTOR('',#17615,1.);
#17615 = DIRECTION('',(-1.,0.));
#17616 = ( GEOMETRIC_REPRESENTATION_CONTEXT(2) 
PARAMETRIC_REPRESENTATION_CONTEXT() REPRESENTATION_CONTEXT('2D SPACE',''
  ) );
#17617 = PCURVE('',#72,#17618);
#17618 = DEFINITIONAL_REPRESENTATION('',(#17619),#17623);
#17619 = CIRCLE('',#17620,1.3);
#17620 = AXIS2_PLACEMENT_2D('',#17621,#17622);
#17621 = CARTESIAN_POINT('',(2.363070659909,37.05));
#17622 = DIRECTION('',(1.,0.));
#17623 = ( GEOMETRIC_REPRESENTATION_CONTEXT(2) 
PARAMETRIC_REPRESENTATION_CONTEXT() REPRESENTATION_CONTEXT('2D SPACE',''
  ) );
#17624 = ORIENTED_EDGE('',*,*,#17573,.F.);
#17625 = ORIENTED_EDGE('',*,*,#17626,.F.);
#17626 = EDGE_CURVE('',#17574,#17574,#17627,.T.);
#17627 = SURFACE_CURVE('',#17628,(#17633,#17640),.PCURVE_S1.);
#17628 = CIRCLE('',#17629,1.3);
#17629 = AXIS2_PLACEMENT_3D('',#17630,#17631,#17632);
#17630 = CARTESIAN_POINT('',(87.636929340091,68.7,122.8));
#17631 = DIRECTION('',(0.,1.,-0.));
#17632 = DIRECTION('',(-1.,0.,0.));
#17633 = PCURVE('',#17584,#17634);
#17634 = DEFINITIONAL_REPRESENTATION('',(#17635),#17639);
#17635 = LINE('',#17636,#17637);
#17636 = CARTESIAN_POINT('',(-0.,0.));
#17637 = VECTOR('',#17638,1.);
#17638 = DIRECTION('',(-1.,0.));
#17639 = ( GEOMETRIC_REPRESENTATION_CONTEXT(2) 
PARAMETRIC_REPRESENTATION_CONTEXT() REPRESENTATION_CONTEXT('2D SPACE',''
  ) );
#17640 = PCURVE('',#126,#17641);
#17641 = DEFINITIONAL_REPRESENTATION('',(#17642),#17646);
#17642 = CIRCLE('',#17643,1.3);
#17643 = AXIS2_PLACEMENT_2D('',#17644,#17645);
#17644 = CARTESIAN_POINT('',(2.363070659909,37.05));
#17645 = DIRECTION('',(1.,0.));
#17646 = ( GEOMETRIC_REPRESENTATION_CONTEXT(2) 
PARAMETRIC_REPRESENTATION_CONTEXT() REPRESENTATION_CONTEXT('2D SPACE',''
  ) );
#17647 = ADVANCED_FACE('',(#17648),#17662,.F.);
#17648 = FACE_BOUND('',#17649,.T.);
#17649 = EDGE_LOOP('',(#17650,#17680,#17702,#17703));
#17650 = ORIENTED_EDGE('',*,*,#17651,.T.);
#17651 = EDGE_CURVE('',#17652,#17654,#17656,.T.);
#17652 = VERTEX_POINT('',#17653);
#17653 = CARTESIAN_POINT('',(82.180007401926,68.7,125.2));
#17654 = VERTEX_POINT('',#17655);
#17655 = CARTESIAN_POINT('',(82.180007401926,71.7,125.2));
#17656 = SEAM_CURVE('',#17657,(#17661,#17673),.PCURVE_S1.);
#17657 = LINE('',#17658,#17659);
#17658 = CARTESIAN_POINT('',(82.180007401926,68.7,125.2));
#17659 = VECTOR('',#17660,1.);
#17660 = DIRECTION('',(0.,1.,-0.));
#17661 = PCURVE('',#17662,#17667);
#17662 = CYLINDRICAL_SURFACE('',#17663,1.3);
#17663 = AXIS2_PLACEMENT_3D('',#17664,#17665,#17666);
#17664 = CARTESIAN_POINT('',(83.480007401926,68.7,125.2));
#17665 = DIRECTION('',(-0.,-1.,0.));
#17666 = DIRECTION('',(-1.,0.,0.));
#17667 = DEFINITIONAL_REPRESENTATION('',(#17668),#17672);
#17668 = LINE('',#17669,#17670);
#17669 = CARTESIAN_POINT('',(-0.,0.));
#17670 = VECTOR('',#17671,1.);
#17671 = DIRECTION('',(-0.,-1.));
#17672 = ( GEOMETRIC_REPRESENTATION_CONTEXT(2) 
PARAMETRIC_REPRESENTATION_CONTEXT() REPRESENTATION_CONTEXT('2D SPACE',''
  ) );
#17673 = PCURVE('',#17662,#17674);
#17674 = DEFINITIONAL_REPRESENTATION('',(#17675),#17679);
#17675 = LINE('',#17676,#17677);
#17676 = CARTESIAN_POINT('',(-6.28318530718,0.));
#17677 = VECTOR('',#17678,1.);
#17678 = DIRECTION('',(-0.,-1.));
#17679 = ( GEOMETRIC_REPRESENTATION_CONTEXT(2) 
PARAMETRIC_REPRESENTATION_CONTEXT() REPRESENTATION_CONTEXT('2D SPACE',''
  ) );
#17680 = ORIENTED_EDGE('',*,*,#17681,.T.);
#17681 = EDGE_CURVE('',#17654,#17654,#17682,.T.);
#17682 = SURFACE_CURVE('',#17683,(#17688,#17695),.PCURVE_S1.);
#17683 = CIRCLE('',#17684,1.3);
#17684 = AXIS2_PLACEMENT_3D('',#17685,#17686,#17687);
#17685 = CARTESIAN_POINT('',(83.480007401926,71.7,125.2));
#17686 = DIRECTION('',(0.,1.,-0.));
#17687 = DIRECTION('',(-1.,0.,0.));
#17688 = PCURVE('',#17662,#17689);
#17689 = DEFINITIONAL_REPRESENTATION('',(#17690),#17694);
#17690 = LINE('',#17691,#17692);
#17691 = CARTESIAN_POINT('',(-0.,-3.));
#17692 = VECTOR('',#17693,1.);
#17693 = DIRECTION('',(-1.,0.));
#17694 = ( GEOMETRIC_REPRESENTATION_CONTEXT(2) 
PARAMETRIC_REPRESENTATION_CONTEXT() REPRESENTATION_CONTEXT('2D SPACE',''
  ) );
#17695 = PCURVE('',#72,#17696);
#17696 = DEFINITIONAL_REPRESENTATION('',(#17697),#17701);
#17697 = CIRCLE('',#17698,1.3);
#17698 = AXIS2_PLACEMENT_2D('',#17699,#17700);
#17699 = CARTESIAN_POINT('',(6.519992598074,39.45));
#17700 = DIRECTION('',(1.,0.));
#17701 = ( GEOMETRIC_REPRESENTATION_CONTEXT(2) 
PARAMETRIC_REPRESENTATION_CONTEXT() REPRESENTATION_CONTEXT('2D SPACE',''
  ) );
#17702 = ORIENTED_EDGE('',*,*,#17651,.F.);
#17703 = ORIENTED_EDGE('',*,*,#17704,.F.);
#17704 = EDGE_CURVE('',#17652,#17652,#17705,.T.);
#17705 = SURFACE_CURVE('',#17706,(#17711,#17718),.PCURVE_S1.);
#17706 = CIRCLE('',#17707,1.3);
#17707 = AXIS2_PLACEMENT_3D('',#17708,#17709,#17710);
#17708 = CARTESIAN_POINT('',(83.480007401926,68.7,125.2));
#17709 = DIRECTION('',(0.,1.,-0.));
#17710 = DIRECTION('',(-1.,0.,0.));
#17711 = PCURVE('',#17662,#17712);
#17712 = DEFINITIONAL_REPRESENTATION('',(#17713),#17717);
#17713 = LINE('',#17714,#17715);
#17714 = CARTESIAN_POINT('',(-0.,0.));
#17715 = VECTOR('',#17716,1.);
#17716 = DIRECTION('',(-1.,0.));
#17717 = ( GEOMETRIC_REPRESENTATION_CONTEXT(2) 
PARAMETRIC_REPRESENTATION_CONTEXT() REPRESENTATION_CONTEXT('2D SPACE',''
  ) );
#17718 = PCURVE('',#126,#17719);
#17719 = DEFINITIONAL_REPRESENTATION('',(#17720),#17724);
#17720 = CIRCLE('',#17721,1.3);
#17721 = AXIS2_PLACEMENT_2D('',#17722,#17723);
#17722 = CARTESIAN_POINT('',(6.519992598074,39.45));
#17723 = DIRECTION('',(1.,0.));
#17724 = ( GEOMETRIC_REPRESENTATION_CONTEXT(2) 
PARAMETRIC_REPRESENTATION_CONTEXT() REPRESENTATION_CONTEXT('2D SPACE',''
  ) );
#17725 = ADVANCED_FACE('',(#17726),#17740,.F.);
#17726 = FACE_BOUND('',#17727,.T.);
#17727 = EDGE_LOOP('',(#17728,#17758,#17780,#17781));
#17728 = ORIENTED_EDGE('',*,*,#17729,.T.);
#17729 = EDGE_CURVE('',#17730,#17732,#17734,.T.);
#17730 = VERTEX_POINT('',#17731);
#17731 = CARTESIAN_POINT('',(78.02308546376,68.7,118.));
#17732 = VERTEX_POINT('',#17733);
#17733 = CARTESIAN_POINT('',(78.02308546376,71.7,118.));
#17734 = SEAM_CURVE('',#17735,(#17739,#17751),.PCURVE_S1.);
#17735 = LINE('',#17736,#17737);
#17736 = CARTESIAN_POINT('',(78.02308546376,68.7,118.));
#17737 = VECTOR('',#17738,1.);
#17738 = DIRECTION('',(0.,1.,-0.));
#17739 = PCURVE('',#17740,#17745);
#17740 = CYLINDRICAL_SURFACE('',#17741,1.3);
#17741 = AXIS2_PLACEMENT_3D('',#17742,#17743,#17744);
#17742 = CARTESIAN_POINT('',(79.32308546376,68.7,118.));
#17743 = DIRECTION('',(-0.,-1.,0.));
#17744 = DIRECTION('',(-1.,0.,0.));
#17745 = DEFINITIONAL_REPRESENTATION('',(#17746),#17750);
#17746 = LINE('',#17747,#17748);
#17747 = CARTESIAN_POINT('',(-0.,0.));
#17748 = VECTOR('',#17749,1.);
#17749 = DIRECTION('',(-0.,-1.));
#17750 = ( GEOMETRIC_REPRESENTATION_CONTEXT(2) 
PARAMETRIC_REPRESENTATION_CONTEXT() REPRESENTATION_CONTEXT('2D SPACE',''
  ) );
#17751 = PCURVE('',#17740,#17752);
#17752 = DEFINITIONAL_REPRESENTATION('',(#17753),#17757);
#17753 = LINE('',#17754,#17755);
#17754 = CARTESIAN_POINT('',(-6.28318530718,0.));
#17755 = VECTOR('',#17756,1.);
#17756 = DIRECTION('',(-0.,-1.));
#17757 = ( GEOMETRIC_REPRESENTATION_CONTEXT(2) 
PARAMETRIC_REPRESENTATION_CONTEXT() REPRESENTATION_CONTEXT('2D SPACE',''
  ) );
#17758 = ORIENTED_EDGE('',*,*,#17759,.T.);
#17759 = EDGE_CURVE('',#17732,#17732,#17760,.T.);
#17760 = SURFACE_CURVE('',#17761,(#17766,#17773),.PCURVE_S1.);
#17761 = CIRCLE('',#17762,1.3);
#17762 = AXIS2_PLACEMENT_3D('',#17763,#17764,#17765);
#17763 = CARTESIAN_POINT('',(79.32308546376,71.7,118.));
#17764 = DIRECTION('',(0.,1.,-0.));
#17765 = DIRECTION('',(-1.,0.,0.));
#17766 = PCURVE('',#17740,#17767);
#17767 = DEFINITIONAL_REPRESENTATION('',(#17768),#17772);
#17768 = LINE('',#17769,#17770);
#17769 = CARTESIAN_POINT('',(-0.,-3.));
#17770 = VECTOR('',#17771,1.);
#17771 = DIRECTION('',(-1.,0.));
#17772 = ( GEOMETRIC_REPRESENTATION_CONTEXT(2) 
PARAMETRIC_REPRESENTATION_CONTEXT() REPRESENTATION_CONTEXT('2D SPACE',''
  ) );
#17773 = PCURVE('',#72,#17774);
#17774 = DEFINITIONAL_REPRESENTATION('',(#17775),#17779);
#17775 = CIRCLE('',#17776,1.3);
#17776 = AXIS2_PLACEMENT_2D('',#17777,#17778);
#17777 = CARTESIAN_POINT('',(10.67691453624,32.25));
#17778 = DIRECTION('',(1.,0.));
#17779 = ( GEOMETRIC_REPRESENTATION_CONTEXT(2) 
PARAMETRIC_REPRESENTATION_CONTEXT() REPRESENTATION_CONTEXT('2D SPACE',''
  ) );
#17780 = ORIENTED_EDGE('',*,*,#17729,.F.);
#17781 = ORIENTED_EDGE('',*,*,#17782,.F.);
#17782 = EDGE_CURVE('',#17730,#17730,#17783,.T.);
#17783 = SURFACE_CURVE('',#17784,(#17789,#17796),.PCURVE_S1.);
#17784 = CIRCLE('',#17785,1.3);
#17785 = AXIS2_PLACEMENT_3D('',#17786,#17787,#17788);
#17786 = CARTESIAN_POINT('',(79.32308546376,68.7,118.));
#17787 = DIRECTION('',(0.,1.,-0.));
#17788 = DIRECTION('',(-1.,0.,0.));
#17789 = PCURVE('',#17740,#17790);
#17790 = DEFINITIONAL_REPRESENTATION('',(#17791),#17795);
#17791 = LINE('',#17792,#17793);
#17792 = CARTESIAN_POINT('',(-0.,0.));
#17793 = VECTOR('',#17794,1.);
#17794 = DIRECTION('',(-1.,0.));
#17795 = ( GEOMETRIC_REPRESENTATION_CONTEXT(2) 
PARAMETRIC_REPRESENTATION_CONTEXT() REPRESENTATION_CONTEXT('2D SPACE',''
  ) );
#17796 = PCURVE('',#126,#17797);
#17797 = DEFINITIONAL_REPRESENTATION('',(#17798),#17802);
#17798 = CIRCLE('',#17799,1.3);
#17799 = AXIS2_PLACEMENT_2D('',#17800,#17801);
#17800 = CARTESIAN_POINT('',(10.67691453624,32.25));
#17801 = DIRECTION('',(1.,0.));
#17802 = ( GEOMETRIC_REPRESENTATION_CONTEXT(2) 
PARAMETRIC_REPRESENTATION_CONTEXT() REPRESENTATION_CONTEXT('2D SPACE',''
  ) );
#17803 = ADVANCED_FACE('',(#17804),#17818,.F.);
#17804 = FACE_BOUND('',#17805,.T.);
#17805 = EDGE_LOOP('',(#17806,#17836,#17858,#17859));
#17806 = ORIENTED_EDGE('',*,*,#17807,.T.);
#17807 = EDGE_CURVE('',#17808,#17810,#17812,.T.);
#17808 = VERTEX_POINT('',#17809);
#17809 = CARTESIAN_POINT('',(78.02308546376,68.7,122.8));
#17810 = VERTEX_POINT('',#17811);
#17811 = CARTESIAN_POINT('',(78.02308546376,71.7,122.8));
#17812 = SEAM_CURVE('',#17813,(#17817,#17829),.PCURVE_S1.);
#17813 = LINE('',#17814,#17815);
#17814 = CARTESIAN_POINT('',(78.02308546376,68.7,122.8));
#17815 = VECTOR('',#17816,1.);
#17816 = DIRECTION('',(0.,1.,-0.));
#17817 = PCURVE('',#17818,#17823);
#17818 = CYLINDRICAL_SURFACE('',#17819,1.3);
#17819 = AXIS2_PLACEMENT_3D('',#17820,#17821,#17822);
#17820 = CARTESIAN_POINT('',(79.32308546376,68.7,122.8));
#17821 = DIRECTION('',(-0.,-1.,0.));
#17822 = DIRECTION('',(-1.,0.,0.));
#17823 = DEFINITIONAL_REPRESENTATION('',(#17824),#17828);
#17824 = LINE('',#17825,#17826);
#17825 = CARTESIAN_POINT('',(-0.,0.));
#17826 = VECTOR('',#17827,1.);
#17827 = DIRECTION('',(-0.,-1.));
#17828 = ( GEOMETRIC_REPRESENTATION_CONTEXT(2) 
PARAMETRIC_REPRESENTATION_CONTEXT() REPRESENTATION_CONTEXT('2D SPACE',''
  ) );
#17829 = PCURVE('',#17818,#17830);
#17830 = DEFINITIONAL_REPRESENTATION('',(#17831),#17835);
#17831 = LINE('',#17832,#17833);
#17832 = CARTESIAN_POINT('',(-6.28318530718,0.));
#17833 = VECTOR('',#17834,1.);
#17834 = DIRECTION('',(-0.,-1.));
#17835 = ( GEOMETRIC_REPRESENTATION_CONTEXT(2) 
PARAMETRIC_REPRESENTATION_CONTEXT() REPRESENTATION_CONTEXT('2D SPACE',''
  ) );
#17836 = ORIENTED_EDGE('',*,*,#17837,.T.);
#17837 = EDGE_CURVE('',#17810,#17810,#17838,.T.);
#17838 = SURFACE_CURVE('',#17839,(#17844,#17851),.PCURVE_S1.);
#17839 = CIRCLE('',#17840,1.3);
#17840 = AXIS2_PLACEMENT_3D('',#17841,#17842,#17843);
#17841 = CARTESIAN_POINT('',(79.32308546376,71.7,122.8));
#17842 = DIRECTION('',(0.,1.,-0.));
#17843 = DIRECTION('',(-1.,0.,0.));
#17844 = PCURVE('',#17818,#17845);
#17845 = DEFINITIONAL_REPRESENTATION('',(#17846),#17850);
#17846 = LINE('',#17847,#17848);
#17847 = CARTESIAN_POINT('',(-0.,-3.));
#17848 = VECTOR('',#17849,1.);
#17849 = DIRECTION('',(-1.,0.));
#17850 = ( GEOMETRIC_REPRESENTATION_CONTEXT(2) 
PARAMETRIC_REPRESENTATION_CONTEXT() REPRESENTATION_CONTEXT('2D SPACE',''
  ) );
#17851 = PCURVE('',#72,#17852);
#17852 = DEFINITIONAL_REPRESENTATION('',(#17853),#17857);
#17853 = CIRCLE('',#17854,1.3);
#17854 = AXIS2_PLACEMENT_2D('',#17855,#17856);
#17855 = CARTESIAN_POINT('',(10.67691453624,37.05));
#17856 = DIRECTION('',(1.,0.));
#17857 = ( GEOMETRIC_REPRESENTATION_CONTEXT(2) 
PARAMETRIC_REPRESENTATION_CONTEXT() REPRESENTATION_CONTEXT('2D SPACE',''
  ) );
#17858 = ORIENTED_EDGE('',*,*,#17807,.F.);
#17859 = ORIENTED_EDGE('',*,*,#17860,.F.);
#17860 = EDGE_CURVE('',#17808,#17808,#17861,.T.);
#17861 = SURFACE_CURVE('',#17862,(#17867,#17874),.PCURVE_S1.);
#17862 = CIRCLE('',#17863,1.3);
#17863 = AXIS2_PLACEMENT_3D('',#17864,#17865,#17866);
#17864 = CARTESIAN_POINT('',(79.32308546376,68.7,122.8));
#17865 = DIRECTION('',(0.,1.,-0.));
#17866 = DIRECTION('',(-1.,0.,0.));
#17867 = PCURVE('',#17818,#17868);
#17868 = DEFINITIONAL_REPRESENTATION('',(#17869),#17873);
#17869 = LINE('',#17870,#17871);
#17870 = CARTESIAN_POINT('',(-0.,0.));
#17871 = VECTOR('',#17872,1.);
#17872 = DIRECTION('',(-1.,0.));
#17873 = ( GEOMETRIC_REPRESENTATION_CONTEXT(2) 
PARAMETRIC_REPRESENTATION_CONTEXT() REPRESENTATION_CONTEXT('2D SPACE',''
  ) );
#17874 = PCURVE('',#126,#17875);
#17875 = DEFINITIONAL_REPRESENTATION('',(#17876),#17880);
#17876 = CIRCLE('',#17877,1.3);
#17877 = AXIS2_PLACEMENT_2D('',#17878,#17879);
#17878 = CARTESIAN_POINT('',(10.67691453624,37.05));
#17879 = DIRECTION('',(1.,0.));
#17880 = ( GEOMETRIC_REPRESENTATION_CONTEXT(2) 
PARAMETRIC_REPRESENTATION_CONTEXT() REPRESENTATION_CONTEXT('2D SPACE',''
  ) );
#17881 = ADVANCED_FACE('',(#17882),#17896,.F.);
#17882 = FACE_BOUND('',#17883,.T.);
#17883 = EDGE_LOOP('',(#17884,#17914,#17936,#17937));
#17884 = ORIENTED_EDGE('',*,*,#17885,.T.);
#17885 = EDGE_CURVE('',#17886,#17888,#17890,.T.);
#17886 = VERTEX_POINT('',#17887);
#17887 = CARTESIAN_POINT('',(86.336929340091,68.7,127.6));
#17888 = VERTEX_POINT('',#17889);
#17889 = CARTESIAN_POINT('',(86.336929340091,71.7,127.6));
#17890 = SEAM_CURVE('',#17891,(#17895,#17907),.PCURVE_S1.);
#17891 = LINE('',#17892,#17893);
#17892 = CARTESIAN_POINT('',(86.336929340091,68.7,127.6));
#17893 = VECTOR('',#17894,1.);
#17894 = DIRECTION('',(0.,1.,-0.));
#17895 = PCURVE('',#17896,#17901);
#17896 = CYLINDRICAL_SURFACE('',#17897,1.3);
#17897 = AXIS2_PLACEMENT_3D('',#17898,#17899,#17900);
#17898 = CARTESIAN_POINT('',(87.636929340091,68.7,127.6));
#17899 = DIRECTION('',(-0.,-1.,0.));
#17900 = DIRECTION('',(-1.,0.,0.));
#17901 = DEFINITIONAL_REPRESENTATION('',(#17902),#17906);
#17902 = LINE('',#17903,#17904);
#17903 = CARTESIAN_POINT('',(-0.,0.));
#17904 = VECTOR('',#17905,1.);
#17905 = DIRECTION('',(-0.,-1.));
#17906 = ( GEOMETRIC_REPRESENTATION_CONTEXT(2) 
PARAMETRIC_REPRESENTATION_CONTEXT() REPRESENTATION_CONTEXT('2D SPACE',''
  ) );
#17907 = PCURVE('',#17896,#17908);
#17908 = DEFINITIONAL_REPRESENTATION('',(#17909),#17913);
#17909 = LINE('',#17910,#17911);
#17910 = CARTESIAN_POINT('',(-6.28318530718,0.));
#17911 = VECTOR('',#17912,1.);
#17912 = DIRECTION('',(-0.,-1.));
#17913 = ( GEOMETRIC_REPRESENTATION_CONTEXT(2) 
PARAMETRIC_REPRESENTATION_CONTEXT() REPRESENTATION_CONTEXT('2D SPACE',''
  ) );
#17914 = ORIENTED_EDGE('',*,*,#17915,.T.);
#17915 = EDGE_CURVE('',#17888,#17888,#17916,.T.);
#17916 = SURFACE_CURVE('',#17917,(#17922,#17929),.PCURVE_S1.);
#17917 = CIRCLE('',#17918,1.3);
#17918 = AXIS2_PLACEMENT_3D('',#17919,#17920,#17921);
#17919 = CARTESIAN_POINT('',(87.636929340091,71.7,127.6));
#17920 = DIRECTION('',(0.,1.,-0.));
#17921 = DIRECTION('',(-1.,0.,0.));
#17922 = PCURVE('',#17896,#17923);
#17923 = DEFINITIONAL_REPRESENTATION('',(#17924),#17928);
#17924 = LINE('',#17925,#17926);
#17925 = CARTESIAN_POINT('',(-0.,-3.));
#17926 = VECTOR('',#17927,1.);
#17927 = DIRECTION('',(-1.,0.));
#17928 = ( GEOMETRIC_REPRESENTATION_CONTEXT(2) 
PARAMETRIC_REPRESENTATION_CONTEXT() REPRESENTATION_CONTEXT('2D SPACE',''
  ) );
#17929 = PCURVE('',#72,#17930);
#17930 = DEFINITIONAL_REPRESENTATION('',(#17931),#17935);
#17931 = CIRCLE('',#17932,1.3);
#17932 = AXIS2_PLACEMENT_2D('',#17933,#17934);
#17933 = CARTESIAN_POINT('',(2.363070659909,41.85));
#17934 = DIRECTION('',(1.,0.));
#17935 = ( GEOMETRIC_REPRESENTATION_CONTEXT(2) 
PARAMETRIC_REPRESENTATION_CONTEXT() REPRESENTATION_CONTEXT('2D SPACE',''
  ) );
#17936 = ORIENTED_EDGE('',*,*,#17885,.F.);
#17937 = ORIENTED_EDGE('',*,*,#17938,.F.);
#17938 = EDGE_CURVE('',#17886,#17886,#17939,.T.);
#17939 = SURFACE_CURVE('',#17940,(#17945,#17952),.PCURVE_S1.);
#17940 = CIRCLE('',#17941,1.3);
#17941 = AXIS2_PLACEMENT_3D('',#17942,#17943,#17944);
#17942 = CARTESIAN_POINT('',(87.636929340091,68.7,127.6));
#17943 = DIRECTION('',(0.,1.,-0.));
#17944 = DIRECTION('',(-1.,0.,0.));
#17945 = PCURVE('',#17896,#17946);
#17946 = DEFINITIONAL_REPRESENTATION('',(#17947),#17951);
#17947 = LINE('',#17948,#17949);
#17948 = CARTESIAN_POINT('',(-0.,0.));
#17949 = VECTOR('',#17950,1.);
#17950 = DIRECTION('',(-1.,0.));
#17951 = ( GEOMETRIC_REPRESENTATION_CONTEXT(2) 
PARAMETRIC_REPRESENTATION_CONTEXT() REPRESENTATION_CONTEXT('2D SPACE',''
  ) );
#17952 = PCURVE('',#126,#17953);
#17953 = DEFINITIONAL_REPRESENTATION('',(#17954),#17958);
#17954 = CIRCLE('',#17955,1.3);
#17955 = AXIS2_PLACEMENT_2D('',#17956,#17957);
#17956 = CARTESIAN_POINT('',(2.363070659909,41.85));
#17957 = DIRECTION('',(1.,0.));
#17958 = ( GEOMETRIC_REPRESENTATION_CONTEXT(2) 
PARAMETRIC_REPRESENTATION_CONTEXT() REPRESENTATION_CONTEXT('2D SPACE',''
  ) );
#17959 = ADVANCED_FACE('',(#17960),#17974,.F.);
#17960 = FACE_BOUND('',#17961,.T.);
#17961 = EDGE_LOOP('',(#17962,#17992,#18014,#18015));
#17962 = ORIENTED_EDGE('',*,*,#17963,.T.);
#17963 = EDGE_CURVE('',#17964,#17966,#17968,.T.);
#17964 = VERTEX_POINT('',#17965);
#17965 = CARTESIAN_POINT('',(78.02308546376,68.7,127.6));
#17966 = VERTEX_POINT('',#17967);
#17967 = CARTESIAN_POINT('',(78.02308546376,71.7,127.6));
#17968 = SEAM_CURVE('',#17969,(#17973,#17985),.PCURVE_S1.);
#17969 = LINE('',#17970,#17971);
#17970 = CARTESIAN_POINT('',(78.02308546376,68.7,127.6));
#17971 = VECTOR('',#17972,1.);
#17972 = DIRECTION('',(0.,1.,-0.));
#17973 = PCURVE('',#17974,#17979);
#17974 = CYLINDRICAL_SURFACE('',#17975,1.3);
#17975 = AXIS2_PLACEMENT_3D('',#17976,#17977,#17978);
#17976 = CARTESIAN_POINT('',(79.32308546376,68.7,127.6));
#17977 = DIRECTION('',(-0.,-1.,0.));
#17978 = DIRECTION('',(-1.,0.,0.));
#17979 = DEFINITIONAL_REPRESENTATION('',(#17980),#17984);
#17980 = LINE('',#17981,#17982);
#17981 = CARTESIAN_POINT('',(-0.,0.));
#17982 = VECTOR('',#17983,1.);
#17983 = DIRECTION('',(-0.,-1.));
#17984 = ( GEOMETRIC_REPRESENTATION_CONTEXT(2) 
PARAMETRIC_REPRESENTATION_CONTEXT() REPRESENTATION_CONTEXT('2D SPACE',''
  ) );
#17985 = PCURVE('',#17974,#17986);
#17986 = DEFINITIONAL_REPRESENTATION('',(#17987),#17991);
#17987 = LINE('',#17988,#17989);
#17988 = CARTESIAN_POINT('',(-6.28318530718,0.));
#17989 = VECTOR('',#17990,1.);
#17990 = DIRECTION('',(-0.,-1.));
#17991 = ( GEOMETRIC_REPRESENTATION_CONTEXT(2) 
PARAMETRIC_REPRESENTATION_CONTEXT() REPRESENTATION_CONTEXT('2D SPACE',''
  ) );
#17992 = ORIENTED_EDGE('',*,*,#17993,.T.);
#17993 = EDGE_CURVE('',#17966,#17966,#17994,.T.);
#17994 = SURFACE_CURVE('',#17995,(#18000,#18007),.PCURVE_S1.);
#17995 = CIRCLE('',#17996,1.3);
#17996 = AXIS2_PLACEMENT_3D('',#17997,#17998,#17999);
#17997 = CARTESIAN_POINT('',(79.32308546376,71.7,127.6));
#17998 = DIRECTION('',(0.,1.,-0.));
#17999 = DIRECTION('',(-1.,0.,0.));
#18000 = PCURVE('',#17974,#18001);
#18001 = DEFINITIONAL_REPRESENTATION('',(#18002),#18006);
#18002 = LINE('',#18003,#18004);
#18003 = CARTESIAN_POINT('',(-0.,-3.));
#18004 = VECTOR('',#18005,1.);
#18005 = DIRECTION('',(-1.,0.));
#18006 = ( GEOMETRIC_REPRESENTATION_CONTEXT(2) 
PARAMETRIC_REPRESENTATION_CONTEXT() REPRESENTATION_CONTEXT('2D SPACE',''
  ) );
#18007 = PCURVE('',#72,#18008);
#18008 = DEFINITIONAL_REPRESENTATION('',(#18009),#18013);
#18009 = CIRCLE('',#18010,1.3);
#18010 = AXIS2_PLACEMENT_2D('',#18011,#18012);
#18011 = CARTESIAN_POINT('',(10.67691453624,41.85));
#18012 = DIRECTION('',(1.,0.));
#18013 = ( GEOMETRIC_REPRESENTATION_CONTEXT(2) 
PARAMETRIC_REPRESENTATION_CONTEXT() REPRESENTATION_CONTEXT('2D SPACE',''
  ) );
#18014 = ORIENTED_EDGE('',*,*,#17963,.F.);
#18015 = ORIENTED_EDGE('',*,*,#18016,.F.);
#18016 = EDGE_CURVE('',#17964,#17964,#18017,.T.);
#18017 = SURFACE_CURVE('',#18018,(#18023,#18030),.PCURVE_S1.);
#18018 = CIRCLE('',#18019,1.3);
#18019 = AXIS2_PLACEMENT_3D('',#18020,#18021,#18022);
#18020 = CARTESIAN_POINT('',(79.32308546376,68.7,127.6));
#18021 = DIRECTION('',(0.,1.,-0.));
#18022 = DIRECTION('',(-1.,0.,0.));
#18023 = PCURVE('',#17974,#18024);
#18024 = DEFINITIONAL_REPRESENTATION('',(#18025),#18029);
#18025 = LINE('',#18026,#18027);
#18026 = CARTESIAN_POINT('',(-0.,0.));
#18027 = VECTOR('',#18028,1.);
#18028 = DIRECTION('',(-1.,0.));
#18029 = ( GEOMETRIC_REPRESENTATION_CONTEXT(2) 
PARAMETRIC_REPRESENTATION_CONTEXT() REPRESENTATION_CONTEXT('2D SPACE',''
  ) );
#18030 = PCURVE('',#126,#18031);
#18031 = DEFINITIONAL_REPRESENTATION('',(#18032),#18036);
#18032 = CIRCLE('',#18033,1.3);
#18033 = AXIS2_PLACEMENT_2D('',#18034,#18035);
#18034 = CARTESIAN_POINT('',(10.67691453624,41.85));
#18035 = DIRECTION('',(1.,0.));
#18036 = ( GEOMETRIC_REPRESENTATION_CONTEXT(2) 
PARAMETRIC_REPRESENTATION_CONTEXT() REPRESENTATION_CONTEXT('2D SPACE',''
  ) );
#18037 = ADVANCED_FACE('',(#18038),#18052,.F.);
#18038 = FACE_BOUND('',#18039,.T.);
#18039 = EDGE_LOOP('',(#18040,#18070,#18092,#18093));
#18040 = ORIENTED_EDGE('',*,*,#18041,.T.);
#18041 = EDGE_CURVE('',#18042,#18044,#18046,.T.);
#18042 = VERTEX_POINT('',#18043);
#18043 = CARTESIAN_POINT('',(70.15,68.7,131.5));
#18044 = VERTEX_POINT('',#18045);
#18045 = CARTESIAN_POINT('',(70.15,71.7,131.5));
#18046 = SEAM_CURVE('',#18047,(#18051,#18063),.PCURVE_S1.);
#18047 = LINE('',#18048,#18049);
#18048 = CARTESIAN_POINT('',(70.15,68.7,131.5));
#18049 = VECTOR('',#18050,1.);
#18050 = DIRECTION('',(0.,1.,-0.));
#18051 = PCURVE('',#18052,#18057);
#18052 = CYLINDRICAL_SURFACE('',#18053,1.35);
#18053 = AXIS2_PLACEMENT_3D('',#18054,#18055,#18056);
#18054 = CARTESIAN_POINT('',(71.5,68.7,131.5));
#18055 = DIRECTION('',(-0.,-1.,0.));
#18056 = DIRECTION('',(-1.,0.,0.));
#18057 = DEFINITIONAL_REPRESENTATION('',(#18058),#18062);
#18058 = LINE('',#18059,#18060);
#18059 = CARTESIAN_POINT('',(-0.,0.));
#18060 = VECTOR('',#18061,1.);
#18061 = DIRECTION('',(-0.,-1.));
#18062 = ( GEOMETRIC_REPRESENTATION_CONTEXT(2) 
PARAMETRIC_REPRESENTATION_CONTEXT() REPRESENTATION_CONTEXT('2D SPACE',''
  ) );
#18063 = PCURVE('',#18052,#18064);
#18064 = DEFINITIONAL_REPRESENTATION('',(#18065),#18069);
#18065 = LINE('',#18066,#18067);
#18066 = CARTESIAN_POINT('',(-6.28318530718,0.));
#18067 = VECTOR('',#18068,1.);
#18068 = DIRECTION('',(-0.,-1.));
#18069 = ( GEOMETRIC_REPRESENTATION_CONTEXT(2) 
PARAMETRIC_REPRESENTATION_CONTEXT() REPRESENTATION_CONTEXT('2D SPACE',''
  ) );
#18070 = ORIENTED_EDGE('',*,*,#18071,.T.);
#18071 = EDGE_CURVE('',#18044,#18044,#18072,.T.);
#18072 = SURFACE_CURVE('',#18073,(#18078,#18085),.PCURVE_S1.);
#18073 = CIRCLE('',#18074,1.35);
#18074 = AXIS2_PLACEMENT_3D('',#18075,#18076,#18077);
#18075 = CARTESIAN_POINT('',(71.5,71.7,131.5));
#18076 = DIRECTION('',(0.,1.,-0.));
#18077 = DIRECTION('',(-1.,0.,0.));
#18078 = PCURVE('',#18052,#18079);
#18079 = DEFINITIONAL_REPRESENTATION('',(#18080),#18084);
#18080 = LINE('',#18081,#18082);
#18081 = CARTESIAN_POINT('',(-0.,-3.));
#18082 = VECTOR('',#18083,1.);
#18083 = DIRECTION('',(-1.,0.));
#18084 = ( GEOMETRIC_REPRESENTATION_CONTEXT(2) 
PARAMETRIC_REPRESENTATION_CONTEXT() REPRESENTATION_CONTEXT('2D SPACE',''
  ) );
#18085 = PCURVE('',#72,#18086);
#18086 = DEFINITIONAL_REPRESENTATION('',(#18087),#18091);
#18087 = CIRCLE('',#18088,1.35);
#18088 = AXIS2_PLACEMENT_2D('',#18089,#18090);
#18089 = CARTESIAN_POINT('',(18.5,45.75));
#18090 = DIRECTION('',(1.,0.));
#18091 = ( GEOMETRIC_REPRESENTATION_CONTEXT(2) 
PARAMETRIC_REPRESENTATION_CONTEXT() REPRESENTATION_CONTEXT('2D SPACE',''
  ) );
#18092 = ORIENTED_EDGE('',*,*,#18041,.F.);
#18093 = ORIENTED_EDGE('',*,*,#18094,.F.);
#18094 = EDGE_CURVE('',#18042,#18042,#18095,.T.);
#18095 = SURFACE_CURVE('',#18096,(#18101,#18108),.PCURVE_S1.);
#18096 = CIRCLE('',#18097,1.35);
#18097 = AXIS2_PLACEMENT_3D('',#18098,#18099,#18100);
#18098 = CARTESIAN_POINT('',(71.5,68.7,131.5));
#18099 = DIRECTION('',(0.,1.,-0.));
#18100 = DIRECTION('',(-1.,0.,0.));
#18101 = PCURVE('',#18052,#18102);
#18102 = DEFINITIONAL_REPRESENTATION('',(#18103),#18107);
#18103 = LINE('',#18104,#18105);
#18104 = CARTESIAN_POINT('',(-0.,0.));
#18105 = VECTOR('',#18106,1.);
#18106 = DIRECTION('',(-1.,0.));
#18107 = ( GEOMETRIC_REPRESENTATION_CONTEXT(2) 
PARAMETRIC_REPRESENTATION_CONTEXT() REPRESENTATION_CONTEXT('2D SPACE',''
  ) );
#18108 = PCURVE('',#126,#18109);
#18109 = DEFINITIONAL_REPRESENTATION('',(#18110),#18114);
#18110 = CIRCLE('',#18111,1.35);
#18111 = AXIS2_PLACEMENT_2D('',#18112,#18113);
#18112 = CARTESIAN_POINT('',(18.5,45.75));
#18113 = DIRECTION('',(1.,0.));
#18114 = ( GEOMETRIC_REPRESENTATION_CONTEXT(2) 
PARAMETRIC_REPRESENTATION_CONTEXT() REPRESENTATION_CONTEXT('2D SPACE',''
  ) );
#18115 = ADVANCED_FACE('',(#18116),#18130,.F.);
#18116 = FACE_BOUND('',#18117,.T.);
#18117 = EDGE_LOOP('',(#18118,#18148,#18170,#18171));
#18118 = ORIENTED_EDGE('',*,*,#18119,.T.);
#18119 = EDGE_CURVE('',#18120,#18122,#18124,.T.);
#18120 = VERTEX_POINT('',#18121);
#18121 = CARTESIAN_POINT('',(5.3,68.7,164.5));
#18122 = VERTEX_POINT('',#18123);
#18123 = CARTESIAN_POINT('',(5.3,71.7,164.5));
#18124 = SEAM_CURVE('',#18125,(#18129,#18141),.PCURVE_S1.);
#18125 = LINE('',#18126,#18127);
#18126 = CARTESIAN_POINT('',(5.3,68.7,164.5));
#18127 = VECTOR('',#18128,1.);
#18128 = DIRECTION('',(0.,1.,-0.));
#18129 = PCURVE('',#18130,#18135);
#18130 = CYLINDRICAL_SURFACE('',#18131,1.7);
#18131 = AXIS2_PLACEMENT_3D('',#18132,#18133,#18134);
#18132 = CARTESIAN_POINT('',(7.,68.7,164.5));
#18133 = DIRECTION('',(-0.,-1.,0.));
#18134 = DIRECTION('',(-1.,0.,0.));
#18135 = DEFINITIONAL_REPRESENTATION('',(#18136),#18140);
#18136 = LINE('',#18137,#18138);
#18137 = CARTESIAN_POINT('',(-0.,0.));
#18138 = VECTOR('',#18139,1.);
#18139 = DIRECTION('',(-0.,-1.));
#18140 = ( GEOMETRIC_REPRESENTATION_CONTEXT(2) 
PARAMETRIC_REPRESENTATION_CONTEXT() REPRESENTATION_CONTEXT('2D SPACE',''
  ) );
#18141 = PCURVE('',#18130,#18142);
#18142 = DEFINITIONAL_REPRESENTATION('',(#18143),#18147);
#18143 = LINE('',#18144,#18145);
#18144 = CARTESIAN_POINT('',(-6.28318530718,0.));
#18145 = VECTOR('',#18146,1.);
#18146 = DIRECTION('',(-0.,-1.));
#18147 = ( GEOMETRIC_REPRESENTATION_CONTEXT(2) 
PARAMETRIC_REPRESENTATION_CONTEXT() REPRESENTATION_CONTEXT('2D SPACE',''
  ) );
#18148 = ORIENTED_EDGE('',*,*,#18149,.T.);
#18149 = EDGE_CURVE('',#18122,#18122,#18150,.T.);
#18150 = SURFACE_CURVE('',#18151,(#18156,#18163),.PCURVE_S1.);
#18151 = CIRCLE('',#18152,1.7);
#18152 = AXIS2_PLACEMENT_3D('',#18153,#18154,#18155);
#18153 = CARTESIAN_POINT('',(7.,71.7,164.5));
#18154 = DIRECTION('',(0.,1.,-0.));
#18155 = DIRECTION('',(-1.,0.,0.));
#18156 = PCURVE('',#18130,#18157);
#18157 = DEFINITIONAL_REPRESENTATION('',(#18158),#18162);
#18158 = LINE('',#18159,#18160);
#18159 = CARTESIAN_POINT('',(-0.,-3.));
#18160 = VECTOR('',#18161,1.);
#18161 = DIRECTION('',(-1.,0.));
#18162 = ( GEOMETRIC_REPRESENTATION_CONTEXT(2) 
PARAMETRIC_REPRESENTATION_CONTEXT() REPRESENTATION_CONTEXT('2D SPACE',''
  ) );
#18163 = PCURVE('',#72,#18164);
#18164 = DEFINITIONAL_REPRESENTATION('',(#18165),#18169);
#18165 = CIRCLE('',#18166,1.7);
#18166 = AXIS2_PLACEMENT_2D('',#18167,#18168);
#18167 = CARTESIAN_POINT('',(83.,78.75));
#18168 = DIRECTION('',(1.,0.));
#18169 = ( GEOMETRIC_REPRESENTATION_CONTEXT(2) 
PARAMETRIC_REPRESENTATION_CONTEXT() REPRESENTATION_CONTEXT('2D SPACE',''
  ) );
#18170 = ORIENTED_EDGE('',*,*,#18119,.F.);
#18171 = ORIENTED_EDGE('',*,*,#18172,.F.);
#18172 = EDGE_CURVE('',#18120,#18120,#18173,.T.);
#18173 = SURFACE_CURVE('',#18174,(#18179,#18186),.PCURVE_S1.);
#18174 = CIRCLE('',#18175,1.7);
#18175 = AXIS2_PLACEMENT_3D('',#18176,#18177,#18178);
#18176 = CARTESIAN_POINT('',(7.,68.7,164.5));
#18177 = DIRECTION('',(0.,1.,-0.));
#18178 = DIRECTION('',(-1.,0.,0.));
#18179 = PCURVE('',#18130,#18180);
#18180 = DEFINITIONAL_REPRESENTATION('',(#18181),#18185);
#18181 = LINE('',#18182,#18183);
#18182 = CARTESIAN_POINT('',(-0.,0.));
#18183 = VECTOR('',#18184,1.);
#18184 = DIRECTION('',(-1.,0.));
#18185 = ( GEOMETRIC_REPRESENTATION_CONTEXT(2) 
PARAMETRIC_REPRESENTATION_CONTEXT() REPRESENTATION_CONTEXT('2D SPACE',''
  ) );
#18186 = PCURVE('',#126,#18187);
#18187 = DEFINITIONAL_REPRESENTATION('',(#18188),#18192);
#18188 = CIRCLE('',#18189,1.7);
#18189 = AXIS2_PLACEMENT_2D('',#18190,#18191);
#18190 = CARTESIAN_POINT('',(83.,78.75));
#18191 = DIRECTION('',(1.,0.));
#18192 = ( GEOMETRIC_REPRESENTATION_CONTEXT(2) 
PARAMETRIC_REPRESENTATION_CONTEXT() REPRESENTATION_CONTEXT('2D SPACE',''
  ) );
#18193 = ADVANCED_FACE('',(#18194,#18204,#18207,#18210,#18213,#18216,
    #18219,#18222,#18225,#18228,#18231,#18234,#18237,#18240,#18243,
    #18246,#18249,#18252,#18255,#18258,#18261,#18264,#18267,#18270,
    #18273,#18276,#18279,#18282,#18285,#18288,#18291,#18294,#18297,
    #18300,#18303,#18306,#18309,#18312,#18315,#18318,#18321,#18324,
    #18327,#18330,#18333,#18336,#18339,#18342,#18345,#18348,#18351,
    #18354,#18357,#18360,#18363,#18366,#18369,#18372,#18375,#18378,
    #18381,#18384,#18387,#18390,#18393,#18396,#18399,#18402,#18405,
    #18408,#18411,#18414,#18417,#18420,#18423,#18426,#18429,#18432,
    #18435,#18438,#18441,#18444,#18447,#18450,#18453,#18456,#18459,
    #18462,#18465,#18468,#18471,#18474,#18477,#18480,#18483,#18486,
    #18489,#18492,#18495,#18498,#18501,#18504,#18507,#18510,#18513,
    #18516,#18519,#18522,#18525,#18528,#18531,#18534,#18537,#18540,
    #18543,#18546,#18549,#18552,#18555,#18558,#18561,#18564,#18567,
    #18570,#18573,#18576,#18579,#18582,#18585,#18588,#18591,#18594,
    #18597,#18600,#18603,#18606,#18609,#18612,#18615,#18618,#18621,
    #18624,#18627,#18630,#18633,#18636,#18639,#18642,#18645,#18648,
    #18651,#18654,#18657,#18660,#18663,#18666,#18669,#18672,#18675,
    #18678,#18681,#18684,#18687,#18690,#18693,#18696,#18699,#18702,
    #18705,#18708,#18711,#18714,#18717,#18720,#18723,#18726,#18729,
    #18739,#18742,#18745,#18748,#18751,#18754,#18757,#18760,#18772,
    #18775,#18778,#18781,#18784,#18787,#18790,#18793,#18796,#18799,
    #18802,#18805,#18808,#18811,#18814,#18817,#18820,#18823,#18826,
    #18829,#18832,#18835,#18838,#18841),#126,.F.);
#18194 = FACE_BOUND('',#18195,.F.);
#18195 = EDGE_LOOP('',(#18196,#18197,#18198,#18199,#18200,#18201,#18202,
    #18203));
#18196 = ORIENTED_EDGE('',*,*,#112,.F.);
#18197 = ORIENTED_EDGE('',*,*,#198,.F.);
#18198 = ORIENTED_EDGE('',*,*,#365,.T.);
#18199 = ORIENTED_EDGE('',*,*,#522,.F.);
#18200 = ORIENTED_EDGE('',*,*,#655,.T.);
#18201 = ORIENTED_EDGE('',*,*,#603,.F.);
#18202 = ORIENTED_EDGE('',*,*,#441,.F.);
#18203 = ORIENTED_EDGE('',*,*,#284,.F.);
#18204 = FACE_BOUND('',#18205,.F.);
#18205 = EDGE_LOOP('',(#18206));
#18206 = ORIENTED_EDGE('',*,*,#732,.F.);
#18207 = FACE_BOUND('',#18208,.F.);
#18208 = EDGE_LOOP('',(#18209));
#18209 = ORIENTED_EDGE('',*,*,#810,.F.);
#18210 = FACE_BOUND('',#18211,.F.);
#18211 = EDGE_LOOP('',(#18212));
#18212 = ORIENTED_EDGE('',*,*,#888,.F.);
#18213 = FACE_BOUND('',#18214,.F.);
#18214 = EDGE_LOOP('',(#18215));
#18215 = ORIENTED_EDGE('',*,*,#966,.F.);
#18216 = FACE_BOUND('',#18217,.F.);
#18217 = EDGE_LOOP('',(#18218));
#18218 = ORIENTED_EDGE('',*,*,#1044,.F.);
#18219 = FACE_BOUND('',#18220,.F.);
#18220 = EDGE_LOOP('',(#18221));
#18221 = ORIENTED_EDGE('',*,*,#1122,.F.);
#18222 = FACE_BOUND('',#18223,.F.);
#18223 = EDGE_LOOP('',(#18224));
#18224 = ORIENTED_EDGE('',*,*,#1200,.F.);
#18225 = FACE_BOUND('',#18226,.F.);
#18226 = EDGE_LOOP('',(#18227));
#18227 = ORIENTED_EDGE('',*,*,#1278,.F.);
#18228 = FACE_BOUND('',#18229,.F.);
#18229 = EDGE_LOOP('',(#18230));
#18230 = ORIENTED_EDGE('',*,*,#1356,.F.);
#18231 = FACE_BOUND('',#18232,.F.);
#18232 = EDGE_LOOP('',(#18233));
#18233 = ORIENTED_EDGE('',*,*,#1434,.F.);
#18234 = FACE_BOUND('',#18235,.F.);
#18235 = EDGE_LOOP('',(#18236));
#18236 = ORIENTED_EDGE('',*,*,#1512,.F.);
#18237 = FACE_BOUND('',#18238,.F.);
#18238 = EDGE_LOOP('',(#18239));
#18239 = ORIENTED_EDGE('',*,*,#1590,.F.);
#18240 = FACE_BOUND('',#18241,.F.);
#18241 = EDGE_LOOP('',(#18242));
#18242 = ORIENTED_EDGE('',*,*,#1668,.F.);
#18243 = FACE_BOUND('',#18244,.F.);
#18244 = EDGE_LOOP('',(#18245));
#18245 = ORIENTED_EDGE('',*,*,#1746,.F.);
#18246 = FACE_BOUND('',#18247,.F.);
#18247 = EDGE_LOOP('',(#18248));
#18248 = ORIENTED_EDGE('',*,*,#1824,.F.);
#18249 = FACE_BOUND('',#18250,.F.);
#18250 = EDGE_LOOP('',(#18251));
#18251 = ORIENTED_EDGE('',*,*,#1902,.F.);
#18252 = FACE_BOUND('',#18253,.F.);
#18253 = EDGE_LOOP('',(#18254));
#18254 = ORIENTED_EDGE('',*,*,#1980,.F.);
#18255 = FACE_BOUND('',#18256,.F.);
#18256 = EDGE_LOOP('',(#18257));
#18257 = ORIENTED_EDGE('',*,*,#2058,.F.);
#18258 = FACE_BOUND('',#18259,.F.);
#18259 = EDGE_LOOP('',(#18260));
#18260 = ORIENTED_EDGE('',*,*,#2136,.F.);
#18261 = FACE_BOUND('',#18262,.F.);
#18262 = EDGE_LOOP('',(#18263));
#18263 = ORIENTED_EDGE('',*,*,#2214,.F.);
#18264 = FACE_BOUND('',#18265,.F.);
#18265 = EDGE_LOOP('',(#18266));
#18266 = ORIENTED_EDGE('',*,*,#2292,.F.);
#18267 = FACE_BOUND('',#18268,.F.);
#18268 = EDGE_LOOP('',(#18269));
#18269 = ORIENTED_EDGE('',*,*,#2370,.F.);
#18270 = FACE_BOUND('',#18271,.F.);
#18271 = EDGE_LOOP('',(#18272));
#18272 = ORIENTED_EDGE('',*,*,#2448,.F.);
#18273 = FACE_BOUND('',#18274,.F.);
#18274 = EDGE_LOOP('',(#18275));
#18275 = ORIENTED_EDGE('',*,*,#2526,.F.);
#18276 = FACE_BOUND('',#18277,.F.);
#18277 = EDGE_LOOP('',(#18278));
#18278 = ORIENTED_EDGE('',*,*,#2604,.F.);
#18279 = FACE_BOUND('',#18280,.F.);
#18280 = EDGE_LOOP('',(#18281));
#18281 = ORIENTED_EDGE('',*,*,#2682,.F.);
#18282 = FACE_BOUND('',#18283,.F.);
#18283 = EDGE_LOOP('',(#18284));
#18284 = ORIENTED_EDGE('',*,*,#2760,.F.);
#18285 = FACE_BOUND('',#18286,.F.);
#18286 = EDGE_LOOP('',(#18287));
#18287 = ORIENTED_EDGE('',*,*,#2838,.F.);
#18288 = FACE_BOUND('',#18289,.F.);
#18289 = EDGE_LOOP('',(#18290));
#18290 = ORIENTED_EDGE('',*,*,#2916,.F.);
#18291 = FACE_BOUND('',#18292,.F.);
#18292 = EDGE_LOOP('',(#18293));
#18293 = ORIENTED_EDGE('',*,*,#2994,.F.);
#18294 = FACE_BOUND('',#18295,.F.);
#18295 = EDGE_LOOP('',(#18296));
#18296 = ORIENTED_EDGE('',*,*,#3072,.F.);
#18297 = FACE_BOUND('',#18298,.F.);
#18298 = EDGE_LOOP('',(#18299));
#18299 = ORIENTED_EDGE('',*,*,#3150,.F.);
#18300 = FACE_BOUND('',#18301,.F.);
#18301 = EDGE_LOOP('',(#18302));
#18302 = ORIENTED_EDGE('',*,*,#3228,.F.);
#18303 = FACE_BOUND('',#18304,.F.);
#18304 = EDGE_LOOP('',(#18305));
#18305 = ORIENTED_EDGE('',*,*,#3306,.F.);
#18306 = FACE_BOUND('',#18307,.F.);
#18307 = EDGE_LOOP('',(#18308));
#18308 = ORIENTED_EDGE('',*,*,#3384,.F.);
#18309 = FACE_BOUND('',#18310,.F.);
#18310 = EDGE_LOOP('',(#18311));
#18311 = ORIENTED_EDGE('',*,*,#3462,.F.);
#18312 = FACE_BOUND('',#18313,.F.);
#18313 = EDGE_LOOP('',(#18314));
#18314 = ORIENTED_EDGE('',*,*,#3540,.F.);
#18315 = FACE_BOUND('',#18316,.F.);
#18316 = EDGE_LOOP('',(#18317));
#18317 = ORIENTED_EDGE('',*,*,#3618,.F.);
#18318 = FACE_BOUND('',#18319,.F.);
#18319 = EDGE_LOOP('',(#18320));
#18320 = ORIENTED_EDGE('',*,*,#3696,.F.);
#18321 = FACE_BOUND('',#18322,.F.);
#18322 = EDGE_LOOP('',(#18323));
#18323 = ORIENTED_EDGE('',*,*,#3774,.F.);
#18324 = FACE_BOUND('',#18325,.F.);
#18325 = EDGE_LOOP('',(#18326));
#18326 = ORIENTED_EDGE('',*,*,#3852,.F.);
#18327 = FACE_BOUND('',#18328,.F.);
#18328 = EDGE_LOOP('',(#18329));
#18329 = ORIENTED_EDGE('',*,*,#3930,.F.);
#18330 = FACE_BOUND('',#18331,.F.);
#18331 = EDGE_LOOP('',(#18332));
#18332 = ORIENTED_EDGE('',*,*,#4008,.F.);
#18333 = FACE_BOUND('',#18334,.F.);
#18334 = EDGE_LOOP('',(#18335));
#18335 = ORIENTED_EDGE('',*,*,#4086,.F.);
#18336 = FACE_BOUND('',#18337,.F.);
#18337 = EDGE_LOOP('',(#18338));
#18338 = ORIENTED_EDGE('',*,*,#4164,.F.);
#18339 = FACE_BOUND('',#18340,.F.);
#18340 = EDGE_LOOP('',(#18341));
#18341 = ORIENTED_EDGE('',*,*,#4242,.F.);
#18342 = FACE_BOUND('',#18343,.F.);
#18343 = EDGE_LOOP('',(#18344));
#18344 = ORIENTED_EDGE('',*,*,#4320,.F.);
#18345 = FACE_BOUND('',#18346,.F.);
#18346 = EDGE_LOOP('',(#18347));
#18347 = ORIENTED_EDGE('',*,*,#4398,.F.);
#18348 = FACE_BOUND('',#18349,.F.);
#18349 = EDGE_LOOP('',(#18350));
#18350 = ORIENTED_EDGE('',*,*,#4476,.F.);
#18351 = FACE_BOUND('',#18352,.F.);
#18352 = EDGE_LOOP('',(#18353));
#18353 = ORIENTED_EDGE('',*,*,#4554,.F.);
#18354 = FACE_BOUND('',#18355,.F.);
#18355 = EDGE_LOOP('',(#18356));
#18356 = ORIENTED_EDGE('',*,*,#4632,.F.);
#18357 = FACE_BOUND('',#18358,.F.);
#18358 = EDGE_LOOP('',(#18359));
#18359 = ORIENTED_EDGE('',*,*,#4710,.F.);
#18360 = FACE_BOUND('',#18361,.F.);
#18361 = EDGE_LOOP('',(#18362));
#18362 = ORIENTED_EDGE('',*,*,#4788,.F.);
#18363 = FACE_BOUND('',#18364,.F.);
#18364 = EDGE_LOOP('',(#18365));
#18365 = ORIENTED_EDGE('',*,*,#4866,.F.);
#18366 = FACE_BOUND('',#18367,.F.);
#18367 = EDGE_LOOP('',(#18368));
#18368 = ORIENTED_EDGE('',*,*,#4944,.F.);
#18369 = FACE_BOUND('',#18370,.F.);
#18370 = EDGE_LOOP('',(#18371));
#18371 = ORIENTED_EDGE('',*,*,#5022,.F.);
#18372 = FACE_BOUND('',#18373,.F.);
#18373 = EDGE_LOOP('',(#18374));
#18374 = ORIENTED_EDGE('',*,*,#5100,.F.);
#18375 = FACE_BOUND('',#18376,.F.);
#18376 = EDGE_LOOP('',(#18377));
#18377 = ORIENTED_EDGE('',*,*,#5178,.F.);
#18378 = FACE_BOUND('',#18379,.F.);
#18379 = EDGE_LOOP('',(#18380));
#18380 = ORIENTED_EDGE('',*,*,#5256,.F.);
#18381 = FACE_BOUND('',#18382,.F.);
#18382 = EDGE_LOOP('',(#18383));
#18383 = ORIENTED_EDGE('',*,*,#5334,.F.);
#18384 = FACE_BOUND('',#18385,.F.);
#18385 = EDGE_LOOP('',(#18386));
#18386 = ORIENTED_EDGE('',*,*,#5412,.F.);
#18387 = FACE_BOUND('',#18388,.F.);
#18388 = EDGE_LOOP('',(#18389));
#18389 = ORIENTED_EDGE('',*,*,#5490,.F.);
#18390 = FACE_BOUND('',#18391,.F.);
#18391 = EDGE_LOOP('',(#18392));
#18392 = ORIENTED_EDGE('',*,*,#5568,.F.);
#18393 = FACE_BOUND('',#18394,.F.);
#18394 = EDGE_LOOP('',(#18395));
#18395 = ORIENTED_EDGE('',*,*,#5646,.F.);
#18396 = FACE_BOUND('',#18397,.F.);
#18397 = EDGE_LOOP('',(#18398));
#18398 = ORIENTED_EDGE('',*,*,#5724,.F.);
#18399 = FACE_BOUND('',#18400,.F.);
#18400 = EDGE_LOOP('',(#18401));
#18401 = ORIENTED_EDGE('',*,*,#5802,.F.);
#18402 = FACE_BOUND('',#18403,.F.);
#18403 = EDGE_LOOP('',(#18404));
#18404 = ORIENTED_EDGE('',*,*,#5880,.F.);
#18405 = FACE_BOUND('',#18406,.F.);
#18406 = EDGE_LOOP('',(#18407));
#18407 = ORIENTED_EDGE('',*,*,#5958,.F.);
#18408 = FACE_BOUND('',#18409,.F.);
#18409 = EDGE_LOOP('',(#18410));
#18410 = ORIENTED_EDGE('',*,*,#6036,.F.);
#18411 = FACE_BOUND('',#18412,.F.);
#18412 = EDGE_LOOP('',(#18413));
#18413 = ORIENTED_EDGE('',*,*,#6114,.F.);
#18414 = FACE_BOUND('',#18415,.F.);
#18415 = EDGE_LOOP('',(#18416));
#18416 = ORIENTED_EDGE('',*,*,#6192,.F.);
#18417 = FACE_BOUND('',#18418,.F.);
#18418 = EDGE_LOOP('',(#18419));
#18419 = ORIENTED_EDGE('',*,*,#6270,.F.);
#18420 = FACE_BOUND('',#18421,.F.);
#18421 = EDGE_LOOP('',(#18422));
#18422 = ORIENTED_EDGE('',*,*,#6348,.F.);
#18423 = FACE_BOUND('',#18424,.F.);
#18424 = EDGE_LOOP('',(#18425));
#18425 = ORIENTED_EDGE('',*,*,#6426,.F.);
#18426 = FACE_BOUND('',#18427,.F.);
#18427 = EDGE_LOOP('',(#18428));
#18428 = ORIENTED_EDGE('',*,*,#6504,.F.);
#18429 = FACE_BOUND('',#18430,.F.);
#18430 = EDGE_LOOP('',(#18431));
#18431 = ORIENTED_EDGE('',*,*,#6582,.F.);
#18432 = FACE_BOUND('',#18433,.F.);
#18433 = EDGE_LOOP('',(#18434));
#18434 = ORIENTED_EDGE('',*,*,#6660,.F.);
#18435 = FACE_BOUND('',#18436,.F.);
#18436 = EDGE_LOOP('',(#18437));
#18437 = ORIENTED_EDGE('',*,*,#6738,.F.);
#18438 = FACE_BOUND('',#18439,.F.);
#18439 = EDGE_LOOP('',(#18440));
#18440 = ORIENTED_EDGE('',*,*,#6816,.F.);
#18441 = FACE_BOUND('',#18442,.F.);
#18442 = EDGE_LOOP('',(#18443));
#18443 = ORIENTED_EDGE('',*,*,#6894,.F.);
#18444 = FACE_BOUND('',#18445,.F.);
#18445 = EDGE_LOOP('',(#18446));
#18446 = ORIENTED_EDGE('',*,*,#6972,.F.);
#18447 = FACE_BOUND('',#18448,.F.);
#18448 = EDGE_LOOP('',(#18449));
#18449 = ORIENTED_EDGE('',*,*,#7050,.F.);
#18450 = FACE_BOUND('',#18451,.F.);
#18451 = EDGE_LOOP('',(#18452));
#18452 = ORIENTED_EDGE('',*,*,#7128,.F.);
#18453 = FACE_BOUND('',#18454,.F.);
#18454 = EDGE_LOOP('',(#18455));
#18455 = ORIENTED_EDGE('',*,*,#7206,.F.);
#18456 = FACE_BOUND('',#18457,.F.);
#18457 = EDGE_LOOP('',(#18458));
#18458 = ORIENTED_EDGE('',*,*,#7284,.F.);
#18459 = FACE_BOUND('',#18460,.F.);
#18460 = EDGE_LOOP('',(#18461));
#18461 = ORIENTED_EDGE('',*,*,#7362,.F.);
#18462 = FACE_BOUND('',#18463,.F.);
#18463 = EDGE_LOOP('',(#18464));
#18464 = ORIENTED_EDGE('',*,*,#7440,.F.);
#18465 = FACE_BOUND('',#18466,.F.);
#18466 = EDGE_LOOP('',(#18467));
#18467 = ORIENTED_EDGE('',*,*,#7518,.F.);
#18468 = FACE_BOUND('',#18469,.F.);
#18469 = EDGE_LOOP('',(#18470));
#18470 = ORIENTED_EDGE('',*,*,#7596,.F.);
#18471 = FACE_BOUND('',#18472,.F.);
#18472 = EDGE_LOOP('',(#18473));
#18473 = ORIENTED_EDGE('',*,*,#7674,.F.);
#18474 = FACE_BOUND('',#18475,.F.);
#18475 = EDGE_LOOP('',(#18476));
#18476 = ORIENTED_EDGE('',*,*,#7752,.F.);
#18477 = FACE_BOUND('',#18478,.F.);
#18478 = EDGE_LOOP('',(#18479));
#18479 = ORIENTED_EDGE('',*,*,#7830,.F.);
#18480 = FACE_BOUND('',#18481,.F.);
#18481 = EDGE_LOOP('',(#18482));
#18482 = ORIENTED_EDGE('',*,*,#7908,.F.);
#18483 = FACE_BOUND('',#18484,.F.);
#18484 = EDGE_LOOP('',(#18485));
#18485 = ORIENTED_EDGE('',*,*,#7986,.F.);
#18486 = FACE_BOUND('',#18487,.F.);
#18487 = EDGE_LOOP('',(#18488));
#18488 = ORIENTED_EDGE('',*,*,#8064,.F.);
#18489 = FACE_BOUND('',#18490,.F.);
#18490 = EDGE_LOOP('',(#18491));
#18491 = ORIENTED_EDGE('',*,*,#8142,.F.);
#18492 = FACE_BOUND('',#18493,.F.);
#18493 = EDGE_LOOP('',(#18494));
#18494 = ORIENTED_EDGE('',*,*,#8220,.F.);
#18495 = FACE_BOUND('',#18496,.F.);
#18496 = EDGE_LOOP('',(#18497));
#18497 = ORIENTED_EDGE('',*,*,#8298,.F.);
#18498 = FACE_BOUND('',#18499,.F.);
#18499 = EDGE_LOOP('',(#18500));
#18500 = ORIENTED_EDGE('',*,*,#8376,.F.);
#18501 = FACE_BOUND('',#18502,.F.);
#18502 = EDGE_LOOP('',(#18503));
#18503 = ORIENTED_EDGE('',*,*,#8454,.F.);
#18504 = FACE_BOUND('',#18505,.F.);
#18505 = EDGE_LOOP('',(#18506));
#18506 = ORIENTED_EDGE('',*,*,#8532,.F.);
#18507 = FACE_BOUND('',#18508,.F.);
#18508 = EDGE_LOOP('',(#18509));
#18509 = ORIENTED_EDGE('',*,*,#8610,.F.);
#18510 = FACE_BOUND('',#18511,.F.);
#18511 = EDGE_LOOP('',(#18512));
#18512 = ORIENTED_EDGE('',*,*,#8688,.F.);
#18513 = FACE_BOUND('',#18514,.F.);
#18514 = EDGE_LOOP('',(#18515));
#18515 = ORIENTED_EDGE('',*,*,#8766,.F.);
#18516 = FACE_BOUND('',#18517,.F.);
#18517 = EDGE_LOOP('',(#18518));
#18518 = ORIENTED_EDGE('',*,*,#8844,.F.);
#18519 = FACE_BOUND('',#18520,.F.);
#18520 = EDGE_LOOP('',(#18521));
#18521 = ORIENTED_EDGE('',*,*,#8922,.F.);
#18522 = FACE_BOUND('',#18523,.F.);
#18523 = EDGE_LOOP('',(#18524));
#18524 = ORIENTED_EDGE('',*,*,#9000,.F.);
#18525 = FACE_BOUND('',#18526,.F.);
#18526 = EDGE_LOOP('',(#18527));
#18527 = ORIENTED_EDGE('',*,*,#9078,.F.);
#18528 = FACE_BOUND('',#18529,.F.);
#18529 = EDGE_LOOP('',(#18530));
#18530 = ORIENTED_EDGE('',*,*,#9156,.F.);
#18531 = FACE_BOUND('',#18532,.F.);
#18532 = EDGE_LOOP('',(#18533));
#18533 = ORIENTED_EDGE('',*,*,#9234,.F.);
#18534 = FACE_BOUND('',#18535,.F.);
#18535 = EDGE_LOOP('',(#18536));
#18536 = ORIENTED_EDGE('',*,*,#9312,.F.);
#18537 = FACE_BOUND('',#18538,.F.);
#18538 = EDGE_LOOP('',(#18539));
#18539 = ORIENTED_EDGE('',*,*,#9390,.F.);
#18540 = FACE_BOUND('',#18541,.F.);
#18541 = EDGE_LOOP('',(#18542));
#18542 = ORIENTED_EDGE('',*,*,#9468,.F.);
#18543 = FACE_BOUND('',#18544,.F.);
#18544 = EDGE_LOOP('',(#18545));
#18545 = ORIENTED_EDGE('',*,*,#9546,.F.);
#18546 = FACE_BOUND('',#18547,.F.);
#18547 = EDGE_LOOP('',(#18548));
#18548 = ORIENTED_EDGE('',*,*,#9624,.F.);
#18549 = FACE_BOUND('',#18550,.F.);
#18550 = EDGE_LOOP('',(#18551));
#18551 = ORIENTED_EDGE('',*,*,#9702,.F.);
#18552 = FACE_BOUND('',#18553,.F.);
#18553 = EDGE_LOOP('',(#18554));
#18554 = ORIENTED_EDGE('',*,*,#9780,.F.);
#18555 = FACE_BOUND('',#18556,.F.);
#18556 = EDGE_LOOP('',(#18557));
#18557 = ORIENTED_EDGE('',*,*,#9858,.F.);
#18558 = FACE_BOUND('',#18559,.F.);
#18559 = EDGE_LOOP('',(#18560));
#18560 = ORIENTED_EDGE('',*,*,#9936,.F.);
#18561 = FACE_BOUND('',#18562,.F.);
#18562 = EDGE_LOOP('',(#18563));
#18563 = ORIENTED_EDGE('',*,*,#10014,.F.);
#18564 = FACE_BOUND('',#18565,.F.);
#18565 = EDGE_LOOP('',(#18566));
#18566 = ORIENTED_EDGE('',*,*,#10092,.F.);
#18567 = FACE_BOUND('',#18568,.F.);
#18568 = EDGE_LOOP('',(#18569));
#18569 = ORIENTED_EDGE('',*,*,#10170,.F.);
#18570 = FACE_BOUND('',#18571,.F.);
#18571 = EDGE_LOOP('',(#18572));
#18572 = ORIENTED_EDGE('',*,*,#10248,.F.);
#18573 = FACE_BOUND('',#18574,.F.);
#18574 = EDGE_LOOP('',(#18575));
#18575 = ORIENTED_EDGE('',*,*,#10326,.F.);
#18576 = FACE_BOUND('',#18577,.F.);
#18577 = EDGE_LOOP('',(#18578));
#18578 = ORIENTED_EDGE('',*,*,#10404,.F.);
#18579 = FACE_BOUND('',#18580,.F.);
#18580 = EDGE_LOOP('',(#18581));
#18581 = ORIENTED_EDGE('',*,*,#10482,.F.);
#18582 = FACE_BOUND('',#18583,.F.);
#18583 = EDGE_LOOP('',(#18584));
#18584 = ORIENTED_EDGE('',*,*,#10560,.F.);
#18585 = FACE_BOUND('',#18586,.F.);
#18586 = EDGE_LOOP('',(#18587));
#18587 = ORIENTED_EDGE('',*,*,#10638,.F.);
#18588 = FACE_BOUND('',#18589,.F.);
#18589 = EDGE_LOOP('',(#18590));
#18590 = ORIENTED_EDGE('',*,*,#10716,.F.);
#18591 = FACE_BOUND('',#18592,.F.);
#18592 = EDGE_LOOP('',(#18593));
#18593 = ORIENTED_EDGE('',*,*,#10794,.F.);
#18594 = FACE_BOUND('',#18595,.F.);
#18595 = EDGE_LOOP('',(#18596));
#18596 = ORIENTED_EDGE('',*,*,#10872,.F.);
#18597 = FACE_BOUND('',#18598,.F.);
#18598 = EDGE_LOOP('',(#18599));
#18599 = ORIENTED_EDGE('',*,*,#10950,.F.);
#18600 = FACE_BOUND('',#18601,.F.);
#18601 = EDGE_LOOP('',(#18602));
#18602 = ORIENTED_EDGE('',*,*,#11028,.F.);
#18603 = FACE_BOUND('',#18604,.F.);
#18604 = EDGE_LOOP('',(#18605));
#18605 = ORIENTED_EDGE('',*,*,#11106,.F.);
#18606 = FACE_BOUND('',#18607,.F.);
#18607 = EDGE_LOOP('',(#18608));
#18608 = ORIENTED_EDGE('',*,*,#11184,.F.);
#18609 = FACE_BOUND('',#18610,.F.);
#18610 = EDGE_LOOP('',(#18611));
#18611 = ORIENTED_EDGE('',*,*,#11262,.F.);
#18612 = FACE_BOUND('',#18613,.F.);
#18613 = EDGE_LOOP('',(#18614));
#18614 = ORIENTED_EDGE('',*,*,#11340,.F.);
#18615 = FACE_BOUND('',#18616,.F.);
#18616 = EDGE_LOOP('',(#18617));
#18617 = ORIENTED_EDGE('',*,*,#11418,.F.);
#18618 = FACE_BOUND('',#18619,.F.);
#18619 = EDGE_LOOP('',(#18620));
#18620 = ORIENTED_EDGE('',*,*,#11496,.F.);
#18621 = FACE_BOUND('',#18622,.F.);
#18622 = EDGE_LOOP('',(#18623));
#18623 = ORIENTED_EDGE('',*,*,#11574,.F.);
#18624 = FACE_BOUND('',#18625,.F.);
#18625 = EDGE_LOOP('',(#18626));
#18626 = ORIENTED_EDGE('',*,*,#11652,.F.);
#18627 = FACE_BOUND('',#18628,.F.);
#18628 = EDGE_LOOP('',(#18629));
#18629 = ORIENTED_EDGE('',*,*,#11730,.F.);
#18630 = FACE_BOUND('',#18631,.F.);
#18631 = EDGE_LOOP('',(#18632));
#18632 = ORIENTED_EDGE('',*,*,#11808,.F.);
#18633 = FACE_BOUND('',#18634,.F.);
#18634 = EDGE_LOOP('',(#18635));
#18635 = ORIENTED_EDGE('',*,*,#11886,.F.);
#18636 = FACE_BOUND('',#18637,.F.);
#18637 = EDGE_LOOP('',(#18638));
#18638 = ORIENTED_EDGE('',*,*,#11964,.F.);
#18639 = FACE_BOUND('',#18640,.F.);
#18640 = EDGE_LOOP('',(#18641));
#18641 = ORIENTED_EDGE('',*,*,#12042,.F.);
#18642 = FACE_BOUND('',#18643,.F.);
#18643 = EDGE_LOOP('',(#18644));
#18644 = ORIENTED_EDGE('',*,*,#12120,.F.);
#18645 = FACE_BOUND('',#18646,.F.);
#18646 = EDGE_LOOP('',(#18647));
#18647 = ORIENTED_EDGE('',*,*,#12198,.F.);
#18648 = FACE_BOUND('',#18649,.F.);
#18649 = EDGE_LOOP('',(#18650));
#18650 = ORIENTED_EDGE('',*,*,#12276,.F.);
#18651 = FACE_BOUND('',#18652,.F.);
#18652 = EDGE_LOOP('',(#18653));
#18653 = ORIENTED_EDGE('',*,*,#12354,.F.);
#18654 = FACE_BOUND('',#18655,.F.);
#18655 = EDGE_LOOP('',(#18656));
#18656 = ORIENTED_EDGE('',*,*,#12432,.F.);
#18657 = FACE_BOUND('',#18658,.F.);
#18658 = EDGE_LOOP('',(#18659));
#18659 = ORIENTED_EDGE('',*,*,#12510,.F.);
#18660 = FACE_BOUND('',#18661,.F.);
#18661 = EDGE_LOOP('',(#18662));
#18662 = ORIENTED_EDGE('',*,*,#12588,.F.);
#18663 = FACE_BOUND('',#18664,.F.);
#18664 = EDGE_LOOP('',(#18665));
#18665 = ORIENTED_EDGE('',*,*,#12666,.F.);
#18666 = FACE_BOUND('',#18667,.F.);
#18667 = EDGE_LOOP('',(#18668));
#18668 = ORIENTED_EDGE('',*,*,#12744,.F.);
#18669 = FACE_BOUND('',#18670,.F.);
#18670 = EDGE_LOOP('',(#18671));
#18671 = ORIENTED_EDGE('',*,*,#12822,.F.);
#18672 = FACE_BOUND('',#18673,.F.);
#18673 = EDGE_LOOP('',(#18674));
#18674 = ORIENTED_EDGE('',*,*,#12900,.F.);
#18675 = FACE_BOUND('',#18676,.F.);
#18676 = EDGE_LOOP('',(#18677));
#18677 = ORIENTED_EDGE('',*,*,#12978,.F.);
#18678 = FACE_BOUND('',#18679,.F.);
#18679 = EDGE_LOOP('',(#18680));
#18680 = ORIENTED_EDGE('',*,*,#13056,.F.);
#18681 = FACE_BOUND('',#18682,.F.);
#18682 = EDGE_LOOP('',(#18683));
#18683 = ORIENTED_EDGE('',*,*,#13134,.F.);
#18684 = FACE_BOUND('',#18685,.F.);
#18685 = EDGE_LOOP('',(#18686));
#18686 = ORIENTED_EDGE('',*,*,#13212,.F.);
#18687 = FACE_BOUND('',#18688,.F.);
#18688 = EDGE_LOOP('',(#18689));
#18689 = ORIENTED_EDGE('',*,*,#13290,.F.);
#18690 = FACE_BOUND('',#18691,.F.);
#18691 = EDGE_LOOP('',(#18692));
#18692 = ORIENTED_EDGE('',*,*,#13368,.F.);
#18693 = FACE_BOUND('',#18694,.F.);
#18694 = EDGE_LOOP('',(#18695));
#18695 = ORIENTED_EDGE('',*,*,#13446,.F.);
#18696 = FACE_BOUND('',#18697,.F.);
#18697 = EDGE_LOOP('',(#18698));
#18698 = ORIENTED_EDGE('',*,*,#13524,.F.);
#18699 = FACE_BOUND('',#18700,.F.);
#18700 = EDGE_LOOP('',(#18701));
#18701 = ORIENTED_EDGE('',*,*,#13602,.F.);
#18702 = FACE_BOUND('',#18703,.F.);
#18703 = EDGE_LOOP('',(#18704));
#18704 = ORIENTED_EDGE('',*,*,#13680,.F.);
#18705 = FACE_BOUND('',#18706,.F.);
#18706 = EDGE_LOOP('',(#18707));
#18707 = ORIENTED_EDGE('',*,*,#13758,.F.);
#18708 = FACE_BOUND('',#18709,.F.);
#18709 = EDGE_LOOP('',(#18710));
#18710 = ORIENTED_EDGE('',*,*,#13836,.F.);
#18711 = FACE_BOUND('',#18712,.F.);
#18712 = EDGE_LOOP('',(#18713));
#18713 = ORIENTED_EDGE('',*,*,#13914,.F.);
#18714 = FACE_BOUND('',#18715,.F.);
#18715 = EDGE_LOOP('',(#18716));
#18716 = ORIENTED_EDGE('',*,*,#13992,.F.);
#18717 = FACE_BOUND('',#18718,.F.);
#18718 = EDGE_LOOP('',(#18719));
#18719 = ORIENTED_EDGE('',*,*,#14070,.F.);
#18720 = FACE_BOUND('',#18721,.F.);
#18721 = EDGE_LOOP('',(#18722));
#18722 = ORIENTED_EDGE('',*,*,#14148,.F.);
#18723 = FACE_BOUND('',#18724,.F.);
#18724 = EDGE_LOOP('',(#18725));
#18725 = ORIENTED_EDGE('',*,*,#14226,.F.);
#18726 = FACE_BOUND('',#18727,.F.);
#18727 = EDGE_LOOP('',(#18728));
#18728 = ORIENTED_EDGE('',*,*,#14304,.F.);
#18729 = FACE_BOUND('',#18730,.F.);
#18730 = EDGE_LOOP('',(#18731,#18732,#18733,#18734,#18735,#18736,#18737,
    #18738));
#18731 = ORIENTED_EDGE('',*,*,#14420,.T.);
#18732 = ORIENTED_EDGE('',*,*,#14577,.T.);
#18733 = ORIENTED_EDGE('',*,*,#14744,.T.);
#18734 = ORIENTED_EDGE('',*,*,#14896,.T.);
#18735 = ORIENTED_EDGE('',*,*,#14948,.T.);
#18736 = ORIENTED_EDGE('',*,*,#14825,.F.);
#18737 = ORIENTED_EDGE('',*,*,#14658,.T.);
#18738 = ORIENTED_EDGE('',*,*,#14501,.F.);
#18739 = FACE_BOUND('',#18740,.F.);
#18740 = EDGE_LOOP('',(#18741));
#18741 = ORIENTED_EDGE('',*,*,#15030,.F.);
#18742 = FACE_BOUND('',#18743,.F.);
#18743 = EDGE_LOOP('',(#18744));
#18744 = ORIENTED_EDGE('',*,*,#15108,.F.);
#18745 = FACE_BOUND('',#18746,.F.);
#18746 = EDGE_LOOP('',(#18747));
#18747 = ORIENTED_EDGE('',*,*,#15186,.F.);
#18748 = FACE_BOUND('',#18749,.F.);
#18749 = EDGE_LOOP('',(#18750));
#18750 = ORIENTED_EDGE('',*,*,#15264,.F.);
#18751 = FACE_BOUND('',#18752,.F.);
#18752 = EDGE_LOOP('',(#18753));
#18753 = ORIENTED_EDGE('',*,*,#15342,.F.);
#18754 = FACE_BOUND('',#18755,.F.);
#18755 = EDGE_LOOP('',(#18756));
#18756 = ORIENTED_EDGE('',*,*,#15420,.F.);
#18757 = FACE_BOUND('',#18758,.F.);
#18758 = EDGE_LOOP('',(#18759));
#18759 = ORIENTED_EDGE('',*,*,#15498,.F.);
#18760 = FACE_BOUND('',#18761,.F.);
#18761 = EDGE_LOOP('',(#18762,#18763,#18764,#18765,#18766,#18767,#18768,
    #18769,#18770,#18771));
#18762 = ORIENTED_EDGE('',*,*,#15609,.F.);
#18763 = ORIENTED_EDGE('',*,*,#15690,.T.);
#18764 = ORIENTED_EDGE('',*,*,#15857,.T.);
#18765 = ORIENTED_EDGE('',*,*,#16010,.F.);
#18766 = ORIENTED_EDGE('',*,*,#16173,.T.);
#18767 = ORIENTED_EDGE('',*,*,#16296,.T.);
#18768 = ORIENTED_EDGE('',*,*,#16244,.T.);
#18769 = ORIENTED_EDGE('',*,*,#16092,.T.);
#18770 = ORIENTED_EDGE('',*,*,#15933,.F.);
#18771 = ORIENTED_EDGE('',*,*,#15776,.T.);
#18772 = FACE_BOUND('',#18773,.F.);
#18773 = EDGE_LOOP('',(#18774));
#18774 = ORIENTED_EDGE('',*,*,#16378,.F.);
#18775 = FACE_BOUND('',#18776,.F.);
#18776 = EDGE_LOOP('',(#18777));
#18777 = ORIENTED_EDGE('',*,*,#16456,.F.);
#18778 = FACE_BOUND('',#18779,.F.);
#18779 = EDGE_LOOP('',(#18780));
#18780 = ORIENTED_EDGE('',*,*,#16534,.F.);
#18781 = FACE_BOUND('',#18782,.F.);
#18782 = EDGE_LOOP('',(#18783));
#18783 = ORIENTED_EDGE('',*,*,#16612,.F.);
#18784 = FACE_BOUND('',#18785,.F.);
#18785 = EDGE_LOOP('',(#18786));
#18786 = ORIENTED_EDGE('',*,*,#16690,.F.);
#18787 = FACE_BOUND('',#18788,.F.);
#18788 = EDGE_LOOP('',(#18789));
#18789 = ORIENTED_EDGE('',*,*,#16768,.F.);
#18790 = FACE_BOUND('',#18791,.F.);
#18791 = EDGE_LOOP('',(#18792));
#18792 = ORIENTED_EDGE('',*,*,#16846,.F.);
#18793 = FACE_BOUND('',#18794,.F.);
#18794 = EDGE_LOOP('',(#18795));
#18795 = ORIENTED_EDGE('',*,*,#16924,.F.);
#18796 = FACE_BOUND('',#18797,.F.);
#18797 = EDGE_LOOP('',(#18798));
#18798 = ORIENTED_EDGE('',*,*,#17002,.F.);
#18799 = FACE_BOUND('',#18800,.F.);
#18800 = EDGE_LOOP('',(#18801));
#18801 = ORIENTED_EDGE('',*,*,#17080,.F.);
#18802 = FACE_BOUND('',#18803,.F.);
#18803 = EDGE_LOOP('',(#18804));
#18804 = ORIENTED_EDGE('',*,*,#17158,.F.);
#18805 = FACE_BOUND('',#18806,.F.);
#18806 = EDGE_LOOP('',(#18807));
#18807 = ORIENTED_EDGE('',*,*,#17236,.F.);
#18808 = FACE_BOUND('',#18809,.F.);
#18809 = EDGE_LOOP('',(#18810));
#18810 = ORIENTED_EDGE('',*,*,#17314,.F.);
#18811 = FACE_BOUND('',#18812,.F.);
#18812 = EDGE_LOOP('',(#18813));
#18813 = ORIENTED_EDGE('',*,*,#17392,.F.);
#18814 = FACE_BOUND('',#18815,.F.);
#18815 = EDGE_LOOP('',(#18816));
#18816 = ORIENTED_EDGE('',*,*,#17470,.F.);
#18817 = FACE_BOUND('',#18818,.F.);
#18818 = EDGE_LOOP('',(#18819));
#18819 = ORIENTED_EDGE('',*,*,#17548,.F.);
#18820 = FACE_BOUND('',#18821,.F.);
#18821 = EDGE_LOOP('',(#18822));
#18822 = ORIENTED_EDGE('',*,*,#17626,.F.);
#18823 = FACE_BOUND('',#18824,.F.);
#18824 = EDGE_LOOP('',(#18825));
#18825 = ORIENTED_EDGE('',*,*,#17704,.F.);
#18826 = FACE_BOUND('',#18827,.F.);
#18827 = EDGE_LOOP('',(#18828));
#18828 = ORIENTED_EDGE('',*,*,#17782,.F.);
#18829 = FACE_BOUND('',#18830,.F.);
#18830 = EDGE_LOOP('',(#18831));
#18831 = ORIENTED_EDGE('',*,*,#17860,.F.);
#18832 = FACE_BOUND('',#18833,.F.);
#18833 = EDGE_LOOP('',(#18834));
#18834 = ORIENTED_EDGE('',*,*,#17938,.F.);
#18835 = FACE_BOUND('',#18836,.F.);
#18836 = EDGE_LOOP('',(#18837));
#18837 = ORIENTED_EDGE('',*,*,#18016,.F.);
#18838 = FACE_BOUND('',#18839,.F.);
#18839 = EDGE_LOOP('',(#18840));
#18840 = ORIENTED_EDGE('',*,*,#18094,.F.);
#18841 = FACE_BOUND('',#18842,.F.);
#18842 = EDGE_LOOP('',(#18843));
#18843 = ORIENTED_EDGE('',*,*,#18172,.F.);
#18844 = ADVANCED_FACE('',(#18845,#18855,#18858,#18861,#18864,#18867,
    #18870,#18873,#18876,#18879,#18882,#18885,#18888,#18891,#18894,
    #18897,#18900,#18903,#18906,#18909,#18912,#18915,#18918,#18921,
    #18924,#18927,#18930,#18933,#18936,#18939,#18942,#18945,#18948,
    #18951,#18954,#18957,#18960,#18963,#18966,#18969,#18972,#18975,
    #18978,#18981,#18984,#18987,#18990,#18993,#18996,#18999,#19002,
    #19005,#19008,#19011,#19014,#19017,#19020,#19023,#19026,#19029,
    #19032,#19035,#19038,#19041,#19044,#19047,#19050,#19053,#19056,
    #19059,#19062,#19065,#19068,#19071,#19074,#19077,#19080,#19083,
    #19086,#19089,#19092,#19095,#19098,#19101,#19104,#19107,#19110,
    #19113,#19116,#19119,#19122,#19125,#19128,#19131,#19134,#19137,
    #19140,#19143,#19146,#19149,#19152,#19155,#19158,#19161,#19164,
    #19167,#19170,#19173,#19176,#19179,#19182,#19185,#19188,#19191,
    #19194,#19197,#19200,#19203,#19206,#19209,#19212,#19215,#19218,
    #19221,#19224,#19227,#19230,#19233,#19236,#19239,#19242,#19245,
    #19248,#19251,#19254,#19257,#19260,#19263,#19266,#19269,#19272,
    #19275,#19278,#19281,#19284,#19287,#19290,#19293,#19296,#19299,
    #19302,#19305,#19308,#19311,#19314,#19317,#19320,#19323,#19326,
    #19329,#19332,#19335,#19338,#19341,#19344,#19347,#19350,#19353,
    #19356,#19359,#19362,#19365,#19368,#19371,#19374,#19377,#19380,
    #19390,#19393,#19396,#19399,#19402,#19405,#19408,#19411,#19423,
    #19426,#19429,#19432,#19435,#19438,#19441,#19444,#19447,#19450,
    #19453,#19456,#19459,#19462,#19465,#19468,#19471,#19474,#19477,
    #19480,#19483,#19486,#19489,#19492),#72,.T.);
#18845 = FACE_BOUND('',#18846,.T.);
#18846 = EDGE_LOOP('',(#18847,#18848,#18849,#18850,#18851,#18852,#18853,
    #18854));
#18847 = ORIENTED_EDGE('',*,*,#56,.F.);
#18848 = ORIENTED_EDGE('',*,*,#171,.F.);
#18849 = ORIENTED_EDGE('',*,*,#314,.T.);
#18850 = ORIENTED_EDGE('',*,*,#495,.F.);
#18851 = ORIENTED_EDGE('',*,*,#633,.T.);
#18852 = ORIENTED_EDGE('',*,*,#552,.F.);
#18853 = ORIENTED_EDGE('',*,*,#390,.F.);
#18854 = ORIENTED_EDGE('',*,*,#228,.F.);
#18855 = FACE_BOUND('',#18856,.T.);
#18856 = EDGE_LOOP('',(#18857));
#18857 = ORIENTED_EDGE('',*,*,#709,.F.);
#18858 = FACE_BOUND('',#18859,.T.);
#18859 = EDGE_LOOP('',(#18860));
#18860 = ORIENTED_EDGE('',*,*,#787,.F.);
#18861 = FACE_BOUND('',#18862,.T.);
#18862 = EDGE_LOOP('',(#18863));
#18863 = ORIENTED_EDGE('',*,*,#865,.F.);
#18864 = FACE_BOUND('',#18865,.T.);
#18865 = EDGE_LOOP('',(#18866));
#18866 = ORIENTED_EDGE('',*,*,#943,.F.);
#18867 = FACE_BOUND('',#18868,.T.);
#18868 = EDGE_LOOP('',(#18869));
#18869 = ORIENTED_EDGE('',*,*,#1021,.F.);
#18870 = FACE_BOUND('',#18871,.T.);
#18871 = EDGE_LOOP('',(#18872));
#18872 = ORIENTED_EDGE('',*,*,#1099,.F.);
#18873 = FACE_BOUND('',#18874,.T.);
#18874 = EDGE_LOOP('',(#18875));
#18875 = ORIENTED_EDGE('',*,*,#1177,.F.);
#18876 = FACE_BOUND('',#18877,.T.);
#18877 = EDGE_LOOP('',(#18878));
#18878 = ORIENTED_EDGE('',*,*,#1255,.F.);
#18879 = FACE_BOUND('',#18880,.T.);
#18880 = EDGE_LOOP('',(#18881));
#18881 = ORIENTED_EDGE('',*,*,#1333,.F.);
#18882 = FACE_BOUND('',#18883,.T.);
#18883 = EDGE_LOOP('',(#18884));
#18884 = ORIENTED_EDGE('',*,*,#1411,.F.);
#18885 = FACE_BOUND('',#18886,.T.);
#18886 = EDGE_LOOP('',(#18887));
#18887 = ORIENTED_EDGE('',*,*,#1489,.F.);
#18888 = FACE_BOUND('',#18889,.T.);
#18889 = EDGE_LOOP('',(#18890));
#18890 = ORIENTED_EDGE('',*,*,#1567,.F.);
#18891 = FACE_BOUND('',#18892,.T.);
#18892 = EDGE_LOOP('',(#18893));
#18893 = ORIENTED_EDGE('',*,*,#1645,.F.);
#18894 = FACE_BOUND('',#18895,.T.);
#18895 = EDGE_LOOP('',(#18896));
#18896 = ORIENTED_EDGE('',*,*,#1723,.F.);
#18897 = FACE_BOUND('',#18898,.T.);
#18898 = EDGE_LOOP('',(#18899));
#18899 = ORIENTED_EDGE('',*,*,#1801,.F.);
#18900 = FACE_BOUND('',#18901,.T.);
#18901 = EDGE_LOOP('',(#18902));
#18902 = ORIENTED_EDGE('',*,*,#1879,.F.);
#18903 = FACE_BOUND('',#18904,.T.);
#18904 = EDGE_LOOP('',(#18905));
#18905 = ORIENTED_EDGE('',*,*,#1957,.F.);
#18906 = FACE_BOUND('',#18907,.T.);
#18907 = EDGE_LOOP('',(#18908));
#18908 = ORIENTED_EDGE('',*,*,#2035,.F.);
#18909 = FACE_BOUND('',#18910,.T.);
#18910 = EDGE_LOOP('',(#18911));
#18911 = ORIENTED_EDGE('',*,*,#2113,.F.);
#18912 = FACE_BOUND('',#18913,.T.);
#18913 = EDGE_LOOP('',(#18914));
#18914 = ORIENTED_EDGE('',*,*,#2191,.F.);
#18915 = FACE_BOUND('',#18916,.T.);
#18916 = EDGE_LOOP('',(#18917));
#18917 = ORIENTED_EDGE('',*,*,#2269,.F.);
#18918 = FACE_BOUND('',#18919,.T.);
#18919 = EDGE_LOOP('',(#18920));
#18920 = ORIENTED_EDGE('',*,*,#2347,.F.);
#18921 = FACE_BOUND('',#18922,.T.);
#18922 = EDGE_LOOP('',(#18923));
#18923 = ORIENTED_EDGE('',*,*,#2425,.F.);
#18924 = FACE_BOUND('',#18925,.T.);
#18925 = EDGE_LOOP('',(#18926));
#18926 = ORIENTED_EDGE('',*,*,#2503,.F.);
#18927 = FACE_BOUND('',#18928,.T.);
#18928 = EDGE_LOOP('',(#18929));
#18929 = ORIENTED_EDGE('',*,*,#2581,.F.);
#18930 = FACE_BOUND('',#18931,.T.);
#18931 = EDGE_LOOP('',(#18932));
#18932 = ORIENTED_EDGE('',*,*,#2659,.F.);
#18933 = FACE_BOUND('',#18934,.T.);
#18934 = EDGE_LOOP('',(#18935));
#18935 = ORIENTED_EDGE('',*,*,#2737,.F.);
#18936 = FACE_BOUND('',#18937,.T.);
#18937 = EDGE_LOOP('',(#18938));
#18938 = ORIENTED_EDGE('',*,*,#2815,.F.);
#18939 = FACE_BOUND('',#18940,.T.);
#18940 = EDGE_LOOP('',(#18941));
#18941 = ORIENTED_EDGE('',*,*,#2893,.F.);
#18942 = FACE_BOUND('',#18943,.T.);
#18943 = EDGE_LOOP('',(#18944));
#18944 = ORIENTED_EDGE('',*,*,#2971,.F.);
#18945 = FACE_BOUND('',#18946,.T.);
#18946 = EDGE_LOOP('',(#18947));
#18947 = ORIENTED_EDGE('',*,*,#3049,.F.);
#18948 = FACE_BOUND('',#18949,.T.);
#18949 = EDGE_LOOP('',(#18950));
#18950 = ORIENTED_EDGE('',*,*,#3127,.F.);
#18951 = FACE_BOUND('',#18952,.T.);
#18952 = EDGE_LOOP('',(#18953));
#18953 = ORIENTED_EDGE('',*,*,#3205,.F.);
#18954 = FACE_BOUND('',#18955,.T.);
#18955 = EDGE_LOOP('',(#18956));
#18956 = ORIENTED_EDGE('',*,*,#3283,.F.);
#18957 = FACE_BOUND('',#18958,.T.);
#18958 = EDGE_LOOP('',(#18959));
#18959 = ORIENTED_EDGE('',*,*,#3361,.F.);
#18960 = FACE_BOUND('',#18961,.T.);
#18961 = EDGE_LOOP('',(#18962));
#18962 = ORIENTED_EDGE('',*,*,#3439,.F.);
#18963 = FACE_BOUND('',#18964,.T.);
#18964 = EDGE_LOOP('',(#18965));
#18965 = ORIENTED_EDGE('',*,*,#3517,.F.);
#18966 = FACE_BOUND('',#18967,.T.);
#18967 = EDGE_LOOP('',(#18968));
#18968 = ORIENTED_EDGE('',*,*,#3595,.F.);
#18969 = FACE_BOUND('',#18970,.T.);
#18970 = EDGE_LOOP('',(#18971));
#18971 = ORIENTED_EDGE('',*,*,#3673,.F.);
#18972 = FACE_BOUND('',#18973,.T.);
#18973 = EDGE_LOOP('',(#18974));
#18974 = ORIENTED_EDGE('',*,*,#3751,.F.);
#18975 = FACE_BOUND('',#18976,.T.);
#18976 = EDGE_LOOP('',(#18977));
#18977 = ORIENTED_EDGE('',*,*,#3829,.F.);
#18978 = FACE_BOUND('',#18979,.T.);
#18979 = EDGE_LOOP('',(#18980));
#18980 = ORIENTED_EDGE('',*,*,#3907,.F.);
#18981 = FACE_BOUND('',#18982,.T.);
#18982 = EDGE_LOOP('',(#18983));
#18983 = ORIENTED_EDGE('',*,*,#3985,.F.);
#18984 = FACE_BOUND('',#18985,.T.);
#18985 = EDGE_LOOP('',(#18986));
#18986 = ORIENTED_EDGE('',*,*,#4063,.F.);
#18987 = FACE_BOUND('',#18988,.T.);
#18988 = EDGE_LOOP('',(#18989));
#18989 = ORIENTED_EDGE('',*,*,#4141,.F.);
#18990 = FACE_BOUND('',#18991,.T.);
#18991 = EDGE_LOOP('',(#18992));
#18992 = ORIENTED_EDGE('',*,*,#4219,.F.);
#18993 = FACE_BOUND('',#18994,.T.);
#18994 = EDGE_LOOP('',(#18995));
#18995 = ORIENTED_EDGE('',*,*,#4297,.F.);
#18996 = FACE_BOUND('',#18997,.T.);
#18997 = EDGE_LOOP('',(#18998));
#18998 = ORIENTED_EDGE('',*,*,#4375,.F.);
#18999 = FACE_BOUND('',#19000,.T.);
#19000 = EDGE_LOOP('',(#19001));
#19001 = ORIENTED_EDGE('',*,*,#4453,.F.);
#19002 = FACE_BOUND('',#19003,.T.);
#19003 = EDGE_LOOP('',(#19004));
#19004 = ORIENTED_EDGE('',*,*,#4531,.F.);
#19005 = FACE_BOUND('',#19006,.T.);
#19006 = EDGE_LOOP('',(#19007));
#19007 = ORIENTED_EDGE('',*,*,#4609,.F.);
#19008 = FACE_BOUND('',#19009,.T.);
#19009 = EDGE_LOOP('',(#19010));
#19010 = ORIENTED_EDGE('',*,*,#4687,.F.);
#19011 = FACE_BOUND('',#19012,.T.);
#19012 = EDGE_LOOP('',(#19013));
#19013 = ORIENTED_EDGE('',*,*,#4765,.F.);
#19014 = FACE_BOUND('',#19015,.T.);
#19015 = EDGE_LOOP('',(#19016));
#19016 = ORIENTED_EDGE('',*,*,#4843,.F.);
#19017 = FACE_BOUND('',#19018,.T.);
#19018 = EDGE_LOOP('',(#19019));
#19019 = ORIENTED_EDGE('',*,*,#4921,.F.);
#19020 = FACE_BOUND('',#19021,.T.);
#19021 = EDGE_LOOP('',(#19022));
#19022 = ORIENTED_EDGE('',*,*,#4999,.F.);
#19023 = FACE_BOUND('',#19024,.T.);
#19024 = EDGE_LOOP('',(#19025));
#19025 = ORIENTED_EDGE('',*,*,#5077,.F.);
#19026 = FACE_BOUND('',#19027,.T.);
#19027 = EDGE_LOOP('',(#19028));
#19028 = ORIENTED_EDGE('',*,*,#5155,.F.);
#19029 = FACE_BOUND('',#19030,.T.);
#19030 = EDGE_LOOP('',(#19031));
#19031 = ORIENTED_EDGE('',*,*,#5233,.F.);
#19032 = FACE_BOUND('',#19033,.T.);
#19033 = EDGE_LOOP('',(#19034));
#19034 = ORIENTED_EDGE('',*,*,#5311,.F.);
#19035 = FACE_BOUND('',#19036,.T.);
#19036 = EDGE_LOOP('',(#19037));
#19037 = ORIENTED_EDGE('',*,*,#5389,.F.);
#19038 = FACE_BOUND('',#19039,.T.);
#19039 = EDGE_LOOP('',(#19040));
#19040 = ORIENTED_EDGE('',*,*,#5467,.F.);
#19041 = FACE_BOUND('',#19042,.T.);
#19042 = EDGE_LOOP('',(#19043));
#19043 = ORIENTED_EDGE('',*,*,#5545,.F.);
#19044 = FACE_BOUND('',#19045,.T.);
#19045 = EDGE_LOOP('',(#19046));
#19046 = ORIENTED_EDGE('',*,*,#5623,.F.);
#19047 = FACE_BOUND('',#19048,.T.);
#19048 = EDGE_LOOP('',(#19049));
#19049 = ORIENTED_EDGE('',*,*,#5701,.F.);
#19050 = FACE_BOUND('',#19051,.T.);
#19051 = EDGE_LOOP('',(#19052));
#19052 = ORIENTED_EDGE('',*,*,#5779,.F.);
#19053 = FACE_BOUND('',#19054,.T.);
#19054 = EDGE_LOOP('',(#19055));
#19055 = ORIENTED_EDGE('',*,*,#5857,.F.);
#19056 = FACE_BOUND('',#19057,.T.);
#19057 = EDGE_LOOP('',(#19058));
#19058 = ORIENTED_EDGE('',*,*,#5935,.F.);
#19059 = FACE_BOUND('',#19060,.T.);
#19060 = EDGE_LOOP('',(#19061));
#19061 = ORIENTED_EDGE('',*,*,#6013,.F.);
#19062 = FACE_BOUND('',#19063,.T.);
#19063 = EDGE_LOOP('',(#19064));
#19064 = ORIENTED_EDGE('',*,*,#6091,.F.);
#19065 = FACE_BOUND('',#19066,.T.);
#19066 = EDGE_LOOP('',(#19067));
#19067 = ORIENTED_EDGE('',*,*,#6169,.F.);
#19068 = FACE_BOUND('',#19069,.T.);
#19069 = EDGE_LOOP('',(#19070));
#19070 = ORIENTED_EDGE('',*,*,#6247,.F.);
#19071 = FACE_BOUND('',#19072,.T.);
#19072 = EDGE_LOOP('',(#19073));
#19073 = ORIENTED_EDGE('',*,*,#6325,.F.);
#19074 = FACE_BOUND('',#19075,.T.);
#19075 = EDGE_LOOP('',(#19076));
#19076 = ORIENTED_EDGE('',*,*,#6403,.F.);
#19077 = FACE_BOUND('',#19078,.T.);
#19078 = EDGE_LOOP('',(#19079));
#19079 = ORIENTED_EDGE('',*,*,#6481,.F.);
#19080 = FACE_BOUND('',#19081,.T.);
#19081 = EDGE_LOOP('',(#19082));
#19082 = ORIENTED_EDGE('',*,*,#6559,.F.);
#19083 = FACE_BOUND('',#19084,.T.);
#19084 = EDGE_LOOP('',(#19085));
#19085 = ORIENTED_EDGE('',*,*,#6637,.F.);
#19086 = FACE_BOUND('',#19087,.T.);
#19087 = EDGE_LOOP('',(#19088));
#19088 = ORIENTED_EDGE('',*,*,#6715,.F.);
#19089 = FACE_BOUND('',#19090,.T.);
#19090 = EDGE_LOOP('',(#19091));
#19091 = ORIENTED_EDGE('',*,*,#6793,.F.);
#19092 = FACE_BOUND('',#19093,.T.);
#19093 = EDGE_LOOP('',(#19094));
#19094 = ORIENTED_EDGE('',*,*,#6871,.F.);
#19095 = FACE_BOUND('',#19096,.T.);
#19096 = EDGE_LOOP('',(#19097));
#19097 = ORIENTED_EDGE('',*,*,#6949,.F.);
#19098 = FACE_BOUND('',#19099,.T.);
#19099 = EDGE_LOOP('',(#19100));
#19100 = ORIENTED_EDGE('',*,*,#7027,.F.);
#19101 = FACE_BOUND('',#19102,.T.);
#19102 = EDGE_LOOP('',(#19103));
#19103 = ORIENTED_EDGE('',*,*,#7105,.F.);
#19104 = FACE_BOUND('',#19105,.T.);
#19105 = EDGE_LOOP('',(#19106));
#19106 = ORIENTED_EDGE('',*,*,#7183,.F.);
#19107 = FACE_BOUND('',#19108,.T.);
#19108 = EDGE_LOOP('',(#19109));
#19109 = ORIENTED_EDGE('',*,*,#7261,.F.);
#19110 = FACE_BOUND('',#19111,.T.);
#19111 = EDGE_LOOP('',(#19112));
#19112 = ORIENTED_EDGE('',*,*,#7339,.F.);
#19113 = FACE_BOUND('',#19114,.T.);
#19114 = EDGE_LOOP('',(#19115));
#19115 = ORIENTED_EDGE('',*,*,#7417,.F.);
#19116 = FACE_BOUND('',#19117,.T.);
#19117 = EDGE_LOOP('',(#19118));
#19118 = ORIENTED_EDGE('',*,*,#7495,.F.);
#19119 = FACE_BOUND('',#19120,.T.);
#19120 = EDGE_LOOP('',(#19121));
#19121 = ORIENTED_EDGE('',*,*,#7573,.F.);
#19122 = FACE_BOUND('',#19123,.T.);
#19123 = EDGE_LOOP('',(#19124));
#19124 = ORIENTED_EDGE('',*,*,#7651,.F.);
#19125 = FACE_BOUND('',#19126,.T.);
#19126 = EDGE_LOOP('',(#19127));
#19127 = ORIENTED_EDGE('',*,*,#7729,.F.);
#19128 = FACE_BOUND('',#19129,.T.);
#19129 = EDGE_LOOP('',(#19130));
#19130 = ORIENTED_EDGE('',*,*,#7807,.F.);
#19131 = FACE_BOUND('',#19132,.T.);
#19132 = EDGE_LOOP('',(#19133));
#19133 = ORIENTED_EDGE('',*,*,#7885,.F.);
#19134 = FACE_BOUND('',#19135,.T.);
#19135 = EDGE_LOOP('',(#19136));
#19136 = ORIENTED_EDGE('',*,*,#7963,.F.);
#19137 = FACE_BOUND('',#19138,.T.);
#19138 = EDGE_LOOP('',(#19139));
#19139 = ORIENTED_EDGE('',*,*,#8041,.F.);
#19140 = FACE_BOUND('',#19141,.T.);
#19141 = EDGE_LOOP('',(#19142));
#19142 = ORIENTED_EDGE('',*,*,#8119,.F.);
#19143 = FACE_BOUND('',#19144,.T.);
#19144 = EDGE_LOOP('',(#19145));
#19145 = ORIENTED_EDGE('',*,*,#8197,.F.);
#19146 = FACE_BOUND('',#19147,.T.);
#19147 = EDGE_LOOP('',(#19148));
#19148 = ORIENTED_EDGE('',*,*,#8275,.F.);
#19149 = FACE_BOUND('',#19150,.T.);
#19150 = EDGE_LOOP('',(#19151));
#19151 = ORIENTED_EDGE('',*,*,#8353,.F.);
#19152 = FACE_BOUND('',#19153,.T.);
#19153 = EDGE_LOOP('',(#19154));
#19154 = ORIENTED_EDGE('',*,*,#8431,.F.);
#19155 = FACE_BOUND('',#19156,.T.);
#19156 = EDGE_LOOP('',(#19157));
#19157 = ORIENTED_EDGE('',*,*,#8509,.F.);
#19158 = FACE_BOUND('',#19159,.T.);
#19159 = EDGE_LOOP('',(#19160));
#19160 = ORIENTED_EDGE('',*,*,#8587,.F.);
#19161 = FACE_BOUND('',#19162,.T.);
#19162 = EDGE_LOOP('',(#19163));
#19163 = ORIENTED_EDGE('',*,*,#8665,.F.);
#19164 = FACE_BOUND('',#19165,.T.);
#19165 = EDGE_LOOP('',(#19166));
#19166 = ORIENTED_EDGE('',*,*,#8743,.F.);
#19167 = FACE_BOUND('',#19168,.T.);
#19168 = EDGE_LOOP('',(#19169));
#19169 = ORIENTED_EDGE('',*,*,#8821,.F.);
#19170 = FACE_BOUND('',#19171,.T.);
#19171 = EDGE_LOOP('',(#19172));
#19172 = ORIENTED_EDGE('',*,*,#8899,.F.);
#19173 = FACE_BOUND('',#19174,.T.);
#19174 = EDGE_LOOP('',(#19175));
#19175 = ORIENTED_EDGE('',*,*,#8977,.F.);
#19176 = FACE_BOUND('',#19177,.T.);
#19177 = EDGE_LOOP('',(#19178));
#19178 = ORIENTED_EDGE('',*,*,#9055,.F.);
#19179 = FACE_BOUND('',#19180,.T.);
#19180 = EDGE_LOOP('',(#19181));
#19181 = ORIENTED_EDGE('',*,*,#9133,.F.);
#19182 = FACE_BOUND('',#19183,.T.);
#19183 = EDGE_LOOP('',(#19184));
#19184 = ORIENTED_EDGE('',*,*,#9211,.F.);
#19185 = FACE_BOUND('',#19186,.T.);
#19186 = EDGE_LOOP('',(#19187));
#19187 = ORIENTED_EDGE('',*,*,#9289,.F.);
#19188 = FACE_BOUND('',#19189,.T.);
#19189 = EDGE_LOOP('',(#19190));
#19190 = ORIENTED_EDGE('',*,*,#9367,.F.);
#19191 = FACE_BOUND('',#19192,.T.);
#19192 = EDGE_LOOP('',(#19193));
#19193 = ORIENTED_EDGE('',*,*,#9445,.F.);
#19194 = FACE_BOUND('',#19195,.T.);
#19195 = EDGE_LOOP('',(#19196));
#19196 = ORIENTED_EDGE('',*,*,#9523,.F.);
#19197 = FACE_BOUND('',#19198,.T.);
#19198 = EDGE_LOOP('',(#19199));
#19199 = ORIENTED_EDGE('',*,*,#9601,.F.);
#19200 = FACE_BOUND('',#19201,.T.);
#19201 = EDGE_LOOP('',(#19202));
#19202 = ORIENTED_EDGE('',*,*,#9679,.F.);
#19203 = FACE_BOUND('',#19204,.T.);
#19204 = EDGE_LOOP('',(#19205));
#19205 = ORIENTED_EDGE('',*,*,#9757,.F.);
#19206 = FACE_BOUND('',#19207,.T.);
#19207 = EDGE_LOOP('',(#19208));
#19208 = ORIENTED_EDGE('',*,*,#9835,.F.);
#19209 = FACE_BOUND('',#19210,.T.);
#19210 = EDGE_LOOP('',(#19211));
#19211 = ORIENTED_EDGE('',*,*,#9913,.F.);
#19212 = FACE_BOUND('',#19213,.T.);
#19213 = EDGE_LOOP('',(#19214));
#19214 = ORIENTED_EDGE('',*,*,#9991,.F.);
#19215 = FACE_BOUND('',#19216,.T.);
#19216 = EDGE_LOOP('',(#19217));
#19217 = ORIENTED_EDGE('',*,*,#10069,.F.);
#19218 = FACE_BOUND('',#19219,.T.);
#19219 = EDGE_LOOP('',(#19220));
#19220 = ORIENTED_EDGE('',*,*,#10147,.F.);
#19221 = FACE_BOUND('',#19222,.T.);
#19222 = EDGE_LOOP('',(#19223));
#19223 = ORIENTED_EDGE('',*,*,#10225,.F.);
#19224 = FACE_BOUND('',#19225,.T.);
#19225 = EDGE_LOOP('',(#19226));
#19226 = ORIENTED_EDGE('',*,*,#10303,.F.);
#19227 = FACE_BOUND('',#19228,.T.);
#19228 = EDGE_LOOP('',(#19229));
#19229 = ORIENTED_EDGE('',*,*,#10381,.F.);
#19230 = FACE_BOUND('',#19231,.T.);
#19231 = EDGE_LOOP('',(#19232));
#19232 = ORIENTED_EDGE('',*,*,#10459,.F.);
#19233 = FACE_BOUND('',#19234,.T.);
#19234 = EDGE_LOOP('',(#19235));
#19235 = ORIENTED_EDGE('',*,*,#10537,.F.);
#19236 = FACE_BOUND('',#19237,.T.);
#19237 = EDGE_LOOP('',(#19238));
#19238 = ORIENTED_EDGE('',*,*,#10615,.F.);
#19239 = FACE_BOUND('',#19240,.T.);
#19240 = EDGE_LOOP('',(#19241));
#19241 = ORIENTED_EDGE('',*,*,#10693,.F.);
#19242 = FACE_BOUND('',#19243,.T.);
#19243 = EDGE_LOOP('',(#19244));
#19244 = ORIENTED_EDGE('',*,*,#10771,.F.);
#19245 = FACE_BOUND('',#19246,.T.);
#19246 = EDGE_LOOP('',(#19247));
#19247 = ORIENTED_EDGE('',*,*,#10849,.F.);
#19248 = FACE_BOUND('',#19249,.T.);
#19249 = EDGE_LOOP('',(#19250));
#19250 = ORIENTED_EDGE('',*,*,#10927,.F.);
#19251 = FACE_BOUND('',#19252,.T.);
#19252 = EDGE_LOOP('',(#19253));
#19253 = ORIENTED_EDGE('',*,*,#11005,.F.);
#19254 = FACE_BOUND('',#19255,.T.);
#19255 = EDGE_LOOP('',(#19256));
#19256 = ORIENTED_EDGE('',*,*,#11083,.F.);
#19257 = FACE_BOUND('',#19258,.T.);
#19258 = EDGE_LOOP('',(#19259));
#19259 = ORIENTED_EDGE('',*,*,#11161,.F.);
#19260 = FACE_BOUND('',#19261,.T.);
#19261 = EDGE_LOOP('',(#19262));
#19262 = ORIENTED_EDGE('',*,*,#11239,.F.);
#19263 = FACE_BOUND('',#19264,.T.);
#19264 = EDGE_LOOP('',(#19265));
#19265 = ORIENTED_EDGE('',*,*,#11317,.F.);
#19266 = FACE_BOUND('',#19267,.T.);
#19267 = EDGE_LOOP('',(#19268));
#19268 = ORIENTED_EDGE('',*,*,#11395,.F.);
#19269 = FACE_BOUND('',#19270,.T.);
#19270 = EDGE_LOOP('',(#19271));
#19271 = ORIENTED_EDGE('',*,*,#11473,.F.);
#19272 = FACE_BOUND('',#19273,.T.);
#19273 = EDGE_LOOP('',(#19274));
#19274 = ORIENTED_EDGE('',*,*,#11551,.F.);
#19275 = FACE_BOUND('',#19276,.T.);
#19276 = EDGE_LOOP('',(#19277));
#19277 = ORIENTED_EDGE('',*,*,#11629,.F.);
#19278 = FACE_BOUND('',#19279,.T.);
#19279 = EDGE_LOOP('',(#19280));
#19280 = ORIENTED_EDGE('',*,*,#11707,.F.);
#19281 = FACE_BOUND('',#19282,.T.);
#19282 = EDGE_LOOP('',(#19283));
#19283 = ORIENTED_EDGE('',*,*,#11785,.F.);
#19284 = FACE_BOUND('',#19285,.T.);
#19285 = EDGE_LOOP('',(#19286));
#19286 = ORIENTED_EDGE('',*,*,#11863,.F.);
#19287 = FACE_BOUND('',#19288,.T.);
#19288 = EDGE_LOOP('',(#19289));
#19289 = ORIENTED_EDGE('',*,*,#11941,.F.);
#19290 = FACE_BOUND('',#19291,.T.);
#19291 = EDGE_LOOP('',(#19292));
#19292 = ORIENTED_EDGE('',*,*,#12019,.F.);
#19293 = FACE_BOUND('',#19294,.T.);
#19294 = EDGE_LOOP('',(#19295));
#19295 = ORIENTED_EDGE('',*,*,#12097,.F.);
#19296 = FACE_BOUND('',#19297,.T.);
#19297 = EDGE_LOOP('',(#19298));
#19298 = ORIENTED_EDGE('',*,*,#12175,.F.);
#19299 = FACE_BOUND('',#19300,.T.);
#19300 = EDGE_LOOP('',(#19301));
#19301 = ORIENTED_EDGE('',*,*,#12253,.F.);
#19302 = FACE_BOUND('',#19303,.T.);
#19303 = EDGE_LOOP('',(#19304));
#19304 = ORIENTED_EDGE('',*,*,#12331,.F.);
#19305 = FACE_BOUND('',#19306,.T.);
#19306 = EDGE_LOOP('',(#19307));
#19307 = ORIENTED_EDGE('',*,*,#12409,.F.);
#19308 = FACE_BOUND('',#19309,.T.);
#19309 = EDGE_LOOP('',(#19310));
#19310 = ORIENTED_EDGE('',*,*,#12487,.F.);
#19311 = FACE_BOUND('',#19312,.T.);
#19312 = EDGE_LOOP('',(#19313));
#19313 = ORIENTED_EDGE('',*,*,#12565,.F.);
#19314 = FACE_BOUND('',#19315,.T.);
#19315 = EDGE_LOOP('',(#19316));
#19316 = ORIENTED_EDGE('',*,*,#12643,.F.);
#19317 = FACE_BOUND('',#19318,.T.);
#19318 = EDGE_LOOP('',(#19319));
#19319 = ORIENTED_EDGE('',*,*,#12721,.F.);
#19320 = FACE_BOUND('',#19321,.T.);
#19321 = EDGE_LOOP('',(#19322));
#19322 = ORIENTED_EDGE('',*,*,#12799,.F.);
#19323 = FACE_BOUND('',#19324,.T.);
#19324 = EDGE_LOOP('',(#19325));
#19325 = ORIENTED_EDGE('',*,*,#12877,.F.);
#19326 = FACE_BOUND('',#19327,.T.);
#19327 = EDGE_LOOP('',(#19328));
#19328 = ORIENTED_EDGE('',*,*,#12955,.F.);
#19329 = FACE_BOUND('',#19330,.T.);
#19330 = EDGE_LOOP('',(#19331));
#19331 = ORIENTED_EDGE('',*,*,#13033,.F.);
#19332 = FACE_BOUND('',#19333,.T.);
#19333 = EDGE_LOOP('',(#19334));
#19334 = ORIENTED_EDGE('',*,*,#13111,.F.);
#19335 = FACE_BOUND('',#19336,.T.);
#19336 = EDGE_LOOP('',(#19337));
#19337 = ORIENTED_EDGE('',*,*,#13189,.F.);
#19338 = FACE_BOUND('',#19339,.T.);
#19339 = EDGE_LOOP('',(#19340));
#19340 = ORIENTED_EDGE('',*,*,#13267,.F.);
#19341 = FACE_BOUND('',#19342,.T.);
#19342 = EDGE_LOOP('',(#19343));
#19343 = ORIENTED_EDGE('',*,*,#13345,.F.);
#19344 = FACE_BOUND('',#19345,.T.);
#19345 = EDGE_LOOP('',(#19346));
#19346 = ORIENTED_EDGE('',*,*,#13423,.F.);
#19347 = FACE_BOUND('',#19348,.T.);
#19348 = EDGE_LOOP('',(#19349));
#19349 = ORIENTED_EDGE('',*,*,#13501,.F.);
#19350 = FACE_BOUND('',#19351,.T.);
#19351 = EDGE_LOOP('',(#19352));
#19352 = ORIENTED_EDGE('',*,*,#13579,.F.);
#19353 = FACE_BOUND('',#19354,.T.);
#19354 = EDGE_LOOP('',(#19355));
#19355 = ORIENTED_EDGE('',*,*,#13657,.F.);
#19356 = FACE_BOUND('',#19357,.T.);
#19357 = EDGE_LOOP('',(#19358));
#19358 = ORIENTED_EDGE('',*,*,#13735,.F.);
#19359 = FACE_BOUND('',#19360,.T.);
#19360 = EDGE_LOOP('',(#19361));
#19361 = ORIENTED_EDGE('',*,*,#13813,.F.);
#19362 = FACE_BOUND('',#19363,.T.);
#19363 = EDGE_LOOP('',(#19364));
#19364 = ORIENTED_EDGE('',*,*,#13891,.F.);
#19365 = FACE_BOUND('',#19366,.T.);
#19366 = EDGE_LOOP('',(#19367));
#19367 = ORIENTED_EDGE('',*,*,#13969,.F.);
#19368 = FACE_BOUND('',#19369,.T.);
#19369 = EDGE_LOOP('',(#19370));
#19370 = ORIENTED_EDGE('',*,*,#14047,.F.);
#19371 = FACE_BOUND('',#19372,.T.);
#19372 = EDGE_LOOP('',(#19373));
#19373 = ORIENTED_EDGE('',*,*,#14125,.F.);
#19374 = FACE_BOUND('',#19375,.T.);
#19375 = EDGE_LOOP('',(#19376));
#19376 = ORIENTED_EDGE('',*,*,#14203,.F.);
#19377 = FACE_BOUND('',#19378,.T.);
#19378 = EDGE_LOOP('',(#19379));
#19379 = ORIENTED_EDGE('',*,*,#14281,.F.);
#19380 = FACE_BOUND('',#19381,.T.);
#19381 = EDGE_LOOP('',(#19382,#19383,#19384,#19385,#19386,#19387,#19388,
    #19389));
#19382 = ORIENTED_EDGE('',*,*,#14364,.T.);
#19383 = ORIENTED_EDGE('',*,*,#14526,.T.);
#19384 = ORIENTED_EDGE('',*,*,#14688,.T.);
#19385 = ORIENTED_EDGE('',*,*,#14850,.T.);
#19386 = ORIENTED_EDGE('',*,*,#14921,.T.);
#19387 = ORIENTED_EDGE('',*,*,#14774,.F.);
#19388 = ORIENTED_EDGE('',*,*,#14631,.T.);
#19389 = ORIENTED_EDGE('',*,*,#14450,.F.);
#19390 = FACE_BOUND('',#19391,.T.);
#19391 = EDGE_LOOP('',(#19392));
#19392 = ORIENTED_EDGE('',*,*,#15007,.F.);
#19393 = FACE_BOUND('',#19394,.T.);
#19394 = EDGE_LOOP('',(#19395));
#19395 = ORIENTED_EDGE('',*,*,#15085,.F.);
#19396 = FACE_BOUND('',#19397,.T.);
#19397 = EDGE_LOOP('',(#19398));
#19398 = ORIENTED_EDGE('',*,*,#15163,.F.);
#19399 = FACE_BOUND('',#19400,.T.);
#19400 = EDGE_LOOP('',(#19401));
#19401 = ORIENTED_EDGE('',*,*,#15241,.F.);
#19402 = FACE_BOUND('',#19403,.T.);
#19403 = EDGE_LOOP('',(#19404));
#19404 = ORIENTED_EDGE('',*,*,#15319,.F.);
#19405 = FACE_BOUND('',#19406,.T.);
#19406 = EDGE_LOOP('',(#19407));
#19407 = ORIENTED_EDGE('',*,*,#15397,.F.);
#19408 = FACE_BOUND('',#19409,.T.);
#19409 = EDGE_LOOP('',(#19410));
#19410 = ORIENTED_EDGE('',*,*,#15475,.F.);
#19411 = FACE_BOUND('',#19412,.T.);
#19412 = EDGE_LOOP('',(#19413,#19414,#19415,#19416,#19417,#19418,#19419,
    #19420,#19421,#19422));
#19413 = ORIENTED_EDGE('',*,*,#15558,.F.);
#19414 = ORIENTED_EDGE('',*,*,#15634,.T.);
#19415 = ORIENTED_EDGE('',*,*,#15806,.T.);
#19416 = ORIENTED_EDGE('',*,*,#15987,.F.);
#19417 = ORIENTED_EDGE('',*,*,#16122,.T.);
#19418 = ORIENTED_EDGE('',*,*,#16269,.T.);
#19419 = ORIENTED_EDGE('',*,*,#16222,.T.);
#19420 = ORIENTED_EDGE('',*,*,#16065,.T.);
#19421 = ORIENTED_EDGE('',*,*,#15882,.F.);
#19422 = ORIENTED_EDGE('',*,*,#15749,.T.);
#19423 = FACE_BOUND('',#19424,.T.);
#19424 = EDGE_LOOP('',(#19425));
#19425 = ORIENTED_EDGE('',*,*,#16355,.F.);
#19426 = FACE_BOUND('',#19427,.T.);
#19427 = EDGE_LOOP('',(#19428));
#19428 = ORIENTED_EDGE('',*,*,#16433,.F.);
#19429 = FACE_BOUND('',#19430,.T.);
#19430 = EDGE_LOOP('',(#19431));
#19431 = ORIENTED_EDGE('',*,*,#16511,.F.);
#19432 = FACE_BOUND('',#19433,.T.);
#19433 = EDGE_LOOP('',(#19434));
#19434 = ORIENTED_EDGE('',*,*,#16589,.F.);
#19435 = FACE_BOUND('',#19436,.T.);
#19436 = EDGE_LOOP('',(#19437));
#19437 = ORIENTED_EDGE('',*,*,#16667,.F.);
#19438 = FACE_BOUND('',#19439,.T.);
#19439 = EDGE_LOOP('',(#19440));
#19440 = ORIENTED_EDGE('',*,*,#16745,.F.);
#19441 = FACE_BOUND('',#19442,.T.);
#19442 = EDGE_LOOP('',(#19443));
#19443 = ORIENTED_EDGE('',*,*,#16823,.F.);
#19444 = FACE_BOUND('',#19445,.T.);
#19445 = EDGE_LOOP('',(#19446));
#19446 = ORIENTED_EDGE('',*,*,#16901,.F.);
#19447 = FACE_BOUND('',#19448,.T.);
#19448 = EDGE_LOOP('',(#19449));
#19449 = ORIENTED_EDGE('',*,*,#16979,.F.);
#19450 = FACE_BOUND('',#19451,.T.);
#19451 = EDGE_LOOP('',(#19452));
#19452 = ORIENTED_EDGE('',*,*,#17057,.F.);
#19453 = FACE_BOUND('',#19454,.T.);
#19454 = EDGE_LOOP('',(#19455));
#19455 = ORIENTED_EDGE('',*,*,#17135,.F.);
#19456 = FACE_BOUND('',#19457,.T.);
#19457 = EDGE_LOOP('',(#19458));
#19458 = ORIENTED_EDGE('',*,*,#17213,.F.);
#19459 = FACE_BOUND('',#19460,.T.);
#19460 = EDGE_LOOP('',(#19461));
#19461 = ORIENTED_EDGE('',*,*,#17291,.F.);
#19462 = FACE_BOUND('',#19463,.T.);
#19463 = EDGE_LOOP('',(#19464));
#19464 = ORIENTED_EDGE('',*,*,#17369,.F.);
#19465 = FACE_BOUND('',#19466,.T.);
#19466 = EDGE_LOOP('',(#19467));
#19467 = ORIENTED_EDGE('',*,*,#17447,.F.);
#19468 = FACE_BOUND('',#19469,.T.);
#19469 = EDGE_LOOP('',(#19470));
#19470 = ORIENTED_EDGE('',*,*,#17525,.F.);
#19471 = FACE_BOUND('',#19472,.T.);
#19472 = EDGE_LOOP('',(#19473));
#19473 = ORIENTED_EDGE('',*,*,#17603,.F.);
#19474 = FACE_BOUND('',#19475,.T.);
#19475 = EDGE_LOOP('',(#19476));
#19476 = ORIENTED_EDGE('',*,*,#17681,.F.);
#19477 = FACE_BOUND('',#19478,.T.);
#19478 = EDGE_LOOP('',(#19479));
#19479 = ORIENTED_EDGE('',*,*,#17759,.F.);
#19480 = FACE_BOUND('',#19481,.T.);
#19481 = EDGE_LOOP('',(#19482));
#19482 = ORIENTED_EDGE('',*,*,#17837,.F.);
#19483 = FACE_BOUND('',#19484,.T.);
#19484 = EDGE_LOOP('',(#19485));
#19485 = ORIENTED_EDGE('',*,*,#17915,.F.);
#19486 = FACE_BOUND('',#19487,.T.);
#19487 = EDGE_LOOP('',(#19488));
#19488 = ORIENTED_EDGE('',*,*,#17993,.F.);
#19489 = FACE_BOUND('',#19490,.T.);
#19490 = EDGE_LOOP('',(#19491));
#19491 = ORIENTED_EDGE('',*,*,#18071,.F.);
#19492 = FACE_BOUND('',#19493,.T.);
#19493 = EDGE_LOOP('',(#19494));
#19494 = ORIENTED_EDGE('',*,*,#18149,.F.);
#19495 = ( GEOMETRIC_REPRESENTATION_CONTEXT(3) 
GLOBAL_UNCERTAINTY_ASSIGNED_CONTEXT((#19499)) 
GLOBAL_UNIT_ASSIGNED_CONTEXT((#19496,#19497,#19498)) 
REPRESENTATION_CONTEXT('Context #1',
  '3D Context with UNIT and UNCERTAINTY') );
#19496 = ( LENGTH_UNIT() NAMED_UNIT(*) SI_UNIT(.MILLI.,.METRE.) );
#19497 = ( NAMED_UNIT(*) PLANE_ANGLE_UNIT() SI_UNIT($,.RADIAN.) );
#19498 = ( NAMED_UNIT(*) SI_UNIT($,.STERADIAN.) SOLID_ANGLE_UNIT() );
#19499 = UNCERTAINTY_MEASURE_WITH_UNIT(LENGTH_MEASURE(1.E-07),#19496,
  'distance_accuracy_value','confusion accuracy');
#19500 = PRODUCT_RELATED_PRODUCT_CATEGORY('part',$,(#7));
ENDSEC;
END-ISO-10303-21;
